datetime,year,day,36,84,87,108
2020-01-01 00:00:00,2020,2021-01-01 00:00:00.000,713.2,480.8,142.8,795.1
2020-01-01 01:00:00,2020,2021-01-01 01:00:00.000,712.8,634.9,139.1,794.4
2020-01-01 02:00:00,2020,2021-01-01 01:59:59.990,708.4,487.3,145.3,773.6
2020-01-01 03:00:00,2020,2021-01-01 02:59:59.985,710.7,432.7,144.8,767.3
2020-01-01 04:00:00,2020,2021-01-01 03:59:59.980,701.4,407.9,137.1,752.2
2020-01-01 05:00:00,2020,2021-01-01 04:59:59.975,682.5,440.2,98.6,719.4
2020-01-01 06:00:00,2020,2021-01-01 05:59:59.970,614.7,377.3,62.2,655.3
2020-01-01 07:00:00,2020,2021-01-01 06:59:59.965,517.7,199.3,47.3,594.6
2020-01-01 08:00:00,2020,2021-01-01 07:59:59.960,426.6,110.6,48.9,579.1
2020-01-01 09:00:00,2020,2021-01-01 08:59:59.955,274.2,3.6,30.7,466.8
2020-01-01 10:00:00,2020,2021-01-01 09:59:59.950,93.0,2.4,27.4,301.4
2020-01-01 11:00:00,2020,2021-01-01 10:59:59.945,6.3,56.2,60.9,110.7
2020-01-01 12:00:00,2020,2021-01-01 11:59:59.940,3.8,91.5,20.4,78.9
2020-01-01 13:00:00,2020,2021-01-01 12:59:59.935,1.1,103.0,1.6,107.9
2020-01-01 14:00:00,2020,2021-01-01 13:59:59.930,0.0,39.7,0.0,22.3
2020-01-01 15:00:00,2020,2021-01-01 14:59:59.925,0.0,87.7,2.6,24.6
2020-01-01 16:00:00,2020,2021-01-01 15:59:59.920,0.9,92.3,37.9,10.8
2020-01-01 17:00:00,2020,2021-01-01 16:59:59.915,276.3,89.4,46.9,243.2
2020-01-01 18:00:00,2020,2021-01-01 17:59:59.910,272.9,90.4,24.0,375.2
2020-01-01 19:00:00,2020,2021-01-01 18:59:59.905,345.6,81.1,24.0,568.4
2020-01-01 20:00:00,2020,2021-01-01 19:59:59.900,411.7,172.9,27.4,636.1
2020-01-01 21:00:00,2020,2021-01-01 20:59:59.895,376.6,326.9,6.5,719.2
2020-01-01 22:00:00,2020,2021-01-01 21:59:59.890,561.3,256.7,1.3,734.9
2020-01-01 23:00:00,2020,2021-01-01 22:59:59.885,568.4,141.1,0.1,729.1
2020-01-02 00:00:00,2020,2021-01-01 23:59:59.880,630.0,52.6,0.8,757.1
2020-01-02 01:00:00,2020,2021-01-02 00:59:59.875,672.3,17.4,2.7,753.4
2020-01-02 02:00:00,2020,2021-01-02 01:59:59.870,661.3,8.9,11.4,734.3
2020-01-02 03:00:00,2020,2021-01-02 02:59:59.865,654.0,7.0,18.3,724.2
2020-01-02 04:00:00,2020,2021-01-02 03:59:59.860,654.4,11.6,23.6,725.7
2020-01-02 05:00:00,2020,2021-01-02 04:59:59.855,666.4,23.3,24.6,748.0
2020-01-02 06:00:00,2020,2021-01-02 05:59:59.850,686.7,16.1,10.3,764.3
2020-01-02 07:00:00,2020,2021-01-02 06:59:59.845,689.3,20.5,5.6,764.3
2020-01-02 08:00:00,2020,2021-01-02 07:59:59.840,683.8,35.2,3.7,765.3
2020-01-02 09:00:00,2020,2021-01-02 08:59:59.835,698.6,33.4,0.8,781.5
2020-01-02 10:00:00,2020,2021-01-02 09:59:59.830,713.5,22.9,0.0,785.8
2020-01-02 11:00:00,2020,2021-01-02 10:59:59.825,710.3,31.8,0.0,776.7
2020-01-02 12:00:00,2020,2021-01-02 11:59:59.820,702.2,79.6,0.0,752.7
2020-01-02 13:00:00,2020,2021-01-02 12:59:59.815,699.2,82.8,0.0,715.3
2020-01-02 14:00:00,2020,2021-01-02 13:59:59.810,686.9,49.0,0.0,730.0
2020-01-02 15:00:00,2020,2021-01-02 14:59:59.805,695.4,98.9,0.0,731.5
2020-01-02 16:00:00,2020,2021-01-02 15:59:59.800,712.3,219.6,0.6,747.7
2020-01-02 17:00:00,2020,2021-01-02 16:59:59.795,712.4,89.0,1.4,754.9
2020-01-02 18:00:00,2020,2021-01-02 17:59:59.790,712.2,47.5,24.8,772.0
2020-01-02 19:00:00,2020,2021-01-02 18:59:59.785,711.2,0.0,25.3,779.9
2020-01-02 20:00:00,2020,2021-01-02 19:59:59.780,711.9,2.9,13.2,747.8
2020-01-02 21:00:00,2020,2021-01-02 20:59:59.775,696.7,175.2,10.0,749.2
2020-01-02 22:00:00,2020,2021-01-02 21:59:59.770,689.7,333.2,35.7,786.5
2020-01-02 23:00:00,2020,2021-01-02 22:59:59.765,666.6,343.0,51.7,789.9
2020-01-03 00:00:00,2020,2021-01-02 23:59:59.760,658.3,429.0,26.7,779.2
2020-01-03 01:00:00,2020,2021-01-03 00:59:59.755,688.5,563.7,82.8,788.5
2020-01-03 02:00:00,2020,2021-01-03 01:59:59.750,686.9,781.3,98.4,781.2
2020-01-03 03:00:00,2020,2021-01-03 02:59:59.745,675.8,802.1,132.4,761.7
2020-01-03 04:00:00,2020,2021-01-03 03:59:59.740,680.5,696.5,80.0,768.4
2020-01-03 05:00:00,2020,2021-01-03 04:59:59.735,677.8,658.7,108.9,754.6
2020-01-03 06:00:00,2020,2021-01-03 05:59:59.730,666.2,776.2,107.8,721.8
2020-01-03 07:00:00,2020,2021-01-03 06:59:59.725,694.4,790.7,106.7,671.1
2020-01-03 08:00:00,2020,2021-01-03 07:59:59.720,690.1,721.2,116.3,563.3
2020-01-03 09:00:00,2020,2021-01-03 08:59:59.715,690.3,639.7,83.0,551.0
2020-01-03 10:00:00,2020,2021-01-03 09:59:59.710,647.2,567.8,65.0,619.9
2020-01-03 11:00:00,2020,2021-01-03 10:59:59.705,698.7,567.8,114.7,680.2
2020-01-03 12:00:00,2020,2021-01-03 11:59:59.700,523.4,598.4,58.8,568.7
2020-01-03 13:00:00,2020,2021-01-03 12:59:59.695,500.1,688.7,86.1,575.8
2020-01-03 14:00:00,2020,2021-01-03 13:59:59.690,481.8,585.5,82.9,535.6
2020-01-03 15:00:00,2020,2021-01-03 14:59:59.685,491.6,524.2,72.8,465.0
2020-01-03 16:00:00,2020,2021-01-03 15:59:59.680,177.5,537.6,73.1,526.7
2020-01-03 17:00:00,2020,2021-01-03 16:59:59.675,10.9,329.9,79.0,87.5
2020-01-03 18:00:00,2020,2021-01-03 17:59:59.670,30.1,286.6,96.5,123.8
2020-01-03 19:00:00,2020,2021-01-03 18:59:59.665,96.9,294.6,92.5,264.8
2020-01-03 20:00:00,2020,2021-01-03 19:59:59.660,389.5,303.2,118.7,400.4
2020-01-03 21:00:00,2020,2021-01-03 20:59:59.655,404.6,330.4,113.8,513.5
2020-01-03 22:00:00,2020,2021-01-03 21:59:59.650,354.7,315.2,120.2,497.4
2020-01-03 23:00:00,2020,2021-01-03 22:59:59.645,414.1,357.0,79.7,219.7
2020-01-04 00:00:00,2020,2021-01-03 23:59:59.640,198.8,195.5,28.5,52.6
2020-01-04 01:00:00,2020,2021-01-04 00:59:59.635,77.5,94.5,30.6,63.5
2020-01-04 02:00:00,2020,2021-01-04 01:59:59.630,33.4,32.5,23.6,60.1
2020-01-04 03:00:00,2020,2021-01-04 02:59:59.625,28.5,53.4,46.9,73.7
2020-01-04 04:00:00,2020,2021-01-04 03:59:59.620,60.0,154.6,41.4,54.9
2020-01-04 05:00:00,2020,2021-01-04 04:59:59.615,85.3,108.3,23.1,72.7
2020-01-04 06:00:00,2020,2021-01-04 05:59:59.610,82.2,31.1,18.8,55.9
2020-01-04 07:00:00,2020,2021-01-04 06:59:59.605,70.8,99.3,20.6,26.4
2020-01-04 08:00:00,2020,2021-01-04 07:59:59.600,86.4,90.9,2.6,15.2
2020-01-04 09:00:00,2020,2021-01-04 08:59:59.595,101.7,12.9,0.0,45.4
2020-01-04 10:00:00,2020,2021-01-04 09:59:59.590,48.2,0.0,0.0,108.7
2020-01-04 11:00:00,2020,2021-01-04 10:59:59.585,121.2,8.9,0.0,169.5
2020-01-04 12:00:00,2020,2021-01-04 11:59:59.580,243.6,131.2,4.9,155.7
2020-01-04 13:00:00,2020,2021-01-04 12:59:59.575,255.6,344.6,60.3,159.5
2020-01-04 14:00:00,2020,2021-01-04 13:59:59.570,452.7,496.6,65.0,358.7
2020-01-04 15:00:00,2020,2021-01-04 14:59:59.565,441.7,386.0,76.6,304.8
2020-01-04 16:00:00,2020,2021-01-04 15:59:59.560,403.3,161.5,37.9,154.4
2020-01-04 17:00:00,2020,2021-01-04 16:59:59.555,88.9,327.2,37.8,554.6
2020-01-04 18:00:00,2020,2021-01-04 17:59:59.550,557.4,395.6,105.5,409.6
2020-01-04 19:00:00,2020,2021-01-04 18:59:59.545,591.2,602.7,137.3,614.2
2020-01-04 20:00:00,2020,2021-01-04 19:59:59.540,574.5,822.5,142.9,740.1
2020-01-04 21:00:00,2020,2021-01-04 20:59:59.535,706.1,835.8,147.0,774.4
2020-01-04 22:00:00,2020,2021-01-04 21:59:59.530,713.5,833.3,147.0,796.3
2020-01-04 23:00:00,2020,2021-01-04 22:59:59.525,577.2,839.2,147.4,799.1
2020-01-05 00:00:00,2020,2021-01-04 23:59:59.520,587.3,836.4,146.8,799.1
2020-01-05 01:00:00,2020,2021-01-05 00:59:59.515,627.5,839.9,147.0,798.4
2020-01-05 02:00:00,2020,2021-01-05 01:59:59.510,602.4,838.8,147.6,799.0
2020-01-05 03:00:00,2020,2021-01-05 02:59:59.505,613.1,840.7,146.6,799.1
2020-01-05 04:00:00,2020,2021-01-05 03:59:59.500,599.4,839.7,147.5,797.2
2020-01-05 05:00:00,2020,2021-01-05 04:59:59.495,630.4,834.2,147.2,768.4
2020-01-05 06:00:00,2020,2021-01-05 05:59:59.490,696.8,828.3,147.1,729.5
2020-01-05 07:00:00,2020,2021-01-05 06:59:59.485,670.3,807.5,146.6,703.7
2020-01-05 08:00:00,2020,2021-01-05 07:59:59.480,663.9,761.8,145.5,632.8
2020-01-05 09:00:00,2020,2021-01-05 08:59:59.475,703.3,715.8,146.2,755.0
2020-01-05 10:00:00,2020,2021-01-05 09:59:59.470,648.4,554.4,140.3,762.0
2020-01-05 11:00:00,2020,2021-01-05 10:59:59.465,628.7,262.0,101.9,628.3
2020-01-05 12:00:00,2020,2021-01-05 11:59:59.460,590.8,313.0,78.4,561.4
2020-01-05 13:00:00,2020,2021-01-05 12:59:59.455,507.3,299.3,70.4,443.0
2020-01-05 14:00:00,2020,2021-01-05 13:59:59.450,581.4,291.4,51.1,479.6
2020-01-05 15:00:00,2020,2021-01-05 14:59:59.445,433.4,352.1,53.6,357.2
2020-01-05 16:00:00,2020,2021-01-05 15:59:59.440,279.9,348.1,44.2,249.7
2020-01-05 17:00:00,2020,2021-01-05 16:59:59.435,0.0,162.0,83.6,95.7
2020-01-05 18:00:00,2020,2021-01-05 17:59:59.430,3.9,142.6,77.5,136.5
2020-01-05 19:00:00,2020,2021-01-05 18:59:59.425,26.2,264.3,66.9,141.3
2020-01-05 20:00:00,2020,2021-01-05 19:59:59.420,419.8,172.8,20.7,176.0
2020-01-05 21:00:00,2020,2021-01-05 20:59:59.415,563.4,122.2,14.5,174.1
2020-01-05 22:00:00,2020,2021-01-05 21:59:59.410,539.6,162.6,39.0,362.0
2020-01-05 23:00:00,2020,2021-01-05 22:59:59.405,658.3,286.8,86.6,477.9
2020-01-06 00:00:00,2020,2021-01-05 23:59:59.400,650.2,543.1,104.0,638.4
2020-01-06 01:00:00,2020,2021-01-06 00:59:59.395,650.9,635.4,117.3,570.2
2020-01-06 02:00:00,2020,2021-01-06 01:59:59.390,667.2,609.1,130.0,601.8
2020-01-06 03:00:00,2020,2021-01-06 02:59:59.385,661.2,723.3,135.1,721.6
2020-01-06 04:00:00,2020,2021-01-06 03:59:59.380,651.0,707.6,123.1,747.2
2020-01-06 05:00:00,2020,2021-01-06 04:59:59.375,649.7,765.6,104.4,745.0
2020-01-06 06:00:00,2020,2021-01-06 05:59:59.370,639.2,791.6,96.5,684.6
2020-01-06 07:00:00,2020,2021-01-06 06:59:59.365,645.6,804.7,94.5,705.5
2020-01-06 08:00:00,2020,2021-01-06 07:59:59.360,672.2,810.8,100.3,769.8
2020-01-06 09:00:00,2020,2021-01-06 08:59:59.355,695.1,809.8,132.4,790.9
2020-01-06 10:00:00,2020,2021-01-06 09:59:59.350,705.7,716.4,145.3,793.5
2020-01-06 11:00:00,2020,2021-01-06 10:59:59.345,704.1,669.9,143.2,784.3
2020-01-06 12:00:00,2020,2021-01-06 11:59:59.340,697.1,599.5,136.0,769.6
2020-01-06 13:00:00,2020,2021-01-06 12:59:59.335,688.3,498.4,123.1,761.4
2020-01-06 14:00:00,2020,2021-01-06 13:59:59.330,670.5,464.2,130.7,759.6
2020-01-06 15:00:00,2020,2021-01-06 14:59:59.325,664.4,521.7,143.2,723.5
2020-01-06 16:00:00,2020,2021-01-06 15:59:59.320,664.1,615.4,130.1,686.8
2020-01-06 17:00:00,2020,2021-01-06 16:59:59.315,657.7,558.6,137.2,689.3
2020-01-06 18:00:00,2020,2021-01-06 17:59:59.310,656.2,547.1,128.0,686.4
2020-01-06 19:00:00,2020,2021-01-06 18:59:59.305,661.0,518.0,137.8,670.4
2020-01-06 20:00:00,2020,2021-01-06 19:59:59.300,667.9,558.5,134.8,660.5
2020-01-06 21:00:00,2020,2021-01-06 20:59:59.295,678.7,582.0,145.0,740.1
2020-01-06 22:00:00,2020,2021-01-06 21:59:59.290,700.3,481.0,147.6,789.7
2020-01-06 23:00:00,2020,2021-01-06 22:59:59.285,712.2,462.1,148.1,799.1
2020-01-07 00:00:00,2020,2021-01-06 23:59:59.280,713.5,619.0,148.0,799.1
2020-01-07 01:00:00,2020,2021-01-07 00:59:59.275,711.7,782.8,147.7,789.9
2020-01-07 02:00:00,2020,2021-01-07 01:59:59.270,711.4,829.1,147.0,796.0
2020-01-07 03:00:00,2020,2021-01-07 02:59:59.265,709.2,833.8,146.9,796.9
2020-01-07 04:00:00,2020,2021-01-07 03:59:59.260,707.3,836.6,146.4,796.4
2020-01-07 05:00:00,2020,2021-01-07 04:59:59.255,701.9,836.6,145.5,796.7
2020-01-07 06:00:00,2020,2021-01-07 05:59:59.250,710.8,838.8,147.1,796.2
2020-01-07 07:00:00,2020,2021-01-07 06:59:59.245,704.6,837.8,147.2,795.7
2020-01-07 08:00:00,2020,2021-01-07 07:59:59.240,701.4,838.7,148.0,793.6
2020-01-07 09:00:00,2020,2021-01-07 08:59:59.235,703.9,823.2,147.6,793.9
2020-01-07 10:00:00,2020,2021-01-07 09:59:59.230,709.4,768.5,138.5,794.2
2020-01-07 11:00:00,2020,2021-01-07 10:59:59.225,709.1,756.4,142.4,781.9
2020-01-07 12:00:00,2020,2021-01-07 11:59:59.220,705.9,757.6,146.8,775.1
2020-01-07 13:00:00,2020,2021-01-07 12:59:59.215,704.4,746.4,146.2,783.2
2020-01-07 14:00:00,2020,2021-01-07 13:59:59.210,709.0,776.5,144.1,788.8
2020-01-07 15:00:00,2020,2021-01-07 14:59:59.205,709.4,798.8,146.2,787.0
2020-01-07 16:00:00,2020,2021-01-07 15:59:59.200,713.2,794.9,146.6,787.3
2020-01-07 17:00:00,2020,2021-01-07 16:59:59.195,713.5,758.1,140.9,798.3
2020-01-07 18:00:00,2020,2021-01-07 17:59:59.190,713.5,831.3,147.2,798.7
2020-01-07 19:00:00,2020,2021-01-07 18:59:59.185,713.5,836.3,145.7,796.4
2020-01-07 20:00:00,2020,2021-01-07 19:59:59.180,713.3,836.9,146.1,795.9
2020-01-07 21:00:00,2020,2021-01-07 20:59:59.175,709.3,837.2,137.1,746.7
2020-01-07 22:00:00,2020,2021-01-07 21:59:59.170,713.2,822.3,142.1,797.9
2020-01-07 23:00:00,2020,2021-01-07 22:59:59.165,711.5,708.0,145.3,767.0
2020-01-08 00:00:00,2020,2021-01-07 23:59:59.160,614.3,620.4,133.1,543.5
2020-01-08 01:00:00,2020,2021-01-08 00:59:59.155,696.0,612.0,99.3,771.7
2020-01-08 02:00:00,2020,2021-01-08 01:59:59.150,698.0,636.0,69.1,788.3
2020-01-08 03:00:00,2020,2021-01-08 02:59:59.145,529.4,685.9,93.1,577.0
2020-01-08 04:00:00,2020,2021-01-08 03:59:59.140,274.9,520.7,100.6,326.6
2020-01-08 05:00:00,2020,2021-01-08 04:59:59.135,68.4,665.7,107.2,363.1
2020-01-08 06:00:00,2020,2021-01-08 05:59:59.130,69.0,837.6,141.0,312.8
2020-01-08 07:00:00,2020,2021-01-08 06:59:59.125,442.8,843.1,148.0,397.7
2020-01-08 08:00:00,2020,2021-01-08 07:59:59.120,649.8,847.0,148.2,662.9
2020-01-08 09:00:00,2020,2021-01-08 08:59:59.115,622.5,847.0,148.3,786.7
2020-01-08 10:00:00,2020,2021-01-08 09:59:59.110,655.8,838.1,148.3,798.9
2020-01-08 11:00:00,2020,2021-01-08 10:59:59.105,713.5,838.4,145.1,788.1
2020-01-08 12:00:00,2020,2021-01-08 11:59:59.100,713.5,845.4,145.7,789.4
2020-01-08 13:00:00,2020,2021-01-08 12:59:59.095,713.5,843.6,146.0,798.5
2020-01-08 14:00:00,2020,2021-01-08 13:59:59.090,713.5,839.2,147.1,799.0
2020-01-08 15:00:00,2020,2021-01-08 14:59:59.085,709.2,837.9,146.5,796.0
2020-01-08 16:00:00,2020,2021-01-08 15:59:59.080,711.0,835.3,147.0,788.6
2020-01-08 17:00:00,2020,2021-01-08 16:59:59.075,713.5,843.4,147.8,797.5
2020-01-08 18:00:00,2020,2021-01-08 17:59:59.070,705.3,841.2,147.7,797.8
2020-01-08 19:00:00,2020,2021-01-08 18:59:59.065,704.2,788.8,147.2,798.9
2020-01-08 20:00:00,2020,2021-01-08 19:59:59.060,708.1,776.4,145.2,798.1
2020-01-08 21:00:00,2020,2021-01-08 20:59:59.055,710.1,778.4,145.4,799.1
2020-01-08 22:00:00,2020,2021-01-08 21:59:59.050,707.2,729.0,146.8,794.9
2020-01-08 23:00:00,2020,2021-01-08 22:59:59.045,712.5,723.7,147.0,791.6
2020-01-09 00:00:00,2020,2021-01-08 23:59:59.040,712.9,733.9,146.8,793.8
2020-01-09 01:00:00,2020,2021-01-09 00:59:59.035,713.5,674.5,146.2,790.7
2020-01-09 02:00:00,2020,2021-01-09 01:59:59.030,713.5,748.8,147.8,789.2
2020-01-09 03:00:00,2020,2021-01-09 02:59:59.025,713.5,744.7,147.6,789.3
2020-01-09 04:00:00,2020,2021-01-09 03:59:59.020,713.5,684.8,147.3,787.3
2020-01-09 05:00:00,2020,2021-01-09 04:59:59.015,712.1,607.4,147.0,785.7
2020-01-09 06:00:00,2020,2021-01-09 05:59:59.010,701.4,509.9,147.2,784.9
2020-01-09 07:00:00,2020,2021-01-09 06:59:59.005,668.0,433.2,147.4,777.9
2020-01-09 08:00:00,2020,2021-01-09 07:59:59.000,597.3,388.8,146.5,743.0
2020-01-09 09:00:00,2020,2021-01-09 08:59:58.995,567.3,376.7,144.6,696.0
2020-01-09 10:00:00,2020,2021-01-09 09:59:58.990,286.8,298.2,126.8,508.4
2020-01-09 11:00:00,2020,2021-01-09 10:59:58.985,84.1,278.4,81.3,293.4
2020-01-09 12:00:00,2020,2021-01-09 11:59:58.980,129.1,182.2,44.3,134.0
2020-01-09 13:00:00,2020,2021-01-09 12:59:58.975,146.4,176.3,27.4,42.4
2020-01-09 14:00:00,2020,2021-01-09 13:59:58.970,85.6,106.0,10.8,28.2
2020-01-09 15:00:00,2020,2021-01-09 14:59:58.965,118.7,79.8,5.2,131.0
2020-01-09 16:00:00,2020,2021-01-09 15:59:58.960,128.9,76.2,9.2,138.3
2020-01-09 17:00:00,2020,2021-01-09 16:59:58.955,121.6,0.0,14.1,328.1
2020-01-09 18:00:00,2020,2021-01-09 17:59:58.950,531.6,2.9,30.3,685.7
2020-01-09 19:00:00,2020,2021-01-09 18:59:58.945,669.0,66.8,63.6,669.7
2020-01-09 20:00:00,2020,2021-01-09 19:59:58.940,665.0,212.6,82.9,633.3
2020-01-09 21:00:00,2020,2021-01-09 20:59:58.935,654.8,339.3,117.2,634.7
2020-01-09 22:00:00,2020,2021-01-09 21:59:58.930,653.5,253.2,112.7,676.0
2020-01-09 23:00:00,2020,2021-01-09 22:59:58.925,652.4,378.8,122.2,667.6
2020-01-10 00:00:00,2020,2021-01-09 23:59:58.920,658.5,597.0,112.5,635.2
2020-01-10 01:00:00,2020,2021-01-10 00:59:58.915,657.0,637.9,87.0,636.8
2020-01-10 02:00:00,2020,2021-01-10 01:59:58.910,657.3,505.8,101.8,685.3
2020-01-10 03:00:00,2020,2021-01-10 02:59:58.905,664.1,336.4,101.7,686.5
2020-01-10 04:00:00,2020,2021-01-10 03:59:58.900,659.3,301.1,79.5,705.4
2020-01-10 05:00:00,2020,2021-01-10 04:59:58.895,664.9,351.6,46.3,741.0
2020-01-10 06:00:00,2020,2021-01-10 05:59:58.890,682.1,494.8,28.5,772.5
2020-01-10 07:00:00,2020,2021-01-10 06:59:58.885,702.1,513.4,52.1,757.8
2020-01-10 08:00:00,2020,2021-01-10 07:59:58.880,695.4,587.7,87.9,724.6
2020-01-10 09:00:00,2020,2021-01-10 08:59:58.875,688.0,659.3,92.0,724.0
2020-01-10 10:00:00,2020,2021-01-10 09:59:58.870,688.8,595.2,86.3,716.5
2020-01-10 11:00:00,2020,2021-01-10 10:59:58.865,691.9,535.4,75.2,659.6
2020-01-10 12:00:00,2020,2021-01-10 11:59:58.860,694.8,424.7,75.7,615.4
2020-01-10 13:00:00,2020,2021-01-10 12:59:58.855,686.7,278.1,90.4,594.4
2020-01-10 14:00:00,2020,2021-01-10 13:59:58.850,682.4,204.5,110.7,557.0
2020-01-10 15:00:00,2020,2021-01-10 14:59:58.845,684.8,120.8,93.5,592.3
2020-01-10 16:00:00,2020,2021-01-10 15:59:58.840,704.6,0.0,77.5,737.2
2020-01-10 17:00:00,2020,2021-01-10 16:59:58.835,712.4,0.0,0.0,799.1
2020-01-10 18:00:00,2020,2021-01-10 17:59:58.830,711.8,152.5,0.0,783.0
2020-01-10 19:00:00,2020,2021-01-10 18:59:58.825,712.1,395.5,12.5,626.7
2020-01-10 20:00:00,2020,2021-01-10 19:59:58.820,712.4,377.2,52.5,390.4
2020-01-10 21:00:00,2020,2021-01-10 20:59:58.815,647.7,311.6,35.0,335.6
2020-01-10 22:00:00,2020,2021-01-10 21:59:58.810,658.4,329.1,55.3,752.4
2020-01-10 23:00:00,2020,2021-01-10 22:59:58.805,690.8,332.9,58.4,688.7
2020-01-11 00:00:00,2020,2021-01-10 23:59:58.800,679.7,210.2,29.5,626.9
2020-01-11 01:00:00,2020,2021-01-11 00:59:58.795,688.7,171.7,19.0,518.7
2020-01-11 02:00:00,2020,2021-01-11 01:59:58.790,693.0,176.2,15.7,544.6
2020-01-11 03:00:00,2020,2021-01-11 02:59:58.785,687.7,278.1,41.5,598.4
2020-01-11 04:00:00,2020,2021-01-11 03:59:58.780,683.7,183.9,42.4,486.5
2020-01-11 05:00:00,2020,2021-01-11 04:59:58.775,582.8,213.0,31.8,348.6
2020-01-11 06:00:00,2020,2021-01-11 05:59:58.770,259.3,172.1,14.0,337.3
2020-01-11 07:00:00,2020,2021-01-11 06:59:58.765,38.4,53.8,8.7,178.9
2020-01-11 08:00:00,2020,2021-01-11 07:59:58.760,45.2,37.2,6.7,113.6
2020-01-11 09:00:00,2020,2021-01-11 08:59:58.755,52.6,13.4,3.3,120.0
2020-01-11 10:00:00,2020,2021-01-11 09:59:58.750,44.9,0.0,0.0,143.5
2020-01-11 11:00:00,2020,2021-01-11 10:59:58.745,18.6,136.1,13.8,152.4
2020-01-11 12:00:00,2020,2021-01-11 11:59:58.740,68.0,337.3,47.8,152.0
2020-01-11 13:00:00,2020,2021-01-11 12:59:58.735,153.8,361.4,70.4,147.7
2020-01-11 14:00:00,2020,2021-01-11 13:59:58.730,137.3,293.8,105.6,154.0
2020-01-11 15:00:00,2020,2021-01-11 14:59:58.725,135.5,218.4,111.2,201.5
2020-01-11 16:00:00,2020,2021-01-11 15:59:58.720,235.3,200.8,133.1,266.1
2020-01-11 17:00:00,2020,2021-01-11 16:59:58.715,360.5,219.6,102.0,240.9
2020-01-11 18:00:00,2020,2021-01-11 17:59:58.710,534.8,265.4,37.7,333.4
2020-01-11 19:00:00,2020,2021-01-11 18:59:58.705,510.5,357.3,25.5,380.6
2020-01-11 20:00:00,2020,2021-01-11 19:59:58.700,631.4,553.7,14.6,451.7
2020-01-11 21:00:00,2020,2021-01-11 20:59:58.695,575.5,613.5,55.3,343.6
2020-01-11 22:00:00,2020,2021-01-11 21:59:58.690,590.1,669.0,34.7,653.8
2020-01-11 23:00:00,2020,2021-01-11 22:59:58.685,648.2,614.4,50.3,572.0
2020-01-12 00:00:00,2020,2021-01-11 23:59:58.680,661.3,664.3,71.6,632.4
2020-01-12 01:00:00,2020,2021-01-12 00:59:58.675,694.6,520.0,63.8,644.7
2020-01-12 02:00:00,2020,2021-01-12 01:59:58.670,687.7,720.6,73.8,699.1
2020-01-12 03:00:00,2020,2021-01-12 02:59:58.665,710.4,690.6,81.2,773.4
2020-01-12 04:00:00,2020,2021-01-12 03:59:58.660,710.2,629.2,74.2,737.6
2020-01-12 05:00:00,2020,2021-01-12 04:59:58.655,709.7,575.5,78.9,742.3
2020-01-12 06:00:00,2020,2021-01-12 05:59:58.650,678.1,576.3,72.4,724.9
2020-01-12 07:00:00,2020,2021-01-12 06:59:58.645,674.6,482.5,72.5,738.4
2020-01-12 08:00:00,2020,2021-01-12 07:59:58.640,659.5,452.5,67.4,728.4
2020-01-12 09:00:00,2020,2021-01-12 08:59:58.635,653.3,455.8,70.4,740.8
2020-01-12 10:00:00,2020,2021-01-12 09:59:58.630,616.9,348.6,71.3,693.2
2020-01-12 11:00:00,2020,2021-01-12 10:59:58.625,574.3,230.3,52.8,690.5
2020-01-12 12:00:00,2020,2021-01-12 11:59:58.620,578.9,182.8,43.3,655.1
2020-01-12 13:00:00,2020,2021-01-12 12:59:58.615,587.5,129.5,43.5,626.1
2020-01-12 14:00:00,2020,2021-01-12 13:59:58.610,574.0,156.1,43.0,600.1
2020-01-12 15:00:00,2020,2021-01-12 14:59:58.605,563.5,207.7,42.1,571.1
2020-01-12 16:00:00,2020,2021-01-12 15:59:58.600,581.3,234.4,29.9,585.2
2020-01-12 17:00:00,2020,2021-01-12 16:59:58.595,602.7,197.4,60.3,570.3
2020-01-12 18:00:00,2020,2021-01-12 17:59:58.590,542.1,368.6,73.3,602.1
2020-01-12 19:00:00,2020,2021-01-12 18:59:58.585,545.2,628.8,61.6,496.3
2020-01-12 20:00:00,2020,2021-01-12 19:59:58.580,494.4,596.3,35.0,478.2
2020-01-12 21:00:00,2020,2021-01-12 20:59:58.575,442.3,574.9,30.6,523.8
2020-01-12 22:00:00,2020,2021-01-12 21:59:58.570,421.4,537.6,55.8,529.8
2020-01-12 23:00:00,2020,2021-01-12 22:59:58.565,418.7,387.7,68.8,528.3
2020-01-13 00:00:00,2020,2021-01-12 23:59:58.560,450.2,447.7,81.0,476.7
2020-01-13 01:00:00,2020,2021-01-13 00:59:58.555,431.4,649.9,109.5,459.1
2020-01-13 02:00:00,2020,2021-01-13 01:59:58.550,444.1,472.4,128.9,506.7
2020-01-13 03:00:00,2020,2021-01-13 02:59:58.545,531.2,433.2,141.9,647.2
2020-01-13 04:00:00,2020,2021-01-13 03:59:58.540,443.9,452.1,113.5,596.1
2020-01-13 05:00:00,2020,2021-01-13 04:59:58.535,341.3,489.4,140.9,493.0
2020-01-13 06:00:00,2020,2021-01-13 05:59:58.530,308.9,269.9,87.7,415.0
2020-01-13 07:00:00,2020,2021-01-13 06:59:58.525,306.1,179.9,86.7,355.3
2020-01-13 08:00:00,2020,2021-01-13 07:59:58.520,321.6,96.8,33.6,237.0
2020-01-13 09:00:00,2020,2021-01-13 08:59:58.515,156.4,149.1,25.4,218.6
2020-01-13 10:00:00,2020,2021-01-13 09:59:58.510,177.9,237.5,45.3,138.5
2020-01-13 11:00:00,2020,2021-01-13 10:59:58.505,129.7,286.0,6.4,72.0
2020-01-13 12:00:00,2020,2021-01-13 11:59:58.500,236.2,160.8,15.5,75.7
2020-01-13 13:00:00,2020,2021-01-13 12:59:58.495,206.0,157.7,28.9,78.1
2020-01-13 14:00:00,2020,2021-01-13 13:59:58.490,346.7,205.4,89.2,94.1
2020-01-13 15:00:00,2020,2021-01-13 14:59:58.485,505.2,222.9,73.5,186.2
2020-01-13 16:00:00,2020,2021-01-13 15:59:58.480,505.8,477.0,104.9,335.4
2020-01-13 17:00:00,2020,2021-01-13 16:59:58.475,669.1,629.6,145.2,643.6
2020-01-13 18:00:00,2020,2021-01-13 17:59:58.470,648.7,692.3,140.8,743.7
2020-01-13 19:00:00,2020,2021-01-13 18:59:58.465,647.2,778.1,50.0,485.8
2020-01-13 20:00:00,2020,2021-01-13 19:59:58.460,672.7,752.6,54.0,711.2
2020-01-13 21:00:00,2020,2021-01-13 20:59:58.455,663.3,808.9,81.4,702.7
2020-01-13 22:00:00,2020,2021-01-13 21:59:58.450,650.0,772.3,34.7,676.5
2020-01-13 23:00:00,2020,2021-01-13 22:59:58.445,666.9,776.6,64.4,784.7
2020-01-14 00:00:00,2020,2021-01-13 23:59:58.440,691.7,596.5,115.8,778.2
2020-01-14 01:00:00,2020,2021-01-14 00:59:58.435,690.7,681.6,129.2,768.1
2020-01-14 02:00:00,2020,2021-01-14 01:59:58.430,695.1,766.2,147.9,788.1
2020-01-14 03:00:00,2020,2021-01-14 02:59:58.425,701.5,834.2,146.5,796.5
2020-01-14 04:00:00,2020,2021-01-14 03:59:58.420,696.0,842.1,147.8,795.7
2020-01-14 05:00:00,2020,2021-01-14 04:59:58.415,706.5,790.5,147.9,791.5
2020-01-14 06:00:00,2020,2021-01-14 05:59:58.410,706.7,540.2,147.1,790.9
2020-01-14 07:00:00,2020,2021-01-14 06:59:58.405,704.8,548.8,145.6,793.1
2020-01-14 08:00:00,2020,2021-01-14 07:59:58.400,711.1,724.8,145.8,793.7
2020-01-14 09:00:00,2020,2021-01-14 08:59:58.395,711.0,759.4,144.1,791.6
2020-01-14 10:00:00,2020,2021-01-14 09:59:58.390,711.1,792.8,136.4,790.0
2020-01-14 11:00:00,2020,2021-01-14 10:59:58.385,713.5,689.1,135.6,787.9
2020-01-14 12:00:00,2020,2021-01-14 11:59:58.380,713.3,604.5,132.7,771.4
2020-01-14 13:00:00,2020,2021-01-14 12:59:58.375,670.1,587.1,124.0,734.0
2020-01-14 14:00:00,2020,2021-01-14 13:59:58.370,599.4,400.0,124.5,733.0
2020-01-14 15:00:00,2020,2021-01-14 14:59:58.365,616.0,377.3,117.5,706.3
2020-01-14 16:00:00,2020,2021-01-14 15:59:58.360,518.1,333.3,72.1,722.6
2020-01-14 17:00:00,2020,2021-01-14 16:59:58.355,453.4,9.2,13.1,0.0
2020-01-14 18:00:00,2020,2021-01-14 17:59:58.350,435.1,32.0,115.9,0.0
2020-01-14 19:00:00,2020,2021-01-14 18:59:58.345,399.3,82.6,134.9,0.0
2020-01-14 20:00:00,2020,2021-01-14 19:59:58.340,468.8,194.0,141.7,32.4
2020-01-14 21:00:00,2020,2021-01-14 20:59:58.335,292.1,151.6,63.8,267.4
2020-01-14 22:00:00,2020,2021-01-14 21:59:58.330,258.1,357.1,73.5,391.8
2020-01-14 23:00:00,2020,2021-01-14 22:59:58.325,312.8,407.9,90.1,289.9
2020-01-15 00:00:00,2020,2021-01-14 23:59:58.320,467.1,503.5,106.5,392.2
2020-01-15 01:00:00,2020,2021-01-15 00:59:58.315,440.5,471.7,67.1,374.4
2020-01-15 02:00:00,2020,2021-01-15 01:59:58.310,643.3,519.4,52.1,553.8
2020-01-15 03:00:00,2020,2021-01-15 02:59:58.305,621.7,316.0,73.2,593.6
2020-01-15 04:00:00,2020,2021-01-15 03:59:58.300,459.1,202.3,32.6,451.0
2020-01-15 05:00:00,2020,2021-01-15 04:59:58.295,198.6,14.4,23.6,496.9
2020-01-15 06:00:00,2020,2021-01-15 05:59:58.290,353.8,153.5,32.7,555.4
2020-01-15 07:00:00,2020,2021-01-15 06:59:58.285,382.4,242.6,75.3,474.7
2020-01-15 08:00:00,2020,2021-01-15 07:59:58.280,416.5,358.4,79.2,451.3
2020-01-15 09:00:00,2020,2021-01-15 08:59:58.275,353.6,319.9,84.2,431.5
2020-01-15 10:00:00,2020,2021-01-15 09:59:58.270,309.8,312.0,89.6,280.9
2020-01-15 11:00:00,2020,2021-01-15 10:59:58.265,215.9,352.9,41.0,254.2
2020-01-15 12:00:00,2020,2021-01-15 11:59:58.260,131.2,282.8,40.3,281.4
2020-01-15 13:00:00,2020,2021-01-15 12:59:58.255,151.8,247.1,24.6,313.2
2020-01-15 14:00:00,2020,2021-01-15 13:59:58.250,88.5,266.4,43.8,252.6
2020-01-15 15:00:00,2020,2021-01-15 14:59:58.245,65.3,280.2,32.1,201.9
2020-01-15 16:00:00,2020,2021-01-15 15:59:58.240,84.9,154.5,19.0,179.2
2020-01-15 17:00:00,2020,2021-01-15 16:59:58.235,0.0,0.0,0.0,20.6
2020-01-15 18:00:00,2020,2021-01-15 17:59:58.230,0.0,0.0,0.0,0.0
2020-01-15 19:00:00,2020,2021-01-15 18:59:58.225,0.0,0.0,0.0,4.6
2020-01-15 20:00:00,2020,2021-01-15 19:59:58.220,0.0,0.0,0.0,0.0
2020-01-15 21:00:00,2020,2021-01-15 20:59:58.215,0.0,7.9,34.2,0.0
2020-01-15 22:00:00,2020,2021-01-15 21:59:58.210,0.0,0.0,0.0,13.2
2020-01-15 23:00:00,2020,2021-01-15 22:59:58.205,9.7,0.0,0.0,65.6
2020-01-16 00:00:00,2020,2021-01-15 23:59:58.200,4.2,0.0,0.0,38.2
2020-01-16 01:00:00,2020,2021-01-16 00:59:58.195,4.5,0.0,24.1,49.8
2020-01-16 02:00:00,2020,2021-01-16 01:59:58.190,66.7,0.7,63.4,160.6
2020-01-16 03:00:00,2020,2021-01-16 02:59:58.185,192.1,232.3,55.8,224.7
2020-01-16 04:00:00,2020,2021-01-16 03:59:58.180,214.0,278.6,50.0,225.2
2020-01-16 05:00:00,2020,2021-01-16 04:59:58.175,266.8,83.5,66.5,368.9
2020-01-16 06:00:00,2020,2021-01-16 05:59:58.170,324.9,7.9,40.5,519.2
2020-01-16 07:00:00,2020,2021-01-16 06:59:58.165,422.5,2.5,25.6,559.8
2020-01-16 08:00:00,2020,2021-01-16 07:59:58.160,554.2,23.9,40.2,600.7
2020-01-16 09:00:00,2020,2021-01-16 08:59:58.155,598.1,29.9,48.5,527.3
2020-01-16 10:00:00,2020,2021-01-16 09:59:58.150,400.9,62.9,94.0,500.2
2020-01-16 11:00:00,2020,2021-01-16 10:59:58.145,328.6,18.6,88.9,433.0
2020-01-16 12:00:00,2020,2021-01-16 11:59:58.140,276.6,59.2,82.4,391.1
2020-01-16 13:00:00,2020,2021-01-16 12:59:58.135,329.3,110.9,85.3,305.8
2020-01-16 14:00:00,2020,2021-01-16 13:59:58.130,210.4,288.5,56.6,309.9
2020-01-16 15:00:00,2020,2021-01-16 14:59:58.125,220.1,296.7,48.2,408.3
2020-01-16 16:00:00,2020,2021-01-16 15:59:58.120,225.4,370.8,77.8,430.7
2020-01-16 17:00:00,2020,2021-01-16 16:59:58.115,258.6,438.9,120.8,470.2
2020-01-16 18:00:00,2020,2021-01-16 17:59:58.110,467.2,582.2,143.4,505.5
2020-01-16 19:00:00,2020,2021-01-16 18:59:58.105,558.2,644.5,144.1,669.0
2020-01-16 20:00:00,2020,2021-01-16 19:59:58.100,553.6,765.3,141.3,649.9
2020-01-16 21:00:00,2020,2021-01-16 20:59:58.095,444.9,785.4,136.6,691.0
2020-01-16 22:00:00,2020,2021-01-16 21:59:58.090,603.2,806.0,144.8,729.5
2020-01-16 23:00:00,2020,2021-01-16 22:59:58.085,676.8,746.0,143.5,757.9
2020-01-17 00:00:00,2020,2021-01-16 23:59:58.080,666.2,781.3,140.7,774.8
2020-01-17 01:00:00,2020,2021-01-17 00:59:58.075,675.9,829.8,145.8,759.2
2020-01-17 02:00:00,2020,2021-01-17 01:59:58.070,616.3,793.3,138.2,785.4
2020-01-17 03:00:00,2020,2021-01-17 02:59:58.065,665.1,834.5,147.6,788.4
2020-01-17 04:00:00,2020,2021-01-17 03:59:58.060,689.2,800.9,146.7,796.3
2020-01-17 05:00:00,2020,2021-01-17 04:59:58.055,685.0,695.3,142.3,792.9
2020-01-17 06:00:00,2020,2021-01-17 05:59:58.050,687.8,791.4,145.2,790.4
2020-01-17 07:00:00,2020,2021-01-17 06:59:58.045,673.9,786.0,141.3,785.2
2020-01-17 08:00:00,2020,2021-01-17 07:59:58.040,666.0,771.2,138.7,790.7
2020-01-17 09:00:00,2020,2021-01-17 08:59:58.035,680.6,822.1,145.0,795.7
2020-01-17 10:00:00,2020,2021-01-17 09:59:58.030,663.5,774.2,143.3,779.2
2020-01-17 11:00:00,2020,2021-01-17 10:59:58.025,677.7,792.6,143.6,791.0
2020-01-17 12:00:00,2020,2021-01-17 11:59:58.020,698.3,828.7,147.9,789.5
2020-01-17 13:00:00,2020,2021-01-17 12:59:58.015,699.2,749.9,147.6,794.5
2020-01-17 14:00:00,2020,2021-01-17 13:59:58.010,684.2,713.7,139.9,792.1
2020-01-17 15:00:00,2020,2021-01-17 14:59:58.005,702.3,802.0,146.3,787.5
2020-01-17 16:00:00,2020,2021-01-17 15:59:58.000,707.3,488.0,126.0,768.9
2020-01-17 17:00:00,2020,2021-01-17 16:59:57.995,679.8,755.6,144.6,756.3
2020-01-17 18:00:00,2020,2021-01-17 17:59:57.990,692.9,687.2,142.1,768.0
2020-01-17 19:00:00,2020,2021-01-17 18:59:57.985,688.0,772.9,139.0,762.2
2020-01-17 20:00:00,2020,2021-01-17 19:59:57.980,674.8,665.6,140.8,710.4
2020-01-17 21:00:00,2020,2021-01-17 20:59:57.975,676.3,631.1,143.4,692.8
2020-01-17 22:00:00,2020,2021-01-17 21:59:57.970,654.8,496.8,130.5,687.5
2020-01-17 23:00:00,2020,2021-01-17 22:59:57.965,668.7,472.5,90.7,709.9
2020-01-18 00:00:00,2020,2021-01-17 23:59:57.960,664.4,555.2,74.4,708.6
2020-01-18 01:00:00,2020,2021-01-18 00:59:57.955,662.5,359.7,69.2,687.9
2020-01-18 02:00:00,2020,2021-01-18 01:59:57.950,680.9,225.8,41.0,716.6
2020-01-18 03:00:00,2020,2021-01-18 02:59:57.945,671.1,143.3,25.3,580.8
2020-01-18 04:00:00,2020,2021-01-18 03:59:57.940,670.6,164.6,26.5,476.5
2020-01-18 05:00:00,2020,2021-01-18 04:59:57.935,650.4,103.8,20.9,462.2
2020-01-18 06:00:00,2020,2021-01-18 05:59:57.930,635.5,52.1,24.1,490.8
2020-01-18 07:00:00,2020,2021-01-18 06:59:57.925,657.9,23.8,29.1,555.3
2020-01-18 08:00:00,2020,2021-01-18 07:59:57.920,638.5,5.1,13.0,582.4
2020-01-18 09:00:00,2020,2021-01-18 08:59:57.915,530.1,0.1,6.6,586.3
2020-01-18 10:00:00,2020,2021-01-18 09:59:57.910,291.2,1.6,5.1,449.2
2020-01-18 11:00:00,2020,2021-01-18 10:59:57.905,181.1,12.0,6.0,407.4
2020-01-18 12:00:00,2020,2021-01-18 11:59:57.900,100.9,23.4,3.7,381.2
2020-01-18 13:00:00,2020,2021-01-18 12:59:57.895,39.6,34.0,0.6,383.8
2020-01-18 14:00:00,2020,2021-01-18 13:59:57.890,16.9,37.7,0.2,310.5
2020-01-18 15:00:00,2020,2021-01-18 14:59:57.885,18.5,13.0,1.4,192.0
2020-01-18 16:00:00,2020,2021-01-18 15:59:57.880,8.7,4.3,2.5,138.5
2020-01-18 17:00:00,2020,2021-01-18 16:59:57.875,71.6,12.0,5.8,45.7
2020-01-18 18:00:00,2020,2021-01-18 17:59:57.870,101.7,2.1,2.0,22.4
2020-01-18 19:00:00,2020,2021-01-18 18:59:57.865,40.3,0.3,0.2,26.1
2020-01-18 20:00:00,2020,2021-01-18 19:59:57.860,58.5,39.2,3.7,36.7
2020-01-18 21:00:00,2020,2021-01-18 20:59:57.855,52.6,91.6,3.6,46.3
2020-01-18 22:00:00,2020,2021-01-18 21:59:57.850,54.0,81.6,5.7,83.2
2020-01-18 23:00:00,2020,2021-01-18 22:59:57.845,84.6,84.9,3.9,180.4
2020-01-19 00:00:00,2020,2021-01-18 23:59:57.840,64.2,25.0,3.0,215.1
2020-01-19 01:00:00,2020,2021-01-19 00:59:57.835,61.6,1.3,4.3,228.7
2020-01-19 02:00:00,2020,2021-01-19 01:59:57.830,66.0,0.0,10.3,254.3
2020-01-19 03:00:00,2020,2021-01-19 02:59:57.825,45.8,0.2,27.2,242.8
2020-01-19 04:00:00,2020,2021-01-19 03:59:57.820,25.8,4.5,40.7,203.7
2020-01-19 05:00:00,2020,2021-01-19 04:59:57.815,17.6,16.6,46.8,189.7
2020-01-19 06:00:00,2020,2021-01-19 05:59:57.810,22.0,68.3,50.5,217.0
2020-01-19 07:00:00,2020,2021-01-19 06:59:57.805,44.5,117.1,48.1,227.9
2020-01-19 08:00:00,2020,2021-01-19 07:59:57.800,47.1,159.8,61.1,169.2
2020-01-19 09:00:00,2020,2021-01-19 08:59:57.795,33.1,214.4,80.6,164.2
2020-01-19 10:00:00,2020,2021-01-19 09:59:57.790,16.6,180.2,74.1,91.4
2020-01-19 11:00:00,2020,2021-01-19 10:59:57.785,9.6,115.4,37.3,109.6
2020-01-19 12:00:00,2020,2021-01-19 11:59:57.780,11.9,105.1,19.1,152.1
2020-01-19 13:00:00,2020,2021-01-19 12:59:57.775,7.7,129.8,20.5,124.2
2020-01-19 14:00:00,2020,2021-01-19 13:59:57.770,11.4,130.0,18.1,92.9
2020-01-19 15:00:00,2020,2021-01-19 14:59:57.765,8.0,99.8,14.0,63.6
2020-01-19 16:00:00,2020,2021-01-19 15:59:57.760,23.4,41.1,2.2,20.9
2020-01-19 17:00:00,2020,2021-01-19 16:59:57.755,1.3,244.5,44.6,75.7
2020-01-19 18:00:00,2020,2021-01-19 17:59:57.750,136.2,131.9,83.5,224.6
2020-01-19 19:00:00,2020,2021-01-19 18:59:57.745,166.0,212.6,53.0,197.5
2020-01-19 20:00:00,2020,2021-01-19 19:59:57.740,365.2,238.1,36.7,269.9
2020-01-19 21:00:00,2020,2021-01-19 20:59:57.735,496.0,242.7,9.3,479.7
2020-01-19 22:00:00,2020,2021-01-19 21:59:57.730,508.6,367.7,6.4,529.3
2020-01-19 23:00:00,2020,2021-01-19 22:59:57.725,480.6,340.0,49.7,571.0
2020-01-20 00:00:00,2020,2021-01-19 23:59:57.720,301.5,396.1,109.7,620.3
2020-01-20 01:00:00,2020,2021-01-20 00:59:57.715,493.6,375.2,67.9,674.1
2020-01-20 02:00:00,2020,2021-01-20 01:59:57.710,533.8,404.8,81.7,675.0
2020-01-20 03:00:00,2020,2021-01-20 02:59:57.705,533.8,344.4,101.2,683.7
2020-01-20 04:00:00,2020,2021-01-20 03:59:57.700,500.9,426.0,127.5,667.9
2020-01-20 05:00:00,2020,2021-01-20 04:59:57.695,470.3,375.4,124.9,651.1
2020-01-20 06:00:00,2020,2021-01-20 05:59:57.690,447.8,300.8,95.9,644.7
2020-01-20 07:00:00,2020,2021-01-20 06:59:57.685,443.2,291.1,46.4,666.8
2020-01-20 08:00:00,2020,2021-01-20 07:59:57.680,417.3,379.3,48.8,657.2
2020-01-20 09:00:00,2020,2021-01-20 08:59:57.675,357.3,415.1,65.0,615.8
2020-01-20 10:00:00,2020,2021-01-20 09:59:57.670,220.2,359.1,61.6,501.7
2020-01-20 11:00:00,2020,2021-01-20 10:59:57.665,41.4,200.2,27.7,343.2
2020-01-20 12:00:00,2020,2021-01-20 11:59:57.660,12.0,98.7,22.3,216.1
2020-01-20 13:00:00,2020,2021-01-20 12:59:57.655,10.2,86.3,52.6,150.9
2020-01-20 14:00:00,2020,2021-01-20 13:59:57.650,1.7,81.1,60.3,72.1
2020-01-20 15:00:00,2020,2021-01-20 14:59:57.645,0.8,83.8,48.8,15.5
2020-01-20 16:00:00,2020,2021-01-20 15:59:57.640,2.4,133.8,42.3,7.6
2020-01-20 17:00:00,2020,2021-01-20 16:59:57.635,1.3,102.8,17.6,7.2
2020-01-20 18:00:00,2020,2021-01-20 17:59:57.630,10.7,108.9,13.6,2.5
2020-01-20 19:00:00,2020,2021-01-20 18:59:57.625,42.8,108.8,7.4,8.4
2020-01-20 20:00:00,2020,2021-01-20 19:59:57.620,74.5,84.1,2.5,14.2
2020-01-20 21:00:00,2020,2021-01-20 20:59:57.615,126.8,76.1,0.6,30.7
2020-01-20 22:00:00,2020,2021-01-20 21:59:57.610,204.2,75.3,4.9,64.4
2020-01-20 23:00:00,2020,2021-01-20 22:59:57.605,300.2,58.2,23.8,97.1
2020-01-21 00:00:00,2020,2021-01-20 23:59:57.600,344.7,54.9,28.8,105.4
2020-01-21 01:00:00,2020,2021-01-21 00:59:57.595,331.3,49.5,16.6,94.5
2020-01-21 02:00:00,2020,2021-01-21 01:59:57.590,315.3,49.0,5.1,109.3
2020-01-21 03:00:00,2020,2021-01-21 02:59:57.585,280.3,45.1,1.4,102.9
2020-01-21 04:00:00,2020,2021-01-21 03:59:57.580,347.7,20.2,1.2,175.8
2020-01-21 05:00:00,2020,2021-01-21 04:59:57.575,373.9,7.0,8.0,290.0
2020-01-21 06:00:00,2020,2021-01-21 05:59:57.570,385.8,1.5,12.3,400.9
2020-01-21 07:00:00,2020,2021-01-21 06:59:57.565,374.8,2.2,7.0,436.5
2020-01-21 08:00:00,2020,2021-01-21 07:59:57.560,495.6,3.2,3.2,450.4
2020-01-21 09:00:00,2020,2021-01-21 08:59:57.555,608.1,3.3,0.7,485.9
2020-01-21 10:00:00,2020,2021-01-21 09:59:57.550,624.0,5.1,1.1,511.3
2020-01-21 11:00:00,2020,2021-01-21 10:59:57.545,582.4,2.9,0.6,405.1
2020-01-21 12:00:00,2020,2021-01-21 11:59:57.540,344.1,0.8,0.4,248.5
2020-01-21 13:00:00,2020,2021-01-21 12:59:57.535,346.1,0.1,0.4,180.1
2020-01-21 14:00:00,2020,2021-01-21 13:59:57.530,514.6,0.2,0.2,194.6
2020-01-21 15:00:00,2020,2021-01-21 14:59:57.525,629.1,1.2,0.1,216.7
2020-01-21 16:00:00,2020,2021-01-21 15:59:57.520,640.1,0.8,0.3,253.8
2020-01-21 17:00:00,2020,2021-01-21 16:59:57.515,642.8,0.1,17.4,462.0
2020-01-21 18:00:00,2020,2021-01-21 17:59:57.510,658.9,2.6,16.1,618.6
2020-01-21 19:00:00,2020,2021-01-21 18:59:57.505,680.2,6.6,12.0,604.1
2020-01-21 20:00:00,2020,2021-01-21 19:59:57.500,694.3,16.9,7.4,599.1
2020-01-21 21:00:00,2020,2021-01-21 20:59:57.495,695.8,29.9,2.8,589.4
2020-01-21 22:00:00,2020,2021-01-21 21:59:57.490,689.2,35.3,0.3,578.2
2020-01-21 23:00:00,2020,2021-01-21 22:59:57.485,667.5,32.2,0.1,586.2
2020-01-22 00:00:00,2020,2021-01-21 23:59:57.480,639.9,47.8,0.0,601.9
2020-01-22 01:00:00,2020,2021-01-22 00:59:57.475,631.0,81.6,0.0,601.0
2020-01-22 02:00:00,2020,2021-01-22 01:59:57.470,619.0,108.5,0.0,573.6
2020-01-22 03:00:00,2020,2021-01-22 02:59:57.465,625.7,126.3,0.1,531.6
2020-01-22 04:00:00,2020,2021-01-22 03:59:57.460,629.6,93.9,0.2,437.3
2020-01-22 05:00:00,2020,2021-01-22 04:59:57.455,631.8,95.0,0.9,355.4
2020-01-22 06:00:00,2020,2021-01-22 05:59:57.450,643.8,130.8,3.2,369.1
2020-01-22 07:00:00,2020,2021-01-22 06:59:57.445,663.6,166.4,5.9,386.5
2020-01-22 08:00:00,2020,2021-01-22 07:59:57.440,709.1,197.8,9.3,602.9
2020-01-22 09:00:00,2020,2021-01-22 08:59:57.435,712.6,217.4,6.6,671.7
2020-01-22 10:00:00,2020,2021-01-22 09:59:57.430,713.5,238.0,3.5,460.5
2020-01-22 11:00:00,2020,2021-01-22 10:59:57.425,617.2,187.3,1.1,143.5
2020-01-22 12:00:00,2020,2021-01-22 11:59:57.420,486.5,96.6,0.0,45.6
2020-01-22 13:00:00,2020,2021-01-22 12:59:57.415,341.3,104.3,0.0,61.8
2020-01-22 14:00:00,2020,2021-01-22 13:59:57.410,276.1,98.9,0.0,80.2
2020-01-22 15:00:00,2020,2021-01-22 14:59:57.405,446.0,80.0,0.2,130.8
2020-01-22 16:00:00,2020,2021-01-22 15:59:57.400,636.7,50.6,0.8,12.5
2020-01-22 17:00:00,2020,2021-01-22 16:59:57.395,615.3,144.9,2.1,130.7
2020-01-22 18:00:00,2020,2021-01-22 17:59:57.390,596.2,743.6,17.2,209.5
2020-01-22 19:00:00,2020,2021-01-22 18:59:57.385,203.9,774.9,51.6,382.8
2020-01-22 20:00:00,2020,2021-01-22 19:59:57.380,598.1,584.2,25.3,340.6
2020-01-22 21:00:00,2020,2021-01-22 20:59:57.375,642.8,770.4,63.2,529.9
2020-01-22 22:00:00,2020,2021-01-22 21:59:57.370,606.4,714.4,137.1,278.3
2020-01-22 23:00:00,2020,2021-01-22 22:59:57.365,544.0,703.2,139.2,654.7
2020-01-23 00:00:00,2020,2021-01-22 23:59:57.360,545.9,640.5,104.4,511.1
2020-01-23 01:00:00,2020,2021-01-23 00:59:57.355,395.6,794.8,138.0,440.6
2020-01-23 02:00:00,2020,2021-01-23 01:59:57.350,408.8,815.7,144.3,586.4
2020-01-23 03:00:00,2020,2021-01-23 02:59:57.345,570.8,833.0,144.0,726.5
2020-01-23 04:00:00,2020,2021-01-23 03:59:57.340,692.7,839.6,140.8,780.5
2020-01-23 05:00:00,2020,2021-01-23 04:59:57.335,709.2,837.4,144.6,783.6
2020-01-23 06:00:00,2020,2021-01-23 05:59:57.330,713.2,843.8,147.6,784.3
2020-01-23 07:00:00,2020,2021-01-23 06:59:57.325,713.2,841.2,147.8,767.9
2020-01-23 08:00:00,2020,2021-01-23 07:59:57.320,705.9,820.5,146.4,776.9
2020-01-23 09:00:00,2020,2021-01-23 08:59:57.315,677.1,814.6,142.4,769.6
2020-01-23 10:00:00,2020,2021-01-23 09:59:57.310,655.9,749.3,107.4,705.8
2020-01-23 11:00:00,2020,2021-01-23 10:59:57.305,631.8,766.2,107.7,697.9
2020-01-23 12:00:00,2020,2021-01-23 11:59:57.300,629.7,771.0,140.5,741.6
2020-01-23 13:00:00,2020,2021-01-23 12:59:57.295,604.4,724.8,144.0,720.7
2020-01-23 14:00:00,2020,2021-01-23 13:59:57.290,534.4,656.0,136.9,719.7
2020-01-23 15:00:00,2020,2021-01-23 14:59:57.285,492.2,674.6,139.8,626.0
2020-01-23 16:00:00,2020,2021-01-23 15:59:57.280,293.6,522.6,119.8,560.6
2020-01-23 17:00:00,2020,2021-01-23 16:59:57.275,28.9,628.4,66.6,314.0
2020-01-23 18:00:00,2020,2021-01-23 17:59:57.270,145.4,436.1,119.1,421.8
2020-01-23 19:00:00,2020,2021-01-23 18:59:57.265,248.8,478.0,119.4,544.4
2020-01-23 20:00:00,2020,2021-01-23 19:59:57.260,259.4,688.4,144.6,550.3
2020-01-23 21:00:00,2020,2021-01-23 20:59:57.255,424.6,509.1,138.1,654.1
2020-01-23 22:00:00,2020,2021-01-23 21:59:57.250,432.7,839.6,139.4,623.6
2020-01-23 23:00:00,2020,2021-01-23 22:59:57.245,619.5,731.8,133.2,702.7
2020-01-24 00:00:00,2020,2021-01-23 23:59:57.240,667.7,728.1,146.2,757.7
2020-01-24 01:00:00,2020,2021-01-24 00:59:57.235,668.5,644.4,132.9,754.9
2020-01-24 02:00:00,2020,2021-01-24 01:59:57.230,576.4,575.0,126.5,697.5
2020-01-24 03:00:00,2020,2021-01-24 02:59:57.225,460.1,512.4,121.7,730.2
2020-01-24 04:00:00,2020,2021-01-24 03:59:57.220,416.1,550.6,117.9,733.5
2020-01-24 05:00:00,2020,2021-01-24 04:59:57.215,363.5,531.4,135.4,696.2
2020-01-24 06:00:00,2020,2021-01-24 05:59:57.210,235.5,718.8,138.1,636.7
2020-01-24 07:00:00,2020,2021-01-24 06:59:57.205,603.4,788.1,143.6,656.9
2020-01-24 08:00:00,2020,2021-01-24 07:59:57.200,478.7,778.7,143.6,759.0
2020-01-24 09:00:00,2020,2021-01-24 08:59:57.195,641.1,756.8,145.0,764.7
2020-01-24 10:00:00,2020,2021-01-24 09:59:57.190,661.5,768.5,146.1,770.8
2020-01-24 11:00:00,2020,2021-01-24 10:59:57.185,674.4,703.5,146.2,767.8
2020-01-24 12:00:00,2020,2021-01-24 11:59:57.180,505.1,651.1,146.6,753.9
2020-01-24 13:00:00,2020,2021-01-24 12:59:57.175,657.5,687.9,147.1,739.8
2020-01-24 14:00:00,2020,2021-01-24 13:59:57.170,682.2,688.4,146.6,675.5
2020-01-24 15:00:00,2020,2021-01-24 14:59:57.165,611.2,642.7,145.3,586.7
2020-01-24 16:00:00,2020,2021-01-24 15:59:57.160,335.9,547.9,141.7,571.5
2020-01-24 17:00:00,2020,2021-01-24 16:59:57.155,111.7,713.9,132.6,461.4
2020-01-24 18:00:00,2020,2021-01-24 17:59:57.150,315.3,822.6,145.9,430.9
2020-01-24 19:00:00,2020,2021-01-24 18:59:57.145,604.4,803.1,146.0,745.1
2020-01-24 20:00:00,2020,2021-01-24 19:59:57.140,630.6,774.8,145.7,741.8
2020-01-24 21:00:00,2020,2021-01-24 20:59:57.135,608.1,750.3,126.7,692.7
2020-01-24 22:00:00,2020,2021-01-24 21:59:57.130,507.7,592.7,121.3,691.3
2020-01-24 23:00:00,2020,2021-01-24 22:59:57.125,463.8,497.9,138.6,646.3
2020-01-25 00:00:00,2020,2021-01-24 23:59:57.120,352.7,537.0,123.3,630.7
2020-01-25 01:00:00,2020,2021-01-25 00:59:57.115,333.8,674.0,115.9,509.4
2020-01-25 02:00:00,2020,2021-01-25 01:59:57.110,437.3,670.4,109.6,518.0
2020-01-25 03:00:00,2020,2021-01-25 02:59:57.105,219.8,561.7,63.3,428.7
2020-01-25 04:00:00,2020,2021-01-25 03:59:57.100,353.1,526.8,95.8,510.1
2020-01-25 05:00:00,2020,2021-01-25 04:59:57.095,478.4,584.5,108.2,555.5
2020-01-25 06:00:00,2020,2021-01-25 05:59:57.090,676.5,727.1,110.1,657.5
2020-01-25 07:00:00,2020,2021-01-25 06:59:57.085,678.3,831.5,117.2,671.4
2020-01-25 08:00:00,2020,2021-01-25 07:59:57.080,691.3,838.4,141.4,775.7
2020-01-25 09:00:00,2020,2021-01-25 08:59:57.075,711.4,829.8,146.9,791.6
2020-01-25 10:00:00,2020,2021-01-25 09:59:57.070,702.1,815.1,146.2,793.6
2020-01-25 11:00:00,2020,2021-01-25 10:59:57.065,713.5,827.0,147.5,792.4
2020-01-25 12:00:00,2020,2021-01-25 11:59:57.060,711.7,839.8,146.7,799.1
2020-01-25 13:00:00,2020,2021-01-25 12:59:57.055,706.8,838.4,147.2,790.5
2020-01-25 14:00:00,2020,2021-01-25 13:59:57.050,701.6,841.8,147.6,788.5
2020-01-25 15:00:00,2020,2021-01-25 14:59:57.045,702.8,837.2,147.1,780.9
2020-01-25 16:00:00,2020,2021-01-25 15:59:57.040,672.9,802.5,145.8,781.1
2020-01-25 17:00:00,2020,2021-01-25 16:59:57.035,463.7,828.3,123.1,466.6
2020-01-25 18:00:00,2020,2021-01-25 17:59:57.030,663.7,729.4,106.8,598.2
2020-01-25 19:00:00,2020,2021-01-25 18:59:57.025,689.0,681.8,138.5,641.7
2020-01-25 20:00:00,2020,2021-01-25 19:59:57.020,702.1,739.6,134.1,702.3
2020-01-25 21:00:00,2020,2021-01-25 20:59:57.015,695.5,839.2,146.8,774.3
2020-01-25 22:00:00,2020,2021-01-25 21:59:57.010,707.7,837.6,146.7,799.1
2020-01-25 23:00:00,2020,2021-01-25 22:59:57.005,713.5,824.2,147.0,798.9
2020-01-26 00:00:00,2020,2021-01-25 23:59:57.000,713.5,820.8,145.8,799.0
2020-01-26 01:00:00,2020,2021-01-26 00:59:56.995,713.5,817.3,146.7,798.7
2020-01-26 02:00:00,2020,2021-01-26 01:59:56.990,705.2,822.3,147.0,797.6
2020-01-26 03:00:00,2020,2021-01-26 02:59:56.985,706.5,816.5,146.4,795.3
2020-01-26 04:00:00,2020,2021-01-26 03:59:56.980,707.0,789.0,146.4,788.9
2020-01-26 05:00:00,2020,2021-01-26 04:59:56.975,702.2,722.3,144.2,776.0
2020-01-26 06:00:00,2020,2021-01-26 05:59:56.970,644.5,583.2,146.1,776.6
2020-01-26 07:00:00,2020,2021-01-26 06:59:56.965,605.7,416.8,140.2,762.9
2020-01-26 08:00:00,2020,2021-01-26 07:59:56.960,523.9,372.3,138.5,777.0
2020-01-26 09:00:00,2020,2021-01-26 08:59:56.955,579.3,609.1,144.5,756.4
2020-01-26 10:00:00,2020,2021-01-26 09:59:56.950,513.5,506.8,127.5,697.1
2020-01-26 11:00:00,2020,2021-01-26 10:59:56.945,305.3,446.2,143.2,538.0
2020-01-26 12:00:00,2020,2021-01-26 11:59:56.940,217.5,286.9,132.8,543.5
2020-01-26 13:00:00,2020,2021-01-26 12:59:56.935,237.1,222.5,119.0,389.5
2020-01-26 14:00:00,2020,2021-01-26 13:59:56.930,270.7,136.9,117.2,295.6
2020-01-26 15:00:00,2020,2021-01-26 14:59:56.925,590.2,206.0,116.1,410.0
2020-01-26 16:00:00,2020,2021-01-26 15:59:56.920,643.7,300.3,90.1,695.1
2020-01-26 17:00:00,2020,2021-01-26 16:59:56.915,138.2,396.7,47.7,160.3
2020-01-26 18:00:00,2020,2021-01-26 17:59:56.910,546.3,348.2,56.5,391.2
2020-01-26 19:00:00,2020,2021-01-26 18:59:56.905,644.8,554.5,35.0,697.5
2020-01-26 20:00:00,2020,2021-01-26 19:59:56.900,653.0,594.3,80.8,716.5
2020-01-26 21:00:00,2020,2021-01-26 20:59:56.895,659.9,607.1,104.7,759.6
2020-01-26 22:00:00,2020,2021-01-26 21:59:56.890,671.2,658.0,129.6,762.8
2020-01-26 23:00:00,2020,2021-01-26 22:59:56.885,686.2,780.3,140.9,769.8
2020-01-27 00:00:00,2020,2021-01-26 23:59:56.880,706.9,845.7,148.1,750.0
2020-01-27 01:00:00,2020,2021-01-27 00:59:56.875,712.9,836.2,148.2,793.4
2020-01-27 02:00:00,2020,2021-01-27 01:59:56.870,712.6,829.7,146.5,799.1
2020-01-27 03:00:00,2020,2021-01-27 02:59:56.865,656.6,795.3,144.2,799.1
2020-01-27 04:00:00,2020,2021-01-27 03:59:56.860,690.6,775.3,126.3,796.6
2020-01-27 05:00:00,2020,2021-01-27 04:59:56.855,704.5,838.3,113.0,785.2
2020-01-27 06:00:00,2020,2021-01-27 05:59:56.850,707.6,841.4,141.3,793.5
2020-01-27 07:00:00,2020,2021-01-27 06:59:56.845,705.8,845.2,148.1,798.5
2020-01-27 08:00:00,2020,2021-01-27 07:59:56.840,712.6,834.4,148.3,799.1
2020-01-27 09:00:00,2020,2021-01-27 08:59:56.835,710.7,725.1,148.3,799.1
2020-01-27 10:00:00,2020,2021-01-27 09:59:56.830,712.8,701.1,148.3,799.1
2020-01-27 11:00:00,2020,2021-01-27 10:59:56.825,713.5,818.8,148.3,799.1
2020-01-27 12:00:00,2020,2021-01-27 11:59:56.820,713.5,840.3,148.3,799.1
2020-01-27 13:00:00,2020,2021-01-27 12:59:56.815,713.5,845.5,147.7,799.1
2020-01-27 14:00:00,2020,2021-01-27 13:59:56.810,713.5,840.8,148.2,799.1
2020-01-27 15:00:00,2020,2021-01-27 14:59:56.805,713.4,843.3,146.4,793.3
2020-01-27 16:00:00,2020,2021-01-27 15:59:56.800,713.1,711.1,142.3,785.6
2020-01-27 17:00:00,2020,2021-01-27 16:59:56.795,668.3,558.1,30.0,699.8
2020-01-27 18:00:00,2020,2021-01-27 17:59:56.790,710.6,598.4,68.0,762.7
2020-01-27 19:00:00,2020,2021-01-27 18:59:56.785,709.5,840.3,129.3,752.7
2020-01-27 20:00:00,2020,2021-01-27 19:59:56.780,668.3,838.3,132.9,751.7
2020-01-27 21:00:00,2020,2021-01-27 20:59:56.775,657.4,828.1,123.4,784.6
2020-01-27 22:00:00,2020,2021-01-27 21:59:56.770,712.9,758.7,142.7,790.0
2020-01-27 23:00:00,2020,2021-01-27 22:59:56.765,713.5,796.4,146.7,793.8
2020-01-28 00:00:00,2020,2021-01-27 23:59:56.760,713.5,830.1,146.4,796.0
2020-01-28 01:00:00,2020,2021-01-28 00:59:56.755,713.5,825.4,145.9,796.5
2020-01-28 02:00:00,2020,2021-01-28 01:59:56.750,713.0,826.6,147.2,797.9
2020-01-28 03:00:00,2020,2021-01-28 02:59:56.745,712.6,814.7,146.8,797.7
2020-01-28 04:00:00,2020,2021-01-28 03:59:56.740,707.9,818.1,146.3,798.2
2020-01-28 05:00:00,2020,2021-01-28 04:59:56.735,708.6,802.8,137.7,791.8
2020-01-28 06:00:00,2020,2021-01-28 05:59:56.730,698.5,809.5,135.1,760.5
2020-01-28 07:00:00,2020,2021-01-28 06:59:56.725,686.5,788.4,120.7,708.4
2020-01-28 08:00:00,2020,2021-01-28 07:59:56.720,644.5,764.2,118.7,599.5
2020-01-28 09:00:00,2020,2021-01-28 08:59:56.715,584.4,590.2,121.4,572.4
2020-01-28 10:00:00,2020,2021-01-28 09:59:56.710,527.7,398.0,90.6,695.8
2020-01-28 11:00:00,2020,2021-01-28 10:59:56.705,550.9,338.1,53.1,279.3
2020-01-28 12:00:00,2020,2021-01-28 11:59:56.700,213.1,435.7,62.5,194.0
2020-01-28 13:00:00,2020,2021-01-28 12:59:56.695,39.5,724.4,116.4,145.9
2020-01-28 14:00:00,2020,2021-01-28 13:59:56.690,166.5,691.0,86.0,86.8
2020-01-28 15:00:00,2020,2021-01-28 14:59:56.685,221.8,762.3,67.2,622.9
2020-01-28 16:00:00,2020,2021-01-28 15:59:56.680,261.0,649.8,111.9,235.3
2020-01-28 17:00:00,2020,2021-01-28 16:59:56.675,533.2,422.9,99.7,88.7
2020-01-28 18:00:00,2020,2021-01-28 17:59:56.670,522.9,523.8,91.9,495.8
2020-01-28 19:00:00,2020,2021-01-28 18:59:56.665,401.3,420.6,75.3,54.6
2020-01-28 20:00:00,2020,2021-01-28 19:59:56.660,701.7,577.3,129.8,574.0
2020-01-28 21:00:00,2020,2021-01-28 20:59:56.655,706.7,379.2,121.4,768.0
2020-01-28 22:00:00,2020,2021-01-28 21:59:56.650,685.9,395.0,131.1,777.7
2020-01-28 23:00:00,2020,2021-01-28 22:59:56.645,683.3,842.7,141.7,763.8
2020-01-29 00:00:00,2020,2021-01-28 23:59:56.640,704.1,839.6,146.8,773.6
2020-01-29 01:00:00,2020,2021-01-29 00:59:56.635,689.9,839.5,146.1,799.1
2020-01-29 02:00:00,2020,2021-01-29 01:59:56.630,695.8,841.8,146.8,799.1
2020-01-29 03:00:00,2020,2021-01-29 02:59:56.625,709.6,840.8,147.4,791.2
2020-01-29 04:00:00,2020,2021-01-29 03:59:56.620,710.1,820.2,147.4,793.6
2020-01-29 05:00:00,2020,2021-01-29 04:59:56.615,711.0,838.4,147.2,799.1
2020-01-29 06:00:00,2020,2021-01-29 05:59:56.610,711.9,842.2,147.4,792.7
2020-01-29 07:00:00,2020,2021-01-29 06:59:56.605,713.5,837.0,147.1,790.6
2020-01-29 08:00:00,2020,2021-01-29 07:59:56.600,709.8,836.9,146.7,795.2
2020-01-29 09:00:00,2020,2021-01-29 08:59:56.595,702.4,838.6,146.9,792.4
2020-01-29 10:00:00,2020,2021-01-29 09:59:56.590,706.6,837.2,146.7,793.2
2020-01-29 11:00:00,2020,2021-01-29 10:59:56.585,711.2,837.0,146.6,796.1
2020-01-29 12:00:00,2020,2021-01-29 11:59:56.580,709.8,838.2,146.2,794.6
2020-01-29 13:00:00,2020,2021-01-29 12:59:56.575,711.5,835.0,146.8,793.3
2020-01-29 14:00:00,2020,2021-01-29 13:59:56.570,713.5,840.2,147.3,785.4
2020-01-29 15:00:00,2020,2021-01-29 14:59:56.565,713.5,837.8,145.6,776.6
2020-01-29 16:00:00,2020,2021-01-29 15:59:56.560,706.3,839.7,141.6,766.7
2020-01-29 17:00:00,2020,2021-01-29 16:59:56.555,608.4,846.6,126.5,636.6
2020-01-29 18:00:00,2020,2021-01-29 17:59:56.550,677.5,845.3,109.5,685.4
2020-01-29 19:00:00,2020,2021-01-29 18:59:56.545,707.0,836.7,110.4,708.5
2020-01-29 20:00:00,2020,2021-01-29 19:59:56.540,708.6,826.9,109.9,745.8
2020-01-29 21:00:00,2020,2021-01-29 20:59:56.535,708.9,620.5,138.7,752.7
2020-01-29 22:00:00,2020,2021-01-29 21:59:56.530,697.8,527.0,136.3,705.7
2020-01-29 23:00:00,2020,2021-01-29 22:59:56.525,698.7,538.0,110.0,719.8
2020-01-30 00:00:00,2020,2021-01-29 23:59:56.520,708.9,717.7,132.5,738.8
2020-01-30 01:00:00,2020,2021-01-30 00:59:56.515,712.6,828.0,143.3,759.8
2020-01-30 02:00:00,2020,2021-01-30 01:59:56.510,713.1,837.4,142.8,740.0
2020-01-30 03:00:00,2020,2021-01-30 02:59:56.505,712.7,841.3,140.8,654.2
2020-01-30 04:00:00,2020,2021-01-30 03:59:56.500,713.5,838.1,138.8,759.0
2020-01-30 05:00:00,2020,2021-01-30 04:59:56.495,713.5,841.2,129.0,774.6
2020-01-30 06:00:00,2020,2021-01-30 05:59:56.490,713.5,828.5,108.4,775.5
2020-01-30 07:00:00,2020,2021-01-30 06:59:56.485,713.5,834.4,109.5,787.9
2020-01-30 08:00:00,2020,2021-01-30 07:59:56.480,713.5,823.9,142.1,772.6
2020-01-30 09:00:00,2020,2021-01-30 08:59:56.475,713.5,797.4,144.8,793.7
2020-01-30 10:00:00,2020,2021-01-30 09:59:56.470,710.1,686.4,129.8,730.9
2020-01-30 11:00:00,2020,2021-01-30 10:59:56.465,696.7,546.1,136.6,740.7
2020-01-30 12:00:00,2020,2021-01-30 11:59:56.460,591.3,501.7,135.4,583.9
2020-01-30 13:00:00,2020,2021-01-30 12:59:56.455,548.8,402.7,120.9,476.4
2020-01-30 14:00:00,2020,2021-01-30 13:59:56.450,519.1,305.7,92.5,406.4
2020-01-30 15:00:00,2020,2021-01-30 14:59:56.445,373.3,161.1,53.4,290.2
2020-01-30 16:00:00,2020,2021-01-30 15:59:56.440,231.9,157.4,33.6,73.8
2020-01-30 17:00:00,2020,2021-01-30 16:59:56.435,528.3,559.5,110.5,378.7
2020-01-30 18:00:00,2020,2021-01-30 17:59:56.430,529.6,488.8,120.2,608.5
2020-01-30 19:00:00,2020,2021-01-30 18:59:56.425,650.2,397.7,96.7,642.3
2020-01-30 20:00:00,2020,2021-01-30 19:59:56.420,623.2,613.0,116.8,679.8
2020-01-30 21:00:00,2020,2021-01-30 20:59:56.415,600.6,768.1,139.8,622.1
2020-01-30 22:00:00,2020,2021-01-30 21:59:56.410,426.7,805.3,142.4,574.9
2020-01-30 23:00:00,2020,2021-01-30 22:59:56.405,444.7,796.7,145.9,688.6
2020-01-31 00:00:00,2020,2021-01-30 23:59:56.400,594.3,608.1,144.8,772.3
2020-01-31 01:00:00,2020,2021-01-31 00:59:56.395,561.8,410.8,127.8,697.7
2020-01-31 02:00:00,2020,2021-01-31 01:59:56.390,381.8,548.9,143.7,697.1
2020-01-31 03:00:00,2020,2021-01-31 02:59:56.385,513.7,413.4,86.3,672.8
2020-01-31 04:00:00,2020,2021-01-31 03:59:56.380,379.4,294.0,51.5,707.6
2020-01-31 05:00:00,2020,2021-01-31 04:59:56.375,374.8,312.7,39.9,537.0
2020-01-31 06:00:00,2020,2021-01-31 05:59:56.370,154.2,377.8,56.4,420.2
2020-01-31 07:00:00,2020,2021-01-31 06:59:56.365,3.5,353.9,80.4,194.4
2020-01-31 08:00:00,2020,2021-01-31 07:59:56.360,150.2,218.5,55.3,440.7
2020-01-31 09:00:00,2020,2021-01-31 08:59:56.355,225.0,76.3,15.4,309.2
2020-01-31 10:00:00,2020,2021-01-31 09:59:56.350,62.1,28.8,18.0,194.4
2020-01-31 11:00:00,2020,2021-01-31 10:59:56.345,14.8,21.0,19.7,82.0
2020-01-31 12:00:00,2020,2021-01-31 11:59:56.340,23.3,10.5,6.0,116.1
2020-01-31 13:00:00,2020,2021-01-31 12:59:56.335,6.5,5.8,0.5,59.2
2020-01-31 14:00:00,2020,2021-01-31 13:59:56.330,2.7,7.6,0.0,43.0
2020-01-31 15:00:00,2020,2021-01-31 14:59:56.325,19.6,26.9,1.9,89.7
2020-01-31 16:00:00,2020,2021-01-31 15:59:56.320,112.0,93.0,25.1,180.4
2020-01-31 17:00:00,2020,2021-01-31 16:59:56.315,104.1,87.6,22.0,45.7
2020-01-31 18:00:00,2020,2021-01-31 17:59:56.310,359.8,110.9,41.2,497.5
2020-01-31 19:00:00,2020,2021-01-31 18:59:56.305,552.8,197.6,85.8,786.7
2020-01-31 20:00:00,2020,2021-01-31 19:59:56.300,705.1,98.6,120.5,795.6
2020-01-31 21:00:00,2020,2021-01-31 20:59:56.295,711.2,51.7,133.2,799.0
2020-01-31 22:00:00,2020,2021-01-31 21:59:56.290,710.6,1.0,123.0,788.3
2020-01-31 23:00:00,2020,2021-01-31 22:59:56.285,708.7,226.3,141.0,782.0
2020-02-01 00:00:00,2020,2021-01-31 23:59:56.280,711.7,317.7,140.3,776.2
2020-02-01 01:00:00,2020,2021-02-01 00:59:56.275,712.1,558.4,127.1,708.9
2020-02-01 02:00:00,2020,2021-02-01 01:59:56.270,712.3,585.2,129.3,799.1
2020-02-01 03:00:00,2020,2021-02-01 02:59:56.265,712.1,337.8,135.0,798.3
2020-02-01 04:00:00,2020,2021-02-01 03:59:56.260,712.1,510.5,129.2,784.8
2020-02-01 05:00:00,2020,2021-02-01 04:59:56.255,712.2,781.6,143.6,791.9
2020-02-01 06:00:00,2020,2021-02-01 05:59:56.250,710.6,838.6,146.2,787.5
2020-02-01 07:00:00,2020,2021-02-01 06:59:56.245,706.6,839.3,145.0,789.8
2020-02-01 08:00:00,2020,2021-02-01 07:59:56.240,711.8,841.0,146.6,798.3
2020-02-01 09:00:00,2020,2021-02-01 08:59:56.235,713.5,846.4,148.2,798.4
2020-02-01 10:00:00,2020,2021-02-01 09:59:56.230,696.1,834.0,147.9,767.6
2020-02-01 11:00:00,2020,2021-02-01 10:59:56.225,680.8,683.4,147.0,783.4
2020-02-01 12:00:00,2020,2021-02-01 11:59:56.220,679.7,432.7,90.0,732.5
2020-02-01 13:00:00,2020,2021-02-01 12:59:56.215,713.3,839.6,147.3,784.2
2020-02-01 14:00:00,2020,2021-02-01 13:59:56.210,683.3,831.7,147.6,790.2
2020-02-01 15:00:00,2020,2021-02-01 14:59:56.205,662.1,838.2,147.9,789.2
2020-02-01 16:00:00,2020,2021-02-01 15:59:56.200,671.6,435.2,147.7,735.4
2020-02-01 17:00:00,2020,2021-02-01 16:59:56.195,669.8,771.2,148.0,659.5
2020-02-01 18:00:00,2020,2021-02-01 17:59:56.190,649.9,763.7,142.2,589.2
2020-02-01 19:00:00,2020,2021-02-01 18:59:56.185,621.6,615.0,114.7,664.0
2020-02-01 20:00:00,2020,2021-02-01 19:59:56.180,637.8,336.6,62.8,656.0
2020-02-01 21:00:00,2020,2021-02-01 20:59:56.175,629.4,458.9,75.5,657.0
2020-02-01 22:00:00,2020,2021-02-01 21:59:56.170,629.2,616.9,97.0,612.0
2020-02-01 23:00:00,2020,2021-02-01 22:59:56.165,629.1,780.2,85.9,594.8
2020-02-02 00:00:00,2020,2021-02-01 23:59:56.160,629.1,826.0,118.1,558.4
2020-02-02 01:00:00,2020,2021-02-02 00:59:56.155,628.1,815.6,147.2,516.8
2020-02-02 02:00:00,2020,2021-02-02 01:59:56.150,637.6,823.3,147.9,490.3
2020-02-02 03:00:00,2020,2021-02-02 02:59:56.145,639.6,828.6,146.7,578.4
2020-02-02 04:00:00,2020,2021-02-02 03:59:56.140,607.7,798.5,147.8,625.3
2020-02-02 05:00:00,2020,2021-02-02 04:59:56.135,512.7,735.4,144.4,766.3
2020-02-02 06:00:00,2020,2021-02-02 05:59:56.130,505.0,736.9,140.9,795.4
2020-02-02 07:00:00,2020,2021-02-02 06:59:56.125,552.3,657.9,141.5,799.1
2020-02-02 08:00:00,2020,2021-02-02 07:59:56.120,712.8,406.2,148.3,799.1
2020-02-02 09:00:00,2020,2021-02-02 08:59:56.115,699.7,215.0,148.0,798.0
2020-02-02 10:00:00,2020,2021-02-02 09:59:56.110,565.4,44.9,126.5,782.4
2020-02-02 11:00:00,2020,2021-02-02 10:59:56.105,454.0,1.2,95.5,765.8
2020-02-02 12:00:00,2020,2021-02-02 11:59:56.100,276.2,0.8,88.7,678.1
2020-02-02 13:00:00,2020,2021-02-02 12:59:56.095,137.0,0.0,66.2,507.0
2020-02-02 14:00:00,2020,2021-02-02 13:59:56.090,5.2,0.4,52.2,251.9
2020-02-02 15:00:00,2020,2021-02-02 14:59:56.085,0.0,1.6,40.9,86.9
2020-02-02 16:00:00,2020,2021-02-02 15:59:56.080,0.0,4.3,36.3,0.0
2020-02-02 17:00:00,2020,2021-02-02 16:59:56.075,0.6,3.8,16.7,8.8
2020-02-02 18:00:00,2020,2021-02-02 17:59:56.070,233.5,9.2,32.8,0.0
2020-02-02 19:00:00,2020,2021-02-02 18:59:56.065,218.8,1.0,19.9,2.0
2020-02-02 20:00:00,2020,2021-02-02 19:59:56.060,118.0,0.3,11.3,112.5
2020-02-02 21:00:00,2020,2021-02-02 20:59:56.055,221.8,1.0,6.3,309.7
2020-02-02 22:00:00,2020,2021-02-02 21:59:56.050,369.8,1.5,1.1,227.3
2020-02-02 23:00:00,2020,2021-02-02 22:59:56.045,472.7,7.6,0.1,459.4
2020-02-03 00:00:00,2020,2021-02-02 23:59:56.040,489.5,31.9,0.0,571.7
2020-02-03 01:00:00,2020,2021-02-03 00:59:56.035,558.3,67.9,0.0,619.4
2020-02-03 02:00:00,2020,2021-02-03 01:59:56.030,635.3,65.8,0.0,603.3
2020-02-03 03:00:00,2020,2021-02-03 02:59:56.025,651.9,46.1,0.5,565.2
2020-02-03 04:00:00,2020,2021-02-03 03:59:56.020,652.4,42.5,7.7,465.4
2020-02-03 05:00:00,2020,2021-02-03 04:59:56.015,652.1,28.1,17.7,341.4
2020-02-03 06:00:00,2020,2021-02-03 05:59:56.010,651.3,44.4,25.9,345.9
2020-02-03 07:00:00,2020,2021-02-03 06:59:56.005,650.4,32.1,23.1,374.1
2020-02-03 08:00:00,2020,2021-02-03 07:59:56.000,646.9,28.5,15.0,243.5
2020-02-03 09:00:00,2020,2021-02-03 08:59:55.995,633.3,34.5,16.8,282.8
2020-02-03 10:00:00,2020,2021-02-03 09:59:55.990,479.8,41.2,28.1,164.6
2020-02-03 11:00:00,2020,2021-02-03 10:59:55.985,204.2,38.9,24.3,130.9
2020-02-03 12:00:00,2020,2021-02-03 11:59:55.980,189.5,27.5,10.5,227.1
2020-02-03 13:00:00,2020,2021-02-03 12:59:55.975,297.5,15.9,4.3,239.9
2020-02-03 14:00:00,2020,2021-02-03 13:59:55.970,289.7,8.2,2.2,128.0
2020-02-03 15:00:00,2020,2021-02-03 14:59:55.965,180.0,6.1,1.4,80.8
2020-02-03 16:00:00,2020,2021-02-03 15:59:55.960,126.2,3.3,1.4,54.3
2020-02-03 17:00:00,2020,2021-02-03 16:59:55.955,15.4,2.4,1.7,2.5
2020-02-03 18:00:00,2020,2021-02-03 17:59:55.950,1.7,34.2,1.8,14.1
2020-02-03 19:00:00,2020,2021-02-03 18:59:55.945,11.4,54.4,0.9,7.1
2020-02-03 20:00:00,2020,2021-02-03 19:59:55.940,82.7,1.3,0.0,8.9
2020-02-03 21:00:00,2020,2021-02-03 20:59:55.935,96.4,0.3,0.0,14.0
2020-02-03 22:00:00,2020,2021-02-03 21:59:55.930,85.6,8.2,0.1,9.6
2020-02-03 23:00:00,2020,2021-02-03 22:59:55.925,37.3,7.8,2.1,4.4
2020-02-04 00:00:00,2020,2021-02-03 23:59:55.920,23.1,10.5,9.2,11.7
2020-02-04 01:00:00,2020,2021-02-04 00:59:55.915,6.7,4.9,23.8,11.5
2020-02-04 02:00:00,2020,2021-02-04 01:59:55.910,5.5,2.9,21.0,11.3
2020-02-04 03:00:00,2020,2021-02-04 02:59:55.905,10.7,0.9,16.4,7.6
2020-02-04 04:00:00,2020,2021-02-04 03:59:55.900,30.4,0.3,14.0,2.9
2020-02-04 05:00:00,2020,2021-02-04 04:59:55.895,59.5,0.6,10.7,7.7
2020-02-04 06:00:00,2020,2021-02-04 05:59:55.890,68.1,0.6,11.0,6.6
2020-02-04 07:00:00,2020,2021-02-04 06:59:55.885,69.9,0.7,10.7,6.2
2020-02-04 08:00:00,2020,2021-02-04 07:59:55.880,91.2,1.9,10.5,3.3
2020-02-04 09:00:00,2020,2021-02-04 08:59:55.875,88.8,2.3,9.1,4.3
2020-02-04 10:00:00,2020,2021-02-04 09:59:55.870,54.3,7.4,5.0,12.7
2020-02-04 11:00:00,2020,2021-02-04 10:59:55.865,7.7,7.0,2.8,0.0
2020-02-04 12:00:00,2020,2021-02-04 11:59:55.860,1.6,0.7,1.7,0.0
2020-02-04 13:00:00,2020,2021-02-04 12:59:55.855,0.6,0.0,0.8,0.0
2020-02-04 14:00:00,2020,2021-02-04 13:59:55.850,0.0,0.1,0.4,0.0
2020-02-04 15:00:00,2020,2021-02-04 14:59:55.845,0.3,0.0,0.0,0.0
2020-02-04 16:00:00,2020,2021-02-04 15:59:55.840,0.3,1.1,0.4,0.2
2020-02-04 17:00:00,2020,2021-02-04 16:59:55.835,57.4,5.9,0.1,0.4
2020-02-04 18:00:00,2020,2021-02-04 17:59:55.830,402.2,18.5,0.1,22.0
2020-02-04 19:00:00,2020,2021-02-04 18:59:55.825,563.0,48.0,2.0,83.2
2020-02-04 20:00:00,2020,2021-02-04 19:59:55.820,619.7,46.0,0.0,175.3
2020-02-04 21:00:00,2020,2021-02-04 20:59:55.815,610.5,45.7,0.0,209.3
2020-02-04 22:00:00,2020,2021-02-04 21:59:55.810,603.2,42.1,0.0,340.7
2020-02-04 23:00:00,2020,2021-02-04 22:59:55.805,588.6,37.5,0.0,300.0
2020-02-05 00:00:00,2020,2021-02-04 23:59:55.800,603.7,108.2,1.0,415.8
2020-02-05 01:00:00,2020,2021-02-05 00:59:55.795,532.4,216.4,12.6,453.3
2020-02-05 02:00:00,2020,2021-02-05 01:59:55.790,485.6,239.1,28.8,602.0
2020-02-05 03:00:00,2020,2021-02-05 02:59:55.785,521.9,206.1,38.4,585.8
2020-02-05 04:00:00,2020,2021-02-05 03:59:55.780,562.9,189.0,45.1,488.4
2020-02-05 05:00:00,2020,2021-02-05 04:59:55.775,584.8,166.2,48.1,500.5
2020-02-05 06:00:00,2020,2021-02-05 05:59:55.770,605.3,99.4,47.5,578.8
2020-02-05 07:00:00,2020,2021-02-05 06:59:55.765,618.7,112.3,45.6,579.9
2020-02-05 08:00:00,2020,2021-02-05 07:59:55.760,620.4,170.9,38.8,586.2
2020-02-05 09:00:00,2020,2021-02-05 08:59:55.755,571.5,203.8,41.9,557.2
2020-02-05 10:00:00,2020,2021-02-05 09:59:55.750,392.7,208.7,43.3,455.0
2020-02-05 11:00:00,2020,2021-02-05 10:59:55.745,180.8,166.6,12.8,232.0
2020-02-05 12:00:00,2020,2021-02-05 11:59:55.740,96.3,72.6,2.6,146.4
2020-02-05 13:00:00,2020,2021-02-05 12:59:55.735,64.4,11.9,0.8,126.1
2020-02-05 14:00:00,2020,2021-02-05 13:59:55.730,51.1,10.5,2.4,90.3
2020-02-05 15:00:00,2020,2021-02-05 14:59:55.725,53.0,0.2,0.0,48.3
2020-02-05 16:00:00,2020,2021-02-05 15:59:55.720,29.5,0.2,0.0,17.4
2020-02-05 17:00:00,2020,2021-02-05 16:59:55.715,0.0,13.5,1.2,0.0
2020-02-05 18:00:00,2020,2021-02-05 17:59:55.710,4.1,59.3,11.1,5.4
2020-02-05 19:00:00,2020,2021-02-05 18:59:55.705,24.6,111.7,14.8,7.1
2020-02-05 20:00:00,2020,2021-02-05 19:59:55.700,17.1,178.7,20.5,8.8
2020-02-05 21:00:00,2020,2021-02-05 20:59:55.695,51.1,217.6,25.1,2.7
2020-02-05 22:00:00,2020,2021-02-05 21:59:55.690,25.1,182.1,26.4,0.0
2020-02-05 23:00:00,2020,2021-02-05 22:59:55.685,12.7,197.1,28.9,0.0
2020-02-06 00:00:00,2020,2021-02-05 23:59:55.680,9.6,282.5,46.4,0.0
2020-02-06 01:00:00,2020,2021-02-06 00:59:55.675,25.4,363.6,57.3,0.0
2020-02-06 02:00:00,2020,2021-02-06 01:59:55.670,0.0,493.3,51.3,0.0
2020-02-06 03:00:00,2020,2021-02-06 02:59:55.665,0.0,608.5,48.9,1.5
2020-02-06 04:00:00,2020,2021-02-06 03:59:55.660,0.0,654.6,66.7,5.7
2020-02-06 05:00:00,2020,2021-02-06 04:59:55.655,0.0,606.6,71.3,5.6
2020-02-06 06:00:00,2020,2021-02-06 05:59:55.650,0.0,642.5,77.2,6.3
2020-02-06 07:00:00,2020,2021-02-06 06:59:55.645,0.8,684.4,76.7,5.0
2020-02-06 08:00:00,2020,2021-02-06 07:59:55.640,5.8,705.6,67.4,23.3
2020-02-06 09:00:00,2020,2021-02-06 08:59:55.635,5.1,689.7,54.2,27.7
2020-02-06 10:00:00,2020,2021-02-06 09:59:55.630,2.8,561.2,24.5,8.3
2020-02-06 11:00:00,2020,2021-02-06 10:59:55.625,0.4,569.5,21.0,10.7
2020-02-06 12:00:00,2020,2021-02-06 11:59:55.620,0.0,518.9,19.7,17.0
2020-02-06 13:00:00,2020,2021-02-06 12:59:55.615,1.3,529.5,18.0,25.9
2020-02-06 14:00:00,2020,2021-02-06 13:59:55.610,3.2,586.9,19.7,35.5
2020-02-06 15:00:00,2020,2021-02-06 14:59:55.605,25.9,533.6,22.0,45.9
2020-02-06 16:00:00,2020,2021-02-06 15:59:55.600,0.0,581.2,30.3,42.8
2020-02-06 17:00:00,2020,2021-02-06 16:59:55.595,4.6,109.4,1.5,30.0
2020-02-06 18:00:00,2020,2021-02-06 17:59:55.590,61.6,272.7,16.7,68.6
2020-02-06 19:00:00,2020,2021-02-06 18:59:55.585,45.1,350.5,28.6,88.5
2020-02-06 20:00:00,2020,2021-02-06 19:59:55.580,35.4,437.1,21.6,14.5
2020-02-06 21:00:00,2020,2021-02-06 20:59:55.575,46.8,470.1,10.0,59.3
2020-02-06 22:00:00,2020,2021-02-06 21:59:55.570,89.9,502.5,9.1,75.5
2020-02-06 23:00:00,2020,2021-02-06 22:59:55.565,135.9,503.9,14.8,118.2
2020-02-07 00:00:00,2020,2021-02-06 23:59:55.560,175.9,613.0,24.7,200.5
2020-02-07 01:00:00,2020,2021-02-07 00:59:55.555,232.2,742.9,17.0,248.6
2020-02-07 02:00:00,2020,2021-02-07 01:59:55.550,288.7,747.7,15.5,323.0
2020-02-07 03:00:00,2020,2021-02-07 02:59:55.545,299.8,778.4,20.9,485.7
2020-02-07 04:00:00,2020,2021-02-07 03:59:55.540,280.8,765.3,21.8,496.3
2020-02-07 05:00:00,2020,2021-02-07 04:59:55.535,268.8,770.4,23.1,477.7
2020-02-07 06:00:00,2020,2021-02-07 05:59:55.530,288.0,753.0,26.0,538.6
2020-02-07 07:00:00,2020,2021-02-07 06:59:55.525,326.5,753.4,28.0,541.0
2020-02-07 08:00:00,2020,2021-02-07 07:59:55.520,310.6,751.0,24.1,567.7
2020-02-07 09:00:00,2020,2021-02-07 08:59:55.515,270.1,710.5,19.4,376.0
2020-02-07 10:00:00,2020,2021-02-07 09:59:55.510,223.6,651.6,18.0,400.9
2020-02-07 11:00:00,2020,2021-02-07 10:59:55.505,220.6,643.1,20.1,388.6
2020-02-07 12:00:00,2020,2021-02-07 11:59:55.500,247.7,655.1,16.5,443.8
2020-02-07 13:00:00,2020,2021-02-07 12:59:55.495,332.7,667.6,14.3,427.2
2020-02-07 14:00:00,2020,2021-02-07 13:59:55.490,339.2,673.4,15.7,437.7
2020-02-07 15:00:00,2020,2021-02-07 14:59:55.485,325.0,689.3,19.9,448.5
2020-02-07 16:00:00,2020,2021-02-07 15:59:55.480,276.3,666.2,25.0,411.7
2020-02-07 17:00:00,2020,2021-02-07 16:59:55.475,248.2,578.5,6.8,420.3
2020-02-07 18:00:00,2020,2021-02-07 17:59:55.470,273.7,573.8,18.2,411.4
2020-02-07 19:00:00,2020,2021-02-07 18:59:55.465,294.7,526.9,23.2,372.8
2020-02-07 20:00:00,2020,2021-02-07 19:59:55.460,301.8,548.9,20.5,313.3
2020-02-07 21:00:00,2020,2021-02-07 20:59:55.455,378.3,547.1,23.5,232.7
2020-02-07 22:00:00,2020,2021-02-07 21:59:55.450,322.7,546.2,8.5,140.7
2020-02-07 23:00:00,2020,2021-02-07 22:59:55.445,242.7,530.9,7.2,78.3
2020-02-08 00:00:00,2020,2021-02-07 23:59:55.440,132.5,491.8,11.7,35.8
2020-02-08 01:00:00,2020,2021-02-08 00:59:55.435,63.9,412.1,36.9,31.3
2020-02-08 02:00:00,2020,2021-02-08 01:59:55.430,10.5,314.3,51.9,38.8
2020-02-08 03:00:00,2020,2021-02-08 02:59:55.425,7.1,218.7,63.1,73.8
2020-02-08 04:00:00,2020,2021-02-08 03:59:55.420,13.8,148.6,62.6,108.7
2020-02-08 05:00:00,2020,2021-02-08 04:59:55.415,41.6,137.4,61.2,109.2
2020-02-08 06:00:00,2020,2021-02-08 05:59:55.410,52.2,160.4,58.0,70.4
2020-02-08 07:00:00,2020,2021-02-08 06:59:55.405,58.3,177.0,56.8,68.6
2020-02-08 08:00:00,2020,2021-02-08 07:59:55.400,92.5,151.4,41.1,76.6
2020-02-08 09:00:00,2020,2021-02-08 08:59:55.395,74.8,107.4,30.1,74.3
2020-02-08 10:00:00,2020,2021-02-08 09:59:55.390,26.7,75.2,17.0,13.8
2020-02-08 11:00:00,2020,2021-02-08 10:59:55.385,0.4,62.8,13.6,1.4
2020-02-08 12:00:00,2020,2021-02-08 11:59:55.380,0.9,58.6,12.8,0.0
2020-02-08 13:00:00,2020,2021-02-08 12:59:55.375,2.1,59.1,11.2,0.0
2020-02-08 14:00:00,2020,2021-02-08 13:59:55.370,3.0,65.1,9.6,0.0
2020-02-08 15:00:00,2020,2021-02-08 14:59:55.365,3.9,68.9,6.8,0.7
2020-02-08 16:00:00,2020,2021-02-08 15:59:55.360,5.1,52.1,4.0,0.4
2020-02-08 17:00:00,2020,2021-02-08 16:59:55.355,1.8,14.6,2.4,0.0
2020-02-08 18:00:00,2020,2021-02-08 17:59:55.350,5.3,5.7,1.0,0.0
2020-02-08 19:00:00,2020,2021-02-08 18:59:55.345,1.2,13.3,1.6,13.4
2020-02-08 20:00:00,2020,2021-02-08 19:59:55.340,0.0,16.5,3.9,41.3
2020-02-08 21:00:00,2020,2021-02-08 20:59:55.335,0.3,13.9,7.6,42.4
2020-02-08 22:00:00,2020,2021-02-08 21:59:55.330,3.7,13.9,9.7,41.9
2020-02-08 23:00:00,2020,2021-02-08 22:59:55.325,11.7,8.1,10.0,43.2
2020-02-09 00:00:00,2020,2021-02-08 23:59:55.320,11.9,1.4,8.5,45.5
2020-02-09 01:00:00,2020,2021-02-09 00:59:55.315,19.5,0.2,9.1,48.4
2020-02-09 02:00:00,2020,2021-02-09 01:59:55.310,18.1,0.0,5.0,31.5
2020-02-09 03:00:00,2020,2021-02-09 02:59:55.305,26.1,0.0,1.0,16.3
2020-02-09 04:00:00,2020,2021-02-09 03:59:55.300,21.4,0.0,0.1,1.6
2020-02-09 05:00:00,2020,2021-02-09 04:59:55.295,26.4,0.0,2.2,16.9
2020-02-09 06:00:00,2020,2021-02-09 05:59:55.290,25.8,0.0,0.5,35.2
2020-02-09 07:00:00,2020,2021-02-09 06:59:55.285,24.9,0.0,0.0,34.0
2020-02-09 08:00:00,2020,2021-02-09 07:59:55.280,24.9,0.0,0.0,45.5
2020-02-09 09:00:00,2020,2021-02-09 08:59:55.275,24.1,0.0,0.0,50.8
2020-02-09 10:00:00,2020,2021-02-09 09:59:55.270,0.0,0.0,0.0,50.6
2020-02-09 11:00:00,2020,2021-02-09 10:59:55.265,0.0,0.0,0.0,36.7
2020-02-09 12:00:00,2020,2021-02-09 11:59:55.260,0.0,0.0,0.0,68.3
2020-02-09 13:00:00,2020,2021-02-09 12:59:55.255,0.0,0.4,0.0,13.9
2020-02-09 14:00:00,2020,2021-02-09 13:59:55.250,0.0,1.7,0.0,0.0
2020-02-09 15:00:00,2020,2021-02-09 14:59:55.245,0.0,0.3,0.0,0.0
2020-02-09 16:00:00,2020,2021-02-09 15:59:55.240,0.0,0.3,0.0,0.0
2020-02-09 17:00:00,2020,2021-02-09 16:59:55.235,0.0,1.9,0.0,0.0
2020-02-09 18:00:00,2020,2021-02-09 17:59:55.230,0.0,0.9,0.5,0.0
2020-02-09 19:00:00,2020,2021-02-09 18:59:55.225,3.2,0.5,0.0,0.0
2020-02-09 20:00:00,2020,2021-02-09 19:59:55.220,39.6,0.0,0.0,18.0
2020-02-09 21:00:00,2020,2021-02-09 20:59:55.215,68.0,0.1,0.9,30.7
2020-02-09 22:00:00,2020,2021-02-09 21:59:55.210,104.6,0.5,2.0,23.2
2020-02-09 23:00:00,2020,2021-02-09 22:59:55.205,112.3,0.8,0.4,40.7
2020-02-10 00:00:00,2020,2021-02-09 23:59:55.200,107.9,1.6,0.0,36.6
2020-02-10 01:00:00,2020,2021-02-10 00:59:55.195,96.5,4.6,0.0,43.4
2020-02-10 02:00:00,2020,2021-02-10 01:59:55.190,122.6,2.7,0.0,93.6
2020-02-10 03:00:00,2020,2021-02-10 02:59:55.185,102.1,19.0,0.1,103.1
2020-02-10 04:00:00,2020,2021-02-10 03:59:55.180,80.8,52.1,0.7,129.6
2020-02-10 05:00:00,2020,2021-02-10 04:59:55.175,72.9,100.9,3.7,188.3
2020-02-10 06:00:00,2020,2021-02-10 05:59:55.170,49.7,91.4,6.1,178.4
2020-02-10 07:00:00,2020,2021-02-10 06:59:55.165,86.5,79.9,8.1,205.4
2020-02-10 08:00:00,2020,2021-02-10 07:59:55.160,44.2,88.2,16.6,317.7
2020-02-10 09:00:00,2020,2021-02-10 08:59:55.155,138.6,102.6,34.4,363.7
2020-02-10 10:00:00,2020,2021-02-10 09:59:55.150,93.2,150.6,49.1,242.7
2020-02-10 11:00:00,2020,2021-02-10 10:59:55.145,85.2,54.7,20.9,257.0
2020-02-10 12:00:00,2020,2021-02-10 11:59:55.140,168.8,127.7,32.5,344.9
2020-02-10 13:00:00,2020,2021-02-10 12:59:55.135,342.0,296.8,37.2,476.1
2020-02-10 14:00:00,2020,2021-02-10 13:59:55.130,507.7,97.4,20.0,488.1
2020-02-10 15:00:00,2020,2021-02-10 14:59:55.125,585.8,28.3,9.3,481.3
2020-02-10 16:00:00,2020,2021-02-10 15:59:55.120,591.7,49.4,1.4,420.4
2020-02-10 17:00:00,2020,2021-02-10 16:59:55.115,595.3,253.8,31.4,561.6
2020-02-10 18:00:00,2020,2021-02-10 17:59:55.110,664.3,609.6,51.7,693.6
2020-02-10 19:00:00,2020,2021-02-10 18:59:55.105,670.0,785.2,102.8,687.2
2020-02-10 20:00:00,2020,2021-02-10 19:59:55.100,662.9,686.6,105.4,673.2
2020-02-10 21:00:00,2020,2021-02-10 20:59:55.095,603.8,704.8,112.7,527.2
2020-02-10 22:00:00,2020,2021-02-10 21:59:55.090,591.1,760.8,118.2,423.3
2020-02-10 23:00:00,2020,2021-02-10 22:59:55.085,623.3,327.3,66.8,466.0
2020-02-11 00:00:00,2020,2021-02-10 23:59:55.080,525.8,42.0,20.7,533.6
2020-02-11 01:00:00,2020,2021-02-11 00:59:55.075,345.1,1.1,27.3,415.4
2020-02-11 02:00:00,2020,2021-02-11 01:59:55.070,223.3,1.6,25.4,419.2
2020-02-11 03:00:00,2020,2021-02-11 02:59:55.065,204.8,6.3,27.3,475.3
2020-02-11 04:00:00,2020,2021-02-11 03:59:55.060,252.5,29.2,23.3,504.5
2020-02-11 05:00:00,2020,2021-02-11 04:59:55.055,411.9,73.6,19.6,542.7
2020-02-11 06:00:00,2020,2021-02-11 05:59:55.050,412.7,87.5,14.5,575.9
2020-02-11 07:00:00,2020,2021-02-11 06:59:55.045,326.4,140.0,21.5,554.6
2020-02-11 08:00:00,2020,2021-02-11 07:59:55.040,285.6,162.6,38.7,430.9
2020-02-11 09:00:00,2020,2021-02-11 08:59:55.035,293.1,35.0,35.2,287.5
2020-02-11 10:00:00,2020,2021-02-11 09:59:55.030,287.5,0.0,20.2,241.6
2020-02-11 11:00:00,2020,2021-02-11 10:59:55.025,235.9,1.7,13.3,79.4
2020-02-11 12:00:00,2020,2021-02-11 11:59:55.020,119.6,0.4,8.8,16.8
2020-02-11 13:00:00,2020,2021-02-11 12:59:55.015,37.9,1.0,0.1,1.2
2020-02-11 14:00:00,2020,2021-02-11 13:59:55.010,28.4,8.3,0.0,36.0
2020-02-11 15:00:00,2020,2021-02-11 14:59:55.005,32.8,0.0,0.5,33.1
2020-02-11 16:00:00,2020,2021-02-11 15:59:55.000,32.0,0.8,0.0,27.9
2020-02-11 17:00:00,2020,2021-02-11 16:59:54.995,0.6,85.5,6.7,2.0
2020-02-11 18:00:00,2020,2021-02-11 17:59:54.990,13.8,123.1,10.3,37.3
2020-02-11 19:00:00,2020,2021-02-11 18:59:54.985,33.5,224.6,10.1,77.0
2020-02-11 20:00:00,2020,2021-02-11 19:59:54.980,43.4,276.7,11.1,62.6
2020-02-11 21:00:00,2020,2021-02-11 20:59:54.975,28.5,362.8,10.0,110.9
2020-02-11 22:00:00,2020,2021-02-11 21:59:54.970,18.4,470.5,11.1,95.8
2020-02-11 23:00:00,2020,2021-02-11 22:59:54.965,2.2,530.1,16.5,62.7
2020-02-12 00:00:00,2020,2021-02-11 23:59:54.960,9.0,588.7,34.4,45.5
2020-02-12 01:00:00,2020,2021-02-12 00:59:54.955,24.0,626.2,35.8,19.4
2020-02-12 02:00:00,2020,2021-02-12 01:59:54.950,32.5,705.6,33.6,14.6
2020-02-12 03:00:00,2020,2021-02-12 02:59:54.945,18.0,731.4,40.2,14.4
2020-02-12 04:00:00,2020,2021-02-12 03:59:54.940,0.6,715.3,45.1,29.0
2020-02-12 05:00:00,2020,2021-02-12 04:59:54.935,0.0,653.4,48.4,49.3
2020-02-12 06:00:00,2020,2021-02-12 05:59:54.930,0.0,617.8,57.4,31.3
2020-02-12 07:00:00,2020,2021-02-12 06:59:54.925,13.0,664.9,63.9,26.8
2020-02-12 08:00:00,2020,2021-02-12 07:59:54.920,14.6,667.3,58.6,17.8
2020-02-12 09:00:00,2020,2021-02-12 08:59:54.915,5.1,650.1,53.1,3.6
2020-02-12 10:00:00,2020,2021-02-12 09:59:54.910,6.3,543.8,31.3,12.1
2020-02-12 11:00:00,2020,2021-02-12 10:59:54.905,15.7,488.4,22.5,16.4
2020-02-12 12:00:00,2020,2021-02-12 11:59:54.900,15.6,346.1,13.1,12.4
2020-02-12 13:00:00,2020,2021-02-12 12:59:54.895,16.1,159.5,13.9,7.8
2020-02-12 14:00:00,2020,2021-02-12 13:59:54.890,3.4,60.5,12.6,14.8
2020-02-12 15:00:00,2020,2021-02-12 14:59:54.885,0.0,18.4,13.9,41.9
2020-02-12 16:00:00,2020,2021-02-12 15:59:54.880,1.5,7.7,16.3,28.7
2020-02-12 17:00:00,2020,2021-02-12 16:59:54.875,56.2,0.0,3.0,5.2
2020-02-12 18:00:00,2020,2021-02-12 17:59:54.870,84.5,0.0,4.8,35.7
2020-02-12 19:00:00,2020,2021-02-12 18:59:54.865,106.3,0.0,3.1,31.2
2020-02-12 20:00:00,2020,2021-02-12 19:59:54.860,84.0,0.0,5.5,84.0
2020-02-12 21:00:00,2020,2021-02-12 20:59:54.855,58.5,20.0,18.9,133.3
2020-02-12 22:00:00,2020,2021-02-12 21:59:54.850,48.8,108.7,39.7,126.2
2020-02-12 23:00:00,2020,2021-02-12 22:59:54.845,38.7,123.9,36.3,132.2
2020-02-13 00:00:00,2020,2021-02-12 23:59:54.840,67.1,32.4,24.5,96.2
2020-02-13 01:00:00,2020,2021-02-13 00:59:54.835,122.1,1.8,40.6,54.7
2020-02-13 02:00:00,2020,2021-02-13 01:59:54.830,150.4,0.0,31.9,67.3
2020-02-13 03:00:00,2020,2021-02-13 02:59:54.825,167.4,0.0,11.6,108.2
2020-02-13 04:00:00,2020,2021-02-13 03:59:54.820,151.1,0.0,0.0,140.0
2020-02-13 05:00:00,2020,2021-02-13 04:59:54.815,163.3,0.0,0.0,54.2
2020-02-13 06:00:00,2020,2021-02-13 05:59:54.810,135.2,26.5,0.0,111.4
2020-02-13 07:00:00,2020,2021-02-13 06:59:54.805,178.9,105.9,6.8,85.0
2020-02-13 08:00:00,2020,2021-02-13 07:59:54.800,206.8,165.5,14.5,33.6
2020-02-13 09:00:00,2020,2021-02-13 08:59:54.795,219.6,259.4,13.6,29.1
2020-02-13 10:00:00,2020,2021-02-13 09:59:54.790,252.8,305.8,12.0,8.3
2020-02-13 11:00:00,2020,2021-02-13 10:59:54.785,233.7,304.7,18.2,24.2
2020-02-13 12:00:00,2020,2021-02-13 11:59:54.780,203.3,304.6,27.5,109.2
2020-02-13 13:00:00,2020,2021-02-13 12:59:54.775,187.9,334.4,24.7,155.1
2020-02-13 14:00:00,2020,2021-02-13 13:59:54.770,133.2,406.8,23.9,102.8
2020-02-13 15:00:00,2020,2021-02-13 14:59:54.765,122.4,521.2,50.8,126.2
2020-02-13 16:00:00,2020,2021-02-13 15:59:54.760,116.4,688.4,63.7,137.7
2020-02-13 17:00:00,2020,2021-02-13 16:59:54.755,143.4,716.4,105.0,273.1
2020-02-13 18:00:00,2020,2021-02-13 17:59:54.750,422.8,783.3,135.4,388.5
2020-02-13 19:00:00,2020,2021-02-13 18:59:54.745,531.7,831.3,144.5,561.1
2020-02-13 20:00:00,2020,2021-02-13 19:59:54.740,519.9,844.6,147.3,643.8
2020-02-13 21:00:00,2020,2021-02-13 20:59:54.735,464.6,845.7,147.8,646.8
2020-02-13 22:00:00,2020,2021-02-13 21:59:54.730,421.1,845.7,147.6,626.0
2020-02-13 23:00:00,2020,2021-02-13 22:59:54.725,361.4,845.9,146.8,594.8
2020-02-14 00:00:00,2020,2021-02-13 23:59:54.720,298.5,845.9,145.9,546.2
2020-02-14 01:00:00,2020,2021-02-14 00:59:54.715,312.7,846.0,144.5,533.6
2020-02-14 02:00:00,2020,2021-02-14 01:59:54.710,351.0,845.5,139.9,571.4
2020-02-14 03:00:00,2020,2021-02-14 02:59:54.705,331.0,845.8,140.5,633.6
2020-02-14 04:00:00,2020,2021-02-14 03:59:54.700,302.5,845.7,139.4,644.4
2020-02-14 05:00:00,2020,2021-02-14 04:59:54.695,269.5,844.7,126.4,620.2
2020-02-14 06:00:00,2020,2021-02-14 05:59:54.690,264.9,843.0,109.7,587.5
2020-02-14 07:00:00,2020,2021-02-14 06:59:54.685,233.0,844.1,113.9,519.3
2020-02-14 08:00:00,2020,2021-02-14 07:59:54.680,166.3,844.4,105.1,458.3
2020-02-14 09:00:00,2020,2021-02-14 08:59:54.675,171.0,845.2,100.7,342.9
2020-02-14 10:00:00,2020,2021-02-14 09:59:54.670,121.8,845.7,97.5,134.5
2020-02-14 11:00:00,2020,2021-02-14 10:59:54.665,112.8,845.0,81.2,116.7
2020-02-14 12:00:00,2020,2021-02-14 11:59:54.660,92.1,844.7,66.5,188.0
2020-02-14 13:00:00,2020,2021-02-14 12:59:54.655,61.0,844.7,55.9,200.6
2020-02-14 14:00:00,2020,2021-02-14 13:59:54.650,43.9,844.7,50.0,211.2
2020-02-14 15:00:00,2020,2021-02-14 14:59:54.645,54.2,843.5,51.4,198.2
2020-02-14 16:00:00,2020,2021-02-14 15:59:54.640,105.0,839.1,73.0,158.6
2020-02-14 17:00:00,2020,2021-02-14 16:59:54.635,139.2,840.2,61.0,264.6
2020-02-14 18:00:00,2020,2021-02-14 17:59:54.630,140.1,827.0,71.2,267.0
2020-02-14 19:00:00,2020,2021-02-14 18:59:54.625,220.6,820.8,113.5,311.7
2020-02-14 20:00:00,2020,2021-02-14 19:59:54.620,257.8,814.0,98.6,386.9
2020-02-14 21:00:00,2020,2021-02-14 20:59:54.615,190.9,789.5,65.3,413.5
2020-02-14 22:00:00,2020,2021-02-14 21:59:54.610,139.5,780.3,46.1,290.5
2020-02-14 23:00:00,2020,2021-02-14 22:59:54.605,125.2,778.0,38.6,211.7
2020-02-15 00:00:00,2020,2021-02-14 23:59:54.600,118.0,798.1,27.0,164.8
2020-02-15 01:00:00,2020,2021-02-15 00:59:54.595,106.3,814.4,21.5,93.7
2020-02-15 02:00:00,2020,2021-02-15 01:59:54.590,86.6,817.6,18.6,37.2
2020-02-15 03:00:00,2020,2021-02-15 02:59:54.585,62.9,815.8,15.3,11.3
2020-02-15 04:00:00,2020,2021-02-15 03:59:54.580,35.5,816.8,14.3,0.5
2020-02-15 05:00:00,2020,2021-02-15 04:59:54.575,13.4,813.9,17.0,0.0
2020-02-15 06:00:00,2020,2021-02-15 05:59:54.570,12.6,795.4,20.8,0.0
2020-02-15 07:00:00,2020,2021-02-15 06:59:54.565,18.4,784.5,19.7,0.0
2020-02-15 08:00:00,2020,2021-02-15 07:59:54.560,7.2,767.4,16.5,0.0
2020-02-15 09:00:00,2020,2021-02-15 08:59:54.555,3.1,697.3,9.8,0.0
2020-02-15 10:00:00,2020,2021-02-15 09:59:54.550,0.0,553.7,4.6,0.0
2020-02-15 11:00:00,2020,2021-02-15 10:59:54.545,0.0,433.2,3.2,0.0
2020-02-15 12:00:00,2020,2021-02-15 11:59:54.540,0.0,394.6,2.0,0.0
2020-02-15 13:00:00,2020,2021-02-15 12:59:54.535,3.4,369.6,2.1,3.6
2020-02-15 14:00:00,2020,2021-02-15 13:59:54.530,17.7,330.1,2.3,18.8
2020-02-15 15:00:00,2020,2021-02-15 14:59:54.525,0.0,347.9,5.6,4.6
2020-02-15 16:00:00,2020,2021-02-15 15:59:54.520,0.0,369.6,4.5,0.7
2020-02-15 17:00:00,2020,2021-02-15 16:59:54.515,0.0,406.0,11.4,0.0
2020-02-15 18:00:00,2020,2021-02-15 17:59:54.510,0.0,430.6,17.4,0.0
2020-02-15 19:00:00,2020,2021-02-15 18:59:54.505,1.0,470.8,25.0,0.0
2020-02-15 20:00:00,2020,2021-02-15 19:59:54.500,4.8,528.4,18.9,3.1
2020-02-15 21:00:00,2020,2021-02-15 20:59:54.495,2.3,628.1,11.3,0.0
2020-02-15 22:00:00,2020,2021-02-15 21:59:54.490,2.4,549.6,22.9,0.0
2020-02-15 23:00:00,2020,2021-02-15 22:59:54.485,1.7,568.0,21.5,0.0
2020-02-16 00:00:00,2020,2021-02-15 23:59:54.480,1.2,612.2,23.6,0.2
2020-02-16 01:00:00,2020,2021-02-16 00:59:54.475,0.4,600.5,20.5,0.3
2020-02-16 02:00:00,2020,2021-02-16 01:59:54.470,0.0,559.0,20.1,0.3
2020-02-16 03:00:00,2020,2021-02-16 02:59:54.465,0.0,330.3,20.0,0.2
2020-02-16 04:00:00,2020,2021-02-16 03:59:54.460,0.0,209.3,10.4,0.0
2020-02-16 05:00:00,2020,2021-02-16 04:59:54.455,0.0,222.9,6.4,0.0
2020-02-16 06:00:00,2020,2021-02-16 05:59:54.450,0.0,229.2,11.3,0.0
2020-02-16 07:00:00,2020,2021-02-16 06:59:54.445,0.0,199.2,12.7,0.0
2020-02-16 08:00:00,2020,2021-02-16 07:59:54.440,0.0,268.6,31.0,0.0
2020-02-16 09:00:00,2020,2021-02-16 08:59:54.435,0.0,150.6,18.7,0.0
2020-02-16 10:00:00,2020,2021-02-16 09:59:54.430,0.0,192.2,4.2,0.0
2020-02-16 11:00:00,2020,2021-02-16 10:59:54.425,0.0,66.8,3.1,0.0
2020-02-16 12:00:00,2020,2021-02-16 11:59:54.420,0.0,5.1,2.3,0.0
2020-02-16 13:00:00,2020,2021-02-16 12:59:54.415,0.0,72.5,15.2,0.0
2020-02-16 14:00:00,2020,2021-02-16 13:59:54.410,5.8,81.5,15.0,0.0
2020-02-16 15:00:00,2020,2021-02-16 14:59:54.405,0.0,16.4,0.4,0.0
2020-02-16 16:00:00,2020,2021-02-16 15:59:54.400,0.3,4.2,0.2,1.2
2020-02-16 17:00:00,2020,2021-02-16 16:59:54.395,1.9,5.6,0.2,29.1
2020-02-16 18:00:00,2020,2021-02-16 17:59:54.390,5.3,20.7,14.7,66.9
2020-02-16 19:00:00,2020,2021-02-16 18:59:54.385,9.2,153.6,99.7,128.8
2020-02-16 20:00:00,2020,2021-02-16 19:59:54.380,2.7,547.2,117.0,204.5
2020-02-16 21:00:00,2020,2021-02-16 20:59:54.375,0.0,264.7,65.1,170.9
2020-02-16 22:00:00,2020,2021-02-16 21:59:54.370,0.0,187.4,68.9,146.2
2020-02-16 23:00:00,2020,2021-02-16 22:59:54.365,0.0,205.9,69.6,53.9
2020-02-17 00:00:00,2020,2021-02-16 23:59:54.360,0.1,122.0,31.0,122.8
2020-02-17 01:00:00,2020,2021-02-17 00:59:54.355,10.4,50.9,29.4,131.4
2020-02-17 02:00:00,2020,2021-02-17 01:59:54.350,8.4,27.4,4.4,173.3
2020-02-17 03:00:00,2020,2021-02-17 02:59:54.345,32.6,46.5,67.0,234.3
2020-02-17 04:00:00,2020,2021-02-17 03:59:54.340,52.9,101.2,117.6,310.4
2020-02-17 05:00:00,2020,2021-02-17 04:59:54.335,76.4,149.6,135.5,387.9
2020-02-17 06:00:00,2020,2021-02-17 05:59:54.330,107.3,143.8,126.8,440.8
2020-02-17 07:00:00,2020,2021-02-17 06:59:54.325,147.5,120.6,127.4,448.8
2020-02-17 08:00:00,2020,2021-02-17 07:59:54.320,210.8,59.4,125.4,475.5
2020-02-17 09:00:00,2020,2021-02-17 08:59:54.315,311.2,21.4,139.0,481.0
2020-02-17 10:00:00,2020,2021-02-17 09:59:54.310,244.5,5.6,113.6,434.2
2020-02-17 11:00:00,2020,2021-02-17 10:59:54.305,160.6,0.9,98.6,469.4
2020-02-17 12:00:00,2020,2021-02-17 11:59:54.300,191.0,4.6,83.5,505.9
2020-02-17 13:00:00,2020,2021-02-17 12:59:54.295,248.5,21.3,61.1,546.2
2020-02-17 14:00:00,2020,2021-02-17 13:59:54.290,262.1,62.4,56.7,573.5
2020-02-17 15:00:00,2020,2021-02-17 14:59:54.285,302.0,98.4,59.8,578.9
2020-02-17 16:00:00,2020,2021-02-17 15:59:54.280,336.4,98.9,61.1,562.8
2020-02-17 17:00:00,2020,2021-02-17 16:59:54.275,377.6,273.4,46.1,518.4
2020-02-17 18:00:00,2020,2021-02-17 17:59:54.270,427.8,317.3,90.5,610.2
2020-02-17 19:00:00,2020,2021-02-17 18:59:54.265,562.4,325.6,34.4,632.2
2020-02-17 20:00:00,2020,2021-02-17 19:59:54.260,561.1,234.1,11.1,650.1
2020-02-17 21:00:00,2020,2021-02-17 20:59:54.255,532.6,287.0,15.8,631.0
2020-02-17 22:00:00,2020,2021-02-17 21:59:54.250,521.9,302.2,79.0,647.4
2020-02-17 23:00:00,2020,2021-02-17 22:59:54.245,496.4,339.7,108.2,634.9
2020-02-18 00:00:00,2020,2021-02-17 23:59:54.240,463.0,383.2,145.2,545.5
2020-02-18 01:00:00,2020,2021-02-18 00:59:54.235,536.8,374.3,142.7,648.7
2020-02-18 02:00:00,2020,2021-02-18 01:59:54.230,588.6,341.4,121.3,666.2
2020-02-18 03:00:00,2020,2021-02-18 02:59:54.225,621.0,350.1,38.0,684.1
2020-02-18 04:00:00,2020,2021-02-18 03:59:54.220,652.5,110.1,42.2,740.5
2020-02-18 05:00:00,2020,2021-02-18 04:59:54.215,677.4,179.7,108.9,782.9
2020-02-18 06:00:00,2020,2021-02-18 05:59:54.210,708.1,217.1,115.3,792.3
2020-02-18 07:00:00,2020,2021-02-18 06:59:54.205,710.8,310.4,110.8,788.3
2020-02-18 08:00:00,2020,2021-02-18 07:59:54.200,707.8,366.9,122.6,788.8
2020-02-18 09:00:00,2020,2021-02-18 08:59:54.195,704.6,586.7,135.9,790.7
2020-02-18 10:00:00,2020,2021-02-18 09:59:54.190,705.7,439.7,138.9,790.4
2020-02-18 11:00:00,2020,2021-02-18 10:59:54.185,713.1,405.0,120.9,791.3
2020-02-18 12:00:00,2020,2021-02-18 11:59:54.180,712.2,425.1,96.5,797.9
2020-02-18 13:00:00,2020,2021-02-18 12:59:54.175,712.2,354.8,78.9,796.3
2020-02-18 14:00:00,2020,2021-02-18 13:59:54.170,712.2,146.6,52.8,770.9
2020-02-18 15:00:00,2020,2021-02-18 14:59:54.165,707.8,274.8,44.6,738.7
2020-02-18 16:00:00,2020,2021-02-18 15:59:54.160,699.9,331.0,35.9,702.0
2020-02-18 17:00:00,2020,2021-02-18 16:59:54.155,695.1,197.9,49.1,704.5
2020-02-18 18:00:00,2020,2021-02-18 17:59:54.150,709.5,490.2,94.7,779.0
2020-02-18 19:00:00,2020,2021-02-18 18:59:54.145,707.6,711.2,109.0,786.1
2020-02-18 20:00:00,2020,2021-02-18 19:59:54.140,701.7,800.7,111.9,784.8
2020-02-18 21:00:00,2020,2021-02-18 20:59:54.135,707.1,846.8,133.1,793.8
2020-02-18 22:00:00,2020,2021-02-18 21:59:54.130,708.1,846.9,143.7,795.1
2020-02-18 23:00:00,2020,2021-02-18 22:59:54.125,706.7,815.1,144.1,793.9
2020-02-19 00:00:00,2020,2021-02-18 23:59:54.120,693.6,808.0,140.8,792.8
2020-02-19 01:00:00,2020,2021-02-19 00:59:54.115,693.3,825.5,140.0,794.5
2020-02-19 02:00:00,2020,2021-02-19 01:59:54.110,700.7,784.4,135.0,796.1
2020-02-19 03:00:00,2020,2021-02-19 02:59:54.105,710.0,745.7,135.8,794.7
2020-02-19 04:00:00,2020,2021-02-19 03:59:54.100,709.8,567.7,129.6,794.7
2020-02-19 05:00:00,2020,2021-02-19 04:59:54.095,709.7,575.5,143.2,792.9
2020-02-19 06:00:00,2020,2021-02-19 05:59:54.090,709.5,674.3,137.5,790.2
2020-02-19 07:00:00,2020,2021-02-19 06:59:54.085,706.9,786.2,141.9,790.8
2020-02-19 08:00:00,2020,2021-02-19 07:59:54.080,708.5,772.8,146.0,792.9
2020-02-19 09:00:00,2020,2021-02-19 08:59:54.075,707.3,688.4,145.2,788.7
2020-02-19 10:00:00,2020,2021-02-19 09:59:54.070,709.8,507.0,119.3,787.4
2020-02-19 11:00:00,2020,2021-02-19 10:59:54.065,711.1,479.0,106.1,784.7
2020-02-19 12:00:00,2020,2021-02-19 11:59:54.060,708.1,368.2,129.6,781.6
2020-02-19 13:00:00,2020,2021-02-19 12:59:54.055,710.5,449.9,109.6,779.8
2020-02-19 14:00:00,2020,2021-02-19 13:59:54.050,710.9,541.6,89.3,764.0
2020-02-19 15:00:00,2020,2021-02-19 14:59:54.045,705.2,607.0,93.2,677.4
2020-02-19 16:00:00,2020,2021-02-19 15:59:54.040,695.4,654.4,114.7,696.9
2020-02-19 17:00:00,2020,2021-02-19 16:59:54.035,692.2,404.2,143.9,516.9
2020-02-19 18:00:00,2020,2021-02-19 17:59:54.030,681.4,398.5,144.2,687.8
2020-02-19 19:00:00,2020,2021-02-19 18:59:54.025,670.1,444.1,138.4,747.4
2020-02-19 20:00:00,2020,2021-02-19 19:59:54.020,699.9,447.7,127.1,759.9
2020-02-19 21:00:00,2020,2021-02-19 20:59:54.015,691.0,448.8,106.0,733.4
2020-02-19 22:00:00,2020,2021-02-19 21:59:54.010,688.5,513.7,96.5,717.5
2020-02-19 23:00:00,2020,2021-02-19 22:59:54.005,676.5,528.2,100.9,673.3
2020-02-20 00:00:00,2020,2021-02-19 23:59:54.000,683.2,542.7,101.0,643.9
2020-02-20 01:00:00,2020,2021-02-20 00:59:53.995,679.5,534.1,101.7,639.6
2020-02-20 02:00:00,2020,2021-02-20 01:59:53.990,664.2,601.0,140.3,679.2
2020-02-20 03:00:00,2020,2021-02-20 02:59:53.985,620.3,611.0,147.0,701.2
2020-02-20 04:00:00,2020,2021-02-20 03:59:53.980,634.3,652.8,146.4,746.3
2020-02-20 05:00:00,2020,2021-02-20 04:59:53.975,695.9,780.2,147.3,774.5
2020-02-20 06:00:00,2020,2021-02-20 05:59:53.970,705.4,808.7,147.6,762.1
2020-02-20 07:00:00,2020,2021-02-20 06:59:53.965,708.0,800.8,147.4,741.0
2020-02-20 08:00:00,2020,2021-02-20 07:59:53.960,711.9,778.9,147.9,767.6
2020-02-20 09:00:00,2020,2021-02-20 08:59:53.955,711.4,731.0,147.0,777.7
2020-02-20 10:00:00,2020,2021-02-20 09:59:53.950,711.4,780.5,147.0,781.0
2020-02-20 11:00:00,2020,2021-02-20 10:59:53.945,712.0,826.5,146.6,779.2
2020-02-20 12:00:00,2020,2021-02-20 11:59:53.940,711.0,836.8,146.9,790.7
2020-02-20 13:00:00,2020,2021-02-20 12:59:53.935,709.7,842.0,146.7,790.3
2020-02-20 14:00:00,2020,2021-02-20 13:59:53.930,702.6,840.8,145.2,790.1
2020-02-20 15:00:00,2020,2021-02-20 14:59:53.925,709.0,844.5,147.2,792.2
2020-02-20 16:00:00,2020,2021-02-20 15:59:53.920,708.6,845.3,148.0,796.1
2020-02-20 17:00:00,2020,2021-02-20 16:59:53.915,704.7,840.0,146.9,795.7
2020-02-20 18:00:00,2020,2021-02-20 17:59:53.910,708.5,807.3,90.1,766.1
2020-02-20 19:00:00,2020,2021-02-20 18:59:53.905,696.3,446.6,28.6,609.6
2020-02-20 20:00:00,2020,2021-02-20 19:59:53.900,690.7,312.0,0.9,635.1
2020-02-20 21:00:00,2020,2021-02-20 20:59:53.895,707.1,162.3,0.0,604.3
2020-02-20 22:00:00,2020,2021-02-20 21:59:53.890,706.5,161.4,5.1,468.2
2020-02-20 23:00:00,2020,2021-02-20 22:59:53.885,700.8,234.4,12.4,335.3
2020-02-21 00:00:00,2020,2021-02-20 23:59:53.880,667.5,358.1,17.8,363.7
2020-02-21 01:00:00,2020,2021-02-21 00:59:53.875,610.5,418.1,49.4,331.7
2020-02-21 02:00:00,2020,2021-02-21 01:59:53.870,618.2,533.1,54.9,396.7
2020-02-21 03:00:00,2020,2021-02-21 02:59:53.865,571.9,500.3,39.8,496.8
2020-02-21 04:00:00,2020,2021-02-21 03:59:53.860,526.4,187.5,24.5,410.4
2020-02-21 05:00:00,2020,2021-02-21 04:59:53.855,376.3,145.2,19.2,165.9
2020-02-21 06:00:00,2020,2021-02-21 05:59:53.850,162.6,237.5,31.8,46.0
2020-02-21 07:00:00,2020,2021-02-21 06:59:53.845,109.8,262.4,28.3,54.7
2020-02-21 08:00:00,2020,2021-02-21 07:59:53.840,81.7,149.5,6.6,19.2
2020-02-21 09:00:00,2020,2021-02-21 08:59:53.835,1.8,203.5,8.2,1.0
2020-02-21 10:00:00,2020,2021-02-21 09:59:53.830,0.5,109.1,8.9,0.8
2020-02-21 11:00:00,2020,2021-02-21 10:59:53.825,18.7,33.7,2.1,12.7
2020-02-21 12:00:00,2020,2021-02-21 11:59:53.820,57.8,7.5,0.5,38.1
2020-02-21 13:00:00,2020,2021-02-21 12:59:53.815,42.7,11.0,0.6,31.7
2020-02-21 14:00:00,2020,2021-02-21 13:59:53.810,59.6,10.3,1.3,27.8
2020-02-21 15:00:00,2020,2021-02-21 14:59:53.805,0.0,42.3,6.9,0.6
2020-02-21 16:00:00,2020,2021-02-21 15:59:53.800,0.0,116.9,19.3,0.0
2020-02-21 17:00:00,2020,2021-02-21 16:59:53.795,0.0,111.7,11.3,0.0
2020-02-21 18:00:00,2020,2021-02-21 17:59:53.790,0.0,83.0,31.1,0.0
2020-02-21 19:00:00,2020,2021-02-21 18:59:53.785,16.8,58.6,39.6,73.2
2020-02-21 20:00:00,2020,2021-02-21 19:59:53.780,78.8,95.4,15.5,239.3
2020-02-21 21:00:00,2020,2021-02-21 20:59:53.775,163.7,133.5,9.1,241.3
2020-02-21 22:00:00,2020,2021-02-21 21:59:53.770,139.8,140.0,4.8,113.8
2020-02-21 23:00:00,2020,2021-02-21 22:59:53.765,112.8,155.5,2.4,61.5
2020-02-22 00:00:00,2020,2021-02-21 23:59:53.760,80.8,157.5,3.0,48.4
2020-02-22 01:00:00,2020,2021-02-22 00:59:53.755,53.0,190.1,7.2,27.8
2020-02-22 02:00:00,2020,2021-02-22 01:59:53.750,70.6,177.4,13.6,27.7
2020-02-22 03:00:00,2020,2021-02-22 02:59:53.745,68.3,117.9,20.8,22.4
2020-02-22 04:00:00,2020,2021-02-22 03:59:53.740,64.9,84.9,23.4,22.1
2020-02-22 05:00:00,2020,2021-02-22 04:59:53.735,102.9,70.5,26.1,27.4
2020-02-22 06:00:00,2020,2021-02-22 05:59:53.730,109.1,69.6,26.2,35.7
2020-02-22 07:00:00,2020,2021-02-22 06:59:53.725,101.3,57.6,30.6,50.9
2020-02-22 08:00:00,2020,2021-02-22 07:59:53.720,35.1,40.3,27.1,59.6
2020-02-22 09:00:00,2020,2021-02-22 08:59:53.715,105.9,18.6,19.2,12.1
2020-02-22 10:00:00,2020,2021-02-22 09:59:53.710,50.3,17.4,16.1,2.0
2020-02-22 11:00:00,2020,2021-02-22 10:59:53.705,24.7,12.7,11.9,0.1
2020-02-22 12:00:00,2020,2021-02-22 11:59:53.700,16.2,8.8,8.8,0.7
2020-02-22 13:00:00,2020,2021-02-22 12:59:53.695,12.3,7.3,5.1,0.0
2020-02-22 14:00:00,2020,2021-02-22 13:59:53.690,14.1,9.9,2.7,0.0
2020-02-22 15:00:00,2020,2021-02-22 14:59:53.685,34.1,12.2,1.7,0.7
2020-02-22 16:00:00,2020,2021-02-22 15:59:53.680,53.0,11.9,1.1,2.4
2020-02-22 17:00:00,2020,2021-02-22 16:59:53.675,155.3,11.4,1.6,0.1
2020-02-22 18:00:00,2020,2021-02-22 17:59:53.670,562.0,15.2,1.3,13.3
2020-02-22 19:00:00,2020,2021-02-22 18:59:53.665,660.1,11.8,4.8,104.6
2020-02-22 20:00:00,2020,2021-02-22 19:59:53.660,673.5,0.5,7.3,237.3
2020-02-22 21:00:00,2020,2021-02-22 20:59:53.655,680.9,0.2,3.9,170.9
2020-02-22 22:00:00,2020,2021-02-22 21:59:53.650,675.9,1.6,2.6,205.0
2020-02-22 23:00:00,2020,2021-02-22 22:59:53.645,534.1,0.2,2.3,229.5
2020-02-23 00:00:00,2020,2021-02-22 23:59:53.640,572.9,1.0,5.4,176.4
2020-02-23 01:00:00,2020,2021-02-23 00:59:53.635,591.5,0.7,3.2,160.2
2020-02-23 02:00:00,2020,2021-02-23 01:59:53.630,484.8,9.2,1.1,363.4
2020-02-23 03:00:00,2020,2021-02-23 02:59:53.625,418.5,35.2,0.0,214.7
2020-02-23 04:00:00,2020,2021-02-23 03:59:53.620,513.9,11.3,7.4,134.4
2020-02-23 05:00:00,2020,2021-02-23 04:59:53.615,449.2,1.3,24.7,24.0
2020-02-23 06:00:00,2020,2021-02-23 05:59:53.610,436.7,0.0,14.4,56.2
2020-02-23 07:00:00,2020,2021-02-23 06:59:53.605,166.3,0.2,0.0,175.9
2020-02-23 08:00:00,2020,2021-02-23 07:59:53.600,659.8,0.0,0.2,749.7
2020-02-23 09:00:00,2020,2021-02-23 08:59:53.595,682.5,36.4,0.0,640.7
2020-02-23 10:00:00,2020,2021-02-23 09:59:53.590,625.2,14.9,0.0,466.3
2020-02-23 11:00:00,2020,2021-02-23 10:59:53.585,221.2,21.1,0.0,73.0
2020-02-23 12:00:00,2020,2021-02-23 11:59:53.580,401.7,34.1,0.4,126.9
2020-02-23 13:00:00,2020,2021-02-23 12:59:53.575,246.2,11.9,7.7,150.4
2020-02-23 14:00:00,2020,2021-02-23 13:59:53.570,196.3,54.8,45.2,245.9
2020-02-23 15:00:00,2020,2021-02-23 14:59:53.565,183.0,233.3,73.8,425.2
2020-02-23 16:00:00,2020,2021-02-23 15:59:53.560,407.6,104.5,40.1,600.8
2020-02-23 17:00:00,2020,2021-02-23 16:59:53.555,179.0,118.6,51.4,302.9
2020-02-23 18:00:00,2020,2021-02-23 17:59:53.550,578.5,219.8,105.1,707.2
2020-02-23 19:00:00,2020,2021-02-23 18:59:53.545,679.8,310.7,94.3,798.0
2020-02-23 20:00:00,2020,2021-02-23 19:59:53.540,706.5,70.8,9.1,799.1
2020-02-23 21:00:00,2020,2021-02-23 20:59:53.535,708.8,0.5,24.2,434.1
2020-02-23 22:00:00,2020,2021-02-23 21:59:53.530,712.8,216.3,67.1,690.3
2020-02-23 23:00:00,2020,2021-02-23 22:59:53.525,713.5,724.0,23.4,799.1
2020-02-24 00:00:00,2020,2021-02-23 23:59:53.520,707.7,843.0,43.5,799.1
2020-02-24 01:00:00,2020,2021-02-24 00:59:53.515,629.4,838.8,104.6,799.1
2020-02-24 02:00:00,2020,2021-02-24 01:59:53.510,549.0,835.7,123.1,799.1
2020-02-24 03:00:00,2020,2021-02-24 02:59:53.505,251.0,741.0,111.9,799.1
2020-02-24 04:00:00,2020,2021-02-24 03:59:53.500,85.7,669.1,95.7,799.1
2020-02-24 05:00:00,2020,2021-02-24 04:59:53.495,242.4,653.3,127.3,798.7
2020-02-24 06:00:00,2020,2021-02-24 05:59:53.490,500.0,716.3,125.3,799.1
2020-02-24 07:00:00,2020,2021-02-24 06:59:53.485,655.2,775.3,124.8,790.3
2020-02-24 08:00:00,2020,2021-02-24 07:59:53.480,659.3,841.5,145.0,793.2
2020-02-24 09:00:00,2020,2021-02-24 08:59:53.475,670.3,844.6,145.8,791.0
2020-02-24 10:00:00,2020,2021-02-24 09:59:53.470,685.5,843.6,128.7,787.4
2020-02-24 11:00:00,2020,2021-02-24 10:59:53.465,688.6,838.8,45.2,763.1
2020-02-24 12:00:00,2020,2021-02-24 11:59:53.460,674.7,836.6,9.0,720.4
2020-02-24 13:00:00,2020,2021-02-24 12:59:53.455,660.6,833.7,28.6,726.7
2020-02-24 14:00:00,2020,2021-02-24 13:59:53.450,655.3,804.1,74.7,700.5
2020-02-24 15:00:00,2020,2021-02-24 14:59:53.445,651.7,628.6,115.5,659.5
2020-02-24 16:00:00,2020,2021-02-24 15:59:53.440,669.0,352.9,46.5,638.1
2020-02-24 17:00:00,2020,2021-02-24 16:59:53.435,378.3,613.1,0.0,31.3
2020-02-24 18:00:00,2020,2021-02-24 17:59:53.430,635.4,9.5,0.0,520.3
2020-02-24 19:00:00,2020,2021-02-24 18:59:53.425,711.9,0.0,0.0,789.8
2020-02-24 20:00:00,2020,2021-02-24 19:59:53.420,712.9,0.0,0.0,790.3
2020-02-24 21:00:00,2020,2021-02-24 20:59:53.415,712.6,0.0,3.5,783.0
2020-02-24 22:00:00,2020,2021-02-24 21:59:53.410,704.9,273.2,89.7,430.9
2020-02-24 23:00:00,2020,2021-02-24 22:59:53.405,676.4,297.7,123.6,550.0
2020-02-25 00:00:00,2020,2021-02-24 23:59:53.400,647.5,370.5,107.5,639.7
2020-02-25 01:00:00,2020,2021-02-25 00:59:53.395,552.9,435.1,115.0,476.8
2020-02-25 02:00:00,2020,2021-02-25 01:59:53.390,530.5,454.0,107.1,740.7
2020-02-25 03:00:00,2020,2021-02-25 02:59:53.385,554.5,377.0,104.0,767.9
2020-02-25 04:00:00,2020,2021-02-25 03:59:53.380,521.8,442.5,104.0,626.6
2020-02-25 05:00:00,2020,2021-02-25 04:59:53.375,354.5,252.2,57.3,376.6
2020-02-25 06:00:00,2020,2021-02-25 05:59:53.370,325.6,288.5,20.5,482.1
2020-02-25 07:00:00,2020,2021-02-25 06:59:53.365,478.8,145.2,2.9,656.3
2020-02-25 08:00:00,2020,2021-02-25 07:59:53.360,593.6,122.7,12.1,712.8
2020-02-25 09:00:00,2020,2021-02-25 08:59:53.355,679.8,182.1,36.5,719.9
2020-02-25 10:00:00,2020,2021-02-25 09:59:53.350,671.0,531.8,79.0,732.7
2020-02-25 11:00:00,2020,2021-02-25 10:59:53.345,677.7,763.6,117.7,764.8
2020-02-25 12:00:00,2020,2021-02-25 11:59:53.340,671.1,762.4,126.3,761.6
2020-02-25 13:00:00,2020,2021-02-25 12:59:53.335,666.0,758.3,116.7,771.1
2020-02-25 14:00:00,2020,2021-02-25 13:59:53.330,668.4,437.1,111.9,767.0
2020-02-25 15:00:00,2020,2021-02-25 14:59:53.325,662.8,501.6,78.9,750.9
2020-02-25 16:00:00,2020,2021-02-25 15:59:53.320,259.5,621.9,39.5,620.1
2020-02-25 17:00:00,2020,2021-02-25 16:59:53.315,683.2,846.9,148.3,750.5
2020-02-25 18:00:00,2020,2021-02-25 17:59:53.310,675.3,810.5,137.1,721.5
2020-02-25 19:00:00,2020,2021-02-25 18:59:53.305,634.5,843.8,143.0,703.1
2020-02-25 20:00:00,2020,2021-02-25 19:59:53.300,610.2,839.5,147.3,717.7
2020-02-25 21:00:00,2020,2021-02-25 20:59:53.295,691.5,813.9,144.4,744.2
2020-02-25 22:00:00,2020,2021-02-25 21:59:53.290,686.8,774.6,145.4,763.0
2020-02-25 23:00:00,2020,2021-02-25 22:59:53.285,668.6,791.8,142.4,760.9
2020-02-26 00:00:00,2020,2021-02-25 23:59:53.280,685.0,789.7,141.1,761.1
2020-02-26 01:00:00,2020,2021-02-26 00:59:53.275,670.4,794.5,141.9,753.7
2020-02-26 02:00:00,2020,2021-02-26 01:59:53.270,464.6,613.0,112.2,674.6
2020-02-26 03:00:00,2020,2021-02-26 02:59:53.265,401.1,556.3,46.1,595.2
2020-02-26 04:00:00,2020,2021-02-26 03:59:53.260,510.4,341.1,3.5,541.8
2020-02-26 05:00:00,2020,2021-02-26 04:59:53.255,418.1,138.4,2.0,473.9
2020-02-26 06:00:00,2020,2021-02-26 05:59:53.250,337.2,64.7,4.7,302.1
2020-02-26 07:00:00,2020,2021-02-26 06:59:53.245,167.5,45.7,3.2,265.2
2020-02-26 08:00:00,2020,2021-02-26 07:59:53.240,372.0,30.2,0.5,337.3
2020-02-26 09:00:00,2020,2021-02-26 08:59:53.235,181.5,4.7,4.4,196.6
2020-02-26 10:00:00,2020,2021-02-26 09:59:53.230,162.0,4.6,2.3,105.6
2020-02-26 11:00:00,2020,2021-02-26 10:59:53.225,155.4,8.8,0.1,57.4
2020-02-26 12:00:00,2020,2021-02-26 11:59:53.220,165.5,7.6,0.3,21.4
2020-02-26 13:00:00,2020,2021-02-26 12:59:53.215,198.9,7.7,0.3,36.1
2020-02-26 14:00:00,2020,2021-02-26 13:59:53.210,193.9,5.4,0.0,87.6
2020-02-26 15:00:00,2020,2021-02-26 14:59:53.205,162.3,18.4,0.6,138.7
2020-02-26 16:00:00,2020,2021-02-26 15:59:53.200,225.4,43.2,31.3,247.9
2020-02-26 17:00:00,2020,2021-02-26 16:59:53.195,154.4,145.7,26.0,314.0
2020-02-26 18:00:00,2020,2021-02-26 17:59:53.190,289.8,288.0,20.3,140.0
2020-02-26 19:00:00,2020,2021-02-26 18:59:53.185,516.7,530.0,76.7,365.1
2020-02-26 20:00:00,2020,2021-02-26 19:59:53.180,610.9,345.9,86.8,749.0
2020-02-26 21:00:00,2020,2021-02-26 20:59:53.175,662.6,253.6,148.0,786.5
2020-02-26 22:00:00,2020,2021-02-26 21:59:53.170,659.8,179.1,148.0,786.9
2020-02-26 23:00:00,2020,2021-02-26 22:59:53.165,639.7,115.1,148.2,784.8
2020-02-27 00:00:00,2020,2021-02-26 23:59:53.160,588.1,88.5,148.3,780.0
2020-02-27 01:00:00,2020,2021-02-27 00:59:53.155,656.6,164.5,147.3,769.2
2020-02-27 02:00:00,2020,2021-02-27 01:59:53.150,562.8,160.8,144.2,757.5
2020-02-27 03:00:00,2020,2021-02-27 02:59:53.145,389.8,270.1,137.7,740.7
2020-02-27 04:00:00,2020,2021-02-27 03:59:53.140,349.1,191.9,82.8,717.1
2020-02-27 05:00:00,2020,2021-02-27 04:59:53.135,275.0,530.9,57.4,755.8
2020-02-27 06:00:00,2020,2021-02-27 05:59:53.130,187.8,314.4,120.7,675.1
2020-02-27 07:00:00,2020,2021-02-27 06:59:53.125,104.2,272.3,87.2,610.3
2020-02-27 08:00:00,2020,2021-02-27 07:59:53.120,332.8,548.6,125.1,620.4
2020-02-27 09:00:00,2020,2021-02-27 08:59:53.115,533.4,759.8,89.9,578.4
2020-02-27 10:00:00,2020,2021-02-27 09:59:53.110,557.9,824.6,131.5,603.4
2020-02-27 11:00:00,2020,2021-02-27 10:59:53.105,571.5,827.2,144.4,564.1
2020-02-27 12:00:00,2020,2021-02-27 11:59:53.100,367.4,632.8,109.7,601.8
2020-02-27 13:00:00,2020,2021-02-27 12:59:53.095,391.0,413.8,73.6,442.7
2020-02-27 14:00:00,2020,2021-02-27 13:59:53.090,254.3,545.2,50.4,475.0
2020-02-27 15:00:00,2020,2021-02-27 14:59:53.085,209.6,648.5,91.6,307.7
2020-02-27 16:00:00,2020,2021-02-27 15:59:53.080,74.5,620.5,83.8,368.3
2020-02-27 17:00:00,2020,2021-02-27 16:59:53.075,0.0,156.5,0.0,0.0
2020-02-27 18:00:00,2020,2021-02-27 17:59:53.070,0.0,0.1,0.0,0.0
2020-02-27 19:00:00,2020,2021-02-27 18:59:53.065,0.0,4.9,0.0,30.0
2020-02-27 20:00:00,2020,2021-02-27 19:59:53.060,1.8,0.1,0.4,106.1
2020-02-27 21:00:00,2020,2021-02-27 20:59:53.055,16.0,0.0,62.9,202.4
2020-02-27 22:00:00,2020,2021-02-27 21:59:53.050,22.8,0.0,79.2,15.0
2020-02-27 23:00:00,2020,2021-02-27 22:59:53.045,45.5,0.0,31.5,113.9
2020-02-28 00:00:00,2020,2021-02-27 23:59:53.040,69.4,21.1,0.7,219.1
2020-02-28 01:00:00,2020,2021-02-28 00:59:53.035,36.8,101.3,0.0,194.2
2020-02-28 02:00:00,2020,2021-02-28 01:59:53.030,30.3,182.1,10.8,501.7
2020-02-28 03:00:00,2020,2021-02-28 02:59:53.025,3.9,334.0,38.6,393.1
2020-02-28 04:00:00,2020,2021-02-28 03:59:53.020,49.7,314.6,26.0,197.3
2020-02-28 05:00:00,2020,2021-02-28 04:59:53.015,52.7,333.3,57.9,72.6
2020-02-28 06:00:00,2020,2021-02-28 05:59:53.010,78.9,191.5,56.1,82.3
2020-02-28 07:00:00,2020,2021-02-28 06:59:53.005,49.1,118.7,32.8,128.9
2020-02-28 08:00:00,2020,2021-02-28 07:59:53.000,50.4,115.0,27.9,92.0
2020-02-28 09:00:00,2020,2021-02-28 08:59:52.995,11.3,63.2,24.8,4.9
2020-02-28 10:00:00,2020,2021-02-28 09:59:52.990,0.2,71.1,20.6,0.2
2020-02-28 11:00:00,2020,2021-02-28 10:59:52.985,0.0,65.2,16.0,0.0
2020-02-28 12:00:00,2020,2021-02-28 11:59:52.980,1.0,33.5,7.1,0.0
2020-02-28 13:00:00,2020,2021-02-28 12:59:52.975,0.0,12.7,0.9,0.0
2020-02-28 14:00:00,2020,2021-02-28 13:59:52.970,0.0,14.4,1.4,0.0
2020-02-28 15:00:00,2020,2021-02-28 14:59:52.965,2.1,15.5,1.1,0.3
2020-02-28 16:00:00,2020,2021-02-28 15:59:52.960,10.9,22.5,1.9,0.0
2020-02-28 17:00:00,2020,2021-02-28 16:59:52.955,0.0,145.3,0.2,39.4
2020-02-28 18:00:00,2020,2021-02-28 17:59:52.950,0.0,138.6,0.0,40.5
2020-02-28 19:00:00,2020,2021-02-28 18:59:52.945,32.7,170.3,0.1,36.4
2020-02-28 20:00:00,2020,2021-02-28 19:59:52.940,20.9,174.2,14.8,42.3
2020-02-28 21:00:00,2020,2021-02-28 20:59:52.935,4.2,199.1,83.8,51.9
2020-02-28 22:00:00,2020,2021-02-28 21:59:52.930,25.2,148.9,77.0,56.2
2020-02-28 23:00:00,2020,2021-02-28 22:59:52.925,25.2,143.8,44.9,114.0
2020-03-01 00:00:00,2020,2021-02-28 23:59:52.920,572.9,1.0,5.4,176.4
2020-03-01 01:00:00,2020,2021-03-01 00:59:52.915,591.5,0.7,3.2,160.2
2020-03-01 02:00:00,2020,2021-03-01 01:59:52.910,484.8,9.2,1.1,363.4
2020-03-01 03:00:00,2020,2021-03-01 02:59:52.905,418.5,35.2,0.0,214.7
2020-03-01 04:00:00,2020,2021-03-01 03:59:52.900,513.9,11.3,7.4,134.4
2020-03-01 05:00:00,2020,2021-03-01 04:59:52.895,449.2,1.3,24.7,24.0
2020-03-01 06:00:00,2020,2021-03-01 05:59:52.890,436.7,0.0,14.4,56.2
2020-03-01 07:00:00,2020,2021-03-01 06:59:52.885,166.3,0.2,0.0,175.9
2020-03-01 08:00:00,2020,2021-03-01 07:59:52.880,659.8,0.0,0.2,749.7
2020-03-01 09:00:00,2020,2021-03-01 08:59:52.875,682.5,36.4,0.0,640.7
2020-03-01 10:00:00,2020,2021-03-01 09:59:52.870,625.2,14.9,0.0,466.3
2020-03-01 11:00:00,2020,2021-03-01 10:59:52.865,221.2,21.1,0.0,73.0
2020-03-01 12:00:00,2020,2021-03-01 11:59:52.860,401.7,34.1,0.4,126.9
2020-03-01 13:00:00,2020,2021-03-01 12:59:52.855,246.2,11.9,7.7,150.4
2020-03-01 14:00:00,2020,2021-03-01 13:59:52.850,196.3,54.8,45.2,245.9
2020-03-01 15:00:00,2020,2021-03-01 14:59:52.845,183.0,233.3,73.8,425.2
2020-03-01 16:00:00,2020,2021-03-01 15:59:52.840,407.6,104.5,40.1,600.8
2020-03-01 17:00:00,2020,2021-03-01 16:59:52.835,179.0,118.6,51.4,302.9
2020-03-01 18:00:00,2020,2021-03-01 17:59:52.830,578.5,219.8,105.1,707.2
2020-03-01 19:00:00,2020,2021-03-01 18:59:52.825,679.8,310.7,94.3,798.0
2020-03-01 20:00:00,2020,2021-03-01 19:59:52.820,706.5,70.8,9.1,799.1
2020-03-01 21:00:00,2020,2021-03-01 20:59:52.815,708.8,0.5,24.2,434.1
2020-03-01 22:00:00,2020,2021-03-01 21:59:52.810,712.8,216.3,67.1,690.3
2020-03-01 23:00:00,2020,2021-03-01 22:59:52.805,713.5,724.0,23.4,799.1
2020-03-02 00:00:00,2020,2021-03-01 23:59:52.800,707.7,843.0,43.5,799.1
2020-03-02 01:00:00,2020,2021-03-02 00:59:52.795,629.4,838.8,104.6,799.1
2020-03-02 02:00:00,2020,2021-03-02 01:59:52.790,549.0,835.7,123.1,799.1
2020-03-02 03:00:00,2020,2021-03-02 02:59:52.785,251.0,741.0,111.9,799.1
2020-03-02 04:00:00,2020,2021-03-02 03:59:52.780,85.7,669.1,95.7,799.1
2020-03-02 05:00:00,2020,2021-03-02 04:59:52.775,242.4,653.3,127.3,798.7
2020-03-02 06:00:00,2020,2021-03-02 05:59:52.770,500.0,716.3,125.3,799.1
2020-03-02 07:00:00,2020,2021-03-02 06:59:52.765,655.2,775.3,124.8,790.3
2020-03-02 08:00:00,2020,2021-03-02 07:59:52.760,659.3,841.5,145.0,793.2
2020-03-02 09:00:00,2020,2021-03-02 08:59:52.755,670.3,844.6,145.8,791.0
2020-03-02 10:00:00,2020,2021-03-02 09:59:52.750,685.5,843.6,128.7,787.4
2020-03-02 11:00:00,2020,2021-03-02 10:59:52.745,688.6,838.8,45.2,763.1
2020-03-02 12:00:00,2020,2021-03-02 11:59:52.740,674.7,836.6,9.0,720.4
2020-03-02 13:00:00,2020,2021-03-02 12:59:52.735,660.6,833.7,28.6,726.7
2020-03-02 14:00:00,2020,2021-03-02 13:59:52.730,655.3,804.1,74.7,700.5
2020-03-02 15:00:00,2020,2021-03-02 14:59:52.725,651.7,628.6,115.5,659.5
2020-03-02 16:00:00,2020,2021-03-02 15:59:52.720,669.0,352.9,46.5,638.1
2020-03-02 17:00:00,2020,2021-03-02 16:59:52.715,378.3,613.1,0.0,31.3
2020-03-02 18:00:00,2020,2021-03-02 17:59:52.710,635.4,9.5,0.0,520.3
2020-03-02 19:00:00,2020,2021-03-02 18:59:52.705,711.9,0.0,0.0,789.8
2020-03-02 20:00:00,2020,2021-03-02 19:59:52.700,712.9,0.0,0.0,790.3
2020-03-02 21:00:00,2020,2021-03-02 20:59:52.695,712.6,0.0,3.5,783.0
2020-03-02 22:00:00,2020,2021-03-02 21:59:52.690,704.9,273.2,89.7,430.9
2020-03-02 23:00:00,2020,2021-03-02 22:59:52.685,676.4,297.7,123.6,550.0
2020-03-03 00:00:00,2020,2021-03-02 23:59:52.680,647.5,370.5,107.5,639.7
2020-03-03 01:00:00,2020,2021-03-03 00:59:52.675,552.9,435.1,115.0,476.8
2020-03-03 02:00:00,2020,2021-03-03 01:59:52.670,530.5,454.0,107.1,740.7
2020-03-03 03:00:00,2020,2021-03-03 02:59:52.665,554.5,377.0,104.0,767.9
2020-03-03 04:00:00,2020,2021-03-03 03:59:52.660,521.8,442.5,104.0,626.6
2020-03-03 05:00:00,2020,2021-03-03 04:59:52.655,354.5,252.2,57.3,376.6
2020-03-03 06:00:00,2020,2021-03-03 05:59:52.650,325.6,288.5,20.5,482.1
2020-03-03 07:00:00,2020,2021-03-03 06:59:52.645,478.8,145.2,2.9,656.3
2020-03-03 08:00:00,2020,2021-03-03 07:59:52.640,593.6,122.7,12.1,712.8
2020-03-03 09:00:00,2020,2021-03-03 08:59:52.635,679.8,182.1,36.5,719.9
2020-03-03 10:00:00,2020,2021-03-03 09:59:52.630,671.0,531.8,79.0,732.7
2020-03-03 11:00:00,2020,2021-03-03 10:59:52.625,677.7,763.6,117.7,764.8
2020-03-03 12:00:00,2020,2021-03-03 11:59:52.620,671.1,762.4,126.3,761.6
2020-03-03 13:00:00,2020,2021-03-03 12:59:52.615,666.0,758.3,116.7,771.1
2020-03-03 14:00:00,2020,2021-03-03 13:59:52.610,668.4,437.1,111.9,767.0
2020-03-03 15:00:00,2020,2021-03-03 14:59:52.605,662.8,501.6,78.9,750.9
2020-03-03 16:00:00,2020,2021-03-03 15:59:52.600,259.5,621.9,39.5,620.1
2020-03-03 17:00:00,2020,2021-03-03 16:59:52.595,683.2,846.9,148.3,750.5
2020-03-03 18:00:00,2020,2021-03-03 17:59:52.590,675.3,810.5,137.1,721.5
2020-03-03 19:00:00,2020,2021-03-03 18:59:52.585,634.5,843.8,143.0,703.1
2020-03-03 20:00:00,2020,2021-03-03 19:59:52.580,610.2,839.5,147.3,717.7
2020-03-03 21:00:00,2020,2021-03-03 20:59:52.575,691.5,813.9,144.4,744.2
2020-03-03 22:00:00,2020,2021-03-03 21:59:52.570,686.8,774.6,145.4,763.0
2020-03-03 23:00:00,2020,2021-03-03 22:59:52.565,668.6,791.8,142.4,760.9
2020-03-04 00:00:00,2020,2021-03-03 23:59:52.560,685.0,789.7,141.1,761.1
2020-03-04 01:00:00,2020,2021-03-04 00:59:52.555,670.4,794.5,141.9,753.7
2020-03-04 02:00:00,2020,2021-03-04 01:59:52.550,464.6,613.0,112.2,674.6
2020-03-04 03:00:00,2020,2021-03-04 02:59:52.545,401.1,556.3,46.1,595.2
2020-03-04 04:00:00,2020,2021-03-04 03:59:52.540,510.4,341.1,3.5,541.8
2020-03-04 05:00:00,2020,2021-03-04 04:59:52.535,418.1,138.4,2.0,473.9
2020-03-04 06:00:00,2020,2021-03-04 05:59:52.530,337.2,64.7,4.7,302.1
2020-03-04 07:00:00,2020,2021-03-04 06:59:52.525,167.5,45.7,3.2,265.2
2020-03-04 08:00:00,2020,2021-03-04 07:59:52.520,372.0,30.2,0.5,337.3
2020-03-04 09:00:00,2020,2021-03-04 08:59:52.515,181.5,4.7,4.4,196.6
2020-03-04 10:00:00,2020,2021-03-04 09:59:52.510,162.0,4.6,2.3,105.6
2020-03-04 11:00:00,2020,2021-03-04 10:59:52.505,155.4,8.8,0.1,57.4
2020-03-04 12:00:00,2020,2021-03-04 11:59:52.500,165.5,7.6,0.3,21.4
2020-03-04 13:00:00,2020,2021-03-04 12:59:52.495,198.9,7.7,0.3,36.1
2020-03-04 14:00:00,2020,2021-03-04 13:59:52.490,193.9,5.4,0.0,87.6
2020-03-04 15:00:00,2020,2021-03-04 14:59:52.485,162.3,18.4,0.6,138.7
2020-03-04 16:00:00,2020,2021-03-04 15:59:52.480,225.4,43.2,31.3,247.9
2020-03-04 17:00:00,2020,2021-03-04 16:59:52.475,154.4,145.7,26.0,314.0
2020-03-04 18:00:00,2020,2021-03-04 17:59:52.470,289.8,288.0,20.3,140.0
2020-03-04 19:00:00,2020,2021-03-04 18:59:52.465,516.7,530.0,76.7,365.1
2020-03-04 20:00:00,2020,2021-03-04 19:59:52.460,610.9,345.9,86.8,749.0
2020-03-04 21:00:00,2020,2021-03-04 20:59:52.455,662.6,253.6,148.0,786.5
2020-03-04 22:00:00,2020,2021-03-04 21:59:52.450,659.8,179.1,148.0,786.9
2020-03-04 23:00:00,2020,2021-03-04 22:59:52.445,639.7,115.1,148.2,784.8
2020-03-05 00:00:00,2020,2021-03-04 23:59:52.440,588.1,88.5,148.3,780.0
2020-03-05 01:00:00,2020,2021-03-05 00:59:52.435,656.6,164.5,147.3,769.2
2020-03-05 02:00:00,2020,2021-03-05 01:59:52.430,562.8,160.8,144.2,757.5
2020-03-05 03:00:00,2020,2021-03-05 02:59:52.425,389.8,270.1,137.7,740.7
2020-03-05 04:00:00,2020,2021-03-05 03:59:52.420,349.1,191.9,82.8,717.1
2020-03-05 05:00:00,2020,2021-03-05 04:59:52.415,275.0,530.9,57.4,755.8
2020-03-05 06:00:00,2020,2021-03-05 05:59:52.410,187.8,314.4,120.7,675.1
2020-03-05 07:00:00,2020,2021-03-05 06:59:52.405,104.2,272.3,87.2,610.3
2020-03-05 08:00:00,2020,2021-03-05 07:59:52.400,332.8,548.6,125.1,620.4
2020-03-05 09:00:00,2020,2021-03-05 08:59:52.395,533.4,759.8,89.9,578.4
2020-03-05 10:00:00,2020,2021-03-05 09:59:52.390,557.9,824.6,131.5,603.4
2020-03-05 11:00:00,2020,2021-03-05 10:59:52.385,571.5,827.2,144.4,564.1
2020-03-05 12:00:00,2020,2021-03-05 11:59:52.380,367.4,632.8,109.7,601.8
2020-03-05 13:00:00,2020,2021-03-05 12:59:52.375,391.0,413.8,73.6,442.7
2020-03-05 14:00:00,2020,2021-03-05 13:59:52.370,254.3,545.2,50.4,475.0
2020-03-05 15:00:00,2020,2021-03-05 14:59:52.365,209.6,648.5,91.6,307.7
2020-03-05 16:00:00,2020,2021-03-05 15:59:52.360,74.5,620.5,83.8,368.3
2020-03-05 17:00:00,2020,2021-03-05 16:59:52.355,0.0,156.5,0.0,0.0
2020-03-05 18:00:00,2020,2021-03-05 17:59:52.350,0.0,0.1,0.0,0.0
2020-03-05 19:00:00,2020,2021-03-05 18:59:52.345,0.0,4.9,0.0,30.0
2020-03-05 20:00:00,2020,2021-03-05 19:59:52.340,1.8,0.1,0.4,106.1
2020-03-05 21:00:00,2020,2021-03-05 20:59:52.335,16.0,0.0,62.9,202.4
2020-03-05 22:00:00,2020,2021-03-05 21:59:52.330,22.8,0.0,79.2,15.0
2020-03-05 23:00:00,2020,2021-03-05 22:59:52.325,45.5,0.0,31.5,113.9
2020-03-06 00:00:00,2020,2021-03-05 23:59:52.320,69.4,21.1,0.7,219.1
2020-03-06 01:00:00,2020,2021-03-06 00:59:52.315,36.8,101.3,0.0,194.2
2020-03-06 02:00:00,2020,2021-03-06 01:59:52.310,30.3,182.1,10.8,501.7
2020-03-06 03:00:00,2020,2021-03-06 02:59:52.305,3.9,334.0,38.6,393.1
2020-03-06 04:00:00,2020,2021-03-06 03:59:52.300,49.7,314.6,26.0,197.3
2020-03-06 05:00:00,2020,2021-03-06 04:59:52.295,52.7,333.3,57.9,72.6
2020-03-06 06:00:00,2020,2021-03-06 05:59:52.290,78.9,191.5,56.1,82.3
2020-03-06 07:00:00,2020,2021-03-06 06:59:52.285,49.1,118.7,32.8,128.9
2020-03-06 08:00:00,2020,2021-03-06 07:59:52.280,50.4,115.0,27.9,92.0
2020-03-06 09:00:00,2020,2021-03-06 08:59:52.275,11.3,63.2,24.8,4.9
2020-03-06 10:00:00,2020,2021-03-06 09:59:52.270,0.2,71.1,20.6,0.2
2020-03-06 11:00:00,2020,2021-03-06 10:59:52.265,0.0,65.2,16.0,0.0
2020-03-06 12:00:00,2020,2021-03-06 11:59:52.260,1.0,33.5,7.1,0.0
2020-03-06 13:00:00,2020,2021-03-06 12:59:52.255,0.0,12.7,0.9,0.0
2020-03-06 14:00:00,2020,2021-03-06 13:59:52.250,0.0,14.4,1.4,0.0
2020-03-06 15:00:00,2020,2021-03-06 14:59:52.245,2.1,15.5,1.1,0.3
2020-03-06 16:00:00,2020,2021-03-06 15:59:52.240,10.9,22.5,1.9,0.0
2020-03-06 17:00:00,2020,2021-03-06 16:59:52.235,0.0,145.3,0.2,39.4
2020-03-06 18:00:00,2020,2021-03-06 17:59:52.230,0.0,138.6,0.0,40.5
2020-03-06 19:00:00,2020,2021-03-06 18:59:52.225,32.7,170.3,0.1,36.4
2020-03-06 20:00:00,2020,2021-03-06 19:59:52.220,20.9,174.2,14.8,42.3
2020-03-06 21:00:00,2020,2021-03-06 20:59:52.215,4.2,199.1,83.8,51.9
2020-03-06 22:00:00,2020,2021-03-06 21:59:52.210,25.2,148.9,77.0,56.2
2020-03-06 23:00:00,2020,2021-03-06 22:59:52.205,25.2,143.8,44.9,114.0
2020-03-07 00:00:00,2020,2021-03-06 23:59:52.200,26.6,70.6,22.3,240.5
2020-03-07 01:00:00,2020,2021-03-07 00:59:52.195,61.7,5.9,5.8,367.8
2020-03-07 02:00:00,2020,2021-03-07 01:59:52.190,167.1,0.0,7.6,371.2
2020-03-07 03:00:00,2020,2021-03-07 02:59:52.185,266.9,2.2,1.0,454.4
2020-03-07 04:00:00,2020,2021-03-07 03:59:52.180,326.6,52.1,1.6,500.1
2020-03-07 05:00:00,2020,2021-03-07 04:59:52.175,310.8,181.2,8.8,491.2
2020-03-07 06:00:00,2020,2021-03-07 05:59:52.170,241.7,186.1,23.2,452.0
2020-03-07 07:00:00,2020,2021-03-07 06:59:52.165,161.9,172.3,65.1,539.7
2020-03-07 08:00:00,2020,2021-03-07 07:59:52.160,188.7,94.4,87.5,519.8
2020-03-07 09:00:00,2020,2021-03-07 08:59:52.155,30.1,15.1,52.9,369.9
2020-03-07 10:00:00,2020,2021-03-07 09:59:52.150,3.9,9.5,1.9,288.2
2020-03-07 11:00:00,2020,2021-03-07 10:59:52.145,5.7,7.0,31.5,193.4
2020-03-07 12:00:00,2020,2021-03-07 11:59:52.140,21.9,8.3,35.5,68.6
2020-03-07 13:00:00,2020,2021-03-07 12:59:52.135,33.1,5.2,23.6,26.8
2020-03-07 14:00:00,2020,2021-03-07 13:59:52.130,7.2,9.5,5.3,36.5
2020-03-07 15:00:00,2020,2021-03-07 14:59:52.125,0.4,9.7,0.3,15.0
2020-03-07 16:00:00,2020,2021-03-07 15:59:52.120,1.1,5.9,0.2,0.0
2020-03-07 17:00:00,2020,2021-03-07 16:59:52.115,16.1,3.6,0.5,34.6
2020-03-07 18:00:00,2020,2021-03-07 17:59:52.110,34.4,3.2,0.0,26.3
2020-03-07 19:00:00,2020,2021-03-07 18:59:52.105,154.6,52.4,3.7,39.8
2020-03-07 20:00:00,2020,2021-03-07 19:59:52.100,273.0,108.0,15.5,228.5
2020-03-07 21:00:00,2020,2021-03-07 20:59:52.095,315.8,125.5,33.2,573.1
2020-03-07 22:00:00,2020,2021-03-07 21:59:52.090,393.0,79.4,65.8,749.8
2020-03-07 23:00:00,2020,2021-03-07 22:59:52.085,460.0,65.9,103.2,757.6
2020-03-08 00:00:00,2020,2021-03-07 23:59:52.080,595.9,41.8,124.2,770.9
2020-03-08 01:00:00,2020,2021-03-08 00:59:52.075,606.6,64.3,136.1,784.6
2020-03-08 02:00:00,2020,2021-03-08 01:59:52.070,608.9,90.5,139.2,791.2
2020-03-08 03:00:00,2020,2021-03-08 02:59:52.065,619.3,90.6,140.6,794.6
2020-03-08 04:00:00,2020,2021-03-08 03:59:52.060,634.8,107.8,148.3,794.0
2020-03-08 05:00:00,2020,2021-03-08 04:59:52.055,640.7,98.2,148.3,796.1
2020-03-08 06:00:00,2020,2021-03-08 05:59:52.050,633.5,85.8,148.3,793.7
2020-03-08 07:00:00,2020,2021-03-08 06:59:52.045,626.6,83.4,137.7,791.5
2020-03-08 08:00:00,2020,2021-03-08 07:59:52.040,546.4,112.2,74.6,769.4
2020-03-08 09:00:00,2020,2021-03-08 08:59:52.035,422.9,313.8,23.9,736.7
2020-03-08 10:00:00,2020,2021-03-08 09:59:52.030,543.5,406.5,33.7,747.5
2020-03-08 11:00:00,2020,2021-03-08 10:59:52.025,515.8,401.6,68.1,739.2
2020-03-08 12:00:00,2020,2021-03-08 11:59:52.020,377.5,325.8,32.2,725.6
2020-03-08 13:00:00,2020,2021-03-08 12:59:52.015,377.9,216.3,27.6,717.7
2020-03-08 14:00:00,2020,2021-03-08 13:59:52.010,391.3,191.9,68.9,615.8
2020-03-08 15:00:00,2020,2021-03-08 14:59:52.005,375.9,75.2,33.2,616.3
2020-03-08 16:00:00,2020,2021-03-08 15:59:52.000,233.8,26.8,23.1,493.5
2020-03-08 17:00:00,2020,2021-03-08 16:59:51.995,532.3,0.0,85.2,669.8
2020-03-08 18:00:00,2020,2021-03-08 17:59:51.990,496.8,61.4,124.9,696.0
2020-03-08 19:00:00,2020,2021-03-08 18:59:51.985,327.8,192.8,135.8,615.8
2020-03-08 20:00:00,2020,2021-03-08 19:59:51.980,432.9,247.1,127.5,571.9
2020-03-08 21:00:00,2020,2021-03-08 20:59:51.975,692.5,292.7,144.0,373.4
2020-03-08 22:00:00,2020,2021-03-08 21:59:51.970,700.9,293.9,145.7,759.6
2020-03-08 23:00:00,2020,2021-03-08 22:59:51.965,579.3,554.9,145.9,794.2
2020-03-09 00:00:00,2020,2021-03-08 23:59:51.960,325.4,423.5,145.6,795.8
2020-03-09 01:00:00,2020,2021-03-09 00:59:51.955,156.1,218.3,140.5,792.6
2020-03-09 02:00:00,2020,2021-03-09 01:59:51.950,113.6,148.9,137.9,776.5
2020-03-09 03:00:00,2020,2021-03-09 02:59:51.945,116.7,127.9,128.7,762.2
2020-03-09 04:00:00,2020,2021-03-09 03:59:51.940,127.9,161.7,120.8,758.2
2020-03-09 05:00:00,2020,2021-03-09 04:59:51.935,144.0,188.1,128.3,768.6
2020-03-09 06:00:00,2020,2021-03-09 05:59:51.930,229.7,315.8,124.9,771.7
2020-03-09 07:00:00,2020,2021-03-09 06:59:51.925,385.0,384.2,132.4,756.9
2020-03-09 08:00:00,2020,2021-03-09 07:59:51.920,485.3,233.0,133.0,761.5
2020-03-09 09:00:00,2020,2021-03-09 08:59:51.915,360.0,232.0,106.6,708.6
2020-03-09 10:00:00,2020,2021-03-09 09:59:51.910,390.6,78.9,95.3,679.6
2020-03-09 11:00:00,2020,2021-03-09 10:59:51.905,465.1,354.5,143.5,730.0
2020-03-09 12:00:00,2020,2021-03-09 11:59:51.900,469.1,296.9,118.2,718.3
2020-03-09 13:00:00,2020,2021-03-09 12:59:51.895,326.3,466.7,101.2,681.3
2020-03-09 14:00:00,2020,2021-03-09 13:59:51.890,114.4,625.4,76.0,490.3
2020-03-09 15:00:00,2020,2021-03-09 14:59:51.885,18.8,642.4,44.7,426.0
2020-03-09 16:00:00,2020,2021-03-09 15:59:51.880,298.3,737.1,49.0,401.1
2020-03-09 17:00:00,2020,2021-03-09 16:59:51.875,195.7,828.6,104.9,113.3
2020-03-09 18:00:00,2020,2021-03-09 17:59:51.870,429.4,781.2,23.8,337.8
2020-03-09 19:00:00,2020,2021-03-09 18:59:51.865,133.9,799.6,78.4,201.1
2020-03-09 20:00:00,2020,2021-03-09 19:59:51.860,47.5,792.5,83.3,311.2
2020-03-09 21:00:00,2020,2021-03-09 20:59:51.855,346.0,790.6,109.2,571.8
2020-03-09 22:00:00,2020,2021-03-09 21:59:51.850,360.3,817.0,127.1,469.4
2020-03-09 23:00:00,2020,2021-03-09 22:59:51.845,416.4,807.8,114.5,436.4
2020-03-10 00:00:00,2020,2021-03-09 23:59:51.840,479.5,734.6,115.6,505.4
2020-03-10 01:00:00,2020,2021-03-10 00:59:51.835,485.6,586.4,99.4,638.4
2020-03-10 02:00:00,2020,2021-03-10 01:59:51.830,636.6,593.4,74.3,597.2
2020-03-10 03:00:00,2020,2021-03-10 02:59:51.825,529.1,679.3,112.3,648.7
2020-03-10 04:00:00,2020,2021-03-10 03:59:51.820,480.6,647.1,112.1,540.7
2020-03-10 05:00:00,2020,2021-03-10 04:59:51.815,401.1,575.5,112.0,521.2
2020-03-10 06:00:00,2020,2021-03-10 05:59:51.810,326.3,519.9,112.2,532.2
2020-03-10 07:00:00,2020,2021-03-10 06:59:51.805,234.4,753.3,133.9,504.7
2020-03-10 08:00:00,2020,2021-03-10 07:59:51.800,321.2,801.6,145.4,435.1
2020-03-10 09:00:00,2020,2021-03-10 08:59:51.795,193.4,650.3,136.8,485.9
2020-03-10 10:00:00,2020,2021-03-10 09:59:51.790,346.6,509.0,129.2,529.5
2020-03-10 11:00:00,2020,2021-03-10 10:59:51.785,203.4,522.7,140.5,685.3
2020-03-10 12:00:00,2020,2021-03-10 11:59:51.780,307.8,541.4,125.0,670.8
2020-03-10 13:00:00,2020,2021-03-10 12:59:51.775,457.9,548.9,141.4,605.1
2020-03-10 14:00:00,2020,2021-03-10 13:59:51.770,510.4,509.0,107.5,595.1
2020-03-10 15:00:00,2020,2021-03-10 14:59:51.765,621.8,451.6,93.3,627.0
2020-03-10 16:00:00,2020,2021-03-10 15:59:51.760,597.4,507.0,100.9,609.2
2020-03-10 17:00:00,2020,2021-03-10 16:59:51.755,577.5,499.3,102.0,596.0
2020-03-10 18:00:00,2020,2021-03-10 17:59:51.750,536.2,424.3,113.8,344.2
2020-03-10 19:00:00,2020,2021-03-10 18:59:51.745,562.4,463.9,119.9,525.1
2020-03-10 20:00:00,2020,2021-03-10 19:59:51.740,515.9,443.8,107.7,663.4
2020-03-10 21:00:00,2020,2021-03-10 20:59:51.735,643.0,463.1,74.0,693.0
2020-03-10 22:00:00,2020,2021-03-10 21:59:51.730,558.4,511.6,67.8,700.3
2020-03-10 23:00:00,2020,2021-03-10 22:59:51.725,541.8,698.9,100.1,666.8
2020-03-11 00:00:00,2020,2021-03-10 23:59:51.720,597.0,679.8,100.1,644.4
2020-03-11 01:00:00,2020,2021-03-11 00:59:51.715,613.5,717.0,112.3,717.4
2020-03-11 02:00:00,2020,2021-03-11 01:59:51.710,547.3,751.1,124.6,753.8
2020-03-11 03:00:00,2020,2021-03-11 02:59:51.705,693.2,754.1,112.3,782.7
2020-03-11 04:00:00,2020,2021-03-11 03:59:51.700,667.2,753.9,127.4,783.5
2020-03-11 05:00:00,2020,2021-03-11 04:59:51.695,608.2,784.2,146.5,789.7
2020-03-11 06:00:00,2020,2021-03-11 05:59:51.690,682.0,806.5,145.7,794.8
2020-03-11 07:00:00,2020,2021-03-11 06:59:51.685,686.2,839.9,147.5,797.0
2020-03-11 08:00:00,2020,2021-03-11 07:59:51.680,694.6,833.9,147.8,795.6
2020-03-11 09:00:00,2020,2021-03-11 08:59:51.675,605.6,720.4,143.1,793.2
2020-03-11 10:00:00,2020,2021-03-11 09:59:51.670,628.2,805.8,146.2,751.1
2020-03-11 11:00:00,2020,2021-03-11 10:59:51.665,390.0,672.5,140.7,727.0
2020-03-11 12:00:00,2020,2021-03-11 11:59:51.660,159.4,599.6,142.2,656.2
2020-03-11 13:00:00,2020,2021-03-11 12:59:51.655,112.3,582.6,135.7,556.5
2020-03-11 14:00:00,2020,2021-03-11 13:59:51.650,87.1,647.4,132.5,529.9
2020-03-11 15:00:00,2020,2021-03-11 14:59:51.645,157.3,760.8,116.3,510.2
2020-03-11 16:00:00,2020,2021-03-11 15:59:51.640,103.8,761.3,139.0,472.7
2020-03-11 17:00:00,2020,2021-03-11 16:59:51.635,331.4,771.5,144.4,489.2
2020-03-11 18:00:00,2020,2021-03-11 17:59:51.630,280.1,659.0,142.2,640.2
2020-03-11 19:00:00,2020,2021-03-11 18:59:51.625,619.9,739.4,128.7,711.7
2020-03-11 20:00:00,2020,2021-03-11 19:59:51.620,689.8,813.3,133.4,776.4
2020-03-11 21:00:00,2020,2021-03-11 20:59:51.615,691.1,820.5,144.2,781.7
2020-03-11 22:00:00,2020,2021-03-11 21:59:51.610,698.6,833.4,147.1,778.4
2020-03-11 23:00:00,2020,2021-03-11 22:59:51.605,696.3,836.2,147.2,785.8
2020-03-12 00:00:00,2020,2021-03-11 23:59:51.600,709.1,822.2,147.0,793.3
2020-03-12 01:00:00,2020,2021-03-12 00:59:51.595,713.5,818.9,145.9,799.1
2020-03-12 02:00:00,2020,2021-03-12 01:59:51.590,708.6,820.6,147.0,798.1
2020-03-12 03:00:00,2020,2021-03-12 02:59:51.585,713.5,822.5,147.9,797.4
2020-03-12 04:00:00,2020,2021-03-12 03:59:51.580,713.5,737.5,147.7,799.0
2020-03-12 05:00:00,2020,2021-03-12 04:59:51.575,713.5,831.3,147.6,795.8
2020-03-12 06:00:00,2020,2021-03-12 05:59:51.570,713.0,805.0,146.1,797.5
2020-03-12 07:00:00,2020,2021-03-12 06:59:51.565,712.9,795.6,146.9,796.9
2020-03-12 08:00:00,2020,2021-03-12 07:59:51.560,711.7,731.7,147.6,779.5
2020-03-12 09:00:00,2020,2021-03-12 08:59:51.555,705.3,791.3,145.9,796.8
2020-03-12 10:00:00,2020,2021-03-12 09:59:51.550,698.3,796.2,146.0,783.6
2020-03-12 11:00:00,2020,2021-03-12 10:59:51.545,697.2,742.6,141.8,773.4
2020-03-12 12:00:00,2020,2021-03-12 11:59:51.540,623.1,762.3,145.0,765.7
2020-03-12 13:00:00,2020,2021-03-12 12:59:51.535,674.2,661.3,112.9,760.5
2020-03-12 14:00:00,2020,2021-03-12 13:59:51.530,572.9,667.3,96.6,759.7
2020-03-12 15:00:00,2020,2021-03-12 14:59:51.525,614.1,463.7,120.8,625.6
2020-03-12 16:00:00,2020,2021-03-12 15:59:51.520,673.5,652.5,137.2,733.9
2020-03-12 17:00:00,2020,2021-03-12 16:59:51.515,614.7,561.7,128.7,692.1
2020-03-12 18:00:00,2020,2021-03-12 17:59:51.510,626.6,470.8,121.2,587.6
2020-03-12 19:00:00,2020,2021-03-12 18:59:51.505,603.4,561.8,107.3,598.1
2020-03-12 20:00:00,2020,2021-03-12 19:59:51.500,575.5,593.7,114.0,560.6
2020-03-12 21:00:00,2020,2021-03-12 20:59:51.495,594.2,521.8,118.0,530.1
2020-03-12 22:00:00,2020,2021-03-12 21:59:51.490,382.1,297.4,119.1,629.6
2020-03-12 23:00:00,2020,2021-03-12 22:59:51.485,434.7,521.2,108.2,497.7
2020-03-13 00:00:00,2020,2021-03-12 23:59:51.480,345.9,333.1,115.1,353.8
2020-03-13 01:00:00,2020,2021-03-13 00:59:51.475,218.0,368.1,112.0,297.3
2020-03-13 02:00:00,2020,2021-03-13 01:59:51.470,175.3,362.9,99.5,248.5
2020-03-13 03:00:00,2020,2021-03-13 02:59:51.465,112.8,226.3,97.8,175.6
2020-03-13 04:00:00,2020,2021-03-13 03:59:51.460,164.8,265.5,80.1,138.2
2020-03-13 05:00:00,2020,2021-03-13 04:59:51.455,214.7,188.6,52.7,210.0
2020-03-13 06:00:00,2020,2021-03-13 05:59:51.450,130.2,134.0,33.5,197.3
2020-03-13 07:00:00,2020,2021-03-13 06:59:51.445,48.3,113.7,31.3,127.9
2020-03-13 08:00:00,2020,2021-03-13 07:59:51.440,31.8,124.4,29.3,101.1
2020-03-13 09:00:00,2020,2021-03-13 08:59:51.435,2.5,41.8,16.9,22.2
2020-03-13 10:00:00,2020,2021-03-13 09:59:51.430,2.7,5.6,9.8,5.8
2020-03-13 11:00:00,2020,2021-03-13 10:59:51.425,2.6,10.5,5.1,2.1
2020-03-13 12:00:00,2020,2021-03-13 11:59:51.420,1.3,34.2,6.1,0.0
2020-03-13 13:00:00,2020,2021-03-13 12:59:51.415,6.1,57.1,8.0,0.1
2020-03-13 14:00:00,2020,2021-03-13 13:59:51.410,6.5,32.7,4.1,0.0
2020-03-13 15:00:00,2020,2021-03-13 14:59:51.405,26.0,25.4,5.5,12.3
2020-03-13 16:00:00,2020,2021-03-13 15:59:51.400,0.8,32.6,4.8,17.7
2020-03-13 17:00:00,2020,2021-03-13 16:59:51.395,13.2,27.1,10.9,126.2
2020-03-13 18:00:00,2020,2021-03-13 17:59:51.390,5.5,27.0,10.2,20.7
2020-03-13 19:00:00,2020,2021-03-13 18:59:51.385,38.6,17.8,6.9,177.6
2020-03-13 20:00:00,2020,2021-03-13 19:59:51.380,75.1,10.6,6.8,157.3
2020-03-13 21:00:00,2020,2021-03-13 20:59:51.375,121.8,1.0,6.4,111.7
2020-03-13 22:00:00,2020,2021-03-13 21:59:51.370,107.1,25.8,0.0,166.5
2020-03-13 23:00:00,2020,2021-03-13 22:59:51.365,177.6,11.6,0.0,119.2
2020-03-14 00:00:00,2020,2021-03-13 23:59:51.360,219.7,15.1,0.0,129.2
2020-03-14 01:00:00,2020,2021-03-14 00:59:51.355,205.1,20.6,0.3,163.7
2020-03-14 02:00:00,2020,2021-03-14 01:59:51.350,199.4,119.1,1.4,136.5
2020-03-14 03:00:00,2020,2021-03-14 02:59:51.345,180.8,146.8,15.1,68.1
2020-03-14 04:00:00,2020,2021-03-14 03:59:51.340,107.1,220.8,33.8,95.6
2020-03-14 05:00:00,2020,2021-03-14 04:59:51.335,74.4,297.0,36.7,18.2
2020-03-14 06:00:00,2020,2021-03-14 05:59:51.330,49.0,328.1,30.5,3.2
2020-03-14 07:00:00,2020,2021-03-14 06:59:51.325,54.8,313.3,22.8,1.1
2020-03-14 08:00:00,2020,2021-03-14 07:59:51.320,15.3,305.7,23.8,0.2
2020-03-14 09:00:00,2020,2021-03-14 08:59:51.315,0.0,201.9,21.8,0.0
2020-03-14 10:00:00,2020,2021-03-14 09:59:51.310,7.9,224.3,19.2,0.0
2020-03-14 11:00:00,2020,2021-03-14 10:59:51.305,10.2,188.5,13.4,0.2
2020-03-14 12:00:00,2020,2021-03-14 11:59:51.300,5.9,136.7,8.1,3.7
2020-03-14 13:00:00,2020,2021-03-14 12:59:51.295,17.3,92.0,2.2,3.9
2020-03-14 14:00:00,2020,2021-03-14 13:59:51.290,2.0,85.0,0.7,14.2
2020-03-14 15:00:00,2020,2021-03-14 14:59:51.285,0.5,164.7,0.8,10.7
2020-03-14 16:00:00,2020,2021-03-14 15:59:51.280,2.1,261.2,0.5,30.1
2020-03-14 17:00:00,2020,2021-03-14 16:59:51.275,0.0,111.5,0.2,17.4
2020-03-14 18:00:00,2020,2021-03-14 17:59:51.270,0.0,80.5,1.6,0.0
2020-03-14 19:00:00,2020,2021-03-14 18:59:51.265,0.0,95.7,1.5,0.0
2020-03-14 20:00:00,2020,2021-03-14 19:59:51.260,16.8,177.7,0.7,0.0
2020-03-14 21:00:00,2020,2021-03-14 20:59:51.255,0.1,226.0,0.9,0.0
2020-03-14 22:00:00,2020,2021-03-14 21:59:51.250,0.0,293.2,10.2,0.0
2020-03-14 23:00:00,2020,2021-03-14 22:59:51.245,0.0,314.4,33.7,0.0
2020-03-15 00:00:00,2020,2021-03-14 23:59:51.240,0.0,367.9,15.7,0.0
2020-03-15 01:00:00,2020,2021-03-15 00:59:51.235,0.0,406.4,33.6,17.7
2020-03-15 02:00:00,2020,2021-03-15 01:59:51.230,0.0,421.0,44.0,49.0
2020-03-15 03:00:00,2020,2021-03-15 02:59:51.225,11.6,414.3,44.5,70.6
2020-03-15 04:00:00,2020,2021-03-15 03:59:51.220,33.0,425.1,48.4,130.1
2020-03-15 05:00:00,2020,2021-03-15 04:59:51.215,109.6,398.3,46.9,245.0
2020-03-15 06:00:00,2020,2021-03-15 05:59:51.210,183.7,328.0,40.2,287.5
2020-03-15 07:00:00,2020,2021-03-15 06:59:51.205,224.7,214.1,40.3,253.4
2020-03-15 08:00:00,2020,2021-03-15 07:59:51.200,223.3,186.6,37.1,267.6
2020-03-15 09:00:00,2020,2021-03-15 08:59:51.195,126.4,159.8,22.6,240.7
2020-03-15 10:00:00,2020,2021-03-15 09:59:51.190,108.7,90.2,7.1,247.0
2020-03-15 11:00:00,2020,2021-03-15 10:59:51.185,169.7,20.1,8.1,333.9
2020-03-15 12:00:00,2020,2021-03-15 11:59:51.180,240.3,0.9,10.9,360.6
2020-03-15 13:00:00,2020,2021-03-15 12:59:51.175,304.4,0.0,9.1,303.7
2020-03-15 14:00:00,2020,2021-03-15 13:59:51.170,395.1,0.0,6.6,234.5
2020-03-15 15:00:00,2020,2021-03-15 14:59:51.165,401.0,0.0,2.8,150.1
2020-03-15 16:00:00,2020,2021-03-15 15:59:51.160,325.1,0.0,1.3,137.8
2020-03-15 17:00:00,2020,2021-03-15 16:59:51.155,79.1,0.0,0.0,10.1
2020-03-15 18:00:00,2020,2021-03-15 17:59:51.150,12.9,0.0,0.0,4.8
2020-03-15 19:00:00,2020,2021-03-15 18:59:51.145,3.7,0.0,2.7,115.1
2020-03-15 20:00:00,2020,2021-03-15 19:59:51.140,0.0,0.0,71.2,57.0
2020-03-15 21:00:00,2020,2021-03-15 20:59:51.135,0.0,0.0,32.3,7.5
2020-03-15 22:00:00,2020,2021-03-15 21:59:51.130,0.0,0.0,25.0,3.5
2020-03-15 23:00:00,2020,2021-03-15 22:59:51.125,0.0,0.0,29.1,26.1
2020-03-16 00:00:00,2020,2021-03-15 23:59:51.120,0.0,26.6,27.1,24.9
2020-03-16 01:00:00,2020,2021-03-16 00:59:51.115,0.0,85.8,47.4,33.2
2020-03-16 02:00:00,2020,2021-03-16 01:59:51.110,0.0,132.9,64.5,30.9
2020-03-16 03:00:00,2020,2021-03-16 02:59:51.105,0.0,93.9,31.5,16.3
2020-03-16 04:00:00,2020,2021-03-16 03:59:51.100,0.0,167.6,54.6,0.0
2020-03-16 05:00:00,2020,2021-03-16 04:59:51.095,0.0,119.4,51.0,0.0
2020-03-16 06:00:00,2020,2021-03-16 05:59:51.090,0.0,118.8,62.2,0.0
2020-03-16 07:00:00,2020,2021-03-16 06:59:51.085,0.0,93.4,52.4,0.0
2020-03-16 08:00:00,2020,2021-03-16 07:59:51.080,0.0,71.5,42.8,0.0
2020-03-16 09:00:00,2020,2021-03-16 08:59:51.075,23.4,42.8,29.7,0.0
2020-03-16 10:00:00,2020,2021-03-16 09:59:51.070,17.5,2.5,0.0,0.0
2020-03-16 11:00:00,2020,2021-03-16 10:59:51.065,0.0,5.3,0.0,0.0
2020-03-16 12:00:00,2020,2021-03-16 11:59:51.060,69.9,54.8,4.7,0.0
2020-03-16 13:00:00,2020,2021-03-16 12:59:51.055,118.0,74.4,16.8,20.4
2020-03-16 14:00:00,2020,2021-03-16 13:59:51.050,91.4,80.5,11.5,97.7
2020-03-16 15:00:00,2020,2021-03-16 14:59:51.045,61.0,69.3,9.8,106.3
2020-03-16 16:00:00,2020,2021-03-16 15:59:51.040,29.5,79.2,6.4,131.1
2020-03-16 17:00:00,2020,2021-03-16 16:59:51.035,12.5,58.3,2.7,78.7
2020-03-16 18:00:00,2020,2021-03-16 17:59:51.030,5.1,36.4,7.1,85.4
2020-03-16 19:00:00,2020,2021-03-16 18:59:51.025,45.5,83.0,23.5,53.8
2020-03-16 20:00:00,2020,2021-03-16 19:59:51.020,305.3,31.6,23.0,359.0
2020-03-16 21:00:00,2020,2021-03-16 20:59:51.015,613.4,19.1,32.0,728.5
2020-03-16 22:00:00,2020,2021-03-16 21:59:51.010,670.2,26.3,24.8,742.1
2020-03-16 23:00:00,2020,2021-03-16 22:59:51.005,671.2,39.5,24.2,756.1
2020-03-17 00:00:00,2020,2021-03-16 23:59:51.000,691.3,7.0,6.8,756.7
2020-03-17 01:00:00,2020,2021-03-17 00:59:50.995,695.8,29.1,50.0,749.1
2020-03-17 02:00:00,2020,2021-03-17 01:59:50.990,682.1,64.7,45.2,748.3
2020-03-17 03:00:00,2020,2021-03-17 02:59:50.985,671.1,62.9,8.9,744.6
2020-03-17 04:00:00,2020,2021-03-17 03:59:50.980,661.4,50.9,30.4,650.7
2020-03-17 05:00:00,2020,2021-03-17 04:59:50.975,660.6,22.2,57.2,601.8
2020-03-17 06:00:00,2020,2021-03-17 05:59:50.970,685.5,83.3,38.3,542.2
2020-03-17 07:00:00,2020,2021-03-17 06:59:50.965,530.8,73.4,57.9,505.0
2020-03-17 08:00:00,2020,2021-03-17 07:59:50.960,463.0,43.3,58.7,530.0
2020-03-17 09:00:00,2020,2021-03-17 08:59:50.955,271.5,0.0,33.6,210.8
2020-03-17 10:00:00,2020,2021-03-17 09:59:50.950,47.9,0.0,12.1,170.9
2020-03-17 11:00:00,2020,2021-03-17 10:59:50.945,10.6,2.0,1.8,132.3
2020-03-17 12:00:00,2020,2021-03-17 11:59:50.940,15.8,11.5,4.8,120.6
2020-03-17 13:00:00,2020,2021-03-17 12:59:50.935,0.7,10.4,21.3,126.8
2020-03-17 14:00:00,2020,2021-03-17 13:59:50.930,0.8,50.0,22.1,134.3
2020-03-17 15:00:00,2020,2021-03-17 14:59:50.925,29.2,90.6,10.9,129.0
2020-03-17 16:00:00,2020,2021-03-17 15:59:50.920,163.3,138.1,11.5,149.9
2020-03-17 17:00:00,2020,2021-03-17 16:59:50.915,83.4,109.4,17.1,129.3
2020-03-17 18:00:00,2020,2021-03-17 17:59:50.910,23.3,44.9,4.1,65.6
2020-03-17 19:00:00,2020,2021-03-17 18:59:50.905,0.0,50.6,0.9,129.4
2020-03-17 20:00:00,2020,2021-03-17 19:59:50.900,0.0,176.1,11.3,0.0
2020-03-17 21:00:00,2020,2021-03-17 20:59:50.895,0.0,127.0,29.0,49.3
2020-03-17 22:00:00,2020,2021-03-17 21:59:50.890,3.3,338.0,10.2,156.5
2020-03-17 23:00:00,2020,2021-03-17 22:59:50.885,82.0,212.0,23.9,202.7
2020-03-18 00:00:00,2020,2021-03-17 23:59:50.880,39.9,233.2,76.5,44.3
2020-03-18 01:00:00,2020,2021-03-18 00:59:50.875,265.7,339.8,80.7,93.6
2020-03-18 02:00:00,2020,2021-03-18 01:59:50.870,203.3,380.1,92.0,115.8
2020-03-18 03:00:00,2020,2021-03-18 02:59:50.865,196.4,533.3,118.2,414.1
2020-03-18 04:00:00,2020,2021-03-18 03:59:50.860,165.3,464.8,110.4,237.0
2020-03-18 05:00:00,2020,2021-03-18 04:59:50.855,127.4,577.4,111.0,250.3
2020-03-18 06:00:00,2020,2021-03-18 05:59:50.850,63.3,622.1,116.4,251.4
2020-03-18 07:00:00,2020,2021-03-18 06:59:50.845,12.8,700.9,113.9,356.1
2020-03-18 08:00:00,2020,2021-03-18 07:59:50.840,4.2,632.4,121.0,398.8
2020-03-18 09:00:00,2020,2021-03-18 08:59:50.835,0.0,335.4,99.3,355.5
2020-03-18 10:00:00,2020,2021-03-18 09:59:50.830,1.7,217.6,78.0,428.2
2020-03-18 11:00:00,2020,2021-03-18 10:59:50.825,21.5,181.7,62.2,302.2
2020-03-18 12:00:00,2020,2021-03-18 11:59:50.820,119.1,219.9,53.3,184.8
2020-03-18 13:00:00,2020,2021-03-18 12:59:50.815,86.2,293.0,39.9,174.9
2020-03-18 14:00:00,2020,2021-03-18 13:59:50.810,42.8,394.8,82.8,220.3
2020-03-18 15:00:00,2020,2021-03-18 14:59:50.805,0.1,638.0,79.4,158.2
2020-03-18 16:00:00,2020,2021-03-18 15:59:50.800,80.6,583.6,48.4,68.9
2020-03-18 17:00:00,2020,2021-03-18 16:59:50.795,6.6,309.1,19.7,18.6
2020-03-18 18:00:00,2020,2021-03-18 17:59:50.790,14.3,183.3,19.7,54.0
2020-03-18 19:00:00,2020,2021-03-18 18:59:50.785,287.6,148.7,61.5,57.8
2020-03-18 20:00:00,2020,2021-03-18 19:59:50.780,280.1,16.6,51.8,284.6
2020-03-18 21:00:00,2020,2021-03-18 20:59:50.775,388.1,4.2,49.3,549.6
2020-03-18 22:00:00,2020,2021-03-18 21:59:50.770,412.0,149.4,90.6,633.9
2020-03-18 23:00:00,2020,2021-03-18 22:59:50.765,464.3,97.6,67.7,605.0
2020-03-19 00:00:00,2020,2021-03-18 23:59:50.760,564.3,42.7,90.5,649.2
2020-03-19 01:00:00,2020,2021-03-19 00:59:50.755,433.9,42.3,52.7,684.5
2020-03-19 02:00:00,2020,2021-03-19 01:59:50.750,331.1,81.7,28.6,705.4
2020-03-19 03:00:00,2020,2021-03-19 02:59:50.745,280.0,78.6,47.2,701.3
2020-03-19 04:00:00,2020,2021-03-19 03:59:50.740,555.9,89.6,36.1,728.8
2020-03-19 05:00:00,2020,2021-03-19 04:59:50.735,532.1,126.3,28.6,714.1
2020-03-19 06:00:00,2020,2021-03-19 05:59:50.730,484.5,124.9,31.4,708.0
2020-03-19 07:00:00,2020,2021-03-19 06:59:50.725,328.5,80.4,27.8,660.7
2020-03-19 08:00:00,2020,2021-03-19 07:59:50.720,368.6,44.2,71.8,567.2
2020-03-19 09:00:00,2020,2021-03-19 08:59:50.715,199.8,14.2,29.8,550.2
2020-03-19 10:00:00,2020,2021-03-19 09:59:50.710,208.8,48.2,27.2,415.3
2020-03-19 11:00:00,2020,2021-03-19 10:59:50.705,198.4,288.8,61.1,304.0
2020-03-19 12:00:00,2020,2021-03-19 11:59:50.700,230.8,152.8,78.0,217.9
2020-03-19 13:00:00,2020,2021-03-19 12:59:50.695,251.3,200.3,57.4,221.2
2020-03-19 14:00:00,2020,2021-03-19 13:59:50.690,347.1,165.5,16.2,387.1
2020-03-19 15:00:00,2020,2021-03-19 14:59:50.685,417.1,574.0,113.5,390.8
2020-03-19 16:00:00,2020,2021-03-19 15:59:50.680,378.7,90.1,134.9,408.7
2020-03-19 17:00:00,2020,2021-03-19 16:59:50.675,386.4,67.3,116.8,431.5
2020-03-19 18:00:00,2020,2021-03-19 17:59:50.670,192.0,22.4,124.1,640.4
2020-03-19 19:00:00,2020,2021-03-19 18:59:50.665,187.8,80.6,69.3,677.0
2020-03-19 20:00:00,2020,2021-03-19 19:59:50.660,348.3,37.5,65.5,466.6
2020-03-19 21:00:00,2020,2021-03-19 20:59:50.655,488.9,113.4,99.1,740.1
2020-03-19 22:00:00,2020,2021-03-19 21:59:50.650,337.4,83.5,85.4,641.3
2020-03-19 23:00:00,2020,2021-03-19 22:59:50.645,568.2,32.8,54.6,444.9
2020-03-20 00:00:00,2020,2021-03-19 23:59:50.640,571.7,10.6,22.0,188.9
2020-03-20 01:00:00,2020,2021-03-20 00:59:50.635,346.3,13.3,39.5,101.9
2020-03-20 02:00:00,2020,2021-03-20 01:59:50.630,58.6,10.9,83.8,14.4
2020-03-20 03:00:00,2020,2021-03-20 02:59:50.625,157.7,9.4,68.4,131.0
2020-03-20 04:00:00,2020,2021-03-20 03:59:50.620,188.2,24.7,5.3,208.4
2020-03-20 05:00:00,2020,2021-03-20 04:59:50.615,88.3,75.2,0.4,134.4
2020-03-20 06:00:00,2020,2021-03-20 05:59:50.610,14.4,85.9,0.0,100.0
2020-03-20 07:00:00,2020,2021-03-20 06:59:50.605,5.8,46.5,3.5,90.1
2020-03-20 08:00:00,2020,2021-03-20 07:59:50.600,48.2,2.2,5.1,59.4
2020-03-20 09:00:00,2020,2021-03-20 08:59:50.595,43.5,0.0,0.0,45.3
2020-03-20 10:00:00,2020,2021-03-20 09:59:50.590,46.7,0.0,0.0,3.5
2020-03-20 11:00:00,2020,2021-03-20 10:59:50.585,83.0,0.1,0.0,2.3
2020-03-20 12:00:00,2020,2021-03-20 11:59:50.580,37.5,12.1,0.0,4.4
2020-03-20 13:00:00,2020,2021-03-20 12:59:50.575,8.6,34.6,0.0,0.7
2020-03-20 14:00:00,2020,2021-03-20 13:59:50.570,6.1,118.0,0.0,3.0
2020-03-20 15:00:00,2020,2021-03-20 14:59:50.565,3.7,14.8,0.5,15.2
2020-03-20 16:00:00,2020,2021-03-20 15:59:50.560,40.7,6.7,0.0,8.5
2020-03-20 17:00:00,2020,2021-03-20 16:59:50.555,31.7,49.6,2.7,1.9
2020-03-20 18:00:00,2020,2021-03-20 17:59:50.550,0.0,35.0,0.0,16.4
2020-03-20 19:00:00,2020,2021-03-20 18:59:50.545,46.2,44.0,0.0,30.9
2020-03-20 20:00:00,2020,2021-03-20 19:59:50.540,0.0,335.5,0.8,92.6
2020-03-20 21:00:00,2020,2021-03-20 20:59:50.535,84.9,340.9,8.1,17.0
2020-03-20 22:00:00,2020,2021-03-20 21:59:50.530,139.9,260.6,18.7,77.9
2020-03-20 23:00:00,2020,2021-03-20 22:59:50.525,257.5,324.8,32.9,188.7
2020-03-21 00:00:00,2020,2021-03-20 23:59:50.520,329.1,397.4,18.6,89.4
2020-03-21 01:00:00,2020,2021-03-21 00:59:50.515,275.0,319.8,8.6,99.3
2020-03-21 02:00:00,2020,2021-03-21 01:59:50.510,312.1,254.8,15.7,132.2
2020-03-21 03:00:00,2020,2021-03-21 02:59:50.505,296.0,50.8,23.7,103.8
2020-03-21 04:00:00,2020,2021-03-21 03:59:50.500,186.6,103.2,6.9,26.5
2020-03-21 05:00:00,2020,2021-03-21 04:59:50.495,0.2,115.6,6.1,30.1
2020-03-21 06:00:00,2020,2021-03-21 05:59:50.490,0.0,108.9,13.0,199.1
2020-03-21 07:00:00,2020,2021-03-21 06:59:50.485,7.6,162.5,20.4,308.4
2020-03-21 08:00:00,2020,2021-03-21 07:59:50.480,37.4,453.6,24.4,363.0
2020-03-21 09:00:00,2020,2021-03-21 08:59:50.475,131.9,439.2,13.1,431.6
2020-03-21 10:00:00,2020,2021-03-21 09:59:50.470,191.6,142.1,10.5,489.5
2020-03-21 11:00:00,2020,2021-03-21 10:59:50.465,313.0,1.5,9.7,494.5
2020-03-21 12:00:00,2020,2021-03-21 11:59:50.460,465.5,25.4,1.0,454.2
2020-03-21 13:00:00,2020,2021-03-21 12:59:50.455,514.7,17.7,1.5,419.4
2020-03-21 14:00:00,2020,2021-03-21 13:59:50.450,503.8,12.7,8.2,367.6
2020-03-21 15:00:00,2020,2021-03-21 14:59:50.445,417.8,6.3,6.9,381.0
2020-03-21 16:00:00,2020,2021-03-21 15:59:50.440,335.9,14.6,15.1,338.7
2020-03-21 17:00:00,2020,2021-03-21 16:59:50.435,247.7,41.1,9.9,45.9
2020-03-21 18:00:00,2020,2021-03-21 17:59:50.430,137.2,113.6,3.3,28.9
2020-03-21 19:00:00,2020,2021-03-21 18:59:50.425,148.1,235.3,4.1,86.6
2020-03-21 20:00:00,2020,2021-03-21 19:59:50.420,251.8,323.0,10.9,37.4
2020-03-21 21:00:00,2020,2021-03-21 20:59:50.415,201.9,361.7,26.7,41.3
2020-03-21 22:00:00,2020,2021-03-21 21:59:50.410,189.1,362.7,12.9,130.7
2020-03-21 23:00:00,2020,2021-03-21 22:59:50.405,127.6,424.1,20.6,123.7
2020-03-22 00:00:00,2020,2021-03-21 23:59:50.400,59.7,388.2,7.5,57.6
2020-03-22 01:00:00,2020,2021-03-22 00:59:50.395,31.8,262.2,6.1,43.0
2020-03-22 02:00:00,2020,2021-03-22 01:59:50.390,24.1,249.6,6.8,23.7
2020-03-22 03:00:00,2020,2021-03-22 02:59:50.385,38.7,246.4,17.3,23.2
2020-03-22 04:00:00,2020,2021-03-22 03:59:50.380,31.9,259.2,19.5,11.6
2020-03-22 05:00:00,2020,2021-03-22 04:59:50.375,24.9,273.9,18.1,17.3
2020-03-22 06:00:00,2020,2021-03-22 05:59:50.370,37.3,298.7,19.8,22.8
2020-03-22 07:00:00,2020,2021-03-22 06:59:50.365,13.0,355.6,16.7,30.8
2020-03-22 08:00:00,2020,2021-03-22 07:59:50.360,5.7,358.9,20.5,28.4
2020-03-22 09:00:00,2020,2021-03-22 08:59:50.355,22.8,226.7,11.7,15.6
2020-03-22 10:00:00,2020,2021-03-22 09:59:50.350,11.6,141.8,12.4,1.5
2020-03-22 11:00:00,2020,2021-03-22 10:59:50.345,3.2,118.7,10.5,0.0
2020-03-22 12:00:00,2020,2021-03-22 11:59:50.340,7.3,98.1,7.2,0.0
2020-03-22 13:00:00,2020,2021-03-22 12:59:50.335,9.4,81.9,10.0,0.1
2020-03-22 14:00:00,2020,2021-03-22 13:59:50.330,11.1,78.8,6.6,0.2
2020-03-22 15:00:00,2020,2021-03-22 14:59:50.325,16.1,73.5,1.4,1.2
2020-03-22 16:00:00,2020,2021-03-22 15:59:50.320,15.4,64.7,0.1,3.0
2020-03-22 17:00:00,2020,2021-03-22 16:59:50.315,17.0,121.1,6.9,0.0
2020-03-22 18:00:00,2020,2021-03-22 17:59:50.310,27.5,138.4,2.1,1.9
2020-03-22 19:00:00,2020,2021-03-22 18:59:50.305,9.8,198.4,0.0,2.5
2020-03-22 20:00:00,2020,2021-03-22 19:59:50.300,1.7,295.7,1.0,22.8
2020-03-22 21:00:00,2020,2021-03-22 20:59:50.295,1.7,300.2,6.9,33.8
2020-03-22 22:00:00,2020,2021-03-22 21:59:50.290,15.8,358.7,0.7,16.6
2020-03-22 23:00:00,2020,2021-03-22 22:59:50.285,15.1,407.2,0.0,20.1
2020-03-23 00:00:00,2020,2021-03-22 23:59:50.280,20.4,422.3,0.0,35.7
2020-03-23 01:00:00,2020,2021-03-23 00:59:50.275,12.9,298.3,0.0,47.2
2020-03-23 02:00:00,2020,2021-03-23 01:59:50.270,9.6,218.8,0.8,20.5
2020-03-23 03:00:00,2020,2021-03-23 02:59:50.265,9.9,191.6,18.3,3.4
2020-03-23 04:00:00,2020,2021-03-23 03:59:50.260,0.0,176.8,21.8,1.0
2020-03-23 05:00:00,2020,2021-03-23 04:59:50.255,0.0,286.4,35.4,1.5
2020-03-23 06:00:00,2020,2021-03-23 05:59:50.250,0.0,391.3,39.7,0.1
2020-03-23 07:00:00,2020,2021-03-23 06:59:50.245,2.1,479.6,45.8,0.7
2020-03-23 08:00:00,2020,2021-03-23 07:59:50.240,2.7,373.2,42.9,3.7
2020-03-23 09:00:00,2020,2021-03-23 08:59:50.235,18.9,220.7,21.5,0.0
2020-03-23 10:00:00,2020,2021-03-23 09:59:50.230,2.3,185.7,17.6,0.0
2020-03-23 11:00:00,2020,2021-03-23 10:59:50.225,1.3,110.6,7.6,0.0
2020-03-23 12:00:00,2020,2021-03-23 11:59:50.220,0.0,37.1,2.5,0.3
2020-03-23 13:00:00,2020,2021-03-23 12:59:50.215,0.5,76.8,2.2,0.8
2020-03-23 14:00:00,2020,2021-03-23 13:59:50.210,0.0,53.5,1.7,0.1
2020-03-23 15:00:00,2020,2021-03-23 14:59:50.205,0.0,50.7,0.4,0.0
2020-03-23 16:00:00,2020,2021-03-23 15:59:50.200,0.0,79.6,1.0,19.2
2020-03-23 17:00:00,2020,2021-03-23 16:59:50.195,0.0,58.3,2.2,49.0
2020-03-23 18:00:00,2020,2021-03-23 17:59:50.190,0.0,87.4,7.8,37.0
2020-03-23 19:00:00,2020,2021-03-23 18:59:50.185,0.0,125.8,6.3,29.1
2020-03-23 20:00:00,2020,2021-03-23 19:59:50.180,19.4,122.8,2.7,32.0
2020-03-23 21:00:00,2020,2021-03-23 20:59:50.175,102.9,112.7,0.0,65.0
2020-03-23 22:00:00,2020,2021-03-23 21:59:50.170,360.7,80.8,0.1,144.0
2020-03-23 23:00:00,2020,2021-03-23 22:59:50.165,434.8,32.4,0.6,211.0
2020-03-24 00:00:00,2020,2021-03-23 23:59:50.160,450.9,43.8,25.4,158.4
2020-03-24 01:00:00,2020,2021-03-24 00:59:50.155,371.3,46.5,33.1,85.1
2020-03-24 02:00:00,2020,2021-03-24 01:59:50.150,271.2,50.8,23.6,70.8
2020-03-24 03:00:00,2020,2021-03-24 02:59:50.145,220.7,74.1,6.8,31.2
2020-03-24 04:00:00,2020,2021-03-24 03:59:50.140,193.3,41.4,22.7,12.3
2020-03-24 05:00:00,2020,2021-03-24 04:59:50.135,113.8,31.5,17.5,12.0
2020-03-24 06:00:00,2020,2021-03-24 05:59:50.130,51.2,25.2,13.1,21.0
2020-03-24 07:00:00,2020,2021-03-24 06:59:50.125,27.2,34.4,5.8,47.1
2020-03-24 08:00:00,2020,2021-03-24 07:59:50.120,4.9,16.7,3.3,35.6
2020-03-24 09:00:00,2020,2021-03-24 08:59:50.115,0.0,0.0,2.3,18.4
2020-03-24 10:00:00,2020,2021-03-24 09:59:50.110,0.0,0.3,0.1,33.3
2020-03-24 11:00:00,2020,2021-03-24 10:59:50.105,0.0,0.9,0.0,57.7
2020-03-24 12:00:00,2020,2021-03-24 11:59:50.100,0.0,0.8,2.2,38.1
2020-03-24 13:00:00,2020,2021-03-24 12:59:50.095,0.1,16.2,5.4,24.6
2020-03-24 14:00:00,2020,2021-03-24 13:59:50.090,0.3,64.5,9.8,20.1
2020-03-24 15:00:00,2020,2021-03-24 14:59:50.085,1.6,62.9,2.5,15.4
2020-03-24 16:00:00,2020,2021-03-24 15:59:50.080,1.6,134.2,3.2,18.0
2020-03-24 17:00:00,2020,2021-03-24 16:59:50.075,93.0,591.2,71.1,166.7
2020-03-24 18:00:00,2020,2021-03-24 17:59:50.070,23.8,395.8,41.3,99.7
2020-03-24 19:00:00,2020,2021-03-24 18:59:50.065,41.8,461.3,34.3,127.8
2020-03-24 20:00:00,2020,2021-03-24 19:59:50.060,50.6,586.3,46.4,183.0
2020-03-24 21:00:00,2020,2021-03-24 20:59:50.055,145.4,730.7,58.1,245.1
2020-03-24 22:00:00,2020,2021-03-24 21:59:50.050,265.5,731.5,86.0,285.0
2020-03-24 23:00:00,2020,2021-03-24 22:59:50.045,192.6,707.0,82.3,268.0
2020-03-25 00:00:00,2020,2021-03-24 23:59:50.040,103.8,568.7,107.9,322.2
2020-03-25 01:00:00,2020,2021-03-25 00:59:50.035,204.6,570.7,132.2,389.7
2020-03-25 02:00:00,2020,2021-03-25 01:59:50.030,182.2,578.6,125.3,348.8
2020-03-25 03:00:00,2020,2021-03-25 02:59:50.025,305.4,499.9,119.4,330.5
2020-03-25 04:00:00,2020,2021-03-25 03:59:50.020,331.7,289.1,83.2,292.1
2020-03-25 05:00:00,2020,2021-03-25 04:59:50.015,308.9,132.9,65.8,310.5
2020-03-25 06:00:00,2020,2021-03-25 05:59:50.010,304.3,86.1,57.5,270.9
2020-03-25 07:00:00,2020,2021-03-25 06:59:50.005,105.0,116.8,92.6,295.9
2020-03-25 08:00:00,2020,2021-03-25 07:59:50.000,14.1,195.1,63.7,118.6
2020-03-25 09:00:00,2020,2021-03-25 08:59:49.995,1.8,218.4,21.5,18.7
2020-03-25 10:00:00,2020,2021-03-25 09:59:49.990,4.4,291.4,17.0,16.0
2020-03-25 11:00:00,2020,2021-03-25 10:59:49.985,4.0,386.3,17.2,22.2
2020-03-25 12:00:00,2020,2021-03-25 11:59:49.980,2.1,330.6,10.8,8.7
2020-03-25 13:00:00,2020,2021-03-25 12:59:49.975,1.0,257.7,4.1,0.0
2020-03-25 14:00:00,2020,2021-03-25 13:59:49.970,2.3,220.5,1.1,0.0
2020-03-25 15:00:00,2020,2021-03-25 14:59:49.965,2.0,172.1,0.0,0.1
2020-03-25 16:00:00,2020,2021-03-25 15:59:49.960,2.6,126.3,0.3,0.0
2020-03-25 17:00:00,2020,2021-03-25 16:59:49.955,42.4,62.8,4.9,1.6
2020-03-25 18:00:00,2020,2021-03-25 17:59:49.950,43.5,45.3,5.4,6.3
2020-03-25 19:00:00,2020,2021-03-25 18:59:49.945,157.2,22.6,31.6,86.1
2020-03-25 20:00:00,2020,2021-03-25 19:59:49.940,592.8,23.0,79.8,640.1
2020-03-25 21:00:00,2020,2021-03-25 20:59:49.935,646.0,20.5,61.3,731.1
2020-03-25 22:00:00,2020,2021-03-25 21:59:49.930,656.8,6.4,22.7,738.1
2020-03-25 23:00:00,2020,2021-03-25 22:59:49.925,668.6,26.4,54.6,732.8
2020-03-26 00:00:00,2020,2021-03-25 23:59:49.920,667.8,49.9,51.0,698.0
2020-03-26 01:00:00,2020,2021-03-26 00:59:49.915,650.3,124.0,71.8,724.1
2020-03-26 02:00:00,2020,2021-03-26 01:59:49.910,639.1,234.1,96.8,722.2
2020-03-26 03:00:00,2020,2021-03-26 02:59:49.905,633.1,301.9,127.2,699.3
2020-03-26 04:00:00,2020,2021-03-26 03:59:49.900,636.7,376.4,132.9,662.1
2020-03-26 05:00:00,2020,2021-03-26 04:59:49.895,634.7,412.8,113.7,667.5
2020-03-26 06:00:00,2020,2021-03-26 05:59:49.890,633.3,354.6,102.7,642.8
2020-03-26 07:00:00,2020,2021-03-26 06:59:49.885,630.9,189.6,93.6,602.5
2020-03-26 08:00:00,2020,2021-03-26 07:59:49.880,625.0,39.6,63.5,577.5
2020-03-26 09:00:00,2020,2021-03-26 08:59:49.875,541.7,3.1,12.5,532.5
2020-03-26 10:00:00,2020,2021-03-26 09:59:49.870,434.8,5.1,14.9,460.7
2020-03-26 11:00:00,2020,2021-03-26 10:59:49.865,317.8,18.6,12.5,216.0
2020-03-26 12:00:00,2020,2021-03-26 11:59:49.860,211.7,41.5,6.5,174.4
2020-03-26 13:00:00,2020,2021-03-26 12:59:49.855,151.1,49.8,6.7,219.6
2020-03-26 14:00:00,2020,2021-03-26 13:59:49.850,148.1,38.1,6.7,238.5
2020-03-26 15:00:00,2020,2021-03-26 14:59:49.845,132.7,75.2,5.6,164.4
2020-03-26 16:00:00,2020,2021-03-26 15:59:49.840,197.2,205.0,11.8,201.3
2020-03-26 17:00:00,2020,2021-03-26 16:59:49.835,432.5,127.9,41.6,438.0
2020-03-26 18:00:00,2020,2021-03-26 17:59:49.830,561.1,144.0,26.3,514.2
2020-03-26 19:00:00,2020,2021-03-26 18:59:49.825,611.5,164.8,6.4,667.6
2020-03-26 20:00:00,2020,2021-03-26 19:59:49.820,649.6,401.9,120.5,713.2
2020-03-26 21:00:00,2020,2021-03-26 20:59:49.815,664.2,428.7,140.0,737.8
2020-03-26 22:00:00,2020,2021-03-26 21:59:49.810,668.8,579.4,142.6,701.4
2020-03-26 23:00:00,2020,2021-03-26 22:59:49.805,677.7,516.6,131.7,649.7
2020-03-27 00:00:00,2020,2021-03-26 23:59:49.800,688.3,426.6,138.8,564.1
2020-03-27 01:00:00,2020,2021-03-27 00:59:49.795,610.1,554.8,119.0,516.6
2020-03-27 02:00:00,2020,2021-03-27 01:59:49.790,494.9,661.8,116.9,719.9
2020-03-27 03:00:00,2020,2021-03-27 02:59:49.785,553.4,647.1,124.8,761.2
2020-03-27 04:00:00,2020,2021-03-27 03:59:49.780,628.9,607.5,113.2,761.5
2020-03-27 05:00:00,2020,2021-03-27 04:59:49.775,636.0,521.0,100.8,762.2
2020-03-27 06:00:00,2020,2021-03-27 05:59:49.770,621.1,424.0,98.7,779.1
2020-03-27 07:00:00,2020,2021-03-27 06:59:49.765,479.1,457.5,118.8,717.0
2020-03-27 08:00:00,2020,2021-03-27 07:59:49.760,603.3,389.9,122.9,771.1
2020-03-27 09:00:00,2020,2021-03-27 08:59:49.755,681.8,522.7,119.8,732.5
2020-03-27 10:00:00,2020,2021-03-27 09:59:49.750,616.5,391.7,111.5,742.4
2020-03-27 11:00:00,2020,2021-03-27 10:59:49.745,496.0,401.3,51.6,682.6
2020-03-27 12:00:00,2020,2021-03-27 11:59:49.740,335.0,508.1,30.4,640.7
2020-03-27 13:00:00,2020,2021-03-27 12:59:49.735,177.6,544.5,20.4,592.4
2020-03-27 14:00:00,2020,2021-03-27 13:59:49.730,179.4,521.4,33.7,319.9
2020-03-27 15:00:00,2020,2021-03-27 14:59:49.725,130.9,464.8,42.2,159.3
2020-03-27 16:00:00,2020,2021-03-27 15:59:49.720,300.1,383.5,37.3,349.5
2020-03-27 17:00:00,2020,2021-03-27 16:59:49.715,289.7,312.5,12.1,122.6
2020-03-27 18:00:00,2020,2021-03-27 17:59:49.710,119.6,158.6,6.7,50.4
2020-03-27 19:00:00,2020,2021-03-27 18:59:49.705,67.8,114.8,7.1,35.5
2020-03-27 20:00:00,2020,2021-03-27 19:59:49.700,74.5,566.4,2.3,34.0
2020-03-27 21:00:00,2020,2021-03-27 20:59:49.695,9.3,799.9,71.6,53.3
2020-03-27 22:00:00,2020,2021-03-27 21:59:49.690,5.1,583.0,84.9,22.3
2020-03-27 23:00:00,2020,2021-03-27 22:59:49.685,9.9,451.4,106.1,4.6
2020-03-28 00:00:00,2020,2021-03-27 23:59:49.680,38.4,36.8,107.7,20.0
2020-03-28 01:00:00,2020,2021-03-28 00:59:49.675,251.9,7.4,63.3,102.7
2020-03-28 02:00:00,2020,2021-03-28 01:59:49.670,269.9,7.8,11.5,158.4
2020-03-28 03:00:00,2020,2021-03-28 02:59:49.665,116.9,6.1,12.3,33.3
2020-03-28 04:00:00,2020,2021-03-28 03:59:49.660,36.3,10.4,11.0,1.4
2020-03-28 05:00:00,2020,2021-03-28 04:59:49.655,13.2,5.2,34.9,0.0
2020-03-28 06:00:00,2020,2021-03-28 05:59:49.650,6.5,34.3,26.4,0.0
2020-03-28 07:00:00,2020,2021-03-28 06:59:49.645,0.8,50.0,17.1,0.2
2020-03-28 08:00:00,2020,2021-03-28 07:59:49.640,1.5,38.2,17.7,3.1
2020-03-28 09:00:00,2020,2021-03-28 08:59:49.635,1.0,40.2,13.7,14.6
2020-03-28 10:00:00,2020,2021-03-28 09:59:49.630,16.9,43.2,2.6,98.8
2020-03-28 11:00:00,2020,2021-03-28 10:59:49.625,10.1,37.3,9.3,156.8
2020-03-28 12:00:00,2020,2021-03-28 11:59:49.620,25.0,60.7,17.6,133.1
2020-03-28 13:00:00,2020,2021-03-28 12:59:49.615,36.7,55.9,11.8,110.3
2020-03-28 14:00:00,2020,2021-03-28 13:59:49.610,34.6,51.3,10.1,59.5
2020-03-28 15:00:00,2020,2021-03-28 14:59:49.605,2.9,14.4,17.4,13.4
2020-03-28 16:00:00,2020,2021-03-28 15:59:49.600,0.0,4.3,28.6,2.5
2020-03-28 17:00:00,2020,2021-03-28 16:59:49.595,155.4,30.1,0.7,114.7
2020-03-28 18:00:00,2020,2021-03-28 17:59:49.590,252.9,64.5,7.5,182.5
2020-03-28 19:00:00,2020,2021-03-28 18:59:49.585,332.1,188.4,51.5,264.7
2020-03-28 20:00:00,2020,2021-03-28 19:59:49.580,468.6,164.5,38.3,405.5
2020-03-28 21:00:00,2020,2021-03-28 20:59:49.575,559.0,70.8,82.0,537.9
2020-03-28 22:00:00,2020,2021-03-28 21:59:49.570,597.0,406.1,91.7,625.5
2020-03-28 23:00:00,2020,2021-03-28 22:59:49.565,653.2,602.8,79.6,649.8
2020-03-29 00:00:00,2020,2021-03-28 23:59:49.560,696.0,686.6,95.7,731.1
2020-03-29 01:00:00,2020,2021-03-29 00:59:49.555,699.7,356.3,103.3,748.5
2020-03-29 02:00:00,2020,2021-03-29 01:59:49.550,692.7,359.7,110.2,709.1
2020-03-29 03:00:00,2020,2021-03-29 02:59:49.545,685.7,640.2,121.5,695.8
2020-03-29 04:00:00,2020,2021-03-29 03:59:49.540,679.2,736.8,123.8,540.8
2020-03-29 05:00:00,2020,2021-03-29 04:59:49.535,670.7,689.3,130.6,645.0
2020-03-29 06:00:00,2020,2021-03-29 05:59:49.530,671.5,721.8,127.5,700.6
2020-03-29 07:00:00,2020,2021-03-29 06:59:49.525,581.1,715.5,114.6,747.5
2020-03-29 08:00:00,2020,2021-03-29 07:59:49.520,608.6,624.7,93.7,672.0
2020-03-29 09:00:00,2020,2021-03-29 08:59:49.515,573.4,519.4,86.5,692.5
2020-03-29 10:00:00,2020,2021-03-29 09:59:49.510,585.5,603.7,104.9,621.6
2020-03-29 11:00:00,2020,2021-03-29 10:59:49.505,495.8,534.2,98.2,593.3
2020-03-29 12:00:00,2020,2021-03-29 11:59:49.500,448.3,464.4,65.9,398.1
2020-03-29 13:00:00,2020,2021-03-29 12:59:49.495,336.5,442.7,39.0,439.0
2020-03-29 14:00:00,2020,2021-03-29 13:59:49.490,332.8,449.3,61.5,268.3
2020-03-29 15:00:00,2020,2021-03-29 14:59:49.485,239.6,405.8,82.2,254.5
2020-03-29 16:00:00,2020,2021-03-29 15:59:49.480,291.7,323.9,41.4,288.7
2020-03-29 17:00:00,2020,2021-03-29 16:59:49.475,22.4,77.4,33.8,22.1
2020-03-29 18:00:00,2020,2021-03-29 17:59:49.470,8.4,128.5,29.6,5.1
2020-03-29 19:00:00,2020,2021-03-29 18:59:49.465,14.0,125.7,25.4,40.8
2020-03-29 20:00:00,2020,2021-03-29 19:59:49.460,11.2,156.3,25.2,39.6
2020-03-29 21:00:00,2020,2021-03-29 20:59:49.455,67.4,78.6,8.2,0.0
2020-03-29 22:00:00,2020,2021-03-29 21:59:49.450,10.7,34.3,10.2,0.0
2020-03-29 23:00:00,2020,2021-03-29 22:59:49.445,31.7,95.8,21.5,3.2
2020-03-30 00:00:00,2020,2021-03-29 23:59:49.440,353.2,143.2,26.1,114.0
2020-03-30 01:00:00,2020,2021-03-30 00:59:49.435,590.7,20.5,17.4,367.3
2020-03-30 02:00:00,2020,2021-03-30 01:59:49.430,525.5,21.3,9.0,492.2
2020-03-30 03:00:00,2020,2021-03-30 02:59:49.425,481.3,103.3,0.8,722.0
2020-03-30 04:00:00,2020,2021-03-30 03:59:49.420,423.0,180.1,0.6,718.7
2020-03-30 05:00:00,2020,2021-03-30 04:59:49.415,335.0,195.6,2.3,704.8
2020-03-30 06:00:00,2020,2021-03-30 05:59:49.410,246.2,207.7,1.0,620.1
2020-03-30 07:00:00,2020,2021-03-30 06:59:49.405,201.4,177.5,0.0,488.1
2020-03-30 08:00:00,2020,2021-03-30 07:59:49.400,172.9,77.5,0.0,435.4
2020-03-30 09:00:00,2020,2021-03-30 08:59:49.395,122.5,20.2,0.0,363.5
2020-03-30 10:00:00,2020,2021-03-30 09:59:49.390,103.5,11.9,0.0,219.8
2020-03-30 11:00:00,2020,2021-03-30 10:59:49.385,131.1,19.8,0.4,256.0
2020-03-30 12:00:00,2020,2021-03-30 11:59:49.380,143.1,53.6,3.1,246.3
2020-03-30 13:00:00,2020,2021-03-30 12:59:49.375,176.7,82.3,2.2,115.8
2020-03-30 14:00:00,2020,2021-03-30 13:59:49.370,122.3,104.8,1.5,119.9
2020-03-30 15:00:00,2020,2021-03-30 14:59:49.365,68.8,128.7,1.1,112.6
2020-03-30 16:00:00,2020,2021-03-30 15:59:49.360,69.3,127.1,1.9,124.5
2020-03-30 17:00:00,2020,2021-03-30 16:59:49.355,46.3,214.8,5.6,41.7
2020-03-30 18:00:00,2020,2021-03-30 17:59:49.350,54.8,181.4,7.8,33.2
2020-03-30 19:00:00,2020,2021-03-30 18:59:49.345,134.8,198.4,8.6,54.9
2020-03-30 20:00:00,2020,2021-03-30 19:59:49.340,522.5,324.2,51.5,251.1
2020-03-30 21:00:00,2020,2021-03-30 20:59:49.335,634.3,334.8,91.5,529.7
2020-03-30 22:00:00,2020,2021-03-30 21:59:49.330,631.5,320.1,48.0,657.6
2020-03-30 23:00:00,2020,2021-03-30 22:59:49.325,611.8,248.2,20.8,704.6
2020-03-31 00:00:00,2020,2021-03-30 23:59:49.320,570.3,216.3,13.9,700.8
2020-03-31 01:00:00,2020,2021-03-31 00:59:49.315,569.2,286.8,3.5,708.9
2020-03-31 02:00:00,2020,2021-03-31 01:59:49.310,612.7,299.2,8.7,682.9
2020-03-31 03:00:00,2020,2021-03-31 02:59:49.305,640.9,189.4,4.8,643.5
2020-03-31 04:00:00,2020,2021-03-31 03:59:49.300,309.9,121.9,4.2,234.5
2020-03-31 05:00:00,2020,2021-03-31 04:59:49.295,438.7,89.5,80.5,608.3
2020-03-31 06:00:00,2020,2021-03-31 05:59:49.290,235.8,27.8,47.7,281.3
2020-03-31 07:00:00,2020,2021-03-31 06:59:49.285,171.2,25.5,45.4,507.5
2020-03-31 08:00:00,2020,2021-03-31 07:59:49.280,363.5,11.2,42.9,335.7
2020-03-31 09:00:00,2020,2021-03-31 08:59:49.275,498.4,1.2,10.2,273.2
2020-03-31 10:00:00,2020,2021-03-31 09:59:49.270,465.5,1.3,8.4,327.7
2020-03-31 11:00:00,2020,2021-03-31 10:59:49.265,139.9,121.4,6.8,211.7
2020-03-31 12:00:00,2020,2021-03-31 11:59:49.260,168.2,205.8,11.3,154.5
2020-03-31 13:00:00,2020,2021-03-31 12:59:49.255,18.0,250.7,31.2,201.0
2020-03-31 14:00:00,2020,2021-03-31 13:59:49.250,42.1,198.3,17.0,120.1
2020-03-31 15:00:00,2020,2021-03-31 14:59:49.245,121.7,203.4,8.0,107.7
2020-03-31 16:00:00,2020,2021-03-31 15:59:49.240,147.5,172.7,12.8,0.0
2020-03-31 17:00:00,2020,2021-03-31 16:59:49.235,0.0,47.5,1.8,0.0
2020-03-31 18:00:00,2020,2021-03-31 17:59:49.230,0.0,91.7,4.3,14.5
2020-03-31 19:00:00,2020,2021-03-31 18:59:49.225,0.0,77.4,15.7,254.2
2020-03-31 20:00:00,2020,2021-03-31 19:59:49.220,78.6,141.1,12.1,143.7
2020-03-31 21:00:00,2020,2021-03-31 20:59:49.215,42.9,145.4,1.9,201.9
2020-03-31 22:00:00,2020,2021-03-31 21:59:49.210,7.1,119.9,0.3,169.0
2020-03-31 23:00:00,2020,2021-03-31 22:59:49.205,136.5,53.4,10.0,66.6
2020-04-01 00:00:00,2020,2021-03-31 23:59:49.200,4.8,24.4,2.0,44.4
2020-04-01 01:00:00,2020,2021-04-01 00:59:49.195,40.1,55.1,0.0,24.6
2020-04-01 02:00:00,2020,2021-04-01 01:59:49.190,17.3,116.2,0.0,4.2
2020-04-01 03:00:00,2020,2021-04-01 02:59:49.185,12.5,24.5,1.1,0.8
2020-04-01 04:00:00,2020,2021-04-01 03:59:49.180,14.8,121.4,4.7,0.1
2020-04-01 05:00:00,2020,2021-04-01 04:59:49.175,0.2,105.5,12.7,0.0
2020-04-01 06:00:00,2020,2021-04-01 05:59:49.170,0.0,155.6,32.2,0.0
2020-04-01 07:00:00,2020,2021-04-01 06:59:49.165,0.3,238.6,51.4,0.0
2020-04-01 08:00:00,2020,2021-04-01 07:59:49.160,3.1,193.8,32.6,0.0
2020-04-01 09:00:00,2020,2021-04-01 08:59:49.155,7.2,86.5,11.6,0.0
2020-04-01 10:00:00,2020,2021-04-01 09:59:49.150,24.6,29.3,3.7,1.5
2020-04-01 11:00:00,2020,2021-04-01 10:59:49.145,52.9,32.5,3.2,10.8
2020-04-01 12:00:00,2020,2021-04-01 11:59:49.140,127.3,56.3,5.6,37.1
2020-04-01 13:00:00,2020,2021-04-01 12:59:49.135,182.3,69.0,8.7,61.3
2020-04-01 14:00:00,2020,2021-04-01 13:59:49.130,182.4,65.5,13.5,93.4
2020-04-01 15:00:00,2020,2021-04-01 14:59:49.125,184.5,75.5,13.6,67.4
2020-04-01 16:00:00,2020,2021-04-01 15:59:49.120,203.6,67.5,6.9,52.1
2020-04-01 17:00:00,2020,2021-04-01 16:59:49.115,580.3,47.9,4.9,513.4
2020-04-01 18:00:00,2020,2021-04-01 17:59:49.110,604.6,127.7,19.7,457.0
2020-04-01 19:00:00,2020,2021-04-01 18:59:49.105,631.0,231.1,99.8,520.2
2020-04-01 20:00:00,2020,2021-04-01 19:59:49.100,643.0,318.2,38.2,618.5
2020-04-01 21:00:00,2020,2021-04-01 20:59:49.095,665.2,437.1,81.5,673.8
2020-04-01 22:00:00,2020,2021-04-01 21:59:49.090,675.3,511.8,106.4,572.9
2020-04-01 23:00:00,2020,2021-04-01 22:59:49.085,646.9,306.1,68.0,358.9
2020-04-02 00:00:00,2020,2021-04-01 23:59:49.080,541.9,361.5,72.6,327.6
2020-04-02 01:00:00,2020,2021-04-02 00:59:49.075,570.6,433.7,76.2,415.9
2020-04-02 02:00:00,2020,2021-04-02 01:59:49.070,572.8,462.6,82.1,719.3
2020-04-02 03:00:00,2020,2021-04-02 02:59:49.065,601.8,409.5,86.1,771.6
2020-04-02 04:00:00,2020,2021-04-02 03:59:49.060,610.3,390.3,122.5,750.3
2020-04-02 05:00:00,2020,2021-04-02 04:59:49.055,554.3,424.0,122.1,686.2
2020-04-02 06:00:00,2020,2021-04-02 05:59:49.050,401.7,406.6,124.6,644.4
2020-04-02 07:00:00,2020,2021-04-02 06:59:49.045,117.7,426.9,131.4,671.0
2020-04-02 08:00:00,2020,2021-04-02 07:59:49.040,3.2,443.8,107.2,501.6
2020-04-02 09:00:00,2020,2021-04-02 08:59:49.035,0.0,341.0,95.5,152.9
2020-04-02 10:00:00,2020,2021-04-02 09:59:49.030,0.0,211.9,53.3,35.0
2020-04-02 11:00:00,2020,2021-04-02 10:59:49.025,0.0,201.0,72.0,111.1
2020-04-02 12:00:00,2020,2021-04-02 11:59:49.020,0.0,162.2,59.2,44.8
2020-04-02 13:00:00,2020,2021-04-02 12:59:49.015,0.0,71.4,22.4,51.6
2020-04-02 14:00:00,2020,2021-04-02 13:59:49.010,41.1,59.7,8.3,56.1
2020-04-02 15:00:00,2020,2021-04-02 14:59:49.005,150.3,27.1,0.0,24.2
2020-04-02 16:00:00,2020,2021-04-02 15:59:49.000,62.1,21.1,0.0,20.7
2020-04-02 17:00:00,2020,2021-04-02 16:59:48.995,74.9,23.7,1.5,78.6
2020-04-02 18:00:00,2020,2021-04-02 17:59:48.990,70.2,16.0,15.5,40.3
2020-04-02 19:00:00,2020,2021-04-02 18:59:48.985,54.0,21.6,7.6,60.2
2020-04-02 20:00:00,2020,2021-04-02 19:59:48.980,69.3,18.7,2.1,52.6
2020-04-02 21:00:00,2020,2021-04-02 20:59:48.975,341.0,24.9,4.0,430.2
2020-04-02 22:00:00,2020,2021-04-02 21:59:48.970,258.4,11.7,3.5,461.7
2020-04-02 23:00:00,2020,2021-04-02 22:59:48.965,220.6,10.9,10.8,424.5
2020-04-03 00:00:00,2020,2021-04-02 23:59:48.960,147.4,25.0,68.5,67.2
2020-04-03 01:00:00,2020,2021-04-03 00:59:48.955,100.8,1.5,109.1,82.2
2020-04-03 02:00:00,2020,2021-04-03 01:59:48.950,236.5,135.1,115.6,384.4
2020-04-03 03:00:00,2020,2021-04-03 02:59:48.945,412.4,253.2,102.4,588.1
2020-04-03 04:00:00,2020,2021-04-03 03:59:48.940,271.3,285.1,139.7,447.8
2020-04-03 05:00:00,2020,2021-04-03 04:59:48.935,98.8,256.6,142.9,402.0
2020-04-03 06:00:00,2020,2021-04-03 05:59:48.930,40.4,551.1,144.9,162.4
2020-04-03 07:00:00,2020,2021-04-03 06:59:48.925,47.9,659.9,105.1,176.4
2020-04-03 08:00:00,2020,2021-04-03 07:59:48.920,28.1,578.3,80.9,164.0
2020-04-03 09:00:00,2020,2021-04-03 08:59:48.915,17.9,396.5,64.1,293.5
2020-04-03 10:00:00,2020,2021-04-03 09:59:48.910,3.0,246.0,59.0,209.3
2020-04-03 11:00:00,2020,2021-04-03 10:59:48.905,1.5,157.5,28.4,98.0
2020-04-03 12:00:00,2020,2021-04-03 11:59:48.900,1.4,118.3,10.4,16.6
2020-04-03 13:00:00,2020,2021-04-03 12:59:48.895,0.0,93.1,9.3,22.1
2020-04-03 14:00:00,2020,2021-04-03 13:59:48.890,0.5,75.2,9.9,28.8
2020-04-03 15:00:00,2020,2021-04-03 14:59:48.885,4.4,56.8,7.9,32.2
2020-04-03 16:00:00,2020,2021-04-03 15:59:48.880,1.7,34.9,4.9,26.8
2020-04-03 17:00:00,2020,2021-04-03 16:59:48.875,14.5,6.4,0.2,0.4
2020-04-03 18:00:00,2020,2021-04-03 17:59:48.870,3.7,10.0,0.0,2.2
2020-04-03 19:00:00,2020,2021-04-03 18:59:48.865,23.0,14.9,0.0,13.9
2020-04-03 20:00:00,2020,2021-04-03 19:59:48.860,55.4,31.0,1.8,101.0
2020-04-03 21:00:00,2020,2021-04-03 20:59:48.855,246.8,39.7,5.6,221.4
2020-04-03 22:00:00,2020,2021-04-03 21:59:48.850,250.5,44.3,4.3,203.2
2020-04-03 23:00:00,2020,2021-04-03 22:59:48.845,257.5,46.6,27.0,162.3
2020-04-04 00:00:00,2020,2021-04-03 23:59:48.840,458.6,88.3,50.8,286.1
2020-04-04 01:00:00,2020,2021-04-04 00:59:48.835,437.9,143.5,93.9,368.0
2020-04-04 02:00:00,2020,2021-04-04 01:59:48.830,292.6,121.5,102.4,356.9
2020-04-04 03:00:00,2020,2021-04-04 02:59:48.825,254.6,94.9,113.6,284.6
2020-04-04 04:00:00,2020,2021-04-04 03:59:48.820,179.1,106.1,103.1,214.8
2020-04-04 05:00:00,2020,2021-04-04 04:59:48.815,182.8,178.4,67.5,315.6
2020-04-04 06:00:00,2020,2021-04-04 05:59:48.810,92.7,242.2,53.7,292.5
2020-04-04 07:00:00,2020,2021-04-04 06:59:48.805,46.2,293.9,54.6,132.5
2020-04-04 08:00:00,2020,2021-04-04 07:59:48.800,4.7,216.3,67.1,25.5
2020-04-04 09:00:00,2020,2021-04-04 08:59:48.795,2.5,164.1,71.2,35.3
2020-04-04 10:00:00,2020,2021-04-04 09:59:48.790,1.3,246.4,63.3,41.7
2020-04-04 11:00:00,2020,2021-04-04 10:59:48.785,11.9,661.1,144.8,205.1
2020-04-04 12:00:00,2020,2021-04-04 11:59:48.780,116.5,761.2,148.3,438.2
2020-04-04 13:00:00,2020,2021-04-04 12:59:48.775,335.9,719.5,148.3,597.7
2020-04-04 14:00:00,2020,2021-04-04 13:59:48.770,484.8,688.3,148.3,583.3
2020-04-04 15:00:00,2020,2021-04-04 14:59:48.765,533.2,729.0,148.3,625.5
2020-04-04 16:00:00,2020,2021-04-04 15:59:48.760,436.6,776.4,146.2,519.7
2020-04-04 17:00:00,2020,2021-04-04 16:59:48.755,313.2,388.5,28.9,289.9
2020-04-04 18:00:00,2020,2021-04-04 17:59:48.750,333.0,259.3,28.0,143.8
2020-04-04 19:00:00,2020,2021-04-04 18:59:48.745,327.0,123.7,54.6,190.3
2020-04-04 20:00:00,2020,2021-04-04 19:59:48.740,317.5,303.3,77.7,178.5
2020-04-04 21:00:00,2020,2021-04-04 20:59:48.735,230.0,319.0,102.9,86.4
2020-04-04 22:00:00,2020,2021-04-04 21:59:48.730,409.9,275.3,62.6,212.2
2020-04-04 23:00:00,2020,2021-04-04 22:59:48.725,386.8,218.8,27.3,304.3
2020-04-05 00:00:00,2020,2021-04-04 23:59:48.720,334.0,217.8,19.5,264.5
2020-04-05 01:00:00,2020,2021-04-05 00:59:48.715,309.5,127.3,9.7,76.9
2020-04-05 02:00:00,2020,2021-04-05 01:59:48.710,324.0,117.4,33.1,53.8
2020-04-05 03:00:00,2020,2021-04-05 02:59:48.705,330.8,42.2,7.4,130.2
2020-04-05 04:00:00,2020,2021-04-05 03:59:48.700,361.0,9.2,8.0,75.1
2020-04-05 05:00:00,2020,2021-04-05 04:59:48.695,455.4,1.3,6.1,30.3
2020-04-05 06:00:00,2020,2021-04-05 05:59:48.690,441.2,6.3,12.3,169.1
2020-04-05 07:00:00,2020,2021-04-05 06:59:48.685,373.4,17.3,9.2,307.3
2020-04-05 08:00:00,2020,2021-04-05 07:59:48.680,77.1,47.9,28.0,268.2
2020-04-05 09:00:00,2020,2021-04-05 08:59:48.675,67.5,48.8,34.6,215.7
2020-04-05 10:00:00,2020,2021-04-05 09:59:48.670,89.3,92.8,9.8,146.1
2020-04-05 11:00:00,2020,2021-04-05 10:59:48.665,62.8,92.2,10.3,66.4
2020-04-05 12:00:00,2020,2021-04-05 11:59:48.660,63.9,164.9,12.8,27.2
2020-04-05 13:00:00,2020,2021-04-05 12:59:48.655,63.2,137.6,19.7,33.0
2020-04-05 14:00:00,2020,2021-04-05 13:59:48.650,67.2,70.2,19.4,39.8
2020-04-05 15:00:00,2020,2021-04-05 14:59:48.645,68.1,30.3,43.5,32.3
2020-04-05 16:00:00,2020,2021-04-05 15:59:48.640,67.8,23.6,52.0,77.2
2020-04-05 17:00:00,2020,2021-04-05 16:59:48.635,93.6,65.5,31.2,103.5
2020-04-05 18:00:00,2020,2021-04-05 17:59:48.630,98.1,35.6,3.7,90.5
2020-04-05 19:00:00,2020,2021-04-05 18:59:48.625,190.4,93.7,10.0,136.0
2020-04-05 20:00:00,2020,2021-04-05 19:59:48.620,352.5,111.6,55.8,374.4
2020-04-05 21:00:00,2020,2021-04-05 20:59:48.615,399.5,66.4,106.4,638.5
2020-04-05 22:00:00,2020,2021-04-05 21:59:48.610,438.9,123.3,107.8,677.8
2020-04-05 23:00:00,2020,2021-04-05 22:59:48.605,229.1,34.6,124.1,625.4
2020-04-06 00:00:00,2020,2021-04-05 23:59:48.600,151.0,22.8,67.3,460.2
2020-04-06 01:00:00,2020,2021-04-06 00:59:48.595,169.1,19.2,31.1,278.8
2020-04-06 02:00:00,2020,2021-04-06 01:59:48.590,110.6,2.3,20.6,269.9
2020-04-06 03:00:00,2020,2021-04-06 02:59:48.585,93.7,18.3,61.4,163.3
2020-04-06 04:00:00,2020,2021-04-06 03:59:48.580,126.8,68.7,13.6,197.2
2020-04-06 05:00:00,2020,2021-04-06 04:59:48.575,177.8,102.7,20.0,224.6
2020-04-06 06:00:00,2020,2021-04-06 05:59:48.570,349.2,115.0,60.2,259.6
2020-04-06 07:00:00,2020,2021-04-06 06:59:48.565,389.5,135.8,50.4,364.2
2020-04-06 08:00:00,2020,2021-04-06 07:59:48.560,206.6,117.3,35.3,653.3
2020-04-06 09:00:00,2020,2021-04-06 08:59:48.555,134.9,48.1,20.1,476.4
2020-04-06 10:00:00,2020,2021-04-06 09:59:48.550,128.7,31.0,19.1,170.9
2020-04-06 11:00:00,2020,2021-04-06 10:59:48.545,129.8,16.9,32.8,235.6
2020-04-06 12:00:00,2020,2021-04-06 11:59:48.540,333.5,5.3,28.7,451.8
2020-04-06 13:00:00,2020,2021-04-06 12:59:48.535,383.5,11.8,8.5,430.2
2020-04-06 14:00:00,2020,2021-04-06 13:59:48.530,260.1,54.7,5.5,222.7
2020-04-06 15:00:00,2020,2021-04-06 14:59:48.525,172.3,56.8,20.5,144.2
2020-04-06 16:00:00,2020,2021-04-06 15:59:48.520,283.4,21.4,23.6,92.0
2020-04-06 17:00:00,2020,2021-04-06 16:59:48.515,577.4,494.0,63.3,600.2
2020-04-06 18:00:00,2020,2021-04-06 17:59:48.510,379.6,492.4,97.4,665.4
2020-04-06 19:00:00,2020,2021-04-06 18:59:48.505,107.8,274.3,31.7,670.0
2020-04-06 20:00:00,2020,2021-04-06 19:59:48.500,178.7,291.0,17.0,585.3
2020-04-06 21:00:00,2020,2021-04-06 20:59:48.495,118.4,472.7,18.6,440.3
2020-04-06 22:00:00,2020,2021-04-06 21:59:48.490,46.3,346.2,64.9,305.9
2020-04-06 23:00:00,2020,2021-04-06 22:59:48.485,152.1,232.1,31.3,332.4
2020-04-07 00:00:00,2020,2021-04-06 23:59:48.480,332.6,333.4,68.3,317.6
2020-04-07 01:00:00,2020,2021-04-07 00:59:48.475,186.6,349.5,41.3,310.9
2020-04-07 02:00:00,2020,2021-04-07 01:59:48.470,24.7,377.4,46.8,390.8
2020-04-07 03:00:00,2020,2021-04-07 02:59:48.465,45.0,361.7,26.0,482.4
2020-04-07 04:00:00,2020,2021-04-07 03:59:48.460,12.8,263.3,15.8,317.4
2020-04-07 05:00:00,2020,2021-04-07 04:59:48.455,0.4,136.5,10.6,148.8
2020-04-07 06:00:00,2020,2021-04-07 05:59:48.450,1.9,31.8,21.6,14.8
2020-04-07 07:00:00,2020,2021-04-07 06:59:48.445,1.9,33.3,24.5,4.9
2020-04-07 08:00:00,2020,2021-04-07 07:59:48.440,0.0,21.3,8.0,0.0
2020-04-07 09:00:00,2020,2021-04-07 08:59:48.435,0.0,1.6,0.7,0.0
2020-04-07 10:00:00,2020,2021-04-07 09:59:48.430,0.0,1.2,0.0,0.6
2020-04-07 11:00:00,2020,2021-04-07 10:59:48.425,7.2,0.0,0.0,8.8
2020-04-07 12:00:00,2020,2021-04-07 11:59:48.420,3.8,15.6,0.0,9.5
2020-04-07 13:00:00,2020,2021-04-07 12:59:48.415,10.0,32.7,4.2,22.5
2020-04-07 14:00:00,2020,2021-04-07 13:59:48.410,14.9,50.7,4.4,30.2
2020-04-07 15:00:00,2020,2021-04-07 14:59:48.405,11.2,26.7,0.5,23.2
2020-04-07 16:00:00,2020,2021-04-07 15:59:48.400,27.4,21.6,0.3,23.3
2020-04-07 17:00:00,2020,2021-04-07 16:59:48.395,35.2,23.0,0.1,50.1
2020-04-07 18:00:00,2020,2021-04-07 17:59:48.390,42.9,5.3,0.0,77.1
2020-04-07 19:00:00,2020,2021-04-07 18:59:48.385,17.4,56.9,0.0,61.8
2020-04-07 20:00:00,2020,2021-04-07 19:59:48.380,72.6,16.9,8.8,256.5
2020-04-07 21:00:00,2020,2021-04-07 20:59:48.375,62.7,20.6,12.8,321.7
2020-04-07 22:00:00,2020,2021-04-07 21:59:48.370,31.5,50.5,3.0,100.9
2020-04-07 23:00:00,2020,2021-04-07 22:59:48.365,124.8,88.4,8.1,39.3
2020-04-08 00:00:00,2020,2021-04-07 23:59:48.360,96.4,80.4,19.3,48.4
2020-04-08 01:00:00,2020,2021-04-08 00:59:48.355,65.7,94.8,19.0,21.6
2020-04-08 02:00:00,2020,2021-04-08 01:59:48.350,19.6,94.5,22.8,5.7
2020-04-08 03:00:00,2020,2021-04-08 02:59:48.345,22.4,290.7,14.9,83.7
2020-04-08 04:00:00,2020,2021-04-08 03:59:48.340,11.3,433.6,13.5,27.6
2020-04-08 05:00:00,2020,2021-04-08 04:59:48.335,31.7,308.5,21.5,4.1
2020-04-08 06:00:00,2020,2021-04-08 05:59:48.330,1.2,378.4,22.7,0.0
2020-04-08 07:00:00,2020,2021-04-08 06:59:48.325,0.0,369.1,36.1,0.0
2020-04-08 08:00:00,2020,2021-04-08 07:59:48.320,54.3,482.9,51.3,33.4
2020-04-08 09:00:00,2020,2021-04-08 08:59:48.315,74.5,393.6,19.1,25.9
2020-04-08 10:00:00,2020,2021-04-08 09:59:48.310,120.7,255.1,13.8,26.7
2020-04-08 11:00:00,2020,2021-04-08 10:59:48.305,184.1,150.3,7.3,8.5
2020-04-08 12:00:00,2020,2021-04-08 11:59:48.300,154.0,45.9,1.9,25.3
2020-04-08 13:00:00,2020,2021-04-08 12:59:48.295,218.7,37.2,15.1,68.4
2020-04-08 14:00:00,2020,2021-04-08 13:59:48.290,233.8,27.6,22.7,42.2
2020-04-08 15:00:00,2020,2021-04-08 14:59:48.285,302.1,27.6,4.9,63.0
2020-04-08 16:00:00,2020,2021-04-08 15:59:48.280,366.3,35.9,2.9,115.1
2020-04-08 17:00:00,2020,2021-04-08 16:59:48.275,582.7,232.3,36.2,580.4
2020-04-08 18:00:00,2020,2021-04-08 17:59:48.270,637.5,165.9,28.3,453.0
2020-04-08 19:00:00,2020,2021-04-08 18:59:48.265,670.3,559.7,11.5,499.6
2020-04-08 20:00:00,2020,2021-04-08 19:59:48.260,674.7,758.9,25.1,369.5
2020-04-08 21:00:00,2020,2021-04-08 20:59:48.255,674.0,768.3,79.1,468.7
2020-04-08 22:00:00,2020,2021-04-08 21:59:48.250,687.3,747.5,106.1,651.4
2020-04-08 23:00:00,2020,2021-04-08 22:59:48.245,688.7,723.5,113.6,738.5
2020-04-09 00:00:00,2020,2021-04-08 23:59:48.240,689.7,806.5,83.0,748.5
2020-04-09 01:00:00,2020,2021-04-09 00:59:48.235,679.6,828.3,109.9,740.9
2020-04-09 02:00:00,2020,2021-04-09 01:59:48.230,673.7,814.5,117.4,753.9
2020-04-09 03:00:00,2020,2021-04-09 02:59:48.225,686.8,772.6,131.5,760.6
2020-04-09 04:00:00,2020,2021-04-09 03:59:48.220,697.8,757.4,139.4,755.6
2020-04-09 05:00:00,2020,2021-04-09 04:59:48.215,704.7,731.1,139.6,758.0
2020-04-09 06:00:00,2020,2021-04-09 05:59:48.210,705.6,610.3,137.0,776.3
2020-04-09 07:00:00,2020,2021-04-09 06:59:48.205,710.3,673.8,140.1,778.9
2020-04-09 08:00:00,2020,2021-04-09 07:59:48.200,712.0,578.7,137.5,779.2
2020-04-09 09:00:00,2020,2021-04-09 08:59:48.195,711.5,428.8,118.1,778.7
2020-04-09 10:00:00,2020,2021-04-09 09:59:48.190,710.4,458.1,115.2,785.2
2020-04-09 11:00:00,2020,2021-04-09 10:59:48.185,701.0,495.6,114.5,787.2
2020-04-09 12:00:00,2020,2021-04-09 11:59:48.180,690.9,496.2,103.9,756.6
2020-04-09 13:00:00,2020,2021-04-09 12:59:48.175,681.9,599.7,104.0,737.9
2020-04-09 14:00:00,2020,2021-04-09 13:59:48.170,657.8,656.8,115.4,698.5
2020-04-09 15:00:00,2020,2021-04-09 14:59:48.165,577.9,667.9,124.8,608.0
2020-04-09 16:00:00,2020,2021-04-09 15:59:48.160,498.6,581.1,124.4,532.9
2020-04-09 17:00:00,2020,2021-04-09 16:59:48.155,320.1,116.0,17.1,297.6
2020-04-09 18:00:00,2020,2021-04-09 17:59:48.150,264.3,130.0,16.0,247.2
2020-04-09 19:00:00,2020,2021-04-09 18:59:48.145,244.2,175.7,36.0,204.8
2020-04-09 20:00:00,2020,2021-04-09 19:59:48.140,303.0,128.5,62.8,239.2
2020-04-09 21:00:00,2020,2021-04-09 20:59:48.135,239.1,8.7,18.9,192.4
2020-04-09 22:00:00,2020,2021-04-09 21:59:48.130,151.7,57.6,37.2,177.4
2020-04-09 23:00:00,2020,2021-04-09 22:59:48.125,62.3,119.1,12.9,163.6
2020-04-10 00:00:00,2020,2021-04-09 23:59:48.120,80.2,126.4,1.1,126.6
2020-04-10 01:00:00,2020,2021-04-10 00:59:48.115,12.2,20.4,0.2,81.6
2020-04-10 02:00:00,2020,2021-04-10 01:59:48.110,0.0,0.0,0.0,51.1
2020-04-10 03:00:00,2020,2021-04-10 02:59:48.105,0.0,0.0,0.0,64.1
2020-04-10 04:00:00,2020,2021-04-10 03:59:48.100,0.2,0.0,0.0,56.5
2020-04-10 05:00:00,2020,2021-04-10 04:59:48.095,5.0,0.0,0.0,15.0
2020-04-10 06:00:00,2020,2021-04-10 05:59:48.090,1.6,0.0,0.0,0.0
2020-04-10 07:00:00,2020,2021-04-10 06:59:48.085,1.2,0.0,0.0,0.0
2020-04-10 08:00:00,2020,2021-04-10 07:59:48.080,0.3,3.3,0.0,0.0
2020-04-10 09:00:00,2020,2021-04-10 08:59:48.075,0.0,2.7,0.0,0.0
2020-04-10 10:00:00,2020,2021-04-10 09:59:48.070,0.0,0.1,0.0,0.0
2020-04-10 11:00:00,2020,2021-04-10 10:59:48.065,6.7,19.8,0.5,0.0
2020-04-10 12:00:00,2020,2021-04-10 11:59:48.060,28.7,51.4,0.8,0.8
2020-04-10 13:00:00,2020,2021-04-10 12:59:48.055,71.8,64.4,2.7,1.0
2020-04-10 14:00:00,2020,2021-04-10 13:59:48.050,81.4,91.5,3.0,4.0
2020-04-10 15:00:00,2020,2021-04-10 14:59:48.045,49.2,80.2,2.6,21.0
2020-04-10 16:00:00,2020,2021-04-10 15:59:48.040,61.0,66.9,3.5,19.0
2020-04-10 17:00:00,2020,2021-04-10 16:59:48.035,42.8,81.3,2.5,42.2
2020-04-10 18:00:00,2020,2021-04-10 17:59:48.030,11.1,50.5,1.1,14.5
2020-04-10 19:00:00,2020,2021-04-10 18:59:48.025,28.1,54.5,1.2,8.8
2020-04-10 20:00:00,2020,2021-04-10 19:59:48.020,29.1,21.7,0.2,47.8
2020-04-10 21:00:00,2020,2021-04-10 20:59:48.015,157.3,169.6,0.9,199.9
2020-04-10 22:00:00,2020,2021-04-10 21:59:48.010,287.1,311.7,1.8,314.4
2020-04-10 23:00:00,2020,2021-04-10 22:59:48.005,391.0,252.4,6.4,374.6
2020-04-11 00:00:00,2020,2021-04-10 23:59:48.000,500.5,214.2,1.4,317.6
2020-04-11 01:00:00,2020,2021-04-11 00:59:47.995,525.2,254.4,1.2,216.3
2020-04-11 02:00:00,2020,2021-04-11 01:59:47.990,518.0,192.6,3.0,176.3
2020-04-11 03:00:00,2020,2021-04-11 02:59:47.985,482.5,145.8,12.3,221.9
2020-04-11 04:00:00,2020,2021-04-11 03:59:47.980,287.0,54.9,13.0,298.8
2020-04-11 05:00:00,2020,2021-04-11 04:59:47.975,67.9,6.1,2.5,364.1
2020-04-11 06:00:00,2020,2021-04-11 05:59:47.970,15.6,2.0,8.3,252.4
2020-04-11 07:00:00,2020,2021-04-11 06:59:47.965,59.4,6.3,78.7,156.7
2020-04-11 08:00:00,2020,2021-04-11 07:59:47.960,0.7,459.1,114.3,248.8
2020-04-11 09:00:00,2020,2021-04-11 08:59:47.955,0.8,601.8,94.5,269.6
2020-04-11 10:00:00,2020,2021-04-11 09:59:47.950,141.6,812.3,139.1,427.6
2020-04-11 11:00:00,2020,2021-04-11 10:59:47.945,288.0,809.2,134.4,731.6
2020-04-11 12:00:00,2020,2021-04-11 11:59:47.940,534.2,825.0,135.6,741.6
2020-04-11 13:00:00,2020,2021-04-11 12:59:47.935,430.8,838.1,143.3,722.7
2020-04-11 14:00:00,2020,2021-04-11 13:59:47.930,585.5,828.9,134.9,688.9
2020-04-11 15:00:00,2020,2021-04-11 14:59:47.925,613.4,799.7,108.7,569.8
2020-04-11 16:00:00,2020,2021-04-11 15:59:47.920,369.7,728.3,74.3,424.9
2020-04-11 17:00:00,2020,2021-04-11 16:59:47.915,184.0,803.6,79.5,428.3
2020-04-11 18:00:00,2020,2021-04-11 17:59:47.910,93.7,753.7,76.8,233.2
2020-04-11 19:00:00,2020,2021-04-11 18:59:47.905,171.4,561.0,58.9,345.3
2020-04-11 20:00:00,2020,2021-04-11 19:59:47.900,149.1,518.7,65.2,307.3
2020-04-11 21:00:00,2020,2021-04-11 20:59:47.895,231.8,600.6,85.0,392.7
2020-04-11 22:00:00,2020,2021-04-11 21:59:47.890,435.4,638.4,135.9,443.5
2020-04-11 23:00:00,2020,2021-04-11 22:59:47.885,423.8,605.6,127.8,572.7
2020-04-12 00:00:00,2020,2021-04-11 23:59:47.880,482.8,524.4,106.2,626.0
2020-04-12 01:00:00,2020,2021-04-12 00:59:47.875,343.1,530.9,102.6,599.8
2020-04-12 02:00:00,2020,2021-04-12 01:59:47.870,277.8,441.8,100.7,562.1
2020-04-12 03:00:00,2020,2021-04-12 02:59:47.865,203.9,387.9,94.1,519.8
2020-04-12 04:00:00,2020,2021-04-12 03:59:47.860,152.2,388.8,60.0,549.3
2020-04-12 05:00:00,2020,2021-04-12 04:59:47.855,251.0,290.2,61.6,573.6
2020-04-12 06:00:00,2020,2021-04-12 05:59:47.850,413.2,285.9,57.5,562.7
2020-04-12 07:00:00,2020,2021-04-12 06:59:47.845,462.2,308.2,78.8,551.8
2020-04-12 08:00:00,2020,2021-04-12 07:59:47.840,275.7,225.0,90.4,442.3
2020-04-12 09:00:00,2020,2021-04-12 08:59:47.835,219.0,138.7,73.8,419.8
2020-04-12 10:00:00,2020,2021-04-12 09:59:47.830,114.6,83.8,34.9,341.6
2020-04-12 11:00:00,2020,2021-04-12 10:59:47.825,28.0,170.7,38.2,209.0
2020-04-12 12:00:00,2020,2021-04-12 11:59:47.820,57.6,182.2,48.0,190.9
2020-04-12 13:00:00,2020,2021-04-12 12:59:47.815,34.6,121.7,37.4,138.0
2020-04-12 14:00:00,2020,2021-04-12 13:59:47.810,0.0,102.0,26.5,104.2
2020-04-12 15:00:00,2020,2021-04-12 14:59:47.805,0.1,90.9,21.7,31.4
2020-04-12 16:00:00,2020,2021-04-12 15:59:47.800,0.0,71.1,14.2,5.2
2020-04-12 17:00:00,2020,2021-04-12 16:59:47.795,0.0,0.0,0.0,0.0
2020-04-12 18:00:00,2020,2021-04-12 17:59:47.790,16.4,0.0,0.0,45.2
2020-04-12 19:00:00,2020,2021-04-12 18:59:47.785,0.0,0.0,0.0,50.2
2020-04-12 20:00:00,2020,2021-04-12 19:59:47.780,0.0,0.0,0.0,73.2
2020-04-12 21:00:00,2020,2021-04-12 20:59:47.775,48.0,117.3,0.0,97.7
2020-04-12 22:00:00,2020,2021-04-12 21:59:47.770,1.7,191.7,0.0,125.1
2020-04-12 23:00:00,2020,2021-04-12 22:59:47.765,39.3,50.5,70.3,150.5
2020-04-13 00:00:00,2020,2021-04-12 23:59:47.760,56.2,56.0,121.5,91.6
2020-04-13 01:00:00,2020,2021-04-13 00:59:47.755,89.1,59.1,123.4,159.0
2020-04-13 02:00:00,2020,2021-04-13 01:59:47.750,2.7,52.1,106.7,194.3
2020-04-13 03:00:00,2020,2021-04-13 02:59:47.745,0.0,192.2,100.0,141.9
2020-04-13 04:00:00,2020,2021-04-13 03:59:47.740,0.0,288.5,107.3,108.9
2020-04-13 05:00:00,2020,2021-04-13 04:59:47.735,44.3,254.4,97.5,126.1
2020-04-13 06:00:00,2020,2021-04-13 05:59:47.730,56.5,147.2,71.8,134.2
2020-04-13 07:00:00,2020,2021-04-13 06:59:47.725,129.8,141.4,54.6,244.9
2020-04-13 08:00:00,2020,2021-04-13 07:59:47.720,182.7,82.1,49.7,332.9
2020-04-13 09:00:00,2020,2021-04-13 08:59:47.715,171.5,74.2,52.3,476.2
2020-04-13 10:00:00,2020,2021-04-13 09:59:47.710,193.7,65.0,24.2,414.9
2020-04-13 11:00:00,2020,2021-04-13 10:59:47.705,173.0,74.9,5.3,416.9
2020-04-13 12:00:00,2020,2021-04-13 11:59:47.700,158.7,64.9,7.9,392.0
2020-04-13 13:00:00,2020,2021-04-13 12:59:47.695,184.9,93.5,6.5,321.4
2020-04-13 14:00:00,2020,2021-04-13 13:59:47.690,237.0,115.3,14.2,261.5
2020-04-13 15:00:00,2020,2021-04-13 14:59:47.685,136.1,109.4,26.0,191.7
2020-04-13 16:00:00,2020,2021-04-13 15:59:47.680,143.4,119.9,27.4,193.1
2020-04-13 17:00:00,2020,2021-04-13 16:59:47.675,6.9,72.0,3.4,12.2
2020-04-13 18:00:00,2020,2021-04-13 17:59:47.670,0.0,54.8,3.6,20.2
2020-04-13 19:00:00,2020,2021-04-13 18:59:47.665,8.9,65.3,11.3,0.0
2020-04-13 20:00:00,2020,2021-04-13 19:59:47.660,34.2,116.7,18.6,13.4
2020-04-13 21:00:00,2020,2021-04-13 20:59:47.655,57.1,110.2,36.0,18.9
2020-04-13 22:00:00,2020,2021-04-13 21:59:47.650,31.2,61.3,61.6,67.7
2020-04-13 23:00:00,2020,2021-04-13 22:59:47.645,1.4,24.7,66.7,30.3
2020-04-14 00:00:00,2020,2021-04-13 23:59:47.640,0.0,32.5,81.7,13.9
2020-04-14 01:00:00,2020,2021-04-14 00:59:47.635,0.7,110.0,116.4,6.2
2020-04-14 02:00:00,2020,2021-04-14 01:59:47.630,30.0,94.3,85.9,0.0
2020-04-14 03:00:00,2020,2021-04-14 02:59:47.625,0.0,133.7,112.3,0.0
2020-04-14 04:00:00,2020,2021-04-14 03:59:47.620,1.2,178.9,79.3,0.5
2020-04-14 05:00:00,2020,2021-04-14 04:59:47.615,20.2,170.5,90.5,53.2
2020-04-14 06:00:00,2020,2021-04-14 05:59:47.610,44.7,77.7,86.3,82.9
2020-04-14 07:00:00,2020,2021-04-14 06:59:47.605,34.3,70.2,96.4,50.7
2020-04-14 08:00:00,2020,2021-04-14 07:59:47.600,11.1,54.4,69.3,41.4
2020-04-14 09:00:00,2020,2021-04-14 08:59:47.595,4.2,51.5,64.0,75.5
2020-04-14 10:00:00,2020,2021-04-14 09:59:47.590,5.8,11.6,46.8,101.4
2020-04-14 11:00:00,2020,2021-04-14 10:59:47.585,3.3,21.6,46.3,51.5
2020-04-14 12:00:00,2020,2021-04-14 11:59:47.580,1.0,19.3,16.0,38.0
2020-04-14 13:00:00,2020,2021-04-14 12:59:47.575,30.2,26.8,4.2,20.0
2020-04-14 14:00:00,2020,2021-04-14 13:59:47.570,14.7,34.9,2.5,25.0
2020-04-14 15:00:00,2020,2021-04-14 14:59:47.565,8.2,21.4,0.9,18.5
2020-04-14 16:00:00,2020,2021-04-14 15:59:47.560,1.6,34.0,2.5,33.1
2020-04-14 17:00:00,2020,2021-04-14 16:59:47.555,0.9,54.8,13.9,14.4
2020-04-14 18:00:00,2020,2021-04-14 17:59:47.550,6.5,35.5,19.4,86.4
2020-04-14 19:00:00,2020,2021-04-14 18:59:47.545,37.7,55.7,2.8,72.5
2020-04-14 20:00:00,2020,2021-04-14 19:59:47.540,138.3,67.3,2.3,232.6
2020-04-14 21:00:00,2020,2021-04-14 20:59:47.535,244.4,45.0,9.4,174.0
2020-04-14 22:00:00,2020,2021-04-14 21:59:47.530,272.7,15.4,4.8,230.4
2020-04-14 23:00:00,2020,2021-04-14 22:59:47.525,240.9,32.7,8.1,286.7
2020-04-15 00:00:00,2020,2021-04-14 23:59:47.520,304.1,20.1,25.4,385.2
2020-04-15 01:00:00,2020,2021-04-15 00:59:47.515,404.1,0.2,98.3,612.8
2020-04-15 02:00:00,2020,2021-04-15 01:59:47.510,474.3,41.2,75.1,626.8
2020-04-15 03:00:00,2020,2021-04-15 02:59:47.505,532.1,161.9,97.9,624.8
2020-04-15 04:00:00,2020,2021-04-15 03:59:47.500,582.4,338.1,117.4,593.2
2020-04-15 05:00:00,2020,2021-04-15 04:59:47.495,470.4,507.2,60.8,445.0
2020-04-15 06:00:00,2020,2021-04-15 05:59:47.490,468.9,282.5,30.1,373.7
2020-04-15 07:00:00,2020,2021-04-15 06:59:47.485,519.4,192.2,19.8,424.1
2020-04-15 08:00:00,2020,2021-04-15 07:59:47.480,410.3,156.7,32.9,418.6
2020-04-15 09:00:00,2020,2021-04-15 08:59:47.475,279.7,213.4,36.6,188.0
2020-04-15 10:00:00,2020,2021-04-15 09:59:47.470,328.9,262.7,62.5,356.6
2020-04-15 11:00:00,2020,2021-04-15 10:59:47.465,279.5,168.0,43.2,237.9
2020-04-15 12:00:00,2020,2021-04-15 11:59:47.460,139.8,191.3,20.1,158.9
2020-04-15 13:00:00,2020,2021-04-15 12:59:47.455,67.5,244.2,24.7,115.4
2020-04-15 14:00:00,2020,2021-04-15 13:59:47.450,65.5,275.0,52.5,85.0
2020-04-15 15:00:00,2020,2021-04-15 14:59:47.445,155.3,370.8,72.2,61.9
2020-04-15 16:00:00,2020,2021-04-15 15:59:47.440,130.1,358.2,68.1,50.3
2020-04-15 17:00:00,2020,2021-04-15 16:59:47.435,82.9,485.3,42.8,206.0
2020-04-15 18:00:00,2020,2021-04-15 17:59:47.430,139.7,484.1,49.0,157.2
2020-04-15 19:00:00,2020,2021-04-15 18:59:47.425,199.6,359.9,60.3,199.6
2020-04-15 20:00:00,2020,2021-04-15 19:59:47.420,391.3,351.8,74.5,388.1
2020-04-15 21:00:00,2020,2021-04-15 20:59:47.415,454.4,525.7,80.2,479.5
2020-04-15 22:00:00,2020,2021-04-15 21:59:47.410,453.1,644.6,45.9,448.4
2020-04-15 23:00:00,2020,2021-04-15 22:59:47.405,510.5,628.0,50.5,586.5
2020-04-16 00:00:00,2020,2021-04-15 23:59:47.400,468.9,582.2,89.0,652.3
2020-04-16 01:00:00,2020,2021-04-16 00:59:47.395,433.8,632.0,104.5,582.9
2020-04-16 02:00:00,2020,2021-04-16 01:59:47.390,542.7,683.2,107.4,555.0
2020-04-16 03:00:00,2020,2021-04-16 02:59:47.385,544.6,655.6,122.3,570.4
2020-04-16 04:00:00,2020,2021-04-16 03:59:47.380,545.3,696.7,122.8,521.4
2020-04-16 05:00:00,2020,2021-04-16 04:59:47.375,573.3,746.9,124.3,571.5
2020-04-16 06:00:00,2020,2021-04-16 05:59:47.370,617.9,715.4,137.2,517.5
2020-04-16 07:00:00,2020,2021-04-16 06:59:47.365,669.8,714.4,136.7,398.0
2020-04-16 08:00:00,2020,2021-04-16 07:59:47.360,436.9,632.7,122.6,435.2
2020-04-16 09:00:00,2020,2021-04-16 08:59:47.355,428.5,544.1,61.8,431.8
2020-04-16 10:00:00,2020,2021-04-16 09:59:47.350,374.0,528.7,73.8,470.6
2020-04-16 11:00:00,2020,2021-04-16 10:59:47.345,359.5,451.0,66.1,442.1
2020-04-16 12:00:00,2020,2021-04-16 11:59:47.340,325.7,389.9,74.7,446.5
2020-04-16 13:00:00,2020,2021-04-16 12:59:47.335,298.1,354.7,67.4,391.3
2020-04-16 14:00:00,2020,2021-04-16 13:59:47.330,379.7,405.1,49.7,339.5
2020-04-16 15:00:00,2020,2021-04-16 14:59:47.325,367.7,394.8,22.2,385.7
2020-04-16 16:00:00,2020,2021-04-16 15:59:47.320,224.4,353.6,17.9,180.2
2020-04-16 17:00:00,2020,2021-04-16 16:59:47.315,225.4,292.7,17.5,170.6
2020-04-16 18:00:00,2020,2021-04-16 17:59:47.310,153.0,340.5,14.1,131.6
2020-04-16 19:00:00,2020,2021-04-16 18:59:47.305,46.8,314.4,23.0,51.9
2020-04-16 20:00:00,2020,2021-04-16 19:59:47.300,21.7,652.3,27.7,136.1
2020-04-16 21:00:00,2020,2021-04-16 20:59:47.295,1.0,713.3,55.1,20.0
2020-04-16 22:00:00,2020,2021-04-16 21:59:47.290,9.0,712.9,68.0,4.8
2020-04-16 23:00:00,2020,2021-04-16 22:59:47.285,9.7,726.8,87.0,55.2
2020-04-17 00:00:00,2020,2021-04-16 23:59:47.280,78.6,743.0,94.1,99.5
2020-04-17 01:00:00,2020,2021-04-17 00:59:47.275,105.7,762.1,116.4,175.1
2020-04-17 02:00:00,2020,2021-04-17 01:59:47.270,130.8,765.2,123.5,218.6
2020-04-17 03:00:00,2020,2021-04-17 02:59:47.265,144.0,638.0,127.7,247.9
2020-04-17 04:00:00,2020,2021-04-17 03:59:47.260,295.8,755.4,82.4,347.9
2020-04-17 05:00:00,2020,2021-04-17 04:59:47.255,431.4,752.0,45.4,344.5
2020-04-17 06:00:00,2020,2021-04-17 05:59:47.250,314.7,718.7,24.8,362.9
2020-04-17 07:00:00,2020,2021-04-17 06:59:47.245,289.4,805.8,56.2,320.9
2020-04-17 08:00:00,2020,2021-04-17 07:59:47.240,129.9,790.7,81.9,118.2
2020-04-17 09:00:00,2020,2021-04-17 08:59:47.235,285.0,782.1,55.2,181.0
2020-04-17 10:00:00,2020,2021-04-17 09:59:47.230,307.1,803.7,53.3,252.3
2020-04-17 11:00:00,2020,2021-04-17 10:59:47.225,365.3,812.0,62.2,376.2
2020-04-17 12:00:00,2020,2021-04-17 11:59:47.220,383.2,813.2,97.3,374.3
2020-04-17 13:00:00,2020,2021-04-17 12:59:47.215,424.4,780.0,129.1,330.9
2020-04-17 14:00:00,2020,2021-04-17 13:59:47.210,467.6,614.1,147.6,371.3
2020-04-17 15:00:00,2020,2021-04-17 14:59:47.205,526.4,521.5,125.7,481.2
2020-04-17 16:00:00,2020,2021-04-17 15:59:47.200,464.2,527.1,99.6,456.3
2020-04-17 17:00:00,2020,2021-04-17 16:59:47.195,412.9,660.7,53.3,480.8
2020-04-17 18:00:00,2020,2021-04-17 17:59:47.190,438.7,825.1,86.1,427.8
2020-04-17 19:00:00,2020,2021-04-17 18:59:47.185,521.6,714.8,86.9,303.1
2020-04-17 20:00:00,2020,2021-04-17 19:59:47.180,496.6,567.5,109.5,565.8
2020-04-17 21:00:00,2020,2021-04-17 20:59:47.175,582.1,492.1,126.1,672.9
2020-04-17 22:00:00,2020,2021-04-17 21:59:47.170,602.4,312.9,123.8,631.5
2020-04-17 23:00:00,2020,2021-04-17 22:59:47.165,630.0,259.3,100.7,690.5
2020-04-18 00:00:00,2020,2021-04-17 23:59:47.160,529.4,231.5,100.7,679.8
2020-04-18 01:00:00,2020,2021-04-18 00:59:47.155,493.8,164.5,73.8,648.6
2020-04-18 02:00:00,2020,2021-04-18 01:59:47.150,497.5,150.9,55.6,661.1
2020-04-18 03:00:00,2020,2021-04-18 02:59:47.145,386.3,222.2,79.1,559.6
2020-04-18 04:00:00,2020,2021-04-18 03:59:47.140,285.9,273.9,65.4,408.3
2020-04-18 05:00:00,2020,2021-04-18 04:59:47.135,191.8,326.1,57.8,249.2
2020-04-18 06:00:00,2020,2021-04-18 05:59:47.130,67.6,219.1,54.0,190.2
2020-04-18 07:00:00,2020,2021-04-18 06:59:47.125,20.5,66.5,46.6,96.8
2020-04-18 08:00:00,2020,2021-04-18 07:59:47.120,1.2,81.1,59.6,66.2
2020-04-18 09:00:00,2020,2021-04-18 08:59:47.115,8.1,116.6,76.7,48.6
2020-04-18 10:00:00,2020,2021-04-18 09:59:47.110,6.4,213.1,46.0,111.2
2020-04-18 11:00:00,2020,2021-04-18 10:59:47.105,70.4,249.8,31.2,213.0
2020-04-18 12:00:00,2020,2021-04-18 11:59:47.100,68.7,413.3,35.6,145.3
2020-04-18 13:00:00,2020,2021-04-18 12:59:47.095,55.2,296.9,34.5,193.0
2020-04-18 14:00:00,2020,2021-04-18 13:59:47.090,61.3,350.2,17.5,84.9
2020-04-18 15:00:00,2020,2021-04-18 14:59:47.085,140.4,223.5,12.7,138.1
2020-04-18 16:00:00,2020,2021-04-18 15:59:47.080,380.0,102.8,6.8,259.3
2020-04-18 17:00:00,2020,2021-04-18 16:59:47.075,294.2,715.6,144.5,384.5
2020-04-18 18:00:00,2020,2021-04-18 17:59:47.070,447.0,784.5,54.3,295.3
2020-04-18 19:00:00,2020,2021-04-18 18:59:47.065,244.3,734.4,33.6,138.9
2020-04-18 20:00:00,2020,2021-04-18 19:59:47.060,591.8,651.4,105.9,111.8
2020-04-18 21:00:00,2020,2021-04-18 20:59:47.055,405.3,648.9,124.5,495.4
2020-04-18 22:00:00,2020,2021-04-18 21:59:47.050,668.6,729.7,142.1,787.2
2020-04-18 23:00:00,2020,2021-04-18 22:59:47.045,625.1,792.7,144.1,680.4
2020-04-19 00:00:00,2020,2021-04-18 23:59:47.040,704.5,806.0,140.3,721.7
2020-04-19 01:00:00,2020,2021-04-19 00:59:47.035,708.1,716.7,115.7,714.0
2020-04-19 02:00:00,2020,2021-04-19 01:59:47.030,712.9,763.8,128.4,778.7
2020-04-19 03:00:00,2020,2021-04-19 02:59:47.025,700.5,808.5,120.6,716.2
2020-04-19 04:00:00,2020,2021-04-19 03:59:47.020,632.1,809.8,132.0,659.2
2020-04-19 05:00:00,2020,2021-04-19 04:59:47.015,533.6,757.7,138.2,749.3
2020-04-19 06:00:00,2020,2021-04-19 05:59:47.010,506.3,604.8,133.9,712.5
2020-04-19 07:00:00,2020,2021-04-19 06:59:47.005,635.5,56.0,133.1,677.5
2020-04-19 08:00:00,2020,2021-04-19 07:59:47.000,551.5,11.6,10.9,446.1
2020-04-19 09:00:00,2020,2021-04-19 08:59:46.995,215.2,184.8,37.1,297.1
2020-04-19 10:00:00,2020,2021-04-19 09:59:46.990,93.5,198.0,38.2,128.4
2020-04-19 11:00:00,2020,2021-04-19 10:59:46.985,1.7,194.9,23.9,64.2
2020-04-19 12:00:00,2020,2021-04-19 11:59:46.980,0.0,164.6,10.9,90.2
2020-04-19 13:00:00,2020,2021-04-19 12:59:46.975,0.0,73.1,7.0,11.7
2020-04-19 14:00:00,2020,2021-04-19 13:59:46.970,9.3,33.4,9.6,5.6
2020-04-19 15:00:00,2020,2021-04-19 14:59:46.965,0.0,0.0,7.6,0.0
2020-04-19 16:00:00,2020,2021-04-19 15:59:46.960,0.0,0.0,1.7,0.0
2020-04-19 17:00:00,2020,2021-04-19 16:59:46.955,0.0,0.0,0.4,0.0
2020-04-19 18:00:00,2020,2021-04-19 17:59:46.950,0.0,45.1,0.0,0.0
2020-04-19 19:00:00,2020,2021-04-19 18:59:46.945,0.0,0.0,0.0,0.0
2020-04-19 20:00:00,2020,2021-04-19 19:59:46.940,0.0,97.2,0.6,0.0
2020-04-19 21:00:00,2020,2021-04-19 20:59:46.935,0.0,217.9,50.3,0.0
2020-04-19 22:00:00,2020,2021-04-19 21:59:46.930,0.0,320.0,36.2,0.0
2020-04-19 23:00:00,2020,2021-04-19 22:59:46.925,0.0,443.8,62.5,149.4
2020-04-20 00:00:00,2020,2021-04-19 23:59:46.920,0.2,522.0,96.3,353.7
2020-04-20 01:00:00,2020,2021-04-20 00:59:46.915,158.7,388.3,92.8,767.0
2020-04-20 02:00:00,2020,2021-04-20 01:59:46.910,388.8,285.5,57.5,758.5
2020-04-20 03:00:00,2020,2021-04-20 02:59:46.905,279.0,324.3,39.4,685.5
2020-04-20 04:00:00,2020,2021-04-20 03:59:46.900,296.0,267.6,47.9,681.7
2020-04-20 05:00:00,2020,2021-04-20 04:59:46.895,505.0,361.2,53.9,648.8
2020-04-20 06:00:00,2020,2021-04-20 05:59:46.890,519.1,494.0,18.7,659.9
2020-04-20 07:00:00,2020,2021-04-20 06:59:46.885,517.8,378.6,21.3,642.4
2020-04-20 08:00:00,2020,2021-04-20 07:59:46.880,394.7,258.8,10.5,574.9
2020-04-20 09:00:00,2020,2021-04-20 08:59:46.875,493.5,274.1,6.6,418.5
2020-04-20 10:00:00,2020,2021-04-20 09:59:46.870,435.6,234.5,5.5,403.3
2020-04-20 11:00:00,2020,2021-04-20 10:59:46.865,333.7,122.8,11.8,336.4
2020-04-20 12:00:00,2020,2021-04-20 11:59:46.860,446.8,128.1,13.1,309.1
2020-04-20 13:00:00,2020,2021-04-20 12:59:46.855,431.1,107.0,22.5,310.8
2020-04-20 14:00:00,2020,2021-04-20 13:59:46.850,408.3,186.0,16.3,259.5
2020-04-20 15:00:00,2020,2021-04-20 14:59:46.845,364.9,153.8,18.9,252.0
2020-04-20 16:00:00,2020,2021-04-20 15:59:46.840,425.7,42.2,23.1,205.2
2020-04-20 17:00:00,2020,2021-04-20 16:59:46.835,262.9,131.2,19.2,248.5
2020-04-20 18:00:00,2020,2021-04-20 17:59:46.830,238.9,117.9,36.2,175.4
2020-04-20 19:00:00,2020,2021-04-20 18:59:46.825,222.8,310.9,18.2,148.5
2020-04-20 20:00:00,2020,2021-04-20 19:59:46.820,264.7,135.5,35.2,119.3
2020-04-20 21:00:00,2020,2021-04-20 20:59:46.815,291.1,131.4,53.6,154.5
2020-04-20 22:00:00,2020,2021-04-20 21:59:46.810,200.7,186.1,51.0,163.1
2020-04-20 23:00:00,2020,2021-04-20 22:59:46.805,178.3,268.6,25.0,193.5
2020-04-21 00:00:00,2020,2021-04-20 23:59:46.800,198.2,182.2,12.4,165.5
2020-04-21 01:00:00,2020,2021-04-21 00:59:46.795,247.2,111.3,2.7,162.3
2020-04-21 02:00:00,2020,2021-04-21 01:59:46.790,121.0,54.0,0.2,242.0
2020-04-21 03:00:00,2020,2021-04-21 02:59:46.785,120.3,3.0,0.1,201.0
2020-04-21 04:00:00,2020,2021-04-21 03:59:46.780,54.4,0.0,1.7,288.6
2020-04-21 05:00:00,2020,2021-04-21 04:59:46.775,14.8,2.9,9.7,380.9
2020-04-21 06:00:00,2020,2021-04-21 05:59:46.770,9.5,12.4,13.5,265.3
2020-04-21 07:00:00,2020,2021-04-21 06:59:46.765,33.8,30.9,26.3,222.4
2020-04-21 08:00:00,2020,2021-04-21 07:59:46.760,0.0,11.9,14.2,36.2
2020-04-21 09:00:00,2020,2021-04-21 08:59:46.755,0.4,14.5,3.7,5.0
2020-04-21 10:00:00,2020,2021-04-21 09:59:46.750,0.0,24.5,3.5,0.0
2020-04-21 11:00:00,2020,2021-04-21 10:59:46.745,0.0,35.9,1.3,0.1
2020-04-21 12:00:00,2020,2021-04-21 11:59:46.740,0.0,47.9,0.9,0.0
2020-04-21 13:00:00,2020,2021-04-21 12:59:46.735,0.0,46.3,0.2,0.0
2020-04-21 14:00:00,2020,2021-04-21 13:59:46.730,0.0,35.1,0.6,0.0
2020-04-21 15:00:00,2020,2021-04-21 14:59:46.725,0.0,22.3,0.4,0.0
2020-04-21 16:00:00,2020,2021-04-21 15:59:46.720,0.0,7.6,0.2,0.0
2020-04-21 17:00:00,2020,2021-04-21 16:59:46.715,21.2,1.3,0.0,0.0
2020-04-21 18:00:00,2020,2021-04-21 17:59:46.710,33.9,3.7,0.4,7.4
2020-04-21 19:00:00,2020,2021-04-21 18:59:46.705,50.3,9.5,1.3,32.3
2020-04-21 20:00:00,2020,2021-04-21 19:59:46.700,50.3,11.6,1.3,102.7
2020-04-21 21:00:00,2020,2021-04-21 20:59:46.695,123.8,10.1,2.7,274.7
2020-04-21 22:00:00,2020,2021-04-21 21:59:46.690,188.4,48.6,7.4,442.1
2020-04-21 23:00:00,2020,2021-04-21 22:59:46.685,192.2,105.2,20.1,505.3
2020-04-22 00:00:00,2020,2021-04-21 23:59:46.680,409.6,75.9,7.9,549.0
2020-04-22 01:00:00,2020,2021-04-22 00:59:46.675,364.8,57.5,2.3,442.3
2020-04-22 02:00:00,2020,2021-04-22 01:59:46.670,303.7,26.2,17.9,406.4
2020-04-22 03:00:00,2020,2021-04-22 02:59:46.665,348.3,9.4,19.2,430.2
2020-04-22 04:00:00,2020,2021-04-22 03:59:46.660,421.2,12.6,11.5,386.3
2020-04-22 05:00:00,2020,2021-04-22 04:59:46.655,372.7,12.8,1.5,315.8
2020-04-22 06:00:00,2020,2021-04-22 05:59:46.650,341.6,6.5,2.3,295.8
2020-04-22 07:00:00,2020,2021-04-22 06:59:46.645,352.8,1.9,1.1,364.2
2020-04-22 08:00:00,2020,2021-04-22 07:59:46.640,151.4,0.0,0.7,174.5
2020-04-22 09:00:00,2020,2021-04-22 08:59:46.635,35.5,0.2,0.0,32.3
2020-04-22 10:00:00,2020,2021-04-22 09:59:46.630,0.8,1.0,1.7,4.7
2020-04-22 11:00:00,2020,2021-04-22 10:59:46.625,0.5,2.2,1.0,0.8
2020-04-22 12:00:00,2020,2021-04-22 11:59:46.620,0.0,9.2,0.5,0.0
2020-04-22 13:00:00,2020,2021-04-22 12:59:46.615,0.0,19.1,0.2,0.0
2020-04-22 14:00:00,2020,2021-04-22 13:59:46.610,0.9,15.0,0.0,0.0
2020-04-22 15:00:00,2020,2021-04-22 14:59:46.605,1.0,6.7,0.0,0.0
2020-04-22 16:00:00,2020,2021-04-22 15:59:46.600,0.0,0.0,0.0,0.0
2020-04-22 17:00:00,2020,2021-04-22 16:59:46.595,5.8,0.0,0.2,3.1
2020-04-22 18:00:00,2020,2021-04-22 17:59:46.590,42.3,0.0,1.5,13.9
2020-04-22 19:00:00,2020,2021-04-22 18:59:46.585,52.6,14.8,1.3,48.2
2020-04-22 20:00:00,2020,2021-04-22 19:59:46.580,79.2,56.1,1.7,48.4
2020-04-22 21:00:00,2020,2021-04-22 20:59:46.575,209.6,32.1,2.4,36.1
2020-04-22 22:00:00,2020,2021-04-22 21:59:46.570,297.2,10.3,6.7,304.8
2020-04-22 23:00:00,2020,2021-04-22 22:59:46.565,341.2,13.6,22.0,319.9
2020-04-23 00:00:00,2020,2021-04-22 23:59:46.560,312.0,33.6,77.8,273.2
2020-04-23 01:00:00,2020,2021-04-23 00:59:46.555,318.9,44.6,64.0,364.1
2020-04-23 02:00:00,2020,2021-04-23 01:59:46.550,312.5,40.2,43.0,361.6
2020-04-23 03:00:00,2020,2021-04-23 02:59:46.545,356.6,21.5,38.3,320.5
2020-04-23 04:00:00,2020,2021-04-23 03:59:46.540,342.3,6.0,53.4,168.8
2020-04-23 05:00:00,2020,2021-04-23 04:59:46.535,322.1,0.7,58.3,155.6
2020-04-23 06:00:00,2020,2021-04-23 05:59:46.530,379.1,0.0,43.7,238.9
2020-04-23 07:00:00,2020,2021-04-23 06:59:46.525,450.0,0.0,19.6,331.4
2020-04-23 08:00:00,2020,2021-04-23 07:59:46.520,200.1,0.0,4.6,234.8
2020-04-23 09:00:00,2020,2021-04-23 08:59:46.515,90.2,0.0,0.0,122.8
2020-04-23 10:00:00,2020,2021-04-23 09:59:46.510,41.0,0.0,0.0,89.0
2020-04-23 11:00:00,2020,2021-04-23 10:59:46.505,21.0,0.0,0.0,50.1
2020-04-23 12:00:00,2020,2021-04-23 11:59:46.500,19.6,0.7,0.0,23.4
2020-04-23 13:00:00,2020,2021-04-23 12:59:46.495,17.3,5.0,0.0,1.2
2020-04-23 14:00:00,2020,2021-04-23 13:59:46.490,18.8,1.6,0.5,0.2
2020-04-23 15:00:00,2020,2021-04-23 14:59:46.485,23.4,2.5,1.8,21.0
2020-04-23 16:00:00,2020,2021-04-23 15:59:46.480,24.5,2.8,1.1,18.7
2020-04-23 17:00:00,2020,2021-04-23 16:59:46.475,33.3,2.4,2.9,0.0
2020-04-23 18:00:00,2020,2021-04-23 17:59:46.470,19.2,3.5,4.5,6.9
2020-04-23 19:00:00,2020,2021-04-23 18:59:46.465,0.7,13.2,6.1,49.9
2020-04-23 20:00:00,2020,2021-04-23 19:59:46.460,188.2,56.3,5.8,214.8
2020-04-23 21:00:00,2020,2021-04-23 20:59:46.455,415.8,206.3,6.9,615.1
2020-04-23 22:00:00,2020,2021-04-23 21:59:46.450,518.5,400.6,14.0,732.2
2020-04-23 23:00:00,2020,2021-04-23 22:59:46.445,700.4,667.0,80.6,739.5
2020-04-24 00:00:00,2020,2021-04-23 23:59:46.440,690.8,515.1,29.9,630.0
2020-04-24 01:00:00,2020,2021-04-24 00:59:46.435,650.5,274.9,32.6,624.8
2020-04-24 02:00:00,2020,2021-04-24 01:59:46.430,571.7,238.4,48.9,599.8
2020-04-24 03:00:00,2020,2021-04-24 02:59:46.425,624.6,187.3,29.2,563.3
2020-04-24 04:00:00,2020,2021-04-24 03:59:46.420,587.1,234.2,21.6,463.6
2020-04-24 05:00:00,2020,2021-04-24 04:59:46.415,329.9,380.7,10.7,420.9
2020-04-24 06:00:00,2020,2021-04-24 05:59:46.410,322.8,413.0,17.0,397.3
2020-04-24 07:00:00,2020,2021-04-24 06:59:46.405,267.3,403.0,11.9,413.4
2020-04-24 08:00:00,2020,2021-04-24 07:59:46.400,118.9,302.2,42.6,419.9
2020-04-24 09:00:00,2020,2021-04-24 08:59:46.395,109.8,222.2,43.6,399.0
2020-04-24 10:00:00,2020,2021-04-24 09:59:46.390,71.8,174.9,29.6,347.6
2020-04-24 11:00:00,2020,2021-04-24 10:59:46.385,66.6,193.0,16.1,235.9
2020-04-24 12:00:00,2020,2021-04-24 11:59:46.380,106.0,132.0,5.1,228.0
2020-04-24 13:00:00,2020,2021-04-24 12:59:46.375,158.1,120.1,5.9,235.4
2020-04-24 14:00:00,2020,2021-04-24 13:59:46.370,202.5,115.8,7.2,210.7
2020-04-24 15:00:00,2020,2021-04-24 14:59:46.365,271.3,106.6,9.8,161.8
2020-04-24 16:00:00,2020,2021-04-24 15:59:46.360,297.3,62.2,18.6,146.9
2020-04-24 17:00:00,2020,2021-04-24 16:59:46.355,314.4,184.6,35.0,69.8
2020-04-24 18:00:00,2020,2021-04-24 17:59:46.350,244.6,241.2,58.1,126.4
2020-04-24 19:00:00,2020,2021-04-24 18:59:46.345,275.4,338.5,75.0,188.3
2020-04-24 20:00:00,2020,2021-04-24 19:59:46.340,358.7,557.5,90.3,198.8
2020-04-24 21:00:00,2020,2021-04-24 20:59:46.335,489.2,621.3,99.1,167.4
2020-04-24 22:00:00,2020,2021-04-24 21:59:46.330,406.6,688.0,85.3,105.8
2020-04-24 23:00:00,2020,2021-04-24 22:59:46.325,372.4,750.6,75.0,81.0
2020-04-25 00:00:00,2020,2021-04-24 23:59:46.320,323.7,733.7,63.7,118.5
2020-04-25 01:00:00,2020,2021-04-25 00:59:46.315,280.5,702.6,46.0,138.3
2020-04-25 02:00:00,2020,2021-04-25 01:59:46.310,244.0,685.2,37.2,145.4
2020-04-25 03:00:00,2020,2021-04-25 02:59:46.305,190.6,627.6,23.7,133.4
2020-04-25 04:00:00,2020,2021-04-25 03:59:46.300,142.7,564.5,17.9,129.6
2020-04-25 05:00:00,2020,2021-04-25 04:59:46.295,84.8,470.9,10.7,141.7
2020-04-25 06:00:00,2020,2021-04-25 05:59:46.290,69.3,400.4,7.0,131.3
2020-04-25 07:00:00,2020,2021-04-25 06:59:46.285,62.7,413.2,12.7,95.2
2020-04-25 08:00:00,2020,2021-04-25 07:59:46.280,16.3,382.7,19.8,16.7
2020-04-25 09:00:00,2020,2021-04-25 08:59:46.275,23.2,598.3,25.9,30.4
2020-04-25 10:00:00,2020,2021-04-25 09:59:46.270,84.3,686.4,11.9,55.8
2020-04-25 11:00:00,2020,2021-04-25 10:59:46.265,65.1,653.0,6.1,21.4
2020-04-25 12:00:00,2020,2021-04-25 11:59:46.260,69.0,600.2,4.7,33.6
2020-04-25 13:00:00,2020,2021-04-25 12:59:46.255,77.1,565.8,4.3,52.1
2020-04-25 14:00:00,2020,2021-04-25 13:59:46.250,87.6,618.0,4.6,39.8
2020-04-25 15:00:00,2020,2021-04-25 14:59:46.245,95.3,618.3,35.6,33.3
2020-04-25 16:00:00,2020,2021-04-25 15:59:46.240,183.5,641.1,70.1,189.3
2020-04-25 17:00:00,2020,2021-04-25 16:59:46.235,25.2,725.4,57.2,84.8
2020-04-25 18:00:00,2020,2021-04-25 17:59:46.230,85.4,614.6,29.7,74.4
2020-04-25 19:00:00,2020,2021-04-25 18:59:46.225,64.5,584.0,24.3,49.3
2020-04-25 20:00:00,2020,2021-04-25 19:59:46.220,75.9,526.1,68.1,49.5
2020-04-25 21:00:00,2020,2021-04-25 20:59:46.215,157.2,639.2,40.2,112.1
2020-04-25 22:00:00,2020,2021-04-25 21:59:46.210,125.4,730.8,33.5,19.8
2020-04-25 23:00:00,2020,2021-04-25 22:59:46.205,36.9,725.8,23.3,0.0
2020-04-26 00:00:00,2020,2021-04-25 23:59:46.200,46.9,660.2,24.5,2.0
2020-04-26 01:00:00,2020,2021-04-26 00:59:46.195,124.9,636.3,3.8,172.5
2020-04-26 02:00:00,2020,2021-04-26 01:59:46.190,230.4,668.1,14.7,481.8
2020-04-26 03:00:00,2020,2021-04-26 02:59:46.185,256.2,750.3,36.5,446.5
2020-04-26 04:00:00,2020,2021-04-26 03:59:46.180,319.7,809.5,33.4,417.9
2020-04-26 05:00:00,2020,2021-04-26 04:59:46.175,433.2,814.1,25.9,382.9
2020-04-26 06:00:00,2020,2021-04-26 05:59:46.170,430.8,823.2,19.1,308.8
2020-04-26 07:00:00,2020,2021-04-26 06:59:46.165,425.8,825.1,22.1,412.5
2020-04-26 08:00:00,2020,2021-04-26 07:59:46.160,288.1,814.8,21.0,492.6
2020-04-26 09:00:00,2020,2021-04-26 08:59:46.155,221.2,835.0,29.3,435.1
2020-04-26 10:00:00,2020,2021-04-26 09:59:46.150,131.3,837.6,48.6,292.0
2020-04-26 11:00:00,2020,2021-04-26 10:59:46.145,181.3,846.2,47.8,192.5
2020-04-26 12:00:00,2020,2021-04-26 11:59:46.140,100.9,831.4,47.6,168.1
2020-04-26 13:00:00,2020,2021-04-26 12:59:46.135,123.1,799.1,44.5,131.9
2020-04-26 14:00:00,2020,2021-04-26 13:59:46.130,205.2,779.1,43.3,151.5
2020-04-26 15:00:00,2020,2021-04-26 14:59:46.125,294.4,740.9,38.6,224.6
2020-04-26 16:00:00,2020,2021-04-26 15:59:46.120,421.0,713.5,32.4,259.1
2020-04-26 17:00:00,2020,2021-04-26 16:59:46.115,452.7,733.3,109.7,547.2
2020-04-26 18:00:00,2020,2021-04-26 17:59:46.110,506.3,716.0,98.0,587.6
2020-04-26 19:00:00,2020,2021-04-26 18:59:46.105,518.9,619.5,63.4,548.5
2020-04-26 20:00:00,2020,2021-04-26 19:59:46.100,577.9,710.9,91.8,647.9
2020-04-26 21:00:00,2020,2021-04-26 20:59:46.095,532.7,801.8,114.4,671.5
2020-04-26 22:00:00,2020,2021-04-26 21:59:46.090,638.2,846.4,124.6,658.4
2020-04-26 23:00:00,2020,2021-04-26 22:59:46.085,635.8,847.0,124.3,597.5
2020-04-27 00:00:00,2020,2021-04-26 23:59:46.080,591.7,845.8,127.2,594.4
2020-04-27 01:00:00,2020,2021-04-27 00:59:46.075,537.5,834.6,126.1,631.9
2020-04-27 02:00:00,2020,2021-04-27 01:59:46.070,524.6,845.1,87.3,636.3
2020-04-27 03:00:00,2020,2021-04-27 02:59:46.065,544.5,847.0,54.8,635.4
2020-04-27 04:00:00,2020,2021-04-27 03:59:46.060,529.8,847.0,41.2,642.7
2020-04-27 05:00:00,2020,2021-04-27 04:59:46.055,469.3,847.0,38.6,630.7
2020-04-27 06:00:00,2020,2021-04-27 05:59:46.050,429.7,847.0,28.7,639.8
2020-04-27 07:00:00,2020,2021-04-27 06:59:46.045,355.1,847.0,11.7,609.4
2020-04-27 08:00:00,2020,2021-04-27 07:59:46.040,201.8,847.0,4.7,401.9
2020-04-27 09:00:00,2020,2021-04-27 08:59:46.035,104.5,845.4,0.4,131.4
2020-04-27 10:00:00,2020,2021-04-27 09:59:46.030,68.5,682.0,0.0,43.5
2020-04-27 11:00:00,2020,2021-04-27 10:59:46.025,91.3,504.7,0.0,28.3
2020-04-27 12:00:00,2020,2021-04-27 11:59:46.020,85.9,290.6,0.0,50.5
2020-04-27 13:00:00,2020,2021-04-27 12:59:46.015,70.1,114.9,0.0,64.9
2020-04-27 14:00:00,2020,2021-04-27 13:59:46.010,35.9,34.8,0.6,13.4
2020-04-27 15:00:00,2020,2021-04-27 14:59:46.005,15.8,7.1,3.9,9.8
2020-04-27 16:00:00,2020,2021-04-27 15:59:46.000,28.6,8.1,4.4,53.9
2020-04-27 17:00:00,2020,2021-04-27 16:59:45.995,27.0,13.9,0.3,16.1
2020-04-27 18:00:00,2020,2021-04-27 17:59:45.990,0.0,2.9,0.6,85.2
2020-04-27 19:00:00,2020,2021-04-27 18:59:45.985,0.0,5.0,4.4,67.9
2020-04-27 20:00:00,2020,2021-04-27 19:59:45.980,0.7,0.2,1.3,0.8
2020-04-27 21:00:00,2020,2021-04-27 20:59:45.975,42.9,0.2,2.3,74.4
2020-04-27 22:00:00,2020,2021-04-27 21:59:45.970,16.5,1.2,7.2,28.4
2020-04-27 23:00:00,2020,2021-04-27 22:59:45.965,64.4,43.2,20.5,20.6
2020-04-28 00:00:00,2020,2021-04-27 23:59:45.960,202.8,54.3,33.1,83.3
2020-04-28 01:00:00,2020,2021-04-28 00:59:45.955,314.1,53.4,30.1,132.9
2020-04-28 02:00:00,2020,2021-04-28 01:59:45.950,284.1,81.2,33.7,142.8
2020-04-28 03:00:00,2020,2021-04-28 02:59:45.945,362.5,114.2,76.5,263.8
2020-04-28 04:00:00,2020,2021-04-28 03:59:45.940,442.5,136.8,84.8,390.1
2020-04-28 05:00:00,2020,2021-04-28 04:59:45.935,412.3,93.8,82.5,358.4
2020-04-28 06:00:00,2020,2021-04-28 05:59:45.930,392.1,43.6,46.5,416.5
2020-04-28 07:00:00,2020,2021-04-28 06:59:45.925,339.8,17.2,23.1,400.4
2020-04-28 08:00:00,2020,2021-04-28 07:59:45.920,152.4,22.2,22.7,212.3
2020-04-28 09:00:00,2020,2021-04-28 08:59:45.915,116.7,2.4,9.7,359.0
2020-04-28 10:00:00,2020,2021-04-28 09:59:45.910,145.5,0.0,0.2,483.9
2020-04-28 11:00:00,2020,2021-04-28 10:59:45.905,200.7,0.0,0.0,453.5
2020-04-28 12:00:00,2020,2021-04-28 11:59:45.900,172.9,1.6,0.0,282.6
2020-04-28 13:00:00,2020,2021-04-28 12:59:45.895,161.8,12.3,0.0,186.8
2020-04-28 14:00:00,2020,2021-04-28 13:59:45.890,144.6,11.4,0.3,129.7
2020-04-28 15:00:00,2020,2021-04-28 14:59:45.885,145.4,16.6,0.9,99.3
2020-04-28 16:00:00,2020,2021-04-28 15:59:45.880,157.3,16.7,0.6,47.3
2020-04-28 17:00:00,2020,2021-04-28 16:59:45.875,0.0,0.8,0.0,1.8
2020-04-28 18:00:00,2020,2021-04-28 17:59:45.870,0.0,0.1,0.0,1.9
2020-04-28 19:00:00,2020,2021-04-28 18:59:45.865,0.0,5.3,0.0,6.3
2020-04-28 20:00:00,2020,2021-04-28 19:59:45.860,0.0,2.1,1.0,11.3
2020-04-28 21:00:00,2020,2021-04-28 20:59:45.855,0.0,18.5,1.8,0.3
2020-04-28 22:00:00,2020,2021-04-28 21:59:45.850,0.0,33.8,0.0,0.0
2020-04-28 23:00:00,2020,2021-04-28 22:59:45.845,0.0,0.0,0.0,0.0
2020-04-29 00:00:00,2020,2021-04-28 23:59:45.840,0.0,0.0,0.6,0.0
2020-04-29 01:00:00,2020,2021-04-29 00:59:45.835,0.0,22.9,24.8,0.0
2020-04-29 02:00:00,2020,2021-04-29 01:59:45.830,0.0,13.6,37.9,0.0
2020-04-29 03:00:00,2020,2021-04-29 02:59:45.825,0.0,11.9,33.2,0.0
2020-04-29 04:00:00,2020,2021-04-29 03:59:45.820,0.1,29.6,22.0,168.8
2020-04-29 05:00:00,2020,2021-04-29 04:59:45.815,0.5,64.7,19.3,238.1
2020-04-29 06:00:00,2020,2021-04-29 05:59:45.810,0.0,71.8,9.8,298.2
2020-04-29 07:00:00,2020,2021-04-29 06:59:45.805,0.2,69.5,5.6,309.1
2020-04-29 08:00:00,2020,2021-04-29 07:59:45.800,12.7,9.2,21.4,215.0
2020-04-29 09:00:00,2020,2021-04-29 08:59:45.795,0.0,8.6,24.0,144.6
2020-04-29 10:00:00,2020,2021-04-29 09:59:45.790,0.0,37.1,18.9,47.2
2020-04-29 11:00:00,2020,2021-04-29 10:59:45.785,0.0,94.6,11.8,16.4
2020-04-29 12:00:00,2020,2021-04-29 11:59:45.780,0.4,165.1,16.0,2.9
2020-04-29 13:00:00,2020,2021-04-29 12:59:45.775,24.8,185.6,16.1,66.5
2020-04-29 14:00:00,2020,2021-04-29 13:59:45.770,59.1,274.5,15.9,162.6
2020-04-29 15:00:00,2020,2021-04-29 14:59:45.765,138.5,379.6,23.2,191.6
2020-04-29 16:00:00,2020,2021-04-29 15:59:45.760,218.3,378.6,28.9,175.4
2020-04-29 17:00:00,2020,2021-04-29 16:59:45.755,287.8,381.4,56.0,218.5
2020-04-29 18:00:00,2020,2021-04-29 17:59:45.750,303.9,292.1,53.8,233.0
2020-04-29 19:00:00,2020,2021-04-29 18:59:45.745,250.1,173.3,76.5,166.0
2020-04-29 20:00:00,2020,2021-04-29 19:59:45.740,387.5,153.7,67.6,342.3
2020-04-29 21:00:00,2020,2021-04-29 20:59:45.735,475.0,258.3,50.4,471.0
2020-04-29 22:00:00,2020,2021-04-29 21:59:45.730,560.7,392.7,25.0,601.9
2020-04-29 23:00:00,2020,2021-04-29 22:59:45.725,596.2,410.5,23.1,672.2
2020-04-30 00:00:00,2020,2021-04-29 23:59:45.720,514.9,315.0,12.8,696.3
2020-04-30 01:00:00,2020,2021-04-30 00:59:45.715,457.8,213.5,7.2,610.7
2020-04-30 02:00:00,2020,2021-04-30 01:59:45.710,291.6,84.9,7.6,540.3
2020-04-30 03:00:00,2020,2021-04-30 02:59:45.705,245.2,16.8,1.9,514.3
2020-04-30 04:00:00,2020,2021-04-30 03:59:45.700,234.1,3.7,1.3,564.4
2020-04-30 05:00:00,2020,2021-04-30 04:59:45.695,305.2,0.9,2.1,520.5
2020-04-30 06:00:00,2020,2021-04-30 05:59:45.690,384.3,0.3,1.1,453.4
2020-04-30 07:00:00,2020,2021-04-30 06:59:45.685,273.2,0.3,3.7,342.8
2020-04-30 08:00:00,2020,2021-04-30 07:59:45.680,105.9,0.0,3.8,169.4
2020-04-30 09:00:00,2020,2021-04-30 08:59:45.675,36.2,0.0,0.6,120.2
2020-04-30 10:00:00,2020,2021-04-30 09:59:45.670,0.0,0.0,0.7,32.8
2020-04-30 11:00:00,2020,2021-04-30 10:59:45.665,0.3,0.0,0.6,1.8
2020-04-30 12:00:00,2020,2021-04-30 11:59:45.660,5.5,0.0,0.1,2.5
2020-04-30 13:00:00,2020,2021-04-30 12:59:45.655,21.4,0.0,0.0,1.3
2020-04-30 14:00:00,2020,2021-04-30 13:59:45.650,21.8,0.0,0.0,0.2
2020-04-30 15:00:00,2020,2021-04-30 14:59:45.645,19.6,0.0,0.0,0.6
2020-04-30 16:00:00,2020,2021-04-30 15:59:45.640,17.2,0.4,0.0,1.5
2020-04-30 17:00:00,2020,2021-04-30 16:59:45.635,60.9,1.4,0.0,24.0
2020-04-30 18:00:00,2020,2021-04-30 17:59:45.630,41.0,10.7,0.0,13.7
2020-04-30 19:00:00,2020,2021-04-30 18:59:45.625,11.5,29.4,0.4,0.7
2020-04-30 20:00:00,2020,2021-04-30 19:59:45.620,3.6,4.1,0.9,0.0
2020-04-30 21:00:00,2020,2021-04-30 20:59:45.615,23.9,4.1,0.7,0.0
2020-04-30 22:00:00,2020,2021-04-30 21:59:45.610,29.8,6.2,1.1,0.1
2020-04-30 23:00:00,2020,2021-04-30 22:59:45.605,0.0,4.7,1.0,0.0
2020-05-01 00:00:00,2020,2021-04-30 23:59:45.600,0.0,1.7,0.5,0.0
2020-05-01 01:00:00,2020,2021-05-01 00:59:45.595,0.0,0.7,0.7,0.0
2020-05-01 02:00:00,2020,2021-05-01 01:59:45.590,37.3,0.1,0.0,7.6
2020-05-01 03:00:00,2020,2021-05-01 02:59:45.585,19.4,0.0,0.0,28.2
2020-05-01 04:00:00,2020,2021-05-01 03:59:45.580,15.2,0.0,0.0,28.4
2020-05-01 05:00:00,2020,2021-05-01 04:59:45.575,27.0,0.0,0.0,44.6
2020-05-01 06:00:00,2020,2021-05-01 05:59:45.570,54.3,0.0,0.0,47.6
2020-05-01 07:00:00,2020,2021-05-01 06:59:45.565,48.1,0.0,0.0,25.5
2020-05-01 08:00:00,2020,2021-05-01 07:59:45.560,42.8,0.0,0.0,0.0
2020-05-01 09:00:00,2020,2021-05-01 08:59:45.555,39.5,0.1,0.0,0.0
2020-05-01 10:00:00,2020,2021-05-01 09:59:45.550,38.1,0.2,0.0,0.0
2020-05-01 11:00:00,2020,2021-05-01 10:59:45.545,35.0,2.5,0.0,0.0
2020-05-01 12:00:00,2020,2021-05-01 11:59:45.540,24.1,6.2,0.0,0.0
2020-05-01 13:00:00,2020,2021-05-01 12:59:45.535,16.0,7.0,0.0,0.0
2020-05-01 14:00:00,2020,2021-05-01 13:59:45.530,18.6,1.8,0.0,0.0
2020-05-01 15:00:00,2020,2021-05-01 14:59:45.525,25.8,7.1,0.0,0.0
2020-05-01 16:00:00,2020,2021-05-01 15:59:45.520,7.2,7.7,0.0,0.0
2020-05-01 17:00:00,2020,2021-05-01 16:59:45.515,20.7,2.8,0.0,21.0
2020-05-01 18:00:00,2020,2021-05-01 17:59:45.510,48.7,0.3,0.0,36.4
2020-05-01 19:00:00,2020,2021-05-01 18:59:45.505,44.0,8.6,0.0,16.2
2020-05-01 20:00:00,2020,2021-05-01 19:59:45.500,50.1,3.9,0.0,69.6
2020-05-01 21:00:00,2020,2021-05-01 20:59:45.495,80.5,0.6,0.3,19.6
2020-05-01 22:00:00,2020,2021-05-01 21:59:45.490,63.7,0.5,0.0,42.4
2020-05-01 23:00:00,2020,2021-05-01 22:59:45.485,20.1,1.9,0.0,25.1
2020-05-02 00:00:00,2020,2021-05-01 23:59:45.480,2.1,0.3,0.0,45.1
2020-05-02 01:00:00,2020,2021-05-02 00:59:45.475,0.0,3.4,0.0,59.4
2020-05-02 02:00:00,2020,2021-05-02 01:59:45.470,0.0,8.1,0.0,70.8
2020-05-02 03:00:00,2020,2021-05-02 02:59:45.465,0.2,5.7,1.0,53.2
2020-05-02 04:00:00,2020,2021-05-02 03:59:45.460,6.5,4.6,3.9,62.5
2020-05-02 05:00:00,2020,2021-05-02 04:59:45.455,66.1,0.6,7.8,95.0
2020-05-02 06:00:00,2020,2021-05-02 05:59:45.450,39.1,12.7,4.5,113.7
2020-05-02 07:00:00,2020,2021-05-02 06:59:45.445,59.5,30.7,6.1,182.5
2020-05-02 08:00:00,2020,2021-05-02 07:59:45.440,25.6,130.4,3.7,207.1
2020-05-02 09:00:00,2020,2021-05-02 08:59:45.435,28.1,19.9,1.7,258.0
2020-05-02 10:00:00,2020,2021-05-02 09:59:45.430,155.7,4.9,1.6,211.4
2020-05-02 11:00:00,2020,2021-05-02 10:59:45.425,125.6,11.3,0.3,129.5
2020-05-02 12:00:00,2020,2021-05-02 11:59:45.420,215.5,21.7,0.1,75.3
2020-05-02 13:00:00,2020,2021-05-02 12:59:45.415,70.4,75.3,14.8,55.2
2020-05-02 14:00:00,2020,2021-05-02 13:59:45.410,242.6,215.3,17.7,41.1
2020-05-02 15:00:00,2020,2021-05-02 14:59:45.405,226.4,284.6,19.4,18.1
2020-05-02 16:00:00,2020,2021-05-02 15:59:45.400,188.1,236.7,34.3,51.2
2020-05-02 17:00:00,2020,2021-05-02 16:59:45.395,89.9,281.1,6.2,62.9
2020-05-02 18:00:00,2020,2021-05-02 17:59:45.390,68.6,431.2,5.0,36.7
2020-05-02 19:00:00,2020,2021-05-02 18:59:45.385,102.4,412.5,37.0,74.2
2020-05-02 20:00:00,2020,2021-05-02 19:59:45.380,44.6,420.9,27.4,54.9
2020-05-02 21:00:00,2020,2021-05-02 20:59:45.375,119.5,378.1,51.1,129.2
2020-05-02 22:00:00,2020,2021-05-02 21:59:45.370,282.7,308.4,55.0,509.0
2020-05-02 23:00:00,2020,2021-05-02 22:59:45.365,649.9,288.5,60.8,694.7
2020-05-03 00:00:00,2020,2021-05-02 23:59:45.360,682.1,232.5,67.4,587.2
2020-05-03 01:00:00,2020,2021-05-03 00:59:45.355,696.9,312.9,68.6,751.8
2020-05-03 02:00:00,2020,2021-05-03 01:59:45.350,699.1,290.4,91.5,763.0
2020-05-03 03:00:00,2020,2021-05-03 02:59:45.345,697.9,195.1,46.9,758.5
2020-05-03 04:00:00,2020,2021-05-03 03:59:45.340,696.9,245.8,44.4,770.9
2020-05-03 05:00:00,2020,2021-05-03 04:59:45.335,698.7,185.2,58.1,764.5
2020-05-03 06:00:00,2020,2021-05-03 05:59:45.330,686.8,58.2,36.1,757.4
2020-05-03 07:00:00,2020,2021-05-03 06:59:45.325,583.1,23.8,1.9,707.5
2020-05-03 08:00:00,2020,2021-05-03 07:59:45.320,333.0,1.2,4.3,572.5
2020-05-03 09:00:00,2020,2021-05-03 08:59:45.315,247.8,1.4,3.3,438.4
2020-05-03 10:00:00,2020,2021-05-03 09:59:45.310,234.4,11.7,6.0,403.1
2020-05-03 11:00:00,2020,2021-05-03 10:59:45.305,198.6,12.8,5.9,387.0
2020-05-03 12:00:00,2020,2021-05-03 11:59:45.300,178.0,8.3,5.0,278.5
2020-05-03 13:00:00,2020,2021-05-03 12:59:45.295,169.9,5.8,6.5,169.4
2020-05-03 14:00:00,2020,2021-05-03 13:59:45.290,219.8,11.7,5.4,94.9
2020-05-03 15:00:00,2020,2021-05-03 14:59:45.285,235.5,19.3,5.0,17.8
2020-05-03 16:00:00,2020,2021-05-03 15:59:45.280,174.3,24.3,5.3,50.4
2020-05-03 17:00:00,2020,2021-05-03 16:59:45.275,55.0,17.8,6.6,77.8
2020-05-03 18:00:00,2020,2021-05-03 17:59:45.270,34.5,0.8,10.7,74.0
2020-05-03 19:00:00,2020,2021-05-03 18:59:45.265,32.4,11.0,15.7,61.4
2020-05-03 20:00:00,2020,2021-05-03 19:59:45.260,72.9,38.3,19.7,77.5
2020-05-03 21:00:00,2020,2021-05-03 20:59:45.255,46.5,132.2,20.7,75.0
2020-05-03 22:00:00,2020,2021-05-03 21:59:45.250,75.6,388.4,58.1,90.8
2020-05-03 23:00:00,2020,2021-05-03 22:59:45.245,107.0,380.8,40.1,78.7
2020-05-04 00:00:00,2020,2021-05-03 23:59:45.240,13.7,404.5,28.7,22.1
2020-05-04 01:00:00,2020,2021-05-04 00:59:45.235,0.0,276.2,31.1,0.0
2020-05-04 02:00:00,2020,2021-05-04 01:59:45.230,0.0,71.4,38.0,7.4
2020-05-04 03:00:00,2020,2021-05-04 02:59:45.225,0.0,34.6,30.5,89.3
2020-05-04 04:00:00,2020,2021-05-04 03:59:45.220,0.0,133.5,36.8,334.1
2020-05-04 05:00:00,2020,2021-05-04 04:59:45.215,140.9,298.0,30.9,538.5
2020-05-04 06:00:00,2020,2021-05-04 05:59:45.210,364.0,268.6,27.2,668.6
2020-05-04 07:00:00,2020,2021-05-04 06:59:45.205,299.6,188.1,26.9,507.2
2020-05-04 08:00:00,2020,2021-05-04 07:59:45.200,252.0,84.9,7.7,483.0
2020-05-04 09:00:00,2020,2021-05-04 08:59:45.195,281.3,25.0,1.2,534.7
2020-05-04 10:00:00,2020,2021-05-04 09:59:45.190,330.8,0.4,0.4,527.6
2020-05-04 11:00:00,2020,2021-05-04 10:59:45.185,503.3,17.8,9.2,542.1
2020-05-04 12:00:00,2020,2021-05-04 11:59:45.180,653.4,71.4,72.7,521.5
2020-05-04 13:00:00,2020,2021-05-04 12:59:45.175,670.1,68.7,79.4,483.5
2020-05-04 14:00:00,2020,2021-05-04 13:59:45.170,629.0,53.9,71.9,490.5
2020-05-04 15:00:00,2020,2021-05-04 14:59:45.165,593.2,94.2,72.5,543.5
2020-05-04 16:00:00,2020,2021-05-04 15:59:45.160,632.6,335.3,88.1,632.0
2020-05-04 17:00:00,2020,2021-05-04 16:59:45.155,629.0,721.7,146.2,642.5
2020-05-04 18:00:00,2020,2021-05-04 17:59:45.150,664.6,655.1,134.7,703.0
2020-05-04 19:00:00,2020,2021-05-04 18:59:45.145,663.3,596.9,124.7,597.2
2020-05-04 20:00:00,2020,2021-05-04 19:59:45.140,652.9,514.4,109.9,522.1
2020-05-04 21:00:00,2020,2021-05-04 20:59:45.135,658.5,551.5,113.1,605.6
2020-05-04 22:00:00,2020,2021-05-04 21:59:45.130,640.7,695.9,102.2,471.8
2020-05-04 23:00:00,2020,2021-05-04 22:59:45.125,625.0,682.1,99.2,342.8
2020-05-05 00:00:00,2020,2021-05-04 23:59:45.120,560.9,739.3,88.0,356.2
2020-05-05 01:00:00,2020,2021-05-05 00:59:45.115,573.4,761.6,61.1,316.9
2020-05-05 02:00:00,2020,2021-05-05 01:59:45.110,511.7,756.0,48.5,329.9
2020-05-05 03:00:00,2020,2021-05-05 02:59:45.105,373.6,801.7,29.2,377.0
2020-05-05 04:00:00,2020,2021-05-05 03:59:45.100,281.6,705.1,11.1,448.1
2020-05-05 05:00:00,2020,2021-05-05 04:59:45.095,252.2,613.1,9.4,492.0
2020-05-05 06:00:00,2020,2021-05-05 05:59:45.090,271.6,466.1,4.2,536.6
2020-05-05 07:00:00,2020,2021-05-05 06:59:45.085,161.5,273.8,12.3,420.1
2020-05-05 08:00:00,2020,2021-05-05 07:59:45.080,116.5,45.7,7.8,270.5
2020-05-05 09:00:00,2020,2021-05-05 08:59:45.075,87.3,0.0,1.7,178.4
2020-05-05 10:00:00,2020,2021-05-05 09:59:45.070,89.4,0.0,0.0,116.0
2020-05-05 11:00:00,2020,2021-05-05 10:59:45.065,125.3,0.0,0.0,99.2
2020-05-05 12:00:00,2020,2021-05-05 11:59:45.060,170.3,0.4,0.0,58.8
2020-05-05 13:00:00,2020,2021-05-05 12:59:45.055,180.2,1.0,0.1,71.9
2020-05-05 14:00:00,2020,2021-05-05 13:59:45.050,167.7,0.0,0.6,62.1
2020-05-05 15:00:00,2020,2021-05-05 14:59:45.045,156.8,0.0,1.5,45.8
2020-05-05 16:00:00,2020,2021-05-05 15:59:45.040,137.9,0.0,1.2,51.9
2020-05-05 17:00:00,2020,2021-05-05 16:59:45.035,67.2,18.8,1.5,8.4
2020-05-05 18:00:00,2020,2021-05-05 17:59:45.030,41.7,8.2,1.1,2.3
2020-05-05 19:00:00,2020,2021-05-05 18:59:45.025,20.4,14.9,0.0,0.0
2020-05-05 20:00:00,2020,2021-05-05 19:59:45.020,3.2,22.9,0.0,0.0
2020-05-05 21:00:00,2020,2021-05-05 20:59:45.015,0.3,12.1,0.0,0.0
2020-05-05 22:00:00,2020,2021-05-05 21:59:45.010,0.6,22.2,0.0,0.0
2020-05-05 23:00:00,2020,2021-05-05 22:59:45.005,1.4,15.0,0.0,0.0
2020-05-06 00:00:00,2020,2021-05-05 23:59:45.000,1.8,40.9,0.4,0.0
2020-05-06 01:00:00,2020,2021-05-06 00:59:44.995,0.0,176.8,2.4,0.0
2020-05-06 02:00:00,2020,2021-05-06 01:59:44.990,2.6,322.8,8.2,0.0
2020-05-06 03:00:00,2020,2021-05-06 02:59:44.985,1.4,331.7,36.3,0.0
2020-05-06 04:00:00,2020,2021-05-06 03:59:44.980,0.8,389.5,44.7,0.0
2020-05-06 05:00:00,2020,2021-05-06 04:59:44.975,0.0,461.6,44.6,0.0
2020-05-06 06:00:00,2020,2021-05-06 05:59:44.970,0.0,543.8,52.8,0.0
2020-05-06 07:00:00,2020,2021-05-06 06:59:44.965,0.0,510.6,54.7,0.0
2020-05-06 08:00:00,2020,2021-05-06 07:59:44.960,0.0,196.4,26.3,0.0
2020-05-06 09:00:00,2020,2021-05-06 08:59:44.955,0.5,173.5,20.6,0.0
2020-05-06 10:00:00,2020,2021-05-06 09:59:44.950,19.4,178.6,16.2,4.7
2020-05-06 11:00:00,2020,2021-05-06 10:59:44.945,39.5,134.3,10.6,21.4
2020-05-06 12:00:00,2020,2021-05-06 11:59:44.940,43.6,99.5,7.0,57.9
2020-05-06 13:00:00,2020,2021-05-06 12:59:44.935,23.1,56.8,0.8,42.4
2020-05-06 14:00:00,2020,2021-05-06 13:59:44.930,11.0,93.7,0.0,32.9
2020-05-06 15:00:00,2020,2021-05-06 14:59:44.925,19.3,91.8,0.1,50.7
2020-05-06 16:00:00,2020,2021-05-06 15:59:44.920,65.3,72.6,5.3,71.9
2020-05-06 17:00:00,2020,2021-05-06 16:59:44.915,105.3,215.4,16.4,160.7
2020-05-06 18:00:00,2020,2021-05-06 17:59:44.910,187.2,235.3,30.8,232.9
2020-05-06 19:00:00,2020,2021-05-06 18:59:44.905,304.7,336.7,42.7,234.9
2020-05-06 20:00:00,2020,2021-05-06 19:59:44.900,377.0,328.3,66.4,489.5
2020-05-06 21:00:00,2020,2021-05-06 20:59:44.895,301.0,491.7,75.9,495.4
2020-05-06 22:00:00,2020,2021-05-06 21:59:44.890,233.2,605.3,74.3,464.6
2020-05-06 23:00:00,2020,2021-05-06 22:59:44.885,250.4,684.1,50.3,398.1
2020-05-07 00:00:00,2020,2021-05-06 23:59:44.880,290.5,719.7,11.5,515.1
2020-05-07 01:00:00,2020,2021-05-07 00:59:44.875,339.9,683.7,1.0,540.1
2020-05-07 02:00:00,2020,2021-05-07 01:59:44.870,375.2,691.7,0.2,467.2
2020-05-07 03:00:00,2020,2021-05-07 02:59:44.865,378.1,619.8,1.8,365.9
2020-05-07 04:00:00,2020,2021-05-07 03:59:44.860,343.0,530.6,1.6,326.5
2020-05-07 05:00:00,2020,2021-05-07 04:59:44.855,241.9,453.7,8.6,269.5
2020-05-07 06:00:00,2020,2021-05-07 05:59:44.850,140.0,503.5,54.4,222.6
2020-05-07 07:00:00,2020,2021-05-07 06:59:44.845,47.9,600.5,62.5,182.8
2020-05-07 08:00:00,2020,2021-05-07 07:59:44.840,2.0,449.6,34.2,27.4
2020-05-07 09:00:00,2020,2021-05-07 08:59:44.835,0.2,595.0,34.2,37.1
2020-05-07 10:00:00,2020,2021-05-07 09:59:44.830,0.4,643.4,29.6,72.5
2020-05-07 11:00:00,2020,2021-05-07 10:59:44.825,1.8,564.5,16.7,79.4
2020-05-07 12:00:00,2020,2021-05-07 11:59:44.820,22.1,360.1,13.3,82.1
2020-05-07 13:00:00,2020,2021-05-07 12:59:44.815,30.6,289.8,11.4,77.0
2020-05-07 14:00:00,2020,2021-05-07 13:59:44.810,22.4,297.2,15.1,70.8
2020-05-07 15:00:00,2020,2021-05-07 14:59:44.805,10.2,217.4,11.8,48.1
2020-05-07 16:00:00,2020,2021-05-07 15:59:44.800,0.0,227.1,3.1,0.0
2020-05-07 17:00:00,2020,2021-05-07 16:59:44.795,0.3,349.9,28.7,1.3
2020-05-07 18:00:00,2020,2021-05-07 17:59:44.790,0.4,307.4,24.1,10.1
2020-05-07 19:00:00,2020,2021-05-07 18:59:44.785,0.0,270.5,19.5,26.9
2020-05-07 20:00:00,2020,2021-05-07 19:59:44.780,0.2,277.3,31.0,72.5
2020-05-07 21:00:00,2020,2021-05-07 20:59:44.775,3.8,295.1,6.4,79.9
2020-05-07 22:00:00,2020,2021-05-07 21:59:44.770,1.9,269.4,3.3,15.7
2020-05-07 23:00:00,2020,2021-05-07 22:59:44.765,7.1,201.8,0.1,0.0
2020-05-08 00:00:00,2020,2021-05-07 23:59:44.760,15.3,150.8,0.0,76.8
2020-05-08 01:00:00,2020,2021-05-08 00:59:44.755,15.1,178.0,0.0,185.5
2020-05-08 02:00:00,2020,2021-05-08 01:59:44.750,42.4,200.5,1.2,112.4
2020-05-08 03:00:00,2020,2021-05-08 02:59:44.745,44.8,200.7,3.2,83.5
2020-05-08 04:00:00,2020,2021-05-08 03:59:44.740,15.1,154.8,3.2,1.0
2020-05-08 05:00:00,2020,2021-05-08 04:59:44.735,20.4,126.3,6.0,0.0
2020-05-08 06:00:00,2020,2021-05-08 05:59:44.730,40.0,99.6,9.4,0.0
2020-05-08 07:00:00,2020,2021-05-08 06:59:44.725,10.7,101.6,10.6,3.1
2020-05-08 08:00:00,2020,2021-05-08 07:59:44.720,0.0,32.4,7.6,2.0
2020-05-08 09:00:00,2020,2021-05-08 08:59:44.715,0.0,0.0,4.4,0.0
2020-05-08 10:00:00,2020,2021-05-08 09:59:44.710,0.1,0.0,5.0,0.0
2020-05-08 11:00:00,2020,2021-05-08 10:59:44.705,0.3,0.0,1.5,0.0
2020-05-08 12:00:00,2020,2021-05-08 11:59:44.700,0.0,0.9,0.0,0.0
2020-05-08 13:00:00,2020,2021-05-08 12:59:44.695,0.4,0.1,0.0,0.0
2020-05-08 14:00:00,2020,2021-05-08 13:59:44.690,0.0,1.3,0.0,0.0
2020-05-08 15:00:00,2020,2021-05-08 14:59:44.685,3.2,0.0,0.0,0.0
2020-05-08 16:00:00,2020,2021-05-08 15:59:44.680,6.0,0.1,0.0,0.0
2020-05-08 17:00:00,2020,2021-05-08 16:59:44.675,35.6,165.3,1.8,56.3
2020-05-08 18:00:00,2020,2021-05-08 17:59:44.670,108.8,183.2,0.0,71.2
2020-05-08 19:00:00,2020,2021-05-08 18:59:44.665,62.0,145.2,0.0,42.1
2020-05-08 20:00:00,2020,2021-05-08 19:59:44.660,61.6,251.7,0.0,71.8
2020-05-08 21:00:00,2020,2021-05-08 20:59:44.655,161.3,465.2,7.9,72.3
2020-05-08 22:00:00,2020,2021-05-08 21:59:44.650,214.6,589.4,59.5,113.7
2020-05-08 23:00:00,2020,2021-05-08 22:59:44.645,207.8,490.9,89.9,153.0
2020-05-09 00:00:00,2020,2021-05-08 23:59:44.640,286.1,319.6,101.6,311.1
2020-05-09 01:00:00,2020,2021-05-09 00:59:44.635,507.5,258.4,71.5,604.6
2020-05-09 02:00:00,2020,2021-05-09 01:59:44.630,573.3,225.1,68.2,701.8
2020-05-09 03:00:00,2020,2021-05-09 02:59:44.625,588.7,130.1,75.7,706.8
2020-05-09 04:00:00,2020,2021-05-09 03:59:44.620,598.2,75.6,72.8,714.9
2020-05-09 05:00:00,2020,2021-05-09 04:59:44.615,615.8,77.5,72.9,708.1
2020-05-09 06:00:00,2020,2021-05-09 05:59:44.610,604.3,149.2,81.2,708.9
2020-05-09 07:00:00,2020,2021-05-09 06:59:44.605,554.2,166.1,37.8,683.8
2020-05-09 08:00:00,2020,2021-05-09 07:59:44.600,419.9,137.8,31.6,619.2
2020-05-09 09:00:00,2020,2021-05-09 08:59:44.595,329.7,53.8,39.1,602.0
2020-05-09 10:00:00,2020,2021-05-09 09:59:44.590,246.3,25.0,32.0,541.3
2020-05-09 11:00:00,2020,2021-05-09 10:59:44.585,265.4,39.8,44.2,469.4
2020-05-09 12:00:00,2020,2021-05-09 11:59:44.580,360.3,136.3,54.0,449.5
2020-05-09 13:00:00,2020,2021-05-09 12:59:44.575,463.2,127.4,45.3,466.6
2020-05-09 14:00:00,2020,2021-05-09 13:59:44.570,491.0,152.7,38.0,496.9
2020-05-09 15:00:00,2020,2021-05-09 14:59:44.565,492.6,248.3,43.2,510.1
2020-05-09 16:00:00,2020,2021-05-09 15:59:44.560,509.9,318.4,44.5,450.6
2020-05-09 17:00:00,2020,2021-05-09 16:59:44.555,574.0,445.0,72.0,449.6
2020-05-09 18:00:00,2020,2021-05-09 17:59:44.550,569.5,367.5,104.4,309.2
2020-05-09 19:00:00,2020,2021-05-09 18:59:44.545,516.5,369.7,79.7,271.4
2020-05-09 20:00:00,2020,2021-05-09 19:59:44.540,588.7,362.5,15.3,523.7
2020-05-09 21:00:00,2020,2021-05-09 20:59:44.535,658.4,344.6,13.7,704.2
2020-05-09 22:00:00,2020,2021-05-09 21:59:44.530,676.5,256.1,3.0,707.7
2020-05-09 23:00:00,2020,2021-05-09 22:59:44.525,695.5,501.8,7.0,703.0
2020-05-10 00:00:00,2020,2021-05-09 23:59:44.520,673.7,649.5,30.9,731.5
2020-05-10 01:00:00,2020,2021-05-10 00:59:44.515,642.2,558.7,65.8,738.5
2020-05-10 02:00:00,2020,2021-05-10 01:59:44.510,623.1,416.3,75.9,745.8
2020-05-10 03:00:00,2020,2021-05-10 02:59:44.505,611.8,346.3,75.7,714.3
2020-05-10 04:00:00,2020,2021-05-10 03:59:44.500,681.5,450.1,89.3,733.2
2020-05-10 05:00:00,2020,2021-05-10 04:59:44.495,713.4,555.3,100.7,764.1
2020-05-10 06:00:00,2020,2021-05-10 05:59:44.490,689.9,566.3,108.4,735.5
2020-05-10 07:00:00,2020,2021-05-10 06:59:44.485,679.6,624.4,131.1,728.6
2020-05-10 08:00:00,2020,2021-05-10 07:59:44.480,608.1,681.1,140.0,752.8
2020-05-10 09:00:00,2020,2021-05-10 08:59:44.475,593.7,765.0,143.0,739.6
2020-05-10 10:00:00,2020,2021-05-10 09:59:44.470,599.0,792.1,146.1,677.0
2020-05-10 11:00:00,2020,2021-05-10 10:59:44.465,565.7,800.4,143.8,696.4
2020-05-10 12:00:00,2020,2021-05-10 11:59:44.460,542.0,776.4,135.3,655.7
2020-05-10 13:00:00,2020,2021-05-10 12:59:44.455,552.2,738.4,127.1,638.6
2020-05-10 14:00:00,2020,2021-05-10 13:59:44.450,489.1,788.3,129.2,597.3
2020-05-10 15:00:00,2020,2021-05-10 14:59:44.445,491.3,779.7,119.7,614.7
2020-05-10 16:00:00,2020,2021-05-10 15:59:44.440,498.1,783.7,91.6,472.2
2020-05-10 17:00:00,2020,2021-05-10 16:59:44.435,680.3,843.8,148.3,578.3
2020-05-10 18:00:00,2020,2021-05-10 17:59:44.430,711.3,768.5,116.2,618.5
2020-05-10 19:00:00,2020,2021-05-10 18:59:44.425,689.2,719.9,142.3,416.2
2020-05-10 20:00:00,2020,2021-05-10 19:59:44.420,706.1,602.2,142.9,554.3
2020-05-10 21:00:00,2020,2021-05-10 20:59:44.415,713.5,734.6,123.0,798.5
2020-05-10 22:00:00,2020,2021-05-10 21:59:44.410,713.4,744.3,112.1,746.3
2020-05-10 23:00:00,2020,2021-05-10 22:59:44.405,693.6,409.7,84.0,420.9
2020-05-11 00:00:00,2020,2021-05-10 23:59:44.400,490.7,312.5,29.4,185.0
2020-05-11 01:00:00,2020,2021-05-11 00:59:44.395,435.5,242.8,20.0,105.1
2020-05-11 02:00:00,2020,2021-05-11 01:59:44.390,375.2,361.6,31.1,86.5
2020-05-11 03:00:00,2020,2021-05-11 02:59:44.385,391.8,373.6,129.4,265.2
2020-05-11 04:00:00,2020,2021-05-11 03:59:44.380,410.7,336.1,134.3,364.5
2020-05-11 05:00:00,2020,2021-05-11 04:59:44.375,317.2,369.8,59.6,472.6
2020-05-11 06:00:00,2020,2021-05-11 05:59:44.370,361.6,323.9,56.8,468.4
2020-05-11 07:00:00,2020,2021-05-11 06:59:44.365,314.7,223.5,15.5,371.8
2020-05-11 08:00:00,2020,2021-05-11 07:59:44.360,339.4,65.6,0.0,232.2
2020-05-11 09:00:00,2020,2021-05-11 08:59:44.355,352.2,2.9,0.2,204.7
2020-05-11 10:00:00,2020,2021-05-11 09:59:44.350,297.0,0.0,7.5,245.7
2020-05-11 11:00:00,2020,2021-05-11 10:59:44.345,337.5,0.0,9.4,334.5
2020-05-11 12:00:00,2020,2021-05-11 11:59:44.340,531.8,4.0,13.0,360.1
2020-05-11 13:00:00,2020,2021-05-11 12:59:44.335,537.2,16.1,8.8,377.3
2020-05-11 14:00:00,2020,2021-05-11 13:59:44.330,495.5,12.0,10.0,316.9
2020-05-11 15:00:00,2020,2021-05-11 14:59:44.325,490.3,15.4,10.1,270.0
2020-05-11 16:00:00,2020,2021-05-11 15:59:44.320,423.6,17.1,8.6,258.5
2020-05-11 17:00:00,2020,2021-05-11 16:59:44.315,435.4,60.1,39.1,211.0
2020-05-11 18:00:00,2020,2021-05-11 17:59:44.310,381.8,102.9,42.1,221.5
2020-05-11 19:00:00,2020,2021-05-11 18:59:44.305,354.4,166.0,28.1,239.7
2020-05-11 20:00:00,2020,2021-05-11 19:59:44.300,322.1,468.1,36.9,252.6
2020-05-11 21:00:00,2020,2021-05-11 20:59:44.295,392.3,640.7,80.8,322.9
2020-05-11 22:00:00,2020,2021-05-11 21:59:44.290,392.6,717.5,80.8,318.6
2020-05-11 23:00:00,2020,2021-05-11 22:59:44.285,293.6,755.0,76.4,187.1
2020-05-12 00:00:00,2020,2021-05-11 23:59:44.280,184.7,736.0,65.4,76.7
2020-05-12 01:00:00,2020,2021-05-12 00:59:44.275,114.3,672.2,47.2,75.5
2020-05-12 02:00:00,2020,2021-05-12 01:59:44.270,104.5,658.4,34.4,110.1
2020-05-12 03:00:00,2020,2021-05-12 02:59:44.265,54.7,590.8,16.2,199.2
2020-05-12 04:00:00,2020,2021-05-12 03:59:44.260,35.9,490.8,9.8,344.4
2020-05-12 05:00:00,2020,2021-05-12 04:59:44.255,42.7,362.1,1.9,447.0
2020-05-12 06:00:00,2020,2021-05-12 05:59:44.250,126.0,253.3,3.1,484.9
2020-05-12 07:00:00,2020,2021-05-12 06:59:44.245,101.9,94.7,2.4,371.6
2020-05-12 08:00:00,2020,2021-05-12 07:59:44.240,56.5,0.0,0.3,233.0
2020-05-12 09:00:00,2020,2021-05-12 08:59:44.235,38.5,0.0,0.1,114.5
2020-05-12 10:00:00,2020,2021-05-12 09:59:44.230,43.7,0.0,0.1,46.3
2020-05-12 11:00:00,2020,2021-05-12 10:59:44.225,37.2,1.7,0.9,49.0
2020-05-12 12:00:00,2020,2021-05-12 11:59:44.220,36.5,3.8,1.2,45.8
2020-05-12 13:00:00,2020,2021-05-12 12:59:44.215,43.5,4.4,0.0,5.6
2020-05-12 14:00:00,2020,2021-05-12 13:59:44.210,55.5,3.2,0.0,28.8
2020-05-12 15:00:00,2020,2021-05-12 14:59:44.205,56.9,4.5,0.0,44.0
2020-05-12 16:00:00,2020,2021-05-12 15:59:44.200,55.3,6.4,0.0,17.3
2020-05-12 17:00:00,2020,2021-05-12 16:59:44.195,1.8,6.5,0.0,1.6
2020-05-12 18:00:00,2020,2021-05-12 17:59:44.190,0.0,4.7,0.0,0.0
2020-05-12 19:00:00,2020,2021-05-12 18:59:44.185,0.0,7.3,0.0,0.0
2020-05-12 20:00:00,2020,2021-05-12 19:59:44.180,0.5,2.5,0.0,0.1
2020-05-12 21:00:00,2020,2021-05-12 20:59:44.175,0.0,1.9,0.0,0.9
2020-05-12 22:00:00,2020,2021-05-12 21:59:44.170,0.0,0.0,0.0,0.0
2020-05-12 23:00:00,2020,2021-05-12 22:59:44.165,0.0,0.0,0.0,0.0
2020-05-13 00:00:00,2020,2021-05-12 23:59:44.160,0.3,0.0,0.0,1.5
2020-05-13 01:00:00,2020,2021-05-13 00:59:44.155,14.4,0.0,1.9,13.2
2020-05-13 02:00:00,2020,2021-05-13 01:59:44.150,22.0,0.0,1.1,27.2
2020-05-13 03:00:00,2020,2021-05-13 02:59:44.145,28.7,0.0,0.7,18.8
2020-05-13 04:00:00,2020,2021-05-13 03:59:44.140,15.6,0.0,0.3,10.7
2020-05-13 05:00:00,2020,2021-05-13 04:59:44.135,5.4,2.2,0.0,56.8
2020-05-13 06:00:00,2020,2021-05-13 05:59:44.130,38.8,11.1,0.0,141.5
2020-05-13 07:00:00,2020,2021-05-13 06:59:44.125,93.6,23.4,0.0,83.4
2020-05-13 08:00:00,2020,2021-05-13 07:59:44.120,119.5,23.7,0.0,2.3
2020-05-13 09:00:00,2020,2021-05-13 08:59:44.115,133.1,33.9,1.3,22.6
2020-05-13 10:00:00,2020,2021-05-13 09:59:44.110,119.1,23.6,4.5,39.9
2020-05-13 11:00:00,2020,2021-05-13 10:59:44.105,68.7,17.6,6.2,2.2
2020-05-13 12:00:00,2020,2021-05-13 11:59:44.100,71.5,0.2,0.5,0.0
2020-05-13 13:00:00,2020,2021-05-13 12:59:44.095,62.9,0.0,0.0,0.0
2020-05-13 14:00:00,2020,2021-05-13 13:59:44.090,3.7,0.0,0.0,0.0
2020-05-13 15:00:00,2020,2021-05-13 14:59:44.085,0.0,0.0,0.0,0.1
2020-05-13 16:00:00,2020,2021-05-13 15:59:44.080,1.4,47.4,0.3,1.6
2020-05-13 17:00:00,2020,2021-05-13 16:59:44.075,75.6,4.2,0.1,19.5
2020-05-13 18:00:00,2020,2021-05-13 17:59:44.070,56.1,28.8,0.0,22.7
2020-05-13 19:00:00,2020,2021-05-13 18:59:44.065,133.5,5.9,0.4,100.0
2020-05-13 20:00:00,2020,2021-05-13 19:59:44.060,147.0,4.2,0.3,89.3
2020-05-13 21:00:00,2020,2021-05-13 20:59:44.055,103.2,14.7,1.3,126.4
2020-05-13 22:00:00,2020,2021-05-13 21:59:44.050,126.3,26.3,0.3,186.4
2020-05-13 23:00:00,2020,2021-05-13 22:59:44.045,183.0,54.7,14.0,264.1
2020-05-14 00:00:00,2020,2021-05-13 23:59:44.040,201.0,55.2,9.0,137.8
2020-05-14 01:00:00,2020,2021-05-14 00:59:44.035,142.7,35.2,17.4,90.6
2020-05-14 02:00:00,2020,2021-05-14 01:59:44.030,289.2,31.3,6.3,108.9
2020-05-14 03:00:00,2020,2021-05-14 02:59:44.025,395.4,23.5,5.8,255.8
2020-05-14 04:00:00,2020,2021-05-14 03:59:44.020,456.3,34.4,5.7,342.8
2020-05-14 05:00:00,2020,2021-05-14 04:59:44.015,392.6,26.0,3.8,335.8
2020-05-14 06:00:00,2020,2021-05-14 05:59:44.010,385.4,13.1,6.9,327.9
2020-05-14 07:00:00,2020,2021-05-14 06:59:44.005,395.1,9.9,13.6,453.7
2020-05-14 08:00:00,2020,2021-05-14 07:59:44.000,180.2,4.7,12.5,498.8
2020-05-14 09:00:00,2020,2021-05-14 08:59:43.995,56.5,1.3,15.7,334.5
2020-05-14 10:00:00,2020,2021-05-14 09:59:43.990,142.1,0.0,1.5,56.9
2020-05-14 11:00:00,2020,2021-05-14 10:59:43.985,84.8,0.0,1.3,23.1
2020-05-14 12:00:00,2020,2021-05-14 11:59:43.980,34.8,1.3,4.1,26.8
2020-05-14 13:00:00,2020,2021-05-14 12:59:43.975,67.0,20.9,2.9,39.2
2020-05-14 14:00:00,2020,2021-05-14 13:59:43.970,94.4,134.7,1.0,88.8
2020-05-14 15:00:00,2020,2021-05-14 14:59:43.965,103.9,253.0,0.0,51.2
2020-05-14 16:00:00,2020,2021-05-14 15:59:43.960,80.5,314.3,1.3,17.8
2020-05-14 17:00:00,2020,2021-05-14 16:59:43.955,380.5,341.9,41.1,216.7
2020-05-14 18:00:00,2020,2021-05-14 17:59:43.950,398.7,374.2,46.7,367.1
2020-05-14 19:00:00,2020,2021-05-14 18:59:43.945,285.8,380.6,42.0,257.4
2020-05-14 20:00:00,2020,2021-05-14 19:59:43.940,527.3,320.4,15.6,257.3
2020-05-14 21:00:00,2020,2021-05-14 20:59:43.935,344.4,406.3,58.7,242.9
2020-05-14 22:00:00,2020,2021-05-14 21:59:43.930,255.9,418.7,70.8,244.1
2020-05-14 23:00:00,2020,2021-05-14 22:59:43.925,305.1,426.2,27.0,239.5
2020-05-15 00:00:00,2020,2021-05-14 23:59:43.920,505.2,425.3,21.8,440.5
2020-05-15 01:00:00,2020,2021-05-15 00:59:43.915,456.9,533.6,21.0,525.9
2020-05-15 02:00:00,2020,2021-05-15 01:59:43.910,492.3,686.6,4.3,584.9
2020-05-15 03:00:00,2020,2021-05-15 02:59:43.905,535.8,539.5,2.5,535.5
2020-05-15 04:00:00,2020,2021-05-15 03:59:43.900,572.7,439.3,5.5,564.5
2020-05-15 05:00:00,2020,2021-05-15 04:59:43.895,571.5,355.1,12.0,630.2
2020-05-15 06:00:00,2020,2021-05-15 05:59:43.890,527.9,327.4,11.3,560.5
2020-05-15 07:00:00,2020,2021-05-15 06:59:43.885,368.0,195.1,11.7,333.3
2020-05-15 08:00:00,2020,2021-05-15 07:59:43.880,272.6,5.1,0.0,297.5
2020-05-15 09:00:00,2020,2021-05-15 08:59:43.875,182.5,9.7,1.1,302.9
2020-05-15 10:00:00,2020,2021-05-15 09:59:43.870,139.0,7.2,0.9,240.8
2020-05-15 11:00:00,2020,2021-05-15 10:59:43.865,182.1,10.2,0.0,219.2
2020-05-15 12:00:00,2020,2021-05-15 11:59:43.860,272.7,11.1,0.0,225.6
2020-05-15 13:00:00,2020,2021-05-15 12:59:43.855,333.9,35.9,11.3,248.8
2020-05-15 14:00:00,2020,2021-05-15 13:59:43.850,351.3,51.1,14.1,291.9
2020-05-15 15:00:00,2020,2021-05-15 14:59:43.845,366.6,59.0,6.0,264.8
2020-05-15 16:00:00,2020,2021-05-15 15:59:43.840,344.8,56.3,1.7,210.9
2020-05-15 17:00:00,2020,2021-05-15 16:59:43.835,323.7,84.4,7.4,156.6
2020-05-15 18:00:00,2020,2021-05-15 17:59:43.830,301.2,102.3,15.3,97.4
2020-05-15 19:00:00,2020,2021-05-15 18:59:43.825,257.6,94.4,22.5,76.6
2020-05-15 20:00:00,2020,2021-05-15 19:59:43.820,204.2,190.6,46.0,77.0
2020-05-15 21:00:00,2020,2021-05-15 20:59:43.815,118.1,562.5,71.8,51.7
2020-05-15 22:00:00,2020,2021-05-15 21:59:43.810,30.4,633.3,53.6,5.6
2020-05-15 23:00:00,2020,2021-05-15 22:59:43.805,14.4,619.9,56.1,1.9
2020-05-16 00:00:00,2020,2021-05-15 23:59:43.800,0.1,567.6,57.1,0.1
2020-05-16 01:00:00,2020,2021-05-16 00:59:43.795,0.0,366.5,51.7,3.0
2020-05-16 02:00:00,2020,2021-05-16 01:59:43.790,0.0,166.0,44.6,8.5
2020-05-16 03:00:00,2020,2021-05-16 02:59:43.785,17.8,46.6,33.9,25.4
2020-05-16 04:00:00,2020,2021-05-16 03:59:43.780,29.5,12.8,25.6,33.2
2020-05-16 05:00:00,2020,2021-05-16 04:59:43.775,32.7,25.8,31.6,12.8
2020-05-16 06:00:00,2020,2021-05-16 05:59:43.770,31.9,54.5,31.2,2.5
2020-05-16 07:00:00,2020,2021-05-16 06:59:43.765,14.3,33.1,20.5,0.2
2020-05-16 08:00:00,2020,2021-05-16 07:59:43.760,0.0,44.5,22.7,0.0
2020-05-16 09:00:00,2020,2021-05-16 08:59:43.755,2.1,24.7,20.3,0.0
2020-05-16 10:00:00,2020,2021-05-16 09:59:43.750,5.9,17.5,11.6,0.0
2020-05-16 11:00:00,2020,2021-05-16 10:59:43.745,19.2,0.0,8.5,0.0
2020-05-16 12:00:00,2020,2021-05-16 11:59:43.740,19.1,0.0,5.5,0.5
2020-05-16 13:00:00,2020,2021-05-16 12:59:43.735,2.6,0.0,2.3,3.3
2020-05-16 14:00:00,2020,2021-05-16 13:59:43.730,0.0,0.0,0.4,3.8
2020-05-16 15:00:00,2020,2021-05-16 14:59:43.725,0.2,0.0,0.0,0.3
2020-05-16 16:00:00,2020,2021-05-16 15:59:43.720,0.0,32.5,4.0,0.0
2020-05-16 17:00:00,2020,2021-05-16 16:59:43.715,2.4,0.0,7.6,22.8
2020-05-16 18:00:00,2020,2021-05-16 17:59:43.710,16.9,0.0,8.6,15.7
2020-05-16 19:00:00,2020,2021-05-16 18:59:43.705,23.2,0.0,10.2,5.3
2020-05-16 20:00:00,2020,2021-05-16 19:59:43.700,21.6,5.8,11.3,0.0
2020-05-16 21:00:00,2020,2021-05-16 20:59:43.695,12.0,3.5,16.0,0.0
2020-05-16 22:00:00,2020,2021-05-16 21:59:43.690,15.1,9.4,14.5,0.0
2020-05-16 23:00:00,2020,2021-05-16 22:59:43.685,13.7,27.5,4.2,62.2
2020-05-17 00:00:00,2020,2021-05-16 23:59:43.680,4.3,43.7,1.7,81.2
2020-05-17 01:00:00,2020,2021-05-17 00:59:43.675,0.0,35.3,1.8,78.6
2020-05-17 02:00:00,2020,2021-05-17 01:59:43.670,0.0,31.7,6.7,38.3
2020-05-17 03:00:00,2020,2021-05-17 02:59:43.665,19.2,37.9,10.4,9.1
2020-05-17 04:00:00,2020,2021-05-17 03:59:43.660,30.7,35.8,16.9,0.6
2020-05-17 05:00:00,2020,2021-05-17 04:59:43.655,17.5,19.0,13.9,15.6
2020-05-17 06:00:00,2020,2021-05-17 05:59:43.650,32.8,19.5,17.2,22.8
2020-05-17 07:00:00,2020,2021-05-17 06:59:43.645,26.2,42.4,21.2,20.4
2020-05-17 08:00:00,2020,2021-05-17 07:59:43.640,0.0,6.4,0.0,0.2
2020-05-17 09:00:00,2020,2021-05-17 08:59:43.635,14.2,2.6,0.0,0.0
2020-05-17 10:00:00,2020,2021-05-17 09:59:43.630,8.3,9.8,2.0,1.3
2020-05-17 11:00:00,2020,2021-05-17 10:59:43.625,10.6,19.8,6.9,4.6
2020-05-17 12:00:00,2020,2021-05-17 11:59:43.620,8.8,22.0,6.6,14.5
2020-05-17 13:00:00,2020,2021-05-17 12:59:43.615,6.1,26.6,5.1,20.0
2020-05-17 14:00:00,2020,2021-05-17 13:59:43.610,3.2,37.2,2.5,15.5
2020-05-17 15:00:00,2020,2021-05-17 14:59:43.605,5.7,42.0,1.1,9.5
2020-05-17 16:00:00,2020,2021-05-17 15:59:43.600,9.6,45.6,0.8,3.8
2020-05-17 17:00:00,2020,2021-05-17 16:59:43.595,12.2,35.2,2.5,23.9
2020-05-17 18:00:00,2020,2021-05-17 17:59:43.590,12.1,36.3,2.0,28.9
2020-05-17 19:00:00,2020,2021-05-17 18:59:43.585,16.0,32.6,6.7,30.0
2020-05-17 20:00:00,2020,2021-05-17 19:59:43.580,7.4,23.1,10.4,26.4
2020-05-17 21:00:00,2020,2021-05-17 20:59:43.575,0.2,9.5,7.0,21.1
2020-05-17 22:00:00,2020,2021-05-17 21:59:43.570,7.7,15.3,11.5,7.3
2020-05-17 23:00:00,2020,2021-05-17 22:59:43.565,13.6,45.6,12.6,40.2
2020-05-18 00:00:00,2020,2021-05-17 23:59:43.560,45.5,33.5,8.7,19.0
2020-05-18 01:00:00,2020,2021-05-18 00:59:43.555,68.8,42.2,13.1,49.5
2020-05-18 02:00:00,2020,2021-05-18 01:59:43.550,77.2,55.2,24.0,18.1
2020-05-18 03:00:00,2020,2021-05-18 02:59:43.545,81.7,126.7,44.4,24.5
2020-05-18 04:00:00,2020,2021-05-18 03:59:43.540,74.9,151.0,43.9,13.4
2020-05-18 05:00:00,2020,2021-05-18 04:59:43.535,84.6,161.2,44.6,12.8
2020-05-18 06:00:00,2020,2021-05-18 05:59:43.530,79.4,166.2,42.2,16.1
2020-05-18 07:00:00,2020,2021-05-18 06:59:43.525,70.4,170.9,32.8,24.9
2020-05-18 08:00:00,2020,2021-05-18 07:59:43.520,61.7,67.8,11.6,0.8
2020-05-18 09:00:00,2020,2021-05-18 08:59:43.515,59.5,66.9,8.8,0.1
2020-05-18 10:00:00,2020,2021-05-18 09:59:43.510,50.0,64.7,4.7,0.1
2020-05-18 11:00:00,2020,2021-05-18 10:59:43.505,52.4,110.6,6.1,0.3
2020-05-18 12:00:00,2020,2021-05-18 11:59:43.500,52.9,149.6,5.9,0.0
2020-05-18 13:00:00,2020,2021-05-18 12:59:43.495,40.5,167.0,3.1,31.5
2020-05-18 14:00:00,2020,2021-05-18 13:59:43.490,35.1,152.1,1.4,30.8
2020-05-18 15:00:00,2020,2021-05-18 14:59:43.485,36.3,149.6,1.9,18.6
2020-05-18 16:00:00,2020,2021-05-18 15:59:43.480,28.5,122.7,2.4,15.0
2020-05-18 17:00:00,2020,2021-05-18 16:59:43.475,8.1,129.8,3.1,11.7
2020-05-18 18:00:00,2020,2021-05-18 17:59:43.470,8.1,165.9,2.2,12.1
2020-05-18 19:00:00,2020,2021-05-18 18:59:43.465,11.6,183.4,1.9,17.6
2020-05-18 20:00:00,2020,2021-05-18 19:59:43.460,28.6,120.6,9.2,40.4
2020-05-18 21:00:00,2020,2021-05-18 20:59:43.455,53.8,22.5,17.6,90.9
2020-05-18 22:00:00,2020,2021-05-18 21:59:43.450,56.5,82.2,8.2,140.8
2020-05-18 23:00:00,2020,2021-05-18 22:59:43.445,58.2,91.3,2.2,206.7
2020-05-19 00:00:00,2020,2021-05-18 23:59:43.440,67.7,98.8,3.5,275.4
2020-05-19 01:00:00,2020,2021-05-19 00:59:43.435,113.7,291.3,30.1,263.9
2020-05-19 02:00:00,2020,2021-05-19 01:59:43.430,138.1,100.2,10.9,308.8
2020-05-19 03:00:00,2020,2021-05-19 02:59:43.425,226.3,5.3,17.5,322.5
2020-05-19 04:00:00,2020,2021-05-19 03:59:43.420,296.0,7.1,17.8,232.9
2020-05-19 05:00:00,2020,2021-05-19 04:59:43.415,200.8,2.8,4.1,249.7
2020-05-19 06:00:00,2020,2021-05-19 05:59:43.410,97.5,1.1,1.8,118.3
2020-05-19 07:00:00,2020,2021-05-19 06:59:43.405,110.1,3.2,4.7,253.3
2020-05-19 08:00:00,2020,2021-05-19 07:59:43.400,6.5,43.3,6.5,254.7
2020-05-19 09:00:00,2020,2021-05-19 08:59:43.395,13.4,20.0,5.3,287.1
2020-05-19 10:00:00,2020,2021-05-19 09:59:43.390,55.4,1.8,0.0,161.1
2020-05-19 11:00:00,2020,2021-05-19 10:59:43.385,34.3,0.0,0.0,49.1
2020-05-19 12:00:00,2020,2021-05-19 11:59:43.380,20.8,0.0,0.0,41.2
2020-05-19 13:00:00,2020,2021-05-19 12:59:43.375,17.8,0.4,0.0,15.2
2020-05-19 14:00:00,2020,2021-05-19 13:59:43.370,31.3,0.3,0.0,5.6
2020-05-19 15:00:00,2020,2021-05-19 14:59:43.365,30.9,3.8,0.0,1.3
2020-05-19 16:00:00,2020,2021-05-19 15:59:43.360,16.1,2.0,0.0,1.5
2020-05-19 17:00:00,2020,2021-05-19 16:59:43.355,0.4,0.1,0.0,31.5
2020-05-19 18:00:00,2020,2021-05-19 17:59:43.350,0.0,0.8,0.1,34.0
2020-05-19 19:00:00,2020,2021-05-19 18:59:43.345,0.0,6.7,0.0,22.6
2020-05-19 20:00:00,2020,2021-05-19 19:59:43.340,0.0,15.8,0.1,33.1
2020-05-19 21:00:00,2020,2021-05-19 20:59:43.335,0.0,17.1,0.1,107.1
2020-05-19 22:00:00,2020,2021-05-19 21:59:43.330,0.0,12.1,1.6,166.5
2020-05-19 23:00:00,2020,2021-05-19 22:59:43.325,0.1,294.5,47.8,211.0
2020-05-20 00:00:00,2020,2021-05-19 23:59:43.320,0.0,271.9,46.2,212.1
2020-05-20 01:00:00,2020,2021-05-20 00:59:43.315,3.5,263.7,49.1,95.8
2020-05-20 02:00:00,2020,2021-05-20 01:59:43.310,20.5,253.8,20.6,46.2
2020-05-20 03:00:00,2020,2021-05-20 02:59:43.305,25.4,224.3,19.5,8.3
2020-05-20 04:00:00,2020,2021-05-20 03:59:43.300,14.5,88.3,17.8,20.7
2020-05-20 05:00:00,2020,2021-05-20 04:59:43.295,0.0,144.5,9.7,33.3
2020-05-20 06:00:00,2020,2021-05-20 05:59:43.290,1.6,196.9,10.9,29.5
2020-05-20 07:00:00,2020,2021-05-20 06:59:43.285,0.0,92.9,13.2,35.8
2020-05-20 08:00:00,2020,2021-05-20 07:59:43.280,0.0,37.6,10.9,10.8
2020-05-20 09:00:00,2020,2021-05-20 08:59:43.275,0.0,22.5,0.4,2.4
2020-05-20 10:00:00,2020,2021-05-20 09:59:43.270,0.6,7.1,0.3,0.2
2020-05-20 11:00:00,2020,2021-05-20 10:59:43.265,20.2,9.5,0.1,9.1
2020-05-20 12:00:00,2020,2021-05-20 11:59:43.260,27.7,10.3,0.6,15.0
2020-05-20 13:00:00,2020,2021-05-20 12:59:43.255,35.1,10.1,0.0,31.8
2020-05-20 14:00:00,2020,2021-05-20 13:59:43.250,48.9,6.5,0.0,19.9
2020-05-20 15:00:00,2020,2021-05-20 14:59:43.245,47.8,10.3,0.0,27.2
2020-05-20 16:00:00,2020,2021-05-20 15:59:43.240,56.5,10.7,0.0,21.1
2020-05-20 17:00:00,2020,2021-05-20 16:59:43.235,7.7,38.1,0.0,25.5
2020-05-20 18:00:00,2020,2021-05-20 17:59:43.230,3.5,19.8,0.0,20.6
2020-05-20 19:00:00,2020,2021-05-20 18:59:43.225,10.0,24.6,0.0,30.2
2020-05-20 20:00:00,2020,2021-05-20 19:59:43.220,9.4,29.2,0.0,40.9
2020-05-20 21:00:00,2020,2021-05-20 20:59:43.215,18.0,0.0,0.0,67.6
2020-05-20 22:00:00,2020,2021-05-20 21:59:43.210,45.7,36.3,4.1,48.3
2020-05-20 23:00:00,2020,2021-05-20 22:59:43.205,67.6,0.0,0.0,99.6
2020-05-21 00:00:00,2020,2021-05-20 23:59:43.200,90.9,67.8,21.1,69.5
2020-05-21 01:00:00,2020,2021-05-21 00:59:43.195,97.2,144.8,69.6,696.3
2020-05-21 02:00:00,2020,2021-05-21 01:59:43.190,87.5,157.0,71.3,535.8
2020-05-21 03:00:00,2020,2021-05-21 02:59:43.185,167.2,66.2,53.0,324.4
2020-05-21 04:00:00,2020,2021-05-21 03:59:43.180,120.8,167.4,38.9,530.3
2020-05-21 05:00:00,2020,2021-05-21 04:59:43.175,99.9,93.5,32.0,472.4
2020-05-21 06:00:00,2020,2021-05-21 05:59:43.170,65.4,13.8,2.2,214.0
2020-05-21 07:00:00,2020,2021-05-21 06:59:43.165,15.2,22.2,4.8,242.5
2020-05-21 08:00:00,2020,2021-05-21 07:59:43.160,0.0,7.9,25.9,106.6
2020-05-21 09:00:00,2020,2021-05-21 08:59:43.155,0.0,4.5,46.7,106.0
2020-05-21 10:00:00,2020,2021-05-21 09:59:43.150,0.0,20.9,31.8,84.5
2020-05-21 11:00:00,2020,2021-05-21 10:59:43.145,25.4,40.9,37.8,156.5
2020-05-21 12:00:00,2020,2021-05-21 11:59:43.140,15.6,308.8,20.3,2.0
2020-05-21 13:00:00,2020,2021-05-21 12:59:43.135,6.5,326.8,32.8,1.8
2020-05-21 14:00:00,2020,2021-05-21 13:59:43.130,44.7,548.3,22.2,30.7
2020-05-21 15:00:00,2020,2021-05-21 14:59:43.125,2.0,374.3,17.3,0.2
2020-05-21 16:00:00,2020,2021-05-21 15:59:43.120,11.7,309.8,104.9,38.0
2020-05-21 17:00:00,2020,2021-05-21 16:59:43.115,118.8,708.6,11.4,253.9
2020-05-21 18:00:00,2020,2021-05-21 17:59:43.110,1.8,768.4,146.2,80.7
2020-05-21 19:00:00,2020,2021-05-21 18:59:43.105,354.3,129.1,144.4,421.7
2020-05-21 20:00:00,2020,2021-05-21 19:59:43.100,380.6,139.8,144.7,293.0
2020-05-21 21:00:00,2020,2021-05-21 20:59:43.095,558.8,4.8,64.6,537.6
2020-05-21 22:00:00,2020,2021-05-21 21:59:43.090,586.2,242.5,17.5,165.7
2020-05-21 23:00:00,2020,2021-05-21 22:59:43.085,495.2,127.0,4.9,198.4
2020-05-22 00:00:00,2020,2021-05-21 23:59:43.080,578.1,109.1,5.7,594.5
2020-05-22 01:00:00,2020,2021-05-22 00:59:43.075,509.2,412.1,5.1,388.4
2020-05-22 02:00:00,2020,2021-05-22 01:59:43.070,349.8,493.0,2.7,154.4
2020-05-22 03:00:00,2020,2021-05-22 02:59:43.065,378.3,402.2,10.9,195.9
2020-05-22 04:00:00,2020,2021-05-22 03:59:43.060,217.7,544.7,30.6,277.5
2020-05-22 05:00:00,2020,2021-05-22 04:59:43.055,453.5,492.4,80.3,480.2
2020-05-22 06:00:00,2020,2021-05-22 05:59:43.050,471.0,153.4,127.0,424.7
2020-05-22 07:00:00,2020,2021-05-22 06:59:43.045,216.2,31.6,135.1,248.6
2020-05-22 08:00:00,2020,2021-05-22 07:59:43.040,33.5,36.0,137.2,183.7
2020-05-22 09:00:00,2020,2021-05-22 08:59:43.035,40.0,114.3,119.5,354.5
2020-05-22 10:00:00,2020,2021-05-22 09:59:43.030,55.6,461.7,142.8,347.1
2020-05-22 11:00:00,2020,2021-05-22 10:59:43.025,101.3,368.6,106.9,465.8
2020-05-22 12:00:00,2020,2021-05-22 11:59:43.020,91.2,206.2,66.4,459.8
2020-05-22 13:00:00,2020,2021-05-22 12:59:43.015,132.4,442.3,45.6,314.5
2020-05-22 14:00:00,2020,2021-05-22 13:59:43.010,135.5,412.3,42.8,251.0
2020-05-22 15:00:00,2020,2021-05-22 14:59:43.005,193.8,444.1,32.1,242.0
2020-05-22 16:00:00,2020,2021-05-22 15:59:43.000,153.2,347.0,32.5,99.9
2020-05-22 17:00:00,2020,2021-05-22 16:59:42.995,239.6,71.5,0.1,243.4
2020-05-22 18:00:00,2020,2021-05-22 17:59:42.990,29.6,60.4,1.8,0.0
2020-05-22 19:00:00,2020,2021-05-22 18:59:42.985,1.7,5.0,0.4,35.2
2020-05-22 20:00:00,2020,2021-05-22 19:59:42.980,0.0,0.9,0.0,0.0
2020-05-22 21:00:00,2020,2021-05-22 20:59:42.975,0.0,0.0,0.0,0.0
2020-05-22 22:00:00,2020,2021-05-22 21:59:42.970,0.0,0.0,0.0,0.7
2020-05-22 23:00:00,2020,2021-05-22 22:59:42.965,0.1,256.8,105.7,18.7
2020-05-23 00:00:00,2020,2021-05-22 23:59:42.960,183.3,270.0,133.7,24.4
2020-05-23 01:00:00,2020,2021-05-23 00:59:42.955,395.9,430.9,104.0,252.0
2020-05-23 02:00:00,2020,2021-05-23 01:59:42.950,541.9,238.0,104.6,316.2
2020-05-23 03:00:00,2020,2021-05-23 02:59:42.945,500.2,372.9,57.7,237.8
2020-05-23 04:00:00,2020,2021-05-23 03:59:42.940,331.4,686.9,46.4,171.6
2020-05-23 05:00:00,2020,2021-05-23 04:59:42.935,427.5,657.5,74.9,152.5
2020-05-23 06:00:00,2020,2021-05-23 05:59:42.930,174.5,711.2,86.4,331.4
2020-05-23 07:00:00,2020,2021-05-23 06:59:42.925,218.0,697.4,102.2,33.8
2020-05-23 08:00:00,2020,2021-05-23 07:59:42.920,102.7,511.1,132.0,131.5
2020-05-23 09:00:00,2020,2021-05-23 08:59:42.915,200.0,314.5,124.9,281.3
2020-05-23 10:00:00,2020,2021-05-23 09:59:42.910,101.8,312.0,87.1,142.6
2020-05-23 11:00:00,2020,2021-05-23 10:59:42.905,87.3,292.2,38.6,292.9
2020-05-23 12:00:00,2020,2021-05-23 11:59:42.900,71.1,312.8,33.5,221.6
2020-05-23 13:00:00,2020,2021-05-23 12:59:42.895,49.1,276.6,33.0,156.2
2020-05-23 14:00:00,2020,2021-05-23 13:59:42.890,93.1,190.1,29.0,111.8
2020-05-23 15:00:00,2020,2021-05-23 14:59:42.885,121.8,121.4,14.2,110.4
2020-05-23 16:00:00,2020,2021-05-23 15:59:42.880,142.5,82.2,9.6,69.4
2020-05-23 17:00:00,2020,2021-05-23 16:59:42.875,193.2,114.7,14.4,78.1
2020-05-23 18:00:00,2020,2021-05-23 17:59:42.870,157.1,102.2,2.7,91.7
2020-05-23 19:00:00,2020,2021-05-23 18:59:42.865,106.0,49.1,4.6,59.1
2020-05-23 20:00:00,2020,2021-05-23 19:59:42.860,51.0,54.8,19.2,41.8
2020-05-23 21:00:00,2020,2021-05-23 20:59:42.855,13.0,78.0,16.1,21.0
2020-05-23 22:00:00,2020,2021-05-23 21:59:42.850,0.0,98.9,27.1,9.8
2020-05-23 23:00:00,2020,2021-05-23 22:59:42.845,5.5,77.6,36.6,20.8
2020-05-24 00:00:00,2020,2021-05-23 23:59:42.840,10.2,123.0,21.7,47.4
2020-05-24 01:00:00,2020,2021-05-24 00:59:42.835,2.1,39.0,5.6,35.4
2020-05-24 02:00:00,2020,2021-05-24 01:59:42.830,58.2,0.4,8.3,20.5
2020-05-24 03:00:00,2020,2021-05-24 02:59:42.825,95.7,0.0,9.8,24.8
2020-05-24 04:00:00,2020,2021-05-24 03:59:42.820,126.5,0.0,9.3,8.3
2020-05-24 05:00:00,2020,2021-05-24 04:59:42.815,120.4,0.0,7.6,25.4
2020-05-24 06:00:00,2020,2021-05-24 05:59:42.810,115.4,0.1,14.7,20.8
2020-05-24 07:00:00,2020,2021-05-24 06:59:42.805,74.3,1.3,13.5,33.5
2020-05-24 08:00:00,2020,2021-05-24 07:59:42.800,39.5,1.2,8.6,0.0
2020-05-24 09:00:00,2020,2021-05-24 08:59:42.795,13.4,0.4,7.7,0.0
2020-05-24 10:00:00,2020,2021-05-24 09:59:42.790,0.4,7.1,2.1,3.0
2020-05-24 11:00:00,2020,2021-05-24 10:59:42.785,4.3,2.0,11.5,0.0
2020-05-24 12:00:00,2020,2021-05-24 11:59:42.780,43.7,12.2,2.8,0.1
2020-05-24 13:00:00,2020,2021-05-24 12:59:42.775,20.2,10.1,0.9,0.0
2020-05-24 14:00:00,2020,2021-05-24 13:59:42.770,0.0,4.6,0.0,0.3
2020-05-24 15:00:00,2020,2021-05-24 14:59:42.765,11.1,72.3,0.0,0.0
2020-05-24 16:00:00,2020,2021-05-24 15:59:42.760,2.2,82.0,0.0,0.0
2020-05-24 17:00:00,2020,2021-05-24 16:59:42.755,60.6,131.7,0.0,242.6
2020-05-24 18:00:00,2020,2021-05-24 17:59:42.750,39.6,151.6,1.6,48.2
2020-05-24 19:00:00,2020,2021-05-24 18:59:42.745,236.8,159.0,35.1,0.0
2020-05-24 20:00:00,2020,2021-05-24 19:59:42.740,214.6,73.5,5.4,5.5
2020-05-24 21:00:00,2020,2021-05-24 20:59:42.735,28.1,179.8,9.7,34.3
2020-05-24 22:00:00,2020,2021-05-24 21:59:42.730,0.0,88.5,3.8,28.4
2020-05-24 23:00:00,2020,2021-05-24 22:59:42.725,0.0,117.5,6.1,76.0
2020-05-25 00:00:00,2020,2021-05-24 23:59:42.720,0.0,12.7,2.4,19.0
2020-05-25 01:00:00,2020,2021-05-25 00:59:42.715,9.6,4.8,0.2,0.0
2020-05-25 02:00:00,2020,2021-05-25 01:59:42.710,55.8,25.6,0.3,183.7
2020-05-25 03:00:00,2020,2021-05-25 02:59:42.705,115.5,77.7,0.1,180.1
2020-05-25 04:00:00,2020,2021-05-25 03:59:42.700,57.5,49.9,2.5,249.8
2020-05-25 05:00:00,2020,2021-05-25 04:59:42.695,161.5,39.4,8.4,209.9
2020-05-25 06:00:00,2020,2021-05-25 05:59:42.690,73.9,64.8,3.8,220.9
2020-05-25 07:00:00,2020,2021-05-25 06:59:42.685,6.0,8.4,9.1,142.4
2020-05-25 08:00:00,2020,2021-05-25 07:59:42.680,22.2,0.0,8.1,11.2
2020-05-25 09:00:00,2020,2021-05-25 08:59:42.675,249.4,0.4,3.5,40.1
2020-05-25 10:00:00,2020,2021-05-25 09:59:42.670,311.8,48.7,0.0,33.4
2020-05-25 11:00:00,2020,2021-05-25 10:59:42.665,92.2,52.8,0.0,34.4
2020-05-25 12:00:00,2020,2021-05-25 11:59:42.660,126.3,29.7,0.0,86.5
2020-05-25 13:00:00,2020,2021-05-25 12:59:42.655,0.0,28.2,0.0,30.9
2020-05-25 14:00:00,2020,2021-05-25 13:59:42.650,0.0,0.0,0.7,106.7
2020-05-25 15:00:00,2020,2021-05-25 14:59:42.645,104.3,113.8,33.3,40.0
2020-05-25 16:00:00,2020,2021-05-25 15:59:42.640,101.8,847.0,12.4,26.7
2020-05-25 17:00:00,2020,2021-05-25 16:59:42.635,241.8,133.5,10.0,114.2
2020-05-25 18:00:00,2020,2021-05-25 17:59:42.630,418.0,198.3,5.4,103.7
2020-05-25 19:00:00,2020,2021-05-25 18:59:42.625,425.9,272.1,32.7,246.1
2020-05-25 20:00:00,2020,2021-05-25 19:59:42.620,570.2,272.2,21.0,101.1
2020-05-25 21:00:00,2020,2021-05-25 20:59:42.615,402.0,324.2,39.7,225.9
2020-05-25 22:00:00,2020,2021-05-25 21:59:42.610,106.3,389.7,120.3,147.3
2020-05-25 23:00:00,2020,2021-05-25 22:59:42.605,206.0,595.9,126.0,264.6
2020-05-26 00:00:00,2020,2021-05-25 23:59:42.600,385.8,531.0,94.2,122.1
2020-05-26 01:00:00,2020,2021-05-26 00:59:42.595,463.7,397.2,68.4,504.7
2020-05-26 02:00:00,2020,2021-05-26 01:59:42.590,525.8,254.0,63.2,682.8
2020-05-26 03:00:00,2020,2021-05-26 02:59:42.585,534.2,168.4,62.6,639.3
2020-05-26 04:00:00,2020,2021-05-26 03:59:42.580,389.9,214.1,11.3,91.1
2020-05-26 05:00:00,2020,2021-05-26 04:59:42.575,58.2,139.9,43.4,13.3
2020-05-26 06:00:00,2020,2021-05-26 05:59:42.570,3.3,158.4,81.7,17.2
2020-05-26 07:00:00,2020,2021-05-26 06:59:42.565,4.2,43.7,38.0,1.8
2020-05-26 08:00:00,2020,2021-05-26 07:59:42.560,168.7,83.2,10.7,0.1
2020-05-26 09:00:00,2020,2021-05-26 08:59:42.555,357.4,107.2,9.8,49.6
2020-05-26 10:00:00,2020,2021-05-26 09:59:42.550,111.0,92.9,14.3,22.2
2020-05-26 11:00:00,2020,2021-05-26 10:59:42.545,1.6,73.4,16.7,0.0
2020-05-26 12:00:00,2020,2021-05-26 11:59:42.540,1.6,54.9,16.8,92.1
2020-05-26 13:00:00,2020,2021-05-26 12:59:42.535,0.1,36.7,11.0,97.7
2020-05-26 14:00:00,2020,2021-05-26 13:59:42.530,1.4,22.6,15.6,102.6
2020-05-26 15:00:00,2020,2021-05-26 14:59:42.525,85.3,193.7,11.0,77.1
2020-05-26 16:00:00,2020,2021-05-26 15:59:42.520,67.9,84.5,5.2,60.8
2020-05-26 17:00:00,2020,2021-05-26 16:59:42.515,49.2,207.9,9.0,55.0
2020-05-26 18:00:00,2020,2021-05-26 17:59:42.510,35.9,40.1,2.2,21.3
2020-05-26 19:00:00,2020,2021-05-26 18:59:42.505,64.8,10.7,1.9,43.7
2020-05-26 20:00:00,2020,2021-05-26 19:59:42.500,104.3,36.7,2.9,79.9
2020-05-26 21:00:00,2020,2021-05-26 20:59:42.495,131.9,35.2,12.3,62.6
2020-05-26 22:00:00,2020,2021-05-26 21:59:42.490,104.2,33.6,9.5,8.4
2020-05-26 23:00:00,2020,2021-05-26 22:59:42.485,17.4,69.0,0.9,27.9
2020-05-27 00:00:00,2020,2021-05-26 23:59:42.480,4.3,123.5,0.5,24.4
2020-05-27 01:00:00,2020,2021-05-27 00:59:42.475,78.3,77.8,3.2,43.3
2020-05-27 02:00:00,2020,2021-05-27 01:59:42.470,39.7,6.0,0.3,8.4
2020-05-27 03:00:00,2020,2021-05-27 02:59:42.465,9.5,1.9,9.1,4.4
2020-05-27 04:00:00,2020,2021-05-27 03:59:42.460,3.3,30.5,31.2,18.4
2020-05-27 05:00:00,2020,2021-05-27 04:59:42.455,6.1,19.7,9.0,44.0
2020-05-27 06:00:00,2020,2021-05-27 05:59:42.450,24.1,272.2,1.9,39.5
2020-05-27 07:00:00,2020,2021-05-27 06:59:42.445,9.1,415.0,18.7,14.7
2020-05-27 08:00:00,2020,2021-05-27 07:59:42.440,2.2,409.6,17.3,0.1
2020-05-27 09:00:00,2020,2021-05-27 08:59:42.435,6.1,210.2,15.4,0.2
2020-05-27 10:00:00,2020,2021-05-27 09:59:42.430,30.0,94.9,1.3,130.1
2020-05-27 11:00:00,2020,2021-05-27 10:59:42.425,77.2,105.8,0.0,378.4
2020-05-27 12:00:00,2020,2021-05-27 11:59:42.420,211.1,163.7,0.0,370.2
2020-05-27 13:00:00,2020,2021-05-27 12:59:42.415,260.4,215.1,0.0,204.6
2020-05-27 14:00:00,2020,2021-05-27 13:59:42.410,245.9,215.9,1.7,93.8
2020-05-27 15:00:00,2020,2021-05-27 14:59:42.405,290.8,256.5,11.7,40.0
2020-05-27 16:00:00,2020,2021-05-27 15:59:42.400,238.7,226.2,21.0,26.9
2020-05-27 17:00:00,2020,2021-05-27 16:59:42.395,329.1,428.0,40.2,64.5
2020-05-27 18:00:00,2020,2021-05-27 17:59:42.390,267.8,481.4,54.0,141.9
2020-05-27 19:00:00,2020,2021-05-27 18:59:42.385,213.8,543.5,65.9,307.6
2020-05-27 20:00:00,2020,2021-05-27 19:59:42.380,335.7,299.9,56.1,297.0
2020-05-27 21:00:00,2020,2021-05-27 20:59:42.375,385.6,383.5,74.7,175.7
2020-05-27 22:00:00,2020,2021-05-27 21:59:42.370,383.0,295.7,54.9,371.0
2020-05-27 23:00:00,2020,2021-05-27 22:59:42.365,477.5,374.8,18.6,441.9
2020-05-28 00:00:00,2020,2021-05-27 23:59:42.360,352.5,431.0,58.8,397.4
2020-05-28 01:00:00,2020,2021-05-28 00:59:42.355,315.1,351.8,64.9,396.3
2020-05-28 02:00:00,2020,2021-05-28 01:59:42.350,561.5,302.5,86.8,502.6
2020-05-28 03:00:00,2020,2021-05-28 02:59:42.345,447.9,208.4,85.5,419.5
2020-05-28 04:00:00,2020,2021-05-28 03:59:42.340,358.1,160.7,80.9,390.1
2020-05-28 05:00:00,2020,2021-05-28 04:59:42.335,243.2,78.2,61.1,398.1
2020-05-28 06:00:00,2020,2021-05-28 05:59:42.330,11.9,66.1,45.6,364.0
2020-05-28 07:00:00,2020,2021-05-28 06:59:42.325,0.0,60.0,31.7,52.2
2020-05-28 08:00:00,2020,2021-05-28 07:59:42.320,0.0,69.1,27.7,0.0
2020-05-28 09:00:00,2020,2021-05-28 08:59:42.315,0.0,105.2,36.6,0.0
2020-05-28 10:00:00,2020,2021-05-28 09:59:42.310,0.0,132.8,33.4,0.0
2020-05-28 11:00:00,2020,2021-05-28 10:59:42.305,0.0,176.6,37.3,0.0
2020-05-28 12:00:00,2020,2021-05-28 11:59:42.300,0.2,207.8,43.9,0.0
2020-05-28 13:00:00,2020,2021-05-28 12:59:42.295,0.0,235.1,35.1,47.9
2020-05-28 14:00:00,2020,2021-05-28 13:59:42.290,0.3,224.6,26.7,89.0
2020-05-28 15:00:00,2020,2021-05-28 14:59:42.285,0.4,240.0,22.7,115.5
2020-05-28 16:00:00,2020,2021-05-28 15:59:42.280,0.0,219.1,12.7,292.6
2020-05-28 17:00:00,2020,2021-05-28 16:59:42.275,0.0,226.2,11.1,178.0
2020-05-28 18:00:00,2020,2021-05-28 17:59:42.270,0.0,180.1,13.9,100.0
2020-05-28 19:00:00,2020,2021-05-28 18:59:42.265,2.0,288.4,63.5,280.2
2020-05-28 20:00:00,2020,2021-05-28 19:59:42.260,228.3,275.8,83.9,224.8
2020-05-28 21:00:00,2020,2021-05-28 20:59:42.255,262.4,262.8,51.8,168.6
2020-05-28 22:00:00,2020,2021-05-28 21:59:42.250,243.3,294.3,51.7,143.1
2020-05-28 23:00:00,2020,2021-05-28 22:59:42.245,265.4,403.5,87.4,117.8
2020-05-29 00:00:00,2020,2021-05-28 23:59:42.240,332.0,442.5,101.3,244.0
2020-05-29 01:00:00,2020,2021-05-29 00:59:42.235,331.5,431.8,80.3,381.4
2020-05-29 02:00:00,2020,2021-05-29 01:59:42.230,272.1,485.4,87.5,531.6
2020-05-29 03:00:00,2020,2021-05-29 02:59:42.225,459.1,618.3,96.7,578.1
2020-05-29 04:00:00,2020,2021-05-29 03:59:42.220,549.0,747.2,109.1,593.4
2020-05-29 05:00:00,2020,2021-05-29 04:59:42.215,599.1,634.2,113.3,644.8
2020-05-29 06:00:00,2020,2021-05-29 05:59:42.210,605.2,569.9,98.0,614.4
2020-05-29 07:00:00,2020,2021-05-29 06:59:42.205,520.4,418.7,72.5,515.0
2020-05-29 08:00:00,2020,2021-05-29 07:59:42.200,462.2,412.4,76.9,491.7
2020-05-29 09:00:00,2020,2021-05-29 08:59:42.195,378.8,271.5,50.5,455.5
2020-05-29 10:00:00,2020,2021-05-29 09:59:42.190,238.8,266.8,75.7,280.0
2020-05-29 11:00:00,2020,2021-05-29 10:59:42.185,229.1,368.0,71.9,208.3
2020-05-29 12:00:00,2020,2021-05-29 11:59:42.180,151.1,243.7,35.9,159.4
2020-05-29 13:00:00,2020,2021-05-29 12:59:42.175,124.9,121.5,11.8,110.2
2020-05-29 14:00:00,2020,2021-05-29 13:59:42.170,114.6,238.8,21.3,112.7
2020-05-29 15:00:00,2020,2021-05-29 14:59:42.165,119.1,253.5,19.5,132.0
2020-05-29 16:00:00,2020,2021-05-29 15:59:42.160,128.9,329.3,10.3,110.9
2020-05-29 17:00:00,2020,2021-05-29 16:59:42.155,43.7,104.3,23.7,22.4
2020-05-29 18:00:00,2020,2021-05-29 17:59:42.150,23.0,261.0,34.0,47.5
2020-05-29 19:00:00,2020,2021-05-29 18:59:42.145,49.0,259.3,52.5,45.6
2020-05-29 20:00:00,2020,2021-05-29 19:59:42.140,48.8,219.4,49.9,48.5
2020-05-29 21:00:00,2020,2021-05-29 20:59:42.135,89.9,167.0,92.5,149.9
2020-05-29 22:00:00,2020,2021-05-29 21:59:42.130,193.5,130.2,70.5,339.7
2020-05-29 23:00:00,2020,2021-05-29 22:59:42.125,311.5,228.5,34.3,367.3
2020-05-30 00:00:00,2020,2021-05-29 23:59:42.120,429.0,176.9,16.3,417.7
2020-05-30 01:00:00,2020,2021-05-30 00:59:42.115,400.9,122.4,42.2,516.4
2020-05-30 02:00:00,2020,2021-05-30 01:59:42.110,247.7,120.0,45.8,562.4
2020-05-30 03:00:00,2020,2021-05-30 02:59:42.105,217.7,95.0,44.1,443.7
2020-05-30 04:00:00,2020,2021-05-30 03:59:42.100,183.0,71.3,78.3,425.4
2020-05-30 05:00:00,2020,2021-05-30 04:59:42.095,156.8,138.1,94.4,478.5
2020-05-30 06:00:00,2020,2021-05-30 05:59:42.090,159.2,120.7,89.9,425.1
2020-05-30 07:00:00,2020,2021-05-30 06:59:42.085,111.7,37.3,71.3,355.7
2020-05-30 08:00:00,2020,2021-05-30 07:59:42.080,191.0,37.1,56.7,360.6
2020-05-30 09:00:00,2020,2021-05-30 08:59:42.075,297.8,11.3,24.2,363.5
2020-05-30 10:00:00,2020,2021-05-30 09:59:42.070,290.7,32.4,18.7,278.1
2020-05-30 11:00:00,2020,2021-05-30 10:59:42.065,311.4,84.0,13.1,283.6
2020-05-30 12:00:00,2020,2021-05-30 11:59:42.060,274.3,242.0,6.0,158.2
2020-05-30 13:00:00,2020,2021-05-30 12:59:42.055,266.2,220.6,3.6,179.1
2020-05-30 14:00:00,2020,2021-05-30 13:59:42.050,204.4,268.3,20.9,157.2
2020-05-30 15:00:00,2020,2021-05-30 14:59:42.045,144.2,155.3,28.0,125.4
2020-05-30 16:00:00,2020,2021-05-30 15:59:42.040,190.2,271.0,50.0,83.9
2020-05-30 17:00:00,2020,2021-05-30 16:59:42.035,292.0,413.5,82.1,142.8
2020-05-30 18:00:00,2020,2021-05-30 17:59:42.030,326.6,281.4,76.1,279.8
2020-05-30 19:00:00,2020,2021-05-30 18:59:42.025,425.0,372.7,91.5,241.2
2020-05-30 20:00:00,2020,2021-05-30 19:59:42.020,441.2,414.2,75.4,326.7
2020-05-30 21:00:00,2020,2021-05-30 20:59:42.015,628.9,520.5,96.3,630.9
2020-05-30 22:00:00,2020,2021-05-30 21:59:42.010,660.9,521.7,137.9,694.1
2020-05-30 23:00:00,2020,2021-05-30 22:59:42.005,681.8,568.3,133.1,708.1
2020-05-31 00:00:00,2020,2021-05-30 23:59:42.000,686.3,667.3,129.1,757.6
2020-05-31 01:00:00,2020,2021-05-31 00:59:41.995,693.3,721.1,135.8,782.6
2020-05-31 02:00:00,2020,2021-05-31 01:59:41.990,685.8,721.8,136.8,766.0
2020-05-31 03:00:00,2020,2021-05-31 02:59:41.985,697.2,697.9,137.9,776.8
2020-05-31 04:00:00,2020,2021-05-31 03:59:41.980,698.1,677.7,137.5,768.6
2020-05-31 05:00:00,2020,2021-05-31 04:59:41.975,677.1,677.7,80.7,750.4
2020-05-31 06:00:00,2020,2021-05-31 05:59:41.970,631.7,615.9,11.1,754.9
2020-05-31 07:00:00,2020,2021-05-31 06:59:41.965,591.5,450.0,34.2,699.8
2020-05-31 08:00:00,2020,2021-05-31 07:59:41.960,498.5,333.3,64.3,707.1
2020-05-31 09:00:00,2020,2021-05-31 08:59:41.955,425.6,324.6,76.2,686.3
2020-05-31 10:00:00,2020,2021-05-31 09:59:41.950,360.5,235.3,90.5,630.3
2020-05-31 11:00:00,2020,2021-05-31 10:59:41.945,326.0,207.9,109.9,540.2
2020-05-31 12:00:00,2020,2021-05-31 11:59:41.940,336.4,183.9,95.1,509.6
2020-05-31 13:00:00,2020,2021-05-31 12:59:41.935,407.7,254.2,74.2,533.2
2020-05-31 14:00:00,2020,2021-05-31 13:59:41.930,449.9,250.7,91.1,645.2
2020-05-31 15:00:00,2020,2021-05-31 14:59:41.925,413.0,228.5,62.7,514.1
2020-05-31 16:00:00,2020,2021-05-31 15:59:41.920,458.5,343.4,66.4,442.9
2020-05-31 17:00:00,2020,2021-05-31 16:59:41.915,440.5,416.4,61.6,346.7
2020-05-31 18:00:00,2020,2021-05-31 17:59:41.910,481.4,396.1,65.4,336.2
2020-05-31 19:00:00,2020,2021-05-31 18:59:41.905,521.0,432.7,87.2,472.2
2020-05-31 20:00:00,2020,2021-05-31 19:59:41.900,451.7,435.3,120.2,308.9
2020-05-31 21:00:00,2020,2021-05-31 20:59:41.895,598.7,481.6,134.1,489.4
2020-05-31 22:00:00,2020,2021-05-31 21:59:41.890,546.7,492.1,132.5,530.0
2020-05-31 23:00:00,2020,2021-05-31 22:59:41.885,630.1,407.5,126.9,558.4
2020-06-01 00:00:00,2020,2021-05-31 23:59:41.880,680.2,356.8,65.7,745.0
2020-06-01 01:00:00,2020,2021-06-01 00:59:41.875,667.0,381.4,85.0,763.8
2020-06-01 02:00:00,2020,2021-06-01 01:59:41.870,661.8,421.3,60.2,775.6
2020-06-01 03:00:00,2020,2021-06-01 02:59:41.865,662.8,442.8,39.0,758.7
2020-06-01 04:00:00,2020,2021-06-01 03:59:41.860,641.6,331.9,71.5,753.3
2020-06-01 05:00:00,2020,2021-06-01 04:59:41.855,672.6,127.2,132.0,762.8
2020-06-01 06:00:00,2020,2021-06-01 05:59:41.850,686.9,50.1,135.8,738.4
2020-06-01 07:00:00,2020,2021-06-01 06:59:41.845,554.0,4.7,109.9,668.6
2020-06-01 08:00:00,2020,2021-06-01 07:59:41.840,210.8,24.8,93.6,654.1
2020-06-01 09:00:00,2020,2021-06-01 08:59:41.835,4.5,129.8,83.6,516.8
2020-06-01 10:00:00,2020,2021-06-01 09:59:41.830,3.6,226.0,83.7,255.4
2020-06-01 11:00:00,2020,2021-06-01 10:59:41.825,10.5,217.9,63.4,125.2
2020-06-01 12:00:00,2020,2021-06-01 11:59:41.820,14.0,202.7,30.4,131.3
2020-06-01 13:00:00,2020,2021-06-01 12:59:41.815,6.5,178.1,24.7,175.4
2020-06-01 14:00:00,2020,2021-06-01 13:59:41.810,4.5,147.9,20.0,189.4
2020-06-01 15:00:00,2020,2021-06-01 14:59:41.805,6.8,133.8,14.9,165.5
2020-06-01 16:00:00,2020,2021-06-01 15:59:41.800,52.9,109.6,13.9,136.9
2020-06-01 17:00:00,2020,2021-06-01 16:59:41.795,15.1,19.1,4.8,10.4
2020-06-01 18:00:00,2020,2021-06-01 17:59:41.790,6.8,2.6,5.2,1.1
2020-06-01 19:00:00,2020,2021-06-01 18:59:41.785,2.4,5.8,0.0,3.6
2020-06-01 20:00:00,2020,2021-06-01 19:59:41.780,0.0,94.7,0.0,0.0
2020-06-01 21:00:00,2020,2021-06-01 20:59:41.775,0.0,181.3,41.0,0.0
2020-06-01 22:00:00,2020,2021-06-01 21:59:41.770,0.0,128.5,37.9,0.0
2020-06-01 23:00:00,2020,2021-06-01 22:59:41.765,19.2,59.3,1.0,4.2
2020-06-02 00:00:00,2020,2021-06-01 23:59:41.760,56.5,56.1,11.8,30.6
2020-06-02 01:00:00,2020,2021-06-02 00:59:41.755,59.8,114.3,30.7,57.5
2020-06-02 02:00:00,2020,2021-06-02 01:59:41.750,26.4,60.3,30.0,70.5
2020-06-02 03:00:00,2020,2021-06-02 02:59:41.745,17.5,1.4,5.5,64.5
2020-06-02 04:00:00,2020,2021-06-02 03:59:41.740,5.2,0.0,0.0,47.8
2020-06-02 05:00:00,2020,2021-06-02 04:59:41.735,16.6,0.0,0.0,15.6
2020-06-02 06:00:00,2020,2021-06-02 05:59:41.730,8.2,0.0,0.0,1.7
2020-06-02 07:00:00,2020,2021-06-02 06:59:41.725,0.0,0.0,0.0,0.1
2020-06-02 08:00:00,2020,2021-06-02 07:59:41.720,0.0,0.0,0.0,0.0
2020-06-02 09:00:00,2020,2021-06-02 08:59:41.715,0.0,1.2,0.0,0.0
2020-06-02 10:00:00,2020,2021-06-02 09:59:41.710,0.0,12.3,0.0,0.0
2020-06-02 11:00:00,2020,2021-06-02 10:59:41.705,8.0,19.0,0.0,0.0
2020-06-02 12:00:00,2020,2021-06-02 11:59:41.700,16.3,26.0,0.0,0.0
2020-06-02 13:00:00,2020,2021-06-02 12:59:41.695,23.7,24.3,0.0,0.0
2020-06-02 14:00:00,2020,2021-06-02 13:59:41.690,26.7,26.2,0.1,0.4
2020-06-02 15:00:00,2020,2021-06-02 14:59:41.685,13.8,21.5,0.2,0.1
2020-06-02 16:00:00,2020,2021-06-02 15:59:41.680,18.2,17.9,0.4,0.0
2020-06-02 17:00:00,2020,2021-06-02 16:59:41.675,12.3,4.9,1.3,0.0
2020-06-02 18:00:00,2020,2021-06-02 17:59:41.670,20.9,4.2,1.9,0.2
2020-06-02 19:00:00,2020,2021-06-02 18:59:41.665,25.2,2.5,3.4,17.5
2020-06-02 20:00:00,2020,2021-06-02 19:59:41.660,28.5,2.8,3.5,89.6
2020-06-02 21:00:00,2020,2021-06-02 20:59:41.655,119.6,56.2,7.9,303.6
2020-06-02 22:00:00,2020,2021-06-02 21:59:41.650,183.3,133.7,18.1,476.8
2020-06-02 23:00:00,2020,2021-06-02 22:59:41.645,176.7,221.1,5.7,577.8
2020-06-03 00:00:00,2020,2021-06-02 23:59:41.640,320.7,481.0,11.5,549.3
2020-06-03 01:00:00,2020,2021-06-03 00:59:41.635,276.4,483.2,6.8,469.3
2020-06-03 02:00:00,2020,2021-06-03 01:59:41.630,415.5,334.4,3.0,518.2
2020-06-03 03:00:00,2020,2021-06-03 02:59:41.625,452.6,162.3,14.2,573.5
2020-06-03 04:00:00,2020,2021-06-03 03:59:41.620,472.9,37.2,17.5,614.0
2020-06-03 05:00:00,2020,2021-06-03 04:59:41.615,472.7,8.4,9.9,623.2
2020-06-03 06:00:00,2020,2021-06-03 05:59:41.610,466.1,10.4,10.5,661.0
2020-06-03 07:00:00,2020,2021-06-03 06:59:41.605,455.8,9.8,12.0,661.8
2020-06-03 08:00:00,2020,2021-06-03 07:59:41.600,232.4,8.8,4.0,575.1
2020-06-03 09:00:00,2020,2021-06-03 08:59:41.595,261.8,3.8,0.6,462.3
2020-06-03 10:00:00,2020,2021-06-03 09:59:41.590,200.1,3.2,0.5,394.8
2020-06-03 11:00:00,2020,2021-06-03 10:59:41.585,133.6,8.2,0.9,123.8
2020-06-03 12:00:00,2020,2021-06-03 11:59:41.580,81.5,14.4,0.8,91.3
2020-06-03 13:00:00,2020,2021-06-03 12:59:41.575,81.4,23.8,0.1,95.1
2020-06-03 14:00:00,2020,2021-06-03 13:59:41.570,55.7,59.0,2.7,74.7
2020-06-03 15:00:00,2020,2021-06-03 14:59:41.565,52.4,301.2,25.0,80.6
2020-06-03 16:00:00,2020,2021-06-03 15:59:41.560,44.8,49.5,14.4,172.6
2020-06-03 17:00:00,2020,2021-06-03 16:59:41.555,83.9,111.2,5.9,1.4
2020-06-03 18:00:00,2020,2021-06-03 17:59:41.550,59.4,109.2,2.0,11.8
2020-06-03 19:00:00,2020,2021-06-03 18:59:41.545,58.6,44.6,45.0,24.1
2020-06-03 20:00:00,2020,2021-06-03 19:59:41.540,194.9,19.0,100.5,110.1
2020-06-03 21:00:00,2020,2021-06-03 20:59:41.535,141.1,243.8,120.2,242.0
2020-06-03 22:00:00,2020,2021-06-03 21:59:41.530,258.1,317.4,105.3,370.6
2020-06-03 23:00:00,2020,2021-06-03 22:59:41.525,401.8,286.4,76.8,528.5
2020-06-04 00:00:00,2020,2021-06-03 23:59:41.520,482.1,280.1,100.2,544.3
2020-06-04 01:00:00,2020,2021-06-04 00:59:41.515,506.2,105.2,113.7,610.7
2020-06-04 02:00:00,2020,2021-06-04 01:59:41.510,431.9,61.7,104.1,527.5
2020-06-04 03:00:00,2020,2021-06-04 02:59:41.505,380.9,73.7,50.0,392.5
2020-06-04 04:00:00,2020,2021-06-04 03:59:41.500,465.0,49.1,32.6,426.6
2020-06-04 05:00:00,2020,2021-06-04 04:59:41.495,164.5,29.9,40.5,429.9
2020-06-04 06:00:00,2020,2021-06-04 05:59:41.490,19.3,1.5,30.3,232.3
2020-06-04 07:00:00,2020,2021-06-04 06:59:41.485,1.7,4.0,14.4,55.6
2020-06-04 08:00:00,2020,2021-06-04 07:59:41.480,0.0,0.6,9.6,1.8
2020-06-04 09:00:00,2020,2021-06-04 08:59:41.475,0.8,0.9,6.5,0.0
2020-06-04 10:00:00,2020,2021-06-04 09:59:41.470,1.8,2.4,3.4,2.9
2020-06-04 11:00:00,2020,2021-06-04 10:59:41.465,2.7,1.6,0.7,21.5
2020-06-04 12:00:00,2020,2021-06-04 11:59:41.460,5.9,16.3,0.5,12.5
2020-06-04 13:00:00,2020,2021-06-04 12:59:41.455,78.7,14.6,0.6,6.0
2020-06-04 14:00:00,2020,2021-06-04 13:59:41.450,95.0,8.8,1.0,5.8
2020-06-04 15:00:00,2020,2021-06-04 14:59:41.445,64.3,23.8,2.1,48.0
2020-06-04 16:00:00,2020,2021-06-04 15:59:41.440,160.4,71.1,0.9,103.5
2020-06-04 17:00:00,2020,2021-06-04 16:59:41.435,124.2,244.2,20.5,60.6
2020-06-04 18:00:00,2020,2021-06-04 17:59:41.430,145.6,151.0,36.9,130.8
2020-06-04 19:00:00,2020,2021-06-04 18:59:41.425,496.4,216.6,48.7,437.3
2020-06-04 20:00:00,2020,2021-06-04 19:59:41.420,545.6,553.2,92.9,600.0
2020-06-04 21:00:00,2020,2021-06-04 20:59:41.415,655.5,778.0,49.6,425.0
2020-06-04 22:00:00,2020,2021-06-04 21:59:41.410,590.0,674.8,52.6,349.1
2020-06-04 23:00:00,2020,2021-06-04 22:59:41.405,524.2,496.9,57.2,374.5
2020-06-05 00:00:00,2020,2021-06-04 23:59:41.400,412.7,516.0,31.7,415.8
2020-06-05 01:00:00,2020,2021-06-05 00:59:41.395,219.3,500.5,43.4,357.8
2020-06-05 02:00:00,2020,2021-06-05 01:59:41.390,146.5,397.9,48.6,261.3
2020-06-05 03:00:00,2020,2021-06-05 02:59:41.385,89.8,224.3,43.5,187.7
2020-06-05 04:00:00,2020,2021-06-05 03:59:41.380,15.7,40.3,17.0,113.1
2020-06-05 05:00:00,2020,2021-06-05 04:59:41.375,0.8,0.0,2.6,35.4
2020-06-05 06:00:00,2020,2021-06-05 05:59:41.370,13.9,0.3,0.0,48.7
2020-06-05 07:00:00,2020,2021-06-05 06:59:41.365,14.7,0.0,0.0,0.0
2020-06-05 08:00:00,2020,2021-06-05 07:59:41.360,73.0,0.0,0.0,0.0
2020-06-05 09:00:00,2020,2021-06-05 08:59:41.355,79.1,0.0,0.0,0.0
2020-06-05 10:00:00,2020,2021-06-05 09:59:41.350,41.3,31.5,0.3,20.7
2020-06-05 11:00:00,2020,2021-06-05 10:59:41.345,325.0,50.2,0.2,9.2
2020-06-05 12:00:00,2020,2021-06-05 11:59:41.340,317.5,51.0,0.2,35.4
2020-06-05 13:00:00,2020,2021-06-05 12:59:41.335,46.7,74.5,3.8,163.1
2020-06-05 14:00:00,2020,2021-06-05 13:59:41.330,78.2,210.7,7.2,318.6
2020-06-05 15:00:00,2020,2021-06-05 14:59:41.325,30.6,265.8,0.8,35.7
2020-06-05 16:00:00,2020,2021-06-05 15:59:41.320,69.8,207.3,0.6,38.8
2020-06-05 17:00:00,2020,2021-06-05 16:59:41.315,82.3,438.3,25.9,54.5
2020-06-05 18:00:00,2020,2021-06-05 17:59:41.310,99.4,530.9,36.9,19.5
2020-06-05 19:00:00,2020,2021-06-05 18:59:41.305,0.4,562.6,57.0,183.4
2020-06-05 20:00:00,2020,2021-06-05 19:59:41.300,0.0,484.3,89.9,141.6
2020-06-05 21:00:00,2020,2021-06-05 20:59:41.295,199.9,493.1,109.2,569.1
2020-06-05 22:00:00,2020,2021-06-05 21:59:41.290,123.0,588.2,123.6,517.8
2020-06-05 23:00:00,2020,2021-06-05 22:59:41.285,550.1,596.6,102.1,539.7
2020-06-06 00:00:00,2020,2021-06-05 23:59:41.280,564.8,667.0,83.5,536.5
2020-06-06 01:00:00,2020,2021-06-06 00:59:41.275,577.9,656.9,57.0,577.3
2020-06-06 02:00:00,2020,2021-06-06 01:59:41.270,608.1,479.2,31.3,715.3
2020-06-06 03:00:00,2020,2021-06-06 02:59:41.265,619.0,296.5,11.0,650.0
2020-06-06 04:00:00,2020,2021-06-06 03:59:41.260,453.8,101.0,11.1,493.2
2020-06-06 05:00:00,2020,2021-06-06 04:59:41.255,348.8,28.9,0.2,446.3
2020-06-06 06:00:00,2020,2021-06-06 05:59:41.250,98.5,172.7,49.1,362.8
2020-06-06 07:00:00,2020,2021-06-06 06:59:41.245,0.0,70.3,20.3,135.2
2020-06-06 08:00:00,2020,2021-06-06 07:59:41.240,0.0,57.0,14.6,9.7
2020-06-06 09:00:00,2020,2021-06-06 08:59:41.235,0.0,54.5,6.6,0.1
2020-06-06 10:00:00,2020,2021-06-06 09:59:41.230,0.4,50.9,4.0,0.0
2020-06-06 11:00:00,2020,2021-06-06 10:59:41.225,5.3,69.4,2.1,0.0
2020-06-06 12:00:00,2020,2021-06-06 11:59:41.220,0.9,62.9,1.5,0.0
2020-06-06 13:00:00,2020,2021-06-06 12:59:41.215,0.3,49.6,1.3,25.5
2020-06-06 14:00:00,2020,2021-06-06 13:59:41.210,0.0,42.7,1.0,30.6
2020-06-06 15:00:00,2020,2021-06-06 14:59:41.205,0.0,71.2,2.4,28.9
2020-06-06 16:00:00,2020,2021-06-06 15:59:41.200,0.0,210.8,41.8,0.0
2020-06-06 17:00:00,2020,2021-06-06 16:59:41.195,0.0,17.1,0.0,0.0
2020-06-06 18:00:00,2020,2021-06-06 17:59:41.190,0.0,32.5,1.7,0.0
2020-06-06 19:00:00,2020,2021-06-06 18:59:41.185,0.0,29.6,6.7,0.0
2020-06-06 20:00:00,2020,2021-06-06 19:59:41.180,68.1,6.3,3.7,2.8
2020-06-06 21:00:00,2020,2021-06-06 20:59:41.175,131.2,44.1,25.9,53.2
2020-06-06 22:00:00,2020,2021-06-06 21:59:41.170,88.9,35.6,25.1,53.4
2020-06-06 23:00:00,2020,2021-06-06 22:59:41.165,95.7,25.1,9.4,65.5
2020-06-07 00:00:00,2020,2021-06-06 23:59:41.160,158.6,7.5,5.6,110.0
2020-06-07 01:00:00,2020,2021-06-07 00:59:41.155,200.1,0.8,11.1,221.8
2020-06-07 02:00:00,2020,2021-06-07 01:59:41.150,249.3,12.8,1.7,315.3
2020-06-07 03:00:00,2020,2021-06-07 02:59:41.145,186.7,16.2,0.3,179.7
2020-06-07 04:00:00,2020,2021-06-07 03:59:41.140,247.0,8.3,2.7,199.6
2020-06-07 05:00:00,2020,2021-06-07 04:59:41.135,255.9,8.1,12.2,179.4
2020-06-07 06:00:00,2020,2021-06-07 05:59:41.130,332.2,278.6,6.5,369.9
2020-06-07 07:00:00,2020,2021-06-07 06:59:41.125,202.7,339.2,0.0,462.7
2020-06-07 08:00:00,2020,2021-06-07 07:59:41.120,298.6,663.8,2.5,427.2
2020-06-07 09:00:00,2020,2021-06-07 08:59:41.115,588.8,664.6,17.4,569.2
2020-06-07 10:00:00,2020,2021-06-07 09:59:41.110,646.9,740.4,93.5,655.8
2020-06-07 11:00:00,2020,2021-06-07 10:59:41.105,643.1,740.5,133.7,608.0
2020-06-07 12:00:00,2020,2021-06-07 11:59:41.100,600.4,738.1,119.5,585.5
2020-06-07 13:00:00,2020,2021-06-07 12:59:41.095,679.2,732.0,91.0,585.2
2020-06-07 14:00:00,2020,2021-06-07 13:59:41.090,676.4,791.9,64.3,564.2
2020-06-07 15:00:00,2020,2021-06-07 14:59:41.085,646.7,800.2,39.7,550.5
2020-06-07 16:00:00,2020,2021-06-07 15:59:41.080,610.7,767.5,66.8,433.1
2020-06-07 17:00:00,2020,2021-06-07 16:59:41.075,619.0,507.9,102.7,356.4
2020-06-07 18:00:00,2020,2021-06-07 17:59:41.070,569.5,410.4,85.0,370.1
2020-06-07 19:00:00,2020,2021-06-07 18:59:41.065,500.0,371.4,86.6,345.2
2020-06-07 20:00:00,2020,2021-06-07 19:59:41.060,313.1,275.6,82.4,298.2
2020-06-07 21:00:00,2020,2021-06-07 20:59:41.055,424.4,411.8,115.1,241.9
2020-06-07 22:00:00,2020,2021-06-07 21:59:41.050,542.3,504.0,105.1,309.7
2020-06-07 23:00:00,2020,2021-06-07 22:59:41.045,539.0,292.0,89.3,429.1
2020-06-08 00:00:00,2020,2021-06-07 23:59:41.040,542.5,367.4,70.2,547.4
2020-06-08 01:00:00,2020,2021-06-08 00:59:41.035,460.5,352.5,103.1,536.8
2020-06-08 02:00:00,2020,2021-06-08 01:59:41.030,395.6,146.4,128.1,621.4
2020-06-08 03:00:00,2020,2021-06-08 02:59:41.025,331.5,97.2,91.4,611.6
2020-06-08 04:00:00,2020,2021-06-08 03:59:41.020,148.9,201.5,50.5,565.8
2020-06-08 05:00:00,2020,2021-06-08 04:59:41.015,26.1,216.6,61.6,515.6
2020-06-08 06:00:00,2020,2021-06-08 05:59:41.010,21.3,215.7,93.1,406.0
2020-06-08 07:00:00,2020,2021-06-08 06:59:41.005,0.0,183.5,82.9,187.8
2020-06-08 08:00:00,2020,2021-06-08 07:59:41.000,0.0,15.2,11.7,60.1
2020-06-08 09:00:00,2020,2021-06-08 08:59:40.995,0.3,9.2,0.1,0.1
2020-06-08 10:00:00,2020,2021-06-08 09:59:40.990,5.2,7.5,0.0,0.0
2020-06-08 11:00:00,2020,2021-06-08 10:59:40.985,6.8,9.9,0.0,0.0
2020-06-08 12:00:00,2020,2021-06-08 11:59:40.980,7.1,12.5,0.0,0.0
2020-06-08 13:00:00,2020,2021-06-08 12:59:40.975,5.1,13.9,0.0,0.0
2020-06-08 14:00:00,2020,2021-06-08 13:59:40.970,6.7,27.3,0.1,0.1
2020-06-08 15:00:00,2020,2021-06-08 14:59:40.965,4.8,49.2,0.4,3.1
2020-06-08 16:00:00,2020,2021-06-08 15:59:40.960,1.7,29.8,0.2,4.8
2020-06-08 17:00:00,2020,2021-06-08 16:59:40.955,8.9,41.4,0.6,0.9
2020-06-08 18:00:00,2020,2021-06-08 17:59:40.950,7.5,38.8,0.0,2.2
2020-06-08 19:00:00,2020,2021-06-08 18:59:40.945,5.5,14.0,0.1,1.0
2020-06-08 20:00:00,2020,2021-06-08 19:59:40.940,4.2,8.9,0.9,0.5
2020-06-08 21:00:00,2020,2021-06-08 20:59:40.935,0.7,3.9,0.3,3.0
2020-06-08 22:00:00,2020,2021-06-08 21:59:40.930,0.0,8.0,0.0,0.1
2020-06-08 23:00:00,2020,2021-06-08 22:59:40.925,0.0,23.3,0.0,0.5
2020-06-09 00:00:00,2020,2021-06-08 23:59:40.920,0.0,71.7,0.0,0.2
2020-06-09 01:00:00,2020,2021-06-09 00:59:40.915,0.0,66.9,5.3,0.0
2020-06-09 02:00:00,2020,2021-06-09 01:59:40.910,0.0,58.0,8.0,0.0
2020-06-09 03:00:00,2020,2021-06-09 02:59:40.905,0.0,83.3,6.4,0.0
2020-06-09 04:00:00,2020,2021-06-09 03:59:40.900,0.0,69.2,0.8,30.6
2020-06-09 05:00:00,2020,2021-06-09 04:59:40.895,6.1,35.1,2.3,270.5
2020-06-09 06:00:00,2020,2021-06-09 05:59:40.890,11.8,11.9,3.9,279.7
2020-06-09 07:00:00,2020,2021-06-09 06:59:40.885,8.8,0.0,4.7,136.1
2020-06-09 08:00:00,2020,2021-06-09 07:59:40.880,2.7,0.0,0.7,54.1
2020-06-09 09:00:00,2020,2021-06-09 08:59:40.875,0.1,0.0,0.0,16.2
2020-06-09 10:00:00,2020,2021-06-09 09:59:40.870,0.8,0.0,0.0,5.0
2020-06-09 11:00:00,2020,2021-06-09 10:59:40.865,3.9,0.0,0.0,3.9
2020-06-09 12:00:00,2020,2021-06-09 11:59:40.860,27.8,0.4,0.0,0.0
2020-06-09 13:00:00,2020,2021-06-09 12:59:40.855,9.0,5.7,0.0,0.0
2020-06-09 14:00:00,2020,2021-06-09 13:59:40.850,0.0,8.2,0.0,0.0
2020-06-09 15:00:00,2020,2021-06-09 14:59:40.845,2.3,12.1,0.0,0.0
2020-06-09 16:00:00,2020,2021-06-09 15:59:40.840,0.1,11.6,0.0,0.0
2020-06-09 17:00:00,2020,2021-06-09 16:59:40.835,19.9,0.7,2.4,7.1
2020-06-09 18:00:00,2020,2021-06-09 17:59:40.830,19.1,17.5,4.0,17.3
2020-06-09 19:00:00,2020,2021-06-09 18:59:40.825,15.3,55.4,2.8,1.9
2020-06-09 20:00:00,2020,2021-06-09 19:59:40.820,19.5,119.8,0.4,1.9
2020-06-09 21:00:00,2020,2021-06-09 20:59:40.815,0.6,100.1,2.7,52.0
2020-06-09 22:00:00,2020,2021-06-09 21:59:40.810,87.1,121.4,15.3,106.9
2020-06-09 23:00:00,2020,2021-06-09 22:59:40.805,206.4,259.7,11.1,59.4
2020-06-10 00:00:00,2020,2021-06-09 23:59:40.800,168.1,314.9,7.8,69.2
2020-06-10 01:00:00,2020,2021-06-10 00:59:40.795,143.4,133.8,8.7,38.0
2020-06-10 02:00:00,2020,2021-06-10 01:59:40.790,146.0,63.8,6.4,37.2
2020-06-10 03:00:00,2020,2021-06-10 02:59:40.785,142.7,37.5,9.4,271.7
2020-06-10 04:00:00,2020,2021-06-10 03:59:40.780,122.5,30.6,14.5,362.7
2020-06-10 05:00:00,2020,2021-06-10 04:59:40.775,119.9,42.1,18.3,381.0
2020-06-10 06:00:00,2020,2021-06-10 05:59:40.770,107.8,48.4,28.2,394.1
2020-06-10 07:00:00,2020,2021-06-10 06:59:40.765,63.2,65.6,19.5,287.7
2020-06-10 08:00:00,2020,2021-06-10 07:59:40.760,26.5,35.2,13.6,150.2
2020-06-10 09:00:00,2020,2021-06-10 08:59:40.755,13.6,26.0,13.0,103.8
2020-06-10 10:00:00,2020,2021-06-10 09:59:40.750,13.3,10.3,11.3,51.4
2020-06-10 11:00:00,2020,2021-06-10 10:59:40.745,19.4,13.9,10.9,32.7
2020-06-10 12:00:00,2020,2021-06-10 11:59:40.740,28.7,14.1,6.4,23.5
2020-06-10 13:00:00,2020,2021-06-10 12:59:40.735,30.2,8.9,6.3,17.1
2020-06-10 14:00:00,2020,2021-06-10 13:59:40.730,5.7,22.0,4.0,13.8
2020-06-10 15:00:00,2020,2021-06-10 14:59:40.725,7.2,48.5,4.3,13.3
2020-06-10 16:00:00,2020,2021-06-10 15:59:40.720,44.0,163.1,2.7,16.6
2020-06-10 17:00:00,2020,2021-06-10 16:59:40.715,2.9,27.2,3.7,0.7
2020-06-10 18:00:00,2020,2021-06-10 17:59:40.710,28.8,16.4,17.9,6.7
2020-06-10 19:00:00,2020,2021-06-10 18:59:40.705,195.7,23.5,42.2,138.7
2020-06-10 20:00:00,2020,2021-06-10 19:59:40.700,318.4,96.3,29.1,267.7
2020-06-10 21:00:00,2020,2021-06-10 20:59:40.695,567.1,38.1,6.4,240.3
2020-06-10 22:00:00,2020,2021-06-10 21:59:40.690,595.0,71.0,45.8,301.9
2020-06-10 23:00:00,2020,2021-06-10 22:59:40.685,285.5,127.8,69.2,35.1
2020-06-11 00:00:00,2020,2021-06-10 23:59:40.680,64.5,171.2,41.5,0.0
2020-06-11 01:00:00,2020,2021-06-11 00:59:40.675,20.9,116.5,14.3,0.0
2020-06-11 02:00:00,2020,2021-06-11 01:59:40.670,15.8,34.8,23.4,28.2
2020-06-11 03:00:00,2020,2021-06-11 02:59:40.665,175.1,24.9,25.1,239.1
2020-06-11 04:00:00,2020,2021-06-11 03:59:40.660,55.8,187.8,78.4,319.7
2020-06-11 05:00:00,2020,2021-06-11 04:59:40.655,139.3,220.0,111.9,223.5
2020-06-11 06:00:00,2020,2021-06-11 05:59:40.650,212.0,96.3,124.3,487.0
2020-06-11 07:00:00,2020,2021-06-11 06:59:40.645,211.2,127.3,121.7,569.8
2020-06-11 08:00:00,2020,2021-06-11 07:59:40.640,295.4,0.0,61.2,636.6
2020-06-11 09:00:00,2020,2021-06-11 08:59:40.635,241.1,0.0,56.3,563.5
2020-06-11 10:00:00,2020,2021-06-11 09:59:40.630,176.7,8.5,83.2,430.9
2020-06-11 11:00:00,2020,2021-06-11 10:59:40.625,256.4,23.4,66.1,486.3
2020-06-11 12:00:00,2020,2021-06-11 11:59:40.620,356.7,83.4,70.6,403.7
2020-06-11 13:00:00,2020,2021-06-11 12:59:40.615,328.3,100.2,45.8,441.4
2020-06-11 14:00:00,2020,2021-06-11 13:59:40.610,423.6,33.2,51.6,468.5
2020-06-11 15:00:00,2020,2021-06-11 14:59:40.605,405.2,162.3,47.7,272.4
2020-06-11 16:00:00,2020,2021-06-11 15:59:40.600,303.8,163.8,60.1,169.0
2020-06-11 17:00:00,2020,2021-06-11 16:59:40.595,365.0,321.7,39.5,389.8
2020-06-11 18:00:00,2020,2021-06-11 17:59:40.590,313.1,280.2,68.8,286.2
2020-06-11 19:00:00,2020,2021-06-11 18:59:40.585,219.5,227.8,102.1,125.7
2020-06-11 20:00:00,2020,2021-06-11 19:59:40.580,232.0,157.2,133.0,63.9
2020-06-11 21:00:00,2020,2021-06-11 20:59:40.575,288.4,262.1,87.6,200.8
2020-06-11 22:00:00,2020,2021-06-11 21:59:40.570,396.2,333.3,17.2,420.7
2020-06-11 23:00:00,2020,2021-06-11 22:59:40.565,478.5,423.0,4.4,588.1
2020-06-12 00:00:00,2020,2021-06-11 23:59:40.560,496.7,233.7,10.8,708.3
2020-06-12 01:00:00,2020,2021-06-12 00:59:40.555,207.8,78.7,2.8,590.3
2020-06-12 02:00:00,2020,2021-06-12 01:59:40.550,95.2,1.4,47.1,555.6
2020-06-12 03:00:00,2020,2021-06-12 02:59:40.545,41.1,0.6,62.2,439.4
2020-06-12 04:00:00,2020,2021-06-12 03:59:40.540,5.8,0.0,50.1,436.1
2020-06-12 05:00:00,2020,2021-06-12 04:59:40.535,3.2,0.1,51.2,485.3
2020-06-12 06:00:00,2020,2021-06-12 05:59:40.530,17.2,2.0,36.8,425.0
2020-06-12 07:00:00,2020,2021-06-12 06:59:40.525,0.6,0.0,29.0,114.7
2020-06-12 08:00:00,2020,2021-06-12 07:59:40.520,0.0,0.0,6.1,57.9
2020-06-12 09:00:00,2020,2021-06-12 08:59:40.515,0.0,0.0,4.2,2.7
2020-06-12 10:00:00,2020,2021-06-12 09:59:40.510,9.1,7.3,2.0,0.1
2020-06-12 11:00:00,2020,2021-06-12 10:59:40.505,14.6,7.1,0.0,0.1
2020-06-12 12:00:00,2020,2021-06-12 11:59:40.500,21.7,14.5,0.0,0.2
2020-06-12 13:00:00,2020,2021-06-12 12:59:40.495,14.1,29.6,0.0,1.0
2020-06-12 14:00:00,2020,2021-06-12 13:59:40.490,21.7,74.0,0.0,4.6
2020-06-12 15:00:00,2020,2021-06-12 14:59:40.485,0.7,63.2,1.1,0.7
2020-06-12 16:00:00,2020,2021-06-12 15:59:40.480,0.8,45.8,4.9,0.5
2020-06-12 17:00:00,2020,2021-06-12 16:59:40.475,2.8,17.0,3.0,73.7
2020-06-12 18:00:00,2020,2021-06-12 17:59:40.470,73.7,5.8,0.1,17.2
2020-06-12 19:00:00,2020,2021-06-12 18:59:40.465,63.4,31.6,0.0,12.2
2020-06-12 20:00:00,2020,2021-06-12 19:59:40.460,108.3,131.8,0.0,43.5
2020-06-12 21:00:00,2020,2021-06-12 20:59:40.455,310.5,162.9,7.9,159.1
2020-06-12 22:00:00,2020,2021-06-12 21:59:40.450,356.3,365.2,28.6,194.5
2020-06-12 23:00:00,2020,2021-06-12 22:59:40.445,357.2,258.7,25.8,132.4
2020-06-13 00:00:00,2020,2021-06-12 23:59:40.440,381.6,359.0,11.4,199.3
2020-06-13 01:00:00,2020,2021-06-13 00:59:40.435,393.0,339.3,9.0,328.1
2020-06-13 02:00:00,2020,2021-06-13 01:59:40.430,234.1,234.8,15.1,372.7
2020-06-13 03:00:00,2020,2021-06-13 02:59:40.425,243.7,146.5,43.0,395.0
2020-06-13 04:00:00,2020,2021-06-13 03:59:40.420,214.9,97.4,39.6,456.4
2020-06-13 05:00:00,2020,2021-06-13 04:59:40.415,181.7,66.1,30.7,501.7
2020-06-13 06:00:00,2020,2021-06-13 05:59:40.410,353.0,35.7,42.0,587.2
2020-06-13 07:00:00,2020,2021-06-13 06:59:40.405,389.8,15.0,59.5,595.1
2020-06-13 08:00:00,2020,2021-06-13 07:59:40.400,402.2,0.9,48.2,578.9
2020-06-13 09:00:00,2020,2021-06-13 08:59:40.395,114.7,8.5,60.5,523.6
2020-06-13 10:00:00,2020,2021-06-13 09:59:40.390,57.1,16.0,40.7,207.0
2020-06-13 11:00:00,2020,2021-06-13 10:59:40.385,152.4,20.4,5.4,132.4
2020-06-13 12:00:00,2020,2021-06-13 11:59:40.380,202.8,21.1,7.0,123.3
2020-06-13 13:00:00,2020,2021-06-13 12:59:40.375,191.3,20.6,8.1,115.4
2020-06-13 14:00:00,2020,2021-06-13 13:59:40.370,87.7,28.3,7.8,41.3
2020-06-13 15:00:00,2020,2021-06-13 14:59:40.365,67.8,16.9,10.7,11.1
2020-06-13 16:00:00,2020,2021-06-13 15:59:40.360,104.0,0.6,7.3,12.7
2020-06-13 17:00:00,2020,2021-06-13 16:59:40.355,0.0,0.0,0.0,0.0
2020-06-13 18:00:00,2020,2021-06-13 17:59:40.350,0.0,0.0,0.0,0.0
2020-06-13 19:00:00,2020,2021-06-13 18:59:40.345,0.0,0.0,0.0,0.0
2020-06-13 20:00:00,2020,2021-06-13 19:59:40.340,4.7,0.7,1.9,0.0
2020-06-13 21:00:00,2020,2021-06-13 20:59:40.335,4.6,13.8,3.9,0.0
2020-06-13 22:00:00,2020,2021-06-13 21:59:40.330,0.0,0.0,7.0,0.0
2020-06-13 23:00:00,2020,2021-06-13 22:59:40.325,0.0,1.5,6.9,0.0
2020-06-14 00:00:00,2020,2021-06-13 23:59:40.320,0.0,12.1,3.3,0.0
2020-06-14 01:00:00,2020,2021-06-14 00:59:40.315,0.0,42.9,2.5,0.0
2020-06-14 02:00:00,2020,2021-06-14 01:59:40.310,0.0,80.8,1.8,0.0
2020-06-14 03:00:00,2020,2021-06-14 02:59:40.305,0.0,79.3,9.6,0.0
2020-06-14 04:00:00,2020,2021-06-14 03:59:40.300,0.0,43.2,25.5,0.0
2020-06-14 05:00:00,2020,2021-06-14 04:59:40.295,0.0,4.7,26.3,0.0
2020-06-14 06:00:00,2020,2021-06-14 05:59:40.290,0.0,0.0,23.9,0.0
2020-06-14 07:00:00,2020,2021-06-14 06:59:40.285,0.0,0.0,14.6,0.0
2020-06-14 08:00:00,2020,2021-06-14 07:59:40.280,0.0,0.0,8.3,0.0
2020-06-14 09:00:00,2020,2021-06-14 08:59:40.275,0.0,0.0,4.6,0.0
2020-06-14 10:00:00,2020,2021-06-14 09:59:40.270,0.0,0.0,2.1,0.0
2020-06-14 11:00:00,2020,2021-06-14 10:59:40.265,1.4,0.0,0.6,0.1
2020-06-14 12:00:00,2020,2021-06-14 11:59:40.260,0.0,0.0,0.2,0.0
2020-06-14 13:00:00,2020,2021-06-14 12:59:40.255,0.0,0.0,0.0,0.0
2020-06-14 14:00:00,2020,2021-06-14 13:59:40.250,0.6,0.0,0.0,0.0
2020-06-14 15:00:00,2020,2021-06-14 14:59:40.245,4.2,0.0,0.0,0.0
2020-06-14 16:00:00,2020,2021-06-14 15:59:40.240,18.8,0.0,0.0,0.0
2020-06-14 17:00:00,2020,2021-06-14 16:59:40.235,7.5,0.0,0.0,0.0
2020-06-14 18:00:00,2020,2021-06-14 17:59:40.230,33.7,0.0,0.0,0.0
2020-06-14 19:00:00,2020,2021-06-14 18:59:40.225,34.7,0.0,0.0,0.5
2020-06-14 20:00:00,2020,2021-06-14 19:59:40.220,13.3,0.0,0.0,71.4
2020-06-14 21:00:00,2020,2021-06-14 20:59:40.215,15.6,0.0,1.0,48.8
2020-06-14 22:00:00,2020,2021-06-14 21:59:40.210,42.0,0.0,0.5,8.0
2020-06-14 23:00:00,2020,2021-06-14 22:59:40.205,70.3,23.3,0.9,3.3
2020-06-15 00:00:00,2020,2021-06-14 23:59:40.200,9.8,43.8,6.7,0.0
2020-06-15 01:00:00,2020,2021-06-15 00:59:40.195,2.2,31.2,3.1,0.0
2020-06-15 02:00:00,2020,2021-06-15 01:59:40.190,17.5,0.0,0.0,0.0
2020-06-15 03:00:00,2020,2021-06-15 02:59:40.185,3.1,3.1,0.8,0.0
2020-06-15 04:00:00,2020,2021-06-15 03:59:40.180,0.0,0.0,0.0,0.1
2020-06-15 05:00:00,2020,2021-06-15 04:59:40.175,22.1,0.0,0.2,0.0
2020-06-15 06:00:00,2020,2021-06-15 05:59:40.170,4.2,0.0,13.2,0.0
2020-06-15 07:00:00,2020,2021-06-15 06:59:40.165,0.3,0.0,1.1,0.0
2020-06-15 08:00:00,2020,2021-06-15 07:59:40.160,0.0,0.0,0.0,0.0
2020-06-15 09:00:00,2020,2021-06-15 08:59:40.155,0.0,0.0,6.1,0.6
2020-06-15 10:00:00,2020,2021-06-15 09:59:40.150,2.0,0.0,6.2,0.0
2020-06-15 11:00:00,2020,2021-06-15 10:59:40.145,0.0,0.0,0.2,0.0
2020-06-15 12:00:00,2020,2021-06-15 11:59:40.140,0.1,0.0,0.0,0.0
2020-06-15 13:00:00,2020,2021-06-15 12:59:40.135,15.1,27.2,0.0,0.0
2020-06-15 14:00:00,2020,2021-06-15 13:59:40.130,30.4,47.6,0.2,0.0
2020-06-15 15:00:00,2020,2021-06-15 14:59:40.125,26.4,26.4,0.4,0.0
2020-06-15 16:00:00,2020,2021-06-15 15:59:40.120,0.0,135.1,7.2,64.7
2020-06-15 17:00:00,2020,2021-06-15 16:59:40.115,10.4,80.3,15.5,15.6
2020-06-15 18:00:00,2020,2021-06-15 17:59:40.110,43.4,92.2,6.8,92.4
2020-06-15 19:00:00,2020,2021-06-15 18:59:40.105,49.6,127.2,12.0,133.4
2020-06-15 20:00:00,2020,2021-06-15 19:59:40.100,34.3,262.1,50.9,99.8
2020-06-15 21:00:00,2020,2021-06-15 20:59:40.095,452.0,332.5,8.2,355.6
2020-06-15 22:00:00,2020,2021-06-15 21:59:40.090,454.4,461.1,1.6,203.4
2020-06-15 23:00:00,2020,2021-06-15 22:59:40.085,194.6,176.7,31.1,277.2
2020-06-16 00:00:00,2020,2021-06-15 23:59:40.080,68.5,81.7,5.1,206.9
2020-06-16 01:00:00,2020,2021-06-16 00:59:40.075,363.6,101.7,0.1,169.6
2020-06-16 02:00:00,2020,2021-06-16 01:59:40.070,92.6,213.5,115.7,112.7
2020-06-16 03:00:00,2020,2021-06-16 02:59:40.065,174.9,28.4,5.7,189.1
2020-06-16 04:00:00,2020,2021-06-16 03:59:40.060,175.4,43.9,13.5,108.5
2020-06-16 05:00:00,2020,2021-06-16 04:59:40.055,107.1,144.5,39.8,147.0
2020-06-16 06:00:00,2020,2021-06-16 05:59:40.050,45.9,86.3,38.8,34.1
2020-06-16 07:00:00,2020,2021-06-16 06:59:40.045,43.4,12.6,33.7,0.0
2020-06-16 08:00:00,2020,2021-06-16 07:59:40.040,43.0,10.4,32.6,0.0
2020-06-16 09:00:00,2020,2021-06-16 08:59:40.035,44.0,16.3,5.2,3.8
2020-06-16 10:00:00,2020,2021-06-16 09:59:40.030,14.6,39.8,24.6,2.2
2020-06-16 11:00:00,2020,2021-06-16 10:59:40.025,10.6,44.0,15.4,21.8
2020-06-16 12:00:00,2020,2021-06-16 11:59:40.020,9.1,23.4,10.0,68.9
2020-06-16 13:00:00,2020,2021-06-16 12:59:40.015,0.0,15.8,4.3,0.0
2020-06-16 14:00:00,2020,2021-06-16 13:59:40.010,0.0,26.1,1.2,0.0
2020-06-16 15:00:00,2020,2021-06-16 14:59:40.005,203.4,230.4,0.4,10.5
2020-06-16 16:00:00,2020,2021-06-16 15:59:40.000,385.0,45.9,2.2,302.8
2020-06-16 17:00:00,2020,2021-06-16 16:59:39.995,507.1,26.9,7.0,262.7
2020-06-16 18:00:00,2020,2021-06-16 17:59:39.990,642.6,29.1,24.1,497.2
2020-06-16 19:00:00,2020,2021-06-16 18:59:39.985,635.6,67.9,6.0,527.3
2020-06-16 20:00:00,2020,2021-06-16 19:59:39.980,139.5,259.5,7.0,15.9
2020-06-16 21:00:00,2020,2021-06-16 20:59:39.975,327.4,139.1,42.6,101.2
2020-06-16 22:00:00,2020,2021-06-16 21:59:39.970,194.7,331.3,83.5,26.9
2020-06-16 23:00:00,2020,2021-06-16 22:59:39.965,161.4,336.1,102.8,60.2
2020-06-17 00:00:00,2020,2021-06-16 23:59:39.960,255.9,251.3,32.4,58.2
2020-06-17 01:00:00,2020,2021-06-17 00:59:39.955,166.4,284.5,18.3,353.4
2020-06-17 02:00:00,2020,2021-06-17 01:59:39.950,171.0,343.1,12.3,472.5
2020-06-17 03:00:00,2020,2021-06-17 02:59:39.945,233.1,451.5,15.0,592.1
2020-06-17 04:00:00,2020,2021-06-17 03:59:39.940,359.5,522.2,70.8,710.4
2020-06-17 05:00:00,2020,2021-06-17 04:59:39.935,389.2,707.6,101.8,662.3
2020-06-17 06:00:00,2020,2021-06-17 05:59:39.930,354.7,777.4,88.8,717.1
2020-06-17 07:00:00,2020,2021-06-17 06:59:39.925,406.9,550.9,62.8,686.0
2020-06-17 08:00:00,2020,2021-06-17 07:59:39.920,411.8,508.9,74.8,726.5
2020-06-17 09:00:00,2020,2021-06-17 08:59:39.915,501.6,626.0,100.5,728.6
2020-06-17 10:00:00,2020,2021-06-17 09:59:39.910,600.6,679.7,124.1,729.6
2020-06-17 11:00:00,2020,2021-06-17 10:59:39.905,629.8,654.2,130.1,756.1
2020-06-17 12:00:00,2020,2021-06-17 11:59:39.900,663.1,588.1,110.7,766.8
2020-06-17 13:00:00,2020,2021-06-17 12:59:39.895,669.1,514.9,94.6,752.8
2020-06-17 14:00:00,2020,2021-06-17 13:59:39.890,697.0,620.7,92.7,703.5
2020-06-17 15:00:00,2020,2021-06-17 14:59:39.885,697.6,661.3,94.0,730.3
2020-06-17 16:00:00,2020,2021-06-17 15:59:39.880,685.4,729.0,109.7,707.2
2020-06-17 17:00:00,2020,2021-06-17 16:59:39.875,711.4,686.6,122.0,714.5
2020-06-17 18:00:00,2020,2021-06-17 17:59:39.870,711.9,634.6,121.4,734.7
2020-06-17 19:00:00,2020,2021-06-17 18:59:39.865,703.4,728.0,127.0,697.9
2020-06-17 20:00:00,2020,2021-06-17 19:59:39.860,680.7,650.8,115.1,662.7
2020-06-17 21:00:00,2020,2021-06-17 20:59:39.855,692.1,706.9,114.8,720.9
2020-06-17 22:00:00,2020,2021-06-17 21:59:39.850,692.8,711.4,123.0,721.1
2020-06-17 23:00:00,2020,2021-06-17 22:59:39.845,686.0,718.4,116.9,743.7
2020-06-18 00:00:00,2020,2021-06-17 23:59:39.840,631.0,698.9,91.5,759.7
2020-06-18 01:00:00,2020,2021-06-18 00:59:39.835,671.6,621.1,86.7,735.7
2020-06-18 02:00:00,2020,2021-06-18 01:59:39.830,618.6,526.1,106.0,761.2
2020-06-18 03:00:00,2020,2021-06-18 02:59:39.825,661.9,418.4,126.8,765.0
2020-06-18 04:00:00,2020,2021-06-18 03:59:39.820,693.8,341.6,131.1,794.5
2020-06-18 05:00:00,2020,2021-06-18 04:59:39.815,713.5,409.1,132.8,798.6
2020-06-18 06:00:00,2020,2021-06-18 05:59:39.810,713.5,598.2,141.3,797.0
2020-06-18 07:00:00,2020,2021-06-18 06:59:39.805,709.0,188.6,124.4,773.6
2020-06-18 08:00:00,2020,2021-06-18 07:59:39.800,681.0,67.9,117.6,728.9
2020-06-18 09:00:00,2020,2021-06-18 08:59:39.795,658.4,98.4,78.2,758.3
2020-06-18 10:00:00,2020,2021-06-18 09:59:39.790,486.3,93.3,72.6,713.2
2020-06-18 11:00:00,2020,2021-06-18 10:59:39.785,506.2,62.9,79.8,697.3
2020-06-18 12:00:00,2020,2021-06-18 11:59:39.780,543.9,197.1,56.0,620.2
2020-06-18 13:00:00,2020,2021-06-18 12:59:39.775,548.2,250.2,43.6,518.5
2020-06-18 14:00:00,2020,2021-06-18 13:59:39.770,600.1,288.4,45.1,472.0
2020-06-18 15:00:00,2020,2021-06-18 14:59:39.765,614.0,347.9,48.9,481.7
2020-06-18 16:00:00,2020,2021-06-18 15:59:39.760,534.7,341.7,51.0,528.8
2020-06-18 17:00:00,2020,2021-06-18 16:59:39.755,462.4,131.2,32.2,498.1
2020-06-18 18:00:00,2020,2021-06-18 17:59:39.750,476.4,197.0,43.6,379.9
2020-06-18 19:00:00,2020,2021-06-18 18:59:39.745,386.9,267.9,57.6,355.0
2020-06-18 20:00:00,2020,2021-06-18 19:59:39.740,373.2,274.9,106.9,362.8
2020-06-18 21:00:00,2020,2021-06-18 20:59:39.735,674.8,522.7,144.7,444.7
2020-06-18 22:00:00,2020,2021-06-18 21:59:39.730,668.9,229.5,136.2,484.0
2020-06-18 23:00:00,2020,2021-06-18 22:59:39.725,676.3,119.0,128.6,525.3
2020-06-19 00:00:00,2020,2021-06-18 23:59:39.720,692.2,75.7,116.9,687.4
2020-06-19 01:00:00,2020,2021-06-19 00:59:39.715,643.4,52.8,46.8,718.2
2020-06-19 02:00:00,2020,2021-06-19 01:59:39.710,557.0,71.5,41.0,730.5
2020-06-19 03:00:00,2020,2021-06-19 02:59:39.705,500.8,11.6,49.8,630.0
2020-06-19 04:00:00,2020,2021-06-19 03:59:39.700,580.6,3.9,84.1,609.4
2020-06-19 05:00:00,2020,2021-06-19 04:59:39.695,429.5,12.1,41.5,636.0
2020-06-19 06:00:00,2020,2021-06-19 05:59:39.690,440.2,247.5,54.3,651.1
2020-06-19 07:00:00,2020,2021-06-19 06:59:39.685,206.1,142.4,37.1,598.7
2020-06-19 08:00:00,2020,2021-06-19 07:59:39.680,121.8,47.6,43.2,553.7
2020-06-19 09:00:00,2020,2021-06-19 08:59:39.675,31.1,216.4,41.8,359.4
2020-06-19 10:00:00,2020,2021-06-19 09:59:39.670,0.9,436.1,45.8,228.3
2020-06-19 11:00:00,2020,2021-06-19 10:59:39.665,0.0,330.6,45.1,88.9
2020-06-19 12:00:00,2020,2021-06-19 11:59:39.660,0.0,235.7,36.8,4.9
2020-06-19 13:00:00,2020,2021-06-19 12:59:39.655,0.0,444.6,34.7,27.6
2020-06-19 14:00:00,2020,2021-06-19 13:59:39.650,39.6,517.2,54.1,132.1
2020-06-19 15:00:00,2020,2021-06-19 14:59:39.645,156.6,650.7,83.4,194.2
2020-06-19 16:00:00,2020,2021-06-19 15:59:39.640,351.7,746.1,71.1,181.1
2020-06-19 17:00:00,2020,2021-06-19 16:59:39.635,543.5,795.7,135.2,587.4
2020-06-19 18:00:00,2020,2021-06-19 17:59:39.630,614.3,823.0,133.8,622.3
2020-06-19 19:00:00,2020,2021-06-19 18:59:39.625,675.3,777.5,141.1,733.9
2020-06-19 20:00:00,2020,2021-06-19 19:59:39.620,683.3,755.4,131.7,623.5
2020-06-19 21:00:00,2020,2021-06-19 20:59:39.615,707.8,785.6,130.3,726.5
2020-06-19 22:00:00,2020,2021-06-19 21:59:39.610,710.0,768.5,125.5,757.0
2020-06-19 23:00:00,2020,2021-06-19 22:59:39.605,707.8,705.5,125.8,756.8
2020-06-20 00:00:00,2020,2021-06-19 23:59:39.600,705.6,708.7,105.4,711.8
2020-06-20 01:00:00,2020,2021-06-20 00:59:39.595,699.6,481.6,68.1,709.4
2020-06-20 02:00:00,2020,2021-06-20 01:59:39.590,660.0,428.0,55.4,667.5
2020-06-20 03:00:00,2020,2021-06-20 02:59:39.585,656.4,395.8,33.1,698.9
2020-06-20 04:00:00,2020,2021-06-20 03:59:39.580,638.7,226.9,21.8,657.1
2020-06-20 05:00:00,2020,2021-06-20 04:59:39.575,678.8,85.9,0.1,570.6
2020-06-20 06:00:00,2020,2021-06-20 05:59:39.570,522.8,3.1,2.7,396.3
2020-06-20 07:00:00,2020,2021-06-20 06:59:39.565,215.0,0.5,0.2,150.0
2020-06-20 08:00:00,2020,2021-06-20 07:59:39.560,217.2,0.0,0.0,127.2
2020-06-20 09:00:00,2020,2021-06-20 08:59:39.555,95.5,2.9,0.0,65.1
2020-06-20 10:00:00,2020,2021-06-20 09:59:39.550,48.6,21.3,0.0,102.6
2020-06-20 11:00:00,2020,2021-06-20 10:59:39.545,18.5,10.2,0.0,44.7
2020-06-20 12:00:00,2020,2021-06-20 11:59:39.540,4.3,13.3,0.0,0.5
2020-06-20 13:00:00,2020,2021-06-20 12:59:39.535,0.0,26.1,0.6,0.0
2020-06-20 14:00:00,2020,2021-06-20 13:59:39.530,0.0,32.4,0.0,0.0
2020-06-20 15:00:00,2020,2021-06-20 14:59:39.525,0.0,31.8,0.0,0.0
2020-06-20 16:00:00,2020,2021-06-20 15:59:39.520,0.0,32.3,0.0,0.0
2020-06-20 17:00:00,2020,2021-06-20 16:59:39.515,54.0,8.5,0.0,52.0
2020-06-20 18:00:00,2020,2021-06-20 17:59:39.510,37.8,0.1,0.0,17.8
2020-06-20 19:00:00,2020,2021-06-20 18:59:39.505,17.9,0.0,0.0,4.3
2020-06-20 20:00:00,2020,2021-06-20 19:59:39.500,29.3,2.3,0.0,0.6
2020-06-20 21:00:00,2020,2021-06-20 20:59:39.495,26.7,14.0,4.4,0.0
2020-06-20 22:00:00,2020,2021-06-20 21:59:39.490,6.5,127.6,2.5,0.0
2020-06-20 23:00:00,2020,2021-06-20 22:59:39.485,0.2,39.9,3.0,0.0
2020-06-21 00:00:00,2020,2021-06-20 23:59:39.480,0.0,141.7,3.7,1.4
2020-06-21 01:00:00,2020,2021-06-21 00:59:39.475,2.3,145.1,1.4,0.2
2020-06-21 02:00:00,2020,2021-06-21 01:59:39.470,22.9,80.8,12.6,4.0
2020-06-21 03:00:00,2020,2021-06-21 02:59:39.465,9.1,39.7,6.3,9.8
2020-06-21 04:00:00,2020,2021-06-21 03:59:39.460,16.4,7.7,3.0,2.0
2020-06-21 05:00:00,2020,2021-06-21 04:59:39.455,45.5,0.9,7.5,43.0
2020-06-21 06:00:00,2020,2021-06-21 05:59:39.450,29.9,0.3,5.2,67.9
2020-06-21 07:00:00,2020,2021-06-21 06:59:39.445,44.3,0.3,9.0,19.3
2020-06-21 08:00:00,2020,2021-06-21 07:59:39.440,14.8,0.0,5.1,4.2
2020-06-21 09:00:00,2020,2021-06-21 08:59:39.435,1.2,0.0,2.9,5.8
2020-06-21 10:00:00,2020,2021-06-21 09:59:39.430,0.1,0.0,2.0,2.9
2020-06-21 11:00:00,2020,2021-06-21 10:59:39.425,0.0,6.3,1.7,19.6
2020-06-21 12:00:00,2020,2021-06-21 11:59:39.420,0.0,19.9,1.6,26.1
2020-06-21 13:00:00,2020,2021-06-21 12:59:39.415,2.5,17.5,1.4,19.0
2020-06-21 14:00:00,2020,2021-06-21 13:59:39.410,30.7,26.1,1.7,13.7
2020-06-21 15:00:00,2020,2021-06-21 14:59:39.405,38.1,52.6,1.0,19.0
2020-06-21 16:00:00,2020,2021-06-21 15:59:39.400,48.2,144.7,0.1,23.5
2020-06-21 17:00:00,2020,2021-06-21 16:59:39.395,18.8,4.8,1.2,4.6
2020-06-21 18:00:00,2020,2021-06-21 17:59:39.390,34.6,35.1,2.4,17.1
2020-06-21 19:00:00,2020,2021-06-21 18:59:39.385,57.1,106.2,1.2,14.9
2020-06-21 20:00:00,2020,2021-06-21 19:59:39.380,20.7,511.3,2.5,97.8
2020-06-21 21:00:00,2020,2021-06-21 20:59:39.375,309.9,703.7,45.0,257.8
2020-06-21 22:00:00,2020,2021-06-21 21:59:39.370,336.4,784.6,49.7,174.9
2020-06-21 23:00:00,2020,2021-06-21 22:59:39.365,315.3,657.8,82.6,100.5
2020-06-22 00:00:00,2020,2021-06-21 23:59:39.360,325.9,529.7,77.0,306.3
2020-06-22 01:00:00,2020,2021-06-22 00:59:39.355,455.2,398.4,78.8,381.1
2020-06-22 02:00:00,2020,2021-06-22 01:59:39.350,372.5,270.0,27.1,502.1
2020-06-22 03:00:00,2020,2021-06-22 02:59:39.345,315.2,230.5,20.2,573.3
2020-06-22 04:00:00,2020,2021-06-22 03:59:39.340,372.0,56.9,8.2,601.1
2020-06-22 05:00:00,2020,2021-06-22 04:59:39.335,436.1,183.9,5.5,591.0
2020-06-22 06:00:00,2020,2021-06-22 05:59:39.330,437.9,196.0,5.0,562.5
2020-06-22 07:00:00,2020,2021-06-22 06:59:39.325,302.6,162.8,14.7,465.8
2020-06-22 08:00:00,2020,2021-06-22 07:59:39.320,325.1,166.1,10.8,506.7
2020-06-22 09:00:00,2020,2021-06-22 08:59:39.315,352.8,121.7,7.9,417.7
2020-06-22 10:00:00,2020,2021-06-22 09:59:39.310,350.4,23.1,9.4,324.9
2020-06-22 11:00:00,2020,2021-06-22 10:59:39.305,358.4,0.7,14.1,319.8
2020-06-22 12:00:00,2020,2021-06-22 11:59:39.300,328.8,0.0,14.5,276.9
2020-06-22 13:00:00,2020,2021-06-22 12:59:39.295,299.4,0.1,11.8,217.4
2020-06-22 14:00:00,2020,2021-06-22 13:59:39.290,341.3,0.0,9.6,189.8
2020-06-22 15:00:00,2020,2021-06-22 14:59:39.285,318.4,0.0,13.5,154.0
2020-06-22 16:00:00,2020,2021-06-22 15:59:39.280,226.7,0.0,13.3,120.6
2020-06-22 17:00:00,2020,2021-06-22 16:59:39.275,396.9,11.4,32.2,225.0
2020-06-22 18:00:00,2020,2021-06-22 17:59:39.270,435.6,40.2,45.4,299.2
2020-06-22 19:00:00,2020,2021-06-22 18:59:39.265,476.8,115.0,63.4,332.3
2020-06-22 20:00:00,2020,2021-06-22 19:59:39.260,581.3,385.2,63.8,247.4
2020-06-22 21:00:00,2020,2021-06-22 20:59:39.255,596.2,572.5,27.4,354.7
2020-06-22 22:00:00,2020,2021-06-22 21:59:39.250,523.7,665.6,67.5,337.1
2020-06-22 23:00:00,2020,2021-06-22 22:59:39.245,443.3,655.4,69.6,178.4
2020-06-23 00:00:00,2020,2021-06-22 23:59:39.240,389.7,444.5,50.9,138.9
2020-06-23 01:00:00,2020,2021-06-23 00:59:39.235,410.1,199.2,18.1,207.4
2020-06-23 02:00:00,2020,2021-06-23 01:59:39.230,413.2,50.8,7.5,307.0
2020-06-23 03:00:00,2020,2021-06-23 02:59:39.225,427.8,2.8,4.0,453.7
2020-06-23 04:00:00,2020,2021-06-23 03:59:39.220,501.8,0.1,12.0,518.2
2020-06-23 05:00:00,2020,2021-06-23 04:59:39.215,530.9,4.0,12.0,576.3
2020-06-23 06:00:00,2020,2021-06-23 05:59:39.210,477.1,5.3,9.4,515.0
2020-06-23 07:00:00,2020,2021-06-23 06:59:39.205,213.1,0.8,2.7,236.6
2020-06-23 08:00:00,2020,2021-06-23 07:59:39.200,140.2,0.1,0.0,270.5
2020-06-23 09:00:00,2020,2021-06-23 08:59:39.195,101.7,3.6,1.4,221.9
2020-06-23 10:00:00,2020,2021-06-23 09:59:39.190,113.1,1.3,0.4,150.6
2020-06-23 11:00:00,2020,2021-06-23 10:59:39.185,92.6,0.0,1.5,113.6
2020-06-23 12:00:00,2020,2021-06-23 11:59:39.180,134.3,0.0,1.2,92.8
2020-06-23 13:00:00,2020,2021-06-23 12:59:39.175,157.8,0.0,2.5,85.4
2020-06-23 14:00:00,2020,2021-06-23 13:59:39.170,176.8,1.1,2.1,85.1
2020-06-23 15:00:00,2020,2021-06-23 14:59:39.165,183.8,2.0,0.0,84.1
2020-06-23 16:00:00,2020,2021-06-23 15:59:39.160,185.1,7.1,0.0,76.4
2020-06-23 17:00:00,2020,2021-06-23 16:59:39.155,49.6,1.9,0.0,51.5
2020-06-23 18:00:00,2020,2021-06-23 17:59:39.150,84.5,11.4,0.0,41.0
2020-06-23 19:00:00,2020,2021-06-23 18:59:39.145,73.7,87.7,0.0,34.3
2020-06-23 20:00:00,2020,2021-06-23 19:59:39.140,49.7,128.1,0.2,26.8
2020-06-23 21:00:00,2020,2021-06-23 20:59:39.135,71.6,320.7,5.9,21.5
2020-06-23 22:00:00,2020,2021-06-23 21:59:39.130,50.0,741.0,45.4,29.4
2020-06-23 23:00:00,2020,2021-06-23 22:59:39.125,33.1,757.9,64.5,40.4
2020-06-24 00:00:00,2020,2021-06-23 23:59:39.120,49.3,637.4,81.4,92.9
2020-06-24 01:00:00,2020,2021-06-24 00:59:39.115,139.9,500.2,55.7,117.0
2020-06-24 02:00:00,2020,2021-06-24 01:59:39.110,266.3,380.6,19.2,454.5
2020-06-24 03:00:00,2020,2021-06-24 02:59:39.105,127.5,300.7,8.9,478.8
2020-06-24 04:00:00,2020,2021-06-24 03:59:39.100,77.2,195.9,8.4,524.1
2020-06-24 05:00:00,2020,2021-06-24 04:59:39.095,74.5,135.7,11.3,581.1
2020-06-24 06:00:00,2020,2021-06-24 05:59:39.090,54.5,117.1,18.0,534.0
2020-06-24 07:00:00,2020,2021-06-24 06:59:39.085,4.4,20.7,4.3,331.7
2020-06-24 08:00:00,2020,2021-06-24 07:59:39.080,0.6,50.0,15.9,258.1
2020-06-24 09:00:00,2020,2021-06-24 08:59:39.075,1.3,2.1,24.2,124.1
2020-06-24 10:00:00,2020,2021-06-24 09:59:39.070,2.1,0.0,15.0,47.4
2020-06-24 11:00:00,2020,2021-06-24 10:59:39.065,6.3,0.0,5.8,4.1
2020-06-24 12:00:00,2020,2021-06-24 11:59:39.060,9.3,0.0,3.5,23.4
2020-06-24 13:00:00,2020,2021-06-24 12:59:39.055,8.4,0.0,4.6,24.2
2020-06-24 14:00:00,2020,2021-06-24 13:59:39.050,5.1,0.0,2.1,6.7
2020-06-24 15:00:00,2020,2021-06-24 14:59:39.045,11.1,1.7,0.4,12.0
2020-06-24 16:00:00,2020,2021-06-24 15:59:39.040,0.0,23.5,4.6,0.0
2020-06-24 17:00:00,2020,2021-06-24 16:59:39.035,0.0,23.7,8.2,23.7
2020-06-24 18:00:00,2020,2021-06-24 17:59:39.030,7.7,8.3,4.4,2.7
2020-06-24 19:00:00,2020,2021-06-24 18:59:39.025,5.9,5.6,0.4,1.2
2020-06-24 20:00:00,2020,2021-06-24 19:59:39.020,8.7,17.8,3.8,3.8
2020-06-24 21:00:00,2020,2021-06-24 20:59:39.015,0.0,78.9,7.5,5.0
2020-06-24 22:00:00,2020,2021-06-24 21:59:39.010,0.0,564.6,2.0,8.6
2020-06-24 23:00:00,2020,2021-06-24 22:59:39.005,0.0,648.3,6.4,10.4
2020-06-25 00:00:00,2020,2021-06-24 23:59:39.000,6.0,530.5,36.1,20.8
2020-06-25 01:00:00,2020,2021-06-25 00:59:38.995,5.4,279.2,31.4,30.4
2020-06-25 02:00:00,2020,2021-06-25 01:59:38.990,3.4,90.3,9.3,31.1
2020-06-25 03:00:00,2020,2021-06-25 02:59:38.985,1.3,12.7,1.0,143.8
2020-06-25 04:00:00,2020,2021-06-25 03:59:38.980,0.3,0.0,0.0,256.6
2020-06-25 05:00:00,2020,2021-06-25 04:59:38.975,0.0,0.0,0.0,242.5
2020-06-25 06:00:00,2020,2021-06-25 05:59:38.970,0.0,0.0,7.5,214.9
2020-06-25 07:00:00,2020,2021-06-25 06:59:38.965,0.0,0.0,6.8,137.4
2020-06-25 08:00:00,2020,2021-06-25 07:59:38.960,0.0,0.0,3.9,109.6
2020-06-25 09:00:00,2020,2021-06-25 08:59:38.955,0.0,0.7,6.0,82.2
2020-06-25 10:00:00,2020,2021-06-25 09:59:38.950,5.2,3.2,3.0,55.7
2020-06-25 11:00:00,2020,2021-06-25 10:59:38.945,6.7,3.8,0.9,40.4
2020-06-25 12:00:00,2020,2021-06-25 11:59:38.940,2.8,9.3,6.2,40.6
2020-06-25 13:00:00,2020,2021-06-25 12:59:38.935,9.4,9.5,12.1,52.9
2020-06-25 14:00:00,2020,2021-06-25 13:59:38.930,32.6,10.2,8.6,89.0
2020-06-25 15:00:00,2020,2021-06-25 14:59:38.925,96.4,14.9,4.7,154.9
2020-06-25 16:00:00,2020,2021-06-25 15:59:38.920,206.4,28.3,3.7,189.9
2020-06-25 17:00:00,2020,2021-06-25 16:59:38.915,23.1,38.9,0.0,58.0
2020-06-25 18:00:00,2020,2021-06-25 17:59:38.910,37.3,53.8,0.0,38.9
2020-06-25 19:00:00,2020,2021-06-25 18:59:38.905,41.5,52.7,0.0,60.2
2020-06-25 20:00:00,2020,2021-06-25 19:59:38.900,61.4,29.0,2.3,80.1
2020-06-25 21:00:00,2020,2021-06-25 20:59:38.895,111.9,81.0,7.8,92.7
2020-06-25 22:00:00,2020,2021-06-25 21:59:38.890,53.3,628.3,10.1,63.1
2020-06-25 23:00:00,2020,2021-06-25 22:59:38.885,113.2,723.4,72.5,76.5
2020-06-26 00:00:00,2020,2021-06-25 23:59:38.880,163.0,539.7,58.8,93.3
2020-06-26 01:00:00,2020,2021-06-26 00:59:38.875,81.6,162.2,38.2,57.0
2020-06-26 02:00:00,2020,2021-06-26 01:59:38.870,47.4,20.2,22.5,153.7
2020-06-26 03:00:00,2020,2021-06-26 02:59:38.865,18.5,10.1,19.1,212.3
2020-06-26 04:00:00,2020,2021-06-26 03:59:38.860,9.0,4.8,8.0,262.5
2020-06-26 05:00:00,2020,2021-06-26 04:59:38.855,1.8,8.4,4.1,253.7
2020-06-26 06:00:00,2020,2021-06-26 05:59:38.850,16.3,4.0,1.7,255.3
2020-06-26 07:00:00,2020,2021-06-26 06:59:38.845,7.2,7.7,3.1,135.5
2020-06-26 08:00:00,2020,2021-06-26 07:59:38.840,1.5,0.5,1.3,32.9
2020-06-26 09:00:00,2020,2021-06-26 08:59:38.835,16.3,0.0,0.8,8.0
2020-06-26 10:00:00,2020,2021-06-26 09:59:38.830,1.5,0.0,0.5,29.9
2020-06-26 11:00:00,2020,2021-06-26 10:59:38.825,11.2,0.0,0.0,44.4
2020-06-26 12:00:00,2020,2021-06-26 11:59:38.820,15.4,0.0,0.0,53.2
2020-06-26 13:00:00,2020,2021-06-26 12:59:38.815,18.3,0.0,0.0,42.7
2020-06-26 14:00:00,2020,2021-06-26 13:59:38.810,23.5,0.0,0.0,20.0
2020-06-26 15:00:00,2020,2021-06-26 14:59:38.805,33.7,0.0,0.4,15.8
2020-06-26 16:00:00,2020,2021-06-26 15:59:38.800,34.9,0.0,0.4,19.4
2020-06-26 17:00:00,2020,2021-06-26 16:59:38.795,0.1,0.7,1.0,0.0
2020-06-26 18:00:00,2020,2021-06-26 17:59:38.790,9.4,0.2,0.8,0.0
2020-06-26 19:00:00,2020,2021-06-26 18:59:38.785,1.9,6.7,0.0,0.0
2020-06-26 20:00:00,2020,2021-06-26 19:59:38.780,0.4,1.6,0.0,0.0
2020-06-26 21:00:00,2020,2021-06-26 20:59:38.775,0.6,0.0,0.0,0.0
2020-06-26 22:00:00,2020,2021-06-26 21:59:38.770,0.0,0.4,0.0,0.0
2020-06-26 23:00:00,2020,2021-06-26 22:59:38.765,0.0,10.6,0.0,0.0
2020-06-27 00:00:00,2020,2021-06-26 23:59:38.760,0.0,48.9,0.0,0.2
2020-06-27 01:00:00,2020,2021-06-27 00:59:38.755,0.0,81.9,0.0,0.0
2020-06-27 02:00:00,2020,2021-06-27 01:59:38.750,0.0,60.8,0.0,0.4
2020-06-27 03:00:00,2020,2021-06-27 02:59:38.745,0.0,48.2,1.1,0.0
2020-06-27 04:00:00,2020,2021-06-27 03:59:38.740,10.5,48.2,8.1,0.1
2020-06-27 05:00:00,2020,2021-06-27 04:59:38.735,12.9,40.6,4.9,6.6
2020-06-27 06:00:00,2020,2021-06-27 05:59:38.730,4.5,31.2,4.9,16.2
2020-06-27 07:00:00,2020,2021-06-27 06:59:38.725,5.0,27.2,7.9,13.9
2020-06-27 08:00:00,2020,2021-06-27 07:59:38.720,0.0,24.1,1.0,10.1
2020-06-27 09:00:00,2020,2021-06-27 08:59:38.715,0.0,13.2,0.7,13.5
2020-06-27 10:00:00,2020,2021-06-27 09:59:38.710,5.6,14.2,2.0,19.6
2020-06-27 11:00:00,2020,2021-06-27 10:59:38.705,14.3,21.8,2.1,27.9
2020-06-27 12:00:00,2020,2021-06-27 11:59:38.700,10.7,27.2,2.1,10.0
2020-06-27 13:00:00,2020,2021-06-27 12:59:38.695,18.2,27.8,2.3,7.1
2020-06-27 14:00:00,2020,2021-06-27 13:59:38.690,15.6,34.2,1.8,2.6
2020-06-27 15:00:00,2020,2021-06-27 14:59:38.685,3.2,52.9,2.4,0.0
2020-06-27 16:00:00,2020,2021-06-27 15:59:38.680,0.0,106.7,10.2,11.1
2020-06-27 17:00:00,2020,2021-06-27 16:59:38.675,1.2,107.8,4.7,8.8
2020-06-27 18:00:00,2020,2021-06-27 17:59:38.670,2.2,100.7,6.4,5.5
2020-06-27 19:00:00,2020,2021-06-27 18:59:38.665,0.6,123.0,13.7,0.1
2020-06-27 20:00:00,2020,2021-06-27 19:59:38.660,0.2,109.4,13.2,0.5
2020-06-27 21:00:00,2020,2021-06-27 20:59:38.655,5.7,137.8,13.7,13.3
2020-06-27 22:00:00,2020,2021-06-27 21:59:38.650,0.6,171.3,15.0,6.6
2020-06-27 23:00:00,2020,2021-06-27 22:59:38.645,1.5,168.6,12.7,6.6
2020-06-28 00:00:00,2020,2021-06-27 23:59:38.640,11.7,129.2,12.2,12.0
2020-06-28 01:00:00,2020,2021-06-28 00:59:38.635,11.4,137.0,20.9,24.0
2020-06-28 02:00:00,2020,2021-06-28 01:59:38.630,15.6,256.6,23.2,35.5
2020-06-28 03:00:00,2020,2021-06-28 02:59:38.625,11.3,252.1,13.4,29.2
2020-06-28 04:00:00,2020,2021-06-28 03:59:38.620,6.8,240.2,5.7,19.3
2020-06-28 05:00:00,2020,2021-06-28 04:59:38.615,1.2,201.7,20.2,9.8
2020-06-28 06:00:00,2020,2021-06-28 05:59:38.610,0.1,187.8,31.4,0.0
2020-06-28 07:00:00,2020,2021-06-28 06:59:38.605,0.6,182.8,31.3,0.0
2020-06-28 08:00:00,2020,2021-06-28 07:59:38.600,0.0,167.8,12.0,0.0
2020-06-28 09:00:00,2020,2021-06-28 08:59:38.595,0.0,158.9,7.0,0.0
2020-06-28 10:00:00,2020,2021-06-28 09:59:38.590,1.4,125.7,7.1,0.0
2020-06-28 11:00:00,2020,2021-06-28 10:59:38.585,5.6,113.9,5.2,0.2
2020-06-28 12:00:00,2020,2021-06-28 11:59:38.580,3.8,109.1,5.5,0.5
2020-06-28 13:00:00,2020,2021-06-28 12:59:38.575,6.1,102.8,3.2,0.4
2020-06-28 14:00:00,2020,2021-06-28 13:59:38.570,10.4,113.0,1.0,2.1
2020-06-28 15:00:00,2020,2021-06-28 14:59:38.565,4.6,107.7,0.4,4.2
2020-06-28 16:00:00,2020,2021-06-28 15:59:38.560,1.3,99.6,0.2,4.5
2020-06-28 17:00:00,2020,2021-06-28 16:59:38.555,8.0,89.2,0.1,0.0
2020-06-28 18:00:00,2020,2021-06-28 17:59:38.550,5.4,88.7,0.6,0.1
2020-06-28 19:00:00,2020,2021-06-28 18:59:38.545,1.7,86.1,1.0,0.0
2020-06-28 20:00:00,2020,2021-06-28 19:59:38.540,2.1,81.1,1.5,2.0
2020-06-28 21:00:00,2020,2021-06-28 20:59:38.535,23.0,90.9,2.9,27.1
2020-06-28 22:00:00,2020,2021-06-28 21:59:38.530,31.9,143.2,7.7,11.3
2020-06-28 23:00:00,2020,2021-06-28 22:59:38.525,16.2,152.4,11.4,4.0
2020-06-29 00:00:00,2020,2021-06-28 23:59:38.520,3.4,142.1,3.5,0.8
2020-06-29 01:00:00,2020,2021-06-29 00:59:38.515,0.0,314.5,0.9,1.2
2020-06-29 02:00:00,2020,2021-06-29 01:59:38.510,0.3,279.3,0.7,0.4
2020-06-29 03:00:00,2020,2021-06-29 02:59:38.505,9.1,181.0,4.5,0.4
2020-06-29 04:00:00,2020,2021-06-29 03:59:38.500,13.7,174.1,22.5,1.2
2020-06-29 05:00:00,2020,2021-06-29 04:59:38.495,12.4,168.1,40.8,1.4
2020-06-29 06:00:00,2020,2021-06-29 05:59:38.490,6.7,139.8,33.4,4.5
2020-06-29 07:00:00,2020,2021-06-29 06:59:38.485,8.2,194.7,34.0,0.1
2020-06-29 08:00:00,2020,2021-06-29 07:59:38.480,18.1,98.9,12.2,0.0
2020-06-29 09:00:00,2020,2021-06-29 08:59:38.475,23.1,81.0,10.5,0.0
2020-06-29 10:00:00,2020,2021-06-29 09:59:38.470,24.8,109.1,11.3,0.4
2020-06-29 11:00:00,2020,2021-06-29 10:59:38.465,30.2,96.7,7.0,11.0
2020-06-29 12:00:00,2020,2021-06-29 11:59:38.460,47.2,95.9,2.5,79.8
2020-06-29 13:00:00,2020,2021-06-29 12:59:38.455,47.6,83.7,0.3,143.1
2020-06-29 14:00:00,2020,2021-06-29 13:59:38.450,53.9,79.6,0.0,104.1
2020-06-29 15:00:00,2020,2021-06-29 14:59:38.445,38.5,60.2,0.0,61.5
2020-06-29 16:00:00,2020,2021-06-29 15:59:38.440,28.4,52.3,0.0,36.3
2020-06-29 17:00:00,2020,2021-06-29 16:59:38.435,12.6,33.8,0.0,22.4
2020-06-29 18:00:00,2020,2021-06-29 17:59:38.430,1.0,33.0,0.0,8.1
2020-06-29 19:00:00,2020,2021-06-29 18:59:38.425,3.2,14.7,0.4,10.9
2020-06-29 20:00:00,2020,2021-06-29 19:59:38.420,1.0,9.6,0.8,5.0
2020-06-29 21:00:00,2020,2021-06-29 20:59:38.415,0.0,16.0,1.6,1.0
2020-06-29 22:00:00,2020,2021-06-29 21:59:38.410,0.0,32.2,2.6,0.2
2020-06-29 23:00:00,2020,2021-06-29 22:59:38.405,0.0,70.6,6.1,0.2
2020-06-30 00:00:00,2020,2021-06-29 23:59:38.400,0.3,95.9,14.7,0.7
2020-06-30 01:00:00,2020,2021-06-30 00:59:38.395,0.2,115.6,19.6,17.2
2020-06-30 02:00:00,2020,2021-06-30 01:59:38.390,8.9,103.7,17.3,9.9
2020-06-30 03:00:00,2020,2021-06-30 02:59:38.385,12.7,59.8,10.5,21.1
2020-06-30 04:00:00,2020,2021-06-30 03:59:38.380,10.0,61.1,13.0,97.5
2020-06-30 05:00:00,2020,2021-06-30 04:59:38.375,11.2,84.7,20.1,38.0
2020-06-30 06:00:00,2020,2021-06-30 05:59:38.370,0.0,123.3,9.6,10.9
2020-06-30 07:00:00,2020,2021-06-30 06:59:38.365,0.0,134.6,10.4,40.8
2020-06-30 08:00:00,2020,2021-06-30 07:59:38.360,0.0,63.2,5.5,3.6
2020-06-30 09:00:00,2020,2021-06-30 08:59:38.355,0.0,10.3,2.1,0.0
2020-06-30 10:00:00,2020,2021-06-30 09:59:38.350,0.0,0.1,2.7,0.0
2020-06-30 11:00:00,2020,2021-06-30 10:59:38.345,22.6,0.4,1.8,0.0
2020-06-30 12:00:00,2020,2021-06-30 11:59:38.340,29.3,0.7,0.4,0.2
2020-06-30 13:00:00,2020,2021-06-30 12:59:38.335,26.7,0.9,0.4,0.3
2020-06-30 14:00:00,2020,2021-06-30 13:59:38.330,22.2,15.8,0.0,0.6
2020-06-30 15:00:00,2020,2021-06-30 14:59:38.325,3.7,52.4,0.0,2.2
2020-06-30 16:00:00,2020,2021-06-30 15:59:38.320,15.3,133.2,0.0,15.8
2020-06-30 17:00:00,2020,2021-06-30 16:59:38.315,3.3,87.4,0.0,5.8
2020-06-30 18:00:00,2020,2021-06-30 17:59:38.310,0.1,85.1,0.0,12.3
2020-06-30 19:00:00,2020,2021-06-30 18:59:38.305,8.2,108.7,1.6,16.4
2020-06-30 20:00:00,2020,2021-06-30 19:59:38.300,46.8,349.9,1.3,43.6
2020-06-30 21:00:00,2020,2021-06-30 20:59:38.295,200.3,465.8,47.6,48.0
2020-06-30 22:00:00,2020,2021-06-30 21:59:38.290,152.1,523.5,80.3,17.5
2020-06-30 23:00:00,2020,2021-06-30 22:59:38.285,176.3,291.9,54.3,33.6
2020-07-01 00:00:00,2020,2021-06-30 23:59:38.280,155.2,183.6,45.9,162.5
2020-07-01 01:00:00,2020,2021-07-01 00:59:38.275,210.9,179.4,67.8,418.5
2020-07-01 02:00:00,2020,2021-07-01 01:59:38.270,232.3,80.0,76.1,745.6
2020-07-01 03:00:00,2020,2021-07-01 02:59:38.265,536.8,37.0,36.9,754.2
2020-07-01 04:00:00,2020,2021-07-01 03:59:38.260,513.2,8.9,22.1,737.4
2020-07-01 05:00:00,2020,2021-07-01 04:59:38.255,477.4,3.4,14.5,700.7
2020-07-01 06:00:00,2020,2021-07-01 05:59:38.250,558.8,13.7,10.6,643.8
2020-07-01 07:00:00,2020,2021-07-01 06:59:38.245,364.9,16.7,6.3,398.8
2020-07-01 08:00:00,2020,2021-07-01 07:59:38.240,163.8,9.4,1.0,379.5
2020-07-01 09:00:00,2020,2021-07-01 08:59:38.235,47.9,1.0,4.8,280.8
2020-07-01 10:00:00,2020,2021-07-01 09:59:38.230,0.3,0.8,1.9,229.8
2020-07-01 11:00:00,2020,2021-07-01 10:59:38.225,0.1,34.5,0.0,145.6
2020-07-01 12:00:00,2020,2021-07-01 11:59:38.220,1.8,116.4,8.5,50.9
2020-07-01 13:00:00,2020,2021-07-01 12:59:38.215,2.0,126.2,7.0,31.5
2020-07-01 14:00:00,2020,2021-07-01 13:59:38.210,0.1,119.7,6.9,47.2
2020-07-01 15:00:00,2020,2021-07-01 14:59:38.205,0.0,151.0,4.6,44.3
2020-07-01 16:00:00,2020,2021-07-01 15:59:38.200,13.2,146.0,1.5,31.1
2020-07-01 17:00:00,2020,2021-07-01 16:59:38.195,24.3,163.9,0.2,19.5
2020-07-01 18:00:00,2020,2021-07-01 17:59:38.190,0.0,69.8,48.2,1.3
2020-07-01 19:00:00,2020,2021-07-01 18:59:38.185,0.0,39.9,11.3,74.2
2020-07-01 20:00:00,2020,2021-07-01 19:59:38.180,0.0,52.9,28.4,228.0
2020-07-01 21:00:00,2020,2021-07-01 20:59:38.175,0.0,65.1,0.0,114.5
2020-07-01 22:00:00,2020,2021-07-01 21:59:38.170,4.7,82.7,0.0,9.0
2020-07-01 23:00:00,2020,2021-07-01 22:59:38.165,103.4,44.4,79.5,38.1
2020-07-02 00:00:00,2020,2021-07-01 23:59:38.160,171.4,380.3,105.2,181.6
2020-07-02 01:00:00,2020,2021-07-02 00:59:38.155,423.0,642.9,108.4,322.8
2020-07-02 02:00:00,2020,2021-07-02 01:59:38.150,540.1,569.6,76.5,423.3
2020-07-02 03:00:00,2020,2021-07-02 02:59:38.145,529.0,511.6,11.7,570.3
2020-07-02 04:00:00,2020,2021-07-02 03:59:38.140,638.8,207.0,3.0,686.1
2020-07-02 05:00:00,2020,2021-07-02 04:59:38.135,412.9,64.4,20.4,4.9
2020-07-02 06:00:00,2020,2021-07-02 05:59:38.130,35.6,143.7,3.0,9.8
2020-07-02 07:00:00,2020,2021-07-02 06:59:38.125,28.0,84.7,2.0,16.0
2020-07-02 08:00:00,2020,2021-07-02 07:59:38.120,8.6,15.8,1.4,0.6
2020-07-02 09:00:00,2020,2021-07-02 08:59:38.115,1.9,24.1,0.8,0.0
2020-07-02 10:00:00,2020,2021-07-02 09:59:38.110,9.4,43.2,0.1,0.0
2020-07-02 11:00:00,2020,2021-07-02 10:59:38.105,0.4,82.3,0.0,15.6
2020-07-02 12:00:00,2020,2021-07-02 11:59:38.100,109.4,54.2,3.7,49.3
2020-07-02 13:00:00,2020,2021-07-02 12:59:38.095,62.2,94.7,14.9,110.8
2020-07-02 14:00:00,2020,2021-07-02 13:59:38.090,99.4,79.9,44.0,256.5
2020-07-02 15:00:00,2020,2021-07-02 14:59:38.085,136.0,83.9,55.1,132.1
2020-07-02 16:00:00,2020,2021-07-02 15:59:38.080,332.1,105.1,26.9,147.0
2020-07-02 17:00:00,2020,2021-07-02 16:59:38.075,0.0,33.8,0.9,0.0
2020-07-02 18:00:00,2020,2021-07-02 17:59:38.070,0.0,15.8,0.0,0.0
2020-07-02 19:00:00,2020,2021-07-02 18:59:38.065,0.8,8.4,0.0,0.0
2020-07-02 20:00:00,2020,2021-07-02 19:59:38.060,150.9,1.7,0.2,146.7
2020-07-02 21:00:00,2020,2021-07-02 20:59:38.055,89.3,212.3,11.1,157.4
2020-07-02 22:00:00,2020,2021-07-02 21:59:38.050,46.7,185.8,48.3,39.4
2020-07-02 23:00:00,2020,2021-07-02 22:59:38.045,14.8,80.3,73.0,27.6
2020-07-03 00:00:00,2020,2021-07-02 23:59:38.040,12.0,12.0,75.2,31.3
2020-07-03 01:00:00,2020,2021-07-03 00:59:38.035,5.4,16.4,69.8,25.6
2020-07-03 02:00:00,2020,2021-07-03 01:59:38.030,5.1,15.8,44.3,21.1
2020-07-03 03:00:00,2020,2021-07-03 02:59:38.025,13.6,17.4,40.5,17.0
2020-07-03 04:00:00,2020,2021-07-03 03:59:38.020,1.2,18.5,45.3,22.2
2020-07-03 05:00:00,2020,2021-07-03 04:59:38.015,0.0,31.7,66.4,3.3
2020-07-03 06:00:00,2020,2021-07-03 05:59:38.010,0.2,14.3,58.2,0.0
2020-07-03 07:00:00,2020,2021-07-03 06:59:38.005,0.2,0.1,23.9,0.0
2020-07-03 08:00:00,2020,2021-07-03 07:59:38.000,0.4,0.0,3.1,0.0
2020-07-03 09:00:00,2020,2021-07-03 08:59:37.995,0.0,0.0,0.0,0.0
2020-07-03 10:00:00,2020,2021-07-03 09:59:37.990,8.6,2.9,0.0,0.0
2020-07-03 11:00:00,2020,2021-07-03 10:59:37.985,10.8,10.5,0.0,0.0
2020-07-03 12:00:00,2020,2021-07-03 11:59:37.980,21.1,22.3,0.0,0.0
2020-07-03 13:00:00,2020,2021-07-03 12:59:37.975,23.6,24.7,0.0,0.1
2020-07-03 14:00:00,2020,2021-07-03 13:59:37.970,33.7,3.4,0.0,2.4
2020-07-03 15:00:00,2020,2021-07-03 14:59:37.965,40.3,22.1,0.2,87.4
2020-07-03 16:00:00,2020,2021-07-03 15:59:37.960,78.1,18.1,0.6,48.6
2020-07-03 17:00:00,2020,2021-07-03 16:59:37.955,0.0,13.3,0.0,0.0
2020-07-03 18:00:00,2020,2021-07-03 17:59:37.950,0.0,8.3,0.0,19.8
2020-07-03 19:00:00,2020,2021-07-03 18:59:37.945,3.5,17.7,0.0,1.5
2020-07-03 20:00:00,2020,2021-07-03 19:59:37.940,8.6,31.5,0.0,0.0
2020-07-03 21:00:00,2020,2021-07-03 20:59:37.935,0.0,10.3,0.0,0.0
2020-07-03 22:00:00,2020,2021-07-03 21:59:37.930,0.0,0.4,0.1,0.0
2020-07-03 23:00:00,2020,2021-07-03 22:59:37.925,0.0,200.5,0.0,0.1
2020-07-04 00:00:00,2020,2021-07-03 23:59:37.920,0.1,372.8,4.7,0.2
2020-07-04 01:00:00,2020,2021-07-04 00:59:37.915,1.6,273.7,2.8,1.0
2020-07-04 02:00:00,2020,2021-07-04 01:59:37.910,9.2,258.1,16.8,2.1
2020-07-04 03:00:00,2020,2021-07-04 02:59:37.905,15.1,185.3,28.0,2.6
2020-07-04 04:00:00,2020,2021-07-04 03:59:37.900,4.7,127.8,28.3,89.6
2020-07-04 05:00:00,2020,2021-07-04 04:59:37.895,18.4,57.6,18.4,177.7
2020-07-04 06:00:00,2020,2021-07-04 05:59:37.890,13.7,10.2,15.0,162.5
2020-07-04 07:00:00,2020,2021-07-04 06:59:37.885,27.1,0.1,3.8,107.8
2020-07-04 08:00:00,2020,2021-07-04 07:59:37.880,0.0,0.0,0.0,47.1
2020-07-04 09:00:00,2020,2021-07-04 08:59:37.875,0.0,0.0,0.0,5.8
2020-07-04 10:00:00,2020,2021-07-04 09:59:37.870,0.0,2.0,0.5,3.0
2020-07-04 11:00:00,2020,2021-07-04 10:59:37.865,18.6,6.7,0.0,4.3
2020-07-04 12:00:00,2020,2021-07-04 11:59:37.860,16.9,5.6,0.0,5.1
2020-07-04 13:00:00,2020,2021-07-04 12:59:37.855,1.9,6.0,0.0,0.7
2020-07-04 14:00:00,2020,2021-07-04 13:59:37.850,11.1,10.3,0.0,0.0
2020-07-04 15:00:00,2020,2021-07-04 14:59:37.845,0.0,11.3,0.3,0.0
2020-07-04 16:00:00,2020,2021-07-04 15:59:37.840,0.0,16.4,0.1,0.8
2020-07-04 17:00:00,2020,2021-07-04 16:59:37.835,0.0,28.9,2.4,0.4
2020-07-04 18:00:00,2020,2021-07-04 17:59:37.830,1.0,21.3,1.4,2.9
2020-07-04 19:00:00,2020,2021-07-04 18:59:37.825,0.1,19.6,2.5,0.4
2020-07-04 20:00:00,2020,2021-07-04 19:59:37.820,0.0,17.3,0.8,0.0
2020-07-04 21:00:00,2020,2021-07-04 20:59:37.815,0.0,3.8,0.1,5.5
2020-07-04 22:00:00,2020,2021-07-04 21:59:37.810,0.0,1.4,0.0,2.3
2020-07-04 23:00:00,2020,2021-07-04 22:59:37.805,3.9,448.7,0.0,0.0
2020-07-05 00:00:00,2020,2021-07-04 23:59:37.800,14.2,401.2,29.4,0.0
2020-07-05 01:00:00,2020,2021-07-05 00:59:37.795,25.5,256.6,22.1,0.3
2020-07-05 02:00:00,2020,2021-07-05 01:59:37.790,2.6,145.7,26.2,5.0
2020-07-05 03:00:00,2020,2021-07-05 02:59:37.785,0.0,56.0,18.6,0.2
2020-07-05 04:00:00,2020,2021-07-05 03:59:37.780,0.0,34.2,10.7,0.0
2020-07-05 05:00:00,2020,2021-07-05 04:59:37.775,0.0,12.7,9.9,0.0
2020-07-05 06:00:00,2020,2021-07-05 05:59:37.770,0.0,9.8,12.1,2.9
2020-07-05 07:00:00,2020,2021-07-05 06:59:37.765,0.0,8.6,4.5,2.8
2020-07-05 08:00:00,2020,2021-07-05 07:59:37.760,0.0,3.7,0.8,0.1
2020-07-05 09:00:00,2020,2021-07-05 08:59:37.755,0.0,4.2,2.7,0.0
2020-07-05 10:00:00,2020,2021-07-05 09:59:37.750,0.7,4.9,3.3,1.4
2020-07-05 11:00:00,2020,2021-07-05 10:59:37.745,6.2,7.3,3.0,1.9
2020-07-05 12:00:00,2020,2021-07-05 11:59:37.740,12.6,8.8,1.0,2.7
2020-07-05 13:00:00,2020,2021-07-05 12:59:37.735,12.1,14.1,1.4,3.0
2020-07-05 14:00:00,2020,2021-07-05 13:59:37.730,14.6,12.3,2.1,2.9
2020-07-05 15:00:00,2020,2021-07-05 14:59:37.725,18.5,7.0,2.9,3.4
2020-07-05 16:00:00,2020,2021-07-05 15:59:37.720,17.7,13.4,4.6,10.8
2020-07-05 17:00:00,2020,2021-07-05 16:59:37.715,12.7,7.7,2.8,15.7
2020-07-05 18:00:00,2020,2021-07-05 17:59:37.710,25.5,53.3,1.8,18.4
2020-07-05 19:00:00,2020,2021-07-05 18:59:37.705,31.8,21.2,11.6,1.2
2020-07-05 20:00:00,2020,2021-07-05 19:59:37.700,23.1,0.5,33.8,52.7
2020-07-05 21:00:00,2020,2021-07-05 20:59:37.695,39.2,3.7,16.0,71.0
2020-07-05 22:00:00,2020,2021-07-05 21:59:37.690,139.3,50.6,9.6,138.3
2020-07-05 23:00:00,2020,2021-07-05 22:59:37.685,235.4,17.9,37.6,348.8
2020-07-06 00:00:00,2020,2021-07-05 23:59:37.680,73.5,117.3,10.3,259.8
2020-07-06 01:00:00,2020,2021-07-06 00:59:37.675,176.7,112.5,11.7,148.6
2020-07-06 02:00:00,2020,2021-07-06 01:59:37.670,55.3,174.9,26.8,170.9
2020-07-06 03:00:00,2020,2021-07-06 02:59:37.665,67.0,144.7,4.6,261.5
2020-07-06 04:00:00,2020,2021-07-06 03:59:37.660,76.8,177.5,3.9,341.0
2020-07-06 05:00:00,2020,2021-07-06 04:59:37.655,38.5,138.9,4.4,286.0
2020-07-06 06:00:00,2020,2021-07-06 05:59:37.650,6.8,79.6,5.3,163.0
2020-07-06 07:00:00,2020,2021-07-06 06:59:37.645,0.0,105.6,17.2,118.8
2020-07-06 08:00:00,2020,2021-07-06 07:59:37.640,0.0,57.6,20.1,20.1
2020-07-06 09:00:00,2020,2021-07-06 08:59:37.635,0.0,11.7,13.6,1.7
2020-07-06 10:00:00,2020,2021-07-06 09:59:37.630,0.0,18.9,6.8,0.0
2020-07-06 11:00:00,2020,2021-07-06 10:59:37.625,18.5,10.6,0.1,0.1
2020-07-06 12:00:00,2020,2021-07-06 11:59:37.620,28.7,0.0,0.0,0.7
2020-07-06 13:00:00,2020,2021-07-06 12:59:37.615,30.2,0.0,0.0,2.7
2020-07-06 14:00:00,2020,2021-07-06 13:59:37.610,21.0,0.0,0.0,2.1
2020-07-06 15:00:00,2020,2021-07-06 14:59:37.605,30.0,0.1,0.0,10.9
2020-07-06 16:00:00,2020,2021-07-06 15:59:37.600,10.7,6.4,1.8,0.4
2020-07-06 17:00:00,2020,2021-07-06 16:59:37.595,0.4,27.1,5.9,17.0
2020-07-06 18:00:00,2020,2021-07-06 17:59:37.590,1.8,29.1,6.8,19.4
2020-07-06 19:00:00,2020,2021-07-06 18:59:37.585,21.0,22.2,7.6,4.5
2020-07-06 20:00:00,2020,2021-07-06 19:59:37.580,25.9,102.1,3.4,7.5
2020-07-06 21:00:00,2020,2021-07-06 20:59:37.575,28.1,56.4,5.2,19.4
2020-07-06 22:00:00,2020,2021-07-06 21:59:37.570,35.4,46.2,10.7,29.9
2020-07-06 23:00:00,2020,2021-07-06 22:59:37.565,126.4,114.2,11.8,42.7
2020-07-07 00:00:00,2020,2021-07-06 23:59:37.560,58.7,53.2,23.8,44.5
2020-07-07 01:00:00,2020,2021-07-07 00:59:37.555,29.7,21.6,22.1,28.3
2020-07-07 02:00:00,2020,2021-07-07 01:59:37.550,44.5,36.6,19.6,27.8
2020-07-07 03:00:00,2020,2021-07-07 02:59:37.545,27.4,48.7,12.0,9.2
2020-07-07 04:00:00,2020,2021-07-07 03:59:37.540,0.0,14.7,7.0,33.6
2020-07-07 05:00:00,2020,2021-07-07 04:59:37.535,0.0,1.5,14.6,14.5
2020-07-07 06:00:00,2020,2021-07-07 05:59:37.530,0.0,19.5,26.3,11.8
2020-07-07 07:00:00,2020,2021-07-07 06:59:37.525,0.0,14.1,33.4,14.0
2020-07-07 08:00:00,2020,2021-07-07 07:59:37.520,0.0,0.5,18.8,2.4
2020-07-07 09:00:00,2020,2021-07-07 08:59:37.515,0.0,0.6,9.0,0.0
2020-07-07 10:00:00,2020,2021-07-07 09:59:37.510,2.9,1.2,0.1,23.6
2020-07-07 11:00:00,2020,2021-07-07 10:59:37.505,0.8,4.1,0.1,2.9
2020-07-07 12:00:00,2020,2021-07-07 11:59:37.500,39.8,5.9,0.0,21.1
2020-07-07 13:00:00,2020,2021-07-07 12:59:37.495,43.0,1.8,0.0,19.0
2020-07-07 14:00:00,2020,2021-07-07 13:59:37.490,46.4,21.8,0.7,17.2
2020-07-07 15:00:00,2020,2021-07-07 14:59:37.485,73.5,84.1,0.2,43.4
2020-07-07 16:00:00,2020,2021-07-07 15:59:37.480,65.5,107.3,0.0,57.9
2020-07-07 17:00:00,2020,2021-07-07 16:59:37.475,25.6,79.7,0.1,248.5
2020-07-07 18:00:00,2020,2021-07-07 17:59:37.470,0.0,98.7,2.2,358.7
2020-07-07 19:00:00,2020,2021-07-07 18:59:37.465,0.0,165.6,12.2,573.3
2020-07-07 20:00:00,2020,2021-07-07 19:59:37.460,231.3,344.4,19.0,746.0
2020-07-07 21:00:00,2020,2021-07-07 20:59:37.455,371.0,454.4,73.9,725.7
2020-07-07 22:00:00,2020,2021-07-07 21:59:37.450,321.1,314.8,50.7,667.6
2020-07-07 23:00:00,2020,2021-07-07 22:59:37.445,397.2,166.2,8.6,559.2
2020-07-08 00:00:00,2020,2021-07-07 23:59:37.440,463.3,134.6,43.6,579.8
2020-07-08 01:00:00,2020,2021-07-08 00:59:37.435,456.1,115.9,61.1,638.5
2020-07-08 02:00:00,2020,2021-07-08 01:59:37.430,340.2,129.3,70.7,688.9
2020-07-08 03:00:00,2020,2021-07-08 02:59:37.425,309.3,7.6,73.9,609.9
2020-07-08 04:00:00,2020,2021-07-08 03:59:37.420,102.0,4.2,67.1,627.2
2020-07-08 05:00:00,2020,2021-07-08 04:59:37.415,29.9,0.7,73.0,642.1
2020-07-08 06:00:00,2020,2021-07-08 05:59:37.410,12.3,20.6,92.4,511.1
2020-07-08 07:00:00,2020,2021-07-08 06:59:37.405,19.2,19.9,77.0,391.4
2020-07-08 08:00:00,2020,2021-07-08 07:59:37.400,11.0,0.0,51.4,374.1
2020-07-08 09:00:00,2020,2021-07-08 08:59:37.395,2.8,0.6,54.9,301.1
2020-07-08 10:00:00,2020,2021-07-08 09:59:37.390,1.1,7.4,38.5,194.0
2020-07-08 11:00:00,2020,2021-07-08 10:59:37.385,6.9,36.7,28.3,132.3
2020-07-08 12:00:00,2020,2021-07-08 11:59:37.380,11.7,73.0,25.6,85.2
2020-07-08 13:00:00,2020,2021-07-08 12:59:37.375,30.5,54.7,7.1,77.9
2020-07-08 14:00:00,2020,2021-07-08 13:59:37.370,89.5,210.4,26.1,96.9
2020-07-08 15:00:00,2020,2021-07-08 14:59:37.365,44.2,352.1,64.8,110.5
2020-07-08 16:00:00,2020,2021-07-08 15:59:37.360,0.1,370.4,86.9,92.3
2020-07-08 17:00:00,2020,2021-07-08 16:59:37.355,460.8,316.4,74.4,87.3
2020-07-08 18:00:00,2020,2021-07-08 17:59:37.350,231.9,210.0,39.6,122.7
2020-07-08 19:00:00,2020,2021-07-08 18:59:37.345,33.3,195.9,89.3,107.0
2020-07-08 20:00:00,2020,2021-07-08 19:59:37.340,126.7,230.4,118.4,262.0
2020-07-08 21:00:00,2020,2021-07-08 20:59:37.335,11.9,267.2,124.7,275.3
2020-07-08 22:00:00,2020,2021-07-08 21:59:37.330,299.4,344.0,135.5,550.7
2020-07-08 23:00:00,2020,2021-07-08 22:59:37.325,390.7,246.8,130.9,472.6
2020-07-09 00:00:00,2020,2021-07-08 23:59:37.320,126.1,135.4,107.4,277.8
2020-07-09 01:00:00,2020,2021-07-09 00:59:37.315,167.8,61.0,95.7,369.8
2020-07-09 02:00:00,2020,2021-07-09 01:59:37.310,77.8,125.9,76.5,487.9
2020-07-09 03:00:00,2020,2021-07-09 02:59:37.305,118.8,48.4,85.3,562.1
2020-07-09 04:00:00,2020,2021-07-09 03:59:37.300,25.4,34.6,81.8,637.1
2020-07-09 05:00:00,2020,2021-07-09 04:59:37.295,3.2,60.0,51.2,631.8
2020-07-09 06:00:00,2020,2021-07-09 05:59:37.290,0.0,31.1,63.5,566.3
2020-07-09 07:00:00,2020,2021-07-09 06:59:37.285,0.0,17.1,50.7,430.9
2020-07-09 08:00:00,2020,2021-07-09 07:59:37.280,0.0,2.0,21.1,378.3
2020-07-09 09:00:00,2020,2021-07-09 08:59:37.275,0.8,2.1,3.3,315.6
2020-07-09 10:00:00,2020,2021-07-09 09:59:37.270,24.5,5.2,3.5,243.4
2020-07-09 11:00:00,2020,2021-07-09 10:59:37.265,53.2,2.5,7.7,172.1
2020-07-09 12:00:00,2020,2021-07-09 11:59:37.260,116.6,27.4,5.4,112.4
2020-07-09 13:00:00,2020,2021-07-09 12:59:37.255,99.4,61.3,4.9,88.3
2020-07-09 14:00:00,2020,2021-07-09 13:59:37.250,183.3,142.0,8.7,144.3
2020-07-09 15:00:00,2020,2021-07-09 14:59:37.245,301.8,264.9,22.3,210.5
2020-07-09 16:00:00,2020,2021-07-09 15:59:37.240,364.7,451.4,48.3,370.1
2020-07-09 17:00:00,2020,2021-07-09 16:59:37.235,139.3,566.5,67.3,263.2
2020-07-09 18:00:00,2020,2021-07-09 17:59:37.230,174.6,401.2,70.4,259.8
2020-07-09 19:00:00,2020,2021-07-09 18:59:37.225,310.5,489.8,106.2,304.3
2020-07-09 20:00:00,2020,2021-07-09 19:59:37.220,359.3,202.1,17.0,381.3
2020-07-09 21:00:00,2020,2021-07-09 20:59:37.215,626.0,293.9,40.8,617.2
2020-07-09 22:00:00,2020,2021-07-09 21:59:37.210,663.8,273.6,9.8,648.4
2020-07-09 23:00:00,2020,2021-07-09 22:59:37.205,609.5,181.6,11.6,695.5
2020-07-10 00:00:00,2020,2021-07-09 23:59:37.200,496.0,186.8,24.0,649.8
2020-07-10 01:00:00,2020,2021-07-10 00:59:37.195,668.4,24.5,95.9,777.5
2020-07-10 02:00:00,2020,2021-07-10 01:59:37.190,633.7,39.0,68.0,780.6
2020-07-10 03:00:00,2020,2021-07-10 02:59:37.185,567.0,17.8,62.6,442.2
2020-07-10 04:00:00,2020,2021-07-10 03:59:37.180,416.7,0.0,67.7,580.7
2020-07-10 05:00:00,2020,2021-07-10 04:59:37.175,296.8,0.0,69.0,594.6
2020-07-10 06:00:00,2020,2021-07-10 05:59:37.170,150.9,0.0,58.0,493.7
2020-07-10 07:00:00,2020,2021-07-10 06:59:37.165,37.0,0.0,30.7,314.9
2020-07-10 08:00:00,2020,2021-07-10 07:59:37.160,1.4,0.0,12.7,189.3
2020-07-10 09:00:00,2020,2021-07-10 08:59:37.155,0.0,0.5,6.5,17.7
2020-07-10 10:00:00,2020,2021-07-10 09:59:37.150,0.0,0.0,0.0,0.0
2020-07-10 11:00:00,2020,2021-07-10 10:59:37.145,0.0,0.0,0.0,0.0
2020-07-10 12:00:00,2020,2021-07-10 11:59:37.140,0.0,0.0,3.7,0.0
2020-07-10 13:00:00,2020,2021-07-10 12:59:37.135,0.2,1.6,4.5,0.0
2020-07-10 14:00:00,2020,2021-07-10 13:59:37.130,0.4,0.2,0.6,0.0
2020-07-10 15:00:00,2020,2021-07-10 14:59:37.125,0.0,0.5,0.0,0.0
2020-07-10 16:00:00,2020,2021-07-10 15:59:37.120,0.0,0.0,0.0,0.0
2020-07-10 17:00:00,2020,2021-07-10 16:59:37.115,0.0,0.9,0.0,0.0
2020-07-10 18:00:00,2020,2021-07-10 17:59:37.110,0.0,0.0,0.0,0.0
2020-07-10 19:00:00,2020,2021-07-10 18:59:37.105,1.3,0.0,0.0,0.0
2020-07-10 20:00:00,2020,2021-07-10 19:59:37.100,0.9,0.0,0.0,0.0
2020-07-10 21:00:00,2020,2021-07-10 20:59:37.095,0.4,0.0,0.0,0.0
2020-07-10 22:00:00,2020,2021-07-10 21:59:37.090,0.1,0.0,0.0,3.8
2020-07-10 23:00:00,2020,2021-07-10 22:59:37.085,8.6,0.0,0.0,4.5
2020-07-11 00:00:00,2020,2021-07-10 23:59:37.080,16.7,0.0,0.0,9.4
2020-07-11 01:00:00,2020,2021-07-11 00:59:37.075,23.1,0.0,0.0,3.6
2020-07-11 02:00:00,2020,2021-07-11 01:59:37.070,20.1,0.0,0.0,0.9
2020-07-11 03:00:00,2020,2021-07-11 02:59:37.065,24.7,0.0,0.0,0.3
2020-07-11 04:00:00,2020,2021-07-11 03:59:37.060,26.3,0.0,0.0,0.5
2020-07-11 05:00:00,2020,2021-07-11 04:59:37.055,0.8,0.0,0.1,8.7
2020-07-11 06:00:00,2020,2021-07-11 05:59:37.050,0.0,0.0,0.1,17.7
2020-07-11 07:00:00,2020,2021-07-11 06:59:37.045,0.0,0.0,0.8,13.6
2020-07-11 08:00:00,2020,2021-07-11 07:59:37.040,0.0,0.0,0.0,0.0
2020-07-11 09:00:00,2020,2021-07-11 08:59:37.035,0.0,0.0,0.2,0.0
2020-07-11 10:00:00,2020,2021-07-11 09:59:37.030,11.9,2.7,1.4,0.2
2020-07-11 11:00:00,2020,2021-07-11 10:59:37.025,2.7,0.3,4.1,0.0
2020-07-11 12:00:00,2020,2021-07-11 11:59:37.020,0.8,0.3,2.1,0.0
2020-07-11 13:00:00,2020,2021-07-11 12:59:37.015,2.9,6.4,2.2,0.0
2020-07-11 14:00:00,2020,2021-07-11 13:59:37.010,7.0,24.4,3.2,1.4
2020-07-11 15:00:00,2020,2021-07-11 14:59:37.005,6.4,14.4,4.7,0.4
2020-07-11 16:00:00,2020,2021-07-11 15:59:37.000,6.1,18.2,5.0,0.0
2020-07-11 17:00:00,2020,2021-07-11 16:59:36.995,1.4,22.6,0.9,0.0
2020-07-11 18:00:00,2020,2021-07-11 17:59:36.990,1.2,18.0,0.0,0.0
2020-07-11 19:00:00,2020,2021-07-11 18:59:36.985,0.7,15.8,0.3,0.0
2020-07-11 20:00:00,2020,2021-07-11 19:59:36.980,0.0,11.0,0.9,0.0
2020-07-11 21:00:00,2020,2021-07-11 20:59:36.975,0.0,0.0,2.2,0.0
2020-07-11 22:00:00,2020,2021-07-11 21:59:36.970,13.5,0.7,2.9,0.1
2020-07-11 23:00:00,2020,2021-07-11 22:59:36.965,14.8,1.2,1.8,1.1
2020-07-12 00:00:00,2020,2021-07-11 23:59:36.960,23.3,0.1,0.0,2.6
2020-07-12 01:00:00,2020,2021-07-12 00:59:36.955,32.6,1.1,0.0,2.6
2020-07-12 02:00:00,2020,2021-07-12 01:59:36.950,28.2,12.4,0.8,10.8
2020-07-12 03:00:00,2020,2021-07-12 02:59:36.945,0.1,12.8,1.2,7.3
2020-07-12 04:00:00,2020,2021-07-12 03:59:36.940,0.0,11.3,3.8,1.2
2020-07-12 05:00:00,2020,2021-07-12 04:59:36.935,0.0,8.7,1.3,0.8
2020-07-12 06:00:00,2020,2021-07-12 05:59:36.930,1.7,11.7,2.1,10.5
2020-07-12 07:00:00,2020,2021-07-12 06:59:36.925,19.9,6.3,1.7,20.1
2020-07-12 08:00:00,2020,2021-07-12 07:59:36.920,0.0,0.0,0.0,0.5
2020-07-12 09:00:00,2020,2021-07-12 08:59:36.915,0.0,0.0,0.0,0.0
2020-07-12 10:00:00,2020,2021-07-12 09:59:36.910,0.0,0.0,0.0,0.2
2020-07-12 11:00:00,2020,2021-07-12 10:59:36.905,0.0,0.0,0.0,0.0
2020-07-12 12:00:00,2020,2021-07-12 11:59:36.900,0.1,0.6,0.0,0.0
2020-07-12 13:00:00,2020,2021-07-12 12:59:36.895,0.0,7.6,0.0,0.0
2020-07-12 14:00:00,2020,2021-07-12 13:59:36.890,0.1,11.1,0.0,0.3
2020-07-12 15:00:00,2020,2021-07-12 14:59:36.885,0.0,6.0,0.0,2.5
2020-07-12 16:00:00,2020,2021-07-12 15:59:36.880,0.3,15.6,0.3,0.9
2020-07-12 17:00:00,2020,2021-07-12 16:59:36.875,13.1,79.3,0.4,1.4
2020-07-12 18:00:00,2020,2021-07-12 17:59:36.870,11.5,200.9,0.0,0.1
2020-07-12 19:00:00,2020,2021-07-12 18:59:36.865,8.1,235.5,4.7,0.1
2020-07-12 20:00:00,2020,2021-07-12 19:59:36.860,54.5,158.1,10.3,193.8
2020-07-12 21:00:00,2020,2021-07-12 20:59:36.855,335.2,175.1,42.9,255.3
2020-07-12 22:00:00,2020,2021-07-12 21:59:36.850,390.6,270.6,33.2,307.6
2020-07-12 23:00:00,2020,2021-07-12 22:59:36.845,510.6,236.3,2.5,563.5
2020-07-13 00:00:00,2020,2021-07-12 23:59:36.840,579.0,123.8,2.2,687.9
2020-07-13 01:00:00,2020,2021-07-13 00:59:36.835,603.0,77.4,14.7,697.0
2020-07-13 02:00:00,2020,2021-07-13 01:59:36.830,622.4,56.6,31.2,681.0
2020-07-13 03:00:00,2020,2021-07-13 02:59:36.825,582.6,45.3,35.4,615.9
2020-07-13 04:00:00,2020,2021-07-13 03:59:36.820,592.9,84.1,58.2,521.7
2020-07-13 05:00:00,2020,2021-07-13 04:59:36.815,594.8,151.6,63.5,592.4
2020-07-13 06:00:00,2020,2021-07-13 05:59:36.810,546.2,141.8,53.0,680.9
2020-07-13 07:00:00,2020,2021-07-13 06:59:36.805,366.0,74.4,44.2,582.4
2020-07-13 08:00:00,2020,2021-07-13 07:59:36.800,236.0,20.7,39.7,539.1
2020-07-13 09:00:00,2020,2021-07-13 08:59:36.795,108.8,9.7,33.7,517.8
2020-07-13 10:00:00,2020,2021-07-13 09:59:36.790,118.1,16.7,18.6,436.7
2020-07-13 11:00:00,2020,2021-07-13 10:59:36.785,141.0,37.2,30.5,367.3
2020-07-13 12:00:00,2020,2021-07-13 11:59:36.780,183.5,75.5,31.8,371.2
2020-07-13 13:00:00,2020,2021-07-13 12:59:36.775,265.7,65.6,30.0,394.4
2020-07-13 14:00:00,2020,2021-07-13 13:59:36.770,329.3,49.7,19.8,364.6
2020-07-13 15:00:00,2020,2021-07-13 14:59:36.765,345.9,103.9,15.7,312.5
2020-07-13 16:00:00,2020,2021-07-13 15:59:36.760,350.4,124.7,14.4,298.6
2020-07-13 17:00:00,2020,2021-07-13 16:59:36.755,449.3,288.8,44.1,335.6
2020-07-13 18:00:00,2020,2021-07-13 17:59:36.750,463.6,255.2,72.0,281.3
2020-07-13 19:00:00,2020,2021-07-13 18:59:36.745,385.3,162.1,68.1,212.8
2020-07-13 20:00:00,2020,2021-07-13 19:59:36.740,326.5,108.7,49.2,217.0
2020-07-13 21:00:00,2020,2021-07-13 20:59:36.735,396.4,253.2,48.1,288.9
2020-07-13 22:00:00,2020,2021-07-13 21:59:36.730,435.5,177.6,57.8,430.4
2020-07-13 23:00:00,2020,2021-07-13 22:59:36.725,509.6,141.7,36.2,543.0
2020-07-14 00:00:00,2020,2021-07-13 23:59:36.720,501.5,16.6,39.5,635.0
2020-07-14 01:00:00,2020,2021-07-14 00:59:36.715,423.1,4.0,24.5,521.9
2020-07-14 02:00:00,2020,2021-07-14 01:59:36.710,224.7,9.6,15.0,419.4
2020-07-14 03:00:00,2020,2021-07-14 02:59:36.705,148.5,21.1,11.8,530.4
2020-07-14 04:00:00,2020,2021-07-14 03:59:36.700,78.0,32.8,16.6,527.7
2020-07-14 05:00:00,2020,2021-07-14 04:59:36.695,75.2,32.5,24.0,522.8
2020-07-14 06:00:00,2020,2021-07-14 05:59:36.690,75.7,27.3,20.5,479.0
2020-07-14 07:00:00,2020,2021-07-14 06:59:36.685,13.5,0.0,22.1,153.1
2020-07-14 08:00:00,2020,2021-07-14 07:59:36.680,0.0,0.0,5.0,24.0
2020-07-14 09:00:00,2020,2021-07-14 08:59:36.675,0.0,0.0,1.1,2.6
2020-07-14 10:00:00,2020,2021-07-14 09:59:36.670,0.0,0.5,2.1,4.2
2020-07-14 11:00:00,2020,2021-07-14 10:59:36.665,0.4,71.3,3.0,26.6
2020-07-14 12:00:00,2020,2021-07-14 11:59:36.660,0.2,142.0,2.2,15.0
2020-07-14 13:00:00,2020,2021-07-14 12:59:36.655,0.1,163.6,1.9,20.8
2020-07-14 14:00:00,2020,2021-07-14 13:59:36.650,15.9,221.7,0.5,49.1
2020-07-14 15:00:00,2020,2021-07-14 14:59:36.645,84.4,251.6,2.9,102.4
2020-07-14 16:00:00,2020,2021-07-14 15:59:36.640,94.2,307.4,9.4,122.3
2020-07-14 17:00:00,2020,2021-07-14 16:59:36.635,60.5,355.6,32.2,126.8
2020-07-14 18:00:00,2020,2021-07-14 17:59:36.630,120.6,290.9,17.4,148.4
2020-07-14 19:00:00,2020,2021-07-14 18:59:36.625,217.9,332.3,30.8,139.7
2020-07-14 20:00:00,2020,2021-07-14 19:59:36.620,267.3,334.7,104.0,198.1
2020-07-14 21:00:00,2020,2021-07-14 20:59:36.615,495.9,377.9,113.3,504.6
2020-07-14 22:00:00,2020,2021-07-14 21:59:36.610,621.5,559.0,121.6,690.4
2020-07-14 23:00:00,2020,2021-07-14 22:59:36.605,641.7,617.7,138.8,671.9
2020-07-15 00:00:00,2020,2021-07-14 23:59:36.600,627.7,491.3,126.4,670.5
2020-07-15 01:00:00,2020,2021-07-15 00:59:36.595,626.9,390.8,126.0,722.8
2020-07-15 02:00:00,2020,2021-07-15 01:59:36.590,487.0,198.6,118.9,684.8
2020-07-15 03:00:00,2020,2021-07-15 02:59:36.585,547.6,306.5,101.9,637.3
2020-07-15 04:00:00,2020,2021-07-15 03:59:36.580,405.3,423.8,124.5,643.5
2020-07-15 05:00:00,2020,2021-07-15 04:59:36.575,491.7,415.7,96.1,651.4
2020-07-15 06:00:00,2020,2021-07-15 05:59:36.570,340.4,535.6,115.5,389.3
2020-07-15 07:00:00,2020,2021-07-15 06:59:36.565,105.1,387.1,80.8,203.7
2020-07-15 08:00:00,2020,2021-07-15 07:59:36.560,42.8,174.6,49.9,130.1
2020-07-15 09:00:00,2020,2021-07-15 08:59:36.555,3.0,191.1,14.4,134.8
2020-07-15 10:00:00,2020,2021-07-15 09:59:36.550,53.5,257.9,13.6,184.9
2020-07-15 11:00:00,2020,2021-07-15 10:59:36.545,126.0,329.6,29.9,154.5
2020-07-15 12:00:00,2020,2021-07-15 11:59:36.540,111.1,402.2,38.7,191.9
2020-07-15 13:00:00,2020,2021-07-15 12:59:36.535,144.2,370.1,15.2,270.5
2020-07-15 14:00:00,2020,2021-07-15 13:59:36.530,258.8,413.7,30.8,240.7
2020-07-15 15:00:00,2020,2021-07-15 14:59:36.525,275.2,413.7,41.3,179.2
2020-07-15 16:00:00,2020,2021-07-15 15:59:36.520,335.3,596.8,56.9,255.3
2020-07-15 17:00:00,2020,2021-07-15 16:59:36.515,544.1,542.3,73.3,488.6
2020-07-15 18:00:00,2020,2021-07-15 17:59:36.510,463.9,546.2,103.4,176.0
2020-07-15 19:00:00,2020,2021-07-15 18:59:36.505,572.3,586.3,102.9,429.5
2020-07-15 20:00:00,2020,2021-07-15 19:59:36.500,502.7,658.0,129.2,311.3
2020-07-15 21:00:00,2020,2021-07-15 20:59:36.495,553.1,777.7,128.0,476.4
2020-07-15 22:00:00,2020,2021-07-15 21:59:36.490,620.1,742.6,118.1,623.7
2020-07-15 23:00:00,2020,2021-07-15 22:59:36.485,673.9,753.8,127.3,711.6
2020-07-16 00:00:00,2020,2021-07-15 23:59:36.480,606.5,713.3,109.3,684.5
2020-07-16 01:00:00,2020,2021-07-16 00:59:36.475,569.6,651.5,103.5,574.8
2020-07-16 02:00:00,2020,2021-07-16 01:59:36.470,503.9,500.7,138.6,569.7
2020-07-16 03:00:00,2020,2021-07-16 02:59:36.465,345.5,499.2,126.2,485.8
2020-07-16 04:00:00,2020,2021-07-16 03:59:36.460,484.5,459.4,123.8,468.5
2020-07-16 05:00:00,2020,2021-07-16 04:59:36.455,592.4,316.1,108.8,533.1
2020-07-16 06:00:00,2020,2021-07-16 05:59:36.450,494.5,108.9,89.7,545.8
2020-07-16 07:00:00,2020,2021-07-16 06:59:36.445,318.7,2.7,39.3,535.2
2020-07-16 08:00:00,2020,2021-07-16 07:59:36.440,134.1,15.4,29.5,510.1
2020-07-16 09:00:00,2020,2021-07-16 08:59:36.435,98.0,33.5,21.1,441.0
2020-07-16 10:00:00,2020,2021-07-16 09:59:36.430,124.1,82.4,13.3,281.3
2020-07-16 11:00:00,2020,2021-07-16 10:59:36.425,133.2,74.7,4.9,254.4
2020-07-16 12:00:00,2020,2021-07-16 11:59:36.420,95.0,63.6,2.4,195.0
2020-07-16 13:00:00,2020,2021-07-16 12:59:36.415,96.2,80.4,3.7,145.7
2020-07-16 14:00:00,2020,2021-07-16 13:59:36.410,142.8,100.5,5.4,156.8
2020-07-16 15:00:00,2020,2021-07-16 14:59:36.405,138.1,97.5,6.1,152.3
2020-07-16 16:00:00,2020,2021-07-16 15:59:36.400,138.2,69.4,4.4,119.6
2020-07-16 17:00:00,2020,2021-07-16 16:59:36.395,15.6,194.2,11.4,31.1
2020-07-16 18:00:00,2020,2021-07-16 17:59:36.390,10.6,182.7,7.8,25.9
2020-07-16 19:00:00,2020,2021-07-16 18:59:36.385,5.2,169.8,6.5,31.9
2020-07-16 20:00:00,2020,2021-07-16 19:59:36.380,10.4,214.7,14.5,48.6
2020-07-16 21:00:00,2020,2021-07-16 20:59:36.375,19.4,514.1,32.1,36.4
2020-07-16 22:00:00,2020,2021-07-16 21:59:36.370,22.2,499.7,83.8,40.0
2020-07-16 23:00:00,2020,2021-07-16 22:59:36.365,30.4,373.9,76.8,122.0
2020-07-17 00:00:00,2020,2021-07-16 23:59:36.360,107.3,255.7,57.6,346.6
2020-07-17 01:00:00,2020,2021-07-17 00:59:36.355,371.8,222.8,26.9,586.0
2020-07-17 02:00:00,2020,2021-07-17 01:59:36.350,481.6,290.0,17.1,644.3
2020-07-17 03:00:00,2020,2021-07-17 02:59:36.345,506.5,349.1,11.1,630.7
2020-07-17 04:00:00,2020,2021-07-17 03:59:36.340,439.3,325.0,6.2,558.8
2020-07-17 05:00:00,2020,2021-07-17 04:59:36.335,370.7,266.4,6.3,489.6
2020-07-17 06:00:00,2020,2021-07-17 05:59:36.330,241.0,242.1,2.1,392.7
2020-07-17 07:00:00,2020,2021-07-17 06:59:36.325,88.1,59.0,0.4,187.2
2020-07-17 08:00:00,2020,2021-07-17 07:59:36.320,53.5,3.7,0.0,163.8
2020-07-17 09:00:00,2020,2021-07-17 08:59:36.315,44.6,0.6,0.0,128.2
2020-07-17 10:00:00,2020,2021-07-17 09:59:36.310,55.8,22.5,0.0,78.9
2020-07-17 11:00:00,2020,2021-07-17 10:59:36.305,59.8,89.9,0.0,25.7
2020-07-17 12:00:00,2020,2021-07-17 11:59:36.300,64.2,101.7,0.4,62.4
2020-07-17 13:00:00,2020,2021-07-17 12:59:36.295,100.9,160.2,3.6,85.2
2020-07-17 14:00:00,2020,2021-07-17 13:59:36.290,80.6,199.7,9.1,95.0
2020-07-17 15:00:00,2020,2021-07-17 14:59:36.285,74.8,216.9,5.6,105.5
2020-07-17 16:00:00,2020,2021-07-17 15:59:36.280,125.6,197.6,5.4,104.7
2020-07-17 17:00:00,2020,2021-07-17 16:59:36.275,127.9,204.9,1.1,64.3
2020-07-17 18:00:00,2020,2021-07-17 17:59:36.270,138.2,220.3,5.0,63.1
2020-07-17 19:00:00,2020,2021-07-17 18:59:36.265,108.1,198.0,12.6,68.4
2020-07-17 20:00:00,2020,2021-07-17 19:59:36.260,118.7,185.1,17.2,60.3
2020-07-17 21:00:00,2020,2021-07-17 20:59:36.255,118.1,234.7,31.6,50.1
2020-07-17 22:00:00,2020,2021-07-17 21:59:36.250,58.3,211.7,18.7,60.7
2020-07-17 23:00:00,2020,2021-07-17 22:59:36.245,33.7,271.1,56.5,126.6
2020-07-18 00:00:00,2020,2021-07-17 23:59:36.240,60.9,282.7,56.8,204.2
2020-07-18 01:00:00,2020,2021-07-18 00:59:36.235,179.9,97.5,13.7,381.7
2020-07-18 02:00:00,2020,2021-07-18 01:59:36.230,246.6,40.5,1.9,574.7
2020-07-18 03:00:00,2020,2021-07-18 02:59:36.225,117.5,39.7,4.0,543.3
2020-07-18 04:00:00,2020,2021-07-18 03:59:36.220,123.2,9.3,0.0,506.3
2020-07-18 05:00:00,2020,2021-07-18 04:59:36.215,109.0,0.5,0.7,426.2
2020-07-18 06:00:00,2020,2021-07-18 05:59:36.210,195.2,0.0,0.7,382.4
2020-07-18 07:00:00,2020,2021-07-18 06:59:36.205,209.1,0.0,0.6,201.6
2020-07-18 08:00:00,2020,2021-07-18 07:59:36.200,105.6,0.0,0.0,78.9
2020-07-18 09:00:00,2020,2021-07-18 08:59:36.195,57.5,0.0,0.0,32.4
2020-07-18 10:00:00,2020,2021-07-18 09:59:36.190,39.7,17.4,0.0,19.0
2020-07-18 11:00:00,2020,2021-07-18 10:59:36.185,21.1,35.4,0.0,16.2
2020-07-18 12:00:00,2020,2021-07-18 11:59:36.180,16.6,29.6,0.0,16.6
2020-07-18 13:00:00,2020,2021-07-18 12:59:36.175,28.3,64.2,0.1,12.8
2020-07-18 14:00:00,2020,2021-07-18 13:59:36.170,30.1,112.5,1.0,11.5
2020-07-18 15:00:00,2020,2021-07-18 14:59:36.165,61.6,222.5,6.2,37.2
2020-07-18 16:00:00,2020,2021-07-18 15:59:36.160,77.4,272.7,11.2,73.9
2020-07-18 17:00:00,2020,2021-07-18 16:59:36.155,96.9,277.7,11.4,64.3
2020-07-18 18:00:00,2020,2021-07-18 17:59:36.150,98.0,312.4,5.9,54.4
2020-07-18 19:00:00,2020,2021-07-18 18:59:36.145,108.1,234.9,8.6,84.4
2020-07-18 20:00:00,2020,2021-07-18 19:59:36.140,196.3,207.7,43.1,188.8
2020-07-18 21:00:00,2020,2021-07-18 20:59:36.135,331.4,320.6,106.2,122.9
2020-07-18 22:00:00,2020,2021-07-18 21:59:36.130,213.3,597.7,32.8,98.6
2020-07-18 23:00:00,2020,2021-07-18 22:59:36.125,198.4,429.9,56.3,137.0
2020-07-19 00:00:00,2020,2021-07-18 23:59:36.120,215.5,82.2,47.5,326.2
2020-07-19 01:00:00,2020,2021-07-19 00:59:36.115,232.4,9.0,35.0,612.0
2020-07-19 02:00:00,2020,2021-07-19 01:59:36.110,136.2,0.8,15.6,617.7
2020-07-19 03:00:00,2020,2021-07-19 02:59:36.105,89.7,0.0,3.0,600.9
2020-07-19 04:00:00,2020,2021-07-19 03:59:36.100,48.3,1.3,1.0,526.7
2020-07-19 05:00:00,2020,2021-07-19 04:59:36.095,36.1,1.7,1.0,532.0
2020-07-19 06:00:00,2020,2021-07-19 05:59:36.090,9.8,1.6,1.8,455.6
2020-07-19 07:00:00,2020,2021-07-19 06:59:36.085,0.0,1.6,6.5,152.3
2020-07-19 08:00:00,2020,2021-07-19 07:59:36.080,0.0,0.0,1.8,34.8
2020-07-19 09:00:00,2020,2021-07-19 08:59:36.075,0.0,0.0,1.5,2.9
2020-07-19 10:00:00,2020,2021-07-19 09:59:36.070,0.0,0.3,0.5,8.5
2020-07-19 11:00:00,2020,2021-07-19 10:59:36.065,0.1,0.0,0.0,5.1
2020-07-19 12:00:00,2020,2021-07-19 11:59:36.060,0.1,1.1,0.0,0.1
2020-07-19 13:00:00,2020,2021-07-19 12:59:36.055,1.2,8.0,0.2,0.2
2020-07-19 14:00:00,2020,2021-07-19 13:59:36.050,4.8,14.5,0.6,2.3
2020-07-19 15:00:00,2020,2021-07-19 14:59:36.045,17.1,15.3,0.4,1.9
2020-07-19 16:00:00,2020,2021-07-19 15:59:36.040,26.0,13.1,0.1,3.7
2020-07-19 17:00:00,2020,2021-07-19 16:59:36.035,0.1,17.9,0.3,0.6
2020-07-19 18:00:00,2020,2021-07-19 17:59:36.030,0.0,30.4,0.2,0.9
2020-07-19 19:00:00,2020,2021-07-19 18:59:36.025,0.0,43.8,0.1,0.2
2020-07-19 20:00:00,2020,2021-07-19 19:59:36.020,0.4,66.2,0.0,6.4
2020-07-19 21:00:00,2020,2021-07-19 20:59:36.015,6.6,64.9,0.0,21.4
2020-07-19 22:00:00,2020,2021-07-19 21:59:36.010,7.7,120.8,0.0,25.2
2020-07-19 23:00:00,2020,2021-07-19 22:59:36.005,66.1,584.8,3.9,37.0
2020-07-20 00:00:00,2020,2021-07-19 23:59:36.000,87.7,468.2,44.9,40.5
2020-07-20 01:00:00,2020,2021-07-20 00:59:35.995,95.3,251.2,8.2,43.8
2020-07-20 02:00:00,2020,2021-07-20 01:59:35.990,126.7,94.9,0.2,71.5
2020-07-20 03:00:00,2020,2021-07-20 02:59:35.985,155.7,20.8,4.1,535.3
2020-07-20 04:00:00,2020,2021-07-20 03:59:35.980,169.9,0.8,2.5,573.6
2020-07-20 05:00:00,2020,2021-07-20 04:59:35.975,139.6,2.2,8.0,595.6
2020-07-20 06:00:00,2020,2021-07-20 05:59:35.970,96.5,5.3,2.2,593.3
2020-07-20 07:00:00,2020,2021-07-20 06:59:35.965,72.4,0.6,15.2,484.7
2020-07-20 08:00:00,2020,2021-07-20 07:59:35.960,24.4,0.0,12.8,220.3
2020-07-20 09:00:00,2020,2021-07-20 08:59:35.955,15.0,0.0,8.4,72.0
2020-07-20 10:00:00,2020,2021-07-20 09:59:35.950,23.2,0.4,2.5,45.9
2020-07-20 11:00:00,2020,2021-07-20 10:59:35.945,49.0,0.0,0.0,72.7
2020-07-20 12:00:00,2020,2021-07-20 11:59:35.940,66.9,0.0,0.0,72.6
2020-07-20 13:00:00,2020,2021-07-20 12:59:35.935,79.8,0.0,0.0,51.4
2020-07-20 14:00:00,2020,2021-07-20 13:59:35.930,115.6,0.0,0.0,35.0
2020-07-20 15:00:00,2020,2021-07-20 14:59:35.925,185.3,12.0,0.1,31.7
2020-07-20 16:00:00,2020,2021-07-20 15:59:35.920,247.1,22.3,0.0,37.3
2020-07-20 17:00:00,2020,2021-07-20 16:59:35.915,281.5,339.0,8.9,142.5
2020-07-20 18:00:00,2020,2021-07-20 17:59:35.910,261.0,293.8,21.1,145.8
2020-07-20 19:00:00,2020,2021-07-20 18:59:35.905,269.7,189.8,83.6,161.6
2020-07-20 20:00:00,2020,2021-07-20 19:59:35.900,297.5,256.0,98.6,238.9
2020-07-20 21:00:00,2020,2021-07-20 20:59:35.895,538.4,362.0,111.0,245.0
2020-07-20 22:00:00,2020,2021-07-20 21:59:35.890,535.9,547.2,115.6,199.2
2020-07-20 23:00:00,2020,2021-07-20 22:59:35.885,534.8,333.4,66.3,304.3
2020-07-21 00:00:00,2020,2021-07-20 23:59:35.880,569.2,231.6,40.2,338.9
2020-07-21 01:00:00,2020,2021-07-21 00:59:35.875,601.1,99.3,8.8,566.5
2020-07-21 02:00:00,2020,2021-07-21 01:59:35.870,601.6,20.7,6.0,617.8
2020-07-21 03:00:00,2020,2021-07-21 02:59:35.865,574.5,1.7,4.4,668.1
2020-07-21 04:00:00,2020,2021-07-21 03:59:35.860,580.9,11.7,10.2,653.6
2020-07-21 05:00:00,2020,2021-07-21 04:59:35.855,561.6,27.2,22.9,558.3
2020-07-21 06:00:00,2020,2021-07-21 05:59:35.850,514.1,41.8,16.6,459.0
2020-07-21 07:00:00,2020,2021-07-21 06:59:35.845,270.8,47.4,22.1,222.4
2020-07-21 08:00:00,2020,2021-07-21 07:59:35.840,80.9,36.7,9.1,194.0
2020-07-21 09:00:00,2020,2021-07-21 08:59:35.835,45.6,29.5,1.1,90.4
2020-07-21 10:00:00,2020,2021-07-21 09:59:35.830,15.4,4.8,0.0,50.7
2020-07-21 11:00:00,2020,2021-07-21 10:59:35.825,29.4,0.6,0.0,58.8
2020-07-21 12:00:00,2020,2021-07-21 11:59:35.820,47.3,0.0,0.0,67.7
2020-07-21 13:00:00,2020,2021-07-21 12:59:35.815,50.8,0.0,0.0,62.3
2020-07-21 14:00:00,2020,2021-07-21 13:59:35.810,72.5,0.0,0.0,49.7
2020-07-21 15:00:00,2020,2021-07-21 14:59:35.805,11.4,0.0,0.0,5.1
2020-07-21 16:00:00,2020,2021-07-21 15:59:35.800,0.0,0.0,0.0,0.0
2020-07-21 17:00:00,2020,2021-07-21 16:59:35.795,23.5,14.1,9.3,1.6
2020-07-21 18:00:00,2020,2021-07-21 17:59:35.790,129.7,20.5,4.3,65.4
2020-07-21 19:00:00,2020,2021-07-21 18:59:35.785,113.7,37.9,1.1,97.0
2020-07-21 20:00:00,2020,2021-07-21 19:59:35.780,103.0,46.2,0.9,100.0
2020-07-21 21:00:00,2020,2021-07-21 20:59:35.775,23.9,72.7,4.2,38.8
2020-07-21 22:00:00,2020,2021-07-21 21:59:35.770,0.5,414.3,4.3,15.5
2020-07-21 23:00:00,2020,2021-07-21 22:59:35.765,0.3,568.9,1.7,9.8
2020-07-22 00:00:00,2020,2021-07-21 23:59:35.760,83.8,458.0,12.6,17.5
2020-07-22 01:00:00,2020,2021-07-22 00:59:35.755,39.8,157.8,7.3,17.3
2020-07-22 02:00:00,2020,2021-07-22 01:59:35.750,8.4,49.2,3.1,16.7
2020-07-22 03:00:00,2020,2021-07-22 02:59:35.745,0.8,9.4,0.9,10.8
2020-07-22 04:00:00,2020,2021-07-22 03:59:35.740,0.0,3.4,0.0,42.0
2020-07-22 05:00:00,2020,2021-07-22 04:59:35.735,0.0,1.3,0.0,44.3
2020-07-22 06:00:00,2020,2021-07-22 05:59:35.730,0.0,2.2,0.0,24.8
2020-07-22 07:00:00,2020,2021-07-22 06:59:35.725,0.0,6.2,0.0,4.0
2020-07-22 08:00:00,2020,2021-07-22 07:59:35.720,0.0,0.0,0.0,0.0
2020-07-22 09:00:00,2020,2021-07-22 08:59:35.715,0.0,0.0,0.0,0.0
2020-07-22 10:00:00,2020,2021-07-22 09:59:35.710,0.8,0.0,0.0,2.4
2020-07-22 11:00:00,2020,2021-07-22 10:59:35.705,0.8,0.0,0.0,0.0
2020-07-22 12:00:00,2020,2021-07-22 11:59:35.700,0.7,3.0,0.0,0.0
2020-07-22 13:00:00,2020,2021-07-22 12:59:35.695,0.2,3.9,0.0,0.0
2020-07-22 14:00:00,2020,2021-07-22 13:59:35.690,0.2,5.1,0.0,7.5
2020-07-22 15:00:00,2020,2021-07-22 14:59:35.685,0.0,3.2,0.0,11.6
2020-07-22 16:00:00,2020,2021-07-22 15:59:35.680,0.4,4.1,0.1,6.6
2020-07-22 17:00:00,2020,2021-07-22 16:59:35.675,1.1,2.6,0.2,2.3
2020-07-22 18:00:00,2020,2021-07-22 17:59:35.670,5.4,1.2,0.0,1.0
2020-07-22 19:00:00,2020,2021-07-22 18:59:35.665,13.2,2.0,0.0,4.9
2020-07-22 20:00:00,2020,2021-07-22 19:59:35.660,3.3,24.8,0.0,20.1
2020-07-22 21:00:00,2020,2021-07-22 20:59:35.655,47.0,199.9,0.0,88.9
2020-07-22 22:00:00,2020,2021-07-22 21:59:35.650,63.7,255.8,0.0,44.2
2020-07-22 23:00:00,2020,2021-07-22 22:59:35.645,55.6,350.7,0.0,19.2
2020-07-23 00:00:00,2020,2021-07-22 23:59:35.640,72.1,402.2,27.9,15.1
2020-07-23 01:00:00,2020,2021-07-23 00:59:35.635,110.9,333.3,34.9,14.8
2020-07-23 02:00:00,2020,2021-07-23 01:59:35.630,105.6,178.9,19.2,12.3
2020-07-23 03:00:00,2020,2021-07-23 02:59:35.625,75.2,61.9,7.5,34.0
2020-07-23 04:00:00,2020,2021-07-23 03:59:35.620,48.7,29.7,3.2,53.4
2020-07-23 05:00:00,2020,2021-07-23 04:59:35.615,20.3,52.4,2.9,63.7
2020-07-23 06:00:00,2020,2021-07-23 05:59:35.610,5.1,61.1,2.8,54.5
2020-07-23 07:00:00,2020,2021-07-23 06:59:35.605,22.2,50.7,1.2,26.8
2020-07-23 08:00:00,2020,2021-07-23 07:59:35.600,8.0,25.8,0.0,21.3
2020-07-23 09:00:00,2020,2021-07-23 08:59:35.595,4.4,6.4,0.4,39.3
2020-07-23 10:00:00,2020,2021-07-23 09:59:35.590,10.0,4.7,0.0,14.8
2020-07-23 11:00:00,2020,2021-07-23 10:59:35.585,14.9,7.3,0.2,6.3
2020-07-23 12:00:00,2020,2021-07-23 11:59:35.580,12.1,14.5,0.0,0.0
2020-07-23 13:00:00,2020,2021-07-23 12:59:35.575,8.1,11.9,0.4,0.0
2020-07-23 14:00:00,2020,2021-07-23 13:59:35.570,1.9,28.6,0.6,0.0
2020-07-23 15:00:00,2020,2021-07-23 14:59:35.565,0.1,49.4,1.4,0.0
2020-07-23 16:00:00,2020,2021-07-23 15:59:35.560,6.6,53.9,1.2,0.6
2020-07-23 17:00:00,2020,2021-07-23 16:59:35.555,11.0,37.2,0.1,0.9
2020-07-23 18:00:00,2020,2021-07-23 17:59:35.550,8.5,49.6,0.0,6.2
2020-07-23 19:00:00,2020,2021-07-23 18:59:35.545,1.0,72.6,1.2,14.1
2020-07-23 20:00:00,2020,2021-07-23 19:59:35.540,3.2,69.3,3.9,13.0
2020-07-23 21:00:00,2020,2021-07-23 20:59:35.535,0.2,74.4,9.1,5.6
2020-07-23 22:00:00,2020,2021-07-23 21:59:35.530,0.3,101.3,11.4,0.4
2020-07-23 23:00:00,2020,2021-07-23 22:59:35.525,11.0,108.6,7.6,19.7
2020-07-24 00:00:00,2020,2021-07-23 23:59:35.520,21.4,87.6,6.9,13.6
2020-07-24 01:00:00,2020,2021-07-24 00:59:35.515,30.6,65.2,14.0,42.3
2020-07-24 02:00:00,2020,2021-07-24 01:59:35.510,37.4,67.8,23.3,43.1
2020-07-24 03:00:00,2020,2021-07-24 02:59:35.505,37.3,94.6,28.1,70.1
2020-07-24 04:00:00,2020,2021-07-24 03:59:35.500,26.5,105.2,24.8,63.3
2020-07-24 05:00:00,2020,2021-07-24 04:59:35.495,18.5,87.6,22.6,12.1
2020-07-24 06:00:00,2020,2021-07-24 05:59:35.490,31.4,101.5,27.4,29.3
2020-07-24 07:00:00,2020,2021-07-24 06:59:35.485,26.1,97.3,24.5,33.3
2020-07-24 08:00:00,2020,2021-07-24 07:59:35.480,0.0,64.3,12.9,1.1
2020-07-24 09:00:00,2020,2021-07-24 08:59:35.475,0.0,54.9,9.8,2.9
2020-07-24 10:00:00,2020,2021-07-24 09:59:35.470,0.0,44.4,7.4,0.0
2020-07-24 11:00:00,2020,2021-07-24 10:59:35.465,0.0,37.8,5.5,0.0
2020-07-24 12:00:00,2020,2021-07-24 11:59:35.460,0.4,38.0,2.9,0.0
2020-07-24 13:00:00,2020,2021-07-24 12:59:35.455,3.7,30.3,1.1,0.0
2020-07-24 14:00:00,2020,2021-07-24 13:59:35.450,12.5,29.8,0.4,0.0
2020-07-24 15:00:00,2020,2021-07-24 14:59:35.445,3.4,23.5,0.7,0.2
2020-07-24 16:00:00,2020,2021-07-24 15:59:35.440,8.5,29.0,0.3,4.7
2020-07-24 17:00:00,2020,2021-07-24 16:59:35.435,2.5,35.0,0.9,32.5
2020-07-24 18:00:00,2020,2021-07-24 17:59:35.430,0.9,52.3,4.8,45.9
2020-07-24 19:00:00,2020,2021-07-24 18:59:35.425,3.0,96.6,10.0,18.6
2020-07-24 20:00:00,2020,2021-07-24 19:59:35.420,4.6,170.5,5.2,3.7
2020-07-24 21:00:00,2020,2021-07-24 20:59:35.415,2.8,87.1,0.1,14.2
2020-07-24 22:00:00,2020,2021-07-24 21:59:35.410,3.2,92.1,1.9,33.9
2020-07-24 23:00:00,2020,2021-07-24 22:59:35.405,2.3,77.3,8.9,62.9
2020-07-25 00:00:00,2020,2021-07-24 23:59:35.400,14.2,33.7,15.1,13.5
2020-07-25 01:00:00,2020,2021-07-25 00:59:35.395,11.9,37.5,27.2,6.4
2020-07-25 02:00:00,2020,2021-07-25 01:59:35.390,6.0,161.9,38.5,7.1
2020-07-25 03:00:00,2020,2021-07-25 02:59:35.385,1.0,213.7,20.9,3.6
2020-07-25 04:00:00,2020,2021-07-25 03:59:35.380,0.4,167.2,55.5,3.0
2020-07-25 05:00:00,2020,2021-07-25 04:59:35.375,0.0,147.8,36.9,11.7
2020-07-25 06:00:00,2020,2021-07-25 05:59:35.370,0.0,110.8,42.1,29.2
2020-07-25 07:00:00,2020,2021-07-25 06:59:35.365,0.2,99.7,28.8,33.2
2020-07-25 08:00:00,2020,2021-07-25 07:59:35.360,27.8,35.8,13.8,37.0
2020-07-25 09:00:00,2020,2021-07-25 08:59:35.355,25.6,11.2,7.9,18.4
2020-07-25 10:00:00,2020,2021-07-25 09:59:35.350,11.1,7.8,4.9,5.0
2020-07-25 11:00:00,2020,2021-07-25 10:59:35.345,9.9,5.5,3.2,6.6
2020-07-25 12:00:00,2020,2021-07-25 11:59:35.340,27.7,5.4,2.0,11.0
2020-07-25 13:00:00,2020,2021-07-25 12:59:35.335,51.0,9.7,0.8,0.9
2020-07-25 14:00:00,2020,2021-07-25 13:59:35.330,74.7,14.7,1.9,6.4
2020-07-25 15:00:00,2020,2021-07-25 14:59:35.325,65.1,20.6,0.4,9.2
2020-07-25 16:00:00,2020,2021-07-25 15:59:35.320,50.4,20.0,1.4,6.1
2020-07-25 17:00:00,2020,2021-07-25 16:59:35.315,18.1,12.6,0.0,0.5
2020-07-25 18:00:00,2020,2021-07-25 17:59:35.310,16.4,14.0,0.0,2.2
2020-07-25 19:00:00,2020,2021-07-25 18:59:35.305,13.4,12.3,0.0,1.6
2020-07-25 20:00:00,2020,2021-07-25 19:59:35.300,16.1,9.4,0.4,17.8
2020-07-25 21:00:00,2020,2021-07-25 20:59:35.295,22.0,2.8,2.7,83.1
2020-07-25 22:00:00,2020,2021-07-25 21:59:35.290,28.5,0.5,0.3,85.8
2020-07-25 23:00:00,2020,2021-07-25 22:59:35.285,33.1,113.9,2.9,47.9
2020-07-26 00:00:00,2020,2021-07-25 23:59:35.280,2.6,520.7,53.1,32.3
2020-07-26 01:00:00,2020,2021-07-26 00:59:35.275,0.3,506.3,30.2,32.0
2020-07-26 02:00:00,2020,2021-07-26 01:59:35.270,0.9,464.1,21.6,30.7
2020-07-26 03:00:00,2020,2021-07-26 02:59:35.265,13.5,351.3,25.2,27.3
2020-07-26 04:00:00,2020,2021-07-26 03:59:35.260,23.3,245.4,36.0,39.7
2020-07-26 05:00:00,2020,2021-07-26 04:59:35.255,32.9,66.7,20.3,88.0
2020-07-26 06:00:00,2020,2021-07-26 05:59:35.250,1.5,82.4,12.0,82.7
2020-07-26 07:00:00,2020,2021-07-26 06:59:35.245,0.0,76.6,12.1,165.7
2020-07-26 08:00:00,2020,2021-07-26 07:59:35.240,0.0,18.8,4.3,8.5
2020-07-26 09:00:00,2020,2021-07-26 08:59:35.235,0.0,4.7,4.7,38.0
2020-07-26 10:00:00,2020,2021-07-26 09:59:35.230,0.0,0.0,8.7,0.0
2020-07-26 11:00:00,2020,2021-07-26 10:59:35.225,0.2,0.0,2.9,3.2
2020-07-26 12:00:00,2020,2021-07-26 11:59:35.220,1.0,0.0,2.1,3.7
2020-07-26 13:00:00,2020,2021-07-26 12:59:35.215,2.3,1.5,1.8,1.1
2020-07-26 14:00:00,2020,2021-07-26 13:59:35.210,8.9,5.8,0.6,0.8
2020-07-26 15:00:00,2020,2021-07-26 14:59:35.205,4.4,7.1,0.7,11.6
2020-07-26 16:00:00,2020,2021-07-26 15:59:35.200,3.6,2.5,0.9,3.5
2020-07-26 17:00:00,2020,2021-07-26 16:59:35.195,38.1,3.4,0.0,3.6
2020-07-26 18:00:00,2020,2021-07-26 17:59:35.190,34.1,6.5,0.0,11.8
2020-07-26 19:00:00,2020,2021-07-26 18:59:35.185,30.2,12.6,0.0,14.6
2020-07-26 20:00:00,2020,2021-07-26 19:59:35.180,32.3,18.6,0.1,29.7
2020-07-26 21:00:00,2020,2021-07-26 20:59:35.175,70.9,7.8,1.3,80.6
2020-07-26 22:00:00,2020,2021-07-26 21:59:35.170,74.9,583.5,1.2,63.5
2020-07-26 23:00:00,2020,2021-07-26 22:59:35.165,62.9,527.8,54.4,36.5
2020-07-27 00:00:00,2020,2021-07-26 23:59:35.160,59.1,564.2,64.0,31.5
2020-07-27 01:00:00,2020,2021-07-27 00:59:35.155,46.6,504.9,57.1,41.0
2020-07-27 02:00:00,2020,2021-07-27 01:59:35.150,78.0,434.5,47.4,168.6
2020-07-27 03:00:00,2020,2021-07-27 02:59:35.145,161.2,299.0,44.8,354.6
2020-07-27 04:00:00,2020,2021-07-27 03:59:35.140,172.5,170.2,20.6,401.1
2020-07-27 05:00:00,2020,2021-07-27 04:59:35.135,191.4,127.6,5.7,347.6
2020-07-27 06:00:00,2020,2021-07-27 05:59:35.130,192.9,97.0,2.9,346.9
2020-07-27 07:00:00,2020,2021-07-27 06:59:35.125,187.7,53.4,0.2,362.6
2020-07-27 08:00:00,2020,2021-07-27 07:59:35.120,42.8,31.8,0.0,167.8
2020-07-27 09:00:00,2020,2021-07-27 08:59:35.115,22.8,45.0,0.0,210.8
2020-07-27 10:00:00,2020,2021-07-27 09:59:35.110,47.9,32.5,0.0,101.9
2020-07-27 11:00:00,2020,2021-07-27 10:59:35.105,87.2,19.9,0.0,14.0
2020-07-27 12:00:00,2020,2021-07-27 11:59:35.100,118.3,17.9,0.0,22.2
2020-07-27 13:00:00,2020,2021-07-27 12:59:35.095,185.9,12.6,0.0,19.8
2020-07-27 14:00:00,2020,2021-07-27 13:59:35.090,125.5,10.7,0.0,28.2
2020-07-27 15:00:00,2020,2021-07-27 14:59:35.085,87.9,7.6,0.1,76.1
2020-07-27 16:00:00,2020,2021-07-27 15:59:35.080,118.4,9.4,1.9,96.0
2020-07-27 17:00:00,2020,2021-07-27 16:59:35.075,261.8,33.7,3.8,126.8
2020-07-27 18:00:00,2020,2021-07-27 17:59:35.070,224.7,66.6,6.7,95.5
2020-07-27 19:00:00,2020,2021-07-27 18:59:35.065,169.5,73.7,4.7,66.5
2020-07-27 20:00:00,2020,2021-07-27 19:59:35.060,270.2,336.1,36.0,93.8
2020-07-27 21:00:00,2020,2021-07-27 20:59:35.055,329.5,774.6,74.2,154.6
2020-07-27 22:00:00,2020,2021-07-27 21:59:35.050,265.2,742.8,94.4,172.3
2020-07-27 23:00:00,2020,2021-07-27 22:59:35.045,211.2,759.5,66.9,79.2
2020-07-28 00:00:00,2020,2021-07-27 23:59:35.040,94.8,798.5,62.1,88.3
2020-07-28 01:00:00,2020,2021-07-28 00:59:35.035,174.8,714.1,56.4,166.3
2020-07-28 02:00:00,2020,2021-07-28 01:59:35.030,225.8,648.0,46.7,351.1
2020-07-28 03:00:00,2020,2021-07-28 02:59:35.025,317.6,580.3,21.7,466.3
2020-07-28 04:00:00,2020,2021-07-28 03:59:35.020,346.5,485.3,10.3,690.2
2020-07-28 05:00:00,2020,2021-07-28 04:59:35.015,402.5,364.3,8.7,742.6
2020-07-28 06:00:00,2020,2021-07-28 05:59:35.010,448.6,245.0,3.0,768.2
2020-07-28 07:00:00,2020,2021-07-28 06:59:35.005,428.3,101.0,0.9,690.8
2020-07-28 08:00:00,2020,2021-07-28 07:59:35.000,266.8,73.6,0.3,472.1
2020-07-28 09:00:00,2020,2021-07-28 08:59:34.995,230.6,34.2,0.0,504.9
2020-07-28 10:00:00,2020,2021-07-28 09:59:34.990,151.9,12.9,0.0,366.3
2020-07-28 11:00:00,2020,2021-07-28 10:59:34.985,180.5,7.6,0.0,241.8
2020-07-28 12:00:00,2020,2021-07-28 11:59:34.980,185.4,1.0,0.0,142.2
2020-07-28 13:00:00,2020,2021-07-28 12:59:34.975,194.8,0.4,0.0,92.4
2020-07-28 14:00:00,2020,2021-07-28 13:59:34.970,182.2,0.0,0.0,76.3
2020-07-28 15:00:00,2020,2021-07-28 14:59:34.965,170.1,0.0,0.0,69.0
2020-07-28 16:00:00,2020,2021-07-28 15:59:34.960,124.3,0.7,0.0,58.6
2020-07-28 17:00:00,2020,2021-07-28 16:59:34.955,129.6,87.6,0.8,60.8
2020-07-28 18:00:00,2020,2021-07-28 17:59:34.950,126.1,77.4,1.9,62.6
2020-07-28 19:00:00,2020,2021-07-28 18:59:34.945,103.6,129.7,11.3,58.9
2020-07-28 20:00:00,2020,2021-07-28 19:59:34.940,133.3,511.8,67.5,75.2
2020-07-28 21:00:00,2020,2021-07-28 20:59:34.935,207.0,721.9,90.8,126.6
2020-07-28 22:00:00,2020,2021-07-28 21:59:34.930,200.2,719.4,93.9,120.2
2020-07-28 23:00:00,2020,2021-07-28 22:59:34.925,241.8,614.1,77.1,65.0
2020-07-29 00:00:00,2020,2021-07-28 23:59:34.920,74.4,411.1,54.2,92.2
2020-07-29 01:00:00,2020,2021-07-29 00:59:34.915,152.1,159.4,23.6,225.3
2020-07-29 02:00:00,2020,2021-07-29 01:59:34.910,197.5,29.5,3.7,442.9
2020-07-29 03:00:00,2020,2021-07-29 02:59:34.905,232.2,4.5,0.2,501.9
2020-07-29 04:00:00,2020,2021-07-29 03:59:34.900,249.3,1.0,0.8,564.6
2020-07-29 05:00:00,2020,2021-07-29 04:59:34.895,254.2,2.6,3.0,579.8
2020-07-29 06:00:00,2020,2021-07-29 05:59:34.890,241.2,0.9,4.8,495.3
2020-07-29 07:00:00,2020,2021-07-29 06:59:34.885,176.6,2.0,9.5,320.0
2020-07-29 08:00:00,2020,2021-07-29 07:59:34.880,53.7,0.0,3.7,178.1
2020-07-29 09:00:00,2020,2021-07-29 08:59:34.875,37.0,0.0,4.0,166.3
2020-07-29 10:00:00,2020,2021-07-29 09:59:34.870,52.2,0.0,2.9,108.1
2020-07-29 11:00:00,2020,2021-07-29 10:59:34.865,82.6,0.0,0.4,34.8
2020-07-29 12:00:00,2020,2021-07-29 11:59:34.860,107.7,0.0,2.7,29.0
2020-07-29 13:00:00,2020,2021-07-29 12:59:34.855,130.1,0.0,5.5,27.6
2020-07-29 14:00:00,2020,2021-07-29 13:59:34.850,148.2,0.0,0.0,45.2
2020-07-29 15:00:00,2020,2021-07-29 14:59:34.845,168.5,0.0,0.0,53.3
2020-07-29 16:00:00,2020,2021-07-29 15:59:34.840,154.7,0.0,0.0,54.0
2020-07-29 17:00:00,2020,2021-07-29 16:59:34.835,1.9,11.0,0.0,17.0
2020-07-29 18:00:00,2020,2021-07-29 17:59:34.830,3.3,18.0,0.0,31.5
2020-07-29 19:00:00,2020,2021-07-29 18:59:34.825,19.9,12.3,0.0,37.7
2020-07-29 20:00:00,2020,2021-07-29 19:59:34.820,38.7,70.4,1.1,46.4
2020-07-29 21:00:00,2020,2021-07-29 20:59:34.815,28.7,99.6,0.1,27.9
2020-07-29 22:00:00,2020,2021-07-29 21:59:34.810,16.5,380.5,2.2,17.5
2020-07-29 23:00:00,2020,2021-07-29 22:59:34.805,3.3,312.1,3.7,15.6
2020-07-30 00:00:00,2020,2021-07-29 23:59:34.800,29.5,239.2,7.8,40.1
2020-07-30 01:00:00,2020,2021-07-30 00:59:34.795,60.1,153.2,5.5,85.5
2020-07-30 02:00:00,2020,2021-07-30 01:59:34.790,85.2,33.4,1.5,84.2
2020-07-30 03:00:00,2020,2021-07-30 02:59:34.785,41.8,45.3,1.9,110.1
2020-07-30 04:00:00,2020,2021-07-30 03:59:34.780,16.3,42.9,2.2,187.4
2020-07-30 05:00:00,2020,2021-07-30 04:59:34.775,9.7,37.5,2.0,213.5
2020-07-30 06:00:00,2020,2021-07-30 05:59:34.770,14.8,21.2,0.2,215.6
2020-07-30 07:00:00,2020,2021-07-30 06:59:34.765,7.2,4.2,0.5,167.7
2020-07-30 08:00:00,2020,2021-07-30 07:59:34.760,26.8,0.0,0.2,69.1
2020-07-30 09:00:00,2020,2021-07-30 08:59:34.755,23.8,0.3,0.0,7.6
2020-07-30 10:00:00,2020,2021-07-30 09:59:34.750,10.8,2.4,0.0,4.1
2020-07-30 11:00:00,2020,2021-07-30 10:59:34.745,1.5,0.8,0.0,17.6
2020-07-30 12:00:00,2020,2021-07-30 11:59:34.740,19.0,5.1,0.0,39.0
2020-07-30 13:00:00,2020,2021-07-30 12:59:34.735,26.2,5.2,0.0,54.6
2020-07-30 14:00:00,2020,2021-07-30 13:59:34.730,50.9,0.0,0.0,63.8
2020-07-30 15:00:00,2020,2021-07-30 14:59:34.725,73.1,21.0,0.2,62.5
2020-07-30 16:00:00,2020,2021-07-30 15:59:34.720,67.4,28.0,2.5,49.4
2020-07-30 17:00:00,2020,2021-07-30 16:59:34.715,98.7,76.5,1.0,49.6
2020-07-30 18:00:00,2020,2021-07-30 17:59:34.710,65.5,127.4,5.0,35.9
2020-07-30 19:00:00,2020,2021-07-30 18:59:34.705,85.8,195.1,1.5,24.1
2020-07-30 20:00:00,2020,2021-07-30 19:59:34.700,89.1,83.3,1.0,33.4
2020-07-30 21:00:00,2020,2021-07-30 20:59:34.695,99.3,460.5,38.0,40.2
2020-07-30 22:00:00,2020,2021-07-30 21:59:34.690,82.5,519.1,40.6,40.4
2020-07-30 23:00:00,2020,2021-07-30 22:59:34.685,93.0,267.5,14.1,106.3
2020-07-31 00:00:00,2020,2021-07-30 23:59:34.680,199.3,104.1,18.8,619.4
2020-07-31 01:00:00,2020,2021-07-31 00:59:34.675,391.5,45.9,45.3,612.4
2020-07-31 02:00:00,2020,2021-07-31 01:59:34.670,390.8,179.0,56.4,584.0
2020-07-31 03:00:00,2020,2021-07-31 02:59:34.665,474.7,227.6,56.3,617.9
2020-07-31 04:00:00,2020,2021-07-31 03:59:34.660,545.6,175.0,51.9,679.6
2020-07-31 05:00:00,2020,2021-07-31 04:59:34.655,501.4,169.9,58.3,699.7
2020-07-31 06:00:00,2020,2021-07-31 05:59:34.650,472.6,195.2,43.8,700.4
2020-07-31 07:00:00,2020,2021-07-31 06:59:34.645,394.7,68.3,84.8,694.3
2020-07-31 08:00:00,2020,2021-07-31 07:59:34.640,241.1,19.9,83.0,651.6
2020-07-31 09:00:00,2020,2021-07-31 08:59:34.635,143.4,70.4,67.7,609.8
2020-07-31 10:00:00,2020,2021-07-31 09:59:34.630,85.7,88.0,70.7,512.8
2020-07-31 11:00:00,2020,2021-07-31 10:59:34.625,135.5,42.6,55.1,433.1
2020-07-31 12:00:00,2020,2021-07-31 11:59:34.620,147.1,87.8,44.1,380.7
2020-07-31 13:00:00,2020,2021-07-31 12:59:34.615,170.2,136.7,41.6,354.7
2020-07-31 14:00:00,2020,2021-07-31 13:59:34.610,237.1,201.2,36.7,320.0
2020-07-31 15:00:00,2020,2021-07-31 14:59:34.605,276.8,261.9,33.8,272.5
2020-07-31 16:00:00,2020,2021-07-31 15:59:34.600,282.1,268.8,37.1,241.7
2020-07-31 17:00:00,2020,2021-07-31 16:59:34.595,195.1,318.0,51.6,191.4
2020-07-31 18:00:00,2020,2021-07-31 17:59:34.590,149.8,302.1,62.2,208.5
2020-07-31 19:00:00,2020,2021-07-31 18:59:34.585,110.5,235.5,63.8,214.6
2020-07-31 20:00:00,2020,2021-07-31 19:59:34.580,136.2,280.5,120.7,148.6
2020-07-31 21:00:00,2020,2021-07-31 20:59:34.575,125.3,324.5,138.5,156.2
2020-07-31 22:00:00,2020,2021-07-31 21:59:34.570,99.9,339.6,115.8,246.9
2020-07-31 23:00:00,2020,2021-07-31 22:59:34.565,89.6,328.2,69.9,289.1
2020-08-01 00:00:00,2020,2021-07-31 23:59:34.560,77.4,168.8,56.9,437.6
2020-08-01 01:00:00,2020,2021-08-01 00:59:34.555,96.4,128.0,43.1,643.5
2020-08-01 02:00:00,2020,2021-08-01 01:59:34.550,66.7,149.3,59.9,676.3
2020-08-01 03:00:00,2020,2021-08-01 02:59:34.545,71.1,181.2,62.8,681.3
2020-08-01 04:00:00,2020,2021-08-01 03:59:34.540,113.7,187.4,66.8,648.6
2020-08-01 05:00:00,2020,2021-08-01 04:59:34.535,144.8,158.2,75.4,606.9
2020-08-01 06:00:00,2020,2021-08-01 05:59:34.530,131.8,86.8,62.2,585.1
2020-08-01 07:00:00,2020,2021-08-01 06:59:34.525,100.7,27.1,40.9,511.7
2020-08-01 08:00:00,2020,2021-08-01 07:59:34.520,27.2,7.3,21.4,377.8
2020-08-01 09:00:00,2020,2021-08-01 08:59:34.515,10.7,13.2,12.4,310.3
2020-08-01 10:00:00,2020,2021-08-01 09:59:34.510,11.9,11.1,8.1,256.8
2020-08-01 11:00:00,2020,2021-08-01 10:59:34.505,21.9,21.4,8.8,227.7
2020-08-01 12:00:00,2020,2021-08-01 11:59:34.500,25.4,113.2,11.4,181.6
2020-08-01 13:00:00,2020,2021-08-01 12:59:34.495,41.0,185.3,14.1,170.5
2020-08-01 14:00:00,2020,2021-08-01 13:59:34.490,87.0,217.3,17.9,168.0
2020-08-01 15:00:00,2020,2021-08-01 14:59:34.485,105.4,271.4,9.0,98.4
2020-08-01 16:00:00,2020,2021-08-01 15:59:34.480,128.0,227.9,7.3,58.9
2020-08-01 17:00:00,2020,2021-08-01 16:59:34.475,35.0,258.1,5.4,28.3
2020-08-01 18:00:00,2020,2021-08-01 17:59:34.470,46.1,249.1,1.7,17.1
2020-08-01 19:00:00,2020,2021-08-01 18:59:34.465,57.9,242.8,0.0,3.0
2020-08-01 20:00:00,2020,2021-08-01 19:59:34.460,61.6,239.4,9.0,4.7
2020-08-01 21:00:00,2020,2021-08-01 20:59:34.455,31.7,313.7,100.9,7.1
2020-08-01 22:00:00,2020,2021-08-01 21:59:34.450,51.8,269.5,89.2,88.4
2020-08-01 23:00:00,2020,2021-08-01 22:59:34.445,201.0,117.3,64.1,156.3
2020-08-02 00:00:00,2020,2021-08-01 23:59:34.440,455.6,161.5,59.5,640.8
2020-08-02 01:00:00,2020,2021-08-02 00:59:34.435,597.8,270.3,13.8,762.2
2020-08-02 02:00:00,2020,2021-08-02 01:59:34.430,607.2,280.6,22.8,781.1
2020-08-02 03:00:00,2020,2021-08-02 02:59:34.425,587.6,202.4,53.8,773.7
2020-08-02 04:00:00,2020,2021-08-02 03:59:34.420,573.1,168.5,64.0,767.6
2020-08-02 05:00:00,2020,2021-08-02 04:59:34.415,650.0,184.5,57.1,731.9
2020-08-02 06:00:00,2020,2021-08-02 05:59:34.410,656.0,310.1,35.3,673.5
2020-08-02 07:00:00,2020,2021-08-02 06:59:34.405,395.5,148.2,12.3,565.5
2020-08-02 08:00:00,2020,2021-08-02 07:59:34.400,343.9,59.2,0.0,732.4
2020-08-02 09:00:00,2020,2021-08-02 08:59:34.395,301.6,13.2,0.0,563.7
2020-08-02 10:00:00,2020,2021-08-02 09:59:34.390,245.5,2.9,0.0,277.1
2020-08-02 11:00:00,2020,2021-08-02 10:59:34.385,260.4,0.0,4.4,205.9
2020-08-02 12:00:00,2020,2021-08-02 11:59:34.380,292.5,0.0,8.3,300.5
2020-08-02 13:00:00,2020,2021-08-02 12:59:34.375,386.0,3.4,13.0,388.7
2020-08-02 14:00:00,2020,2021-08-02 13:59:34.370,508.1,42.9,8.1,420.6
2020-08-02 15:00:00,2020,2021-08-02 14:59:34.365,562.8,122.1,0.0,388.3
2020-08-02 16:00:00,2020,2021-08-02 15:59:34.360,526.3,167.3,0.0,362.8
2020-08-02 17:00:00,2020,2021-08-02 16:59:34.355,285.7,2.9,0.0,63.5
2020-08-02 18:00:00,2020,2021-08-02 17:59:34.350,154.8,0.3,0.0,4.1
2020-08-02 19:00:00,2020,2021-08-02 18:59:34.345,113.6,0.0,0.0,11.4
2020-08-02 20:00:00,2020,2021-08-02 19:59:34.340,86.2,0.0,0.0,28.7
2020-08-02 21:00:00,2020,2021-08-02 20:59:34.335,172.0,220.8,31.4,29.5
2020-08-02 22:00:00,2020,2021-08-02 21:59:34.330,85.3,398.2,55.3,0.0
2020-08-02 23:00:00,2020,2021-08-02 22:59:34.325,17.7,392.2,52.4,0.0
2020-08-03 00:00:00,2020,2021-08-02 23:59:34.320,0.0,320.8,25.3,0.0
2020-08-03 01:00:00,2020,2021-08-03 00:59:34.315,0.0,173.9,20.9,0.0
2020-08-03 02:00:00,2020,2021-08-03 01:59:34.310,0.0,122.9,22.3,0.0
2020-08-03 03:00:00,2020,2021-08-03 02:59:34.305,0.0,103.0,25.6,0.0
2020-08-03 04:00:00,2020,2021-08-03 03:59:34.300,0.0,76.8,21.2,0.0
2020-08-03 05:00:00,2020,2021-08-03 04:59:34.295,0.0,54.7,15.1,3.2
2020-08-03 06:00:00,2020,2021-08-03 05:59:34.290,0.0,48.6,12.2,12.2
2020-08-03 07:00:00,2020,2021-08-03 06:59:34.285,0.0,27.9,12.8,2.9
2020-08-03 08:00:00,2020,2021-08-03 07:59:34.280,0.0,0.0,1.7,0.2
2020-08-03 09:00:00,2020,2021-08-03 08:59:34.275,0.0,0.0,1.9,0.0
2020-08-03 10:00:00,2020,2021-08-03 09:59:34.270,6.5,0.0,1.4,0.0
2020-08-03 11:00:00,2020,2021-08-03 10:59:34.265,10.0,0.0,1.5,33.0
2020-08-03 12:00:00,2020,2021-08-03 11:59:34.260,11.5,0.0,0.6,30.4
2020-08-03 13:00:00,2020,2021-08-03 12:59:34.255,11.6,0.0,2.4,24.3
2020-08-03 14:00:00,2020,2021-08-03 13:59:34.250,8.9,0.0,1.5,36.1
2020-08-03 15:00:00,2020,2021-08-03 14:59:34.245,9.5,0.0,0.8,34.0
2020-08-03 16:00:00,2020,2021-08-03 15:59:34.240,24.6,0.0,0.5,23.5
2020-08-03 17:00:00,2020,2021-08-03 16:59:34.235,18.9,0.0,1.6,5.4
2020-08-03 18:00:00,2020,2021-08-03 17:59:34.230,18.3,0.0,2.9,6.1
2020-08-03 19:00:00,2020,2021-08-03 18:59:34.225,26.5,2.6,3.8,6.3
2020-08-03 20:00:00,2020,2021-08-03 19:59:34.220,29.9,10.2,0.0,2.2
2020-08-03 21:00:00,2020,2021-08-03 20:59:34.215,23.1,1.7,0.0,3.8
2020-08-03 22:00:00,2020,2021-08-03 21:59:34.210,20.8,0.4,0.0,9.9
2020-08-03 23:00:00,2020,2021-08-03 22:59:34.205,14.7,0.2,0.0,10.6
2020-08-04 00:00:00,2020,2021-08-03 23:59:34.200,40.5,64.0,0.9,10.0
2020-08-04 01:00:00,2020,2021-08-04 00:59:34.195,9.1,47.1,3.4,12.6
2020-08-04 02:00:00,2020,2021-08-04 01:59:34.190,6.5,76.0,12.1,12.6
2020-08-04 03:00:00,2020,2021-08-04 02:59:34.185,33.1,59.3,12.1,16.1
2020-08-04 04:00:00,2020,2021-08-04 03:59:34.180,37.7,21.9,7.1,42.3
2020-08-04 05:00:00,2020,2021-08-04 04:59:34.175,64.5,9.2,12.2,107.4
2020-08-04 06:00:00,2020,2021-08-04 05:59:34.170,93.5,3.3,3.4,139.4
2020-08-04 07:00:00,2020,2021-08-04 06:59:34.165,95.2,0.0,2.6,194.4
2020-08-04 08:00:00,2020,2021-08-04 07:59:34.160,55.0,0.0,2.2,189.0
2020-08-04 09:00:00,2020,2021-08-04 08:59:34.155,56.4,0.0,8.0,172.1
2020-08-04 10:00:00,2020,2021-08-04 09:59:34.150,63.4,0.0,7.3,120.1
2020-08-04 11:00:00,2020,2021-08-04 10:59:34.145,67.7,17.0,3.0,78.1
2020-08-04 12:00:00,2020,2021-08-04 11:59:34.140,68.0,14.1,5.5,59.9
2020-08-04 13:00:00,2020,2021-08-04 12:59:34.135,82.2,0.8,10.1,56.4
2020-08-04 14:00:00,2020,2021-08-04 13:59:34.130,75.4,0.0,11.5,59.4
2020-08-04 15:00:00,2020,2021-08-04 14:59:34.125,66.9,0.0,5.9,69.8
2020-08-04 16:00:00,2020,2021-08-04 15:59:34.120,75.1,0.0,1.8,65.3
2020-08-04 17:00:00,2020,2021-08-04 16:59:34.115,181.2,3.0,11.3,187.8
2020-08-04 18:00:00,2020,2021-08-04 17:59:34.110,282.5,56.7,7.2,178.6
2020-08-04 19:00:00,2020,2021-08-04 18:59:34.105,299.0,124.3,2.2,136.6
2020-08-04 20:00:00,2020,2021-08-04 19:59:34.100,230.4,14.6,17.5,108.9
2020-08-04 21:00:00,2020,2021-08-04 20:59:34.095,282.6,626.1,64.5,115.5
2020-08-04 22:00:00,2020,2021-08-04 21:59:34.090,236.7,616.3,19.4,149.0
2020-08-04 23:00:00,2020,2021-08-04 22:59:34.085,244.9,290.3,20.9,190.5
2020-08-05 00:00:00,2020,2021-08-04 23:59:34.080,264.2,175.5,26.3,201.4
2020-08-05 01:00:00,2020,2021-08-05 00:59:34.075,192.6,128.3,31.9,234.5
2020-08-05 02:00:00,2020,2021-08-05 01:59:34.070,82.5,71.4,34.6,293.8
2020-08-05 03:00:00,2020,2021-08-05 02:59:34.065,57.5,52.2,12.5,387.1
2020-08-05 04:00:00,2020,2021-08-05 03:59:34.060,39.9,50.8,3.4,469.5
2020-08-05 05:00:00,2020,2021-08-05 04:59:34.055,23.6,32.1,0.6,490.6
2020-08-05 06:00:00,2020,2021-08-05 05:59:34.050,18.1,22.6,0.8,510.5
2020-08-05 07:00:00,2020,2021-08-05 06:59:34.045,23.0,8.2,3.2,287.7
2020-08-05 08:00:00,2020,2021-08-05 07:59:34.040,4.8,0.0,0.0,151.0
2020-08-05 09:00:00,2020,2021-08-05 08:59:34.035,0.0,0.0,0.0,88.0
2020-08-05 10:00:00,2020,2021-08-05 09:59:34.030,1.6,1.5,0.0,60.5
2020-08-05 11:00:00,2020,2021-08-05 10:59:34.025,21.4,4.0,0.0,41.3
2020-08-05 12:00:00,2020,2021-08-05 11:59:34.020,27.9,5.5,0.0,34.1
2020-08-05 13:00:00,2020,2021-08-05 12:59:34.015,27.6,11.4,0.0,33.8
2020-08-05 14:00:00,2020,2021-08-05 13:59:34.010,8.4,18.1,0.0,40.4
2020-08-05 15:00:00,2020,2021-08-05 14:59:34.005,20.0,8.4,0.0,37.0
2020-08-05 16:00:00,2020,2021-08-05 15:59:34.000,1.4,10.7,3.9,24.5
2020-08-05 17:00:00,2020,2021-08-05 16:59:33.995,0.0,9.6,0.0,0.0
2020-08-05 18:00:00,2020,2021-08-05 17:59:33.990,0.2,12.1,0.1,0.4
2020-08-05 19:00:00,2020,2021-08-05 18:59:33.985,13.1,9.5,0.6,2.7
2020-08-05 20:00:00,2020,2021-08-05 19:59:33.980,50.4,14.1,0.0,19.6
2020-08-05 21:00:00,2020,2021-08-05 20:59:33.975,21.1,0.3,0.0,10.8
2020-08-05 22:00:00,2020,2021-08-05 21:59:33.970,0.0,0.0,0.0,0.4
2020-08-05 23:00:00,2020,2021-08-05 22:59:33.965,0.0,28.8,0.0,0.0
2020-08-06 00:00:00,2020,2021-08-05 23:59:33.960,0.0,167.9,0.0,0.0
2020-08-06 01:00:00,2020,2021-08-06 00:59:33.955,0.0,111.1,6.1,0.0
2020-08-06 02:00:00,2020,2021-08-06 01:59:33.950,0.0,57.5,7.5,0.0
2020-08-06 03:00:00,2020,2021-08-06 02:59:33.945,0.0,6.1,0.3,0.0
2020-08-06 04:00:00,2020,2021-08-06 03:59:33.940,3.2,31.8,16.3,0.0
2020-08-06 05:00:00,2020,2021-08-06 04:59:33.935,1.1,37.4,24.1,0.0
2020-08-06 06:00:00,2020,2021-08-06 05:59:33.930,11.9,29.2,30.2,0.0
2020-08-06 07:00:00,2020,2021-08-06 06:59:33.925,13.2,44.7,33.7,0.0
2020-08-06 08:00:00,2020,2021-08-06 07:59:33.920,0.0,38.5,11.2,0.0
2020-08-06 09:00:00,2020,2021-08-06 08:59:33.915,0.0,10.8,11.3,0.0
2020-08-06 10:00:00,2020,2021-08-06 09:59:33.910,7.7,8.6,7.7,0.0
2020-08-06 11:00:00,2020,2021-08-06 10:59:33.905,5.3,2.1,6.1,1.2
2020-08-06 12:00:00,2020,2021-08-06 11:59:33.900,3.3,0.3,3.4,3.9
2020-08-06 13:00:00,2020,2021-08-06 12:59:33.895,2.0,5.7,6.7,2.0
2020-08-06 14:00:00,2020,2021-08-06 13:59:33.890,5.9,14.0,6.8,5.4
2020-08-06 15:00:00,2020,2021-08-06 14:59:33.885,12.1,9.1,7.6,9.9
2020-08-06 16:00:00,2020,2021-08-06 15:59:33.880,11.4,6.7,8.0,3.4
2020-08-06 17:00:00,2020,2021-08-06 16:59:33.875,0.2,0.0,0.0,0.0
2020-08-06 18:00:00,2020,2021-08-06 17:59:33.870,0.2,0.5,1.6,0.0
2020-08-06 19:00:00,2020,2021-08-06 18:59:33.865,16.7,0.7,1.0,0.1
2020-08-06 20:00:00,2020,2021-08-06 19:59:33.860,18.2,0.9,0.0,2.0
2020-08-06 21:00:00,2020,2021-08-06 20:59:33.855,13.5,1.4,0.3,13.3
2020-08-06 22:00:00,2020,2021-08-06 21:59:33.850,3.0,78.0,0.6,15.1
2020-08-06 23:00:00,2020,2021-08-06 22:59:33.845,13.4,491.6,0.0,6.9
2020-08-07 00:00:00,2020,2021-08-06 23:59:33.840,6.5,392.9,27.1,2.7
2020-08-07 01:00:00,2020,2021-08-07 00:59:33.835,1.4,302.8,25.2,1.5
2020-08-07 02:00:00,2020,2021-08-07 01:59:33.830,0.5,217.7,21.4,6.1
2020-08-07 03:00:00,2020,2021-08-07 02:59:33.825,0.9,218.0,24.7,27.9
2020-08-07 04:00:00,2020,2021-08-07 03:59:33.820,16.1,220.9,22.7,30.1
2020-08-07 05:00:00,2020,2021-08-07 04:59:33.815,11.2,210.0,14.3,22.7
2020-08-07 06:00:00,2020,2021-08-07 05:59:33.810,4.4,119.5,6.3,36.6
2020-08-07 07:00:00,2020,2021-08-07 06:59:33.805,2.2,99.1,0.1,122.8
2020-08-07 08:00:00,2020,2021-08-07 07:59:33.800,0.0,14.3,0.0,60.4
2020-08-07 09:00:00,2020,2021-08-07 08:59:33.795,0.0,25.0,3.3,95.9
2020-08-07 10:00:00,2020,2021-08-07 09:59:33.790,0.3,0.6,5.8,74.7
2020-08-07 11:00:00,2020,2021-08-07 10:59:33.785,5.0,0.0,1.0,58.2
2020-08-07 12:00:00,2020,2021-08-07 11:59:33.780,40.5,0.0,0.0,51.2
2020-08-07 13:00:00,2020,2021-08-07 12:59:33.775,91.5,0.0,0.4,45.8
2020-08-07 14:00:00,2020,2021-08-07 13:59:33.770,93.5,0.0,0.1,39.0
2020-08-07 15:00:00,2020,2021-08-07 14:59:33.765,125.3,0.0,0.0,35.8
2020-08-07 16:00:00,2020,2021-08-07 15:59:33.760,140.9,1.8,0.0,24.7
2020-08-07 17:00:00,2020,2021-08-07 16:59:33.755,192.4,60.4,0.0,68.4
2020-08-07 18:00:00,2020,2021-08-07 17:59:33.750,159.3,77.4,0.0,58.3
2020-08-07 19:00:00,2020,2021-08-07 18:59:33.745,111.8,57.0,0.8,48.7
2020-08-07 20:00:00,2020,2021-08-07 19:59:33.740,128.8,51.0,3.4,55.0
2020-08-07 21:00:00,2020,2021-08-07 20:59:33.735,155.2,515.1,5.5,73.7
2020-08-07 22:00:00,2020,2021-08-07 21:59:33.730,92.7,625.8,60.1,33.7
2020-08-07 23:00:00,2020,2021-08-07 22:59:33.725,47.3,591.3,35.5,10.3
2020-08-08 00:00:00,2020,2021-08-07 23:59:33.720,25.9,516.6,34.1,2.7
2020-08-08 01:00:00,2020,2021-08-08 00:59:33.715,4.9,361.6,35.3,0.6
2020-08-08 02:00:00,2020,2021-08-08 01:59:33.710,3.6,236.0,42.2,0.0
2020-08-08 03:00:00,2020,2021-08-08 02:59:33.705,15.8,196.0,41.6,0.1
2020-08-08 04:00:00,2020,2021-08-08 03:59:33.700,0.0,211.3,51.7,0.9
2020-08-08 05:00:00,2020,2021-08-08 04:59:33.695,0.0,163.9,58.7,1.7
2020-08-08 06:00:00,2020,2021-08-08 05:59:33.690,0.0,149.5,65.9,13.3
2020-08-08 07:00:00,2020,2021-08-08 06:59:33.685,0.0,120.4,39.7,39.6
2020-08-08 08:00:00,2020,2021-08-08 07:59:33.680,0.0,12.9,7.6,4.8
2020-08-08 09:00:00,2020,2021-08-08 08:59:33.675,0.0,23.2,7.0,9.0
2020-08-08 10:00:00,2020,2021-08-08 09:59:33.670,0.0,3.7,3.6,5.7
2020-08-08 11:00:00,2020,2021-08-08 10:59:33.665,11.3,8.1,3.2,5.4
2020-08-08 12:00:00,2020,2021-08-08 11:59:33.660,13.8,11.1,3.5,2.9
2020-08-08 13:00:00,2020,2021-08-08 12:59:33.655,4.3,10.1,1.6,0.3
2020-08-08 14:00:00,2020,2021-08-08 13:59:33.650,4.9,7.7,0.3,0.9
2020-08-08 15:00:00,2020,2021-08-08 14:59:33.645,0.0,11.8,0.6,0.0
2020-08-08 16:00:00,2020,2021-08-08 15:59:33.640,0.0,35.8,8.1,0.0
2020-08-08 17:00:00,2020,2021-08-08 16:59:33.635,0.0,33.7,0.8,0.1
2020-08-08 18:00:00,2020,2021-08-08 17:59:33.630,0.0,22.8,0.4,0.0
2020-08-08 19:00:00,2020,2021-08-08 18:59:33.625,0.0,45.9,8.4,0.0
2020-08-08 20:00:00,2020,2021-08-08 19:59:33.620,4.0,9.9,5.3,0.1
2020-08-08 21:00:00,2020,2021-08-08 20:59:33.615,0.0,16.6,12.4,0.0
2020-08-08 22:00:00,2020,2021-08-08 21:59:33.610,0.0,27.2,9.7,0.0
2020-08-08 23:00:00,2020,2021-08-08 22:59:33.605,0.0,36.9,11.5,0.0
2020-08-09 00:00:00,2020,2021-08-08 23:59:33.600,1.7,23.4,10.8,0.0
2020-08-09 01:00:00,2020,2021-08-09 00:59:33.595,3.3,33.3,7.8,2.4
2020-08-09 02:00:00,2020,2021-08-09 01:59:33.590,4.9,24.6,12.0,8.4
2020-08-09 03:00:00,2020,2021-08-09 02:59:33.585,5.6,3.0,24.0,15.4
2020-08-09 04:00:00,2020,2021-08-09 03:59:33.580,11.9,4.6,35.9,19.3
2020-08-09 05:00:00,2020,2021-08-09 04:59:33.575,21.5,6.5,41.4,16.9
2020-08-09 06:00:00,2020,2021-08-09 05:59:33.570,0.0,8.6,41.1,6.3
2020-08-09 07:00:00,2020,2021-08-09 06:59:33.565,0.0,7.1,28.8,5.2
2020-08-09 08:00:00,2020,2021-08-09 07:59:33.560,0.0,6.8,14.5,9.0
2020-08-09 09:00:00,2020,2021-08-09 08:59:33.555,0.0,0.1,6.1,0.7
2020-08-09 10:00:00,2020,2021-08-09 09:59:33.550,0.0,0.2,4.3,0.0
2020-08-09 11:00:00,2020,2021-08-09 10:59:33.545,0.0,0.0,3.2,0.0
2020-08-09 12:00:00,2020,2021-08-09 11:59:33.540,0.0,0.0,1.8,0.4
2020-08-09 13:00:00,2020,2021-08-09 12:59:33.535,0.2,0.0,1.2,1.6
2020-08-09 14:00:00,2020,2021-08-09 13:59:33.530,4.1,0.0,4.5,0.9
2020-08-09 15:00:00,2020,2021-08-09 14:59:33.525,2.8,0.0,3.5,0.5
2020-08-09 16:00:00,2020,2021-08-09 15:59:33.520,9.3,0.0,1.6,1.1
2020-08-09 17:00:00,2020,2021-08-09 16:59:33.515,3.2,3.1,0.3,0.4
2020-08-09 18:00:00,2020,2021-08-09 17:59:33.510,10.6,1.4,0.0,0.2
2020-08-09 19:00:00,2020,2021-08-09 18:59:33.505,10.0,4.8,0.0,0.0
2020-08-09 20:00:00,2020,2021-08-09 19:59:33.500,0.2,10.5,0.0,0.0
2020-08-09 21:00:00,2020,2021-08-09 20:59:33.495,0.9,0.5,0.3,2.9
2020-08-09 22:00:00,2020,2021-08-09 21:59:33.490,0.0,0.0,0.1,2.6
2020-08-09 23:00:00,2020,2021-08-09 22:59:33.485,0.0,2.1,0.0,1.8
2020-08-10 00:00:00,2020,2021-08-09 23:59:33.480,0.0,2.0,0.0,1.7
2020-08-10 01:00:00,2020,2021-08-10 00:59:33.475,0.0,0.0,0.2,5.6
2020-08-10 02:00:00,2020,2021-08-10 01:59:33.470,0.0,4.2,2.2,0.8
2020-08-10 03:00:00,2020,2021-08-10 02:59:33.465,0.0,13.6,5.5,0.9
2020-08-10 04:00:00,2020,2021-08-10 03:59:33.460,0.0,15.3,0.0,94.5
2020-08-10 05:00:00,2020,2021-08-10 04:59:33.455,0.0,33.0,0.0,64.2
2020-08-10 06:00:00,2020,2021-08-10 05:59:33.450,0.0,27.9,0.1,27.7
2020-08-10 07:00:00,2020,2021-08-10 06:59:33.445,0.0,41.3,0.0,5.9
2020-08-10 08:00:00,2020,2021-08-10 07:59:33.440,0.0,31.3,0.0,0.0
2020-08-10 09:00:00,2020,2021-08-10 08:59:33.435,6.1,14.8,0.7,0.6
2020-08-10 10:00:00,2020,2021-08-10 09:59:33.430,12.4,61.2,1.8,0.8
2020-08-10 11:00:00,2020,2021-08-10 10:59:33.425,12.3,238.9,6.5,5.1
2020-08-10 12:00:00,2020,2021-08-10 11:59:33.420,14.4,84.0,2.4,21.4
2020-08-10 13:00:00,2020,2021-08-10 12:59:33.415,49.1,13.7,6.1,39.7
2020-08-10 14:00:00,2020,2021-08-10 13:59:33.410,57.3,10.6,4.1,53.9
2020-08-10 15:00:00,2020,2021-08-10 14:59:33.405,222.0,10.6,5.4,120.2
2020-08-10 16:00:00,2020,2021-08-10 15:59:33.400,138.3,6.8,0.8,163.4
2020-08-10 17:00:00,2020,2021-08-10 16:59:33.395,91.4,2.2,0.8,28.2
2020-08-10 18:00:00,2020,2021-08-10 17:59:33.390,18.2,60.0,0.0,13.9
2020-08-10 19:00:00,2020,2021-08-10 18:59:33.385,19.7,78.6,10.6,33.0
2020-08-10 20:00:00,2020,2021-08-10 19:59:33.380,64.5,267.2,41.9,415.1
2020-08-10 21:00:00,2020,2021-08-10 20:59:33.375,95.6,491.5,40.3,180.7
2020-08-10 22:00:00,2020,2021-08-10 21:59:33.370,254.2,537.9,97.2,254.1
2020-08-10 23:00:00,2020,2021-08-10 22:59:33.365,11.0,552.1,83.3,19.8
2020-08-11 00:00:00,2020,2021-08-10 23:59:33.360,6.8,680.9,121.5,103.5
2020-08-11 01:00:00,2020,2021-08-11 00:59:33.355,0.2,386.2,92.3,255.5
2020-08-11 02:00:00,2020,2021-08-11 01:59:33.350,96.8,404.7,55.5,582.8
2020-08-11 03:00:00,2020,2021-08-11 02:59:33.345,164.8,726.1,71.2,728.7
2020-08-11 04:00:00,2020,2021-08-11 03:59:33.340,511.0,611.1,43.1,736.7
2020-08-11 05:00:00,2020,2021-08-11 04:59:33.335,566.3,121.8,39.5,755.3
2020-08-11 06:00:00,2020,2021-08-11 05:59:33.330,555.8,74.6,113.5,761.5
2020-08-11 07:00:00,2020,2021-08-11 06:59:33.325,588.5,22.0,89.7,751.4
2020-08-11 08:00:00,2020,2021-08-11 07:59:33.320,431.3,0.8,44.1,722.6
2020-08-11 09:00:00,2020,2021-08-11 08:59:33.315,380.9,0.2,27.0,697.5
2020-08-11 10:00:00,2020,2021-08-11 09:59:33.310,347.3,0.1,11.8,660.2
2020-08-11 11:00:00,2020,2021-08-11 10:59:33.305,263.3,0.4,5.9,584.1
2020-08-11 12:00:00,2020,2021-08-11 11:59:33.300,285.2,11.0,6.8,505.5
2020-08-11 13:00:00,2020,2021-08-11 12:59:33.295,379.3,30.7,6.3,388.6
2020-08-11 14:00:00,2020,2021-08-11 13:59:33.290,435.1,80.9,9.5,266.1
2020-08-11 15:00:00,2020,2021-08-11 14:59:33.285,430.1,140.4,14.3,271.5
2020-08-11 16:00:00,2020,2021-08-11 15:59:33.280,461.4,117.8,18.8,318.7
2020-08-11 17:00:00,2020,2021-08-11 16:59:33.275,426.3,145.3,32.6,328.6
2020-08-11 18:00:00,2020,2021-08-11 17:59:33.270,537.8,249.5,54.4,339.8
2020-08-11 19:00:00,2020,2021-08-11 18:59:33.265,517.3,330.9,22.0,319.4
2020-08-11 20:00:00,2020,2021-08-11 19:59:33.260,462.6,176.9,2.1,560.5
2020-08-11 21:00:00,2020,2021-08-11 20:59:33.255,622.2,276.7,0.0,656.3
2020-08-11 22:00:00,2020,2021-08-11 21:59:33.250,533.2,441.8,19.6,612.9
2020-08-11 23:00:00,2020,2021-08-11 22:59:33.245,631.4,275.2,12.4,738.4
2020-08-12 00:00:00,2020,2021-08-11 23:59:33.240,552.7,164.8,18.3,722.8
2020-08-12 01:00:00,2020,2021-08-12 00:59:33.235,607.2,32.7,26.2,789.5
2020-08-12 02:00:00,2020,2021-08-12 01:59:33.230,616.6,2.6,62.1,756.6
2020-08-12 03:00:00,2020,2021-08-12 02:59:33.225,546.4,0.0,69.4,725.7
2020-08-12 04:00:00,2020,2021-08-12 03:59:33.220,548.1,0.0,66.0,744.0
2020-08-12 05:00:00,2020,2021-08-12 04:59:33.215,540.4,0.0,49.3,723.3
2020-08-12 06:00:00,2020,2021-08-12 05:59:33.210,426.2,0.0,46.4,662.1
2020-08-12 07:00:00,2020,2021-08-12 06:59:33.205,161.2,0.0,41.6,515.6
2020-08-12 08:00:00,2020,2021-08-12 07:59:33.200,6.7,0.0,0.0,309.4
2020-08-12 09:00:00,2020,2021-08-12 08:59:33.195,0.0,4.1,0.0,162.1
2020-08-12 10:00:00,2020,2021-08-12 09:59:33.190,0.0,18.4,0.0,85.2
2020-08-12 11:00:00,2020,2021-08-12 10:59:33.185,0.1,36.9,0.0,68.7
2020-08-12 12:00:00,2020,2021-08-12 11:59:33.180,0.0,27.5,1.4,11.9
2020-08-12 13:00:00,2020,2021-08-12 12:59:33.175,0.0,8.3,0.0,8.6
2020-08-12 14:00:00,2020,2021-08-12 13:59:33.170,0.0,3.1,0.0,0.1
2020-08-12 15:00:00,2020,2021-08-12 14:59:33.165,0.0,0.0,0.0,0.0
2020-08-12 16:00:00,2020,2021-08-12 15:59:33.160,0.0,0.0,0.0,0.0
2020-08-12 17:00:00,2020,2021-08-12 16:59:33.155,0.6,174.9,0.0,53.5
2020-08-12 18:00:00,2020,2021-08-12 17:59:33.150,8.7,168.4,0.0,101.4
2020-08-12 19:00:00,2020,2021-08-12 18:59:33.145,48.5,111.6,0.0,82.8
2020-08-12 20:00:00,2020,2021-08-12 19:59:33.140,56.2,143.7,35.5,55.0
2020-08-12 21:00:00,2020,2021-08-12 20:59:33.135,16.0,263.5,106.4,23.9
2020-08-12 22:00:00,2020,2021-08-12 21:59:33.130,23.9,292.8,43.0,15.1
2020-08-12 23:00:00,2020,2021-08-12 22:59:33.125,9.5,199.4,8.5,116.6
2020-08-13 00:00:00,2020,2021-08-12 23:59:33.120,13.2,77.5,7.1,191.5
2020-08-13 01:00:00,2020,2021-08-13 00:59:33.115,2.5,7.1,3.0,224.2
2020-08-13 02:00:00,2020,2021-08-13 01:59:33.110,5.2,9.0,4.5,506.5
2020-08-13 03:00:00,2020,2021-08-13 02:59:33.105,0.0,14.0,9.3,508.8
2020-08-13 04:00:00,2020,2021-08-13 03:59:33.100,2.7,12.5,3.8,405.4
2020-08-13 05:00:00,2020,2021-08-13 04:59:33.095,3.5,7.7,0.2,321.0
2020-08-13 06:00:00,2020,2021-08-13 05:59:33.090,4.6,20.8,0.9,290.3
2020-08-13 07:00:00,2020,2021-08-13 06:59:33.085,0.9,59.8,0.0,187.6
2020-08-13 08:00:00,2020,2021-08-13 07:59:33.080,0.0,57.9,0.0,33.4
2020-08-13 09:00:00,2020,2021-08-13 08:59:33.075,0.3,18.6,0.0,7.2
2020-08-13 10:00:00,2020,2021-08-13 09:59:33.070,0.0,0.0,0.0,0.3
2020-08-13 11:00:00,2020,2021-08-13 10:59:33.065,0.0,0.0,0.0,0.0
2020-08-13 12:00:00,2020,2021-08-13 11:59:33.060,0.0,0.0,0.0,2.7
2020-08-13 13:00:00,2020,2021-08-13 12:59:33.055,0.0,0.0,0.2,18.0
2020-08-13 14:00:00,2020,2021-08-13 13:59:33.050,0.0,1.4,0.2,3.4
2020-08-13 15:00:00,2020,2021-08-13 14:59:33.045,14.0,28.5,0.0,111.0
2020-08-13 16:00:00,2020,2021-08-13 15:59:33.040,186.8,3.9,0.0,5.5
2020-08-13 17:00:00,2020,2021-08-13 16:59:33.035,33.4,522.5,22.4,98.1
2020-08-13 18:00:00,2020,2021-08-13 17:59:33.030,56.6,361.9,22.3,82.9
2020-08-13 19:00:00,2020,2021-08-13 18:59:33.025,44.5,385.9,0.0,153.6
2020-08-13 20:00:00,2020,2021-08-13 19:59:33.020,123.1,417.2,51.3,41.6
2020-08-13 21:00:00,2020,2021-08-13 20:59:33.015,66.0,645.6,58.2,381.6
2020-08-13 22:00:00,2020,2021-08-13 21:59:33.010,285.6,659.1,69.5,479.5
2020-08-13 23:00:00,2020,2021-08-13 22:59:33.005,481.2,527.6,40.6,527.9
2020-08-14 00:00:00,2020,2021-08-13 23:59:33.000,395.8,288.9,36.4,530.9
2020-08-14 01:00:00,2020,2021-08-14 00:59:32.995,490.7,221.3,29.2,559.2
2020-08-14 02:00:00,2020,2021-08-14 01:59:32.990,628.5,176.8,37.6,710.5
2020-08-14 03:00:00,2020,2021-08-14 02:59:32.985,567.5,155.5,55.7,674.0
2020-08-14 04:00:00,2020,2021-08-14 03:59:32.980,621.8,109.5,92.4,748.6
2020-08-14 05:00:00,2020,2021-08-14 04:59:32.975,652.4,32.8,105.1,760.8
2020-08-14 06:00:00,2020,2021-08-14 05:59:32.970,657.5,3.1,86.8,742.9
2020-08-14 07:00:00,2020,2021-08-14 06:59:32.965,659.9,5.0,55.1,664.3
2020-08-14 08:00:00,2020,2021-08-14 07:59:32.960,422.1,42.4,36.4,630.3
2020-08-14 09:00:00,2020,2021-08-14 08:59:32.955,333.7,44.6,20.8,533.7
2020-08-14 10:00:00,2020,2021-08-14 09:59:32.950,180.2,24.7,5.3,392.5
2020-08-14 11:00:00,2020,2021-08-14 10:59:32.945,166.6,4.2,6.6,260.4
2020-08-14 12:00:00,2020,2021-08-14 11:59:32.940,182.5,2.5,3.2,159.5
2020-08-14 13:00:00,2020,2021-08-14 12:59:32.935,143.3,1.4,0.4,98.6
2020-08-14 14:00:00,2020,2021-08-14 13:59:32.930,125.0,1.5,0.2,61.3
2020-08-14 15:00:00,2020,2021-08-14 14:59:32.925,122.5,6.2,2.4,64.4
2020-08-14 16:00:00,2020,2021-08-14 15:59:32.920,100.7,0.0,0.0,11.4
2020-08-14 17:00:00,2020,2021-08-14 16:59:32.915,74.0,20.7,0.0,0.0
2020-08-14 18:00:00,2020,2021-08-14 17:59:32.910,39.4,28.9,0.0,0.0
2020-08-14 19:00:00,2020,2021-08-14 18:59:32.905,13.0,30.0,0.0,0.0
2020-08-14 20:00:00,2020,2021-08-14 19:59:32.900,0.0,155.1,1.7,0.0
2020-08-14 21:00:00,2020,2021-08-14 20:59:32.895,0.0,533.2,31.3,68.2
2020-08-14 22:00:00,2020,2021-08-14 21:59:32.890,0.0,754.1,25.2,56.4
2020-08-14 23:00:00,2020,2021-08-14 22:59:32.885,7.4,749.7,37.6,58.2
2020-08-15 00:00:00,2020,2021-08-14 23:59:32.880,4.3,741.8,61.7,28.8
2020-08-15 01:00:00,2020,2021-08-15 00:59:32.875,49.4,722.8,50.3,30.4
2020-08-15 02:00:00,2020,2021-08-15 01:59:32.870,66.3,617.0,53.2,65.4
2020-08-15 03:00:00,2020,2021-08-15 02:59:32.865,65.2,494.3,38.9,120.8
2020-08-15 04:00:00,2020,2021-08-15 03:59:32.860,54.1,393.6,30.1,164.4
2020-08-15 05:00:00,2020,2021-08-15 04:59:32.855,27.3,206.9,10.1,257.4
2020-08-15 06:00:00,2020,2021-08-15 05:59:32.850,12.9,143.2,9.0,355.7
2020-08-15 07:00:00,2020,2021-08-15 06:59:32.845,3.5,78.4,14.8,381.9
2020-08-15 08:00:00,2020,2021-08-15 07:59:32.840,0.0,1.5,9.8,242.4
2020-08-15 09:00:00,2020,2021-08-15 08:59:32.835,56.2,0.0,9.5,183.4
2020-08-15 10:00:00,2020,2021-08-15 09:59:32.830,88.9,0.0,10.0,110.6
2020-08-15 11:00:00,2020,2021-08-15 10:59:32.825,115.9,0.0,5.1,78.7
2020-08-15 12:00:00,2020,2021-08-15 11:59:32.820,96.1,0.0,1.4,44.6
2020-08-15 13:00:00,2020,2021-08-15 12:59:32.815,108.7,0.0,0.6,31.0
2020-08-15 14:00:00,2020,2021-08-15 13:59:32.810,96.2,0.0,0.4,31.2
2020-08-15 15:00:00,2020,2021-08-15 14:59:32.805,73.1,0.0,0.0,30.0
2020-08-15 16:00:00,2020,2021-08-15 15:59:32.800,51.8,0.7,0.3,21.3
2020-08-15 17:00:00,2020,2021-08-15 16:59:32.795,22.9,1.1,0.7,5.5
2020-08-15 18:00:00,2020,2021-08-15 17:59:32.790,11.1,0.7,0.1,0.5
2020-08-15 19:00:00,2020,2021-08-15 18:59:32.785,28.1,5.4,0.0,0.3
2020-08-15 20:00:00,2020,2021-08-15 19:59:32.780,55.5,8.9,0.0,13.2
2020-08-15 21:00:00,2020,2021-08-15 20:59:32.775,55.3,0.0,0.0,60.5
2020-08-15 22:00:00,2020,2021-08-15 21:59:32.770,14.5,0.0,0.5,80.3
2020-08-15 23:00:00,2020,2021-08-15 22:59:32.765,80.5,247.1,1.1,58.2
2020-08-16 00:00:00,2020,2021-08-15 23:59:32.760,55.8,314.2,38.7,40.4
2020-08-16 01:00:00,2020,2021-08-16 00:59:32.755,32.6,255.0,30.6,28.7
2020-08-16 02:00:00,2020,2021-08-16 01:59:32.750,21.8,236.4,25.2,28.0
2020-08-16 03:00:00,2020,2021-08-16 02:59:32.745,19.7,227.6,24.4,24.1
2020-08-16 04:00:00,2020,2021-08-16 03:59:32.740,26.5,235.8,33.8,40.2
2020-08-16 05:00:00,2020,2021-08-16 04:59:32.735,0.0,185.4,24.6,32.0
2020-08-16 06:00:00,2020,2021-08-16 05:59:32.730,10.1,187.4,25.4,15.2
2020-08-16 07:00:00,2020,2021-08-16 06:59:32.725,17.7,182.0,19.6,6.5
2020-08-16 08:00:00,2020,2021-08-16 07:59:32.720,4.7,90.2,11.3,0.0
2020-08-16 09:00:00,2020,2021-08-16 08:59:32.715,6.0,36.7,3.2,0.0
2020-08-16 10:00:00,2020,2021-08-16 09:59:32.710,8.9,17.7,1.8,0.0
2020-08-16 11:00:00,2020,2021-08-16 10:59:32.705,14.7,8.3,0.7,6.5
2020-08-16 12:00:00,2020,2021-08-16 11:59:32.700,29.1,7.9,0.9,23.0
2020-08-16 13:00:00,2020,2021-08-16 12:59:32.695,38.6,16.1,1.6,26.2
2020-08-16 14:00:00,2020,2021-08-16 13:59:32.690,37.6,9.1,2.8,26.5
2020-08-16 15:00:00,2020,2021-08-16 14:59:32.685,23.7,4.5,0.8,25.8
2020-08-16 16:00:00,2020,2021-08-16 15:59:32.680,22.5,6.8,0.0,23.5
2020-08-16 17:00:00,2020,2021-08-16 16:59:32.675,26.2,3.7,2.5,29.5
2020-08-16 18:00:00,2020,2021-08-16 17:59:32.670,21.1,10.1,4.4,28.2
2020-08-16 19:00:00,2020,2021-08-16 18:59:32.665,10.7,27.5,8.7,19.5
2020-08-16 20:00:00,2020,2021-08-16 19:59:32.660,8.1,42.9,14.1,1.7
2020-08-16 21:00:00,2020,2021-08-16 20:59:32.655,5.3,29.2,10.4,6.9
2020-08-16 22:00:00,2020,2021-08-16 21:59:32.650,2.3,7.3,2.6,14.0
2020-08-16 23:00:00,2020,2021-08-16 22:59:32.645,18.8,2.8,0.2,41.3
2020-08-17 00:00:00,2020,2021-08-16 23:59:32.640,48.9,14.4,0.7,139.4
2020-08-17 01:00:00,2020,2021-08-17 00:59:32.635,47.9,17.9,2.6,185.4
2020-08-17 02:00:00,2020,2021-08-17 01:59:32.630,62.4,17.6,4.7,198.0
2020-08-17 03:00:00,2020,2021-08-17 02:59:32.625,48.0,18.0,8.5,105.4
2020-08-17 04:00:00,2020,2021-08-17 03:59:32.620,29.2,25.5,15.7,3.7
2020-08-17 05:00:00,2020,2021-08-17 04:59:32.615,1.2,40.6,21.7,2.8
2020-08-17 06:00:00,2020,2021-08-17 05:59:32.610,0.4,30.1,20.1,14.4
2020-08-17 07:00:00,2020,2021-08-17 06:59:32.605,0.5,15.5,13.6,8.8
2020-08-17 08:00:00,2020,2021-08-17 07:59:32.600,0.0,3.9,5.0,12.6
2020-08-17 09:00:00,2020,2021-08-17 08:59:32.595,0.3,1.8,2.9,25.9
2020-08-17 10:00:00,2020,2021-08-17 09:59:32.590,2.9,4.0,0.8,30.9
2020-08-17 11:00:00,2020,2021-08-17 10:59:32.585,13.3,5.8,0.3,33.1
2020-08-17 12:00:00,2020,2021-08-17 11:59:32.580,17.2,4.0,0.0,35.9
2020-08-17 13:00:00,2020,2021-08-17 12:59:32.575,7.4,4.7,0.0,33.9
2020-08-17 14:00:00,2020,2021-08-17 13:59:32.570,26.3,25.9,0.0,6.2
2020-08-17 15:00:00,2020,2021-08-17 14:59:32.565,71.0,55.1,0.0,37.1
2020-08-17 16:00:00,2020,2021-08-17 15:59:32.560,134.8,99.4,0.0,64.9
2020-08-17 17:00:00,2020,2021-08-17 16:59:32.555,60.5,26.3,0.0,9.7
2020-08-17 18:00:00,2020,2021-08-17 17:59:32.550,42.0,31.2,0.5,24.1
2020-08-17 19:00:00,2020,2021-08-17 18:59:32.545,36.1,165.0,6.7,30.0
2020-08-17 20:00:00,2020,2021-08-17 19:59:32.540,25.9,294.2,0.7,31.3
2020-08-17 21:00:00,2020,2021-08-17 20:59:32.535,37.5,417.3,2.0,32.5
2020-08-17 22:00:00,2020,2021-08-17 21:59:32.530,78.4,402.4,12.0,14.1
2020-08-17 23:00:00,2020,2021-08-17 22:59:32.525,54.5,190.1,25.3,18.8
2020-08-18 00:00:00,2020,2021-08-17 23:59:32.520,81.4,156.1,41.4,20.7
2020-08-18 01:00:00,2020,2021-08-18 00:59:32.515,162.0,154.9,33.9,193.5
2020-08-18 02:00:00,2020,2021-08-18 01:59:32.510,272.5,152.6,17.5,374.9
2020-08-18 03:00:00,2020,2021-08-18 02:59:32.505,216.0,105.5,12.2,568.6
2020-08-18 04:00:00,2020,2021-08-18 03:59:32.500,334.3,56.4,26.4,663.8
2020-08-18 05:00:00,2020,2021-08-18 04:59:32.495,430.2,30.9,39.9,659.4
2020-08-18 06:00:00,2020,2021-08-18 05:59:32.490,432.0,48.3,31.4,677.7
2020-08-18 07:00:00,2020,2021-08-18 06:59:32.485,322.8,37.0,17.8,691.5
2020-08-18 08:00:00,2020,2021-08-18 07:59:32.480,144.7,1.5,20.9,415.8
2020-08-18 09:00:00,2020,2021-08-18 08:59:32.475,51.7,0.1,21.1,350.1
2020-08-18 10:00:00,2020,2021-08-18 09:59:32.470,21.5,1.6,25.0,290.9
2020-08-18 11:00:00,2020,2021-08-18 10:59:32.465,22.9,1.5,8.3,197.4
2020-08-18 12:00:00,2020,2021-08-18 11:59:32.460,13.1,0.0,2.1,144.1
2020-08-18 13:00:00,2020,2021-08-18 12:59:32.455,30.7,16.6,1.8,120.5
2020-08-18 14:00:00,2020,2021-08-18 13:59:32.450,73.8,60.6,3.7,105.2
2020-08-18 15:00:00,2020,2021-08-18 14:59:32.445,93.0,84.6,3.2,99.0
2020-08-18 16:00:00,2020,2021-08-18 15:59:32.440,93.5,133.0,3.3,106.4
2020-08-18 17:00:00,2020,2021-08-18 16:59:32.435,0.0,142.6,0.0,2.2
2020-08-18 18:00:00,2020,2021-08-18 17:59:32.430,0.0,168.0,22.8,5.2
2020-08-18 19:00:00,2020,2021-08-18 18:59:32.425,0.0,68.6,51.4,15.8
2020-08-18 20:00:00,2020,2021-08-18 19:59:32.420,47.1,258.1,51.0,59.2
2020-08-18 21:00:00,2020,2021-08-18 20:59:32.415,84.9,282.4,69.3,86.7
2020-08-18 22:00:00,2020,2021-08-18 21:59:32.410,77.7,554.3,58.3,171.9
2020-08-18 23:00:00,2020,2021-08-18 22:59:32.405,78.7,585.1,57.8,301.8
2020-08-19 00:00:00,2020,2021-08-18 23:59:32.400,89.0,501.3,37.4,319.7
2020-08-19 01:00:00,2020,2021-08-19 00:59:32.395,107.8,351.1,17.4,432.6
2020-08-19 02:00:00,2020,2021-08-19 01:59:32.390,62.0,283.4,30.4,434.8
2020-08-19 03:00:00,2020,2021-08-19 02:59:32.385,32.9,274.4,35.3,475.8
2020-08-19 04:00:00,2020,2021-08-19 03:59:32.380,30.2,244.3,41.5,524.5
2020-08-19 05:00:00,2020,2021-08-19 04:59:32.375,24.8,215.0,49.6,517.8
2020-08-19 06:00:00,2020,2021-08-19 05:59:32.370,23.2,188.3,57.2,506.1
2020-08-19 07:00:00,2020,2021-08-19 06:59:32.365,37.2,179.8,53.1,368.4
2020-08-19 08:00:00,2020,2021-08-19 07:59:32.360,12.9,90.2,50.1,195.5
2020-08-19 09:00:00,2020,2021-08-19 08:59:32.355,10.4,65.4,68.7,141.0
2020-08-19 10:00:00,2020,2021-08-19 09:59:32.350,0.0,37.9,37.5,25.2
2020-08-19 11:00:00,2020,2021-08-19 10:59:32.345,0.9,57.9,37.4,550.6
2020-08-19 12:00:00,2020,2021-08-19 11:59:32.340,17.6,37.5,14.8,15.5
2020-08-19 13:00:00,2020,2021-08-19 12:59:32.335,38.2,30.9,29.2,342.2
2020-08-19 14:00:00,2020,2021-08-19 13:59:32.330,28.3,49.3,7.2,27.2
2020-08-19 15:00:00,2020,2021-08-19 14:59:32.325,0.0,59.2,3.3,18.0
2020-08-19 16:00:00,2020,2021-08-19 15:59:32.320,0.0,31.8,8.8,10.1
2020-08-19 17:00:00,2020,2021-08-19 16:59:32.315,0.0,61.6,19.7,24.8
2020-08-19 18:00:00,2020,2021-08-19 17:59:32.310,23.7,55.6,16.7,5.8
2020-08-19 19:00:00,2020,2021-08-19 18:59:32.305,13.2,76.5,12.8,1.0
2020-08-19 20:00:00,2020,2021-08-19 19:59:32.300,8.3,169.8,13.8,70.5
2020-08-19 21:00:00,2020,2021-08-19 20:59:32.295,41.0,141.0,38.3,65.1
2020-08-19 22:00:00,2020,2021-08-19 21:59:32.290,7.5,402.0,79.7,84.7
2020-08-19 23:00:00,2020,2021-08-19 22:59:32.285,22.9,436.4,86.6,207.8
2020-08-20 00:00:00,2020,2021-08-19 23:59:32.280,20.9,518.1,77.6,289.8
2020-08-20 01:00:00,2020,2021-08-20 00:59:32.275,65.9,522.4,70.8,540.6
2020-08-20 02:00:00,2020,2021-08-20 01:59:32.270,63.6,484.5,86.4,421.5
2020-08-20 03:00:00,2020,2021-08-20 02:59:32.265,52.0,515.6,95.0,317.1
2020-08-20 04:00:00,2020,2021-08-20 03:59:32.260,22.6,492.4,87.8,430.1
2020-08-20 05:00:00,2020,2021-08-20 04:59:32.255,20.4,458.1,83.3,465.1
2020-08-20 06:00:00,2020,2021-08-20 05:59:32.250,422.0,424.4,74.9,636.4
2020-08-20 07:00:00,2020,2021-08-20 06:59:32.245,228.3,366.7,53.3,500.6
2020-08-20 08:00:00,2020,2021-08-20 07:59:32.240,20.2,274.2,28.3,552.9
2020-08-20 09:00:00,2020,2021-08-20 08:59:32.235,13.7,199.7,27.3,579.8
2020-08-20 10:00:00,2020,2021-08-20 09:59:32.230,32.1,123.8,21.3,430.3
2020-08-20 11:00:00,2020,2021-08-20 10:59:32.225,26.4,48.0,14.2,309.9
2020-08-20 12:00:00,2020,2021-08-20 11:59:32.220,19.5,0.3,12.2,138.1
2020-08-20 13:00:00,2020,2021-08-20 12:59:32.215,9.8,0.0,9.9,29.0
2020-08-20 14:00:00,2020,2021-08-20 13:59:32.210,27.2,0.0,11.9,8.9
2020-08-20 15:00:00,2020,2021-08-20 14:59:32.205,56.6,10.7,6.3,24.2
2020-08-20 16:00:00,2020,2021-08-20 15:59:32.200,92.0,55.7,4.5,68.6
2020-08-20 17:00:00,2020,2021-08-20 16:59:32.195,26.0,0.0,0.2,23.5
2020-08-20 18:00:00,2020,2021-08-20 17:59:32.190,49.7,0.0,0.0,30.5
2020-08-20 19:00:00,2020,2021-08-20 18:59:32.185,15.7,0.0,0.0,13.4
2020-08-20 20:00:00,2020,2021-08-20 19:59:32.180,34.7,16.4,9.3,8.3
2020-08-20 21:00:00,2020,2021-08-20 20:59:32.175,0.0,14.5,10.2,6.7
2020-08-20 22:00:00,2020,2021-08-20 21:59:32.170,0.0,4.9,6.4,0.8
2020-08-20 23:00:00,2020,2021-08-20 22:59:32.165,0.0,189.4,4.7,0.7
2020-08-21 00:00:00,2020,2021-08-20 23:59:32.160,0.0,113.8,2.3,14.5
2020-08-21 01:00:00,2020,2021-08-21 00:59:32.155,0.0,92.7,0.4,10.6
2020-08-21 02:00:00,2020,2021-08-21 01:59:32.150,0.0,65.7,0.0,23.3
2020-08-21 03:00:00,2020,2021-08-21 02:59:32.145,0.0,46.0,0.1,9.8
2020-08-21 04:00:00,2020,2021-08-21 03:59:32.140,0.0,31.5,0.0,11.3
2020-08-21 05:00:00,2020,2021-08-21 04:59:32.135,0.0,19.8,0.0,2.9
2020-08-21 06:00:00,2020,2021-08-21 05:59:32.130,0.0,3.5,0.0,0.0
2020-08-21 07:00:00,2020,2021-08-21 06:59:32.125,0.0,1.5,0.0,12.2
2020-08-21 08:00:00,2020,2021-08-21 07:59:32.120,0.4,0.6,0.0,6.9
2020-08-21 09:00:00,2020,2021-08-21 08:59:32.115,13.2,0.0,0.0,0.0
2020-08-21 10:00:00,2020,2021-08-21 09:59:32.110,21.9,0.0,0.0,0.0
2020-08-21 11:00:00,2020,2021-08-21 10:59:32.105,12.3,0.3,0.0,0.2
2020-08-21 12:00:00,2020,2021-08-21 11:59:32.100,11.4,0.0,0.0,4.0
2020-08-21 13:00:00,2020,2021-08-21 12:59:32.095,9.0,19.5,1.4,11.5
2020-08-21 14:00:00,2020,2021-08-21 13:59:32.090,16.9,21.5,1.1,21.5
2020-08-21 15:00:00,2020,2021-08-21 14:59:32.085,28.5,10.7,0.1,25.5
2020-08-21 16:00:00,2020,2021-08-21 15:59:32.080,43.1,4.9,0.0,23.7
2020-08-21 17:00:00,2020,2021-08-21 16:59:32.075,40.1,16.6,0.1,14.0
2020-08-21 18:00:00,2020,2021-08-21 17:59:32.070,35.7,7.0,0.0,9.7
2020-08-21 19:00:00,2020,2021-08-21 18:59:32.065,18.1,6.3,1.6,3.1
2020-08-21 20:00:00,2020,2021-08-21 19:59:32.060,7.8,3.2,1.9,22.3
2020-08-21 21:00:00,2020,2021-08-21 20:59:32.055,1.6,1.6,3.0,23.1
2020-08-21 22:00:00,2020,2021-08-21 21:59:32.050,5.0,4.9,3.6,40.4
2020-08-21 23:00:00,2020,2021-08-21 22:59:32.045,16.2,7.4,1.6,79.7
2020-08-22 00:00:00,2020,2021-08-21 23:59:32.040,37.3,8.9,0.3,104.1
2020-08-22 01:00:00,2020,2021-08-22 00:59:32.035,42.9,11.3,0.7,86.3
2020-08-22 02:00:00,2020,2021-08-22 01:59:32.030,37.4,12.9,1.9,20.9
2020-08-22 03:00:00,2020,2021-08-22 02:59:32.025,39.1,13.6,7.5,0.5
2020-08-22 04:00:00,2020,2021-08-22 03:59:32.020,0.0,26.4,6.0,10.9
2020-08-22 05:00:00,2020,2021-08-22 04:59:32.015,0.0,36.7,6.7,49.0
2020-08-22 06:00:00,2020,2021-08-22 05:59:32.010,0.0,39.0,5.5,42.1
2020-08-22 07:00:00,2020,2021-08-22 06:59:32.005,0.0,36.6,8.5,34.1
2020-08-22 08:00:00,2020,2021-08-22 07:59:32.000,0.0,22.2,7.9,13.8
2020-08-22 09:00:00,2020,2021-08-22 08:59:31.995,0.0,10.3,2.6,0.0
2020-08-22 10:00:00,2020,2021-08-22 09:59:31.990,0.0,8.6,1.8,0.0
2020-08-22 11:00:00,2020,2021-08-22 10:59:31.985,0.0,6.7,1.0,0.7
2020-08-22 12:00:00,2020,2021-08-22 11:59:31.980,0.6,5.4,0.3,7.1
2020-08-22 13:00:00,2020,2021-08-22 12:59:31.975,6.2,5.3,0.0,22.2
2020-08-22 14:00:00,2020,2021-08-22 13:59:31.970,22.7,8.4,0.0,34.8
2020-08-22 15:00:00,2020,2021-08-22 14:59:31.965,33.1,10.7,0.0,32.9
2020-08-22 16:00:00,2020,2021-08-22 15:59:31.960,41.6,15.3,0.1,31.2
2020-08-22 17:00:00,2020,2021-08-22 16:59:31.955,24.0,18.1,0.6,21.8
2020-08-22 18:00:00,2020,2021-08-22 17:59:31.950,33.1,20.8,1.3,28.3
2020-08-22 19:00:00,2020,2021-08-22 18:59:31.945,12.7,25.7,1.6,24.9
2020-08-22 20:00:00,2020,2021-08-22 19:59:31.940,7.5,14.1,0.9,9.1
2020-08-22 21:00:00,2020,2021-08-22 20:59:31.935,3.8,12.9,0.1,14.9
2020-08-22 22:00:00,2020,2021-08-22 21:59:31.930,0.0,11.6,0.0,8.9
2020-08-22 23:00:00,2020,2021-08-22 22:59:31.925,0.0,4.8,0.3,2.8
2020-08-23 00:00:00,2020,2021-08-22 23:59:31.920,0.0,1.9,0.5,1.9
2020-08-23 01:00:00,2020,2021-08-23 00:59:31.915,0.0,2.3,0.9,0.3
2020-08-23 02:00:00,2020,2021-08-23 01:59:31.910,0.0,5.0,3.4,0.0
2020-08-23 03:00:00,2020,2021-08-23 02:59:31.905,0.0,8.1,15.5,0.7
2020-08-23 04:00:00,2020,2021-08-23 03:59:31.900,1.0,17.0,14.3,0.0
2020-08-23 05:00:00,2020,2021-08-23 04:59:31.895,1.0,12.8,15.5,3.0
2020-08-23 06:00:00,2020,2021-08-23 05:59:31.890,0.2,7.4,12.5,11.8
2020-08-23 07:00:00,2020,2021-08-23 06:59:31.885,0.0,12.1,8.9,4.5
2020-08-23 08:00:00,2020,2021-08-23 07:59:31.880,0.0,13.2,7.6,5.0
2020-08-23 09:00:00,2020,2021-08-23 08:59:31.875,0.0,4.5,3.0,8.5
2020-08-23 10:00:00,2020,2021-08-23 09:59:31.870,0.0,3.9,2.6,0.0
2020-08-23 11:00:00,2020,2021-08-23 10:59:31.865,0.0,5.2,2.5,0.0
2020-08-23 12:00:00,2020,2021-08-23 11:59:31.860,0.7,11.4,1.0,0.0
2020-08-23 13:00:00,2020,2021-08-23 12:59:31.855,3.8,10.9,0.5,0.1
2020-08-23 14:00:00,2020,2021-08-23 13:59:31.850,1.7,11.1,0.8,0.0
2020-08-23 15:00:00,2020,2021-08-23 14:59:31.845,1.6,15.3,0.5,0.0
2020-08-23 16:00:00,2020,2021-08-23 15:59:31.840,13.1,6.5,0.1,0.0
2020-08-23 17:00:00,2020,2021-08-23 16:59:31.835,17.5,1.9,0.2,0.0
2020-08-23 18:00:00,2020,2021-08-23 17:59:31.830,7.8,1.8,0.3,1.3
2020-08-23 19:00:00,2020,2021-08-23 18:59:31.825,18.6,8.2,0.0,5.4
2020-08-23 20:00:00,2020,2021-08-23 19:59:31.820,10.6,7.5,0.5,53.5
2020-08-23 21:00:00,2020,2021-08-23 20:59:31.815,27.1,2.4,0.1,56.4
2020-08-23 22:00:00,2020,2021-08-23 21:59:31.810,42.1,3.9,1.3,96.7
2020-08-23 23:00:00,2020,2021-08-23 22:59:31.805,129.4,0.9,0.3,208.6
2020-08-24 00:00:00,2020,2021-08-23 23:59:31.800,95.2,9.9,2.7,312.8
2020-08-24 01:00:00,2020,2021-08-24 00:59:31.795,76.9,14.8,0.0,250.9
2020-08-24 02:00:00,2020,2021-08-24 01:59:31.790,110.7,13.8,1.9,210.9
2020-08-24 03:00:00,2020,2021-08-24 02:59:31.785,151.0,24.0,5.7,207.3
2020-08-24 04:00:00,2020,2021-08-24 03:59:31.780,187.8,75.4,9.2,237.6
2020-08-24 05:00:00,2020,2021-08-24 04:59:31.775,161.5,84.1,12.3,152.2
2020-08-24 06:00:00,2020,2021-08-24 05:59:31.770,96.3,78.7,15.8,64.8
2020-08-24 07:00:00,2020,2021-08-24 06:59:31.765,34.4,66.7,13.1,8.6
2020-08-24 08:00:00,2020,2021-08-24 07:59:31.760,32.8,45.8,6.6,33.8
2020-08-24 09:00:00,2020,2021-08-24 08:59:31.755,1.2,42.1,4.2,0.0
2020-08-24 10:00:00,2020,2021-08-24 09:59:31.750,18.4,42.1,4.9,2.7
2020-08-24 11:00:00,2020,2021-08-24 10:59:31.745,47.6,45.2,3.6,1.4
2020-08-24 12:00:00,2020,2021-08-24 11:59:31.740,60.1,45.5,2.3,9.1
2020-08-24 13:00:00,2020,2021-08-24 12:59:31.735,76.7,46.3,1.4,9.5
2020-08-24 14:00:00,2020,2021-08-24 13:59:31.730,103.5,136.1,1.3,44.6
2020-08-24 15:00:00,2020,2021-08-24 14:59:31.725,95.3,57.1,4.6,122.8
2020-08-24 16:00:00,2020,2021-08-24 15:59:31.720,75.3,54.6,8.3,179.9
2020-08-24 17:00:00,2020,2021-08-24 16:59:31.715,64.3,65.2,6.8,280.9
2020-08-24 18:00:00,2020,2021-08-24 17:59:31.710,103.9,82.0,18.1,307.1
2020-08-24 19:00:00,2020,2021-08-24 18:59:31.705,298.0,88.0,31.5,350.5
2020-08-24 20:00:00,2020,2021-08-24 19:59:31.700,326.1,218.5,88.2,590.4
2020-08-24 21:00:00,2020,2021-08-24 20:59:31.695,253.2,331.1,88.0,672.4
2020-08-24 22:00:00,2020,2021-08-24 21:59:31.690,216.6,430.9,127.6,476.9
2020-08-24 23:00:00,2020,2021-08-24 22:59:31.685,169.1,265.5,138.7,552.4
2020-08-25 00:00:00,2020,2021-08-24 23:59:31.680,87.0,269.2,110.8,644.9
2020-08-25 01:00:00,2020,2021-08-25 00:59:31.675,35.4,108.2,134.9,713.7
2020-08-25 02:00:00,2020,2021-08-25 01:59:31.670,318.5,229.5,148.1,693.7
2020-08-25 03:00:00,2020,2021-08-25 02:59:31.665,515.6,149.6,147.6,704.2
2020-08-25 04:00:00,2020,2021-08-25 03:59:31.660,577.1,349.3,147.1,699.2
2020-08-25 05:00:00,2020,2021-08-25 04:59:31.655,603.1,496.6,144.9,700.0
2020-08-25 06:00:00,2020,2021-08-25 05:59:31.650,584.1,372.8,131.8,605.7
2020-08-25 07:00:00,2020,2021-08-25 06:59:31.645,593.3,232.3,147.1,609.1
2020-08-25 08:00:00,2020,2021-08-25 07:59:31.640,377.2,134.4,145.6,655.5
2020-08-25 09:00:00,2020,2021-08-25 08:59:31.635,139.4,73.6,146.7,711.7
2020-08-25 10:00:00,2020,2021-08-25 09:59:31.630,91.6,113.2,146.8,687.7
2020-08-25 11:00:00,2020,2021-08-25 10:59:31.625,153.2,215.9,145.8,719.6
2020-08-25 12:00:00,2020,2021-08-25 11:59:31.620,341.3,365.6,144.7,735.7
2020-08-25 13:00:00,2020,2021-08-25 12:59:31.615,425.8,454.2,146.3,724.3
2020-08-25 14:00:00,2020,2021-08-25 13:59:31.610,418.2,482.9,144.9,693.9
2020-08-25 15:00:00,2020,2021-08-25 14:59:31.605,446.9,517.2,142.0,686.6
2020-08-25 16:00:00,2020,2021-08-25 15:59:31.600,483.2,575.9,142.2,627.0
2020-08-25 17:00:00,2020,2021-08-25 16:59:31.595,365.9,352.9,71.3,387.3
2020-08-25 18:00:00,2020,2021-08-25 17:59:31.590,288.6,380.9,81.5,398.7
2020-08-25 19:00:00,2020,2021-08-25 18:59:31.585,324.4,306.3,98.4,249.8
2020-08-25 20:00:00,2020,2021-08-25 19:59:31.580,429.1,287.7,113.6,347.2
2020-08-25 21:00:00,2020,2021-08-25 20:59:31.575,514.1,189.1,31.3,448.3
2020-08-25 22:00:00,2020,2021-08-25 21:59:31.570,536.9,367.0,53.6,518.4
2020-08-25 23:00:00,2020,2021-08-25 22:59:31.565,512.5,182.0,52.4,505.3
2020-08-26 00:00:00,2020,2021-08-25 23:59:31.560,376.9,60.9,25.8,409.0
2020-08-26 01:00:00,2020,2021-08-26 00:59:31.555,137.6,18.9,21.3,382.1
2020-08-26 02:00:00,2020,2021-08-26 01:59:31.550,107.4,56.9,17.0,405.1
2020-08-26 03:00:00,2020,2021-08-26 02:59:31.545,149.5,27.0,16.4,481.5
2020-08-26 04:00:00,2020,2021-08-26 03:59:31.540,169.2,2.4,23.5,564.4
2020-08-26 05:00:00,2020,2021-08-26 04:59:31.535,159.4,2.4,19.1,594.3
2020-08-26 06:00:00,2020,2021-08-26 05:59:31.530,164.9,8.9,30.8,632.5
2020-08-26 07:00:00,2020,2021-08-26 06:59:31.525,160.1,16.2,44.2,597.9
2020-08-26 08:00:00,2020,2021-08-26 07:59:31.520,40.5,19.8,34.4,333.2
2020-08-26 09:00:00,2020,2021-08-26 08:59:31.515,28.3,7.6,20.9,381.6
2020-08-26 10:00:00,2020,2021-08-26 09:59:31.510,56.7,0.0,12.7,256.1
2020-08-26 11:00:00,2020,2021-08-26 10:59:31.505,129.7,0.0,10.3,183.7
2020-08-26 12:00:00,2020,2021-08-26 11:59:31.500,271.7,0.8,11.8,161.8
2020-08-26 13:00:00,2020,2021-08-26 12:59:31.495,368.0,5.4,17.7,198.0
2020-08-26 14:00:00,2020,2021-08-26 13:59:31.490,436.1,6.6,21.4,213.0
2020-08-26 15:00:00,2020,2021-08-26 14:59:31.485,429.2,44.8,9.4,231.2
2020-08-26 16:00:00,2020,2021-08-26 15:59:31.480,408.7,70.6,17.3,231.4
2020-08-26 17:00:00,2020,2021-08-26 16:59:31.475,386.4,121.1,21.1,217.5
2020-08-26 18:00:00,2020,2021-08-26 17:59:31.470,367.8,45.0,14.1,210.9
2020-08-26 19:00:00,2020,2021-08-26 18:59:31.465,306.6,45.1,20.9,161.3
2020-08-26 20:00:00,2020,2021-08-26 19:59:31.460,421.1,286.9,67.6,348.5
2020-08-26 21:00:00,2020,2021-08-26 20:59:31.455,443.7,588.0,57.3,366.4
2020-08-26 22:00:00,2020,2021-08-26 21:59:31.450,634.0,628.7,39.6,601.9
2020-08-26 23:00:00,2020,2021-08-26 22:59:31.445,611.2,596.5,24.0,610.3
2020-08-27 00:00:00,2020,2021-08-26 23:59:31.440,534.8,558.2,18.4,659.2
2020-08-27 01:00:00,2020,2021-08-27 00:59:31.435,419.8,506.2,10.9,689.3
2020-08-27 02:00:00,2020,2021-08-27 01:59:31.430,412.1,511.8,14.1,709.3
2020-08-27 03:00:00,2020,2021-08-27 02:59:31.425,398.6,486.8,28.5,716.8
2020-08-27 04:00:00,2020,2021-08-27 03:59:31.420,484.4,396.6,43.9,740.5
2020-08-27 05:00:00,2020,2021-08-27 04:59:31.415,540.7,308.3,44.4,751.7
2020-08-27 06:00:00,2020,2021-08-27 05:59:31.410,489.0,257.5,34.4,760.4
2020-08-27 07:00:00,2020,2021-08-27 06:59:31.405,271.7,174.4,20.5,676.1
2020-08-27 08:00:00,2020,2021-08-27 07:59:31.400,62.2,69.3,51.7,588.4
2020-08-27 09:00:00,2020,2021-08-27 08:59:31.395,8.8,16.0,32.5,423.1
2020-08-27 10:00:00,2020,2021-08-27 09:59:31.390,0.0,0.1,25.2,190.6
2020-08-27 11:00:00,2020,2021-08-27 10:59:31.385,0.0,0.0,8.8,97.5
2020-08-27 12:00:00,2020,2021-08-27 11:59:31.380,0.0,0.0,0.1,54.0
2020-08-27 13:00:00,2020,2021-08-27 12:59:31.375,0.7,0.0,0.0,48.6
2020-08-27 14:00:00,2020,2021-08-27 13:59:31.370,6.0,0.0,0.0,35.8
2020-08-27 15:00:00,2020,2021-08-27 14:59:31.365,20.2,0.1,0.0,16.0
2020-08-27 16:00:00,2020,2021-08-27 15:59:31.360,37.3,0.5,0.0,4.6
2020-08-27 17:00:00,2020,2021-08-27 16:59:31.355,27.5,0.4,0.7,1.1
2020-08-27 18:00:00,2020,2021-08-27 17:59:31.350,16.0,11.7,0.0,0.2
2020-08-27 19:00:00,2020,2021-08-27 18:59:31.345,1.7,27.5,0.0,0.1
2020-08-27 20:00:00,2020,2021-08-27 19:59:31.340,10.0,12.6,0.1,3.6
2020-08-27 21:00:00,2020,2021-08-27 20:59:31.335,0.0,7.0,0.0,6.6
2020-08-27 22:00:00,2020,2021-08-27 21:59:31.330,0.0,218.6,0.0,1.6
2020-08-27 23:00:00,2020,2021-08-27 22:59:31.325,0.0,490.3,0.0,0.0
2020-08-28 00:00:00,2020,2021-08-27 23:59:31.320,0.1,436.1,0.0,0.0
2020-08-28 01:00:00,2020,2021-08-28 00:59:31.315,24.6,370.5,4.8,0.0
2020-08-28 02:00:00,2020,2021-08-28 01:59:31.310,27.5,209.2,2.4,0.0
2020-08-28 03:00:00,2020,2021-08-28 02:59:31.305,23.4,235.3,12.8,0.0
2020-08-28 04:00:00,2020,2021-08-28 03:59:31.300,5.3,280.3,21.1,0.2
2020-08-28 05:00:00,2020,2021-08-28 04:59:31.295,9.5,275.3,31.7,0.7
2020-08-28 06:00:00,2020,2021-08-28 05:59:31.290,0.0,341.9,26.7,0.6
2020-08-28 07:00:00,2020,2021-08-28 06:59:31.285,21.2,426.8,37.6,0.0
2020-08-28 08:00:00,2020,2021-08-28 07:59:31.280,8.6,321.1,17.1,8.3
2020-08-28 09:00:00,2020,2021-08-28 08:59:31.275,24.5,324.6,8.4,0.9
2020-08-28 10:00:00,2020,2021-08-28 09:59:31.270,23.9,193.9,5.2,2.0
2020-08-28 11:00:00,2020,2021-08-28 10:59:31.265,11.7,116.9,11.2,14.8
2020-08-28 12:00:00,2020,2021-08-28 11:59:31.260,31.0,109.5,10.2,26.5
2020-08-28 13:00:00,2020,2021-08-28 12:59:31.255,34.1,113.6,5.8,29.5
2020-08-28 14:00:00,2020,2021-08-28 13:59:31.250,42.6,86.9,5.6,19.1
2020-08-28 15:00:00,2020,2021-08-28 14:59:31.245,51.4,67.4,2.9,15.3
2020-08-28 16:00:00,2020,2021-08-28 15:59:31.240,32.3,44.2,0.6,10.0
2020-08-28 17:00:00,2020,2021-08-28 16:59:31.235,39.1,107.1,0.0,16.3
2020-08-28 18:00:00,2020,2021-08-28 17:59:31.230,23.2,90.3,0.2,1.5
2020-08-28 19:00:00,2020,2021-08-28 18:59:31.225,19.9,60.4,0.2,3.3
2020-08-28 20:00:00,2020,2021-08-28 19:59:31.220,24.8,72.4,0.6,1.7
2020-08-28 21:00:00,2020,2021-08-28 20:59:31.215,10.6,81.0,1.5,1.6
2020-08-28 22:00:00,2020,2021-08-28 21:59:31.210,2.7,88.6,7.8,0.9
2020-08-28 23:00:00,2020,2021-08-28 22:59:31.205,2.1,94.2,8.3,0.0
2020-08-29 00:00:00,2020,2021-08-28 23:59:31.200,19.9,127.5,10.0,0.0
2020-08-29 01:00:00,2020,2021-08-29 00:59:31.195,30.0,160.2,22.4,2.8
2020-08-29 02:00:00,2020,2021-08-29 01:59:31.190,25.9,151.4,38.1,0.0
2020-08-29 03:00:00,2020,2021-08-29 02:59:31.185,12.7,188.9,32.1,14.3
2020-08-29 04:00:00,2020,2021-08-29 03:59:31.180,0.1,255.7,33.7,18.3
2020-08-29 05:00:00,2020,2021-08-29 04:59:31.175,0.5,248.5,29.5,9.5
2020-08-29 06:00:00,2020,2021-08-29 05:59:31.170,7.2,259.5,30.4,1.9
2020-08-29 07:00:00,2020,2021-08-29 06:59:31.165,6.5,234.1,32.8,4.5
2020-08-29 08:00:00,2020,2021-08-29 07:59:31.160,1.9,140.9,16.5,3.5
2020-08-29 09:00:00,2020,2021-08-29 08:59:31.155,6.4,34.0,4.3,18.3
2020-08-29 10:00:00,2020,2021-08-29 09:59:31.150,0.6,12.5,3.0,10.1
2020-08-29 11:00:00,2020,2021-08-29 10:59:31.145,0.5,8.8,1.4,0.0
2020-08-29 12:00:00,2020,2021-08-29 11:59:31.140,1.8,0.0,3.9,0.0
2020-08-29 13:00:00,2020,2021-08-29 12:59:31.135,7.0,0.0,2.2,0.7
2020-08-29 14:00:00,2020,2021-08-29 13:59:31.130,25.6,0.0,1.4,6.9
2020-08-29 15:00:00,2020,2021-08-29 14:59:31.125,23.4,0.0,0.3,1.5
2020-08-29 16:00:00,2020,2021-08-29 15:59:31.120,18.4,0.7,0.0,5.8
2020-08-29 17:00:00,2020,2021-08-29 16:59:31.115,0.1,8.0,0.7,0.0
2020-08-29 18:00:00,2020,2021-08-29 17:59:31.110,10.7,37.4,2.0,0.0
2020-08-29 19:00:00,2020,2021-08-29 18:59:31.105,28.5,25.4,1.2,18.6
2020-08-29 20:00:00,2020,2021-08-29 19:59:31.100,2.1,26.1,0.0,15.7
2020-08-29 21:00:00,2020,2021-08-29 20:59:31.095,14.5,7.8,0.0,11.7
2020-08-29 22:00:00,2020,2021-08-29 21:59:31.090,15.6,0.5,0.0,18.4
2020-08-29 23:00:00,2020,2021-08-29 22:59:31.085,21.7,0.0,0.0,2.3
2020-08-30 00:00:00,2020,2021-08-29 23:59:31.080,21.2,0.0,0.3,0.0
2020-08-30 01:00:00,2020,2021-08-30 00:59:31.075,7.5,0.0,7.0,0.0
2020-08-30 02:00:00,2020,2021-08-30 01:59:31.070,0.1,0.0,5.1,0.0
2020-08-30 03:00:00,2020,2021-08-30 02:59:31.065,0.0,0.0,1.8,0.0
2020-08-30 04:00:00,2020,2021-08-30 03:59:31.060,0.0,0.0,0.0,0.0
2020-08-30 05:00:00,2020,2021-08-30 04:59:31.055,0.0,0.0,0.0,0.0
2020-08-30 06:00:00,2020,2021-08-30 05:59:31.050,0.0,0.0,0.0,0.0
2020-08-30 07:00:00,2020,2021-08-30 06:59:31.045,0.0,0.0,0.3,0.0
2020-08-30 08:00:00,2020,2021-08-30 07:59:31.040,0.0,0.0,2.7,0.0
2020-08-30 09:00:00,2020,2021-08-30 08:59:31.035,0.0,0.0,0.0,0.0
2020-08-30 10:00:00,2020,2021-08-30 09:59:31.030,26.1,0.2,0.0,0.0
2020-08-30 11:00:00,2020,2021-08-30 10:59:31.025,8.6,2.3,0.0,0.0
2020-08-30 12:00:00,2020,2021-08-30 11:59:31.020,28.8,3.7,0.0,0.3
2020-08-30 13:00:00,2020,2021-08-30 12:59:31.015,45.6,7.4,0.1,17.0
2020-08-30 14:00:00,2020,2021-08-30 13:59:31.010,39.6,6.1,0.0,14.9
2020-08-30 15:00:00,2020,2021-08-30 14:59:31.005,27.6,5.2,0.0,3.5
2020-08-30 16:00:00,2020,2021-08-30 15:59:31.000,30.1,6.6,0.0,0.0
2020-08-30 17:00:00,2020,2021-08-30 16:59:30.995,29.4,10.7,0.0,0.3
2020-08-30 18:00:00,2020,2021-08-30 17:59:30.990,31.7,12.2,0.0,18.7
2020-08-30 19:00:00,2020,2021-08-30 18:59:30.985,20.1,9.4,0.1,19.5
2020-08-30 20:00:00,2020,2021-08-30 19:59:30.980,16.6,10.7,0.2,23.1
2020-08-30 21:00:00,2020,2021-08-30 20:59:30.975,22.7,3.8,0.2,55.4
2020-08-30 22:00:00,2020,2021-08-30 21:59:30.970,85.6,0.3,0.0,137.5
2020-08-30 23:00:00,2020,2021-08-30 22:59:30.965,107.8,0.4,0.1,250.8
2020-08-31 00:00:00,2020,2021-08-30 23:59:30.960,81.8,1.1,1.0,203.3
2020-08-31 01:00:00,2020,2021-08-31 00:59:30.955,152.9,4.1,1.7,138.8
2020-08-31 02:00:00,2020,2021-08-31 01:59:30.950,145.0,4.9,1.1,136.4
2020-08-31 03:00:00,2020,2021-08-31 02:59:30.945,39.3,5.8,2.0,136.5
2020-08-31 04:00:00,2020,2021-08-31 03:59:30.940,73.0,5.0,3.1,83.5
2020-08-31 05:00:00,2020,2021-08-31 04:59:30.935,48.0,3.4,4.8,52.7
2020-08-31 06:00:00,2020,2021-08-31 05:59:30.930,52.0,3.0,5.1,122.0
2020-08-31 07:00:00,2020,2021-08-31 06:59:30.925,169.3,1.8,2.5,106.2
2020-08-31 08:00:00,2020,2021-08-31 07:59:30.920,212.3,0.8,3.8,82.7
2020-08-31 09:00:00,2020,2021-08-31 08:59:30.915,35.4,0.0,1.0,32.7
2020-08-31 10:00:00,2020,2021-08-31 09:59:30.910,17.8,0.4,1.1,11.2
2020-08-31 11:00:00,2020,2021-08-31 10:59:30.905,8.9,0.4,0.3,2.0
2020-08-31 12:00:00,2020,2021-08-31 11:59:30.900,5.3,3.0,0.2,1.4
2020-08-31 13:00:00,2020,2021-08-31 12:59:30.895,2.0,21.2,0.1,1.1
2020-08-31 14:00:00,2020,2021-08-31 13:59:30.890,0.8,58.5,0.0,0.4
2020-08-31 15:00:00,2020,2021-08-31 14:59:30.885,2.5,85.3,0.0,1.5
2020-08-31 16:00:00,2020,2021-08-31 15:59:30.880,28.5,83.2,0.1,0.1
2020-08-31 17:00:00,2020,2021-08-31 16:59:30.875,38.1,231.4,0.7,10.0
2020-08-31 18:00:00,2020,2021-08-31 17:59:30.870,51.2,272.1,0.0,31.1
2020-08-31 19:00:00,2020,2021-08-31 18:59:30.865,109.9,137.7,1.9,62.9
2020-08-31 20:00:00,2020,2021-08-31 19:59:30.860,227.9,260.1,14.5,253.4
2020-08-31 21:00:00,2020,2021-08-31 20:59:30.855,346.9,435.8,83.9,341.4
2020-08-31 22:00:00,2020,2021-08-31 21:59:30.850,335.3,274.6,73.5,363.3
2020-08-31 23:00:00,2020,2021-08-31 22:59:30.845,561.1,169.6,16.5,694.3
2020-09-01 00:00:00,2020,2021-08-31 23:59:30.840,652.8,222.6,50.1,740.7
2020-09-01 01:00:00,2020,2021-09-01 00:59:30.835,574.3,165.0,79.2,733.5
2020-09-01 02:00:00,2020,2021-09-01 01:59:30.830,594.7,520.0,81.7,767.5
2020-09-01 03:00:00,2020,2021-09-01 02:59:30.825,647.6,583.3,88.1,731.1
2020-09-01 04:00:00,2020,2021-09-01 03:59:30.820,644.0,352.1,98.3,720.0
2020-09-01 05:00:00,2020,2021-09-01 04:59:30.815,673.5,164.8,118.5,738.7
2020-09-01 06:00:00,2020,2021-09-01 05:59:30.810,680.1,90.6,128.0,749.5
2020-09-01 07:00:00,2020,2021-09-01 06:59:30.805,680.8,213.4,132.9,757.1
2020-09-01 08:00:00,2020,2021-09-01 07:59:30.800,618.1,91.1,106.6,766.7
2020-09-01 09:00:00,2020,2021-09-01 08:59:30.795,532.7,102.2,105.5,751.2
2020-09-01 10:00:00,2020,2021-09-01 09:59:30.790,483.4,95.8,93.2,766.6
2020-09-01 11:00:00,2020,2021-09-01 10:59:30.785,451.8,143.2,64.5,737.8
2020-09-01 12:00:00,2020,2021-09-01 11:59:30.780,463.3,270.9,63.9,671.3
2020-09-01 13:00:00,2020,2021-09-01 12:59:30.775,447.8,430.3,68.2,568.4
2020-09-01 14:00:00,2020,2021-09-01 13:59:30.770,502.7,533.1,65.2,517.7
2020-09-01 15:00:00,2020,2021-09-01 14:59:30.765,529.6,398.6,51.9,575.2
2020-09-01 16:00:00,2020,2021-09-01 15:59:30.760,580.3,351.8,44.3,578.0
2020-09-01 17:00:00,2020,2021-09-01 16:59:30.755,581.4,516.5,121.5,554.7
2020-09-01 18:00:00,2020,2021-09-01 17:59:30.750,626.7,476.6,69.9,503.2
2020-09-01 19:00:00,2020,2021-09-01 18:59:30.745,587.6,442.8,87.5,332.0
2020-09-01 20:00:00,2020,2021-09-01 19:59:30.740,713.2,422.7,79.4,577.7
2020-09-01 21:00:00,2020,2021-09-01 20:59:30.735,693.2,365.7,63.1,330.8
2020-09-01 22:00:00,2020,2021-09-01 21:59:30.730,670.1,437.4,17.3,415.8
2020-09-01 23:00:00,2020,2021-09-01 22:59:30.725,639.2,218.4,54.9,385.9
2020-09-02 00:00:00,2020,2021-09-01 23:59:30.720,559.0,216.8,85.8,551.4
2020-09-02 01:00:00,2020,2021-09-02 00:59:30.715,560.7,231.9,62.4,619.8
2020-09-02 02:00:00,2020,2021-09-02 01:59:30.710,551.0,125.9,66.8,661.0
2020-09-02 03:00:00,2020,2021-09-02 02:59:30.705,451.2,100.7,87.6,665.4
2020-09-02 04:00:00,2020,2021-09-02 03:59:30.700,443.7,31.0,78.9,689.8
2020-09-02 05:00:00,2020,2021-09-02 04:59:30.695,574.2,12.1,70.1,724.0
2020-09-02 06:00:00,2020,2021-09-02 05:59:30.690,601.1,127.0,93.1,729.3
2020-09-02 07:00:00,2020,2021-09-02 06:59:30.685,659.6,219.1,122.1,729.5
2020-09-02 08:00:00,2020,2021-09-02 07:59:30.680,294.2,147.1,76.4,431.5
2020-09-02 09:00:00,2020,2021-09-02 08:59:30.675,301.3,8.6,36.6,378.4
2020-09-02 10:00:00,2020,2021-09-02 09:59:30.670,318.8,0.0,29.0,350.6
2020-09-02 11:00:00,2020,2021-09-02 10:59:30.665,271.9,0.0,8.0,280.9
2020-09-02 12:00:00,2020,2021-09-02 11:59:30.660,272.4,3.2,7.2,276.4
2020-09-02 13:00:00,2020,2021-09-02 12:59:30.655,246.3,21.5,8.0,264.5
2020-09-02 14:00:00,2020,2021-09-02 13:59:30.650,248.7,23.5,11.0,245.6
2020-09-02 15:00:00,2020,2021-09-02 14:59:30.645,275.4,0.0,0.4,149.1
2020-09-02 16:00:00,2020,2021-09-02 15:59:30.640,270.9,0.0,5.9,109.8
2020-09-02 17:00:00,2020,2021-09-02 16:59:30.635,502.8,44.7,3.8,363.3
2020-09-02 18:00:00,2020,2021-09-02 17:59:30.630,400.6,42.6,11.5,219.6
2020-09-02 19:00:00,2020,2021-09-02 18:59:30.625,232.4,64.9,13.9,272.4
2020-09-02 20:00:00,2020,2021-09-02 19:59:30.620,316.5,137.3,50.2,284.5
2020-09-02 21:00:00,2020,2021-09-02 20:59:30.615,384.5,228.2,49.1,448.5
2020-09-02 22:00:00,2020,2021-09-02 21:59:30.610,452.2,293.6,51.2,306.2
2020-09-02 23:00:00,2020,2021-09-02 22:59:30.605,491.3,287.7,44.3,379.6
2020-09-03 00:00:00,2020,2021-09-02 23:59:30.600,464.7,213.7,27.2,394.9
2020-09-03 01:00:00,2020,2021-09-03 00:59:30.595,434.6,139.3,7.3,453.7
2020-09-03 02:00:00,2020,2021-09-03 01:59:30.590,313.6,27.7,2.5,462.3
2020-09-03 03:00:00,2020,2021-09-03 02:59:30.585,202.0,24.5,0.3,464.7
2020-09-03 04:00:00,2020,2021-09-03 03:59:30.580,115.0,37.0,0.0,375.4
2020-09-03 05:00:00,2020,2021-09-03 04:59:30.575,53.7,89.8,0.9,330.3
2020-09-03 06:00:00,2020,2021-09-03 05:59:30.570,40.6,91.0,0.3,272.5
2020-09-03 07:00:00,2020,2021-09-03 06:59:30.565,88.7,53.0,2.1,143.8
2020-09-03 08:00:00,2020,2021-09-03 07:59:30.560,89.1,2.7,5.2,0.9
2020-09-03 09:00:00,2020,2021-09-03 08:59:30.555,15.7,0.5,3.1,0.0
2020-09-03 10:00:00,2020,2021-09-03 09:59:30.550,0.0,0.1,0.0,11.8
2020-09-03 11:00:00,2020,2021-09-03 10:59:30.545,0.0,0.0,0.0,9.3
2020-09-03 12:00:00,2020,2021-09-03 11:59:30.540,0.0,9.1,0.0,0.0
2020-09-03 13:00:00,2020,2021-09-03 12:59:30.535,0.0,8.2,0.6,0.0
2020-09-03 14:00:00,2020,2021-09-03 13:59:30.530,0.0,0.0,1.8,0.0
2020-09-03 15:00:00,2020,2021-09-03 14:59:30.525,0.2,0.0,2.5,2.8
2020-09-03 16:00:00,2020,2021-09-03 15:59:30.520,5.1,0.0,3.3,7.9
2020-09-03 17:00:00,2020,2021-09-03 16:59:30.515,17.8,97.4,6.7,15.1
2020-09-03 18:00:00,2020,2021-09-03 17:59:30.510,6.6,131.2,7.0,10.3
2020-09-03 19:00:00,2020,2021-09-03 18:59:30.505,15.6,70.5,2.6,9.5
2020-09-03 20:00:00,2020,2021-09-03 19:59:30.500,15.9,97.6,8.9,25.8
2020-09-03 21:00:00,2020,2021-09-03 20:59:30.495,20.6,149.9,10.2,33.5
2020-09-03 22:00:00,2020,2021-09-03 21:59:30.490,20.1,157.3,6.5,28.5
2020-09-03 23:00:00,2020,2021-09-03 22:59:30.485,52.0,149.3,2.1,60.8
2020-09-04 00:00:00,2020,2021-09-03 23:59:30.480,91.1,185.6,0.2,136.0
2020-09-04 01:00:00,2020,2021-09-04 00:59:30.475,111.4,241.8,0.7,217.2
2020-09-04 02:00:00,2020,2021-09-04 01:59:30.470,127.6,258.0,3.6,289.1
2020-09-04 03:00:00,2020,2021-09-04 02:59:30.465,155.5,286.0,4.3,301.3
2020-09-04 04:00:00,2020,2021-09-04 03:59:30.460,119.9,272.0,5.9,249.9
2020-09-04 05:00:00,2020,2021-09-04 04:59:30.455,165.1,256.6,8.7,174.1
2020-09-04 06:00:00,2020,2021-09-04 05:59:30.450,225.6,258.2,4.9,245.1
2020-09-04 07:00:00,2020,2021-09-04 06:59:30.445,275.1,330.7,0.7,235.8
2020-09-04 08:00:00,2020,2021-09-04 07:59:30.440,176.0,273.7,1.9,129.7
2020-09-04 09:00:00,2020,2021-09-04 08:59:30.435,67.4,206.3,18.7,0.0
2020-09-04 10:00:00,2020,2021-09-04 09:59:30.430,36.9,227.1,19.0,0.0
2020-09-04 11:00:00,2020,2021-09-04 10:59:30.425,18.7,207.2,17.0,0.2
2020-09-04 12:00:00,2020,2021-09-04 11:59:30.420,46.2,205.3,9.2,6.4
2020-09-04 13:00:00,2020,2021-09-04 12:59:30.415,148.5,180.8,5.4,5.7
2020-09-04 14:00:00,2020,2021-09-04 13:59:30.410,198.7,205.4,1.9,40.1
2020-09-04 15:00:00,2020,2021-09-04 14:59:30.405,172.6,177.7,2.2,80.4
2020-09-04 16:00:00,2020,2021-09-04 15:59:30.400,58.5,172.2,0.7,19.9
2020-09-04 17:00:00,2020,2021-09-04 16:59:30.395,25.9,102.2,0.0,89.6
2020-09-04 18:00:00,2020,2021-09-04 17:59:30.390,30.0,99.1,1.1,176.1
2020-09-04 19:00:00,2020,2021-09-04 18:59:30.385,142.1,112.1,4.4,233.5
2020-09-04 20:00:00,2020,2021-09-04 19:59:30.380,111.0,126.5,3.2,275.3
2020-09-04 21:00:00,2020,2021-09-04 20:59:30.375,62.7,159.6,3.7,220.6
2020-09-04 22:00:00,2020,2021-09-04 21:59:30.370,92.8,158.9,2.9,266.1
2020-09-04 23:00:00,2020,2021-09-04 22:59:30.365,84.0,132.9,4.6,243.0
2020-09-05 00:00:00,2020,2021-09-04 23:59:30.360,148.5,105.9,14.3,161.6
2020-09-05 01:00:00,2020,2021-09-05 00:59:30.355,93.1,75.8,17.5,42.3
2020-09-05 02:00:00,2020,2021-09-05 01:59:30.350,48.0,65.2,26.0,12.1
2020-09-05 03:00:00,2020,2021-09-05 02:59:30.345,49.5,62.5,40.6,9.9
2020-09-05 04:00:00,2020,2021-09-05 03:59:30.340,56.5,18.9,52.7,4.3
2020-09-05 05:00:00,2020,2021-09-05 04:59:30.335,23.9,9.2,58.4,37.6
2020-09-05 06:00:00,2020,2021-09-05 05:59:30.330,38.2,20.0,67.7,39.3
2020-09-05 07:00:00,2020,2021-09-05 06:59:30.325,102.6,37.3,61.7,64.5
2020-09-05 08:00:00,2020,2021-09-05 07:59:30.320,147.2,29.9,41.4,87.0
2020-09-05 09:00:00,2020,2021-09-05 08:59:30.315,26.1,2.0,17.0,27.3
2020-09-05 10:00:00,2020,2021-09-05 09:59:30.310,23.3,0.0,5.9,0.2
2020-09-05 11:00:00,2020,2021-09-05 10:59:30.305,8.4,6.5,1.2,0.0
2020-09-05 12:00:00,2020,2021-09-05 11:59:30.300,3.2,7.9,6.8,0.5
2020-09-05 13:00:00,2020,2021-09-05 12:59:30.295,0.3,5.4,7.4,0.0
2020-09-05 14:00:00,2020,2021-09-05 13:59:30.290,0.1,17.7,6.7,0.0
2020-09-05 15:00:00,2020,2021-09-05 14:59:30.285,1.3,31.6,8.1,0.4
2020-09-05 16:00:00,2020,2021-09-05 15:59:30.280,4.2,37.4,6.1,1.7
2020-09-05 17:00:00,2020,2021-09-05 16:59:30.275,3.1,30.7,0.1,0.0
2020-09-05 18:00:00,2020,2021-09-05 17:59:30.270,2.3,52.2,0.5,0.0
2020-09-05 19:00:00,2020,2021-09-05 18:59:30.265,1.5,100.4,0.9,4.0
2020-09-05 20:00:00,2020,2021-09-05 19:59:30.260,7.8,148.5,0.9,0.0
2020-09-05 21:00:00,2020,2021-09-05 20:59:30.255,14.1,181.8,1.3,12.9
2020-09-05 22:00:00,2020,2021-09-05 21:59:30.250,59.8,164.9,4.6,30.9
2020-09-05 23:00:00,2020,2021-09-05 22:59:30.245,61.1,120.8,8.1,39.7
2020-09-06 00:00:00,2020,2021-09-05 23:59:30.240,51.0,120.6,9.6,42.7
2020-09-06 01:00:00,2020,2021-09-06 00:59:30.235,44.9,100.6,16.0,14.5
2020-09-06 02:00:00,2020,2021-09-06 01:59:30.230,47.7,109.5,21.0,3.5
2020-09-06 03:00:00,2020,2021-09-06 02:59:30.225,50.4,94.4,27.4,4.1
2020-09-06 04:00:00,2020,2021-09-06 03:59:30.220,50.8,83.2,30.8,6.4
2020-09-06 05:00:00,2020,2021-09-06 04:59:30.215,21.5,103.7,30.1,4.5
2020-09-06 06:00:00,2020,2021-09-06 05:59:30.210,17.1,46.8,28.3,3.8
2020-09-06 07:00:00,2020,2021-09-06 06:59:30.205,26.9,90.2,29.8,2.8
2020-09-06 08:00:00,2020,2021-09-06 07:59:30.200,0.1,130.7,30.8,0.0
2020-09-06 09:00:00,2020,2021-09-06 08:59:30.195,0.0,72.0,13.4,0.0
2020-09-06 10:00:00,2020,2021-09-06 09:59:30.190,0.0,107.8,14.8,0.0
2020-09-06 11:00:00,2020,2021-09-06 10:59:30.185,0.1,131.3,17.1,0.0
2020-09-06 12:00:00,2020,2021-09-06 11:59:30.180,2.7,151.7,14.4,0.1
2020-09-06 13:00:00,2020,2021-09-06 12:59:30.175,57.6,56.8,13.9,9.3
2020-09-06 14:00:00,2020,2021-09-06 13:59:30.170,50.6,95.4,12.8,15.0
2020-09-06 15:00:00,2020,2021-09-06 14:59:30.165,43.4,84.2,7.9,0.8
2020-09-06 16:00:00,2020,2021-09-06 15:59:30.160,26.7,58.0,5.5,7.9
2020-09-06 17:00:00,2020,2021-09-06 16:59:30.155,24.0,54.5,3.0,4.8
2020-09-06 18:00:00,2020,2021-09-06 17:59:30.150,3.4,53.3,2.0,1.8
2020-09-06 19:00:00,2020,2021-09-06 18:59:30.145,0.0,32.8,3.8,30.2
2020-09-06 20:00:00,2020,2021-09-06 19:59:30.140,4.6,70.8,2.7,38.9
2020-09-06 21:00:00,2020,2021-09-06 20:59:30.135,22.4,72.5,5.2,41.8
2020-09-06 22:00:00,2020,2021-09-06 21:59:30.130,112.2,84.4,8.9,110.9
2020-09-06 23:00:00,2020,2021-09-06 22:59:30.125,60.6,96.0,8.0,199.8
2020-09-07 00:00:00,2020,2021-09-06 23:59:30.120,106.7,48.7,1.8,202.9
2020-09-07 01:00:00,2020,2021-09-07 00:59:30.115,97.0,47.3,13.4,188.8
2020-09-07 02:00:00,2020,2021-09-07 01:59:30.110,199.6,51.6,1.2,215.4
2020-09-07 03:00:00,2020,2021-09-07 02:59:30.105,207.8,32.2,1.8,162.9
2020-09-07 04:00:00,2020,2021-09-07 03:59:30.100,140.7,25.0,0.1,334.9
2020-09-07 05:00:00,2020,2021-09-07 04:59:30.095,229.2,13.1,1.4,456.5
2020-09-07 06:00:00,2020,2021-09-07 05:59:30.090,284.8,14.7,2.3,351.6
2020-09-07 07:00:00,2020,2021-09-07 06:59:30.085,175.8,0.2,5.1,162.7
2020-09-07 08:00:00,2020,2021-09-07 07:59:30.080,196.3,0.0,17.0,34.1
2020-09-07 09:00:00,2020,2021-09-07 08:59:30.075,51.6,0.5,14.2,51.9
2020-09-07 10:00:00,2020,2021-09-07 09:59:30.070,110.5,1.0,11.0,7.2
2020-09-07 11:00:00,2020,2021-09-07 10:59:30.065,8.2,3.5,15.7,6.0
2020-09-07 12:00:00,2020,2021-09-07 11:59:30.060,14.1,29.2,15.7,31.1
2020-09-07 13:00:00,2020,2021-09-07 12:59:30.055,34.7,74.7,19.6,59.5
2020-09-07 14:00:00,2020,2021-09-07 13:59:30.050,35.3,74.8,12.7,27.2
2020-09-07 15:00:00,2020,2021-09-07 14:59:30.045,29.6,98.0,14.6,53.1
2020-09-07 16:00:00,2020,2021-09-07 15:59:30.040,47.1,72.7,7.5,64.3
2020-09-07 17:00:00,2020,2021-09-07 16:59:30.035,0.4,45.7,0.6,1.9
2020-09-07 18:00:00,2020,2021-09-07 17:59:30.030,3.7,70.5,0.6,0.0
2020-09-07 19:00:00,2020,2021-09-07 18:59:30.025,9.6,103.7,4.3,9.1
2020-09-07 20:00:00,2020,2021-09-07 19:59:30.020,18.0,34.2,3.8,25.9
2020-09-07 21:00:00,2020,2021-09-07 20:59:30.015,12.6,99.9,10.6,13.4
2020-09-07 22:00:00,2020,2021-09-07 21:59:30.010,17.8,272.5,46.6,115.0
2020-09-07 23:00:00,2020,2021-09-07 22:59:30.005,72.8,438.8,11.6,260.2
2020-09-08 00:00:00,2020,2021-09-07 23:59:30.000,138.3,314.1,6.9,323.2
2020-09-08 01:00:00,2020,2021-09-08 00:59:29.995,152.5,219.7,2.7,463.2
2020-09-08 02:00:00,2020,2021-09-08 01:59:29.990,96.2,192.8,0.1,503.8
2020-09-08 03:00:00,2020,2021-09-08 02:59:29.985,134.8,121.3,5.3,579.2
2020-09-08 04:00:00,2020,2021-09-08 03:59:29.980,104.4,56.5,21.9,497.0
2020-09-08 05:00:00,2020,2021-09-08 04:59:29.975,57.1,37.4,32.0,429.4
2020-09-08 06:00:00,2020,2021-09-08 05:59:29.970,52.2,10.5,51.3,426.8
2020-09-08 07:00:00,2020,2021-09-08 06:59:29.965,40.7,6.3,48.3,447.9
2020-09-08 08:00:00,2020,2021-09-08 07:59:29.960,15.1,54.7,55.9,253.4
2020-09-08 09:00:00,2020,2021-09-08 08:59:29.955,2.0,36.3,30.4,173.8
2020-09-08 10:00:00,2020,2021-09-08 09:59:29.950,1.3,35.0,19.9,133.2
2020-09-08 11:00:00,2020,2021-09-08 10:59:29.945,2.5,12.6,4.3,85.7
2020-09-08 12:00:00,2020,2021-09-08 11:59:29.940,8.9,2.2,0.0,58.9
2020-09-08 13:00:00,2020,2021-09-08 12:59:29.935,15.9,0.0,0.0,40.7
2020-09-08 14:00:00,2020,2021-09-08 13:59:29.930,27.4,0.0,0.0,25.7
2020-09-08 15:00:00,2020,2021-09-08 14:59:29.925,25.5,0.0,0.0,22.3
2020-09-08 16:00:00,2020,2021-09-08 15:59:29.920,33.8,0.0,0.0,27.2
2020-09-08 17:00:00,2020,2021-09-08 16:59:29.915,8.5,5.7,0.0,7.1
2020-09-08 18:00:00,2020,2021-09-08 17:59:29.910,3.9,3.6,0.0,2.2
2020-09-08 19:00:00,2020,2021-09-08 18:59:29.905,0.1,3.6,2.1,0.1
2020-09-08 20:00:00,2020,2021-09-08 19:59:29.900,0.0,26.1,6.0,0.8
2020-09-08 21:00:00,2020,2021-09-08 20:59:29.895,0.0,240.7,31.7,0.7
2020-09-08 22:00:00,2020,2021-09-08 21:59:29.890,0.0,272.7,44.8,2.5
2020-09-08 23:00:00,2020,2021-09-08 22:59:29.885,0.0,85.4,23.1,0.0
2020-09-09 00:00:00,2020,2021-09-08 23:59:29.880,0.0,106.1,5.2,0.0
2020-09-09 01:00:00,2020,2021-09-09 00:59:29.875,0.0,128.5,5.7,0.0
2020-09-09 02:00:00,2020,2021-09-09 01:59:29.870,0.0,79.6,10.1,0.3
2020-09-09 03:00:00,2020,2021-09-09 02:59:29.865,0.0,39.6,11.6,14.2
2020-09-09 04:00:00,2020,2021-09-09 03:59:29.860,0.0,41.9,12.1,97.4
2020-09-09 05:00:00,2020,2021-09-09 04:59:29.855,0.0,74.7,13.7,110.7
2020-09-09 06:00:00,2020,2021-09-09 05:59:29.850,0.0,67.5,16.3,174.4
2020-09-09 07:00:00,2020,2021-09-09 06:59:29.845,0.0,47.2,9.1,153.6
2020-09-09 08:00:00,2020,2021-09-09 07:59:29.840,15.0,46.4,10.3,191.0
2020-09-09 09:00:00,2020,2021-09-09 08:59:29.835,0.0,64.3,16.5,6.4
2020-09-09 10:00:00,2020,2021-09-09 09:59:29.830,16.5,16.9,9.5,0.0
2020-09-09 11:00:00,2020,2021-09-09 10:59:29.825,3.2,0.1,5.1,0.0
2020-09-09 12:00:00,2020,2021-09-09 11:59:29.820,1.6,0.0,0.8,0.0
2020-09-09 13:00:00,2020,2021-09-09 12:59:29.815,0.0,0.0,0.0,0.0
2020-09-09 14:00:00,2020,2021-09-09 13:59:29.810,0.0,0.0,0.0,0.0
2020-09-09 15:00:00,2020,2021-09-09 14:59:29.805,0.0,0.0,0.0,1.4
2020-09-09 16:00:00,2020,2021-09-09 15:59:29.800,0.2,0.0,0.0,17.0
2020-09-09 17:00:00,2020,2021-09-09 16:59:29.795,30.3,0.3,0.0,16.4
2020-09-09 18:00:00,2020,2021-09-09 17:59:29.790,72.0,3.2,1.0,18.0
2020-09-09 19:00:00,2020,2021-09-09 18:59:29.785,65.1,25.0,18.1,17.4
2020-09-09 20:00:00,2020,2021-09-09 19:59:29.780,101.9,613.7,25.0,54.4
2020-09-09 21:00:00,2020,2021-09-09 20:59:29.775,86.9,792.6,18.7,98.8
2020-09-09 22:00:00,2020,2021-09-09 21:59:29.770,43.5,636.2,8.1,116.2
2020-09-09 23:00:00,2020,2021-09-09 22:59:29.765,65.5,618.9,11.2,96.7
2020-09-10 00:00:00,2020,2021-09-09 23:59:29.760,68.7,616.4,16.0,226.0
2020-09-10 01:00:00,2020,2021-09-10 00:59:29.755,124.8,520.4,1.2,388.6
2020-09-10 02:00:00,2020,2021-09-10 01:59:29.750,121.7,374.2,0.4,467.7
2020-09-10 03:00:00,2020,2021-09-10 02:59:29.745,100.6,270.0,10.8,444.1
2020-09-10 04:00:00,2020,2021-09-10 03:59:29.740,66.3,222.3,35.2,438.9
2020-09-10 05:00:00,2020,2021-09-10 04:59:29.735,32.1,178.0,39.3,457.4
2020-09-10 06:00:00,2020,2021-09-10 05:59:29.730,14.8,112.6,36.5,481.7
2020-09-10 07:00:00,2020,2021-09-10 06:59:29.725,0.0,43.2,28.0,497.2
2020-09-10 08:00:00,2020,2021-09-10 07:59:29.720,5.4,17.2,5.4,307.3
2020-09-10 09:00:00,2020,2021-09-10 08:59:29.715,0.0,3.6,38.3,97.5
2020-09-10 10:00:00,2020,2021-09-10 09:59:29.710,0.0,0.3,26.7,28.1
2020-09-10 11:00:00,2020,2021-09-10 10:59:29.705,0.3,0.0,7.3,2.1
2020-09-10 12:00:00,2020,2021-09-10 11:59:29.700,0.0,0.0,1.9,9.3
2020-09-10 13:00:00,2020,2021-09-10 12:59:29.695,4.0,0.0,0.0,0.1
2020-09-10 14:00:00,2020,2021-09-10 13:59:29.690,9.5,0.0,0.0,0.4
2020-09-10 15:00:00,2020,2021-09-10 14:59:29.685,2.0,0.0,0.0,0.0
2020-09-10 16:00:00,2020,2021-09-10 15:59:29.680,0.9,0.0,0.0,0.2
2020-09-10 17:00:00,2020,2021-09-10 16:59:29.675,0.0,12.6,0.0,0.0
2020-09-10 18:00:00,2020,2021-09-10 17:59:29.670,0.0,44.3,0.0,6.1
2020-09-10 19:00:00,2020,2021-09-10 18:59:29.665,0.0,78.8,1.6,1.5
2020-09-10 20:00:00,2020,2021-09-10 19:59:29.660,0.0,36.7,0.7,0.0
2020-09-10 21:00:00,2020,2021-09-10 20:59:29.655,0.0,30.0,1.6,0.0
2020-09-10 22:00:00,2020,2021-09-10 21:59:29.650,0.0,118.9,5.2,0.0
2020-09-10 23:00:00,2020,2021-09-10 22:59:29.645,0.3,244.2,19.9,67.8
2020-09-11 00:00:00,2020,2021-09-10 23:59:29.640,0.3,67.7,5.3,140.5
2020-09-11 01:00:00,2020,2021-09-11 00:59:29.635,0.0,5.9,33.7,185.5
2020-09-11 02:00:00,2020,2021-09-11 01:59:29.630,0.0,1.3,27.9,141.2
2020-09-11 03:00:00,2020,2021-09-11 02:59:29.625,0.0,0.0,17.3,76.4
2020-09-11 04:00:00,2020,2021-09-11 03:59:29.620,0.0,0.0,12.6,0.0
2020-09-11 05:00:00,2020,2021-09-11 04:59:29.615,0.0,0.1,12.7,0.0
2020-09-11 06:00:00,2020,2021-09-11 05:59:29.610,0.0,0.6,11.6,0.0
2020-09-11 07:00:00,2020,2021-09-11 06:59:29.605,0.0,0.4,19.9,0.0
2020-09-11 08:00:00,2020,2021-09-11 07:59:29.600,0.0,0.0,53.6,0.0
2020-09-11 09:00:00,2020,2021-09-11 08:59:29.595,0.0,0.0,27.3,0.0
2020-09-11 10:00:00,2020,2021-09-11 09:59:29.590,23.2,0.0,2.1,0.0
2020-09-11 11:00:00,2020,2021-09-11 10:59:29.585,0.0,0.0,0.0,0.0
2020-09-11 12:00:00,2020,2021-09-11 11:59:29.580,12.6,0.0,0.0,0.0
2020-09-11 13:00:00,2020,2021-09-11 12:59:29.575,1.3,0.0,0.0,1.4
2020-09-11 14:00:00,2020,2021-09-11 13:59:29.570,2.1,0.0,0.0,5.2
2020-09-11 15:00:00,2020,2021-09-11 14:59:29.565,4.6,0.0,0.1,9.7
2020-09-11 16:00:00,2020,2021-09-11 15:59:29.560,8.8,0.0,0.0,11.3
2020-09-11 17:00:00,2020,2021-09-11 16:59:29.555,0.7,142.0,0.6,0.0
2020-09-11 18:00:00,2020,2021-09-11 17:59:29.550,49.7,185.8,28.5,139.7
2020-09-11 19:00:00,2020,2021-09-11 18:59:29.545,317.7,152.8,32.8,95.4
2020-09-11 20:00:00,2020,2021-09-11 19:59:29.540,40.2,184.5,67.8,42.4
2020-09-11 21:00:00,2020,2021-09-11 20:59:29.535,110.9,182.4,137.7,325.3
2020-09-11 22:00:00,2020,2021-09-11 21:59:29.530,212.5,421.5,113.8,624.2
2020-09-11 23:00:00,2020,2021-09-11 22:59:29.525,444.0,169.7,142.3,699.9
2020-09-12 00:00:00,2020,2021-09-11 23:59:29.520,440.0,317.8,115.5,629.5
2020-09-12 01:00:00,2020,2021-09-12 00:59:29.515,554.4,287.7,66.2,707.0
2020-09-12 02:00:00,2020,2021-09-12 01:59:29.510,463.3,224.0,134.1,633.5
2020-09-12 03:00:00,2020,2021-09-12 02:59:29.505,528.8,140.3,129.2,668.0
2020-09-12 04:00:00,2020,2021-09-12 03:59:29.500,408.2,89.1,142.8,681.9
2020-09-12 05:00:00,2020,2021-09-12 04:59:29.495,255.7,157.8,140.2,665.2
2020-09-12 06:00:00,2020,2021-09-12 05:59:29.490,126.4,254.8,140.0,596.8
2020-09-12 07:00:00,2020,2021-09-12 06:59:29.485,234.2,376.8,140.7,617.1
2020-09-12 08:00:00,2020,2021-09-12 07:59:29.480,96.9,246.2,128.1,692.8
2020-09-12 09:00:00,2020,2021-09-12 08:59:29.475,28.0,72.2,70.1,664.0
2020-09-12 10:00:00,2020,2021-09-12 09:59:29.470,99.2,83.9,63.2,434.9
2020-09-12 11:00:00,2020,2021-09-12 10:59:29.465,100.2,125.4,60.3,210.6
2020-09-12 12:00:00,2020,2021-09-12 11:59:29.460,107.1,127.9,52.0,64.9
2020-09-12 13:00:00,2020,2021-09-12 12:59:29.455,122.7,171.7,52.8,36.8
2020-09-12 14:00:00,2020,2021-09-12 13:59:29.450,123.8,192.6,42.3,76.0
2020-09-12 15:00:00,2020,2021-09-12 14:59:29.445,234.1,169.2,40.3,227.9
2020-09-12 16:00:00,2020,2021-09-12 15:59:29.440,379.6,230.8,45.8,278.4
2020-09-12 17:00:00,2020,2021-09-12 16:59:29.435,402.8,196.2,48.1,246.6
2020-09-12 18:00:00,2020,2021-09-12 17:59:29.430,396.7,225.1,60.4,221.5
2020-09-12 19:00:00,2020,2021-09-12 18:59:29.425,376.3,168.8,98.1,211.9
2020-09-12 20:00:00,2020,2021-09-12 19:59:29.420,441.0,142.1,121.4,282.9
2020-09-12 21:00:00,2020,2021-09-12 20:59:29.415,436.8,325.8,27.3,439.9
2020-09-12 22:00:00,2020,2021-09-12 21:59:29.410,470.9,285.1,22.5,544.1
2020-09-12 23:00:00,2020,2021-09-12 22:59:29.405,494.0,69.8,7.7,603.0
2020-09-13 00:00:00,2020,2021-09-12 23:59:29.400,466.0,32.0,4.8,536.2
2020-09-13 01:00:00,2020,2021-09-13 00:59:29.395,259.5,23.0,2.7,501.4
2020-09-13 02:00:00,2020,2021-09-13 01:59:29.390,131.1,4.3,0.1,465.3
2020-09-13 03:00:00,2020,2021-09-13 02:59:29.385,88.0,0.0,10.1,463.6
2020-09-13 04:00:00,2020,2021-09-13 03:59:29.380,37.8,0.0,14.9,393.5
2020-09-13 05:00:00,2020,2021-09-13 04:59:29.375,9.4,0.2,24.0,393.9
2020-09-13 06:00:00,2020,2021-09-13 05:59:29.370,1.3,0.0,23.3,379.7
2020-09-13 07:00:00,2020,2021-09-13 06:59:29.365,0.0,0.0,22.2,285.9
2020-09-13 08:00:00,2020,2021-09-13 07:59:29.360,0.0,0.0,23.4,110.1
2020-09-13 09:00:00,2020,2021-09-13 08:59:29.355,0.0,0.0,6.1,3.2
2020-09-13 10:00:00,2020,2021-09-13 09:59:29.350,0.0,0.0,0.1,0.0
2020-09-13 11:00:00,2020,2021-09-13 10:59:29.345,0.0,0.0,0.0,0.0
2020-09-13 12:00:00,2020,2021-09-13 11:59:29.340,0.0,0.0,0.0,0.0
2020-09-13 13:00:00,2020,2021-09-13 12:59:29.335,0.0,0.0,0.0,0.0
2020-09-13 14:00:00,2020,2021-09-13 13:59:29.330,0.0,0.0,0.0,0.0
2020-09-13 15:00:00,2020,2021-09-13 14:59:29.325,0.0,0.0,0.0,0.0
2020-09-13 16:00:00,2020,2021-09-13 15:59:29.320,0.0,114.8,24.4,0.0
2020-09-13 17:00:00,2020,2021-09-13 16:59:29.315,0.0,32.0,10.8,0.0
2020-09-13 18:00:00,2020,2021-09-13 17:59:29.310,0.0,10.9,1.7,0.0
2020-09-13 19:00:00,2020,2021-09-13 18:59:29.305,79.6,9.9,0.3,37.2
2020-09-13 20:00:00,2020,2021-09-13 19:59:29.300,56.2,1.2,0.6,36.0
2020-09-13 21:00:00,2020,2021-09-13 20:59:29.295,37.7,11.2,0.7,49.4
2020-09-13 22:00:00,2020,2021-09-13 21:59:29.290,55.8,14.6,0.0,27.1
2020-09-13 23:00:00,2020,2021-09-13 22:59:29.285,44.9,4.3,0.1,68.8
2020-09-14 00:00:00,2020,2021-09-13 23:59:29.280,119.8,5.3,0.5,36.7
2020-09-14 01:00:00,2020,2021-09-14 00:59:29.275,84.4,11.0,2.3,1.6
2020-09-14 02:00:00,2020,2021-09-14 01:59:29.270,29.8,17.5,4.7,4.6
2020-09-14 03:00:00,2020,2021-09-14 02:59:29.265,27.3,16.3,4.3,9.1
2020-09-14 04:00:00,2020,2021-09-14 03:59:29.260,2.6,15.5,5.5,10.2
2020-09-14 05:00:00,2020,2021-09-14 04:59:29.255,0.0,7.8,7.5,15.2
2020-09-14 06:00:00,2020,2021-09-14 05:59:29.250,0.0,1.4,2.6,19.2
2020-09-14 07:00:00,2020,2021-09-14 06:59:29.245,0.0,4.6,13.7,25.9
2020-09-14 08:00:00,2020,2021-09-14 07:59:29.240,0.5,7.5,18.7,22.7
2020-09-14 09:00:00,2020,2021-09-14 08:59:29.235,0.0,0.5,7.8,0.0
2020-09-14 10:00:00,2020,2021-09-14 09:59:29.230,0.0,4.5,1.8,0.0
2020-09-14 11:00:00,2020,2021-09-14 10:59:29.225,0.5,4.9,2.9,0.9
2020-09-14 12:00:00,2020,2021-09-14 11:59:29.220,4.0,2.6,1.8,2.3
2020-09-14 13:00:00,2020,2021-09-14 12:59:29.215,19.0,3.0,0.6,13.8
2020-09-14 14:00:00,2020,2021-09-14 13:59:29.210,20.6,2.8,0.4,25.7
2020-09-14 15:00:00,2020,2021-09-14 14:59:29.205,13.9,3.7,0.4,31.7
2020-09-14 16:00:00,2020,2021-09-14 15:59:29.200,16.3,5.4,0.7,22.9
2020-09-14 17:00:00,2020,2021-09-14 16:59:29.195,18.0,8.0,1.9,3.8
2020-09-14 18:00:00,2020,2021-09-14 17:59:29.190,9.1,2.6,1.6,0.0
2020-09-14 19:00:00,2020,2021-09-14 18:59:29.185,5.2,0.0,1.9,0.0
2020-09-14 20:00:00,2020,2021-09-14 19:59:29.180,0.0,0.0,1.0,0.0
2020-09-14 21:00:00,2020,2021-09-14 20:59:29.175,0.0,0.0,0.9,0.0
2020-09-14 22:00:00,2020,2021-09-14 21:59:29.170,0.0,0.0,1.0,0.0
2020-09-14 23:00:00,2020,2021-09-14 22:59:29.165,0.0,0.0,1.2,1.7
2020-09-15 00:00:00,2020,2021-09-14 23:59:29.160,0.0,0.0,0.5,3.1
2020-09-15 01:00:00,2020,2021-09-15 00:59:29.155,15.4,0.0,0.0,0.2
2020-09-15 02:00:00,2020,2021-09-15 01:59:29.150,0.0,0.0,0.0,0.0
2020-09-15 03:00:00,2020,2021-09-15 02:59:29.145,27.5,0.0,0.0,0.1
2020-09-15 04:00:00,2020,2021-09-15 03:59:29.140,26.7,0.1,0.6,0.4
2020-09-15 05:00:00,2020,2021-09-15 04:59:29.135,17.2,0.0,0.9,0.2
2020-09-15 06:00:00,2020,2021-09-15 05:59:29.130,9.2,0.0,1.4,3.6
2020-09-15 07:00:00,2020,2021-09-15 06:59:29.125,0.0,0.0,0.4,5.4
2020-09-15 08:00:00,2020,2021-09-15 07:59:29.120,0.0,0.0,0.0,5.2
2020-09-15 09:00:00,2020,2021-09-15 08:59:29.115,0.0,0.0,0.0,13.7
2020-09-15 10:00:00,2020,2021-09-15 09:59:29.110,0.0,0.0,0.0,36.6
2020-09-15 11:00:00,2020,2021-09-15 10:59:29.105,0.0,0.0,0.0,37.1
2020-09-15 12:00:00,2020,2021-09-15 11:59:29.100,34.7,0.0,0.0,38.9
2020-09-15 13:00:00,2020,2021-09-15 12:59:29.095,22.7,4.3,0.0,27.9
2020-09-15 14:00:00,2020,2021-09-15 13:59:29.090,0.9,1.8,0.0,1.1
2020-09-15 15:00:00,2020,2021-09-15 14:59:29.085,31.8,13.4,0.0,25.5
2020-09-15 16:00:00,2020,2021-09-15 15:59:29.080,70.8,35.4,0.0,47.7
2020-09-15 17:00:00,2020,2021-09-15 16:59:29.075,246.1,16.9,0.0,104.7
2020-09-15 18:00:00,2020,2021-09-15 17:59:29.070,229.5,27.4,0.0,116.3
2020-09-15 19:00:00,2020,2021-09-15 18:59:29.065,280.2,15.6,9.2,133.7
2020-09-15 20:00:00,2020,2021-09-15 19:59:29.060,347.6,105.3,6.0,152.3
2020-09-15 21:00:00,2020,2021-09-15 20:59:29.055,381.8,612.1,33.0,138.6
2020-09-15 22:00:00,2020,2021-09-15 21:59:29.050,418.4,518.3,37.4,214.6
2020-09-15 23:00:00,2020,2021-09-15 22:59:29.045,356.8,250.1,52.7,286.8
2020-09-16 00:00:00,2020,2021-09-15 23:59:29.040,556.6,96.0,36.1,544.2
2020-09-16 01:00:00,2020,2021-09-16 00:59:29.035,553.4,21.8,13.3,543.6
2020-09-16 02:00:00,2020,2021-09-16 01:59:29.030,430.5,3.6,5.3,518.7
2020-09-16 03:00:00,2020,2021-09-16 02:59:29.025,472.2,2.0,3.3,575.5
2020-09-16 04:00:00,2020,2021-09-16 03:59:29.020,536.6,23.7,4.8,565.9
2020-09-16 05:00:00,2020,2021-09-16 04:59:29.015,572.8,41.2,9.8,578.5
2020-09-16 06:00:00,2020,2021-09-16 05:59:29.010,574.8,32.4,9.6,575.3
2020-09-16 07:00:00,2020,2021-09-16 06:59:29.005,569.5,21.3,1.8,587.3
2020-09-16 08:00:00,2020,2021-09-16 07:59:29.000,393.1,12.8,0.3,606.9
2020-09-16 09:00:00,2020,2021-09-16 08:59:28.995,220.5,3.7,16.2,525.0
2020-09-16 10:00:00,2020,2021-09-16 09:59:28.990,85.1,13.2,23.0,480.2
2020-09-16 11:00:00,2020,2021-09-16 10:59:28.985,88.2,13.2,26.1,469.0
2020-09-16 12:00:00,2020,2021-09-16 11:59:28.980,162.0,16.5,22.0,452.0
2020-09-16 13:00:00,2020,2021-09-16 12:59:28.975,258.9,48.1,18.6,410.2
2020-09-16 14:00:00,2020,2021-09-16 13:59:28.970,316.1,90.7,8.9,384.1
2020-09-16 15:00:00,2020,2021-09-16 14:59:28.965,305.9,150.1,16.9,376.4
2020-09-16 16:00:00,2020,2021-09-16 15:59:28.960,376.0,283.9,18.8,299.2
2020-09-16 17:00:00,2020,2021-09-16 16:59:28.955,407.7,521.5,19.4,318.3
2020-09-16 18:00:00,2020,2021-09-16 17:59:28.950,519.6,693.3,52.3,261.9
2020-09-16 19:00:00,2020,2021-09-16 18:59:28.945,133.9,750.9,94.4,94.2
2020-09-16 20:00:00,2020,2021-09-16 19:59:28.940,97.3,783.6,98.2,0.0
2020-09-16 21:00:00,2020,2021-09-16 20:59:28.935,58.2,648.5,94.4,17.5
2020-09-16 22:00:00,2020,2021-09-16 21:59:28.930,148.8,365.6,48.0,168.8
2020-09-16 23:00:00,2020,2021-09-16 22:59:28.925,405.8,473.1,55.9,460.6
2020-09-17 00:00:00,2020,2021-09-16 23:59:28.920,381.5,524.0,120.4,143.6
2020-09-17 01:00:00,2020,2021-09-17 00:59:28.915,367.0,567.0,100.9,529.4
2020-09-17 02:00:00,2020,2021-09-17 01:59:28.910,470.1,592.3,85.6,592.5
2020-09-17 03:00:00,2020,2021-09-17 02:59:28.905,513.0,516.2,99.7,680.0
2020-09-17 04:00:00,2020,2021-09-17 03:59:28.900,642.1,551.0,129.6,734.4
2020-09-17 05:00:00,2020,2021-09-17 04:59:28.895,657.3,471.6,127.9,774.8
2020-09-17 06:00:00,2020,2021-09-17 05:59:28.890,664.8,443.2,130.6,787.4
2020-09-17 07:00:00,2020,2021-09-17 06:59:28.885,655.7,419.0,143.2,788.1
2020-09-17 08:00:00,2020,2021-09-17 07:59:28.880,438.3,261.8,136.4,712.8
2020-09-17 09:00:00,2020,2021-09-17 08:59:28.875,328.0,151.0,122.7,604.6
2020-09-17 10:00:00,2020,2021-09-17 09:59:28.870,156.2,92.9,103.0,500.4
2020-09-17 11:00:00,2020,2021-09-17 10:59:28.865,151.5,111.1,67.2,399.6
2020-09-17 12:00:00,2020,2021-09-17 11:59:28.860,210.0,58.5,37.4,201.7
2020-09-17 13:00:00,2020,2021-09-17 12:59:28.855,234.1,272.7,43.8,199.4
2020-09-17 14:00:00,2020,2021-09-17 13:59:28.850,309.9,379.4,64.7,367.7
2020-09-17 15:00:00,2020,2021-09-17 14:59:28.845,245.5,433.6,45.9,350.9
2020-09-17 16:00:00,2020,2021-09-17 15:59:28.840,226.0,441.6,34.0,391.6
2020-09-17 17:00:00,2020,2021-09-17 16:59:28.835,177.2,207.9,31.8,157.3
2020-09-17 18:00:00,2020,2021-09-17 17:59:28.830,122.5,307.5,16.0,219.6
2020-09-17 19:00:00,2020,2021-09-17 18:59:28.825,138.7,325.2,26.8,125.6
2020-09-17 20:00:00,2020,2021-09-17 19:59:28.820,271.9,444.0,51.9,232.9
2020-09-17 21:00:00,2020,2021-09-17 20:59:28.815,149.1,412.5,68.3,138.8
2020-09-17 22:00:00,2020,2021-09-17 21:59:28.810,112.0,412.7,119.1,196.3
2020-09-17 23:00:00,2020,2021-09-17 22:59:28.805,52.4,256.0,135.2,205.0
2020-09-18 00:00:00,2020,2021-09-17 23:59:28.800,30.7,71.0,135.6,359.4
2020-09-18 01:00:00,2020,2021-09-18 00:59:28.795,56.2,5.5,124.0,353.2
2020-09-18 02:00:00,2020,2021-09-18 01:59:28.790,0.6,3.8,115.1,261.4
2020-09-18 03:00:00,2020,2021-09-18 02:59:28.785,58.6,140.4,126.1,150.2
2020-09-18 04:00:00,2020,2021-09-18 03:59:28.780,6.3,206.3,136.4,184.2
2020-09-18 05:00:00,2020,2021-09-18 04:59:28.775,1.7,228.3,135.3,262.3
2020-09-18 06:00:00,2020,2021-09-18 05:59:28.770,0.0,199.4,128.6,235.0
2020-09-18 07:00:00,2020,2021-09-18 06:59:28.765,0.1,147.4,113.7,246.5
2020-09-18 08:00:00,2020,2021-09-18 07:59:28.760,0.8,141.2,80.8,156.7
2020-09-18 09:00:00,2020,2021-09-18 08:59:28.755,15.0,23.3,0.0,35.8
2020-09-18 10:00:00,2020,2021-09-18 09:59:28.750,54.2,3.4,0.0,69.0
2020-09-18 11:00:00,2020,2021-09-18 10:59:28.745,36.9,0.0,12.3,0.0
2020-09-18 12:00:00,2020,2021-09-18 11:59:28.740,66.8,0.0,2.0,0.0
2020-09-18 13:00:00,2020,2021-09-18 12:59:28.735,90.1,0.0,0.0,0.0
2020-09-18 14:00:00,2020,2021-09-18 13:59:28.730,97.7,0.0,0.0,0.0
2020-09-18 15:00:00,2020,2021-09-18 14:59:28.725,107.6,10.6,0.0,0.2
2020-09-18 16:00:00,2020,2021-09-18 15:59:28.720,197.5,0.0,0.0,79.2
2020-09-18 17:00:00,2020,2021-09-18 16:59:28.715,120.1,133.1,5.1,95.1
2020-09-18 18:00:00,2020,2021-09-18 17:59:28.710,97.6,27.6,2.9,93.0
2020-09-18 19:00:00,2020,2021-09-18 18:59:28.705,199.5,64.2,14.4,126.6
2020-09-18 20:00:00,2020,2021-09-18 19:59:28.700,196.6,197.5,33.2,116.6
2020-09-18 21:00:00,2020,2021-09-18 20:59:28.695,278.9,107.3,10.6,133.6
2020-09-18 22:00:00,2020,2021-09-18 21:59:28.690,386.7,121.2,52.1,286.4
2020-09-18 23:00:00,2020,2021-09-18 22:59:28.685,492.6,117.3,89.9,347.0
2020-09-19 00:00:00,2020,2021-09-18 23:59:28.680,560.4,331.3,69.1,357.3
2020-09-19 01:00:00,2020,2021-09-19 00:59:28.675,623.9,360.1,82.9,381.2
2020-09-19 02:00:00,2020,2021-09-19 01:59:28.670,546.1,182.0,44.1,286.0
2020-09-19 03:00:00,2020,2021-09-19 02:59:28.665,561.0,152.7,54.0,505.2
2020-09-19 04:00:00,2020,2021-09-19 03:59:28.660,586.6,236.6,102.6,570.9
2020-09-19 05:00:00,2020,2021-09-19 04:59:28.655,621.3,433.9,96.4,640.9
2020-09-19 06:00:00,2020,2021-09-19 05:59:28.650,642.3,426.4,102.5,698.3
2020-09-19 07:00:00,2020,2021-09-19 06:59:28.645,652.0,315.7,84.0,706.6
2020-09-19 08:00:00,2020,2021-09-19 07:59:28.640,617.5,160.7,76.7,657.0
2020-09-19 09:00:00,2020,2021-09-19 08:59:28.635,642.4,8.3,29.5,578.4
2020-09-19 10:00:00,2020,2021-09-19 09:59:28.630,584.6,0.0,32.6,633.3
2020-09-19 11:00:00,2020,2021-09-19 10:59:28.625,501.2,0.0,19.7,532.9
2020-09-19 12:00:00,2020,2021-09-19 11:59:28.620,372.9,0.2,17.0,372.9
2020-09-19 13:00:00,2020,2021-09-19 12:59:28.615,342.9,0.0,18.5,253.3
2020-09-19 14:00:00,2020,2021-09-19 13:59:28.610,310.5,0.0,10.8,193.7
2020-09-19 15:00:00,2020,2021-09-19 14:59:28.605,262.9,1.2,6.9,163.8
2020-09-19 16:00:00,2020,2021-09-19 15:59:28.600,249.8,57.8,5.7,154.5
2020-09-19 17:00:00,2020,2021-09-19 16:59:28.595,304.7,40.0,10.8,179.5
2020-09-19 18:00:00,2020,2021-09-19 17:59:28.590,384.0,116.4,14.5,185.1
2020-09-19 19:00:00,2020,2021-09-19 18:59:28.585,381.9,235.5,39.7,258.0
2020-09-19 20:00:00,2020,2021-09-19 19:59:28.580,504.8,297.1,38.5,291.6
2020-09-19 21:00:00,2020,2021-09-19 20:59:28.575,528.5,230.0,3.3,253.9
2020-09-19 22:00:00,2020,2021-09-19 21:59:28.570,627.8,130.2,23.7,436.1
2020-09-19 23:00:00,2020,2021-09-19 22:59:28.565,594.1,108.0,14.3,496.6
2020-09-20 00:00:00,2020,2021-09-19 23:59:28.560,461.8,37.0,0.0,494.9
2020-09-20 01:00:00,2020,2021-09-20 00:59:28.555,370.3,1.8,1.1,508.6
2020-09-20 02:00:00,2020,2021-09-20 01:59:28.550,309.9,0.2,7.9,485.3
2020-09-20 03:00:00,2020,2021-09-20 02:59:28.545,248.2,6.0,11.0,440.1
2020-09-20 04:00:00,2020,2021-09-20 03:59:28.540,237.2,59.2,30.0,479.9
2020-09-20 05:00:00,2020,2021-09-20 04:59:28.535,317.2,205.5,47.6,490.4
2020-09-20 06:00:00,2020,2021-09-20 05:59:28.530,318.7,225.7,68.4,477.0
2020-09-20 07:00:00,2020,2021-09-20 06:59:28.525,291.6,210.0,106.2,530.0
2020-09-20 08:00:00,2020,2021-09-20 07:59:28.520,152.0,212.8,138.1,395.5
2020-09-20 09:00:00,2020,2021-09-20 08:59:28.515,0.0,94.5,51.0,146.9
2020-09-20 10:00:00,2020,2021-09-20 09:59:28.510,0.0,87.5,22.7,35.9
2020-09-20 11:00:00,2020,2021-09-20 10:59:28.505,0.0,77.8,7.5,3.3
2020-09-20 12:00:00,2020,2021-09-20 11:59:28.500,0.0,80.1,1.0,0.0
2020-09-20 13:00:00,2020,2021-09-20 12:59:28.495,0.0,59.0,0.7,0.5
2020-09-20 14:00:00,2020,2021-09-20 13:59:28.490,0.1,22.3,0.1,3.0
2020-09-20 15:00:00,2020,2021-09-20 14:59:28.485,14.6,12.0,0.0,53.7
2020-09-20 16:00:00,2020,2021-09-20 15:59:28.480,20.9,1.3,0.0,44.4
2020-09-20 17:00:00,2020,2021-09-20 16:59:28.475,0.0,13.0,0.0,0.0
2020-09-20 18:00:00,2020,2021-09-20 17:59:28.470,0.0,4.4,0.0,0.0
2020-09-20 19:00:00,2020,2021-09-20 18:59:28.465,5.3,5.5,0.0,0.0
2020-09-20 20:00:00,2020,2021-09-20 19:59:28.460,17.7,10.0,0.1,3.4
2020-09-20 21:00:00,2020,2021-09-20 20:59:28.455,25.6,9.7,1.6,3.0
2020-09-20 22:00:00,2020,2021-09-20 21:59:28.450,21.6,6.7,2.7,7.5
2020-09-20 23:00:00,2020,2021-09-20 22:59:28.445,45.0,5.4,2.2,15.6
2020-09-21 00:00:00,2020,2021-09-20 23:59:28.440,59.5,1.0,0.7,9.6
2020-09-21 01:00:00,2020,2021-09-21 00:59:28.435,49.5,3.0,0.1,22.2
2020-09-21 02:00:00,2020,2021-09-21 01:59:28.430,61.0,1.7,0.0,12.3
2020-09-21 03:00:00,2020,2021-09-21 02:59:28.425,66.3,1.4,0.0,23.2
2020-09-21 04:00:00,2020,2021-09-21 03:59:28.420,30.3,0.1,0.0,36.9
2020-09-21 05:00:00,2020,2021-09-21 04:59:28.415,38.4,0.4,0.0,102.6
2020-09-21 06:00:00,2020,2021-09-21 05:59:28.410,48.3,0.1,0.2,160.9
2020-09-21 07:00:00,2020,2021-09-21 06:59:28.405,120.5,0.1,0.6,135.6
2020-09-21 08:00:00,2020,2021-09-21 07:59:28.400,61.9,0.0,5.8,107.2
2020-09-21 09:00:00,2020,2021-09-21 08:59:28.395,85.1,0.0,2.7,43.7
2020-09-21 10:00:00,2020,2021-09-21 09:59:28.390,18.2,0.0,3.4,0.0
2020-09-21 11:00:00,2020,2021-09-21 10:59:28.385,5.8,0.4,4.8,0.0
2020-09-21 12:00:00,2020,2021-09-21 11:59:28.380,11.3,3.4,6.7,9.8
2020-09-21 13:00:00,2020,2021-09-21 12:59:28.375,50.5,7.3,4.0,30.5
2020-09-21 14:00:00,2020,2021-09-21 13:59:28.370,57.9,23.7,2.2,18.8
2020-09-21 15:00:00,2020,2021-09-21 14:59:28.365,38.0,20.5,1.9,15.3
2020-09-21 16:00:00,2020,2021-09-21 15:59:28.360,51.3,41.0,3.5,18.1
2020-09-21 17:00:00,2020,2021-09-21 16:59:28.355,170.9,152.3,0.1,48.3
2020-09-21 18:00:00,2020,2021-09-21 17:59:28.350,198.8,194.7,0.3,74.0
2020-09-21 19:00:00,2020,2021-09-21 18:59:28.345,130.4,122.4,5.2,17.5
2020-09-21 20:00:00,2020,2021-09-21 19:59:28.340,90.1,237.8,17.6,13.2
2020-09-21 21:00:00,2020,2021-09-21 20:59:28.335,138.8,460.8,107.7,13.8
2020-09-21 22:00:00,2020,2021-09-21 21:59:28.330,51.9,383.5,66.8,27.2
2020-09-21 23:00:00,2020,2021-09-21 22:59:28.325,79.3,339.5,37.3,11.7
2020-09-22 00:00:00,2020,2021-09-21 23:59:28.320,208.0,599.3,60.5,140.6
2020-09-22 01:00:00,2020,2021-09-22 00:59:28.315,156.8,648.7,48.9,202.1
2020-09-22 02:00:00,2020,2021-09-22 01:59:28.310,115.0,660.4,57.1,315.6
2020-09-22 03:00:00,2020,2021-09-22 02:59:28.305,263.5,658.0,53.7,340.3
2020-09-22 04:00:00,2020,2021-09-22 03:59:28.300,299.7,699.6,72.9,425.8
2020-09-22 05:00:00,2020,2021-09-22 04:59:28.295,310.8,720.5,82.8,487.7
2020-09-22 06:00:00,2020,2021-09-22 05:59:28.290,357.9,686.8,89.6,551.2
2020-09-22 07:00:00,2020,2021-09-22 06:59:28.285,393.9,638.4,108.4,510.7
2020-09-22 08:00:00,2020,2021-09-22 07:59:28.280,364.3,364.3,101.7,473.4
2020-09-22 09:00:00,2020,2021-09-22 08:59:28.275,309.3,139.6,50.9,414.1
2020-09-22 10:00:00,2020,2021-09-22 09:59:28.270,310.5,69.9,14.3,517.6
2020-09-22 11:00:00,2020,2021-09-22 10:59:28.265,316.6,77.6,4.1,525.0
2020-09-22 12:00:00,2020,2021-09-22 11:59:28.260,301.9,51.8,4.6,439.7
2020-09-22 13:00:00,2020,2021-09-22 12:59:28.255,267.2,48.8,10.7,341.2
2020-09-22 14:00:00,2020,2021-09-22 13:59:28.250,276.8,107.2,25.5,218.8
2020-09-22 15:00:00,2020,2021-09-22 14:59:28.245,257.5,99.0,8.1,148.1
2020-09-22 16:00:00,2020,2021-09-22 15:59:28.240,229.7,23.7,7.5,172.7
2020-09-22 17:00:00,2020,2021-09-22 16:59:28.235,163.4,23.7,4.2,136.4
2020-09-22 18:00:00,2020,2021-09-22 17:59:28.230,163.9,23.5,9.8,82.2
2020-09-22 19:00:00,2020,2021-09-22 18:59:28.225,269.1,22.0,9.2,142.8
2020-09-22 20:00:00,2020,2021-09-22 19:59:28.220,158.8,89.4,51.1,187.5
2020-09-22 21:00:00,2020,2021-09-22 20:59:28.215,265.9,118.0,52.4,107.2
2020-09-22 22:00:00,2020,2021-09-22 21:59:28.210,171.4,330.0,22.9,48.0
2020-09-22 23:00:00,2020,2021-09-22 22:59:28.205,198.1,548.4,26.9,111.0
2020-09-23 00:00:00,2020,2021-09-22 23:59:28.200,365.7,595.2,6.2,147.2
2020-09-23 01:00:00,2020,2021-09-23 00:59:28.195,225.9,633.3,9.2,159.1
2020-09-23 02:00:00,2020,2021-09-23 01:59:28.190,332.8,674.6,17.8,211.1
2020-09-23 03:00:00,2020,2021-09-23 02:59:28.185,505.6,503.6,8.6,515.5
2020-09-23 04:00:00,2020,2021-09-23 03:59:28.180,673.3,348.4,19.6,589.9
2020-09-23 05:00:00,2020,2021-09-23 04:59:28.175,599.0,377.3,54.6,643.7
2020-09-23 06:00:00,2020,2021-09-23 05:59:28.170,529.9,282.3,92.6,654.8
2020-09-23 07:00:00,2020,2021-09-23 06:59:28.165,575.9,139.7,109.5,662.9
2020-09-23 08:00:00,2020,2021-09-23 07:59:28.160,434.5,51.0,99.1,590.4
2020-09-23 09:00:00,2020,2021-09-23 08:59:28.155,239.6,2.3,49.5,601.2
2020-09-23 10:00:00,2020,2021-09-23 09:59:28.150,191.4,0.0,46.8,579.3
2020-09-23 11:00:00,2020,2021-09-23 10:59:28.145,247.5,0.0,42.5,523.4
2020-09-23 12:00:00,2020,2021-09-23 11:59:28.140,302.2,75.8,38.1,502.4
2020-09-23 13:00:00,2020,2021-09-23 12:59:28.135,341.0,139.8,47.4,422.2
2020-09-23 14:00:00,2020,2021-09-23 13:59:28.130,486.6,118.8,36.4,446.1
2020-09-23 15:00:00,2020,2021-09-23 14:59:28.125,668.0,143.8,62.2,451.3
2020-09-23 16:00:00,2020,2021-09-23 15:59:28.120,660.8,273.4,86.8,559.8
2020-09-23 17:00:00,2020,2021-09-23 16:59:28.115,558.2,224.8,70.3,359.3
2020-09-23 18:00:00,2020,2021-09-23 17:59:28.110,458.1,257.9,67.0,478.4
2020-09-23 19:00:00,2020,2021-09-23 18:59:28.105,287.9,395.2,43.9,46.3
2020-09-23 20:00:00,2020,2021-09-23 19:59:28.100,197.6,463.2,48.1,0.0
2020-09-23 21:00:00,2020,2021-09-23 20:59:28.095,146.8,619.2,83.6,40.7
2020-09-23 22:00:00,2020,2021-09-23 21:59:28.090,523.2,824.4,78.0,588.9
2020-09-23 23:00:00,2020,2021-09-23 22:59:28.085,646.6,833.7,98.7,688.8
2020-09-24 00:00:00,2020,2021-09-23 23:59:28.080,630.0,824.2,126.4,554.3
2020-09-24 01:00:00,2020,2021-09-24 00:59:28.075,582.9,837.2,145.5,419.4
2020-09-24 02:00:00,2020,2021-09-24 01:59:28.070,569.2,841.3,142.6,546.8
2020-09-24 03:00:00,2020,2021-09-24 02:59:28.065,604.2,835.3,147.6,647.3
2020-09-24 04:00:00,2020,2021-09-24 03:59:28.060,602.3,759.2,147.7,721.6
2020-09-24 05:00:00,2020,2021-09-24 04:59:28.055,634.0,636.0,146.8,761.5
2020-09-24 06:00:00,2020,2021-09-24 05:59:28.050,664.9,468.2,140.6,769.7
2020-09-24 07:00:00,2020,2021-09-24 06:59:28.045,679.4,516.2,127.2,751.2
2020-09-24 08:00:00,2020,2021-09-24 07:59:28.040,658.4,608.8,109.3,681.2
2020-09-24 09:00:00,2020,2021-09-24 08:59:28.035,620.2,531.1,79.4,620.0
2020-09-24 10:00:00,2020,2021-09-24 09:59:28.030,621.1,324.1,46.9,643.3
2020-09-24 11:00:00,2020,2021-09-24 10:59:28.025,631.2,111.9,8.1,564.6
2020-09-24 12:00:00,2020,2021-09-24 11:59:28.020,659.5,193.5,39.0,389.8
2020-09-24 13:00:00,2020,2021-09-24 12:59:28.015,695.4,214.9,64.0,326.2
2020-09-24 14:00:00,2020,2021-09-24 13:59:28.010,691.6,242.5,41.3,539.4
2020-09-24 15:00:00,2020,2021-09-24 14:59:28.005,662.0,337.0,19.6,491.7
2020-09-24 16:00:00,2020,2021-09-24 15:59:28.000,439.5,453.1,18.7,207.7
2020-09-24 17:00:00,2020,2021-09-24 16:59:27.995,668.7,533.9,26.1,337.6
2020-09-24 18:00:00,2020,2021-09-24 17:59:27.990,555.2,704.7,33.8,225.7
2020-09-24 19:00:00,2020,2021-09-24 18:59:27.985,356.9,750.2,118.6,150.1
2020-09-24 20:00:00,2020,2021-09-24 19:59:27.980,352.0,794.1,67.7,216.0
2020-09-24 21:00:00,2020,2021-09-24 20:59:27.975,313.2,802.2,48.9,153.9
2020-09-24 22:00:00,2020,2021-09-24 21:59:27.970,324.6,811.4,80.6,133.1
2020-09-24 23:00:00,2020,2021-09-24 22:59:27.965,265.4,782.4,102.4,108.7
2020-09-25 00:00:00,2020,2021-09-24 23:59:27.960,247.0,679.6,90.8,90.2
2020-09-25 01:00:00,2020,2021-09-25 00:59:27.955,300.8,554.0,77.3,227.3
2020-09-25 02:00:00,2020,2021-09-25 01:59:27.950,331.4,533.1,74.7,295.5
2020-09-25 03:00:00,2020,2021-09-25 02:59:27.945,350.2,430.2,67.1,355.9
2020-09-25 04:00:00,2020,2021-09-25 03:59:27.940,338.6,374.2,38.9,408.1
2020-09-25 05:00:00,2020,2021-09-25 04:59:27.935,230.7,508.4,23.0,412.8
2020-09-25 06:00:00,2020,2021-09-25 05:59:27.930,170.9,585.7,26.9,399.7
2020-09-25 07:00:00,2020,2021-09-25 06:59:27.925,145.5,570.7,21.8,387.1
2020-09-25 08:00:00,2020,2021-09-25 07:59:27.920,135.8,284.3,23.0,353.3
2020-09-25 09:00:00,2020,2021-09-25 08:59:27.915,42.6,136.6,1.8,166.4
2020-09-25 10:00:00,2020,2021-09-25 09:59:27.910,44.4,102.3,0.0,99.6
2020-09-25 11:00:00,2020,2021-09-25 10:59:27.905,31.0,88.5,2.0,24.7
2020-09-25 12:00:00,2020,2021-09-25 11:59:27.900,67.2,90.9,4.0,36.2
2020-09-25 13:00:00,2020,2021-09-25 12:59:27.895,71.2,111.6,2.5,43.5
2020-09-25 14:00:00,2020,2021-09-25 13:59:27.890,66.7,74.0,2.7,36.8
2020-09-25 15:00:00,2020,2021-09-25 14:59:27.885,93.6,65.6,4.3,16.6
2020-09-25 16:00:00,2020,2021-09-25 15:59:27.880,87.1,0.0,0.0,0.8
2020-09-25 17:00:00,2020,2021-09-25 16:59:27.875,9.2,0.0,0.0,0.1
2020-09-25 18:00:00,2020,2021-09-25 17:59:27.870,0.0,3.3,0.0,0.0
2020-09-25 19:00:00,2020,2021-09-25 18:59:27.865,14.5,30.6,0.0,0.9
2020-09-25 20:00:00,2020,2021-09-25 19:59:27.860,22.1,68.8,0.3,2.8
2020-09-25 21:00:00,2020,2021-09-25 20:59:27.855,38.4,3.7,0.0,0.0
2020-09-25 22:00:00,2020,2021-09-25 21:59:27.850,37.2,26.7,0.1,0.0
2020-09-25 23:00:00,2020,2021-09-25 22:59:27.845,33.2,19.0,0.2,1.4
2020-09-26 00:00:00,2020,2021-09-25 23:59:27.840,9.6,34.7,0.3,2.7
2020-09-26 01:00:00,2020,2021-09-26 00:59:27.835,1.8,60.1,2.9,0.0
2020-09-26 02:00:00,2020,2021-09-26 01:59:27.830,1.4,49.2,2.8,0.0
2020-09-26 03:00:00,2020,2021-09-26 02:59:27.825,0.4,57.2,11.2,0.0
2020-09-26 04:00:00,2020,2021-09-26 03:59:27.820,4.0,39.6,2.8,0.2
2020-09-26 05:00:00,2020,2021-09-26 04:59:27.815,9.5,51.6,1.1,1.2
2020-09-26 06:00:00,2020,2021-09-26 05:59:27.810,11.1,51.0,0.2,6.6
2020-09-26 07:00:00,2020,2021-09-26 06:59:27.805,11.6,34.7,0.6,14.6
2020-09-26 08:00:00,2020,2021-09-26 07:59:27.800,16.8,30.7,1.1,11.5
2020-09-26 09:00:00,2020,2021-09-26 08:59:27.795,4.7,15.8,0.0,7.0
2020-09-26 10:00:00,2020,2021-09-26 09:59:27.790,6.7,1.2,0.0,14.9
2020-09-26 11:00:00,2020,2021-09-26 10:59:27.785,10.9,5.6,0.3,12.0
2020-09-26 12:00:00,2020,2021-09-26 11:59:27.780,12.9,5.3,0.5,10.3
2020-09-26 13:00:00,2020,2021-09-26 12:59:27.775,17.2,29.4,2.4,23.8
2020-09-26 14:00:00,2020,2021-09-26 13:59:27.770,21.9,56.9,4.3,37.5
2020-09-26 15:00:00,2020,2021-09-26 14:59:27.765,19.4,76.0,4.0,40.7
2020-09-26 16:00:00,2020,2021-09-26 15:59:27.760,20.9,85.2,7.7,39.9
2020-09-26 17:00:00,2020,2021-09-26 16:59:27.755,1.7,11.6,1.2,1.4
2020-09-26 18:00:00,2020,2021-09-26 17:59:27.750,1.2,7.0,0.3,2.2
2020-09-26 19:00:00,2020,2021-09-26 18:59:27.745,1.6,25.2,0.0,1.2
2020-09-26 20:00:00,2020,2021-09-26 19:59:27.740,0.1,34.3,0.0,1.4
2020-09-26 21:00:00,2020,2021-09-26 20:59:27.735,0.6,33.2,0.2,6.1
2020-09-26 22:00:00,2020,2021-09-26 21:59:27.730,7.0,35.1,0.6,14.0
2020-09-26 23:00:00,2020,2021-09-26 22:59:27.725,21.3,35.8,0.0,19.8
2020-09-27 00:00:00,2020,2021-09-26 23:59:27.720,39.0,24.2,0.0,15.8
2020-09-27 01:00:00,2020,2021-09-27 00:59:27.715,93.9,18.1,0.0,26.1
2020-09-27 02:00:00,2020,2021-09-27 01:59:27.710,101.0,16.5,0.0,39.4
2020-09-27 03:00:00,2020,2021-09-27 02:59:27.705,74.4,24.2,0.6,25.9
2020-09-27 04:00:00,2020,2021-09-27 03:59:27.700,59.8,32.6,2.1,49.8
2020-09-27 05:00:00,2020,2021-09-27 04:59:27.695,45.2,45.7,3.0,15.6
2020-09-27 06:00:00,2020,2021-09-27 05:59:27.690,48.1,45.9,4.1,8.0
2020-09-27 07:00:00,2020,2021-09-27 06:59:27.685,52.6,41.6,5.6,19.0
2020-09-27 08:00:00,2020,2021-09-27 07:59:27.680,52.0,43.3,7.2,1.7
2020-09-27 09:00:00,2020,2021-09-27 08:59:27.675,21.9,14.9,2.1,0.0
2020-09-27 10:00:00,2020,2021-09-27 09:59:27.670,6.2,14.1,1.0,0.0
2020-09-27 11:00:00,2020,2021-09-27 10:59:27.665,0.0,22.5,0.7,0.0
2020-09-27 12:00:00,2020,2021-09-27 11:59:27.660,0.0,28.8,2.2,0.0
2020-09-27 13:00:00,2020,2021-09-27 12:59:27.655,0.2,31.6,2.6,0.0
2020-09-27 14:00:00,2020,2021-09-27 13:59:27.650,0.0,33.3,1.9,0.0
2020-09-27 15:00:00,2020,2021-09-27 14:59:27.645,0.2,37.1,1.7,0.0
2020-09-27 16:00:00,2020,2021-09-27 15:59:27.640,0.2,37.2,1.4,0.0
2020-09-27 17:00:00,2020,2021-09-27 16:59:27.635,7.9,43.6,0.0,0.5
2020-09-27 18:00:00,2020,2021-09-27 17:59:27.630,4.6,56.3,0.1,8.5
2020-09-27 19:00:00,2020,2021-09-27 18:59:27.625,5.7,47.2,0.4,14.2
2020-09-27 20:00:00,2020,2021-09-27 19:59:27.620,8.5,47.3,0.2,30.4
2020-09-27 21:00:00,2020,2021-09-27 20:59:27.615,14.9,38.3,0.5,19.7
2020-09-27 22:00:00,2020,2021-09-27 21:59:27.610,33.9,43.4,2.4,13.6
2020-09-27 23:00:00,2020,2021-09-27 22:59:27.605,40.8,33.4,5.8,21.1
2020-09-28 00:00:00,2020,2021-09-27 23:59:27.600,9.5,26.7,8.7,17.5
2020-09-28 01:00:00,2020,2021-09-28 00:59:27.595,7.3,27.8,7.7,4.3
2020-09-28 02:00:00,2020,2021-09-28 01:59:27.590,3.1,23.4,9.3,4.4
2020-09-28 03:00:00,2020,2021-09-28 02:59:27.585,1.5,18.6,6.1,1.9
2020-09-28 04:00:00,2020,2021-09-28 03:59:27.580,0.9,11.4,5.6,0.7
2020-09-28 05:00:00,2020,2021-09-28 04:59:27.575,0.5,7.6,8.6,7.1
2020-09-28 06:00:00,2020,2021-09-28 05:59:27.570,0.9,7.0,8.4,33.2
2020-09-28 07:00:00,2020,2021-09-28 06:59:27.565,37.0,4.4,7.7,6.8
2020-09-28 08:00:00,2020,2021-09-28 07:59:27.560,145.3,2.8,6.6,46.1
2020-09-28 09:00:00,2020,2021-09-28 08:59:27.555,111.5,0.5,2.3,12.1
2020-09-28 10:00:00,2020,2021-09-28 09:59:27.550,32.4,0.0,0.0,27.5
2020-09-28 11:00:00,2020,2021-09-28 10:59:27.545,4.8,0.0,0.0,3.6
2020-09-28 12:00:00,2020,2021-09-28 11:59:27.540,8.3,0.0,0.0,13.7
2020-09-28 13:00:00,2020,2021-09-28 12:59:27.535,0.4,0.0,0.0,13.4
2020-09-28 14:00:00,2020,2021-09-28 13:59:27.530,0.0,1.2,0.0,17.0
2020-09-28 15:00:00,2020,2021-09-28 14:59:27.525,0.0,1.4,0.0,28.4
2020-09-28 16:00:00,2020,2021-09-28 15:59:27.520,0.6,2.9,0.0,19.7
2020-09-28 17:00:00,2020,2021-09-28 16:59:27.515,3.0,0.1,0.0,0.0
2020-09-28 18:00:00,2020,2021-09-28 17:59:27.510,0.0,2.0,0.0,0.0
2020-09-28 19:00:00,2020,2021-09-28 18:59:27.505,0.0,0.1,0.0,0.0
2020-09-28 20:00:00,2020,2021-09-28 19:59:27.500,0.0,0.0,0.0,0.0
2020-09-28 21:00:00,2020,2021-09-28 20:59:27.495,0.7,1.1,0.0,0.0
2020-09-28 22:00:00,2020,2021-09-28 21:59:27.490,58.2,7.9,0.0,20.7
2020-09-28 23:00:00,2020,2021-09-28 22:59:27.485,109.7,8.4,0.0,33.0
2020-09-29 00:00:00,2020,2021-09-28 23:59:27.480,112.8,1.8,0.0,4.0
2020-09-29 01:00:00,2020,2021-09-29 00:59:27.475,87.7,0.0,0.0,48.9
2020-09-29 02:00:00,2020,2021-09-29 01:59:27.470,31.4,0.0,0.0,42.4
2020-09-29 03:00:00,2020,2021-09-29 02:59:27.465,21.8,0.0,0.1,45.1
2020-09-29 04:00:00,2020,2021-09-29 03:59:27.460,14.7,0.0,0.0,63.5
2020-09-29 05:00:00,2020,2021-09-29 04:59:27.455,62.8,0.0,0.1,79.3
2020-09-29 06:00:00,2020,2021-09-29 05:59:27.450,53.9,0.0,0.3,62.7
2020-09-29 07:00:00,2020,2021-09-29 06:59:27.445,41.2,0.0,1.1,31.3
2020-09-29 08:00:00,2020,2021-09-29 07:59:27.440,37.4,0.3,0.6,21.6
2020-09-29 09:00:00,2020,2021-09-29 08:59:27.435,19.7,0.7,1.3,4.2
2020-09-29 10:00:00,2020,2021-09-29 09:59:27.430,27.9,0.0,0.0,48.8
2020-09-29 11:00:00,2020,2021-09-29 10:59:27.425,35.3,0.0,0.0,47.5
2020-09-29 12:00:00,2020,2021-09-29 11:59:27.420,32.1,0.4,0.0,37.8
2020-09-29 13:00:00,2020,2021-09-29 12:59:27.415,25.6,1.2,0.0,39.9
2020-09-29 14:00:00,2020,2021-09-29 13:59:27.410,20.0,0.3,0.0,44.2
2020-09-29 15:00:00,2020,2021-09-29 14:59:27.405,24.4,0.8,0.0,40.7
2020-09-29 16:00:00,2020,2021-09-29 15:59:27.400,26.9,0.9,0.0,32.0
2020-09-29 17:00:00,2020,2021-09-29 16:59:27.395,2.4,3.4,0.0,31.2
2020-09-29 18:00:00,2020,2021-09-29 17:59:27.390,32.9,2.4,0.0,31.3
2020-09-29 19:00:00,2020,2021-09-29 18:59:27.385,42.9,9.3,0.0,5.9
2020-09-29 20:00:00,2020,2021-09-29 19:59:27.380,10.9,8.0,0.0,0.0
2020-09-29 21:00:00,2020,2021-09-29 20:59:27.375,15.0,5.1,0.0,0.0
2020-09-29 22:00:00,2020,2021-09-29 21:59:27.370,22.1,5.7,0.0,0.0
2020-09-29 23:00:00,2020,2021-09-29 22:59:27.365,0.0,3.7,0.0,0.0
2020-09-30 00:00:00,2020,2021-09-29 23:59:27.360,0.0,0.0,0.0,0.0
2020-09-30 01:00:00,2020,2021-09-30 00:59:27.355,0.0,0.0,0.0,0.0
2020-09-30 02:00:00,2020,2021-09-30 01:59:27.350,0.0,0.0,0.0,0.0
2020-09-30 03:00:00,2020,2021-09-30 02:59:27.345,0.0,7.2,0.6,0.0
2020-09-30 04:00:00,2020,2021-09-30 03:59:27.340,0.0,16.5,3.2,0.0
2020-09-30 05:00:00,2020,2021-09-30 04:59:27.335,0.0,18.8,8.3,0.0
2020-09-30 06:00:00,2020,2021-09-30 05:59:27.330,0.0,16.8,18.1,0.0
2020-09-30 07:00:00,2020,2021-09-30 06:59:27.325,0.0,10.4,17.1,0.0
2020-09-30 08:00:00,2020,2021-09-30 07:59:27.320,0.0,16.7,24.3,0.0
2020-09-30 09:00:00,2020,2021-09-30 08:59:27.315,0.0,27.8,20.9,11.5
2020-09-30 10:00:00,2020,2021-09-30 09:59:27.310,0.0,14.9,14.6,0.0
2020-09-30 11:00:00,2020,2021-09-30 10:59:27.305,0.0,3.3,11.1,0.0
2020-09-30 12:00:00,2020,2021-09-30 11:59:27.300,0.0,3.3,5.2,0.0
2020-09-30 13:00:00,2020,2021-09-30 12:59:27.295,0.2,5.6,0.9,0.0
2020-09-30 14:00:00,2020,2021-09-30 13:59:27.290,2.0,9.0,0.1,1.2
2020-09-30 15:00:00,2020,2021-09-30 14:59:27.285,5.8,10.0,0.0,0.0
2020-09-30 16:00:00,2020,2021-09-30 15:59:27.280,0.6,8.2,0.0,0.0
2020-09-30 17:00:00,2020,2021-09-30 16:59:27.275,7.7,6.0,0.0,0.0
2020-09-30 18:00:00,2020,2021-09-30 17:59:27.270,4.7,4.5,0.0,0.0
2020-09-30 19:00:00,2020,2021-09-30 18:59:27.265,0.0,0.0,0.0,0.0
2020-09-30 20:00:00,2020,2021-09-30 19:59:27.260,0.0,0.0,0.0,0.0
2020-09-30 21:00:00,2020,2021-09-30 20:59:27.255,0.0,0.0,0.0,0.0
2020-09-30 22:00:00,2020,2021-09-30 21:59:27.250,0.0,0.0,0.0,0.0
2020-09-30 23:00:00,2020,2021-09-30 22:59:27.245,0.0,0.0,0.0,0.0
2020-10-01 00:00:00,2020,2021-09-30 23:59:27.240,0.0,0.0,0.0,0.0
2020-10-01 01:00:00,2020,2021-10-01 00:59:27.235,0.0,0.1,0.0,0.0
2020-10-01 02:00:00,2020,2021-10-01 01:59:27.230,0.0,0.0,0.0,0.0
2020-10-01 03:00:00,2020,2021-10-01 02:59:27.225,0.0,0.0,0.0,0.0
2020-10-01 04:00:00,2020,2021-10-01 03:59:27.220,0.0,0.0,0.0,0.0
2020-10-01 05:00:00,2020,2021-10-01 04:59:27.215,0.0,0.0,0.0,0.0
2020-10-01 06:00:00,2020,2021-10-01 05:59:27.210,0.0,0.0,0.0,0.0
2020-10-01 07:00:00,2020,2021-10-01 06:59:27.205,0.0,0.0,0.0,6.9
2020-10-01 08:00:00,2020,2021-10-01 07:59:27.200,0.0,0.0,0.0,18.7
2020-10-01 09:00:00,2020,2021-10-01 08:59:27.195,0.0,0.0,0.0,19.7
2020-10-01 10:00:00,2020,2021-10-01 09:59:27.190,0.0,0.0,0.0,69.2
2020-10-01 11:00:00,2020,2021-10-01 10:59:27.185,6.7,0.0,0.0,3.2
2020-10-01 12:00:00,2020,2021-10-01 11:59:27.180,15.0,0.0,0.0,48.7
2020-10-01 13:00:00,2020,2021-10-01 12:59:27.175,22.6,0.0,0.0,57.8
2020-10-01 14:00:00,2020,2021-10-01 13:59:27.170,37.9,0.0,0.0,54.0
2020-10-01 15:00:00,2020,2021-10-01 14:59:27.165,40.9,1.3,0.0,52.2
2020-10-01 16:00:00,2020,2021-10-01 15:59:27.160,27.5,5.0,0.0,51.0
2020-10-01 17:00:00,2020,2021-10-01 16:59:27.155,61.2,5.5,0.2,8.9
2020-10-01 18:00:00,2020,2021-10-01 17:59:27.150,90.0,12.6,0.0,9.4
2020-10-01 19:00:00,2020,2021-10-01 18:59:27.145,119.2,22.5,0.0,16.3
2020-10-01 20:00:00,2020,2021-10-01 19:59:27.140,136.6,12.6,0.3,27.0
2020-10-01 21:00:00,2020,2021-10-01 20:59:27.135,152.0,7.5,1.7,32.8
2020-10-01 22:00:00,2020,2021-10-01 21:59:27.130,155.5,2.0,3.3,42.7
2020-10-01 23:00:00,2020,2021-10-01 22:59:27.125,124.7,32.9,2.8,25.1
2020-10-02 00:00:00,2020,2021-10-01 23:59:27.120,81.0,36.1,2.0,16.2
2020-10-02 01:00:00,2020,2021-10-02 00:59:27.115,42.9,43.7,0.0,8.2
2020-10-02 02:00:00,2020,2021-10-02 01:59:27.110,16.7,28.6,0.4,8.8
2020-10-02 03:00:00,2020,2021-10-02 02:59:27.105,36.7,14.7,3.3,19.3
2020-10-02 04:00:00,2020,2021-10-02 03:59:27.100,42.5,7.7,2.5,13.8
2020-10-02 05:00:00,2020,2021-10-02 04:59:27.095,30.7,1.1,6.1,29.3
2020-10-02 06:00:00,2020,2021-10-02 05:59:27.090,6.4,0.0,4.0,49.1
2020-10-02 07:00:00,2020,2021-10-02 06:59:27.085,2.8,0.0,2.4,62.3
2020-10-02 08:00:00,2020,2021-10-02 07:59:27.080,1.1,0.0,0.0,70.5
2020-10-02 09:00:00,2020,2021-10-02 08:59:27.075,0.0,0.0,0.0,46.3
2020-10-02 10:00:00,2020,2021-10-02 09:59:27.070,0.0,0.0,0.0,25.9
2020-10-02 11:00:00,2020,2021-10-02 10:59:27.065,2.4,0.0,0.0,31.2
2020-10-02 12:00:00,2020,2021-10-02 11:59:27.060,19.5,0.8,0.0,31.8
2020-10-02 13:00:00,2020,2021-10-02 12:59:27.055,18.2,2.4,0.0,30.9
2020-10-02 14:00:00,2020,2021-10-02 13:59:27.050,17.3,5.4,0.0,25.9
2020-10-02 15:00:00,2020,2021-10-02 14:59:27.045,5.0,5.2,0.0,10.6
2020-10-02 16:00:00,2020,2021-10-02 15:59:27.040,0.0,7.9,0.0,0.0
2020-10-02 17:00:00,2020,2021-10-02 16:59:27.035,18.2,27.6,0.0,23.1
2020-10-02 18:00:00,2020,2021-10-02 17:59:27.030,0.9,12.9,0.0,0.1
2020-10-02 19:00:00,2020,2021-10-02 18:59:27.025,1.6,17.2,0.4,0.0
2020-10-02 20:00:00,2020,2021-10-02 19:59:27.020,38.0,30.3,1.7,3.0
2020-10-02 21:00:00,2020,2021-10-02 20:59:27.015,86.3,27.0,6.3,25.0
2020-10-02 22:00:00,2020,2021-10-02 21:59:27.010,113.4,23.6,10.9,40.8
2020-10-02 23:00:00,2020,2021-10-02 22:59:27.005,120.4,11.3,21.9,44.4
2020-10-03 00:00:00,2020,2021-10-02 23:59:27.000,139.8,0.0,28.1,81.8
2020-10-03 01:00:00,2020,2021-10-03 00:59:26.995,146.0,0.2,7.8,180.4
2020-10-03 02:00:00,2020,2021-10-03 01:59:26.990,148.8,2.8,0.4,313.0
2020-10-03 03:00:00,2020,2021-10-03 02:59:26.985,207.9,8.4,0.0,347.8
2020-10-03 04:00:00,2020,2021-10-03 03:59:26.980,219.9,14.5,0.0,361.9
2020-10-03 05:00:00,2020,2021-10-03 04:59:26.975,309.7,12.6,0.0,394.4
2020-10-03 06:00:00,2020,2021-10-03 05:59:26.970,332.5,9.9,0.0,347.2
2020-10-03 07:00:00,2020,2021-10-03 06:59:26.965,293.5,2.8,0.7,303.4
2020-10-03 08:00:00,2020,2021-10-03 07:59:26.960,193.5,0.0,4.9,288.9
2020-10-03 09:00:00,2020,2021-10-03 08:59:26.955,125.1,0.0,12.5,303.1
2020-10-03 10:00:00,2020,2021-10-03 09:59:26.950,21.3,0.2,1.3,251.7
2020-10-03 11:00:00,2020,2021-10-03 10:59:26.945,58.7,0.0,0.0,207.3
2020-10-03 12:00:00,2020,2021-10-03 11:59:26.940,90.7,0.0,0.0,223.1
2020-10-03 13:00:00,2020,2021-10-03 12:59:26.935,140.7,0.1,0.0,174.7
2020-10-03 14:00:00,2020,2021-10-03 13:59:26.930,197.4,3.6,0.0,120.1
2020-10-03 15:00:00,2020,2021-10-03 14:59:26.925,210.0,1.3,0.0,118.3
2020-10-03 16:00:00,2020,2021-10-03 15:59:26.920,218.9,9.3,0.0,105.8
2020-10-03 17:00:00,2020,2021-10-03 16:59:26.915,239.6,157.8,0.0,135.6
2020-10-03 18:00:00,2020,2021-10-03 17:59:26.910,152.0,26.7,0.0,59.2
2020-10-03 19:00:00,2020,2021-10-03 18:59:26.905,263.6,25.0,0.0,74.0
2020-10-03 20:00:00,2020,2021-10-03 19:59:26.900,311.6,285.7,27.9,83.1
2020-10-03 21:00:00,2020,2021-10-03 20:59:26.895,450.2,234.3,27.1,176.5
2020-10-03 22:00:00,2020,2021-10-03 21:59:26.890,573.3,257.0,34.5,297.6
2020-10-03 23:00:00,2020,2021-10-03 22:59:26.885,570.7,110.5,21.2,371.8
2020-10-04 00:00:00,2020,2021-10-03 23:59:26.880,581.4,48.4,14.5,323.5
2020-10-04 01:00:00,2020,2021-10-04 00:59:26.875,431.0,38.6,4.2,382.6
2020-10-04 02:00:00,2020,2021-10-04 01:59:26.870,471.7,27.4,2.4,447.8
2020-10-04 03:00:00,2020,2021-10-04 02:59:26.865,311.4,8.7,3.9,410.4
2020-10-04 04:00:00,2020,2021-10-04 03:59:26.860,208.4,2.5,3.0,476.5
2020-10-04 05:00:00,2020,2021-10-04 04:59:26.855,279.6,0.4,1.4,491.9
2020-10-04 06:00:00,2020,2021-10-04 05:59:26.850,296.6,1.5,0.0,365.2
2020-10-04 07:00:00,2020,2021-10-04 06:59:26.845,310.9,0.3,0.0,288.3
2020-10-04 08:00:00,2020,2021-10-04 07:59:26.840,266.6,0.0,1.7,296.7
2020-10-04 09:00:00,2020,2021-10-04 08:59:26.835,126.3,0.0,0.2,163.9
2020-10-04 10:00:00,2020,2021-10-04 09:59:26.830,60.4,0.0,0.0,169.9
2020-10-04 11:00:00,2020,2021-10-04 10:59:26.825,42.5,0.1,0.0,149.4
2020-10-04 12:00:00,2020,2021-10-04 11:59:26.820,69.8,10.5,0.7,93.0
2020-10-04 13:00:00,2020,2021-10-04 12:59:26.815,95.3,20.8,1.1,72.8
2020-10-04 14:00:00,2020,2021-10-04 13:59:26.810,118.6,28.6,0.3,60.1
2020-10-04 15:00:00,2020,2021-10-04 14:59:26.805,134.0,58.3,0.7,95.6
2020-10-04 16:00:00,2020,2021-10-04 15:59:26.800,103.4,82.6,1.2,93.1
2020-10-04 17:00:00,2020,2021-10-04 16:59:26.795,1.8,3.3,0.0,0.0
2020-10-04 18:00:00,2020,2021-10-04 17:59:26.790,1.5,8.1,0.0,0.0
2020-10-04 19:00:00,2020,2021-10-04 18:59:26.785,0.0,40.6,4.5,0.0
2020-10-04 20:00:00,2020,2021-10-04 19:59:26.780,0.0,0.0,0.0,0.0
2020-10-04 21:00:00,2020,2021-10-04 20:59:26.775,0.4,47.0,3.4,0.0
2020-10-04 22:00:00,2020,2021-10-04 21:59:26.770,0.8,49.5,2.9,0.0
2020-10-04 23:00:00,2020,2021-10-04 22:59:26.765,0.6,0.0,0.0,0.0
2020-10-05 00:00:00,2020,2021-10-04 23:59:26.760,0.0,38.7,5.4,0.0
2020-10-05 01:00:00,2020,2021-10-05 00:59:26.755,0.0,21.6,9.8,0.0
2020-10-05 02:00:00,2020,2021-10-05 01:59:26.750,0.0,3.9,6.9,0.0
2020-10-05 03:00:00,2020,2021-10-05 02:59:26.745,0.0,0.8,4.8,0.0
2020-10-05 04:00:00,2020,2021-10-05 03:59:26.740,0.0,0.3,15.9,164.2
2020-10-05 05:00:00,2020,2021-10-05 04:59:26.735,0.0,0.5,17.6,228.6
2020-10-05 06:00:00,2020,2021-10-05 05:59:26.730,0.0,0.2,15.1,327.4
2020-10-05 07:00:00,2020,2021-10-05 06:59:26.725,0.0,0.0,11.5,346.5
2020-10-05 08:00:00,2020,2021-10-05 07:59:26.720,0.0,0.1,9.9,298.4
2020-10-05 09:00:00,2020,2021-10-05 08:59:26.715,0.0,0.0,1.4,95.5
2020-10-05 10:00:00,2020,2021-10-05 09:59:26.710,0.0,0.0,0.4,94.1
2020-10-05 11:00:00,2020,2021-10-05 10:59:26.705,0.0,0.0,0.1,58.3
2020-10-05 12:00:00,2020,2021-10-05 11:59:26.700,0.5,0.0,0.1,24.7
2020-10-05 13:00:00,2020,2021-10-05 12:59:26.695,16.4,9.6,0.2,13.7
2020-10-05 14:00:00,2020,2021-10-05 13:59:26.690,19.5,31.2,0.2,5.7
2020-10-05 15:00:00,2020,2021-10-05 14:59:26.685,8.0,35.8,0.4,4.9
2020-10-05 16:00:00,2020,2021-10-05 15:59:26.680,16.6,37.2,0.2,4.4
2020-10-05 17:00:00,2020,2021-10-05 16:59:26.675,28.3,25.1,0.1,24.3
2020-10-05 18:00:00,2020,2021-10-05 17:59:26.670,23.4,29.8,0.0,18.9
2020-10-05 19:00:00,2020,2021-10-05 18:59:26.665,7.2,12.7,0.0,20.2
2020-10-05 20:00:00,2020,2021-10-05 19:59:26.660,24.8,1.1,0.0,1.7
2020-10-05 21:00:00,2020,2021-10-05 20:59:26.655,29.7,1.2,0.0,0.1
2020-10-05 22:00:00,2020,2021-10-05 21:59:26.650,36.8,4.2,0.0,0.5
2020-10-05 23:00:00,2020,2021-10-05 22:59:26.645,37.4,3.8,5.6,2.5
2020-10-06 00:00:00,2020,2021-10-05 23:59:26.640,16.4,1.1,36.5,8.6
2020-10-06 01:00:00,2020,2021-10-06 00:59:26.635,4.1,0.0,61.6,8.8
2020-10-06 02:00:00,2020,2021-10-06 01:59:26.630,1.3,0.0,64.0,5.7
2020-10-06 03:00:00,2020,2021-10-06 02:59:26.625,0.8,0.0,46.9,0.0
2020-10-06 04:00:00,2020,2021-10-06 03:59:26.620,2.8,0.0,13.4,0.0
2020-10-06 05:00:00,2020,2021-10-06 04:59:26.615,4.8,0.3,1.0,0.1
2020-10-06 06:00:00,2020,2021-10-06 05:59:26.610,8.7,5.5,0.0,0.3
2020-10-06 07:00:00,2020,2021-10-06 06:59:26.605,5.6,24.5,0.3,7.3
2020-10-06 08:00:00,2020,2021-10-06 07:59:26.600,2.1,28.5,1.3,8.0
2020-10-06 09:00:00,2020,2021-10-06 08:59:26.595,7.2,5.3,0.0,0.0
2020-10-06 10:00:00,2020,2021-10-06 09:59:26.590,0.0,0.0,0.0,0.0
2020-10-06 11:00:00,2020,2021-10-06 10:59:26.585,2.4,14.5,9.9,0.0
2020-10-06 12:00:00,2020,2021-10-06 11:59:26.580,0.0,41.6,20.2,0.0
2020-10-06 13:00:00,2020,2021-10-06 12:59:26.575,0.0,48.5,11.1,0.0
2020-10-06 14:00:00,2020,2021-10-06 13:59:26.570,0.0,22.7,6.7,0.0
2020-10-06 15:00:00,2020,2021-10-06 14:59:26.565,0.0,15.8,7.1,0.0
2020-10-06 16:00:00,2020,2021-10-06 15:59:26.560,0.0,38.4,6.5,0.0
2020-10-06 17:00:00,2020,2021-10-06 16:59:26.555,17.2,260.2,35.8,137.3
2020-10-06 18:00:00,2020,2021-10-06 17:59:26.550,22.6,294.0,67.7,96.0
2020-10-06 19:00:00,2020,2021-10-06 18:59:26.545,38.2,558.8,91.0,117.4
2020-10-06 20:00:00,2020,2021-10-06 19:59:26.540,65.5,574.6,125.6,129.3
2020-10-06 21:00:00,2020,2021-10-06 20:59:26.535,87.9,464.6,114.5,190.0
2020-10-06 22:00:00,2020,2021-10-06 21:59:26.530,69.5,571.3,131.2,86.2
2020-10-06 23:00:00,2020,2021-10-06 22:59:26.525,18.5,359.2,128.8,2.0
2020-10-07 00:00:00,2020,2021-10-06 23:59:26.520,1.6,302.3,98.2,62.7
2020-10-07 01:00:00,2020,2021-10-07 00:59:26.515,0.3,606.0,108.0,4.9
2020-10-07 02:00:00,2020,2021-10-07 01:59:26.510,0.4,607.0,91.6,12.8
2020-10-07 03:00:00,2020,2021-10-07 02:59:26.505,0.3,621.3,90.6,9.7
2020-10-07 04:00:00,2020,2021-10-07 03:59:26.500,19.9,726.0,81.1,8.7
2020-10-07 05:00:00,2020,2021-10-07 04:59:26.495,96.6,737.3,87.5,13.2
2020-10-07 06:00:00,2020,2021-10-07 05:59:26.490,10.4,749.2,88.8,45.0
2020-10-07 07:00:00,2020,2021-10-07 06:59:26.485,360.7,806.5,77.7,5.3
2020-10-07 08:00:00,2020,2021-10-07 07:59:26.480,312.8,775.1,45.8,133.1
2020-10-07 09:00:00,2020,2021-10-07 08:59:26.475,330.6,651.9,9.1,26.0
2020-10-07 10:00:00,2020,2021-10-07 09:59:26.470,221.8,409.9,3.9,5.4
2020-10-07 11:00:00,2020,2021-10-07 10:59:26.465,158.0,175.7,2.9,6.7
2020-10-07 12:00:00,2020,2021-10-07 11:59:26.460,45.7,30.4,0.1,6.4
2020-10-07 13:00:00,2020,2021-10-07 12:59:26.455,22.1,63.2,0.1,5.4
2020-10-07 14:00:00,2020,2021-10-07 13:59:26.450,2.3,46.0,0.0,27.9
2020-10-07 15:00:00,2020,2021-10-07 14:59:26.445,4.9,7.3,14.3,24.8
2020-10-07 16:00:00,2020,2021-10-07 15:59:26.440,8.7,0.0,6.4,155.9
2020-10-07 17:00:00,2020,2021-10-07 16:59:26.435,20.3,0.0,103.7,101.9
2020-10-07 18:00:00,2020,2021-10-07 17:59:26.430,0.0,1.6,110.8,176.9
2020-10-07 19:00:00,2020,2021-10-07 18:59:26.425,0.0,0.0,134.2,338.3
2020-10-07 20:00:00,2020,2021-10-07 19:59:26.420,0.0,0.0,142.4,313.1
2020-10-07 21:00:00,2020,2021-10-07 20:59:26.415,0.0,0.0,141.2,387.9
2020-10-07 22:00:00,2020,2021-10-07 21:59:26.410,0.0,0.0,137.4,380.9
2020-10-07 23:00:00,2020,2021-10-07 22:59:26.405,0.0,0.0,128.3,249.6
2020-10-08 00:00:00,2020,2021-10-07 23:59:26.400,0.0,0.5,109.0,167.9
2020-10-08 01:00:00,2020,2021-10-08 00:59:26.395,8.2,0.5,95.2,36.2
2020-10-08 02:00:00,2020,2021-10-08 01:59:26.390,13.5,30.0,72.6,84.6
2020-10-08 03:00:00,2020,2021-10-08 02:59:26.385,38.1,12.6,58.7,117.3
2020-10-08 04:00:00,2020,2021-10-08 03:59:26.380,2.0,6.2,49.9,200.6
2020-10-08 05:00:00,2020,2021-10-08 04:59:26.375,0.0,1.0,21.2,196.7
2020-10-08 06:00:00,2020,2021-10-08 05:59:26.370,0.0,0.1,4.3,183.5
2020-10-08 07:00:00,2020,2021-10-08 06:59:26.365,0.0,5.2,12.0,230.9
2020-10-08 08:00:00,2020,2021-10-08 07:59:26.360,0.0,15.4,18.2,207.6
2020-10-08 09:00:00,2020,2021-10-08 08:59:26.355,4.5,4.5,29.6,171.6
2020-10-08 10:00:00,2020,2021-10-08 09:59:26.350,6.4,0.0,3.2,47.7
2020-10-08 11:00:00,2020,2021-10-08 10:59:26.345,10.9,0.0,0.0,39.3
2020-10-08 12:00:00,2020,2021-10-08 11:59:26.340,3.6,0.0,0.0,109.0
2020-10-08 13:00:00,2020,2021-10-08 12:59:26.335,20.4,0.0,0.0,108.8
2020-10-08 14:00:00,2020,2021-10-08 13:59:26.330,28.7,0.0,0.0,64.6
2020-10-08 15:00:00,2020,2021-10-08 14:59:26.325,12.1,0.0,0.0,37.4
2020-10-08 16:00:00,2020,2021-10-08 15:59:26.320,26.8,4.7,0.2,37.3
2020-10-08 17:00:00,2020,2021-10-08 16:59:26.315,2.3,118.3,5.5,0.0
2020-10-08 18:00:00,2020,2021-10-08 17:59:26.310,0.1,72.3,6.0,0.0
2020-10-08 19:00:00,2020,2021-10-08 18:59:26.305,0.0,185.5,36.2,0.0
2020-10-08 20:00:00,2020,2021-10-08 19:59:26.300,0.0,311.7,45.0,0.0
2020-10-08 21:00:00,2020,2021-10-08 20:59:26.295,0.0,345.8,75.0,57.3
2020-10-08 22:00:00,2020,2021-10-08 21:59:26.290,1.9,319.2,78.8,103.3
2020-10-08 23:00:00,2020,2021-10-08 22:59:26.285,128.0,292.4,129.8,201.2
2020-10-09 00:00:00,2020,2021-10-08 23:59:26.280,271.0,181.5,135.9,206.1
2020-10-09 01:00:00,2020,2021-10-09 00:59:26.275,216.5,102.3,132.4,325.6
2020-10-09 02:00:00,2020,2021-10-09 01:59:26.270,149.5,43.0,103.0,488.9
2020-10-09 03:00:00,2020,2021-10-09 02:59:26.265,193.4,24.0,89.5,497.4
2020-10-09 04:00:00,2020,2021-10-09 03:59:26.260,257.7,16.8,56.2,531.7
2020-10-09 05:00:00,2020,2021-10-09 04:59:26.255,237.4,21.2,60.2,545.4
2020-10-09 06:00:00,2020,2021-10-09 05:59:26.250,200.0,15.1,60.0,601.3
2020-10-09 07:00:00,2020,2021-10-09 06:59:26.245,187.3,33.3,37.6,642.4
2020-10-09 08:00:00,2020,2021-10-09 07:59:26.240,188.3,83.8,16.7,652.5
2020-10-09 09:00:00,2020,2021-10-09 08:59:26.235,85.2,45.1,7.5,520.5
2020-10-09 10:00:00,2020,2021-10-09 09:59:26.230,62.2,8.8,0.5,441.9
2020-10-09 11:00:00,2020,2021-10-09 10:59:26.225,58.1,1.4,3.6,348.8
2020-10-09 12:00:00,2020,2021-10-09 11:59:26.220,59.6,0.0,0.6,280.9
2020-10-09 13:00:00,2020,2021-10-09 12:59:26.215,91.8,0.9,1.7,191.5
2020-10-09 14:00:00,2020,2021-10-09 13:59:26.210,136.1,2.9,4.3,167.1
2020-10-09 15:00:00,2020,2021-10-09 14:59:26.205,158.9,8.4,6.5,143.0
2020-10-09 16:00:00,2020,2021-10-09 15:59:26.200,217.1,32.5,15.9,122.4
2020-10-09 17:00:00,2020,2021-10-09 16:59:26.195,171.6,23.8,4.8,79.6
2020-10-09 18:00:00,2020,2021-10-09 17:59:26.190,103.2,43.7,23.3,48.6
2020-10-09 19:00:00,2020,2021-10-09 18:59:26.185,77.6,122.8,42.0,114.4
2020-10-09 20:00:00,2020,2021-10-09 19:59:26.180,26.5,531.7,25.3,76.3
2020-10-09 21:00:00,2020,2021-10-09 20:59:26.175,13.1,678.0,12.5,48.6
2020-10-09 22:00:00,2020,2021-10-09 21:59:26.170,49.4,722.7,20.9,174.7
2020-10-09 23:00:00,2020,2021-10-09 22:59:26.165,235.6,781.6,45.9,211.0
2020-10-10 00:00:00,2020,2021-10-09 23:59:26.160,341.7,788.0,56.2,247.1
2020-10-10 01:00:00,2020,2021-10-10 00:59:26.155,343.3,787.3,54.3,293.5
2020-10-10 02:00:00,2020,2021-10-10 01:59:26.150,265.7,743.6,89.7,268.6
2020-10-10 03:00:00,2020,2021-10-10 02:59:26.145,251.9,731.4,89.9,216.1
2020-10-10 04:00:00,2020,2021-10-10 03:59:26.140,148.5,612.0,94.2,190.6
2020-10-10 05:00:00,2020,2021-10-10 04:59:26.135,184.5,584.8,87.3,244.5
2020-10-10 06:00:00,2020,2021-10-10 05:59:26.130,195.1,564.2,68.1,312.4
2020-10-10 07:00:00,2020,2021-10-10 06:59:26.125,123.5,532.2,43.7,359.8
2020-10-10 08:00:00,2020,2021-10-10 07:59:26.120,180.6,414.9,20.0,337.4
2020-10-10 09:00:00,2020,2021-10-10 08:59:26.115,29.0,336.9,30.0,67.8
2020-10-10 10:00:00,2020,2021-10-10 09:59:26.110,2.7,207.5,26.7,27.7
2020-10-10 11:00:00,2020,2021-10-10 10:59:26.105,3.8,10.4,15.5,0.2
2020-10-10 12:00:00,2020,2021-10-10 11:59:26.100,11.5,0.2,3.1,0.4
2020-10-10 13:00:00,2020,2021-10-10 12:59:26.095,12.0,0.0,0.8,1.1
2020-10-10 14:00:00,2020,2021-10-10 13:59:26.090,21.8,0.0,0.3,0.0
2020-10-10 15:00:00,2020,2021-10-10 14:59:26.085,58.8,2.3,1.6,0.0
2020-10-10 16:00:00,2020,2021-10-10 15:59:26.080,96.2,0.0,0.0,0.3
2020-10-10 17:00:00,2020,2021-10-10 16:59:26.075,85.5,0.0,0.0,1.4
2020-10-10 18:00:00,2020,2021-10-10 17:59:26.070,56.6,0.0,0.0,35.7
2020-10-10 19:00:00,2020,2021-10-10 18:59:26.065,77.9,0.0,0.0,57.6
2020-10-10 20:00:00,2020,2021-10-10 19:59:26.060,19.9,0.0,0.0,64.6
2020-10-10 21:00:00,2020,2021-10-10 20:59:26.055,3.0,0.0,0.0,54.1
2020-10-10 22:00:00,2020,2021-10-10 21:59:26.050,0.0,0.0,0.0,25.8
2020-10-10 23:00:00,2020,2021-10-10 22:59:26.045,0.0,0.0,0.0,11.9
2020-10-11 00:00:00,2020,2021-10-10 23:59:26.040,0.0,0.0,7.1,7.0
2020-10-11 01:00:00,2020,2021-10-11 00:59:26.035,0.0,42.0,12.7,3.2
2020-10-11 02:00:00,2020,2021-10-11 01:59:26.030,0.0,0.0,0.0,0.5
2020-10-11 03:00:00,2020,2021-10-11 02:59:26.025,0.0,0.0,0.0,0.1
2020-10-11 04:00:00,2020,2021-10-11 03:59:26.020,0.0,29.2,3.4,0.0
2020-10-11 05:00:00,2020,2021-10-11 04:59:26.015,0.0,68.5,9.1,0.3
2020-10-11 06:00:00,2020,2021-10-11 05:59:26.010,0.0,128.9,20.3,0.6
2020-10-11 07:00:00,2020,2021-10-11 06:59:26.005,10.5,219.5,29.5,0.0
2020-10-11 08:00:00,2020,2021-10-11 07:59:26.000,21.8,246.7,20.0,0.0
2020-10-11 09:00:00,2020,2021-10-11 08:59:25.995,2.5,192.5,12.2,0.4
2020-10-11 10:00:00,2020,2021-10-11 09:59:25.990,0.0,110.3,6.9,0.0
2020-10-11 11:00:00,2020,2021-10-11 10:59:25.985,0.0,30.0,0.5,0.0
2020-10-11 12:00:00,2020,2021-10-11 11:59:25.980,0.7,0.0,0.0,0.0
2020-10-11 13:00:00,2020,2021-10-11 12:59:25.975,0.4,0.0,0.0,0.0
2020-10-11 14:00:00,2020,2021-10-11 13:59:25.970,0.0,0.0,0.0,0.0
2020-10-11 15:00:00,2020,2021-10-11 14:59:25.965,0.0,0.0,0.0,0.0
2020-10-11 16:00:00,2020,2021-10-11 15:59:25.960,0.0,0.0,0.0,0.0
2020-10-11 17:00:00,2020,2021-10-11 16:59:25.955,0.0,0.0,2.3,4.5
2020-10-11 18:00:00,2020,2021-10-11 17:59:25.950,1.1,0.0,2.1,25.3
2020-10-11 19:00:00,2020,2021-10-11 18:59:25.945,49.0,74.0,3.2,49.7
2020-10-11 20:00:00,2020,2021-10-11 19:59:25.940,45.5,120.8,7.6,69.7
2020-10-11 21:00:00,2020,2021-10-11 20:59:25.935,152.9,265.4,8.3,80.6
2020-10-11 22:00:00,2020,2021-10-11 21:59:25.930,171.5,332.2,5.1,154.3
2020-10-11 23:00:00,2020,2021-10-11 22:59:25.925,150.1,384.0,3.6,193.3
2020-10-12 00:00:00,2020,2021-10-11 23:59:25.920,74.3,487.8,4.1,177.9
2020-10-12 01:00:00,2020,2021-10-12 00:59:25.915,74.3,521.9,5.5,110.0
2020-10-12 02:00:00,2020,2021-10-12 01:59:25.910,14.8,583.2,5.8,102.3
2020-10-12 03:00:00,2020,2021-10-12 02:59:25.905,25.1,707.8,3.5,129.8
2020-10-12 04:00:00,2020,2021-10-12 03:59:25.900,63.4,679.5,2.6,91.2
2020-10-12 05:00:00,2020,2021-10-12 04:59:25.895,96.6,790.7,6.5,35.3
2020-10-12 06:00:00,2020,2021-10-12 05:59:25.890,157.2,783.1,17.2,207.3
2020-10-12 07:00:00,2020,2021-10-12 06:59:25.885,155.3,806.2,15.7,373.1
2020-10-12 08:00:00,2020,2021-10-12 07:59:25.880,174.1,803.2,21.1,342.8
2020-10-12 09:00:00,2020,2021-10-12 08:59:25.875,138.1,782.2,21.3,261.7
2020-10-12 10:00:00,2020,2021-10-12 09:59:25.870,139.2,776.2,15.5,330.6
2020-10-12 11:00:00,2020,2021-10-12 10:59:25.865,80.0,792.1,18.7,196.5
2020-10-12 12:00:00,2020,2021-10-12 11:59:25.860,4.4,814.5,55.6,64.7
2020-10-12 13:00:00,2020,2021-10-12 12:59:25.855,39.8,840.4,76.7,81.6
2020-10-12 14:00:00,2020,2021-10-12 13:59:25.850,98.7,844.2,106.0,246.8
2020-10-12 15:00:00,2020,2021-10-12 14:59:25.845,397.7,831.6,116.6,355.1
2020-10-12 16:00:00,2020,2021-10-12 15:59:25.840,472.3,817.5,113.6,409.0
2020-10-12 17:00:00,2020,2021-10-12 16:59:25.835,101.0,607.0,39.4,66.7
2020-10-12 18:00:00,2020,2021-10-12 17:59:25.830,39.4,423.5,26.6,153.8
2020-10-12 19:00:00,2020,2021-10-12 18:59:25.825,173.6,570.2,70.2,400.1
2020-10-12 20:00:00,2020,2021-10-12 19:59:25.820,381.5,611.4,62.3,385.6
2020-10-12 21:00:00,2020,2021-10-12 20:59:25.815,378.4,594.2,36.4,402.9
2020-10-12 22:00:00,2020,2021-10-12 21:59:25.810,325.7,541.0,12.0,456.6
2020-10-12 23:00:00,2020,2021-10-12 22:59:25.805,321.5,509.4,2.0,311.4
2020-10-13 00:00:00,2020,2021-10-12 23:59:25.800,256.1,470.7,4.8,356.4
2020-10-13 01:00:00,2020,2021-10-13 00:59:25.795,223.5,507.9,12.5,347.2
2020-10-13 02:00:00,2020,2021-10-13 01:59:25.790,162.3,532.1,24.3,243.5
2020-10-13 03:00:00,2020,2021-10-13 02:59:25.785,140.2,480.3,25.5,142.2
2020-10-13 04:00:00,2020,2021-10-13 03:59:25.780,96.8,505.8,13.5,168.2
2020-10-13 05:00:00,2020,2021-10-13 04:59:25.775,44.1,534.7,13.8,57.6
2020-10-13 06:00:00,2020,2021-10-13 05:59:25.770,1.3,546.5,22.5,7.6
2020-10-13 07:00:00,2020,2021-10-13 06:59:25.765,0.5,343.8,21.0,2.6
2020-10-13 08:00:00,2020,2021-10-13 07:59:25.760,0.4,210.3,17.4,1.1
2020-10-13 09:00:00,2020,2021-10-13 08:59:25.755,0.0,187.2,1.7,0.1
2020-10-13 10:00:00,2020,2021-10-13 09:59:25.750,8.4,37.5,10.4,0.0
2020-10-13 11:00:00,2020,2021-10-13 10:59:25.745,0.4,18.5,6.2,0.0
2020-10-13 12:00:00,2020,2021-10-13 11:59:25.740,0.0,11.9,3.5,0.0
2020-10-13 13:00:00,2020,2021-10-13 12:59:25.735,1.3,2.5,1.1,0.3
2020-10-13 14:00:00,2020,2021-10-13 13:59:25.730,6.5,0.0,0.8,3.1
2020-10-13 15:00:00,2020,2021-10-13 14:59:25.725,14.1,0.0,0.0,0.2
2020-10-13 16:00:00,2020,2021-10-13 15:59:25.720,2.2,0.0,0.0,0.0
2020-10-13 17:00:00,2020,2021-10-13 16:59:25.715,15.4,0.0,0.0,1.7
2020-10-13 18:00:00,2020,2021-10-13 17:59:25.710,4.1,0.0,0.0,7.4
2020-10-13 19:00:00,2020,2021-10-13 18:59:25.705,16.0,0.0,0.5,3.3
2020-10-13 20:00:00,2020,2021-10-13 19:59:25.700,14.8,43.5,0.5,7.4
2020-10-13 21:00:00,2020,2021-10-13 20:59:25.695,22.2,28.8,0.1,8.4
2020-10-13 22:00:00,2020,2021-10-13 21:59:25.690,0.0,14.7,0.2,0.0
2020-10-13 23:00:00,2020,2021-10-13 22:59:25.685,0.0,16.3,0.1,0.0
2020-10-14 00:00:00,2020,2021-10-13 23:59:25.680,0.0,0.0,3.3,0.0
2020-10-14 01:00:00,2020,2021-10-14 00:59:25.675,0.0,0.2,1.4,3.9
2020-10-14 02:00:00,2020,2021-10-14 01:59:25.670,0.0,3.0,0.0,0.0
2020-10-14 03:00:00,2020,2021-10-14 02:59:25.665,0.0,4.0,0.0,0.0
2020-10-14 04:00:00,2020,2021-10-14 03:59:25.660,0.0,4.2,0.0,0.0
2020-10-14 05:00:00,2020,2021-10-14 04:59:25.655,0.0,2.2,0.0,0.0
2020-10-14 06:00:00,2020,2021-10-14 05:59:25.650,0.0,0.0,0.0,0.0
2020-10-14 07:00:00,2020,2021-10-14 06:59:25.645,0.0,0.3,0.2,0.0
2020-10-14 08:00:00,2020,2021-10-14 07:59:25.640,0.0,3.0,0.2,0.0
2020-10-14 09:00:00,2020,2021-10-14 08:59:25.635,0.0,3.4,0.3,0.0
2020-10-14 10:00:00,2020,2021-10-14 09:59:25.630,0.0,0.2,0.2,0.0
2020-10-14 11:00:00,2020,2021-10-14 10:59:25.625,0.0,0.0,0.3,0.0
2020-10-14 12:00:00,2020,2021-10-14 11:59:25.620,0.0,0.0,0.1,0.0
2020-10-14 13:00:00,2020,2021-10-14 12:59:25.615,0.0,0.0,0.0,0.0
2020-10-14 14:00:00,2020,2021-10-14 13:59:25.610,0.0,1.1,0.0,0.0
2020-10-14 15:00:00,2020,2021-10-14 14:59:25.605,0.0,1.5,0.0,0.0
2020-10-14 16:00:00,2020,2021-10-14 15:59:25.600,0.0,3.5,0.0,0.0
2020-10-14 17:00:00,2020,2021-10-14 16:59:25.595,0.0,11.7,0.0,0.0
2020-10-14 18:00:00,2020,2021-10-14 17:59:25.590,0.0,7.8,0.0,0.0
2020-10-14 19:00:00,2020,2021-10-14 18:59:25.585,0.0,8.6,0.0,0.0
2020-10-14 20:00:00,2020,2021-10-14 19:59:25.580,0.0,6.9,0.0,0.0
2020-10-14 21:00:00,2020,2021-10-14 20:59:25.575,0.0,4.5,0.0,0.0
2020-10-14 22:00:00,2020,2021-10-14 21:59:25.570,0.0,2.7,0.1,0.0
2020-10-14 23:00:00,2020,2021-10-14 22:59:25.565,0.0,11.4,0.0,0.0
2020-10-15 00:00:00,2020,2021-10-14 23:59:25.560,0.0,14.0,0.0,0.0
2020-10-15 01:00:00,2020,2021-10-15 00:59:25.555,0.0,18.8,0.0,0.0
2020-10-15 02:00:00,2020,2021-10-15 01:59:25.550,0.0,23.1,0.0,0.0
2020-10-15 03:00:00,2020,2021-10-15 02:59:25.545,0.0,18.1,0.0,0.0
2020-10-15 04:00:00,2020,2021-10-15 03:59:25.540,0.0,9.2,0.0,3.0
2020-10-15 05:00:00,2020,2021-10-15 04:59:25.535,0.0,5.7,0.0,0.0
2020-10-15 06:00:00,2020,2021-10-15 05:59:25.530,0.0,5.6,0.0,1.4
2020-10-15 07:00:00,2020,2021-10-15 06:59:25.525,0.0,3.1,0.1,20.7
2020-10-15 08:00:00,2020,2021-10-15 07:59:25.520,0.3,3.0,0.0,20.2
2020-10-15 09:00:00,2020,2021-10-15 08:59:25.515,12.3,8.8,0.0,10.5
2020-10-15 10:00:00,2020,2021-10-15 09:59:25.510,0.0,3.6,0.0,0.0
2020-10-15 11:00:00,2020,2021-10-15 10:59:25.505,0.0,4.7,0.0,0.0
2020-10-15 12:00:00,2020,2021-10-15 11:59:25.500,0.0,8.0,0.0,0.0
2020-10-15 13:00:00,2020,2021-10-15 12:59:25.495,0.0,7.2,0.0,0.0
2020-10-15 14:00:00,2020,2021-10-15 13:59:25.490,0.0,8.2,0.0,0.0
2020-10-15 15:00:00,2020,2021-10-15 14:59:25.485,0.1,11.1,0.0,6.4
2020-10-15 16:00:00,2020,2021-10-15 15:59:25.480,3.7,10.7,0.0,1.4
2020-10-15 17:00:00,2020,2021-10-15 16:59:25.475,0.0,4.1,0.0,0.0
2020-10-15 18:00:00,2020,2021-10-15 17:59:25.470,0.0,1.7,0.0,0.0
2020-10-15 19:00:00,2020,2021-10-15 18:59:25.465,0.0,0.6,0.2,0.0
2020-10-15 20:00:00,2020,2021-10-15 19:59:25.460,3.8,0.1,0.3,0.0
2020-10-15 21:00:00,2020,2021-10-15 20:59:25.455,8.0,3.1,0.2,19.7
2020-10-15 22:00:00,2020,2021-10-15 21:59:25.450,18.8,7.0,0.0,33.4
2020-10-15 23:00:00,2020,2021-10-15 22:59:25.445,9.1,5.6,0.0,41.2
2020-10-16 00:00:00,2020,2021-10-15 23:59:25.440,3.4,3.0,0.0,44.6
2020-10-16 01:00:00,2020,2021-10-16 00:59:25.435,1.9,1.3,0.0,44.3
2020-10-16 02:00:00,2020,2021-10-16 01:59:25.430,2.7,0.8,0.0,48.2
2020-10-16 03:00:00,2020,2021-10-16 02:59:25.425,14.5,0.7,0.0,8.8
2020-10-16 04:00:00,2020,2021-10-16 03:59:25.420,40.8,3.0,0.0,44.6
2020-10-16 05:00:00,2020,2021-10-16 04:59:25.415,73.9,0.6,0.0,64.7
2020-10-16 06:00:00,2020,2021-10-16 05:59:25.410,70.5,0.0,0.0,41.2
2020-10-16 07:00:00,2020,2021-10-16 06:59:25.405,46.9,0.0,0.0,39.4
2020-10-16 08:00:00,2020,2021-10-16 07:59:25.400,19.7,1.7,0.0,34.9
2020-10-16 09:00:00,2020,2021-10-16 08:59:25.395,0.5,0.2,0.0,8.2
2020-10-16 10:00:00,2020,2021-10-16 09:59:25.390,0.0,0.0,0.0,50.9
2020-10-16 11:00:00,2020,2021-10-16 10:59:25.385,0.0,0.0,0.1,59.6
2020-10-16 12:00:00,2020,2021-10-16 11:59:25.380,22.9,0.0,0.0,29.5
2020-10-16 13:00:00,2020,2021-10-16 12:59:25.375,33.4,0.0,0.0,0.0
2020-10-16 14:00:00,2020,2021-10-16 13:59:25.370,0.0,0.0,0.0,0.0
2020-10-16 15:00:00,2020,2021-10-16 14:59:25.365,6.4,0.0,0.0,18.1
2020-10-16 16:00:00,2020,2021-10-16 15:59:25.360,0.0,0.0,0.0,0.0
2020-10-16 17:00:00,2020,2021-10-16 16:59:25.355,0.0,0.3,0.0,0.0
2020-10-16 18:00:00,2020,2021-10-16 17:59:25.350,0.0,2.3,0.0,0.0
2020-10-16 19:00:00,2020,2021-10-16 18:59:25.345,0.0,0.0,0.0,0.0
2020-10-16 20:00:00,2020,2021-10-16 19:59:25.340,0.0,0.0,0.0,0.8
2020-10-16 21:00:00,2020,2021-10-16 20:59:25.335,17.3,0.0,0.0,5.5
2020-10-16 22:00:00,2020,2021-10-16 21:59:25.330,32.2,0.0,0.0,3.2
2020-10-16 23:00:00,2020,2021-10-16 22:59:25.325,37.0,0.0,0.0,5.0
2020-10-17 00:00:00,2020,2021-10-16 23:59:25.320,0.0,0.0,0.0,7.1
2020-10-17 01:00:00,2020,2021-10-17 00:59:25.315,0.0,0.0,0.0,16.5
2020-10-17 02:00:00,2020,2021-10-17 01:59:25.310,0.0,0.0,0.0,14.3
2020-10-17 03:00:00,2020,2021-10-17 02:59:25.305,0.0,0.0,0.0,6.3
2020-10-17 04:00:00,2020,2021-10-17 03:59:25.300,0.0,0.0,0.0,19.0
2020-10-17 05:00:00,2020,2021-10-17 04:59:25.295,0.0,0.0,0.0,39.6
2020-10-17 06:00:00,2020,2021-10-17 05:59:25.290,0.6,0.0,0.0,49.6
2020-10-17 07:00:00,2020,2021-10-17 06:59:25.285,0.0,0.0,0.0,4.8
2020-10-17 08:00:00,2020,2021-10-17 07:59:25.280,0.0,0.0,0.0,0.0
2020-10-17 09:00:00,2020,2021-10-17 08:59:25.275,0.0,0.0,0.0,0.0
2020-10-17 10:00:00,2020,2021-10-17 09:59:25.270,0.0,0.0,0.0,0.0
2020-10-17 11:00:00,2020,2021-10-17 10:59:25.265,0.0,0.0,0.0,0.0
2020-10-17 12:00:00,2020,2021-10-17 11:59:25.260,1.2,1.6,0.0,0.0
2020-10-17 13:00:00,2020,2021-10-17 12:59:25.255,9.3,4.2,0.0,0.0
2020-10-17 14:00:00,2020,2021-10-17 13:59:25.250,16.4,7.9,0.0,0.7
2020-10-17 15:00:00,2020,2021-10-17 14:59:25.245,16.1,15.2,0.0,0.8
2020-10-17 16:00:00,2020,2021-10-17 15:59:25.240,22.3,27.7,0.0,2.3
2020-10-17 17:00:00,2020,2021-10-17 16:59:25.235,0.0,45.6,0.0,0.0
2020-10-17 18:00:00,2020,2021-10-17 17:59:25.230,0.0,66.1,0.0,0.0
2020-10-17 19:00:00,2020,2021-10-17 18:59:25.225,0.0,118.3,30.4,0.0
2020-10-17 20:00:00,2020,2021-10-17 19:59:25.220,0.0,185.5,61.0,0.0
2020-10-17 21:00:00,2020,2021-10-17 20:59:25.215,3.9,204.3,76.4,0.0
2020-10-17 22:00:00,2020,2021-10-17 21:59:25.210,280.5,373.4,77.1,39.8
2020-10-17 23:00:00,2020,2021-10-17 22:59:25.205,359.7,561.9,96.3,266.8
2020-10-18 00:00:00,2020,2021-10-17 23:59:25.200,510.2,641.1,124.6,287.4
2020-10-18 01:00:00,2020,2021-10-18 00:59:25.195,496.2,746.1,143.2,540.4
2020-10-18 02:00:00,2020,2021-10-18 01:59:25.190,624.7,541.6,130.5,766.2
2020-10-18 03:00:00,2020,2021-10-18 02:59:25.185,692.5,673.3,121.9,768.3
2020-10-18 04:00:00,2020,2021-10-18 03:59:25.180,688.3,468.5,118.8,734.6
2020-10-18 05:00:00,2020,2021-10-18 04:59:25.175,683.2,359.1,111.8,652.4
2020-10-18 06:00:00,2020,2021-10-18 05:59:25.170,676.9,665.4,95.7,765.9
2020-10-18 07:00:00,2020,2021-10-18 06:59:25.165,656.9,813.7,113.3,721.8
2020-10-18 08:00:00,2020,2021-10-18 07:59:25.160,576.1,828.1,141.0,695.9
2020-10-18 09:00:00,2020,2021-10-18 08:59:25.155,318.8,824.0,135.3,499.9
2020-10-18 10:00:00,2020,2021-10-18 09:59:25.150,557.9,816.1,117.2,620.5
2020-10-18 11:00:00,2020,2021-10-18 10:59:25.145,513.9,778.8,122.6,493.9
2020-10-18 12:00:00,2020,2021-10-18 11:59:25.140,455.6,688.5,103.2,463.0
2020-10-18 13:00:00,2020,2021-10-18 12:59:25.135,195.5,640.5,115.5,489.1
2020-10-18 14:00:00,2020,2021-10-18 13:59:25.130,370.2,718.1,123.0,483.7
2020-10-18 15:00:00,2020,2021-10-18 14:59:25.125,549.7,816.2,118.0,629.1
2020-10-18 16:00:00,2020,2021-10-18 15:59:25.120,485.1,767.3,135.3,540.1
2020-10-18 17:00:00,2020,2021-10-18 16:59:25.115,438.4,469.0,125.6,376.0
2020-10-18 18:00:00,2020,2021-10-18 17:59:25.110,163.5,623.7,135.9,283.7
2020-10-18 19:00:00,2020,2021-10-18 18:59:25.105,296.3,778.4,103.8,402.5
2020-10-18 20:00:00,2020,2021-10-18 19:59:25.100,573.2,759.0,133.4,559.3
2020-10-18 21:00:00,2020,2021-10-18 20:59:25.095,662.1,803.3,146.8,681.8
2020-10-18 22:00:00,2020,2021-10-18 21:59:25.090,680.6,834.7,147.4,693.7
2020-10-18 23:00:00,2020,2021-10-18 22:59:25.085,708.2,831.8,139.7,790.0
2020-10-19 00:00:00,2020,2021-10-18 23:59:25.080,712.3,817.8,135.0,795.6
2020-10-19 01:00:00,2020,2021-10-19 00:59:25.075,699.9,821.9,141.4,782.8
2020-10-19 02:00:00,2020,2021-10-19 01:59:25.070,701.9,760.2,141.5,759.1
2020-10-19 03:00:00,2020,2021-10-19 02:59:25.065,688.0,645.1,136.0,684.3
2020-10-19 04:00:00,2020,2021-10-19 03:59:25.060,673.0,638.5,117.1,615.4
2020-10-19 05:00:00,2020,2021-10-19 04:59:25.055,614.9,605.6,133.1,595.3
2020-10-19 06:00:00,2020,2021-10-19 05:59:25.050,602.9,581.1,139.5,604.9
2020-10-19 07:00:00,2020,2021-10-19 06:59:25.045,600.5,487.4,138.9,626.4
2020-10-19 08:00:00,2020,2021-10-19 07:59:25.040,560.6,312.8,144.0,576.4
2020-10-19 09:00:00,2020,2021-10-19 08:59:25.035,402.4,190.0,119.4,578.1
2020-10-19 10:00:00,2020,2021-10-19 09:59:25.030,484.2,136.6,77.4,473.7
2020-10-19 11:00:00,2020,2021-10-19 10:59:25.025,373.0,46.6,14.6,273.4
2020-10-19 12:00:00,2020,2021-10-19 11:59:25.020,348.3,34.0,21.6,185.1
2020-10-19 13:00:00,2020,2021-10-19 12:59:25.015,271.1,25.4,9.8,209.6
2020-10-19 14:00:00,2020,2021-10-19 13:59:25.010,203.8,23.8,0.1,152.1
2020-10-19 15:00:00,2020,2021-10-19 14:59:25.005,177.0,30.1,9.1,129.8
2020-10-19 16:00:00,2020,2021-10-19 15:59:25.000,222.1,56.7,10.7,91.9
2020-10-19 17:00:00,2020,2021-10-19 16:59:24.995,106.3,14.8,0.3,94.5
2020-10-19 18:00:00,2020,2021-10-19 17:59:24.990,84.9,7.9,0.0,17.4
2020-10-19 19:00:00,2020,2021-10-19 18:59:24.985,136.9,132.5,0.0,55.8
2020-10-19 20:00:00,2020,2021-10-19 19:59:24.980,126.3,449.9,6.0,55.4
2020-10-19 21:00:00,2020,2021-10-19 20:59:24.975,114.9,495.8,11.5,58.0
2020-10-19 22:00:00,2020,2021-10-19 21:59:24.970,64.0,498.8,17.9,90.3
2020-10-19 23:00:00,2020,2021-10-19 22:59:24.965,39.1,422.2,11.5,111.3
2020-10-20 00:00:00,2020,2021-10-19 23:59:24.960,50.7,346.6,14.8,69.7
2020-10-20 01:00:00,2020,2021-10-20 00:59:24.955,68.3,628.1,7.7,72.6
2020-10-20 02:00:00,2020,2021-10-20 01:59:24.950,48.3,766.3,12.1,45.1
2020-10-20 03:00:00,2020,2021-10-20 02:59:24.945,34.3,749.7,30.8,27.0
2020-10-20 04:00:00,2020,2021-10-20 03:59:24.940,7.0,758.0,28.1,34.2
2020-10-20 05:00:00,2020,2021-10-20 04:59:24.935,23.4,744.2,40.2,30.1
2020-10-20 06:00:00,2020,2021-10-20 05:59:24.930,10.8,783.8,67.1,17.2
2020-10-20 07:00:00,2020,2021-10-20 06:59:24.925,21.6,792.7,56.4,5.3
2020-10-20 08:00:00,2020,2021-10-20 07:59:24.920,0.0,769.5,40.2,8.9
2020-10-20 09:00:00,2020,2021-10-20 08:59:24.915,0.0,675.8,18.2,0.0
2020-10-20 10:00:00,2020,2021-10-20 09:59:24.910,0.0,425.3,12.2,0.0
2020-10-20 11:00:00,2020,2021-10-20 10:59:24.905,0.6,218.0,9.9,0.0
2020-10-20 12:00:00,2020,2021-10-20 11:59:24.900,1.4,194.0,12.9,0.0
2020-10-20 13:00:00,2020,2021-10-20 12:59:24.895,1.1,106.5,7.5,0.2
2020-10-20 14:00:00,2020,2021-10-20 13:59:24.890,1.4,81.0,8.0,0.9
2020-10-20 15:00:00,2020,2021-10-20 14:59:24.885,0.5,44.6,1.0,0.3
2020-10-20 16:00:00,2020,2021-10-20 15:59:24.880,29.3,9.8,0.0,8.9
2020-10-20 17:00:00,2020,2021-10-20 16:59:24.875,95.6,0.0,0.0,22.5
2020-10-20 18:00:00,2020,2021-10-20 17:59:24.870,108.6,0.0,0.0,46.9
2020-10-20 19:00:00,2020,2021-10-20 18:59:24.865,70.9,0.6,3.3,37.5
2020-10-20 20:00:00,2020,2021-10-20 19:59:24.860,55.7,2.0,2.3,38.8
2020-10-20 21:00:00,2020,2021-10-20 20:59:24.855,24.0,12.6,0.0,43.2
2020-10-20 22:00:00,2020,2021-10-20 21:59:24.850,3.2,26.6,2.3,36.9
2020-10-20 23:00:00,2020,2021-10-20 22:59:24.845,22.2,35.5,6.5,64.1
2020-10-21 00:00:00,2020,2021-10-20 23:59:24.840,19.0,62.1,10.7,65.5
2020-10-21 01:00:00,2020,2021-10-21 00:59:24.835,14.0,46.1,12.8,51.6
2020-10-21 02:00:00,2020,2021-10-21 01:59:24.830,0.0,74.7,2.5,147.3
2020-10-21 03:00:00,2020,2021-10-21 02:59:24.825,5.6,83.5,8.5,173.6
2020-10-21 04:00:00,2020,2021-10-21 03:59:24.820,8.3,101.7,14.6,130.7
2020-10-21 05:00:00,2020,2021-10-21 04:59:24.815,6.0,224.5,76.9,128.4
2020-10-21 06:00:00,2020,2021-10-21 05:59:24.810,5.4,325.1,106.2,179.3
2020-10-21 07:00:00,2020,2021-10-21 06:59:24.805,32.3,377.7,112.3,218.8
2020-10-21 08:00:00,2020,2021-10-21 07:59:24.800,82.9,415.3,133.8,243.8
2020-10-21 09:00:00,2020,2021-10-21 08:59:24.795,99.7,303.7,135.4,266.6
2020-10-21 10:00:00,2020,2021-10-21 09:59:24.790,40.2,83.5,113.9,139.2
2020-10-21 11:00:00,2020,2021-10-21 10:59:24.785,43.3,78.5,100.9,188.8
2020-10-21 12:00:00,2020,2021-10-21 11:59:24.780,42.1,52.8,117.5,216.6
2020-10-21 13:00:00,2020,2021-10-21 12:59:24.775,56.8,55.6,108.1,234.6
2020-10-21 14:00:00,2020,2021-10-21 13:59:24.770,80.5,42.0,86.8,228.3
2020-10-21 15:00:00,2020,2021-10-21 14:59:24.765,147.6,74.1,83.7,303.9
2020-10-21 16:00:00,2020,2021-10-21 15:59:24.760,205.1,226.3,79.8,320.5
2020-10-21 17:00:00,2020,2021-10-21 16:59:24.755,552.6,229.5,42.7,411.5
2020-10-21 18:00:00,2020,2021-10-21 17:59:24.750,436.3,485.6,35.9,429.0
2020-10-21 19:00:00,2020,2021-10-21 18:59:24.745,529.1,772.4,90.5,548.1
2020-10-21 20:00:00,2020,2021-10-21 19:59:24.740,589.0,830.6,148.3,579.1
2020-10-21 21:00:00,2020,2021-10-21 20:59:24.735,423.9,779.8,142.3,590.1
2020-10-21 22:00:00,2020,2021-10-21 21:59:24.730,657.8,762.0,142.6,587.2
2020-10-21 23:00:00,2020,2021-10-21 22:59:24.725,679.9,734.6,143.7,576.4
2020-10-22 00:00:00,2020,2021-10-21 23:59:24.720,674.3,707.1,137.5,546.6
2020-10-22 01:00:00,2020,2021-10-22 00:59:24.715,666.3,767.1,135.8,541.5
2020-10-22 02:00:00,2020,2021-10-22 01:59:24.710,666.0,807.5,146.6,581.7
2020-10-22 03:00:00,2020,2021-10-22 02:59:24.705,648.4,766.0,147.9,594.6
2020-10-22 04:00:00,2020,2021-10-22 03:59:24.700,659.9,676.0,147.5,620.9
2020-10-22 05:00:00,2020,2021-10-22 04:59:24.695,662.7,705.5,147.6,679.4
2020-10-22 06:00:00,2020,2021-10-22 05:59:24.690,655.0,694.0,147.5,654.5
2020-10-22 07:00:00,2020,2021-10-22 06:59:24.685,670.2,685.2,147.8,768.8
2020-10-22 08:00:00,2020,2021-10-22 07:59:24.680,690.3,696.2,147.6,768.8
2020-10-22 09:00:00,2020,2021-10-22 08:59:24.675,666.2,775.4,147.1,734.8
2020-10-22 10:00:00,2020,2021-10-22 09:59:24.670,632.7,802.8,146.7,730.3
2020-10-22 11:00:00,2020,2021-10-22 10:59:24.665,604.5,768.3,146.5,691.7
2020-10-22 12:00:00,2020,2021-10-22 11:59:24.660,593.5,719.8,144.2,674.2
2020-10-22 13:00:00,2020,2021-10-22 12:59:24.655,528.0,716.0,143.0,756.9
2020-10-22 14:00:00,2020,2021-10-22 13:59:24.650,532.1,666.2,146.4,773.5
2020-10-22 15:00:00,2020,2021-10-22 14:59:24.645,614.3,657.0,147.2,782.2
2020-10-22 16:00:00,2020,2021-10-22 15:59:24.640,611.5,694.6,139.7,776.8
2020-10-22 17:00:00,2020,2021-10-22 16:59:24.635,648.4,519.0,89.7,747.8
2020-10-22 18:00:00,2020,2021-10-22 17:59:24.630,690.5,650.9,118.3,768.9
2020-10-22 19:00:00,2020,2021-10-22 18:59:24.625,709.7,702.2,144.3,786.1
2020-10-22 20:00:00,2020,2021-10-22 19:59:24.620,705.8,784.3,141.1,762.5
2020-10-22 21:00:00,2020,2021-10-22 20:59:24.615,710.2,729.8,136.7,793.9
2020-10-22 22:00:00,2020,2021-10-22 21:59:24.610,706.2,704.6,136.0,785.3
2020-10-22 23:00:00,2020,2021-10-22 22:59:24.605,706.8,673.8,127.7,763.5
2020-10-23 00:00:00,2020,2021-10-22 23:59:24.600,710.6,722.7,86.4,750.2
2020-10-23 01:00:00,2020,2021-10-23 00:59:24.595,710.7,652.0,37.1,719.5
2020-10-23 02:00:00,2020,2021-10-23 01:59:24.590,708.6,454.7,26.6,666.2
2020-10-23 03:00:00,2020,2021-10-23 02:59:24.585,704.0,199.2,63.9,545.0
2020-10-23 04:00:00,2020,2021-10-23 03:59:24.580,698.6,331.6,40.8,379.5
2020-10-23 05:00:00,2020,2021-10-23 04:59:24.575,652.7,260.2,79.8,199.4
2020-10-23 06:00:00,2020,2021-10-23 05:59:24.570,483.7,440.9,37.5,111.4
2020-10-23 07:00:00,2020,2021-10-23 06:59:24.565,332.4,498.3,24.7,77.9
2020-10-23 08:00:00,2020,2021-10-23 07:59:24.560,305.2,470.3,4.2,104.4
2020-10-23 09:00:00,2020,2021-10-23 08:59:24.555,271.0,389.7,10.9,95.2
2020-10-23 10:00:00,2020,2021-10-23 09:59:24.550,225.4,212.9,8.1,65.0
2020-10-23 11:00:00,2020,2021-10-23 10:59:24.545,244.9,114.4,7.6,44.5
2020-10-23 12:00:00,2020,2021-10-23 11:59:24.540,237.2,15.9,39.0,59.6
2020-10-23 13:00:00,2020,2021-10-23 12:59:24.535,279.3,1.9,37.7,102.3
2020-10-23 14:00:00,2020,2021-10-23 13:59:24.530,234.6,0.0,18.4,132.4
2020-10-23 15:00:00,2020,2021-10-23 14:59:24.525,315.0,0.0,12.9,132.8
2020-10-23 16:00:00,2020,2021-10-23 15:59:24.520,342.5,0.9,8.6,121.7
2020-10-23 17:00:00,2020,2021-10-23 16:59:24.515,247.4,1.1,7.0,82.1
2020-10-23 18:00:00,2020,2021-10-23 17:59:24.510,250.1,2.4,1.4,103.3
2020-10-23 19:00:00,2020,2021-10-23 18:59:24.505,194.1,9.8,0.2,112.3
2020-10-23 20:00:00,2020,2021-10-23 19:59:24.500,100.5,10.0,0.2,90.6
2020-10-23 21:00:00,2020,2021-10-23 20:59:24.495,70.8,1.7,0.0,72.0
2020-10-23 22:00:00,2020,2021-10-23 21:59:24.490,55.6,14.4,0.0,49.9
2020-10-23 23:00:00,2020,2021-10-23 22:59:24.485,43.7,29.6,0.9,39.3
2020-10-24 00:00:00,2020,2021-10-23 23:59:24.480,23.3,44.6,5.3,37.6
2020-10-24 01:00:00,2020,2021-10-24 00:59:24.475,24.5,123.7,12.3,33.5
2020-10-24 02:00:00,2020,2021-10-24 01:59:24.470,23.5,109.8,17.7,8.0
2020-10-24 03:00:00,2020,2021-10-24 02:59:24.465,15.9,79.7,13.8,2.4
2020-10-24 04:00:00,2020,2021-10-24 03:59:24.460,12.1,44.4,12.1,14.8
2020-10-24 05:00:00,2020,2021-10-24 04:59:24.455,1.2,42.3,16.8,34.5
2020-10-24 06:00:00,2020,2021-10-24 05:59:24.450,0.0,52.0,25.6,35.2
2020-10-24 07:00:00,2020,2021-10-24 06:59:24.445,0.0,62.8,34.3,35.0
2020-10-24 08:00:00,2020,2021-10-24 07:59:24.440,0.0,64.8,31.9,20.5
2020-10-24 09:00:00,2020,2021-10-24 08:59:24.435,14.2,52.4,22.1,4.5
2020-10-24 10:00:00,2020,2021-10-24 09:59:24.430,0.0,21.0,6.7,0.0
2020-10-24 11:00:00,2020,2021-10-24 10:59:24.425,0.0,21.8,7.2,0.0
2020-10-24 12:00:00,2020,2021-10-24 11:59:24.420,0.0,37.7,4.3,0.0
2020-10-24 13:00:00,2020,2021-10-24 12:59:24.415,0.0,53.5,2.8,0.0
2020-10-24 14:00:00,2020,2021-10-24 13:59:24.410,0.0,69.1,2.9,0.0
2020-10-24 15:00:00,2020,2021-10-24 14:59:24.405,0.0,81.0,3.1,0.0
2020-10-24 16:00:00,2020,2021-10-24 15:59:24.400,0.0,93.6,3.1,0.0
2020-10-24 17:00:00,2020,2021-10-24 16:59:24.395,1.2,96.4,2.3,0.0
2020-10-24 18:00:00,2020,2021-10-24 17:59:24.390,19.1,106.2,1.2,0.0
2020-10-24 19:00:00,2020,2021-10-24 18:59:24.385,35.2,160.9,1.0,8.4
2020-10-24 20:00:00,2020,2021-10-24 19:59:24.380,77.5,167.3,1.0,87.1
2020-10-24 21:00:00,2020,2021-10-24 20:59:24.375,109.8,189.7,1.0,168.9
2020-10-24 22:00:00,2020,2021-10-24 21:59:24.370,142.9,166.9,2.1,178.4
2020-10-24 23:00:00,2020,2021-10-24 22:59:24.365,199.8,169.2,5.0,170.7
2020-10-25 00:00:00,2020,2021-10-24 23:59:24.360,258.4,177.7,5.5,117.7
2020-10-25 01:00:00,2020,2021-10-25 00:59:24.355,279.3,163.5,8.3,127.6
2020-10-25 02:00:00,2020,2021-10-25 01:59:24.350,233.4,162.0,11.5,71.7
2020-10-25 03:00:00,2020,2021-10-25 02:59:24.345,149.4,152.2,16.1,6.9
2020-10-25 04:00:00,2020,2021-10-25 03:59:24.340,117.8,126.8,27.3,10.9
2020-10-25 05:00:00,2020,2021-10-25 04:59:24.335,70.3,102.1,40.2,8.9
2020-10-25 06:00:00,2020,2021-10-25 05:59:24.330,81.6,71.8,42.5,30.9
2020-10-25 07:00:00,2020,2021-10-25 06:59:24.325,41.9,43.5,37.7,26.4
2020-10-25 08:00:00,2020,2021-10-25 07:59:24.320,25.1,35.0,33.5,23.0
2020-10-25 09:00:00,2020,2021-10-25 08:59:24.315,101.9,16.2,28.0,66.4
2020-10-25 10:00:00,2020,2021-10-25 09:59:24.310,50.9,10.2,13.1,43.3
2020-10-25 11:00:00,2020,2021-10-25 10:59:24.305,31.5,8.6,10.0,9.6
2020-10-25 12:00:00,2020,2021-10-25 11:59:24.300,14.7,2.1,16.1,0.8
2020-10-25 13:00:00,2020,2021-10-25 12:59:24.295,6.6,2.0,6.3,0.0
2020-10-25 14:00:00,2020,2021-10-25 13:59:24.290,10.2,3.4,1.2,0.0
2020-10-25 15:00:00,2020,2021-10-25 14:59:24.285,36.6,6.9,3.4,0.0
2020-10-25 16:00:00,2020,2021-10-25 15:59:24.280,7.3,55.5,10.5,0.0
2020-10-25 17:00:00,2020,2021-10-25 16:59:24.275,10.5,21.2,7.5,0.0
2020-10-25 18:00:00,2020,2021-10-25 17:59:24.270,160.4,9.4,5.1,0.0
2020-10-25 19:00:00,2020,2021-10-25 18:59:24.265,559.3,36.3,2.1,38.9
2020-10-25 20:00:00,2020,2021-10-25 19:59:24.260,478.4,41.5,1.7,147.0
2020-10-25 21:00:00,2020,2021-10-25 20:59:24.255,317.7,52.1,1.2,58.7
2020-10-25 22:00:00,2020,2021-10-25 21:59:24.250,369.3,30.2,1.6,94.8
2020-10-25 23:00:00,2020,2021-10-25 22:59:24.245,625.7,17.6,4.6,161.7
2020-10-26 00:00:00,2020,2021-10-25 23:59:24.240,622.6,11.7,8.7,186.2
2020-10-26 01:00:00,2020,2021-10-26 00:59:24.235,577.8,21.8,8.3,204.6
2020-10-26 02:00:00,2020,2021-10-26 01:59:24.230,529.7,23.4,11.6,202.1
2020-10-26 03:00:00,2020,2021-10-26 02:59:24.225,501.2,1.5,14.9,283.9
2020-10-26 04:00:00,2020,2021-10-26 03:59:24.220,432.9,2.9,8.1,287.2
2020-10-26 05:00:00,2020,2021-10-26 04:59:24.215,410.1,21.6,4.7,214.5
2020-10-26 06:00:00,2020,2021-10-26 05:59:24.210,369.4,49.3,5.2,179.7
2020-10-26 07:00:00,2020,2021-10-26 06:59:24.205,335.4,40.8,6.6,185.4
2020-10-26 08:00:00,2020,2021-10-26 07:59:24.200,238.6,6.2,2.3,237.0
2020-10-26 09:00:00,2020,2021-10-26 08:59:24.195,67.5,8.4,4.6,184.8
2020-10-26 10:00:00,2020,2021-10-26 09:59:24.190,0.0,11.7,17.0,117.3
2020-10-26 11:00:00,2020,2021-10-26 10:59:24.185,0.0,9.2,1.2,50.7
2020-10-26 12:00:00,2020,2021-10-26 11:59:24.180,0.9,10.9,0.0,44.2
2020-10-26 13:00:00,2020,2021-10-26 12:59:24.175,17.0,4.9,0.0,34.6
2020-10-26 14:00:00,2020,2021-10-26 13:59:24.170,20.1,3.2,0.0,24.6
2020-10-26 15:00:00,2020,2021-10-26 14:59:24.165,25.7,0.1,0.0,26.2
2020-10-26 16:00:00,2020,2021-10-26 15:59:24.160,30.4,0.0,0.0,37.5
2020-10-26 17:00:00,2020,2021-10-26 16:59:24.155,0.8,0.0,0.0,0.1
2020-10-26 18:00:00,2020,2021-10-26 17:59:24.150,0.0,0.5,0.0,0.0
2020-10-26 19:00:00,2020,2021-10-26 18:59:24.145,0.0,3.6,0.0,0.0
2020-10-26 20:00:00,2020,2021-10-26 19:59:24.140,0.0,0.0,0.0,0.0
2020-10-26 21:00:00,2020,2021-10-26 20:59:24.135,0.0,0.5,0.0,0.0
2020-10-26 22:00:00,2020,2021-10-26 21:59:24.130,0.0,51.5,0.0,0.0
2020-10-26 23:00:00,2020,2021-10-26 22:59:24.125,0.0,92.0,0.5,0.0
2020-10-27 00:00:00,2020,2021-10-26 23:59:24.120,1.1,86.5,4.0,1.6
2020-10-27 01:00:00,2020,2021-10-27 00:59:24.115,95.8,123.7,15.9,35.9
2020-10-27 02:00:00,2020,2021-10-27 01:59:24.110,242.1,172.0,36.8,103.4
2020-10-27 03:00:00,2020,2021-10-27 02:59:24.105,207.9,135.3,49.1,250.8
2020-10-27 04:00:00,2020,2021-10-27 03:59:24.100,351.3,122.3,87.5,308.6
2020-10-27 05:00:00,2020,2021-10-27 04:59:24.095,484.9,38.9,100.6,535.4
2020-10-27 06:00:00,2020,2021-10-27 05:59:24.090,569.6,73.0,110.3,628.1
2020-10-27 07:00:00,2020,2021-10-27 06:59:24.085,628.1,245.4,128.8,717.4
2020-10-27 08:00:00,2020,2021-10-27 07:59:24.080,673.7,249.4,83.7,736.1
2020-10-27 09:00:00,2020,2021-10-27 08:59:24.075,662.7,385.8,57.2,674.7
2020-10-27 10:00:00,2020,2021-10-27 09:59:24.070,499.2,524.0,56.6,798.2
2020-10-27 11:00:00,2020,2021-10-27 10:59:24.065,498.3,646.5,105.0,778.2
2020-10-27 12:00:00,2020,2021-10-27 11:59:24.060,353.5,532.4,115.6,744.6
2020-10-27 13:00:00,2020,2021-10-27 12:59:24.055,547.1,505.1,94.2,759.8
2020-10-27 14:00:00,2020,2021-10-27 13:59:24.050,643.6,610.7,127.8,613.2
2020-10-27 15:00:00,2020,2021-10-27 14:59:24.045,646.1,632.2,102.4,752.7
2020-10-27 16:00:00,2020,2021-10-27 15:59:24.040,675.1,706.4,127.0,583.1
2020-10-27 17:00:00,2020,2021-10-27 16:59:24.035,452.9,622.1,99.3,507.3
2020-10-27 18:00:00,2020,2021-10-27 17:59:24.030,520.0,557.8,33.2,523.8
2020-10-27 19:00:00,2020,2021-10-27 18:59:24.025,682.2,591.9,67.6,480.5
2020-10-27 20:00:00,2020,2021-10-27 19:59:24.020,676.1,664.8,32.6,666.3
2020-10-27 21:00:00,2020,2021-10-27 20:59:24.015,705.0,616.6,51.5,581.5
2020-10-27 22:00:00,2020,2021-10-27 21:59:24.010,708.8,740.8,101.0,613.3
2020-10-27 23:00:00,2020,2021-10-27 22:59:24.005,710.5,763.6,79.5,638.3
2020-10-28 00:00:00,2020,2021-10-27 23:59:24.000,708.8,688.2,87.7,679.8
2020-10-28 01:00:00,2020,2021-10-28 00:59:23.995,706.6,559.3,84.1,729.4
2020-10-28 02:00:00,2020,2021-10-28 01:59:23.990,705.1,531.2,87.7,760.5
2020-10-28 03:00:00,2020,2021-10-28 02:59:23.985,702.1,536.7,77.2,759.4
2020-10-28 04:00:00,2020,2021-10-28 03:59:23.980,701.3,539.7,70.5,741.0
2020-10-28 05:00:00,2020,2021-10-28 04:59:23.975,697.3,352.1,55.5,760.3
2020-10-28 06:00:00,2020,2021-10-28 05:59:23.970,699.1,437.0,55.8,760.3
2020-10-28 07:00:00,2020,2021-10-28 06:59:23.965,696.5,386.6,45.9,745.9
2020-10-28 08:00:00,2020,2021-10-28 07:59:23.960,685.6,246.0,37.0,713.7
2020-10-28 09:00:00,2020,2021-10-28 08:59:23.955,635.3,85.2,37.2,629.7
2020-10-28 10:00:00,2020,2021-10-28 09:59:23.950,538.3,0.0,25.5,512.1
2020-10-28 11:00:00,2020,2021-10-28 10:59:23.945,449.5,0.9,22.5,480.8
2020-10-28 12:00:00,2020,2021-10-28 11:59:23.940,371.2,1.7,13.1,426.9
2020-10-28 13:00:00,2020,2021-10-28 12:59:23.935,310.8,15.6,14.1,380.7
2020-10-28 14:00:00,2020,2021-10-28 13:59:23.930,321.5,36.1,15.7,379.4
2020-10-28 15:00:00,2020,2021-10-28 14:59:23.925,241.7,39.3,29.9,322.8
2020-10-28 16:00:00,2020,2021-10-28 15:59:23.920,217.6,0.0,29.1,325.6
2020-10-28 17:00:00,2020,2021-10-28 16:59:23.915,150.3,276.7,31.7,253.9
2020-10-28 18:00:00,2020,2021-10-28 17:59:23.910,278.6,243.2,51.0,148.6
2020-10-28 19:00:00,2020,2021-10-28 18:59:23.905,398.6,188.1,65.9,152.2
2020-10-28 20:00:00,2020,2021-10-28 19:59:23.900,369.1,168.6,64.0,299.7
2020-10-28 21:00:00,2020,2021-10-28 20:59:23.895,331.6,125.6,71.6,453.0
2020-10-28 22:00:00,2020,2021-10-28 21:59:23.890,266.0,129.2,80.3,352.0
2020-10-28 23:00:00,2020,2021-10-28 22:59:23.885,233.1,39.7,60.1,341.9
2020-10-29 00:00:00,2020,2021-10-28 23:59:23.880,200.7,12.8,35.4,344.8
2020-10-29 01:00:00,2020,2021-10-29 00:59:23.875,116.8,3.4,92.5,445.0
2020-10-29 02:00:00,2020,2021-10-29 01:59:23.870,83.1,3.6,82.7,475.9
2020-10-29 03:00:00,2020,2021-10-29 02:59:23.865,59.1,7.0,14.8,537.4
2020-10-29 04:00:00,2020,2021-10-29 03:59:23.860,58.6,0.4,29.2,583.5
2020-10-29 05:00:00,2020,2021-10-29 04:59:23.855,198.0,39.1,48.2,537.0
2020-10-29 06:00:00,2020,2021-10-29 05:59:23.850,154.7,89.0,75.2,508.9
2020-10-29 07:00:00,2020,2021-10-29 06:59:23.845,272.8,119.7,140.6,473.0
2020-10-29 08:00:00,2020,2021-10-29 07:59:23.840,224.1,240.7,142.8,358.8
2020-10-29 09:00:00,2020,2021-10-29 08:59:23.835,179.1,218.9,143.1,318.5
2020-10-29 10:00:00,2020,2021-10-29 09:59:23.830,2.1,70.8,74.2,284.4
2020-10-29 11:00:00,2020,2021-10-29 10:59:23.825,1.9,11.4,28.4,170.6
2020-10-29 12:00:00,2020,2021-10-29 11:59:23.820,4.3,41.1,44.6,179.3
2020-10-29 13:00:00,2020,2021-10-29 12:59:23.815,32.5,48.5,49.5,267.6
2020-10-29 14:00:00,2020,2021-10-29 13:59:23.810,14.9,24.0,36.9,319.1
2020-10-29 15:00:00,2020,2021-10-29 14:59:23.805,10.4,43.0,39.5,304.9
2020-10-29 16:00:00,2020,2021-10-29 15:59:23.800,9.8,62.9,55.2,191.7
2020-10-29 17:00:00,2020,2021-10-29 16:59:23.795,0.9,16.0,37.5,7.1
2020-10-29 18:00:00,2020,2021-10-29 17:59:23.790,0.0,30.3,93.3,1.3
2020-10-29 19:00:00,2020,2021-10-29 18:59:23.785,49.1,41.0,136.3,12.0
2020-10-29 20:00:00,2020,2021-10-29 19:59:23.780,219.6,31.5,114.5,39.2
2020-10-29 21:00:00,2020,2021-10-29 20:59:23.775,253.6,33.7,81.3,120.4
2020-10-29 22:00:00,2020,2021-10-29 21:59:23.770,294.0,85.6,67.3,168.0
2020-10-29 23:00:00,2020,2021-10-29 22:59:23.765,335.6,97.7,65.7,226.6
2020-10-30 00:00:00,2020,2021-10-29 23:59:23.760,360.1,62.1,73.9,321.9
2020-10-30 01:00:00,2020,2021-10-30 00:59:23.755,420.0,26.4,81.3,399.3
2020-10-30 02:00:00,2020,2021-10-30 01:59:23.750,318.1,53.4,87.7,458.2
2020-10-30 03:00:00,2020,2021-10-30 02:59:23.745,341.6,179.3,108.0,571.3
2020-10-30 04:00:00,2020,2021-10-30 03:59:23.740,407.9,164.3,78.8,556.4
2020-10-30 05:00:00,2020,2021-10-30 04:59:23.735,446.1,126.1,52.2,480.9
2020-10-30 06:00:00,2020,2021-10-30 05:59:23.730,459.5,123.9,48.3,545.6
2020-10-30 07:00:00,2020,2021-10-30 06:59:23.725,483.2,112.4,42.7,580.9
2020-10-30 08:00:00,2020,2021-10-30 07:59:23.720,485.4,75.4,44.4,561.6
2020-10-30 09:00:00,2020,2021-10-30 08:59:23.715,349.5,54.8,53.1,482.0
2020-10-30 10:00:00,2020,2021-10-30 09:59:23.710,74.9,66.3,35.7,359.1
2020-10-30 11:00:00,2020,2021-10-30 10:59:23.705,129.1,50.3,28.1,387.5
2020-10-30 12:00:00,2020,2021-10-30 11:59:23.700,146.7,35.5,38.4,399.0
2020-10-30 13:00:00,2020,2021-10-30 12:59:23.695,170.5,58.8,30.4,351.6
2020-10-30 14:00:00,2020,2021-10-30 13:59:23.690,167.4,82.5,21.9,285.4
2020-10-30 15:00:00,2020,2021-10-30 14:59:23.685,150.6,91.0,15.5,215.7
2020-10-30 16:00:00,2020,2021-10-30 15:59:23.680,112.5,114.6,12.4,188.8
2020-10-30 17:00:00,2020,2021-10-30 16:59:23.675,0.0,160.0,20.7,11.7
2020-10-30 18:00:00,2020,2021-10-30 17:59:23.670,7.8,240.0,35.6,0.2
2020-10-30 19:00:00,2020,2021-10-30 18:59:23.665,210.6,209.5,32.6,16.8
2020-10-30 20:00:00,2020,2021-10-30 19:59:23.660,317.8,138.0,25.2,35.3
2020-10-30 21:00:00,2020,2021-10-30 20:59:23.655,293.1,0.0,6.3,20.3
2020-10-30 22:00:00,2020,2021-10-30 21:59:23.650,244.0,0.0,2.0,3.8
2020-10-30 23:00:00,2020,2021-10-30 22:59:23.645,189.0,0.0,0.5,0.4
2020-10-31 00:00:00,2020,2021-10-30 23:59:23.640,169.6,0.0,0.0,2.4
2020-10-31 01:00:00,2020,2021-10-31 00:59:23.635,171.4,0.0,0.0,6.5
2020-10-31 02:00:00,2020,2021-10-31 01:59:23.630,258.9,3.8,0.0,7.9
2020-10-31 03:00:00,2020,2021-10-31 02:59:23.625,429.8,24.3,0.0,49.6
2020-10-31 04:00:00,2020,2021-10-31 03:59:23.620,494.7,57.4,0.3,120.0
2020-10-31 05:00:00,2020,2021-10-31 04:59:23.615,538.4,98.0,2.9,213.2
2020-10-31 06:00:00,2020,2021-10-31 05:59:23.610,593.4,156.4,14.3,312.7
2020-10-31 07:00:00,2020,2021-10-31 06:59:23.605,628.9,243.0,21.4,420.8
2020-10-31 08:00:00,2020,2021-10-31 07:59:23.600,630.8,276.2,16.1,430.8
2020-10-31 09:00:00,2020,2021-10-31 08:59:23.595,582.1,232.0,19.8,390.7
2020-10-31 10:00:00,2020,2021-10-31 09:59:23.590,230.3,212.8,17.7,277.1
2020-10-31 11:00:00,2020,2021-10-31 10:59:23.585,73.6,65.7,21.6,98.9
2020-10-31 12:00:00,2020,2021-10-31 11:59:23.580,89.0,116.3,6.2,142.7
2020-10-31 13:00:00,2020,2021-10-31 12:59:23.575,100.7,133.5,1.8,162.9
2020-10-31 14:00:00,2020,2021-10-31 13:59:23.570,96.8,130.2,9.5,183.9
2020-10-31 15:00:00,2020,2021-10-31 14:59:23.565,87.3,134.7,14.4,173.6
2020-10-31 16:00:00,2020,2021-10-31 15:59:23.560,97.2,124.1,24.6,199.6
2020-10-31 17:00:00,2020,2021-10-31 16:59:23.555,86.6,182.0,42.4,230.2
2020-10-31 18:00:00,2020,2021-10-31 17:59:23.550,158.5,218.5,43.8,279.6
2020-10-31 19:00:00,2020,2021-10-31 18:59:23.545,525.5,419.8,38.9,443.5
2020-10-31 20:00:00,2020,2021-10-31 19:59:23.540,433.5,357.5,55.1,472.8
2020-10-31 21:00:00,2020,2021-10-31 20:59:23.535,628.9,336.4,24.4,452.4
2020-10-31 22:00:00,2020,2021-10-31 21:59:23.530,636.4,87.9,10.3,497.3
2020-10-31 23:00:00,2020,2021-10-31 22:59:23.525,656.8,17.6,5.4,713.3
2020-11-01 00:00:00,2020,2021-10-31 23:59:23.520,659.9,8.1,9.3,722.8
2020-11-01 01:00:00,2020,2021-11-01 00:59:23.515,673.7,60.5,34.6,740.0
2020-11-01 02:00:00,2020,2021-11-01 01:59:23.510,673.5,321.8,36.2,738.7
2020-11-01 03:00:00,2020,2021-11-01 02:59:23.505,678.8,358.2,20.8,729.0
2020-11-01 04:00:00,2020,2021-11-01 03:59:23.500,700.8,353.0,47.8,744.7
2020-11-01 05:00:00,2020,2021-11-01 04:59:23.495,706.7,201.2,68.9,745.5
2020-11-01 06:00:00,2020,2021-11-01 05:59:23.490,707.5,219.8,105.2,750.9
2020-11-01 07:00:00,2020,2021-11-01 06:59:23.485,707.7,525.4,73.5,784.0
2020-11-01 08:00:00,2020,2021-11-01 07:59:23.480,704.4,510.6,124.6,797.6
2020-11-01 09:00:00,2020,2021-11-01 08:59:23.475,704.3,557.2,145.8,792.7
2020-11-01 10:00:00,2020,2021-11-01 09:59:23.470,704.0,721.5,148.2,789.4
2020-11-01 11:00:00,2020,2021-11-01 10:59:23.465,698.3,657.5,148.1,794.6
2020-11-01 12:00:00,2020,2021-11-01 11:59:23.460,707.7,518.1,147.1,794.1
2020-11-01 13:00:00,2020,2021-11-01 12:59:23.455,705.1,690.1,145.5,784.3
2020-11-01 14:00:00,2020,2021-11-01 13:59:23.450,713.5,626.5,138.7,785.8
2020-11-01 15:00:00,2020,2021-11-01 14:59:23.445,705.7,725.4,114.1,780.5
2020-11-01 16:00:00,2020,2021-11-01 15:59:23.440,708.7,765.7,129.4,658.0
2020-11-01 17:00:00,2020,2021-11-01 16:59:23.435,705.7,663.2,127.7,727.7
2020-11-01 18:00:00,2020,2021-11-01 17:59:23.430,699.0,652.9,64.0,687.1
2020-11-01 19:00:00,2020,2021-11-01 18:59:23.425,678.5,467.6,127.3,660.8
2020-11-01 20:00:00,2020,2021-11-01 19:59:23.420,688.8,447.3,114.2,648.6
2020-11-01 21:00:00,2020,2021-11-01 20:59:23.415,622.9,225.4,69.3,513.0
2020-11-01 22:00:00,2020,2021-11-01 21:59:23.410,551.9,383.3,73.2,397.5
2020-11-01 23:00:00,2020,2021-11-01 22:59:23.405,411.3,393.8,74.0,84.1
2020-11-02 00:00:00,2020,2021-11-01 23:59:23.400,551.6,399.4,86.5,105.5
2020-11-02 01:00:00,2020,2021-11-02 00:59:23.395,660.2,355.7,85.0,315.3
2020-11-02 02:00:00,2020,2021-11-02 01:59:23.390,691.3,312.2,57.3,314.3
2020-11-02 03:00:00,2020,2021-11-02 02:59:23.385,703.4,222.9,32.0,216.6
2020-11-02 04:00:00,2020,2021-11-02 03:59:23.380,679.9,163.9,25.4,273.9
2020-11-02 05:00:00,2020,2021-11-02 04:59:23.375,538.6,329.2,36.0,271.1
2020-11-02 06:00:00,2020,2021-11-02 05:59:23.370,275.3,299.2,39.2,28.5
2020-11-02 07:00:00,2020,2021-11-02 06:59:23.365,56.2,252.9,31.2,0.6
2020-11-02 08:00:00,2020,2021-11-02 07:59:23.360,1.7,235.8,21.0,0.0
2020-11-02 09:00:00,2020,2021-11-02 08:59:23.355,0.0,212.6,20.9,0.0
2020-11-02 10:00:00,2020,2021-11-02 09:59:23.350,0.0,553.6,36.5,0.0
2020-11-02 11:00:00,2020,2021-11-02 10:59:23.345,0.0,456.9,10.7,0.0
2020-11-02 12:00:00,2020,2021-11-02 11:59:23.340,0.0,340.9,2.1,0.4
2020-11-02 13:00:00,2020,2021-11-02 12:59:23.335,0.0,295.1,2.3,0.0
2020-11-02 14:00:00,2020,2021-11-02 13:59:23.330,0.0,172.5,2.8,0.0
2020-11-02 15:00:00,2020,2021-11-02 14:59:23.325,0.0,126.1,3.1,7.5
2020-11-02 16:00:00,2020,2021-11-02 15:59:23.320,14.5,80.1,5.8,3.7
2020-11-02 17:00:00,2020,2021-11-02 16:59:23.315,31.9,96.2,3.9,0.6
2020-11-02 18:00:00,2020,2021-11-02 17:59:23.310,21.6,89.1,3.7,1.1
2020-11-02 19:00:00,2020,2021-11-02 18:59:23.305,7.4,116.3,6.3,0.7
2020-11-02 20:00:00,2020,2021-11-02 19:59:23.300,3.4,120.3,3.9,0.7
2020-11-02 21:00:00,2020,2021-11-02 20:59:23.295,0.7,82.0,0.7,1.1
2020-11-02 22:00:00,2020,2021-11-02 21:59:23.290,0.1,72.1,0.0,1.6
2020-11-02 23:00:00,2020,2021-11-02 22:59:23.285,0.9,89.9,0.0,2.5
2020-11-03 00:00:00,2020,2021-11-02 23:59:23.280,6.4,76.0,0.0,7.0
2020-11-03 01:00:00,2020,2021-11-03 00:59:23.275,16.2,32.6,0.0,8.7
2020-11-03 02:00:00,2020,2021-11-03 01:59:23.270,16.8,22.0,0.0,2.0
2020-11-03 03:00:00,2020,2021-11-03 02:59:23.265,21.1,7.0,0.0,0.3
2020-11-03 04:00:00,2020,2021-11-03 03:59:23.260,13.8,3.8,0.1,0.0
2020-11-03 05:00:00,2020,2021-11-03 04:59:23.255,4.5,0.3,0.0,0.0
2020-11-03 06:00:00,2020,2021-11-03 05:59:23.250,1.5,4.2,0.3,0.0
2020-11-03 07:00:00,2020,2021-11-03 06:59:23.245,0.0,2.0,0.1,4.7
2020-11-03 08:00:00,2020,2021-11-03 07:59:23.240,0.0,16.4,1.3,5.1
2020-11-03 09:00:00,2020,2021-11-03 08:59:23.235,0.0,37.9,3.6,0.0
2020-11-03 10:00:00,2020,2021-11-03 09:59:23.230,0.0,17.7,1.2,0.0
2020-11-03 11:00:00,2020,2021-11-03 10:59:23.225,0.0,27.8,2.2,0.0
2020-11-03 12:00:00,2020,2021-11-03 11:59:23.220,0.0,53.6,4.2,0.0
2020-11-03 13:00:00,2020,2021-11-03 12:59:23.215,0.2,72.9,5.9,3.8
2020-11-03 14:00:00,2020,2021-11-03 13:59:23.210,0.1,110.1,7.3,11.4
2020-11-03 15:00:00,2020,2021-11-03 14:59:23.205,5.4,178.0,10.3,22.4
2020-11-03 16:00:00,2020,2021-11-03 15:59:23.200,2.5,222.9,12.0,39.5
2020-11-03 17:00:00,2020,2021-11-03 16:59:23.195,0.0,88.7,4.0,11.5
2020-11-03 18:00:00,2020,2021-11-03 17:59:23.190,24.6,112.7,4.9,54.4
2020-11-03 19:00:00,2020,2021-11-03 18:59:23.185,60.1,238.9,10.2,169.9
2020-11-03 20:00:00,2020,2021-11-03 19:59:23.180,83.6,320.4,4.1,139.5
2020-11-03 21:00:00,2020,2021-11-03 20:59:23.175,108.1,365.3,0.7,114.7
2020-11-03 22:00:00,2020,2021-11-03 21:59:23.170,114.0,374.6,2.9,65.1
2020-11-03 23:00:00,2020,2021-11-03 22:59:23.165,188.4,409.5,2.7,71.6
2020-11-04 00:00:00,2020,2021-11-03 23:59:23.160,200.3,523.5,5.2,61.1
2020-11-04 01:00:00,2020,2021-11-04 00:59:23.155,225.3,386.9,7.9,35.4
2020-11-04 02:00:00,2020,2021-11-04 01:59:23.150,209.9,263.2,13.4,30.3
2020-11-04 03:00:00,2020,2021-11-04 02:59:23.145,203.3,296.4,21.7,30.5
2020-11-04 04:00:00,2020,2021-11-04 03:59:23.140,190.5,326.8,35.2,24.0
2020-11-04 05:00:00,2020,2021-11-04 04:59:23.135,165.3,306.1,37.2,15.5
2020-11-04 06:00:00,2020,2021-11-04 05:59:23.130,164.2,306.4,35.2,38.2
2020-11-04 07:00:00,2020,2021-11-04 06:59:23.125,161.1,306.7,39.8,38.3
2020-11-04 08:00:00,2020,2021-11-04 07:59:23.120,153.8,275.9,44.6,42.3
2020-11-04 09:00:00,2020,2021-11-04 08:59:23.115,152.1,268.8,44.6,32.7
2020-11-04 10:00:00,2020,2021-11-04 09:59:23.110,74.5,215.7,27.1,6.8
2020-11-04 11:00:00,2020,2021-11-04 10:59:23.105,48.6,190.3,26.3,0.1
2020-11-04 12:00:00,2020,2021-11-04 11:59:23.100,2.9,168.6,21.1,0.0
2020-11-04 13:00:00,2020,2021-11-04 12:59:23.095,6.6,124.5,18.1,0.5
2020-11-04 14:00:00,2020,2021-11-04 13:59:23.090,11.1,93.0,13.4,10.6
2020-11-04 15:00:00,2020,2021-11-04 14:59:23.085,21.2,63.1,7.6,12.4
2020-11-04 16:00:00,2020,2021-11-04 15:59:23.080,16.8,61.2,4.5,2.0
2020-11-04 17:00:00,2020,2021-11-04 16:59:23.075,36.3,157.2,16.4,3.2
2020-11-04 18:00:00,2020,2021-11-04 17:59:23.070,153.6,176.0,23.4,10.2
2020-11-04 19:00:00,2020,2021-11-04 18:59:23.065,366.4,170.0,25.2,53.5
2020-11-04 20:00:00,2020,2021-11-04 19:59:23.060,601.6,123.1,17.9,184.1
2020-11-04 21:00:00,2020,2021-11-04 20:59:23.055,644.7,77.6,11.2,194.1
2020-11-04 22:00:00,2020,2021-11-04 21:59:23.050,645.1,57.3,10.7,150.1
2020-11-04 23:00:00,2020,2021-11-04 22:59:23.045,644.4,42.2,11.7,160.2
2020-11-05 00:00:00,2020,2021-11-04 23:59:23.040,644.5,21.2,10.7,219.4
2020-11-05 01:00:00,2020,2021-11-05 00:59:23.035,643.3,15.7,11.5,229.2
2020-11-05 02:00:00,2020,2021-11-05 01:59:23.030,645.6,11.0,10.1,212.3
2020-11-05 03:00:00,2020,2021-11-05 02:59:23.025,644.2,7.0,13.0,211.5
2020-11-05 04:00:00,2020,2021-11-05 03:59:23.020,640.1,4.6,14.6,191.2
2020-11-05 05:00:00,2020,2021-11-05 04:59:23.015,640.7,6.0,15.9,247.2
2020-11-05 06:00:00,2020,2021-11-05 05:59:23.010,641.7,15.3,11.3,241.7
2020-11-05 07:00:00,2020,2021-11-05 06:59:23.005,639.2,36.6,8.2,254.2
2020-11-05 08:00:00,2020,2021-11-05 07:59:23.000,638.5,31.9,7.1,219.1
2020-11-05 09:00:00,2020,2021-11-05 08:59:22.995,599.4,15.2,7.8,144.7
2020-11-05 10:00:00,2020,2021-11-05 09:59:22.990,494.3,8.3,9.3,160.1
2020-11-05 11:00:00,2020,2021-11-05 10:59:22.985,275.1,6.3,10.1,59.0
2020-11-05 12:00:00,2020,2021-11-05 11:59:22.980,176.9,9.3,9.5,35.7
2020-11-05 13:00:00,2020,2021-11-05 12:59:22.975,167.4,10.5,8.7,50.0
2020-11-05 14:00:00,2020,2021-11-05 13:59:22.970,310.6,8.8,7.6,50.4
2020-11-05 15:00:00,2020,2021-11-05 14:59:22.965,571.0,3.1,7.1,57.5
2020-11-05 16:00:00,2020,2021-11-05 15:59:22.960,637.7,3.5,6.0,93.7
2020-11-05 17:00:00,2020,2021-11-05 16:59:22.955,641.4,4.3,3.3,216.2
2020-11-05 18:00:00,2020,2021-11-05 17:59:22.950,640.8,6.0,3.7,397.1
2020-11-05 19:00:00,2020,2021-11-05 18:59:22.945,644.9,23.0,0.5,503.5
2020-11-05 20:00:00,2020,2021-11-05 19:59:22.940,653.6,38.3,0.0,506.6
2020-11-05 21:00:00,2020,2021-11-05 20:59:22.935,668.3,189.0,5.1,462.1
2020-11-05 22:00:00,2020,2021-11-05 21:59:22.930,687.6,300.0,7.6,579.3
2020-11-05 23:00:00,2020,2021-11-05 22:59:22.925,671.2,309.1,8.6,677.1
2020-11-06 00:00:00,2020,2021-11-05 23:59:22.920,680.4,460.3,6.7,696.3
2020-11-06 01:00:00,2020,2021-11-06 00:59:22.915,664.6,531.9,46.5,713.9
2020-11-06 02:00:00,2020,2021-11-06 01:59:22.910,664.1,506.8,73.3,716.4
2020-11-06 03:00:00,2020,2021-11-06 02:59:22.905,675.5,405.6,148.2,675.3
2020-11-06 04:00:00,2020,2021-11-06 03:59:22.900,671.7,330.1,144.8,725.6
2020-11-06 05:00:00,2020,2021-11-06 04:59:22.895,658.3,420.6,147.5,719.8
2020-11-06 06:00:00,2020,2021-11-06 05:59:22.890,613.1,473.4,129.9,722.9
2020-11-06 07:00:00,2020,2021-11-06 06:59:22.885,601.2,481.9,117.8,731.2
2020-11-06 08:00:00,2020,2021-11-06 07:59:22.880,639.8,401.3,114.3,729.9
2020-11-06 09:00:00,2020,2021-11-06 08:59:22.875,597.4,472.6,83.6,696.6
2020-11-06 10:00:00,2020,2021-11-06 09:59:22.870,440.2,609.4,51.7,611.6
2020-11-06 11:00:00,2020,2021-11-06 10:59:22.865,354.5,589.4,49.2,536.0
2020-11-06 12:00:00,2020,2021-11-06 11:59:22.860,497.5,625.7,28.1,644.9
2020-11-06 13:00:00,2020,2021-11-06 12:59:22.855,435.3,499.4,40.2,538.7
2020-11-06 14:00:00,2020,2021-11-06 13:59:22.850,430.1,358.5,33.4,553.8
2020-11-06 15:00:00,2020,2021-11-06 14:59:22.845,413.1,298.6,59.8,524.2
2020-11-06 16:00:00,2020,2021-11-06 15:59:22.840,423.1,124.4,42.1,549.2
2020-11-06 17:00:00,2020,2021-11-06 16:59:22.835,62.2,331.2,97.2,639.8
2020-11-06 18:00:00,2020,2021-11-06 17:59:22.830,586.2,528.9,119.0,481.0
2020-11-06 19:00:00,2020,2021-11-06 18:59:22.825,344.9,710.4,138.3,565.1
2020-11-06 20:00:00,2020,2021-11-06 19:59:22.820,493.4,625.8,133.3,425.1
2020-11-06 21:00:00,2020,2021-11-06 20:59:22.815,614.0,830.5,101.9,567.9
2020-11-06 22:00:00,2020,2021-11-06 21:59:22.810,669.1,835.9,121.2,685.7
2020-11-06 23:00:00,2020,2021-11-06 22:59:22.805,656.5,828.4,137.4,645.9
2020-11-07 00:00:00,2020,2021-11-06 23:59:22.800,672.4,830.8,146.5,775.0
2020-11-07 01:00:00,2020,2021-11-07 00:59:22.795,627.6,829.1,146.3,783.5
2020-11-07 02:00:00,2020,2021-11-07 01:59:22.790,639.4,832.8,147.2,787.6
2020-11-07 03:00:00,2020,2021-11-07 02:59:22.785,703.2,829.6,146.4,775.6
2020-11-07 04:00:00,2020,2021-11-07 03:59:22.780,699.3,840.6,147.1,784.9
2020-11-07 05:00:00,2020,2021-11-07 04:59:22.775,696.8,835.7,146.4,781.9
2020-11-07 06:00:00,2020,2021-11-07 05:59:22.770,702.3,837.4,145.4,782.8
2020-11-07 07:00:00,2020,2021-11-07 06:59:22.765,703.1,833.7,144.9,787.2
2020-11-07 08:00:00,2020,2021-11-07 07:59:22.760,701.4,781.0,142.1,763.8
2020-11-07 09:00:00,2020,2021-11-07 08:59:22.755,701.5,653.1,138.0,764.7
2020-11-07 10:00:00,2020,2021-11-07 09:59:22.750,642.6,388.4,119.3,731.2
2020-11-07 11:00:00,2020,2021-11-07 10:59:22.745,598.4,54.8,75.4,711.7
2020-11-07 12:00:00,2020,2021-11-07 11:59:22.740,410.7,283.0,84.9,656.7
2020-11-07 13:00:00,2020,2021-11-07 12:59:22.735,210.8,416.4,99.7,445.5
2020-11-07 14:00:00,2020,2021-11-07 13:59:22.730,147.9,275.2,101.1,274.1
2020-11-07 15:00:00,2020,2021-11-07 14:59:22.725,249.5,220.8,52.8,213.9
2020-11-07 16:00:00,2020,2021-11-07 15:59:22.720,155.1,524.9,31.2,118.8
2020-11-07 17:00:00,2020,2021-11-07 16:59:22.715,46.2,356.0,67.6,18.3
2020-11-07 18:00:00,2020,2021-11-07 17:59:22.710,600.1,689.6,145.4,595.7
2020-11-07 19:00:00,2020,2021-11-07 18:59:22.705,698.5,810.3,140.9,773.2
2020-11-07 20:00:00,2020,2021-11-07 19:59:22.700,692.4,702.1,135.7,760.7
2020-11-07 21:00:00,2020,2021-11-07 20:59:22.695,689.3,808.2,142.1,776.5
2020-11-07 22:00:00,2020,2021-11-07 21:59:22.690,670.5,801.9,146.7,783.4
2020-11-07 23:00:00,2020,2021-11-07 22:59:22.685,666.7,827.3,146.7,772.6
2020-11-08 00:00:00,2020,2021-11-07 23:59:22.680,686.4,736.0,146.9,792.1
2020-11-08 01:00:00,2020,2021-11-08 00:59:22.675,708.1,722.3,147.2,786.3
2020-11-08 02:00:00,2020,2021-11-08 01:59:22.670,705.4,813.5,146.6,795.9
2020-11-08 03:00:00,2020,2021-11-08 02:59:22.665,713.5,834.2,145.8,792.4
2020-11-08 04:00:00,2020,2021-11-08 03:59:22.660,706.6,829.9,145.9,791.7
2020-11-08 05:00:00,2020,2021-11-08 04:59:22.655,713.5,830.2,146.2,786.5
2020-11-08 06:00:00,2020,2021-11-08 05:59:22.650,713.4,786.8,146.3,791.7
2020-11-08 07:00:00,2020,2021-11-08 06:59:22.645,712.6,820.1,147.9,790.2
2020-11-08 08:00:00,2020,2021-11-08 07:59:22.640,713.1,790.1,146.6,790.8
2020-11-08 09:00:00,2020,2021-11-08 08:59:22.635,707.7,830.4,145.5,775.7
2020-11-08 10:00:00,2020,2021-11-08 09:59:22.630,704.0,817.3,124.2,670.8
2020-11-08 11:00:00,2020,2021-11-08 10:59:22.625,700.1,780.4,95.6,676.9
2020-11-08 12:00:00,2020,2021-11-08 11:59:22.620,687.1,761.4,103.8,649.8
2020-11-08 13:00:00,2020,2021-11-08 12:59:22.615,496.9,680.8,83.1,540.0
2020-11-08 14:00:00,2020,2021-11-08 13:59:22.610,311.1,403.4,41.1,392.3
2020-11-08 15:00:00,2020,2021-11-08 14:59:22.605,355.9,210.1,32.8,511.1
2020-11-08 16:00:00,2020,2021-11-08 15:59:22.600,339.1,7.3,24.3,477.9
2020-11-08 17:00:00,2020,2021-11-08 16:59:22.595,355.1,78.9,83.3,618.7
2020-11-08 18:00:00,2020,2021-11-08 17:59:22.590,472.3,132.8,78.5,613.7
2020-11-08 19:00:00,2020,2021-11-08 18:59:22.585,611.0,255.2,74.3,577.1
2020-11-08 20:00:00,2020,2021-11-08 19:59:22.580,388.7,96.0,46.5,391.1
2020-11-08 21:00:00,2020,2021-11-08 20:59:22.575,670.7,71.0,81.2,532.1
2020-11-08 22:00:00,2020,2021-11-08 21:59:22.570,681.9,556.9,134.9,781.2
2020-11-08 23:00:00,2020,2021-11-08 22:59:22.565,693.2,836.2,143.8,797.6
2020-11-09 00:00:00,2020,2021-11-08 23:59:22.560,712.2,840.4,146.1,735.3
2020-11-09 01:00:00,2020,2021-11-09 00:59:22.555,712.3,839.9,145.4,799.0
2020-11-09 02:00:00,2020,2021-11-09 01:59:22.550,710.7,838.5,146.3,799.1
2020-11-09 03:00:00,2020,2021-11-09 02:59:22.545,706.2,809.4,133.4,799.1
2020-11-09 04:00:00,2020,2021-11-09 03:59:22.540,701.7,821.0,71.6,799.1
2020-11-09 05:00:00,2020,2021-11-09 04:59:22.535,707.4,735.1,59.0,799.1
2020-11-09 06:00:00,2020,2021-11-09 05:59:22.530,685.6,542.7,99.5,799.1
2020-11-09 07:00:00,2020,2021-11-09 06:59:22.525,675.6,609.5,110.4,799.1
2020-11-09 08:00:00,2020,2021-11-09 07:59:22.520,660.2,653.5,118.7,799.1
2020-11-09 09:00:00,2020,2021-11-09 08:59:22.515,658.3,624.8,120.4,799.1
2020-11-09 10:00:00,2020,2021-11-09 09:59:22.510,661.7,564.0,134.2,799.1
2020-11-09 11:00:00,2020,2021-11-09 10:59:22.505,663.3,577.3,147.4,799.1
2020-11-09 12:00:00,2020,2021-11-09 11:59:22.500,664.5,532.9,146.8,799.1
2020-11-09 13:00:00,2020,2021-11-09 12:59:22.495,663.7,536.0,147.6,799.1
2020-11-09 14:00:00,2020,2021-11-09 13:59:22.490,662.0,539.4,147.7,799.1
2020-11-09 15:00:00,2020,2021-11-09 14:59:22.485,668.8,549.5,146.5,796.0
2020-11-09 16:00:00,2020,2021-11-09 15:59:22.480,682.3,840.6,147.2,794.0
2020-11-09 17:00:00,2020,2021-11-09 16:59:22.475,682.6,824.1,144.7,769.9
2020-11-09 18:00:00,2020,2021-11-09 17:59:22.470,700.6,803.7,147.1,748.9
2020-11-09 19:00:00,2020,2021-11-09 18:59:22.465,711.1,749.8,139.2,779.9
2020-11-09 20:00:00,2020,2021-11-09 19:59:22.460,712.2,804.1,147.2,792.5
2020-11-09 21:00:00,2020,2021-11-09 20:59:22.455,709.7,847.0,148.3,791.2
2020-11-09 22:00:00,2020,2021-11-09 21:59:22.450,712.2,847.0,148.3,797.3
2020-11-09 23:00:00,2020,2021-11-09 22:59:22.445,710.6,847.0,148.3,797.5
2020-11-10 00:00:00,2020,2021-11-09 23:59:22.440,713.5,846.8,148.3,795.7
2020-11-10 01:00:00,2020,2021-11-10 00:59:22.435,713.5,846.9,148.3,789.2
2020-11-10 02:00:00,2020,2021-11-10 01:59:22.430,712.6,837.4,148.3,790.9
2020-11-10 03:00:00,2020,2021-11-10 02:59:22.425,709.8,751.9,147.7,799.1
2020-11-10 04:00:00,2020,2021-11-10 03:59:22.420,707.3,810.2,145.8,799.1
2020-11-10 05:00:00,2020,2021-11-10 04:59:22.415,707.0,834.6,146.4,799.1
2020-11-10 06:00:00,2020,2021-11-10 05:59:22.410,709.2,835.7,137.9,799.1
2020-11-10 07:00:00,2020,2021-11-10 06:59:22.405,712.3,838.1,132.7,784.0
2020-11-10 08:00:00,2020,2021-11-10 07:59:22.400,700.8,831.2,123.5,748.1
2020-11-10 09:00:00,2020,2021-11-10 08:59:22.395,700.2,826.2,66.7,677.1
2020-11-10 10:00:00,2020,2021-11-10 09:59:22.390,674.0,788.8,103.9,592.3
2020-11-10 11:00:00,2020,2021-11-10 10:59:22.385,651.4,814.6,110.3,467.9
2020-11-10 12:00:00,2020,2021-11-10 11:59:22.380,647.2,642.9,33.9,500.9
2020-11-10 13:00:00,2020,2021-11-10 12:59:22.375,598.3,617.3,80.3,566.3
2020-11-10 14:00:00,2020,2021-11-10 13:59:22.370,688.9,628.5,98.3,604.4
2020-11-10 15:00:00,2020,2021-11-10 14:59:22.365,696.1,742.6,103.9,704.3
2020-11-10 16:00:00,2020,2021-11-10 15:59:22.360,701.4,826.8,124.5,687.7
2020-11-10 17:00:00,2020,2021-11-10 16:59:22.355,677.4,729.1,138.5,619.5
2020-11-10 18:00:00,2020,2021-11-10 17:59:22.350,692.5,735.9,142.2,741.7
2020-11-10 19:00:00,2020,2021-11-10 18:59:22.345,703.3,752.8,144.6,781.9
2020-11-10 20:00:00,2020,2021-11-10 19:59:22.340,707.4,815.9,133.0,790.7
2020-11-10 21:00:00,2020,2021-11-10 20:59:22.335,709.5,825.7,145.2,785.4
2020-11-10 22:00:00,2020,2021-11-10 21:59:22.330,709.3,801.9,141.4,789.4
2020-11-10 23:00:00,2020,2021-11-10 22:59:22.325,695.6,567.7,141.1,783.4
2020-11-11 00:00:00,2020,2021-11-10 23:59:22.320,706.4,452.7,107.6,763.6
2020-11-11 01:00:00,2020,2021-11-11 00:59:22.315,709.4,554.4,54.3,721.3
2020-11-11 02:00:00,2020,2021-11-11 01:59:22.310,692.6,465.5,50.7,604.6
2020-11-11 03:00:00,2020,2021-11-11 02:59:22.305,686.4,446.5,68.0,489.9
2020-11-11 04:00:00,2020,2021-11-11 03:59:22.300,685.7,349.4,59.1,336.5
2020-11-11 05:00:00,2020,2021-11-11 04:59:22.295,702.2,267.7,28.9,352.6
2020-11-11 06:00:00,2020,2021-11-11 05:59:22.290,500.7,260.3,33.7,276.2
2020-11-11 07:00:00,2020,2021-11-11 06:59:22.285,331.0,320.2,43.2,393.9
2020-11-11 08:00:00,2020,2021-11-11 07:59:22.280,302.8,334.6,65.3,453.7
2020-11-11 09:00:00,2020,2021-11-11 08:59:22.275,164.5,233.4,48.8,392.6
2020-11-11 10:00:00,2020,2021-11-11 09:59:22.270,122.9,36.0,12.1,286.4
2020-11-11 11:00:00,2020,2021-11-11 10:59:22.265,55.5,59.7,49.0,321.5
2020-11-11 12:00:00,2020,2021-11-11 11:59:22.260,25.8,54.2,24.6,231.9
2020-11-11 13:00:00,2020,2021-11-11 12:59:22.255,35.7,63.4,5.9,156.7
2020-11-11 14:00:00,2020,2021-11-11 13:59:22.250,90.3,181.1,9.2,138.5
2020-11-11 15:00:00,2020,2021-11-11 14:59:22.245,138.4,120.3,5.4,149.7
2020-11-11 16:00:00,2020,2021-11-11 15:59:22.240,322.9,93.7,7.2,143.3
2020-11-11 17:00:00,2020,2021-11-11 16:59:22.235,109.0,41.0,43.0,183.8
2020-11-11 18:00:00,2020,2021-11-11 17:59:22.230,14.2,123.2,56.4,213.7
2020-11-11 19:00:00,2020,2021-11-11 18:59:22.225,0.0,43.3,12.8,61.9
2020-11-11 20:00:00,2020,2021-11-11 19:59:22.220,0.0,49.0,31.0,95.3
2020-11-11 21:00:00,2020,2021-11-11 20:59:22.215,76.4,103.1,61.3,137.8
2020-11-11 22:00:00,2020,2021-11-11 21:59:22.210,48.3,177.7,59.5,279.2
2020-11-11 23:00:00,2020,2021-11-11 22:59:22.205,108.5,113.1,38.7,224.9
2020-11-12 00:00:00,2020,2021-11-11 23:59:22.200,47.6,77.0,10.4,216.6
2020-11-12 01:00:00,2020,2021-11-12 00:59:22.195,24.5,95.5,21.3,188.2
2020-11-12 02:00:00,2020,2021-11-12 01:59:22.190,120.1,132.0,22.0,255.6
2020-11-12 03:00:00,2020,2021-11-12 02:59:22.185,171.2,71.4,50.9,330.6
2020-11-12 04:00:00,2020,2021-11-12 03:59:22.180,0.0,32.5,38.6,379.1
2020-11-12 05:00:00,2020,2021-11-12 04:59:22.175,68.6,210.8,37.1,411.6
2020-11-12 06:00:00,2020,2021-11-12 05:59:22.170,269.8,175.4,46.6,448.2
2020-11-12 07:00:00,2020,2021-11-12 06:59:22.165,498.5,76.7,43.3,437.8
2020-11-12 08:00:00,2020,2021-11-12 07:59:22.160,483.0,47.9,25.6,576.0
2020-11-12 09:00:00,2020,2021-11-12 08:59:22.155,549.6,53.6,20.0,599.9
2020-11-12 10:00:00,2020,2021-11-12 09:59:22.150,421.9,0.2,1.0,506.5
2020-11-12 11:00:00,2020,2021-11-12 10:59:22.145,409.3,0.0,0.6,415.4
2020-11-12 12:00:00,2020,2021-11-12 11:59:22.140,372.4,5.1,0.1,263.2
2020-11-12 13:00:00,2020,2021-11-12 12:59:22.135,336.7,72.3,6.2,184.4
2020-11-12 14:00:00,2020,2021-11-12 13:59:22.130,236.8,239.2,11.0,132.5
2020-11-12 15:00:00,2020,2021-11-12 14:59:22.125,197.3,187.7,8.2,90.4
2020-11-12 16:00:00,2020,2021-11-12 15:59:22.120,306.7,171.2,16.9,154.4
2020-11-12 17:00:00,2020,2021-11-12 16:59:22.115,522.4,62.9,11.2,327.9
2020-11-12 18:00:00,2020,2021-11-12 17:59:22.110,493.3,224.1,68.6,342.5
2020-11-12 19:00:00,2020,2021-11-12 18:59:22.105,382.1,356.0,90.9,267.6
2020-11-12 20:00:00,2020,2021-11-12 19:59:22.100,142.9,336.5,123.2,180.7
2020-11-12 21:00:00,2020,2021-11-12 20:59:22.095,270.2,190.7,132.1,454.0
2020-11-12 22:00:00,2020,2021-11-12 21:59:22.090,525.2,329.3,127.2,639.9
2020-11-12 23:00:00,2020,2021-11-12 22:59:22.085,485.0,380.3,103.5,545.2
2020-11-13 00:00:00,2020,2021-11-12 23:59:22.080,446.2,314.4,49.8,520.0
2020-11-13 01:00:00,2020,2021-11-13 00:59:22.075,443.0,212.5,44.8,635.6
2020-11-13 02:00:00,2020,2021-11-13 01:59:22.070,429.0,246.1,75.6,515.9
2020-11-13 03:00:00,2020,2021-11-13 02:59:22.065,425.3,276.0,87.2,431.4
2020-11-13 04:00:00,2020,2021-11-13 03:59:22.060,444.3,320.0,94.3,466.4
2020-11-13 05:00:00,2020,2021-11-13 04:59:22.055,484.4,150.5,62.8,495.2
2020-11-13 06:00:00,2020,2021-11-13 05:59:22.050,517.7,187.0,64.8,384.6
2020-11-13 07:00:00,2020,2021-11-13 06:59:22.045,549.9,246.4,52.4,451.2
2020-11-13 08:00:00,2020,2021-11-13 07:59:22.040,587.3,56.2,36.9,621.4
2020-11-13 09:00:00,2020,2021-11-13 08:59:22.035,551.8,35.0,70.0,697.4
2020-11-13 10:00:00,2020,2021-11-13 09:59:22.030,567.6,54.1,44.1,708.2
2020-11-13 11:00:00,2020,2021-11-13 10:59:22.025,620.2,66.6,41.2,697.9
2020-11-13 12:00:00,2020,2021-11-13 11:59:22.020,616.6,146.1,32.4,733.0
2020-11-13 13:00:00,2020,2021-11-13 12:59:22.015,684.7,304.0,4.1,736.1
2020-11-13 14:00:00,2020,2021-11-13 13:59:22.010,687.9,522.0,1.8,719.1
2020-11-13 15:00:00,2020,2021-11-13 14:59:22.005,644.0,708.1,69.4,700.9
2020-11-13 16:00:00,2020,2021-11-13 15:59:22.000,533.8,613.4,112.3,747.3
2020-11-13 17:00:00,2020,2021-11-13 16:59:21.995,672.8,783.3,122.1,781.8
2020-11-13 18:00:00,2020,2021-11-13 17:59:21.990,439.8,828.0,119.1,771.0
2020-11-13 19:00:00,2020,2021-11-13 18:59:21.985,172.4,793.6,116.8,648.7
2020-11-13 20:00:00,2020,2021-11-13 19:59:21.980,0.0,811.7,103.1,629.2
2020-11-13 21:00:00,2020,2021-11-13 20:59:21.975,1.3,633.0,65.3,741.3
2020-11-13 22:00:00,2020,2021-11-13 21:59:21.970,112.3,368.1,115.7,783.3
2020-11-13 23:00:00,2020,2021-11-13 22:59:21.965,675.2,359.3,92.0,796.1
2020-11-14 00:00:00,2020,2021-11-13 23:59:21.960,679.0,372.7,103.2,792.0
2020-11-14 01:00:00,2020,2021-11-14 00:59:21.955,688.6,327.9,117.4,773.9
2020-11-14 02:00:00,2020,2021-11-14 01:59:21.950,681.7,248.0,121.0,782.7
2020-11-14 03:00:00,2020,2021-11-14 02:59:21.945,663.0,241.9,83.9,777.0
2020-11-14 04:00:00,2020,2021-11-14 03:59:21.940,611.6,299.0,75.2,709.9
2020-11-14 05:00:00,2020,2021-11-14 04:59:21.935,614.2,432.1,85.0,590.6
2020-11-14 06:00:00,2020,2021-11-14 05:59:21.930,538.0,517.6,117.8,453.4
2020-11-14 07:00:00,2020,2021-11-14 06:59:21.925,461.1,467.1,122.5,382.3
2020-11-14 08:00:00,2020,2021-11-14 07:59:21.920,238.5,436.8,95.1,460.6
2020-11-14 09:00:00,2020,2021-11-14 08:59:21.915,408.7,543.1,69.3,554.4
2020-11-14 10:00:00,2020,2021-11-14 09:59:21.910,332.2,187.9,24.9,556.1
2020-11-14 11:00:00,2020,2021-11-14 10:59:21.905,385.7,539.7,31.3,541.8
2020-11-14 12:00:00,2020,2021-11-14 11:59:21.900,434.7,620.1,34.8,474.9
2020-11-14 13:00:00,2020,2021-11-14 12:59:21.895,581.9,620.4,38.7,576.2
2020-11-14 14:00:00,2020,2021-11-14 13:59:21.890,620.3,678.3,60.9,564.7
2020-11-14 15:00:00,2020,2021-11-14 14:59:21.885,620.9,680.7,77.0,541.1
2020-11-14 16:00:00,2020,2021-11-14 15:59:21.880,595.1,525.3,58.3,545.5
2020-11-14 17:00:00,2020,2021-11-14 16:59:21.875,362.9,673.5,137.4,469.3
2020-11-14 18:00:00,2020,2021-11-14 17:59:21.870,437.3,594.6,146.7,614.5
2020-11-14 19:00:00,2020,2021-11-14 18:59:21.865,676.5,747.5,147.5,751.4
2020-11-14 20:00:00,2020,2021-11-14 19:59:21.860,701.0,634.6,147.0,783.0
2020-11-14 21:00:00,2020,2021-11-14 20:59:21.855,712.4,716.5,146.0,783.8
2020-11-14 22:00:00,2020,2021-11-14 21:59:21.850,713.5,769.9,146.3,777.6
2020-11-14 23:00:00,2020,2021-11-14 22:59:21.845,713.5,780.0,147.2,768.7
2020-11-15 00:00:00,2020,2021-11-14 23:59:21.840,713.5,837.0,145.5,738.9
2020-11-15 01:00:00,2020,2021-11-15 00:59:21.835,708.4,806.8,146.9,775.8
2020-11-15 02:00:00,2020,2021-11-15 01:59:21.830,702.4,804.7,147.8,768.4
2020-11-15 03:00:00,2020,2021-11-15 02:59:21.825,702.2,822.5,147.7,785.1
2020-11-15 04:00:00,2020,2021-11-15 03:59:21.820,684.4,814.4,147.3,787.2
2020-11-15 05:00:00,2020,2021-11-15 04:59:21.815,698.7,816.3,146.8,784.7
2020-11-15 06:00:00,2020,2021-11-15 05:59:21.810,696.7,826.3,147.4,791.6
2020-11-15 07:00:00,2020,2021-11-15 06:59:21.805,697.2,826.3,146.2,793.1
2020-11-15 08:00:00,2020,2021-11-15 07:59:21.800,701.6,825.2,146.7,792.3
2020-11-15 09:00:00,2020,2021-11-15 08:59:21.795,699.0,834.5,146.6,790.5
2020-11-15 10:00:00,2020,2021-11-15 09:59:21.790,691.6,834.2,147.2,787.3
2020-11-15 11:00:00,2020,2021-11-15 10:59:21.785,683.7,753.9,146.1,784.9
2020-11-15 12:00:00,2020,2021-11-15 11:59:21.780,584.1,705.0,146.6,772.9
2020-11-15 13:00:00,2020,2021-11-15 12:59:21.775,661.0,762.0,146.2,772.2
2020-11-15 14:00:00,2020,2021-11-15 13:59:21.770,608.5,799.3,141.7,742.3
2020-11-15 15:00:00,2020,2021-11-15 14:59:21.765,458.6,807.9,122.5,688.3
2020-11-15 16:00:00,2020,2021-11-15 15:59:21.760,648.6,798.5,72.9,567.1
2020-11-15 17:00:00,2020,2021-11-15 16:59:21.755,649.1,301.8,104.0,735.6
2020-11-15 18:00:00,2020,2021-11-15 17:59:21.750,628.7,302.7,40.6,764.3
2020-11-15 19:00:00,2020,2021-11-15 18:59:21.745,640.1,699.4,37.1,764.8
2020-11-15 20:00:00,2020,2021-11-15 19:59:21.740,704.3,676.9,40.6,734.9
2020-11-15 21:00:00,2020,2021-11-15 20:59:21.735,682.0,659.9,84.6,799.1
2020-11-15 22:00:00,2020,2021-11-15 21:59:21.730,624.0,232.2,117.2,764.1
2020-11-15 23:00:00,2020,2021-11-15 22:59:21.725,680.5,337.4,63.9,798.3
2020-11-16 00:00:00,2020,2021-11-15 23:59:21.720,703.8,548.3,113.3,799.1
2020-11-16 01:00:00,2020,2021-11-16 00:59:21.715,709.9,540.8,143.6,799.1
2020-11-16 02:00:00,2020,2021-11-16 01:59:21.710,687.0,740.4,146.5,799.1
2020-11-16 03:00:00,2020,2021-11-16 02:59:21.705,618.2,838.8,146.9,794.3
2020-11-16 04:00:00,2020,2021-11-16 03:59:21.700,518.0,810.6,147.3,796.4
2020-11-16 05:00:00,2020,2021-11-16 04:59:21.695,507.7,68.1,148.1,742.4
2020-11-16 06:00:00,2020,2021-11-16 05:59:21.690,376.2,39.4,77.1,647.6
2020-11-16 07:00:00,2020,2021-11-16 06:59:21.685,54.7,250.5,135.2,558.0
2020-11-16 08:00:00,2020,2021-11-16 07:59:21.680,129.1,148.0,148.1,701.9
2020-11-16 09:00:00,2020,2021-11-16 08:59:21.675,553.7,793.4,147.9,764.2
2020-11-16 10:00:00,2020,2021-11-16 09:59:21.670,643.6,843.0,147.0,792.8
2020-11-16 11:00:00,2020,2021-11-16 10:59:21.665,436.3,823.1,134.8,788.2
2020-11-16 12:00:00,2020,2021-11-16 11:59:21.660,701.4,847.0,148.3,791.7
2020-11-16 13:00:00,2020,2021-11-16 12:59:21.655,712.3,840.3,147.9,796.1
2020-11-16 14:00:00,2020,2021-11-16 13:59:21.650,712.3,828.1,146.9,793.8
2020-11-16 15:00:00,2020,2021-11-16 14:59:21.645,711.0,748.9,145.1,791.4
2020-11-16 16:00:00,2020,2021-11-16 15:59:21.640,708.6,408.8,144.9,791.0
2020-11-16 17:00:00,2020,2021-11-16 16:59:21.635,689.5,712.5,141.0,675.2
2020-11-16 18:00:00,2020,2021-11-16 17:59:21.630,685.2,713.6,146.5,777.0
2020-11-16 19:00:00,2020,2021-11-16 18:59:21.625,713.5,739.1,110.5,793.8
2020-11-16 20:00:00,2020,2021-11-16 19:59:21.620,711.8,680.2,48.2,792.5
2020-11-16 21:00:00,2020,2021-11-16 20:59:21.615,703.2,467.7,106.2,695.3
2020-11-16 22:00:00,2020,2021-11-16 21:59:21.610,702.3,599.7,131.8,714.1
2020-11-16 23:00:00,2020,2021-11-16 22:59:21.605,698.5,612.9,112.0,769.6
2020-11-17 00:00:00,2020,2021-11-16 23:59:21.600,703.5,574.3,104.9,774.6
2020-11-17 01:00:00,2020,2021-11-17 00:59:21.595,697.7,746.4,138.8,743.1
2020-11-17 02:00:00,2020,2021-11-17 01:59:21.590,665.4,788.8,120.0,740.0
2020-11-17 03:00:00,2020,2021-11-17 02:59:21.585,692.6,772.4,117.8,732.6
2020-11-17 04:00:00,2020,2021-11-17 03:59:21.580,658.2,766.3,73.9,685.0
2020-11-17 05:00:00,2020,2021-11-17 04:59:21.575,688.4,663.2,113.7,686.6
2020-11-17 06:00:00,2020,2021-11-17 05:59:21.570,688.4,540.6,103.1,705.3
2020-11-17 07:00:00,2020,2021-11-17 06:59:21.565,681.6,278.8,80.2,757.3
2020-11-17 08:00:00,2020,2021-11-17 07:59:21.560,630.0,124.1,83.9,731.3
2020-11-17 09:00:00,2020,2021-11-17 08:59:21.555,553.9,31.4,90.5,646.8
2020-11-17 10:00:00,2020,2021-11-17 09:59:21.550,314.9,38.7,97.6,511.1
2020-11-17 11:00:00,2020,2021-11-17 10:59:21.545,206.3,76.2,93.4,410.4
2020-11-17 12:00:00,2020,2021-11-17 11:59:21.540,89.6,119.3,127.8,359.7
2020-11-17 13:00:00,2020,2021-11-17 12:59:21.535,94.6,194.1,128.4,308.3
2020-11-17 14:00:00,2020,2021-11-17 13:59:21.530,26.4,331.5,112.7,276.7
2020-11-17 15:00:00,2020,2021-11-17 14:59:21.525,32.4,276.6,57.0,272.7
2020-11-17 16:00:00,2020,2021-11-17 15:59:21.520,31.9,259.3,37.2,202.9
2020-11-17 17:00:00,2020,2021-11-17 16:59:21.515,8.1,113.4,30.0,243.3
2020-11-17 18:00:00,2020,2021-11-17 17:59:21.510,45.1,96.3,54.5,136.3
2020-11-17 19:00:00,2020,2021-11-17 18:59:21.505,124.7,75.8,73.2,166.0
2020-11-17 20:00:00,2020,2021-11-17 19:59:21.500,178.9,79.4,64.0,280.2
2020-11-17 21:00:00,2020,2021-11-17 20:59:21.495,515.6,123.0,69.8,491.5
2020-11-17 22:00:00,2020,2021-11-17 21:59:21.490,679.3,158.3,69.0,655.8
2020-11-17 23:00:00,2020,2021-11-17 22:59:21.485,691.4,254.7,82.2,721.2
2020-11-18 00:00:00,2020,2021-11-17 23:59:21.480,698.3,378.9,59.3,756.2
2020-11-18 01:00:00,2020,2021-11-18 00:59:21.475,704.6,369.6,71.0,777.0
2020-11-18 02:00:00,2020,2021-11-18 01:59:21.470,709.2,608.2,92.5,791.1
2020-11-18 03:00:00,2020,2021-11-18 02:59:21.465,710.8,819.9,104.4,794.2
2020-11-18 04:00:00,2020,2021-11-18 03:59:21.460,707.9,765.9,94.0,791.1
2020-11-18 05:00:00,2020,2021-11-18 04:59:21.455,687.4,721.5,104.1,782.7
2020-11-18 06:00:00,2020,2021-11-18 05:59:21.450,686.3,692.7,91.5,768.0
2020-11-18 07:00:00,2020,2021-11-18 06:59:21.445,677.7,701.3,84.3,709.5
2020-11-18 08:00:00,2020,2021-11-18 07:59:21.440,676.0,660.5,118.2,724.1
2020-11-18 09:00:00,2020,2021-11-18 08:59:21.435,659.9,806.5,144.4,784.2
2020-11-18 10:00:00,2020,2021-11-18 09:59:21.430,487.8,698.2,114.0,774.4
2020-11-18 11:00:00,2020,2021-11-18 10:59:21.425,710.8,734.5,132.8,779.7
2020-11-18 12:00:00,2020,2021-11-18 11:59:21.420,713.5,812.7,147.2,787.9
2020-11-18 13:00:00,2020,2021-11-18 12:59:21.415,705.1,782.1,146.7,795.3
2020-11-18 14:00:00,2020,2021-11-18 13:59:21.410,711.3,789.4,146.3,798.3
2020-11-18 15:00:00,2020,2021-11-18 14:59:21.405,664.6,747.3,146.3,791.3
2020-11-18 16:00:00,2020,2021-11-18 15:59:21.400,439.1,832.9,129.1,704.6
2020-11-18 17:00:00,2020,2021-11-18 16:59:21.395,672.4,743.5,93.4,742.8
2020-11-18 18:00:00,2020,2021-11-18 17:59:21.390,587.3,817.4,125.9,743.9
2020-11-18 19:00:00,2020,2021-11-18 18:59:21.385,618.9,739.2,99.4,646.2
2020-11-18 20:00:00,2020,2021-11-18 19:59:21.380,478.5,821.6,122.2,681.6
2020-11-18 21:00:00,2020,2021-11-18 20:59:21.375,249.8,837.4,145.3,576.8
2020-11-18 22:00:00,2020,2021-11-18 21:59:21.370,499.8,844.5,142.6,700.9
2020-11-18 23:00:00,2020,2021-11-18 22:59:21.365,661.6,842.4,146.2,738.0
2020-11-19 00:00:00,2020,2021-11-18 23:59:21.360,662.2,836.1,146.2,784.6
2020-11-19 01:00:00,2020,2021-11-19 00:59:21.355,623.5,840.6,147.3,792.7
2020-11-19 02:00:00,2020,2021-11-19 01:59:21.350,463.2,246.1,119.5,788.1
2020-11-19 03:00:00,2020,2021-11-19 02:59:21.345,713.5,87.9,10.9,508.2
2020-11-19 04:00:00,2020,2021-11-19 03:59:21.340,707.1,181.5,20.1,238.2
2020-11-19 05:00:00,2020,2021-11-19 04:59:21.335,613.1,336.9,76.2,397.3
2020-11-19 06:00:00,2020,2021-11-19 05:59:21.330,675.0,271.2,141.9,157.2
2020-11-19 07:00:00,2020,2021-11-19 06:59:21.325,660.1,410.1,133.8,488.6
2020-11-19 08:00:00,2020,2021-11-19 07:59:21.320,275.2,722.3,87.7,251.3
2020-11-19 09:00:00,2020,2021-11-19 08:59:21.315,279.0,756.8,80.8,390.2
2020-11-19 10:00:00,2020,2021-11-19 09:59:21.310,0.0,465.6,67.8,69.9
2020-11-19 11:00:00,2020,2021-11-19 10:59:21.305,0.0,131.2,31.6,100.1
2020-11-19 12:00:00,2020,2021-11-19 11:59:21.300,0.0,61.4,49.8,0.0
2020-11-19 13:00:00,2020,2021-11-19 12:59:21.295,0.0,67.7,9.3,0.0
2020-11-19 14:00:00,2020,2021-11-19 13:59:21.290,0.0,57.8,14.6,10.1
2020-11-19 15:00:00,2020,2021-11-19 14:59:21.285,0.0,78.2,13.5,168.8
2020-11-19 16:00:00,2020,2021-11-19 15:59:21.280,0.0,59.8,16.9,143.6
2020-11-19 17:00:00,2020,2021-11-19 16:59:21.275,36.2,84.6,10.0,181.0
2020-11-19 18:00:00,2020,2021-11-19 17:59:21.270,133.8,95.0,3.6,136.3
2020-11-19 19:00:00,2020,2021-11-19 18:59:21.265,250.0,138.5,22.1,130.3
2020-11-19 20:00:00,2020,2021-11-19 19:59:21.260,233.5,132.2,9.7,191.6
2020-11-19 21:00:00,2020,2021-11-19 20:59:21.255,102.1,143.0,10.6,45.7
2020-11-19 22:00:00,2020,2021-11-19 21:59:21.250,16.0,160.9,23.8,0.0
2020-11-19 23:00:00,2020,2021-11-19 22:59:21.245,2.1,182.5,76.4,0.0
2020-11-20 00:00:00,2020,2021-11-19 23:59:21.240,1.0,220.3,62.8,0.0
2020-11-20 01:00:00,2020,2021-11-20 00:59:21.235,0.1,254.9,32.0,0.0
2020-11-20 02:00:00,2020,2021-11-20 01:59:21.230,0.0,206.6,15.4,0.0
2020-11-20 03:00:00,2020,2021-11-20 02:59:21.225,6.2,151.5,2.5,0.0
2020-11-20 04:00:00,2020,2021-11-20 03:59:21.220,3.5,84.1,0.0,2.2
2020-11-20 05:00:00,2020,2021-11-20 04:59:21.215,0.2,40.9,0.1,0.0
2020-11-20 06:00:00,2020,2021-11-20 05:59:21.210,0.0,39.1,0.1,0.0
2020-11-20 07:00:00,2020,2021-11-20 06:59:21.205,3.0,103.6,2.6,1.1
2020-11-20 08:00:00,2020,2021-11-20 07:59:21.200,29.9,162.2,8.5,1.9
2020-11-20 09:00:00,2020,2021-11-20 08:59:21.195,13.9,123.8,15.0,3.2
2020-11-20 10:00:00,2020,2021-11-20 09:59:21.190,7.9,55.5,20.5,0.6
2020-11-20 11:00:00,2020,2021-11-20 10:59:21.185,46.2,4.1,9.2,12.2
2020-11-20 12:00:00,2020,2021-11-20 11:59:21.180,70.3,12.5,4.5,21.5
2020-11-20 13:00:00,2020,2021-11-20 12:59:21.175,77.9,26.0,5.1,12.7
2020-11-20 14:00:00,2020,2021-11-20 13:59:21.170,78.3,17.1,6.0,32.0
2020-11-20 15:00:00,2020,2021-11-20 14:59:21.165,30.9,8.4,3.4,52.4
2020-11-20 16:00:00,2020,2021-11-20 15:59:21.160,4.9,3.0,4.1,48.8
2020-11-20 17:00:00,2020,2021-11-20 16:59:21.155,12.7,3.7,1.0,8.7
2020-11-20 18:00:00,2020,2021-11-20 17:59:21.150,2.3,9.5,5.0,23.3
2020-11-20 19:00:00,2020,2021-11-20 18:59:21.145,19.6,71.9,1.8,28.2
2020-11-20 20:00:00,2020,2021-11-20 19:59:21.140,20.8,42.8,0.9,39.7
2020-11-20 21:00:00,2020,2021-11-20 20:59:21.135,37.0,13.5,0.1,65.6
2020-11-20 22:00:00,2020,2021-11-20 21:59:21.130,50.0,15.5,0.3,97.8
2020-11-20 23:00:00,2020,2021-11-20 22:59:21.125,66.0,14.9,0.1,76.6
2020-11-21 00:00:00,2020,2021-11-20 23:59:21.120,64.7,20.0,0.1,61.3
2020-11-21 01:00:00,2020,2021-11-21 00:59:21.115,0.4,18.6,1.8,69.8
2020-11-21 02:00:00,2020,2021-11-21 01:59:21.110,0.0,12.9,1.3,64.3
2020-11-21 03:00:00,2020,2021-11-21 02:59:21.105,0.0,9.4,2.3,43.6
2020-11-21 04:00:00,2020,2021-11-21 03:59:21.100,20.2,28.4,4.3,25.8
2020-11-21 05:00:00,2020,2021-11-21 04:59:21.095,7.5,35.8,7.9,5.2
2020-11-21 06:00:00,2020,2021-11-21 05:59:21.090,11.3,22.9,11.7,0.4
2020-11-21 07:00:00,2020,2021-11-21 06:59:21.085,3.9,15.7,4.9,0.3
2020-11-21 08:00:00,2020,2021-11-21 07:59:21.080,2.4,13.4,0.0,3.2
2020-11-21 09:00:00,2020,2021-11-21 08:59:21.075,9.6,8.1,0.0,5.7
2020-11-21 10:00:00,2020,2021-11-21 09:59:21.070,35.1,2.3,0.0,3.7
2020-11-21 11:00:00,2020,2021-11-21 10:59:21.065,20.4,0.1,0.0,1.4
2020-11-21 12:00:00,2020,2021-11-21 11:59:21.060,31.6,0.0,0.0,1.1
2020-11-21 13:00:00,2020,2021-11-21 12:59:21.055,50.5,0.0,1.4,0.9
2020-11-21 14:00:00,2020,2021-11-21 13:59:21.050,56.6,9.4,2.9,1.7
2020-11-21 15:00:00,2020,2021-11-21 14:59:21.045,53.3,8.7,1.5,1.6
2020-11-21 16:00:00,2020,2021-11-21 15:59:21.040,103.5,11.4,1.6,8.5
2020-11-21 17:00:00,2020,2021-11-21 16:59:21.035,373.3,95.0,25.0,62.6
2020-11-21 18:00:00,2020,2021-11-21 17:59:21.030,647.3,28.3,23.3,323.7
2020-11-21 19:00:00,2020,2021-11-21 18:59:21.025,668.7,20.1,17.6,496.4
2020-11-21 20:00:00,2020,2021-11-21 19:59:21.020,637.2,25.8,19.9,403.6
2020-11-21 21:00:00,2020,2021-11-21 20:59:21.015,651.9,19.5,14.3,487.9
2020-11-21 22:00:00,2020,2021-11-21 21:59:21.010,626.6,4.3,5.9,520.8
2020-11-21 23:00:00,2020,2021-11-21 22:59:21.005,622.8,10.2,10.9,554.2
2020-11-22 00:00:00,2020,2021-11-21 23:59:21.000,616.7,13.7,10.6,575.3
2020-11-22 01:00:00,2020,2021-11-22 00:59:20.995,628.0,6.2,11.7,588.6
2020-11-22 02:00:00,2020,2021-11-22 01:59:20.990,644.4,1.4,19.0,596.1
2020-11-22 03:00:00,2020,2021-11-22 02:59:20.985,647.6,0.4,20.9,651.5
2020-11-22 04:00:00,2020,2021-11-22 03:59:20.980,651.5,0.3,21.9,689.1
2020-11-22 05:00:00,2020,2021-11-22 04:59:20.975,657.9,2.1,19.8,680.4
2020-11-22 06:00:00,2020,2021-11-22 05:59:20.970,657.1,8.3,13.7,641.9
2020-11-22 07:00:00,2020,2021-11-22 06:59:20.965,669.4,8.6,3.6,622.7
2020-11-22 08:00:00,2020,2021-11-22 07:59:20.960,686.0,26.4,0.9,604.9
2020-11-22 09:00:00,2020,2021-11-22 08:59:20.955,712.0,95.1,0.0,715.1
2020-11-22 10:00:00,2020,2021-11-22 09:59:20.950,711.8,87.0,0.0,773.1
2020-11-22 11:00:00,2020,2021-11-22 10:59:20.945,713.5,134.4,0.9,718.2
2020-11-22 12:00:00,2020,2021-11-22 11:59:20.940,674.7,60.0,0.9,544.9
2020-11-22 13:00:00,2020,2021-11-22 12:59:20.935,659.9,121.7,0.1,534.6
2020-11-22 14:00:00,2020,2021-11-22 13:59:20.930,646.7,334.7,4.1,444.0
2020-11-22 15:00:00,2020,2021-11-22 14:59:20.925,683.5,666.1,5.9,460.0
2020-11-22 16:00:00,2020,2021-11-22 15:59:20.920,711.3,783.8,74.1,680.3
2020-11-22 17:00:00,2020,2021-11-22 16:59:20.915,709.8,818.9,130.8,789.5
2020-11-22 18:00:00,2020,2021-11-22 17:59:20.910,707.3,839.7,106.1,799.1
2020-11-22 19:00:00,2020,2021-11-22 18:59:20.905,710.9,833.9,115.3,799.1
2020-11-22 20:00:00,2020,2021-11-22 19:59:20.900,711.1,783.0,117.8,795.7
2020-11-22 21:00:00,2020,2021-11-22 20:59:20.895,711.4,832.5,142.6,788.3
2020-11-22 22:00:00,2020,2021-11-22 21:59:20.890,712.2,834.5,143.5,784.9
2020-11-22 23:00:00,2020,2021-11-22 22:59:20.885,709.7,839.3,138.6,771.6
2020-11-23 00:00:00,2020,2021-11-22 23:59:20.880,709.0,842.2,142.3,753.5
2020-11-23 01:00:00,2020,2021-11-23 00:59:20.875,711.0,834.3,136.7,763.1
2020-11-23 02:00:00,2020,2021-11-23 01:59:20.870,694.7,827.4,75.7,574.6
2020-11-23 03:00:00,2020,2021-11-23 02:59:20.865,685.7,793.2,40.2,486.2
2020-11-23 04:00:00,2020,2021-11-23 03:59:20.860,648.9,532.3,23.0,548.6
2020-11-23 05:00:00,2020,2021-11-23 04:59:20.855,619.9,190.0,13.8,438.4
2020-11-23 06:00:00,2020,2021-11-23 05:59:20.850,588.8,274.6,21.9,399.7
2020-11-23 07:00:00,2020,2021-11-23 06:59:20.845,578.2,287.4,21.6,386.8
2020-11-23 08:00:00,2020,2021-11-23 07:59:20.840,493.0,342.8,39.8,371.8
2020-11-23 09:00:00,2020,2021-11-23 08:59:20.835,457.1,224.5,37.1,340.1
2020-11-23 10:00:00,2020,2021-11-23 09:59:20.830,235.1,133.2,35.3,241.0
2020-11-23 11:00:00,2020,2021-11-23 10:59:20.825,56.3,41.3,14.3,123.2
2020-11-23 12:00:00,2020,2021-11-23 11:59:20.820,19.7,34.6,0.6,52.2
2020-11-23 13:00:00,2020,2021-11-23 12:59:20.815,6.3,36.2,2.3,21.9
2020-11-23 14:00:00,2020,2021-11-23 13:59:20.810,10.8,70.2,1.2,2.3
2020-11-23 15:00:00,2020,2021-11-23 14:59:20.805,27.9,59.9,0.0,14.9
2020-11-23 16:00:00,2020,2021-11-23 15:59:20.800,0.0,42.0,0.0,25.5
2020-11-23 17:00:00,2020,2021-11-23 16:59:20.795,0.2,14.9,0.0,31.4
2020-11-23 18:00:00,2020,2021-11-23 17:59:20.790,0.0,1.5,0.0,15.7
2020-11-23 19:00:00,2020,2021-11-23 18:59:20.785,0.2,1.6,0.0,0.1
2020-11-23 20:00:00,2020,2021-11-23 19:59:20.780,0.0,15.4,1.4,0.2
2020-11-23 21:00:00,2020,2021-11-23 20:59:20.775,0.0,54.2,2.6,6.7
2020-11-23 22:00:00,2020,2021-11-23 21:59:20.770,0.9,81.0,2.6,34.2
2020-11-23 23:00:00,2020,2021-11-23 22:59:20.765,161.7,99.4,3.4,36.7
2020-11-24 00:00:00,2020,2021-11-23 23:59:20.760,169.6,197.1,34.8,64.4
2020-11-24 01:00:00,2020,2021-11-24 00:59:20.755,248.5,359.4,35.3,115.3
2020-11-24 02:00:00,2020,2021-11-24 01:59:20.750,288.8,812.3,65.6,254.8
2020-11-24 03:00:00,2020,2021-11-24 02:59:20.745,495.5,824.4,84.9,472.5
2020-11-24 04:00:00,2020,2021-11-24 03:59:20.740,589.1,777.7,105.2,646.8
2020-11-24 05:00:00,2020,2021-11-24 04:59:20.735,590.8,729.0,103.1,669.7
2020-11-24 06:00:00,2020,2021-11-24 05:59:20.730,657.7,701.9,90.3,690.5
2020-11-24 07:00:00,2020,2021-11-24 06:59:20.725,688.3,575.6,80.5,662.2
2020-11-24 08:00:00,2020,2021-11-24 07:59:20.720,666.6,535.1,106.0,648.0
2020-11-24 09:00:00,2020,2021-11-24 08:59:20.715,636.6,389.0,118.4,646.8
2020-11-24 10:00:00,2020,2021-11-24 09:59:20.710,525.7,433.3,86.1,721.7
2020-11-24 11:00:00,2020,2021-11-24 10:59:20.705,547.3,641.1,25.5,717.7
2020-11-24 12:00:00,2020,2021-11-24 11:59:20.700,615.2,746.6,67.5,566.5
2020-11-24 13:00:00,2020,2021-11-24 12:59:20.695,285.4,827.8,1.1,609.9
2020-11-24 14:00:00,2020,2021-11-24 13:59:20.690,236.3,813.6,90.4,635.6
2020-11-24 15:00:00,2020,2021-11-24 14:59:20.685,495.7,721.5,129.3,622.4
2020-11-24 16:00:00,2020,2021-11-24 15:59:20.680,308.7,251.3,110.8,679.6
2020-11-24 17:00:00,2020,2021-11-24 16:59:20.675,113.7,561.9,50.4,187.1
2020-11-24 18:00:00,2020,2021-11-24 17:59:20.670,451.1,632.7,31.8,253.0
2020-11-24 19:00:00,2020,2021-11-24 18:59:20.665,437.2,822.3,65.4,226.7
2020-11-24 20:00:00,2020,2021-11-24 19:59:20.660,583.9,832.9,115.5,317.4
2020-11-24 21:00:00,2020,2021-11-24 20:59:20.655,668.8,788.2,108.2,599.9
2020-11-24 22:00:00,2020,2021-11-24 21:59:20.650,513.5,751.2,129.8,415.7
2020-11-24 23:00:00,2020,2021-11-24 22:59:20.645,532.3,602.8,146.6,585.1
2020-11-25 00:00:00,2020,2021-11-24 23:59:20.640,527.4,377.2,87.0,682.4
2020-11-25 01:00:00,2020,2021-11-25 00:59:20.635,464.0,224.8,23.0,431.9
2020-11-25 02:00:00,2020,2021-11-25 01:59:20.630,416.5,388.4,54.1,652.8
2020-11-25 03:00:00,2020,2021-11-25 02:59:20.625,591.0,535.8,89.5,704.4
2020-11-25 04:00:00,2020,2021-11-25 03:59:20.620,466.8,549.7,107.3,678.5
2020-11-25 05:00:00,2020,2021-11-25 04:59:20.615,566.0,620.2,139.7,608.6
2020-11-25 06:00:00,2020,2021-11-25 05:59:20.610,638.5,550.9,136.3,705.1
2020-11-25 07:00:00,2020,2021-11-25 06:59:20.605,663.7,564.1,144.2,740.7
2020-11-25 08:00:00,2020,2021-11-25 07:59:20.600,690.3,584.6,145.4,680.5
2020-11-25 09:00:00,2020,2021-11-25 08:59:20.595,599.1,536.9,145.9,753.4
2020-11-25 10:00:00,2020,2021-11-25 09:59:20.590,480.1,374.6,128.9,112.3
2020-11-25 11:00:00,2020,2021-11-25 10:59:20.585,313.0,487.0,11.9,400.2
2020-11-25 12:00:00,2020,2021-11-25 11:59:20.580,692.1,303.5,27.6,608.4
2020-11-25 13:00:00,2020,2021-11-25 12:59:20.575,542.9,330.8,109.7,698.9
2020-11-25 14:00:00,2020,2021-11-25 13:59:20.570,560.0,279.8,62.4,516.0
2020-11-25 15:00:00,2020,2021-11-25 14:59:20.565,659.3,447.3,97.1,785.3
2020-11-25 16:00:00,2020,2021-11-25 15:59:20.560,392.4,381.2,118.2,718.9
2020-11-25 17:00:00,2020,2021-11-25 16:59:20.555,0.0,559.2,144.2,717.4
2020-11-25 18:00:00,2020,2021-11-25 17:59:20.550,8.6,688.1,147.1,716.7
2020-11-25 19:00:00,2020,2021-11-25 18:59:20.545,158.0,709.7,141.2,582.2
2020-11-25 20:00:00,2020,2021-11-25 19:59:20.540,400.0,736.4,116.1,512.1
2020-11-25 21:00:00,2020,2021-11-25 20:59:20.535,618.9,708.0,112.6,679.6
2020-11-25 22:00:00,2020,2021-11-25 21:59:20.530,631.2,511.5,133.0,587.2
2020-11-25 23:00:00,2020,2021-11-25 22:59:20.525,635.3,581.0,147.3,579.3
2020-11-26 00:00:00,2020,2021-11-25 23:59:20.520,710.5,831.2,147.6,743.2
2020-11-26 01:00:00,2020,2021-11-26 00:59:20.515,711.4,839.8,120.1,713.0
2020-11-26 02:00:00,2020,2021-11-26 01:59:20.510,709.9,846.8,148.3,776.8
2020-11-26 03:00:00,2020,2021-11-26 02:59:20.505,712.2,846.5,148.3,788.6
2020-11-26 04:00:00,2020,2021-11-26 03:59:20.500,711.4,841.2,147.4,794.7
2020-11-26 05:00:00,2020,2021-11-26 04:59:20.495,711.0,842.2,147.5,796.6
2020-11-26 06:00:00,2020,2021-11-26 05:59:20.490,708.9,844.9,147.9,796.1
2020-11-26 07:00:00,2020,2021-11-26 06:59:20.485,708.6,846.0,148.2,796.5
2020-11-26 08:00:00,2020,2021-11-26 07:59:20.480,702.0,844.4,147.7,796.4
2020-11-26 09:00:00,2020,2021-11-26 08:59:20.475,705.4,843.4,148.0,796.4
2020-11-26 10:00:00,2020,2021-11-26 09:59:20.470,706.9,815.7,148.0,768.4
2020-11-26 11:00:00,2020,2021-11-26 10:59:20.465,657.2,773.2,140.7,776.0
2020-11-26 12:00:00,2020,2021-11-26 11:59:20.460,663.9,730.4,138.2,767.6
2020-11-26 13:00:00,2020,2021-11-26 12:59:20.455,690.9,762.3,120.2,754.6
2020-11-26 14:00:00,2020,2021-11-26 13:59:20.450,695.5,740.7,117.2,768.7
2020-11-26 15:00:00,2020,2021-11-26 14:59:20.445,688.9,816.9,139.3,762.7
2020-11-26 16:00:00,2020,2021-11-26 15:59:20.440,681.7,759.2,129.9,713.3
2020-11-26 17:00:00,2020,2021-11-26 16:59:20.435,536.1,748.2,111.0,748.3
2020-11-26 18:00:00,2020,2021-11-26 17:59:20.430,637.9,815.0,146.4,736.7
2020-11-26 19:00:00,2020,2021-11-26 18:59:20.425,667.7,837.8,143.1,766.4
2020-11-26 20:00:00,2020,2021-11-26 19:59:20.420,694.1,832.1,146.0,776.3
2020-11-26 21:00:00,2020,2021-11-26 20:59:20.415,696.8,831.2,145.4,766.5
2020-11-26 22:00:00,2020,2021-11-26 21:59:20.410,705.7,750.8,146.9,787.6
2020-11-26 23:00:00,2020,2021-11-26 22:59:20.405,713.3,813.8,144.4,791.7
2020-11-27 00:00:00,2020,2021-11-26 23:59:20.400,713.5,803.8,143.0,721.2
2020-11-27 01:00:00,2020,2021-11-27 00:59:20.395,710.3,701.4,143.2,641.1
2020-11-27 02:00:00,2020,2021-11-27 01:59:20.390,709.1,798.4,146.7,797.7
2020-11-27 03:00:00,2020,2021-11-27 02:59:20.385,703.7,668.6,147.2,798.9
2020-11-27 04:00:00,2020,2021-11-27 03:59:20.380,713.5,451.6,135.3,798.0
2020-11-27 05:00:00,2020,2021-11-27 04:59:20.375,712.1,711.1,143.1,790.2
2020-11-27 06:00:00,2020,2021-11-27 05:59:20.370,713.5,738.8,145.1,797.4
2020-11-27 07:00:00,2020,2021-11-27 06:59:20.365,713.4,813.2,145.6,794.3
2020-11-27 08:00:00,2020,2021-11-27 07:59:20.360,707.4,817.6,147.4,787.8
2020-11-27 09:00:00,2020,2021-11-27 08:59:20.355,648.4,824.3,146.3,692.8
2020-11-27 10:00:00,2020,2021-11-27 09:59:20.350,568.2,746.9,144.8,630.1
2020-11-27 11:00:00,2020,2021-11-27 10:59:20.345,570.9,689.6,128.7,733.1
2020-11-27 12:00:00,2020,2021-11-27 11:59:20.340,470.1,782.9,137.4,633.4
2020-11-27 13:00:00,2020,2021-11-27 12:59:20.335,414.3,694.4,103.3,520.0
2020-11-27 14:00:00,2020,2021-11-27 13:59:20.330,116.1,714.7,104.8,388.0
2020-11-27 15:00:00,2020,2021-11-27 14:59:20.325,170.1,625.7,106.8,415.8
2020-11-27 16:00:00,2020,2021-11-27 15:59:20.320,288.0,564.7,131.3,332.8
2020-11-27 17:00:00,2020,2021-11-27 16:59:20.315,288.7,416.8,114.7,395.6
2020-11-27 18:00:00,2020,2021-11-27 17:59:20.310,441.6,356.8,115.2,414.0
2020-11-27 19:00:00,2020,2021-11-27 18:59:20.305,500.0,703.9,129.3,490.8
2020-11-27 20:00:00,2020,2021-11-27 19:59:20.300,562.7,761.3,143.0,697.2
2020-11-27 21:00:00,2020,2021-11-27 20:59:20.295,526.2,771.5,144.3,746.5
2020-11-27 22:00:00,2020,2021-11-27 21:59:20.290,564.1,769.3,146.2,764.1
2020-11-27 23:00:00,2020,2021-11-27 22:59:20.285,686.3,710.7,145.9,758.2
2020-11-28 00:00:00,2020,2021-11-27 23:59:20.280,705.4,647.4,145.9,778.3
2020-11-28 01:00:00,2020,2021-11-28 00:59:20.275,704.3,516.1,146.7,761.1
2020-11-28 02:00:00,2020,2021-11-28 01:59:20.270,700.3,525.0,147.8,754.5
2020-11-28 03:00:00,2020,2021-11-28 02:59:20.265,691.2,474.1,146.3,759.9
2020-11-28 04:00:00,2020,2021-11-28 03:59:20.260,655.9,391.5,137.0,730.8
2020-11-28 05:00:00,2020,2021-11-28 04:59:20.255,598.6,467.3,122.3,669.8
2020-11-28 06:00:00,2020,2021-11-28 05:59:20.250,561.3,442.8,114.0,642.7
2020-11-28 07:00:00,2020,2021-11-28 06:59:20.245,586.4,534.6,121.9,622.1
2020-11-28 08:00:00,2020,2021-11-28 07:59:20.240,557.9,555.0,135.1,622.3
2020-11-28 09:00:00,2020,2021-11-28 08:59:20.235,586.1,450.2,140.5,679.7
2020-11-28 10:00:00,2020,2021-11-28 09:59:20.230,541.1,431.5,129.8,674.9
2020-11-28 11:00:00,2020,2021-11-28 10:59:20.225,573.3,413.8,106.0,738.4
2020-11-28 12:00:00,2020,2021-11-28 11:59:20.220,637.7,367.8,64.7,725.8
2020-11-28 13:00:00,2020,2021-11-28 12:59:20.215,655.1,188.5,45.5,732.8
2020-11-28 14:00:00,2020,2021-11-28 13:59:20.210,688.6,91.4,47.8,721.7
2020-11-28 15:00:00,2020,2021-11-28 14:59:20.205,670.0,69.2,69.0,661.6
2020-11-28 16:00:00,2020,2021-11-28 15:59:20.200,539.9,58.0,65.8,526.3
2020-11-28 17:00:00,2020,2021-11-28 16:59:20.195,415.5,99.0,30.8,370.2
2020-11-28 18:00:00,2020,2021-11-28 17:59:20.190,357.4,70.7,23.7,277.9
2020-11-28 19:00:00,2020,2021-11-28 18:59:20.185,266.2,54.6,8.6,212.8
2020-11-28 20:00:00,2020,2021-11-28 19:59:20.180,268.9,51.6,0.0,133.8
2020-11-28 21:00:00,2020,2021-11-28 20:59:20.175,279.4,74.6,0.0,153.4
2020-11-28 22:00:00,2020,2021-11-28 21:59:20.170,205.7,117.8,0.0,192.8
2020-11-28 23:00:00,2020,2021-11-28 22:59:20.165,171.9,116.2,8.1,207.2
2020-11-29 00:00:00,2020,2021-11-28 23:59:20.160,71.2,135.1,39.2,173.8
2020-11-29 01:00:00,2020,2021-11-29 00:59:20.155,48.3,68.2,31.7,88.9
2020-11-29 02:00:00,2020,2021-11-29 01:59:20.150,88.4,35.6,33.2,142.6
2020-11-29 03:00:00,2020,2021-11-29 02:59:20.145,173.4,29.8,28.8,265.9
2020-11-29 04:00:00,2020,2021-11-29 03:59:20.140,319.4,22.1,31.8,418.9
2020-11-29 05:00:00,2020,2021-11-29 04:59:20.135,420.5,57.6,14.0,396.5
2020-11-29 06:00:00,2020,2021-11-29 05:59:20.130,426.0,84.6,11.4,530.4
2020-11-29 07:00:00,2020,2021-11-29 06:59:20.125,420.2,93.4,5.3,594.5
2020-11-29 08:00:00,2020,2021-11-29 07:59:20.120,259.1,139.5,5.0,704.4
2020-11-29 09:00:00,2020,2021-11-29 08:59:20.115,306.8,131.6,5.5,631.0
2020-11-29 10:00:00,2020,2021-11-29 09:59:20.110,400.2,135.6,6.4,557.3
2020-11-29 11:00:00,2020,2021-11-29 10:59:20.105,323.3,86.5,14.8,666.1
2020-11-29 12:00:00,2020,2021-11-29 11:59:20.100,464.6,64.9,15.0,680.9
2020-11-29 13:00:00,2020,2021-11-29 12:59:20.095,586.9,178.5,66.6,617.2
2020-11-29 14:00:00,2020,2021-11-29 13:59:20.090,668.7,513.6,103.9,583.6
2020-11-29 15:00:00,2020,2021-11-29 14:59:20.085,680.2,806.0,113.0,645.4
2020-11-29 16:00:00,2020,2021-11-29 15:59:20.080,693.1,835.4,142.8,674.9
2020-11-29 17:00:00,2020,2021-11-29 16:59:20.075,687.7,832.6,147.2,788.6
2020-11-29 18:00:00,2020,2021-11-29 17:59:20.070,680.5,831.4,145.8,798.5
2020-11-29 19:00:00,2020,2021-11-29 18:59:20.065,713.5,839.4,147.4,799.1
2020-11-29 20:00:00,2020,2021-11-29 19:59:20.060,713.5,826.3,146.1,799.1
2020-11-29 21:00:00,2020,2021-11-29 20:59:20.055,713.5,696.9,147.7,770.7
2020-11-29 22:00:00,2020,2021-11-29 21:59:20.050,584.1,818.0,146.5,719.6
2020-11-29 23:00:00,2020,2021-11-29 22:59:20.045,372.1,821.0,146.8,768.2
2020-11-30 00:00:00,2020,2021-11-29 23:59:20.040,392.1,810.5,146.7,639.4
2020-11-30 01:00:00,2020,2021-11-30 00:59:20.035,335.3,751.6,147.5,772.9
2020-11-30 02:00:00,2020,2021-11-30 01:59:20.030,693.1,748.2,147.0,794.8
2020-11-30 03:00:00,2020,2021-11-30 02:59:20.025,712.7,741.6,147.3,797.1
2020-11-30 04:00:00,2020,2021-11-30 03:59:20.020,669.5,767.4,147.8,795.7
2020-11-30 05:00:00,2020,2021-11-30 04:59:20.015,609.0,780.9,148.1,792.5
2020-11-30 06:00:00,2020,2021-11-30 05:59:20.010,713.3,825.2,148.0,737.1
2020-11-30 07:00:00,2020,2021-11-30 06:59:20.005,679.4,826.1,147.9,749.7
2020-11-30 08:00:00,2020,2021-11-30 07:59:20.000,678.5,746.4,146.3,768.3
2020-11-30 09:00:00,2020,2021-11-30 08:59:19.995,473.9,664.9,136.9,686.7
2020-11-30 10:00:00,2020,2021-11-30 09:59:19.990,190.3,465.6,136.9,540.2
2020-11-30 11:00:00,2020,2021-11-30 10:59:19.985,346.6,582.7,139.8,667.7
2020-11-30 12:00:00,2020,2021-11-30 11:59:19.980,477.6,652.7,143.5,611.0
2020-11-30 13:00:00,2020,2021-11-30 12:59:19.975,418.2,674.6,144.7,570.3
2020-11-30 14:00:00,2020,2021-11-30 13:59:19.970,502.0,611.8,140.4,601.7
2020-11-30 15:00:00,2020,2021-11-30 14:59:19.965,347.9,473.1,112.7,554.2
2020-11-30 16:00:00,2020,2021-11-30 15:59:19.960,272.5,302.3,78.7,383.0
2020-11-30 17:00:00,2020,2021-11-30 16:59:19.955,137.5,111.7,51.6,44.5
2020-11-30 18:00:00,2020,2021-11-30 17:59:19.950,112.8,162.6,76.8,14.4
2020-11-30 19:00:00,2020,2021-11-30 18:59:19.945,114.2,357.2,94.3,59.9
2020-11-30 20:00:00,2020,2021-11-30 19:59:19.940,3.4,533.0,125.3,10.7
2020-11-30 21:00:00,2020,2021-11-30 20:59:19.935,10.2,550.3,141.8,102.4
2020-11-30 22:00:00,2020,2021-11-30 21:59:19.930,14.6,402.9,115.0,416.5
2020-11-30 23:00:00,2020,2021-11-30 22:59:19.925,112.0,98.9,19.2,492.0
2020-12-01 00:00:00,2020,2021-11-30 23:59:19.920,392.1,16.2,0.0,688.5
2020-12-01 01:00:00,2020,2021-12-01 00:59:19.915,408.2,7.9,1.0,608.3
2020-12-01 02:00:00,2020,2021-12-01 01:59:19.910,224.5,0.0,5.2,513.7
2020-12-01 03:00:00,2020,2021-12-01 02:59:19.905,136.3,0.0,12.0,422.8
2020-12-01 04:00:00,2020,2021-12-01 03:59:19.900,119.5,17.3,7.8,287.1
2020-12-01 05:00:00,2020,2021-12-01 04:59:19.895,39.6,23.7,7.8,150.4
2020-12-01 06:00:00,2020,2021-12-01 05:59:19.890,0.0,305.3,14.9,25.4
2020-12-01 07:00:00,2020,2021-12-01 06:59:19.885,0.0,385.6,20.2,138.6
2020-12-01 08:00:00,2020,2021-12-01 07:59:19.880,0.0,379.6,33.2,162.4
2020-12-01 09:00:00,2020,2021-12-01 08:59:19.875,0.0,709.2,38.6,41.5
2020-12-01 10:00:00,2020,2021-12-01 09:59:19.870,0.0,641.5,41.9,5.9
2020-12-01 11:00:00,2020,2021-12-01 10:59:19.865,0.0,701.5,22.0,5.8
2020-12-01 12:00:00,2020,2021-12-01 11:59:19.860,0.0,665.0,15.8,0.5
2020-12-01 13:00:00,2020,2021-12-01 12:59:19.855,0.0,582.6,22.4,0.2
2020-12-01 14:00:00,2020,2021-12-01 13:59:19.850,147.8,553.1,20.0,1.2
2020-12-01 15:00:00,2020,2021-12-01 14:59:19.845,229.9,462.8,35.0,12.8
2020-12-01 16:00:00,2020,2021-12-01 15:59:19.840,280.3,407.3,27.5,47.7
2020-12-01 17:00:00,2020,2021-12-01 16:59:19.835,271.8,15.6,11.0,108.8
2020-12-01 18:00:00,2020,2021-12-01 17:59:19.830,248.5,7.8,4.0,114.8
2020-12-01 19:00:00,2020,2021-12-01 18:59:19.825,224.1,1.6,6.0,112.4
2020-12-01 20:00:00,2020,2021-12-01 19:59:19.820,224.5,1.0,4.4,159.6
2020-12-01 21:00:00,2020,2021-12-01 20:59:19.815,222.5,0.0,10.4,137.9
2020-12-01 22:00:00,2020,2021-12-01 21:59:19.810,223.3,0.0,9.5,154.4
2020-12-01 23:00:00,2020,2021-12-01 22:59:19.805,220.7,0.0,0.4,214.8
2020-12-02 00:00:00,2020,2021-12-01 23:59:19.800,188.8,0.0,6.7,236.3
2020-12-02 01:00:00,2020,2021-12-02 00:59:19.795,146.9,0.0,9.5,226.5
2020-12-02 02:00:00,2020,2021-12-02 01:59:19.790,105.6,0.0,17.6,217.4
2020-12-02 03:00:00,2020,2021-12-02 02:59:19.785,92.0,0.0,17.4,222.0
2020-12-02 04:00:00,2020,2021-12-02 03:59:19.780,61.3,0.0,14.2,190.3
2020-12-02 05:00:00,2020,2021-12-02 04:59:19.775,36.0,0.0,12.0,158.1
2020-12-02 06:00:00,2020,2021-12-02 05:59:19.770,15.3,0.0,9.6,138.7
2020-12-02 07:00:00,2020,2021-12-02 06:59:19.765,4.9,0.1,7.6,104.4
2020-12-02 08:00:00,2020,2021-12-02 07:59:19.760,9.2,0.4,9.8,75.3
2020-12-02 09:00:00,2020,2021-12-02 08:59:19.755,0.2,0.6,10.8,43.0
2020-12-02 10:00:00,2020,2021-12-02 09:59:19.750,0.0,0.0,7.1,14.9
2020-12-02 11:00:00,2020,2021-12-02 10:59:19.745,0.0,0.0,3.2,13.3
2020-12-02 12:00:00,2020,2021-12-02 11:59:19.740,0.0,0.0,1.9,0.0
2020-12-02 13:00:00,2020,2021-12-02 12:59:19.735,0.0,0.0,1.4,0.0
2020-12-02 14:00:00,2020,2021-12-02 13:59:19.730,0.0,0.0,0.0,0.0
2020-12-02 15:00:00,2020,2021-12-02 14:59:19.725,0.0,0.0,0.0,0.0
2020-12-02 16:00:00,2020,2021-12-02 15:59:19.720,0.0,0.1,0.0,0.0
2020-12-02 17:00:00,2020,2021-12-02 16:59:19.715,16.3,0.8,0.0,0.1
2020-12-02 18:00:00,2020,2021-12-02 17:59:19.710,21.8,1.1,0.1,22.0
2020-12-02 19:00:00,2020,2021-12-02 18:59:19.705,27.2,3.3,0.4,15.6
2020-12-02 20:00:00,2020,2021-12-02 19:59:19.700,48.8,5.7,2.1,9.9
2020-12-02 21:00:00,2020,2021-12-02 20:59:19.695,176.5,12.3,3.4,14.3
2020-12-02 22:00:00,2020,2021-12-02 21:59:19.690,361.6,32.9,3.1,20.8
2020-12-02 23:00:00,2020,2021-12-02 22:59:19.685,392.3,95.6,1.1,18.5
2020-12-03 00:00:00,2020,2021-12-02 23:59:19.680,426.6,150.7,0.0,52.2
2020-12-03 01:00:00,2020,2021-12-03 00:59:19.675,531.7,272.7,0.0,57.5
2020-12-03 02:00:00,2020,2021-12-03 01:59:19.670,575.9,430.9,0.2,75.2
2020-12-03 03:00:00,2020,2021-12-03 02:59:19.665,636.1,558.1,5.0,212.9
2020-12-03 04:00:00,2020,2021-12-03 03:59:19.660,632.7,624.1,22.5,314.6
2020-12-03 05:00:00,2020,2021-12-03 04:59:19.655,639.0,746.8,52.7,606.2
2020-12-03 06:00:00,2020,2021-12-03 05:59:19.650,657.1,763.3,74.0,737.8
2020-12-03 07:00:00,2020,2021-12-03 06:59:19.645,684.0,810.8,59.6,769.5
2020-12-03 08:00:00,2020,2021-12-03 07:59:19.640,708.6,808.8,74.9,786.4
2020-12-03 09:00:00,2020,2021-12-03 08:59:19.635,711.2,832.1,117.1,789.5
2020-12-03 10:00:00,2020,2021-12-03 09:59:19.630,708.8,803.3,145.9,791.1
2020-12-03 11:00:00,2020,2021-12-03 10:59:19.625,711.9,381.0,116.3,786.1
2020-12-03 12:00:00,2020,2021-12-03 11:59:19.620,713.5,2.0,0.0,751.8
2020-12-03 13:00:00,2020,2021-12-03 12:59:19.615,663.8,0.0,0.0,602.9
2020-12-03 14:00:00,2020,2021-12-03 13:59:19.610,487.6,0.9,0.0,414.2
2020-12-03 15:00:00,2020,2021-12-03 14:59:19.605,372.3,0.0,4.7,380.1
2020-12-03 16:00:00,2020,2021-12-03 15:59:19.600,245.8,143.0,37.6,440.3
2020-12-03 17:00:00,2020,2021-12-03 16:59:19.595,143.0,422.1,15.8,437.9
2020-12-03 18:00:00,2020,2021-12-03 17:59:19.590,218.9,381.9,26.2,553.8
2020-12-03 19:00:00,2020,2021-12-03 18:59:19.585,465.5,154.2,26.3,598.0
2020-12-03 20:00:00,2020,2021-12-03 19:59:19.580,583.1,23.9,10.3,596.0
2020-12-03 21:00:00,2020,2021-12-03 20:59:19.575,598.4,102.5,33.6,608.1
2020-12-03 22:00:00,2020,2021-12-03 21:59:19.570,629.5,133.4,50.4,712.9
2020-12-03 23:00:00,2020,2021-12-03 22:59:19.565,628.7,197.6,60.7,716.3
2020-12-04 00:00:00,2020,2021-12-03 23:59:19.560,577.5,250.7,53.6,690.4
2020-12-04 01:00:00,2020,2021-12-04 00:59:19.555,563.2,415.0,52.7,650.9
2020-12-04 02:00:00,2020,2021-12-04 01:59:19.550,413.0,522.4,72.6,548.6
2020-12-04 03:00:00,2020,2021-12-04 02:59:19.545,473.0,619.7,75.6,583.4
2020-12-04 04:00:00,2020,2021-12-04 03:59:19.540,576.3,556.6,74.4,646.7
2020-12-04 05:00:00,2020,2021-12-04 04:59:19.535,650.5,519.5,57.7,695.6
2020-12-04 06:00:00,2020,2021-12-04 05:59:19.530,617.2,391.0,57.2,712.6
2020-12-04 07:00:00,2020,2021-12-04 06:59:19.525,559.3,162.4,39.1,689.8
2020-12-04 08:00:00,2020,2021-12-04 07:59:19.520,597.9,19.4,6.7,688.9
2020-12-04 09:00:00,2020,2021-12-04 08:59:19.515,587.4,14.9,17.9,677.5
2020-12-04 10:00:00,2020,2021-12-04 09:59:19.510,480.1,8.8,43.9,641.1
2020-12-04 11:00:00,2020,2021-12-04 10:59:19.505,484.7,1.9,34.5,554.8
2020-12-04 12:00:00,2020,2021-12-04 11:59:19.500,516.6,0.1,32.7,534.7
2020-12-04 13:00:00,2020,2021-12-04 12:59:19.495,490.7,0.0,26.6,515.9
2020-12-04 14:00:00,2020,2021-12-04 13:59:19.490,437.1,0.0,19.6,405.4
2020-12-04 15:00:00,2020,2021-12-04 14:59:19.485,402.5,0.0,8.5,342.4
2020-12-04 16:00:00,2020,2021-12-04 15:59:19.480,376.2,0.9,1.1,273.3
2020-12-04 17:00:00,2020,2021-12-04 16:59:19.475,244.5,0.1,0.0,242.4
2020-12-04 18:00:00,2020,2021-12-04 17:59:19.470,268.8,0.0,0.0,192.6
2020-12-04 19:00:00,2020,2021-12-04 18:59:19.465,247.0,0.2,0.2,138.4
2020-12-04 20:00:00,2020,2021-12-04 19:59:19.460,188.7,0.5,0.4,105.1
2020-12-04 21:00:00,2020,2021-12-04 20:59:19.455,140.3,1.0,1.1,84.7
2020-12-04 22:00:00,2020,2021-12-04 21:59:19.450,106.7,0.6,2.0,72.2
2020-12-04 23:00:00,2020,2021-12-04 22:59:19.445,115.6,6.4,2.1,54.2
2020-12-05 00:00:00,2020,2021-12-04 23:59:19.440,83.0,20.5,1.1,11.1
2020-12-05 01:00:00,2020,2021-12-05 00:59:19.435,64.8,45.6,0.4,30.0
2020-12-05 02:00:00,2020,2021-12-05 01:59:19.430,45.7,40.7,0.3,36.5
2020-12-05 03:00:00,2020,2021-12-05 02:59:19.425,34.4,41.2,0.5,32.5
2020-12-05 04:00:00,2020,2021-12-05 03:59:19.420,20.6,29.4,0.9,30.2
2020-12-05 05:00:00,2020,2021-12-05 04:59:19.415,23.1,27.0,1.4,29.5
2020-12-05 06:00:00,2020,2021-12-05 05:59:19.410,41.5,14.8,0.7,34.3
2020-12-05 07:00:00,2020,2021-12-05 06:59:19.405,45.8,3.8,1.4,30.8
2020-12-05 08:00:00,2020,2021-12-05 07:59:19.400,0.0,2.4,1.3,23.7
2020-12-05 09:00:00,2020,2021-12-05 08:59:19.395,0.0,2.9,1.6,16.0
2020-12-05 10:00:00,2020,2021-12-05 09:59:19.390,0.0,0.5,4.4,0.0
2020-12-05 11:00:00,2020,2021-12-05 10:59:19.385,0.0,9.5,1.6,0.0
2020-12-05 12:00:00,2020,2021-12-05 11:59:19.380,0.0,18.0,0.5,0.0
2020-12-05 13:00:00,2020,2021-12-05 12:59:19.375,0.0,22.9,0.2,0.0
2020-12-05 14:00:00,2020,2021-12-05 13:59:19.370,0.5,34.2,0.0,0.0
2020-12-05 15:00:00,2020,2021-12-05 14:59:19.365,1.3,33.7,0.6,0.0
2020-12-05 16:00:00,2020,2021-12-05 15:59:19.360,1.0,33.5,0.6,0.0
2020-12-05 17:00:00,2020,2021-12-05 16:59:19.355,16.5,21.2,0.1,0.0
2020-12-05 18:00:00,2020,2021-12-05 17:59:19.350,51.3,44.6,0.4,2.4
2020-12-05 19:00:00,2020,2021-12-05 18:59:19.345,28.7,54.2,2.6,1.7
2020-12-05 20:00:00,2020,2021-12-05 19:59:19.340,2.7,50.3,4.5,1.5
2020-12-05 21:00:00,2020,2021-12-05 20:59:19.335,9.3,53.2,5.2,3.3
2020-12-05 22:00:00,2020,2021-12-05 21:59:19.330,29.7,41.2,8.0,24.8
2020-12-05 23:00:00,2020,2021-12-05 22:59:19.325,133.7,36.1,9.8,64.9
2020-12-06 00:00:00,2020,2021-12-05 23:59:19.320,228.2,26.1,9.3,27.9
2020-12-06 01:00:00,2020,2021-12-06 00:59:19.315,312.6,16.1,7.5,34.8
2020-12-06 02:00:00,2020,2021-12-06 01:59:19.310,328.6,15.3,7.4,24.2
2020-12-06 03:00:00,2020,2021-12-06 02:59:19.305,280.0,11.4,6.0,40.6
2020-12-06 04:00:00,2020,2021-12-06 03:59:19.300,230.9,12.1,4.8,54.1
2020-12-06 05:00:00,2020,2021-12-06 04:59:19.295,282.9,17.0,6.1,88.5
2020-12-06 06:00:00,2020,2021-12-06 05:59:19.290,378.1,11.2,7.1,145.3
2020-12-06 07:00:00,2020,2021-12-06 06:59:19.285,413.0,7.9,6.6,156.8
2020-12-06 08:00:00,2020,2021-12-06 07:59:19.280,484.1,6.0,6.9,145.9
2020-12-06 09:00:00,2020,2021-12-06 08:59:19.275,585.6,4.1,11.1,152.2
2020-12-06 10:00:00,2020,2021-12-06 09:59:19.270,606.7,3.9,7.3,97.4
2020-12-06 11:00:00,2020,2021-12-06 10:59:19.265,553.4,0.6,3.1,11.6
2020-12-06 12:00:00,2020,2021-12-06 11:59:19.260,387.4,0.2,5.0,23.2
2020-12-06 13:00:00,2020,2021-12-06 12:59:19.255,258.5,0.0,7.2,13.3
2020-12-06 14:00:00,2020,2021-12-06 13:59:19.250,205.0,0.0,3.3,3.7
2020-12-06 15:00:00,2020,2021-12-06 14:59:19.245,192.0,0.0,2.3,1.8
2020-12-06 16:00:00,2020,2021-12-06 15:59:19.240,117.9,12.9,6.7,9.6
2020-12-06 17:00:00,2020,2021-12-06 16:59:19.235,146.0,2.8,1.5,24.5
2020-12-06 18:00:00,2020,2021-12-06 17:59:19.230,356.1,0.0,0.7,49.2
2020-12-06 19:00:00,2020,2021-12-06 18:59:19.225,506.0,0.2,11.5,81.2
2020-12-06 20:00:00,2020,2021-12-06 19:59:19.220,176.9,0.3,2.7,83.7
2020-12-06 21:00:00,2020,2021-12-06 20:59:19.215,153.0,1.1,0.8,82.3
2020-12-06 22:00:00,2020,2021-12-06 21:59:19.210,446.9,0.0,8.1,105.4
2020-12-06 23:00:00,2020,2021-12-06 22:59:19.205,451.4,0.0,24.9,70.8
2020-12-07 00:00:00,2020,2021-12-06 23:59:19.200,299.6,4.6,12.0,55.0
2020-12-07 01:00:00,2020,2021-12-07 00:59:19.195,186.8,63.8,5.5,109.2
2020-12-07 02:00:00,2020,2021-12-07 01:59:19.190,291.3,3.9,12.7,38.7
2020-12-07 03:00:00,2020,2021-12-07 02:59:19.185,517.5,18.6,5.2,106.3
2020-12-07 04:00:00,2020,2021-12-07 03:59:19.180,567.2,42.0,2.5,117.2
2020-12-07 05:00:00,2020,2021-12-07 04:59:19.175,603.1,91.3,0.5,61.0
2020-12-07 06:00:00,2020,2021-12-07 05:59:19.170,621.3,151.0,0.1,77.0
2020-12-07 07:00:00,2020,2021-12-07 06:59:19.165,628.3,208.3,0.0,121.8
2020-12-07 08:00:00,2020,2021-12-07 07:59:19.160,620.4,225.5,0.0,145.4
2020-12-07 09:00:00,2020,2021-12-07 08:59:19.155,608.0,187.7,0.0,148.5
2020-12-07 10:00:00,2020,2021-12-07 09:59:19.150,549.9,185.2,0.0,119.5
2020-12-07 11:00:00,2020,2021-12-07 10:59:19.145,426.6,220.2,0.0,84.4
2020-12-07 12:00:00,2020,2021-12-07 11:59:19.140,347.1,440.6,0.0,58.8
2020-12-07 13:00:00,2020,2021-12-07 12:59:19.135,336.8,557.0,0.0,36.4
2020-12-07 14:00:00,2020,2021-12-07 13:59:19.130,331.2,664.1,0.3,11.0
2020-12-07 15:00:00,2020,2021-12-07 14:59:19.125,407.0,722.8,0.7,13.4
2020-12-07 16:00:00,2020,2021-12-07 15:59:19.120,626.7,791.9,7.3,190.5
2020-12-07 17:00:00,2020,2021-12-07 16:59:19.115,454.7,435.2,2.4,309.6
2020-12-07 18:00:00,2020,2021-12-07 17:59:19.110,464.1,349.1,56.1,392.4
2020-12-07 19:00:00,2020,2021-12-07 18:59:19.105,483.5,287.3,62.0,393.5
2020-12-07 20:00:00,2020,2021-12-07 19:59:19.100,492.0,253.0,46.6,350.0
2020-12-07 21:00:00,2020,2021-12-07 20:59:19.095,621.1,228.6,33.9,448.4
2020-12-07 22:00:00,2020,2021-12-07 21:59:19.090,636.0,227.5,26.7,540.2
2020-12-07 23:00:00,2020,2021-12-07 22:59:19.085,634.3,224.5,16.4,487.4
2020-12-08 00:00:00,2020,2021-12-07 23:59:19.080,592.1,140.0,14.1,508.6
2020-12-08 01:00:00,2020,2021-12-08 00:59:19.075,557.0,50.2,21.9,576.9
2020-12-08 02:00:00,2020,2021-12-08 01:59:19.070,523.5,0.0,25.0,616.1
2020-12-08 03:00:00,2020,2021-12-08 02:59:19.065,507.0,0.0,12.2,640.0
2020-12-08 04:00:00,2020,2021-12-08 03:59:19.060,401.0,1.8,6.8,606.3
2020-12-08 05:00:00,2020,2021-12-08 04:59:19.055,251.8,3.2,3.1,424.6
2020-12-08 06:00:00,2020,2021-12-08 05:59:19.050,151.2,56.0,2.8,292.4
2020-12-08 07:00:00,2020,2021-12-08 06:59:19.045,88.1,97.4,2.6,173.8
2020-12-08 08:00:00,2020,2021-12-08 07:59:19.040,76.0,81.9,3.1,138.5
2020-12-08 09:00:00,2020,2021-12-08 08:59:19.035,105.0,46.4,4.1,215.2
2020-12-08 10:00:00,2020,2021-12-08 09:59:19.030,94.1,1.8,2.4,191.0
2020-12-08 11:00:00,2020,2021-12-08 10:59:19.025,3.8,0.0,0.6,136.9
2020-12-08 12:00:00,2020,2021-12-08 11:59:19.020,0.0,0.0,0.0,7.7
2020-12-08 13:00:00,2020,2021-12-08 12:59:19.015,0.0,0.0,0.0,0.0
2020-12-08 14:00:00,2020,2021-12-08 13:59:19.010,0.0,0.9,0.0,0.0
2020-12-08 15:00:00,2020,2021-12-08 14:59:19.005,0.0,2.7,0.2,0.0
2020-12-08 16:00:00,2020,2021-12-08 15:59:19.000,0.0,0.4,0.8,0.0
2020-12-08 17:00:00,2020,2021-12-08 16:59:18.995,1.0,1.5,0.7,1.3
2020-12-08 18:00:00,2020,2021-12-08 17:59:18.990,31.1,3.4,1.9,0.3
2020-12-08 19:00:00,2020,2021-12-08 18:59:18.985,34.6,5.9,2.8,0.0
2020-12-08 20:00:00,2020,2021-12-08 19:59:18.980,26.1,2.3,4.7,0.0
2020-12-08 21:00:00,2020,2021-12-08 20:59:18.975,5.5,2.6,5.9,0.0
2020-12-08 22:00:00,2020,2021-12-08 21:59:18.970,1.7,5.3,12.2,0.0
2020-12-08 23:00:00,2020,2021-12-08 22:59:18.965,0.0,7.8,22.5,0.0
2020-12-09 00:00:00,2020,2021-12-08 23:59:18.960,0.2,10.7,16.5,0.0
2020-12-09 01:00:00,2020,2021-12-09 00:59:18.955,1.3,10.9,15.8,0.1
2020-12-09 02:00:00,2020,2021-12-09 01:59:18.950,6.6,21.1,16.0,3.0
2020-12-09 03:00:00,2020,2021-12-09 02:59:18.945,9.8,18.7,14.0,1.9
2020-12-09 04:00:00,2020,2021-12-09 03:59:18.940,4.2,14.0,13.3,3.8
2020-12-09 05:00:00,2020,2021-12-09 04:59:18.935,1.1,10.5,9.7,3.6
2020-12-09 06:00:00,2020,2021-12-09 05:59:18.930,0.0,16.7,8.5,0.9
2020-12-09 07:00:00,2020,2021-12-09 06:59:18.925,0.4,36.4,9.0,1.4
2020-12-09 08:00:00,2020,2021-12-09 07:59:18.920,4.1,59.0,9.5,6.0
2020-12-09 09:00:00,2020,2021-12-09 08:59:18.915,2.4,67.4,8.0,16.3
2020-12-09 10:00:00,2020,2021-12-09 09:59:18.910,0.7,61.9,6.6,27.1
2020-12-09 11:00:00,2020,2021-12-09 10:59:18.905,1.5,48.6,5.8,30.1
2020-12-09 12:00:00,2020,2021-12-09 11:59:18.900,2.9,34.0,4.1,11.4
2020-12-09 13:00:00,2020,2021-12-09 12:59:18.895,3.8,21.5,2.8,1.7
2020-12-09 14:00:00,2020,2021-12-09 13:59:18.890,4.4,16.7,1.8,0.9
2020-12-09 15:00:00,2020,2021-12-09 14:59:18.885,8.3,13.2,1.2,7.7
2020-12-09 16:00:00,2020,2021-12-09 15:59:18.880,18.9,30.9,4.3,14.2
2020-12-09 17:00:00,2020,2021-12-09 16:59:18.875,4.8,10.4,6.0,72.5
2020-12-09 18:00:00,2020,2021-12-09 17:59:18.870,20.0,7.9,0.8,71.2
2020-12-09 19:00:00,2020,2021-12-09 18:59:18.865,17.3,8.0,0.6,28.0
2020-12-09 20:00:00,2020,2021-12-09 19:59:18.860,11.7,13.0,0.4,90.4
2020-12-09 21:00:00,2020,2021-12-09 20:59:18.855,35.9,16.6,0.0,79.6
2020-12-09 22:00:00,2020,2021-12-09 21:59:18.850,63.9,20.4,1.9,97.0
2020-12-09 23:00:00,2020,2021-12-09 22:59:18.845,202.4,18.7,7.8,68.5
2020-12-10 00:00:00,2020,2021-12-09 23:59:18.840,460.0,14.9,13.3,81.4
2020-12-10 01:00:00,2020,2021-12-10 00:59:18.835,619.0,10.6,10.4,116.2
2020-12-10 02:00:00,2020,2021-12-10 01:59:18.830,629.2,7.4,4.9,228.3
2020-12-10 03:00:00,2020,2021-12-10 02:59:18.825,644.4,2.5,4.0,166.1
2020-12-10 04:00:00,2020,2021-12-10 03:59:18.820,653.1,1.1,2.8,155.1
2020-12-10 05:00:00,2020,2021-12-10 04:59:18.815,655.5,0.7,2.1,150.5
2020-12-10 06:00:00,2020,2021-12-10 05:59:18.810,642.6,0.0,1.5,246.3
2020-12-10 07:00:00,2020,2021-12-10 06:59:18.805,643.3,0.1,1.1,326.1
2020-12-10 08:00:00,2020,2021-12-10 07:59:18.800,645.1,0.0,0.5,322.1
2020-12-10 09:00:00,2020,2021-12-10 08:59:18.795,650.8,0.0,0.0,353.8
2020-12-10 10:00:00,2020,2021-12-10 09:59:18.790,652.6,0.0,0.0,374.4
2020-12-10 11:00:00,2020,2021-12-10 10:59:18.785,647.1,0.1,0.0,363.5
2020-12-10 12:00:00,2020,2021-12-10 11:59:18.780,643.9,0.2,0.3,322.2
2020-12-10 13:00:00,2020,2021-12-10 12:59:18.775,640.8,0.2,0.2,245.5
2020-12-10 14:00:00,2020,2021-12-10 13:59:18.770,639.5,0.2,0.2,195.3
2020-12-10 15:00:00,2020,2021-12-10 14:59:18.765,641.1,0.0,0.1,184.7
2020-12-10 16:00:00,2020,2021-12-10 15:59:18.760,648.8,0.0,0.7,240.6
2020-12-10 17:00:00,2020,2021-12-10 16:59:18.755,649.8,12.5,5.5,295.4
2020-12-10 18:00:00,2020,2021-12-10 17:59:18.750,652.9,23.3,7.9,430.4
2020-12-10 19:00:00,2020,2021-12-10 18:59:18.745,658.7,7.6,6.6,488.9
2020-12-10 20:00:00,2020,2021-12-10 19:59:18.740,663.2,6.5,11.3,499.1
2020-12-10 21:00:00,2020,2021-12-10 20:59:18.735,664.0,7.0,6.9,538.3
2020-12-10 22:00:00,2020,2021-12-10 21:59:18.730,656.7,6.1,11.4,516.1
2020-12-10 23:00:00,2020,2021-12-10 22:59:18.725,662.7,2.8,10.6,445.1
2020-12-11 00:00:00,2020,2021-12-10 23:59:18.720,676.5,0.4,11.2,559.9
2020-12-11 01:00:00,2020,2021-12-11 00:59:18.715,692.7,0.2,10.2,551.6
2020-12-11 02:00:00,2020,2021-12-11 01:59:18.710,686.4,0.4,8.9,496.2
2020-12-11 03:00:00,2020,2021-12-11 02:59:18.705,683.1,0.1,6.2,447.3
2020-12-11 04:00:00,2020,2021-12-11 03:59:18.700,680.7,0.4,4.1,492.5
2020-12-11 05:00:00,2020,2021-12-11 04:59:18.695,687.5,1.6,1.8,583.4
2020-12-11 06:00:00,2020,2021-12-11 05:59:18.690,686.2,6.5,0.3,616.2
2020-12-11 07:00:00,2020,2021-12-11 06:59:18.685,680.7,16.8,0.0,632.4
2020-12-11 08:00:00,2020,2021-12-11 07:59:18.680,683.8,12.7,0.0,659.8
2020-12-11 09:00:00,2020,2021-12-11 08:59:18.675,689.8,5.7,0.0,672.7
2020-12-11 10:00:00,2020,2021-12-11 09:59:18.670,710.3,7.3,4.2,725.1
2020-12-11 11:00:00,2020,2021-12-11 10:59:18.665,711.6,11.6,0.5,730.9
2020-12-11 12:00:00,2020,2021-12-11 11:59:18.660,710.5,27.6,0.0,713.3
2020-12-11 13:00:00,2020,2021-12-11 12:59:18.655,708.1,30.2,0.0,693.6
2020-12-11 14:00:00,2020,2021-12-11 13:59:18.650,710.5,9.6,0.0,674.9
2020-12-11 15:00:00,2020,2021-12-11 14:59:18.645,713.0,5.2,0.4,683.7
2020-12-11 16:00:00,2020,2021-12-11 15:59:18.640,710.4,6.6,0.3,738.6
2020-12-11 17:00:00,2020,2021-12-11 16:59:18.635,712.2,20.6,0.1,611.7
2020-12-11 18:00:00,2020,2021-12-11 17:59:18.630,711.4,39.1,0.1,622.9
2020-12-11 19:00:00,2020,2021-12-11 18:59:18.625,710.4,52.4,1.5,607.1
2020-12-11 20:00:00,2020,2021-12-11 19:59:18.620,713.5,48.3,2.6,679.4
2020-12-11 21:00:00,2020,2021-12-11 20:59:18.615,710.4,23.1,1.3,728.4
2020-12-11 22:00:00,2020,2021-12-11 21:59:18.610,710.9,8.4,1.6,728.0
2020-12-11 23:00:00,2020,2021-12-11 22:59:18.605,711.5,5.9,1.2,731.4
2020-12-12 00:00:00,2020,2021-12-11 23:59:18.600,710.8,14.5,0.7,756.4
2020-12-12 01:00:00,2020,2021-12-12 00:59:18.595,710.8,38.7,0.1,769.0
2020-12-12 02:00:00,2020,2021-12-12 01:59:18.590,711.2,73.1,5.9,790.1
2020-12-12 03:00:00,2020,2021-12-12 02:59:18.585,707.9,126.8,28.0,784.1
2020-12-12 04:00:00,2020,2021-12-12 03:59:18.580,677.1,89.4,16.6,766.1
2020-12-12 05:00:00,2020,2021-12-12 04:59:18.575,658.1,125.3,4.2,747.7
2020-12-12 06:00:00,2020,2021-12-12 05:59:18.570,682.1,182.8,65.5,779.6
2020-12-12 07:00:00,2020,2021-12-12 06:59:18.565,709.9,193.9,128.1,776.4
2020-12-12 08:00:00,2020,2021-12-12 07:59:18.560,713.5,247.1,111.4,763.0
2020-12-12 09:00:00,2020,2021-12-12 08:59:18.555,713.1,292.3,127.8,751.0
2020-12-12 10:00:00,2020,2021-12-12 09:59:18.550,697.9,426.8,138.5,746.3
2020-12-12 11:00:00,2020,2021-12-12 10:59:18.545,702.4,647.4,142.4,738.5
2020-12-12 12:00:00,2020,2021-12-12 11:59:18.540,707.0,723.9,122.5,704.2
2020-12-12 13:00:00,2020,2021-12-12 12:59:18.535,699.8,704.8,103.3,683.2
2020-12-12 14:00:00,2020,2021-12-12 13:59:18.530,689.9,513.8,45.2,542.0
2020-12-12 15:00:00,2020,2021-12-12 14:59:18.525,646.2,284.0,17.6,451.0
2020-12-12 16:00:00,2020,2021-12-12 15:59:18.520,581.6,103.9,3.6,189.6
2020-12-12 17:00:00,2020,2021-12-12 16:59:18.515,211.1,168.6,3.6,28.9
2020-12-12 18:00:00,2020,2021-12-12 17:59:18.510,379.2,240.3,4.3,153.1
2020-12-12 19:00:00,2020,2021-12-12 18:59:18.505,444.4,0.8,0.0,331.0
2020-12-12 20:00:00,2020,2021-12-12 19:59:18.500,467.6,0.0,8.1,131.9
2020-12-12 21:00:00,2020,2021-12-12 20:59:18.495,494.7,0.0,11.5,153.8
2020-12-12 22:00:00,2020,2021-12-12 21:59:18.490,424.5,147.3,18.8,99.8
2020-12-12 23:00:00,2020,2021-12-12 22:59:18.485,343.3,322.1,68.5,664.1
2020-12-13 00:00:00,2020,2021-12-12 23:59:18.480,639.9,426.3,95.3,776.0
2020-12-13 01:00:00,2020,2021-12-13 00:59:18.475,683.2,563.3,144.1,738.2
2020-12-13 02:00:00,2020,2021-12-13 01:59:18.470,592.4,414.1,111.7,700.4
2020-12-13 03:00:00,2020,2021-12-13 02:59:18.465,415.4,250.9,55.7,677.4
2020-12-13 04:00:00,2020,2021-12-13 03:59:18.460,606.0,132.3,7.2,719.4
2020-12-13 05:00:00,2020,2021-12-13 04:59:18.455,615.0,101.5,0.0,726.0
2020-12-13 06:00:00,2020,2021-12-13 05:59:18.450,595.3,52.8,0.9,711.1
2020-12-13 07:00:00,2020,2021-12-13 06:59:18.445,599.0,44.0,12.7,517.6
2020-12-13 08:00:00,2020,2021-12-13 07:59:18.440,626.7,146.0,18.5,502.7
2020-12-13 09:00:00,2020,2021-12-13 08:59:18.435,561.2,533.5,37.3,602.3
2020-12-13 10:00:00,2020,2021-12-13 09:59:18.430,282.3,375.8,49.3,710.3
2020-12-13 11:00:00,2020,2021-12-13 10:59:18.425,154.9,323.1,49.2,542.8
2020-12-13 12:00:00,2020,2021-12-13 11:59:18.420,190.6,303.1,33.3,561.7
2020-12-13 13:00:00,2020,2021-12-13 12:59:18.415,131.8,436.8,18.3,669.6
2020-12-13 14:00:00,2020,2021-12-13 13:59:18.410,39.1,554.1,93.4,603.5
2020-12-13 15:00:00,2020,2021-12-13 14:59:18.405,102.7,474.1,68.4,442.0
2020-12-13 16:00:00,2020,2021-12-13 15:59:18.400,252.6,534.7,70.6,343.1
2020-12-13 17:00:00,2020,2021-12-13 16:59:18.395,650.7,704.9,145.4,764.3
2020-12-13 18:00:00,2020,2021-12-13 17:59:18.390,698.1,636.2,136.1,756.5
2020-12-13 19:00:00,2020,2021-12-13 18:59:18.385,690.9,725.3,144.5,780.1
2020-12-13 20:00:00,2020,2021-12-13 19:59:18.380,700.5,766.9,110.4,720.3
2020-12-13 21:00:00,2020,2021-12-13 20:59:18.375,687.0,808.2,113.1,741.8
2020-12-13 22:00:00,2020,2021-12-13 21:59:18.370,678.6,814.9,112.0,724.2
2020-12-13 23:00:00,2020,2021-12-13 22:59:18.365,692.7,802.5,116.0,743.5
2020-12-14 00:00:00,2020,2021-12-13 23:59:18.360,663.9,711.8,124.7,666.4
2020-12-14 01:00:00,2020,2021-12-14 00:59:18.355,634.4,779.2,126.4,661.0
2020-12-14 02:00:00,2020,2021-12-14 01:59:18.350,537.6,766.4,136.1,696.5
2020-12-14 03:00:00,2020,2021-12-14 02:59:18.345,520.5,740.4,128.8,671.3
2020-12-14 04:00:00,2020,2021-12-14 03:59:18.340,550.7,497.2,121.1,602.5
2020-12-14 05:00:00,2020,2021-12-14 04:59:18.335,566.4,480.3,109.7,494.4
2020-12-14 06:00:00,2020,2021-12-14 05:59:18.330,606.2,548.4,95.0,533.4
2020-12-14 07:00:00,2020,2021-12-14 06:59:18.325,662.3,583.4,97.8,558.8
2020-12-14 08:00:00,2020,2021-12-14 07:59:18.320,671.2,500.8,69.5,652.6
2020-12-14 09:00:00,2020,2021-12-14 08:59:18.315,682.3,671.2,48.1,690.3
2020-12-14 10:00:00,2020,2021-12-14 09:59:18.310,687.9,684.7,106.8,697.6
2020-12-14 11:00:00,2020,2021-12-14 10:59:18.305,686.7,759.0,130.9,650.1
2020-12-14 12:00:00,2020,2021-12-14 11:59:18.300,703.7,535.0,132.9,617.1
2020-12-14 13:00:00,2020,2021-12-14 12:59:18.295,693.3,512.2,132.0,526.4
2020-12-14 14:00:00,2020,2021-12-14 13:59:18.290,694.3,564.4,146.7,584.8
2020-12-14 15:00:00,2020,2021-12-14 14:59:18.285,706.0,832.8,144.4,759.5
2020-12-14 16:00:00,2020,2021-12-14 15:59:18.280,710.7,824.2,147.2,771.5
2020-12-14 17:00:00,2020,2021-12-14 16:59:18.275,695.1,842.3,147.7,741.6
2020-12-14 18:00:00,2020,2021-12-14 17:59:18.270,645.6,842.0,147.9,689.6
2020-12-14 19:00:00,2020,2021-12-14 18:59:18.265,586.0,837.0,146.0,793.3
2020-12-14 20:00:00,2020,2021-12-14 19:59:18.260,696.3,829.8,147.2,796.6
2020-12-14 21:00:00,2020,2021-12-14 20:59:18.255,706.7,785.6,146.7,799.1
2020-12-14 22:00:00,2020,2021-12-14 21:59:18.250,705.5,716.8,119.2,799.1
2020-12-14 23:00:00,2020,2021-12-14 22:59:18.245,708.3,677.4,121.2,794.9
2020-12-15 00:00:00,2020,2021-12-14 23:59:18.240,708.5,736.3,147.9,799.1
2020-12-15 01:00:00,2020,2021-12-15 00:59:18.235,708.9,842.3,147.1,799.1
2020-12-15 02:00:00,2020,2021-12-15 01:59:18.230,712.7,846.4,143.8,799.1
2020-12-15 03:00:00,2020,2021-12-15 02:59:18.225,691.0,846.9,132.2,799.1
2020-12-15 04:00:00,2020,2021-12-15 03:59:18.220,703.0,837.5,137.7,795.2
2020-12-15 05:00:00,2020,2021-12-15 04:59:18.215,477.6,822.3,137.3,797.0
2020-12-15 06:00:00,2020,2021-12-15 05:59:18.210,517.9,793.3,146.3,796.9
2020-12-15 07:00:00,2020,2021-12-15 06:59:18.205,429.2,834.0,147.7,788.1
2020-12-15 08:00:00,2020,2021-12-15 07:59:18.200,311.3,779.9,143.4,789.4
2020-12-15 09:00:00,2020,2021-12-15 08:59:18.195,656.5,803.9,148.3,799.1
2020-12-15 10:00:00,2020,2021-12-15 09:59:18.190,701.3,754.9,147.1,798.9
2020-12-15 11:00:00,2020,2021-12-15 10:59:18.185,626.4,578.8,133.2,752.0
2020-12-15 12:00:00,2020,2021-12-15 11:59:18.180,713.2,782.0,132.0,771.1
2020-12-15 13:00:00,2020,2021-12-15 12:59:18.175,713.4,791.9,146.6,797.0
2020-12-15 14:00:00,2020,2021-12-15 13:59:18.170,706.6,827.6,146.5,798.3
2020-12-15 15:00:00,2020,2021-12-15 14:59:18.165,711.3,783.1,126.7,798.2
2020-12-15 16:00:00,2020,2021-12-15 15:59:18.160,649.0,574.8,87.2,536.2
2020-12-15 17:00:00,2020,2021-12-15 16:59:18.155,475.3,444.2,84.9,326.8
2020-12-15 18:00:00,2020,2021-12-15 17:59:18.150,502.3,229.9,55.2,158.5
2020-12-15 19:00:00,2020,2021-12-15 18:59:18.145,339.1,175.2,29.6,207.3
2020-12-15 20:00:00,2020,2021-12-15 19:59:18.140,418.8,291.0,41.6,275.3
2020-12-15 21:00:00,2020,2021-12-15 20:59:18.135,454.1,780.4,127.6,308.2
2020-12-15 22:00:00,2020,2021-12-15 21:59:18.130,667.9,809.0,136.3,421.9
2020-12-15 23:00:00,2020,2021-12-15 22:59:18.125,675.1,705.6,121.5,500.0
2020-12-16 00:00:00,2020,2021-12-15 23:59:18.120,668.3,786.0,132.8,653.3
2020-12-16 01:00:00,2020,2021-12-16 00:59:18.115,649.2,793.5,130.3,694.3
2020-12-16 02:00:00,2020,2021-12-16 01:59:18.110,661.4,725.0,113.8,744.9
2020-12-16 03:00:00,2020,2021-12-16 02:59:18.105,710.8,829.3,142.2,712.7
2020-12-16 04:00:00,2020,2021-12-16 03:59:18.100,713.3,827.5,146.5,796.5
2020-12-16 05:00:00,2020,2021-12-16 04:59:18.095,712.5,825.4,146.7,799.1
2020-12-16 06:00:00,2020,2021-12-16 05:59:18.090,713.5,838.5,147.3,799.1
2020-12-16 07:00:00,2020,2021-12-16 06:59:18.085,708.0,841.0,147.6,794.9
2020-12-16 08:00:00,2020,2021-12-16 07:59:18.080,711.8,842.9,147.8,796.4
2020-12-16 09:00:00,2020,2021-12-16 08:59:18.075,710.5,843.8,147.5,799.1
2020-12-16 10:00:00,2020,2021-12-16 09:59:18.070,711.9,841.6,147.2,797.2
2020-12-16 11:00:00,2020,2021-12-16 10:59:18.065,712.4,784.7,146.8,789.3
2020-12-16 12:00:00,2020,2021-12-16 11:59:18.060,702.7,811.2,147.6,799.1
2020-12-16 13:00:00,2020,2021-12-16 12:59:18.055,711.8,770.5,147.9,799.1
2020-12-16 14:00:00,2020,2021-12-16 13:59:18.050,652.5,777.8,146.6,799.1
2020-12-16 15:00:00,2020,2021-12-16 14:59:18.045,713.5,729.2,146.2,799.1
2020-12-16 16:00:00,2020,2021-12-16 15:59:18.040,712.8,749.1,146.7,792.6
2020-12-16 17:00:00,2020,2021-12-16 16:59:18.035,713.5,836.1,147.7,792.1
2020-12-16 18:00:00,2020,2021-12-16 17:59:18.030,713.5,831.1,146.9,789.7
2020-12-16 19:00:00,2020,2021-12-16 18:59:18.025,713.5,838.4,146.8,799.1
2020-12-16 20:00:00,2020,2021-12-16 19:59:18.020,712.3,833.0,144.8,799.1
2020-12-16 21:00:00,2020,2021-12-16 20:59:18.015,704.3,834.8,146.2,797.6
2020-12-16 22:00:00,2020,2021-12-16 21:59:18.010,709.3,814.0,144.8,792.1
2020-12-16 23:00:00,2020,2021-12-16 22:59:18.005,713.5,837.7,145.3,788.6
2020-12-17 00:00:00,2020,2021-12-16 23:59:18.000,713.3,831.4,139.0,789.1
2020-12-17 01:00:00,2020,2021-12-17 00:59:17.995,710.1,830.3,125.9,786.8
2020-12-17 02:00:00,2020,2021-12-17 01:59:17.990,713.3,786.1,121.0,785.6
2020-12-17 03:00:00,2020,2021-12-17 02:59:17.985,698.7,535.1,128.8,758.6
2020-12-17 04:00:00,2020,2021-12-17 03:59:17.980,543.9,235.5,100.6,636.4
2020-12-17 05:00:00,2020,2021-12-17 04:59:17.975,237.0,133.7,48.8,495.7
2020-12-17 06:00:00,2020,2021-12-17 05:59:17.970,121.9,33.4,22.5,297.2
2020-12-17 07:00:00,2020,2021-12-17 06:59:17.965,89.7,6.7,10.4,108.2
2020-12-17 08:00:00,2020,2021-12-17 07:59:17.960,74.0,5.9,5.4,37.8
2020-12-17 09:00:00,2020,2021-12-17 08:59:17.955,194.6,0.6,4.7,84.0
2020-12-17 10:00:00,2020,2021-12-17 09:59:17.950,195.5,0.0,0.8,123.6
2020-12-17 11:00:00,2020,2021-12-17 10:59:17.945,239.3,0.0,0.0,124.4
2020-12-17 12:00:00,2020,2021-12-17 11:59:17.940,389.0,0.2,0.0,184.4
2020-12-17 13:00:00,2020,2021-12-17 12:59:17.935,650.6,2.6,0.1,520.4
2020-12-17 14:00:00,2020,2021-12-17 13:59:17.930,608.6,39.0,2.8,654.8
2020-12-17 15:00:00,2020,2021-12-17 14:59:17.925,628.1,649.2,6.9,688.5
2020-12-17 16:00:00,2020,2021-12-17 15:59:17.920,658.6,490.3,11.2,629.9
2020-12-17 17:00:00,2020,2021-12-17 16:59:17.915,669.1,218.7,0.0,589.1
2020-12-17 18:00:00,2020,2021-12-17 17:59:17.910,624.9,86.2,0.0,668.7
2020-12-17 19:00:00,2020,2021-12-17 18:59:17.905,684.2,583.3,28.2,743.8
2020-12-17 20:00:00,2020,2021-12-17 19:59:17.900,702.1,793.2,38.0,770.7
2020-12-17 21:00:00,2020,2021-12-17 20:59:17.895,652.8,834.4,52.5,755.4
2020-12-17 22:00:00,2020,2021-12-17 21:59:17.890,713.5,782.2,126.1,795.0
2020-12-17 23:00:00,2020,2021-12-17 22:59:17.885,711.6,830.5,146.3,790.5
2020-12-18 00:00:00,2020,2021-12-17 23:59:17.880,707.9,840.7,147.4,796.9
2020-12-18 01:00:00,2020,2021-12-18 00:59:17.875,713.4,839.7,146.3,799.1
2020-12-18 02:00:00,2020,2021-12-18 01:59:17.870,687.4,842.6,148.3,795.9
2020-12-18 03:00:00,2020,2021-12-18 02:59:17.865,695.4,842.4,147.3,620.7
2020-12-18 04:00:00,2020,2021-12-18 03:59:17.860,706.3,816.3,146.3,771.1
2020-12-18 05:00:00,2020,2021-12-18 04:59:17.855,705.5,656.0,147.8,769.2
2020-12-18 06:00:00,2020,2021-12-18 05:59:17.850,557.7,562.4,139.1,588.5
2020-12-18 07:00:00,2020,2021-12-18 06:59:17.845,573.5,847.0,148.3,663.3
2020-12-18 08:00:00,2020,2021-12-18 07:59:17.840,630.7,847.0,148.3,702.3
2020-12-18 09:00:00,2020,2021-12-18 08:59:17.835,438.0,808.3,141.5,694.0
2020-12-18 10:00:00,2020,2021-12-18 09:59:17.830,566.8,740.2,113.0,665.8
2020-12-18 11:00:00,2020,2021-12-18 10:59:17.825,629.0,839.3,100.5,690.4
2020-12-18 12:00:00,2020,2021-12-18 11:59:17.820,582.1,843.4,97.0,690.1
2020-12-18 13:00:00,2020,2021-12-18 12:59:17.815,629.1,844.2,113.2,676.2
2020-12-18 14:00:00,2020,2021-12-18 13:59:17.810,629.2,840.0,103.0,542.6
2020-12-18 15:00:00,2020,2021-12-18 14:59:17.805,620.8,829.6,127.0,664.1
2020-12-18 16:00:00,2020,2021-12-18 15:59:17.800,574.7,770.9,104.2,758.9
2020-12-18 17:00:00,2020,2021-12-18 16:59:17.795,704.7,550.3,133.0,775.7
2020-12-18 18:00:00,2020,2021-12-18 17:59:17.790,696.9,327.9,108.2,732.3
2020-12-18 19:00:00,2020,2021-12-18 18:59:17.785,635.2,369.8,85.3,618.8
2020-12-18 20:00:00,2020,2021-12-18 19:59:17.780,596.3,34.5,12.1,139.4
2020-12-18 21:00:00,2020,2021-12-18 20:59:17.775,33.3,566.2,68.9,376.4
2020-12-18 22:00:00,2020,2021-12-18 21:59:17.770,441.3,314.7,58.6,597.6
2020-12-18 23:00:00,2020,2021-12-18 22:59:17.765,534.7,99.0,83.3,315.5
2020-12-19 00:00:00,2020,2021-12-18 23:59:17.760,386.3,93.7,113.3,497.0
2020-12-19 01:00:00,2020,2021-12-19 00:59:17.755,276.2,160.3,124.3,426.6
2020-12-19 02:00:00,2020,2021-12-19 01:59:17.750,167.4,108.5,112.6,293.7
2020-12-19 03:00:00,2020,2021-12-19 02:59:17.745,137.1,134.7,64.5,173.6
2020-12-19 04:00:00,2020,2021-12-19 03:59:17.740,133.2,97.3,47.2,180.8
2020-12-19 05:00:00,2020,2021-12-19 04:59:17.735,55.5,53.5,40.1,153.2
2020-12-19 06:00:00,2020,2021-12-19 05:59:17.730,171.3,80.8,31.3,73.4
2020-12-19 07:00:00,2020,2021-12-19 06:59:17.725,552.0,76.5,21.7,14.4
2020-12-19 08:00:00,2020,2021-12-19 07:59:17.720,571.2,92.3,16.2,27.4
2020-12-19 09:00:00,2020,2021-12-19 08:59:17.715,553.5,104.2,20.6,82.3
2020-12-19 10:00:00,2020,2021-12-19 09:59:17.710,458.6,91.1,39.5,89.6
2020-12-19 11:00:00,2020,2021-12-19 10:59:17.705,306.6,152.5,73.8,99.6
2020-12-19 12:00:00,2020,2021-12-19 11:59:17.700,159.8,116.9,65.4,135.5
2020-12-19 13:00:00,2020,2021-12-19 12:59:17.695,78.8,47.3,23.3,183.0
2020-12-19 14:00:00,2020,2021-12-19 13:59:17.690,70.6,43.8,10.3,127.4
2020-12-19 15:00:00,2020,2021-12-19 14:59:17.685,57.9,93.0,0.3,77.4
2020-12-19 16:00:00,2020,2021-12-19 15:59:17.680,43.4,165.3,2.4,100.7
2020-12-19 17:00:00,2020,2021-12-19 16:59:17.675,49.3,104.4,4.4,61.1
2020-12-19 18:00:00,2020,2021-12-19 17:59:17.670,22.8,48.0,3.0,72.1
2020-12-19 19:00:00,2020,2021-12-19 18:59:17.665,42.9,17.5,3.7,26.6
2020-12-19 20:00:00,2020,2021-12-19 19:59:17.660,53.0,7.8,0.2,16.9
2020-12-19 21:00:00,2020,2021-12-19 20:59:17.655,23.6,3.7,2.6,8.2
2020-12-19 22:00:00,2020,2021-12-19 21:59:17.650,29.8,0.8,3.8,9.1
2020-12-19 23:00:00,2020,2021-12-19 22:59:17.645,32.3,0.5,2.2,5.0
2020-12-20 00:00:00,2020,2021-12-19 23:59:17.640,20.4,5.0,2.8,1.1
2020-12-20 01:00:00,2020,2021-12-20 00:59:17.635,33.5,23.2,2.5,0.6
2020-12-20 02:00:00,2020,2021-12-20 01:59:17.630,38.4,50.6,2.2,0.3
2020-12-20 03:00:00,2020,2021-12-20 02:59:17.625,54.6,49.2,7.5,0.5
2020-12-20 04:00:00,2020,2021-12-20 03:59:17.620,26.2,48.1,4.0,7.4
2020-12-20 05:00:00,2020,2021-12-20 04:59:17.615,8.5,37.2,3.6,14.6
2020-12-20 06:00:00,2020,2021-12-20 05:59:17.610,0.0,41.9,1.6,36.5
2020-12-20 07:00:00,2020,2021-12-20 06:59:17.605,0.0,39.4,0.1,37.7
2020-12-20 08:00:00,2020,2021-12-20 07:59:17.600,0.0,53.0,0.0,27.7
2020-12-20 09:00:00,2020,2021-12-20 08:59:17.595,0.0,51.4,0.0,12.1
2020-12-20 10:00:00,2020,2021-12-20 09:59:17.590,0.1,63.6,0.6,13.9
2020-12-20 11:00:00,2020,2021-12-20 10:59:17.585,0.0,38.3,0.3,8.3
2020-12-20 12:00:00,2020,2021-12-20 11:59:17.580,0.0,18.9,0.1,1.4
2020-12-20 13:00:00,2020,2021-12-20 12:59:17.575,0.0,12.9,0.0,12.8
2020-12-20 14:00:00,2020,2021-12-20 13:59:17.570,0.0,8.5,0.0,6.5
2020-12-20 15:00:00,2020,2021-12-20 14:59:17.565,0.0,7.2,0.0,22.2
2020-12-20 16:00:00,2020,2021-12-20 15:59:17.560,0.0,15.4,1.1,21.1
2020-12-20 17:00:00,2020,2021-12-20 16:59:17.555,46.0,4.8,0.0,49.4
2020-12-20 18:00:00,2020,2021-12-20 17:59:17.550,99.9,6.4,0.1,19.9
2020-12-20 19:00:00,2020,2021-12-20 18:59:17.545,166.4,11.1,0.1,59.0
2020-12-20 20:00:00,2020,2021-12-20 19:59:17.540,216.5,25.8,0.0,54.4
2020-12-20 21:00:00,2020,2021-12-20 20:59:17.535,158.2,28.2,0.0,54.4
2020-12-20 22:00:00,2020,2021-12-20 21:59:17.530,82.7,24.5,0.0,29.1
2020-12-20 23:00:00,2020,2021-12-20 22:59:17.525,46.3,32.8,0.0,21.9
2020-12-21 00:00:00,2020,2021-12-20 23:59:17.520,32.1,33.3,0.4,16.7
2020-12-21 01:00:00,2020,2021-12-21 00:59:17.515,20.8,21.6,0.3,14.4
2020-12-21 02:00:00,2020,2021-12-21 01:59:17.510,5.1,17.4,1.8,11.0
2020-12-21 03:00:00,2020,2021-12-21 02:59:17.505,3.6,32.5,4.1,26.0
2020-12-21 04:00:00,2020,2021-12-21 03:59:17.500,1.5,46.1,4.2,16.5
2020-12-21 05:00:00,2020,2021-12-21 04:59:17.495,3.9,63.0,4.9,2.5
2020-12-21 06:00:00,2020,2021-12-21 05:59:17.490,0.2,77.2,4.3,16.0
2020-12-21 07:00:00,2020,2021-12-21 06:59:17.485,0.0,76.7,2.3,25.8
2020-12-21 08:00:00,2020,2021-12-21 07:59:17.480,0.3,69.4,0.2,29.3
2020-12-21 09:00:00,2020,2021-12-21 08:59:17.475,0.1,57.1,0.2,28.8
2020-12-21 10:00:00,2020,2021-12-21 09:59:17.470,3.0,59.9,0.5,27.0
2020-12-21 11:00:00,2020,2021-12-21 10:59:17.465,0.0,40.1,0.2,11.0
2020-12-21 12:00:00,2020,2021-12-21 11:59:17.460,1.4,26.9,0.0,0.0
2020-12-21 13:00:00,2020,2021-12-21 12:59:17.455,8.8,30.2,0.0,0.0
2020-12-21 14:00:00,2020,2021-12-21 13:59:17.450,11.7,25.1,0.0,0.0
2020-12-21 15:00:00,2020,2021-12-21 14:59:17.445,10.4,14.3,0.0,0.0
2020-12-21 16:00:00,2020,2021-12-21 15:59:17.440,43.0,16.4,0.0,0.0
2020-12-21 17:00:00,2020,2021-12-21 16:59:17.435,85.6,0.0,0.0,5.3
2020-12-21 18:00:00,2020,2021-12-21 17:59:17.430,73.7,0.8,4.5,14.3
2020-12-21 19:00:00,2020,2021-12-21 18:59:17.425,217.7,1.0,1.1,7.4
2020-12-21 20:00:00,2020,2021-12-21 19:59:17.420,310.5,29.9,2.2,21.6
2020-12-21 21:00:00,2020,2021-12-21 20:59:17.415,236.6,5.0,0.7,50.3
2020-12-21 22:00:00,2020,2021-12-21 21:59:17.410,195.3,4.1,1.2,35.9
2020-12-21 23:00:00,2020,2021-12-21 22:59:17.405,164.1,1.4,0.6,2.9
2020-12-22 00:00:00,2020,2021-12-21 23:59:17.400,191.3,3.4,1.4,56.3
2020-12-22 01:00:00,2020,2021-12-22 00:59:17.395,160.2,9.6,2.5,51.5
2020-12-22 02:00:00,2020,2021-12-22 01:59:17.390,139.0,25.1,1.5,103.6
2020-12-22 03:00:00,2020,2021-12-22 02:59:17.385,125.2,42.6,0.9,45.6
2020-12-22 04:00:00,2020,2021-12-22 03:59:17.380,131.7,54.0,0.4,13.2
2020-12-22 05:00:00,2020,2021-12-22 04:59:17.375,137.9,61.4,0.9,8.6
2020-12-22 06:00:00,2020,2021-12-22 05:59:17.370,123.0,66.8,1.1,20.6
2020-12-22 07:00:00,2020,2021-12-22 06:59:17.365,91.0,71.1,0.8,27.8
2020-12-22 08:00:00,2020,2021-12-22 07:59:17.360,52.8,58.3,0.2,25.1
2020-12-22 09:00:00,2020,2021-12-22 08:59:17.355,27.8,41.5,0.1,19.2
2020-12-22 10:00:00,2020,2021-12-22 09:59:17.350,7.1,40.8,2.3,20.1
2020-12-22 11:00:00,2020,2021-12-22 10:59:17.345,10.1,38.0,4.1,23.0
2020-12-22 12:00:00,2020,2021-12-22 11:59:17.340,0.8,9.8,3.2,12.1
2020-12-22 13:00:00,2020,2021-12-22 12:59:17.335,7.1,0.8,2.6,0.0
2020-12-22 14:00:00,2020,2021-12-22 13:59:17.330,6.5,5.9,0.2,0.0
2020-12-22 15:00:00,2020,2021-12-22 14:59:17.325,0.3,9.0,0.0,0.0
2020-12-22 16:00:00,2020,2021-12-22 15:59:17.320,0.1,6.1,0.0,0.0
2020-12-22 17:00:00,2020,2021-12-22 16:59:17.315,0.2,0.7,0.1,12.1
2020-12-22 18:00:00,2020,2021-12-22 17:59:17.310,0.0,6.9,0.7,16.4
2020-12-22 19:00:00,2020,2021-12-22 18:59:17.305,0.0,15.8,0.7,29.7
2020-12-22 20:00:00,2020,2021-12-22 19:59:17.300,0.0,19.4,1.6,33.0
2020-12-22 21:00:00,2020,2021-12-22 20:59:17.295,0.0,5.7,6.0,20.5
2020-12-22 22:00:00,2020,2021-12-22 21:59:17.290,0.0,1.4,6.2,24.3
2020-12-22 23:00:00,2020,2021-12-22 22:59:17.285,0.0,0.7,4.3,6.7
2020-12-23 00:00:00,2020,2021-12-22 23:59:17.280,0.0,0.7,1.0,0.3
2020-12-23 01:00:00,2020,2021-12-23 00:59:17.275,0.8,1.4,0.8,0.0
2020-12-23 02:00:00,2020,2021-12-23 01:59:17.270,0.0,0.3,1.8,2.5
2020-12-23 03:00:00,2020,2021-12-23 02:59:17.265,0.0,0.0,2.2,26.6
2020-12-23 04:00:00,2020,2021-12-23 03:59:17.260,0.0,0.0,1.9,23.7
2020-12-23 05:00:00,2020,2021-12-23 04:59:17.255,0.0,0.0,1.1,24.6
2020-12-23 06:00:00,2020,2021-12-23 05:59:17.250,1.4,0.0,0.0,25.6
2020-12-23 07:00:00,2020,2021-12-23 06:59:17.245,1.3,0.0,0.0,13.2
2020-12-23 08:00:00,2020,2021-12-23 07:59:17.240,0.4,0.0,0.0,8.4
2020-12-23 09:00:00,2020,2021-12-23 08:59:17.235,2.6,0.4,0.0,16.0
2020-12-23 10:00:00,2020,2021-12-23 09:59:17.230,40.0,3.9,0.0,12.2
2020-12-23 11:00:00,2020,2021-12-23 10:59:17.225,79.6,9.1,0.0,2.9
2020-12-23 12:00:00,2020,2021-12-23 11:59:17.220,63.1,15.2,0.0,0.7
2020-12-23 13:00:00,2020,2021-12-23 12:59:17.215,35.3,13.2,0.0,0.2
2020-12-23 14:00:00,2020,2021-12-23 13:59:17.210,55.2,8.5,0.0,0.5
2020-12-23 15:00:00,2020,2021-12-23 14:59:17.205,151.1,15.8,0.0,0.4
2020-12-23 16:00:00,2020,2021-12-23 15:59:17.200,415.6,37.6,0.0,27.9
2020-12-23 17:00:00,2020,2021-12-23 16:59:17.195,630.4,18.1,0.4,336.0
2020-12-23 18:00:00,2020,2021-12-23 17:59:17.190,637.6,115.5,0.1,442.5
2020-12-23 19:00:00,2020,2021-12-23 18:59:17.185,635.0,132.0,0.0,540.9
2020-12-23 20:00:00,2020,2021-12-23 19:59:17.180,633.1,86.3,0.0,621.6
2020-12-23 21:00:00,2020,2021-12-23 20:59:17.175,633.1,122.1,0.0,547.9
2020-12-23 22:00:00,2020,2021-12-23 21:59:17.170,640.3,66.9,3.4,662.5
2020-12-23 23:00:00,2020,2021-12-23 22:59:17.165,653.8,96.8,53.2,723.3
2020-12-24 00:00:00,2020,2021-12-23 23:59:17.160,666.4,103.4,88.1,752.1
2020-12-24 01:00:00,2020,2021-12-24 00:59:17.155,676.8,437.1,125.4,749.3
2020-12-24 02:00:00,2020,2021-12-24 01:59:17.150,680.2,838.7,120.9,755.6
2020-12-24 03:00:00,2020,2021-12-24 02:59:17.145,686.1,846.6,72.3,747.9
2020-12-24 04:00:00,2020,2021-12-24 03:59:17.140,689.1,564.7,30.4,737.4
2020-12-24 05:00:00,2020,2021-12-24 04:59:17.135,685.4,478.0,66.2,729.4
2020-12-24 06:00:00,2020,2021-12-24 05:59:17.130,670.5,428.6,62.2,721.5
2020-12-24 07:00:00,2020,2021-12-24 06:59:17.125,593.5,514.3,29.3,711.3
2020-12-24 08:00:00,2020,2021-12-24 07:59:17.120,713.2,709.9,48.9,737.1
2020-12-24 09:00:00,2020,2021-12-24 08:59:17.115,711.6,392.8,106.8,764.6
2020-12-24 10:00:00,2020,2021-12-24 09:59:17.110,679.0,318.9,122.5,759.4
2020-12-24 11:00:00,2020,2021-12-24 10:59:17.105,549.9,233.0,123.8,643.0
2020-12-24 12:00:00,2020,2021-12-24 11:59:17.100,461.7,104.6,79.9,588.1
2020-12-24 13:00:00,2020,2021-12-24 12:59:17.095,371.5,59.7,20.9,651.2
2020-12-24 14:00:00,2020,2021-12-24 13:59:17.090,70.5,8.9,1.9,503.5
2020-12-24 15:00:00,2020,2021-12-24 14:59:17.085,13.3,2.3,0.0,272.2
2020-12-24 16:00:00,2020,2021-12-24 15:59:17.080,3.0,4.6,0.0,82.0
2020-12-24 17:00:00,2020,2021-12-24 16:59:17.075,249.2,228.6,35.8,142.8
2020-12-24 18:00:00,2020,2021-12-24 17:59:17.070,247.8,514.0,29.5,160.7
2020-12-24 19:00:00,2020,2021-12-24 18:59:17.065,145.4,623.8,70.3,234.2
2020-12-24 20:00:00,2020,2021-12-24 19:59:17.060,152.1,658.7,56.3,247.6
2020-12-24 21:00:00,2020,2021-12-24 20:59:17.055,152.0,705.4,88.6,185.7
2020-12-24 22:00:00,2020,2021-12-24 21:59:17.050,101.2,101.5,134.1,125.4
2020-12-24 23:00:00,2020,2021-12-24 22:59:17.045,133.7,184.3,130.1,163.0
2020-12-25 00:00:00,2020,2021-12-24 23:59:17.040,259.8,261.4,104.7,228.6
2020-12-25 01:00:00,2020,2021-12-25 00:59:17.035,296.3,214.2,98.6,224.3
2020-12-25 02:00:00,2020,2021-12-25 01:59:17.030,262.7,225.0,75.3,288.0
2020-12-25 03:00:00,2020,2021-12-25 02:59:17.025,237.8,90.4,61.6,280.4
2020-12-25 04:00:00,2020,2021-12-25 03:59:17.020,157.5,306.4,7.4,242.9
2020-12-25 05:00:00,2020,2021-12-25 04:59:17.015,202.1,2.0,0.0,93.0
2020-12-25 06:00:00,2020,2021-12-25 05:59:17.010,50.3,0.0,0.0,33.1
2020-12-25 07:00:00,2020,2021-12-25 06:59:17.005,71.1,0.0,23.7,127.0
2020-12-25 08:00:00,2020,2021-12-25 07:59:17.000,314.4,17.4,12.6,67.0
2020-12-25 09:00:00,2020,2021-12-25 08:59:16.995,269.8,46.2,2.7,126.2
2020-12-25 10:00:00,2020,2021-12-25 09:59:16.990,140.8,2.7,5.0,153.7
2020-12-25 11:00:00,2020,2021-12-25 10:59:16.985,66.0,0.2,0.6,83.4
2020-12-25 12:00:00,2020,2021-12-25 11:59:16.980,62.7,0.0,0.2,49.7
2020-12-25 13:00:00,2020,2021-12-25 12:59:16.975,50.9,0.4,3.6,37.5
2020-12-25 14:00:00,2020,2021-12-25 13:59:16.970,19.1,0.5,2.6,20.1
2020-12-25 15:00:00,2020,2021-12-25 14:59:16.965,10.9,1.2,1.5,3.1
2020-12-25 16:00:00,2020,2021-12-25 15:59:16.960,0.0,1.8,2.1,0.0
2020-12-25 17:00:00,2020,2021-12-25 16:59:16.955,0.2,4.3,0.8,0.0
2020-12-25 18:00:00,2020,2021-12-25 17:59:16.950,4.1,6.5,0.3,0.0
2020-12-25 19:00:00,2020,2021-12-25 18:59:16.945,68.9,12.1,0.0,0.0
2020-12-25 20:00:00,2020,2021-12-25 19:59:16.940,98.4,23.8,1.9,0.4
2020-12-25 21:00:00,2020,2021-12-25 20:59:16.935,142.2,35.5,3.8,21.0
2020-12-25 22:00:00,2020,2021-12-25 21:59:16.930,224.7,44.5,1.8,103.5
2020-12-25 23:00:00,2020,2021-12-25 22:59:16.925,372.6,33.1,4.7,115.3
2020-12-26 00:00:00,2020,2021-12-25 23:59:16.920,315.2,22.0,1.2,87.8
2020-12-26 01:00:00,2020,2021-12-26 00:59:16.915,424.8,20.9,0.3,192.7
2020-12-26 02:00:00,2020,2021-12-26 01:59:16.910,504.7,26.7,0.3,436.6
2020-12-26 03:00:00,2020,2021-12-26 02:59:16.905,533.1,4.8,0.0,489.0
2020-12-26 04:00:00,2020,2021-12-26 03:59:16.900,608.7,7.1,0.1,686.5
2020-12-26 05:00:00,2020,2021-12-26 04:59:16.895,621.2,12.1,0.6,731.9
2020-12-26 06:00:00,2020,2021-12-26 05:59:16.890,648.7,163.4,0.0,678.0
2020-12-26 07:00:00,2020,2021-12-26 06:59:16.885,674.6,499.5,0.4,598.9
2020-12-26 08:00:00,2020,2021-12-26 07:59:16.880,703.3,339.7,0.4,697.7
2020-12-26 09:00:00,2020,2021-12-26 08:59:16.875,710.3,285.3,0.1,736.8
2020-12-26 10:00:00,2020,2021-12-26 09:59:16.870,700.5,316.5,0.6,737.1
2020-12-26 11:00:00,2020,2021-12-26 10:59:16.865,356.8,265.3,9.5,731.7
2020-12-26 12:00:00,2020,2021-12-26 11:59:16.860,591.5,243.1,8.6,699.7
2020-12-26 13:00:00,2020,2021-12-26 12:59:16.855,659.5,310.8,4.4,670.6
2020-12-26 14:00:00,2020,2021-12-26 13:59:16.850,662.4,616.2,21.3,715.3
2020-12-26 15:00:00,2020,2021-12-26 14:59:16.845,693.9,685.3,33.2,786.8
2020-12-26 16:00:00,2020,2021-12-26 15:59:16.840,709.7,407.3,10.0,797.6
2020-12-26 17:00:00,2020,2021-12-26 16:59:16.835,707.5,290.3,114.3,792.5
2020-12-26 18:00:00,2020,2021-12-26 17:59:16.830,710.4,277.6,114.3,781.7
2020-12-26 19:00:00,2020,2021-12-26 18:59:16.825,709.8,313.3,74.8,764.0
2020-12-26 20:00:00,2020,2021-12-26 19:59:16.820,707.1,193.7,39.3,732.4
2020-12-26 21:00:00,2020,2021-12-26 20:59:16.815,687.7,183.2,12.0,684.2
2020-12-26 22:00:00,2020,2021-12-26 21:59:16.810,670.5,105.9,10.7,616.3
2020-12-26 23:00:00,2020,2021-12-26 22:59:16.805,675.1,31.4,0.5,554.9
2020-12-27 00:00:00,2020,2021-12-26 23:59:16.800,651.3,0.9,5.2,503.6
2020-12-27 01:00:00,2020,2021-12-27 00:59:16.795,527.0,0.0,7.9,476.6
2020-12-27 02:00:00,2020,2021-12-27 01:59:16.790,397.8,0.0,2.4,469.9
2020-12-27 03:00:00,2020,2021-12-27 02:59:16.785,285.4,3.9,0.0,401.7
2020-12-27 04:00:00,2020,2021-12-27 03:59:16.780,198.2,1.8,0.0,296.7
2020-12-27 05:00:00,2020,2021-12-27 04:59:16.775,108.9,9.0,0.0,130.4
2020-12-27 06:00:00,2020,2021-12-27 05:59:16.770,23.8,30.2,0.7,21.0
2020-12-27 07:00:00,2020,2021-12-27 06:59:16.765,5.4,42.3,3.1,19.1
2020-12-27 08:00:00,2020,2021-12-27 07:59:16.760,97.9,18.6,4.3,10.1
2020-12-27 09:00:00,2020,2021-12-27 08:59:16.755,218.8,15.0,1.2,59.9
2020-12-27 10:00:00,2020,2021-12-27 09:59:16.750,231.2,14.2,0.7,209.3
2020-12-27 11:00:00,2020,2021-12-27 10:59:16.745,303.7,20.6,3.1,249.4
2020-12-27 12:00:00,2020,2021-12-27 11:59:16.740,273.2,21.7,5.7,168.9
2020-12-27 13:00:00,2020,2021-12-27 12:59:16.735,300.0,37.8,3.6,128.2
2020-12-27 14:00:00,2020,2021-12-27 13:59:16.730,390.7,65.2,2.2,134.7
2020-12-27 15:00:00,2020,2021-12-27 14:59:16.725,417.8,77.7,1.3,197.5
2020-12-27 16:00:00,2020,2021-12-27 15:59:16.720,450.7,77.1,21.9,441.3
2020-12-27 17:00:00,2020,2021-12-27 16:59:16.715,677.8,102.8,58.2,750.8
2020-12-27 18:00:00,2020,2021-12-27 17:59:16.710,667.2,240.3,109.2,762.0
2020-12-27 19:00:00,2020,2021-12-27 18:59:16.705,686.4,478.2,142.2,717.3
2020-12-27 20:00:00,2020,2021-12-27 19:59:16.700,711.4,763.7,112.6,776.4
2020-12-27 21:00:00,2020,2021-12-27 20:59:16.695,711.5,829.2,135.3,796.0
2020-12-27 22:00:00,2020,2021-12-27 21:59:16.690,666.4,845.2,129.8,735.1
2020-12-27 23:00:00,2020,2021-12-27 22:59:16.685,446.0,845.5,126.5,641.1
2020-12-28 00:00:00,2020,2021-12-27 23:59:16.680,333.3,843.8,110.7,555.8
2020-12-28 01:00:00,2020,2021-12-28 00:59:16.675,424.4,840.1,61.2,694.0
2020-12-28 02:00:00,2020,2021-12-28 01:59:16.670,546.9,835.4,50.2,770.5
2020-12-28 03:00:00,2020,2021-12-28 02:59:16.665,661.4,797.1,107.7,779.1
2020-12-28 04:00:00,2020,2021-12-28 03:59:16.660,702.0,705.1,115.5,796.5
2020-12-28 05:00:00,2020,2021-12-28 04:59:16.655,704.3,793.5,109.7,799.1
2020-12-28 06:00:00,2020,2021-12-28 05:59:16.650,710.8,624.5,54.7,799.0
2020-12-28 07:00:00,2020,2021-12-28 06:59:16.645,712.0,581.9,39.2,783.5
2020-12-28 08:00:00,2020,2021-12-28 07:59:16.640,711.5,742.8,70.2,748.2
2020-12-28 09:00:00,2020,2021-12-28 08:59:16.635,707.8,693.9,89.0,624.7
2020-12-28 10:00:00,2020,2021-12-28 09:59:16.630,641.6,540.2,87.6,384.8
2020-12-28 11:00:00,2020,2021-12-28 10:59:16.625,439.7,345.0,93.1,316.7
2020-12-28 12:00:00,2020,2021-12-28 11:59:16.620,404.3,302.3,118.4,381.5
2020-12-28 13:00:00,2020,2021-12-28 12:59:16.615,502.5,243.0,96.9,378.0
2020-12-28 14:00:00,2020,2021-12-28 13:59:16.610,505.1,317.4,96.7,435.6
2020-12-28 15:00:00,2020,2021-12-28 14:59:16.605,536.5,338.9,76.8,366.3
2020-12-28 16:00:00,2020,2021-12-28 15:59:16.600,443.1,304.4,59.3,324.2
2020-12-28 17:00:00,2020,2021-12-28 16:59:16.595,9.0,94.5,19.8,104.8
2020-12-28 18:00:00,2020,2021-12-28 17:59:16.590,8.4,120.9,20.4,90.6
2020-12-28 19:00:00,2020,2021-12-28 18:59:16.585,4.6,121.2,4.6,66.4
2020-12-28 20:00:00,2020,2021-12-28 19:59:16.580,5.9,37.6,1.8,36.9
2020-12-28 21:00:00,2020,2021-12-28 20:59:16.575,8.3,2.4,7.8,17.4
2020-12-28 22:00:00,2020,2021-12-28 21:59:16.570,0.8,0.0,6.1,0.6
2020-12-28 23:00:00,2020,2021-12-28 22:59:16.565,0.0,0.0,4.4,9.6
2020-12-29 00:00:00,2020,2021-12-28 23:59:16.560,0.0,0.0,4.1,28.6
2020-12-29 01:00:00,2020,2021-12-29 00:59:16.555,0.0,0.0,1.4,25.3
2020-12-29 02:00:00,2020,2021-12-29 01:59:16.550,0.0,0.0,0.0,6.7
2020-12-29 03:00:00,2020,2021-12-29 02:59:16.545,5.1,0.0,0.0,0.0
2020-12-29 04:00:00,2020,2021-12-29 03:59:16.540,1.9,0.0,2.3,0.0
2020-12-29 05:00:00,2020,2021-12-29 04:59:16.535,0.0,0.1,5.5,0.0
2020-12-29 06:00:00,2020,2021-12-29 05:59:16.530,0.0,0.4,10.0,0.0
2020-12-29 07:00:00,2020,2021-12-29 06:59:16.525,0.0,23.4,14.1,0.0
2020-12-29 08:00:00,2020,2021-12-29 07:59:16.520,0.4,42.9,16.0,0.0
2020-12-29 09:00:00,2020,2021-12-29 08:59:16.515,5.7,50.6,14.6,0.0
2020-12-29 10:00:00,2020,2021-12-29 09:59:16.510,7.3,47.8,10.2,0.0
2020-12-29 11:00:00,2020,2021-12-29 10:59:16.505,11.2,34.3,14.7,0.0
2020-12-29 12:00:00,2020,2021-12-29 11:59:16.500,20.8,61.4,21.6,1.6
2020-12-29 13:00:00,2020,2021-12-29 12:59:16.495,16.4,42.0,25.5,0.0
2020-12-29 14:00:00,2020,2021-12-29 13:59:16.490,11.6,27.3,20.9,0.0
2020-12-29 15:00:00,2020,2021-12-29 14:59:16.485,2.7,68.1,16.0,8.3
2020-12-29 16:00:00,2020,2021-12-29 15:59:16.480,4.1,77.3,14.8,12.8
2020-12-29 17:00:00,2020,2021-12-29 16:59:16.475,200.2,127.9,16.2,38.9
2020-12-29 18:00:00,2020,2021-12-29 17:59:16.470,474.2,88.9,23.5,55.1
2020-12-29 19:00:00,2020,2021-12-29 18:59:16.465,562.0,82.1,29.3,148.4
2020-12-29 20:00:00,2020,2021-12-29 19:59:16.460,642.0,100.7,30.3,197.3
2020-12-29 21:00:00,2020,2021-12-29 20:59:16.455,655.7,67.2,34.2,236.2
2020-12-29 22:00:00,2020,2021-12-29 21:59:16.450,667.3,20.4,15.8,160.9
2020-12-29 23:00:00,2020,2021-12-29 22:59:16.445,671.8,2.3,16.8,424.0
2020-12-30 00:00:00,2020,2021-12-29 23:59:16.440,668.1,2.6,12.8,407.3
2020-12-30 01:00:00,2020,2021-12-30 00:59:16.435,675.1,41.7,6.2,434.4
2020-12-30 02:00:00,2020,2021-12-30 01:59:16.430,665.9,193.3,1.3,572.4
2020-12-30 03:00:00,2020,2021-12-30 02:59:16.425,619.5,253.9,2.4,622.2
2020-12-30 04:00:00,2020,2021-12-30 03:59:16.420,623.1,242.3,9.4,614.8
2020-12-30 05:00:00,2020,2021-12-30 04:59:16.415,643.7,351.6,18.2,551.4
2020-12-30 06:00:00,2020,2021-12-30 05:59:16.410,619.7,644.6,23.8,460.9
2020-12-30 07:00:00,2020,2021-12-30 06:59:16.405,507.7,582.6,42.1,273.3
2020-12-30 08:00:00,2020,2021-12-30 07:59:16.400,653.8,655.5,41.8,507.2
2020-12-30 09:00:00,2020,2021-12-30 08:59:16.395,631.3,627.5,49.9,644.3
2020-12-30 10:00:00,2020,2021-12-30 09:59:16.390,524.0,553.6,32.9,513.7
2020-12-30 11:00:00,2020,2021-12-30 10:59:16.385,682.3,530.3,26.4,647.0
2020-12-30 12:00:00,2020,2021-12-30 11:59:16.380,564.4,553.9,70.6,689.0
2020-12-30 13:00:00,2020,2021-12-30 12:59:16.375,576.1,619.0,148.3,675.3
2020-12-30 14:00:00,2020,2021-12-30 13:59:16.370,632.1,508.4,131.2,681.9
2020-12-30 15:00:00,2020,2021-12-30 14:59:16.365,696.8,744.1,95.9,726.4
2020-12-30 16:00:00,2020,2021-12-30 15:59:16.360,666.2,763.2,83.8,724.2
2020-12-30 17:00:00,2020,2021-12-30 16:59:16.355,654.2,456.9,98.6,715.5
2020-12-30 18:00:00,2020,2021-12-30 17:59:16.350,658.3,724.8,113.4,717.4
2020-12-30 19:00:00,2020,2021-12-30 18:59:16.345,677.5,784.2,96.9,670.0
2020-12-30 20:00:00,2020,2021-12-30 19:59:16.340,705.7,820.8,129.5,680.4
2020-12-30 21:00:00,2020,2021-12-30 20:59:16.335,709.5,829.3,101.1,581.9
2020-12-30 22:00:00,2020,2021-12-30 21:59:16.330,710.2,837.5,77.4,407.5
2020-12-30 23:00:00,2020,2021-12-30 22:59:16.325,709.8,830.6,79.4,521.5
2020-12-31 00:00:00,2020,2021-12-30 23:59:16.320,711.8,822.5,45.0,616.7
2020-12-31 01:00:00,2020,2021-12-31 00:59:16.315,710.7,774.3,70.9,734.4
2020-12-31 02:00:00,2020,2021-12-31 01:59:16.310,710.5,600.6,75.3,694.1
2020-12-31 03:00:00,2020,2021-12-31 02:59:16.305,708.3,423.5,69.9,577.6
2020-12-31 04:00:00,2020,2021-12-31 03:59:16.300,704.1,359.9,80.4,584.5
2020-12-31 05:00:00,2020,2021-12-31 04:59:16.295,685.4,240.1,97.5,610.4
2020-12-31 06:00:00,2020,2021-12-31 05:59:16.290,602.1,209.3,54.7,583.9
2020-12-31 07:00:00,2020,2021-12-31 06:59:16.285,557.8,215.5,54.0,536.1
2020-12-31 08:00:00,2020,2021-12-31 07:59:16.280,545.2,331.4,46.3,512.3
2020-12-31 09:00:00,2020,2021-12-31 08:59:16.275,392.4,456.3,51.6,522.7
2020-12-31 10:00:00,2020,2021-12-31 09:59:16.270,220.0,343.9,0.9,288.4
2020-12-31 11:00:00,2020,2021-12-31 10:59:16.265,57.8,0.0,17.7,95.7
2020-12-31 12:00:00,2020,2021-12-31 11:59:16.260,16.2,0.0,26.5,13.5
2020-12-31 13:00:00,2020,2021-12-31 12:59:16.255,7.4,0.0,17.2,3.5
2020-12-31 14:00:00,2020,2021-12-31 13:59:16.250,3.2,0.1,14.7,21.9
2020-12-31 15:00:00,2020,2021-12-31 14:59:16.245,4.7,0.0,6.4,22.5
2020-12-31 16:00:00,2020,2021-12-31 15:59:16.240,12.6,0.0,0.2,26.4
2020-12-31 17:00:00,2020,2021-12-31 16:59:16.235,10.5,222.5,0.0,11.2
2020-12-31 18:00:00,2020,2021-12-31 17:59:16.230,51.5,281.0,0.0,33.3
2020-12-31 19:00:00,2020,2021-12-31 18:59:16.225,80.4,202.9,0.0,74.3
2020-12-31 20:00:00,2020,2021-12-31 19:59:16.220,73.0,166.6,0.0,89.6
2020-12-31 21:00:00,2020,2021-12-31 20:59:16.215,86.4,220.7,0.0,60.0
2020-12-31 22:00:00,2020,2021-12-31 21:59:16.210,105.7,251.2,0.0,20.8
2020-12-31 23:00:00,2020,2021-12-31 22:59:16.205,129.8,219.7,0.0,16.5
