Line_Number,EXIST,CAND,From_Bus_Number,From_Bus_Name,To_Bus_Number,To_Bus_Name,Rating_F,Rating_B,R,X,B,Length,Tx_cost,Tx_limit,Lead_Time
1,1,0,1,A,2,B,220,220,0.003,0.014,0.461,3,333333.3333333333,1000,10
2,1,0,1,A,2,B,625,625,0.055,0.211,0.057,55,333333.3333333333,1000,10
3,1,0,1,A,2,B,625,625,0.022,0.085,0.023,22,333333.3333333333,1000,10
4,1,0,3,C,1,A,625,625,0.033,0.127,0.034,33,333333.3333333333,1000,10
5,1,0,3,C,2,B,625,625,0.05,0.192,0.052,50,333333.3333333333,1000,10
