datetime,year,month,day1,day,hour,temp_C,IT_MW,PUE,Lpeak_sys_MW,normalized
1/1/2020 0:00,2020,1,1,1/1/2020,1,13.116,99.497,1.112,464.327465,0.58760379
1/1/2020 1:00,2020,1,1,1/1/2020,2,12.851,100.877,1.107,464.3184344658172,0.587592362
1/1/2020 2:00,2020,1,1,1/1/2020,3,10.034,100.385,1.08,464.3094335931968,0.587580972
1/1/2020 3:00,2020,1,1,1/1/2020,4,9.497,99.374,1.08,464.30046241440857,0.587569619
1/1/2020 4:00,2020,1,1,1/1/2020,5,8.79,99.617,1.08,464.2915209340678,0.587558303
1/1/2020 5:00,2020,1,1,1/1/2020,6,9.509,100.739,1.08,464.28260915677464,0.587547026
1/1/2020 6:00,2020,1,1,1/1/2020,7,7.98,98.836,1.08,464.2737270871137,0.587535785
1/1/2020 7:00,2020,1,1,1/1/2020,8,5.989,101.046,1.08,496.23206176795213,0.627978878
1/1/2020 8:00,2020,1,1,1/1/2020,9,6.319,97.638,1.08,573.3988556260249,0.725633021
1/1/2020 9:00,2020,1,1,1/1/2020,10,5.72,99.822,1.08,650.5656792053924,0.823287201
1/1/2020 10:00,2020,1,1,1/1/2020,11,4.875,100.648,1.08,682.5241031,0.863730406
1/1/2020 11:00,2020,1,1,1/1/2020,12,5.492,101.199,1.08,682.5153695868366,0.863719354
1/1/2020 12:00,2020,1,1,1/1/2020,13,6.022,101.402,1.08,682.5066659,0.86370834
1/1/2020 13:00,2020,1,1,1/1/2020,14,7.721,97.889,1.08,682.4979918692469,0.863697363
1/1/2020 14:00,2020,1,1,1/1/2020,15,8.997,99.806,1.08,682.4893476238607,0.863686423
1/1/2020 15:00,2020,1,1,1/1/2020,16,8.596,100.622,1.08,682.4807331266813,0.863675522
1/1/2020 16:00,2020,1,1,1/1/2020,17,12.036,100.578,1.091,682.4721484,0.863664658
1/1/2020 17:00,2020,1,1,1/1/2020,18,12.294,100.981,1.096,682.4635933946558,0.863653832
1/1/2020 18:00,2020,1,1,1/1/2020,19,13.059,96.947,1.111,682.4550681686273,0.863643043
1/1/2020 19:00,2020,1,1,1/1/2020,20,13.638,99.633,1.123,614.5354949520396,0.777691206
1/1/2020 20:00,2020,1,1,1/1/2020,21,15.619,100.356,1.162,546.6159515,0.691739406
1/1/2020 21:00,2020,1,1,1/1/2020,22,14.349,99.949,1.137,546.6075155902599,0.691728731
1/1/2020 22:00,2020,1,1,1/1/2020,23,14.202,98.825,1.134,546.5991095,0.691718093
1/1/2020 23:00,2020,1,1,1/1/2020,24,14.475,99.879,1.14,505.3590073198268,0.639528976
1/2/2020 0:00,2020,1,2,1/2/2020,1,13.19,99.482,1.114,464.1189349734326,0.587339897
1/2/2020 1:00,2020,1,2,1/2/2020,2,12.89,98.906,1.108,464.1106181995467,0.587329372
1/2/2020 2:00,2020,1,2,1/2/2020,3,11.255,100.278,1.08,464.10233122177567,0.587318885
1/2/2020 3:00,2020,1,2,1/2/2020,4,10.081,100.505,1.08,464.0940740443825,0.587308435
1/2/2020 4:00,2020,1,2,1/2/2020,5,9.831,100.064,1.08,464.0858466716154,0.587298024
1/2/2020 5:00,2020,1,2,1/2/2020,6,7.742,100.575,1.08,464.0776491,0.58728765
1/2/2020 6:00,2020,1,2,1/2/2020,7,6.145,100.478,1.08,464.0694813568746,0.587277313
1/2/2020 7:00,2020,1,2,1/2/2020,8,5.147,99.104,1.08,496.0285304616179,0.62772131
1/2/2020 8:00,2020,1,2,1/2/2020,9,5.753,102.563,1.08,573.1960388,0.725376357
1/2/2020 9:00,2020,1,2,1/2/2020,10,4.783,101.87,1.08,650.3635771,0.823031442
1/2/2020 10:00,2020,1,2,1/2/2020,11,6.307,102.657,1.08,682.3227156422618,0.863475552
1/2/2020 11:00,2020,1,2,1/2/2020,12,6.377,102.661,1.08,682.3146970195321,0.863465404
1/2/2020 12:00,2020,1,2,1/2/2020,13,6.617,102.211,1.08,682.3067082348603,0.863455294
1/2/2020 13:00,2020,1,2,1/2/2020,14,7.269,102.125,1.08,682.2987493,0.863445222
1/2/2020 14:00,2020,1,2,1/2/2020,15,8.812,100.395,1.08,682.2908201961138,0.863435188
1/2/2020 15:00,2020,1,2,1/2/2020,16,10.501,101.879,1.08,682.2829209502133,0.863425192
1/2/2020 16:00,2020,1,2,1/2/2020,17,11.871,102.279,1.087,682.2750515587179,0.863415233
1/2/2020 17:00,2020,1,2,1/2/2020,18,11.309,102.201,1.08,682.2672120256761,0.863405312
1/2/2020 18:00,2020,1,2,1/2/2020,19,14.711,102.027,1.144,682.2594023551212,0.863395429
1/2/2020 19:00,2020,1,2,1/2/2020,20,13.385,101.069,1.118,614.3405447946695,0.777444497
1/2/2020 20:00,2020,1,2,1/2/2020,21,13.402,99.529,1.118,546.4217171047248,0.691493604
1/2/2020 21:00,2020,1,2,1/2/2020,22,15.742,99.464,1.165,546.4139970456758,0.691483834
1/2/2020 22:00,2020,1,2,1/2/2020,23,15.321,99.246,1.156,546.4063068650923,0.691474102
1/2/2020 23:00,2020,1,2,1/2/2020,24,14.65,100.606,1.143,505.1669207862585,0.639285891
1/3/2020 0:00,2020,1,3,1/3/2020,1,12.65,101.592,1.103,463.9275645937877,0.587097719
1/3/2020 1:00,2020,1,3,1/3/2020,2,13.119,97.749,1.112,463.91996407227754,0.5870881
1/3/2020 2:00,2020,1,3,1/3/2020,3,11.097,99.023,1.08,463.91239344496597,0.58707852
1/3/2020 3:00,2020,1,3,1/3/2020,4,8.913,99.48,1.08,463.90485271574795,0.587068977
1/3/2020 4:00,2020,1,3,1/3/2020,5,8.333,101.382,1.08,463.89734188850264,0.587059472
1/3/2020 5:00,2020,1,3,1/3/2020,6,6.782,98.179,1.08,463.889861,0.587050005
1/3/2020 6:00,2020,1,3,1/3/2020,7,7.587,98.631,1.08,463.88240995537103,0.587040576
1/3/2020 7:00,2020,1,3,1/3/2020,8,7.094,100.392,1.08,495.84217589546444,0.627485479
1/3/2020 8:00,2020,1,3,1/3/2020,9,4.877,103.76,1.08,573.0104012133727,0.725141434
1/3/2020 9:00,2020,1,3,1/3/2020,10,5.43,100.975,1.08,650.1786564524199,0.822797426
1/3/2020 10:00,2020,1,3,1/3/2020,11,6.024,103.027,1.08,682.1385121559149,0.863242443
1/3/2020 11:00,2020,1,3,1/3/2020,12,5.222,104.316,1.08,682.1312107498101,0.863233203
1/3/2020 12:00,2020,1,3,1/3/2020,13,7.615,102.759,1.08,682.1239392761591,0.863224001
1/3/2020 13:00,2020,1,3,1/3/2020,14,6.988,103.173,1.08,682.1166977387032,0.863214837
1/3/2020 14:00,2020,1,3,1/3/2020,15,7.758,103.679,1.08,682.1094861411677,0.863205711
1/3/2020 15:00,2020,1,3,1/3/2020,16,9.351,103.679,1.08,682.1023044872627,0.863196622
1/3/2020 16:00,2020,1,3,1/3/2020,17,10.888,101.452,1.08,682.0951527806828,0.863187572
1/3/2020 17:00,2020,1,3,1/3/2020,18,11.576,100.549,1.082,682.0880310251075,0.863178559
1/3/2020 18:00,2020,1,3,1/3/2020,19,14.155,99.917,1.133,682.0809392242003,0.863169585
1/3/2020 19:00,2020,1,3,1/3/2020,20,13.902,102.287,1.128,614.1627996252084,0.777219562
1/3/2020 20:00,2020,1,3,1/3/2020,21,13.205,100.606,1.114,546.2446899881663,0.691269577
1/3/2020 21:00,2020,1,3,1/3/2020,22,14.775,99.698,1.145,546.2376880730931,0.691260716
1/3/2020 22:00,2020,1,3,1/3/2020,23,13.2,99.897,1.114,546.2307161271895,0.691251893
1/3/2020 23:00,2020,1,3,1/3/2020,24,15.125,100.313,1.153,504.9920483733698,0.639064591
1/4/2020 0:00,2020,1,4,1/4/2020,1,12.228,100.725,1.095,463.7534106,0.586877328
1/4/2020 1:00,2020,1,4,1/4/2020,2,11.907,100.443,1.088,463.7465285789421,0.586868619
1/4/2020 2:00,2020,1,4,1/4/2020,3,11.338,98.918,1.08,463.73967654543054,0.586859947
1/4/2020 3:00,2020,1,4,1/4/2020,4,9.405,101.77,1.08,463.7328544988682,0.586851314
1/4/2020 4:00,2020,1,4,1/4/2020,5,8.082,100.026,1.08,463.7260624427648,0.586842719
1/4/2020 5:00,2020,1,4,1/4/2020,6,7.994,100.3,1.08,463.7193003806147,0.586834161
1/4/2020 6:00,2020,1,4,1/4/2020,7,5.617,99.413,1.08,463.71256831589665,0.586825642
1/4/2020 7:00,2020,1,4,1/4/2020,8,6.987,99.458,1.08,495.67305329037174,0.627271456
1/4/2020 8:00,2020,1,4,1/4/2020,9,4.674,101.186,1.08,572.8419977296685,0.72492832
1/4/2020 9:00,2020,1,4,1/4/2020,10,4.551,101.878,1.08,650.0109721767409,0.822585222
1/4/2020 10:00,2020,1,4,1/4/2020,11,5.592,101.685,1.08,681.9715471745282,0.86303115
1/4/2020 11:00,2020,1,4,1/4/2020,12,4.385,102.719,1.08,681.9649651486121,0.86302282
1/4/2020 12:00,2020,1,4,1/4/2020,13,6.851,100.921,1.08,681.9584131406768,0.863014529
1/4/2020 13:00,2020,1,4,1/4/2020,14,7.208,102.021,1.08,681.9518911540931,0.863006275
1/4/2020 14:00,2020,1,4,1/4/2020,15,9.137,100.611,1.08,681.9453991922162,0.86299806
1/4/2020 15:00,2020,1,4,1/4/2020,16,9.941,101.469,1.08,681.9389372583859,0.862989882
1/4/2020 16:00,2020,1,4,1/4/2020,17,11.905,101.638,1.088,681.9325053559265,0.862981743
1/4/2020 17:00,2020,1,4,1/4/2020,18,11.544,102.992,1.081,681.9261034881472,0.862973641
1/4/2020 18:00,2020,1,4,1/4/2020,19,13.827,101.045,1.127,681.9197316583413,0.862965578
1/4/2020 19:00,2020,1,4,1/4/2020,20,13.899,101.833,1.128,614.0023121133856,0.777016466
1/4/2020 20:00,2020,1,4,1/4/2020,21,13.933,100.756,1.129,546.0849226129442,0.691067392
1/4/2020 21:00,2020,1,4,1/4/2020,22,14.671,99.144,1.143,546.0786409166653,0.691059443
1/4/2020 22:00,2020,1,4,1/4/2020,23,13.727,98.831,1.125,546.0723892713796,0.691051531
1/4/2020 23:00,2020,1,4,1/4/2020,24,13.427,99.349,1.119,504.83444189963063,0.638865141
1/5/2020 0:00,2020,1,5,1/5/2020,1,12.759,99.739,1.105,463.5965245852918,0.586678789
1/5/2020 1:00,2020,1,5,1/5/2020,2,12.406,99.82,1.098,463.59036311222025,0.586670992
1/5/2020 2:00,2020,1,5,1/5/2020,3,11.091,99.477,1.08,463.5842317,0.586663233
1/5/2020 3:00,2020,1,5,1/5/2020,4,8.322,100.889,1.08,463.5781303605271,0.586655512
1/5/2020 4:00,2020,1,5,1/5/2020,5,10.019,100.843,1.08,463.5720590881985,0.586647828
1/5/2020 5:00,2020,1,5,1/5/2020,6,9.173,100.699,1.08,463.56601788905175,0.586640183
1/5/2020 6:00,2020,1,5,1/5/2020,7,6.353,98.327,1.08,463.56000676619465,0.586632576
1/5/2020 7:00,2020,1,5,1/5/2020,8,6.822,98.554,1.08,495.5212127610176,0.627079302
1/5/2020 8:00,2020,1,5,1/5/2020,9,6.153,99.302,1.08,572.6908783,0.724737079
1/5/2020 9:00,2020,1,5,1/5/2020,10,5.213,103.401,1.08,649.8605739,0.822394894
1/5/2020 10:00,2020,1,5,1/5/2020,11,5.543,102.774,1.08,681.8218701734286,0.862841734
1/5/2020 11:00,2020,1,5,1/5/2020,12,7.01,102.905,1.08,681.8160094780978,0.862834318
1/5/2020 12:00,2020,1,5,1/5/2020,13,5.578,101.294,1.08,681.8101788773796,0.862826939
1/5/2020 13:00,2020,1,5,1/5/2020,14,8.445,101.998,1.08,681.8043783742734,0.862819599
1/5/2020 14:00,2020,1,5,1/5/2020,15,9.868,100.642,1.08,681.7986079717633,0.862812296
1/5/2020 15:00,2020,1,5,1/5/2020,16,9.516,101.324,1.08,681.7928676728181,0.862805032
1/5/2020 16:00,2020,1,5,1/5/2020,17,12.363,103.025,1.097,681.7871575,0.862797806
1/5/2020 17:00,2020,1,5,1/5/2020,18,12.899,102.201,1.108,681.7814773974194,0.862790618
1/5/2020 18:00,2020,1,5,1/5/2020,19,14.067,103.136,1.131,681.7758274268256,0.862783468
1/5/2020 19:00,2020,1,5,1/5/2020,20,13.825,101.256,1.127,613.8591298151149,0.776835269
1/5/2020 20:00,2020,1,5,1/5/2020,21,13.519,100.985,1.12,545.9424623215799,0.69088711
1/5/2020 21:00,2020,1,5,1/5/2020,22,14.199,100.169,1.134,545.9369027054978,0.690880074
1/5/2020 22:00,2020,1,5,1/5/2020,23,12.539,98.746,1.101,545.9313732133272,0.690873076
1/5/2020 23:00,2020,1,5,1/5/2020,24,13.236,99.318,1.115,504.69414806724075,0.6386876
1/6/2020 0:00,2020,1,6,1/6/2020,1,13.721,98.121,1.124,463.4569530507397,0.586502162
1/6/2020 1:00,2020,1,6,1/6/2020,2,11.582,98.559,1.082,463.4515139473101,0.586495279
1/6/2020 2:00,2020,1,6,1/6/2020,3,11.489,99.021,1.08,463.446105,0.586488434
1/6/2020 3:00,2020,1,6,1/6/2020,4,11.648,100.488,1.083,463.44072614882595,0.586481627
1/6/2020 4:00,2020,1,6,1/6/2020,5,8.44,99.721,1.08,463.4353774593212,0.586474859
1/6/2020 5:00,2020,1,6,1/6/2020,6,8.057,99.747,1.08,463.43005891331546,0.586468128
1/6/2020 6:00,2020,1,6,1/6/2020,7,5.63,101.578,1.08,463.4247705135449,0.586461436
1/6/2020 7:00,2020,1,6,1/6/2020,8,6.906,100.365,1.08,495.3866993010278,0.626909076
1/6/2020 8:00,2020,1,6,1/6/2020,9,6.455,102.387,1.08,572.5570877006501,0.724567768
1/6/2020 9:00,2020,1,6,1/6/2020,10,5.031,101.252,1.08,649.7275062546229,0.822226498
1/6/2020 10:00,2020,1,6,1/6/2020,11,4.936,102.335,1.08,681.6895255051422,0.862674253
1/6/2020 11:00,2020,1,6,1/6/2020,12,5.803,103.79,1.08,681.6843878770472,0.862667751
1/6/2020 12:00,2020,1,6,1/6/2020,13,5.865,102.234,1.08,681.6792804112788,0.862661288
1/6/2020 13:00,2020,1,6,1/6/2020,14,8.227,102.268,1.08,681.6742031104643,0.862654863
1/6/2020 14:00,2020,1,6,1/6/2020,15,9.711,102.574,1.08,681.669156,0.862648475
1/6/2020 15:00,2020,1,6,1/6/2020,16,10.122,102.363,1.08,681.6641390141303,0.862642127
1/6/2020 16:00,2020,1,6,1/6/2020,17,9.738,100.911,1.08,681.6591522237885,0.862635816
1/6/2020 17:00,2020,1,6,1/6/2020,18,13.539,102.648,1.121,681.6541956087558,0.862629543
1/6/2020 18:00,2020,1,6,1/6/2020,19,13.574,100.864,1.121,681.6492691715823,0.862623309
1/6/2020 19:00,2020,1,6,1/6/2020,20,14.086,101.203,1.132,613.7332952,0.776676026
1/6/2020 20:00,2020,1,6,1/6/2020,21,13.058,101.219,1.111,545.8173513281324,0.690728782
1/6/2020 21:00,2020,1,6,1/6/2020,22,14.409,99.947,1.138,545.8125154396812,0.690722662
1/6/2020 22:00,2020,1,6,1/6/2020,23,14.382,99.028,1.138,545.8077097391337,0.690716581
1/6/2020 23:00,2020,1,6,1/6/2020,24,13.985,99.953,1.13,504.5712084482903,0.638532021
1/7/2020 0:00,2020,1,7,1/7/2020,1,13.652,100.376,1.123,463.3347373502797,0.586347499
1/7/2020 1:00,2020,1,7,1/7/2020,2,11.589,99.285,1.082,463.33002222821574,0.586341532
1/7/2020 2:00,2020,1,7,1/7/2020,3,10.797,101.028,1.08,463.3253373038518,0.586335603
1/7/2020 3:00,2020,1,7,1/7/2020,4,9.42,102.249,1.08,463.3206825795981,0.586329713
1/7/2020 4:00,2020,1,7,1/7/2020,5,8.686,98.408,1.08,463.3160580578494,0.586323861
1/7/2020 5:00,2020,1,7,1/7/2020,6,6.331,100.162,1.08,463.3114637409846,0.586318046
1/7/2020 6:00,2020,1,7,1/7/2020,7,7.631,98.449,1.08,463.30689963136746,0.586312271
1/7/2020 7:00,2020,1,7,1/7/2020,8,6.531,100.033,1.08,495.2695527696437,0.626760828
1/7/2020 8:00,2020,1,7,1/7/2020,9,6.312,98.657,1.08,572.4406655803264,0.724420436
1/7/2020 9:00,2020,1,7,1/7/2020,10,5.426,100.219,1.08,649.6118086052542,0.822080083
1/7/2020 10:00,2020,1,7,1/7/2020,11,5.935,101.55,1.08,681.5745523862504,0.862528755
1/7/2020 11:00,2020,1,7,1/7/2020,12,5.755,101.904,1.08,681.5701393477812,0.86252317
1/7/2020 12:00,2020,1,7,1/7/2020,13,8.122,99.801,1.08,681.5657565304148,0.862517624
1/7/2020 13:00,2020,1,7,1/7/2020,14,6.788,101.152,1.08,681.5614039364059,0.862512116
1/7/2020 14:00,2020,1,7,1/7/2020,15,7.775,102.25,1.08,681.5570815679939,0.862506646
1/7/2020 15:00,2020,1,7,1/7/2020,16,9.92,100.39,1.08,681.5527894274023,0.862501214
1/7/2020 16:00,2020,1,7,1/7/2020,17,11.317,99.235,1.08,681.5485275168394,0.862495821
1/7/2020 17:00,2020,1,7,1/7/2020,18,14.141,100.253,1.133,681.5442958384976,0.862490466
1/7/2020 18:00,2020,1,7,1/7/2020,19,14.028,101.557,1.131,681.5400943945541,0.862485149
1/7/2020 19:00,2020,1,7,1/7/2020,20,14.332,100.948,1.137,613.6248454307688,0.776538784
1/7/2020 20:00,2020,1,7,1/7/2020,21,13.642,99.82,1.123,545.7096267056891,0.690592457
1/7/2020 21:00,2020,1,7,1/7/2020,22,13.716,98.376,1.124,545.7055159778467,0.690587255
1/7/2020 22:00,2020,1,7,1/7/2020,23,13.556,98.826,1.121,545.7014354929553,0.690582091
1/7/2020 23:00,2020,1,7,1/7/2020,24,14.52,101.786,1.14,504.4656594724416,0.638398449
1/8/2020 0:00,2020,1,8,1/8/2020,1,13.934,99.789,1.129,463.2299136990615,0.586214845
1/8/2020 1:00,2020,1,8,1/8/2020,2,12.965,101.144,1.109,463.22592395555563,0.586209796
1/8/2020 2:00,2020,1,8,1/8/2020,3,10.425,100.51,1.08,463.22196446330406,0.586204786
1/8/2020 3:00,2020,1,8,1/8/2020,4,8.878,99.451,1.08,463.2180352,0.586199813
1/8/2020 4:00,2020,1,8,1/8/2020,5,8.932,99.755,1.08,463.21413624069686,0.586194879
1/8/2020 5:00,2020,1,8,1/8/2020,6,8.163,99.382,1.08,463.21026751436824,0.586189983
1/8/2020 6:00,2020,1,8,1/8/2020,7,7.028,101.204,1.08,463.2064290473487,0.586185126
1/8/2020 7:00,2020,1,8,1/8/2020,8,6.771,99.41,1.08,495.1698078799107,0.626634601
1/8/2020 8:00,2020,1,8,1/8/2020,9,6.364,102.13,1.08,572.3416464,0.724295128
1/8/2020 9:00,2020,1,8,1/8/2020,10,6.556,100.502,1.08,649.5135152576635,0.821955693
1/8/2020 10:00,2020,1,8,1/8/2020,11,6.333,98.89,1.08,681.4769848857695,0.862405284
1/8/2020 11:00,2020,1,8,1/8/2020,12,4.858,101.302,1.08,681.4732977446047,0.862400618
1/8/2020 12:00,2020,1,8,1/8/2020,13,6.317,99.056,1.08,681.4696408743638,0.86239599
1/8/2020 13:00,2020,1,8,1/8/2020,14,7.609,98.181,1.08,681.4660143,0.862391401
1/8/2020 14:00,2020,1,8,1/8/2020,15,10.342,101.066,1.08,681.4624179541634,0.86238685
1/8/2020 15:00,2020,1,8,1/8/2020,16,9.468,100.235,1.08,681.4588519079196,0.862382337
1/8/2020 16:00,2020,1,8,1/8/2020,17,10.933,100.285,1.08,681.4553161400316,0.862377862
1/8/2020 17:00,2020,1,8,1/8/2020,18,12.081,98.244,1.092,681.4518106523185,0.862373426
1/8/2020 18:00,2020,1,8,1/8/2020,19,13.752,100.209,1.125,681.4483354465833,0.862369028
1/8/2020 19:00,2020,1,8,1/8/2020,20,13.644,101.107,1.123,613.5338127682128,0.776423583
1/8/2020 20:00,2020,1,8,1/8/2020,21,14.569,100.21,1.141,545.6193203753804,0.690478175
1/8/2020 21:00,2020,1,8,1/8/2020,22,13.388,99.117,1.118,545.6159360262445,0.690473892
1/8/2020 22:00,2020,1,8,1/8/2020,23,14.42,99.05,1.138,545.6125819661447,0.690469648
1/8/2020 23:00,2020,1,8,1/8/2020,24,14.838,100.197,1.147,504.3775324161342,0.638286925
1/9/2020 0:00,2020,1,9,1/9/2020,1,13.644,101.6,1.123,463.1425131585953,0.58610424
1/9/2020 1:00,2020,1,9,1/9/2020,2,12.079,99.403,1.092,463.13924997589453,0.586100111
1/9/2020 2:00,2020,1,9,1/9/2020,3,11.872,101.129,1.087,463.13601708903843,0.58609602
1/9/2020 3:00,2020,1,9,1/9/2020,4,10.702,100.253,1.08,463.13281449969026,0.586091967
1/9/2020 4:00,2020,1,9,1/9/2020,5,9.195,99.051,1.08,463.1296422094975,0.586087952
1/9/2020 5:00,2020,1,9,1/9/2020,6,8.34,100.91,1.08,463.12650022009234,0.586083976
1/9/2020 6:00,2020,1,9,1/9/2020,7,7.705,100.581,1.08,463.12338853309103,0.586080038
1/9/2020 7:00,2020,1,9,1/9/2020,8,5.571,100.692,1.08,495.0874941883923,0.626530434
1/9/2020 8:00,2020,1,9,1/9/2020,9,5.22,103.536,1.08,572.2600596097618,0.724191881
1/9/2020 9:00,2020,1,9,1/9/2020,10,6.075,101.629,1.08,649.4326553382909,0.821853366
1/9/2020 10:00,2020,1,9,1/9/2020,11,7.076,101.176,1.08,681.3968519150555,0.862303876
1/9/2020 11:00,2020,1,9,1/9/2020,12,6.065,99.795,1.08,681.3938917637747,0.86230013
1/9/2020 12:00,2020,1,9,1/9/2020,13,6.037,101.573,1.08,681.3909619242688,0.862296422
1/9/2020 13:00,2020,1,9,1/9/2020,14,8.77,102.822,1.08,681.3880623980453,0.862292753
1/9/2020 14:00,2020,1,9,1/9/2020,15,8.613,104.017,1.08,681.3851931865959,0.862289122
1/9/2020 15:00,2020,1,9,1/9/2020,16,9.703,100.471,1.08,681.3823542913967,0.86228553
1/9/2020 16:00,2020,1,9,1/9/2020,17,9.281,101.813,1.08,681.3795457,0.862281975
1/9/2020 17:00,2020,1,9,1/9/2020,18,12.155,101.101,1.093,681.3767675,0.862278459
1/9/2020 18:00,2020,1,9,1/9/2020,19,13.667,101.56,1.123,681.3740195178268,0.862274982
1/9/2020 19:00,2020,1,9,1/9/2020,20,13.091,102.202,1.112,613.4602241456757,0.776330457
1/9/2020 20:00,2020,1,9,1/9/2020,21,15.052,100.785,1.151,545.5464590969211,0.69038597
1/9/2020 21:00,2020,1,9,1/9/2020,22,13.659,99.476,1.123,545.5438021293473,0.690382607
1/9/2020 22:00,2020,1,9,1/9/2020,23,13.835,98.694,1.127,545.5411754879196,0.690379283
1/9/2020 23:00,2020,1,9,1/9/2020,24,13.106,99.682,1.112,504.30685339331694,0.638197481
1/10/2020 0:00,2020,1,10,1/10/2020,1,12.44,98.947,1.099,463.0725616275473,0.586015717
1/10/2020 1:00,2020,1,10,1/10/2020,2,11.037,98.65,1.08,463.07002597260316,0.586012508
1/10/2020 2:00,2020,1,10,1/10/2020,3,10.871,99.155,1.08,463.0675206491167,0.586009338
1/10/2020 3:00,2020,1,10,1/10/2020,4,9.656,98.232,1.08,463.06504565837673,0.586006206
1/10/2020 4:00,2020,1,10,1/10/2020,5,8.583,100.565,1.08,463.0626010016566,0.586003112
1/10/2020 5:00,2020,1,10,1/10/2020,6,7.9,99.276,1.08,463.0601867,0.586000057
1/10/2020 6:00,2020,1,10,1/10/2020,7,5.475,100.421,1.08,463.05780269529095,0.58599704
1/10/2020 7:00,2020,1,10,1/10/2020,8,6.491,100.296,1.08,495.0226360864118,0.626448356
1/10/2020 8:00,2020,1,10,1/10/2020,9,6.122,101.026,1.08,572.1959292769676,0.724110724
1/10/2020 9:00,2020,1,10,1/10/2020,10,5.376,103.443,1.08,649.3692528076756,0.82177313
1/10/2020 10:00,2020,1,10,1/10/2020,11,6.118,102.212,1.08,681.3341772192373,0.862224562
1/10/2020 11:00,2020,1,10,1/10/2020,12,6.045,101.897,1.08,681.3319449,0.862221737
1/10/2020 12:00,2020,1,10,1/10/2020,13,8.266,103.66,1.08,681.3297429944009,0.86221895
1/10/2020 13:00,2020,1,10,1/10/2020,14,8.605,100.195,1.08,681.3275713985819,0.862216202
1/10/2020 14:00,2020,1,10,1/10/2020,15,9.478,102.296,1.08,681.3254301486571,0.862213492
1/10/2020 15:00,2020,1,10,1/10/2020,16,8.896,102.441,1.08,681.3233192457282,0.862210821
1/10/2020 16:00,2020,1,10,1/10/2020,17,11.153,102.185,1.08,681.3212387,0.862208188
1/10/2020 17:00,2020,1,10,1/10/2020,18,12.787,99.572,1.106,681.3191885,0.862205594
1/10/2020 18:00,2020,1,10,1/10/2020,19,13.917,100.383,1.128,681.3171686,0.862203037
1/10/2020 19:00,2020,1,10,1/10/2020,20,13.826,101.674,1.127,613.4041013690545,0.776259434
1/10/2020 20:00,2020,1,10,1/10/2020,21,15.924,99.413,1.168,545.4910644606807,0.690315868
1/10/2020 21:00,2020,1,10,1/10/2020,22,14.847,100.255,1.147,545.4891356619858,0.690313427
1/10/2020 22:00,2020,1,10,1/10/2020,23,13.839,98.737,1.127,545.4872372175605,0.690311025
1/10/2020 23:00,2020,1,10,1/10/2020,24,13.363,100.085,1.117,504.25364334770956,0.638130144
1/11/2020 0:00,2020,1,11,1/11/2020,1,13.606,97.959,1.122,463.0200798,0.585949302
1/11/2020 1:00,2020,1,11,1/11/2020,2,12.908,99.746,1.108,463.0182724582478,0.585947015
1/11/2020 2:00,2020,1,11,1/11/2020,3,11.637,98.603,1.083,463.01649544051224,0.585944766
1/11/2020 3:00,2020,1,11,1/11/2020,4,9.889,100.446,1.08,463.01474878177373,0.585942555
1/11/2020 4:00,2020,1,11,1/11/2020,5,9.748,98.63,1.08,463.0130324829307,0.585940383
1/11/2020 5:00,2020,1,11,1/11/2020,6,6.621,99.985,1.08,463.0113465448663,0.58593825
1/11/2020 6:00,2020,1,11,1/11/2020,7,6.393,99.515,1.08,463.00969096844767,0.585936155
1/11/2020 7:00,2020,1,11,1/11/2020,8,6.285,99.055,1.08,494.97525279282445,0.626388393
1/11/2020 8:00,2020,1,11,1/11/2020,9,6.392,102.307,1.08,572.1492744410132,0.724051683
1/11/2020 9:00,2020,1,11,1/11/2020,10,5.93,102.346,1.08,649.3233265,0.821715011
1/11/2020 10:00,2020,1,11,1/11/2020,11,4.869,102.763,1.08,681.2889793701797,0.862167364
1/11/2020 11:00,2020,1,11,1/11/2020,12,7.044,101.566,1.08,681.2874756,0.862165461
1/11/2020 12:00,2020,1,11,1/11/2020,13,8.087,101.216,1.08,681.2860022252502,0.862163597
1/11/2020 13:00,2020,1,11,1/11/2020,14,9.22,101.787,1.08,681.2845592033264,0.86216177
1/11/2020 14:00,2020,1,11,1/11/2020,15,9.149,100.607,1.08,681.2831465494247,0.862159983
1/11/2020 15:00,2020,1,11,1/11/2020,16,11.753,101.464,1.085,681.2817642642722,0.862158233
1/11/2020 16:00,2020,1,11,1/11/2020,17,11.707,101.184,1.084,681.2804123485798,0.862156523
1/11/2020 17:00,2020,1,11,1/11/2020,18,12.564,101.984,1.101,681.2790908030431,0.86215485
1/11/2020 18:00,2020,1,11,1/11/2020,19,13.25,102.763,1.115,681.2777996,0.862153216
1/11/2020 19:00,2020,1,11,1/11/2020,20,13.339,104.067,1.117,613.3654610687393,0.776210534
1/11/2020 20:00,2020,1,11,1/11/2020,21,14.123,101.303,1.132,545.4531529,0.690267891
1/11/2020 21:00,2020,1,11,1/11/2020,22,14.564,99.473,1.141,545.4519528230136,0.690266372
1/11/2020 22:00,2020,1,11,1/11/2020,23,14.052,98.842,1.131,545.4507831,0.690264892
1/11/2020 23:00,2020,1,11,1/11/2020,24,13.917,99.974,1.128,504.2179180465969,0.638084934
1/12/2020 0:00,2020,1,12,1/12/2020,1,11.439,100.121,1.08,462.9850833296394,0.585905014
1/12/2020 1:00,2020,1,12,1/12/2020,2,13.071,100.321,1.111,462.98400476851145,0.585903649
1/12/2020 2:00,2020,1,12,1/12/2020,3,9.812,98.685,1.08,462.9829565830957,0.585902322
1/12/2020 3:00,2020,1,12,1/12/2020,4,10.184,99.322,1.08,462.9819387739312,0.585901034
1/12/2020 4:00,2020,1,12,1/12/2020,5,8.967,99.907,1.08,462.98095134154175,0.585899785
1/12/2020 5:00,2020,1,12,1/12/2020,6,7.705,101.334,1.08,462.97999428643527,0.585898574
1/12/2020 6:00,2020,1,12,1/12/2020,7,6.374,101.487,1.08,462.9790676091042,0.585897401
1/12/2020 7:00,2020,1,12,1/12/2020,8,6.845,99.241,1.08,494.94535834832294,0.626350562
1/12/2020 8:00,2020,1,12,1/12/2020,9,6.156,100.722,1.08,572.1201089,0.724014774
1/12/2020 9:00,2020,1,12,1/12/2020,10,6.189,103.124,1.08,649.2948898843019,0.821679024
1/12/2020 10:00,2020,1,12,1/12/2020,11,5.177,102.333,1.08,681.2612718,0.8621323
1/12/2020 11:00,2020,1,12,1/12/2020,12,7.017,102.136,1.08,681.2604969793651,0.86213132
1/12/2020 12:00,2020,1,12,1/12/2020,13,6.026,103.092,1.08,681.2597525781506,0.862130378
1/12/2020 13:00,2020,1,12,1/12/2020,14,8.007,102.87,1.08,681.2590385577204,0.862129474
1/12/2020 14:00,2020,1,12,1/12/2020,15,7.952,102.804,1.08,681.2583549184417,0.862128609
1/12/2020 15:00,2020,1,12,1/12/2020,16,10.621,101.518,1.08,681.2577016606666,0.862127782
1/12/2020 16:00,2020,1,12,1/12/2020,17,10.429,101.812,1.08,681.2570787847308,0.862126994
1/12/2020 17:00,2020,1,12,1/12/2020,18,13.12,101.086,1.112,681.2564862909549,0.862126244
1/12/2020 18:00,2020,1,12,1/12/2020,19,11.783,102.451,1.086,681.2559241796436,0.862125533
1/12/2020 19:00,2020,1,12,1/12/2020,20,12.851,102.175,1.107,613.3443146946847,0.776183774
1/12/2020 20:00,2020,1,12,1/12/2020,21,14.154,100.189,1.133,545.4327355927533,0.690242053
1/12/2020 21:00,2020,1,12,1/12/2020,22,14.582,101.676,1.142,545.4322646305086,0.690241457
1/12/2020 22:00,2020,1,12,1/12/2020,23,15.433,99.709,1.159,545.4318240517918,0.6902409
1/12/2020 23:00,2020,1,12,1/12/2020,24,14.006,99.044,1.13,504.19968807615675,0.638061864
1/13/2020 0:00,2020,1,13,1/13/2020,1,13.682,100.169,1.124,462.9675825,0.585882867
1/13/2020 1:00,2020,1,13,1/13/2020,2,11.426,100.507,1.08,462.9672330576504,0.585882424
1/13/2020 2:00,2020,1,13,1/13/2020,3,10.894,100.63,1.08,462.96691401515426,0.585882021
1/13/2020 3:00,2020,1,13,1/13/2020,4,9.302,98.25,1.08,462.96662535716274,0.585881655
1/13/2020 4:00,2020,1,13,1/13/2020,5,8.69,98.402,1.08,462.9663670838243,0.585881329
1/13/2020 5:00,2020,1,13,1/13/2020,6,7.842,99.245,1.08,462.9661392,0.58588104
1/13/2020 6:00,2020,1,13,1/13/2020,7,6.285,99.357,1.08,462.96594169162273,0.58588079
1/13/2020 7:00,2020,1,13,1/13/2020,8,6.509,100.014,1.08,494.93296161127614,0.626334874
1/13/2020 8:00,2020,1,13,1/13/2020,9,6.224,101.603,1.08,572.1084413764987,0.724000009
1/13/2020 9:00,2020,1,13,1/13/2020,10,3.967,102.525,1.08,649.2839515268822,0.821665182
1/13/2020 10:00,2020,1,13,1/13/2020,11,4.65,101.23,1.08,681.2510626020037,0.862119381
1/13/2020 11:00,2020,1,13,1/13/2020,12,5.468,101.741,1.08,681.2510170240821,0.862119323
1/13/2020 12:00,2020,1,13,1/13/2020,13,6.365,102.153,1.08,681.2510018,0.862119304
1/13/2020 13:00,2020,1,13,1/13/2020,14,7.746,101.943,1.08,681.2510170240821,0.862119323
1/13/2020 14:00,2020,1,13,1/13/2020,15,8.93,100.486,1.08,681.2510626020037,0.862119381
1/13/2020 15:00,2020,1,13,1/13/2020,16,9.099,103.015,1.08,681.2511385651801,0.862119477
1/13/2020 16:00,2020,1,13,1/13/2020,17,10.89,101.872,1.08,681.2512449135725,0.862119611
1/13/2020 17:00,2020,1,13,1/13/2020,18,11.659,101.701,1.083,681.2513816,0.862119784
1/13/2020 18:00,2020,1,13,1/13/2020,19,14.031,100.125,1.131,681.2515487657703,0.862119996
1/13/2020 19:00,2020,1,13,1/13/2020,20,13.669,102.08,1.123,613.3406685,0.77617916
1/13/2020 20:00,2020,1,13,1/13/2020,21,13.743,101.319,1.125,545.4298186,0.690238362
1/13/2020 21:00,2020,1,13,1/13/2020,22,15.004,101.263,1.15,545.4300769185073,0.690238689
1/13/2020 22:00,2020,1,13,1/13/2020,23,13.819,100.335,1.126,545.4303655764988,0.690239054
1/13/2020 23:00,2020,1,13,1/13/2020,24,12.473,99.016,1.099,504.1989588383227,0.638060941
1/14/2020 0:00,2020,1,14,1/14/2020,1,12.84,100.67,1.107,462.9675825,0.585882867
1/14/2020 1:00,2020,1,14,1/14/2020,2,11.652,100.711,1.083,462.9679622954844,0.585883347
1/14/2020 2:00,2020,1,14,1/14/2020,3,10.164,100.44,1.08,462.9683724904471,0.585883866
1/14/2020 3:00,2020,1,14,1/14/2020,4,10.187,99.881,1.08,462.96881306916407,0.585884424
1/14/2020 4:00,2020,1,14,1/14/2020,5,8.962,100.396,1.08,462.9692840314087,0.58588502
1/14/2020 5:00,2020,1,14,1/14/2020,6,7.902,99.383,1.08,462.9697853769386,0.585885654
1/14/2020 6:00,2020,1,14,1/14/2020,7,8.657,100.099,1.08,462.97031710549606,0.585886327
1/14/2020 7:00,2020,1,14,1/14/2020,8,5.737,101.135,1.08,494.9380663,0.626341334
1/14/2020 8:00,2020,1,14,1/14/2020,9,3.758,101.505,1.08,572.1142752,0.724007391
1/14/2020 9:00,2020,1,14,1/14/2020,10,5.046,100.949,1.08,649.2905146223687,0.821673487
1/14/2020 10:00,2020,1,14,1/14/2020,11,5.252,102.25,1.08,681.2583549184417,0.862128609
1/14/2020 11:00,2020,1,14,1/14/2020,12,6.441,99.504,1.08,681.2590385577204,0.862129474
1/14/2020 12:00,2020,1,14,1/14/2020,13,7.57,98.891,1.08,681.2597525781506,0.862130378
1/14/2020 13:00,2020,1,14,1/14/2020,14,7.914,99.572,1.08,681.2604969793651,0.86213132
1/14/2020 14:00,2020,1,14,1/14/2020,15,7.204,100.298,1.08,681.2612718,0.8621323
1/14/2020 15:00,2020,1,14,1/14/2020,16,9.661,98.876,1.08,681.2620769225997,0.862133319
1/14/2020 16:00,2020,1,14,1/14/2020,17,10.936,99.592,1.08,681.2629124638067,0.862134377
1/14/2020 17:00,2020,1,14,1/14/2020,18,11.131,97.991,1.08,681.2637783841727,0.862135472
1/14/2020 18:00,2020,1,14,1/14/2020,19,13.758,100.744,1.125,681.2646746832518,0.862136607
1/14/2020 19:00,2020,1,14,1/14/2020,20,13.523,99.029,1.12,613.3545236041814,0.776196693
1/14/2020 20:00,2020,1,14,1/14/2020,21,13.57,99.975,1.121,545.4444029028864,0.690256818
1/14/2020 21:00,2020,1,14,1/14/2020,22,14.363,101.234,1.137,545.4453903352758,0.690258068
1/14/2020 22:00,2020,1,14,1/14/2020,23,13.519,99.302,1.12,545.4464081444403,0.690259356
1/14/2020 23:00,2020,1,14,1/14/2020,24,13.91,99.736,1.128,504.2157305491838,0.638082166
1/15/2020 0:00,2020,1,15,1/15/2020,1,13.759,99.873,1.125,462.9850833296394,0.585905014
1/15/2020 1:00,2020,1,15,1/15/2020,2,12.048,98.054,1.091,462.9861922659246,0.585906417
1/15/2020 2:00,2020,1,15,1/15/2020,3,10.286,99.666,1.08,462.9873315767965,0.585907859
1/15/2020 3:00,2020,1,15,1/15/2020,4,8.916,102.34,1.08,462.9885013,0.585909339
1/15/2020 4:00,2020,1,15,1/15/2020,5,9.009,99.751,1.08,462.98970131994037,0.585910858
1/15/2020 5:00,2020,1,15,1/15/2020,6,7.103,100.326,1.08,462.9909317509931,0.585912415
1/15/2020 6:00,2020,1,15,1/15/2020,7,6.587,100.219,1.08,462.99219255419445,0.585914011
1/15/2020 7:00,2020,1,15,1/15/2020,8,5.501,100.187,1.08,494.9606707671933,0.62636994
1/15/2020 8:00,2020,1,15,1/15/2020,9,5.322,100.169,1.08,572.1376088,0.72403692
1/15/2020 9:00,2020,1,15,1/15/2020,10,6.373,99.152,1.08,649.3145772259743,0.821703938
1/15/2020 10:00,2020,1,15,1/15/2020,11,5.101,100.018,1.08,681.2831465494247,0.862159983
1/15/2020 11:00,2020,1,15,1/15/2020,12,6.099,99.828,1.08,681.2845592033264,0.86216177
1/15/2020 12:00,2020,1,15,1/15/2020,13,5.999,102.363,1.08,681.2860022252502,0.862163597
1/15/2020 13:00,2020,1,15,1/15/2020,14,7.365,99.75,1.08,681.2874756,0.862165461
1/15/2020 14:00,2020,1,15,1/15/2020,15,8.537,100.283,1.08,681.2889793701797,0.862167364
1/15/2020 15:00,2020,1,15,1/15/2020,16,9.681,101.21,1.08,681.2905134916539,0.862169306
1/15/2020 16:00,2020,1,15,1/15/2020,17,11.027,101.595,1.08,681.2920779780868,0.862171285
1/15/2020 17:00,2020,1,15,1/15/2020,18,11.379,101.107,1.08,681.2936728286743,0.862173304
1/15/2020 18:00,2020,1,15,1/15/2020,19,12.927,100.629,1.109,681.2952980425953,0.86217536
1/15/2020 19:00,2020,1,15,1/15/2020,20,15.03,100.799,1.151,613.3858758626124,0.776236369
1/15/2020 20:00,2020,1,15,1/15/2020,21,13.632,99.134,1.123,545.4764840442754,0.690297417
1/15/2020 21:00,2020,1,15,1/15/2020,22,15.112,100.453,1.152,545.4782003431183,0.690299589
1/15/2020 22:00,2020,1,15,1/15/2020,23,16.036,100.768,1.171,545.4799470018568,0.690301799
1/15/2020 23:00,2020,1,15,1/15/2020,24,13.709,98.26,1.124,504.2499982,0.638125531
1/16/2020 0:00,2020,1,16,1/16/2020,1,14.275,99.507,1.135,463.0200798,0.585949302
1/16/2020 1:00,2020,1,16,1/16/2020,2,11.225,99.745,1.08,463.02191756703724,0.585951627
1/16/2020 2:00,2020,1,16,1/16/2020,3,12.177,99.066,1.094,463.0237857,0.585953992
1/16/2020 3:00,2020,1,16,1/16/2020,4,10.19,97.895,1.08,463.0256841006411,0.585956394
1/16/2020 4:00,2020,1,16,1/16/2020,5,9.85,100.72,1.08,463.0276129,0.585958835
1/16/2020 5:00,2020,1,16,1/16/2020,6,7.075,99.246,1.08,463.02957205130843,0.585961314
1/16/2020 6:00,2020,1,16,1/16/2020,7,6.992,101.954,1.08,463.03156155555047,0.585963832
1/16/2020 7:00,2020,1,16,1/16/2020,8,5.237,98.261,1.08,495.0007684493362,0.626420683
1/16/2020 8:00,2020,1,16,1/16/2020,9,5.443,101.844,1.08,572.1784351538073,0.724088585
1/16/2020 9:00,2020,1,16,1/16/2020,10,4.173,101.776,1.08,649.3561322074303,0.821756526
1/16/2020 10:00,2020,1,16,1/16/2020,11,5.642,101.071,1.08,681.3254301486571,0.862213492
1/16/2020 11:00,2020,1,16,1/16/2020,12,5.467,100.701,1.08,681.3275713985819,0.862216202
1/16/2020 12:00,2020,1,16,1/16/2020,13,6.303,103.31,1.08,681.3297429944009,0.86221895
1/16/2020 13:00,2020,1,16,1/16/2020,14,8.453,101.589,1.08,681.3319449,0.862221737
1/16/2020 14:00,2020,1,16,1/16/2020,15,6.969,100.858,1.08,681.3341772192373,0.862224562
1/16/2020 15:00,2020,1,16,1/16/2020,16,9.269,101.452,1.08,681.3364398459735,0.862227425
1/16/2020 16:00,2020,1,16,1/16/2020,17,10.432,103.71,1.08,681.3387328140415,0.862230327
1/16/2020 17:00,2020,1,16,1/16/2020,18,12.561,103.349,1.101,681.3410561222615,0.862233267
1/16/2020 18:00,2020,1,16,1/16/2020,19,14.1,101.074,1.132,681.3434097694385,0.862236245
1/16/2020 19:00,2020,1,16,1/16/2020,20,13.698,100.402,1.124,613.4347159979601,0.776298176
1/16/2020 20:00,2020,1,16,1/16/2020,21,13.945,99.887,1.129,545.5260525630013,0.690360145
1/16/2020 21:00,2020,1,16,1/16/2020,22,15.399,100.807,1.158,545.5284972197214,0.690363239
1/16/2020 22:00,2020,1,16,1/16/2020,23,14.687,99.924,1.144,545.5309722104613,0.690366371
1/16/2020 23:00,2020,1,16,1/16/2020,24,13.888,99.536,1.128,504.3017517532755,0.638191025
1/17/2020 0:00,2020,1,17,1/17/2020,1,14.089,100.804,1.132,463.0725616275473,0.586015717
1/17/2020 1:00,2020,1,17,1/17/2020,2,12.339,101.49,1.097,463.0751276126446,0.586018964
1/17/2020 2:00,2020,1,17,1/17/2020,3,10.694,99.993,1.08,463.0777239,0.58602225
1/17/2020 3:00,2020,1,17,1/17/2020,4,11.031,99.081,1.08,463.0803505680028,0.586025574
1/17/2020 4:00,2020,1,17,1/17/2020,5,9.139,99.856,1.08,463.0830075355766,0.586028936
1/17/2020 5:00,2020,1,17,1/17/2020,6,7.259,100.07,1.08,463.08569482792956,0.586032337
1/17/2020 6:00,2020,1,17,1/17/2020,7,6.017,99.817,1.08,463.08841244367926,0.586035776
1/17/2020 7:00,2020,1,17,1/17/2020,8,6.061,100.179,1.08,495.05834741972524,0.626493549
1/17/2020 8:00,2020,1,17,1/17/2020,9,5.921,101.583,1.08,572.2367421768342,0.724162372
1/17/2020 9:00,2020,1,17,1/17/2020,10,5.318,101.729,1.08,649.4151672530988,0.821831234
1/17/2020 10:00,2020,1,17,1/17/2020,11,5.262,101.057,1.08,681.3851931865959,0.862289122
1/17/2020 11:00,2020,1,17,1/17/2020,12,6.198,101.595,1.08,681.3880623980453,0.862292753
1/17/2020 12:00,2020,1,17,1/17/2020,13,8.244,102.742,1.08,681.3909619242688,0.862296422
1/17/2020 13:00,2020,1,17,1/17/2020,14,8.079,100.731,1.08,681.3938917637747,0.86230013
1/17/2020 14:00,2020,1,17,1/17/2020,15,9.303,102.06,1.08,681.3968519150555,0.862303876
1/17/2020 15:00,2020,1,17,1/17/2020,16,9.954,102.365,1.08,681.3998423765886,0.862307661
1/17/2020 16:00,2020,1,17,1/17/2020,17,11.525,102.258,1.081,681.4028631468356,0.862311483
1/17/2020 17:00,2020,1,17,1/17/2020,18,12.282,100.702,1.096,681.4059142,0.862315344
1/17/2020 18:00,2020,1,17,1/17/2020,19,13.765,102.871,1.125,681.4089956072386,0.862319244
1/17/2020 19:00,2020,1,17,1/17/2020,20,13.762,100.556,1.125,613.5010295378383,0.776382096
1/17/2020 20:00,2020,1,17,1/17/2020,21,14.825,98.872,1.146,545.5930937708422,0.690444986
1/17/2020 21:00,2020,1,17,1/17/2020,22,14.582,99.989,1.142,545.5962660610348,0.690449
1/17/2020 22:00,2020,1,17,1/17/2020,23,14.95,100.552,1.149,545.5994686503831,0.690453053
1/17/2020 23:00,2020,1,17,1/17/2020,24,12.88,99.034,1.108,504.3709757565668,0.638278628
1/18/2020 0:00,2020,1,18,1/18/2020,1,12.906,100.298,1.108,463.1425131585953,0.58610424
1/18/2020 1:00,2020,1,18,1/18/2020,2,13.795,100.118,1.126,463.14580663546195,0.586108408
1/18/2020 2:00,2020,1,18,1/18/2020,3,12.583,99.188,1.102,463.1491304048002,0.586112615
1/18/2020 3:00,2020,1,18,1/18/2020,4,12.106,99.538,1.092,463.1524845,0.586116859
1/18/2020 4:00,2020,1,18,1/18/2020,5,9.26,98.739,1.08,463.1558688140359,0.586121142
1/18/2020 5:00,2020,1,18,1/18/2020,6,7.575,100.865,1.08,463.1592834504667,0.586125463
1/18/2020 6:00,2020,1,18,1/18/2020,7,7.565,100.709,1.08,463.16272837243577,0.586129823
1/18/2020 7:00,2020,1,18,1/18/2020,8,5.75,98.995,1.08,495.1333906164687,0.626588516
1/18/2020 8:00,2020,1,18,1/18/2020,9,6.546,102.502,1.08,572.3125126029579,0.72425826
1/18/2020 9:00,2020,1,18,1/18/2020,10,4.755,100.987,1.08,649.4916648696219,0.821928042
1/18/2020 10:00,2020,1,18,1/18/2020,11,6.326,103.272,1.08,681.4624179541634,0.86238685
1/18/2020 11:00,2020,1,18,1/18/2020,12,4.829,102.322,1.08,681.4660143,0.862391401
1/18/2020 12:00,2020,1,18,1/18/2020,13,6.891,103.28,1.08,681.4696408743638,0.86239599
1/18/2020 13:00,2020,1,18,1/18/2020,14,9.224,101.287,1.08,681.4732977446047,0.862400618
1/18/2020 14:00,2020,1,18,1/18/2020,15,7.418,103.244,1.08,681.4769848857695,0.862405284
1/18/2020 15:00,2020,1,18,1/18/2020,16,10.342,101.981,1.08,681.4807022959612,0.862409988
1/18/2020 16:00,2020,1,18,1/18/2020,17,10.791,102.539,1.08,681.4844499732676,0.862414731
1/18/2020 17:00,2020,1,18,1/18/2020,18,13.551,101.877,1.121,681.4882279157605,0.862419512
1/18/2020 18:00,2020,1,18,1/18/2020,19,11.711,101.108,1.084,681.4920361214962,0.862424331
1/18/2020 19:00,2020,1,18,1/18/2020,20,12.8,102.12,1.106,613.5847968321143,0.776488103
1/18/2020 20:00,2020,1,18,1/18/2020,21,16.241,98.989,1.175,545.6775878020414,0.690551912
1/18/2020 21:00,2020,1,18,1/18/2020,22,14.139,99.628,1.133,545.6814867856885,0.690556846
1/18/2020 22:00,2020,1,18,1/18/2020,23,14.238,99.109,1.135,545.6854160246487,0.690561819
1/18/2020 23:00,2020,1,18,1/18/2020,24,13.573,98.866,1.121,504.45764973622795,0.638388313
1/19/2020 0:00,2020,1,19,1/19/2020,1,13.674,98.584,1.123,463.2299136990615,0.586214845
1/19/2020 1:00,2020,1,19,1/19/2020,2,11.949,101.142,1.089,463.23393369176927,0.586219933
1/19/2020 2:00,2020,1,19,1/19/2020,3,10.992,99.28,1.08,463.23798393161076,0.586225058
1/19/2020 3:00,2020,1,19,1/19/2020,4,9.263,100.037,1.08,463.2420644165023,0.586230222
1/19/2020 4:00,2020,1,19,1/19/2020,5,9.023,101.707,1.08,463.2461751443445,0.586235424
1/19/2020 5:00,2020,1,19,1/19/2020,6,8.164,99.964,1.08,463.2503161130227,0.586240664
1/19/2020 6:00,2020,1,19,1/19/2020,7,7.771,99.74,1.08,463.25448732040655,0.586245943
1/19/2020 7:00,2020,1,19,1/19/2020,8,6.614,98.758,1.08,495.2258758026478,0.626705555
1/19/2020 8:00,2020,1,19,1/19/2020,9,5.99,102.661,1.08,572.4057239797655,0.724376218
1/19/2020 9:00,2020,1,19,1/19/2020,10,5.499,102.173,1.08,649.5856023891045,0.822046919
1/19/2020 10:00,2020,1,19,1/19/2020,11,6.804,102.126,1.08,681.5570815679939,0.862506646
1/19/2020 11:00,2020,1,19,1/19/2020,12,5.113,102.117,1.08,681.5614039364059,0.862512116
1/19/2020 12:00,2020,1,19,1/19/2020,13,6.424,100.325,1.08,681.5657565304148,0.862517624
1/19/2020 13:00,2020,1,19,1/19/2020,14,7.408,101.199,1.08,681.5701393477812,0.86252317
1/19/2020 14:00,2020,1,19,1/19/2020,15,8.217,101.963,1.08,681.5745523862504,0.862528755
1/19/2020 15:00,2020,1,19,1/19/2020,16,10.213,103.263,1.08,681.5789956,0.862534378
1/19/2020 16:00,2020,1,19,1/19/2020,17,10.972,102.424,1.08,681.5834691174002,0.862540039
1/19/2020 17:00,2020,1,19,1/19/2020,18,12.757,101.747,1.105,681.5879728054936,0.862545739
1/19/2020 18:00,2020,1,19,1/19/2020,19,12.306,101.098,1.096,681.5925067,0.862551476
1/19/2020 19:00,2020,1,19,1/19/2020,20,13.981,100.74,1.13,613.6859930587307,0.776616166
1/19/2020 20:00,2020,1,19,1/19/2020,21,15.474,101.946,1.159,545.7795096,0.690680894
1/19/2020 21:00,2020,1,19,1/19/2020,22,13.768,99.386,1.125,545.7841341409428,0.690686746
1/19/2020 22:00,2020,1,19,1/19/2020,23,13.916,99.904,1.128,545.7887888651965,0.690692637
1/19/2020 23:00,2020,1,19,1/19/2020,24,14.114,99.598,1.132,504.56174800888806,0.638520049
1/20/2020 0:00,2020,1,20,1/20/2020,1,12.624,99.897,1.102,463.3347373502797,0.586347499
1/20/2020 1:00,2020,1,20,1/20/2020,2,11.722,98.939,1.084,463.3394826676179,0.586353504
1/20/2020 2:00,2020,1,20,1/20/2020,3,10.729,99.269,1.08,463.3442581777892,0.586359548
1/20/2020 3:00,2020,1,20,1/20/2020,4,9.799,100.481,1.08,463.3490638783365,0.586365629
1/20/2020 4:00,2020,1,20,1/20/2020,5,8.198,99.79,1.08,463.3538997667878,0.586371749
1/20/2020 5:00,2020,1,20,1/20/2020,6,10.119,99.846,1.08,463.3587658,0.586377907
1/20/2020 6:00,2020,1,20,1/20/2020,7,6.07,99.178,1.08,463.3636620974348,0.586384103
1/20/2020 7:00,2020,1,20,1/20/2020,8,5.943,99.671,1.08,495.3357755729061,0.626844633
1/20/2020 8:00,2020,1,20,1/20/2020,9,7.132,102.542,1.08,572.5163486867148,0.724516213
1/20/2020 9:00,2020,1,20,1/20/2020,10,5.583,102,1.08,649.6969519758326,0.822187831
1/20/2020 10:00,2020,1,20,1/20/2020,11,5.77,102.633,1.08,681.669156,0.862648475
1/20/2020 11:00,2020,1,20,1/20/2020,12,4.582,101.778,1.08,681.6742031104643,0.862654863
1/20/2020 12:00,2020,1,20,1/20/2020,13,7.477,101.444,1.08,681.6792804112788,0.862661288
1/20/2020 13:00,2020,1,20,1/20/2020,14,8.172,101.424,1.08,681.6843878770472,0.862667751
1/20/2020 14:00,2020,1,20,1/20/2020,15,8.852,101.53,1.08,681.6895255051422,0.862674253
1/20/2020 15:00,2020,1,20,1/20/2020,16,9.23,100.771,1.08,681.6946932929206,0.862680793
1/20/2020 16:00,2020,1,20,1/20/2020,17,10.756,101.843,1.08,681.6998912377238,0.862687371
1/20/2020 17:00,2020,1,20,1/20/2020,18,12.189,98.922,1.094,681.7051193368776,0.862693987
1/20/2020 18:00,2020,1,20,1/20/2020,19,13.974,102.334,1.129,681.7103775876924,0.862700641
1/20/2020 19:00,2020,1,20,1/20/2020,20,14.117,102.621,1.132,613.8045882310615,0.776766247
1/20/2020 20:00,2020,1,20,1/20/2020,21,12.606,99.708,1.102,545.8988290206659,0.690831892
1/20/2020 21:00,2020,1,20,1/20/2020,22,13.213,99.405,1.114,545.9041777101706,0.690838661
1/20/2020 22:00,2020,1,20,1/20/2020,23,13.873,99.297,1.127,545.9095565404226,0.690845467
1/20/2020 23:00,2020,1,20,1/20/2020,24,14.731,100.929,1.145,504.68323972798237,0.638673796
1/21/2020 0:00,2020,1,21,1/21/2020,1,11.817,99.814,1.086,463.4569530507397,0.586502162
1/21/2020 1:00,2020,1,21,1/21/2020,2,12.186,99.833,1.094,463.4624222865685,0.586509084
1/21/2020 2:00,2020,1,21,1/21/2020,3,10.861,99.881,1.08,463.46792165198264,0.586516043
1/21/2020 3:00,2020,1,21,1/21/2020,4,9.801,99.39,1.08,463.47345114415316,0.586523041
1/21/2020 4:00,2020,1,21,1/21/2020,5,9.617,98.578,1.08,463.4790107602353,0.586530076
1/21/2020 5:00,2020,1,21,1/21/2020,6,8.668,101.47,1.08,463.48460049736883,0.58653715
1/21/2020 6:00,2020,1,21,1/21/2020,7,6.953,100.068,1.08,463.4902203526781,0.586544262
1/21/2020 7:00,2020,1,21,1/21/2020,8,4.708,99.938,1.08,495.46305736156955,0.627005707
1/21/2020 8:00,2020,1,21,1/21/2020,9,6.449,99.319,1.08,572.6443539433171,0.724678203
1/21/2020 9:00,2020,1,21,1/21/2020,10,6.468,98.849,1.08,649.8256806345203,0.822350737
1/21/2020 10:00,2020,1,21,1/21/2020,11,5.009,98.757,1.08,681.7986079717633,0.862812296
1/21/2020 11:00,2020,1,21,1/21/2020,12,5.439,100.857,1.08,681.8043783742734,0.862819599
1/21/2020 12:00,2020,1,21,1/21/2020,13,7.998,101.116,1.08,681.8101788773796,0.862826939
1/21/2020 13:00,2020,1,21,1/21/2020,14,7.074,99.139,1.08,681.8160094780978,0.862834318
1/21/2020 14:00,2020,1,21,1/21/2020,15,9.684,101.528,1.08,681.8218701734286,0.862841734
1/21/2020 15:00,2020,1,21,1/21/2020,16,10.317,101.082,1.08,681.8277609603567,0.862849189
1/21/2020 16:00,2020,1,21,1/21/2020,17,11.808,99.176,1.086,681.8336818358517,0.862856682
1/21/2020 17:00,2020,1,21,1/21/2020,18,12.301,99.233,1.096,681.8396327968674,0.862864213
1/21/2020 18:00,2020,1,21,1/21/2020,19,13.775,99.511,1.125,681.8456138403423,0.862871782
1/21/2020 19:00,2020,1,21,1/21/2020,20,12.494,99.529,1.1,613.9405472067979,0.776938303
1/21/2020 20:00,2020,1,21,1/21/2020,21,13.58,100.436,1.122,546.0355106495431,0.691004862
1/21/2020 21:00,2020,1,21,1/21/2020,22,13.766,99.121,1.125,546.0415819218717,0.691012545
1/21/2020 22:00,2020,1,21,1/21/2020,23,13.829,100.722,1.127,546.0476832642586,0.691020266
1/21/2020 23:00,2020,1,21,1/21/2020,24,13.828,101.614,1.127,504.82208889289257,0.638849509
1/22/2020 0:00,2020,1,22,1/22/2020,1,13.548,101.173,1.121,463.5965245852918,0.586678789
1/22/2020 1:00,2020,1,22,1/22/2020,2,12.757,99.92,1.105,463.6027161189584,0.586686625
1/22/2020 2:00,2020,1,22,1/22/2020,3,9.995,101.794,1.08,463.6089377,0.586694498
1/22/2020 3:00,2020,1,22,1/22/2020,4,10.122,98.904,1.08,463.6151893553208,0.58670241
1/22/2020 4:00,2020,1,22,1/22/2020,5,8.387,100.632,1.08,463.62147105159954,0.586710359
1/22/2020 5:00,2020,1,22,1/22/2020,6,7.025,99.043,1.08,463.62778279563963,0.586718346
1/22/2020 6:00,2020,1,22,1/22/2020,7,7.962,100.99,1.08,463.6341245841939,0.586726372
1/22/2020 7:00,2020,1,22,1/22/2020,8,5.873,101.08,1.08,495.6076834522974,0.62718873
1/22/2020 8:00,2020,1,22,1/22/2020,9,5.81,101.503,1.08,572.7897018188528,0.72486214
1/22/2020 9:00,2020,1,22,1/22/2020,10,4.866,100.325,1.08,649.9717502,0.822535587
1/22/2020 10:00,2020,1,22,1/22/2020,11,6.161,99.049,1.08,681.9453991922162,0.86299806
1/22/2020 11:00,2020,1,22,1/22/2020,12,5.731,101.105,1.08,681.9518911540931,0.863006275
1/22/2020 12:00,2020,1,22,1/22/2020,13,6.277,98.673,1.08,681.9584131406768,0.863014529
1/22/2020 13:00,2020,1,22,1/22/2020,14,7.21,100.569,1.08,681.9649651486121,0.86302282
1/22/2020 14:00,2020,1,22,1/22/2020,15,9.49,99.448,1.08,681.9715471745282,0.86303115
1/22/2020 15:00,2020,1,22,1/22/2020,16,11.277,100.885,1.08,681.9781592150388,0.863039517
1/22/2020 16:00,2020,1,22,1/22/2020,17,11.692,99.207,1.084,681.9848012667421,0.863047923
1/22/2020 17:00,2020,1,22,1/22/2020,18,10.902,101.098,1.08,681.9914733262215,0.863056366
1/22/2020 18:00,2020,1,22,1/22/2020,19,12.892,99.078,1.108,681.9981753900443,0.863064848
1/22/2020 19:00,2020,1,22,1/22/2020,20,15.854,99.357,1.167,614.0938296983608,0.777132281
1/22/2020 20:00,2020,1,22,1/22/2020,21,14.639,101.283,1.143,546.1895140041095,0.691199752
1/22/2020 21:00,2020,1,22,1/22/2020,22,14.206,99.76,1.134,546.1963060602128,0.691208347
1/22/2020 22:00,2020,1,22,1/22/2020,23,14.49,100.426,1.14,546.2031281067751,0.691216981
1/22/2020 23:00,2020,1,22,1/22/2020,24,12.925,98.431,1.109,504.9782543596144,0.639047135
1/23/2020 0:00,2020,1,23,1/23/2020,1,13.023,100.664,1.11,463.7534106,0.586877328
1/23/2020 1:00,2020,1,23,1/23/2020,2,11.691,100.661,1.084,463.76032259269755,0.586886075
1/23/2020 2:00,2020,1,23,1/23/2020,3,10.914,100.027,1.08,463.7672645658448,0.58689486
1/23/2020 3:00,2020,1,23,1/23/2020,4,10.464,100.565,1.08,463.7742365117485,0.586903683
1/23/2020 4:00,2020,1,23,1/23/2020,5,9.678,99.43,1.08,463.7812384268217,0.586912544
1/23/2020 5:00,2020,1,23,1/23/2020,6,7.007,98.863,1.08,463.7882703074623,0.586921442
1/23/2020 6:00,2020,1,23,1/23/2020,7,5.746,100.423,1.08,463.7953321500528,0.586930379
1/23/2020 7:00,2020,1,23,1/23/2020,8,6.467,103.037,1.08,495.7696109892577,0.627393649
1/23/2020 8:00,2020,1,23,1/23/2020,9,5.937,103.171,1.08,572.9523492436092,0.725067969
1/23/2020 9:00,2020,1,23,1/23/2020,10,5.99,102.759,1.08,650.1351174489649,0.822742327
1/23/2020 10:00,2020,1,23,1/23/2020,11,4.828,103.607,1.08,682.1094861411677,0.863205711
1/23/2020 11:00,2020,1,23,1/23/2020,12,6.74,101.407,1.08,682.1166977387032,0.863214837
1/23/2020 12:00,2020,1,23,1/23/2020,13,6.384,101.563,1.08,682.1239392761591,0.863224001
1/23/2020 13:00,2020,1,23,1/23/2020,14,8.484,102.348,1.08,682.1312107498101,0.863233203
1/23/2020 14:00,2020,1,23,1/23/2020,15,9.265,99.755,1.08,682.1385121559149,0.863242443
1/23/2020 15:00,2020,1,23,1/23/2020,16,10.084,101.345,1.08,682.1458434907177,0.863251721
1/23/2020 16:00,2020,1,23,1/23/2020,17,10.504,103.207,1.08,682.1532047504464,0.863261036
1/23/2020 17:00,2020,1,23,1/23/2020,18,11.368,104.252,1.08,682.1605959313142,0.86327039
1/23/2020 18:00,2020,1,23,1/23/2020,19,12.632,101.119,1.103,682.1680170295185,0.863279781
1/23/2020 19:00,2020,1,23,1/23/2020,20,13.104,101.582,1.112,614.2643902848401,0.777348124
1/23/2020 20:00,2020,1,23,1/23/2020,21,14.528,98.956,1.141,546.3607934498473,0.691416505
1/23/2020 21:00,2020,1,23,1/23/2020,22,14.299,100.075,1.136,546.3683042770924,0.69142601
1/23/2020 22:00,2020,1,23,1/23/2020,23,14.478,100.595,1.14,546.3758450063106,0.691435553
1/23/2020 23:00,2020,1,23,1/23/2020,24,13.769,100.87,1.125,505.15168985294986,0.639266617
1/24/2020 0:00,2020,1,24,1/24/2020,1,13.247,99.202,1.115,463.9275645937877,0.587097719
1/24/2020 1:00,2020,1,24,1/24/2020,2,12.266,101.614,1.095,463.9351950055862,0.587107375
1/24/2020 2:00,2020,1,24,1/24/2020,3,11.123,99.478,1.08,463.9428553037477,0.587117069
1/24/2020 3:00,2020,1,24,1/24/2020,4,10.223,99.984,1.08,463.95054548433114,0.587126801
1/24/2020 4:00,2020,1,24,1/24/2020,5,7.857,99.877,1.08,463.9582655433803,0.58713657
1/24/2020 5:00,2020,1,24,1/24/2020,6,7.077,98.597,1.08,463.9660154769236,0.587146378
1/24/2020 6:00,2020,1,24,1/24/2020,7,6.329,99.621,1.08,463.9737952809738,0.587156223
1/24/2020 7:00,2020,1,24,1/24/2020,8,4.137,100.312,1.08,495.9487919898264,0.627620401
1/24/2020 8:00,2020,1,24,1/24/2020,9,6.94,102.567,1.08,573.1322480216442,0.72529563
1/24/2020 9:00,2020,1,24,1/24/2020,10,4.967,103.683,1.08,650.3157339119155,0.822970897
1/24/2020 10:00,2020,1,24,1/24/2020,11,5.765,101.585,1.08,682.2908201961138,0.863435188
1/24/2020 11:00,2020,1,24,1/24/2020,12,5.784,102.108,1.08,682.2987493,0.863445222
1/24/2020 12:00,2020,1,24,1/24/2020,13,6.247,102.571,1.08,682.3067082348603,0.863455294
1/24/2020 13:00,2020,1,24,1/24/2020,14,6.951,102.582,1.08,682.3146970195321,0.863465404
1/24/2020 14:00,2020,1,24,1/24/2020,15,9.237,101.526,1.08,682.3227156422618,0.863475552
1/24/2020 15:00,2020,1,24,1/24/2020,16,10.35,101.651,1.08,682.3307640989239,0.863485737
1/24/2020 16:00,2020,1,24,1/24/2020,17,11.254,102.094,1.08,682.3388423853778,0.86349596
1/24/2020 17:00,2020,1,24,1/24/2020,18,13.118,103.568,1.112,682.3469504974677,0.863506221
1/24/2020 18:00,2020,1,24,1/24/2020,19,13.648,100.759,1.123,682.3550884310221,0.863516519
1/24/2020 19:00,2020,1,24,1/24/2020,20,13.535,100.997,1.121,614.4521784,0.777585769
1/24/2020 20:00,2020,1,24,1/24/2020,21,14.388,97.558,1.138,546.5492982329599,0.691655057
1/24/2020 21:00,2020,1,24,1/24/2020,22,14.238,100.229,1.135,546.5575256,0.691665469
1/24/2020 22:00,2020,1,24,1/24/2020,23,15.813,99.011,1.166,546.5657827831202,0.691675918
1/24/2020 23:00,2020,1,24,1/24/2020,24,14.023,100.019,1.13,505.342344,0.639507889
1/25/2020 0:00,2020,1,25,1/25/2020,1,11.528,98.337,1.081,464.1189349734326,0.587339897
1/25/2020 1:00,2020,1,25,1/25/2020,2,13.902,100.664,1.128,464.12728153915447,0.587350459
1/25/2020 2:00,2020,1,25,1/25/2020,3,10.086,100.44,1.08,464.1356578924185,0.58736106
1/25/2020 3:00,2020,1,25,1/25/2020,4,11.588,99.367,1.082,464.1440640289154,0.587371697
1/25/2020 4:00,2020,1,25,1/25/2020,5,8.9,99.415,1.08,464.1524999443203,0.587382373
1/25/2020 5:00,2020,1,25,1/25/2020,6,7.857,98.47,1.08,464.1609656342935,0.587393086
1/25/2020 6:00,2020,1,25,1/25/2020,7,7.148,100.859,1.08,464.16946109447974,0.587403837
1/25/2020 7:00,2020,1,25,1/25/2020,8,6.033,99.339,1.08,496.1451733588061,0.627868921
1/25/2020 8:00,2020,1,25,1/25/2020,9,6.192,101.207,1.08,573.3293448450672,0.725545055
1/25/2020 9:00,2020,1,25,1/25/2020,10,5.304,102.779,1.08,650.5135460883837,0.823221227
1/25/2020 10:00,2020,1,25,1/25/2020,11,4.618,99.941,1.08,682.4893476238607,0.863686423
1/25/2020 11:00,2020,1,25,1/25/2020,12,6.463,101.674,1.08,682.4979918692469,0.863697363
1/25/2020 12:00,2020,1,25,1/25/2020,13,7.084,101.311,1.08,682.5066659,0.86370834
1/25/2020 13:00,2020,1,25,1/25/2020,14,7.828,103.633,1.08,682.5153695868366,0.863719354
1/25/2020 14:00,2020,1,25,1/25/2020,15,9.796,101.507,1.08,682.5241031,0.863730406
1/25/2020 15:00,2020,1,25,1/25/2020,16,10.394,103.675,1.08,682.5328662436901,0.863741496
1/25/2020 16:00,2020,1,25,1/25/2020,17,11.606,103.043,1.082,682.5416591630986,0.863752623
1/25/2020 17:00,2020,1,25,1/25/2020,18,12.409,102.509,1.098,682.5504818,0.863763788
1/25/2020 18:00,2020,1,25,1/25/2020,19,12.493,101.955,1.1,682.5593341612612,0.863774991
1/25/2020 19:00,2020,1,25,1/25/2020,20,13.442,101.461,1.119,614.6571384745207,0.777845145
1/25/2020 20:00,2020,1,25,1/25/2020,21,14.454,99.928,1.139,546.7549724954124,0.691915337
1/25/2020 21:00,2020,1,25,1/25/2020,22,13.975,99.164,1.129,546.7639139757532,0.691926652
1/25/2020 22:00,2020,1,25,1/25/2020,23,14.752,99.763,1.145,546.7728851545414,0.691938005
1/25/2020 23:00,2020,1,25,1/25/2020,24,14.4,98.768,1.138,505.5501602464895,0.639770879
1/26/2020 0:00,2020,1,26,1/26/2020,1,13.704,99.598,1.124,464.3274650276392,0.58760379
1/26/2020 1:00,2020,1,26,1/26/2020,2,13.354,97.878,1.117,464.33652527401694,0.587615256
1/26/2020 2:00,2020,1,26,1/26/2020,3,10.534,98.48,1.08,464.34561520028916,0.587626759
1/26/2020 3:00,2020,1,26,1/26/2020,4,8.457,100.156,1.08,464.35473480177967,0.5876383
1/26/2020 4:00,2020,1,26,1/26/2020,5,8.921,98.156,1.08,464.36388407379667,0.587649878
1/26/2020 5:00,2020,1,26,1/26/2020,6,8.595,98.677,1.08,464.37306301163323,0.587661494
1/26/2020 6:00,2020,1,26,1/26/2020,7,6.341,101.144,1.08,464.3822716105672,0.587673148
1/26/2020 7:00,2020,1,26,1/26/2020,8,5.995,99.791,1.08,496.35869690415893,0.628139134
1/26/2020 8:00,2020,1,26,1/26/2020,9,5.764,103.694,1.08,573.5435813098361,0.72581617
1/26/2020 9:00,2020,1,26,1/26/2020,10,5.403,100.521,1.08,650.7284953623524,0.823493244
1/26/2020 10:00,2020,1,26,1/26/2020,11,6.113,99.997,1.08,682.7050095964466,0.863959342
1/26/2020 11:00,2020,1,26,1/26/2020,12,6.236,103.106,1.08,682.7143664295006,0.863971183
1/26/2020 12:00,2020,1,26,1/26/2020,13,5.781,103.09,1.08,682.7237528949985,0.863983062
1/26/2020 13:00,2020,1,26,1/26/2020,14,9.213,103.415,1.08,682.7331689881112,0.863994978
1/26/2020 14:00,2020,1,26,1/26/2020,15,9.425,101.139,1.08,682.7426147039946,0.864006931
1/26/2020 15:00,2020,1,26,1/26/2020,16,10.089,100.786,1.08,682.7520900377893,0.864018922
1/26/2020 16:00,2020,1,26,1/26/2020,17,11.301,103.268,1.08,682.7615949846206,0.864030951
1/26/2020 17:00,2020,1,26,1/26/2020,18,11.485,99.149,1.08,682.7711295395985,0.864043017
1/26/2020 18:00,2020,1,26,1/26/2020,19,12.275,101.916,1.096,682.7806936978179,0.86405512
1/26/2020 19:00,2020,1,26,1/26/2020,20,13.217,100.99,1.114,614.8792097,0.778126175
1/26/2020 20:00,2020,1,26,1/26/2020,21,14.945,98.969,1.149,546.9777552914817,0.692197267
1/26/2020 21:00,2020,1,26,1/26/2020,22,15.898,100.133,1.168,546.9874082298425,0.692209483
1/26/2020 22:00,2020,1,26,1/26/2020,23,15.097,99.625,1.152,546.9970908,0.692221736
1/26/2020 23:00,2020,1,26,1/26/2020,24,13.711,100.194,1.124,505.77507707131645,0.64005551
1/27/2020 0:00,2020,1,27,1/27/2020,1,13.715,98.066,1.124,464.5530929644519,0.587889321
1/27/2020 1:00,2020,1,27,1/27/2020,2,13.404,101.19,1.118,464.56286420673894,0.587901687
1/27/2020 2:00,2020,1,27,1/27/2020,3,10.646,101.184,1.08,464.5726650124782,0.58791409
1/27/2020 3:00,2020,1,27,1/27/2020,4,10.954,99.115,1.08,464.58249537662755,0.58792653
1/27/2020 4:00,2020,1,27,1/27/2020,5,9.492,102.063,1.08,464.5923552941298,0.587939007
1/27/2020 5:00,2020,1,27,1/27/2020,6,7.154,98.374,1.08,464.6022447599124,0.587951523
1/27/2020 6:00,2020,1,27,1/27/2020,7,7.353,101.364,1.08,464.61216376888757,0.587964075
1/27/2020 7:00,2020,1,27,1/27/2020,8,7.913,99.19,1.08,496.5892993542501,0.62843096
1/27/2020 8:00,2020,1,27,1/27/2020,9,5.529,100.48,1.08,573.7748939330625,0.726108895
1/27/2020 9:00,2020,1,27,1/27/2020,10,6.384,100.974,1.08,650.960518,0.823786867
1/27/2020 10:00,2020,1,27,1/27/2020,11,5.513,101.62,1.08,682.9377422085748,0.864253864
1/27/2020 11:00,2020,1,27,1/27/2020,12,6.91,101.994,1.08,682.9478089,0.864266604
1/27/2020 12:00,2020,1,27,1/27/2020,13,6.31,101.967,1.08,682.9579050171023,0.86427938
1/27/2020 13:00,2020,1,27,1/27/2020,14,7.5,100.081,1.08,682.9680306846925,0.864292194
1/27/2020 14:00,2020,1,27,1/27/2020,15,9.161,102.965,1.08,682.9781858542266,0.864305045
1/27/2020 15:00,2020,1,27,1/27/2020,16,11.06,101.742,1.08,682.9883705,0.864317934
1/27/2020 16:00,2020,1,27,1/27/2020,17,12.287,101.006,1.096,682.9985846782131,0.86433086
1/27/2020 17:00,2020,1,27,1/27/2020,18,11.99,101.538,1.09,683.0088283221712,0.864343823
1/27/2020 18:00,2020,1,27,1/27/2020,19,13.988,102.639,1.13,683.0191014470845,0.864356824
1/27/2020 19:00,2020,1,27,1/27/2020,20,14.567,103.659,1.141,615.1183262912659,0.778428776
1/27/2020 20:00,2020,1,27,1/27/2020,21,15.684,99.55,1.164,547.2175806058171,0.692500765
1/27/2020 21:00,2020,1,27,1/27/2020,22,14.219,101.394,1.134,547.2279421418241,0.692513877
1/27/2020 22:00,2020,1,27,1/27/2020,23,13.886,100.996,1.128,547.2383331375546,0.692527027
1/27/2020 23:00,2020,1,27,1/27/2020,24,14.98,99.859,1.15,506.0170278069907,0.640361697
1/28/2020 0:00,2020,1,28,1/28/2020,1,12.33,100.677,1.097,464.79575192544377,0.588196405
1/28/2020 1:00,2020,1,28,1/28/2020,2,11.863,98.859,1.087,464.8062313,0.588209666
1/28/2020 2:00,2020,1,28,1/28/2020,3,10.604,100.053,1.08,464.81674004922587,0.588222965
1/28/2020 3:00,2020,1,28,1/28/2020,4,10.348,99.667,1.08,464.8272782630852,0.588236301
1/28/2020 4:00,2020,1,28,1/28/2020,5,8.302,98.726,1.08,464.8378459043664,0.588249674
1/28/2020 5:00,2020,1,28,1/28/2020,6,7.186,98.591,1.08,464.8484429676328,0.588263085
1/28/2020 6:00,2020,1,28,1/28/2020,7,7.303,99.174,1.08,464.8590694474327,0.588276533
1/28/2020 7:00,2020,1,28,1/28/2020,8,7.483,101.736,1.08,496.8369123765969,0.628744313
1/28/2020 8:00,2020,1,28,1/28/2020,9,6.253,99.13,1.08,574.0232142,0.726423143
1/28/2020 9:00,2020,1,28,1/28/2020,10,6.083,100.299,1.08,651.2095453671383,0.82410201
1/28/2020 10:00,2020,1,28,1/28/2020,11,5.662,101.036,1.08,683.1874764965496,0.864569902
1/28/2020 11:00,2020,1,28,1/28/2020,12,6.447,101.532,1.08,683.1982499767109,0.864583535
1/28/2020 12:00,2020,1,28,1/28/2020,13,6.65,99.924,1.08,683.2090528403774,0.864597206
1/28/2020 13:00,2020,1,28,1/28/2020,14,7.455,98.91,1.08,683.2198850819913,0.864610914
1/28/2020 14:00,2020,1,28,1/28/2020,15,7.893,99.505,1.08,683.2307466959801,0.86462466
1/28/2020 15:00,2020,1,28,1/28/2020,16,9.816,100.987,1.08,683.2416376767558,0.864638442
1/28/2020 16:00,2020,1,28,1/28/2020,17,11.137,99.42,1.08,683.2525580187154,0.864652262
1/28/2020 17:00,2020,1,28,1/28/2020,18,13.024,100.991,1.11,683.2635077162408,0.864666119
1/28/2020 18:00,2020,1,28,1/28/2020,19,13.333,99.169,1.117,683.2744867636991,0.864680013
1/28/2020 19:00,2020,1,28,1/28/2020,20,13.766,99.965,1.125,615.3744173990403,0.778752857
1/28/2020 20:00,2020,1,28,1/28/2020,21,13.193,101.382,1.114,547.4743773730025,0.692825739
1/28/2020 21:00,2020,1,28,1/28/2020,22,13.104,99.496,1.112,547.4854444363089,0.692839745
1/28/2020 22:00,2020,1,28,1/28/2020,23,14.341,99.522,1.137,547.4965408,0.692853787
1/28/2020 23:00,2020,1,28,1/28/2020,24,13.605,99.936,1.122,506.27594075828745,0.64068935
1/29/2020 0:00,2020,1,29,1/29/2020,1,13.271,101.145,1.115,465.05537000552744,0.58852495
1/29/2020 1:00,2020,1,29,1/29/2020,2,11.745,99.846,1.085,465.0665543435175,0.588539104
1/29/2020 2:00,2020,1,29,1/29/2020,3,11.455,99.856,1.08,465.07776798583154,0.588553295
1/29/2020 3:00,2020,1,29,1/29/2020,4,9.223,101.342,1.08,465.0890109267005,0.588567522
1/29/2020 4:00,2020,1,29,1/29/2020,5,9.711,100.839,1.08,465.1002831603405,0.588581787
1/29/2020 5:00,2020,1,29,1/29/2020,6,8.687,102.217,1.08,465.1115846809521,0.588596089
1/29/2020 6:00,2020,1,29,1/29/2020,7,4.318,99.577,1.08,465.12291548272145,0.588610428
1/29/2020 7:00,2020,1,29,1/29/2020,8,5.997,100.089,1.08,497.10146259811694,0.6290791
1/29/2020 8:00,2020,1,29,1/29/2020,9,4.56,99.635,1.08,574.2884684434747,0.726758821
1/29/2020 9:00,2020,1,29,1/29/2020,10,5.479,99.258,1.08,651.4755035524572,0.824438578
1/29/2020 10:00,2020,1,29,1/29/2020,11,4.468,100.12,1.08,683.4541384587119,0.864907361
1/29/2020 11:00,2020,1,29,1/29/2020,12,4.233,101.18,1.08,683.4656155785294,0.864921885
1/29/2020 12:00,2020,1,29,1/29/2020,13,6.858,100.979,1.08,683.4771219443033,0.864936446
1/29/2020 13:00,2020,1,29,1/29/2020,14,8.05,99.191,1.08,683.4886575501141,0.864951044
1/29/2020 14:00,2020,1,29,1/29/2020,15,8.931,99.983,1.08,683.5002223900269,0.86496568
1/29/2020 15:00,2020,1,29,1/29/2020,16,11.517,97.668,1.08,683.5118164580922,0.864980352
1/29/2020 16:00,2020,1,29,1/29/2020,17,11.752,100.261,1.085,683.5234397483455,0.864995061
1/29/2020 17:00,2020,1,29,1/29/2020,18,11.928,99.06,1.089,683.5350922548066,0.865009807
1/29/2020 18:00,2020,1,29,1/29/2020,19,12.383,100.476,1.098,683.5467739714813,0.86502459
1/29/2020 19:00,2020,1,29,1/29/2020,20,13.455,100.504,1.119,615.6474071,0.779098324
1/29/2020 20:00,2020,1,29,1/29/2020,21,13.941,99.379,1.129,547.7480694986134,0.693172095
1/29/2020 21:00,2020,1,29,1/29/2020,22,14.851,99.357,1.147,547.7598388098094,0.693186989
1/29/2020 22:00,2020,1,29,1/29/2020,23,14.007,98.929,1.13,547.7716373070893,0.69320192
1/29/2020 23:00,2020,1,29,1/29/2020,24,14.093,99.802,1.132,506.55173920371146,0.641038371
1/30/2020 0:00,2020,1,30,1/30/2020,1,13.511,99.631,1.12,465.3318702742628,0.58887486
1/30/2020 1:00,2020,1,30,1/30/2020,2,12.366,99.989,1.097,465.34375629331606,0.588889901
1/30/2020 2:00,2020,1,30,1/30/2020,3,10.828,100.574,1.08,465.3556714740839,0.58890498
1/30/2020 3:00,2020,1,30,1/30/2020,4,10.35,101.735,1.08,465.36761581043663,0.588920095
1/30/2020 4:00,2020,1,30,1/30/2020,5,9.729,101.514,1.08,465.3795893,0.588935248
1/30/2020 5:00,2020,1,30,1/30/2020,6,6.116,98.676,1.08,465.3915919253016,0.588950437
1/30/2020 6:00,2020,1,30,1/30/2020,7,8.303,99.419,1.08,465.4036236914793,0.588965663
1/30/2020 7:00,2020,1,30,1/30/2020,8,5.451,98.765,1.08,497.3828716,0.629435221
1/30/2020 8:00,2020,1,30,1/30/2020,9,4.551,101.752,1.08,574.5705781474494,0.727115829
1/30/2020 9:00,2020,1,30,1/30/2020,10,6.171,102.147,1.08,651.7583137865192,0.824796473
1/30/2020 10:00,2020,1,30,1/30/2020,11,5.901,101.464,1.08,683.7376490773668,0.865266142
1/30/2020 11:00,2020,1,30,1/30/2020,12,6.258,100.528,1.08,683.7498264359226,0.865281552
1/30/2020 12:00,2020,1,30,1/30/2020,13,7.322,101.559,1.08,683.7620328942195,0.865296999
1/30/2020 13:00,2020,1,30,1/30/2020,14,8.288,101.628,1.08,683.7742684459779,0.865312483
1/30/2020 14:00,2020,1,30,1/30/2020,15,9.271,102.798,1.08,683.7865330849032,0.865328004
1/30/2020 15:00,2020,1,30,1/30/2020,16,10.069,103.221,1.08,683.7988268046856,0.865343562
1/30/2020 16:00,2020,1,30,1/30/2020,17,8.706,102.846,1.08,683.8111495990006,0.865359156
1/30/2020 17:00,2020,1,30,1/30/2020,18,12.784,101.377,1.106,683.8235014615084,0.865374788
1/30/2020 18:00,2020,1,30,1/30/2020,19,13.616,102.302,1.122,683.8358823858546,0.865390456
1/30/2020 19:00,2020,1,30,1/30/2020,20,13.373,102.224,1.117,615.9372146092683,0.779465074
1/30/2020 20:00,2020,1,30,1/30/2020,21,13.86,100.424,1.127,548.0385758817664,0.693539729
1/30/2020 21:00,2020,1,30,1/30/2020,22,14.873,99.068,1.147,548.051044,0.693555508
1/30/2020 22:00,2020,1,30,1/30/2020,23,13.912,100.258,1.128,548.0635410612065,0.693571323
1/30/2020 23:00,2020,1,30,1/30/2020,24,12.784,100.555,1.106,506.8443414,0.641408658
1/31/2020 0:00,2020,1,31,1/31/2020,1,12.066,99.994,1.091,465.62517079865296,0.58924603
1/31/2020 1:00,2020,1,31,1/31/2020,2,12.487,99.444,1.1,465.63775497668536,0.589261955
1/31/2020 2:00,2020,1,31,1/31/2020,3,11.355,100.154,1.08,465.6503681651819,0.589277917
1/31/2020 3:00,2020,1,31,1/31/2020,4,11.058,100.057,1.08,465.6630103576536,0.589293915
1/31/2020 4:00,2020,1,31,1/31/2020,5,8.096,99.829,1.08,465.6756815475964,0.589309951
1/31/2020 5:00,2020,1,31,1/31/2020,6,8.515,99.677,1.08,465.6883817284918,0.589326023
1/31/2020 6:00,2020,1,31,1/31/2020,7,6.81,101.236,1.08,465.7011108938058,0.589342131
1/31/2020 7:00,2020,1,31,1/31/2020,8,5.278,98.672,1.08,497.68105607528753,0.629812572
1/31/2020 8:00,2020,1,31,1/31/2020,9,5.912,103.044,1.08,574.8694596885542,0.727494062
1/31/2020 9:00,2020,1,31,1/31/2020,10,5.968,102.978,1.08,652.0578922665487,0.825175588
1/31/2020 10:00,2020,1,31,1/31/2020,11,6.989,101.778,1.08,684.0379243421997,0.865646138
1/31/2020 11:00,2020,1,31,1/31/2020,12,5.267,102.019,1.08,684.0507983310795,0.86566243
1/31/2020 12:00,2020,1,31,1/31/2020,13,5.538,101.553,1.08,684.0637012648624,0.865678759
1/31/2020 13:00,2020,1,31,1/31/2020,14,8.502,102.524,1.08,684.0766331369107,0.865695124
1/31/2020 14:00,2020,1,31,1/31/2020,15,8.419,103.533,1.08,684.0895939405711,0.865711526
1/31/2020 15:00,2020,1,31,1/31/2020,16,10.129,102.165,1.08,684.1025837,0.865727965
1/31/2020 16:00,2020,1,31,1/31/2020,17,10.906,102.557,1.08,684.1156023160428,0.86574444
1/31/2020 17:00,2020,1,31,1/31/2020,18,12.343,102.319,1.097,684.1286498744737,0.865760951
1/31/2020 18:00,2020,1,31,1/31/2020,19,12.151,101.365,1.093,684.1417263377564,0.865777499
1/31/2020 19:00,2020,1,31,1/31/2020,20,16.233,100.778,1.175,616.2437539427623,0.779852998
1/31/2020 20:00,2020,1,31,1/31/2020,21,14.058,100.363,1.131,548.3458104391502,0.693928533
1/31/2020 21:00,2020,1,31,1/31/2020,22,14.264,98.439,1.135,548.3589736,0.693945191
1/31/2020 22:00,2020,1,31,1/31/2020,23,13.515,98.629,1.12,548.3721656,0.693961885
1/31/2020 23:00,2020,1,31,1/31/2020,24,13.941,100.089,1.129,507.1536606974953,0.6418001
2/1/2020 0:00,2020,2,1,2/1/2020,1,15.548,98.669,1.161,455.93750966787536,0.576986349
2/1/2020 1:00,2020,2,1,2/1/2020,2,14.443,100.157,1.139,455.95078827592334,0.577003153
2/1/2020 2:00,2020,2,1,2/1/2020,3,12.874,103.088,1.107,455.9640957345885,0.577019994
2/1/2020 3:00,2020,2,1,2/1/2020,4,11.115,98.607,1.08,455.97743203702476,0.577036871
2/1/2020 4:00,2020,2,1,2/1/2020,5,10.913,100.028,1.08,455.99079717637096,0.577053784
2/1/2020 5:00,2020,2,1,2/1/2020,6,9.193,99.725,1.08,456.0041911457514,0.577070734
2/1/2020 6:00,2020,2,1,2/1/2020,7,7.358,100.725,1.08,456.0176139382754,0.577087721
2/1/2020 7:00,2020,2,1,2/1/2020,8,6.951,101.272,1.08,486.8003316,0.616043076
2/1/2020 8:00,2020,2,1,2/1/2020,9,6.815,100.777,1.08,561.0973915478307,0.710065587
2/1/2020 9:00,2020,2,1,2/1/2020,10,6.613,101.779,1.08,635.3944802627731,0.804088134
2/1/2020 10:00,2020,2,1,2/1/2020,11,4.968,101.917,1.08,666.1772843669016,0.843043599
2/1/2020 11:00,2020,2,1,2/1/2020,12,8.044,102.443,1.08,666.1908511712645,0.843060768
2/1/2020 12:00,2020,2,1,2/1/2020,13,8.537,104.237,1.08,666.2044467571156,0.843077973
2/1/2020 13:00,2020,2,1,2/1/2020,14,8.988,101.544,1.08,666.2180711174609,0.843095215
2/1/2020 14:00,2020,2,1,2/1/2020,15,10.773,100.55,1.08,666.2317242452907,0.843112493
2/1/2020 15:00,2020,2,1,2/1/2020,16,11.861,103.253,1.087,666.2454061335814,0.843129807
2/1/2020 16:00,2020,2,1,2/1/2020,17,12.787,102.589,1.106,666.2591167752939,0.843147158
2/1/2020 17:00,2020,2,1,2/1/2020,18,13.966,103.041,1.129,666.2728561633749,0.843164545
2/1/2020 18:00,2020,2,1,2/1/2020,19,14.824,101.362,1.146,666.2866242907558,0.843181968
2/1/2020 19:00,2020,2,1,2/1/2020,20,16.213,101.64,1.174,600.9342061211096,0.760478851
2/1/2020 20:00,2020,2,1,2/1/2020,21,16.301,101.481,1.176,535.5818166765824,0.677775771
2/1/2020 21:00,2020,2,1,2/1/2020,22,17.174,100.859,1.193,535.5956709793055,0.677793303
2/1/2020 22:00,2020,2,1,2/1/2020,23,16.302,98.825,1.176,535.6095539929073,0.677810872
2/1/2020 23:00,2020,2,1,2/1/2020,24,15.582,97.77,1.162,495.93683515677606,0.62760527
2/2/2020 0:00,2020,2,2,2/2/2020,1,15.594,100.813,1.162,456.2641450172244,0.577399704
2/2/2020 1:00,2020,2,2,2/2/2020,2,14.1,100.267,1.132,456.2781141205499,0.577417382
2/2/2020 2:00,2020,2,2,2/2/2020,3,12.625,99.735,1.102,456.2921119060966,0.577435096
2/2/2020 3:00,2020,2,2,2/2/2020,4,11.113,100.671,1.08,456.30613836666305,0.577452847
2/2/2020 4:00,2020,2,2,2/2/2020,5,11.441,99.787,1.08,456.32019349503344,0.577470633
2/2/2020 5:00,2020,2,2,2/2/2020,6,10.027,100.103,1.08,456.33427728397675,0.577488456
2/2/2020 6:00,2020,2,2,2/2/2020,7,8.551,101.756,1.08,456.34838972624755,0.577506316
2/2/2020 7:00,2020,2,2,2/2/2020,8,7.01,100.508,1.08,487.13179690281913,0.616462544
2/2/2020 8:00,2020,2,2,2/2/2020,9,9.025,101.666,1.08,561.4295461244292,0.710485927
2/2/2020 9:00,2020,2,2,2/2/2020,10,8.276,101.738,1.08,635.7273239775418,0.804509346
2/2/2020 10:00,2020,2,2,2/2/2020,11,8.133,100.395,1.08,666.5108170486058,0.843465683
2/2/2020 11:00,2020,2,2,2/2/2020,12,8.034,99.495,1.08,666.5250726,0.843483723
2/2/2020 12:00,2020,2,2,2/2/2020,13,8.242,102.313,1.08,666.5393568575689,0.8435018
2/2/2020 13:00,2020,2,2,2/2/2020,14,10.021,103.053,1.08,666.5536697,0.843519913
2/2/2020 14:00,2020,2,2,2/2/2020,15,10.828,101.836,1.08,666.5680110753017,0.843538062
2/2/2020 15:00,2020,2,2,2/2/2020,16,12.08,102.014,1.092,666.5823810690391,0.843556247
2/2/2020 16:00,2020,2,2,2/2/2020,17,12.726,100.58,1.105,666.5967796428386,0.843574468
2/2/2020 17:00,2020,2,2,2/2/2020,18,14.217,100.807,1.134,666.6112067892923,0.843592726
2/2/2020 18:00,2020,2,2,2/2/2020,19,14.679,103.126,1.144,666.6256625009783,0.843611019
2/2/2020 19:00,2020,2,2,2/2/2020,20,16.635,101.746,1.183,601.2739317412155,0.760908772
2/2/2020 20:00,2020,2,2,2/2/2020,21,16.275,98.87,1.176,535.9222295317966,0.678206561
2/2/2020 21:00,2020,2,2,2/2/2020,22,18.38,100.363,1.211,535.9367709,0.678224963
2/2/2020 22:00,2020,2,2,2/2/2020,23,16.02,100.34,1.17,535.9513407925981,0.678243402
2/2/2020 23:00,2020,2,2,2/2/2020,24,16.106,101.629,1.172,496.27930866512844,0.628038668
2/3/2020 0:00,2020,2,3,2/3/2020,1,16.62,101.927,1.182,456.60730505804946,0.577833971
2/3/2020 1:00,2020,2,3,2/3/2020,2,13.531,97.957,1.121,456.62196051730575,0.577852518
2/3/2020 2:00,2020,2,3,2/3/2020,3,14.012,98.802,1.13,456.63664448188786,0.5778711
2/3/2020 3:00,2020,2,3,2/3/2020,4,11.043,100.542,1.08,456.65135694424174,0.577889719
2/3/2020 4:00,2020,2,3,2/3/2020,5,10.669,98.555,1.08,456.6660978967983,0.577908373
2/3/2020 5:00,2020,2,3,2/3/2020,6,9.381,99.24,1.08,456.6808673319739,0.577927064
2/3/2020 6:00,2020,2,3,2/3/2020,7,8.318,98.167,1.08,456.6956652421704,0.577945791
2/3/2020 7:00,2020,2,3,2/3/2020,8,8.897,101.82,1.08,487.47975770800815,0.616902886
2/3/2020 8:00,2020,2,3,2/3/2020,9,8.288,102.833,1.08,561.7781920398728,0.710927136
2/3/2020 9:00,2020,2,3,2/3/2020,10,7.631,101.687,1.08,636.0766548238755,0.804951422
2/3/2020 10:00,2020,2,3,2/3/2020,11,7.153,102.849,1.08,666.8608326461128,0.843908626
2/3/2020 11:00,2020,2,3,2/3/2020,12,6.361,101.91,1.08,666.8757728169264,0.843927532
2/3/2020 12:00,2020,2,3,2/3/2020,13,9.013,101.779,1.08,666.8907414168635,0.843946475
2/3/2020 13:00,2020,2,3,2/3/2020,14,9.423,100.736,1.08,666.9057384382237,0.843965454
2/3/2020 14:00,2020,2,3,2/3/2020,15,9.992,101.087,1.08,666.9207638732912,0.843984468
2/3/2020 15:00,2020,2,3,2/3/2020,16,12.024,102.161,1.09,666.9358177143362,0.844003519
2/3/2020 16:00,2020,2,3,2/3/2020,17,13.247,102.573,1.115,666.9508999536142,0.844022605
2/3/2020 17:00,2020,2,3,2/3/2020,18,14.091,102.596,1.132,666.9660105833659,0.844041728
2/3/2020 18:00,2020,2,3,2/3/2020,19,15.562,102.068,1.161,666.9811495958174,0.844060886
2/3/2020 19:00,2020,2,3,2/3/2020,20,17.848,99.976,1.207,601.6301019539364,0.761359504
2/3/2020 20:00,2020,2,3,2/3/2020,21,16.184,100.518,1.174,536.2790826791639,0.678658157
2/3/2020 21:00,2020,2,3,2/3/2020,22,17.504,99.707,1.2,536.2943067929264,0.678677423
2/3/2020 22:00,2020,2,3,2/3/2020,23,18.3,100.801,1.211,536.3095592581474,0.678696725
2/3/2020 23:00,2020,2,3,2/3/2020,24,16.349,98.679,1.177,496.6382095135107,0.628492855
2/4/2020 0:00,2020,2,4,2/4/2020,1,15.428,100.128,1.159,456.9668881046246,0.578289022
2/4/2020 1:00,2020,2,4,2/4/2020,2,15.091,101.68,1.152,456.98222557708254,0.578308431
2/4/2020 2:00,2020,2,4,2/4/2020,3,13.151,100.126,1.113,456.9975913695246,0.578327877
2/4/2020 3:00,2020,2,4,2/4/2020,4,12.167,100.329,1.093,457.01298547404576,0.578347358
2/4/2020 4:00,2020,2,4,2/4/2020,5,9.536,101.352,1.08,457.0284078827262,0.578366875
2/4/2020 5:00,2020,2,4,2/4/2020,6,9.389,101.475,1.08,457.04385858763175,0.578386427
2/4/2020 6:00,2020,2,4,2/4/2020,7,9.605,100.706,1.08,457.05933758081363,0.578406016
2/4/2020 7:00,2020,2,4,2/4/2020,8,7.768,99.14,1.08,487.8441109425421,0.617363973
2/4/2020 8:00,2020,2,4,2/4/2020,9,8.811,100.802,1.08,562.1432259828522,0.711389085
2/4/2020 9:00,2020,2,4,2/4/2020,10,7.132,100.094,1.08,636.4423693,0.805414232
2/4/2020 10:00,2020,2,4,2/4/2020,11,7.885,99.557,1.08,667.2272274422472,0.844372296
2/4/2020 11:00,2020,2,4,2/4/2020,12,7.079,97.319,1.08,667.2428477570702,0.844392064
2/4/2020 12:00,2020,2,4,2/4/2020,13,8.318,99.808,1.08,667.2584963121715,0.844411867
2/4/2020 13:00,2020,2,4,2/4/2020,14,9.162,100.321,1.08,667.2741730995003,0.844431706
2/4/2020 14:00,2020,2,4,2/4/2020,15,10.68,98.577,1.08,667.2898781,0.84445158
2/4/2020 15:00,2020,2,4,2/4/2020,16,12.395,100.494,1.098,667.3056113385667,0.844471491
2/4/2020 16:00,2020,2,4,2/4/2020,17,12.646,100.162,1.103,667.3213727741302,0.844491437
2/4/2020 17:00,2020,2,4,2/4/2020,18,13.3,99.58,1.116,667.3371624095741,0.844511418
2/4/2020 18:00,2020,2,4,2/4/2020,19,15.26,100.252,1.155,667.3529802367751,0.844531436
2/4/2020 19:00,2020,2,4,2/4/2020,20,16.539,100.982,1.181,602.0026112183517,0.761830912
2/4/2020 20:00,2020,2,4,2/4/2020,21,17.687,99.684,1.204,536.6522703753957,0.679130424
2/4/2020 21:00,2020,2,4,2/4/2020,22,15.662,100.388,1.163,536.6681727289844,0.679150548
2/4/2020 22:00,2020,2,4,2/4/2020,23,14.974,98.977,1.149,536.6841032416928,0.679170708
2/4/2020 23:00,2020,2,4,2/4/2020,24,15.562,99.91,1.161,497.0134313518557,0.628967697
2/5/2020 0:00,2020,2,5,2/5/2020,1,16.286,99.58,1.176,457.3427876047325,0.57876472
2/5/2020 1:00,2020,2,5,2/5/2020,2,13.294,100.923,1.116,457.3588025455683,0.578784987
2/5/2020 2:00,2020,2,5,2/5/2020,3,12.639,100.21,1.103,457.3748456126543,0.57880529
2/5/2020 3:00,2020,2,5,2/5/2020,4,13.114,100.469,1.112,457.39091679773725,0.578825628
2/5/2020 4:00,2020,2,5,2/5/2020,5,10.37,101.015,1.08,457.40701609254893,0.578846001
2/5/2020 5:00,2020,2,5,2/5/2020,6,9.421,100.187,1.08,457.42314348880706,0.57886641
2/5/2020 6:00,2020,2,5,2/5/2020,7,8.619,99.529,1.08,457.43929897821477,0.578886855
2/5/2020 7:00,2020,2,5,2/5/2020,8,8.32,99.053,1.08,488.2247486406941,0.617845668
2/5/2020 8:00,2020,2,5,2/5/2020,9,7.101,98.915,1.08,562.5245397859321,0.711871635
2/5/2020 9:00,2020,2,5,2/5/2020,10,5.587,99.041,1.08,636.8243589993424,0.805897638
2/5/2020 10:00,2020,2,5,2/5/2020,11,7.126,99.373,1.08,667.6098928663235,0.844856557
2/5/2020 11:00,2020,2,5,2/5/2020,12,7.984,98.782,1.08,667.6261886965194,0.84487718
2/5/2020 12:00,2020,2,5,2/5/2020,13,6.184,100.859,1.08,667.6425125697801,0.844897837
2/5/2020 13:00,2020,2,5,2/5/2020,14,10.455,98.703,1.08,667.6588644777075,0.844918531
2/5/2020 14:00,2020,2,5,2/5/2020,15,10.43,100.579,1.08,667.6752444118894,0.844939259
2/5/2020 15:00,2020,2,5,2/5/2020,16,10.507,100.609,1.08,667.6916523638987,0.844960023
2/5/2020 16:00,2020,2,5,2/5/2020,17,12.7,101.033,1.104,667.7080883252944,0.844980823
2/5/2020 17:00,2020,2,5,2/5/2020,18,15.617,102.002,1.162,667.7245522876207,0.845001658
2/5/2020 18:00,2020,2,5,2/5/2020,19,15.844,102.43,1.167,667.7410442424077,0.845022529
2/5/2020 19:00,2020,2,5,2/5/2020,20,16.099,99.233,1.172,602.3913491519268,0.762322858
2/5/2020 20:00,2020,2,5,2/5/2020,21,16.364,99.705,1.177,537.0416820369232,0.679623222
2/5/2020 21:00,2020,2,5,2/5/2020,22,14.854,98.93,1.147,537.0582579181278,0.679644199
2/5/2020 22:00,2020,2,5,2/5/2020,23,16.411,98.037,1.178,537.0748617577689,0.679665211
2/5/2020 23:00,2020,2,5,2/5/2020,24,16.769,100.926,1.185,497.4048629938348,0.629463051
2/6/2020 0:00,2020,2,6,2/6/2020,1,14.525,98.95,1.141,457.73489217123887,0.579260927
2/6/2020 1:00,2020,2,6,2/6/2020,2,14.68,98.686,1.144,457.7515798348797,0.579282045
2/6/2020 2:00,2020,2,6,2/6/2020,3,12.448,100.147,1.099,457.76829542270275,0.579303198
2/6/2020 3:00,2020,2,6,2/6/2020,4,12.315,99.315,1.096,457.78503892610854,0.579324387
2/6/2020 4:00,2020,2,6,2/6/2020,5,9.535,100.204,1.08,457.8018103364831,0.579345611
2/6/2020 5:00,2020,2,6,2/6/2020,6,9.742,100.304,1.08,457.81860964519814,0.579366871
2/6/2020 6:00,2020,2,6,2/6/2020,7,7.369,99.994,1.08,457.8354368436113,0.579388165
2/6/2020 7:00,2020,2,6,2/6/2020,8,6.443,101.082,1.08,488.62155801129916,0.618347828
2/6/2020 8:00,2020,2,6,2/6/2020,9,6.838,101.975,1.08,562.9220204576034,0.712374645
2/6/2020 9:00,2020,2,6,2/6/2020,10,6.811,101.934,1.08,637.2225107675916,0.806401496
2/6/2020 10:00,2020,2,6,2/6/2020,11,7.307,102.897,1.08,668.0087155263179,0.845361265
2/6/2020 11:00,2020,2,6,2/6/2020,12,6.921,101.983,1.08,668.0256820430806,0.845382736
2/6/2020 12:00,2020,2,6,2/6/2020,13,8.074,102.99,1.08,668.0426763973848,0.845404242
2/6/2020 13:00,2020,2,6,2/6/2020,14,9.393,104.081,1.08,668.0596985804875,0.845425784
2/6/2020 14:00,2020,2,6,2/6/2020,15,11.507,101.189,1.08,668.0767485836316,0.845447361
2/6/2020 15:00,2020,2,6,2/6/2020,16,12.724,101.048,1.104,668.0938263980453,0.845468972
2/6/2020 16:00,2020,2,6,2/6/2020,17,13.157,101.113,1.113,668.1109320149429,0.845490619
2/6/2020 17:00,2020,2,6,2/6/2020,18,15.402,103.277,1.158,668.1280654255244,0.845512302
2/6/2020 18:00,2020,2,6,2/6/2020,19,15.151,102.209,1.153,668.1452266209751,0.845534019
2/6/2020 19:00,2020,2,6,2/6/2020,20,17.741,101.347,1.205,602.7962005632224,0.762835195
2/6/2020 20:00,2020,2,6,2/6/2020,21,17.575,99.772,1.201,537.4472022726673,0.680136406
2/6/2020 21:00,2020,2,6,2/6/2020,22,16.261,98.774,1.175,537.4644467696963,0.680158229
2/6/2020 22:00,2020,2,6,2/6/2020,23,15.946,97.772,1.169,537.481719,0.680180087
2/6/2020 23:00,2020,2,6,2/6/2020,24,15.775,100.013,1.165,497.81238844980476,0.629978772
2/7/2020 0:00,2020,2,7,2/7/2020,1,16.083,100.77,1.172,458.14308561509824,0.579777493
2/7/2020 1:00,2020,2,7,2/7/2020,2,13.585,98.126,1.122,458.16044105662934,0.579799456
2/7/2020 2:00,2020,2,7,2/7/2020,3,13.544,100.118,1.121,458.1778242119999,0.579821455
2/7/2020 3:00,2020,2,7,2/7/2020,4,12.075,99.521,1.091,458.19523507226705,0.579843488
2/7/2020 4:00,2020,2,7,2/7/2020,5,11.659,100.854,1.083,458.21267362847357,0.579865556
2/7/2020 5:00,2020,2,7,2/7/2020,6,8.677,100.177,1.08,458.2301399,0.57988766
2/7/2020 6:00,2020,2,7,2/7/2020,7,8.18,99.155,1.08,458.24763379280466,0.579909798
2/7/2020 7:00,2020,2,7,2/7/2020,8,7.054,100.251,1.08,489.0344214711772,0.618870305
2/7/2020 8:00,2020,2,7,2/7/2020,9,8.128,102.142,1.08,563.3355502157642,0.712897964
2/7/2020 9:00,2020,2,7,2/7/2020,10,8.728,101.484,1.08,637.6367066112912,0.806925659
2/7/2020 10:00,2020,2,7,2/7/2020,11,7.761,101.606,1.08,668.4235772424688,0.84588627
2/7/2020 11:00,2020,2,7,2/7/2020,12,8.409,103.718,1.08,668.4412094182533,0.845908584
2/7/2020 12:00,2020,2,7,2/7/2020,13,7.919,101.659,1.08,668.4588692,0.845930932
2/7/2020 13:00,2020,2,7,2/7/2020,14,10.46,103.588,1.08,668.4765566320448,0.845953315
2/7/2020 14:00,2020,2,7,2/7/2020,15,9.899,101.584,1.08,668.4942717,0.845975734
2/7/2020 15:00,2020,2,7,2/7/2020,16,11.85,103.538,1.087,668.5120142681603,0.845998187
2/7/2020 16:00,2020,2,7,2/7/2020,17,12.541,103.035,1.101,668.5297844717966,0.846020675
2/7/2020 17:00,2020,2,7,2/7/2020,18,13.979,102.214,1.13,668.5475822536338,0.846043198
2/7/2020 18:00,2020,2,7,2/7/2020,19,15.657,102.187,1.163,668.5654076045157,0.846065756
2/7/2020 19:00,2020,2,7,2/7/2020,20,17.077,101.211,1.192,603.2170454860279,0.763367772
2/7/2020 20:00,2020,2,7,2/7/2020,21,15.548,100.587,1.161,537.8687109182299,0.680669823
2/7/2020 21:00,2020,2,7,2/7/2020,22,15.989,100.436,1.17,537.8866189211668,0.680692485
2/7/2020 22:00,2020,2,7,2/7/2020,23,16.634,98.365,1.183,537.9045544563817,0.680715182
2/7/2020 23:00,2020,2,7,2/7/2020,24,15.92,100.783,1.168,498.2358869611778,0.630514707
2/8/2020 0:00,2020,2,8,2/8/2020,1,15.465,101.08,1.159,458.56724697978365,0.580314267
2/8/2020 1:00,2020,2,8,2/8/2020,2,13.655,100.128,1.123,458.58526505641305,0.580337069
2/8/2020 2:00,2020,2,8,2/8/2020,3,12.623,99.603,1.102,458.6033106283271,0.580359905
2/8/2020 3:00,2020,2,8,2/8/2020,4,11.017,99.861,1.08,458.6213836862421,0.580382777
2/8/2020 4:00,2020,2,8,2/8/2020,5,10.957,100.515,1.08,458.6394842,0.580405683
2/8/2020 5:00,2020,2,8,2/8/2020,6,9.001,99.948,1.08,458.6576122228688,0.580428624
2/8/2020 6:00,2020,2,8,2/8/2020,7,8.979,99.755,1.08,458.6757676829427,0.580451599
2/8/2020 7:00,2020,2,8,2/8/2020,8,8.26,100.39,1.08,489.4632166799746,0.619412942
2/8/2020 8:00,2020,2,8,2/8/2020,9,7.397,102.112,1.08,563.7650065226231,0.713441439
2/8/2020 9:00,2020,2,8,2/8/2020,10,8.034,101.816,1.08,638.0668237952735,0.80746997
2/8/2020 10:00,2020,2,8,2/8/2020,11,7.815,103.628,1.08,668.8543550822966,0.846431417
2/8/2020 11:00,2020,2,8,2/8/2020,12,8.769,101.304,1.08,668.8726476923084,0.846454566
2/8/2020 12:00,2020,2,8,2/8/2020,13,7.842,100.708,1.08,668.8909677,0.84647775
2/8/2020 13:00,2020,2,8,2/8/2020,14,10.238,100.249,1.08,668.9093151083422,0.846500969
2/8/2020 14:00,2020,2,8,2/8/2020,15,10.859,101.935,1.08,668.9276898955002,0.846524222
2/8/2020 15:00,2020,2,8,2/8/2020,16,11.748,101.412,1.085,668.9460920561527,0.84654751
2/8/2020 16:00,2020,2,8,2/8/2020,17,14.499,100.993,1.14,668.9645215808328,0.846570832
2/8/2020 17:00,2020,2,8,2/8/2020,18,13.64,102.825,1.123,668.9829784600588,0.846594189
2/8/2020 18:00,2020,2,8,2/8/2020,19,15.233,101.698,1.155,669.0014626843358,0.846617581
2/8/2020 19:00,2020,2,8,2/8/2020,20,16.125,100.944,1.172,603.6537592149102,0.763920431
2/8/2020 20:00,2020,2,8,2/8/2020,21,16.271,100.578,1.175,538.3060830715027,0.681223315
2/8/2020 21:00,2020,2,8,2/8/2020,22,17.262,99.117,1.195,538.3246492738197,0.68124681
2/8/2020 22:00,2020,2,8,2/8/2020,23,17.735,99.251,1.205,538.3432427830655,0.68127034
2/8/2020 23:00,2020,2,8,2/8/2020,24,16.844,99.641,1.187,498.67523303620527,0.631070697
2/9/2020 0:00,2020,2,9,2/9/2020,1,14.303,100.984,1.136,459.0072505771286,0.580871089
2/9/2020 1:00,2020,2,9,2/9/2020,2,13.588,99.84,1.122,459.0259259497115,0.580894723
2/9/2020 2:00,2020,2,9,2/9/2020,3,13.837,99.669,1.127,459.0446285908765,0.580918391
2/9/2020 3:00,2020,2,9,2/9/2020,4,11.093,99.468,1.08,459.06335849100213,0.580942093
2/9/2020 4:00,2020,2,9,2/9/2020,5,10.522,99.047,1.08,459.08211564045234,0.58096583
2/9/2020 5:00,2020,2,9,2/9/2020,6,8.599,100.565,1.08,459.1009000295775,0.580989602
2/9/2020 6:00,2020,2,9,2/9/2020,7,6.829,99.501,1.08,459.11971164871375,0.581013408
2/9/2020 7:00,2020,2,9,2/9/2020,8,6.256,100.388,1.08,489.9078165764168,0.619975581
2/9/2020 8:00,2020,2,9,2/9/2020,9,6.665,101.742,1.08,564.2102621210076,0.714004907
2/9/2020 9:00,2020,2,9,2/9/2020,10,7.579,102.375,1.08,638.5127348665342,0.808034268
2/9/2020 10:00,2020,2,9,2/9/2020,11,7.338,101.674,1.08,669.3009213970302,0.846996544
2/9/2020 11:00,2020,2,9,2/9/2020,12,7.919,100.992,1.08,669.3198690207744,0.847020522
2/9/2020 12:00,2020,2,9,2/9/2020,13,8.791,102.283,1.08,669.3388438162528,0.847044535
2/9/2020 13:00,2020,2,9,2/9/2020,14,9.385,102.355,1.08,669.3578457737037,0.847068582
2/9/2020 14:00,2020,2,9,2/9/2020,15,11.502,102.869,1.08,669.3768748833512,0.847092663
2/9/2020 15:00,2020,2,9,2/9/2020,16,11.947,100.901,1.089,669.3959311354057,0.847116779
2/9/2020 16:00,2020,2,9,2/9/2020,17,13.197,100.174,1.114,669.4150145200633,0.847140929
2/9/2020 17:00,2020,2,9,2/9/2020,18,15.535,102.09,1.161,669.4341250275069,0.847165113
2/9/2020 18:00,2020,2,9,2/9/2020,19,14.959,101.537,1.149,669.4532626479042,0.847189331
2/9/2020 19:00,2020,2,9,2/9/2020,20,16.175,102.832,1.174,604.1062123421663,0.764493007
2/9/2020 20:00,2020,2,9,2/9/2020,21,16.652,100.435,1.183,538.7591891296773,0.681796718
2/9/2020 21:00,2020,2,9,2/9/2020,22,17.695,99.286,1.204,538.7784080298079,0.681821039
2/9/2020 22:00,2020,2,9,2/9/2020,23,17.374,99.071,1.197,538.7976540034268,0.681845395
2/9/2020 23:00,2020,2,9,2/9/2020,24,15.091,100.016,1.152,499.1302964871631,0.631646577
2/10/2020 0:00,2020,2,10,2/10/2020,1,14.519,100.278,1.14,459.4629660245712,0.581447794
2/10/2020 1:00,2020,2,10,2/10/2020,2,14.293,101.72,1.136,459.48229315919144,0.581472253
2/10/2020 2:00,2020,2,10,2/10/2020,3,13.168,99.637,1.113,459.5016473276114,0.581496745
2/10/2020 3:00,2020,2,10,2/10/2020,4,13.357,98.823,1.117,459.5210285,0.581521272
2/10/2020 4:00,2020,2,10,2/10/2020,5,11.124,99.834,1.08,459.5404367260084,0.581545833
2/10/2020 5:00,2020,2,10,2/10/2020,6,9.439,101.984,1.08,459.5598719360299,0.581570428
2/10/2020 6:00,2020,2,10,2/10/2020,7,8.98,100.324,1.08,459.5793341399399,0.581595057
2/10/2020 7:00,2020,2,10,2/10/2020,8,6.586,100.298,1.08,490.3680894159593,0.620558054
2/10/2020 8:00,2020,2,10,2/10/2020,9,7.523,103.015,1.08,564.6711850720746,0.714588203
2/10/2020 9:00,2020,2,10,2/10/2020,10,7.547,101.512,1.08,638.9743076919993,0.808618386
2/10/2020 10:00,2020,2,10,2/10/2020,11,5.554,100.552,1.08,669.7631438594326,0.847581484
2/10/2020 11:00,2020,2,10,2/10/2020,12,6.965,103.214,1.08,669.7827408823193,0.847606284
2/10/2020 12:00,2020,2,10,2/10/2020,13,8.334,103.515,1.08,669.8023648388114,0.847631118
2/10/2020 13:00,2020,2,10,2/10/2020,14,8.677,101.16,1.08,669.8220157188128,0.847655986
2/10/2020 14:00,2020,2,10,2/10/2020,15,10.531,100.862,1.08,669.8416935122141,0.847680888
2/10/2020 15:00,2020,2,10,2/10/2020,16,11.808,99.995,1.086,669.8613982088917,0.847705825
2/10/2020 16:00,2020,2,10,2/10/2020,17,11.937,102.275,1.089,669.8811297987086,0.847730795
2/10/2020 17:00,2020,2,10,2/10/2020,18,14.221,101.548,1.134,669.9008882715135,0.847755799
2/10/2020 18:00,2020,2,10,2/10/2020,19,15.612,101.974,1.162,669.9206736171416,0.847780837
2/10/2020 19:00,2020,2,10,2/10/2020,20,17.165,102.344,1.193,604.5742707961698,0.765085333
2/10/2020 20:00,2020,2,10,2/10/2020,21,15.265,100.332,1.155,539.2278948276498,0.682389862
2/10/2020 21:00,2020,2,10,2/10/2020,22,15.8,100.768,1.166,539.2477607306191,0.682415002
2/10/2020 22:00,2020,2,10,2/10/2020,23,16.869,97.822,1.187,539.2676534656136,0.682440177
2/10/2020 23:00,2020,2,10,2/10/2020,24,17.537,99.39,1.201,499.6009424689298,0.632242177
2/11/2020 0:00,2020,2,11,2/11/2020,1,14.801,98.648,1.146,459.9342582837891,0.582044212
2/11/2020 1:00,2020,2,11,2/11/2020,2,14.337,99.654,1.137,459.95423145339976,0.582069488
2/11/2020 2:00,2020,2,11,2/11/2020,3,12.672,101.991,1.103,459.97423141401674,0.582094798
2/11/2020 3:00,2020,2,11,2/11/2020,4,10.122,100.258,1.08,459.9942581553508,0.582120141
2/11/2020 4:00,2020,2,11,2/11/2020,5,9.805,100.666,1.08,460.0143116670991,0.582145519
2/11/2020 5:00,2020,2,11,2/11/2020,6,10.081,101.25,1.08,460.03439193894474,0.582170931
2/11/2020 6:00,2020,2,11,2/11/2020,7,8.297,98.246,1.08,460.05449896055734,0.582196376
2/11/2020 7:00,2020,2,11,2/11/2020,8,7.358,99.345,1.08,490.84389880982616,0.621160188
2/11/2020 8:00,2020,2,11,2/11/2020,9,7.091,100.918,1.08,565.1476387944062,0.715191152
2/11/2020 9:00,2020,2,11,2/11/2020,10,6.669,99.679,1.08,639.4514054976792,0.80922215
2/11/2020 10:00,2020,2,11,2/11/2020,11,5.931,100.66,1.08,670.2408855,0.848186064
2/11/2020 11:00,2020,2,11,2/11/2020,12,6.676,99.888,1.08,670.2611261180215,0.848211678
2/11/2020 12:00,2020,2,11,2/11/2020,13,8.21,99.388,1.08,670.2813934205252,0.848237326
2/11/2020 13:00,2020,2,11,2/11/2020,14,9.129,102.029,1.08,670.3016874000973,0.848263008
2/11/2020 14:00,2020,2,11,2/11/2020,15,9.304,100.23,1.08,670.3220080462975,0.848288724
2/11/2020 15:00,2020,2,11,2/11/2020,16,12.338,100.468,1.097,670.3423553486715,0.848314473
2/11/2020 16:00,2020,2,11,2/11/2020,17,13.737,100.969,1.125,670.3627292967516,0.848340256
2/11/2020 17:00,2020,2,11,2/11/2020,18,14.953,98.896,1.149,670.3831299,0.848366073
2/11/2020 18:00,2020,2,11,2/11/2020,19,15.3,99.594,1.156,670.4035570880895,0.848391924
2/11/2020 19:00,2020,2,11,2/11/2020,20,16.832,98.453,1.187,605.0577958810993,0.765697231
2/11/2020 20:00,2020,2,11,2/11/2020,21,16.133,100.388,1.173,539.7120612778065,0.683002572
2/11/2020 21:00,2020,2,11,2/11/2020,22,15.587,99.038,1.162,539.7325683,0.683028524
2/11/2020 22:00,2020,2,11,2/11/2020,23,15.693,101.003,1.164,539.7531018986423,0.683054509
2/11/2020 23:00,2020,2,11,2/11/2020,24,17.766,98.877,1.205,500.08703151894355,0.63285732
2/12/2020 0:00,2020,2,12,2/12/2020,1,14.828,99.876,1.147,460.42098770071476,0.582660165
2/12/2020 1:00,2020,2,12,2/12/2020,2,13.333,98.737,1.117,460.4416009868345,0.582686251
2/12/2020 2:00,2020,2,12,2/12/2020,3,13.054,99.348,1.111,460.4622408132286,0.582712371
2/12/2020 3:00,2020,2,12,2/12/2020,4,12.687,99.475,1.104,460.4829071692784,0.582738524
2/12/2020 4:00,2020,2,12,2/12/2020,5,10.979,100.497,1.08,460.5036000443522,0.582764711
2/12/2020 5:00,2020,2,12,2/12/2020,6,9.474,99.627,1.08,460.52431942780413,0.582790931
2/12/2020 6:00,2020,2,12,2/12/2020,7,9.145,99.298,1.08,460.5450653089749,0.582817185
2/12/2020 7:00,2020,2,12,2/12/2020,8,7.745,100.777,1.08,491.3351037654254,0.621781805
2/12/2020 8:00,2020,2,12,2/12/2020,9,6.298,99.152,1.08,565.6394821044817,0.715813577
2/12/2020 9:00,2020,2,12,2/12/2020,10,6.396,99.992,1.08,639.9438869091972,0.809845383
2/12/2020 10:00,2020,2,12,2/12/2020,11,7.798,100.604,1.08,670.7340047626119,0.848810103
2/12/2020 11:00,2020,2,12,2/12/2020,12,6.612,102.167,1.08,670.754883,0.848836525
2/12/2020 12:00,2020,2,12,2/12/2020,13,8.073,98.437,1.08,670.7757876148871,0.848862979
2/12/2020 13:00,2020,2,12,2/12/2020,14,9.986,97.675,1.08,670.7967186804859,0.848889467
2/12/2020 14:00,2020,2,12,2/12/2020,15,10.122,98.642,1.08,670.8176761580389,0.848915989
2/12/2020 15:00,2020,2,12,2/12/2020,16,12.763,98.8,1.105,670.8386600367644,0.848942544
2/12/2020 16:00,2020,2,12,2/12/2020,17,12.546,99.144,1.101,670.8596703058672,0.848969132
2/12/2020 17:00,2020,2,12,2/12/2020,18,13.609,99.369,1.122,670.880707,0.848995754
2/12/2020 18:00,2020,2,12,2/12/2020,19,16.286,98.351,1.176,670.9017699719545,0.849022409
2/12/2020 19:00,2020,2,12,2/12/2020,20,14.865,99.674,1.147,605.5566443180368,0.766328521
2/12/2020 20:00,2020,2,12,2/12/2020,21,14.415,99.754,1.138,540.2115450111789,0.683634666
2/12/2020 21:00,2020,2,12,2/12/2020,22,15.94,100.677,1.169,540.2326870697619,0.683661421
2/12/2020 22:00,2020,2,12,2/12/2020,23,16.404,100.063,1.178,540.2538555,0.68368821
2/12/2020 23:00,2020,2,12,2/12/2020,24,16.005,99.438,1.17,500.5884195985282,0.633491824
2/13/2020 0:00,2020,2,13,2/13/2020,1,15.935,100.865,1.169,460.92301004691745,0.583295472
2/13/2020 1:00,2020,2,13,2/13/2020,2,14.196,98.598,1.134,460.9442573413848,0.58332236
2/13/2020 2:00,2020,2,13,2/13/2020,3,12.183,99.795,1.094,460.9655309175298,0.583349282
2/13/2020 3:00,2020,2,13,2/13/2020,4,11.511,99.236,1.08,460.9868307644081,0.583376237
2/13/2020 4:00,2020,2,13,2/13/2020,5,9.808,99.609,1.08,461.00815687106194,0.583403225
2/13/2020 5:00,2020,2,13,2/13/2020,6,8.892,100.982,1.08,461.0295092265196,0.583430246
2/13/2020 6:00,2020,2,13,2/13/2020,7,9.058,100.216,1.08,461.05088781979646,0.5834573
2/13/2020 7:00,2020,2,13,2/13/2020,8,7.657,99.534,1.08,491.8415587281273,0.622422721
2/13/2020 8:00,2020,2,13,2/13/2020,9,7.291,101.667,1.08,566.1465692585134,0.716455293
2/13/2020 9:00,2020,2,13,2/13/2020,10,8.382,101.93,1.08,640.4516059936827,0.810487898
2/13/2020 10:00,2020,2,13,2/13/2020,11,7.389,101.406,1.08,671.2423555,0.849453418
2/13/2020 11:00,2020,2,13,2/13/2020,12,6.768,100.434,1.08,671.2638651334757,0.849480639
2/13/2020 12:00,2020,2,13,2/13/2020,13,7.874,100.796,1.08,671.2854009222277,0.849507892
2/13/2020 13:00,2020,2,13,2/13/2020,14,9.49,101.954,1.08,671.3069628715266,0.849535178
2/13/2020 14:00,2020,2,13,2/13/2020,15,9.391,101.049,1.08,671.3285509702796,0.849562498
2/13/2020 15:00,2020,2,13,2/13/2020,16,12.717,100.849,1.104,671.3501652073803,0.849589851
2/13/2020 16:00,2020,2,13,2/13/2020,17,12.45,101.046,1.099,671.3718055717095,0.849617237
2/13/2020 17:00,2020,2,13,2/13/2020,18,13.264,101.773,1.115,671.3934720521338,0.849644655
2/13/2020 18:00,2020,2,13,2/13/2020,19,15.319,101.832,1.156,671.4151646375068,0.849672107
2/13/2020 19:00,2020,2,13,2/13/2020,20,17.34,101.914,1.197,606.0706682874244,0.766979015
2/13/2020 20:00,2020,2,13,2/13/2020,21,16.806,98.234,1.186,540.7261980199573,0.684285956
2/13/2020 21:00,2020,2,13,2/13/2020,22,17.542,99.414,1.201,540.7479688531627,0.684313507
2/13/2020 22:00,2020,2,13,2/13/2020,23,16.568,99.982,1.181,540.7697657465962,0.684341091
2/13/2020 23:00,2020,2,13,2/13/2020,24,15.648,100.708,1.163,501.1049581,0.634145501
2/14/2020 0:00,2020,2,14,2/14/2020,1,15.121,99.513,1.152,461.4401765623412,0.583949943
2/14/2020 1:00,2020,2,14,2/14/2020,2,14.471,98.535,1.139,461.46205156912424,0.583977626
2/14/2020 2:00,2020,2,14,2/14/2020,3,13.598,98.924,1.122,461.48395259120065,0.584005341
2/14/2020 3:00,2020,2,14,2/14/2020,4,11.072,100.278,1.08,461.50587961730315,0.58403309
2/14/2020 4:00,2020,2,14,2/14/2020,5,10.12,101.552,1.08,461.52783263615135,0.584060871
2/14/2020 5:00,2020,2,14,2/14/2020,6,10.274,101.418,1.08,461.54981163645107,0.584088686
2/14/2020 6:00,2020,2,14,2/14/2020,7,9.809,100.776,1.08,461.5718166068951,0.584116533
2/14/2020 7:00,2020,2,14,2/14/2020,8,9.097,99.298,1.08,492.3631136243964,0.623082746
2/14/2020 8:00,2020,2,14,2/14/2020,9,9.231,102.028,1.08,566.6687499956338,0.71711611
2/14/2020 9:00,2020,2,14,2/14/2020,10,8.151,102.196,1.08,640.9744123030134,0.811149507
2/14/2020 10:00,2020,2,14,2/14/2020,11,5.542,103.208,1.08,671.7657871,0.850115818
2/14/2020 11:00,2020,2,14,2/14/2020,12,8.641,103.331,1.08,671.7879217800166,0.850143829
2/14/2020 12:00,2020,2,14,2/14/2020,13,7.72,102.272,1.08,671.8100823331254,0.850171873
2/14/2020 13:00,2020,2,14,2/14/2020,14,9.922,103.7,1.08,671.8322687768533,0.85019995
2/14/2020 14:00,2020,2,14,2/14/2020,15,9.775,101.567,1.08,671.8544810997868,0.85022806
2/14/2020 15:00,2020,2,14,2/14/2020,16,12.087,101.341,1.092,671.8767193,0.850256202
2/14/2020 16:00,2020,2,14,2/14/2020,17,13.504,101.862,1.12,671.8989833375467,0.850284377
2/14/2020 17:00,2020,2,14,2/14/2020,18,14.779,100.81,1.146,671.9212732294786,0.850312585
2/14/2020 18:00,2020,2,14,2/14/2020,19,14.128,100.423,1.133,671.9435889548267,0.850340825
2/14/2020 19:00,2020,2,14,2/14/2020,20,16.491,101.623,1.18,606.5997154728665,0.767648522
2/14/2020 20:00,2020,2,14,2/14/2020,21,16.812,99.94,1.186,541.2558678013479,0.684956251
2/14/2020 21:00,2020,2,14,2/14/2020,22,15.935,98.984,1.169,541.2782609580079,0.684984589
2/14/2020 22:00,2020,2,14,2/14/2020,23,18.01,99.539,1.21,541.3006799020822,0.68501296
2/14/2020 23:00,2020,2,14,2/14/2020,24,16.273,99.213,1.175,501.63649406856734,0.634818156
2/15/2020 0:00,2020,2,15,2/15/2020,1,14.744,101.528,1.145,461.9723339993865,0.584623385
2/15/2020 1:00,2020,2,15,2/15/2020,2,13.981,100.155,1.13,461.9948302364485,0.584651854
2/15/2020 2:00,2020,2,15,2/15/2020,3,13.666,98.826,1.123,462.0173522147107,0.584680356
2/15/2020 3:00,2020,2,15,2/15/2020,4,10.887,98.189,1.08,462.03989992258636,0.58470889
2/15/2020 4:00,2020,2,15,2/15/2020,5,9.488,99.971,1.08,462.0624733484756,0.584737456
2/15/2020 5:00,2020,2,15,2/15/2020,6,9.772,100.563,1.08,462.08507248076523,0.584766055
2/15/2020 6:00,2020,2,15,2/15/2020,7,7.597,99.153,1.08,462.1076973,0.584794687
2/15/2020 7:00,2020,2,15,2/15/2020,8,9.859,99.221,1.08,492.8996139062609,0.623761684
2/15/2020 8:00,2020,2,15,2/15/2020,9,7.924,101.104,1.08,567.2058695824207,0.717795832
2/15/2020 9:00,2020,2,15,2/15/2020,10,7.817,102.107,1.08,641.5121509183967,0.811830012
2/15/2020 10:00,2020,2,15,2/15/2020,11,8.092,100.686,1.08,672.3041444962627,0.850797106
2/15/2020 11:00,2020,2,15,2/15/2020,12,7.803,100.899,1.08,672.3268976223393,0.8508259
2/15/2020 12:00,2020,2,15,2/15/2020,13,7.731,102.566,1.08,672.3496763731546,0.850854727
2/15/2020 13:00,2020,2,15,2/15/2020,14,8.908,102.311,1.08,672.3724807369897,0.850883585
2/15/2020 14:00,2020,2,15,2/15/2020,15,11.28,101.575,1.08,672.3953107021127,0.850912477
2/15/2020 15:00,2020,2,15,2/15/2020,16,11.354,103.389,1.08,672.4181662567787,0.8509414
2/15/2020 16:00,2020,2,15,2/15/2020,17,12.096,103.009,1.092,672.4410473892292,0.850970356
2/15/2020 17:00,2020,2,15,2/15/2020,18,14.903,99.952,1.148,672.4639540876929,0.850999344
2/15/2020 18:00,2020,2,15,2/15/2020,19,16.486,100.36,1.18,672.4868863,0.851028365
2/15/2020 19:00,2020,2,15,2/15/2020,20,15.016,101.577,1.15,607.1436291062641,0.768336841
2/15/2020 20:00,2020,2,15,2/15/2020,21,16.949,100.113,1.189,541.8003974027631,0.68564535
2/15/2020 21:00,2020,2,15,2/15/2020,22,16.767,101.127,1.185,541.8234062473023,0.685674467
2/15/2020 22:00,2020,2,15,2/15/2020,23,17.058,100.322,1.191,541.8464405988002,0.685703617
2/15/2020 23:00,2020,2,15,2/15/2020,24,16.137,99.614,1.173,502.1828698919373,0.635509592
2/16/2020 0:00,2020,2,16,2/16/2020,1,15.641,99.989,1.163,462.51932466831954,0.585315599
2/16/2020 1:00,2020,2,16,2/16/2020,2,14.468,99.492,1.139,462.5424354695401,0.585344846
2/16/2020 2:00,2020,2,16,2/16/2020,3,14.022,99.529,1.13,462.56557173023987,0.585374124
2/16/2020 3:00,2020,2,16,2/16/2020,4,12.214,101.144,1.094,462.58873343851616,0.585403435
2/16/2020 4:00,2020,2,16,2/16/2020,5,10.305,99.783,1.08,462.6119205824532,0.585432779
2/16/2020 5:00,2020,2,16,2/16/2020,6,7.817,98.997,1.08,462.6351331501221,0.585462154
2/16/2020 6:00,2020,2,16,2/16/2020,7,8.758,101.018,1.08,462.65837112958104,0.585491561
2/16/2020 7:00,2020,2,16,2/16/2020,8,7.263,99.25,1.08,493.45090059710844,0.624459334
2/16/2020 8:00,2020,2,16,2/16/2020,9,6.477,104.622,1.08,567.7577688587492,0.718494257
2/16/2020 9:00,2020,2,16,2/16/2020,10,6.528,103.903,1.08,642.0646624962756,0.812529212
2/16/2020 10:00,2020,2,16,2/16/2020,11,7.635,101.68,1.08,672.8572680914472,0.851497081
2/16/2020 11:00,2020,2,16,2/16/2020,12,9.04,99.855,1.08,672.8806329502696,0.851526649
2/16/2020 12:00,2020,2,16,2/16/2020,13,9.692,103.58,1.08,672.9040231,0.851556249
2/16/2020 13:00,2020,2,16,2/16/2020,14,10.829,102.94,1.08,672.9274387,0.851585882
2/16/2020 14:00,2020,2,16,2/16/2020,15,10.935,102.365,1.08,672.9508795177744,0.851615546
2/16/2020 15:00,2020,2,16,2/16/2020,16,11.443,102.111,1.08,672.9743456638007,0.851645242
2/16/2020 16:00,2020,2,16,2/16/2020,17,12.814,100.246,1.106,672.9978371014797,0.85167497
2/16/2020 17:00,2020,2,16,2/16/2020,18,14.031,101.399,1.131,673.0213538187259,0.851704731
2/16/2020 18:00,2020,2,16,2/16/2020,19,15.693,101.902,1.164,673.0448958034408,0.851734523
2/16/2020 19:00,2020,2,16,2/16/2020,20,15.842,102.481,1.167,607.7022480142691,0.76904377
2/16/2020 20:00,2020,2,16,2/16/2020,21,16.486,100.229,1.18,542.3596254683305,0.68635305
2/16/2020 21:00,2020,2,16,2/16/2020,22,16.796,99.271,1.186,542.3832431827316,0.686382938
2/16/2020 22:00,2020,2,16,2/16/2020,23,16.455,101.295,1.179,542.4068861160777,0.686412858
2/16/2020 23:00,2020,2,16,2/16/2020,24,14.526,102.249,1.141,502.7439237027361,0.636219602
2/17/2020 0:00,2020,2,17,2/17/2020,1,15.641,99.955,1.163,463.08098648400016,0.586026379
2/17/2020 1:00,2020,2,17,2/17/2020,2,14.875,99.809,1.147,463.10470500115014,0.586056394
2/17/2020 2:00,2020,2,17,2/17/2020,3,13.449,102.767,1.119,463.12844868851414,0.586086442
2/17/2020 3:00,2020,2,17,2/17/2020,4,11.884,99.555,1.088,463.1522175,0.586116521
2/17/2020 4:00,2020,2,17,2/17/2020,5,9.156,99.642,1.08,463.1760115250107,0.586146632
2/17/2020 5:00,2020,2,17,2/17/2020,6,11.38,100.749,1.08,463.1998306496742,0.586176775
2/17/2020 6:00,2020,2,17,2/17/2020,7,7.599,101.052,1.08,463.2236748956133,0.58620695
2/17/2020 7:00,2020,2,17,2/17/2020,8,7.331,100.651,1.08,494.01681033879504,0.62517549
2/17/2020 8:00,2020,2,17,2/17/2020,9,6.922,102.404,1.08,568.3242843,0.719211179
2/17/2020 9:00,2020,2,17,2/17/2020,10,8.043,101.58,1.08,642.6317833155454,0.8132469
2/17/2020 10:00,2020,2,17,2/17/2020,11,7.214,101.569,1.08,673.424994,0.852215535
2/17/2020 11:00,2020,2,17,2/17/2020,12,7.613,101.454,1.08,673.4489637,0.852245868
2/17/2020 12:00,2020,2,17,2/17/2020,13,8.229,100.625,1.08,673.4729583956159,0.852276234
2/17/2020 13:00,2020,2,17,2/17/2020,14,9.227,101.743,1.08,673.4969781462889,0.85230663
2/17/2020 14:00,2020,2,17,2/17/2020,15,10.943,102.511,1.08,673.5210229197413,0.852337059
2/17/2020 15:00,2020,2,17,2/17/2020,16,11.965,101.312,1.089,673.5450927036027,0.852367519
2/17/2020 16:00,2020,2,17,2/17/2020,17,13.095,102.17,1.112,673.5691874854901,0.852398011
2/17/2020 17:00,2020,2,17,2/17/2020,18,15.414,102.715,1.158,673.5933073,0.852428534
2/17/2020 18:00,2020,2,17,2/17/2020,19,15.107,101.539,1.152,673.6174519937475,0.852459089
2/17/2020 19:00,2020,2,17,2/17/2020,20,17.482,101.976,1.2,608.2754066660433,0.769769099
2/17/2020 20:00,2020,2,17,2/17/2020,21,15.747,99.371,1.165,542.9333863,0.687079141
2/17/2020 21:00,2020,2,17,2/17/2020,22,15.925,100.93,1.169,542.9576058725291,0.68710979
2/17/2020 22:00,2020,2,17,2/17/2020,23,18.431,98.654,1.211,542.9818503818121,0.687140472
2/17/2020 23:00,2020,2,17,2/17/2020,24,15.979,98.677,1.17,503.3194892486113,0.636947977
2/18/2020 0:00,2020,2,18,2/18/2020,1,16.013,99.734,1.17,463.65715301391083,0.586755514
2/18/2020 1:00,2020,2,18,2/18/2020,2,13.285,99.063,1.116,463.68147221868156,0.58678629
2/18/2020 2:00,2020,2,18,2/18/2020,3,13.126,101.125,1.113,463.7058162969428,0.586817097
2/18/2020 3:00,2020,2,18,2/18/2020,4,11.64,100.248,1.083,463.7301852361705,0.586847936
2/18/2020 4:00,2020,2,18,2/18/2020,5,10.534,100.903,1.08,463.7545790238278,0.586878806
2/18/2020 5:00,2020,2,18,2/18/2020,6,10.251,100.068,1.08,463.77899764736503,0.586909708
2/18/2020 6:00,2020,2,18,2/18/2020,7,8.445,99.962,1.08,463.80344109421986,0.586940641
2/18/2020 7:00,2020,2,18,2/18/2020,8,7.808,99.348,1.08,494.5971754400506,0.625909938
2/18/2020 8:00,2020,2,18,2/18/2020,9,7.877,99.885,1.08,568.9052479902823,0.719946385
2/18/2020 9:00,2020,2,18,2/18/2020,10,7.189,100.678,1.08,643.2133453260678,0.813982864
2/18/2020 10:00,2020,2,18,2/18/2020,11,9.138,99.919,1.08,674.0071540285472,0.852952255
2/18/2020 11:00,2020,2,18,2/18/2020,12,8.379,99.157,1.08,674.0317214031071,0.852983345
2/18/2020 12:00,2020,2,18,2/18/2020,13,8.379,101.278,1.08,674.0563135253424,0.853014466
2/18/2020 13:00,2020,2,18,2/18/2020,14,10.288,100.073,1.08,674.0809304,0.853045619
2/18/2020 14:00,2020,2,18,2/18/2020,15,11.441,101.389,1.08,674.1055719622188,0.853076803
2/18/2020 15:00,2020,2,18,2/18/2020,16,11.721,98.639,1.084,674.1302382515187,0.853108018
2/18/2020 16:00,2020,2,18,2/18/2020,17,13.094,102.044,1.112,674.1549292378108,0.853139264
2/18/2020 17:00,2020,2,18,2/18/2020,18,15.15,100.619,1.153,674.1796449083928,0.853170541
2/18/2020 18:00,2020,2,18,2/18/2020,19,15.157,101.02,1.153,674.2043852505492,0.85320185
2/18/2020 19:00,2020,2,18,2/18/2020,20,15.12,100.979,1.152,608.8629352,0.770512613
2/18/2020 20:00,2020,2,18,2/18/2020,21,16.427,100.876,1.179,543.5215098401729,0.687823408
2/18/2020 21:00,2020,2,18,2/18/2020,22,16.181,98.813,1.174,543.5463241206347,0.68785481
2/18/2020 22:00,2020,2,18,2/18/2020,23,17.439,100.14,1.199,543.5711630216831,0.687886244
2/18/2020 23:00,2020,2,18,2/18/2020,24,16.721,99.406,1.184,503.9093959770701,0.637694501
2/19/2020 0:00,2020,2,19,2/19/2020,1,15.526,100.07,1.161,464.2476535274739,0.587502789
2/19/2020 1:00,2020,2,19,2/19/2020,2,13.034,99.937,1.111,464.2725662135603,0.587534316
2/19/2020 2:00,2020,2,19,2/19/2020,3,12.753,100.829,1.105,464.2975034690429,0.587565874
2/19/2020 3:00,2020,2,19,2/19/2020,4,11.957,99.368,1.089,464.32246528109283,0.587597463
2/19/2020 4:00,2020,2,19,2/19/2020,5,10.383,99.053,1.08,464.34745163686796,0.587629083
2/19/2020 5:00,2020,2,19,2/19/2020,6,9.542,100.82,1.08,464.3724625235139,0.587660734
2/19/2020 6:00,2020,2,19,2/19/2020,7,7.217,100.254,1.08,464.3974979281635,0.587692417
2/19/2020 7:00,2020,2,19,2/19/2020,8,9.698,101.118,1.08,495.1918239261706,0.626662463
2/19/2020 8:00,2020,2,19,2/19/2020,9,8.211,99.338,1.08,569.5004878226559,0.720699658
2/19/2020 9:00,2020,2,19,2/19/2020,10,6.907,99.863,1.08,643.8091761984681,0.814736884
2/19/2020 10:00,2020,2,19,2/19/2020,11,8.748,99.311,1.08,674.6035756344429,0.853707023
2/19/2020 11:00,2020,2,19,2/19/2020,12,7.03,99.908,1.08,674.6287334356634,0.85373886
2/19/2020 12:00,2020,2,19,2/19/2020,13,8.917,98.379,1.08,674.6539156774204,0.853770728
2/19/2020 13:00,2020,2,19,2/19/2020,14,9.21,98.561,1.08,674.6791223467585,0.853802627
2/19/2020 14:00,2020,2,19,2/19/2020,15,11.812,100.409,1.086,674.7043534307102,0.853834557
2/19/2020 15:00,2020,2,19,2/19/2020,16,12.434,99.892,1.099,674.7296089162948,0.853866518
2/19/2020 16:00,2020,2,19,2/19/2020,17,14.266,99.593,1.135,674.7548887905194,0.853898509
2/19/2020 17:00,2020,2,19,2/19/2020,18,14.437,100.052,1.139,674.7801930403787,0.853930532
2/19/2020 18:00,2020,2,19,2/19/2020,19,13.548,99.186,1.121,674.8055216528546,0.853962585
2/19/2020 19:00,2020,2,19,2/19/2020,20,15.946,99.878,1.169,609.4646595856725,0.771274092
2/19/2020 20:00,2020,2,19,2/19/2020,21,16.631,100.711,1.183,544.1238218550334,0.68858563
2/19/2020 21:00,2020,2,19,2/19/2020,22,16.225,101.445,1.175,544.1492234771256,0.688617776
2/19/2020 22:00,2020,2,19,2/19/2020,23,15.734,99.494,1.165,544.1746494096369,0.688649952
2/19/2020 23:00,2020,2,19,2/19/2020,24,17.02,99.74,1.19,504.5134690860174,0.638458952
2/20/2020 0:00,2020,2,20,2/20/2020,1,16.081,102.765,1.172,464.85231304664336,0.588267983
2/20/2020 1:00,2020,2,20,2/20/2020,2,13.444,99.961,1.119,464.8778118318787,0.588300251
2/20/2020 2:00,2020,2,20,2/20/2020,3,11.905,98.364,1.088,464.9033348751359,0.58833255
2/20/2020 3:00,2020,2,20,2/20/2020,4,12.413,100.875,1.098,464.92888216328424,0.58836488
2/20/2020 4:00,2020,2,20,2/20/2020,5,10.248,99.917,1.08,464.95445368318076,0.588397241
2/20/2020 5:00,2020,2,20,2/20/2020,6,7.942,101.14,1.08,464.98004942166983,0.588429632
2/20/2020 6:00,2020,2,20,2/20/2020,7,7.249,100.183,1.08,465.00566936558346,0.588462054
2/20/2020 7:00,2020,2,20,2/20/2020,8,7.718,100.58,1.08,495.80057958997503,0.627432839
2/20/2020 8:00,2020,2,20,2/20/2020,9,7.976,102.523,1.08,570.1098273996643,0.721470774
2/20/2020 9:00,2020,2,20,2/20/2020,10,5.828,103.271,1.08,644.4190993751995,0.815508739
2/20/2020 10:00,2020,2,20,2/20/2020,11,7.346,102.625,1.08,675.2140820971166,0.854479616
2/20/2020 11:00,2020,2,20,2/20/2020,12,9.667,99.572,1.08,675.2398228701982,0.854512191
2/20/2020 12:00,2020,2,20,2/20/2020,13,6.883,100.821,1.08,675.2655877694351,0.854544796
2/20/2020 13:00,2020,2,20,2/20/2020,14,8.424,103.115,1.08,675.2913767815727,0.854577432
2/20/2020 14:00,2020,2,20,2/20/2020,15,9.935,101.568,1.08,675.3171898933433,0.854610098
2/20/2020 15:00,2020,2,20,2/20/2020,16,10.867,102.998,1.08,675.3430270914671,0.854642795
2/20/2020 16:00,2020,2,20,2/20/2020,17,14.632,100.237,1.143,675.3688884,0.854675522
2/20/2020 17:00,2020,2,20,2/20/2020,18,14.015,100.138,1.13,675.3947736935934,0.85470828
2/20/2020 18:00,2020,2,20,2/20/2020,19,15.079,101.788,1.152,675.4206830709743,0.854741068
2/20/2020 19:00,2020,2,20,2/20/2020,20,16.109,102.892,1.172,610.0804014522213,0.77205331
2/20/2020 20:00,2020,2,20,2/20/2020,21,13.948,98.342,1.129,544.7401438532368,0.689365582
2/20/2020 21:00,2020,2,20,2/20/2020,22,15.795,100.662,1.166,544.7661252899106,0.689398462
2/20/2020 22:00,2020,2,20,2/20/2020,23,17.697,100.514,1.204,544.7921307196325,0.689431371
2/20/2020 23:00,2020,2,20,2/20/2020,24,16.888,97.902,1.188,505.1315295755541,0.639241104
2/21/2020 0:00,2020,2,21,2/21/2020,1,14.956,100.494,1.149,465.4709523977539,0.589050867
2/21/2020 1:00,2020,2,21,2/21/2020,2,13.407,98.759,1.118,465.4970297262979,0.589083868
2/21/2020 2:00,2020,2,21,2/21/2020,3,12.671,99.236,1.103,465.523131,0.589116899
2/21/2020 3:00,2020,2,21,2/21/2020,4,12.594,99.334,1.102,465.5492562,0.58914996
2/21/2020 4:00,2020,2,21,2/21/2020,5,10.758,100.201,1.08,465.57540529495964,0.589183052
2/21/2020 5:00,2020,2,21,2/21/2020,6,10.246,98.265,1.08,465.6015783007222,0.589216174
2/21/2020 6:00,2020,2,21,2/21/2020,7,7.68,100.303,1.08,465.62777519215774,0.589249326
2/21/2020 7:00,2020,2,21,2/21/2020,8,7.643,100.559,1.08,496.4232620440225,0.628220841
2/21/2020 8:00,2020,2,21,2/21/2020,9,8.404,101.419,1.08,570.7330861608399,0.722259504
2/21/2020 9:00,2020,2,21,2/21/2020,10,6.344,101.053,1.08,645.0429341228618,0.816298198
2/21/2020 10:00,2020,2,21,2/21/2020,11,5.957,103.674,1.08,675.8384925103273,0.855269804
2/21/2020 11:00,2020,2,21,2/21/2020,12,8.656,99.968,1.08,675.8648086277234,0.855303107
2/21/2020 12:00,2020,2,21,2/21/2020,13,8.592,100.989,1.08,675.8911485497449,0.85533644
2/21/2020 13:00,2020,2,21,2/21/2020,14,9.691,101.327,1.08,675.9175122628409,0.855369803
2/21/2020 14:00,2020,2,21,2/21/2020,15,9.639,101.779,1.08,675.9438997534485,0.855403196
2/21/2020 15:00,2020,2,21,2/21/2020,16,11.126,101.444,1.08,675.970311,0.855436619
2/21/2020 16:00,2020,2,21,2/21/2020,17,12.911,103.327,1.108,675.9967460128844,0.855470073
2/21/2020 17:00,2020,2,21,2/21/2020,18,13.362,100.53,1.117,676.0232047545255,0.855503556
2/21/2020 18:00,2020,2,21,2/21/2020,19,16.168,103.132,1.173,676.0496872193037,0.855537069
2/21/2020 19:00,2020,2,21,2/21/2020,20,17.328,103.549,1.197,610.7099783643507,0.772850036
2/21/2020 20:00,2020,2,21,2/21/2020,21,17.05,99.501,1.191,545.3702932,0.690163033
2/21/2020 21:00,2020,2,21,2/21/2020,22,16.018,101.515,1.17,545.3968467576692,0.690196636
2/21/2020 22:00,2020,2,21,2/21/2020,23,16.797,100.216,1.186,545.4234239786314,0.690230269
2/21/2020 23:00,2020,2,21,2/21/2020,24,14.82,100.764,1.146,505.76339430101837,0.640040725
2/22/2020 0:00,2020,2,22,2/22/2020,1,15.765,100.38,1.165,466.1033882646144,0.589851211
2/22/2020 1:00,2020,2,22,2/22/2020,2,14.506,98.711,1.14,466.1300364,0.589884934
2/22/2020 2:00,2020,2,22,2/22/2020,3,12.807,99.644,1.106,466.1567081675719,0.589918687
2/22/2020 3:00,2020,2,22,2/22/2020,4,12.303,100.41,1.096,466.18340352603275,0.58995247
2/22/2020 4:00,2020,2,22,2/22/2020,5,10.149,99.986,1.08,466.2101225,0.589986283
2/22/2020 5:00,2020,2,22,2/22/2020,6,9.638,98.173,1.08,466.2368649882505,0.590020125
2/22/2020 6:00,2020,2,22,2/22/2020,7,10.403,98.197,1.08,466.2636310645034,0.590053998
2/22/2020 7:00,2020,2,22,2/22/2020,8,9.133,99.786,1.08,497.0596867740634,0.629026233
2/22/2020 8:00,2020,2,22,2/22/2020,9,7.229,102.494,1.08,571.3700794211609,0.723065616
2/22/2020 9:00,2020,2,22,2/22/2020,10,6.607,103.36,1.08,645.6804955857555,0.817105029
2/22/2020 10:00,2020,2,22,2/22/2020,11,7.156,102.939,1.08,676.4766218477939,0.856077353
2/22/2020 11:00,2020,2,22,2/22/2020,12,7.158,102.561,1.08,676.5035055114711,0.856111374
2/22/2020 12:00,2020,2,22,2/22/2020,13,8.247,102.741,1.08,676.5304126511895,0.856145425
2/22/2020 13:00,2020,2,22,2/22/2020,14,8.529,100.573,1.08,676.5573432531069,0.856179505
2/22/2020 14:00,2020,2,22,2/22/2020,15,10.781,100.059,1.08,676.5842973033682,0.856213615
2/22/2020 15:00,2020,2,22,2/22/2020,16,12.175,101.638,1.093,676.6112748,0.856247755
2/22/2020 16:00,2020,2,22,2/22/2020,17,12.027,100.3,1.091,676.6382756934444,0.856281925
2/22/2020 17:00,2020,2,22,2/22/2020,18,14.373,102.463,1.137,676.6653000054891,0.856316124
2/22/2020 18:00,2020,2,22,2/22/2020,19,15.241,101.99,1.155,676.6923477103388,0.856350353
2/22/2020 19:00,2020,2,22,2/22/2020,20,16.118,101.777,1.172,611.3532037648341,0.773664034
2/22/2020 20:00,2020,2,22,2/22/2020,21,16.769,100.295,1.185,546.0140831842922,0.690977745
2/22/2020 21:00,2020,2,22,2/22/2020,22,16.972,100.84,1.189,546.0412009840181,0.691012063
2/22/2020 22:00,2020,2,22,2/22/2020,23,17.371,99.967,1.197,546.0683421208166,0.69104641
2/22/2020 23:00,2020,2,22,2/22/2020,24,17.131,99.668,1.193,506.40887602725525,0.640857579
2/23/2020 0:00,2020,2,23,2/23/2020,1,16.015,99.561,1.17,466.7494332428286,0.590668777
2/23/2020 1:00,2020,2,23,2/23/2020,2,14.154,101.522,1.133,466.7766443070192,0.590703213
2/23/2020 2:00,2020,2,23,2/23/2020,3,12.697,99.188,1.104,466.80387865235843,0.590737678
2/23/2020 3:00,2020,2,23,2/23/2020,4,12.103,100.299,1.092,466.8311362648353,0.590772172
2/23/2020 4:00,2020,2,23,2/23/2020,5,10.999,102.04,1.08,466.8584171,0.590806696
2/23/2020 5:00,2020,2,23,2/23/2020,6,9.329,98.201,1.08,466.88572123509846,0.590841249
2/23/2020 6:00,2020,2,23,2/23/2020,7,9.827,99.419,1.08,466.91304856480286,0.590875832
2/23/2020 7:00,2020,2,23,2/23/2020,8,7.639,100.811,1.08,497.70966519371495,0.629848777
2/23/2020 8:00,2020,2,23,2/23/2020,9,7.818,101.675,1.08,572.0206184257769,0.723888869
2/23/2020 9:00,2020,2,23,2/23/2020,10,7.3,103.03,1.08,646.3315948406596,0.817928991
2/23/2020 10:00,2020,2,23,2/23/2020,11,7.082,101.989,1.08,677.1282810180219,0.856902024
2/23/2020 11:00,2020,2,23,2/23/2020,12,7.02,101.308,1.08,677.1557243,0.856936753
2/23/2020 12:00,2020,2,23,2/23/2020,13,8.049,102.235,1.08,677.1831906460195,0.856971512
2/23/2020 13:00,2020,2,23,2/23/2020,14,10.482,102.429,1.08,677.2106801566395,0.857006299
2/23/2020 14:00,2020,2,23,2/23/2020,15,9.265,102.627,1.08,677.2381927794881,0.857041117
2/23/2020 15:00,2020,2,23,2/23/2020,16,12.014,102.746,1.09,677.2657285004111,0.857075963
2/23/2020 16:00,2020,2,23,2/23/2020,17,13.209,100.971,1.114,677.2932873052423,0.857110838
2/23/2020 17:00,2020,2,23,2/23/2020,18,12.675,102.718,1.104,677.3208691798039,0.857145743
2/23/2020 18:00,2020,2,23,2/23/2020,19,14.432,102.208,1.139,677.3484741099063,0.857180677
2/23/2020 19:00,2020,2,23,2/23/2020,20,16.61,101.466,1.182,612.0098870521036,0.774495063
2/23/2020 20:00,2020,2,23,2/23/2020,21,16.594,101.047,1.182,546.6713230214266,0.691809479
2/23/2020 21:00,2020,2,23,2/23/2020,22,17.421,101.733,1.198,546.6989970328938,0.6918445
2/23/2020 22:00,2020,2,23,2/23/2020,23,15.949,99.747,1.169,546.726694,0.69187955
2/23/2020 23:00,2020,2,23,2/23/2020,24,16.392,99.023,1.178,507.06778348409864,0.641691423
2/24/2020 0:00,2020,2,24,2/24/2020,1,15.046,99.835,1.151,467.40889589532657,0.591503324
2/24/2020 1:00,2020,2,24,2/24/2020,2,13.258,100.999,1.115,467.4366618159046,0.591538461
2/24/2020 2:00,2020,2,24,2/24/2020,3,11.784,98.846,1.086,467.46445067807883,0.591573628
2/24/2020 3:00,2020,2,24,2/24/2020,4,12.339,101.511,1.097,467.4922624675529,0.591608824
2/24/2020 4:00,2020,2,24,2/24/2020,5,9.57,99.663,1.08,467.5200971700189,0.591644048
2/24/2020 5:00,2020,2,24,2/24/2020,6,8.87,100.679,1.08,467.5479547711568,0.591679302
2/24/2020 6:00,2020,2,24,2/24/2020,7,8.567,99.778,1.08,467.57583525663506,0.591714585
2/24/2020 7:00,2020,2,24,2/24/2020,8,6.077,99.482,1.08,498.37300470034387,0.630688229
2/24/2020 8:00,2020,2,24,2/24/2020,9,5.989,102.292,1.08,572.6845104,0.724729021
2/24/2020 9:00,2020,2,24,2/24/2020,10,6.047,99.655,1.08,646.9960389528128,0.818769841
2/24/2020 10:00,2020,2,24,2/24/2020,11,7.154,99.771,1.08,677.7932769203347,0.857743572
2/24/2020 11:00,2020,2,24,2/24/2020,12,8.805,100.518,1.08,677.8212716121288,0.857778999
2/24/2020 12:00,2020,2,24,2/24/2020,13,8.77,103.89,1.08,677.8492891020265,0.857814455
2/24/2020 13:00,2020,2,24,2/24/2020,14,9.687,103.932,1.08,677.8773293756142,0.85784994
2/24/2020 14:00,2020,2,24,2/24/2020,15,10.974,101.603,1.08,677.9053924184659,0.857885454
2/24/2020 15:00,2020,2,24,2/24/2020,16,13.559,101.484,1.121,677.9334782161446,0.857920996
2/24/2020 16:00,2020,2,24,2/24/2020,17,12.026,103.12,1.091,677.9615867542013,0.857956568
2/24/2020 17:00,2020,2,24,2/24/2020,18,14.769,102.214,1.145,677.9897180181752,0.857992167
2/24/2020 18:00,2020,2,24,2/24/2020,19,15.267,101.017,1.155,678.0178719935936,0.858027796
2/24/2020 19:00,2020,2,24,2/24/2020,20,16.783,102.662,1.186,612.6798336367287,0.775342877
2/24/2020 20:00,2020,2,24,2/24/2020,21,17.122,100.843,1.192,547.3418179623291,0.692657986
2/24/2020 21:00,2020,2,24,2/24/2020,22,17.508,101.044,1.2,547.3700399851307,0.692693701
2/24/2020 22:00,2020,2,24,2/24/2020,23,16.569,100.491,1.181,547.3982846613707,0.692729444
2/24/2020 23:00,2020,2,24,2/24/2020,24,15.959,98.754,1.169,507.7399214230487,0.642542009
2/25/2020 0:00,2020,2,25,2/25/2020,1,15.198,101.439,1.154,468.08158080909203,0.592354603
2/25/2020 1:00,2020,2,25,2/25/2020,2,14.93,99.059,1.149,468.1098933584161,0.592390432
2/25/2020 2:00,2020,2,25,2/25/2020,3,12.498,99.302,1.1,468.1382285029857,0.59242629
2/25/2020 3:00,2020,2,25,2/25/2020,4,12.032,99.076,1.091,468.16658622822354,0.592462177
2/25/2020 4:00,2020,2,25,2/25/2020,5,10.313,98.775,1.08,468.1949665195406,0.592498092
2/25/2020 5:00,2020,2,25,2/25/2020,6,9.456,101.258,1.08,468.2233693623365,0.592534035
2/25/2020 6:00,2020,2,25,2/25/2020,7,8.406,100.753,1.08,468.2517947419991,0.592570007
2/25/2020 7:00,2020,2,25,2/25/2020,8,8.217,98.319,1.08,499.0495087321382,0.631544341
2/25/2020 8:00,2020,2,25,2/25/2020,9,6.955,99.187,1.08,573.3615586361313,0.725585821
2/25/2020 9:00,2020,2,25,2/25/2020,10,6.8,100.538,1.08,647.6736310330853,0.81962733
2/25/2020 10:00,2020,2,25,2/25/2020,11,7.756,99.395,1.08,678.4714125020951,0.858601749
2/25/2020 11:00,2020,2,25,2/25/2020,12,6.548,98.648,1.08,678.4999503465037,0.858637864
2/25/2020 12:00,2020,2,25,2/25/2020,13,8.83,100.206,1.08,678.5285106,0.858674006
2/25/2020 13:00,2020,2,25,2/25/2020,14,9.771,100.14,1.08,678.5570933674798,0.858710178
2/25/2020 14:00,2020,2,25,2/25/2020,15,11.555,100.288,1.081,678.5856985146495,0.858746377
2/25/2020 15:00,2020,2,25,2/25/2020,16,11.917,99.289,1.088,678.6143260666561,0.858782605
2/25/2020 16:00,2020,2,25,2/25/2020,17,12.454,98.565,1.099,678.6429760087715,0.858818862
2/25/2020 17:00,2020,2,25,2/25/2020,18,15.749,101.58,1.165,678.6716483262568,0.858855146
2/25/2020 18:00,2020,2,25,2/25/2020,19,16.073,100.184,1.171,678.700343,0.858891459
2/25/2020 19:00,2020,2,25,2/25/2020,20,16.473,100.02,1.179,613.362845,0.776207224
2/25/2020 20:00,2020,2,25,2/25/2020,21,16.424,100.553,1.178,548.0253693248779,0.693523017
2/25/2020 21:00,2020,2,25,2/25/2020,22,17.429,99.816,1.199,548.0541309962196,0.693559414
2/25/2020 22:00,2020,2,25,2/25/2020,23,15.686,99.818,1.164,548.0829149690624,0.69359584
2/25/2020 23:00,2020,2,25,2/25/2020,24,15.73,100.117,1.165,508.4250906751282,0.643409087
2/26/2020 0:00,2020,2,26,2/26/2020,1,15.04,99.852,1.151,468.7672886530672,0.593222362
2/26/2020 1:00,2020,2,26,2/26/2020,2,13.832,100.52,1.127,468.79613944151794,0.593258873
2/26/2020 2:00,2020,2,26,2/26/2020,3,14.409,99.273,1.138,468.82501247216805,0.593295411
2/26/2020 3:00,2020,2,26,2/26/2020,4,11.562,101.282,1.081,468.8539077301636,0.593331978
2/26/2020 4:00,2020,2,26,2/26/2020,5,9.948,99.58,1.08,468.88282520063905,0.593368573
2/26/2020 5:00,2020,2,26,2/26/2020,6,10.537,99.493,1.08,468.9117648687177,0.593405196
2/26/2020 6:00,2020,2,26,2/26/2020,7,8.774,101.88,1.08,468.9407267195111,0.593441847
2/26/2020 7:00,2020,2,26,2/26/2020,8,7.05,100.281,1.08,499.73897682635317,0.632416859
2/26/2020 8:00,2020,2,26,2/26/2020,9,6.941,101.576,1.08,574.0515624923456,0.726459017
2/26/2020 9:00,2020,2,26,2/26/2020,10,7.824,97.868,1.08,648.3641702963196,0.820501204
2/26/2020 10:00,2020,2,26,2/26/2020,11,7.182,100.766,1.08,679.1624868170948,0.8594763
2/26/2020 11:00,2020,2,26,2/26/2020,12,7.48,98.31,1.08,679.1915593577385,0.859513091
2/26/2020 12:00,2020,2,26,2/26/2020,13,8.339,99.013,1.08,679.220654,0.85954991
2/26/2020 13:00,2020,2,26,2/26/2020,14,11.22,98.765,1.08,679.2497707034951,0.859586757
2/26/2020 14:00,2020,2,26,2/26/2020,15,12.086,100.034,1.092,679.2789094786604,0.859623632
2/26/2020 15:00,2020,2,26,2/26/2020,16,11.846,99.494,1.087,679.3080703020331,0.859660535
2/26/2020 16:00,2020,2,26,2/26/2020,17,12.908,99.58,1.108,679.3372531586114,0.859697466
2/26/2020 17:00,2020,2,26,2/26/2020,18,13.87,100.467,1.127,679.3664580333816,0.859734424
2/26/2020 18:00,2020,2,26,2/26/2020,19,13.863,100.617,1.127,679.3956849113191,0.859771411
2/26/2020 19:00,2020,2,26,2/26/2020,20,15.104,100.316,1.152,614.0587187481437,0.777087848
2/26/2020 20:00,2020,2,26,2/26/2020,21,16.019,99.566,1.17,548.7217745580524,0.694404313
2/26/2020 21:00,2020,2,26,2/26/2020,22,16.31,101.149,1.176,548.7510673552301,0.694441383
2/26/2020 22:00,2020,2,26,2/26/2020,23,15.969,101.58,1.169,548.7803820953632,0.694478481
2/26/2020 23:00,2020,2,26,2/26/2020,24,14.811,98.585,1.146,509.1230882099005,0.644292399
2/27/2020 0:00,2020,2,27,2/27/2020,1,16.865,98.303,1.187,469.4658162372194,0.594106345
2/27/2020 1:00,2020,2,27,2/27/2020,2,15.548,99.826,1.161,469.4951967156853,0.594143526
2/27/2020 2:00,2020,2,27,2/27/2020,3,11.55,98.29,1.081,469.5245990767138,0.594180734
2/27/2020 3:00,2020,2,27,2/27/2020,4,13.351,99.371,1.117,469.55402330517853,0.59421797
2/27/2020 4:00,2020,2,27,2/27/2020,5,10.097,99.908,1.08,469.5834693859419,0.594255234
2/27/2020 5:00,2020,2,27,2/27/2020,6,10.322,101.033,1.08,469.6129373,0.594292526
2/27/2020 6:00,2020,2,27,2/27/2020,7,9.813,99.351,1.08,469.6424270437577,0.594329845
2/27/2020 7:00,2020,2,27,2/27/2020,8,7.393,100.088,1.08,500.4412046787126,0.633305524
2/27/2020 8:00,2020,2,27,2/27/2020,9,7.842,101.192,1.08,574.7543175115497,0.72734835
2/27/2020 9:00,2020,2,27,2/27/2020,10,8.67,102.871,1.08,649.0674521208292,0.821391203
2/27/2020 10:00,2020,2,27,2/27/2020,11,7.132,103.439,1.08,679.8662950850994,0.860366965
2/27/2020 11:00,2020,2,27,2/27/2020,12,7.897,103.919,1.08,679.8958937071574,0.860404422
2/27/2020 12:00,2020,2,27,2/27/2020,13,6.174,103.174,1.08,679.9255140600089,0.860441906
2/27/2020 13:00,2020,2,27,2/27/2020,14,9.304,101.608,1.08,679.9551561284161,0.860479418
2/27/2020 14:00,2020,2,27,2/27/2020,15,10.562,101.485,1.08,679.9848199,0.860516958
2/27/2020 15:00,2020,2,27,2/27/2020,16,11.993,102.419,1.09,680.0145053508868,0.860554524
2/27/2020 16:00,2020,2,27,2/27/2020,17,12.479,101.872,1.1,680.0442124744175,0.860592119
2/27/2020 17:00,2020,2,27,2/27/2020,18,14.058,103.175,1.131,680.0739413,0.86062974
2/27/2020 18:00,2020,2,27,2/27/2020,19,15.513,101.94,1.16,680.1036916696542,0.860667389
2/27/2020 19:00,2020,2,27,2/27/2020,20,16.155,101.661,1.173,614.7672486815163,0.777984489
2/27/2020 20:00,2020,2,27,2/27/2020,21,17.74,97.902,1.205,549.4308273019521,0.695301616
2/27/2020 21:00,2020,2,27,2/27/2020,22,14.831,99.918,1.147,549.4606425,0.695339347
2/27/2020 22:00,2020,2,27,2/27/2020,23,15.466,100.508,1.159,549.4904793657112,0.695377105
2/27/2020 23:00,2020,2,27,2/27/2020,24,15.722,100.417,1.164,509.83370719563214,0.645191683
2/28/2020 0:00,2020,2,28,2/28/2020,1,16.773,99.59,1.185,470.17695657274965,0.595006289
2/28/2020 1:00,2020,2,28,2/28/2020,2,14.72,100.043,1.144,470.2068580351611,0.595044129
2/28/2020 2:00,2020,2,28,2/28/2020,3,13.511,101.029,1.12,470.23678101401384,0.595081996
2/28/2020 3:00,2020,2,28,2/28/2020,4,10.878,99.854,1.08,470.26672549391384,0.595119891
2/28/2020 4:00,2020,2,28,2/28/2020,5,10.971,97.811,1.08,470.2966914594557,0.595157813
2/28/2020 5:00,2020,2,28,2/28/2020,6,10.255,101.196,1.08,470.32667889522315,0.595195762
2/28/2020 6:00,2020,2,28,2/28/2020,7,8.666,99.57,1.08,470.35668778578906,0.595233738
2/28/2020 7:00,2020,2,28,2/28/2020,8,7.623,100.484,1.08,501.15598420394844,0.634210074
2/28/2020 8:00,2020,2,28,2/28/2020,9,5.893,103.767,1.08,575.4696154522649,0.728253555
2/28/2020 9:00,2020,2,28,2/28/2020,10,6.318,100.282,1.08,649.7832681090313,0.822297064
2/28/2020 10:00,2020,2,28,2/28/2020,11,9.213,102.17,1.08,680.5826287525299,0.861273481
2/28/2020 11:00,2020,2,28,2/28/2020,12,8.919,101.676,1.08,680.6127446852913,0.861311593
2/28/2020 12:00,2020,2,28,2/28/2020,13,7.153,102.642,1.08,680.6428819800556,0.861349732
2/28/2020 13:00,2020,2,28,2/28/2020,14,9.37,102.527,1.08,680.6730406213183,0.861387897
2/28/2020 14:00,2020,2,28,2/28/2020,15,9.871,102.151,1.08,680.7032205935636,0.86142609
2/28/2020 15:00,2020,2,28,2/28/2020,16,11.502,100.467,1.08,680.7334218812658,0.861464309
2/28/2020 16:00,2020,2,28,2/28/2020,17,12.312,101.586,1.096,680.7636444688872,0.861502556
2/28/2020 17:00,2020,2,28,2/28/2020,18,15.187,102.639,1.154,680.7938883408796,0.861540829
2/28/2020 18:00,2020,2,28,2/28/2020,19,15.385,101.817,1.158,680.8241534816834,0.86157913
2/28/2020 19:00,2020,2,28,2/28/2020,20,16.762,101.752,1.185,615.4882248,0.77889688
2/28/2020 20:00,2020,2,28,2/28/2020,21,16.778,98.837,1.186,550.1523174489466,0.696214657
2/28/2020 21:00,2020,2,28,2/28/2020,22,16.214,99.781,1.174,550.1826463027207,0.696253038
2/28/2020 22:00,2020,2,28,2/28/2020,23,16.118,98.397,1.172,550.2129964,0.696291446
2/28/2020 23:00,2020,2,28,2/28/2020,24,15.51,100.387,1.16,510.5567370605812,0.646106674
3/1/2020 0:00,2020,3,1,3/1/2020,1,16.702,99.299,1.184,472.59866456869463,0.598070947
3/1/2020 1:00,2020,3,1,3/1/2020,2,15.611,99.973,1.162,472.62907815460284,0.598109435
3/1/2020 2:00,2020,3,1,3/1/2020,3,15.582,101.532,1.162,472.6595128844555,0.59814795
3/1/2020 3:00,2020,3,1,3/1/2020,4,12.861,99.058,1.107,472.68996874259506,0.598186492
3/1/2020 4:00,2020,3,1,3/1/2020,5,11.914,99.88,1.088,472.7204457133532,0.59822506
3/1/2020 5:00,2020,3,1,3/1/2020,6,11.563,100.274,1.081,472.75094378105086,0.598263655
3/1/2020 6:00,2020,3,1,3/1/2020,7,9.809,99.235,1.08,472.78146292999776,0.598302277
3/1/2020 7:00,2020,3,1,3/1/2020,8,7.176,99.122,1.08,503.7847433595869,0.637536754
3/1/2020 8:00,2020,3,1,3/1/2020,9,7.423,101.648,1.08,578.5901141150567,0.732202529
3/1/2020 9:00,2020,3,1,3/1/2020,10,8.413,101.06,1.08,653.3955059046409,0.826868331
3/1/2020 10:00,2020,3,1,3/1/2020,11,8.285,101.172,1.08,684.3988494365619,0.866102887
3/1/2020 11:00,2020,3,1,3/1/2020,12,8.55,100.932,1.08,684.4294738,0.866141642
3/1/2020 12:00,2020,3,1,3/1/2020,13,9.818,102.794,1.08,684.4601190623719,0.866180424
3/1/2020 13:00,2020,3,1,3/1/2020,14,11.217,101.12,1.08,684.4907853398337,0.866219232
3/1/2020 14:00,2020,3,1,3/1/2020,15,12.481,101.638,1.1,684.5214725726348,0.866258066
3/1/2020 15:00,2020,3,1,3/1/2020,16,12.386,100.977,1.098,684.5521807449879,0.866296927
3/1/2020 16:00,2020,3,1,3/1/2020,17,13.891,100.928,1.128,684.5829098410951,0.866335815
3/1/2020 17:00,2020,3,1,3/1/2020,18,16.936,102.451,1.189,684.6136598451471,0.866374729
3/1/2020 18:00,2020,3,1,3/1/2020,19,17.495,102.715,1.2,684.6444307413246,0.866413669
3/1/2020 19:00,2020,3,1,3/1/2020,20,18.39,102.04,1.211,618.8767471410308,0.783185036
3/1/2020 20:00,2020,3,1,3/1/2020,21,18.09,100.303,1.21,553.1090844,0.699956429
3/1/2020 21:00,2020,3,1,3/1/2020,22,18.789,99.128,1.212,553.1399178787192,0.699995449
3/1/2020 22:00,2020,3,1,3/1/2020,23,19.189,101.717,1.213,553.1707721849871,0.700034495
3/1/2020 23:00,2020,3,1,3/1/2020,24,17.554,101.181,1.201,513.2525729706556,0.649518239
3/2/2020 0:00,2020,3,2,3/2/2020,1,15.81,99.872,1.166,473.3343945533063,0.599002009
3/2/2020 1:00,2020,3,2,3/2/2020,2,16.713,99.625,1.184,473.36531125050954,0.599041134
3/2/2020 2:00,2020,3,2,3/2/2020,3,14.386,101.622,1.138,473.3962487128947,0.599080285
3/2/2020 3:00,2020,3,2,3/2/2020,4,12.872,99.882,1.107,473.4272069245459,0.599119462
3/2/2020 4:00,2020,3,2,3/2/2020,5,12.978,98.147,1.11,473.4581859,0.599158666
3/2/2020 5:00,2020,3,2,3/2/2020,6,10.32,99.3,1.08,473.4891855,0.599197896
3/2/2020 6:00,2020,3,2,3/2/2020,7,9.682,100.927,1.08,473.5202058957736,0.599237152
3/2/2020 7:00,2020,3,2,3/2/2020,8,10.307,100.581,1.08,504.52398716020764,0.638472263
3/2/2020 8:00,2020,3,2,3/2/2020,9,7.415,102.64,1.08,579.3298583702114,0.733138671
3/2/2020 9:00,2020,3,2,3/2/2020,10,8.835,102.774,1.08,654.1357502337605,0.827805106
3/2/2020 10:00,2020,3,2,3/2/2020,11,8.316,102.196,1.08,685.1395934588206,0.867040295
3/2/2020 11:00,2020,3,2,3/2/2020,12,8.562,103.321,1.08,685.1707170903405,0.867079681
3/2/2020 12:00,2020,3,2,3/2/2020,13,9.422,101.132,1.08,685.2018613274024,0.867119094
3/2/2020 13:00,2020,3,2,3/2/2020,14,9.284,101.129,1.08,685.2330261539835,0.867158533
3/2/2020 14:00,2020,3,2,3/2/2020,15,11.861,100.22,1.087,685.2642115540509,0.867197998
3/2/2020 15:00,2020,3,2,3/2/2020,16,11.431,102.754,1.08,685.2954175115608,0.867237489
3/2/2020 16:00,2020,3,2,3/2/2020,17,14.888,102.452,1.148,685.3266440104592,0.867277006
3/2/2020 17:00,2020,3,2,3/2/2020,18,16.023,101.1,1.17,685.3578910346813,0.867316549
3/2/2020 18:00,2020,3,2,3/2/2020,19,17.587,101.987,1.202,685.3891585681515,0.867356118
3/2/2020 19:00,2020,3,2,3/2/2020,20,17.879,102.222,1.208,619.6219712220183,0.784128113
3/2/2020 20:00,2020,3,2,3/2/2020,21,18.65,99.835,1.211,553.8548043529507,0.700900134
3/2/2020 21:00,2020,3,2,3/2/2020,22,19.53,100.669,1.213,553.8861333176084,0.70093978
3/2/2020 22:00,2020,3,2,3/2/2020,23,18.247,101.263,1.211,553.9174827271074,0.700979453
3/2/2020 23:00,2020,3,2,3/2/2020,24,17.136,100.339,1.193,513.9997782318551,0.650463823
3/3/2020 0:00,2020,3,3,3/3/2020,1,16.569,100.252,1.181,474.0820941491775,0.599948219
3/3/2020 1:00,2020,3,3,3/3/2020,2,16.366,99.858,1.177,474.1135047963911,0.599987969
3/3/2020 2:00,2020,3,3,3/3/2020,3,14.129,100.437,1.133,474.14493582387104,0.600027744
3/3/2020 3:00,2020,3,3,3/3/2020,4,12.827,100.176,1.107,474.17638721544745,0.600067546
3/3/2020 4:00,2020,3,3,3/3/2020,5,13.248,97.052,1.115,474.20785895493975,0.600107373
3/3/2020 5:00,2020,3,3,3/3/2020,6,9.961,99.896,1.08,474.2393510261571,0.600147226
3/3/2020 6:00,2020,3,3,3/3/2020,7,10.176,100.712,1.08,474.27086341289805,0.600187105
3/3/2020 7:00,2020,3,3,3/3/2020,8,8.907,98.492,1.08,505.27513631404435,0.639422838
3/3/2020 8:00,2020,3,3,3/3/2020,9,7.944,101.531,1.08,580.0814988,0.734089868
3/3/2020 9:00,2020,3,3,3/3/2020,10,9.911,101.14,1.08,654.8878815014605,0.828756924
3/3/2020 10:00,2020,3,3,3/3/2020,11,8.877,103.197,1.08,685.8922152031663,0.867992733
3/3/2020 11:00,2020,3,3,3/3/2020,12,8.906,100.89,1.08,685.9238289241387,0.86803274
3/3/2020 12:00,2020,3,3,3/3/2020,13,9.701,102.592,1.08,685.9554628632068,0.868072773
3/3/2020 13:00,2020,3,3,3/3/2020,14,11.981,100.303,1.09,685.9871170040965,0.868112831
3/3/2020 14:00,2020,3,3,3/3/2020,15,12.684,101.97,1.104,686.0187913305231,0.868152914
3/3/2020 15:00,2020,3,3,3/3/2020,16,13.394,103.076,1.118,686.0504858261912,0.868193024
3/3/2020 16:00,2020,3,3,3/3/2020,17,13.721,101.928,1.124,686.0822004747954,0.868233158
3/3/2020 17:00,2020,3,3,3/3/2020,18,15.52,102.843,1.16,686.1139352600196,0.868273319
3/3/2020 18:00,2020,3,3,3/3/2020,19,17.369,102.142,1.197,686.1456901655379,0.868313504
3/3/2020 19:00,2020,3,3,3/3/2020,20,18.571,104.467,1.211,620.3789898022471,0.785086116
3/3/2020 20:00,2020,3,3,3/3/2020,21,19.266,100.758,1.213,554.6123095265667,0.701858752
3/3/2020 21:00,2020,3,3,3/3/2020,22,17.969,100.245,1.209,554.6441246949055,0.701899014
3/3/2020 22:00,2020,3,3,3/3/2020,23,18.958,99.176,1.212,554.6759599181296,0.701939301
3/3/2020 23:00,2020,3,3,3/3/2020,24,16.969,100.535,1.189,514.7587408463959,0.651424286
3/4/2020 0:00,2020,3,4,3/4/2020,1,16.604,100.067,1.182,474.84154179678137,0.600909295
3/4/2020 1:00,2020,3,4,3/4/2020,2,16.687,99.638,1.184,474.8734370863526,0.600949659
3/4/2020 2:00,2020,3,4,3/4/2020,3,14.21,100.998,1.134,474.90535236523556,0.600990047
3/4/2020 3:00,2020,3,4,3/4/2020,4,14.463,99.84,1.139,474.9372876170112,0.601030461
3/4/2020 4:00,2020,3,4,3/4/2020,5,12.105,100.418,1.092,474.9692428252499,0.6010709
3/4/2020 5:00,2020,3,4,3/4/2020,6,9.83,101.275,1.08,475.0012179735123,0.601111365
3/4/2020 6:00,2020,3,4,3/4/2020,7,9.036,100.129,1.08,475.0332130453483,0.601151854
3/4/2020 7:00,2020,3,4,3/4/2020,8,8.72,101.047,1.08,506.03796823939126,0.640388197
3/4/2020 8:00,2020,3,4,3/4/2020,9,7.527,102.23,1.08,580.8448126001214,0.735055837
3/4/2020 9:00,2020,3,4,3/4/2020,10,8.807,100.839,1.08,655.6516768350139,0.829723502
3/4/2020 10:00,2020,3,4,3/4/2020,11,8.597,98.381,1.08,686.6564916515337,0.868959921
3/4/2020 11:00,2020,3,4,3/4/2020,12,9.118,100.294,1.08,686.6885860941302,0.869000536
3/4/2020 12:00,2020,3,4,3/4/2020,13,10.972,99.168,1.08,686.7207004,0.869041176
3/4/2020 13:00,2020,3,4,3/4/2020,14,11.212,97.363,1.08,686.7528344367793,0.869081842
3/4/2020 14:00,2020,3,4,3/4/2020,15,12.333,99.595,1.097,686.7849883037784,0.869122532
3/4/2020 15:00,2020,3,4,3/4/2020,16,12.963,100.32,1.109,686.8171619458416,0.869163248
3/4/2020 16:00,2020,3,4,3/4/2020,17,15.146,101.784,1.153,686.8493553464168,0.869203989
3/4/2020 17:00,2020,3,4,3/4/2020,18,15.881,99.579,1.168,686.8815684889416,0.869244754
3/4/2020 18:00,2020,3,4,3/4/2020,19,17.513,100.397,1.2,686.9138013568438,0.869285545
3/4/2020 19:00,2020,3,4,3/4/2020,20,18.08,101.548,1.21,621.1475785607748,0.78605876
3/4/2020 20:00,2020,3,4,3/4/2020,21,18.6,99.528,1.211,555.3813755,0.702832001
3/4/2020 21:00,2020,3,4,3/4/2020,22,18.828,99.451,1.212,555.4136674014067,0.702872866
3/4/2020 22:00,2020,3,4,3/4/2020,23,18.202,99.954,1.21,555.445979,0.702913756
3/4/2020 23:00,2020,3,4,3/4/2020,24,17.249,99.292,1.195,515.5292359172756,0.652399343
3/5/2020 0:00,2020,3,5,3/5/2020,1,17.685,98.079,1.204,475.6125124553896,0.601884954
3/5/2020 1:00,2020,3,5,3/5/2020,2,15.709,101.091,1.164,475.64488293605575,0.601925919
3/5/2020 2:00,2020,3,5,3/5/2020,3,15.419,102.045,1.158,475.6772730091558,0.601966908
3/5/2020 3:00,2020,3,5,3/5/2020,4,13.13,99.968,1.113,475.7096826580263,0.602007923
3/5/2020 4:00,2020,3,5,3/5/2020,5,11.653,100.739,1.083,475.74211186599376,0.602048962
3/5/2020 5:00,2020,3,5,3/5/2020,6,11.21,98.437,1.08,475.77456061637463,0.602090025
3/5/2020 6:00,2020,3,5,3/5/2020,7,9.206,101.778,1.08,475.80702889247533,0.602131114
3/5/2020 7:00,2020,3,5,3/5/2020,8,8.388,100.74,1.08,506.8122568926859,0.641368055
3/5/2020 8:00,2020,3,5,3/5/2020,9,8.783,99.014,1.08,581.6195736612431,0.736036293
3/5/2020 9:00,2020,3,5,3/5/2020,10,7.058,99.083,1.08,656.4269099053791,0.830704555
3/5/2020 10:00,2020,3,5,3/5/2020,11,8.111,100.246,1.08,687.4321963323164,0.869941571
3/5/2020 11:00,2020,3,5,3/5/2020,12,8.564,100.486,1.08,687.4647619862615,0.869982782
3/5/2020 12:00,2020,3,5,3/5/2020,13,8.583,99.58,1.08,687.4973470655541,0.870024018
3/5/2020 13:00,2020,3,5,3/5/2020,14,11.183,101.866,1.08,687.5299515534308,0.870065279
3/5/2020 14:00,2020,3,5,3/5/2020,15,12.736,101.002,1.105,687.5625754331179,0.870106565
3/5/2020 15:00,2020,3,5,3/5/2020,16,12.927,101.093,1.109,687.5952186878317,0.870147874
3/5/2020 16:00,2020,3,5,3/5/2020,17,14.995,100.478,1.15,687.6278813007784,0.870189209
3/5/2020 17:00,2020,3,5,3/5/2020,18,16.068,101.45,1.171,687.6605632551544,0.870230568
3/5/2020 18:00,2020,3,5,3/5/2020,19,17.185,99.712,1.194,687.6932645341464,0.870271951
3/5/2020 19:00,2020,3,5,3/5/2020,20,18.561,101.115,1.211,621.9275097481644,0.787045759
3/5/2020 20:00,2020,3,5,3/5/2020,21,19.075,101.596,1.212,556.1617742531414,0.703819591
3/5/2020 21:00,2020,3,5,3/5/2020,22,17.806,101,1.206,556.1945334050001,0.703861048
3/5/2020 22:00,2020,3,5,3/5/2020,23,18.667,100.329,1.211,556.2273118141211,0.703902529
3/5/2020 23:00,2020,3,5,3/5/2020,24,17.906,99.425,1.208,516.3110351,0.653388705
3/6/2020 0:00,2020,3,6,3/6/2020,1,18.11,100.109,1.21,476.3947776697571,0.602874907
3/6/2020 1:00,2020,3,6,3/6/2020,2,15.958,98.982,1.169,476.4276137494463,0.60291646
3/6/2020 2:00,2020,3,6,3/6/2020,3,14.758,98.705,1.145,476.46046901888576,0.602958039
3/6/2020 3:00,2020,3,6,3/6/2020,4,13.104,100.609,1.112,476.4933434611727,0.602999641
3/6/2020 4:00,2020,3,6,3/6/2020,5,11.775,100.235,1.086,476.52623705939453,0.603041268
3/6/2020 5:00,2020,3,6,3/6/2020,6,8.602,98.827,1.08,476.55914979662884,0.603082919
3/6/2020 6:00,2020,3,6,3/6/2020,7,9.698,100.328,1.08,476.59208165594333,0.603124594
3/6/2020 7:00,2020,3,6,3/6/2020,8,8.094,101.463,1.08,507.59777283548965,0.642362121
3/6/2020 8:00,2020,3,6,3/6/2020,9,7.911,102.086,1.08,582.4055523792662,0.737030944
3/6/2020 9:00,2020,3,6,3/6/2020,10,10.42,103.218,1.08,657.2133509942669,0.831699792
3/6/2020 10:00,2020,3,6,3/6/2020,11,7.919,100.642,1.08,688.2190993874764,0.870937392
3/6/2020 11:00,2020,3,6,3/6/2020,12,9.689,101.908,1.08,688.2521266028638,0.870979188
3/6/2020 12:00,2020,3,6,3/6/2020,13,9.27,102.873,1.08,688.2851728385313,0.871021008
3/6/2020 13:00,2020,3,6,3/6/2020,14,9.24,103.08,1.08,688.3182380774781,0.871062851
3/6/2020 14:00,2020,3,6,3/6/2020,15,11.565,102.257,1.081,688.3513223026936,0.871104719
3/6/2020 15:00,2020,3,6,3/6/2020,16,14.131,101.436,1.133,688.3844254971568,0.871146611
3/6/2020 16:00,2020,3,6,3/6/2020,17,14.53,102.896,1.141,688.4175476,0.871188527
3/6/2020 17:00,2020,3,6,3/6/2020,18,16.214,102.651,1.174,688.4506887256969,0.871230467
3/6/2020 18:00,2020,3,6,3/6/2020,19,17.467,102.345,1.199,688.4838487256836,0.871272431
3/6/2020 19:00,2020,3,6,3/6/2020,20,18.209,100.78,1.21,622.7185523,0.788046819
3/6/2020 20:00,2020,3,6,3/6/2020,21,19.52,98.889,1.213,556.9532746662613,0.70482123
3/6/2020 21:00,2020,3,6,3/6/2020,22,18.83,101.029,1.212,556.9864913182363,0.704863266
3/6/2020 22:00,2020,3,6,3/6/2020,23,19.216,99.526,1.213,557.0197268200429,0.704905325
3/6/2020 23:00,2020,3,6,3/6/2020,24,19.014,101.624,1.212,517.1039068,0.65439208
3/7/2020 0:00,2020,3,7,3/7/2020,1,17.762,98.288,1.205,477.18810563781824,0.603878859
3/7/2020 1:00,2020,3,7,3/7/2020,2,14.79,99.874,1.146,477.2213975864913,0.603920989
3/7/2020 2:00,2020,3,7,3/7/2020,3,14.583,99.703,1.142,477.2547083165447,0.603963144
3/7/2020 3:00,2020,3,7,3/7/2020,4,13.457,99.473,1.119,477.2880378108414,0.604005322
3/7/2020 4:00,2020,3,7,3/7/2020,5,11.176,100.989,1.08,477.32138605223463,0.604047524
3/7/2020 5:00,2020,3,7,3/7/2020,6,11.102,100.127,1.08,477.3547530235681,0.60408975
3/7/2020 6:00,2020,3,7,3/7/2020,7,8.558,98.872,1.08,477.38813870767586,0.604131999
3/7/2020 7:00,2020,3,7,3/7/2020,8,10.172,102.023,1.08,508.39428330247586,0.643370101
3/7/2020 8:00,2020,3,7,3/7/2020,9,6.921,102.516,1.08,583.2025158517333,0.738039497
3/7/2020 9:00,2020,3,7,3/7/2020,10,8.161,102.504,1.08,658.0107670622097,0.832708918
3/7/2020 10:00,2020,3,7,3/7/2020,11,5.966,100.346,1.08,689.0169676406559,0.87194709
3/7/2020 11:00,2020,3,7,3/7/2020,12,9.402,100.943,1.08,689.0504466308089,0.871989457
3/7/2020 12:00,2020,3,7,3/7/2020,13,8.898,104.059,1.08,689.0839442305385,0.872031848
3/7/2020 13:00,2020,3,7,3/7/2020,14,10.966,103.396,1.08,689.1174604226113,0.872074263
3/7/2020 14:00,2020,3,7,3/7/2020,15,10.576,100.549,1.08,689.1509951897851,0.872116701
3/7/2020 15:00,2020,3,7,3/7/2020,16,12.844,102.371,1.107,689.1845485148071,0.872159162
3/7/2020 16:00,2020,3,7,3/7/2020,17,15.55,102.353,1.161,689.2181203804158,0.872201647
3/7/2020 17:00,2020,3,7,3/7/2020,18,16.134,102.336,1.173,689.2517107693398,0.872244156
3/7/2020 18:00,2020,3,7,3/7/2020,19,16.615,100.049,1.182,689.2853196642978,0.872286688
3/7/2020 19:00,2020,3,7,3/7/2020,20,18.551,103.14,1.211,623.5204716752337,0.789061643
3/7/2020 20:00,2020,3,7,3/7/2020,21,18.252,101.163,1.211,557.7556421576135,0.705836622
3/7/2020 21:00,2020,3,7,3/7/2020,22,19.819,98.069,1.214,557.7893064668938,0.705879224
3/7/2020 22:00,2020,3,7,3/7/2020,23,19.095,98.681,1.212,557.8229892129897,0.705921849
3/7/2020 23:00,2020,3,7,3/7/2020,24,19.205,98.6,1.213,517.9076160451076,0.65540917
3/8/2020 0:00,2020,3,8,3/8/2020,1,16.636,99.268,1.183,477.9922612793747,0.604896513
3/8/2020 1:00,2020,3,8,3/8/2020,2,18.268,100.957,1.211,478.0259992319088,0.604939208
3/8/2020 2:00,2020,3,8,3/8/2020,3,13.868,98.786,1.127,478.05975555188803,0.604981927
3/8/2020 3:00,2020,3,8,3/8/2020,4,11.846,98.491,1.087,478.0935302219459,0.605024668
3/8/2020 4:00,2020,3,8,3/8/2020,5,13.351,100.787,1.117,478.1273232247068,0.605067433
3/8/2020 5:00,2020,3,8,3/8/2020,6,10.919,97.609,1.08,478.1611345427857,0.605110221
3/8/2020 6:00,2020,3,8,3/8/2020,7,8.861,100.927,1.08,478.19496415878785,0.605153032
3/8/2020 7:00,2020,3,8,3/8/2020,8,10.78,101.061,1.08,509.2015523,0.644391695
3/8/2020 8:00,2020,3,8,3/8/2020,9,7.757,102.098,1.08,584.0102279211683,0.739061652
3/8/2020 9:00,2020,3,8,3/8/2020,10,8.097,101.538,1.08,658.8189218176167,0.833731633
3/8/2020 10:00,2020,3,8,3/8/2020,11,8.738,102.275,1.08,689.8255646662719,0.872970365
3/8/2020 11:00,2020,3,8,3/8/2020,12,8.002,103.088,1.08,689.8594855106433,0.873013291
3/8/2020 12:00,2020,3,8,3/8/2020,13,10.168,102.061,1.08,689.8934245,0.873056241
3/8/2020 13:00,2020,3,8,3/8/2020,14,10.078,103.082,1.08,689.9273818,0.873099214
3/8/2020 14:00,2020,3,8,3/8/2020,15,11.298,103.637,1.08,689.9613571340578,0.873142209
3/8/2020 15:00,2020,3,8,3/8/2020,16,14.607,102.642,1.142,689.9953506470644,0.873185228
3/8/2020 16:00,2020,3,8,3/8/2020,17,15.961,102.268,1.169,690.0293622835322,0.873228269
3/8/2020 17:00,2020,3,8,3/8/2020,18,16.084,102.997,1.172,690.0633920259638,0.873271334
3/8/2020 18:00,2020,3,8,3/8/2020,19,16.24,102.205,1.175,690.0974398568524,0.873314421
3/8/2020 19:00,2020,3,8,3/8/2020,20,16.43,103.708,1.179,624.3330303859153,0.790089932
3/8/2020 20:00,2020,3,8,3/8/2020,21,18.323,100.19,1.211,558.5686389683933,0.706865465
3/8/2020 21:00,2020,3,8,3/8/2020,22,19.082,101.428,1.212,558.6027409595177,0.706908621
3/8/2020 22:00,2020,3,8,3/8/2020,23,18.597,99.439,1.211,558.6368609689782,0.706951799
3/8/2020 23:00,2020,3,8,3/8/2020,24,17.426,99.317,1.199,518.7219246457564,0.656439672
3/9/2020 0:00,2020,3,9,3/9/2020,1,18.252,99.116,1.211,478.8070063057547,0.605927568
3/9/2020 1:00,2020,3,9,3/9/2020,2,16.584,101.292,1.182,478.84118026486647,0.605970815
3/9/2020 2:00,2020,3,9,3/9/2020,3,14.888,99.685,1.148,478.87537217204516,0.606014085
3/9/2020 3:00,2020,3,9,3/9/2020,4,12.968,98.958,1.109,478.9095820097007,0.606057377
3/9/2020 4:00,2020,3,9,3/9/2020,5,11.257,101.21,1.08,478.9438097602333,0.606100692
3/9/2020 5:00,2020,3,9,3/9/2020,6,10.549,101.59,1.08,478.97805540603434,0.60614403
3/9/2020 6:00,2020,3,9,3/9/2020,7,8.352,100.942,1.08,479.0123189294857,0.60618739
3/9/2020 7:00,2020,3,9,3/9/2020,8,10.036,102.092,1.08,510.01934052805376,0.645426601
3/9/2020 8:00,2020,3,9,3/9/2020,9,7.928,102.357,1.08,584.8284492450525,0.740097107
3/9/2020 9:00,2020,3,9,3/9/2020,10,8.179,102.23,1.08,659.6375757867926,0.834767635
3/9/2020 10:00,2020,3,9,3/9/2020,11,6.748,101.014,1.08,690.6446509,0.874006914
3/9/2020 11:00,2020,3,9,3/9/2020,12,9.145,100.839,1.08,690.6790035066863,0.874050387
3/9/2020 12:00,2020,3,9,3/9/2020,13,10.339,101.998,1.08,690.7133739,0.874093882
3/9/2020 13:00,2020,3,9,3/9/2020,14,12.351,102.066,1.097,690.7477620984748,0.8741374
3/9/2020 14:00,2020,3,9,3/9/2020,15,13.078,101.376,1.112,690.7821680077788,0.874180941
3/9/2020 15:00,2020,3,9,3/9/2020,16,13.585,101.079,1.122,690.8165916,0.874224504
3/9/2020 16:00,2020,3,9,3/9/2020,17,14.429,100.594,1.139,690.8510329647032,0.874268089
3/9/2020 17:00,2020,3,9,3/9/2020,18,15.667,101.645,1.163,690.8854919768955,0.874311697
3/9/2020 18:00,2020,3,9,3/9/2020,19,17.411,101.609,1.198,690.9199686546074,0.874355327
3/9/2020 19:00,2020,3,9,3/9/2020,20,17.371,100.362,1.197,625.1559876073355,0.791131379
3/9/2020 20:00,2020,3,9,3/9/2020,21,17.742,98.576,1.205,559.3920241901003,0.707907454
3/9/2020 21:00,2020,3,9,3/9/2020,22,18.685,100.215,1.212,559.4265537579128,0.707951151
3/9/2020 22:00,2020,3,9,3/9/2020,23,18.203,99.057,1.21,559.4611009202429,0.70799487
3/9/2020 23:00,2020,3,9,3/9/2020,24,18.565,100.414,1.211,519.5465913,0.657483283
3/10/2020 0:00,2020,3,10,3/10/2020,1,16.136,99.826,1.173,479.63209929042347,0.606971719
3/10/2020 1:00,2020,3,10,3/10/2020,2,15.336,100.386,1.157,479.6666991,0.607015505
3/10/2020 2:00,2020,3,10,3/10/2020,3,14.811,99.143,1.146,479.70131649220946,0.607059313
3/10/2020 3:00,2020,3,10,3/10/2020,4,12.667,98.448,1.103,479.73595136034936,0.607103143
3/10/2020 4:00,2020,3,10,3/10/2020,5,11.726,99.818,1.085,479.77060371623253,0.607146995
3/10/2020 5:00,2020,3,10,3/10/2020,6,9.74,101.407,1.08,479.80527354203167,0.60719087
3/10/2020 6:00,2020,3,10,3/10/2020,7,9.006,99.874,1.08,479.8399608199107,0.607234766
3/10/2020 7:00,2020,3,10,3/10/2020,8,9.722,101.68,1.08,510.84740574711793,0.646474513
3/10/2020 8:00,2020,3,10,3/10/2020,9,9.284,104.147,1.08,585.6569373667496,0.741145554
3/10/2020 9:00,2020,3,10,3/10/2020,10,7.93,101.493,1.08,660.4664863848985,0.835816617
3/10/2020 10:00,2020,3,10,3/10/2020,11,9.296,101.087,1.08,691.4739835076485,0.875056429
3/10/2020 11:00,2020,3,10,3/10/2020,12,8.661,102.698,1.08,691.5087578,0.875100436
3/10/2020 12:00,2020,3,10,3/10/2020,13,9.023,100.865,1.08,691.5435493933637,0.875144465
3/10/2020 13:00,2020,3,10,3/10/2020,14,11.813,102.125,1.086,691.5783583356338,0.875188515
3/10/2020 14:00,2020,3,10,3/10/2020,15,14.355,101.193,1.137,691.6131845869712,0.875232588
3/10/2020 15:00,2020,3,10,3/10/2020,16,15.819,101.032,1.166,691.6480281294595,0.875276682
3/10/2020 16:00,2020,3,10,3/10/2020,17,16.388,102.468,1.178,691.6828889451729,0.875320798
3/10/2020 17:00,2020,3,10,3/10/2020,18,14.722,103.43,1.144,691.7177670161769,0.875364936
3/10/2020 18:00,2020,3,10,3/10/2020,19,18.14,102.641,1.21,691.7526623245283,0.875409096
3/10/2020 19:00,2020,3,10,3/10/2020,20,18.802,100.345,1.212,625.9890994795086,0.792185678
3/10/2020 20:00,2020,3,10,3/10/2020,21,17.949,99.366,1.209,560.2255538359228,0.708962281
3/10/2020 21:00,2020,3,10,3/10/2020,22,19.413,99.615,1.213,560.2605007485672,0.709006506
3/10/2020 22:00,2020,3,10,3/10/2020,23,19.034,101.452,1.212,560.2954648,0.709050753
3/10/2020 23:00,2020,3,10,3/10/2020,24,16.632,97.863,1.183,520.3813717188591,0.658539693
3/11/2020 0:00,2020,3,11,3/11/2020,1,16.584,100.988,1.182,480.4672957405225,0.608028655
3/11/2020 1:00,2020,3,11,3/11/2020,2,15.205,100.142,1.154,480.50231120714693,0.608072967
3/11/2020 2:00,2020,3,11,3/11/2020,3,16.348,98.689,1.177,480.53734376725333,0.608117301
3/11/2020 3:00,2020,3,11,3/11/2020,4,15.293,99.584,1.156,480.57239340281865,0.608161656
3/11/2020 4:00,2020,3,11,3/11/2020,5,13.111,98.7,1.112,480.6074600958114,0.608206032
3/11/2020 5:00,2020,3,11,3/11/2020,6,12.61,99.263,1.102,480.64254382819115,0.608250431
3/11/2020 6:00,2020,3,11,3/11/2020,7,9.838,100.113,1.08,480.6776445819088,0.60829485
3/11/2020 7:00,2020,3,11,3/11/2020,8,9.13,99.664,1.08,511.6855025539999,0.64753512
3/11/2020 8:00,2020,3,11,3/11/2020,9,8.286,100.435,1.08,586.4954467873483,0.742206683
3/11/2020 9:00,2020,3,11,3/11/2020,10,7.97,98.025,1.08,661.3054079878347,0.836878267
3/11/2020 10:00,2020,3,11,3/11/2020,11,9.018,99.276,1.08,692.3133168613305,0.876118601
3/11/2020 11:00,2020,3,11,3/11/2020,12,7.342,99.517,1.08,692.3485024506936,0.876163128
3/11/2020 12:00,2020,3,11,3/11/2020,13,8.26,99.732,1.08,692.3837049529159,0.876207677
3/11/2020 13:00,2020,3,11,3/11/2020,14,10.449,99.39,1.08,692.4189243,0.876252247
3/11/2020 14:00,2020,3,11,3/11/2020,15,11.401,99.881,1.08,692.4541606234882,0.876296838
3/11/2020 15:00,2020,3,11,3/11/2020,16,11.779,100.423,1.086,692.4894137555918,0.876341451
3/11/2020 16:00,2020,3,11,3/11/2020,17,16.044,98.453,1.171,692.5246837280613,0.876386085
3/11/2020 17:00,2020,3,11,3/11/2020,18,18.097,101.324,1.21,692.5599705227519,0.87643074
3/11/2020 18:00,2020,3,11,3/11/2020,19,18.157,100.131,1.21,692.5952741215099,0.876475416
3/11/2020 19:00,2020,3,11,3/11/2020,20,17.884,97.479,1.208,626.8321191334069,0.793252514
3/11/2020 20:00,2020,3,11,3/11/2020,21,19.005,101.953,1.212,561.0689809130381,0.710029634
3/11/2020 21:00,2020,3,11,3/11/2020,22,18.855,98.323,1.212,561.1043348149899,0.710074374
3/11/2020 22:00,2020,3,11,3/11/2020,23,18.327,101.854,1.211,561.1397054483084,0.710119135
3/11/2020 23:00,2020,3,11,3/11/2020,24,16.789,100.524,1.186,521.2260184613314,0.659608589
3/12/2020 0:00,2020,3,12,3/12/2020,1,16.853,100.775,1.187,481.3123481693186,0.609098064
3/12/2020 1:00,2020,3,12,3/12/2020,2,16.334,101.31,1.177,481.3477688875214,0.609142889
3/12/2020 2:00,2020,3,12,3/12/2020,3,14.271,100.89,1.135,481.3832062642521,0.609187735
3/12/2020 3:00,2020,3,12,3/12/2020,4,13.809,100.196,1.126,481.41866028127953,0.609232602
3/12/2020 4:00,2020,3,12,3/12/2020,5,12.564,100.213,1.101,481.4541309,0.60927749
3/12/2020 5:00,2020,3,12,3/12/2020,6,10.362,100.713,1.08,481.48961816325726,0.609322398
3/12/2020 6:00,2020,3,12,3/12/2020,7,9.415,100.85,1.08,481.5251219917027,0.609367328
3/12/2020 7:00,2020,3,12,3/12/2020,8,7.505,101.025,1.08,512.5333826025285,0.648608107
3/12/2020 8:00,2020,3,12,3/12/2020,9,8.62,98.724,1.08,587.3437290384112,0.743280179
3/12/2020 9:00,2020,3,12,3/12/2020,10,7.664,100.468,1.08,662.1540920050247,0.837952272
3/12/2020 10:00,2020,3,12,3/12/2020,11,7.874,97.494,1.08,693.1624022080339,0.877193114
3/12/2020 11:00,2020,3,12,3/12/2020,12,10.146,100.657,1.08,693.1979886900899,0.877238148
3/12/2020 12:00,2020,3,12,3/12/2020,13,9.002,100.118,1.08,693.2335916479785,0.877283204
3/12/2020 13:00,2020,3,12,3/12/2020,14,12.005,101.43,1.09,693.2692110633835,0.87732828
3/12/2020 14:00,2020,3,12,3/12/2020,15,12.997,99.533,1.11,693.3048469179802,0.877373377
3/12/2020 15:00,2020,3,12,3/12/2020,16,13.639,99.613,1.123,693.3404991934351,0.877418495
3/12/2020 16:00,2020,3,12,3/12/2020,17,15.339,98.075,1.157,693.3761678714069,0.877463633
3/12/2020 17:00,2020,3,12,3/12/2020,18,16.084,100.256,1.172,693.4118529335452,0.877508792
3/12/2020 18:00,2020,3,12,3/12/2020,19,17.145,99.34,1.193,693.4475543614917,0.877553972
3/12/2020 19:00,2020,3,12,3/12/2020,20,19.7,102.121,1.214,627.6847968,0.794331573
3/12/2020 20:00,2020,3,12,3/12/2020,21,18.743,101.064,1.212,561.9220554958001,0.711109195
3/12/2020 21:00,2020,3,12,3/12/2020,22,18.946,100.837,1.212,561.9578059109353,0.711154437
3/12/2020 22:00,2020,3,12,3/12/2020,23,18.157,100.037,1.21,561.9935726183605,0.711199699
3/12/2020 23:00,2020,3,12,3/12/2020,24,18.129,100.505,1.21,522.0802812662098,0.660689654
3/13/2020 0:00,2020,3,13,3/13/2020,1,16.568,99.456,1.181,482.16700616953955,0.610179629
3/13/2020 1:00,2020,3,13,3/13/2020,2,15.666,101.364,1.163,482.20282164339756,0.610224953
3/13/2020 2:00,2020,3,13,3/13/2020,3,14.984,99.159,1.15,482.2386533,0.610270298
3/13/2020 3:00,2020,3,13,3/13/2020,4,13.335,99.853,1.117,482.27450122859204,0.610315664
3/13/2020 4:00,2020,3,13,3/13/2020,5,11.815,100.391,1.086,482.31036530305227,0.610361049
3/13/2020 5:00,2020,3,13,3/13/2020,6,10.05,99.683,1.08,482.3462455408231,0.610406456
3/13/2020 6:00,2020,3,13,3/13/2020,7,9.956,98.728,1.08,482.3821419234456,0.610451882
3/13/2020 7:00,2020,3,13,3/13/2020,8,8.844,99.639,1.08,513.3907946475463,0.649693158
3/13/2020 8:00,2020,3,13,3/13/2020,9,8.041,101.281,1.08,588.2015327555997,0.744365725
3/13/2020 9:00,2020,3,13,3/13/2020,10,8.475,101.225,1.08,663.0122869530783,0.839038313
3/13/2020 10:00,2020,3,13,3/13/2020,11,8.331,102.526,1.08,694.0209879454457,0.878279649
3/13/2020 11:00,2020,3,13,3/13/2020,12,8.739,102.588,1.08,694.0569647751521,0.878325178
3/13/2020 12:00,2020,3,13,3/13/2020,13,10.582,102.232,1.08,694.0929576387823,0.878370726
3/13/2020 13:00,2020,3,13,3/13/2020,14,11.654,101.268,1.083,694.1289665178197,0.878416295
3/13/2020 14:00,2020,3,13,3/13/2020,15,12.624,102.381,1.102,694.1649914,0.878461885
3/13/2020 15:00,2020,3,13,3/13/2020,16,13.233,101.951,1.115,694.2010322480066,0.878507494
3/13/2020 16:00,2020,3,13,3/13/2020,17,14.412,101.828,1.138,694.2370890620814,0.878553124
3/13/2020 17:00,2020,3,13,3/13/2020,18,17.227,100.839,1.195,694.2731618174134,0.878598774
3/13/2020 18:00,2020,3,13,3/13/2020,19,18.451,102.202,1.211,694.3092504954446,0.878644444
3/13/2020 19:00,2020,3,13,3/13/2020,20,19.387,102.709,1.213,628.5468797048427,0.795422534
3/13/2020 20:00,2020,3,13,3/13/2020,21,17.119,99.543,1.192,562.7845247997994,0.712200645
3/13/2020 21:00,2020,3,13,3/13/2020,22,19.284,99.244,1.213,562.8206611344986,0.712246375
3/13/2020 22:00,2020,3,13,3/13/2020,23,17.784,99.645,1.206,562.8568133175831,0.712292125
3/13/2020 23:00,2020,3,13,3/13/2020,24,18.682,100.633,1.212,522.9439069969891,0.661782567
3/14/2020 0:00,2020,3,14,3/14/2020,1,18.036,100.966,1.21,483.03101648757473,0.611273029
3/14/2020 1:00,2020,3,14,3/14/2020,2,15.414,100.429,1.158,483.0672161,0.61131884
3/14/2020 2:00,2020,3,14,3/14/2020,3,15.264,100.27,1.155,483.1034314947465,0.61136467
3/14/2020 3:00,2020,3,14,3/14/2020,4,13.475,99.885,1.12,483.1396626406128,0.61141052
3/14/2020 4:00,2020,3,14,3/14/2020,5,12.158,100.893,1.093,483.17590952314964,0.611456391
3/14/2020 5:00,2020,3,14,3/14/2020,6,10.333,98.499,1.08,483.2121721237092,0.611502281
3/14/2020 6:00,2020,3,14,3/14/2020,7,9.484,98.749,1.08,483.2484504236361,0.611548191
3/14/2020 7:00,2020,3,14,3/14/2020,8,8.521,100.526,1.08,514.2574846,0.650789949
3/14/2020 8:00,2020,3,14,3/14/2020,9,8.176,104.325,1.08,589.0686037531596,0.745462998
3/14/2020 9:00,2020,3,14,3/14/2020,10,7.492,102.734,1.08,663.8797385,0.840136068
3/14/2020 10:00,2020,3,14,3/14/2020,11,7.935,99.13,1.08,694.8888196560822,0.879377885
3/14/2020 11:00,2020,3,14,3/14/2020,12,8.255,100.937,1.08,694.9251761727278,0.879423894
3/14/2020 12:00,2020,3,14,3/14/2020,13,9.214,103.753,1.08,694.9615482766374,0.879469923
3/14/2020 13:00,2020,3,14,3/14/2020,14,9.473,102.197,1.08,694.9979359,0.879515971
3/14/2020 14:00,2020,3,14,3/14/2020,15,12.657,102.837,1.103,695.0343391713926,0.879562039
3/14/2020 15:00,2020,3,14,3/14/2020,16,14.716,102.222,1.144,695.0707579247903,0.879608127
3/14/2020 16:00,2020,3,14,3/14/2020,17,14.742,101.958,1.145,695.1071921905559,0.879654235
3/14/2020 17:00,2020,3,14,3/14/2020,18,15.889,102.933,1.168,695.1436419499457,0.879700362
3/14/2020 18:00,2020,3,14,3/14/2020,19,17.968,101.923,1.209,695.1801071842076,0.879746508
3/14/2020 19:00,2020,3,14,3/14/2020,20,19.292,100.145,1.213,629.4181125018155,0.796525074
3/14/2020 20:00,2020,3,14,3/14/2020,21,18.225,99.229,1.211,563.6561332567677,0.71330366
3/14/2020 21:00,2020,3,14,3/14/2020,22,17.785,100.514,1.206,563.6926448030547,0.713349865
3/14/2020 22:00,2020,3,14,3/14/2020,23,18.924,99.804,1.212,563.7291717491266,0.71339609
3/14/2020 23:00,2020,3,14,3/14/2020,24,18.528,101.475,1.211,523.8166397427265,0.662887006
3/15/2020 0:00,2020,3,15,3/15/2020,1,17.751,100.656,1.205,483.9041231,0.612377941
3/15/2020 1:00,2020,3,15,3/15/2020,2,15.168,100.325,1.153,483.94069613116494,0.612424224
3/15/2020 2:00,2020,3,15,3/15/2020,3,14.94,100.169,1.149,483.9772844883806,0.612470526
3/15/2020 3:00,2020,3,15,3/15/2020,4,12.616,100.291,1.102,484.0138881513439,0.612516848
3/15/2020 4:00,2020,3,15,3/15/2020,5,12.355,101.308,1.097,484.0505071012237,0.612563189
3/15/2020 5:00,2020,3,15,3/15/2020,6,10.738,98.3,1.08,484.0871413191809,0.612609549
3/15/2020 6:00,2020,3,15,3/15/2020,7,10.484,102.484,1.08,484.1237907863688,0.612655929
3/15/2020 7:00,2020,3,15,3/15/2020,8,9.342,100.83,1.08,515.1331956990261,0.651898156
3/15/2020 8:00,2020,3,15,3/15/2020,9,8.482,102.072,1.08,589.9446851,0.746571674
3/15/2020 9:00,2020,3,15,3/15/2020,10,8.762,102.316,1.08,664.7561896920993,0.841245212
3/15/2020 10:00,2020,3,15,3/15/2020,11,8.75,101.546,1.08,695.7656401826782,0.880487497
3/15/2020 11:00,2020,3,15,3/15/2020,12,9.01,101.494,1.08,695.8023656130425,0.880533973
3/15/2020 12:00,2020,3,15,3/15/2020,13,8.435,102.808,1.08,695.8391062,0.880580468
3/15/2020 13:00,2020,3,15,3/15/2020,14,11.155,101.787,1.08,695.8758618628253,0.880626982
3/15/2020 14:00,2020,3,15,3/15/2020,15,12.986,102.291,1.11,695.9126326,0.880673515
3/15/2020 15:00,2020,3,15,3/15/2020,16,13.767,101.886,1.125,695.9494185052978,0.880720067
3/15/2020 16:00,2020,3,15,3/15/2020,17,15.225,100.035,1.154,695.9862194,0.880766639
3/15/2020 17:00,2020,3,15,3/15/2020,18,15.605,100.221,1.162,696.0230353890922,0.880813229
3/15/2020 18:00,2020,3,15,3/15/2020,19,17.551,103.67,1.201,696.0598663741488,0.880859838
3/15/2020 19:00,2020,3,15,3/15/2020,20,17.468,102.548,1.199,630.2982369899506,0.797638867
3/15/2020 20:00,2020,3,15,3/15/2020,21,17.19,99.516,1.194,564.5366225903081,0.714417915
3/15/2020 21:00,2020,3,15,3/15/2020,22,18.876,102.001,1.212,564.5734985290239,0.714464581
3/15/2020 22:00,2020,3,15,3/15/2020,23,19.882,100.817,1.214,564.6103894143607,0.714511266
3/15/2020 23:00,2020,3,15,3/15/2020,24,16.654,101.152,1.183,524.6982208938743,0.664002642
3/16/2020 0:00,2020,3,16,3/16/2020,1,18.47,99.723,1.211,484.7860672820435,0.613494036
3/16/2020 1:00,2020,3,16,3/16/2020,2,16.283,100.144,1.176,484.8230028933392,0.613540778
3/16/2020 2:00,2020,3,16,3/16/2020,3,13.169,98.886,1.113,484.8599533752942,0.613587539
3/16/2020 3:00,2020,3,16,3/16/2020,4,12.823,99.445,1.106,484.8969187088991,0.613634318
3/16/2020 4:00,2020,3,16,3/16/2020,5,12.586,101.243,1.102,484.9338988751366,0.613681116
3/16/2020 5:00,2020,3,16,3/16/2020,6,11.599,99.316,1.082,484.97089385498197,0.613727933
3/16/2020 6:00,2020,3,16,3/16/2020,7,9.571,100.575,1.08,485.00790362940285,0.613774769
3/16/2020 7:00,2020,3,16,3/16/2020,8,8.352,99.556,1.08,516.0176683944526,0.653017451
3/16/2020 8:00,2020,3,16,3/16/2020,9,9.362,102.102,1.08,590.8295171920342,0.747691424
3/16/2020 9:00,2020,3,16,3/16/2020,10,9.036,100.967,1.08,665.6413807270485,0.842365416
3/16/2020 10:00,2020,3,16,3/16/2020,11,7.924,102.183,1.08,696.6511897043882,0.881608155
3/16/2020 11:00,2020,3,16,3/16/2020,12,8.518,102.161,1.08,696.6882731659337,0.881655084
3/16/2020 12:00,2020,3,16,3/16/2020,13,9.67,101.04,1.08,696.7253713077005,0.881702031
3/16/2020 13:00,2020,3,16,3/16/2020,14,10.77,102.513,1.08,696.7624841106032,0.881748997
3/16/2020 14:00,2020,3,16,3/16/2020,15,11.736,102.668,1.085,696.7996115555485,0.881795982
3/16/2020 15:00,2020,3,16,3/16/2020,16,14.659,102.317,1.143,696.8367536234362,0.881842985
3/16/2020 16:00,2020,3,16,3/16/2020,17,15.5,103.215,1.16,696.8739102951579,0.881890006
3/16/2020 17:00,2020,3,16,3/16/2020,18,15.429,102.299,1.159,696.9110816,0.881937046
3/16/2020 18:00,2020,3,16,3/16/2020,19,16.337,101.969,1.177,696.9482673736336,0.881984105
3/16/2020 19:00,2020,3,16,3/16/2020,20,17.397,102.532,1.198,631.1869923693679,0.798763582
3/16/2020 20:00,2020,3,16,3/16/2020,21,19.322,99.242,1.213,565.4257318924288,0.715543077
3/16/2020 21:00,2020,3,16,3/16/2020,22,19.538,100.821,1.213,565.4629612964368,0.715590191
3/16/2020 22:00,2020,3,16,3/16/2020,23,17.249,101.23,1.195,565.5002051894729,0.715637323
3/16/2020 23:00,2020,3,16,3/16/2020,24,19.555,102.437,1.213,525.5883892189115,0.665129145
3/17/2020 0:00,2020,3,17,3/17/2020,1,16.98,99.957,1.19,485.6765876990497,0.614620985
3/17/2020 1:00,2020,3,17,3/17/2020,2,16.598,98.749,1.182,485.7138749441773,0.614668172
3/17/2020 2:00,2020,3,17,3/17/2020,3,15.771,99.744,1.165,485.7511766016464,0.614715377
3/17/2020 3:00,2020,3,17,3/17/2020,4,12.944,102.48,1.109,485.7884926522667,0.6147626
3/17/2020 4:00,2020,3,17,3/17/2020,5,12.072,98.422,1.091,485.8258230768407,0.614809841
3/17/2020 5:00,2020,3,17,3/17/2020,6,11.262,99.377,1.08,485.86316785616333,0.614857101
3/17/2020 6:00,2020,3,17,3/17/2020,7,8.413,102.106,1.08,485.90052697102226,0.614904379
3/17/2020 7:00,2020,3,17,3/17/2020,8,8.453,99.826,1.08,516.9106406172914,0.654147503
3/17/2020 8:00,2020,3,17,3/17/2020,9,8.285,103.015,1.08,591.7228378366938,0.748821917
3/17/2020 9:00,2020,3,17,3/17/2020,10,8.847,103.385,1.08,666.5350493339511,0.843496349
3/17/2020 10:00,2020,3,17,3/17/2020,11,8.458,101.023,1.08,697.5452058137773,0.882739527
3/17/2020 11:00,2020,3,17,3/17/2020,12,8.856,101.132,1.08,697.5826363,0.882786895
3/17/2020 12:00,2020,3,17,3/17/2020,13,10.065,102.958,1.08,697.620081,0.882834281
3/17/2020 13:00,2020,3,17,3/17/2020,14,11.283,101.994,1.08,697.6575399671256,0.882881685
3/17/2020 14:00,2020,3,17,3/17/2020,15,11.978,102.633,1.09,697.6950130737455,0.882929107
3/17/2020 15:00,2020,3,17,3/17/2020,16,12.653,102.43,1.103,697.7325003426596,0.882976547
3/17/2020 16:00,2020,3,17,3/17/2020,17,13.298,104.977,1.116,697.7700018,0.883024005
3/17/2020 17:00,2020,3,17,3/17/2020,18,15.74,102.32,1.165,697.8075172902198,0.883071481
3/17/2020 18:00,2020,3,17,3/17/2020,19,17.55,103.064,1.201,697.8450469302727,0.883118974
3/17/2020 19:00,2020,3,17,3/17/2020,20,17.066,102.209,1.191,632.0841152826673,0.799898886
3/17/2020 20:00,2020,3,17,3/17/2020,21,17.65,101.497,1.203,566.3231977008547,0.716678815
3/17/2020 21:00,2020,3,17,3/17/2020,22,19.278,100.086,1.213,566.3607695382791,0.716726362
3/17/2020 22:00,2020,3,17,3/17/2020,23,19.332,101.439,1.213,566.3983554028455,0.716773927
3/17/2020 23:00,2020,3,17,3/17/2020,24,18.943,99.999,1.212,526.4868809417519,0.666266181
3/18/2020 0:00,2020,3,18,3/18/2020,1,15.844,100.54,1.167,486.57542046911993,0.615758453
3/18/2020 1:00,2020,3,18,3/18/2020,2,15.928,101.409,1.169,486.61304829906413,0.61580607
3/18/2020 2:00,2020,3,18,3/18/2020,3,15.403,99.547,1.158,486.6506900787611,0.615853706
3/18/2020 3:00,2020,3,18,3/18/2020,4,12.491,99.888,1.1,486.68834578884577,0.615901359
3/18/2020 4:00,2020,3,18,3/18/2020,5,11.209,101.112,1.08,486.7260154099457,0.61594903
3/18/2020 5:00,2020,3,18,3/18/2020,6,10.587,101.201,1.08,486.76369892268156,0.615996718
3/18/2020 6:00,2020,3,18,3/18/2020,7,9.012,101.413,1.08,486.80139630766644,0.616044424
3/18/2020 7:00,2020,3,18,3/18/2020,8,9.747,100.627,1.08,517.8118477606005,0.655287975
3/18/2020 8:00,2020,3,18,3/18/2020,9,8.383,99.749,1.08,592.6243823230329,0.749962816
3/18/2020 9:00,2020,3,18,3/18/2020,10,7.732,99.176,1.08,667.4369306995119,0.844637675
3/18/2020 10:00,2020,3,18,3/18/2020,11,7.58,99.589,1.08,698.4474235945779,0.883881279
3/18/2020 11:00,2020,3,18,3/18/2020,12,9,100.251,1.08,698.4851900497595,0.883929072
3/18/2020 12:00,2020,3,18,3/18/2020,13,9.86,100.115,1.08,698.5229702607207,0.883976882
3/18/2020 13:00,2020,3,18,3/18/2020,14,10.243,100.088,1.08,698.5607642080253,0.88402471
3/18/2020 14:00,2020,3,18,3/18/2020,15,11.901,99.832,1.088,698.5985718722297,0.884072556
3/18/2020 15:00,2020,3,18,3/18/2020,16,13.158,100.106,1.113,698.6363932338834,0.884120419
3/18/2020 16:00,2020,3,18,3/18/2020,17,13.698,102.5,1.124,698.6742282735288,0.884168299
3/18/2020 17:00,2020,3,18,3/18/2020,18,16.257,99.627,1.175,698.7120769717014,0.884216196
3/18/2020 18:00,2020,3,18,3/18/2020,19,17.292,102.539,1.196,698.7499393089295,0.884264111
3/18/2020 19:00,2020,3,18,3/18/2020,20,18.265,97.205,1.211,632.9893398929682,0.801044443
3/18/2020 20:00,2020,3,18,3/18/2020,21,19.174,100.148,1.213,567.2287540770981,0.717824792
3/18/2020 21:00,2020,3,18,3/18/2020,22,18.818,100.835,1.212,567.2666572145927,0.717872758
3/18/2020 22:00,2020,3,18,3/18/2020,23,18.84,99.708,1.212,567.3045739131862,0.717920741
3/18/2020 23:00,2020,3,18,3/18/2020,24,18.055,100.821,1.21,527.3934298199069,0.667413413
3/19/2020 0:00,2020,3,19,3/19/2020,1,15.877,100.486,1.168,487.48229924870606,0.616906103
3/19/2020 1:00,2020,3,19,3/19/2020,2,15.772,98.306,1.165,487.5202565135287,0.616954137
3/19/2020 2:00,2020,3,19,3/19/2020,3,15.366,99.062,1.157,487.55822726138183,0.617002189
3/19/2020 3:00,2020,3,19,3/19/2020,4,13.064,101.663,1.111,487.59621147273134,0.617050258
3/19/2020 4:00,2020,3,19,3/19/2020,5,11.797,100.516,1.086,487.6342091280356,0.617098344
3/19/2020 5:00,2020,3,19,3/19/2020,6,10.519,98.674,1.08,487.6722202077464,0.617146446
3/19/2020 6:00,2020,3,19,3/19/2020,7,11.567,101.043,1.081,487.7102446923087,0.617194566
3/19/2020 7:00,2020,3,19,3/19/2020,8,8.307,100.423,1.08,518.7210228,0.656438531
3/19/2020 8:00,2020,3,19,3/19/2020,9,7.033,100.893,1.08,593.5338835039637,0.751113785
3/19/2020 9:00,2020,3,19,3/19/2020,10,6.857,98.832,1.08,668.3467575768179,0.845789055
3/19/2020 10:00,2020,3,19,3/19/2020,11,8.471,98.847,1.08,699.3575757,0.885033071
3/19/2020 11:00,2020,3,19,3/19/2020,12,8.248,100.604,1.08,699.3956669154406,0.885081275
3/19/2020 12:00,2020,3,19,3/19/2020,13,9.435,99.556,1.08,699.4337714180674,0.885129496
3/19/2020 13:00,2020,3,19,3/19/2020,14,11.203,99.724,1.08,699.4718891884668,0.885177734
3/19/2020 14:00,2020,3,19,3/19/2020,15,12.599,99.709,1.102,699.5100202070287,0.885225989
3/19/2020 15:00,2020,3,19,3/19/2020,16,12.855,99.539,1.107,699.5481644541362,0.88527426
3/19/2020 16:00,2020,3,19,3/19/2020,17,16.389,100.073,1.178,699.5863219101659,0.885322548
3/19/2020 17:00,2020,3,19,3/19/2020,18,17.328,99.733,1.197,699.6244925554871,0.885370853
3/19/2020 18:00,2020,3,19,3/19/2020,19,18.483,99.282,1.211,699.6626763704626,0.885419174
3/19/2020 19:00,2020,3,19,3/19/2020,20,18.386,99.864,1.211,633.9023979626822,0.802199912
3/19/2020 20:00,2020,3,19,3/19/2020,21,18.71,102.149,1.212,568.1421326852612,0.718980667
3/19/2020 21:00,2020,3,19,3/19/2020,22,18.892,100.025,1.212,568.1803558913083,0.719029038
3/19/2020 22:00,2020,3,19,3/19/2020,23,19.326,100.329,1.213,568.2185921883929,0.719077426
3/19/2020 23:00,2020,3,19,3/19/2020,24,16.59,101.827,1.182,528.3077672,0.668570502
3/20/2020 0:00,2020,3,20,3/20/2020,1,18.172,100.034,1.21,488.39695531005384,0.618063595
3/20/2020 1:00,2020,3,20,3/20/2020,2,16.767,100.539,1.185,488.43523076219805,0.618112032
3/20/2020 2:00,2020,3,20,3/20/2020,3,15.095,99.452,1.152,488.4735192266554,0.618160486
3/20/2020 3:00,2020,3,20,3/20/2020,4,14.175,97.242,1.134,488.5118207,0.618208956
3/20/2020 4:00,2020,3,20,3/20/2020,5,12.362,100.034,1.097,488.5501351137112,0.618257443
3/20/2020 5:00,2020,3,20,3/20/2020,6,10.199,101.832,1.08,488.58846249689384,0.618305946
3/20/2020 6:00,2020,3,20,3/20/2020,7,10.003,101.014,1.08,488.6268028135581,0.618354465
3/20/2020 7:00,2020,3,20,3/20/2020,8,9.352,100.153,1.08,519.6378962590729,0.657598829
3/20/2020 8:00,2020,3,20,3/20/2020,9,7.667,102.272,1.08,594.4510718746574,0.752274482
3/20/2020 9:00,2020,3,20,3/20/2020,10,7.92,103.22,1.08,669.2642603645301,0.84695015
3/20/2020 10:00,2020,3,20,3/20/2020,11,8.2,103.215,1.08,700.2753924329021,0.886194563
3/20/2020 11:00,2020,3,20,3/20/2020,12,8.297,102.447,1.08,700.3137971209728,0.886243164
3/20/2020 12:00,2020,3,20,3/20/2020,13,10.865,102.553,1.08,700.3522146240784,0.886291781
3/20/2020 13:00,2020,3,20,3/20/2020,14,11.072,102.694,1.08,700.3906449224544,0.886340414
3/20/2020 14:00,2020,3,20,3/20/2020,15,11.842,103.119,1.087,700.429088,0.886389064
3/20/2020 15:00,2020,3,20,3/20/2020,16,14.514,101.563,1.14,700.4675438,0.886437729
3/20/2020 16:00,2020,3,20,3/20/2020,17,14.529,100.605,1.141,700.5060123914641,0.886486411
3/20/2020 17:00,2020,3,20,3/20/2020,18,13.416,101.279,1.118,700.5444937,0.886535109
3/20/2020 18:00,2020,3,20,3/20/2020,19,15.845,102.671,1.167,700.5829876511825,0.886583823
3/20/2020 19:00,2020,3,20,3/20/2020,20,17.916,100.74,1.208,634.8230189329979,0.803364953
3/20/2020 20:00,2020,3,20,3/20/2020,21,19.356,100.449,1.213,569.0630628715501,0.720146099
3/20/2020 21:00,2020,3,20,3/20/2020,22,19.47,99.471,1.213,569.1015948197887,0.720194861
3/20/2020 22:00,2020,3,20,3/20/2020,23,18.06,99.385,1.21,569.1401393851245,0.720243639
3/20/2020 23:00,2020,3,20,3/20/2020,24,18.139,100.492,1.21,529.2296222142626,0.669737105
3/21/2020 0:00,2020,3,21,3/21/2020,1,16.788,98.323,1.186,489.3191176208321,0.619230586
3/21/2020 1:00,2020,3,21,3/21/2020,2,15.294,102.101,1.156,489.3576999184555,0.619279412
3/21/2020 2:00,2020,3,21,3/21/2020,3,15.71,100.837,1.164,489.39629475381867,0.619328253
3/21/2020 3:00,2020,3,21,3/21/2020,4,14.438,100.889,1.139,489.4349021,0.61937711
3/21/2020 4:00,2020,3,21,3/21/2020,5,11.379,100.936,1.08,489.4735219583357,0.619425984
3/21/2020 5:00,2020,3,21,3/21/2020,6,10.943,99.023,1.08,489.51215428775936,0.619474873
3/21/2020 6:00,2020,3,21,3/21/2020,7,8.704,99.349,1.08,489.55079907546224,0.619523777
3/21/2020 7:00,2020,3,21,3/21/2020,8,9.086,101.524,1.08,520.5621965166565,0.658768526
3/21/2020 8:00,2020,3,21,3/21/2020,9,8.816,101.255,1.08,595.3756756524054,0.753444562
3/21/2020 9:00,2020,3,21,3/21/2020,10,8.546,101.289,1.08,670.1891671867708,0.848120614
3/21/2020 10:00,2020,3,21,3/21/2020,11,9.433,101.985,1.08,701.2006018,0.88736541
3/21/2020 11:00,2020,3,21,3/21/2020,12,9.121,102.037,1.08,701.2393086,0.887414393
3/21/2020 12:00,2020,3,21,3/21/2020,13,9.859,102.324,1.08,701.2780277242101,0.887463392
3/21/2020 13:00,2020,3,21,3/21/2020,14,11.429,100.867,1.08,701.3167591628361,0.887512407
3/21/2020 14:00,2020,3,21,3/21/2020,15,11.881,101.277,1.088,701.3555029005131,0.887561437
3/21/2020 15:00,2020,3,21,3/21/2020,16,12.743,102.468,1.105,701.3942589173091,0.887610482
3/21/2020 16:00,2020,3,21,3/21/2020,17,13.578,103.285,1.122,701.4330271932855,0.887659543
3/21/2020 17:00,2020,3,21,3/21/2020,18,16.334,102.041,1.177,701.4718077084976,0.88770862
3/21/2020 18:00,2020,3,21,3/21/2020,19,15.47,104.135,1.159,701.5106004429947,0.887757712
3/21/2020 19:00,2020,3,21,3/21/2020,20,18.355,101.361,1.211,635.75093,0.804539219
3/21/2020 20:00,2020,3,21,3/21/2020,21,18.442,100.27,1.211,569.9912717444752,0.721320742
3/21/2020 21:00,2020,3,21,3/21/2020,22,18.599,101.002,1.211,570.0301010170576,0.721369881
3/21/2020 22:00,2020,3,21,3/21/2020,23,19.999,101.095,1.214,570.0689424290579,0.721419034
3/21/2020 23:00,2020,3,21,3/21/2020,24,16.531,99.578,1.181,530.1587216270286,0.670912875
3/22/2020 0:00,2020,3,22,3/22/2020,1,15.873,100.859,1.167,490.24851292444635,0.62040673
3/22/2020 1:00,2020,3,22,3/22/2020,2,14.595,99.38,1.142,490.28739063478156,0.62045593
3/22/2020 2:00,2020,3,22,3/22/2020,3,14.336,100.997,1.137,490.3262804045678,0.620505145
3/22/2020 3:00,2020,3,22,3/22/2020,4,13.293,99.391,1.116,490.3651822,0.620554375
3/22/2020 4:00,2020,3,22,3/22/2020,5,13.303,99.939,1.116,490.40409604245883,0.62060362
3/22/2020 5:00,2020,3,22,3/22/2020,6,9.366,100.62,1.08,490.4430218705304,0.62065288
3/22/2020 6:00,2020,3,22,3/22/2020,7,8.025,98.654,1.08,490.48195967798733,0.620702156
3/22/2020 7:00,2020,3,22,3/22/2020,8,9.123,99.02,1.08,521.4936496598909,0.659947275
3/22/2020 8:00,2020,3,22,3/22/2020,9,9.238,101.733,1.08,596.3074208571538,0.754623681
3/22/2020 9:00,2020,3,22,3/22/2020,10,8.046,101.277,1.08,671.1212039736876,0.849300102
3/22/2020 10:00,2020,3,22,3/22/2020,11,8.794,103.219,1.08,702.1329297133977,0.888545266
3/22/2020 11:00,2020,3,22,3/22/2020,12,7.962,102.461,1.08,702.1719271171783,0.888594617
3/22/2020 12:00,2020,3,22,3/22/2020,13,9.437,101.953,1.08,702.2109363800603,0.888643983
3/22/2020 13:00,2020,3,22,3/22/2020,14,10.45,102.917,1.08,702.2499575,0.888693364
3/22/2020 14:00,2020,3,22,3/22/2020,15,14.006,102.98,1.13,702.2889904028477,0.88874276
3/22/2020 15:00,2020,3,22,3/22/2020,16,12.692,100.688,1.104,702.3280351225975,0.888792171
3/22/2020 16:00,2020,3,22,3/22/2020,17,13.738,101.822,1.125,702.3670916211373,0.888841596
3/22/2020 17:00,2020,3,22,3/22/2020,18,15.887,101.78,1.168,702.4061598783744,0.888891037
3/22/2020 18:00,2020,3,22,3/22/2020,19,16.594,98.536,1.182,702.4452398742094,0.888940493
3/22/2020 19:00,2020,3,22,3/22/2020,20,17.554,100.952,1.201,636.6858562157713,0.805722363
3/22/2020 20:00,2020,3,22,3/22/2020,21,17.349,99.519,1.197,570.9264842557151,0.722504248
3/22/2020 21:00,2020,3,22,3/22/2020,22,18.681,99.316,1.212,570.9655993466897,0.722553748
3/22/2020 22:00,2020,3,22,3/22/2020,23,17.504,100.378,1.2,571.0047261,0.722603263
3/22/2020 23:00,2020,3,22,3/22/2020,24,20.045,99.014,1.215,531.0947901494694,0.672097464
3/23/2020 0:00,2020,3,23,3/23/2020,1,17.193,100.347,1.194,491.18486582101036,0.62159168
3/23/2020 1:00,2020,3,23,3/23/2020,2,17.086,99.712,1.192,491.2240274237525,0.621641238
3/23/2020 2:00,2020,3,23,3/23/2020,3,13.627,100.201,1.123,491.26320060408375,0.621690812
3/23/2020 3:00,2020,3,23,3/23/2020,4,12.706,98.84,1.104,491.3023853418513,0.6217404
3/23/2020 4:00,2020,3,23,3/23/2020,5,11.954,101.307,1.089,491.3415816168958,0.621790003
3/23/2020 5:00,2020,3,23,3/23/2020,6,9.814,99.628,1.08,491.3807894090525,0.62183962
3/23/2020 6:00,2020,3,23,3/23/2020,7,9.846,99.845,1.08,491.4200086981507,0.621889252
3/23/2020 7:00,2020,3,23,3/23/2020,8,7.614,100.868,1.08,522.4319796791071,0.661134726
3/23/2020 8:00,2020,3,23,3/23/2020,9,9.878,101.64,1.08,597.2460313926895,0.755811487
3/23/2020 9:00,2020,3,23,3/23/2020,10,7.992,103.509,1.08,672.0600945426654,0.850488262
3/23/2020 10:00,2020,3,23,3/23/2020,11,7.035,101.114,1.08,703.0720998327961,0.88973378
3/23/2020 11:00,2020,3,23,3/23/2020,12,10.042,101.34,1.08,703.1113763,0.889783484
3/23/2020 12:00,2020,3,23,3/23/2020,13,8.525,101.006,1.08,703.1506641506603,0.889833203
3/23/2020 13:00,2020,3,23,3/23/2020,14,10.261,102.67,1.08,703.1899633530693,0.889882936
3/23/2020 14:00,2020,3,23,3/23/2020,15,12.498,103.174,1.1,703.2292738908407,0.889932683
3/23/2020 15:00,2020,3,23,3/23/2020,16,12.947,103.058,1.109,703.2685957437512,0.889982445
3/23/2020 16:00,2020,3,23,3/23/2020,17,14.305,100.617,1.136,703.3079288915711,0.890032221
3/23/2020 17:00,2020,3,23,3/23/2020,18,14.755,101.9,1.145,703.3472733140651,0.890082011
3/23/2020 18:00,2020,3,23,3/23/2020,19,17.625,101.822,1.202,703.386629,0.890131815
3/23/2020 19:00,2020,3,23,3/23/2020,20,20.053,100.884,1.215,637.6275205293389,0.806914034
3/23/2020 20:00,2020,3,23,3/23/2020,21,19.173,98.395,1.213,571.8684232816191,0.723696267
3/23/2020 21:00,2020,3,23,3/23/2020,22,18.159,99.933,1.21,571.9078126003404,0.723746114
3/23/2020 22:00,2020,3,23,3/23/2020,23,17.477,99.449,1.2,571.9472130924723,0.723795975
3/23/2020 23:00,2020,3,23,3/23/2020,24,17.138,100.419,1.193,532.0375504,0.673290522
3/24/2020 0:00,2020,3,24,3/24/2020,1,17.329,99.417,1.197,492.1278988489524,0.622785083
3/24/2020 1:00,2020,3,24,3/24/2020,2,15.325,99.46,1.156,492.16733273967355,0.622834986
3/24/2020 2:00,2020,3,24,3/24/2020,3,14.833,100.043,1.147,492.20677772269113,0.622884903
3/24/2020 3:00,2020,3,24,3/24/2020,4,12.407,98.436,1.098,492.2462337777123,0.622934835
3/24/2020 4:00,2020,3,24,3/24/2020,5,12.296,99.654,1.096,492.2857008844384,0.62298478
3/24/2020 5:00,2020,3,24,3/24/2020,6,11.137,101.294,1.08,492.3251790225653,0.62303474
3/24/2020 6:00,2020,3,24,3/24/2020,7,8.494,99.561,1.08,492.3646681717829,0.623084713
3/24/2020 7:00,2020,3,24,3/24/2020,8,8.868,99.318,1.08,523.3769085268694,0.662330528
3/24/2020 8:00,2020,3,24,3/24/2020,9,8.386,102.729,1.08,598.1912291284541,0.757007629
3/24/2020 9:00,2020,3,24,3/24/2020,10,8.568,102.851,1.08,673.0055606801659,0.851684744
3/24/2020 10:00,2020,3,24,3/24/2020,11,8.096,103.23,1.08,704.0178338856281,0.890930601
3/24/2020 11:00,2020,3,24,3/24/2020,12,9.924,102.668,1.08,704.0573777854531,0.890980644
3/24/2020 12:00,2020,3,24,3/24/2020,13,8.63,102.52,1.08,704.0969326,0.8910307
3/24/2020 13:00,2020,3,24,3/24/2020,14,11.614,101.648,1.082,704.1364982320922,0.89108077
3/24/2020 14:00,2020,3,24,3/24/2020,15,12.687,102.311,1.104,704.1760747382018,0.891130854
3/24/2020 15:00,2020,3,24,3/24/2020,16,15.32,101.258,1.156,704.2156620723592,0.891180952
3/24/2020 16:00,2020,3,24,3/24/2020,17,15.151,101.768,1.153,704.2552602141986,0.891231063
3/24/2020 17:00,2020,3,24,3/24/2020,18,16.817,103.053,1.186,704.2948691,0.891281188
3/24/2020 18:00,2020,3,24,3/24/2020,19,16.641,101.102,1.183,704.3344888394304,0.891331326
3/24/2020 19:00,2020,3,24,3/24/2020,20,16.833,102.89,1.187,638.5756439,0.808113879
3/24/2020 20:00,2020,3,24,3/24/2020,21,19.303,99.329,1.213,572.8168097053253,0.724896445
3/24/2020 21:00,2020,3,24,3/24/2020,22,18.904,100.13,1.212,572.8564616,0.724946624
3/24/2020 22:00,2020,3,24,3/24/2020,23,18.663,99.888,1.211,572.8961241398196,0.724996817
3/24/2020 23:00,2020,3,24,3/24/2020,24,16.522,100.584,1.18,532.986723,0.674491694
3/25/2020 0:00,2020,3,25,3/25/2020,1,17.609,102.459,1.202,493.0773325672342,0.623986586
3/25/2020 1:00,2020,3,25,3/25/2020,2,16.366,100.915,1.177,493.11702706082144,0.624036819
3/25/2020 2:00,2020,3,25,3/25/2020,3,16.016,101.39,1.17,493.1567321581257,0.624087065
3/25/2020 3:00,2020,3,25,3/25/2020,4,13.072,100.465,1.111,493.1964478387198,0.624137325
3/25/2020 4:00,2020,3,25,3/25/2020,5,11.383,99.18,1.08,493.2361741,0.624187599
3/25/2020 5:00,2020,3,25,3/25/2020,6,10.109,98.596,1.08,493.27591086804466,0.624237885
3/25/2020 6:00,2020,3,25,3/25/2020,7,9.375,101.626,1.08,493.31565817589467,0.624288185
3/25/2020 7:00,2020,3,25,3/25/2020,8,9.973,99.265,1.08,524.3281562003674,0.663534327
3/25/2020 8:00,2020,3,25,3/25/2020,9,7.957,99.647,1.08,599.1427339819594,0.758211753
3/25/2020 9:00,2020,3,25,3/25/2020,10,5.987,101.253,1.08,673.9573222241675,0.852889193
3/25/2020 10:00,2020,3,25,3/25/2020,11,8.38,99.079,1.08,704.9698516304829,0.892135375
3/25/2020 11:00,2020,3,25,3/25/2020,12,9.844,100.9,1.08,705.0096512413863,0.892185741
3/25/2020 12:00,2020,3,25,3/25/2020,13,9.551,101.006,1.08,705.0494613,0.89223612
3/25/2020 13:00,2020,3,25,3/25/2020,14,10.086,98.246,1.08,705.0892816403311,0.892286513
3/25/2020 14:00,2020,3,25,3/25/2020,15,13.547,99.105,1.121,705.1291124,0.892336918
3/25/2020 15:00,2020,3,25,3/25/2020,16,14.849,100.595,1.147,705.1689534722291,0.892387337
3/25/2020 16:00,2020,3,25,3/25/2020,17,13.978,99.28,1.13,705.2088048743038,0.892437768
3/25/2020 17:00,2020,3,25,3/25/2020,18,14.977,99.418,1.15,705.2486665731283,0.892488213
3/25/2020 18:00,2020,3,25,3/25/2020,19,18.13,99.429,1.21,705.2885385481951,0.892538671
3/25/2020 19:00,2020,3,25,3/25/2020,20,17.221,101.825,1.194,639.5299454062258,0.809321542
3/25/2020 20:00,2020,3,25,3/25/2020,21,17.985,99.82,1.21,573.7713624994685,0.726104426
3/25/2020 21:00,2020,3,25,3/25/2020,22,17.924,99.824,1.208,573.8112651801664,0.726154922
3/25/2020 22:00,2020,3,25,3/25/2020,23,19.601,99.511,1.214,573.8511781,0.726205432
3/25/2020 23:00,2020,3,25,3/25/2020,24,18.069,100.241,1.21,533.9420267700455,0.675700626
3/26/2020 0:00,2020,3,26,3/26/2020,1,17.018,99.257,1.19,494.0328856381544,0.625195833
3/26/2020 1:00,2020,3,26,3/26/2020,2,15.379,98.842,1.158,494.07282897227276,0.625246381
3/26/2020 2:00,2020,3,26,3/26/2020,3,15.626,98.684,1.163,494.11278241838625,0.625296942
3/26/2020 3:00,2020,3,26,3/26/2020,4,14.129,100.192,1.133,494.1527459559402,0.625347515
3/26/2020 4:00,2020,3,26,3/26/2020,5,12.836,99.379,1.107,494.1927195643751,0.625398102
3/26/2020 5:00,2020,3,26,3/26/2020,6,9.823,100.915,1.08,494.23270322312624,0.625448701
3/26/2020 6:00,2020,3,26,3/26/2020,7,8.452,101.078,1.08,494.27269691162354,0.625499313
3/26/2020 7:00,2020,3,26,3/26/2020,8,9.06,99.716,1.08,525.2854408243854,0.664745765
3/26/2020 8:00,2020,3,26,3/26/2020,9,8.79,97.841,1.08,600.1002640017821,0.759423502
3/26/2020 9:00,2020,3,26,3/26/2020,10,8.605,100.983,1.08,674.9150971471842,0.854101252
3/26/2020 10:00,2020,3,26,3/26/2020,11,9.658,100.85,1.08,705.9278709639568,0.893347743
3/26/2020 11:00,2020,3,26,3/26/2020,12,8.635,100.025,1.08,705.9679144924548,0.893398417
3/26/2020 12:00,2020,3,26,3/26/2020,13,10.774,99.77,1.08,706.0079679271711,0.893449105
3/26/2020 13:00,2020,3,26,3/26/2020,14,9.296,99.687,1.08,706.0480312474998,0.893499805
3/26/2020 14:00,2020,3,26,3/26/2020,15,10.997,102.294,1.08,706.0881044328298,0.893550517
3/26/2020 15:00,2020,3,26,3/26/2020,16,13.721,99.531,1.124,706.1281874625452,0.893601242
3/26/2020 16:00,2020,3,26,3/26/2020,17,15.04,100.037,1.151,706.1682803160248,0.893651979
3/26/2020 17:00,2020,3,26,3/26/2020,18,16.699,101.681,1.184,706.2083829726425,0.893702729
3/26/2020 18:00,2020,3,26,3/26/2020,19,18.698,99.743,1.212,706.2484954117671,0.893753491
3/26/2020 19:00,2020,3,26,3/26/2020,20,18.05,100.243,1.21,640.4901422399962,0.810536666
3/26/2020 20:00,2020,3,26,3/26/2020,21,18.59,101.691,1.211,574.7317988094546,0.727319853
3/26/2020 21:00,2020,3,26,3/26/2020,22,18.472,100.461,1.211,574.7719404722623,0.727370652
3/26/2020 22:00,2020,3,26,3/26/2020,23,18.377,99.131,1.211,574.8120918350018,0.727421463
3/26/2020 23:00,2020,3,26,3/26/2020,24,19.009,99.342,1.212,534.9031785435516,0.676916958
3/27/2020 0:00,2020,3,27,3/27/2020,1,17.031,101.998,1.191,494.9942749107158,0.626412465
3/27/2020 1:00,2020,3,27,3/27/2020,2,16.417,100.783,1.178,495.03445524929316,0.626463313
3/27/2020 2:00,2020,3,27,3/27/2020,3,14.664,99.582,1.143,495.0746452051475,0.626514174
3/27/2020 3:00,2020,3,27,3/27/2020,4,13.564,100.741,1.121,495.11484475760267,0.626565046
3/27/2020 4:00,2020,3,27,3/27/2020,5,12.805,100.737,1.106,495.1550538859775,0.62661593
3/27/2020 5:00,2020,3,27,3/27/2020,6,11.141,99.73,1.08,495.1952725695861,0.626666827
3/27/2020 6:00,2020,3,27,3/27/2020,7,11.217,98.895,1.08,495.2355007877376,0.626717735
3/27/2020 7:00,2020,3,27,3/27/2020,8,8.912,100.932,1.08,526.2484787348296,0.665964484
3/27/2020 8:00,2020,3,27,3/27/2020,9,9.055,102.835,1.08,601.0635354511123,0.760642517
3/27/2020 9:00,2020,3,27,3/27/2020,10,6.87,101.523,1.08,675.8786016398358,0.855320562
3/27/2020 10:00,2020,3,27,3/27/2020,11,8.575,102.056,1.08,706.8916080042453,0.894567346
3/27/2020 11:00,2020,3,27,3/27/2020,12,9.195,101.239,1.08,706.9318835845763,0.894618315
3/27/2020 12:00,2020,3,27,3/27/2020,13,9.112,103.375,1.08,706.9721685752021,0.894669295
3/27/2020 13:00,2020,3,27,3/27/2020,14,11.846,101.993,1.087,707.0124629553977,0.894720288
3/27/2020 14:00,2020,3,27,3/27/2020,15,12.354,102.498,1.097,707.0527667044333,0.894771292
3/27/2020 15:00,2020,3,27,3/27/2020,16,12.935,101.761,1.109,707.0930798015743,0.894822308
3/27/2020 16:00,2020,3,27,3/27/2020,17,15.552,101.79,1.161,707.1334022260812,0.894873336
3/27/2020 17:00,2020,3,27,3/27/2020,18,17.565,101.442,1.201,707.1737339572096,0.894924375
3/27/2020 18:00,2020,3,27,3/27/2020,19,16.328,101.309,1.177,707.2140749742103,0.894975426
3/27/2020 19:00,2020,3,27,3/27/2020,20,18.678,101.587,1.212,641.4559498835638,0.81175889
3/27/2020 20:00,2020,3,27,3/27/2020,21,19.299,101.181,1.213,575.6978340372773,0.728542365
3/27/2020 21:00,2020,3,27,3/27/2020,22,17.757,101.103,1.205,575.7382027873537,0.728593451
3/27/2020 22:00,2020,3,27,3/27/2020,23,18.557,98.72,1.211,575.7785807402587,0.728644549
3/27/2020 23:00,2020,3,27,3/27/2020,24,17.252,100.25,1.195,535.8698935417543,0.67814033
3/28/2020 0:00,2020,3,28,3/28/2020,1,18.126,99.986,1.21,495.96121550452824,0.627636123
3/28/2020 1:00,2020,3,28,3/28/2020,2,17.279,99.166,1.196,496.00162094126324,0.627687256
3/28/2020 2:00,2020,3,28,3/28/2020,3,15.158,100.62,1.153,496.0420354977072,0.627738401
3/28/2020 3:00,2020,3,28,3/28/2020,4,14.858,100.55,1.147,496.0824591530685,0.627789556
3/28/2020 4:00,2020,3,28,3/28/2020,5,11.38,99.776,1.08,496.1228918865507,0.627840724
3/28/2020 5:00,2020,3,28,3/28/2020,6,11.78,101.089,1.086,496.16333367735285,0.627891903
3/28/2020 6:00,2020,3,28,3/28/2020,7,8.103,100.409,1.08,496.2037845046694,0.627943093
3/28/2020 7:00,2020,3,28,3/28/2020,8,8.863,100.71,1.08,527.2169845627834,0.667190123
3/28/2020 8:00,2020,3,28,3/28/2020,9,8.633,102.308,1.08,602.0322628918304,0.761868436
3/28/2020 9:00,2020,3,28,3/28/2020,10,8.957,102.628,1.08,676.8475501949468,0.856546761
3/28/2020 10:00,2020,3,28,3/28/2020,11,7.99,100.99,1.08,707.8607771752644,0.895793824
3/28/2020 11:00,2020,3,28,3/28/2020,12,8.83,102.132,1.08,707.9012728729047,0.895845072
3/28/2020 12:00,2020,3,28,3/28/2020,13,10.251,102.228,1.08,707.9417774821277,0.89589633
3/28/2020 13:00,2020,3,28,3/28/2020,14,9.687,101.908,1.08,707.982291,0.8959476
3/28/2020 14:00,2020,3,28,3/28/2020,15,12.928,102.72,1.109,708.0228133519665,0.89599888
3/28/2020 15:00,2020,3,28,3/28/2020,16,13.841,102.691,1.127,708.0633445708922,0.896050172
3/28/2020 16:00,2020,3,28,3/28/2020,17,16.046,102.746,1.171,708.1038846180215,0.896101476
3/28/2020 17:00,2020,3,28,3/28/2020,18,16.075,101.208,1.171,708.1444334724981,0.89615279
3/28/2020 18:00,2020,3,28,3/28/2020,19,17.863,99.399,1.207,708.1849911134615,0.896204115
3/28/2020 19:00,2020,3,28,3/28/2020,20,18.865,102.551,1.212,642.4270821472799,0.812987852
3/28/2020 20:00,2020,3,28,3/28/2020,21,18.808,100.502,1.212,576.6691819258497,0.7297716
3/28/2020 21:00,2020,3,28,3/28/2020,22,18.199,100.282,1.21,576.7097658,0.729822959
3/28/2020 22:00,2020,3,28,3/28/2020,23,18.302,98.541,1.211,576.7503583792748,0.729874328
3/28/2020 23:00,2020,3,28,3/28/2020,24,20.722,100.874,1.216,536.8418853061364,0.679370381
3/29/2020 0:00,2020,3,29,3/29/2020,1,16.936,99.714,1.189,496.9334208942256,0.628866444
3/29/2020 1:00,2020,3,29,3/29/2020,2,16.697,102.011,1.184,496.97403945611524,0.628917846
3/29/2020 2:00,2020,3,29,3/29/2020,3,15.863,99.425,1.167,497.01466663744355,0.62896926
3/29/2020 3:00,2020,3,29,3/29/2020,4,14.28,100.265,1.136,497.05530241730946,0.629020684
3/29/2020 4:00,2020,3,29,3/29/2020,5,12.433,100.785,1.099,497.0959467748076,0.629072119
3/29/2020 5:00,2020,3,29,3/29/2020,6,10.611,96.505,1.08,497.13659968902783,0.629123565
3/29/2020 6:00,2020,3,29,3/29/2020,7,10.172,100.967,1.08,497.17726113905616,0.629175022
3/29/2020 7:00,2020,3,29,3/29/2020,8,7.887,99.003,1.08,528.1906713190673,0.668422318
3/29/2020 8:00,2020,3,29,3/29/2020,9,8.759,100.313,1.08,603.0061592690888,0.763100896
3/29/2020 9:00,2020,3,29,3/29/2020,10,7.043,101.227,1.08,677.8216557,0.857779486
3/29/2020 10:00,2020,3,29,3/29/2020,11,9.15,100.3,1.08,708.8350912912722,0.897026814
3/29/2020 11:00,2020,3,29,3/29/2020,12,8.782,102.301,1.08,708.8757951064724,0.897078324
3/29/2020 12:00,2020,3,29,3/29/2020,13,9.199,101.598,1.08,708.9165073319032,0.897129845
3/29/2020 13:00,2020,3,29,3/29/2020,14,9.38,102.146,1.08,708.9572279466195,0.897181377
3/29/2020 14:00,2020,3,29,3/29/2020,15,11.905,99.429,1.088,708.9979569296721,0.897232919
3/29/2020 15:00,2020,3,29,3/29/2020,16,13.695,101.977,1.124,709.0386942601078,0.897284472
3/29/2020 16:00,2020,3,29,3/29/2020,17,13.157,103.353,1.113,709.0794399169688,0.897336035
3/29/2020 17:00,2020,3,29,3/29/2020,18,16.042,102.322,1.171,709.1201938792931,0.897387609
3/29/2020 18:00,2020,3,29,3/29/2020,19,17.575,103.03,1.202,709.1609561261143,0.897439194
3/29/2020 19:00,2020,3,29,3/29/2020,20,17.503,101.778,1.2,643.4032512636959,0.814223189
3/29/2020 20:00,2020,3,29,3/29/2020,21,18.88,98.931,1.212,577.6455546438292,0.731007194
3/29/2020 21:00,2020,3,29,3/29/2020,22,19.113,99.849,1.212,577.6863416183011,0.73105881
3/29/2020 22:00,2020,3,29,3/29/2020,23,18.7,100.41,1.212,577.7271367933625,0.731110436
3/29/2020 23:00,2020,3,29,3/29/2020,24,17.653,99.632,1.203,537.8188658145606,0.680606744
3/30/2020 0:00,2020,3,30,3/30/2020,1,16.659,98.773,1.183,497.91060299436896,0.630103062
3/30/2020 1:00,2020,3,30,3/30/2020,2,15.573,100.27,1.161,497.9514226452567,0.630154719
3/30/2020 2:00,2020,3,30,3/30/2020,3,14.735,101.782,1.145,497.9922504127587,0.630206387
3/30/2020 3:00,2020,3,30,3/30/2020,4,13.483,100.602,1.12,498.03308627587074,0.630258064
3/30/2020 4:00,2020,3,30,3/30/2020,5,11.518,102.004,1.08,498.0739302135844,0.630309752
3/30/2020 5:00,2020,3,30,3/30/2020,6,11.172,98.003,1.08,498.11478220488704,0.63036145
3/30/2020 6:00,2020,3,30,3/30/2020,7,7.984,98.906,1.08,498.15564222876196,0.630413158
3/30/2020 7:00,2020,3,30,3/30/2020,8,7.498,101.009,1.08,529.1692504792819,0.669660704
3/30/2020 8:00,2020,3,30,3/30/2020,9,7.919,102.224,1.08,603.9849359963725,0.764339533
3/30/2020 9:00,2020,3,30,3/30/2020,10,7.466,102.371,1.08,678.8006294829605,0.859018371
3/30/2020 10:00,2020,3,30,3/30/2020,11,8.894,102.691,1.08,709.8142616419686,0.898265948
3/30/2020 11:00,2020,3,30,3/30/2020,12,6.2,102.347,1.08,709.8551615133101,0.898317707
3/30/2020 12:00,2020,3,30,3/30/2020,13,9.383,100.223,1.08,709.8960692910373,0.898369475
3/30/2020 13:00,2020,3,30,3/30/2020,14,10.747,102.526,1.08,709.9369849541048,0.898421254
3/30/2020 14:00,2020,3,30,3/30/2020,15,13.021,102.363,1.11,709.9779085,0.898473042
3/30/2020 15:00,2020,3,30,3/30/2020,16,13.588,101.729,1.122,710.0188398520584,0.898524841
3/30/2020 16:00,2020,3,30,3/30/2020,17,15.194,101.552,1.154,710.0597790448336,0.898576649
3/30/2020 17:00,2020,3,30,3/30/2020,18,16.249,100.465,1.175,710.1007260387269,0.898628467
3/30/2020 18:00,2020,3,30,3/30/2020,19,17.828,100.698,1.207,710.1416808126726,0.898680295
3/30/2020 19:00,2020,3,30,3/30/2020,20,19.839,103.43,1.214,644.3841679728354,0.815464533
3/30/2020 20:00,2020,3,30,3/30/2020,21,19.796,99.297,1.214,578.6266628709072,0.732248781
3/30/2020 21:00,2020,3,30,3/30/2020,22,20.608,100.283,1.216,578.6676408585772,0.732300639
3/30/2020 22:00,2020,3,30,3/30/2020,23,18.996,98.317,1.212,578.7086265419975,0.732352506
3/30/2020 23:00,2020,3,30,3/30/2020,24,17.909,98.441,1.208,538.8005455666175,0.681849054
3/31/2020 0:00,2020,3,31,3/31/2020,1,18.411,100.345,1.211,498.8924722448127,0.631345612
3/31/2020 1:00,2020,3,31,3/31/2020,2,15.011,99.24,1.15,498.9334808889551,0.631397508
3/31/2020 2:00,2020,3,31,3/31/2020,3,14.036,100.112,1.131,498.97449714448226,0.631449414
3/31/2020 3:00,2020,3,31,3/31/2020,4,13.907,99.106,1.128,499.0155209902928,0.63150133
3/31/2020 4:00,2020,3,31,3/31/2020,5,10.977,100.485,1.08,499.0565524052817,0.631553255
3/31/2020 5:00,2020,3,31,3/31/2020,6,11.746,100.981,1.085,499.0975914,0.631605189
3/31/2020 6:00,2020,3,31,3/31/2020,7,9.431,99.082,1.08,499.1386378583546,0.631657133
3/31/2020 7:00,2020,3,31,3/31/2020,8,9.888,100.353,1.08,530.1524320693026,0.670904915
3/31/2020 8:00,2020,3,31,3/31/2020,9,6.642,101.714,1.08,604.9683030410135,0.765583978
3/31/2020 9:00,2020,3,31,3/31/2020,10,9.514,103.901,1.08,679.7841814763192,0.860263051
3/31/2020 10:00,2020,3,31,3/31/2020,11,8.384,104.317,1.08,710.7979980780468,0.899510861
3/31/2020 11:00,2020,3,31,3/31/2020,12,8.583,101.028,1.08,710.8390819,0.899562852
3/31/2020 12:00,2020,3,31,3/31/2020,13,10.507,103.589,1.08,710.8801730941813,0.899614853
3/31/2020 13:00,2020,3,31,3/31/2020,14,9.536,101.203,1.08,710.9212716814058,0.899666863
3/31/2020 14:00,2020,3,31,3/31/2020,15,11.011,101.013,1.08,710.9623776265452,0.899718882
3/31/2020 15:00,2020,3,31,3/31/2020,16,13.982,103.481,1.13,711.0034909084518,0.899770911
3/31/2020 16:00,2020,3,31,3/31/2020,17,14.908,102.795,1.148,711.0446115059747,0.899822949
3/31/2020 17:00,2020,3,31,3/31/2020,18,16.282,101.176,1.176,711.0857393979591,0.899874996
3/31/2020 18:00,2020,3,31,3/31/2020,19,16.595,101.423,1.182,711.1268746,0.899927052
3/31/2020 19:00,2020,3,31,3/31/2020,20,16.304,102.192,1.176,645.3695416079072,0.816711518
3/31/2020 20:00,2020,3,31,3/31/2020,21,18.465,100.962,1.211,579.6122158835425,0.733495993
3/31/2020 21:00,2020,3,31,3/31/2020,22,17.126,99.861,1.193,579.6533727417483,0.733548077
3/31/2020 22:00,2020,3,31,3/31/2020,23,17.79,99.568,1.206,579.6945368,0.73360017
3/31/2020 23:00,2020,3,31,3/31/2020,24,18.478,100.195,1.211,539.7866336694099,0.683096943
4/1/2020 0:00,2020,4,1,4/1/2020,1,18.647,99.865,1.211,511.8199919267543,0.647705316
4/1/2020 1:00,2020,4,1,4/1/2020,2,18.161,98.883,1.21,511.8611774124049,0.647757436
4/1/2020 2:00,2020,4,1,4/1/2020,3,17.833,101.235,1.207,511.9023700019555,0.647809565
4/1/2020 3:00,2020,4,1,4/1/2020,4,14.364,98.797,1.137,511.94356967421373,0.647861702
4/1/2020 4:00,2020,4,1,4/1/2020,5,14.371,99.526,1.137,511.9847764079841,0.647913849
4/1/2020 5:00,2020,4,1,4/1/2020,6,11.073,101.169,1.08,512.0259901820675,0.647966005
4/1/2020 6:00,2020,4,1,4/1/2020,7,10.752,99.315,1.08,512.0672109752611,0.64801817
4/1/2020 7:00,2020,4,1,4/1/2020,8,9.189,98.873,1.08,544.5119795038838,0.689076842
4/1/2020 8:00,2020,4,1,4/1/2020,9,9.306,100.948,1.08,622.7822817891179,0.788127468
4/1/2020 9:00,2020,4,1,4/1/2020,10,8.359,100.739,1.08,701.0525910298319,0.887178103
4/1/2020 10:00,2020,4,1,4/1/2020,11,9.866,100.055,1.08,733.4973804248912,0.928236801
4/1/2020 11:00,2020,4,1,4/1/2020,12,9.374,100.831,1.08,733.5386359954668,0.92828901
4/1/2020 12:00,2020,4,1,4/1/2020,13,11.025,100.03,1.08,733.5798984578605,0.928341228
4/1/2020 13:00,2020,4,1,4/1/2020,14,12.227,100.59,1.095,733.6211677908439,0.928393454
4/1/2020 14:00,2020,4,1,4/1/2020,15,13.55,101.21,1.121,733.6624439731855,0.928445688
4/1/2020 15:00,2020,4,1,4/1/2020,16,13.681,100.188,1.124,733.7037269836508,0.928497932
4/1/2020 16:00,2020,4,1,4/1/2020,17,17.595,98.561,1.202,733.7450168,0.928550184
4/1/2020 17:00,2020,4,1,4/1/2020,18,17.96,98.676,1.209,733.7863134039943,0.928602444
4/1/2020 18:00,2020,4,1,4/1/2020,19,19.518,99.493,1.213,733.8276167713852,0.928654714
4/1/2020 19:00,2020,4,1,4/1/2020,20,20.93,100.329,1.217,665.0308595232777,0.841592805
4/1/2020 20:00,2020,4,1,4/1/2020,21,20.238,99.558,1.215,596.2341089970664,0.754530905
4/1/2020 21:00,2020,4,1,4/1/2020,22,20.79,100.739,1.216,596.2754325301428,0.7545832
4/1/2020 22:00,2020,4,1,4/1/2020,23,20.303,100.214,1.215,596.3167627426003,0.754635503
4/1/2020 23:00,2020,4,1,4/1/2020,24,20.495,99.822,1.216,554.5635587168547,0.701797058
4/2/2020 0:00,2020,4,2,4/2/2020,1,18.648,100.698,1.211,512.8103613279613,0.648958622
4/2/2020 1:00,2020,4,2,4/2/2020,2,18.467,99.105,1.211,512.8517114509722,0.649010951
4/2/2020 2:00,2020,4,2,4/2/2020,3,15.975,100.633,1.17,512.8930681682928,0.649063287
4/2/2020 3:00,2020,4,2,4/2/2020,4,15.538,99.771,1.161,512.9344314586466,0.649115632
4/2/2020 4:00,2020,4,2,4/2/2020,5,13.107,100.566,1.112,512.9758013,0.649167986
4/2/2020 5:00,2020,4,2,4/2/2020,6,12.583,100.961,1.102,513.0171776733318,0.649220347
4/2/2020 6:00,2020,4,2,4/2/2020,7,11.259,98.779,1.08,513.0585605550937,0.649272717
4/2/2020 7:00,2020,4,2,4/2/2020,8,10.057,99.504,1.08,545.5034907,0.690331593
4/2/2020 8:00,2020,4,2,4/2/2020,9,9.59,101.813,1.08,623.773954,0.789382424
4/2/2020 9:00,2020,4,2,4/2/2020,10,10.207,100.582,1.08,702.0444238149795,0.888433262
4/2/2020 10:00,2020,4,2,4/2/2020,11,9.072,100.852,1.08,734.4893733,0.929492163
4/2/2020 11:00,2020,4,2,4/2/2020,12,9.908,99.415,1.08,734.5307883663386,0.929544573
4/2/2020 12:00,2020,4,2,4/2/2020,13,10.363,98.719,1.08,734.5722098560011,0.929596992
4/2/2020 13:00,2020,4,2,4/2/2020,14,12.08,99.296,1.092,734.6136377057493,0.929649419
4/2/2020 14:00,2020,4,2,4/2/2020,15,13.624,101.348,1.122,734.6550718942699,0.929701853
4/2/2020 15:00,2020,4,2,4/2/2020,16,15.194,99.168,1.154,734.6965124002467,0.929754296
4/2/2020 16:00,2020,4,2,4/2/2020,17,17.412,100.325,1.198,734.7379592023601,0.929806747
4/2/2020 17:00,2020,4,2,4/2/2020,18,18.051,99.827,1.21,734.7794122792877,0.929859206
4/2/2020 18:00,2020,4,2,4/2/2020,19,17.113,101.327,1.192,734.8208716097034,0.929911672
4/2/2020 19:00,2020,4,2,4/2/2020,20,20.273,102.128,1.215,666.0242698136309,0.84284996
4/2/2020 20:00,2020,4,2,4/2/2020,21,21.456,100.271,1.218,597.2276742283849,0.755788256
4/2/2020 21:00,2020,4,2,4/2/2020,22,21.214,99.206,1.217,597.2691521912772,0.755840746
4/2/2020 22:00,2020,4,2,4/2/2020,23,21.275,100.329,1.217,597.3106363223216,0.755893244
4/2/2020 23:00,2020,4,2,4/2/2020,24,18.862,100.999,1.212,555.5575857038548,0.703054994
4/3/2020 0:00,2020,4,3,4/3/2020,1,18.275,98.409,1.211,513.8045412108535,0.650216751
4/3/2020 1:00,2020,4,3,4/3/2020,2,18.88,100.615,1.212,513.8460437182905,0.650269273
4/3/2020 2:00,2020,4,3,4/3/2020,3,16.244,100.415,1.175,513.8875523084931,0.650321802
4/3/2020 3:00,2020,4,3,4/3/2020,4,14.435,100.202,1.139,513.929067,0.650374338
4/3/2020 4:00,2020,4,3,4/3/2020,5,12.693,99.757,1.104,513.9705876517744,0.650426882
4/3/2020 5:00,2020,4,3,4/3/2020,6,14.385,100.266,1.138,514.0121143621344,0.650479434
4/3/2020 6:00,2020,4,3,4/3/2020,7,10.593,99.671,1.08,514.0536470698235,0.650531994
4/3/2020 7:00,2020,4,3,4/3/2020,8,9.29,98.839,1.08,546.4987264910001,0.691591059
4/3/2020 8:00,2020,4,3,4/3/2020,9,9.989,102.357,1.08,624.7693386466864,0.790642077
4/3/2020 9:00,2020,4,3,4/3/2020,10,9.545,103.338,1.08,703.0399567355917,0.889693103
4/3/2020 10:00,2020,4,3,4/3/2020,11,9.704,100.882,1.08,735.4850539564222,0.930752191
4/3/2020 11:00,2020,4,3,4/3/2020,12,8.555,100.521,1.08,735.5266163301911,0.930804788
4/3/2020 12:00,2020,4,3,4/3/2020,13,10.256,101.771,1.08,735.5681845730415,0.930857392
4/3/2020 13:00,2020,4,3,4/3/2020,14,13.608,101.794,1.122,735.6097586635885,0.930910004
4/3/2020 14:00,2020,4,3,4/3/2020,15,13.979,99.731,1.13,735.6513385804435,0.930962623
4/3/2020 15:00,2020,4,3,4/3/2020,16,12.948,101.104,1.109,735.6929243022156,0.93101525
4/3/2020 16:00,2020,4,3,4/3/2020,17,15.588,103.917,1.162,735.7345158075104,0.931067884
4/3/2020 17:00,2020,4,3,4/3/2020,18,18.05,102.634,1.21,735.7761130749311,0.931120525
4/3/2020 18:00,2020,4,3,4/3/2020,19,19.095,101.627,1.212,735.8177160830771,0.931173173
4/3/2020 19:00,2020,4,3,4/3/2020,20,20.509,103.141,1.216,667.0212574518986,0.844111642
4/3/2020 20:00,2020,4,3,4/3/2020,21,20.441,99.541,1.215,598.2248045186363,0.757050119
4/3/2020 21:00,2020,4,3,4/3/2020,22,20.276,100.402,1.215,598.2664246205288,0.757102789
4/3/2020 22:00,2020,4,3,4/3/2020,23,19.772,99.921,1.214,598.3080503775168,0.757155466
4/3/2020 23:00,2020,4,3,4/3/2020,24,19.54,101.455,1.213,556.5551408718643,0.704317394
4/4/2020 0:00,2020,4,4,4/4/2020,1,20.055,101.837,1.215,514.8022369784749,0.65147933
4/4/2020 1:00,2020,4,4,4/4/2020,2,18.579,100.341,1.211,514.8438795722495,0.651532028
4/4/2020 2:00,2020,4,4,4/4/2020,3,16.761,99.549,1.185,514.8855277354432,0.651584734
4/4/2020 3:00,2020,4,4,4/4/2020,4,13.448,99.691,1.119,514.9271814466298,0.651637446
4/4/2020 4:00,2020,4,4,4/4/2020,5,13.565,99.304,1.121,514.9688407,0.651690166
4/4/2020 5:00,2020,4,4,4/4/2020,6,11.837,101.918,1.087,515.0105054272619,0.651742892
4/4/2020 6:00,2020,4,4,4/4/2020,7,10.517,100.278,1.08,515.0521756538405,0.651795626
4/4/2020 7:00,2020,4,4,4/4/2020,8,9.802,101.012,1.08,547.4973920802038,0.692854864
4/4/2020 8:00,2020,4,4,4/4/2020,9,9.562,102.009,1.08,625.7681407273036,0.791906056
4/4/2020 9:00,2020,4,4,4/4/2020,10,8.489,103.454,1.08,704.0388947937786,0.890957254
4/4/2020 10:00,2020,4,4,4/4/2020,11,9.257,101.715,1.08,736.4841274782655,0.932016513
4/4/2020 11:00,2020,4,4,4/4/2020,12,11.185,101.041,1.08,736.5258248017074,0.932069281
4/4/2020 12:00,2020,4,4,4/4/2020,13,10.625,102.426,1.08,736.5675274801781,0.932122055
4/4/2020 13:00,2020,4,4,4/4/2020,14,11.712,102.027,1.084,736.6092354922235,0.932174836
4/4/2020 14:00,2020,4,4,4/4/2020,15,13.135,100.809,1.113,736.6509488163864,0.932227624
4/4/2020 15:00,2020,4,4,4/4/2020,16,15.452,105.094,1.159,736.6926674312069,0.932280419
4/4/2020 16:00,2020,4,4,4/4/2020,17,15.797,101.131,1.166,736.7343913152224,0.93233322
4/4/2020 17:00,2020,4,4,4/4/2020,18,18.271,102.254,1.211,736.7761204,0.932386028
4/4/2020 18:00,2020,4,4,4/4/2020,19,18.795,102.54,1.212,736.8178548049752,0.932438843
4/4/2020 19:00,2020,4,4,4/4/2020,20,19.77,101.737,1.214,668.0215270091267,0.845377478
4/4/2020 20:00,2020,4,4,4/4/2020,21,21.079,99.493,1.217,599.2252043965958,0.758316119
4/4/2020 21:00,2020,4,4,4/4/2020,22,21.846,101.041,1.219,599.2669543045541,0.758368954
4/4/2020 22:00,2020,4,4,4/4/2020,23,20.517,99.569,1.216,599.3087093528757,0.758421794
4/4/2020 23:00,2020,4,4,4/4/2020,24,20.109,100.665,1.215,557.5559286237576,0.705583886
4/5/2020 0:00,2020,4,5,4/5/2020,1,17.99,101.49,1.21,515.8031529920377,0.652745983
4/5/2020 1:00,2020,4,5,4/5/2020,2,17.608,100.396,1.202,515.8449233325506,0.652798844
4/5/2020 2:00,2020,4,5,4/5/2020,3,17.209,100.2,1.194,515.8866987274857,0.65285171
4/5/2020 3:00,2020,4,5,4/5/2020,4,15.601,99.634,1.162,515.9284791553516,0.652904583
4/5/2020 4:00,2020,4,5,4/5/2020,5,13.35,100.566,1.117,515.9702645946534,0.652957462
4/5/2020 5:00,2020,4,5,4/5/2020,6,12.475,100.326,1.099,516.0120550238945,0.653010348
4/5/2020 6:00,2020,4,5,4/5/2020,7,11.887,97.787,1.088,516.0538504215754,0.65306324
4/5/2020 7:00,2020,4,5,4/5/2020,8,10.306,99.556,1.08,548.4991915037194,0.694122636
4/5/2020 8:00,2020,4,5,4/5/2020,9,10.066,100.647,1.08,626.7700642912142,0.793173984
4/5/2020 9:00,2020,4,5,4/5/2020,10,9.016,101.822,1.08,705.0409419826349,0.892225339
4/5/2020 10:00,2020,4,5,4/5/2020,11,10.22,102.919,1.08,737.4862977765542,0.933284754
4/5/2020 11:00,2020,4,5,4/5/2020,12,10.318,100.471,1.08,737.5281176938524,0.933337677
4/5/2020 12:00,2020,4,5,4/5/2020,13,10.86,102.071,1.08,737.5699424505398,0.933390606
4/5/2020 13:00,2020,4,5,4/5/2020,14,12.197,102.854,1.094,737.6117720250996,0.933443541
4/5/2020 14:00,2020,4,5,4/5/2020,15,14.604,102.304,1.142,737.6536064,0.933496482
4/5/2020 15:00,2020,4,5,4/5/2020,16,14.51,102.11,1.14,737.6954455417551,0.933549429
4/5/2020 16:00,2020,4,5,4/5/2020,17,17.203,102.224,1.194,737.7372894408041,0.933602382
4/5/2020 17:00,2020,4,5,4/5/2020,18,18.663,103.478,1.211,737.7791380716321,0.933655342
4/5/2020 18:00,2020,4,5,4/5/2020,19,18.816,102.439,1.212,737.8209914127096,0.933708307
4/5/2020 19:00,2020,4,5,4/5/2020,20,21.357,102.407,1.217,669.0247820838576,0.846647092
4/5/2020 20:00,2020,4,5,4/5/2020,21,21.656,101.582,1.218,600.2285774221892,0.759585882
4/5/2020 21:00,2020,4,5,4/5/2020,22,20.092,100.085,1.215,600.2704447648146,0.759638865
4/5/2020 22:00,2020,4,5,4/5/2020,23,20.099,101.482,1.215,600.3123167315476,0.759691854
4/5/2020 23:00,2020,4,5,4/5/2020,24,19.905,100.184,1.214,558.5596524045254,0.706854092
4/6/2020 0:00,2020,4,6,4/6/2020,1,18.814,100.711,1.212,516.8069926585256,0.654016337
4/6/2020 1:00,2020,4,6,4/6/2020,2,18.215,99.829,1.21,516.8488783683234,0.654069343
4/6/2020 2:00,2020,4,6,4/6/2020,3,16.848,99.452,1.187,516.8907686,0.654122355
4/6/2020 3:00,2020,4,6,4/6/2020,4,15.003,99.504,1.15,516.9326633801513,0.654175372
4/6/2020 4:00,2020,4,6,4/6/2020,5,14.646,99.31,1.143,516.9745626390775,0.654228396
4/6/2020 5:00,2020,4,6,4/6/2020,6,12.374,99.322,1.097,517.0164663712717,0.654281425
4/6/2020 6:00,2020,4,6,4/6/2020,7,12.229,100.153,1.095,517.0583745551764,0.654334459
4/6/2020 7:00,2020,4,6,4/6/2020,8,9.904,100.597,1.08,549.5038279,0.695393998
4/6/2020 8:00,2020,4,6,4/6/2020,9,10.213,104.529,1.08,627.7748124468432,0.794445487
4/6/2020 9:00,2020,4,6,4/6/2020,10,11.405,102.617,1.08,706.0458013739526,0.893496983
4/6/2020 10:00,2020,4,6,4/6/2020,11,8.902,101.414,1.08,738.4912678866008,0.934556538
4/6/2020 11:00,2020,4,6,4/6/2020,12,10.357,102.178,1.08,738.533198,0.9346096
4/6/2020 12:00,2020,4,6,4/6/2020,13,11.346,101.733,1.08,738.5751324469372,0.934662668
4/6/2020 13:00,2020,4,6,4/6/2020,14,11.238,103.164,1.08,738.6170711890056,0.934715741
4/6/2020 14:00,2020,4,6,4/6/2020,15,13.686,101.513,1.124,738.6590142102407,0.93476882
4/6/2020 15:00,2020,4,6,4/6/2020,16,16.115,102.858,1.172,738.7009614890644,0.934821904
4/6/2020 16:00,2020,4,6,4/6/2020,17,15.845,101.552,1.167,738.7429130038964,0.934874993
4/6/2020 17:00,2020,4,6,4/6/2020,18,17.807,104.672,1.206,738.7848687331546,0.934928088
4/6/2020 18:00,2020,4,6,4/6/2020,19,19.558,102.795,1.213,738.8268286552541,0.934981188
4/6/2020 19:00,2020,4,6,4/6/2020,20,19.815,100.899,1.214,670.0307253899613,0.847920107
4/6/2020 20:00,2020,4,6,4/6/2020,21,19.635,99.551,1.214,601.2346262743343,0.760859031
4/6/2020 21:00,2020,4,6,4/6/2020,22,20.574,100.799,1.216,601.2765986454297,0.760912147
4/6/2020 22:00,2020,4,6,4/6/2020,23,19.8,100.859,1.214,601.3185751230067,0.760965268
4/6/2020 23:00,2020,4,6,4/6/2020,24,18.316,100.656,1.211,559.5660148,0.708127638
4/7/2020 0:00,2020,4,7,4/7/2020,1,18.659,100.297,1.211,517.8134585185808,0.655290014
4/7/2020 1:00,2020,4,7,4/7/2020,2,17.337,99.468,1.197,517.8554471860236,0.65534315
4/7/2020 2:00,2020,4,7,4/7/2020,3,15.325,101.028,1.157,517.8974398735551,0.655396292
4/7/2020 3:00,2020,4,7,4/7/2020,4,15.68,98.659,1.164,517.9394365595715,0.655449438
4/7/2020 4:00,2020,4,7,4/7/2020,5,13.61,100.473,1.122,517.9814372224671,0.65550259
4/7/2020 5:00,2020,4,7,4/7/2020,6,13.3,99.869,1.116,518.0234418406343,0.655555746
4/7/2020 6:00,2020,4,7,4/7/2020,7,11.382,99.877,1.08,518.0654503924636,0.655608908
4/7/2020 7:00,2020,4,7,4/7/2020,8,10.943,99.551,1.08,550.5110035938684,0.696668573
4/7/2020 8:00,2020,4,7,4/7/2020,9,9.649,103.291,1.08,628.7820874656275,0.795720188
4/7/2020 9:00,2020,4,7,4/7/2020,10,9.046,102.111,1.08,707.0531752062072,0.894771809
4/7/2020 10:00,2020,4,7,4/7/2020,11,8.652,99.904,1.08,739.4987400140724,0.935831488
4/7/2020 11:00,2020,4,7,4/7/2020,12,9.865,101.452,1.08,739.5407679099956,0.935884674
4/7/2020 12:00,2020,4,7,4/7/2020,13,10.845,103.243,1.08,739.5827996098802,0.935937865
4/7/2020 13:00,2020,4,7,4/7/2020,14,12.688,102.989,1.104,739.6248351,0.935991061
4/7/2020 14:00,2020,4,7,4/7/2020,15,13.869,102.608,1.127,739.6668743350384,0.936044261
4/7/2020 15:00,2020,4,7,4/7/2020,16,15.756,103.531,1.165,739.7089173170586,0.936097466
4/7/2020 16:00,2020,4,7,4/7/2020,17,16.672,100.076,1.183,739.7509640165347,0.936150676
4/7/2020 17:00,2020,4,7,4/7/2020,18,18.311,103.099,1.211,739.7930144118346,0.936203891
4/7/2020 18:00,2020,4,7,4/7/2020,19,18.961,101.927,1.212,739.8350684813258,0.93625711
4/7/2020 19:00,2020,4,7,4/7/2020,20,19.857,102.192,1.214,671.0390588447256,0.849196147
4/7/2020 20:00,2020,4,7,4/7/2020,21,20.064,99.075,1.215,602.2430528390441,0.76213519
4/7/2020 21:00,2020,4,7,4/7/2020,22,20.692,100.957,1.216,602.2851178012899,0.762188423
4/7/2020 22:00,2020,4,7,4/7/2020,23,21.259,98.074,1.217,602.3271863511748,0.76224166
4/7/2020 23:00,2020,4,7,4/7/2020,24,18.932,100.028,1.212,560.5747176,0.709404146
4/8/2020 0:00,2020,4,8,4/8/2020,1,20.334,100.425,1.215,518.8222523346474,0.656566637
4/8/2020 1:00,2020,4,8,4/8/2020,2,17.498,100.154,1.2,518.8643315175871,0.656619888
4/8/2020 2:00,2020,4,8,4/8/2020,3,15.763,100.356,1.165,518.9064142,0.656673143
4/8/2020 3:00,2020,4,8,4/8/2020,4,14.224,99.694,1.134,518.9485003649908,0.656726403
4/8/2020 4:00,2020,4,8,4/8/2020,5,13.298,100.691,1.116,518.99059,0.656779667
4/8/2020 5:00,2020,4,8,4/8/2020,6,13.433,99.503,1.119,519.0326830434183,0.656832935
4/8/2020 6:00,2020,4,8,4/8/2020,7,11.444,100.394,1.08,519.0747795151315,0.656886208
4/8/2020 7:00,2020,4,8,4/8/2020,8,9.151,99.868,1.08,551.5204201171609,0.697945984
4/8/2020 8:00,2020,4,8,4/8/2020,9,8.747,98.404,1.08,629.7915908702405,0.796997709
4/8/2020 9:00,2020,4,8,4/8/2020,10,9.079,98.635,1.08,708.0627649727915,0.896049439
4/8/2020 10:00,2020,4,8,4/8/2020,11,9.58,100.257,1.08,740.5084156232347,0.937109227
4/8/2020 11:00,2020,4,8,4/8/2020,12,10.638,98.782,1.08,740.5505288,0.937162521
4/8/2020 12:00,2020,4,8,4/8/2020,13,12.81,99.589,1.106,740.5926453458417,0.937215819
4/8/2020 13:00,2020,4,8,4/8/2020,14,11.768,98.697,1.085,740.6347651121982,0.937269122
4/8/2020 14:00,2020,4,8,4/8/2020,15,13.953,100.447,1.129,740.6768881196988,0.937322428
4/8/2020 15:00,2020,4,8,4/8/2020,16,15.161,100.354,1.153,740.7190143466727,0.937375738
4/8/2020 16:00,2020,4,8,4/8/2020,17,17.408,99.291,1.198,740.7611438,0.937429053
4/8/2020 17:00,2020,4,8,4/8/2020,18,18.504,99.696,1.211,740.8032763723504,0.937482372
4/8/2020 18:00,2020,4,8,4/8/2020,19,18.627,98.78,1.211,740.8454121277045,0.937535694
4/8/2020 19:00,2020,4,8,4/8/2020,20,18.82,101.055,1.212,672.0494836571862,0.850474834
4/8/2020 20:00,2020,4,8,4/8/2020,21,21.213,99.824,1.217,603.2535582977637,0.763413978
4/8/2020 21:00,2020,4,8,4/8/2020,22,19.866,100.002,1.214,603.2957033864038,0.763467313
4/8/2020 22:00,2020,4,8,4/8/2020,23,20.501,100.822,1.216,603.3378515427773,0.763520651
4/8/2020 23:00,2020,4,8,4/8/2020,24,20.676,100.072,1.216,561.5854618488794,0.710683237
4/9/2020 0:00,2020,4,9,4/9/2020,1,18.252,100.697,1.211,519.8330751793465,0.657845827
4/9/2020 1:00,2020,4,9,4/9/2020,2,17.782,98.179,1.206,519.8752324,0.657899177
4/9/2020 2:00,2020,4,9,4/9/2020,3,16.166,99.365,1.173,519.9173926192695,0.65795253
4/9/2020 3:00,2020,4,9,4/9/2020,4,17.101,99.227,1.192,519.9595557890264,0.658005888
4/9/2020 4:00,2020,4,9,4/9/2020,5,13.547,99.165,1.121,520.0017218963922,0.658059249
4/9/2020 5:00,2020,4,9,4/9/2020,6,11.162,98.717,1.08,520.0438909196741,0.658112613
4/9/2020 6:00,2020,4,9,4/9/2020,7,10.804,97.933,1.08,520.0860628371782,0.658165982
4/9/2020 7:00,2020,4,9,4/9/2020,8,9.49,99.901,1.08,552.5317783647339,0.699225852
4/9/2020 8:00,2020,4,9,4/9/2020,9,10.988,101.007,1.08,630.8030235230362,0.798277671
4/9/2020 9:00,2020,4,9,4/9/2020,10,8.086,99.19,1.08,709.0742715104689,0.897329495
4/9/2020 10:00,2020,4,9,4/9/2020,11,8.452,100.373,1.08,741.5199955254138,0.938389376
4/9/2020 11:00,2020,4,9,4/9/2020,12,10.97,99.285,1.08,741.5621815885618,0.938442762
4/9/2020 12:00,2020,4,9,4/9/2020,13,11.058,99.376,1.08,741.6043704157354,0.938496152
4/9/2020 13:00,2020,4,9,4/9/2020,14,12.398,99.749,1.098,741.6465619852299,0.938549545
4/9/2020 14:00,2020,4,9,4/9/2020,15,14.684,101.512,1.144,741.6887562753395,0.938602941
4/9/2020 15:00,2020,4,9,4/9/2020,16,16.4,98.832,1.178,741.7309533,0.938656342
4/9/2020 16:00,2020,4,9,4/9/2020,17,17.337,98.084,1.197,741.7731529305738,0.938709745
4/9/2020 17:00,2020,4,9,4/9/2020,18,17.057,98.678,1.191,741.8153552522797,0.938763152
4/9/2020 18:00,2020,4,9,4/9/2020,19,18.765,99.352,1.212,741.8575602077633,0.938816562
4/9/2020 19:00,2020,4,9,4/9/2020,20,20.491,101.028,1.216,673.0617004166648,0.851755789
4/9/2020 20:00,2020,4,9,4/9/2020,21,21.867,100.164,1.219,604.2658432159174,0.764695019
4/9/2020 21:00,2020,4,9,4/9/2020,22,19.969,99.723,1.214,604.3080559424524,0.764748439
4/9/2020 22:00,2020,4,9,4/9/2020,23,19.816,100.021,1.214,604.3502712159061,0.764801863
4/9/2020 23:00,2020,4,9,4/9/2020,24,20.665,101.312,1.216,562.5979481182392,0.711964533
4/10/2020 0:00,2020,4,10,4/10/2020,1,18.47,102.1,1.211,520.8456275240535,0.659127206
4/10/2020 1:00,2020,4,10,4/10/2020,2,17.06,100.316,1.191,520.8878503079499,0.659180639
4/10/2020 2:00,2020,4,10,4/10/2020,3,16.677,99.174,1.184,520.9300756,0.659234075
4/10/2020 3:00,2020,4,10,4/10/2020,4,14.991,101.051,1.15,520.9723032341358,0.659287514
4/10/2020 4:00,2020,4,10,4/10/2020,5,13.295,99.582,1.116,521.0145333329774,0.659340956
4/10/2020 5:00,2020,4,10,4/10/2020,6,10.989,100.035,1.08,521.0567658266846,0.659394401
4/10/2020 6:00,2020,4,10,4/10/2020,7,9.807,98.04,1.08,521.0990006935301,0.659447849
4/10/2020 7:00,2020,4,10,4/10/2020,8,9.961,100.609,1.08,553.5447786493115,0.700507798
4/10/2020 8:00,2020,4,10,4/10/2020,9,10.047,103.624,1.08,631.8160857146916,0.799559696
4/10/2020 9:00,2020,4,10,4/10/2020,10,8.734,102.614,1.08,710.0873950880219,0.898611597
4/10/2020 10:00,2020,4,10,4/10/2020,11,10.415,101.736,1.08,742.5331799676534,0.939671555
4/10/2020 11:00,2020,4,10,4/10/2020,12,11.24,101.557,1.08,742.5754263742451,0.939725017
4/10/2020 12:00,2020,4,10,4/10/2020,13,11.361,102.855,1.08,742.6176750235885,0.939778483
4/10/2020 13:00,2020,4,10,4/10/2020,14,10.996,102.335,1.08,742.6599258939484,0.939831951
4/10/2020 14:00,2020,4,10,4/10/2020,15,13.452,102.217,1.119,742.7021789635883,0.939885422
4/10/2020 15:00,2020,4,10,4/10/2020,16,16.482,103.286,1.18,742.7444342107708,0.939938896
4/10/2020 16:00,2020,4,10,4/10/2020,17,15.623,101.756,1.162,742.7866916137572,0.939992372
4/10/2020 17:00,2020,4,10,4/10/2020,18,18.258,101.645,1.211,742.8289511508078,0.940045852
4/10/2020 18:00,2020,4,10,4/10/2020,19,18.107,100.653,1.21,742.8712128001818,0.940099333
4/10/2020 19:00,2020,4,10,4/10/2020,20,20.29,101.815,1.215,674.0754091814899,0.853038632
4/10/2020 20:00,2020,4,10,4/10/2020,21,21.407,101.222,1.218,605.2796076316366,0.765977933
4/10/2020 21:00,2020,4,10,4/10/2020,22,20.219,99.801,1.215,605.3218754875248,0.766031422
4/10/2020 22:00,2020,4,10,4/10/2020,23,19.86,97.767,1.214,605.3641453687624,0.766084915
4/10/2020 23:00,2020,4,10,4/10/2020,24,19.701,100.827,1.214,563.6118763572813,0.713247653
4/11/2020 0:00,2020,4,11,4/11/2020,1,18.926,101.611,1.212,521.8596093276564,0.660410395
4/11/2020 1:00,2020,4,11,4/11/2020,2,17.637,100.922,1.203,521.9018851544604,0.660463895
4/11/2020 2:00,2020,4,11,4/11/2020,3,17.967,99.1,1.209,521.9441629196231,0.660517397
4/11/2020 3:00,2020,4,11,4/11/2020,4,15.022,99.277,1.15,521.9864426,0.660570902
4/11/2020 4:00,2020,4,11,4/11/2020,5,13.472,99.425,1.119,522.0287242,0.660624409
4/11/2020 5:00,2020,4,11,4/11/2020,6,11.234,99.323,1.08,522.0710076277549,0.660677918
4/11/2020 6:00,2020,4,11,4/11/2020,7,10.228,100.335,1.08,522.1132929288394,0.66073143
4/11/2020 7:00,2020,4,11,4/11/2020,8,9.97,100.678,1.08,554.5591207970472,0.701791442
4/11/2020 8:00,2020,4,11,4/11/2020,9,8.187,103.147,1.08,632.8304772530153,0.800843403
4/11/2020 9:00,2020,4,11,4/11/2020,10,9.872,101.147,1.08,711.1018355,0.899895366
4/11/2020 10:00,2020,4,11,4/11/2020,11,9.915,102.038,1.08,743.5476687215368,0.940955385
4/11/2020 11:00,2020,4,11,4/11/2020,12,10.187,102.137,1.08,743.5899629530502,0.941008908
4/11/2020 12:00,2020,4,11,4/11/2020,13,11.355,101.07,1.08,743.6322589053768,0.941062433
4/11/2020 13:00,2020,4,11,4/11/2020,14,11.382,102.56,1.08,743.6745565567574,0.94111596
4/11/2020 14:00,2020,4,11,4/11/2020,15,13.575,102.239,1.122,743.7168558854312,0.94116949
4/11/2020 15:00,2020,4,11,4/11/2020,16,13.702,102.997,1.124,743.7591568696369,0.941223022
4/11/2020 16:00,2020,4,11,4/11/2020,17,16.364,102.877,1.177,743.8014594876124,0.941276555
4/11/2020 17:00,2020,4,11,4/11/2020,18,17.284,102.045,1.196,743.8437637175948,0.941330091
4/11/2020 18:00,2020,4,11,4/11/2020,19,19.846,102.119,1.214,743.8860695378203,0.941383629
4/11/2020 19:00,2020,4,11,4/11/2020,20,20.547,100.884,1.216,675.0903095678771,0.854322982
4/11/2020 20:00,2020,4,11,4/11/2020,21,20.75,101.046,1.216,606.2945511446466,0.767262338
4/11/2020 21:00,2020,4,11,4/11/2020,22,21.127,100.349,1.217,606.3368616,0.767315881
4/11/2020 22:00,2020,4,11,4/11/2020,23,20.341,99.806,1.215,606.3791735685529,0.767369427
4/11/2020 23:00,2020,4,11,4/11/2020,24,20.305,101.717,1.215,564.6269461171863,0.714532218
4/12/2020 0:00,2020,4,12,4/12/2020,1,20.095,99.144,1.215,522.8747201,0.661695012
4/12/2020 1:00,2020,4,12,4/12/2020,2,18.113,101.544,1.21,522.9170364679348,0.661748563
4/12/2020 2:00,2020,4,12,4/12/2020,3,16.907,99.038,1.188,522.9593542265109,0.661802116
4/12/2020 3:00,2020,4,12,4/12/2020,4,15.195,100.092,1.154,523.0016733794198,0.66185567
4/12/2020 4:00,2020,4,12,4/12/2020,5,12.674,100.608,1.103,523.0439939048903,0.661909227
4/12/2020 5:00,2020,4,12,4/12/2020,6,14.847,98.821,1.147,523.0863157811501,0.661962785
4/12/2020 6:00,2020,4,12,4/12/2020,7,11.415,99.571,1.08,523.1286389864265,0.662016345
4/12/2020 7:00,2020,4,12,4/12/2020,8,10.119,100.154,1.08,555.5745042364712,0.703076404
4/12/2020 8:00,2020,4,12,4/12/2020,9,9.744,99.991,1.08,633.8458975519021,0.802128411
4/12/2020 9:00,2020,4,12,4/12/2020,10,8.621,101.629,1.08,712.1172921310267,0.90118042
4/12/2020 10:00,2020,4,12,4/12/2020,11,9.13,99.581,1.08,744.5631611721517,0.942240485
4/12/2020 11:00,2020,4,12,4/12/2020,12,9.768,102.368,1.08,744.6054906958932,0.942294052
4/12/2020 12:00,2020,4,12,4/12/2020,13,10.331,102.215,1.08,744.6478214179997,0.942347622
4/12/2020 13:00,2020,4,12,4/12/2020,14,12.519,103.037,1.1,744.6901533166938,0.942401192
4/12/2020 14:00,2020,4,12,4/12/2020,15,11.867,99.092,1.087,744.7324863701974,0.942454765
4/12/2020 15:00,2020,4,12,4/12/2020,16,14.569,101.478,1.141,744.7748205567319,0.942508338
4/12/2020 16:00,2020,4,12,4/12/2020,17,16.016,101.673,1.17,744.8171559,0.942561914
4/12/2020 17:00,2020,4,12,4/12/2020,18,17.974,99.842,1.209,744.8594922417759,0.94261549
4/12/2020 18:00,2020,4,12,4/12/2020,19,19.545,102.572,1.213,744.9018296967253,0.942669068
4/12/2020 19:00,2020,4,12,4/12/2020,20,18.933,100.186,1.212,676.1061008389381,0.855608461
4/12/2020 20:00,2020,4,12,4/12/2020,21,21.752,99.064,1.218,607.3103730052799,0.768547855
4/12/2020 21:00,2020,4,12,4/12/2020,22,20.204,99.988,1.215,607.3527135,0.768601436
4/12/2020 22:00,2020,4,12,4/12/2020,23,20.283,99.99,1.215,607.3950550405166,0.768655019
4/12/2020 23:00,2020,4,12,4/12/2020,24,19.833,100.07,1.214,565.6428566108773,0.715817847
4/13/2020 0:00,2020,4,13,4/13/2020,1,19.101,99.797,1.212,523.8906591,0.662980677
4/13/2020 1:00,2020,4,13,4/13/2020,2,19.129,99.774,1.213,523.9330034371303,0.663034263
4/13/2020 2:00,2020,4,13,4/13/2020,3,17.098,99.682,1.192,523.9753486494544,0.663087851
4/13/2020 3:00,2020,4,13,4/13/2020,4,13.933,99.95,1.129,524.0176947,0.66314144
4/13/2020 4:00,2020,4,13,4/13/2020,5,13.005,101.186,1.11,524.0600416672511,0.663195029
4/13/2020 5:00,2020,4,13,4/13/2020,6,10.956,100.163,1.08,524.1023894291527,0.66324862
4/13/2020 6:00,2020,4,13,4/13/2020,7,11.433,100.453,1.08,524.1447379973415,0.663302212
4/13/2020 7:00,2020,4,13,4/13/2020,8,10.232,98.816,1.08,556.5906280875566,0.704362303
4/13/2020 8:00,2020,4,13,4/13/2020,9,10.206,103.603,1.08,634.8620457204031,0.803414341
4/13/2020 9:00,2020,4,13,4/13/2020,10,9.983,101.98,1.08,713.1334640941757,0.90246638
4/13/2020 10:00,2020,4,13,4/13/2020,11,9.734,101.405,1.08,745.5793564071689,0.943526474
4/13/2020 11:00,2020,4,13,4/13/2020,12,10.855,102.141,1.08,745.6217086799871,0.943580071
4/13/2020 12:00,2020,4,13,4/13/2020,13,10.183,102.345,1.08,745.6640616283669,0.943633668
4/13/2020 13:00,2020,4,13,4/13/2020,14,13.118,101.572,1.112,745.7064152305194,0.943687266
4/13/2020 14:00,2020,4,13,4/13/2020,15,13.535,101.311,1.121,745.7487694646555,0.943740865
4/13/2020 15:00,2020,4,13,4/13/2020,16,15.943,101.498,1.169,745.7911243089857,0.943794465
4/13/2020 16:00,2020,4,13,4/13/2020,17,15.395,101.929,1.158,745.8334797417199,0.943848066
4/13/2020 17:00,2020,4,13,4/13/2020,18,17.122,104.077,1.192,745.8758357,0.943901667
4/13/2020 18:00,2020,4,13,4/13/2020,19,17.447,101.619,1.199,745.9181922852397,0.943955269
4/13/2020 19:00,2020,4,13,4/13/2020,20,20.921,102.398,1.216,677.122482,0.856894685
4/13/2020 20:00,2020,4,13,4/13/2020,21,21.066,99.45,1.217,608.3267722035962,0.769834102
4/13/2020 21:00,2020,4,13,4/13/2020,22,20.677,101.054,1.216,608.3691302514928,0.769887706
4/13/2020 22:00,2020,4,13,4/13/2020,23,20.709,99.421,1.216,608.4114887570483,0.76994131
4/13/2020 23:00,2020,4,13,4/13/2020,24,19.981,102.126,1.214,566.6593068021498,0.717104159
4/14/2020 0:00,2020,4,14,4/14/2020,1,18.582,100.568,1.211,524.9071252613264,0.664267009
4/14/2020 1:00,2020,4,14,4/14/2020,2,18.998,99.557,1.212,524.9494850091074,0.664320615
4/14/2020 2:00,2020,4,14,4/14/2020,3,14.968,99.955,1.149,524.9918451273792,0.664374222
4/14/2020 3:00,2020,4,14,4/14/2020,4,13.441,100.086,1.119,525.0342055943489,0.664427828
4/14/2020 4:00,2020,4,14,4/14/2020,5,15.249,99.858,1.155,525.0765663882241,0.664481436
4/14/2020 5:00,2020,4,14,4/14/2020,6,12.094,101.195,1.092,525.1189274872117,0.664535044
4/14/2020 6:00,2020,4,14,4/14/2020,7,10.733,99.188,1.08,525.1612888695184,0.664588652
4/14/2020 7:00,2020,4,14,4/14/2020,8,10.982,99.846,1.08,557.6071912508767,0.705648758
4/14/2020 8:00,2020,4,14,4/14/2020,9,9.27,101.592,1.08,635.8786206518854,0.804700811
4/14/2020 9:00,2020,4,14,4/14/2020,10,9.432,102.262,1.08,714.1500502708333,0.903752864
4/14/2020 10:00,2020,4,14,4/14/2020,11,9.615,100.32,1.08,746.5959533060092,0.944812972
4/14/2020 11:00,2020,4,14,4/14/2020,12,8.973,101.711,1.08,746.6383157780114,0.944866581
4/14/2020 12:00,2020,4,14,4/14/2020,13,10.395,101.086,1.08,746.6806784025719,0.944920191
4/14/2020 13:00,2020,4,14,4/14/2020,14,13.146,101.344,1.113,746.7230411578964,0.944973801
4/14/2020 14:00,2020,4,14,4/14/2020,15,14.018,102.89,1.13,746.7654040221914,0.945027411
4/14/2020 15:00,2020,4,14,4/14/2020,16,15.202,101.456,1.154,746.8077669736626,0.945081021
4/14/2020 16:00,2020,4,14,4/14/2020,17,16.998,102.927,1.19,746.8501299905162,0.945134631
4/14/2020 17:00,2020,4,14,4/14/2020,18,18.33,102.921,1.211,746.8924930509579,0.945188241
4/14/2020 18:00,2020,4,14,4/14/2020,19,20.395,101.802,1.215,746.9348561331938,0.945241851
4/14/2020 19:00,2020,4,14,4/14/2020,20,19.373,100.983,1.213,678.1391518567825,0.858181275
4/14/2020 20:00,2020,4,14,4/14/2020,21,21.572,100.657,1.218,609.3434476,0.771120699
4/14/2020 21:00,2020,4,14,4/14/2020,22,20.714,99.57,1.216,609.3858105754306,0.771174309
4/14/2020 22:00,2020,4,14,4/14/2020,23,19.508,101.119,1.213,609.4281735269018,0.771227919
4/14/2020 23:00,2020,4,14,4/14/2020,24,20.344,102.535,1.215,567.6759954948752,0.718390773
4/15/2020 0:00,2020,4,15,4/15/2020,1,18.231,100.107,1.211,525.9238173538786,0.665553627
4/15/2020 1:00,2020,4,15,4/15/2020,2,19.034,100.102,1.212,525.96618,0.665607237
4/15/2020 2:00,2020,4,15,4/15/2020,3,16.403,100.405,1.178,526.0085424504412,0.665660846
4/15/2020 3:00,2020,4,15,4/15/2020,4,15.379,100.558,1.158,526.0509047480916,0.665714455
4/15/2020 4:00,2020,4,15,4/15/2020,5,13.246,102.525,1.115,526.0932668495964,0.665768064
4/15/2020 5:00,2020,4,15,4/15/2020,6,11.606,99.646,1.082,526.1356287331619,0.665821673
4/15/2020 6:00,2020,4,15,4/15/2020,7,11.122,99.433,1.08,526.1779903769948,0.665875282
4/15/2020 7:00,2020,4,15,4/15/2020,8,10.366,100.692,1.08,558.6238925,0.706935388
4/15/2020 8:00,2020,4,15,4/15/2020,9,9.73,99.126,1.08,636.8953211132576,0.80598744
4/15/2020 9:00,2020,4,15,4/15/2020,10,8.62,99.706,1.08,715.1667494245759,0.905039491
4/15/2020 10:00,2020,4,15,4/15/2020,11,9.458,100.801,1.08,747.6126506290711,0.946099596
4/15/2020 11:00,2020,4,15,4/15/2020,12,10.81,101.557,1.08,747.6550107473429,0.946153203
4/15/2020 12:00,2020,4,15,4/15/2020,13,9.266,102.936,1.08,747.6973705,0.946206809
4/15/2020 13:00,2020,4,15,4/15/2020,14,11.096,97.843,1.08,747.7397299,0.946260414
4/15/2020 14:00,2020,4,15,4/15/2020,15,13.863,99.882,1.127,747.7820887920448,0.946314019
4/15/2020 15:00,2020,4,15,4/15/2020,16,15.749,100.276,1.165,747.8244472976005,0.946367624
4/15/2020 16:00,2020,4,15,4/15/2020,17,14.932,99.16,1.149,747.8668053454971,0.946421228
4/15/2020 17:00,2020,4,15,4/15/2020,18,17.342,100.868,1.197,747.9091629139433,0.946474831
4/15/2020 18:00,2020,4,15,4/15/2020,19,18.838,101.058,1.212,747.9515199811478,0.946528434
4/15/2020 19:00,2020,4,15,4/15/2020,20,18.45,100.282,1.211,679.1558091666723,0.859467849
4/15/2020 20:00,2020,4,15,4/15/2020,21,19.368,101.582,1.213,610.3600978073733,0.772407264
4/15/2020 21:00,2020,4,15,4/15/2020,22,19.948,101.578,1.214,610.4024532401075,0.772460865
4/15/2020 22:00,2020,4,15,4/15/2020,23,18.893,98.69,1.212,610.4448080844377,0.772514465
4/15/2020 23:00,2020,4,15,4/15/2020,24,19.22,101.239,1.213,568.6926214222523,0.719677308
4/16/2020 0:00,2020,4,16,4/16/2020,1,21.835,100.461,1.219,526.9404341280834,0.66684015
4/16/2020 1:00,2020,4,16,4/16/2020,2,18.989,99.652,1.212,526.9827870764633,0.666893747
4/16/2020 2:00,2020,4,16,4/16/2020,3,16.431,99.526,1.179,527.0251393492813,0.666947344
4/16/2020 3:00,2020,4,16,4/16/2020,4,13.71,100.549,1.124,527.0674909247492,0.66700094
4/16/2020 4:00,2020,4,16,4/16/2020,5,12.083,99.342,1.092,527.1098417810788,0.667054534
4/16/2020 5:00,2020,4,16,4/16/2020,6,11.341,98.421,1.08,527.1521919,0.667108128
4/16/2020 6:00,2020,4,16,4/16/2020,7,10.395,99.539,1.08,527.1945412491716,0.667161721
4/16/2020 7:00,2020,4,16,4/16/2020,8,8.894,99.911,1.08,559.6404306,0.708221811
4/16/2020 8:00,2020,4,16,4/16/2020,9,8.511,99.705,1.08,637.9118458342307,0.807273846
4/16/2020 9:00,2020,4,16,4/16/2020,10,8.13,99.443,1.08,716.1832602855019,0.90632588
4/16/2020 10:00,2020,4,16,4/16/2020,11,9.063,98.787,1.08,748.6291471,0.947385967
4/16/2020 11:00,2020,4,16,4/16/2020,12,10.501,99.832,1.08,748.6714923193199,0.947439555
4/16/2020 12:00,2020,4,16,4/16/2020,13,11.933,100.547,1.089,748.7138366382143,0.947493141
4/16/2020 13:00,2020,4,16,4/16/2020,14,9.987,100.784,1.08,748.7561800418945,0.947546726
4/16/2020 14:00,2020,4,16,4/16/2020,15,14.034,101.773,1.131,748.7985225085768,0.947600311
4/16/2020 15:00,2020,4,16,4/16/2020,16,15.404,100.637,1.158,748.8408640164773,0.947653893
4/16/2020 16:00,2020,4,16,4/16/2020,17,17.15,99.473,1.193,748.8832045438132,0.947707475
4/16/2020 17:00,2020,4,16,4/16/2020,18,18.051,100.925,1.21,748.9255440688023,0.947761056
4/16/2020 18:00,2020,4,16,4/16/2020,19,18.908,99.534,1.212,748.9678825696622,0.947814635
4/16/2020 19:00,2020,4,16,4/16/2020,20,21.412,99.256,1.218,680.1721526659644,0.860754026
4/16/2020 20:00,2020,4,16,4/16/2020,21,19.47,101.157,1.213,611.3764216945752,0.773693416
4/16/2020 21:00,2020,4,16,4/16/2020,22,19.727,99.792,1.214,611.4187569923613,0.773746991
4/16/2020 22:00,2020,4,16,4/16/2020,23,21.229,99.156,1.217,611.4610911788958,0.773800565
4/16/2020 23:00,2020,4,16,4/16/2020,24,19.868,100.822,1.214,569.7088833,0.720963381
4/17/2020 0:00,2020,4,17,4/17/2020,1,18.469,97.522,1.211,527.9566743384507,0.668126196
4/17/2020 1:00,2020,4,17,4/17/2020,2,17.576,99.834,1.202,527.9990050605571,0.668179765
4/17/2020 2:00,2020,4,17,4/17/2020,3,15.765,100.166,1.165,528.0413345842985,0.668233333
4/17/2020 3:00,2020,4,17,4/17/2020,4,14.091,99.746,1.132,528.0836628878982,0.668286899
4/17/2020 4:00,2020,4,17,4/17/2020,5,14.084,100.099,1.132,528.1259899495797,0.668340464
4/17/2020 5:00,2020,4,17,4/17/2020,6,13.456,101.325,1.119,528.1683157475675,0.668394027
4/17/2020 6:00,2020,4,17,4/17/2020,7,10.359,99.272,1.08,528.2106402600866,0.668447589
4/17/2020 7:00,2020,4,17,4/17/2020,8,9.259,99.928,1.08,560.6565042028884,0.709507647
4/17/2020 8:00,2020,4,17,4/17/2020,9,9.527,102.38,1.08,638.9278935965915,0.808559649
4/17/2020 9:00,2020,4,17,4/17/2020,10,10.567,102.47,1.08,717.1992816395051,0.907611649
4/17/2020 10:00,2020,4,17,4/17/2020,11,9.454,102.246,1.08,749.6451415299396,0.948671702
4/17/2020 11:00,2020,4,17,4/17/2020,12,9.778,103.03,1.08,749.6874592885154,0.948725255
4/17/2020 12:00,2020,4,17,4/17/2020,13,11.468,102.217,1.08,749.7297756309874,0.948778806
4/17/2020 13:00,2020,4,17,4/17/2020,14,12.858,101.709,1.107,749.7720905355854,0.948832355
4/17/2020 14:00,2020,4,17,4/17/2020,15,13.016,102.614,1.11,749.8144039805402,0.948885903
4/17/2020 15:00,2020,4,17,4/17/2020,16,15.664,103.9,1.163,749.8567159440832,0.948939448
4/17/2020 16:00,2020,4,17,4/17/2020,17,16.512,101.566,1.18,749.8990264044467,0.948992992
4/17/2020 17:00,2020,4,17,4/17/2020,18,16.994,101.934,1.19,749.9413353398634,0.949046534
4/17/2020 18:00,2020,4,17,4/17/2020,19,19.513,102.224,1.213,749.9836427285671,0.949100073
4/17/2020 19:00,2020,4,17,4/17/2020,20,19.289,100.94,1.213,681.1878811901454,0.862039425
4/17/2020 20:00,2020,4,17,4/17/2020,21,21.355,100.101,1.217,612.3921180614808,0.774978774
4/17/2020 21:00,2020,4,17,4/17/2020,22,20.459,97.369,1.215,612.4344206794564,0.775032308
4/17/2020 22:00,2020,4,17,4/17/2020,23,20.697,100.037,1.216,612.4767216636621,0.77508584
4/17/2020 23:00,2020,4,17,4/17/2020,24,19.922,100.659,1.214,570.7244800960145,0.722248613
4/18/2020 0:00,2020,4,18,4/18/2020,1,18.538,99.224,1.211,528.9722368510735,0.669411385
4/18/2020 1:00,2020,4,18,4/18/2020,2,15.731,101.076,1.165,529.0145328034001,0.66946491
4/18/2020 2:00,2020,4,18,4/18/2020,3,15.738,100.079,1.165,529.0568270349136,0.669518433
4/18/2020 3:00,2020,4,18,4/18/2020,4,14.161,100.619,1.133,529.0991195,0.669571954
4/18/2020 4:00,2020,4,18,4/18/2020,5,12.298,100.479,1.096,529.1414102484666,0.669625473
4/18/2020 5:00,2020,4,18,4/18/2020,6,10.649,98.701,1.08,529.1836991869914,0.669678989
4/18/2020 6:00,2020,4,18,4/18/2020,7,11.344,100.917,1.08,529.2259863176737,0.669732503
4/18/2020 7:00,2020,4,18,4/18/2020,8,9.746,99.709,1.08,561.6718123562837,0.710792513
4/18/2020 8:00,2020,4,18,4/18/2020,9,7.569,101.151,1.08,639.9431633234598,0.809844467
4/18/2020 9:00,2020,4,18,4/18/2020,10,9.644,102.809,1.08,718.2145124175308,0.908896418
4/18/2020 10:00,2020,4,18,4/18/2020,11,7.645,100.75,1.08,750.6603328368271,0.949956421
4/18/2020 11:00,2020,4,18,4/18/2020,12,10.011,101.551,1.08,750.7026106019898,0.950009923
4/18/2020 12:00,2020,4,18,4/18/2020,13,10.616,102.179,1.08,750.7448864,0.950063423
4/18/2020 13:00,2020,4,18,4/18/2020,14,12.418,100.941,1.098,750.7871602954904,0.95011692
4/18/2020 14:00,2020,4,18,4/18/2020,15,14.144,102.903,1.133,750.8294322,0.950170415
4/18/2020 15:00,2020,4,18,4/18/2020,16,16.017,102.337,1.17,750.8717020615684,0.950223908
4/18/2020 16:00,2020,4,18,4/18/2020,17,17.06,103.095,1.191,750.9139699174566,0.950277397
4/18/2020 17:00,2020,4,18,4/18/2020,18,17.573,101.143,1.201,750.9562357262504,0.950330884
4/18/2020 18:00,2020,4,18,4/18/2020,19,17.809,100.072,1.206,750.9984994662058,0.950384369
4/18/2020 19:00,2020,4,18,4/18/2020,20,19.841,101.592,1.214,682.2026937569326,0.863323665
4/18/2020 20:00,2020,4,18,4/18/2020,21,20.79,101.394,1.216,613.4068859,0.776262957
4/18/2020 21:00,2020,4,18,4/18/2020,22,20.896,99.47,1.216,613.4491433383225,0.776316434
4/18/2020 22:00,2020,4,18,4/18/2020,23,19.397,99.111,1.213,613.4913985855048,0.776369908
4/18/2020 23:00,2020,4,18,4/18/2020,24,20.119,100.42,1.215,571.7391107588234,0.723532623
4/19/2020 0:00,2020,4,19,4/19/2020,1,18.758,99.693,1.212,529.9868207328618,0.670695335
4/19/2020 1:00,2020,4,19,4/19/2020,2,19.372,99.758,1.213,530.0290693822052,0.6707488
4/19/2020 2:00,2020,4,19,4/19/2020,3,16.815,100.728,1.186,530.0713157887969,0.670802263
4/19/2020 3:00,2020,4,19,4/19/2020,4,15.084,99.846,1.152,530.1135599309029,0.670855723
4/19/2020 4:00,2020,4,19,4/19/2020,5,14.445,100.536,1.139,530.1558017867902,0.67090918
4/19/2020 5:00,2020,4,19,4/19/2020,6,13.7,101.483,1.124,530.1980413347271,0.670962633
4/19/2020 6:00,2020,4,19,4/19/2020,7,11.737,99.657,1.085,530.2402786,0.671016084
4/19/2020 7:00,2020,4,19,4/19/2020,8,9.671,99.241,1.08,562.6860542,0.712076031
4/19/2020 8:00,2020,4,19,4/19/2020,9,9.6,100.092,1.08,640.9573541685044,0.81112792
4/19/2020 9:00,2020,4,19,4/19/2020,10,9.683,101.003,1.08,719.2286517847891,0.910179806
4/19/2020 10:00,2020,4,19,4/19/2020,11,8.839,103.005,1.08,751.6744202045653,0.951239743
4/19/2020 11:00,2020,4,19,4/19/2020,12,11.111,100.183,1.08,751.7166454485005,0.951293179
4/19/2020 12:00,2020,4,19,4/19/2020,13,9.374,101.577,1.08,751.7588682323968,0.951346611
4/19/2020 13:00,2020,4,19,4/19/2020,14,11.636,101.344,1.083,751.8010885345326,0.951400041
4/19/2020 14:00,2020,4,19,4/19/2020,15,12.537,102.151,1.101,751.8433063,0.951453467
4/19/2020 15:00,2020,4,19,4/19/2020,16,14.75,102.615,1.145,751.8855216066409,0.95150689
4/19/2020 16:00,2020,4,19,4/19/2020,17,16.101,100.984,1.172,751.9277343,0.95156031
4/19/2020 17:00,2020,4,19,4/19/2020,18,17.768,103.967,1.205,751.9699444910755,0.951613727
4/19/2020 18:00,2020,4,19,4/19/2020,19,19.511,100.977,1.213,752.0121520586242,0.951667141
4/19/2020 19:00,2020,4,19,4/19/2020,20,19.31,101.463,1.213,683.2162896554607,0.864606364
4/19/2020 20:00,2020,4,19,4/19/2020,21,20.767,99.791,1.216,614.4204246185195,0.777545585
4/19/2020 21:00,2020,4,19,4/19/2020,22,19.115,100.098,1.212,614.4626242847362,0.777598988
4/19/2020 22:00,2020,4,19,4/19/2020,23,20.708,99.407,1.216,614.5048212737538,0.777652388
4/19/2020 23:00,2020,4,19,4/19/2020,24,20.459,101.561,1.215,572.7524746675418,0.724815029
4/20/2020 0:00,2020,4,20,4/20/2020,1,19.257,99.561,1.213,531.0001253407149,0.671977666
4/20/2020 1:00,2020,4,20,4/20/2020,2,18.209,99.66,1.21,531.0423141678884,0.672031056
4/20/2020 2:00,2020,4,20,4/20/2020,3,16.656,98.667,1.183,531.0845002310365,0.672084442
4/20/2020 3:00,2020,4,20,4/20/2020,4,14.128,100.187,1.133,531.1266835,0.672137825
4/20/2020 4:00,2020,4,20,4/20/2020,5,12.226,99.825,1.095,531.1688639784455,0.672191204
4/20/2020 5:00,2020,4,20,4/20/2020,6,11.427,100.494,1.08,531.2110416193046,0.67224458
4/20/2020 6:00,2020,4,20,4/20/2020,7,10.899,101.786,1.08,531.2532164,0.672297952
4/20/2020 7:00,2020,4,20,4/20/2020,8,8.673,99.072,1.08,563.6989290643644,0.713357818
4/20/2020 8:00,2020,4,20,4/20/2020,9,8.497,102.033,1.08,641.9701656050896,0.812409627
4/20/2020 9:00,2020,4,20,4/20/2020,10,8.22,101.789,1.08,720.2413992298985,0.911461432
4/20/2020 10:00,2020,4,20,4/20/2020,11,9.407,101.797,1.08,752.6871031371809,0.952521287
4/20/2020 11:00,2020,4,20,4/20/2020,12,10.628,102.514,1.08,752.7292633476375,0.952574641
4/20/2020 12:00,2020,4,20,4/20/2020,13,9.956,101.585,1.08,752.7714206,0.952627991
4/20/2020 13:00,2020,4,20,4/20/2020,14,10.876,102.371,1.08,752.8135748038924,0.952681337
4/20/2020 14:00,2020,4,20,4/20/2020,15,13.426,101.995,1.119,752.8557260063159,0.952734679
4/20/2020 15:00,2020,4,20,4/20/2020,16,12.963,103.482,1.109,752.8978741626895,0.952788017
4/20/2020 16:00,2020,4,20,4/20/2020,17,16.627,101.615,1.183,752.9400192513295,0.952841351
4/20/2020 17:00,2020,4,20,4/20/2020,18,16.665,103.265,1.183,752.9821612505541,0.952894682
4/20/2020 18:00,2020,4,20,4/20/2020,19,18.209,101.355,1.21,753.0243001,0.952948008
4/20/2020 19:00,2020,4,20,4/20/2020,20,18.991,102.784,1.212,684.2283685353899,0.865887145
4/20/2020 20:00,2020,4,20,4/20/2020,21,19.934,99.878,1.214,615.4324337776452,0.778826277
4/20/2020 21:00,2020,4,20,4/20/2020,22,21.961,98.878,1.219,615.4745632024204,0.778879591
4/20/2020 22:00,2020,4,20,4/20/2020,23,20.558,99.823,1.216,615.5166894293945,0.778932902
4/20/2020 23:00,2020,4,20,4/20/2020,24,19.894,99.584,1.214,573.7642715405735,0.726095452
4/21/2020 0:00,2020,4,21,4/21/2020,1,19.297,99.344,1.213,532.0118504106088,0.673257999
4/21/2020 1:00,2020,4,21,4/21/2020,2,16.805,100.371,1.186,532.0539669141524,0.673311297
4/21/2020 2:00,2020,4,21,4/21/2020,3,17.247,99.695,1.195,532.0960801332158,0.673364591
4/21/2020 3:00,2020,4,21,4/21/2020,4,15.368,99.783,1.157,532.1381900461333,0.673417881
4/21/2020 4:00,2020,4,21,4/21/2020,5,12.015,99.658,1.09,532.1802966312414,0.673471166
4/21/2020 5:00,2020,4,21,4/21/2020,6,10.745,98.967,1.08,532.2223998668776,0.673524448
4/21/2020 6:00,2020,4,21,4/21/2020,7,10.321,98.561,1.08,532.2644997313816,0.673577725
4/21/2020 7:00,2020,4,21,4/21/2020,8,9.946,99.723,1.08,564.7101369406203,0.714637496
4/21/2020 8:00,2020,4,21,4/21/2020,9,10.449,101.105,1.08,642.9812975153287,0.813689209
4/21/2020 9:00,2020,4,21,4/21/2020,10,10.33,102.708,1.08,721.2524546539341,0.912740917
4/21/2020 10:00,2020,4,21,4/21/2020,11,9.35,102.119,1.08,753.6980815548654,0.953800675
4/21/2020 11:00,2020,4,21,4/21/2020,12,9.519,101.776,1.08,753.7401642388631,0.95385393
4/21/2020 12:00,2020,4,21,4/21/2020,13,11.674,102.194,1.083,753.7822434218031,0.953907181
4/21/2020 13:00,2020,4,21,4/21/2020,14,12.852,100.056,1.107,753.8243190820367,0.953960428
4/21/2020 14:00,2020,4,21,4/21/2020,15,14.701,101.651,1.144,753.8663911979183,0.95401367
4/21/2020 15:00,2020,4,21,4/21/2020,16,15.037,101.579,1.151,753.9084597478034,0.954066907
4/21/2020 16:00,2020,4,21,4/21/2020,17,15.645,102.18,1.163,753.9505247100491,0.95412014
4/21/2020 17:00,2020,4,21,4/21/2020,18,16.64,102.349,1.183,753.9925860630148,0.954173369
4/21/2020 18:00,2020,4,21,4/21/2020,19,19.345,101.696,1.213,754.0346437850617,0.954226592
4/21/2020 19:00,2020,4,21,4/21/2020,20,19.501,100.886,1.213,685.2386304959057,0.867165625
4/21/2020 20:00,2020,4,21,4/21/2020,21,20.075,100.96,1.215,616.4426135325587,0.780104654
4/21/2020 21:00,2020,4,21,4/21/2020,22,19.962,98.847,1.214,616.4846602320346,0.780157863
4/21/2020 22:00,2020,4,21,4/21/2020,23,19.727,100.228,1.214,616.5267032140548,0.780211069
4/21/2020 23:00,2020,4,21,4/21/2020,24,20.005,100.043,1.214,574.7742015606686,0.727373513
4/22/2020 0:00,2020,4,22,4/22/2020,1,18.861,98.942,1.212,533.0216961465701,0.674535953
4/22/2020 1:00,2020,4,22,4/22/2020,2,17.988,100.661,1.21,533.0637278464549,0.674589144
4/22/2020 2:00,2020,4,22,4/22/2020,3,16.017,100.618,1.17,533.1057557423778,0.67464233
4/22/2020 3:00,2020,4,22,4/22/2020,4,15.217,100.433,1.154,533.1477798127177,0.674695511
4/22/2020 4:00,2020,4,22,4/22/2020,5,14.954,101.514,1.149,533.1898000358543,0.674748687
4/22/2020 5:00,2020,4,22,4/22/2020,6,11.674,101.735,1.083,533.2318163901703,0.674801859
4/22/2020 6:00,2020,4,22,4/22/2020,7,10.895,100.809,1.08,533.2738288540497,0.674855025
4/22/2020 7:00,2020,4,22,4/22/2020,8,11.017,99.977,1.08,565.7193781434044,0.715914685
4/22/2020 8:00,2020,4,22,4/22/2020,9,9.12,100.58,1.08,643.9904502790147,0.814966286
4/22/2020 9:00,2020,4,22,4/22/2020,10,9.458,101.505,1.08,722.2615184593535,0.914017881
4/22/2020 10:00,2020,4,22,4/22/2020,11,9.207,99.227,1.08,754.7070558828952,0.955077526
4/22/2020 11:00,2020,4,22,4/22/2020,12,8.769,100.044,1.08,754.7490485704266,0.955130668
4/22/2020 12:00,2020,4,22,4/22/2020,13,11.542,98.314,1.081,754.7910372378697,0.955183804
4/22/2020 13:00,2020,4,22,4/22/2020,14,12.814,98.878,1.106,754.8330218636228,0.955236935
4/22/2020 14:00,2020,4,22,4/22/2020,15,13.164,99.348,1.113,754.8750024260864,0.955290062
4/22/2020 15:00,2020,4,22,4/22/2020,16,15.222,101.038,1.154,754.9169789036637,0.955343183
4/22/2020 16:00,2020,4,22,4/22/2020,17,16.833,99.851,1.187,754.9589512747589,0.955396298
4/22/2020 17:00,2020,4,22,4/22/2020,18,18.05,98.954,1.21,755.0009195,0.955449409
4/22/2020 18:00,2020,4,22,4/22/2020,19,20.203,99.923,1.215,755.0428836111334,0.955502514
4/22/2020 19:00,2020,4,22,4/22/2020,20,21.095,100.702,1.217,686.2467761745859,0.868441428
4/22/2020 20:00,2020,4,22,4/22/2020,21,21.313,100.327,1.217,617.4506645451968,0.781380336
4/22/2020 21:00,2020,4,22,4/22/2020,22,18.787,101.986,1.212,617.4926160600289,0.781433426
4/22/2020 22:00,2020,4,22,4/22/2020,23,20.861,99.221,1.216,617.5345633388526,0.78148651
4/22/2020 23:00,2020,4,22,4/22/2020,24,21.263,100.904,1.217,575.7819654637661,0.728648833
4/23/2020 0:00,2020,4,23,4/23/2020,1,17.796,100.684,1.206,534.0293633095132,0.67581115
4/23/2020 1:00,2020,4,23,4/23/2020,2,17.443,99.954,1.199,534.0712977508394,0.675864218
4/23/2020 2:00,2020,4,23,4/23/2020,3,16.121,100.039,1.172,534.1132278698494,0.67591728
4/23/2020 3:00,2020,4,23,4/23/2020,4,14.641,100.508,1.143,534.1551536449723,0.675970337
4/23/2020 4:00,2020,4,23,4/23/2020,5,13.279,100.56,1.116,534.1970750546386,0.676023388
4/23/2020 5:00,2020,4,23,4/23/2020,6,11.992,99.991,1.09,534.2389920772816,0.676076434
4/23/2020 6:00,2020,4,23,4/23/2020,7,10.385,100.623,1.08,534.2809046913367,0.676129474
4/23/2020 7:00,2020,4,23,4/23/2020,8,11.03,99.672,1.08,566.7263536127668,0.717189007
4/23/2020 8:00,2020,4,23,4/23/2020,9,9.044,99.371,1.08,644.9973248624043,0.81624048
4/23/2020 9:00,2020,4,23,4/23/2020,10,9.42,99.814,1.08,723.2682916387735,0.915291947
4/23/2020 10:00,2020,4,23,4/23/2020,11,9.669,98.557,1.08,755.7137271404014,0.956351463
4/23/2020 11:00,2020,4,23,4/23/2020,12,8.794,99.734,1.08,755.7556173881269,0.956404475
4/23/2020 12:00,2020,4,23,4/23/2020,13,10.461,101.311,1.08,755.7975030979248,0.956457481
4/23/2020 13:00,2020,4,23,4/23/2020,14,12.825,101.479,1.106,755.8393842482465,0.956510481
4/23/2020 14:00,2020,4,23,4/23/2020,15,12.618,97.655,1.102,755.8812608175456,0.956563476
4/23/2020 15:00,2020,4,23,4/23/2020,16,15.781,99.101,1.166,755.9231327842786,0.956616465
4/23/2020 16:00,2020,4,23,4/23/2020,17,16.004,100.65,1.17,755.9650001,0.956669448
4/23/2020 17:00,2020,4,23,4/23/2020,18,18.328,99.967,1.211,756.0068628238826,0.956722425
4/23/2020 18:00,2020,4,23,4/23/2020,19,18.911,100.918,1.212,756.0487208536779,0.956775396
4/23/2020 19:00,2020,4,23,4/23/2020,20,20.464,99.132,1.215,687.2525068361083,0.869714175
4/23/2020 20:00,2020,4,23,4/23/2020,21,19.449,100.453,1.213,618.4562881082892,0.782652947
4/23/2020 21:00,2020,4,23,4/23/2020,22,20.207,99.296,1.215,618.4981320073381,0.782705901
4/23/2020 22:00,2020,4,23,4/23/2020,23,19.864,99.814,1.214,618.5399711530812,0.782758848
4/23/2020 23:00,2020,4,23,4/23/2020,24,21.728,99.55,1.218,576.7872646276721,0.729921033
4/24/2020 0:00,2020,4,24,4/24/2020,1,19.86,100.036,1.214,535.0345533059105,0.677083212
4/24/2020 1:00,2020,4,24,4/24/2020,2,18.484,99.023,1.211,535.0763781,0.677136141
4/24/2020 2:00,2020,4,24,4/24/2020,3,16.685,99.256,1.184,535.118198,0.677189064
4/24/2020 3:00,2020,4,24,4/24/2020,4,14.535,100.009,1.141,535.1600130362899,0.677241981
4/24/2020 4:00,2020,4,24,4/24/2020,5,13.785,99.711,1.126,535.2018232102675,0.677294891
4/24/2020 5:00,2020,4,24,4/24/2020,6,12.97,100.052,1.109,535.2436284803191,0.677347796
4/24/2020 6:00,2020,4,24,4/24/2020,7,11.505,99.065,1.08,535.2854288249378,0.677400694
4/24/2020 7:00,2020,4,24,4/24/2020,8,10.356,98.972,1.08,567.730765,0.718460084
4/24/2020 8:00,2020,4,24,4/24/2020,9,9.828,102.188,1.08,646.0016229068283,0.817511413
4/24/2020 9:00,2020,4,24,4/24/2020,10,8.138,102.012,1.08,724.2724758635734,0.916562737
4/24/2020 10:00,2020,4,24,4/24/2020,11,8.11,102.615,1.08,756.7177970289645,0.957622108
4/24/2020 11:00,2020,4,24,4/24/2020,12,10.219,99.477,1.08,756.7595724238997,0.957674974
4/24/2020 12:00,2020,4,24,4/24/2020,13,11.035,100.737,1.08,756.8013427644127,0.957727834
4/24/2020 13:00,2020,4,24,4/24/2020,14,10.313,102.141,1.08,756.8431080290142,0.957780688
4/24/2020 14:00,2020,4,24,4/24/2020,15,12.773,100.961,1.105,756.8848681962176,0.957833535
4/24/2020 15:00,2020,4,24,4/24/2020,16,14.065,103.066,1.131,756.9266232445391,0.957886376
4/24/2020 16:00,2020,4,24,4/24/2020,17,17.827,100.506,1.207,756.9683731524974,0.95793921
4/24/2020 17:00,2020,4,24,4/24/2020,18,19.624,100.776,1.214,757.0101178986138,0.957992038
4/24/2020 18:00,2020,4,24,4/24/2020,19,18.567,101.884,1.211,757.0518574614123,0.958044859
4/24/2020 19:00,2020,4,24,4/24/2020,20,18.74,101.488,1.212,688.2555244607724,0.870983488
4/24/2020 20:00,2020,4,24,4/24/2020,21,20.592,100.406,1.216,619.4591862338707,0.783922109
4/24/2020 21:00,2020,4,24,4/24/2020,22,19.698,102.611,1.214,619.5009101178863,0.783974911
4/24/2020 22:00,2020,4,24,4/24/2020,23,20.696,99.592,1.216,619.5426287327068,0.784027705
4/24/2020 23:00,2020,4,24,4/24/2020,24,18.408,101.036,1.211,577.7898011605482,0.731189737
4/25/2020 0:00,2020,4,25,4/25/2020,1,19.182,100.463,1.213,536.0369682762722,0.678351763
4/25/2020 1:00,2020,4,25,4/25/2020,2,17.756,97.871,1.205,536.078671,0.678404537
4/25/2020 2:00,2020,4,25,4/25/2020,3,17.029,98.375,1.191,536.1203682781849,0.678457305
4/25/2020 3:00,2020,4,25,4/25/2020,4,15.386,100.193,1.158,536.1620602251462,0.678510066
4/25/2020 4:00,2020,4,25,4/25/2020,5,12.732,99.407,1.105,536.2037467741782,0.67856282
4/25/2020 5:00,2020,4,25,4/25/2020,6,13.791,99.557,1.126,536.2454279038348,0.678615567
4/25/2020 6:00,2020,4,25,4/25/2020,7,10.334,100.207,1.08,536.2871035926726,0.678668307
4/25/2020 7:00,2020,4,25,4/25/2020,8,9.677,100.997,1.08,568.7323145567768,0.719727539
4/25/2020 8:00,2020,4,25,4/25/2020,9,9.755,101.834,1.08,647.0030468171018,0.81877871
4/25/2020 9:00,2020,4,25,4/25/2020,10,9.161,101.959,1.08,725.2737735722951,0.917829873
4/25/2020 10:00,2020,4,25,4/25/2020,11,9.874,102.269,1.08,757.7189680210072,0.958889084
4/25/2020 11:00,2020,4,25,4/25/2020,12,10.542,103.718,1.08,757.7606161842009,0.95894179
4/25/2020 12:00,2020,4,25,4/25/2020,13,10.18,100.835,1.08,757.8022587779756,0.958994488
4/25/2020 13:00,2020,4,25,4/25/2020,14,11.31,102.029,1.08,757.8438957809075,0.959047179
4/25/2020 14:00,2020,4,25,4/25/2020,15,11.969,103.256,1.089,757.8855271715763,0.959099864
4/25/2020 15:00,2020,4,25,4/25/2020,16,13.764,103.366,1.125,757.9271529285645,0.959152541
4/25/2020 16:00,2020,4,25,4/25/2020,17,16.757,101.399,1.185,757.9687730304568,0.959205211
4/25/2020 17:00,2020,4,25,4/25/2020,18,17.492,100.943,1.2,758.0103874558419,0.959257874
4/25/2020 18:00,2020,4,25,4/25/2020,19,18.494,101.381,1.211,758.0519961833104,0.959310529
4/25/2020 19:00,2020,4,25,4/25/2020,20,19.718,102.608,1.214,689.2555318328093,0.872248991
4/25/2020 20:00,2020,4,25,4/25/2020,21,21.086,102.385,1.217,620.4590617415827,0.785187446
4/25/2020 21:00,2020,4,25,4/25/2020,22,20.5,98.29,1.216,620.5006532468776,0.78524008
4/25/2020 22:00,2020,4,25,4/25/2020,23,20.824,99.662,1.216,620.5422389686497,0.785292706
4/25/2020 23:00,2020,4,25,4/25/2020,24,19.904,99.697,1.214,578.7892779891833,0.73245457
4/26/2020 0:00,2020,4,26,4/26/2020,1,19.211,99.221,1.213,537.0363111834088,0.679616425
4/26/2020 1:00,2020,4,26,4/26/2020,2,18.701,100.312,1.212,537.0778794262592,0.67966903
4/26/2020 2:00,2020,4,26,4/26/2020,3,15.403,98.513,1.158,537.1194418000281,0.679721627
4/26/2020 3:00,2020,4,26,4/26/2020,4,16.095,98.981,1.172,537.1609982833332,0.679774216
4/26/2020 4:00,2020,4,26,4/26/2020,5,12.166,102.467,1.093,537.2025488547954,0.679826798
4/26/2020 5:00,2020,4,26,4/26/2020,6,10.715,101.184,1.08,537.2440934930386,0.679879373
4/26/2020 6:00,2020,4,26,4/26/2020,7,11.834,102.031,1.087,537.2856321766897,0.67993194
4/26/2020 7:00,2020,4,26,4/26/2020,8,8.831,101.661,1.08,569.7307056219042,0.720990997
4/26/2020 8:00,2020,4,26,4/26/2020,9,10.448,101.425,1.08,648.0012998497075,0.820041993
4/26/2020 9:00,2020,4,26,4/26/2020,10,9.395,100.378,1.08,726.2718880588179,0.919092982
4/26/2020 10:00,2020,4,26,4/26/2020,11,9.186,102.022,1.08,758.7169434479572,0.960152016
4/26/2020 11:00,2020,4,26,4/26/2020,12,9.398,102.546,1.08,758.7584520381599,0.960204545
4/26/2020 12:00,2020,4,26,4/26/2020,13,12.359,100.372,1.097,758.7999545455968,0.960257066
4/26/2020 13:00,2020,4,26,4/26/2020,14,10.982,102.679,1.08,758.8414509489169,0.96030958
4/26/2020 14:00,2020,4,26,4/26/2020,15,15.19,101.428,1.154,758.8829412267717,0.960362086
4/26/2020 15:00,2020,4,26,4/26/2020,16,14.511,101.414,1.14,758.9244253578161,0.960414584
4/26/2020 16:00,2020,4,26,4/26/2020,17,17.471,102.4,1.199,758.9659033207082,0.960467074
4/26/2020 17:00,2020,4,26,4/26/2020,18,18.813,100.62,1.212,759.0073750941094,0.960519556
4/26/2020 18:00,2020,4,26,4/26/2020,19,18.409,102.033,1.211,759.0488406566841,0.96057203
4/26/2020 19:00,2020,4,26,4/26/2020,20,21.057,102.513,1.217,690.2522326284526,0.873510311
4/26/2020 20:00,2020,4,26,4/26/2020,21,20.989,99.291,1.217,621.4556183467331,0.786448583
4/26/2020 21:00,2020,4,26,4/26/2020,22,21.016,100.293,1.217,621.4970651488466,0.786501034
4/26/2020 22:00,2020,4,26,4/26/2020,23,20.689,99.427,1.216,621.5385056548234,0.786553476
4/26/2020 23:00,2020,4,26,4/26/2020,24,17.643,100.835,1.203,579.7853989470225,0.733715155
4/27/2020 0:00,2020,4,27,4/27/2020,1,18.776,100.936,1.212,538.0322859004491,0.680876826
4/27/2020 1:00,2020,4,27,4/27/2020,2,16.223,100.39,1.174,538.0737073901117,0.680929244
4/27/2020 2:00,2020,4,27,4/27/2020,3,15.933,100.533,1.169,538.1151224983794,0.680981655
4/27/2020 3:00,2020,4,27,4/27/2020,4,14.568,101.036,1.141,538.1565312039454,0.681034058
4/27/2020 4:00,2020,4,27,4/27/2020,5,11.689,100.676,1.084,538.1979334855067,0.681086452
4/27/2020 5:00,2020,4,27,4/27/2020,6,12.228,100.509,1.095,538.2393293217635,0.681138838
4/27/2020 6:00,2020,4,27,4/27/2020,7,10.634,101.173,1.08,538.2807186914196,0.681191216
4/27/2020 7:00,2020,4,27,4/27/2020,8,9.913,102.003,1.08,570.7256423107068,0.722250084
4/27/2020 8:00,2020,4,27,4/27/2020,9,8.006,103.183,1.08,648.9960862007279,0.82130089
4/27/2020 9:00,2020,4,27,4/27/2020,10,7.861,101.822,1.08,727.2665235602783,0.920351687
4/27/2020 10:00,2020,4,27,4/27/2020,11,10.747,102.982,1.08,759.7114275881577,0.96141053
4/27/2020 11:00,2020,4,27,4/27/2020,12,11.192,101.693,1.08,759.7527843054781,0.961462867
4/27/2020 12:00,2020,4,27,4/27/2020,13,12.091,101.18,1.092,759.7941344284889,0.961515195
4/27/2020 13:00,2020,4,27,4/27/2020,14,12.952,103.709,1.109,759.8354779359171,0.961567515
4/27/2020 14:00,2020,4,27,4/27/2020,15,14.668,100.18,1.143,759.8768148,0.961619827
4/27/2020 15:00,2020,4,27,4/27/2020,16,16.392,100.825,1.178,759.9181450189504,0.96167213
4/27/2020 16:00,2020,4,27,4/27/2020,17,14.838,103.036,1.147,759.9594685520267,0.961724425
4/27/2020 17:00,2020,4,27,4/27/2020,18,16.641,101.84,1.183,760.0007853844627,0.961776711
4/27/2020 18:00,2020,4,27,4/27/2020,19,19.585,101.373,1.214,760.0420954950023,0.961828989
4/27/2020 19:00,2020,4,27,4/27/2020,20,20.557,101.02,1.216,691.2453315,0.874767072
4/27/2020 20:00,2020,4,27,4/27/2020,21,20.592,98.006,1.216,622.4485607480922,0.787705146
4/27/2020 21:00,2020,4,27,4/27/2020,22,20.883,100.088,1.216,622.4898505654425,0.787757398
4/27/2020 22:00,2020,4,27,4/27/2020,23,21.225,99.819,1.217,622.5311335759077,0.787809641
4/27/2020 23:00,2020,4,27,4/27/2020,24,18.729,99.123,1.212,580.7778689,0.73497112
4/28/2020 0:00,2020,4,28,4/28/2020,1,18.601,100.976,1.211,539.0245972985899,0.68213259
4/28/2020 1:00,2020,4,28,4/28/2020,2,17.09,99.937,1.192,539.0658597609834,0.682184808
4/28/2020 2:00,2020,4,28,4/28/2020,3,17.344,100.06,1.197,539.1071153315593,0.682237016
4/28/2020 3:00,2020,4,28,4/28/2020,4,14.681,100.818,1.144,539.148364,0.682289216
4/28/2020 4:00,2020,4,28,4/28/2020,5,13.773,100.068,1.125,539.1896057,0.682341408
4/28/2020 5:00,2020,4,28,4/28/2020,6,11.882,99.108,1.088,539.2308404801549,0.68239359
4/28/2020 6:00,2020,4,28,4/28/2020,7,11.366,100.093,1.08,539.2720682712521,0.682445763
4/28/2020 7:00,2020,4,28,4/28/2020,8,11.766,100.272,1.085,571.7168298019711,0.723504426
4/28/2020 8:00,2020,4,28,4/28/2020,9,9.658,101.925,1.08,649.9871110934976,0.822555026
4/28/2020 9:00,2020,4,28,4/28/2020,10,7.894,101.11,1.08,728.2573853447111,0.921605617
4/28/2020 10:00,2020,4,28,4/28/2020,11,8.18,101.829,1.08,760.7021257544949,0.962664253
4/28/2020 11:00,2020,4,28,4/28/2020,12,8.883,101.135,1.08,760.7433183440453,0.962716382
4/28/2020 12:00,2020,4,28,4/28/2020,13,11.596,99.972,1.082,760.7845038296961,0.962768502
4/28/2020 13:00,2020,4,28,4/28/2020,14,11.826,101.325,1.087,760.8256821902587,0.962820613
4/28/2020 14:00,2020,4,28,4/28/2020,15,12.994,100.875,1.11,760.8668534045489,0.962872715
4/28/2020 15:00,2020,4,28,4/28/2020,16,14.602,102.245,1.142,760.9080174513856,0.962924808
4/28/2020 16:00,2020,4,28,4/28/2020,17,16.842,102.418,1.187,760.9491743095914,0.962976892
4/28/2020 17:00,2020,4,28,4/28/2020,18,17.726,99.918,1.205,760.9903239579928,0.963028967
4/28/2020 18:00,2020,4,28,4/28/2020,19,19.58,102.141,1.214,761.0314663754202,0.963081032
4/28/2020 19:00,2020,4,28,4/28/2020,20,20.26,102.337,1.215,692.2345342,0.876018902
4/28/2020 20:00,2020,4,28,4/28/2020,21,20.625,99.433,1.216,623.4375947153972,0.788956763
4/28/2020 21:00,2020,4,28,4/28/2020,22,21.177,99.587,1.217,623.4787153129201,0.789008801
4/28/2020 22:00,2020,4,28,4/28/2020,23,20.36,102.53,1.215,623.5198285948268,0.789060829
4/28/2020 23:00,2020,4,28,4/28/2020,24,20.196,99.781,1.215,581.7663936436447,0.736222093
4/29/2020 0:00,2020,4,29,4/29/2020,1,18.853,99.399,1.212,540.0129513345478,0.683383347
4/29/2020 1:00,2020,4,29,4/29/2020,2,17.231,100.486,1.195,540.0540425427141,0.683435347
4/29/2020 2:00,2020,4,29,4/29/2020,3,15.448,99.256,1.159,540.0951263506822,0.683487339
4/29/2020 3:00,2020,4,29,4/29/2020,4,14.76,99.944,1.145,540.1362027373164,0.683539321
4/29/2020 4:00,2020,4,29,4/29/2020,5,14.093,101.944,1.132,540.1772716814842,0.683591293
4/29/2020 5:00,2020,4,29,4/29/2020,6,10.954,98.275,1.08,540.2183331620574,0.683643256
4/29/2020 6:00,2020,4,29,4/29/2020,7,11.545,99.015,1.081,540.2593871579119,0.68369521
4/29/2020 7:00,2020,4,29,4/29/2020,8,10.267,99.506,1.08,572.7039743854519,0.724753652
4/29/2020 8:00,2020,4,29,4/29/2020,9,10.883,99.529,1.08,650.9740808659533,0.823804031
4/29/2020 9:00,2020,4,29,4/29/2020,10,9.086,101.505,1.08,729.2441797983854,0.9228544
4/29/2020 10:00,2020,4,29,4/29/2020,11,9.859,99.467,1.08,761.6887443817213,0.963912814
4/29/2020 11:00,2020,4,29,4/29/2020,12,9.045,98.55,1.08,761.7297606372485,0.963964719
4/29/2020 12:00,2020,4,29,4/29/2020,13,11.407,99.906,1.08,761.7707692813908,0.964016616
4/29/2020 13:00,2020,4,29,4/29/2020,14,12.607,101.176,1.102,761.8117702930513,0.964068502
4/29/2020 14:00,2020,4,29,4/29/2020,15,15.32,98.929,1.156,761.8527636511365,0.964120379
4/29/2020 15:00,2020,4,29,4/29/2020,16,14.945,98.046,1.149,761.8937493345567,0.964172246
4/29/2020 16:00,2020,4,29,4/29/2020,17,15.987,100.261,1.17,761.9347273222266,0.964224104
4/29/2020 17:00,2020,4,29,4/29/2020,18,17.986,100.339,1.21,761.9756975930648,0.964275951
4/29/2020 18:00,2020,4,29,4/29/2020,19,19.051,100.077,1.212,762.0166601259934,0.964327789
4/29/2020 19:00,2020,4,29,4/29/2020,20,19.917,100.581,1.214,693.2195475412922,0.877265431
4/29/2020 20:00,2020,4,29,4/29/2020,21,19.948,99.597,1.214,624.4224271765383,0.790203063
4/29/2020 21:00,2020,4,29,4/29/2020,22,20.478,98.96,1.216,624.4633663693135,0.790254871
4/29/2020 22:00,2020,4,29,4/29/2020,23,21.312,98.474,1.217,624.5042977399089,0.79030667
4/29/2020 23:00,2020,4,29,4/29/2020,24,19.644,100.134,1.214,582.7506803709457,0.737467702
4/30/2020 0:00,2020,4,30,4/30/2020,1,19.003,100.908,1.212,540.9970551376916,0.684628725
4/30/2020 1:00,2020,4,30,4/30/2020,2,18.468,99.694,1.211,541.0379629154188,0.684680493
4/30/2020 2:00,2020,4,30,4/30/2020,3,16.33,99.326,1.177,541.0788627867603,0.684732252
4/30/2020 3:00,2020,4,30,4/30/2020,4,13.846,99.246,1.127,541.1197547306749,0.684784
4/30/2020 4:00,2020,4,30,4/30/2020,5,14.641,101.351,1.143,541.1606387261253,0.684835739
4/30/2020 5:00,2020,4,30,4/30/2020,6,11.076,100.042,1.08,541.2015147520781,0.684887467
4/30/2020 6:00,2020,4,30,4/30/2020,7,10.113,99.97,1.08,541.2423827875045,0.684939185
4/30/2020 7:00,2020,4,30,4/30/2020,8,10.364,100.772,1.08,573.6867835489049,0.725997392
4/30/2020 8:00,2020,4,30,4/30/2020,9,8.626,101.968,1.08,651.9567030576507,0.825047534
4/30/2020 9:00,2020,4,30,4/30/2020,10,8.265,101.011,1.08,730.2266145128074,0.924097666
4/30/2020 10:00,2020,4,30,4/30/2020,11,8.744,100.238,1.08,762.6709911134449,0.965155841
4/30/2020 11:00,2020,4,30,4/30/2020,12,10.347,101.031,1.08,762.7118188809469,0.965207509
4/30/2020 12:00,2020,4,30,4/30/2020,13,10.958,100.209,1.08,762.7526385318347,0.965259166
4/30/2020 13:00,2020,4,30,4/30/2020,14,11.789,99.878,1.086,762.7934500451081,0.965310812
4/30/2020 14:00,2020,4,30,4/30/2020,15,15.152,100.958,1.153,762.8342533997713,0.965362449
4/30/2020 15:00,2020,4,30,4/30/2020,16,15.448,100.046,1.159,762.8750485748328,0.965414075
4/30/2020 16:00,2020,4,30,4/30/2020,17,16.284,101.192,1.176,762.9158355493047,0.965465691
4/30/2020 17:00,2020,4,30,4/30/2020,18,17.081,100.741,1.192,762.9566143022041,0.965517296
4/30/2020 18:00,2020,4,30,4/30/2020,19,19.178,100.812,1.213,762.9973848125519,0.965568891
4/30/2020 19:00,2020,4,30,4/30/2020,20,20.297,100.481,1.215,694.2000797007261,0.878506289
4/30/2020 20:00,2020,4,30,4/30/2020,21,19.253,100.042,1.213,625.4027663,0.791443676
4/30/2020 21:00,2020,4,30,4/30/2020,22,21.638,100.611,1.218,625.4435119612641,0.79149524
4/30/2020 22:00,2020,4,30,4/30/2020,23,20.627,100.815,1.216,625.4842492916998,0.791546793
4/30/2020 23:00,2020,4,30,4/30/2020,24,20.096,99.288,1.215,583.7304373784309,0.738707579
5/1/2020 0:00,2020,5,1,5/1/2020,1,22.305,100.998,1.22,529.0281538408216,0.669482147
5/1/2020 1:00,2020,5,1,5/1/2020,2,20.443,98.374,1.215,529.0688660662522,0.669533669
5/1/2020 2:00,2020,5,1,5/1/2020,3,18.005,100.172,1.21,529.1095698814527,0.669585179
5/1/2020 3:00,2020,5,1,5/1/2020,4,18.366,99.89,1.211,529.1502652654821,0.669636679
5/1/2020 4:00,2020,5,1,5/1/2020,5,16.817,99.206,1.186,529.1909521974047,0.669688168
5/1/2020 5:00,2020,5,1,5/1/2020,6,13.7,100.18,1.124,529.2316306562884,0.669739646
5/1/2020 6:00,2020,5,1,5/1/2020,7,13.036,99.921,1.111,529.2723006,0.669791114
5/1/2020 7:00,2020,5,1,5/1/2020,8,10.989,100.279,1.08,560.1650185480485,0.708885674
5/1/2020 8:00,2020,5,1,5/1/2020,9,12.983,101.61,1.11,634.6891246,0.803195511
5/1/2020 9:00,2020,5,1,5/1/2020,10,11.106,102.807,1.08,709.2132221666177,0.897505336
5/1/2020 10:00,2020,5,1,5/1/2020,11,12.019,103.112,1.09,740.1059144232977,0.936599864
5/1/2020 11:00,2020,5,1,5/1/2020,12,11.83,102.488,1.087,740.1465416,0.936651277
5/1/2020 12:00,2020,5,1,5/1/2020,13,13.502,101.592,1.12,740.1871601665157,0.93670268
5/1/2020 13:00,2020,5,1,5/1/2020,14,14.655,102.044,1.143,740.2277701,0.936754072
5/1/2020 14:00,2020,5,1,5/1/2020,15,17.035,101.42,1.191,740.2683713,0.936805452
5/1/2020 15:00,2020,5,1,5/1/2020,16,16.462,101.668,1.179,740.3089639266086,0.936856822
5/1/2020 16:00,2020,5,1,5/1/2020,17,17.931,100.563,1.209,740.3495478018218,0.936908181
5/1/2020 17:00,2020,5,1,5/1/2020,18,20.756,100.872,1.216,740.390123,0.936959528
5/1/2020 18:00,2020,5,1,5/1/2020,19,21.489,101.62,1.218,740.4306893597424,0.937010865
5/1/2020 19:00,2020,5,1,5/1/2020,20,22.375,101.737,1.22,674.9291521072232,0.854119039
5/1/2020 20:00,2020,5,1,5/1/2020,21,22.727,100.388,1.229,609.4276060682175,0.771227201
5/1/2020 21:00,2020,5,1,5/1/2020,22,23.655,99.895,1.264,609.4681461153468,0.771278504
5/1/2020 22:00,2020,5,1,5/1/2020,23,22.675,98.099,1.227,609.5086773342725,0.771329796
5/1/2020 23:00,2020,5,1,5/1/2020,24,21.832,98.523,1.219,569.7557849473859,0.721022735
5/2/2020 0:00,2020,5,2,5/2/2020,1,21.614,101.607,1.218,530.0028836905968,0.670715663
5/2/2020 1:00,2020,5,2,5/2/2020,2,18.343,99.537,1.211,530.0433882998202,0.670766921
5/2/2020 2:00,2020,5,2,5/2/2020,3,18.104,101.339,1.21,530.0838839974604,0.670818168
5/2/2020 3:00,2020,5,2,5/2/2020,4,17.559,98.843,1.201,530.1243707626843,0.670869404
5/2/2020 4:00,2020,5,2,5/2/2020,5,16.414,100.036,1.178,530.1648486,0.670920628
5/2/2020 5:00,2020,5,2,5/2/2020,6,14.142,100.649,1.133,530.2053174125724,0.670971841
5/2/2020 6:00,2020,5,2,5/2/2020,7,12.662,97.845,1.103,530.2457772555929,0.671023043
5/2/2020 7:00,2020,5,2,5/2/2020,8,11.361,99.11,1.08,561.1382845597234,0.710117337
5/2/2020 8:00,2020,5,2,5/2/2020,9,11.681,102.206,1.084,635.6621795,0.804426906
5/2/2020 9:00,2020,5,2,5/2/2020,10,10.959,100.258,1.08,710.1860654308587,0.898736464
5/2/2020 10:00,2020,5,2,5/2/2020,11,10.375,101.64,1.08,741.0785456,0.937830723
5/2/2020 11:00,2020,5,2,5/2/2020,12,13.009,100.994,1.11,741.1189601194781,0.937881868
5/2/2020 12:00,2020,5,2,5/2/2020,13,14.285,102.184,1.136,741.1593655562131,0.937933
5/2/2020 13:00,2020,5,2,5/2/2020,14,15.602,101.675,1.162,741.1997618524521,0.937984122
5/2/2020 14:00,2020,5,2,5/2/2020,15,16.505,101.963,1.18,741.2401489874128,0.938035231
5/2/2020 15:00,2020,5,2,5/2/2020,16,17.352,102.422,1.197,741.2805269403179,0.938086329
5/2/2020 16:00,2020,5,2,5/2/2020,17,19.168,102.2,1.213,741.3208956903943,0.938137416
5/2/2020 17:00,2020,5,2,5/2/2020,18,19.664,103.019,1.214,741.3612552168739,0.938188491
5/2/2020 18:00,2020,5,2,5/2/2020,19,19.942,103.347,1.214,741.4016054989936,0.938239554
5/2/2020 19:00,2020,5,2,5/2/2020,20,21.86,103.56,1.219,675.8998516,0.855347453
5/2/2020 20:00,2020,5,2,5/2/2020,21,21.03,99.631,1.217,610.3980885,0.772455341
5/2/2020 21:00,2020,5,2,5/2/2020,22,23.353,98.769,1.252,610.4384108846648,0.772506369
5/2/2020 22:00,2020,5,2,5/2/2020,23,23.275,100.527,1.249,610.4787239818056,0.772557385
5/2/2020 23:00,2020,5,2,5/2/2020,24,24.068,100.753,1.279,570.7256129740841,0.722250047
5/3/2020 0:00,2020,5,3,5/3/2020,1,21.577,99.373,1.218,530.9724925975225,0.671942697
5/3/2020 1:00,2020,5,3,5/3/2020,2,19.045,101.171,1.212,531.0127775881484,0.671993678
5/3/2020 2:00,2020,5,3,5/3/2020,3,18.561,98.143,1.211,531.0530531684794,0.672044646
5/3/2020 3:00,2020,5,3,5/3/2020,4,17.357,100.838,1.197,531.0933193177955,0.672095603
5/3/2020 4:00,2020,5,3,5/3/2020,5,16.411,99.422,1.178,531.1335760153811,0.672146547
5/3/2020 5:00,2020,5,3,5/3/2020,6,14.661,98.403,1.143,531.1738232,0.67219748
5/3/2020 6:00,2020,5,3,5/3/2020,7,13.75,97.985,1.125,531.2140609725245,0.672248401
5/3/2020 7:00,2020,5,3,5/3/2020,8,12.25,98.567,1.095,562.1063456674902,0.711342413
5/3/2020 8:00,2020,5,3,5/3/2020,9,11.845,104.102,1.087,636.6300175245242,0.8056517
5/3/2020 9:00,2020,5,3,5/3/2020,10,10.458,101.631,1.08,711.1536798263244,0.899960974
5/3/2020 10:00,2020,5,3,5/3/2020,11,11.607,104.168,1.082,742.0459358555937,0.93905495
5/3/2020 11:00,2020,5,3,5/3/2020,12,12.577,102.594,1.102,742.0861258,0.93910581
5/3/2020 12:00,2020,5,3,5/3/2020,13,13.639,102.357,1.123,742.1263061500255,0.939156658
5/3/2020 13:00,2020,5,3,5/3/2020,14,13.616,102.718,1.122,742.1664768506548,0.939207494
5/3/2020 14:00,2020,5,3,5/3/2020,15,16.681,100.696,1.184,742.2066378926697,0.939258318
5/3/2020 15:00,2020,5,3,5/3/2020,16,18.08,102.585,1.21,742.2467892554092,0.939309129
5/3/2020 16:00,2020,5,3,5/3/2020,17,18.953,102.868,1.212,742.2869309,0.939359928
5/3/2020 17:00,2020,5,3,5/3/2020,18,20.039,101.878,1.215,742.3270628604414,0.939410715
5/3/2020 18:00,2020,5,3,5/3/2020,19,21.778,102.886,1.218,742.3671850614368,0.939461489
5/3/2020 19:00,2020,5,3,5/3/2020,20,22.29,101.07,1.22,676.8652026070789,0.8565691
5/3/2020 20:00,2020,5,3,5/3/2020,21,23.599,99.338,1.262,611.3632103702141,0.773676697
5/3/2020 21:00,2020,5,3,5/3/2020,22,22.897,102.453,1.235,611.4033032236938,0.773727435
5/3/2020 22:00,2020,5,3,5/3/2020,23,22.547,99.879,1.222,611.4433862534092,0.77377816
5/3/2020 23:00,2020,5,3,5/3/2020,24,21.414,97.547,1.218,571.6900447,0.72347053
5/4/2020 0:00,2020,5,4,5/4/2020,1,22.698,101.472,1.227,531.9366932455537,0.673162888
5/4/2020 1:00,2020,5,4,5/4/2020,2,20.218,100.272,1.215,531.9767466802699,0.673213575
5/4/2020 2:00,2020,5,4,5/4/2020,3,19.652,100.083,1.214,532.0167902087679,0.67326425
5/4/2020 3:00,2020,5,4,5/4/2020,4,15.408,101.033,1.158,532.0568238,0.673314912
5/4/2020 4:00,2020,5,4,5/4/2020,5,16.106,99.944,1.172,532.0968474647113,0.673365562
5/4/2020 5:00,2020,5,4,5/4/2020,6,14.072,99.977,1.131,532.1368611509703,0.673416199
5/4/2020 6:00,2020,5,4,5/4/2020,7,12.787,99.856,1.106,532.1768648486386,0.673466823
5/4/2020 7:00,2020,5,4,5/4/2020,8,14.615,99.756,1.142,563.068915,0.712560539
5/4/2020 8:00,2020,5,4,5/4/2020,9,9.088,101.564,1.08,637.5923518461266,0.806869528
5/4/2020 9:00,2020,5,4,5/4/2020,10,13.058,101.694,1.111,712.1157786,0.901178505
5/4/2020 10:00,2020,5,4,5/4/2020,11,12.181,100.203,1.094,743.0077986,0.940272182
5/4/2020 11:00,2020,5,4,5/4/2020,12,10.631,100.957,1.08,743.0477520884684,0.940322743
5/4/2020 12:00,2020,5,4,5/4/2020,13,13.875,102.048,1.128,743.0876954225869,0.940373291
5/4/2020 13:00,2020,5,4,5/4/2020,14,14.997,101.301,1.15,743.1276286241609,0.940423826
5/4/2020 14:00,2020,5,4,5/4/2020,15,15.999,101.019,1.17,743.1675516726466,0.940474349
5/4/2020 15:00,2020,5,4,5/4/2020,16,16.861,102.635,1.187,743.2074645475052,0.940524858
5/4/2020 16:00,2020,5,4,5/4/2020,17,17.878,102.266,1.208,743.2473672282031,0.940575355
5/4/2020 17:00,2020,5,4,5/4/2020,18,19.676,102.759,1.214,743.2872597,0.940625838
5/4/2020 18:00,2020,5,4,5/4/2020,19,21.31,100.491,1.217,743.3271419250088,0.940676309
5/4/2020 19:00,2020,5,4,5/4/2020,20,23.87,102.242,1.272,677.8249190065932,0.857783615
5/4/2020 20:00,2020,5,4,5/4/2020,21,22.981,99.673,1.238,612.3226858119353,0.774890908
5/4/2020 21:00,2020,5,4,5/4/2020,22,23.862,100.664,1.271,612.3625372,0.77494134
5/4/2020 22:00,2020,5,4,5/4/2020,23,24.587,99.01,1.299,612.4023782988329,0.774991759
5/4/2020 23:00,2020,5,4,5/4/2020,24,22.655,99.178,1.226,572.6487942891506,0.724683822
5/5/2020 0:00,2020,5,5,5/5/2020,1,21.847,99.416,1.219,532.8951999212287,0.674375872
5/5/2020 1:00,2020,5,5,5/5/2020,2,20.725,100.407,1.216,532.9350099313384,0.674426252
5/5/2020 2:00,2020,5,5,5/5/2020,3,19.519,99.895,1.213,532.9748095422418,0.674476618
5/5/2020 3:00,2020,5,5,5/5/2020,4,17.178,100.413,1.194,533.0145987334636,0.674526971
5/5/2020 4:00,2020,5,5,5/5/2020,5,16.727,99.982,1.185,533.0543774845341,0.674577311
5/5/2020 5:00,2020,5,5,5/5/2020,6,14.689,100.641,1.144,533.0941457749884,0.674627637
5/5/2020 6:00,2020,5,5,5/5/2020,7,12.825,98.913,1.106,533.1339035843675,0.674677951
5/5/2020 7:00,2020,5,5,5/5/2020,8,11.244,101.001,1.08,564.0257073690317,0.713771354
5/5/2020 8:00,2020,5,5,5/5/2020,9,12.519,100.728,1.1,638.5488973283296,0.808080031
5/5/2020 9:00,2020,5,5,5/5/2020,10,11.324,101.46,1.08,713.0720767452074,0.902388695
5/5/2020 10:00,2020,5,5,5/5/2020,11,11.649,100.06,1.083,743.9638489026156,0.941482058
5/5/2020 11:00,2020,5,5,5/5/2020,12,12.061,100.642,1.091,744.0035539999197,0.941532305
5/5/2020 12:00,2020,5,5,5/5/2020,13,12.908,101.204,1.108,744.0432484935071,0.941582538
5/5/2020 13:00,2020,5,5,5/5/2020,14,13.265,104.123,1.115,744.0829323629564,0.941632758
5/5/2020 14:00,2020,5,5,5/5/2020,15,15.485,102.865,1.16,744.1226055878519,0.941682964
5/5/2020 15:00,2020,5,5,5/5/2020,16,18.241,103.079,1.211,744.1622681477836,0.941733157
5/5/2020 16:00,2020,5,5,5/5/2020,17,18.408,102.559,1.211,744.2019200223463,0.941783336
5/5/2020 17:00,2020,5,5,5/5/2020,18,20.318,101.141,1.215,744.2415611911407,0.941833502
5/5/2020 18:00,2020,5,5,5/5/2020,19,20.752,101.313,1.216,744.2811916337733,0.941883654
5/5/2020 19:00,2020,5,5,5/5/2020,20,22.9,102.1,1.235,678.7787164363733,0.858990641
5/5/2020 20:00,2020,5,5,5/5/2020,21,23.402,101.665,1.254,613.2762304720404,0.776097614
5/5/2020 21:00,2020,5,5,5/5/2020,22,23.652,99.757,1.264,613.3158286138798,0.776147725
5/5/2020 22:00,2020,5,5,5/5/2020,23,23.123,98.972,1.244,613.3554159480373,0.776197822
5/5/2020 23:00,2020,5,5,5/5/2020,24,21.832,101.142,1.219,573.6015776973898,0.725889564
5/6/2020 0:00,2020,5,6,5/6/2020,1,22.293,98.332,1.22,533.8477285983338,0.675581292
5/6/2020 1:00,2020,5,6,5/6/2020,2,20.558,99.062,1.216,533.8872833872716,0.675631348
5/6/2020 2:00,2020,5,6,5/6/2020,3,19.021,101.209,1.212,533.9268272870967,0.675681391
5/6/2020 3:00,2020,5,6,5/6/2020,4,18.743,100.311,1.212,533.9663602774654,0.67573142
5/6/2020 4:00,2020,5,6,5/6/2020,5,13.837,98.925,1.127,534.0058823380393,0.675781435
5/6/2020 5:00,2020,5,6,5/6/2020,6,14.24,99.069,1.135,534.0453934484863,0.675831436
5/6/2020 6:00,2020,5,6,5/6/2020,7,14.504,99.624,1.14,534.0848935884792,0.675881423
5/6/2020 7:00,2020,5,6,5/6/2020,8,12.734,100.85,1.105,564.9764392,0.7149745
5/6/2020 8:00,2020,5,6,5/6/2020,9,11.462,100.442,1.08,639.4993705260633,0.80928285
5/6/2020 9:00,2020,5,6,5/6/2020,10,11.179,100.749,1.08,714.0222908062149,0.903591185
5/6/2020 10:00,2020,5,6,5/6/2020,11,10.693,99.818,1.08,744.9138033380501,0.94268422
5/6/2020 11:00,2020,5,6,5/6/2020,12,11.788,100.323,1.086,744.9532483210676,0.942734138
5/6/2020 12:00,2020,5,6,5/6/2020,13,14.846,98.831,1.147,744.9926822117889,0.942784041
5/6/2020 13:00,2020,5,6,5/6/2020,14,14.058,99.295,1.131,745.0321049899266,0.94283393
5/6/2020 14:00,2020,5,6,5/6/2020,15,15.82,100.934,1.166,745.0715166351991,0.942883806
5/6/2020 15:00,2020,5,6,5/6/2020,16,16.946,100.319,1.189,745.1109171,0.942933667
5/6/2020 16:00,2020,5,6,5/6/2020,17,18.275,99.999,1.211,745.1503064460524,0.942983514
5/6/2020 17:00,2020,5,6,5/6/2020,18,21.64,100.158,1.218,745.1896845710988,0.943033346
5/6/2020 18:00,2020,5,6,5/6/2020,19,21.171,101.168,1.217,745.2290514822118,0.943083165
5/6/2020 19:00,2020,5,6,5/6/2020,20,24.512,100.994,1.296,679.7263122656564,0.860189818
5/6/2020 20:00,2020,5,6,5/6/2020,21,22.075,99.048,1.219,614.2235618,0.777296456
5/6/2020 21:00,2020,5,6,5/6/2020,22,22.792,100.831,1.231,614.2628949,0.777346232
5/6/2020 22:00,2020,5,6,5/6/2020,23,23.499,100.28,1.258,614.3022167953983,0.777395994
5/6/2020 23:00,2020,5,6,5/6/2020,24,23.297,98.628,1.25,574.5481125764127,0.727087399
5/7/2020 0:00,2020,5,7,5/7/2020,1,21.364,100.853,1.217,534.7939970220643,0.676778789
5/7/2020 1:00,2020,5,7,5/7/2020,2,20.49,101.545,1.216,534.8332848688927,0.676828508
5/7/2020 2:00,2020,5,7,5/7/2020,3,19.278,100.648,1.213,534.8725613399286,0.676878212
5/7/2020 3:00,2020,5,7,5/7/2020,4,17.615,100.322,1.202,534.9118264149658,0.676927902
5/7/2020 4:00,2020,5,7,5/7/2020,5,15.375,100.674,1.157,534.9510801,0.676977577
5/7/2020 5:00,2020,5,7,5/7/2020,6,15.125,98.531,1.152,534.9903222962487,0.677027238
5/7/2020 6:00,2020,5,7,5/7/2020,7,13.215,101.638,1.114,535.0295530621114,0.677076884
5/7/2020 7:00,2020,5,7,5/7/2020,8,11.013,99.179,1.08,565.9208288280238,0.71616962
5/7/2020 8:00,2020,5,7,5/7/2020,9,11.419,100.137,1.08,640.4434897936059,0.810477627
5/7/2020 9:00,2020,5,7,5/7/2020,10,11.912,100.175,1.088,714.9661392420759,0.90478562
5/7/2020 10:00,2020,5,7,5/7/2020,11,11.086,101.151,1.08,745.8573804566574,0.943878312
5/7/2020 11:00,2020,5,7,5/7/2020,12,11.575,99.684,1.081,745.8965536369888,0.943927885
5/7/2020 12:00,2020,5,7,5/7/2020,13,14.116,98.026,1.132,745.9357152,0.943977444
5/7/2020 13:00,2020,5,7,5/7/2020,14,15.625,98.894,1.163,745.9748652,0.944026988
5/7/2020 14:00,2020,5,7,5/7/2020,15,16.708,102.672,1.184,746.0140036318656,0.944076518
5/7/2020 15:00,2020,5,7,5/7/2020,16,17.334,99.194,1.197,746.0531303809819,0.944126032
5/7/2020 16:00,2020,5,7,5/7/2020,17,19.097,98.562,1.212,746.0922454719565,0.944175532
5/7/2020 17:00,2020,5,7,5/7/2020,18,21.163,98.252,1.217,746.1313488846663,0.944225017
5/7/2020 18:00,2020,5,7,5/7/2020,19,21.425,100.171,1.218,746.1704405989944,0.944274488
5/7/2020 19:00,2020,5,7,5/7/2020,20,21.127,100.863,1.217,680.6674257013472,0.861380791
5/7/2020 20:00,2020,5,7,5/7/2020,21,24.946,98.482,1.312,615.1643990651016,0.77848708
5/7/2020 21:00,2020,5,7,5/7/2020,22,23.013,99.344,1.239,615.2034555636417,0.778536506
5/7/2020 22:00,2020,5,7,5/7/2020,23,23.352,98.465,1.252,615.2425002833913,0.778585917
5/7/2020 23:00,2020,5,7,5/7/2020,24,22.55,100.009,1.222,575.4881184475068,0.728276971
5/8/2020 0:00,2020,5,8,5/8/2020,1,21.951,98.967,1.219,535.7337247926644,0.67796801
5/8/2020 1:00,2020,5,8,5/8/2020,2,20.156,99.46,1.215,535.7727340555465,0.678017376
5/8/2020 2:00,2020,5,8,5/8/2020,3,20.222,101.386,1.215,535.8117315,0.678066727
5/8/2020 3:00,2020,5,8,5/8/2020,4,16.764,100.592,1.185,535.8507169839436,0.678116063
5/8/2020 4:00,2020,5,8,5/8/2020,5,15.369,100.902,1.157,535.8896906093396,0.678165384
5/8/2020 5:00,2020,5,8,5/8/2020,6,14.791,98.357,1.146,535.9286523154648,0.678214689
5/8/2020 6:00,2020,5,8,5/8/2020,7,12.56,99.795,1.101,535.9676020822749,0.67826398
5/8/2020 7:00,2020,5,8,5/8/2020,8,12.846,101.434,1.107,566.8585963665458,0.717356359
5/8/2020 8:00,2020,5,8,5/8/2020,9,9.611,101.865,1.08,641.3809753680429,0.81166401
5/8/2020 9:00,2020,5,8,5/8/2020,10,12.507,102.379,1.1,715.9033423701292,0.905971645
5/8/2020 10:00,2020,5,8,5/8/2020,11,11.978,103.516,1.09,746.7943006561735,0.945063979
5/8/2020 11:00,2020,5,8,5/8/2020,12,11.124,102.612,1.08,746.8331904259599,0.945113194
5/8/2020 12:00,2020,5,8,5/8/2020,13,13.835,100.616,1.127,746.8720681362948,0.945162393
5/8/2020 13:00,2020,5,8,5/8/2020,14,14.486,101.365,1.14,746.9109337671778,0.945211578
5/8/2020 14:00,2020,5,8,5/8/2020,15,15.671,101.785,1.163,746.9497872986137,0.945260747
5/8/2020 15:00,2020,5,8,5/8/2020,16,18.811,101.054,1.212,746.9886287,0.9453099
5/8/2020 16:00,2020,5,8,5/8/2020,17,18.06,102.258,1.21,747.0274579831964,0.945359038
5/8/2020 17:00,2020,5,8,5/8/2020,18,19.806,102.087,1.214,747.0662750963847,0.945408161
5/8/2020 18:00,2020,5,8,5/8/2020,19,20.79,100.933,1.216,747.1050800302093,0.945457269
5/8/2020 19:00,2020,5,8,5/8/2020,20,21.663,102.957,1.218,681.6017778712238,0.862563209
5/8/2020 20:00,2020,5,8,5/8/2020,21,24.196,100.615,1.284,616.0984634929537,0.779669134
5/8/2020 21:00,2020,5,8,5/8/2020,22,22.132,100.075,1.219,616.1372317689301,0.779718195
5/8/2020 22:00,2020,5,8,5/8/2020,23,23.317,102.061,1.251,616.1759878,0.77976724
5/8/2020 23:00,2020,5,8,5/8/2020,24,20.874,99.058,1.216,576.4213167666458,0.729457928
5/9/2020 0:00,2020,5,9,5/9/2020,1,22.357,99.682,1.22,536.6666334485146,0.6791486
5/9/2020 1:00,2020,5,9,5/9/2020,2,19.675,100.011,1.214,536.7053525681638,0.679197599
5/9/2020 2:00,2020,5,9,5/9/2020,3,18.193,101.266,1.21,536.7440593489167,0.679246582
5/9/2020 3:00,2020,5,9,5/9/2020,4,18.35,100.198,1.211,536.7827537708604,0.67929555
5/9/2020 4:00,2020,5,9,5/9/2020,5,16.358,100.752,1.177,536.8214358,0.679344502
5/9/2020 5:00,2020,5,9,5/9/2020,6,14.244,100.282,1.135,536.8601054586991,0.679393438
5/9/2020 6:00,2020,5,9,5/9/2020,7,12.039,99.038,1.091,536.8987626847999,0.679442359
5/9/2020 7:00,2020,5,9,5/9/2020,8,12.428,100.393,1.099,567.7894639493169,0.718534367
5/9/2020 8:00,2020,5,9,5/9/2020,9,12.31,102.707,1.096,642.3115495,0.812841646
5/9/2020 9:00,2020,5,9,5/9/2020,10,10.034,102.982,1.08,716.8336224768611,0.90714891
5/9/2020 10:00,2020,5,9,5/9/2020,11,12.135,102.187,1.093,747.7242863069226,0.946240871
5/9/2020 11:00,2020,5,9,5/9/2020,12,12.684,100.912,1.104,747.7628811422858,0.946289712
5/9/2020 12:00,2020,5,9,5/9/2020,13,14.5,101.268,1.14,747.8014634399092,0.946338538
5/9/2020 13:00,2020,5,9,5/9/2020,14,13.633,101.306,1.123,747.8400331799438,0.946387348
5/9/2020 14:00,2020,5,9,5/9/2020,15,15.918,101.269,1.168,747.8785903425471,0.946436142
5/9/2020 15:00,2020,5,9,5/9/2020,16,17.495,101.711,1.2,747.9171349078829,0.946484919
5/9/2020 16:00,2020,5,9,5/9/2020,17,18.04,102.34,1.21,747.9556668561215,0.946533681
5/9/2020 17:00,2020,5,9,5/9/2020,18,19.981,100.74,1.214,747.9941861674399,0.946582427
5/9/2020 18:00,2020,5,9,5/9/2020,19,21.834,101.401,1.219,748.0326928220213,0.946631157
5/9/2020 19:00,2020,5,9,5/9/2020,20,22.545,101.806,1.222,682.5290919065734,0.86373672
5/9/2020 20:00,2020,5,9,5/9/2020,21,23.201,101.951,1.246,617.0254783,0.780842266
5/9/2020 21:00,2020,5,9,5/9/2020,22,24.174,99.193,1.283,617.0639469,0.780890947
5/9/2020 22:00,2020,5,9,5/9/2020,23,23.558,100.287,1.26,617.1024027,0.780939613
5/9/2020 23:00,2020,5,9,5/9/2020,24,21.593,99.841,1.218,577.3474310070275,0.73062992
5/10/2020 0:00,2020,5,10,5/10/2020,1,21.444,100.023,1.218,537.5924465486463,0.680320212
5/10/2020 1:00,2020,5,10,5/10/2020,2,21.954,99.647,1.219,537.6308640517518,0.680368829
5/10/2020 2:00,2020,5,10,5/10/2020,3,19.583,100.548,1.214,537.6692687398227,0.68041743
5/10/2020 3:00,2020,5,10,5/10/2020,4,16.92,101.702,1.188,537.7076605931011,0.680466014
5/10/2020 4:00,2020,5,10,5/10/2020,5,15.389,100.166,1.158,537.7460396,0.680514583
5/10/2020 5:00,2020,5,10,5/10/2020,6,13.667,99.76,1.123,537.7844057162829,0.680563135
5/10/2020 6:00,2020,5,10,5/10/2020,7,13.61,101.768,1.122,537.8227589467041,0.680611671
5/10/2020 7:00,2020,5,10,5/10/2020,8,12.781,101.683,1.106,568.7131557401824,0.719703294
5/10/2020 8:00,2020,5,10,5/10/2020,9,11.604,101.093,1.082,643.2349362967905,0.814010187
5/10/2020 9:00,2020,5,10,5/10/2020,10,11.076,100.593,1.08,717.7567039001992,0.908317064
5/10/2020 10:00,2020,5,10,5/10/2020,11,12.067,101.708,1.091,748.6470618340859,0.947408638
5/10/2020 11:00,2020,5,10,5/10/2020,12,11.275,101.875,1.08,748.6853502985432,0.947457092
5/10/2020 12:00,2020,5,10,5/10/2020,13,13.532,102.274,1.121,748.7236257506875,0.947505529
5/10/2020 13:00,2020,5,10,5/10/2020,14,14.365,101.657,1.137,748.7618881708274,0.94755395
5/10/2020 14:00,2020,5,10,5/10/2020,15,16.387,102.638,1.178,748.8001375392786,0.947602354
5/10/2020 15:00,2020,5,10,5/10/2020,16,16.043,104.51,1.171,748.8383738363632,0.947650742
5/10/2020 16:00,2020,5,10,5/10/2020,17,19.667,99.102,1.214,748.8765970424104,0.947699113
5/10/2020 17:00,2020,5,10,5/10/2020,18,20.694,101.643,1.216,748.9148071377556,0.947747468
5/10/2020 18:00,2020,5,10,5/10/2020,19,21.491,100.426,1.218,748.9530041027413,0.947795806
5/10/2020 19:00,2020,5,10,5/10/2020,20,22.761,101.201,1.23,683.4490930242343,0.864900976
5/10/2020 20:00,2020,5,10,5/10/2020,21,22.15,100.864,1.219,617.9451687760732,0.782006129
5/10/2020 21:00,2020,5,10,5/10/2020,22,23.545,100.128,1.259,617.9833262321029,0.782054417
5/10/2020 22:00,2020,5,10,5/10/2020,23,24.548,99.49,1.297,618.0214704792104,0.782102688
5/10/2020 23:00,2020,5,10,5/10/2020,24,23.495,99.863,1.258,578.2661867410152,0.731792601
5/11/2020 0:00,2020,5,11,5/11/2020,1,21.647,100.347,1.218,538.5108897546572,0.681482496
5/11/2020 1:00,2020,5,11,5/11/2020,2,19.981,100.771,1.214,538.5489942572839,0.681530717
5/11/2020 2:00,2020,5,11,5/11/2020,3,18.09,97.496,1.21,538.5870854725347,0.681578922
5/11/2020 3:00,2020,5,11,5/11/2020,4,18.352,99.416,1.211,538.6251633808131,0.681627109
5/11/2020 4:00,2020,5,11,5/11/2020,5,14.797,99.535,1.146,538.6632279625296,0.681675279
5/11/2020 5:00,2020,5,11,5/11/2020,6,14.154,100.473,1.133,538.7012791981017,0.681723433
5/11/2020 6:00,2020,5,11,5/11/2020,7,13.243,99.07,1.115,538.7393170679534,0.68177157
5/11/2020 7:00,2020,5,11,5/11/2020,8,10.935,101.722,1.08,569.6293980293299,0.720862793
5/11/2020 8:00,2020,5,11,5/11/2020,9,12.401,101.637,1.098,644.1508623,0.815169286
5/11/2020 9:00,2020,5,11,5/11/2020,10,11.616,103.013,1.082,718.6723131111958,0.909475762
5/11/2020 10:00,2020,5,11,5/11/2020,11,11.429,102.18,1.08,749.5623537993594,0.948566935
5/11/2020 11:00,2020,5,11,5/11/2020,12,11,103.27,1.08,749.6003245472125,0.948614986
5/11/2020 12:00,2020,5,11,5/11/2020,13,13.1,103.648,1.112,749.6382818120351,0.948663021
5/11/2020 13:00,2020,5,11,5/11/2020,14,14.372,100.59,1.137,749.6762255742996,0.948711039
5/11/2020 14:00,2020,5,11,5/11/2020,15,16.606,101.957,1.182,749.7141558144854,0.948759039
5/11/2020 15:00,2020,5,11,5/11/2020,16,19.021,101.628,1.212,749.7520725130788,0.948807023
5/11/2020 16:00,2020,5,11,5/11/2020,17,18.21,102.795,1.21,749.7899756505734,0.948854989
5/11/2020 17:00,2020,5,11,5/11/2020,18,20.145,102.82,1.215,749.8278652074696,0.948902938
5/11/2020 18:00,2020,5,11,5/11/2020,19,21.674,102.783,1.218,749.8657411642744,0.94895087
5/11/2020 19:00,2020,5,11,5/11/2020,20,22.188,103.626,1.219,684.3615086080201,0.866055633
5/11/2020 20:00,2020,5,11,5/11/2020,21,23.368,98.418,1.253,618.8572624127103,0.783160378
5/11/2020 21:00,2020,5,11,5/11/2020,22,22.767,100.248,1.23,618.8950974523557,0.783208258
5/11/2020 22:00,2020,5,11,5/11/2020,23,23.789,99.926,1.269,618.9329188140093,0.783256121
5/11/2020 23:00,2020,5,11,5/11/2020,24,23.555,101.989,1.26,579.1773117214566,0.732945624
5/12/2020 0:00,2020,5,12,5/12/2020,1,21.861,99.871,1.219,539.4216909,0.68263511
5/12/2020 1:00,2020,5,12,5/12/2020,2,20.007,100.967,1.214,539.4594711229653,0.682682921
5/12/2020 2:00,2020,5,12,5/12/2020,3,18.833,100.167,1.212,539.4972375781467,0.682730714
5/12/2020 3:00,2020,5,12,5/12/2020,4,16.612,100.708,1.182,539.5349902581193,0.68277849
5/12/2020 4:00,2020,5,12,5/12/2020,5,15.72,98.43,1.164,539.5727291434605,0.682826248
5/12/2020 5:00,2020,5,12,5/12/2020,6,14.632,100.664,1.143,539.6104542147552,0.682873989
5/12/2020 6:00,2020,5,12,5/12/2020,7,13.702,101.099,1.124,539.6481654525955,0.682921712
5/12/2020 7:00,2020,5,12,5/12/2020,8,11.623,98.591,1.082,570.5379193143947,0.722012522
5/12/2020 8:00,2020,5,12,5/12/2020,9,10.78,102.617,1.08,645.059056,0.8163186
5/12/2020 9:00,2020,5,12,5/12/2020,10,12.26,101.678,1.095,719.5801787950813,0.910624661
5/12/2020 10:00,2020,5,12,5/12/2020,11,11.741,102.547,1.085,750.4698909819801,0.949715418
5/12/2020 11:00,2020,5,12,5/12/2020,12,14.309,102.337,1.136,750.5075327616772,0.949763053
5/12/2020 12:00,2020,5,12,5/12/2020,13,13.204,101.032,1.114,750.5451605916214,0.949810671
5/12/2020 13:00,2020,5,12,5/12/2020,14,15.611,102.81,1.162,750.5827744524546,0.949858271
5/12/2020 14:00,2020,5,12,5/12/2020,15,17.121,102.668,1.192,750.6203743248261,0.949905854
5/12/2020 15:00,2020,5,12,5/12/2020,16,17.279,101.352,1.196,750.6579601893924,0.949953418
5/12/2020 16:00,2020,5,12,5/12/2020,17,18.153,103.217,1.21,750.6955320268169,0.950000965
5/12/2020 17:00,2020,5,12,5/12/2020,18,20.802,102.766,1.216,750.7330898177704,0.950048495
5/12/2020 18:00,2020,5,12,5/12/2020,19,22.287,104.214,1.22,750.7706335429311,0.950096006
5/12/2020 19:00,2020,5,12,5/12/2020,20,23.231,103.38,1.248,685.2660682895016,0.867200348
5/12/2020 20:00,2020,5,12,5/12/2020,21,22.397,99.239,1.22,619.7614889316571,0.784304672
5/12/2020 21:00,2020,5,12,5/12/2020,22,22.982,99.734,1.238,619.7989903435795,0.78435213
5/12/2020 22:00,2020,5,12,5/12/2020,23,22.414,99.953,1.22,619.8364776124936,0.784399569
5/12/2020 23:00,2020,5,12,5/12/2020,24,23.495,99.215,1.258,580.0805359623564,0.734088649
5/13/2020 0:00,2020,5,13,5/13/2020,1,20.715,101.676,1.216,540.3245801306467,0.683777711
5/13/2020 1:00,2020,5,13,5/13/2020,2,20.843,100.675,1.216,540.3620248548508,0.683825097
5/13/2020 2:00,2020,5,13,5/13/2020,3,17.961,100.371,1.209,540.3994553589473,0.683872465
5/13/2020 3:00,2020,5,13,5/13/2020,4,17.142,101.628,1.193,540.4368716,0.683919815
5/13/2020 4:00,2020,5,13,5/13/2020,5,14.833,100.773,1.147,540.4742736297997,0.683967148
5/13/2020 5:00,2020,5,13,5/13/2020,6,13.73,100.284,1.125,540.5116613580644,0.684014461
5/13/2020 6:00,2020,5,13,5/13/2020,7,12.9,100.309,1.108,540.5490347892398,0.684061757
5/13/2020 7:00,2020,5,13,5/13/2020,8,11.812,100.114,1.086,571.4384504,0.723152139
5/13/2020 8:00,2020,5,13,5/13/2020,9,13.003,100.422,1.11,645.9592483,0.817457789
5/13/2020 9:00,2020,5,13,5/13/2020,10,10.281,98.182,1.08,720.4800319316604,0.91176342
5/13/2020 10:00,2020,5,13,5/13/2020,11,12.241,99.242,1.095,751.3694045,0.950853747
5/13/2020 11:00,2020,5,13,5/13/2020,12,12.822,99.447,1.106,751.4067061,0.950900952
5/13/2020 12:00,2020,5,13,5/13/2020,13,14.271,99.382,1.135,751.4439933616916,0.950948139
5/13/2020 13:00,2020,5,13,5/13/2020,14,14.219,99.801,1.134,751.4812661752949,0.950995308
5/13/2020 14:00,2020,5,13,5/13/2020,15,16.152,99.843,1.173,751.5185245381986,0.951042458
5/13/2020 15:00,2020,5,13,5/13/2020,16,18.757,98.593,1.212,751.5557684312348,0.95108959
5/13/2020 16:00,2020,5,13,5/13/2020,17,19.042,100.513,1.212,751.5929978352428,0.951136703
5/13/2020 17:00,2020,5,13,5/13/2020,18,20.37,99.495,1.215,751.6302127310698,0.951183799
5/13/2020 18:00,2020,5,13,5/13/2020,19,21.806,99.836,1.218,751.6674130995702,0.951230875
5/13/2020 19:00,2020,5,13,5/13/2020,20,23.059,99.115,1.241,686.1625040281234,0.868334782
5/13/2020 20:00,2020,5,13,5/13/2020,21,23.801,100.522,1.269,620.6575803910812,0.78543867
5/13/2020 21:00,2020,5,13,5/13/2020,22,24.301,98.928,1.288,620.6947370628029,0.785485692
5/13/2020 22:00,2020,5,13,5/13/2020,23,22.912,98.296,1.236,620.7318791306906,0.785532695
5/13/2020 23:00,2020,5,13,5/13/2020,24,22.562,101.204,1.222,580.9755918188788,0.735221337
5/14/2020 0:00,2020,5,14,5/14/2020,1,23.163,100.426,1.245,541.2192898650243,0.684909961
5/14/2020 1:00,2020,5,14,5/14/2020,2,18.793,101.386,1.212,541.256388,0.684956909
5/14/2020 2:00,2020,5,14,5/14/2020,3,17.881,100.504,1.208,541.2934714683365,0.685003838
5/14/2020 3:00,2020,5,14,5/14/2020,4,17.57,99.756,1.201,541.3305402305826,0.685050748
5/14/2020 4:00,2020,5,14,5/14/2020,5,16.645,99.907,1.183,541.3675942744591,0.68509764
5/14/2020 5:00,2020,5,14,5/14/2020,6,14.624,100.922,1.142,541.4046336,0.685144513
5/14/2020 6:00,2020,5,14,5/14/2020,7,14.237,99.627,1.135,541.4416581308593,0.685191367
5/14/2020 7:00,2020,5,14,5/14/2020,8,11.798,100.535,1.086,572.3307243820943,0.724281306
5/14/2020 8:00,2020,5,14,5/14/2020,9,10.886,99.25,1.08,646.8511725353651,0.818586514
5/14/2020 9:00,2020,5,14,5/14/2020,10,11.074,99.483,1.08,721.3716058750281,0.912891702
5/14/2020 10:00,2020,5,14,5/14/2020,11,11.841,100.246,1.087,752.2606276854472,0.951981585
5/14/2020 11:00,2020,5,14,5/14/2020,12,12.445,100.119,1.099,752.2975781674021,0.952028346
5/14/2020 12:00,2020,5,14,5/14/2020,13,12.14,100.181,1.093,752.3345137786978,0.952075088
5/14/2020 13:00,2020,5,14,5/14/2020,14,12.738,98.441,1.105,752.3714345,0.952121811
5/14/2020 14:00,2020,5,14,5/14/2020,15,16.09,100.531,1.172,752.4083403133109,0.952168515
5/14/2020 15:00,2020,5,14,5/14/2020,16,18.684,99.859,1.212,752.4452311986477,0.9522152
5/14/2020 16:00,2020,5,14,5/14/2020,17,19.009,99.598,1.212,752.4821071373635,0.952261866
5/14/2020 17:00,2020,5,14,5/14/2020,18,21.298,100.416,1.217,752.5189681104871,0.952308513
5/14/2020 18:00,2020,5,14,5/14/2020,19,21.567,98.833,1.218,752.5558141,0.952355142
5/14/2020 19:00,2020,5,14,5/14/2020,20,21.918,100.276,1.219,687.0505501906293,0.8694586
5/14/2020 20:00,2020,5,14,5/14/2020,21,24.443,99.152,1.293,621.5452713,0.786562038
5/14/2020 21:00,2020,5,14,5/14/2020,22,23.429,100.487,1.255,621.5820721809412,0.78660861
5/14/2020 22:00,2020,5,14,5/14/2020,23,22.395,100.071,1.22,621.6188580418061,0.786655162
5/14/2020 23:00,2020,5,14,5/14/2020,24,21.975,100.583,1.219,581.8622140666566,0.736343353
5/15/2020 0:00,2020,5,15,5/15/2020,1,22.911,99.021,1.236,542.1055549933326,0.686031525
5/15/2020 1:00,2020,5,15,5/15/2020,2,19.482,99.134,1.213,542.1422955596821,0.68607802
5/15/2020 2:00,2020,5,15,5/15/2020,3,17.994,100.576,1.21,542.1790209900464,0.686124496
5/15/2020 3:00,2020,5,15,5/15/2020,4,16.671,100.3,1.183,542.2157312655319,0.686170952
5/15/2020 4:00,2020,5,15,5/15/2020,5,15.636,101.201,1.163,542.2524263672523,0.68621739
5/15/2020 5:00,2020,5,15,5/15/2020,6,13.791,99.861,1.126,542.2891062763296,0.686263808
5/15/2020 6:00,2020,5,15,5/15/2020,7,14.357,100.3,1.137,542.3257709738934,0.686310207
5/15/2020 7:00,2020,5,15,5/15/2020,8,12.512,99.069,1.1,573.2144769178955,0.72539969
5/15/2020 8:00,2020,5,15,5/15/2020,9,10.155,101.307,1.08,647.7345643,0.819704441
5/15/2020 9:00,2020,5,15,5/15/2020,10,9.689,100.948,1.08,722.2546364325833,0.914009172
5/15/2020 10:00,2020,5,15,5/15/2020,11,12.65,102.216,1.103,753.1432965723607,0.953098598
5/15/2020 11:00,2020,5,15,5/15/2020,12,10.867,102.103,1.08,753.1798849295762,0.9531449
5/15/2020 12:00,2020,5,15,5/15/2020,13,11.4,101.591,1.08,753.2164579622212,0.953191183
5/15/2020 13:00,2020,5,15,5/15/2020,14,14.19,103.987,1.134,753.2530156514799,0.953237446
5/15/2020 14:00,2020,5,15,5/15/2020,15,16.14,100.763,1.173,753.289558,0.953283691
5/15/2020 15:00,2020,5,15,5/15/2020,16,16.189,100.201,1.174,753.3260849246169,0.953329915
5/15/2020 16:00,2020,5,15,5/15/2020,17,19.25,101.664,1.213,753.3625964709039,0.95337612
5/15/2020 17:00,2020,5,15,5/15/2020,18,19.806,100.854,1.214,753.3990925986224,0.953422306
5/15/2020 18:00,2020,5,15,5/15/2020,19,21.743,100.432,1.218,753.4355732889964,0.953468472
5/15/2020 19:00,2020,5,15,5/15/2020,20,23.247,102.088,1.248,687.9299436297758,0.870571467
5/15/2020 20:00,2020,5,15,5/15/2020,21,23.777,99.306,1.268,622.4242984956832,0.787674442
5/15/2020 21:00,2020,5,15,5/15/2020,22,23.089,99.674,1.242,622.4607327614488,0.78772055
5/15/2020 22:00,2020,5,15,5/15/2020,23,23.32,98.08,1.251,622.4971515148463,0.787766637
5/15/2020 23:00,2020,5,15,5/15/2020,24,23.042,97.623,1.24,582.7401399803828,0.737454363
5/16/2020 0:00,2020,5,16,5/16/2020,1,22.824,101.077,1.232,542.9831128960873,0.687142069
5/16/2020 1:00,2020,5,16,5/16/2020,2,20.491,100.543,1.216,543.0194849999968,0.687188098
5/16/2020 2:00,2020,5,16,5/16/2020,3,20.367,99.273,1.215,543.0558415166424,0.687234107
5/16/2020 3:00,2020,5,16,5/16/2020,4,16.726,99.535,1.185,543.0921824,0.687280096
5/16/2020 4:00,2020,5,16,5/16/2020,5,16.576,100.653,1.182,543.1285077133339,0.687326066
5/16/2020 5:00,2020,5,16,5/16/2020,6,14.704,99.46,1.144,543.1648173559959,0.687372015
5/16/2020 6:00,2020,5,16,5/16/2020,7,14.825,98.629,1.147,543.2011113366261,0.687417945
5/16/2020 7:00,2020,5,16,5/16/2020,8,11.897,100.733,1.088,574.0894461133671,0.726506959
5/16/2020 8:00,2020,5,16,5/16/2020,9,10.252,101.719,1.08,648.6091619,0.820811239
5/16/2020 9:00,2020,5,16,5/16/2020,10,11.566,101.589,1.081,723.1288619433143,0.9151155
5/16/2020 10:00,2020,5,16,5/16/2020,11,10.959,101.889,1.08,754.0171495659947,0.954204454
5/16/2020 11:00,2020,5,16,5/16/2020,12,12.633,100.935,1.103,754.0533649565514,0.954250284
5/16/2020 12:00,2020,5,16,5/16/2020,13,11.921,99.808,1.088,754.0895645731666,0.954296094
5/16/2020 13:00,2020,5,16,5/16/2020,14,14.124,102.825,1.132,754.1257483972174,0.954341885
5/16/2020 14:00,2020,5,16,5/16/2020,15,15.679,100.53,1.164,754.1619164100885,0.954387655
5/16/2020 15:00,2020,5,16,5/16/2020,16,17.795,101.534,1.206,754.1980686,0.954433406
5/16/2020 16:00,2020,5,16,5/16/2020,17,19.608,102.633,1.214,754.2342049,0.954479136
5/16/2020 17:00,2020,5,16,5/16/2020,18,20.062,101.996,1.215,754.2703253955949,0.954524846
5/16/2020 18:00,2020,5,16,5/16/2020,19,21.314,102.638,1.217,754.3064299777593,0.954570536
5/16/2020 19:00,2020,5,16,5/16/2020,20,22.264,104.175,1.219,688.8004238,0.871673055
5/16/2020 20:00,2020,5,16,5/16/2020,21,23.646,99.898,1.263,623.2944016241577,0.788775553
5/16/2020 21:00,2020,5,16,5/16/2020,22,23.803,100.733,1.269,623.3304584382323,0.788821182
5/16/2020 22:00,2020,5,16,5/16/2020,23,22.77,99.607,1.23,623.3664992925002,0.788866792
5/16/2020 23:00,2020,5,16,5/16/2020,24,22.383,100.197,1.22,583.6091094116623,0.738554039
5/17/2020 0:00,2020,5,17,5/17/2020,1,22.294,99.293,1.22,543.8517035339423,0.688241266
5/17/2020 1:00,2020,5,17,5/17/2020,2,19.853,99.308,1.214,543.8876963975727,0.688286815
5/17/2020 2:00,2020,5,17,5/17/2020,3,18.055,98.065,1.21,543.9236732,0.688332343
5/17/2020 3:00,2020,5,17,5/17/2020,4,17.644,100.244,1.203,543.9596340045528,0.688377851
5/17/2020 4:00,2020,5,17,5/17/2020,5,15.098,99.665,1.152,543.9955787108937,0.688423339
5/17/2020 5:00,2020,5,17,5/17/2020,6,14.341,100.648,1.137,544.0315073278095,0.688468807
5/17/2020 6:00,2020,5,17,5/17/2020,7,12.888,98.514,1.108,544.0674198368165,0.688514254
5/17/2020 7:00,2020,5,17,5/17/2020,8,10.564,100.942,1.08,574.9553726962531,0.727602784
5/17/2020 8:00,2020,5,17,5/17/2020,9,11.516,102.486,1.08,649.4747061074495,0.821906581
5/17/2020 9:00,2020,5,17,5/17/2020,10,11.996,102.829,1.09,723.9940234,0.916210357
5/17/2020 10:00,2020,5,17,5/17/2020,11,10.24,102.444,1.08,754.8819277248483,0.955298826
5/17/2020 11:00,2020,5,17,5/17/2020,12,11.098,102.572,1.08,754.9177594173437,0.95534417
5/17/2020 12:00,2020,5,17,5/17/2020,13,12.411,103.169,1.098,754.9535748912017,0.955389495
5/17/2020 13:00,2020,5,17,5/17/2020,14,13.593,102.768,1.122,754.9893741279966,0.955434798
5/17/2020 14:00,2020,5,17,5/17/2020,15,15.041,103.117,1.151,755.0251571093111,0.955480082
5/17/2020 15:00,2020,5,17,5/17/2020,16,16.973,100.788,1.189,755.0609238167362,0.955525344
5/17/2020 16:00,2020,5,17,5/17/2020,17,19.751,102.1,1.214,755.0966742318715,0.955570586
5/17/2020 17:00,2020,5,17,5/17/2020,18,20.43,103.159,1.215,755.1324083363247,0.955615807
5/17/2020 18:00,2020,5,17,5/17/2020,19,20.768,100.858,1.216,755.1681261117124,0.955661008
5/17/2020 19:00,2020,5,17,5/17/2020,20,22.736,102.957,1.229,689.6617326461762,0.872763036
5/17/2020 20:00,2020,5,17,5/17/2020,21,23.561,98.702,1.26,624.1553228148322,0.789865044
5/17/2020 21:00,2020,5,17,5/17/2020,22,23.186,99.858,1.246,624.1909914928038,0.789910182
5/17/2020 22:00,2020,5,17,5/17/2020,23,23.255,100.991,1.249,624.2266437682588,0.7899553
5/17/2020 23:00,2020,5,17,5/17/2020,24,22.388,99.532,1.22,584.4688648660983,0.739642055
5/18/2020 0:00,2020,5,18,5/18/2020,1,21.913,98.968,1.219,544.7110695247461,0.689328789
5/18/2020 1:00,2020,5,18,5/18/2020,2,19.55,100.212,1.213,544.7466724826347,0.689373844
5/18/2020 2:00,2020,5,18,5/18/2020,3,17.67,99.39,1.203,544.7822589646909,0.689418879
5/18/2020 3:00,2020,5,18,5/18/2020,4,17.126,101.38,1.193,544.8178289526065,0.689463892
5/18/2020 4:00,2020,5,18,5/18/2020,5,15.561,99.415,1.161,544.8533824280821,0.689508885
5/18/2020 5:00,2020,5,18,5/18/2020,6,13.284,100.882,1.116,544.8889193728273,0.689553857
5/18/2020 6:00,2020,5,18,5/18/2020,7,12.498,99.962,1.1,544.9244397685595,0.689598808
5/18/2020 7:00,2020,5,18,5/18/2020,8,12.035,98.676,1.091,575.8120001,0.728686841
5/18/2020 8:00,2020,5,18,5/18/2020,9,12.675,102.36,1.103,650.3309404901377,0.82299014
5/18/2020 9:00,2020,5,18,5/18/2020,10,11.018,101.609,1.08,724.8498643026476,0.917293419
5/18/2020 10:00,2020,5,18,5/18/2020,11,12.042,102.833,1.091,755.7373747964891,0.956381389
5/18/2020 11:00,2020,5,18,5/18/2020,12,13.186,101.624,1.114,755.7728121732198,0.956426235
5/18/2020 12:00,2020,5,18,5/18/2020,13,13.949,100.67,1.129,755.8082328914227,0.956471059
5/18/2020 13:00,2020,5,18,5/18/2020,14,14.154,100.809,1.133,755.8436369328751,0.956515863
5/18/2020 14:00,2020,5,18,5/18/2020,15,16.74,100.792,1.185,755.8790242793632,0.956560646
5/18/2020 15:00,2020,5,18,5/18/2020,16,17.971,103.296,1.209,755.9143949126817,0.956605407
5/18/2020 16:00,2020,5,18,5/18/2020,17,19.753,102.193,1.214,755.9497488146335,0.956650147
5/18/2020 17:00,2020,5,18,5/18/2020,18,20.344,102.531,1.215,755.985086,0.956694866
5/18/2020 18:00,2020,5,18,5/18/2020,19,22.577,103.04,1.223,756.0204064,0.956739564
5/18/2020 19:00,2020,5,18,5/18/2020,20,22.9,101.873,1.235,690.5136150569696,0.873841089
5/18/2020 20:00,2020,5,18,5/18/2020,21,23.904,100.809,1.273,625.0068069581778,0.790942592
5/18/2020 21:00,2020,5,18,5/18/2020,22,22.938,100.911,1.237,625.0420769306472,0.790987226
5/18/2020 22:00,2020,5,18,5/18/2020,23,22.483,100.027,1.22,625.0773300627509,0.791031839
5/18/2020 23:00,2020,5,18,5/18/2020,24,23.855,100.126,1.271,585.3191515795949,0.740718088
5/19/2020 0:00,2020,5,19,5/19/2020,1,21.304,99.171,1.217,545.5609562,0.690404316
5/19/2020 1:00,2020,5,19,5/19/2020,2,20.727,99.813,1.216,545.5961587220312,0.690448864
5/19/2020 2:00,2020,5,19,5/19/2020,3,20.51,98.841,1.216,545.6313443113943,0.690493391
5/19/2020 3:00,2020,5,19,5/19/2020,4,17.713,101.081,1.204,545.6665129697965,0.690537897
5/19/2020 4:00,2020,5,19,5/19/2020,5,16.536,98.794,1.181,545.7016646791451,0.690582381
5/19/2020 5:00,2020,5,19,5/19/2020,6,15.11,98.865,1.152,545.7367994213557,0.690626844
5/19/2020 6:00,2020,5,19,5/19/2020,7,13.135,99.87,1.113,545.7719171783533,0.690671286
5/19/2020 7:00,2020,5,19,5/19/2020,8,13.131,100.689,1.113,576.6590744088851,0.729758809
5/19/2020 8:00,2020,5,19,5/19/2020,9,12.108,100.936,1.092,651.1776113146902,0.824061598
5/19/2020 9:00,2020,5,19,5/19/2020,10,12.043,101.428,1.091,725.6961311811085,0.918364364
5/19/2020 10:00,2020,5,19,5/19/2020,11,12.168,102.483,1.093,756.5832372934881,0.957451823
5/19/2020 11:00,2020,5,19,5/19/2020,12,11.521,102.546,1.08,756.6182698535944,0.957496157
5/19/2020 12:00,2020,5,19,5/19/2020,13,13.74,101.327,1.125,756.6532853202187,0.957540469
5/19/2020 13:00,2020,5,19,5/19/2020,14,13.083,100.441,1.112,756.6882836753473,0.957584759
5/19/2020 14:00,2020,5,19,5/19/2020,15,16.719,102.156,1.184,756.7232649009746,0.957629027
5/19/2020 15:00,2020,5,19,5/19/2020,16,17.695,102.963,1.204,756.7582289791043,0.957673274
5/19/2020 16:00,2020,5,19,5/19/2020,17,17.93,102.314,1.209,756.7931758917487,0.957717499
5/19/2020 17:00,2020,5,19,5/19/2020,18,20.576,101.571,1.216,756.8281056209291,0.957761703
5/19/2020 18:00,2020,5,19,5/19/2020,19,21.484,100.334,1.218,756.8630181486756,0.957805884
5/19/2020 19:00,2020,5,19,5/19/2020,20,23.481,101.189,1.257,691.3558185635445,0.874906892
5/19/2020 20:00,2020,5,19,5/19/2020,21,23.694,99.339,1.265,625.8486017410662,0.792007879
5/19/2020 21:00,2020,5,19,5/19/2020,22,23.025,98.665,1.24,625.8834625567796,0.792051995
5/19/2020 22:00,2020,5,19,5/19/2020,23,23.604,100.127,1.262,625.9183060992677,0.792096089
5/19/2020 23:00,2020,5,19,5/19/2020,24,22.076,99.497,1.219,586.1597175938482,0.741781819
5/20/2020 0:00,2020,5,20,5/20/2020,1,22.751,99.626,1.229,546.4011117793609,0.691467528
5/20/2020 1:00,2020,5,20,5/20/2020,2,20.045,99.679,1.215,546.4359033946557,0.691511556
5/20/2020 2:00,2020,5,20,5/20/2020,3,19.827,101.41,1.214,546.4706776650763,0.691555563
5/20/2020 3:00,2020,5,20,5/20/2020,4,16.418,101.606,1.178,546.5054345727326,0.691599548
5/20/2020 4:00,2020,5,20,5/20/2020,5,13.88,100.116,1.128,546.5401740997439,0.69164351
5/20/2020 5:00,2020,5,20,5/20/2020,6,14.096,98.616,1.132,546.5748962282379,0.691687451
5/20/2020 6:00,2020,5,20,5/20/2020,7,13.757,101.014,1.125,546.6096009403515,0.69173137
5/20/2020 7:00,2020,5,20,5/20/2020,8,11.717,99.818,1.084,577.4963446950446,0.73081837
5/20/2020 8:00,2020,5,20,5/20/2020,9,11.249,99.056,1.08,652.0144676942691,0.825120635
5/20/2020 9:00,2020,5,20,5/20/2020,10,10.463,98.527,1.08,726.5325732235779,0.919422877
5/20/2020 10:00,2020,5,20,5/20/2020,11,11.165,99.415,1.08,757.4192645685318,0.958509811
5/20/2020 11:00,2020,5,20,5/20/2020,12,11.541,99.158,1.081,757.4538819311103,0.958553619
5/20/2020 12:00,2020,5,20,5/20/2020,13,12.982,99.859,1.11,757.4884817703179,0.958597405
5/20/2020 13:00,2020,5,20,5/20/2020,14,15.7,99.734,1.164,757.5230640683544,0.958641169
5/20/2020 14:00,2020,5,20,5/20/2020,15,15.454,99.029,1.159,757.5576288074287,0.95868491
5/20/2020 15:00,2020,5,20,5/20/2020,16,16.365,101.26,1.177,757.5921759697587,0.958728629
5/20/2020 16:00,2020,5,20,5/20/2020,17,17.428,99.613,1.199,757.6267055375713,0.958772326
5/20/2020 17:00,2020,5,20,5/20/2020,18,21.615,101.153,1.218,757.6612174931022,0.958816001
5/20/2020 18:00,2020,5,20,5/20/2020,19,22.751,99.559,1.229,757.6957118185966,0.958859653
5/20/2020 19:00,2020,5,20,5/20/2020,20,22.999,100.968,1.239,692.1880936028259,0.875960132
5/20/2020 20:00,2020,5,20,5/20/2020,21,24.372,98.115,1.291,626.6804577,0.793060588
5/20/2020 21:00,2020,5,20,5/20/2020,22,22.423,99.388,1.22,626.7148990504811,0.793104173
5/20/2020 22:00,2020,5,20,5/20/2020,23,22.583,98.343,1.223,626.7493226784603,0.793147736
5/20/2020 23:00,2020,5,20,5/20/2020,24,23.091,99.083,1.242,586.9903138310069,0.742832934
5/21/2020 0:00,2020,5,21,5/21/2020,1,22.768,101.068,1.23,547.2312872471778,0.69251811
5/21/2020 1:00,2020,5,21,5/21/2020,2,22.261,99.187,1.219,547.2656576660386,0.692561606
5/21/2020 2:00,2020,5,21,5/21/2020,3,18.709,100.539,1.212,547.3000103131498,0.692605079
5/21/2020 3:00,2020,5,21,5/21/2020,4,18.664,100.458,1.211,547.3343451708386,0.692648529
5/21/2020 4:00,2020,5,21,5/21/2020,5,16.024,99.853,1.17,547.3686622214408,0.692691957
5/21/2020 5:00,2020,5,21,5/21/2020,6,14.694,100.367,1.144,547.4029614,0.692735363
5/21/2020 6:00,2020,5,21,5/21/2020,7,13.484,99.935,1.12,547.4372428307765,0.692778746
5/21/2020 7:00,2020,5,21,5/21/2020,8,11.847,99.695,1.087,578.3235628,0.73186521
5/21/2020 8:00,2020,5,21,5/21/2020,9,10.831,99.318,1.08,652.8412616502683,0.826166938
5/21/2020 9:00,2020,5,21,5/21/2020,10,11.518,101.455,1.08,727.3589425742264,0.920468643
5/21/2020 10:00,2020,5,21,5/21/2020,11,12.425,98.217,1.099,758.2452088886961,0.959555039
5/21/2020 11:00,2020,5,21,5/21/2020,12,11.446,98.643,1.08,758.2794007958748,0.959598309
5/21/2020 12:00,2020,5,21,5/21/2020,13,14.334,99.458,1.137,758.3135747549866,0.959641556
5/21/2020 13:00,2020,5,21,5/21/2020,14,15.268,100.565,1.155,758.3477307,0.95968478
5/21/2020 14:00,2020,5,21,5/21/2020,15,16.137,99.988,1.173,758.3818687586933,0.959727981
5/21/2020 15:00,2020,5,21,5/21/2020,16,17.676,100.057,1.204,758.4159887681537,0.95977116
5/21/2020 16:00,2020,5,21,5/21/2020,17,19.686,100.491,1.214,758.4500907592782,0.959814316
5/21/2020 17:00,2020,5,21,5/21/2020,18,20.57,101.207,1.216,758.4841747145224,0.959857449
5/21/2020 18:00,2020,5,21,5/21/2020,19,21.336,99.433,1.217,758.5182406163515,0.959900559
5/21/2020 19:00,2020,5,21,5/21/2020,20,21.399,101.998,1.218,693.0101935537575,0.877000495
5/21/2020 20:00,2020,5,21,5/21/2020,21,24.945,99.818,1.312,627.5021284027068,0.794100407
5/21/2020 21:00,2020,5,21,5/21/2020,22,22.258,99.7,1.219,627.5361400391748,0.794143449
5/21/2020 22:00,2020,5,21,5/21/2020,23,23.424,99.799,1.255,627.5701335521812,0.794186467
5/21/2020 23:00,2020,5,21,5/21/2020,24,24.139,100.886,1.282,587.8106941674807,0.743871121
5/22/2020 0:00,2020,5,22,5/22/2020,1,21.545,99.513,1.218,548.0512366243518,0.693555752
5/22/2020 1:00,2020,5,22,5/22/2020,2,21.025,100.613,1.217,548.0851756620816,0.693598701
5/22/2020 2:00,2020,5,22,5/22/2020,3,19.875,99.486,1.214,548.1190965064527,0.693641628
5/22/2020 3:00,2020,5,22,5/22/2020,4,18.456,99.08,1.211,548.1529991400145,0.693684531
5/22/2020 4:00,2020,5,22,5/22/2020,5,13.526,99.056,1.121,548.1868835453251,0.693727412
5/22/2020 5:00,2020,5,22,5/22/2020,6,13.164,99.624,1.113,548.2207497049527,0.693770269
5/22/2020 6:00,2020,5,22,5/22/2020,7,13.364,100.849,1.117,548.2545976014742,0.693813104
5/22/2020 7:00,2020,5,22,5/22/2020,8,12.744,101.219,1.105,579.1404836942907,0.732899018
5/22/2020 8:00,2020,5,22,5/22/2020,9,11.546,102.545,1.081,653.6577481857948,0.827200197
5/22/2020 9:00,2020,5,22,5/22/2020,10,10.426,100.867,1.08,728.1749943619812,0.921501352
5/22/2020 10:00,2020,5,22,5/22/2020,11,11.607,101.551,1.082,759.0608255088532,0.960587197
5/22/2020 11:00,2020,5,22,5/22/2020,12,13.341,103.742,1.117,759.0945818288325,0.960629916
5/22/2020 12:00,2020,5,22,5/22/2020,13,13.6,103.055,1.122,759.1283197813666,0.960672611
5/22/2020 13:00,2020,5,22,5/22/2020,14,15.267,102.387,1.155,759.1620393490988,0.960715283
5/22/2020 14:00,2020,5,22,5/22/2020,15,16.689,101.525,1.184,759.1957405146818,0.960757931
5/22/2020 15:00,2020,5,22,5/22/2020,16,17.531,104.18,1.201,759.2294232607778,0.960800557
5/22/2020 16:00,2020,5,22,5/22/2020,17,18.671,101.821,1.211,759.2630875700581,0.960843159
5/22/2020 17:00,2020,5,22,5/22/2020,18,20.046,101.151,1.215,759.2967334,0.960885737
5/22/2020 18:00,2020,5,22,5/22/2020,19,21.639,101.489,1.218,759.3303608089061,0.960928293
5/22/2020 19:00,2020,5,22,5/22/2020,20,23.403,101.726,1.254,693.8218748103818,0.878027673
5/22/2020 20:00,2020,5,22,5/22/2020,21,22.761,101.275,1.23,628.3133703058232,0.795127029
5/22/2020 21:00,2020,5,22,5/22/2020,22,24.416,100.047,1.292,628.3469421714319,0.795169514
5/22/2020 22:00,2020,5,22,5/22/2020,23,25.49,100.711,1.333,628.3804954964539,0.795211976
5/22/2020 23:00,2020,5,22,5/22/2020,24,22.736,99.553,1.229,588.6206155068705,0.744896072
5/23/2020 0:00,2020,5,23,5/23/2020,1,21.312,99.52,1.217,548.8607169421864,0.694580144
5/23/2020 1:00,2020,5,23,5/23/2020,2,20.153,99.904,1.215,548.8942145419159,0.694622535
5/23/2020 2:00,2020,5,23,5/23/2020,3,19.899,98.794,1.214,548.9276935320688,0.694664903
5/23/2020 3:00,2020,5,23,5/23/2020,4,17.858,102.454,1.207,548.9611538954215,0.694707247
5/23/2020 4:00,2020,5,23,5/23/2020,5,17.267,101.238,1.195,548.9945956147601,0.694749567
5/23/2020 5:00,2020,5,23,5/23/2020,6,14,100.989,1.13,549.0280186728799,0.694791864
5/23/2020 6:00,2020,5,23,5/23/2020,7,13.802,101.162,1.126,549.0614230525863,0.694834137
5/23/2020 7:00,2020,5,23,5/23/2020,8,11.818,99.464,1.086,579.9468652135082,0.73391949
5/23/2020 8:00,2020,5,23,5/23/2020,9,11.121,104.038,1.08,654.4636854,0.828220106
5/23/2020 9:00,2020,5,23,5/23/2020,10,10.264,100.726,1.08,728.9804867730857,0.922520698
5/23/2020 10:00,2020,5,23,5/23/2020,11,11.946,101.993,1.089,759.8658727441965,0.96160598
5/23/2020 11:00,2020,5,23,5/23/2020,12,12.7,101.813,1.104,759.8991834742499,0.961648134
5/23/2020 12:00,2020,5,23,5/23/2020,13,13.426,102.925,1.119,759.9324754229231,0.961690265
5/23/2020 13:00,2020,5,23,5/23/2020,14,16.263,101.937,1.175,759.9657485730885,0.961732372
5/23/2020 14:00,2020,5,23,5/23/2020,15,16.601,101.277,1.182,759.9990029076286,0.961774455
5/23/2020 15:00,2020,5,23,5/23/2020,16,17.699,102.417,1.204,760.0322384094352,0.961816515
5/23/2020 16:00,2020,5,23,5/23/2020,17,18.958,103.743,1.212,760.0654550614101,0.96185855
5/23/2020 17:00,2020,5,23,5/23/2020,18,20.668,102.858,1.216,760.0986528464648,0.961900562
5/23/2020 18:00,2020,5,23,5/23/2020,19,22.502,102.817,1.22,760.1318317475202,0.961942549
5/23/2020 19:00,2020,5,23,5/23/2020,20,23.424,100.797,1.255,694.6228968540245,0.879041362
5/23/2020 20:00,2020,5,23,5/23/2020,21,20.452,98.954,1.215,629.1139430424012,0.79614015
5/23/2020 21:00,2020,5,23,5/23/2020,22,21.713,101.123,1.218,629.1470651890822,0.796182066
5/23/2020 22:00,2020,5,23,5/23/2020,23,23.763,100.875,1.268,629.1801683835456,0.796223957
5/23/2020 23:00,2020,5,23,5/23/2020,24,23.918,99.249,1.274,589.4198378520038,0.745907483
5/24/2020 0:00,2020,5,24,5/24/2020,1,21.394,100.24,1.218,549.6594883341934,0.695590985
5/24/2020 1:00,2020,5,24,5/24/2020,2,20.735,99.165,1.216,549.6925346,0.695632805
5/24/2020 2:00,2020,5,24,5/24/2020,3,18.152,100.261,1.21,549.7255617852483,0.695674601
5/24/2020 3:00,2020,5,24,5/24/2020,4,16.918,100.336,1.188,549.7585699633642,0.695716372
5/24/2020 4:00,2020,5,24,5/24/2020,5,16.88,99.094,1.188,549.7915590872274,0.69575812
5/24/2020 5:00,2020,5,24,5/24/2020,6,14.566,99.809,1.141,549.8245291398662,0.695799843
5/24/2020 6:00,2020,5,24,5/24/2020,7,13.598,100.344,1.122,549.8574801043187,0.695841542
5/24/2020 7:00,2020,5,24,5/24/2020,8,11.699,98.445,1.084,580.7424684404475,0.734926321
5/24/2020 8:00,2020,5,24,5/24/2020,9,12.463,101.538,1.099,655.2588343511071,0.829226362
5/24/2020 9:00,2020,5,24,5/24/2020,10,11.303,102.289,1.08,729.7751811227545,0.923526379
5/24/2020 10:00,2020,5,24,5/24/2020,11,12.191,101.387,1.094,760.6601120418557,0.962611085
5/24/2020 11:00,2020,5,24,5/24/2020,12,12.213,102.321,1.094,760.6929673,0.962652663
5/24/2020 12:00,2020,5,24,5/24/2020,13,12.83,100.799,1.107,760.7258033909842,0.962694217
5/24/2020 13:00,2020,5,24,5/24/2020,14,15.136,101.969,1.153,760.7586202640302,0.962735747
5/24/2020 14:00,2020,5,24,5/24/2020,15,15.008,102.705,1.15,760.7914179135505,0.962777252
5/24/2020 15:00,2020,5,24,5/24/2020,16,18.552,100.659,1.211,760.8241963226715,0.962818733
5/24/2020 16:00,2020,5,24,5/24/2020,17,20.178,101.004,1.215,760.8569554745301,0.962860189
5/24/2020 17:00,2020,5,24,5/24/2020,18,20.043,102.772,1.215,760.8896953522733,0.962901622
5/24/2020 18:00,2020,5,24,5/24/2020,19,21.253,102.26,1.217,760.9224159390576,0.962943029
5/24/2020 19:00,2020,5,24,5/24/2020,20,22.038,99.712,1.219,695.4130223,0.880041261
5/24/2020 20:00,2020,5,24,5/24/2020,21,23.243,100.947,1.248,629.9036093854608,0.797139468
5/24/2020 21:00,2020,5,24,5/24/2020,22,23.939,100.421,1.274,629.9362719984074,0.797180802
5/24/2020 22:00,2020,5,24,5/24/2020,23,23.638,100.619,1.263,629.9689152531212,0.797222112
5/24/2020 23:00,2020,5,24,5/24/2020,24,22.202,99.153,1.219,590.2081244,0.746905055
5/25/2020 0:00,2020,5,25,5/25/2020,1,20.058,99.257,1.215,550.4473141071705,0.696587974
5/25/2020 1:00,2020,5,25,5/25/2020,2,21.117,100.626,1.217,550.4798991864634,0.69662921
5/25/2020 2:00,2020,5,25,5/25/2020,3,19.349,99.345,1.213,550.5124648404084,0.696670422
5/25/2020 3:00,2020,5,25,5/25/2020,4,18.542,100.088,1.211,550.5450111,0.696711609
5/25/2020 4:00,2020,5,25,5/25/2020,5,16.681,98.72,1.184,550.5775378052504,0.696752771
5/25/2020 5:00,2020,5,25,5/25/2020,6,13.653,100.334,1.123,550.6100450826698,0.696793909
5/25/2020 6:00,2020,5,25,5/25/2020,7,13.081,101.251,1.112,550.6425328677868,0.696835022
5/25/2020 7:00,2020,5,25,5/25/2020,8,12.166,99.172,1.093,581.5270576207017,0.735919214
5/25/2020 8:00,2020,5,25,5/25/2020,9,10.452,102.534,1.08,656.0429595,0.830218668
5/25/2020 9:00,2020,5,25,5/25/2020,10,11.488,101.34,1.08,730.5588419259009,0.924518098
5/25/2020 10:00,2020,5,25,5/25/2020,11,12.095,103.993,1.092,761.4433080515855,0.963602215
5/25/2020 11:00,2020,5,25,5/25/2020,12,13.11,102.223,1.112,761.4756981246856,0.963643205
5/25/2020 12:00,2020,5,25,5/25/2020,13,13.426,102.746,1.119,761.5080686053518,0.963684169
5/25/2020 13:00,2020,5,25,5/25/2020,14,13.302,102.305,1.116,761.5404194769309,0.963725109
5/25/2020 14:00,2020,5,25,5/25/2020,15,16.483,103.334,1.18,761.5727507227796,0.963766024
5/25/2020 15:00,2020,5,25,5/25/2020,16,18.173,102.372,1.21,761.6050623262648,0.963806914
5/25/2020 16:00,2020,5,25,5/25/2020,17,19.68,102.438,1.214,761.6373542707636,0.96384778
5/25/2020 17:00,2020,5,25,5/25/2020,18,19.334,103.261,1.213,761.6696265396629,0.96388862
5/25/2020 18:00,2020,5,25,5/25/2020,19,21.671,101.56,1.218,761.7018791,0.963929436
5/25/2020 19:00,2020,5,25,5/25/2020,20,23.073,101.198,1.242,696.1920170907798,0.881027074
5/25/2020 20:00,2020,5,25,5/25/2020,21,24.412,99.965,1.292,630.6821353398224,0.798124688
5/25/2020 21:00,2020,5,25,5/25/2020,22,22.845,99.967,1.233,630.7143287403974,0.798165429
5/25/2020 22:00,2020,5,25,5/25/2020,23,23.598,101.197,1.261,630.7465023824607,0.798206144
5/25/2020 23:00,2020,5,25,5/25/2020,24,24.937,98.296,1.312,590.9852414927026,0.747888493
5/26/2020 0:00,2020,5,26,5/26/2020,1,22.56,100.327,1.222,551.2239608113388,0.697570816
5/26/2020 1:00,2020,5,26,5/26/2020,2,20.859,101.88,1.216,551.2560750785944,0.697611457
5/26/2020 2:00,2020,5,26,5/26/2020,3,19.802,100.377,1.214,551.2881695211911,0.697652072
5/26/2020 3:00,2020,5,26,5/26/2020,4,17.882,102.031,1.208,551.3202441226174,0.697692662
5/26/2020 4:00,2020,5,26,5/26/2020,5,16.091,100.005,1.172,551.3522989,0.697733227
5/26/2020 5:00,2020,5,26,5/26/2020,6,13.958,99.165,1.129,551.3843337359644,0.697773767
5/26/2020 6:00,2020,5,26,5/26/2020,7,12.065,97.136,1.091,551.4163487,0.697814282
5/26/2020 7:00,2020,5,26,5/26/2020,8,13.172,102.1,1.113,582.3004002635639,0.736897875
5/26/2020 8:00,2020,5,26,5/26/2020,9,11.617,100.947,1.082,656.8158285852517,0.83119673
5/26/2020 9:00,2020,5,26,5/26/2020,10,10.959,100.297,1.08,731.331237,0.925495559
5/26/2020 10:00,2020,5,26,5/26/2020,11,11.753,102.806,1.085,762.2152286955059,0.964579077
5/26/2020 11:00,2020,5,26,5/26/2020,12,12.388,99.607,1.098,762.2471439743888,0.964619465
5/26/2020 12:00,2020,5,26,5/26/2020,13,13.655,101.204,1.123,762.2790392639599,0.964659828
5/26/2020 13:00,2020,5,26,5/26/2020,14,15.015,100.412,1.15,762.3109145478106,0.964700166
5/26/2020 14:00,2020,5,26,5/26/2020,15,15.341,102.063,1.157,762.3427698,0.964740479
5/26/2020 15:00,2020,5,26,5/26/2020,16,16.83,101.642,1.187,762.3746050327661,0.964780766
5/26/2020 16:00,2020,5,26,5/26/2020,17,18.699,99.485,1.212,762.4064202011048,0.964821028
5/26/2020 17:00,2020,5,26,5/26/2020,18,19.856,101.812,1.214,762.4382152981905,0.964861265
5/26/2020 18:00,2020,5,26,5/26/2020,19,22.423,101.812,1.22,762.4699903,0.964901476
5/26/2020 19:00,2020,5,26,5/26/2020,20,21.963,102.425,1.219,696.9596503197018,0.88199851
5/26/2020 20:00,2020,5,26,5/26/2020,21,23.196,98.46,1.246,631.4492902114437,0.799095518
5/26/2020 21:00,2020,5,26,5/26/2020,22,22.509,100.645,1.22,631.4810049,0.799135653
5/26/2020 22:00,2020,5,26,5/26/2020,23,21.243,101.312,1.217,631.5126993557161,0.799175762
5/26/2020 23:00,2020,5,26,5/26/2020,24,22.928,100.746,1.236,591.7509589253854,0.748857504
5/27/2020 0:00,2020,5,27,5/27/2020,1,23.042,98.962,1.24,551.9891983095179,0.69853922
5/27/2020 1:00,2020,5,27,5/27/2020,2,20.299,101.158,1.215,552.0208322485862,0.698579252
5/27/2020 2:00,2020,5,27,5/27/2020,3,19.379,101.593,1.213,552.0524459695584,0.698619259
5/27/2020 3:00,2020,5,27,5/27/2020,4,17.972,99.136,1.209,552.0840394561707,0.698659241
5/27/2020 4:00,2020,5,27,5/27/2020,5,16.019,99.288,1.17,552.1156126921694,0.698699197
5/27/2020 5:00,2020,5,27,5/27/2020,6,12.957,101.92,1.109,552.1471656613114,0.698739127
5/27/2020 6:00,2020,5,27,5/27/2020,7,13.338,99.496,1.117,552.1786983473642,0.698779031
5/27/2020 7:00,2020,5,27,5/27/2020,8,12.483,100.252,1.1,583.0622672109192,0.737862013
5/27/2020 8:00,2020,5,27,5/27/2020,9,11.499,100.834,1.08,657.5772124555618,0.832160257
5/27/2020 9:00,2020,5,27,5/27/2020,10,11.05,101.573,1.08,732.0921373684796,0.926458474
5/27/2020 10:00,2020,5,27,5/27/2020,11,11.4,98.451,1.08,762.9756452368703,0.965541379
5/27/2020 11:00,2020,5,27,5/27/2020,12,11.045,99.945,1.08,763.0070762643502,0.965581155
5/27/2020 12:00,2020,5,27,5/27/2020,13,12.663,100.753,1.103,763.0384869115637,0.965620905
5/27/2020 13:00,2020,5,27,5/27/2020,14,15.469,100.262,1.159,763.0698771623513,0.965660629
5/27/2020 14:00,2020,5,27,5/27/2020,15,15.292,99.397,1.156,763.1012470005641,0.965700328
5/27/2020 15:00,2020,5,27,5/27/2020,16,17.89,100.814,1.208,763.1325964100632,0.96574
5/27/2020 16:00,2020,5,27,5/27/2020,17,18.549,99.09,1.211,763.1639253747209,0.965779647
5/27/2020 17:00,2020,5,27,5/27/2020,18,20.721,99.19,1.216,763.1952338784195,0.965819268
5/27/2020 18:00,2020,5,27,5/27/2020,19,21.947,99.262,1.219,763.2265219050523,0.965858862
5/27/2020 19:00,2020,5,27,5/27/2020,20,22.493,100.344,1.22,697.7156945450402,0.88295528
5/27/2020 20:00,2020,5,27,5/27/2020,21,23.307,100.306,1.25,632.2048466757798,0.800051671
5/27/2020 21:00,2020,5,27,5/27/2020,22,23.375,99.89,1.253,632.2360731746782,0.800091188
5/27/2020 22:00,2020,5,27,5/27/2020,23,23.307,101.11,1.25,632.2672791321882,0.800130679
5/27/2020 23:00,2020,5,27,5/27/2020,24,20.569,100.206,1.216,592.5050497754983,0.749811802
5/28/2020 0:00,2020,5,28,5/28/2020,1,23.455,100.251,1.256,552.7427998453223,0.699492898
5/28/2020 1:00,2020,5,28,5/28/2020,2,19.505,98.82,1.213,552.7739440823841,0.699532311
5/28/2020 2:00,2020,5,28,5/28/2020,3,19.524,100.264,1.213,552.8050677139042,0.699571698
5/28/2020 3:00,2020,5,28,5/28/2020,4,16.063,99.983,1.171,552.8361707238705,0.699611059
5/28/2020 4:00,2020,5,28,5/28/2020,5,14.61,101.412,1.142,552.8672530962821,0.699650393
5/28/2020 5:00,2020,5,28,5/28/2020,6,14.425,101.146,1.139,552.8983148151481,0.699689702
5/28/2020 6:00,2020,5,28,5/28/2020,7,13.251,99.641,1.115,552.9293558644886,0.699728984
5/28/2020 7:00,2020,5,28,5/28/2020,8,12.27,97.887,1.095,583.8124327051482,0.738811344
5/28/2020 8:00,2020,5,28,5/28/2020,9,10.79,98.442,1.08,658.3268855409657,0.833108964
5/28/2020 9:00,2020,5,28,5/28/2020,10,10.054,101.018,1.08,732.8413176593813,0.927406558
5/28/2020 10:00,2020,5,28,5/28/2020,11,11.577,99.701,1.082,763.7243323478465,0.966488839
5/28/2020 11:00,2020,5,28,5/28/2020,12,12.375,99.975,1.098,763.7552698102318,0.96652799
5/28/2020 12:00,2020,5,28,5/28/2020,13,12.786,99.353,1.106,763.7861865,0.966567115
5/28/2020 13:00,2020,5,28,5/28/2020,14,13.666,100.588,1.123,763.8170824235508,0.966606213
5/28/2020 14:00,2020,5,28,5/28/2020,15,16.688,102.163,1.184,763.8479575426845,0.966645286
5/28/2020 15:00,2020,5,28,5/28/2020,16,16.78,101.993,1.186,763.8788118489523,0.966684332
5/28/2020 16:00,2020,5,28,5/28/2020,17,19.151,99.896,1.213,763.9096453264806,0.966723351
5/28/2020 17:00,2020,5,28,5/28/2020,18,21.922,98.987,1.219,763.9404579594068,0.966762344
5/28/2020 18:00,2020,5,28,5/28/2020,19,22.569,98.993,1.223,763.9712497318793,0.966801311
5/28/2020 19:00,2020,5,28,5/28/2020,20,23.392,98.837,1.254,698.4599257345743,0.8838971
5/28/2020 20:00,2020,5,28,5/28/2020,21,22.462,101.173,1.22,632.9485808451441,0.800992862
5/28/2020 21:00,2020,5,28,5/28/2020,22,24.774,100.704,1.306,632.9793099412511,0.80103175
5/28/2020 22:00,2020,5,28,5/28/2020,23,22.462,101.052,1.22,633.0100181136042,0.801070611
5/28/2020 23:00,2020,5,28,5/28/2020,24,22.37,99.939,1.22,593.2472905896482,0.750751103
5/29/2020 0:00,2020,5,29,5/29/2020,1,21.453,102.062,1.218,553.4845421103528,0.700431569
5/29/2020 1:00,2020,5,29,5/29/2020,2,19.311,100.405,1.213,553.5151874166986,0.70047035
5/29/2020 2:00,2020,5,29,5/29/2020,3,17.696,100.589,1.204,553.5458117361627,0.700509105
5/29/2020 3:00,2020,5,29,5/29/2020,4,18.551,100.571,1.211,553.5764150529901,0.700547834
5/29/2020 4:00,2020,5,29,5/29/2020,5,15.986,101.817,1.17,553.6069973514366,0.700586535
5/29/2020 5:00,2020,5,29,5/29/2020,6,14.886,98.038,1.148,553.6375586,0.70062521
5/29/2020 6:00,2020,5,29,5/29/2020,7,13.628,98.255,1.123,553.6680988302644,0.700663859
5/29/2020 7:00,2020,5,29,5/29/2020,8,13.531,100.624,1.121,584.5506744560255,0.739745584
5/29/2020 8:00,2020,5,29,5/29/2020,9,12.49,103.292,1.1,659.0646256971485,0.83404257
5/29/2020 9:00,2020,5,29,5/29/2020,10,10.97,103.266,1.08,733.5785558,0.928339528
5/29/2020 10:00,2020,5,29,5/29/2020,11,11.68,102.612,1.084,764.4610681762858,0.967421174
5/29/2020 11:00,2020,5,29,5/29/2020,12,12.637,100.84,1.103,764.4915029061384,0.967459689
5/29/2020 12:00,2020,5,29,5/29/2020,13,11.201,102.042,1.08,764.5219164920468,0.967498177
5/29/2020 13:00,2020,5,29,5/29/2020,14,13.208,102.247,1.114,764.5523089,0.967536638
5/29/2020 14:00,2020,5,29,5/29/2020,15,17.147,102.128,1.193,764.5826801694548,0.967575073
5/29/2020 15:00,2020,5,29,5/29/2020,16,17.56,100.838,1.201,764.6130302296941,0.967613481
5/29/2020 16:00,2020,5,29,5/29/2020,17,18.494,101.324,1.211,764.6433590834681,0.967651862
5/29/2020 17:00,2020,5,29,5/29/2020,18,20.05,101.98,1.215,764.6736667151739,0.967690216
5/29/2020 18:00,2020,5,29,5/29/2020,19,21.709,103.567,1.218,764.7039531092194,0.967728543
5/29/2020 19:00,2020,5,29,5/29/2020,20,21.954,101.639,1.219,699.1921233565408,0.884823692
5/29/2020 20:00,2020,5,29,5/29/2020,21,22.581,102.272,1.223,633.6802723350509,0.801918814
5/29/2020 21:00,2020,5,29,5/29/2020,22,23.243,99.96,1.248,633.7104949226722,0.80195706
5/29/2020 22:00,2020,5,29,5/29/2020,23,23.249,100.886,1.248,633.7406962103744,0.80199528
5/29/2020 23:00,2020,5,29,5/29/2020,24,22.333,100.969,1.22,593.9774614258628,0.75167513
5/30/2020 0:00,2020,5,30,5/30/2020,1,22.49,101.743,1.22,554.2142053103681,0.701354954
5/30/2020 1:00,2020,5,30,5/30/2020,2,20.576,99.531,1.216,554.2443426051323,0.701393092
5/30/2020 2:00,2020,5,30,5/30/2020,3,17.879,100.173,1.208,554.2744585378937,0.701431204
5/30/2020 3:00,2020,5,30,5/30/2020,4,16.24,100.782,1.175,554.3045530931588,0.701469288
5/30/2020 4:00,2020,5,30,5/30/2020,5,14.432,100.079,1.139,554.3346262554453,0.701507346
5/30/2020 5:00,2020,5,30,5/30/2020,6,14.033,99.366,1.131,554.3646780092816,0.701545376
5/30/2020 6:00,2020,5,30,5/30/2020,7,12.589,100.758,1.102,554.3947083392075,0.701583379
5/30/2020 7:00,2020,5,30,5/30/2020,8,13.05,99.459,1.111,585.2767737065874,0.740664459
5/30/2020 8:00,2020,5,30,5/30/2020,9,11.944,102.324,1.089,659.7902143157804,0.834960798
5/30/2020 9:00,2020,5,30,5/30/2020,10,11.278,101.039,1.08,734.3036334547477,0.92925711
5/30/2020 10:00,2020,5,30,5/30/2020,11,12.518,103.711,1.1,765.1856344114619,0.968338108
5/30/2020 11:00,2020,5,30,5/30/2020,12,10.993,102.016,1.08,765.2155573903146,0.968375976
5/30/2020 12:00,2020,5,30,5/30/2020,13,13.379,103.297,1.118,765.2454588527261,0.968413816
5/30/2020 13:00,2020,5,30,5/30/2020,14,15.715,102.08,1.164,765.2753388,0.968451629
5/30/2020 14:00,2020,5,30,5/30/2020,15,16.334,102.273,1.177,765.3051971667036,0.968489414
5/30/2020 15:00,2020,5,30,5/30/2020,16,16.507,100.466,1.18,765.3350339875367,0.968527173
5/30/2020 16:00,2020,5,30,5/30/2020,17,20.49,101.02,1.216,765.3648492304626,0.968564904
5/30/2020 17:00,2020,5,30,5/30/2020,18,19.976,102.491,1.214,765.3946428801426,0.968602607
5/30/2020 18:00,2020,5,30,5/30/2020,19,21.494,101.99,1.218,765.4244149212487,0.968640284
5/30/2020 19:00,2020,5,30,5/30/2020,20,22.571,101.105,1.223,699.9120704449824,0.885734781
5/30/2020 20:00,2020,5,30,5/30/2020,21,23.692,100.789,1.265,634.3997043295205,0.802829251
5/30/2020 21:00,2020,5,30,5/30/2020,22,23.593,98.453,1.261,634.4294114530512,0.802866845
5/30/2020 22:00,2020,5,30,5/30/2020,23,23.168,99.418,1.245,634.4590969,0.802904412
5/30/2020 23:00,2020,5,30,5/30/2020,24,22.087,100.452,1.219,594.6953459187647,0.752583609
5/31/2020 0:00,2020,5,31,5/31/2020,1,20.485,100.824,1.216,554.9315732304146,0.702262779
5/31/2020 1:00,2020,5,31,5/31/2020,2,20.22,100.19,1.215,554.9611935832663,0.702300263
5/31/2020 2:00,2020,5,31,5/31/2020,3,20.039,99.547,1.215,554.9907922053242,0.70233772
5/31/2020 3:00,2020,5,31,5/31/2020,4,17.536,99.45,1.201,555.0203691,0.702375149
5/31/2020 4:00,2020,5,31,5/31/2020,5,14.737,99.087,1.145,555.0499241961603,0.702412551
5/31/2020 5:00,2020,5,31,5/31/2020,6,14.051,100.024,1.131,555.0794575345176,0.702449925
5/31/2020 6:00,2020,5,31,5/31/2020,7,14.06,102.03,1.131,555.1089690812387,0.702487272
5/31/2020 7:00,2020,5,31,5/31/2020,8,12.661,99.16,1.103,585.9905152979558,0.741567695
5/31/2020 8:00,2020,5,31,5/31/2020,9,11.845,100.978,1.087,660.5034363892943,0.835863377
5/31/2020 9:00,2020,5,31,5/31/2020,10,11.13,102.567,1.08,735.0163356,0.930159031
5/31/2020 10:00,2020,5,31,5/31/2020,11,10.673,100.201,1.08,765.8978163487618,0.969239371
5/31/2020 11:00,2020,5,31,5/31/2020,12,12.658,101.304,1.103,765.9272187097904,0.969276579
5/31/2020 12:00,2020,5,31,5/31/2020,13,13.166,102.279,1.113,765.9565991882564,0.96931376
5/31/2020 13:00,2020,5,31,5/31/2020,14,13.98,104.277,1.13,765.9859577690447,0.969350913
5/31/2020 14:00,2020,5,31,5/31/2020,15,15.386,102.673,1.158,766.0152944370516,0.969388038
5/31/2020 15:00,2020,5,31,5/31/2020,16,17.331,102.727,1.197,766.0446091771846,0.969425136
5/31/2020 16:00,2020,5,31,5/31/2020,17,18.66,101.671,1.211,766.0739019743623,0.969462206
5/31/2020 17:00,2020,5,31,5/31/2020,18,19.891,102.87,1.214,766.1031728135151,0.969499248
5/31/2020 18:00,2020,5,31,5/31/2020,19,20.515,102.882,1.216,766.1324216795838,0.969536262
5/31/2020 19:00,2020,5,31,5/31/2020,20,25.146,101.983,1.32,700.6195536640389,0.886630097
5/31/2020 20:00,2020,5,31,5/31/2020,21,21.823,100.556,1.218,635.1066636453268,0.803723904
5/31/2020 21:00,2020,5,31,5/31/2020,22,24.342,99.11,1.29,635.1358465019049,0.803760835
5/31/2020 22:00,2020,5,31,5/31/2020,23,24.432,100.275,1.293,635.1650073252777,0.803797737
5/31/2020 23:00,2020,5,31,5/31/2020,24,23.006,99.695,1.239,595.4007313436858,0.75347627
6/1/2020 0:00,2020,6,1,6/1/2020,1,25.131,100.34,1.319,545.8282996698313,0.690742637
6/1/2020 1:00,2020,6,1,6/1/2020,2,22.691,100.593,1.227,545.8573943036207,0.690779456
6/1/2020 2:00,2020,6,1,6/1/2020,3,20.828,99.197,1.216,545.8864668442645,0.690816248
6/1/2020 3:00,2020,6,1,6/1/2020,4,18.627,99.708,1.211,545.9155173,0.690853011
6/1/2020 4:00,2020,6,1,6/1/2020,5,17.64,101.745,1.203,545.9445456,0.690889746
6/1/2020 5:00,2020,6,1,6/1/2020,6,16.035,98.992,1.171,545.9735517578126,0.690926453
6/1/2020 6:00,2020,6,1,6/1/2020,7,15.441,99.49,1.159,546.0025358,0.690963132
6/1/2020 7:00,2020,6,1,6/1/2020,8,14.14,99.502,1.133,575.7083439920957,0.728555665
6/1/2020 8:00,2020,6,1,6/1/2020,9,14.741,101.773,1.145,647.3835286427336,0.819260207
6/1/2020 9:00,2020,6,1,6/1/2020,10,13.716,102.885,1.124,719.0586910957683,0.909964721
6/1/2020 10:00,2020,6,1,6/1/2020,11,13.414,99.295,1.118,748.7644327,0.94755717
6/1/2020 11:00,2020,6,1,6/1/2020,12,12.653,102.582,1.103,748.7933057492952,0.947593709
6/1/2020 12:00,2020,6,1,6/1/2020,13,15.303,102.276,1.156,748.8221565377457,0.947630219
6/1/2020 13:00,2020,6,1,6/1/2020,14,16.591,102.38,1.182,748.8509850691544,0.947666702
6/1/2020 14:00,2020,6,1,6/1/2020,15,17.231,102.427,1.195,748.8797913286899,0.947703156
6/1/2020 15:00,2020,6,1,6/1/2020,16,18.354,103.213,1.211,748.9085753015326,0.947739582
6/1/2020 16:00,2020,6,1,6/1/2020,17,20.682,102.276,1.216,748.9373369728744,0.947775979
6/1/2020 17:00,2020,6,1,6/1/2020,18,23.911,102.283,1.273,748.9660763279182,0.947812349
6/1/2020 18:00,2020,6,1,6/1/2020,19,24.031,101.451,1.278,748.9947933518793,0.94784869
6/1/2020 19:00,2020,6,1,6/1/2020,20,25.142,102.024,1.32,685.9780089693538,0.868101305
6/1/2020 20:00,2020,6,1,6/1/2020,21,24.134,100.864,1.282,622.9612022262095,0.788353891
6/1/2020 21:00,2020,6,1,6/1/2020,22,26.106,99.671,1.356,622.9898521683249,0.788390147
6/1/2020 22:00,2020,6,1,6/1/2020,23,26.743,100.736,1.38,623.0184797203315,0.788426375
6/1/2020 23:00,2020,6,1,6/1/2020,24,26.175,100.48,1.359,584.7694725806903,0.740022472
6/2/2020 0:00,2020,6,2,6/2/2020,1,24.921,99.024,1.311,546.5204430214964,0.691618541
6/2/2020 1:00,2020,6,2,6/2/2020,2,23.118,100.334,1.243,546.5490033148556,0.691654684
6/2/2020 2:00,2020,6,2,6/2/2020,3,21.392,99.104,1.218,546.5775411592641,0.691690798
6/2/2020 3:00,2020,6,2,6/2/2020,4,18.371,99.048,1.211,546.6060565400404,0.691726884
6/2/2020 4:00,2020,6,2,6/2/2020,5,18.402,99.809,1.211,546.6345494425143,0.691762942
6/2/2020 5:00,2020,6,2,6/2/2020,6,17.888,99.975,1.208,546.6630198520274,0.691798971
6/2/2020 6:00,2020,6,2,6/2/2020,7,15.452,98.849,1.159,546.6914678,0.691834972
6/2/2020 7:00,2020,6,2,6/2/2020,8,14.397,98.569,1.138,576.3967394984769,0.729426826
6/2/2020 8:00,2020,6,2,6/2/2020,9,13.36,100.603,1.117,648.0713873,0.820130689
6/2/2020 9:00,2020,6,2,6/2/2020,10,14.148,102.935,1.133,719.7460125977084,0.910834523
6/2/2020 10:00,2020,6,2,6/2/2020,11,13.597,102.361,1.122,749.4512166878274,0.948426291
6/2/2020 11:00,2020,6,2,6/2/2020,12,14.528,103.081,1.141,749.4795518,0.948462149
6/2/2020 12:00,2020,6,2,6/2/2020,13,15.595,101.557,1.162,749.5078643817211,0.948497979
6/2/2020 13:00,2020,6,2,6/2/2020,14,15.5,102.14,1.16,749.5361543212339,0.948533779
6/2/2020 14:00,2020,6,2,6/2/2020,15,18.678,103.189,1.212,749.5644216363816,0.948569552
6/2/2020 15:00,2020,6,2,6/2/2020,16,19.256,101.381,1.213,749.5926663126215,0.948605295
6/2/2020 16:00,2020,6,2,6/2/2020,17,20.168,101.591,1.215,749.6208883354232,0.94864101
6/2/2020 17:00,2020,6,2,6/2/2020,18,22.576,104.111,1.223,749.6490876902674,0.948676696
6/2/2020 18:00,2020,6,2,6/2/2020,19,24.345,101.592,1.29,749.6772643626466,0.948712353
6/2/2020 19:00,2020,6,2,6/2/2020,20,24.381,103.034,1.291,686.6599392774356,0.868964284
6/2/2020 20:00,2020,6,2,6/2/2020,21,26.969,100.74,1.389,623.6425914807796,0.789216185
6/2/2020 21:00,2020,6,2,6/2/2020,22,26.105,100.104,1.356,623.6707000188362,0.789251756
6/2/2020 22:00,2020,6,2,6/2/2020,23,25.34,100.168,1.327,623.6987858165149,0.789287299
6/2/2020 23:00,2020,6,2,6/2/2020,24,24.181,100.161,1.284,585.4492366,0.74088271
6/3/2020 0:00,2020,6,3,6/3/2020,1,23.894,100.433,1.273,547.1996645593327,0.692478092
6/3/2020 1:00,2020,6,3,6/3/2020,2,23.681,99.36,1.265,547.2276820492305,0.692513548
6/3/2020 2:00,2020,6,3,6/3/2020,3,21.106,100.341,1.217,547.2556767410246,0.692548975
6/3/2020 3:00,2020,6,3,6/3/2020,4,20.015,100.364,1.214,547.2836486203128,0.692584373
6/3/2020 4:00,2020,6,3,6/3/2020,5,17.706,100.19,1.204,547.3115976727047,0.692619743
6/3/2020 5:00,2020,6,3,6/3/2020,6,15.179,98.771,1.154,547.3395238838218,0.692655083
6/3/2020 6:00,2020,6,3,6/3/2020,7,14.587,99.331,1.142,547.3674272392971,0.692690395
6/3/2020 7:00,2020,6,3,6/3/2020,8,13.767,99.619,1.125,577.0721540896567,0.730281559
6/3/2020 8:00,2020,6,3,6/3/2020,9,15.314,99.603,1.156,648.7462566733539,0.820984732
6/3/2020 9:00,2020,6,3,6/3/2020,10,14.675,100.102,1.144,720.4203363583788,0.911687876
6/3/2020 10:00,2020,6,3,6/3/2020,11,13.928,98.91,1.129,750.1249945127342,0.949278953
6/3/2020 11:00,2020,6,3,6/3/2020,12,13.329,100.491,1.117,750.1527833749085,0.94931412
6/3/2020 12:00,2020,6,3,6/3/2020,13,13.305,99.808,1.116,750.1805492954865,0.949349258
6/3/2020 13:00,2020,6,3,6/3/2020,14,15.748,100.722,1.165,750.2082923,0.949384366
6/3/2020 14:00,2020,6,3,6/3/2020,15,17.767,99.347,1.205,750.2360122547282,0.949419446
6/3/2020 15:00,2020,6,3,6/3/2020,16,21.352,101.092,1.217,750.2637092648584,0.949454496
6/3/2020 16:00,2020,6,3,6/3/2020,17,20.443,98.879,1.215,750.2913832763256,0.949489517
6/3/2020 17:00,2020,6,3,6/3/2020,18,22.321,100.621,1.22,750.3190342748926,0.94952451
6/3/2020 18:00,2020,6,3,6/3/2020,19,23.933,100.212,1.274,750.3466622463338,0.949559473
6/3/2020 19:00,2020,6,3,6/3/2020,20,24.867,100.735,1.309,687.3287881158067,0.869810708
6/3/2020 20:00,2020,6,3,6/3/2020,21,27.165,100.707,1.393,624.3108909297387,0.790061914
6/3/2020 21:00,2020,6,3,6/3/2020,22,25.802,99.562,1.345,624.3384497,0.79009679
6/3/2020 22:00,2020,6,3,6/3/2020,23,26.246,99.823,1.362,624.3659854554928,0.790131636
6/3/2020 23:00,2020,6,3,6/3/2020,24,26.333,100.844,1.365,586.1158857915307,0.741726351
6/4/2020 0:00,2020,6,4,6/4/2020,1,24.318,99.439,1.289,547.8657630153399,0.693321036
6/4/2020 1:00,2020,6,4,6/4/2020,2,22.594,99.727,1.224,547.8932293995892,0.693355794
6/4/2020 2:00,2020,6,4,6/4/2020,3,22.431,101.302,1.22,547.9206726433375,0.693390524
6/4/2020 3:00,2020,6,4,6/4/2020,4,19.416,99.674,1.213,547.9480927324662,0.693425223
6/4/2020 4:00,2020,6,4,6/4/2020,5,17.505,99.722,1.2,547.9754896528689,0.693459894
6/4/2020 5:00,2020,6,4,6/4/2020,6,15.992,100.169,1.17,548.0028633904508,0.693494535
6/4/2020 6:00,2020,6,4,6/4/2020,7,15.372,100.699,1.157,548.0302139311293,0.693529147
6/4/2020 7:00,2020,6,4,6/4/2020,8,15.234,99.29,1.155,577.7343876,0.731119612
6/4/2020 8:00,2020,6,4,6/4/2020,9,13.174,102.438,1.113,649.4079367129457,0.821822084
6/4/2020 9:00,2020,6,4,6/4/2020,10,13.274,97.817,1.115,721.0814625610965,0.912524527
6/4/2020 10:00,2020,6,4,6/4/2020,11,14.331,99.992,1.137,750.7855665384546,0.950114904
6/4/2020 11:00,2020,6,4,6/4/2020,12,13.88,99.453,1.128,750.8128008837939,0.950149368
6/4/2020 12:00,2020,6,4,6/4/2020,13,16.273,100.233,1.175,750.8400119479845,0.950183804
6/4/2020 13:00,2020,6,4,6/4/2020,14,17.194,101.151,1.194,750.8671997170273,0.95021821
6/4/2020 14:00,2020,6,4,6/4/2020,15,18.683,99.126,1.212,750.8943641769356,0.950252586
6/4/2020 15:00,2020,6,4,6/4/2020,16,19.739,100.71,1.214,750.9215053137342,0.950286933
6/4/2020 16:00,2020,6,4,6/4/2020,17,20.77,100.199,1.216,750.9486231134599,0.950321251
6/4/2020 17:00,2020,6,4,6/4/2020,18,22.965,99.36,1.238,750.9757175621621,0.950355539
6/4/2020 18:00,2020,6,4,6/4/2020,19,23.666,99.891,1.264,751.0027886459013,0.950389797
6/4/2020 19:00,2020,6,4,6/4/2020,20,25.277,100.11,1.325,687.9843572901214,0.870640327
6/4/2020 20:00,2020,6,4,6/4/2020,21,25.709,98.757,1.341,624.9659025415366,0.790890828
6/4/2020 21:00,2020,6,4,6/4/2020,22,27.248,99.939,1.395,624.9929034468739,0.790924997
6/4/2020 22:00,2020,6,4,6/4/2020,23,26.19,100.513,1.359,625.0198809316128,0.790959137
6/4/2020 23:00,2020,6,4,6/4/2020,24,27.008,98.611,1.39,586.7692226950633,0.742553145
6/5/2020 0:00,2020,6,5,6/5/2020,1,23.884,98.851,1.272,548.5185410101698,0.694147123
6/5/2020 1:00,2020,6,5,6/5/2020,2,23.209,101.24,1.247,548.5454481498882,0.694181173
6/5/2020 2:00,2020,6,5,6/5/2020,3,21.3,99.785,1.217,548.5723318135654,0.694215195
6/5/2020 3:00,2020,6,5,6/5/2020,4,19.895,98.04,1.214,548.5991919873703,0.694249186
6/5/2020 4:00,2020,6,5,6/5/2020,5,17.72,100.62,1.204,548.6260286574848,0.694283148
6/5/2020 5:00,2020,6,5,6/5/2020,6,18.417,99.611,1.211,548.6528418101024,0.694317079
6/5/2020 6:00,2020,6,5,6/5/2020,7,14.783,101.329,1.146,548.6796314314287,0.694350982
6/5/2020 7:00,2020,6,5,6/5/2020,8,12.954,99.742,1.109,578.3832438725631,0.731940736
6/5/2020 8:00,2020,6,5,6/5/2020,9,14.193,104.298,1.134,650.0562313725318,0.822642498
6/5/2020 9:00,2020,6,5,6/5/2020,10,13.704,102.009,1.124,721.7291953,0.913344229
6/5/2020 10:00,2020,6,5,6/5/2020,11,14.95,102.862,1.149,751.4327370232411,0.950933894
6/5/2020 11:00,2020,6,5,6/5/2020,12,13.943,102.167,1.129,751.4594087816212,0.950967647
6/5/2020 12:00,2020,6,5,6/5/2020,13,16.579,101.067,1.182,751.4860569261987,0.95100137
6/5/2020 13:00,2020,6,5,6/5/2020,14,17.787,100.018,1.206,751.5126814432642,0.951035063
6/5/2020 14:00,2020,6,5,6/5/2020,15,17.439,101.182,1.199,751.5392823191208,0.951068727
6/5/2020 15:00,2020,6,5,6/5/2020,16,19.58,101.92,1.214,751.5658595,0.95110236
6/5/2020 16:00,2020,6,5,6/5/2020,17,21.15,100.932,1.217,751.5924130924783,0.951135963
6/5/2020 17:00,2020,6,5,6/5/2020,18,25.167,102.456,1.321,751.6189429626455,0.951169537
6/5/2020 18:00,2020,6,5,6/5/2020,19,25.33,101.537,1.327,751.6454491369365,0.95120308
6/5/2020 19:00,2020,6,5,6/5/2020,20,25.1,99.771,1.318,688.6264525,0.871452895
6/5/2020 20:00,2020,6,5,6/5/2020,21,26.152,100.846,1.358,625.6074322220966,0.79170268
6/5/2020 21:00,2020,6,5,6/5/2020,22,26.546,100.627,1.373,625.6338672269889,0.791736133
6/5/2020 22:00,2020,6,5,6/5/2020,23,26.079,100.552,1.355,625.6602784815325,0.791769557
6/5/2020 23:00,2020,6,5,6/5/2020,24,23.889,100.558,1.272,587.4090536853292,0.743362847
6/6/2020 0:00,2020,6,6,6/6/2020,1,23.607,100.113,1.262,549.1578051116144,0.694956108
6/6/2020 1:00,2020,6,6,6/6/2020,2,21.321,99.875,1.217,549.1841450336358,0.694989441
6/6/2020 2:00,2020,6,6,6/6/2020,3,20.111,99.9,1.215,549.2104612,0.695022744
6/6/2020 3:00,2020,6,6,6/6/2020,4,20.445,98.596,1.215,549.2367535,0.695056016
6/6/2020 4:00,2020,6,6,6/6/2020,5,17.766,99.823,1.205,549.2630219178059,0.695089259
6/6/2020 5:00,2020,6,6,6/6/2020,6,16.463,100.238,1.179,549.2892665401432,0.695122471
6/6/2020 6:00,2020,6,6,6/6/2020,7,16.307,101.144,1.176,549.3154873037745,0.695155654
6/6/2020 7:00,2020,6,6,6/6/2020,8,14.212,100.432,1.134,579.0185305600912,0.732744687
6/6/2020 8:00,2020,6,6,6/6/2020,9,14.827,104.06,1.147,650.6909485,0.823445728
6/6/2020 9:00,2020,6,6,6/6/2020,10,13.335,100.94,1.117,722.3633426375968,0.914146739
6/6/2020 10:00,2020,6,6,6/6/2020,11,13.97,99.15,1.129,752.0663141965122,0.951735682
6/6/2020 11:00,2020,6,6,6/6/2020,12,13.439,100.832,1.119,752.0924154645152,0.951768713
6/6/2020 12:00,2020,6,6,6/6/2020,13,14.66,104.172,1.143,752.1184927930592,0.951801714
6/6/2020 13:00,2020,6,6,6/6/2020,14,17.347,102.156,1.197,752.1445461687285,0.951834685
6/6/2020 14:00,2020,6,6,6/6/2020,15,18.288,101.903,1.211,752.1705755781197,0.951867625
6/6/2020 15:00,2020,6,6,6/6/2020,16,20.454,101.238,1.215,752.1965810078416,0.951900534
6/6/2020 16:00,2020,6,6,6/6/2020,17,22.46,101.22,1.22,752.2225624445155,0.951933414
6/6/2020 17:00,2020,6,6,6/6/2020,18,23.959,101.327,1.275,752.2485199,0.951966263
6/6/2020 18:00,2020,6,6,6/6/2020,19,24.176,102.029,1.283,752.2744533,0.951999081
6/6/2020 19:00,2020,6,6,6/6/2020,20,26.403,101.582,1.367,689.2548836020172,0.872248171
6/6/2020 20:00,2020,6,6,6/6/2020,21,26.886,99.146,1.386,626.2352898723288,0.79249723
6/6/2020 21:00,2020,6,6,6/6/2020,22,25.98,99.736,1.351,626.2611511435138,0.792529958
6/6/2020 22:00,2020,6,6,6/6/2020,23,24.859,98.879,1.309,626.2869883416377,0.792562654
6/6/2020 23:00,2020,6,6,6/6/2020,24,24.794,101.148,1.307,588.0351891665973,0.744155218
6/7/2020 0:00,2020,6,7,6/7/2020,1,25.013,99.228,1.315,549.7833658919241,0.695747751
6/7/2020 1:00,2020,6,7,6/7/2020,2,23.131,102.216,1.244,549.8091307911611,0.695780357
6/7/2020 2:00,2020,6,7,6/7/2020,3,20.684,100.567,1.216,549.8348715642427,0.695812931
6/7/2020 3:00,2020,6,7,6/7/2020,4,20.65,99.341,1.216,549.8605881979262,0.695845476
6/7/2020 4:00,2020,6,7,6/7/2020,5,18.261,99.498,1.211,549.8862806789814,0.695877989
6/7/2020 5:00,2020,6,7,6/7/2020,6,16.561,99.295,1.181,549.9119489941907,0.695910473
6/7/2020 6:00,2020,6,7,6/7/2020,7,15.853,98.83,1.167,549.9375931303487,0.695942925
6/7/2020 7:00,2020,6,7,6/7/2020,8,13.815,98.526,1.126,579.6400594391437,0.733531229
6/7/2020 8:00,2020,6,7,6/7/2020,9,13.44,101.497,1.119,651.3119002,0.824231539
6/7/2020 9:00,2020,6,7,6/7/2020,10,13.217,101.604,1.114,722.9837166626476,0.914931819
6/7/2020 10:00,2020,6,7,6/7/2020,11,14.123,103.703,1.132,752.6861103156772,0.952520031
6/7/2020 11:00,2020,6,7,6/7/2020,12,14.6,103.637,1.142,752.7116333589344,0.95255233
6/7/2020 12:00,2020,6,7,6/7/2020,13,13.961,101.912,1.129,752.7371321441697,0.952584599
6/7/2020 13:00,2020,6,7,6/7/2020,14,16.948,103.623,1.189,752.7626066582652,0.952616837
6/7/2020 14:00,2020,6,7,6/7/2020,15,18.748,101.718,1.212,752.7880568881153,0.952649044
6/7/2020 15:00,2020,6,7,6/7/2020,16,19.206,102.717,1.213,752.8134828206266,0.95268122
6/7/2020 16:00,2020,6,7,6/7/2020,17,22.864,102.692,1.234,752.8388844427188,0.952713366
6/7/2020 17:00,2020,6,7,6/7/2020,18,22.659,101.917,1.226,752.8642617413238,0.952745481
6/7/2020 18:00,2020,6,7,6/7/2020,19,24.01,102.044,1.277,752.8896147033856,0.952777565
6/7/2020 19:00,2020,6,7,6/7/2020,20,24.492,102.065,1.295,689.8694642552318,0.873025919
6/7/2020 20:00,2020,6,7,6/7/2020,21,25.546,100.033,1.335,626.8492894444615,0.793274243
6/7/2020 21:00,2020,6,7,6/7/2020,22,26.811,98.001,1.383,626.8745693186862,0.793306235
6/7/2020 22:00,2020,6,7,6/7/2020,23,25.973,98.492,1.351,626.8998248042708,0.793338196
6/7/2020 23:00,2020,6,7,6/7/2020,24,22.978,100.166,1.238,588.6474436014116,0.744930023
6/8/2020 0:00,2020,6,8,6/8/2020,1,24.108,99.449,1.281,550.3950379839389,0.696521819
6/8/2020 1:00,2020,6,8,6/8/2020,2,22.094,99.886,1.219,550.4202202256959,0.696553687
6/8/2020 2:00,2020,6,8,6/8/2020,3,21.93,101.008,1.219,550.4453780269164,0.696585524
6/8/2020 3:00,2020,6,8,6/8/2020,4,20.6,98.952,1.216,550.4705113746576,0.69661733
6/8/2020 4:00,2020,6,8,6/8/2020,5,18.073,101.237,1.21,550.4956202559897,0.696649105
6/8/2020 5:00,2020,6,8,6/8/2020,6,16.895,99.972,1.188,550.5207046579951,0.696680849
6/8/2020 6:00,2020,6,8,6/8/2020,7,13.769,98.889,1.125,550.5457645677686,0.696712563
6/8/2020 7:00,2020,6,8,6/8/2020,8,14.468,99.959,1.139,580.2476463372996,0.734300127
6/8/2020 8:00,2020,6,8,6/8/2020,9,13.019,102.906,1.11,651.9189022065046,0.824999697
6/8/2020 9:00,2020,6,8,6/8/2020,10,14.296,101.822,1.136,723.5901335448391,0.915699236
6/8/2020 10:00,2020,6,8,6/8/2020,11,14.178,100.257,1.134,753.2919417217702,0.953286707
6/8/2020 11:00,2020,6,8,6/8/2020,12,14.21,100.839,1.134,753.3168789772528,0.953318265
6/8/2020 12:00,2020,6,8,6/8/2020,13,15.676,101.966,1.164,753.3417916633391,0.953349792
6/8/2020 13:00,2020,6,8,6/8/2020,14,16.857,102.717,1.187,753.3666797672126,0.953381288
6/8/2020 14:00,2020,6,8,6/8/2020,15,17.747,104.224,1.205,753.3915432760691,0.953412752
6/8/2020 15:00,2020,6,8,6/8/2020,16,19.173,101.793,1.213,753.4163821771175,0.953444186
6/8/2020 16:00,2020,6,8,6/8/2020,17,22.674,103.319,1.227,753.4411964575793,0.953475588
6/8/2020 17:00,2020,6,8,6/8/2020,18,22.01,100.3,1.219,753.4659861,0.953506959
6/8/2020 18:00,2020,6,8,6/8/2020,19,25.279,102.807,1.325,753.4907511056911,0.953538299
6/8/2020 19:00,2020,6,8,6/8/2020,20,25.175,102.769,1.321,690.4700123872178,0.87378591
6/8/2020 20:00,2020,6,8,6/8/2020,21,26.06,98.881,1.355,627.4492489971701,0.794033489
6/8/2020 21:00,2020,6,8,6/8/2020,22,25.897,99.963,1.348,627.4739399834623,0.794064735
6/8/2020 22:00,2020,6,8,6/8/2020,23,25.378,99.383,1.329,627.4986062727621,0.79409595
6/8/2020 23:00,2020,6,8,6/8/2020,24,25.932,99.488,1.35,589.2456356,0.745687031
6/9/2020 0:00,2020,6,9,6/9/2020,1,25.086,100.389,1.318,550.9926401,0.697278081
6/9/2020 1:00,2020,6,9,6/9/2020,2,23.032,100.802,1.24,551.0172322582521,0.697309202
6/9/2020 2:00,2020,6,9,6/9/2020,3,21.245,99.251,1.217,551.0417996328121,0.697340292
6/9/2020 3:00,2020,6,9,6/9/2020,4,18.738,99.21,1.212,551.0663422,0.697371351
6/9/2020 4:00,2020,6,9,6/9/2020,5,16.738,98.863,1.185,551.0908600883633,0.697402378
6/9/2020 5:00,2020,6,9,6/9/2020,6,16.227,101.088,1.175,551.1153531,0.697433374
6/9/2020 6:00,2020,6,9,6/9/2020,7,16.212,99.984,1.174,551.1398214017123,0.697464338
6/9/2020 7:00,2020,6,9,6/9/2020,8,16.486,101.116,1.18,580.8411112134484,0.735051153
6/9/2020 8:00,2020,6,9,6/9/2020,9,13.446,101.708,1.119,652.5117748195449,0.825749974
6/9/2020 9:00,2020,6,9,6/9/2020,10,12.978,103.43,1.11,724.1824135897614,0.916448763
6/9/2020 10:00,2020,6,9,6/9/2020,11,11.632,101.278,1.083,753.8836288938703,0.954035484
6/9/2020 11:00,2020,6,9,6/9/2020,12,14.055,103.693,1.131,753.9079729721316,0.954066291
6/9/2020 12:00,2020,6,9,6/9/2020,13,16.234,102.929,1.175,753.9322921769024,0.954097067
6/9/2020 13:00,2020,6,9,6/9/2020,14,15.793,101.794,1.166,753.9565864956712,0.954127811
6/9/2020 14:00,2020,6,9,6/9/2020,15,16.697,103.269,1.184,753.9808559159401,0.954158524
6/9/2020 15:00,2020,6,9,6/9/2020,16,20.522,101.652,1.216,754.0051004,0.954189205
6/9/2020 16:00,2020,6,9,6/9/2020,17,20.506,103.298,1.216,754.0293200110473,0.954219855
6/9/2020 17:00,2020,6,9,6/9/2020,18,22.848,103.494,1.233,754.0535146609529,0.954250473
6/9/2020 18:00,2020,6,9,6/9/2020,19,24.53,102.362,1.297,754.0776843624926,0.95428106
6/9/2020 19:00,2020,6,9,6/9/2020,20,24.645,100.325,1.301,691.0563500426026,0.874527917
6/9/2020 20:00,2020,6,9,6/9/2020,21,25.897,100.311,1.348,628.0349907494908,0.794774742
6/9/2020 21:00,2020,6,9,6/9/2020,22,24.964,100.452,1.313,628.0590855313783,0.794805233
6/9/2020 22:00,2020,6,9,6/9/2020,23,24.648,99.37,1.301,628.0831553152398,0.794835694
6/9/2020 23:00,2020,6,9,6/9/2020,24,26.583,99.728,1.374,589.8295878018812,0.746426019
6/10/2020 0:00,2020,6,10,6/10/2020,1,25.177,98.748,1.321,551.5759952657434,0.698016314
6/10/2020 1:00,2020,6,10,6/10/2020,2,23.212,100.125,1.247,551.5999899812803,0.698046679
6/10/2020 2:00,2020,6,10,6/10/2020,3,21.37,101.243,1.217,551.6239596493364,0.698077012
6/10/2020 3:00,2020,6,10,6/10/2020,4,19.205,97.486,1.213,551.6479042575804,0.698107314
6/10/2020 4:00,2020,6,10,6/10/2020,5,18.34,99.927,1.211,551.6718237936936,0.698137584
6/10/2020 5:00,2020,6,10,6/10/2020,6,16.518,100.825,1.18,551.6957182453707,0.698167822
6/10/2020 6:00,2020,6,10,6/10/2020,7,15.23,100.189,1.155,551.7195876003187,0.698198029
6/10/2020 7:00,2020,6,10,6/10/2020,8,13.912,100.392,1.128,581.4202782111392,0.735784086
6/10/2020 8:00,2020,6,10,6/10/2020,9,12.868,101.573,1.107,653.0903423,0.826482148
6/10/2020 9:00,2020,6,10,6/10/2020,10,13.36,99.669,1.117,724.7603812920548,0.917180178
6/10/2020 10:00,2020,6,10,6/10/2020,11,13.267,99.086,1.115,754.4609965022989,0.954766139
6/10/2020 11:00,2020,6,10,6/10/2020,12,13.423,100.041,1.118,754.4847401896631,0.954796187
6/10/2020 12:00,2020,6,10,6/10/2020,13,15.382,99.317,1.158,754.5084587068129,0.954826203
6/10/2020 13:00,2020,6,10,6/10/2020,14,16.533,100.103,1.181,754.5321520415465,0.954856186
6/10/2020 14:00,2020,6,10,6/10/2020,15,16.467,100.647,1.179,754.5558201816746,0.954886138
6/10/2020 15:00,2020,6,10,6/10/2020,16,19.643,100.099,1.214,754.5794631150208,0.954916058
6/10/2020 16:00,2020,6,10,6/10/2020,17,23.231,100.657,1.248,754.6030808294216,0.954945946
6/10/2020 17:00,2020,6,10,6/10/2020,18,21.538,98.304,1.218,754.6266733,0.954975802
6/10/2020 18:00,2020,6,10,6/10/2020,19,23.734,100.26,1.267,754.6502405527993,0.955005627
6/10/2020 19:00,2020,6,10,6/10/2020,20,24.17,100.701,1.283,691.6283034768846,0.87525172
6/10/2020 20:00,2020,6,10,6/10/2020,21,26.551,100.61,1.373,628.6063411335012,0.795497782
6/10/2020 21:00,2020,6,10,6/10/2020,22,25.886,101.946,1.348,628.6298325711803,0.795527511
6/10/2020 22:00,2020,6,10,6/10/2020,23,25.961,98.649,1.351,628.6532987172066,0.795557207
6/10/2020 23:00,2020,6,10,6/10/2020,24,24.739,99.516,1.305,590.3991272726972,0.747146768
6/11/2020 0:00,2020,6,11,6/11/2020,1,23.437,98.368,1.255,552.1449305124033,0.698736298
6/11/2020 1:00,2020,6,11,6/11/2020,2,22.286,101.236,1.22,552.1683207110898,0.698765898
6/11/2020 2:00,2020,6,11,6/11/2020,3,21.119,100.944,1.217,552.1916855699121,0.698795466
6/11/2020 3:00,2020,6,11,6/11/2020,4,20.591,100.743,1.216,552.2150250768501,0.698825002
6/11/2020 4:00,2020,6,11,6/11/2020,5,16.634,101.218,1.183,552.2383392198965,0.698854506
6/11/2020 5:00,2020,6,11,6/11/2020,6,16.866,102.037,1.187,552.2616279870573,0.698883978
6/11/2020 6:00,2020,6,11,6/11/2020,7,16.472,103.323,1.179,552.2848913663511,0.698913418
6/11/2020 7:00,2020,6,11,6/11/2020,8,15.405,99.943,1.158,581.9849757106913,0.736498707
6/11/2020 8:00,2020,6,11,6/11/2020,9,13.766,99.963,1.125,653.6544332609194,0.827196002
6/11/2020 9:00,2020,6,11,6/11/2020,10,12.661,99.243,1.103,725.3238653874157,0.917893264
6/11/2020 10:00,2020,6,11,6/11/2020,11,14.314,99.642,1.136,755.0238734605732,0.955478457
6/11/2020 11:00,2020,6,11,6/11/2020,12,15.707,100.256,1.164,755.0470097212731,0.955507736
6/11/2020 12:00,2020,6,11,6/11/2020,13,16.039,99.262,1.171,755.0701205224937,0.955536982
6/11/2020 13:00,2020,6,11,6/11/2020,14,15.483,99.939,1.16,755.0932058523454,0.955566197
6/11/2020 14:00,2020,6,11,6/11/2020,15,17.556,100.737,1.201,755.1162657,0.955595379
6/11/2020 15:00,2020,6,11,6/11/2020,16,19.229,101.203,1.213,755.1393001,0.955624529
6/11/2020 16:00,2020,6,11,6/11/2020,17,22.381,99.458,1.22,755.1623088949891,0.955653646
6/11/2020 17:00,2020,6,11,6/11/2020,18,21.886,99.626,1.219,755.1852922,0.955682732
6/11/2020 18:00,2020,6,11,6/11/2020,19,25.934,101.542,1.35,755.2082500158551,0.955711785
6/11/2020 19:00,2020,6,11,6/11/2020,20,26.55,99.834,1.373,692.1857032079179,0.875957107
6/11/2020 20:00,2020,6,11,6/11/2020,21,25.4,99.288,1.33,629.1631308457518,0.796202397
6/11/2020 21:00,2020,6,11,6/11/2020,22,25.669,99.912,1.34,629.1860119782023,0.796231352
6/11/2020 22:00,2020,6,11,6/11/2020,23,25.932,99.215,1.35,629.2088675328682,0.796260276
6/11/2020 23:00,2020,6,11,6/11/2020,24,24.571,99.414,1.298,590.9540852111804,0.747849065
6/12/2020 0:00,2020,6,12,6/12/2020,1,24.949,101.328,1.313,552.6992772882047,0.699437821
6/12/2020 1:00,2020,6,12,6/12/2020,2,23.283,99.672,1.25,552.7220560390199,0.699466647
6/12/2020 2:00,2020,6,12,6/12/2020,3,21.812,98.64,1.218,552.7448091650966,0.699495441
6/12/2020 3:00,2020,6,12,6/12/2020,4,21.575,99.519,1.218,552.7675366547289,0.699524203
6/12/2020 4:00,2020,6,12,6/12/2020,5,18.819,100.387,1.212,552.7902384962249,0.699552932
6/12/2020 5:00,2020,6,12,6/12/2020,6,15.411,100.197,1.158,552.8129146779049,0.699581628
6/12/2020 6:00,2020,6,12,6/12/2020,7,15.496,101.206,1.16,552.8355651881031,0.699610292
6/12/2020 7:00,2020,6,12,6/12/2020,8,15.67,100.179,1.163,582.5350363800483,0.737194806
6/12/2020 8:00,2020,6,12,6/12/2020,9,13.086,102.448,1.112,654.2038804948971,0.827891324
6/12/2020 9:00,2020,6,12,6/12/2020,10,12.979,102.974,1.11,725.8726989033455,0.91858781
6/12/2020 10:00,2020,6,12,6/12/2020,11,13.199,102.45,1.114,755.5720929761023,0.956172226
6/12/2020 11:00,2020,6,12,6/12/2020,12,13.771,103.073,1.125,755.5946149543645,0.956200727
6/12/2020 12:00,2020,6,12,6/12/2020,13,15.928,101.342,1.169,755.6171111914266,0.956229196
6/12/2020 13:00,2020,6,12,6/12/2020,14,16.486,101.621,1.18,755.6395816757152,0.956257632
6/12/2020 14:00,2020,6,12,6/12/2020,15,17.18,101.881,1.194,755.6620264,0.956286036
6/12/2020 15:00,2020,6,12,6/12/2020,16,19.233,100.889,1.213,755.6844453397443,0.956314407
6/12/2020 16:00,2020,6,12,6/12/2020,17,21.099,103.712,1.217,755.7068384964044,0.956342745
6/12/2020 17:00,2020,6,12,6/12/2020,18,22.104,101.994,1.219,755.7292058541298,0.956371051
6/12/2020 18:00,2020,6,12,6/12/2020,19,24.869,102.076,1.31,755.7515474014135,0.956399324
6/12/2020 19:00,2020,6,12,6/12/2020,20,24.49,104.112,1.295,692.7283841,0.876643866
6/12/2020 20:00,2020,6,12,6/12/2020,21,26.744,99.641,1.38,629.7051948974342,0.796888376
6/12/2020 21:00,2020,6,12,6/12/2020,22,27.11,100.099,1.392,629.7274589444829,0.796916551
6/12/2020 22:00,2020,6,12,6/12/2020,23,25.349,100.07,1.328,629.7496971351943,0.796944693
6/12/2020 23:00,2020,6,12,6/12/2020,24,24.596,98.865,1.299,591.4942971713167,0.7485327
6/13/2020 0:00,2020,6,13,6/13/2020,1,25.097,102.209,1.318,553.2388713282339,0.700120674
6/13/2020 1:00,2020,6,13,6/13/2020,2,24.589,99.204,1.299,553.2610318813425,0.700148718
6/13/2020 2:00,2020,6,13,6/13/2020,3,22.411,100.318,1.22,553.2831665324312,0.700176729
6/13/2020 3:00,2020,6,13,6/13/2020,4,19.765,99.127,1.214,553.3052752701124,0.700204708
6/13/2020 4:00,2020,6,13,6/13/2020,5,18.599,99.287,1.211,553.3273581,0.700232653
6/13/2020 5:00,2020,6,13,6/13/2020,6,18.197,99.715,1.21,553.3494149597693,0.700260566
6/13/2020 6:00,2020,6,13,6/13/2020,7,14.602,100.239,1.142,553.3714459,0.700288446
6/13/2020 7:00,2020,6,13,6/13/2020,8,13.517,100.167,1.12,583.0702972243623,0.737872175
6/13/2020 8:00,2020,6,13,6/13/2020,9,14.654,103.102,1.143,654.7385212072213,0.828567909
6/13/2020 9:00,2020,6,13,6/13/2020,10,13.89,103.788,1.128,726.4067192086287,0.91926361
6/13/2020 10:00,2020,6,13,6/13/2020,11,13.344,102.558,1.117,756.1054925996124,0.95684724
6/13/2020 11:00,2020,6,13,6/13/2020,12,14.68,101.327,1.144,756.1273936216888,0.956874956
6/13/2020 12:00,2020,6,13,6/13/2020,13,14.712,102.173,1.144,756.1492686284719,0.956902638
6/13/2020 13:00,2020,6,13,6/13/2020,14,15.347,101.487,1.157,756.1711176087076,0.956930288
6/13/2020 14:00,2020,6,13,6/13/2020,15,17.522,103.452,1.2,756.1929406,0.956957905
6/13/2020 15:00,2020,6,13,6/13/2020,16,19.86,102.124,1.214,756.2147374445896,0.956985489
6/13/2020 16:00,2020,6,13,6/13/2020,17,21.966,99.847,1.219,756.2365082777949,0.95701304
6/13/2020 17:00,2020,6,13,6/13/2020,18,23.125,102.478,1.244,756.2582530395719,0.957040557
6/13/2020 18:00,2020,6,13,6/13/2020,19,24.903,102.345,1.311,756.2799717187336,0.957068042
6/13/2020 19:00,2020,6,13,6/13/2020,20,25.337,103.025,1.327,693.2561852434768,0.877311796
6/13/2020 20:00,2020,6,13,6/13/2020,21,26.392,96.464,1.367,630.2323726632715,0.797555516
6/13/2020 21:00,2020,6,13,6/13/2020,22,26.081,97.915,1.355,630.2540130276005,0.797582902
6/13/2020 22:00,2020,6,13,6/13/2020,23,26.003,99.05,1.352,630.2756272647015,0.797610254
6/13/2020 23:00,2020,6,13,6/13/2020,24,24.868,101.052,1.309,592.0196030766435,0.749197471
6/14/2020 0:00,2020,6,14,6/14/2020,1,24.175,101.12,1.283,553.7635527391317,0.700784655
6/14/2020 1:00,2020,6,14,6/14/2020,2,21.806,98.716,1.218,553.7850885278835,0.700811909
6/14/2020 2:00,2020,6,14,6/14/2020,3,22.65,100.377,1.226,553.8065981450093,0.700839129
6/14/2020 3:00,2020,6,14,6/14/2020,4,20.771,102.132,1.216,553.8280816,0.700866316
6/14/2020 4:00,2020,6,14,6/14/2020,5,18.377,99.572,1.211,553.8495388201324,0.70089347
6/14/2020 5:00,2020,6,14,6/14/2020,6,15.514,98.734,1.16,553.8709698560384,0.700920591
6/14/2020 6:00,2020,6,14,6/14/2020,7,15.679,99.983,1.164,553.8923746761358,0.700947679
6/14/2020 7:00,2020,6,14,6/14/2020,8,14.672,100.759,1.143,583.5905996342939,0.738530615
6/14/2020 8:00,2020,6,14,6/14/2020,9,15.774,103.326,1.165,655.2581969723108,0.829225556
6/14/2020 9:00,2020,6,14,6/14/2020,10,14.02,101.832,1.13,726.9257680615236,0.919920463
6/14/2020 10:00,2020,6,14,6/14/2020,11,13.463,102.598,1.119,756.6239142732833,0.9575033
6/14/2020 11:00,2020,6,14,6/14/2020,12,13.679,102.441,1.124,756.6451878494283,0.957530221
6/14/2020 12:00,2020,6,14,6/14/2020,13,15.212,100.219,1.154,756.6664351438957,0.95755711
6/14/2020 13:00,2020,6,14,6/14/2020,14,16.146,102.926,1.173,756.6876561457544,0.957583965
6/14/2020 14:00,2020,6,14,6/14/2020,15,19.298,101.307,1.213,756.7088508440872,0.957610786
6/14/2020 15:00,2020,6,14,6/14/2020,16,20.562,101.785,1.216,756.7300192279902,0.957637575
6/14/2020 16:00,2020,6,14,6/14/2020,17,20.697,101.345,1.216,756.7511612865732,0.95766433
6/14/2020 17:00,2020,6,14,6/14/2020,18,22.372,101.833,1.22,756.7722770089595,0.957691052
6/14/2020 18:00,2020,6,14,6/14/2020,19,24.583,102.355,1.299,756.7933663842856,0.95771774
6/14/2020 19:00,2020,6,14,6/14/2020,20,26.678,101.051,1.378,693.7689503410726,0.877960697
6/14/2020 20:00,2020,6,14,6/14/2020,21,25.882,99.669,1.348,630.7445079291139,0.79820362
6/14/2020 21:00,2020,6,14,6/14/2020,22,26.245,99.262,1.361,630.7655181982166,0.798230209
6/14/2020 22:00,2020,6,14,6/14/2020,23,24.428,100.719,1.293,630.7865021,0.798256764
6/14/2020 23:00,2020,6,14,6/14/2020,24,25.073,101.524,1.317,592.5298472676841,0.749843183
6/15/2020 0:00,2020,6,15,6/15/2020,1,23.555,98.747,1.26,554.2731660464722,0.701429568
6/15/2020 1:00,2020,6,15,6/15/2020,2,20.887,98.3,1.216,554.2940706893482,0.701456023
6/15/2020 2:00,2020,6,15,6/15/2020,3,20.961,98.822,1.217,554.3149488987474,0.701482444
6/15/2020 3:00,2020,6,15,6/15/2020,4,18.227,99.592,1.211,554.3358006639285,0.701508832
6/15/2020 4:00,2020,6,15,6/15/2020,5,17.595,98.944,1.202,554.356626,0.701535186
6/15/2020 5:00,2020,6,15,6/15/2020,6,16.324,100.135,1.176,554.3774248187403,0.701561507
6/15/2020 6:00,2020,6,15,6/15/2020,7,15.248,99.654,1.155,554.3981971869572,0.701587794
6/15/2020 7:00,2020,6,15,6/15/2020,8,12.339,98.727,1.097,584.0957894330094,0.73916993
6/15/2020 8:00,2020,6,15,6/15/2020,9,14.093,100.218,1.132,655.7627537990204,0.829864069
6/15/2020 9:00,2020,6,15,6/15/2020,10,13.995,101.537,1.13,727.4296916566534,0.920558175
6/15/2020 10:00,2020,6,15,6/15/2020,11,12.495,103.031,1.1,757.1272043775846,0.95814021
6/15/2020 11:00,2020,6,15,6/15/2020,12,13.684,101.026,1.124,757.1478442039786,0.95816633
6/15/2020 12:00,2020,6,15,6/15/2020,13,15.49,102.412,1.16,757.1684574900983,0.958192416
6/15/2020 13:00,2020,6,15,6/15/2020,14,16.899,102.849,1.188,757.1890442253391,0.958218468
6/15/2020 14:00,2020,6,15,6/15/2020,15,16.947,101.605,1.189,757.2096043991099,0.958244487
6/15/2020 15:00,2020,6,15,6/15/2020,16,20.441,101.244,1.215,757.2301380008333,0.958270472
6/15/2020 16:00,2020,6,15,6/15/2020,17,21.066,101.964,1.217,757.2506450199458,0.958296424
6/15/2020 17:00,2020,6,15,6/15/2020,18,23.165,101.896,1.245,757.2711254458969,0.958322342
6/15/2020 18:00,2020,6,15,6/15/2020,19,22.662,101.183,1.226,757.2915792681506,0.958348226
6/15/2020 19:00,2020,6,15,6/15/2020,20,26.271,102.987,1.362,694.2665274155547,0.878590378
6/15/2020 20:00,2020,6,15,6/15/2020,21,24.841,100.043,1.308,631.2414489382294,0.798832496
6/15/2020 21:00,2020,6,15,6/15/2020,22,25.955,99.341,1.351,631.2618228863093,0.798858279
6/15/2020 22:00,2020,6,15,6/15/2020,23,27.297,100.591,1.396,631.2821701886835,0.798884029
6/15/2020 23:00,2020,6,15,6/15/2020,24,25.204,101,1.322,593.0248785480728,0.750469642
6/16/2020 0:00,2020,6,16,6/16/2020,1,24.038,102.058,1.278,554.7675602408341,0.702055221
6/16/2020 1:00,2020,6,16,6/16/2020,2,23.069,99.829,1.242,554.7878275433377,0.702080869
6/16/2020 2:00,2020,6,16,6/16/2020,3,21.559,100.872,1.218,554.8080681583463,0.702106484
6/16/2020 3:00,2020,6,16,6/16/2020,4,20.421,99.913,1.215,554.8282820754466,0.702132064
6/16/2020 4:00,2020,6,16,6/16/2020,5,16.528,98.122,1.181,554.8484692842395,0.702157611
6/16/2020 5:00,2020,6,16,6/16/2020,6,15.286,102.777,1.156,554.8686297743395,0.702183124
6/16/2020 6:00,2020,6,16,6/16/2020,7,16.002,100.08,1.17,554.8887635353749,0.702208603
6/16/2020 7:00,2020,6,16,6/16/2020,8,14.388,99.329,1.138,584.5857169218688,0.73978993
6/16/2020 8:00,2020,6,16,6/16/2020,9,13.286,100.353,1.116,656.2520421762736,0.830483261
6/16/2020 9:00,2020,6,16,6/16/2020,10,12.594,101.753,1.102,727.9183406705811,0.921176558
6/16/2020 10:00,2020,6,16,6/16/2020,11,14.66,102.849,1.143,757.6152137767963,0.958757784
6/16/2020 11:00,2020,6,16,6/16/2020,12,14.12,101.607,1.132,757.6352137374133,0.958783093
6/16/2020 12:00,2020,6,16,6/16/2020,13,16.844,99.865,1.187,757.6551869070239,0.958808369
6/16/2020 13:00,2020,6,16,6/16/2020,14,16.494,102.325,1.18,757.6751332753529,0.958833611
6/16/2020 14:00,2020,6,16,6/16/2020,15,17.55,100.538,1.201,757.6950528321386,0.95885882
6/16/2020 15:00,2020,6,16,6/16/2020,16,19.017,101.545,1.212,757.7149455671331,0.958883994
6/16/2020 16:00,2020,6,16,6/16/2020,17,22.151,101.538,1.219,757.7348114701024,0.958909134
6/16/2020 17:00,2020,6,16,6/16/2020,18,23.671,104.207,1.264,757.7546505308264,0.95893424
6/16/2020 18:00,2020,6,16,6/16/2020,19,23.568,101.784,1.26,757.7744627390987,0.958959312
6/16/2020 19:00,2020,6,16,6/16/2020,20,26.206,101.332,1.36,694.7487690240971,0.879200652
6/16/2020 20:00,2020,6,16,6/16/2020,21,26.829,100.247,1.384,631.7230484362723,0.799441958
6/16/2020 21:00,2020,6,16,6/16/2020,22,25.608,99.638,1.337,631.7427800260891,0.799466928
6/16/2020 22:00,2020,6,16,6/16/2020,23,25.962,98.371,1.351,631.7624847227669,0.799491864
6/16/2020 23:00,2020,6,16,6/16/2020,24,26.302,100.967,1.364,593.5045502293574,0.751076664
6/17/2020 0:00,2020,6,17,6/17/2020,1,24.898,100.959,1.311,555.2465888225479,0.702661429
6/17/2020 1:00,2020,6,17,6/17/2020,2,23.816,100.266,1.27,555.2662128,0.702686263
6/17/2020 2:00,2020,6,17,6/17/2020,3,20.409,98.676,1.215,555.2858098019267,0.702711063
6/17/2020 3:00,2020,6,17,6/17/2020,4,19.261,99.184,1.213,555.3053798811263,0.702735829
6/17/2020 4:00,2020,6,17,6/17/2020,5,17.919,99.527,1.208,555.324923,0.702760561
6/17/2020 5:00,2020,6,17,6/17/2020,6,16.799,99.496,1.186,555.3444391682065,0.702785258
6/17/2020 6:00,2020,6,17,6/17/2020,7,15.132,100.101,1.153,555.3639283559922,0.702809922
6/17/2020 7:00,2020,6,17,6/17/2020,8,14.342,99.633,1.137,585.0602369247836,0.740390433
6/17/2020 8:00,2020,6,17,6/17/2020,9,13.686,99.116,1.124,656.7259171173642,0.831082947
6/17/2020 9:00,2020,6,17,6/17/2020,10,13.946,101.555,1.129,728.3915703060579,0.921775427
6/17/2020 10:00,2020,6,17,6/17/2020,11,13.92,99.878,1.128,758.0877978632018,0.959355836
6/17/2020 11:00,2020,6,17,6/17/2020,12,13.613,99.382,1.122,758.1071520316216,0.959380329
6/17/2020 12:00,2020,6,17,6/17/2020,13,15.898,101.844,1.168,758.1264791662419,0.959404787
6/17/2020 13:00,2020,6,17,6/17/2020,14,17.058,101.578,1.191,758.1457792571196,0.959429211
6/17/2020 14:00,2020,6,17,6/17/2020,15,18.762,98.26,1.212,758.1650522943255,0.959453601
6/17/2020 15:00,2020,6,17,6/17/2020,16,19.214,99.914,1.213,758.1842982679443,0.959477957
6/17/2020 16:00,2020,6,17,6/17/2020,17,20.034,99.439,1.215,758.2035172,0.959502278
6/17/2020 17:00,2020,6,17,6/17/2020,18,23.409,101.303,1.254,758.222709,0.959526565
6/17/2020 18:00,2020,6,17,6/17/2020,19,23.787,99.525,1.269,758.2418737083358,0.959550818
6/17/2020 19:00,2020,6,17,6/17/2020,20,24.154,100.865,1.282,695.2155322681037,0.879791338
6/17/2020 20:00,2020,6,17,6/17/2020,21,25.434,99.993,1.331,632.1891637149175,0.800031824
6/17/2020 21:00,2020,6,17,6/17/2020,22,26.833,99.256,1.384,632.2082470995753,0.800055974
6/17/2020 22:00,2020,6,17,6/17/2020,23,26.558,100.205,1.373,632.2273033516298,0.80008009
6/17/2020 23:00,2020,6,17,6/17/2020,24,26.388,100.675,1.367,593.9687201744664,0.751664068
6/18/2020 0:00,2020,6,18,6/18/2020,1,24.835,100.015,1.308,555.7101098451064,0.703248012
6/18/2020 1:00,2020,6,18,6/18/2020,2,22.78,101.051,1.231,555.7290846405849,0.703272025
6/18/2020 2:00,2020,6,18,6/18/2020,3,21.808,100.602,1.218,555.7480322643291,0.703296003
6/18/2020 3:00,2020,6,18,6/18/2020,4,19.628,99.144,1.214,555.7669527065916,0.703319947
6/18/2020 4:00,2020,6,18,6/18/2020,5,16.997,99.68,1.19,555.785846,0.703343856
6/18/2020 5:00,2020,6,18,6/18/2020,6,17.505,100.449,1.2,555.804712,0.703367731
6/18/2020 6:00,2020,6,18,6/18/2020,7,14.895,100.967,1.148,555.8235508472185,0.703391571
6/18/2020 7:00,2020,6,18,6/18/2020,8,15.61,99.527,1.162,585.5192088,0.740971259
6/18/2020 8:00,2020,6,18,6/18/2020,9,14.351,100.112,1.137,657.1842382029204,0.83166295
6/18/2020 9:00,2020,6,18,6/18/2020,10,12.214,101.27,1.094,728.8492403349297,0.922354606
6/18/2020 10:00,2020,6,18,6/18/2020,11,14.031,99.414,1.131,758.5448165999366,0.959934191
6/18/2020 11:00,2020,6,18,6/18/2020,12,14.251,101.126,1.135,758.5635192411016,0.959957859
6/18/2020 12:00,2020,6,18,6/18/2020,13,15.245,100.244,1.155,758.5821946136845,0.959981492
6/18/2020 13:00,2020,6,18,6/18/2020,14,15.964,99.627,1.169,758.6008427080774,0.960005091
6/18/2020 14:00,2020,6,18,6/18/2020,15,18.226,102.314,1.211,758.6194635146866,0.960028656
6/18/2020 15:00,2020,6,18,6/18/2020,16,21.197,99.799,1.217,758.6380570239326,0.960052186
6/18/2020 16:00,2020,6,18,6/18/2020,17,20.79,99.411,1.216,758.6566232262495,0.960075681
6/18/2020 17:00,2020,6,18,6/18/2020,18,21.884,99.414,1.219,758.6751621,0.960099142
6/18/2020 18:00,2020,6,18,6/18/2020,19,24.126,101.016,1.281,758.6936736719044,0.960122569
6/18/2020 19:00,2020,6,18,6/18/2020,20,25.951,100.576,1.35,695.6666788355518,0.880362262
6/18/2020 20:00,2020,6,18,6/18/2020,21,26.065,101.347,1.355,632.6396566541483,0.80060192
6/18/2020 21:00,2020,6,18,6/18/2020,22,26.285,98.908,1.363,632.6580861788283,0.800625243
6/18/2020 22:00,2020,6,18,6/18/2020,23,26.415,98.706,1.368,632.6764883394808,0.800648531
6/18/2020 23:00,2020,6,18,6/18/2020,24,25.195,101.483,1.322,594.4172508398278,0.752231681
6/19/2020 0:00,2020,6,19,6/19/2020,1,24.443,99.43,1.293,556.1579859572273,0.703814797
6/19/2020 1:00,2020,6,19,6/19/2020,2,22.674,99.014,1.227,556.1763059690509,0.703837981
6/19/2020 2:00,2020,6,19,6/19/2020,3,22.232,101.019,1.219,556.1945985790627,0.70386113
6/19/2020 3:00,2020,6,19,6/19/2020,4,21.255,100.782,1.217,556.2128637778521,0.703884245
6/19/2020 4:00,2020,6,19,6/19/2020,5,15.678,99.46,1.164,556.2311015560226,0.703907324
6/19/2020 5:00,2020,6,19,6/19/2020,6,16.489,98.111,1.18,556.2493119041912,0.70393037
6/19/2020 6:00,2020,6,19,6/19/2020,7,16.065,98.978,1.171,556.2674948129895,0.70395338
6/19/2020 7:00,2020,6,19,6/19/2020,8,13.541,99.035,1.121,585.9624966379446,0.741532237
6/19/2020 8:00,2020,6,19,6/19/2020,9,14.807,103.269,1.146,657.6268696225127,0.832223098
6/19/2020 9:00,2020,6,19,6/19/2020,10,12.638,102.725,1.103,729.2912151396898,0.922913923
6/19/2020 10:00,2020,6,19,6/19/2020,11,13.344,101.132,1.117,758.9861345624859,0.960492676
6/19/2020 11:00,2020,6,19,6/19/2020,12,15.854,101.829,1.167,759.0041801,0.960515513
6/19/2020 12:00,2020,6,19,6/19/2020,13,15.534,101.903,1.161,759.0221982110295,0.960538314
6/19/2020 13:00,2020,6,19,6/19/2020,14,15.975,102.816,1.17,759.0401887831048,0.960561081
6/19/2020 14:00,2020,6,19,6/19/2020,15,18.433,99.703,1.211,759.0581518413705,0.960583814
6/19/2020 15:00,2020,6,19,6/19/2020,16,18.574,103.097,1.211,759.0760873765853,0.960606511
6/19/2020 16:00,2020,6,19,6/19/2020,17,20.755,102.821,1.216,759.0939953795223,0.960629173
6/19/2020 17:00,2020,6,19,6/19/2020,18,23.58,102.905,1.261,759.1118758409682,0.960651801
6/19/2020 18:00,2020,6,19,6/19/2020,19,24.541,102.699,1.297,759.1297287517245,0.960674394
6/19/2020 19:00,2020,6,19,6/19/2020,20,24.868,103.532,1.309,696.1020750419768,0.880913253
6/19/2020 20:00,2020,6,19,6/19/2020,21,26.308,99.069,1.364,633.0743937631844,0.801152078
6/19/2020 21:00,2020,6,19,6/19/2020,22,25.947,101.198,1.35,633.0921639668206,0.801174566
6/19/2020 22:00,2020,6,19,6/19/2020,23,26.077,101.374,1.355,633.1099065831139,0.801197019
6/19/2020 23:00,2020,6,19,6/19/2020,24,26.462,101.008,1.37,594.8500093161254,0.752779335
6/20/2020 0:00,2020,6,20,6/20/2020,1,24.549,100.504,1.297,556.5900844435523,0.704361615
6/20/2020 1:00,2020,6,20,6/20/2020,2,23.789,100.222,1.269,556.6077442,0.704383964
6/20/2020 2:00,2020,6,20,6/20/2020,3,22.029,99.275,1.219,556.6253764188905,0.704406277
6/20/2020 3:00,2020,6,20,6/20/2020,4,20.228,99.964,1.215,556.6429809618344,0.704428556
6/20/2020 4:00,2020,6,20,6/20/2020,5,17.568,98.85,1.201,556.6605578628814,0.704450799
6/20/2020 5:00,2020,6,20,6/20/2020,6,16.887,98.75,1.188,556.6781071129885,0.704473007
6/20/2020 6:00,2020,6,20,6/20/2020,7,14.855,101.039,1.147,556.6956287031276,0.704495181
6/20/2020 7:00,2020,6,20,6/20/2020,8,14.932,99.828,1.149,586.3899689891655,0.742073201
6/20/2020 8:00,2020,6,20,6/20/2020,9,13.499,102.44,1.12,658.0536802148991,0.832763224
6/20/2020 9:00,2020,6,20,6/20/2020,10,14.254,102.096,1.135,729.7173637536648,0.923453212
6/20/2020 10:00,2020,6,20,6/20/2020,11,13.836,102.646,1.127,759.4116209788133,0.961031127
6/20/2020 11:00,2020,6,20,6/20/2020,12,15.733,102.056,1.165,759.4290041341837,0.961053125
6/20/2020 12:00,2020,6,20,6/20/2020,13,15.77,101.494,1.165,759.4463595757148,0.961075088
6/20/2020 13:00,2020,6,20,6/20/2020,14,16.176,102.964,1.174,759.4636873,0.961097016
6/20/2020 14:00,2020,6,20,6/20/2020,15,16.696,102.349,1.184,759.4809872815583,0.961118909
6/20/2020 15:00,2020,6,20,6/20/2020,16,19.895,102.419,1.214,759.4982595280559,0.961140767
6/20/2020 16:00,2020,6,20,6/20/2020,17,21.752,100.818,1.218,759.515504,0.96116259
6/20/2020 17:00,2020,6,20,6/20/2020,18,23.579,102.787,1.261,759.5327207637738,0.961184378
6/20/2020 18:00,2020,6,20,6/20/2020,19,24.519,101.033,1.296,759.5499097352651,0.96120613
6/20/2020 19:00,2020,6,20,6/20/2020,20,25.595,103.102,1.337,696.5215918700862,0.881444149
6/20/2020 20:00,2020,6,20,6/20/2020,21,26.081,99.639,1.355,633.4932462,0.801682133
6/20/2020 21:00,2020,6,20,6/20/2020,22,27.619,98.785,1.402,633.5103518369357,0.80170378
6/20/2020 22:00,2020,6,20,6/20/2020,23,25.582,101.146,1.336,633.5274296513495,0.801725392
6/20/2020 23:00,2020,6,20,6/20/2020,24,23.952,101.548,1.275,595.2668673676826,0.753306866
6/21/2020 0:00,2020,6,21,6/21/2020,1,24.369,99.178,1.291,557.0062772639745,0.704888305
6/21/2020 1:00,2020,6,21,6/21/2020,2,23.473,102.185,1.257,557.0232716182786,0.704909811
6/21/2020 2:00,2020,6,21,6/21/2020,3,23.425,100.827,1.255,557.0402381350414,0.704931282
6/21/2020 3:00,2020,6,21,6/21/2020,4,19.462,98.348,1.213,557.0571768,0.704952718
6/21/2020 4:00,2020,6,21,6/21/2020,5,18.849,98.967,1.212,557.0740876210424,0.704974119
6/21/2020 5:00,2020,6,21,6/21/2020,6,16.453,101.695,1.179,557.0909705728666,0.704995484
6/21/2020 6:00,2020,6,21,6/21/2020,7,14.859,99.577,1.147,557.1078256523208,0.705016814
6/21/2020 7:00,2020,6,21,6/21/2020,8,15.079,98.958,1.152,586.8014992156152,0.74259399
6/21/2020 8:00,2020,6,21,6/21/2020,9,15.64,100.619,1.163,658.4645435068896,0.833283169
6/21/2020 9:00,2020,6,21,6/21/2020,10,12.248,100.827,1.095,730.1275598998234,0.923972313
6/21/2020 10:00,2020,6,21,6/21/2020,11,12.712,102.678,1.104,759.8211497681102,0.961549383
6/21/2020 11:00,2020,6,21,6/21/2020,12,13.987,101.486,1.13,759.8378653559333,0.961570537
6/21/2020 12:00,2020,6,21,6/21/2020,13,15.281,101.914,1.156,759.8545530195743,0.961591655
6/21/2020 13:00,2020,6,21,6/21/2020,14,16.468,100.733,1.179,759.8712127504477,0.961612738
6/21/2020 14:00,2020,6,21,6/21/2020,15,18.972,102.477,1.212,759.8878445399833,0.961633785
6/21/2020 15:00,2020,6,21,6/21/2020,16,19.268,101.758,1.213,759.9044483796243,0.961654797
6/21/2020 16:00,2020,6,21,6/21/2020,17,21.104,101.188,1.217,759.9210243,0.961675774
6/21/2020 17:00,2020,6,21,6/21/2020,18,23.526,101.261,1.259,759.9375721750694,0.961696715
6/21/2020 18:00,2020,6,21,6/21/2020,19,24.125,102.171,1.281,759.9540921138325,0.961717621
6/21/2020 19:00,2020,6,21,6/21/2020,20,25.574,102.274,1.336,696.9251050079899,0.881954793
6/21/2020 20:00,2020,6,21,6/21/2020,21,25.657,101.082,1.339,633.8960899096867,0.80219193
6/21/2020 21:00,2020,6,21,6/21/2020,22,27.331,100.941,1.397,633.9125258710823,0.802212729
6/21/2020 22:00,2020,6,21,6/21/2020,23,26.307,97.892,1.364,633.9289338230917,0.802233493
6/21/2020 23:00,2020,6,21,6/21/2020,24,25.536,98.905,1.335,595.6677014704626,0.753814119
6/22/2020 0:00,2020,6,22,6/22/2020,1,24.264,99.453,1.287,557.4064410915792,0.70539471
6/22/2020 1:00,2020,6,22,6/22/2020,2,22.615,100.265,1.224,557.4227649648399,0.705415368
6/22/2020 2:00,2020,6,22,6/22/2020,3,21.251,99.638,1.217,557.4390607950357,0.70543599
6/22/2020 3:00,2020,6,22,6/22/2020,4,18.871,100.555,1.212,557.4553285737834,0.705456577
6/22/2020 4:00,2020,6,22,6/22/2020,5,17.74,99.102,1.205,557.4715682927135,0.705477128
6/22/2020 5:00,2020,6,22,6/22/2020,6,15.875,100.959,1.167,557.4877799434717,0.705497644
6/22/2020 6:00,2020,6,22,6/22/2020,7,15.195,99.427,1.154,557.5039635177175,0.705518124
6/22/2020 7:00,2020,6,22,6/22/2020,8,13.805,99.9,1.126,587.1969653720064,0.743094451
6/22/2020 8:00,2020,6,22,6/22/2020,9,12.005,103.182,1.09,658.8593377508237,0.833782779
6/22/2020 9:00,2020,6,22,6/22/2020,10,13.737,100.047,1.125,730.5216820281946,0.924471072
6/22/2020 10:00,2020,6,22,6/22/2020,11,14.7,102.523,1.144,760.2145995781586,0.962047292
6/22/2020 11:00,2020,6,22,6/22/2020,12,15.625,102.671,1.162,760.2306426452448,0.962067594
6/22/2020 12:00,2020,6,22,6/22/2020,13,16.016,100.15,1.17,760.2466575860806,0.962087861
6/22/2020 13:00,2020,6,22,6/22/2020,14,16.84,101.479,1.187,760.2626443924269,0.962108092
6/22/2020 14:00,2020,6,22,6/22/2020,15,17.405,100.449,1.198,760.2786030560594,0.962128288
6/22/2020 15:00,2020,6,22,6/22/2020,16,19.315,101.221,1.213,760.2945335687679,0.962148448
6/22/2020 16:00,2020,6,22,6/22/2020,17,23.019,101.233,1.24,760.3104359223565,0.962168572
6/22/2020 17:00,2020,6,22,6/22/2020,18,23.404,100.483,1.254,760.3263101086445,0.962188661
6/22/2020 18:00,2020,6,22,6/22/2020,19,24.905,99.238,1.311,760.3421561,0.962208714
6/22/2020 19:00,2020,6,22,6/22/2020,20,25.869,101.724,1.347,697.3124948860365,0.882445033
6/22/2020 20:00,2020,6,22,6/22/2020,21,25.564,99.595,1.336,634.2828054608508,0.802681316
6/22/2020 21:00,2020,6,22,6/22/2020,22,27.977,100.378,1.41,634.2985668964143,0.802701262
6/22/2020 22:00,2020,6,22,6/22/2020,23,25.267,98.994,1.325,634.3143001,0.802721172
6/22/2020 23:00,2020,6,22,6/22/2020,24,26.204,100.008,1.36,596.0523928486698,0.754300944
6/23/2020 0:00,2020,6,23,6/23/2020,1,23.76,98.295,1.268,557.7904573491878,0.70588068
6/23/2020 1:00,2020,6,23,6/23/2020,2,23.759,101.2,1.268,557.8061059042891,0.705900484
6/23/2020 2:00,2020,6,23,6/23/2020,3,22.972,99.606,1.238,557.8217262,0.705920251
6/23/2020 3:00,2020,6,23,6/23/2020,4,21.478,100.104,1.218,557.8373182856207,0.705939983
6/23/2020 4:00,2020,6,23,6/23/2020,5,16.304,100.948,1.176,557.8528820957936,0.705959679
6/23/2020 5:00,2020,6,23,6/23/2020,6,16.609,100.228,1.182,557.8684176416236,0.705979339
6/23/2020 6:00,2020,6,23,6/23/2020,7,14.683,101.105,1.144,557.8839249151185,0.705998963
6/23/2020 7:00,2020,6,23,6/23/2020,8,14.306,99.88,1.136,587.5762502731817,0.743574434
6/23/2020 8:00,2020,6,23,6/23/2020,9,14.252,103.063,1.135,659.2379459606465,0.834261906
6/23/2020 9:00,2020,6,23,6/23/2020,10,14.142,102.026,1.133,730.8996134,0.924949342
6/23/2020 10:00,2020,6,23,6/23/2020,11,13.661,102.126,1.123,760.5918538212884,0.962524705
6/23/2020 11:00,2020,6,23,6/23/2020,12,12.97,100.852,1.109,760.6072196137304,0.96254415
6/23/2020 12:00,2020,6,23,6/23/2020,13,15.647,101.142,1.163,760.6225570861885,0.96256356
6/23/2020 13:00,2020,6,23,6/23/2020,14,15.919,100.011,1.168,760.6378662307719,0.962582933
6/23/2020 14:00,2020,6,23,6/23/2020,15,18.908,101.69,1.212,760.6531470396048,0.962602271
6/23/2020 15:00,2020,6,23,6/23/2020,16,20.042,100.709,1.215,760.6683995048259,0.962621573
6/23/2020 16:00,2020,6,23,6/23/2020,17,20.542,100.183,1.216,760.6836236185882,0.962640839
6/23/2020 17:00,2020,6,23,6/23/2020,18,25.603,101.306,1.337,760.6988193730597,0.962660069
6/23/2020 18:00,2020,6,23,6/23/2020,19,24.856,102.56,1.309,760.7139867604228,0.962679263
6/23/2020 19:00,2020,6,23,6/23/2020,20,25.244,102.634,1.324,697.6836467122448,0.882914723
6/23/2020 20:00,2020,6,23,6/23/2020,21,26.212,99.519,1.36,634.6532782813667,0.803150147
6/23/2020 21:00,2020,6,23,6/23/2020,22,25.218,98.613,1.323,634.6683605206447,0.803169234
6/23/2020 22:00,2020,6,23,6/23/2020,23,25.858,101.078,1.347,634.6834143616898,0.803188284
6/23/2020 23:00,2020,6,23,6/23/2020,24,25.32,101.488,1.327,596.4208275099464,0.754767196
6/24/2020 0:00,2020,6,24,6/24/2020,1,24.609,100.087,1.3,558.1582122444958,0.706346072
6/24/2020 1:00,2020,6,24,6/24/2020,2,21.489,98.931,1.218,558.1731808444329,0.706365015
6/24/2020 2:00,2020,6,24,6/24/2020,3,21.579,99.83,1.218,558.1881210152465,0.706383922
6/24/2020 3:00,2020,6,24,6/24/2020,4,20.801,100.459,1.216,558.2030327492503,0.706402792
6/24/2020 4:00,2020,6,24,6/24/2020,5,16.531,98.178,1.181,558.217916,0.706421627
6/24/2020 5:00,2020,6,24,6/24/2020,6,16.113,98.908,1.172,558.2327708761575,0.706440426
6/24/2020 6:00,2020,6,24,6/24/2020,7,15.977,102.6,1.17,558.2475972537618,0.706459188
6/24/2020 7:00,2020,6,24,6/24/2020,8,13.272,101.461,1.115,587.9392415288395,0.744033797
6/24/2020 8:00,2020,6,24,6/24/2020,9,15.865,100.759,1.167,659.6002559465744,0.834720407
6/24/2020 9:00,2020,6,24,6/24/2020,10,13.259,99.699,1.115,731.2612419,0.925406981
6/24/2020 10:00,2020,6,24,6/24/2020,11,14.54,100.222,1.141,760.9528007089252,0.962981481
6/24/2020 11:00,2020,6,24,6/24/2020,12,14.209,100.047,1.134,760.9674846735074,0.963000064
6/24/2020 12:00,2020,6,24,6/24/2020,13,14.085,100.259,1.132,760.9821401327636,0.96301861
6/24/2020 13:00,2020,6,24,6/24/2020,14,16.237,100.254,1.175,760.9967670791541,0.96303712
6/24/2020 14:00,2020,6,24,6/24/2020,15,18.039,100.306,1.21,761.0113655051541,0.963055594
6/24/2020 15:00,2020,6,24,6/24/2020,16,19.697,99.277,1.214,761.0259354032532,0.963074033
6/24/2020 16:00,2020,6,24,6/24/2020,17,20.584,100.699,1.216,761.0404767659556,0.963092435
6/24/2020 17:00,2020,6,24,6/24/2020,18,23.113,100.162,1.243,761.0549895857807,0.963110801
6/24/2020 18:00,2020,6,24,6/24/2020,19,23.86,98.075,1.271,761.0694739,0.96312913
6/24/2020 19:00,2020,6,24,6/24/2020,20,24.128,99.368,1.282,698.0384505063183,0.883363725
6/24/2020 20:00,2020,6,24,6/24/2020,21,25.454,98.424,1.332,635.0073985921424,0.803598284
6/24/2020 21:00,2020,6,24,6/24/2020,22,26.384,98.816,1.367,635.0217971659417,0.803616506
6/24/2020 22:00,2020,6,24,6/24/2020,23,26.483,98.39,1.37,635.0361671596793,0.803634691
6/24/2020 23:00,2020,6,24,6/24/2020,24,24.581,100.99,1.299,596.7728962791512,0.755212737
6/25/2020 0:00,2020,6,25,6/25/2020,1,24.724,98.777,1.304,558.5095968037904,0.706790747
6/25/2020 1:00,2020,6,25,6/25/2020,2,22.757,98.616,1.23,558.5238810130443,0.706808824
6/25/2020 2:00,2020,6,25,6/25/2020,3,22.983,99.771,1.238,558.5381366127535,0.706826864
6/25/2020 3:00,2020,6,25,6/25/2020,4,19.336,100.702,1.213,558.5523636,0.706844869
6/25/2020 4:00,2020,6,25,6/25/2020,5,18.27,98.523,1.211,558.5665619542165,0.706862836
6/25/2020 5:00,2020,6,25,6/25/2020,6,17.208,101.628,1.194,558.5807316813466,0.706880768
6/25/2020 6:00,2020,6,25,6/25/2020,7,15.632,99.883,1.163,558.5948727696846,0.706898664
6/25/2020 7:00,2020,6,25,6/25/2020,8,14.467,99.891,1.139,588.2858315768367,0.744472405
6/25/2020 8:00,2020,6,25,6/25/2020,9,13.533,100.348,1.121,659.9461603483393,0.835158147
6/25/2020 9:00,2020,6,25,6/25/2020,10,12.602,99.701,1.102,731.6064604592688,0.925843853
6/25/2020 10:00,2020,6,25,6/25/2020,11,12.969,101.925,1.109,761.2973332847166,0.963417485
6/25/2020 11:00,2020,6,25,6/25/2020,12,15.632,99.843,1.163,761.3113310702632,0.963435199
6/25/2020 12:00,2020,6,25,6/25/2020,13,14.313,100.33,1.136,761.3253001735886,0.963452877
6/25/2020 13:00,2020,6,25,6/25/2020,14,15.707,98.765,1.164,761.3392405875065,0.963470519
6/25/2020 14:00,2020,6,25,6/25/2020,15,18.34,101.143,1.211,761.3531523048448,0.963488124
6/25/2020 15:00,2020,6,25,6/25/2020,16,18.227,98.8,1.211,761.3670353184467,0.963505693
6/25/2020 16:00,2020,6,25,6/25/2020,17,21.14,97.783,1.217,761.3808896211697,0.963523225
6/25/2020 17:00,2020,6,25,6/25/2020,18,23.871,99.978,1.272,761.3947152058865,0.963540721
6/25/2020 18:00,2020,6,25,6/25/2020,19,23.755,100.24,1.267,761.4085120654845,0.963558181
6/25/2020 19:00,2020,6,25,6/25/2020,20,25.564,99.733,1.336,698.3768011322358,0.883791906
6/25/2020 20:00,2020,6,25,6/25/2020,21,24.629,99.739,1.3,635.3450614596871,0.804025595
6/25/2020 21:00,2020,6,25,6/25/2020,22,26.645,100.157,1.377,635.3587721013996,0.804042946
6/25/2020 22:00,2020,6,25,6/25/2020,23,25.456,101.66,1.332,635.3724539896903,0.80406026
6/25/2020 23:00,2020,6,25,6/25/2020,24,24.693,99.267,1.303,597.1084948307093,0.755637435
6/26/2020 0:00,2020,6,26,6/26/2020,1,24.191,99.508,1.284,558.8445069042435,0.707214574
6/26/2020 1:00,2020,6,26,6/26/2020,2,22.1,99.155,1.219,558.8581024900948,0.707231779
6/26/2020 2:00,2020,6,26,6/26/2020,3,22.838,98.482,1.233,558.8716692944577,0.707248948
6/26/2020 3:00,2020,6,26,6/26/2020,4,19.906,99.948,1.214,558.8852073103526,0.70726608
6/26/2020 4:00,2020,6,26,6/26/2020,5,19.505,98.641,1.213,558.8987165,0.707283176
6/26/2020 5:00,2020,6,26,6/26/2020,6,16.576,101.313,1.182,558.9121969488947,0.707300236
6/26/2020 6:00,2020,6,26,6/26/2020,7,15.604,101.472,1.162,558.9256485576568,0.707317259
6/26/2020 7:00,2020,6,26,6/26/2020,8,13.663,100.027,1.123,588.6159177,0.744890127
6/26/2020 8:00,2020,6,26,6/26/2020,9,12.501,101.767,1.1,660.2755566670016,0.835574996
6/26/2020 9:00,2020,6,26,6/26/2020,10,12.789,101.299,1.106,731.9351668,0.926259829
6/26/2020 10:00,2020,6,26,6/26/2020,11,12.197,101.802,1.094,761.6253494562245,0.963832588
6/26/2020 11:00,2020,6,26,6/26/2020,12,14.088,102.074,1.132,761.6386569148897,0.963849428
6/26/2020 12:00,2020,6,26,6/26/2020,13,16.768,101.983,1.185,761.6519355229377,0.963866232
6/26/2020 13:00,2020,6,26,6/26/2020,14,16.14,103.503,1.173,761.6651852735373,0.963883
6/26/2020 14:00,2020,6,26,6/26/2020,15,18.771,101.331,1.212,761.6784061598719,0.963899731
6/26/2020 15:00,2020,6,26,6/26/2020,16,21.049,101.53,1.217,761.6915981751399,0.963916425
6/26/2020 16:00,2020,6,26,6/26/2020,17,22.136,102.414,1.219,761.7047613125546,0.963933083
6/26/2020 17:00,2020,6,26,6/26/2020,18,23.228,102.163,1.248,761.7178955653441,0.963949704
6/26/2020 18:00,2020,6,26,6/26/2020,19,24.83,102.013,1.308,761.7310009267512,0.963966289
6/26/2020 19:00,2020,6,26,6/26/2020,20,26.584,99.518,1.374,698.6985983294044,0.884199139
6/26/2020 20:00,2020,6,26,6/26/2020,21,26.838,101.216,1.384,635.6661668272059,0.804431952
6/26/2020 21:00,2020,6,26,6/26/2020,22,26.219,100.81,1.361,635.6791854740726,0.804448427
6/26/2020 22:00,2020,6,26,6/26/2020,23,25.38,100.685,1.329,635.6921752026776,0.804464865
6/26/2020 23:00,2020,6,26,6/26/2020,24,24.755,98.654,1.305,597.4275237,0.756041165
6/27/2020 0:00,2020,6,27,6/27/2020,1,24.313,98.47,1.288,559.1628433047645,0.707617427
6/27/2020 1:00,2020,6,27,6/27/2020,2,24.508,101.509,1.296,559.1757462385474,0.707633756
6/27/2020 2:00,2020,6,27,6/27/2020,3,22.194,98.438,1.219,559.1886202274271,0.707650048
6/27/2020 3:00,2020,6,27,6/27/2020,4,19.515,100.905,1.213,559.2014652647804,0.707666303
6/27/2020 4:00,2020,6,27,6/27/2020,5,18.159,101.205,1.21,559.2142813,0.707682522
6/27/2020 5:00,2020,6,27,6/27/2020,6,15.728,98.951,1.165,559.2270684584895,0.707698704
6/27/2020 6:00,2020,6,27,6/27/2020,7,16.505,101.556,1.18,559.2398266016735,0.707714849
6/27/2020 7:00,2020,6,27,6/27/2020,8,14.013,99.139,1.13,588.9294021318689,0.74528684
6/27/2020 8:00,2020,6,27,6/27/2020,9,15.828,102.029,1.167,660.5883472953234,0.835970831
6/27/2020 9:00,2020,6,27,6/27/2020,10,12.37,101.943,1.097,732.2472634678255,0.926654785
6/27/2020 10:00,2020,6,27,6/27/2020,11,14.354,102.066,1.137,761.9367520251784,0.964226666
6/27/2020 11:00,2020,6,27,6/27/2020,12,13.54,103.616,1.121,761.9493652,0.964242628
6/27/2020 12:00,2020,6,27,6/27/2020,13,14.612,102.023,1.142,761.9619493917073,0.964258553
6/27/2020 13:00,2020,6,27,6/27/2020,14,15.983,101.897,1.17,761.9745045528016,0.964274442
6/27/2020 14:00,2020,6,27,6/27/2020,15,17.74,102.548,1.205,761.9870306904985,0.964290293
6/27/2020 15:00,2020,6,27,6/27/2020,16,18.62,102.418,1.211,761.9995277983539,0.964306108
6/27/2020 16:00,2020,6,27,6/27/2020,17,21.098,104.038,1.217,762.0119958699386,0.964321887
6/27/2020 17:00,2020,6,27,6/27/2020,18,23.541,99.652,1.259,762.0244348988381,0.964337628
6/27/2020 18:00,2020,6,27,6/27/2020,19,23.516,101.152,1.258,762.0368448786533,0.964353333
6/27/2020 19:00,2020,6,27,6/27/2020,20,26.334,102.926,1.365,699.0037467423699,0.884585302
6/27/2020 20:00,2020,6,27,6/27/2020,21,24.485,98.983,1.295,635.9706195,0.804817235
6/27/2020 21:00,2020,6,27,6/27/2020,22,24.953,99.334,1.313,635.9829423385629,0.80483283
6/27/2020 22:00,2020,6,27,6/27/2020,23,25.897,101.619,1.348,635.9952360583454,0.804848387
6/27/2020 23:00,2020,6,27,6/27/2020,24,25.076,99.934,1.317,597.7298884104598,0.756423805
6/28/2020 0:00,2020,6,28,6/28/2020,1,23.719,100.184,1.266,559.4645116754075,0.707999187
6/28/2020 1:00,2020,6,28,6/28/2020,2,23.048,101.575,1.241,559.4767181337043,0.708014634
6/28/2020 2:00,2020,6,28,6/28/2020,3,20.414,101.417,1.215,559.4888954922601,0.708030044
6/28/2020 3:00,2020,6,28,6/28/2020,4,19.59,98.714,1.214,559.5010437448099,0.708045418
6/28/2020 4:00,2020,6,28,6/28/2020,5,18.153,101.431,1.21,559.5131628851038,0.708060755
6/28/2020 5:00,2020,6,28,6/28/2020,6,15.356,99.386,1.157,559.5252529069071,0.708076054
6/28/2020 6:00,2020,6,28,6/28/2020,7,15.452,99.357,1.159,559.5373138040001,0.708091317
6/28/2020 7:00,2020,6,28,6/28/2020,8,14.694,100.429,1.144,589.2261919350591,0.745662425
6/28/2020 8:00,2020,6,28,6/28/2020,9,14.516,103.224,1.14,660.8844395466907,0.836345534
6/28/2020 9:00,2020,6,28,6/28/2020,10,11.861,103.221,1.087,732.5426580150424,0.927028606
6/28/2020 10:00,2020,6,28,6/28/2020,11,13.866,103.537,1.127,762.2314487162764,0.964599603
6/28/2020 11:00,2020,6,28,6/28/2020,12,14.932,103.778,1.149,762.2433638970442,0.964614682
6/28/2020 12:00,2020,6,28,6/28/2020,13,15.388,101.967,1.158,762.2552499160975,0.964629723
6/28/2020 13:00,2020,6,28,6/28/2020,14,17.412,101.111,1.198,762.2671067673213,0.964644728
6/28/2020 14:00,2020,6,28,6/28/2020,15,18.484,100.633,1.211,762.2789344446155,0.964659696
6/28/2020 15:00,2020,6,28,6/28/2020,16,17.959,101.405,1.209,762.2907329418956,0.964674627
6/28/2020 16:00,2020,6,28,6/28/2020,17,22.393,102.181,1.22,762.3025022530915,0.964689521
6/28/2020 17:00,2020,6,28,6/28/2020,18,22.777,102.515,1.23,762.3142423721483,0.964704378
6/28/2020 18:00,2020,6,28,6/28/2020,19,23.534,102.291,1.259,762.3259532930266,0.964719198
6/28/2020 19:00,2020,6,28,6/28/2020,20,25.013,102.578,1.315,699.2921559490716,0.884950283
6/28/2020 20:00,2020,6,28,6/28/2020,21,25.163,100.207,1.321,636.2583293949032,0.80518133
6/28/2020 21:00,2020,6,28,6/28/2020,22,26.882,101.471,1.386,636.2699526851563,0.80519604
6/28/2020 22:00,2020,6,28,6/28/2020,23,25.64,100.579,1.339,636.2815467532217,0.805210712
6/28/2020 23:00,2020,6,28,6/28/2020,24,26.25,99.675,1.362,598.0154993063236,0.756785244
6/29/2020 0:00,2020,6,29,6/29/2020,1,23.015,99.145,1.239,559.7494226253234,0.70835974
6/29/2020 1:00,2020,6,29,6/29/2020,2,23.41,101.021,1.254,559.7609289910974,0.708374301
6/29/2020 2:00,2020,6,29,6/29/2020,3,22.224,101.189,1.219,559.7724061109151,0.708388825
6/29/2020 3:00,2020,6,29,6/29/2020,4,18.852,98.956,1.212,559.783854,0.708403313
6/29/2020 4:00,2020,6,29,6/29/2020,5,16.717,99.184,1.184,559.7952725890784,0.708417763
6/29/2020 5:00,2020,6,29,6/29/2020,6,16.962,99.563,1.189,559.8066619356601,0.708432176
6/29/2020 6:00,2020,6,29,6/29/2020,7,12.557,98.233,1.101,559.8180220127579,0.708446552
6/29/2020 7:00,2020,6,29,6/29/2020,8,15.094,99.702,1.152,589.5061991794086,0.746016773
6/29/2020 8:00,2020,6,29,6/29/2020,9,13.708,104.017,1.124,661.1637456825795,0.836698994
6/29/2020 9:00,2020,6,29,6/29/2020,10,13.365,103.503,1.117,732.8212628987785,0.927381179
6/29/2020 10:00,2020,6,29,6/29/2020,11,13.644,103.099,1.123,762.5093522045287,0.964951288
6/29/2020 11:00,2020,6,29,6/29/2020,12,14.256,103.879,1.135,762.5205658468428,0.964965479
6/29/2020 12:00,2020,6,29,6/29/2020,13,15.313,101.327,1.156,762.5317501848328,0.964979633
6/29/2020 13:00,2020,6,29,6/29/2020,14,17.419,102.313,1.198,762.5429052,0.964993749
6/29/2020 14:00,2020,6,29,6/29/2020,15,17.973,100.811,1.209,762.5540309248408,0.965007829
6/29/2020 15:00,2020,6,29,6/29/2020,16,20.112,102.932,1.215,762.5651273153961,0.965021871
6/29/2020 16:00,2020,6,29,6/29/2020,17,20.999,100.983,1.217,762.5761943787023,0.965035877
6/29/2020 17:00,2020,6,29,6/29/2020,18,22.504,102.346,1.22,762.5872321,0.965049845
6/29/2020 18:00,2020,6,29,6/29/2020,19,24.162,101.054,1.283,762.5982405008086,0.965063776
6/29/2020 19:00,2020,6,29,6/29/2020,20,26.081,101.48,1.355,699.5637404876372,0.885293971
6/29/2020 20:00,2020,6,29,6/29/2020,21,25.466,101.425,1.332,636.5292111245332,0.80552413
6/29/2020 21:00,2020,6,29,6/29/2020,22,26.77,99.55,1.381,636.5401314664928,0.805537949
6/29/2020 22:00,2020,6,29,6/29/2020,23,27.032,100.683,1.391,636.5510224472685,0.805551732
6/29/2020 23:00,2020,6,29,6/29/2020,24,25.646,99.184,1.339,598.2842717744464,0.757125374
6/30/2020 0:00,2020,6,30,6/30/2020,1,25.373,100.971,1.329,560.0174917292496,0.70869898
6/30/2020 1:00,2020,6,30,6/30/2020,2,23.226,100.794,1.247,560.0282945929162,0.708712651
6/30/2020 2:00,2020,6,30,6/30/2020,3,21.221,99.856,1.217,560.0390680730773,0.708726285
6/30/2020 3:00,2020,6,30,6/30/2020,4,20.382,99.111,1.215,560.0498121641908,0.708739881
6/30/2020 4:00,2020,6,30,6/30/2020,5,17.337,98.101,1.197,560.0605268607292,0.708753441
6/30/2020 5:00,2020,6,30,6/30/2020,6,15.766,100.512,1.165,560.0712121571803,0.708766963
6/30/2020 6:00,2020,6,30,6/30/2020,7,13.976,100.621,1.13,560.0818680480468,0.708780448
6/30/2020 7:00,2020,6,30,6/30/2020,8,12.344,102.246,1.097,589.7693408927278,0.746349777
6/30/2020 8:00,2020,6,30,6/30/2020,9,12.983,102.489,1.11,661.4261829385534,0.837031107
6/30/2020 9:00,2020,6,30,6/30/2020,10,12.878,101.815,1.108,733.0829955623938,0.9277124
6/30/2020 10:00,2020,6,30,6/30/2020,11,13.728,101.708,1.125,762.7703801411344,0.965281618
6/30/2020 11:00,2020,6,30,6/30/2020,12,12.235,101.58,1.095,762.7808889221503,0.965294916
6/30/2020 12:00,2020,6,30,6/30/2020,13,15.324,101.124,1.156,762.7913682649166,0.965308178
6/30/2020 13:00,2020,6,30,6/30/2020,14,15.316,101.506,1.156,762.8018181640418,0.965321402
6/30/2020 14:00,2020,6,30,6/30/2020,15,17.152,101.032,1.193,762.8122386141503,0.965334589
6/30/2020 15:00,2020,6,30,6/30/2020,16,19.845,101.244,1.214,762.8226296098808,0.965347739
6/30/2020 16:00,2020,6,30,6/30/2020,17,21.485,102.242,1.218,762.8329911458877,0.965360851
6/30/2020 17:00,2020,6,30,6/30/2020,18,24.46,99.531,1.294,762.8433232168404,0.965373927
6/30/2020 18:00,2020,6,30,6/30/2020,19,24.322,104.193,1.289,762.8536258174233,0.965386965
6/30/2020 19:00,2020,6,30,6/30/2020,20,24.262,103.117,1.287,699.8184199,0.885616267
6/30/2020 20:00,2020,6,30,6/30/2020,21,26.293,100.757,1.363,636.7831844650354,0.805845531
6/30/2020 21:00,2020,6,30,6/30/2020,22,27.052,100.573,1.391,636.7933986227686,0.805858457
6/30/2020 22:00,2020,6,30,6/30/2020,23,26.835,100.141,1.384,636.8035832890221,0.805871346
6/30/2020 23:00,2020,6,30,6/30/2020,24,25.594,100.048,1.337,598.5361261717452,0.757444095
7/1/2020 0:00,2020,7,1,7/1/2020,1,27.555,100.643,1.401,574.2865907486638,0.726756444
7/1/2020 1:00,2020,7,1,7/1/2020,2,24.873,100.415,1.31,574.2966869,0.726769221
7/1/2020 2:00,2020,7,1,7/1/2020,3,23.413,100.629,1.254,574.3067535571913,0.72678196
7/1/2020 3:00,2020,7,1,7/1/2020,4,19.44,99.872,1.213,574.3167906877554,0.726794662
7/1/2020 4:00,2020,7,1,7/1/2020,5,18.554,99.247,1.211,574.3267982956299,0.726807327
7/1/2020 5:00,2020,7,1,7/1/2020,6,18.972,101.085,1.212,574.3367763756662,0.726819954
7/1/2020 6:00,2020,7,1,7/1/2020,7,17.983,100.086,1.21,574.3467249,0.726832544
7/1/2020 7:00,2020,7,1,7/1/2020,8,16.35,99.818,1.177,605.7131205521812,0.766526541
7/1/2020 8:00,2020,7,1,7/1/2020,9,14.956,100.65,1.149,681.4242411433497,0.862338537
7/1/2020 9:00,2020,7,1,7/1/2020,10,14.303,98.822,1.136,757.1353322,0.958150496
7/1/2020 10:00,2020,7,1,7/1/2020,11,14.636,99.935,1.143,788.5016391708625,0.997844381
7/1/2020 11:00,2020,7,1,7/1/2020,12,15.482,99.082,1.16,788.5114399766018,0.997856784
7/1/2020 12:00,2020,7,1,7/1/2020,13,17.01,99.614,1.19,788.5212112188888,0.997869149
7/1/2020 13:00,2020,7,1,7/1/2020,14,17.498,99.144,1.2,788.5309528926964,0.997881477
7/1/2020 14:00,2020,7,1,7/1/2020,15,20.332,101.121,1.215,788.5406649930133,0.997893768
7/1/2020 15:00,2020,7,1,7/1/2020,16,21.709,100.086,1.218,788.5503475148428,0.997906021
7/1/2020 16:00,2020,7,1,7/1/2020,17,22.712,99.631,1.228,788.5600004532037,0.997918237
7/1/2020 17:00,2020,7,1,7/1/2020,18,23.994,99.136,1.276,788.5696238031297,0.997930415
7/1/2020 18:00,2020,7,1,7/1/2020,19,26.483,99.901,1.37,788.5792175596703,0.997942556
7/1/2020 19:00,2020,7,1,7/1/2020,20,26.105,100.039,1.356,721.9750968982428,0.913655417
7/1/2020 20:00,2020,7,1,7/1/2020,21,25.94,100.831,1.35,655.3709466335738,0.82936824
7/1/2020 21:00,2020,7,1,7/1/2020,22,28.281,99.931,1.416,655.3804515804052,0.829380268
7/1/2020 22:00,2020,7,1,7/1/2020,23,28.771,101.217,1.425,655.3899269141998,0.829392259
7/1/2020 23:00,2020,7,1,7/1/2020,24,26.643,99.028,1.377,614.9553497038689,0.77822253
7/2/2020 0:00,2020,7,2,7/2/2020,1,25.077,99.29,1.317,574.5207428707675,0.727052762
7/2/2020 1:00,2020,7,2,7/2/2020,2,22.975,99.756,1.238,574.5301293362655,0.727064641
7/2/2020 2:00,2020,7,2,7/2/2020,3,23.434,100.944,1.255,574.5394861693194,0.727076482
7/2/2020 3:00,2020,7,2,7/2/2020,4,19.88,98.973,1.214,574.5488134,0.727088286
7/2/2020 4:00,2020,7,2,7/2/2020,5,18.937,100.232,1.212,574.5581109188562,0.727100052
7/2/2020 5:00,2020,7,2,7/2/2020,6,17.109,99.223,1.192,574.5673788257575,0.72711178
7/2/2020 6:00,2020,7,2,7/2/2020,7,16.8,100.146,1.186,574.5766170810514,0.727123471
7/2/2020 7:00,2020,7,2,7/2/2020,8,14.776,98.971,1.146,605.9423023004604,0.766816569
7/2/2020 8:00,2020,7,2,7/2/2020,9,13.483,100.004,1.12,681.6527123636829,0.862627666
7/2/2020 9:00,2020,7,2,7/2/2020,10,13.131,100.867,1.113,757.3630927610859,0.958438726
7/2/2020 10:00,2020,7,2,7/2/2020,11,13.243,100.993,1.115,788.7286889830515,0.998131711
7/2/2020 11:00,2020,7,2,7/2/2020,12,15.474,100.888,1.159,788.7377789093238,0.998143214
7/2/2020 12:00,2020,7,2,7/2/2020,13,17.188,102.829,1.194,788.7468391557014,0.99815468
7/2/2020 13:00,2020,7,2,7/2/2020,14,17.229,99.629,1.195,788.7558697175234,0.998166108
7/2/2020 14:00,2020,7,2,7/2/2020,15,19.923,99.201,1.214,788.7648705901438,0.998177499
7/2/2020 15:00,2020,7,2,7/2/2020,16,21.695,100.184,1.218,788.7738418,0.998188852
7/2/2020 16:00,2020,7,2,7/2/2020,17,22.874,100.293,1.234,788.7827832492728,0.998200167
7/2/2020 17:00,2020,7,2,7/2/2020,18,23.94,99.917,1.274,788.791695,0.998211445
7/2/2020 18:00,2020,7,2,7/2/2020,19,25.489,100.36,1.333,788.8005771,0.998222685
7/2/2020 19:00,2020,7,2,7/2/2020,20,26.436,99.354,1.369,722.1957446340393,0.913934645
7/2/2020 20:00,2020,7,2,7/2/2020,21,27.44,99.462,1.399,655.5908824550957,0.829646567
7/2/2020 21:00,2020,7,2,7/2/2020,22,27.276,100.791,1.396,655.5996753745043,0.829657695
7/2/2020 22:00,2020,7,2,7/2/2020,23,27.982,99.562,1.41,655.6084385680944,0.829668784
7/2/2020 23:00,2020,7,2,7/2/2020,24,27.781,98.246,1.406,615.1731491051436,0.778498153
7/3/2020 0:00,2020,7,3,7/3/2020,1,25.456,100.296,1.332,574.7378299,0.727327485
7/3/2020 1:00,2020,7,3,7/3/2020,2,24.942,99.309,1.312,574.7465038965192,0.727338462
7/3/2020 2:00,2020,7,3,7/3/2020,3,24.045,100.291,1.278,574.7551481419054,0.727349401
7/3/2020 3:00,2020,7,3,7/3/2020,4,21.29,100.353,1.217,574.7637626390847,0.727360303
7/3/2020 4:00,2020,7,3,7/3/2020,5,20.1,98.561,1.215,574.7723473836252,0.727371167
7/3/2020 5:00,2020,7,3,7/3/2020,6,18.231,98.67,1.211,574.7809023711102,0.727381993
7/3/2020 6:00,2020,7,3,7/3/2020,7,15.827,100.491,1.167,574.7894275971388,0.727392781
7/3/2020 7:00,2020,7,3,7/3/2020,8,15.778,99.762,1.166,606.1543997,0.767084977
7/3/2020 8:00,2020,7,3,7/3/2020,9,15.177,102.748,1.154,681.8640964931592,0.862895172
7/3/2020 9:00,2020,7,3,7/3/2020,10,14.443,102.103,1.139,757.5737635339502,0.958705329
7/3/2020 10:00,2020,7,3,7/3/2020,11,14.092,101.633,1.132,788.9386462909221,0.998397411
7/3/2020 11:00,2020,7,3,7/3/2020,12,15.383,102.584,1.158,788.9470226441861,0.998408011
7/3/2020 12:00,2020,7,3,7/3/2020,13,16.657,101.88,1.183,788.9553692,0.998418574
7/3/2020 13:00,2020,7,3,7/3/2020,14,17.36,100.119,1.197,788.963686,0.998429099
7/3/2020 14:00,2020,7,3,7/3/2020,15,18.805,102.668,1.212,788.971973,0.998439586
7/3/2020 15:00,2020,7,3,7/3/2020,16,22.233,103.157,1.219,788.9802301389582,0.998450035
7/3/2020 16:00,2020,7,3,7/3/2020,17,23.692,102.15,1.265,788.9884575117252,0.998460447
7/3/2020 17:00,2020,7,3,7/3/2020,18,23.757,102.388,1.267,788.9966550756337,0.998470821
7/3/2020 18:00,2020,7,3,7/3/2020,19,26.277,100.948,1.363,789.0048228264661,0.998481157
7/3/2020 19:00,2020,7,3,7/3/2020,20,25.8,100.859,1.345,722.3992759403736,0.914192213
7/3/2020 20:00,2020,7,3,7/3/2020,21,27.656,101.547,1.403,655.7936992328166,0.829903231
7/3/2020 21:00,2020,7,3,7/3/2020,22,27.285,99.063,1.396,655.8017775192707,0.829913454
7/3/2020 22:00,2020,7,3,7/3/2020,23,27.463,99.23,1.399,655.8098259759327,0.829923639
7/3/2020 23:00,2020,7,3,7/3/2020,24,27.73,99.5,1.405,615.3738216724481,0.778752103
7/4/2020 0:00,2020,7,4,7/4/2020,1,26.909,101.224,1.387,574.9377875309058,0.72758053
7/4/2020 1:00,2020,7,4,7/4/2020,2,24.24,98.772,1.286,574.9457465,0.727590602
7/4/2020 2:00,2020,7,4,7/4/2020,3,21.902,100.278,1.219,574.9536755696522,0.727600636
7/4/2020 3:00,2020,7,4,7/4/2020,4,19.695,99.782,1.214,574.9615748155528,0.727610633
7/4/2020 4:00,2020,7,4,7/4/2020,5,20.549,99.9,1.216,574.9694442070482,0.727620592
7/4/2020 5:00,2020,7,4,7/4/2020,6,18.098,98.834,1.21,574.9772837400899,0.727630512
7/4/2020 6:00,2020,7,4,7/4/2020,7,17.099,99.165,1.192,574.9850934106448,0.727640395
7/4/2020 7:00,2020,7,4,7/4/2020,8,15.479,100.409,1.16,606.3493498351701,0.767331685
7/4/2020 8:00,2020,7,4,7/4/2020,9,14.453,101.264,1.139,682.0583308940993,0.863140974
7/4/2020 9:00,2020,7,4,7/4/2020,10,14.718,100.143,1.144,757.7672820785344,0.958950225
7/4/2020 10:00,2020,7,4,7/4/2020,11,14.679,102.465,1.144,789.1314488795929,0.998641402
7/4/2020 11:00,2020,7,4,7/4/2020,12,14.69,101.799,1.144,789.1391091777544,0.998651096
7/4/2020 12:00,2020,7,4,7/4/2020,13,15.83,101.43,1.167,789.1467395895529,0.998660752
7/4/2020 13:00,2020,7,4,7/4/2020,14,19.285,101.95,1.213,789.1543401,0.99867037
7/4/2020 14:00,2020,7,4,7/4/2020,15,19.277,102.342,1.213,789.1619107383747,0.998679951
7/4/2020 15:00,2020,7,4,7/4/2020,16,20.939,103.206,1.217,789.1694514675928,0.998689494
7/4/2020 16:00,2020,7,4,7/4/2020,17,23.783,101.372,1.268,789.1769622948381,0.998698999
7/4/2020 17:00,2020,7,4,7/4/2020,18,23.271,101.752,1.249,789.1844432162466,0.998708466
7/4/2020 18:00,2020,7,4,7/4/2020,19,25.797,102.146,1.345,789.1918942279696,0.998717895
7/4/2020 19:00,2020,7,4,7/4/2020,20,25.734,100.941,1.342,722.5856305065272,0.914428043
7/4/2020 20:00,2020,7,4,7/4/2020,21,29.117,98.092,1.432,655.9793368677481,0.830138154
7/4/2020 21:00,2020,7,4,7/4/2020,22,27.342,99.416,1.397,655.9866981274768,0.83014747
7/4/2020 22:00,2020,7,4,7/4/2020,23,26.333,101.013,1.365,655.9940294622795,0.830156748
7/4/2020 23:00,2020,7,4,7/4/2020,24,25.293,100.05,1.326,615.5573079421702,0.778984304
7/5/2020 0:00,2020,7,5,7/5/2020,1,25.793,99.04,1.344,575.1205564896069,0.727811823
7/5/2020 1:00,2020,7,5,7/5/2020,2,24.367,100.396,1.291,575.1277980270629,0.727820987
7/5/2020 2:00,2020,7,5,7/5/2020,3,22.274,100.23,1.219,575.1350096245983,0.727830114
7/5/2020 3:00,2020,7,5,7/5/2020,4,20.323,100.467,1.215,575.1421912785033,0.727839202
7/5/2020 4:00,2020,7,5,7/5/2020,5,20.894,99.285,1.216,575.1493429850832,0.727848252
7/5/2020 5:00,2020,7,5,7/5/2020,6,18.047,100.401,1.21,575.1564647406586,0.727857265
7/5/2020 6:00,2020,7,5,7/5/2020,7,17.852,99.235,1.207,575.1635565415658,0.72786624
7/5/2020 7:00,2020,7,5,7/5/2020,8,13.822,100.009,1.126,606.5270950046313,0.767556621
7/5/2020 8:00,2020,7,5,7/5/2020,9,14.732,102.454,1.145,682.2353580106579,0.863365001
7/5/2020 9:00,2020,7,5,7/5/2020,10,15.205,101.723,1.154,757.9435910511171,0.959173343
7/5/2020 10:00,2020,7,5,7/5/2020,11,15.69,103.558,1.164,789.3070396174958,0.998863611
7/5/2020 11:00,2020,7,5,7/5/2020,12,14.958,102.797,1.149,789.3139815906432,0.998872396
7/5/2020 12:00,2020,7,5,7/5/2020,13,17.458,101.516,1.199,789.3208935874627,0.998881143
7/5/2020 13:00,2020,7,5,7/5/2020,14,17.372,103.071,1.197,789.3277756043985,0.998889852
7/5/2020 14:00,2020,7,5,7/5/2020,15,20.14,101.461,1.215,789.3346276379101,0.998898523
7/5/2020 15:00,2020,7,5,7/5/2020,16,21.161,101.567,1.217,789.3414496844723,0.998907156
7/5/2020 16:00,2020,7,5,7/5/2020,17,22.628,102.517,1.225,789.3482417405758,0.998915752
7/5/2020 17:00,2020,7,5,7/5/2020,18,23.53,102.649,1.259,789.3550038027258,0.998924309
7/5/2020 18:00,2020,7,5,7/5/2020,19,25.736,102.792,1.342,789.3617358674439,0.998932828
7/5/2020 19:00,2020,7,5,7/5/2020,20,27.425,104.303,1.398,722.7547531116198,0.914642067
7/5/2020 20:00,2020,7,5,7/5/2020,21,28.21,99.148,1.414,656.1477403514523,0.830351268
7/5/2020 21:00,2020,7,5,7/5/2020,22,27.665,100.822,1.403,656.1543824031558,0.830359673
7/5/2020 22:00,2020,7,5,7/5/2020,23,26.973,103.356,1.389,656.1609944436663,0.830368041
7/5/2020 23:00,2020,7,5,7/5/2020,24,27.405,98.663,1.398,615.7235535433681,0.779194687
7/6/2020 0:00,2020,7,6,7/6/2020,1,28.511,100.96,1.42,575.2860826250892,0.728021296
7/6/2020 1:00,2020,7,6,7/6/2020,2,25.602,101.657,1.337,575.2926046116729,0.728029549
7/6/2020 2:00,2020,7,6,7/6/2020,3,22.12,100.463,1.219,575.2990966,0.728037765
7/6/2020 3:00,2020,7,6,7/6/2020,4,20.579,100.927,1.216,575.3055585073803,0.728045942
7/6/2020 4:00,2020,7,6,7/6/2020,5,19.397,99.056,1.213,575.3119904098396,0.728054082
7/6/2020 5:00,2020,7,6,7/6/2020,6,18.351,98.552,1.211,575.3183922776188,0.728062183
7/6/2020 6:00,2020,7,6,7/6/2020,7,16.108,99.148,1.172,575.3247641074247,0.728070247
7/6/2020 7:00,2020,7,6,7/6/2020,8,16.439,100.947,1.179,606.6875825,0.767759717
7/6/2020 8:00,2020,7,6,7/6/2020,9,14.356,101.278,1.137,682.3951254,0.863567186
7/6/2020 9:00,2020,7,6,7/6/2020,10,15.598,100.394,1.162,758.1026382075447,0.959374616
7/6/2020 10:00,2020,7,6,7/6/2020,11,14.065,102.426,1.131,789.4653664733057,0.999063972
7/6/2020 11:00,2020,7,6,7/6/2020,12,16.008,101.629,1.17,789.4715880643823,0.999071846
7/6/2020 12:00,2020,7,6,7/6/2020,13,15.879,102.935,1.168,789.4777796,0.999079681
7/6/2020 13:00,2020,7,6,7/6/2020,14,16.442,102.566,1.179,789.4839410711203,0.999087478
7/6/2020 14:00,2020,7,6,7/6/2020,15,19.677,102.666,1.214,789.4900724804266,0.999095238
7/6/2020 15:00,2020,7,6,7/6/2020,16,20.635,102.266,1.216,789.4961738228135,0.999102959
7/6/2020 16:00,2020,7,6,7/6/2020,17,22.19,102.563,1.219,789.5022450951421,0.999110642
7/6/2020 17:00,2020,7,6,7/6/2020,18,22.974,102.351,1.238,789.5082863,0.999118287
7/6/2020 18:00,2020,7,6,7/6/2020,19,26.084,102.463,1.355,789.5142974171459,0.999125894
7/6/2020 19:00,2020,7,6,7/6/2020,20,27.437,102.012,1.399,722.9065936,0.91483422
7/6/2020 20:00,2020,7,6,7/6/2020,21,27.366,99.619,1.397,656.2988597823427,0.830542509
7/6/2020 21:00,2020,7,6,7/6/2020,22,27.219,100.857,1.394,656.3047806578377,0.830550001
7/6/2020 22:00,2020,7,6,7/6/2020,23,27.215,101.884,1.394,656.3106714447657,0.830557456
7/6/2020 23:00,2020,7,6,7/6/2020,24,27.592,99.616,1.402,615.8725092138823,0.77938319
7/7/2020 0:00,2020,7,7,7/7/2020,1,24.989,100.251,1.314,575.4343168883865,0.728208885
7/7/2020 1:00,2020,7,7,7/7/2020,2,24.732,99.6,1.304,575.4401173914927,0.728216226
7/7/2020 2:00,2020,7,7,7/7/2020,3,22.575,100.497,1.223,575.4458877940028,0.728223528
7/7/2020 3:00,2020,7,7,7/7/2020,4,21.968,98.18,1.219,575.4516280929479,0.728230792
7/7/2020 4:00,2020,7,7,7/7/2020,5,20.186,101.865,1.215,575.4573382853752,0.728238019
7/7/2020 5:00,2020,7,7,7/7/2020,6,17.638,101.359,1.203,575.4630183683468,0.728245207
7/7/2020 6:00,2020,7,7,7/7/2020,7,15.823,98.939,1.166,575.4686683389405,0.728252357
7/7/2020 7:00,2020,7,7,7/7/2020,8,15.367,101.118,1.157,606.8307648147247,0.767940913
7/7/2020 8:00,2020,7,7,7/7/2020,9,14.501,101.629,1.14,682.5375856772444,0.863747468
7/7/2020 9:00,2020,7,7,7/7/2020,10,13.582,100.953,1.122,758.2443764187124,0.959553985
7/7/2020 10:00,2020,7,7,7/7/2020,11,14.044,101.41,1.131,789.6063825313579,0.999242427
7/7/2020 11:00,2020,7,7,7/7/2020,12,15.481,101.428,1.16,789.6118818967723,0.999249387
7/7/2020 12:00,2020,7,7,7/7/2020,13,16.663,102.534,1.183,789.6173511,0.999256308
7/7/2020 13:00,2020,7,7,7/7/2020,14,18.42,102.373,1.211,789.6227902360306,0.999263191
7/7/2020 14:00,2020,7,7,7/7/2020,15,19.985,103.5,1.214,789.6281992042627,0.999270036
7/7/2020 15:00,2020,7,7,7/7/2020,16,20.871,102.591,1.216,789.6335780345146,0.999276843
7/7/2020 16:00,2020,7,7,7/7/2020,17,22.196,101.384,1.219,789.6389267240195,0.999283612
7/7/2020 17:00,2020,7,7,7/7/2020,18,23.915,102.063,1.273,789.6442452700252,0.999290342
7/7/2020 18:00,2020,7,7,7/7/2020,19,27.476,102.151,1.4,789.6495336697958,0.999297035
7/7/2020 19:00,2020,7,7,7/7/2020,20,27.179,102.099,1.394,723.0411071009637,0.915004446
7/7/2020 20:00,2020,7,7,7/7/2020,21,27.911,98.563,1.408,656.4326503804706,0.83071182
7/7/2020 21:00,2020,7,7,7/7/2020,22,28.434,100.957,1.419,656.4378483252738,0.830718398
7/7/2020 22:00,2020,7,7,7/7/2020,23,26.799,102.123,1.382,656.4430161130521,0.830724938
7/7/2020 23:00,2020,7,7,7/7/2020,24,26.034,98.767,1.354,616.0041308,0.779549756
7/8/2020 0:00,2020,7,8,7/8/2020,1,26.669,99.38,1.378,575.5652153544873,0.728374537
7/8/2020 1:00,2020,7,8,7/8/2020,2,24.807,99.218,1.307,575.5702926553017,0.728380962
7/8/2020 2:00,2020,7,8,7/8/2020,3,23.505,100.894,1.258,575.5753397885501,0.728387349
7/8/2020 3:00,2020,7,8,7/8/2020,4,20.346,99.763,1.215,575.5803567516357,0.728393698
7/8/2020 4:00,2020,7,8,7/8/2020,5,19.449,100.051,1.213,575.5853435419776,0.728400009
7/8/2020 5:00,2020,7,8,7/8/2020,6,16.084,100.235,1.172,575.5903001570102,0.728406281
7/8/2020 6:00,2020,7,8,7/8/2020,7,16.345,98.983,1.177,575.5952265941837,0.728412516
7/8/2020 7:00,2020,7,8,7/8/2020,8,16.926,99.823,1.189,606.9565994714386,0.768100156
7/8/2020 8:00,2020,7,8,7/8/2020,9,15.257,100.228,1.155,682.6626966706917,0.863905796
7/8/2020 9:00,2020,7,8,7/8/2020,10,15.036,100.744,1.151,758.3687636845291,0.959711397
7/8/2020 10:00,2020,7,8,7/8/2020,11,14.856,101.199,1.147,789.7300460055515,0.999398923
7/8/2020 11:00,2020,7,8,7/8/2020,12,15.374,99.969,1.157,789.7348215157227,0.999404966
7/8/2020 12:00,2020,7,8,7/8/2020,13,15.42,100.241,1.158,789.7395668,0.999410971
7/8/2020 13:00,2020,7,8,7/8/2020,14,17.733,101.262,1.205,789.7442819551248,0.999416938
7/8/2020 14:00,2020,7,8,7/8/2020,15,19.515,100.271,1.213,789.7489668794888,0.999422867
7/8/2020 15:00,2020,7,8,7/8/2020,16,21.48,100.08,1.218,789.7536216037424,0.999428758
7/8/2020 16:00,2020,7,8,7/8/2020,17,23.571,98.374,1.26,789.7582461254913,0.99943461
7/8/2020 17:00,2020,7,8,7/8/2020,18,23.635,100.289,1.263,789.7628404,0.999440424
7/8/2020 18:00,2020,7,8,7/8/2020,19,26.056,99.83,1.354,789.7674045519732,0.9994462
7/8/2020 19:00,2020,7,8,7/8/2020,20,26.241,101.666,1.361,723.1582536323479,0.915152695
7/8/2020 20:00,2020,7,8,7/8/2020,21,27.466,99.26,1.399,656.5490725007942,0.830859151
7/8/2020 21:00,2020,7,8,7/8/2020,22,27.978,99.788,1.41,656.5535459746424,0.830864813
7/8/2020 22:00,2020,7,8,7/8/2020,23,30.331,99.895,1.457,656.5579892,0.830870435
7/8/2020 23:00,2020,7,8,7/8/2020,24,28.567,100.564,1.421,616.1183793,0.779694337
7/9/2020 0:00,2020,7,9,7/9/2020,1,25.592,100.159,1.337,575.6787392353513,0.7285182
7/9/2020 1:00,2020,7,9,7/9/2020,2,24.818,98.442,1.308,575.6830918293601,0.728523709
7/9/2020 2:00,2020,7,9,7/9/2020,3,23.784,100.218,1.269,575.6874141977721,0.728529178
7/9/2020 3:00,2020,7,9,7/9/2020,4,21.527,99.966,1.218,575.6917063383637,0.72853461
7/9/2020 4:00,2020,7,9,7/9/2020,5,19.206,101.592,1.213,575.6959682489266,0.728540004
7/9/2020 5:00,2020,7,9,7/9/2020,6,17.994,100.288,1.21,575.7001999272684,0.728545359
7/9/2020 6:00,2020,7,9,7/9/2020,7,16.099,99.306,1.172,575.7044014,0.728550676
7/9/2020 7:00,2020,7,9,7/9/2020,8,15.409,102.75,1.158,607.0650491990709,0.768237399
7/9/2020 8:00,2020,7,9,7/9/2020,9,14.744,101.412,1.145,682.7704212931352,0.864042121
7/9/2020 9:00,2020,7,9,7/9/2020,10,14.014,101.294,1.13,758.4757631463633,0.959846804
7/9/2020 10:00,2020,7,9,7/9/2020,11,13.657,98.358,1.123,789.8363202517298,0.999533412
7/9/2020 11:00,2020,7,9,7/9/2020,12,15.061,101.096,1.151,789.8403704915713,0.999538538
7/9/2020 12:00,2020,7,9,7/9/2020,13,15.128,99.918,1.153,789.8443904842791,0.999543625
7/9/2020 13:00,2020,7,9,7/9/2020,14,17.656,100.208,1.203,789.8483802277849,0.999548674
7/9/2020 14:00,2020,7,9,7/9/2020,15,19.794,99.892,1.214,789.8523397200365,0.999553685
7/9/2020 15:00,2020,7,9,7/9/2020,16,23.068,100.789,1.241,789.8562689589966,0.999558657
7/9/2020 16:00,2020,7,9,7/9/2020,17,22.121,99.306,1.219,789.8601679426438,0.999563591
7/9/2020 17:00,2020,7,9,7/9/2020,18,24.921,99.567,1.311,789.8640366689724,0.999568487
7/9/2020 18:00,2020,7,9,7/9/2020,19,24.643,100.217,1.301,789.8678751359919,0.999573345
7/9/2020 19:00,2020,7,9,7/9/2020,20,27.653,101.124,1.403,723.2579985220809,0.915278921
7/9/2020 20:00,2020,7,9,7/9/2020,21,26.843,100.563,1.384,656.6480916449268,0.83098446
7/9/2020 21:00,2020,7,9,7/9/2020,22,27.908,100.359,1.408,656.6518393222332,0.830989202
7/9/2020 22:00,2020,7,9,7/9/2020,23,26.74,100.313,1.38,656.6555567324249,0.830993907
7/9/2020 23:00,2020,7,9,7/9/2020,24,26.294,98.669,1.363,616.2152209473757,0.77981689
7/10/2020 0:00,2020,7,10,7/10/2020,1,25.176,99.786,1.321,575.7748548914024,0.728639834
7/10/2020 1:00,2020,7,10,7/10/2020,2,23.059,100.099,1.241,575.7784815,0.728644424
7/10/2020 2:00,2020,7,10,7/10/2020,3,22.205,98.606,1.219,575.7820778116027,0.728648975
7/10/2020 3:00,2020,7,10,7/10/2020,4,20.19,100.233,1.215,575.7856438578465,0.728653488
7/10/2020 4:00,2020,7,10,7/10/2020,5,18.876,98.728,1.212,575.7891796257344,0.728657962
7/10/2020 5:00,2020,7,10,7/10/2020,6,17.05,99.8,1.191,575.7926851134476,0.728662398
7/10/2020 6:00,2020,7,10,7/10/2020,7,16.742,100.588,1.185,575.7961603191827,0.728666796
7/10/2020 7:00,2020,7,10,7/10/2020,8,15.635,98.69,1.163,607.1560819,0.7683526
7/10/2020 8:00,2020,7,10,7/10/2020,9,14.248,102.119,1.135,682.8607276234437,0.864156403
7/10/2020 9:00,2020,7,10,7/10/2020,10,15.611,102.029,1.162,758.5653430979655,0.959960167
7/10/2020 10:00,2020,7,10,7/10/2020,11,13.856,101.818,1.127,789.9251737785405,0.999645856
7/10/2020 11:00,2020,7,10,7/10/2020,12,14.098,100.737,1.132,789.9284975478787,0.999650062
7/10/2020 12:00,2020,7,10,7/10/2020,13,15.696,101.242,1.164,789.9317910247453,0.99965423
7/10/2020 13:00,2020,7,10,7/10/2020,14,17.769,101.327,1.205,789.9350542074461,0.99965836
7/10/2020 14:00,2020,7,10,7/10/2020,15,20.405,100.043,1.215,789.9382870943022,0.999662451
7/10/2020 15:00,2020,7,10,7/10/2020,16,21.089,101.86,1.217,789.9414896836504,0.999666504
7/10/2020 16:00,2020,7,10,7/10/2020,17,22.866,101.913,1.234,789.944662,0.999670518
7/10/2020 17:00,2020,7,10,7/10/2020,18,24.079,102.24,1.28,789.9478039632484,0.999674494
7/10/2020 18:00,2020,7,10,7/10/2020,19,26.978,102.936,1.389,789.9509156502496,0.999678432
7/10/2020 19:00,2020,7,10,7/10/2020,20,26.876,103.074,1.385,723.3403122135992,0.915383089
7/10/2020 20:00,2020,7,10,7/10/2020,21,28.319,99.995,1.416,656.7296785,0.831087707
7/10/2020 21:00,2020,7,10,7/10/2020,22,28.008,100.984,1.41,656.7326992416058,0.83109153
7/10/2020 22:00,2020,7,10,7/10/2020,23,27.717,99.322,1.404,656.7356897031389,0.831095314
7/10/2020 23:00,2020,7,10,7/10/2020,24,28.732,99.705,1.425,616.2946269282056,0.779917377
7/11/2020 0:00,2020,7,11,7/11/2020,1,25.202,101.192,1.322,575.8535338414972,0.728739402
7/11/2020 1:00,2020,7,11,7/11/2020,2,24.67,100.269,1.302,575.8564333677208,0.728743071
7/11/2020 2:00,2020,7,11,7/11/2020,3,21.976,98.729,1.219,575.8593025791702,0.728746702
7/11/2020 3:00,2020,7,11,7/11/2020,4,21.418,101.267,1.218,575.8621414743694,0.728750295
7/11/2020 4:00,2020,7,11,7/11/2020,5,18.359,100.012,1.211,575.8649501,0.728753849
7/11/2020 5:00,2020,7,11,7/11/2020,6,18.619,99.589,1.211,575.8677283101911,0.728757365
7/11/2020 6:00,2020,7,11,7/11/2020,7,16.577,101.377,1.182,575.8704762479392,0.728760842
7/11/2020 7:00,2020,7,11,7/11/2020,8,14.964,99.094,1.149,607.2296705,0.768445726
7/11/2020 8:00,2020,7,11,7/11/2020,9,14.68,100.518,1.144,682.9335889,0.864248608
7/11/2020 9:00,2020,7,11,7/11/2020,10,16.339,102.432,1.177,758.6374769948627,0.960051452
7/11/2020 10:00,2020,7,11,7/11/2020,11,13.36,100.79,1.117,789.9965802567656,0.99973622
7/11/2020 11:00,2020,7,11,7/11/2020,12,15.861,102.815,1.167,789.9991765706959,0.999739506
7/11/2020 12:00,2020,7,11,7/11/2020,13,18.103,102.867,1.21,790.0017425557934,0.999742753
7/11/2020 13:00,2020,7,11,7/11/2020,14,17.275,102.303,1.195,790.0042782107375,0.999745962
7/11/2020 14:00,2020,7,11,7/11/2020,15,17.81,102.008,1.206,790.0067835,0.999749133
7/11/2020 15:00,2020,7,11,7/11/2020,16,20.607,101.173,1.216,790.0092585,0.999752265
7/11/2020 16:00,2020,7,11,7/11/2020,17,21.912,101.647,1.219,790.0117032,0.999755358
7/11/2020 17:00,2020,7,11,7/11/2020,18,25.285,102.559,1.325,790.0141175031267,0.999758414
7/11/2020 18:00,2020,7,11,7/11/2020,19,25.851,101.294,1.347,790.0165014880497,0.999761431
7/11/2020 19:00,2020,7,11,7/11/2020,20,28.042,103.457,1.411,723.4051703155798,0.915465166
7/11/2020 20:00,2020,7,11,7/11/2020,21,27.887,101.534,1.408,656.7938088,0.831168864
7/11/2020 21:00,2020,7,11,7/11/2020,22,28.384,102.396,1.418,656.7961017722209,0.831171766
7/11/2020 22:00,2020,7,11,7/11/2020,23,25.593,100.735,1.337,656.7983643989571,0.831174629
7/11/2020 23:00,2020,7,11,7/11/2020,24,26.412,100.299,1.368,616.3565737569833,0.779995771
7/12/2020 0:00,2020,7,12,7/12/2020,1,25.562,101.502,1.336,575.9147527713652,0.728816874
7/12/2020 1:00,2020,7,12,7/12/2020,2,25.313,97.567,1.326,575.9169243671843,0.728819622
7/12/2020 2:00,2020,7,12,7/12/2020,3,22.812,100.146,1.232,575.9190656,0.728822332
7/12/2020 3:00,2020,7,12,7/12/2020,4,19.752,100.61,1.214,575.9211765,0.728825003
7/12/2020 4:00,2020,7,12,7/12/2020,5,19.719,98.54,1.214,575.9232570748851,0.728827636
7/12/2020 5:00,2020,7,12,7/12/2020,6,16.83,99.945,1.187,575.9253072805801,0.728830231
7/12/2020 6:00,2020,7,12,7/12/2020,7,17.092,99.248,1.192,575.9273271360681,0.728832787
7/12/2020 7:00,2020,7,12,7/12/2020,8,15.611,98.81,1.162,607.2857932607851,0.768516749
7/12/2020 8:00,2020,7,12,7/12/2020,9,14.32,101.179,1.136,682.9889835381435,0.86431871
7/12/2020 9:00,2020,7,12,7/12/2020,10,15.067,100.72,1.151,758.6921434622244,0.960120632
7/12/2020 10:00,2020,7,12,7/12/2020,11,14.939,101.945,1.149,790.0505185271247,0.999804479
7/12/2020 11:00,2020,7,12,7/12/2020,12,14.565,99.615,1.141,790.0523866163035,0.999806843
7/12/2020 12:00,2020,7,12,7/12/2020,13,16.473,104.102,1.179,790.0542243492747,0.999809169
7/12/2020 13:00,2020,7,12,7/12/2020,14,18.955,102.679,1.212,790.0560317250929,0.999811456
7/12/2020 14:00,2020,7,12,7/12/2020,15,20.868,101.677,1.216,790.0578087428283,0.999813705
7/12/2020 15:00,2020,7,12,7/12/2020,16,19.87,100.037,1.214,790.0595554,0.999815915
7/12/2020 16:00,2020,7,12,7/12/2020,17,21.735,103.144,1.218,790.0612717,0.999818087
7/12/2020 17:00,2020,7,12,7/12/2020,18,24.669,100.254,1.302,790.0629576384744,0.999820221
7/12/2020 18:00,2020,7,12,7/12/2020,19,25.075,101.601,1.317,790.0646132,0.999822316
7/12/2020 19:00,2020,7,12,7/12/2020,20,26.739,103.396,1.38,723.4525536091671,0.91552513
7/12/2020 20:00,2020,7,12,7/12/2020,21,26.589,100.047,1.374,656.8404636401075,0.831227905
7/12/2020 21:00,2020,7,12,7/12/2020,22,28.449,100.046,1.419,656.8420281265405,0.831229885
7/12/2020 22:00,2020,7,12,7/12/2020,23,27.605,101.909,1.402,656.8435622480146,0.831231826
7/12/2020 23:00,2020,7,12,7/12/2020,24,26.362,100.11,1.366,616.4010430775262,0.780052046
7/13/2020 0:00,2020,7,13,7/13/2020,1,25.697,99.637,1.341,575.9584935405159,0.728872228
7/13/2020 1:00,2020,7,13,7/13/2020,2,23.782,99.699,1.268,575.9599365624398,0.728874054
7/13/2020 2:00,2020,7,13,7/13/2020,3,23.021,98.242,1.24,575.9613492163414,0.728875842
7/13/2020 3:00,2020,7,13,7/13/2020,4,21.027,100.301,1.217,575.9627315,0.728877591
7/13/2020 4:00,2020,7,13,7/13/2020,5,19.718,98.909,1.214,575.9640834171863,0.728879302
7/13/2020 5:00,2020,7,13,7/13/2020,6,18.511,100.388,1.211,575.965405,0.728880974
7/13/2020 6:00,2020,7,13,7/13/2020,7,15.44,97.773,1.159,575.9666961374242,0.728882608
7/13/2020 7:00,2020,7,13,7/13/2020,8,16.844,101.216,1.187,607.3244335611005,0.768565648
7/13/2020 8:00,2020,7,13,7/13/2020,9,15.974,102.928,1.169,683.0268951175392,0.864366687
7/13/2020 9:00,2020,7,13,7/13/2020,10,15.212,102.294,1.154,758.7293263011966,0.960167687
7/13/2020 10:00,2020,7,13,7/13/2020,11,15.314,101.144,1.156,790.0869726065441,0.999850611
7/13/2020 11:00,2020,7,13,7/13/2020,12,16.415,101.969,1.178,790.0881119174161,0.999852053
7/13/2020 12:00,2020,7,13,7/13/2020,13,17.322,101.097,1.196,790.0892208537014,0.999853457
7/13/2020 13:00,2020,7,13,7/13/2020,14,16.682,100.292,1.184,790.0902994148291,0.999854821
7/13/2020 14:00,2020,7,13,7/13/2020,15,20.099,103.016,1.215,790.0913476,0.999856148
7/13/2020 15:00,2020,7,13,7/13/2020,16,21.423,102.397,1.218,790.0923654094094,0.999857436
7/13/2020 16:00,2020,7,13,7/13/2020,17,22.703,100.581,1.228,790.0933528417988,0.999858686
7/13/2020 17:00,2020,7,13,7/13/2020,18,23.943,102.635,1.275,790.0943098969053,0.999859897
7/13/2020 18:00,2020,7,13,7/13/2020,19,25.265,102.515,1.324,790.0952365742364,0.999861069
7/13/2020 19:00,2020,7,13,7/13/2020,20,27.027,100.388,1.391,723.4824480536686,0.915562961
7/13/2020 20:00,2020,7,13,7/13/2020,21,26.975,101.025,1.389,656.8696291543876,0.831264814
7/13/2020 21:00,2020,7,13,7/13/2020,22,28.407,100.385,1.418,656.8704646955948,0.831265871
7/13/2020 22:00,2020,7,13,7/13/2020,23,26.665,101.244,1.377,656.8712698572134,0.83126689
7/13/2020 23:00,2020,7,13,7/13/2020,24,27.002,100.857,1.39,616.4280217126152,0.780086188
7/14/2020 0:00,2020,7,14,7/14/2020,1,26.136,99.626,1.357,575.9847431876155,0.728905447
7/14/2020 1:00,2020,7,14,7/14/2020,2,24.342,100.514,1.29,575.9854572080458,0.72890635
7/14/2020 2:00,2020,7,14,7/14/2020,3,23.756,99.819,1.267,575.9861408473244,0.728907215
7/14/2020 3:00,2020,7,14,7/14/2020,4,20.39,98.744,1.215,575.9867941050995,0.728908042
7/14/2020 4:00,2020,7,14,7/14/2020,5,19.131,100.157,1.213,575.9874169810354,0.72890883
7/14/2020 5:00,2020,7,14,7/14/2020,6,18.339,99.209,1.211,575.9880094748112,0.72890958
7/14/2020 6:00,2020,7,14,7/14/2020,7,16.758,98.687,1.185,575.9885715861225,0.728910291
7/14/2020 7:00,2020,7,14,7/14/2020,8,16.359,99.137,1.177,607.3455799,0.768592409
7/14/2020 8:00,2020,7,14,7/14/2020,9,13.742,101.427,1.125,683.0473124060709,0.864392525
7/14/2020 9:00,2020,7,14,7/14/2020,10,14.918,99.908,1.148,758.7490144937016,0.960192602
7/14/2020 10:00,2020,7,14,7/14/2020,11,13.279,102.244,1.116,790.1059316928936,0.999874604
7/14/2020 11:00,2020,7,14,7/14/2020,12,16.065,101.388,1.171,790.1063418878563,0.999875123
7/14/2020 12:00,2020,7,14,7/14/2020,13,17.397,102.14,1.198,790.1067216988536,0.999875604
7/14/2020 13:00,2020,7,14,7/14/2020,14,19.153,101.358,1.213,790.1070711256903,0.999876046
7/14/2020 14:00,2020,7,14,7/14/2020,15,20.327,102.559,1.215,790.1073901681864,0.99987645
7/14/2020 15:00,2020,7,14,7/14/2020,16,20.583,102.617,1.216,790.1076788261778,0.999876815
7/14/2020 16:00,2020,7,14,7/14/2020,17,21.859,102.552,1.219,790.1079370995163,0.999877142
7/14/2020 17:00,2020,7,14,7/14/2020,18,24.652,102.893,1.301,790.1081649880687,0.99987743
7/14/2020 18:00,2020,7,14,7/14/2020,19,25.938,102.736,1.35,790.1083624917178,0.99987768
7/14/2020 19:00,2020,7,14,7/14/2020,20,27.391,102.782,1.398,723.4948447907152,0.915578649
7/14/2020 20:00,2020,7,14,7/14/2020,21,27.088,100.497,1.392,656.8812967,0.831279579
7/14/2020 21:00,2020,7,14,7/14/2020,22,27.453,99.841,1.399,656.8814030530143,0.831279714
7/14/2020 22:00,2020,7,14,7/14/2020,23,25.634,100.116,1.338,656.8814790161907,0.83127981
7/14/2020 23:00,2020,7,14,7/14/2020,24,25.875,99.837,1.348,616.4375016678982,0.780098185
7/15/2020 0:00,2020,7,15,7/15/2020,1,26.24,99.669,1.361,575.9934939,0.728916521
7/15/2020 1:00,2020,7,15,7/15/2020,2,23.957,98.902,1.275,575.9934787416839,0.728916501
7/15/2020 2:00,2020,7,15,7/15/2020,3,22.687,100.512,1.227,575.9934331637625,0.728916444
7/15/2020 3:00,2020,7,15,7/15/2020,4,19.929,99.95,1.214,575.9933572005859,0.728916348
7/15/2020 4:00,2020,7,15,7/15/2020,5,18.023,101.284,1.21,575.9932508521936,0.728916213
7/15/2020 5:00,2020,7,15,7/15/2020,6,16.463,99.227,1.179,575.9931141,0.72891604
7/15/2020 6:00,2020,7,15,7/15/2020,7,16.149,100.045,1.173,575.9929469999959,0.728915829
7/15/2020 7:00,2020,7,15,7/15/2020,8,16.36,101.197,1.177,607.3492261168217,0.768597023
7/15/2020 8:00,2020,7,15,7/15/2020,9,14.119,100.345,1.132,683.0502293536553,0.864396216
7/15/2020 9:00,2020,7,15,7/15/2020,10,15.172,99.222,1.153,758.7512022057028,0.960195371
7/15/2020 10:00,2020,7,15,7/15/2020,11,14.162,99.877,1.133,790.1073901681864,0.99987645
7/15/2020 11:00,2020,7,15,7/15/2020,12,15.936,101.43,1.169,790.1070711256903,0.999876046
7/15/2020 12:00,2020,7,15,7/15/2020,13,15.962,100.286,1.169,790.1067216988536,0.999875604
7/15/2020 13:00,2020,7,15,7/15/2020,14,17.56,100.078,1.201,790.1063418878563,0.999875123
7/15/2020 14:00,2020,7,15,7/15/2020,15,19.503,100.876,1.213,790.1059316928936,0.999874604
7/15/2020 15:00,2020,7,15,7/15/2020,16,20.376,98.448,1.215,790.1054911141766,0.999874047
7/15/2020 16:00,2020,7,15,7/15/2020,17,23.67,101.146,1.264,790.1050202,0.999873451
7/15/2020 17:00,2020,7,15,7/15/2020,18,24.387,99.46,1.291,790.1045188,0.999872816
7/15/2020 18:00,2020,7,15,7/15/2020,19,25.344,100.535,1.327,790.1039870778445,0.999872143
7/15/2020 19:00,2020,7,15,7/15/2020,20,27.272,98.744,1.395,723.4897401468864,0.915572189
7/15/2020 20:00,2020,7,15,7/15/2020,21,27.205,100.059,1.394,656.8754628334636,0.831272197
7/15/2020 21:00,2020,7,15,7/15/2020,22,27.666,99.466,1.403,656.8748399575279,0.831271408
7/15/2020 22:00,2020,7,15,7/15/2020,23,27.072,98.078,1.391,656.8741866997526,0.831270582
7/15/2020 23:00,2020,7,15,7/15/2020,24,26.897,100.907,1.386,616.4294801,0.780088033
7/16/2020 0:00,2020,7,16,7/16/2020,1,25.747,102.494,1.343,575.9847431876155,0.728905447
7/16/2020 1:00,2020,7,16,7/16/2020,2,23.373,100.467,1.253,575.9839988,0.728904505
7/16/2020 2:00,2020,7,16,7/16/2020,3,24.088,100.039,1.28,575.9832240047851,0.728903524
7/16/2020 3:00,2020,7,16,7/16/2020,4,20.273,100.263,1.215,575.9824188431664,0.728902505
7/16/2020 4:00,2020,7,16,7/16/2020,5,19.157,98.29,1.213,575.9815833019593,0.728901448
7/16/2020 5:00,2020,7,16,7/16/2020,6,16.928,98.736,1.189,575.9807173815934,0.728900352
7/16/2020 6:00,2020,7,16,7/16/2020,7,16.374,100.246,1.177,575.9798210825144,0.728899218
7/16/2020 7:00,2020,7,16,7/16/2020,8,15.619,98.413,1.162,607.3353710256583,0.76857949
7/16/2020 8:00,2020,7,16,7/16/2020,9,14.878,100.97,1.148,683.0356450959378,0.86437776
7/16/2020 9:00,2020,7,16,7/16/2020,10,15.03,100.149,1.151,758.7358887889343,0.960175992
7/16/2020 10:00,2020,7,16,7/16/2020,11,14.569,100.929,1.141,790.0913476,0.999856148
7/16/2020 11:00,2020,7,16,7/16/2020,12,16.469,99.971,1.179,790.0902994148291,0.999854821
7/16/2020 12:00,2020,7,16,7/16/2020,13,17.044,99.407,1.191,790.0892208537014,0.999853457
7/16/2020 13:00,2020,7,16,7/16/2020,14,17.21,99.994,1.194,790.0881119174161,0.999852053
7/16/2020 14:00,2020,7,16,7/16/2020,15,20.534,99.605,1.216,790.0869726065441,0.999850611
7/16/2020 15:00,2020,7,16,7/16/2020,16,20.993,100.151,1.217,790.0858029216718,0.999849131
7/16/2020 16:00,2020,7,16,7/16/2020,17,23.149,100.306,1.245,790.0846028634003,0.999847613
7/16/2020 17:00,2020,7,16,7/16/2020,18,23.691,98.846,1.265,790.0833724323476,0.999846055
7/16/2020 18:00,2020,7,16,7/16/2020,19,26.488,98.527,1.371,790.0821116291463,0.99984446
7/16/2020 19:00,2020,7,16,7/16/2020,20,25.087,100.927,1.318,723.4671356347983,0.915543583
7/16/2020 20:00,2020,7,16,7/16/2020,21,26.984,99.739,1.389,656.8521292696146,0.831242668
7/16/2020 21:00,2020,7,16,7/16/2020,22,27.343,100.336,1.397,656.8507773539222,0.831240957
7/16/2020 22:00,2020,7,16,7/16/2020,23,26.325,100.436,1.364,656.8493950687697,0.831239208
7/16/2020 23:00,2020,7,16,7/16/2020,24,26.176,100.646,1.359,616.4039595,0.780055737
7/17/2020 0:00,2020,7,17,7/17/2020,1,26.973,100.238,1.389,575.9584935405159,0.728872228
7/17/2020 1:00,2020,7,17,7/17/2020,2,26.005,99.688,1.352,575.9570202,0.728870363
7/17/2020 2:00,2020,7,17,7/17/2020,3,22.884,100.514,1.234,575.9555163955863,0.72886846
7/17/2020 3:00,2020,7,17,7/17/2020,4,20.971,100.84,1.217,575.9539822741124,0.728866519
7/17/2020 4:00,2020,7,17,7/17/2020,5,18.571,99.87,1.211,575.9524177876792,0.728864539
7/17/2020 5:00,2020,7,17,7/17/2020,6,16.416,99.506,1.178,575.9508229,0.728862521
7/17/2020 6:00,2020,7,17,7/17/2020,7,16.168,98.877,1.173,575.9491977,0.728860464
7/17/2020 7:00,2020,7,17,7/17/2020,8,16.306,100.985,1.176,607.3040187672273,0.768539813
7/17/2020 8:00,2020,7,17,7/17/2020,9,14.364,102.63,1.137,683.0035639545489,0.864337161
7/17/2020 9:00,2020,7,17,7/17/2020,10,13.639,101.532,1.123,758.7030787810919,0.960134471
7/17/2020 10:00,2020,7,17,7/17/2020,11,14.492,102.135,1.14,790.0578087428283,0.999813705
7/17/2020 11:00,2020,7,17,7/17/2020,12,14.875,102.399,1.148,790.0560317250929,0.999811456
7/17/2020 12:00,2020,7,17,7/17/2020,13,18.262,101.943,1.211,790.0542243492747,0.999809169
7/17/2020 13:00,2020,7,17,7/17/2020,14,18.562,101.961,1.211,790.0523866163035,0.999806843
7/17/2020 14:00,2020,7,17,7/17/2020,15,19.273,102.725,1.213,790.0505185271247,0.999804479
7/17/2020 15:00,2020,7,17,7/17/2020,16,22.118,102.733,1.219,790.0486200826996,0.999802077
7/17/2020 16:00,2020,7,17,7/17/2020,17,22.801,102.09,1.231,790.0466912840045,0.999799636
7/17/2020 17:00,2020,7,17,7/17/2020,18,24.621,102.333,1.3,790.0447321320322,0.999797156
7/17/2020 18:00,2020,7,17,7/17/2020,19,25.024,100.865,1.315,790.0427426277902,0.999794639
7/17/2020 19:00,2020,7,17,7/17/2020,20,25.179,100.644,1.321,723.4270379526552,0.91549284
7/17/2020 20:00,2020,7,17,7/17/2020,21,28.207,99.375,1.414,656.8113029273134,0.831191003
7/17/2020 21:00,2020,7,17,7/17/2020,22,26.937,99.774,1.388,656.8092223724663,0.83118837
7/17/2020 22:00,2020,7,17,7/17/2020,23,28.675,99.682,1.423,656.8071114695373,0.831185698
7/17/2020 23:00,2020,7,17,7/17/2020,24,26.859,101.57,1.385,616.3609472933985,0.780001305
7/18/2020 0:00,2020,7,18,7/18/2020,1,26.757,99.27,1.381,575.9147527713652,0.728816874
7/18/2020 1:00,2020,7,18,7/18/2020,2,23.707,99.072,1.266,575.9125508307691,0.728814088
7/18/2020 2:00,2020,7,18,7/18/2020,3,22.992,99.489,1.239,575.9103185465287,0.728811263
7/18/2020 3:00,2020,7,18,7/18/2020,4,22.204,99.507,1.219,575.9080559197926,0.728808399
7/18/2020 4:00,2020,7,18,7/18/2020,5,19.613,100.651,1.214,575.9057629517247,0.728805498
7/18/2020 5:00,2020,7,18,7/18/2020,6,17.786,100.239,1.206,575.9034396435046,0.728802557
7/18/2020 6:00,2020,7,18,7/18/2020,7,14.54,99.837,1.141,575.9010859963275,0.728799579
7/18/2020 7:00,2020,7,18,7/18/2020,8,14.919,99.629,1.148,607.2551786318797,0.768478006
7/18/2020 8:00,2020,7,18,7/18/2020,9,14.805,102.831,1.146,682.9539954,0.864274433
7/18/2020 9:00,2020,7,18,7/18/2020,10,15.695,103.158,1.164,758.6527819044888,0.96007082
7/18/2020 10:00,2020,7,18,7/18/2020,11,15.434,103.109,1.159,790.0067835,0.999749133
7/18/2020 11:00,2020,7,18,7/18/2020,12,14.434,102.809,1.139,790.0042782107375,0.999745962
7/18/2020 12:00,2020,7,18,7/18/2020,13,16.134,100.986,1.173,790.0017425557934,0.999742753
7/18/2020 13:00,2020,7,18,7/18/2020,14,18.142,101.241,1.21,789.9991765706959,0.999739506
7/18/2020 14:00,2020,7,18,7/18/2020,15,19.747,103.104,1.214,789.9965802567656,0.99973622
7/18/2020 15:00,2020,7,18,7/18/2020,16,20.133,101.831,1.215,789.9939536153379,0.999732896
7/18/2020 16:00,2020,7,18,7/18/2020,17,22.838,102.264,1.233,789.9912966477641,0.999729534
7/18/2020 17:00,2020,7,18,7/18/2020,18,25.032,99.702,1.316,789.9886094,0.999726133
7/18/2020 18:00,2020,7,18,7/18/2020,19,26.717,103.059,1.379,789.9858917396614,0.999722694
7/18/2020 19:00,2020,7,18,7/18/2020,20,26.67,103.711,1.378,723.3694589822663,0.915419974
7/18/2020 20:00,2020,7,18,7/18/2020,21,25.871,98.819,1.347,656.7529959042863,0.831117215
7/18/2020 21:00,2020,7,18,7/18/2020,22,27.871,100.357,1.407,656.7501873267977,0.831113661
7/18/2020 22:00,2020,7,18,7/18/2020,23,27.496,100.856,1.4,656.7473484315985,0.831110068
7/18/2020 23:00,2020,7,18,7/18/2020,24,27.145,101.308,1.393,616.3004562939349,0.779924754
7/19/2020 0:00,2020,7,19,7/19/2020,1,26.563,99.74,1.373,575.8535338414972,0.728739402
7/19/2020 1:00,2020,7,19,7/19/2020,2,23.163,101.004,1.245,575.8506040019914,0.728735694
7/19/2020 2:00,2020,7,19,7/19/2020,3,23.225,99.927,1.247,575.8476438507106,0.728731948
7/19/2020 3:00,2020,7,19,7/19/2020,4,21.643,99.356,1.218,575.8446533891774,0.728728164
7/19/2020 4:00,2020,7,19,7/19/2020,5,18.926,101.753,1.212,575.8416326189306,0.728724341
7/19/2020 5:00,2020,7,19,7/19/2020,6,17.883,99.29,1.208,575.8385815,0.72872048
7/19/2020 6:00,2020,7,19,7/19/2020,7,16.784,100.03,1.186,575.8355001585275,0.72871658
7/19/2020 7:00,2020,7,19,7/19/2020,8,16.73,98.188,1.185,607.1888650920014,0.768394087
7/19/2020 8:00,2020,7,19,7/19/2020,9,15.23,100.263,1.155,682.8869542279821,0.864189592
7/19/2020 9:00,2020,7,19,7/19/2020,10,13.333,100.864,1.117,758.5850130631752,0.959985059
7/19/2020 10:00,2020,7,19,7/19/2020,11,12.655,102.153,1.103,789.9382870943022,0.999662451
7/19/2020 11:00,2020,7,19,7/19/2020,12,16.295,102.138,1.176,789.9350542074461,0.99965836
7/19/2020 12:00,2020,7,19,7/19/2020,13,16.908,102.243,1.188,789.9317910247453,0.99965423
7/19/2020 13:00,2020,7,19,7/19/2020,14,15.659,101.944,1.163,789.9284975478787,0.999650062
7/19/2020 14:00,2020,7,19,7/19/2020,15,18.187,102.91,1.21,789.9251737785405,0.999645856
7/19/2020 15:00,2020,7,19,7/19/2020,16,21.844,103.281,1.219,789.9218197184407,0.999641611
7/19/2020 16:00,2020,7,19,7/19/2020,17,22.7,100.661,1.228,789.9184353693047,0.999637329
7/19/2020 17:00,2020,7,19,7/19/2020,18,25.271,100.461,1.325,789.9150207328739,0.999633007
7/19/2020 18:00,2020,7,19,7/19/2020,19,23.589,101.822,1.261,789.9115758109049,0.999628648
7/19/2020 19:00,2020,7,19,7/19/2020,20,27.031,101.38,1.391,723.2944157855228,0.915325007
7/19/2020 20:00,2020,7,19,7/19/2020,21,26.7,101.49,1.379,656.6772254781627,0.831021328
7/19/2020 21:00,2020,7,19,7/19/2020,22,28.192,100.072,1.414,656.6736897102747,0.831016854
7/19/2020 22:00,2020,7,19,7/19/2020,23,26.239,99.783,1.361,656.6701237,0.831012341
7/19/2020 23:00,2020,7,19,7/19/2020,24,26.782,99.042,1.382,616.2225044150523,0.779826107
7/20/2020 0:00,2020,7,20,7/20/2020,1,25.345,99.499,1.327,575.7748548914024,0.728639834
7/20/2020 1:00,2020,7,20,7/20/2020,2,24.524,99.455,1.296,575.7711980211614,0.728635206
7/20/2020 2:00,2020,7,20,7/20/2020,3,24,99.481,1.277,575.7675108799966,0.72863054
7/20/2020 3:00,2020,7,20,7/20/2020,4,22.273,99.278,1.219,575.7637934698048,0.728625836
7/20/2020 4:00,2020,7,20,7/20/2020,5,18.525,98.131,1.211,575.7600457924985,0.728621093
7/20/2020 5:00,2020,7,20,7/20/2020,6,16.899,99.399,1.188,575.7562678500057,0.728616312
7/20/2020 6:00,2020,7,20,7/20/2020,7,15.866,100.655,1.167,575.7524596442698,0.728611493
7/20/2020 7:00,2020,7,20,7/20/2020,8,13.423,100.849,1.118,607.1050977977254,0.76828808
7/20/2020 8:00,2020,7,20,7/20/2020,9,16.092,103.04,1.172,682.8024601967828,0.864082666
7/20/2020 9:00,2020,7,20,7/20/2020,10,15.992,104.195,1.17,758.4997923385215,0.959877213
7/20/2020 10:00,2020,7,20,7/20/2020,11,15.203,101.674,1.154,789.8523397200365,0.999553685
7/20/2020 11:00,2020,7,20,7/20/2020,12,15.596,101.585,1.162,789.8483802277849,0.999548674
7/20/2020 12:00,2020,7,20,7/20/2020,13,15.894,103.088,1.168,789.8443904842791,0.999543625
7/20/2020 13:00,2020,7,20,7/20/2020,14,16.946,102.368,1.189,789.8403704915713,0.999538538
7/20/2020 14:00,2020,7,20,7/20/2020,15,19.031,101.151,1.212,789.8363202517298,0.999533412
7/20/2020 15:00,2020,7,20,7/20/2020,16,20.823,104.438,1.216,789.8322397668385,0.999528248
7/20/2020 16:00,2020,7,20,7/20/2020,17,23.011,100.747,1.239,789.8281290389962,0.999523046
7/20/2020 17:00,2020,7,20,7/20/2020,18,24.139,101.295,1.282,789.8239880703179,0.999517806
7/20/2020 18:00,2020,7,20,7/20/2020,19,26.438,102.603,1.369,789.8198168629342,0.999512527
7/20/2020 19:00,2020,7,20,7/20/2020,20,26.745,101.833,1.38,723.2019305993438,0.915207968
7/20/2020 20:00,2020,7,20,7/20/2020,21,26.418,99.411,1.368,656.5840141,0.83090337
7/20/2020 21:00,2020,7,20,7/20/2020,22,27.713,101.007,1.404,656.5797521907921,0.830897976
7/20/2020 22:00,2020,7,20,7/20/2020,23,26.497,101.213,1.371,656.5754600502005,0.830892545
7/20/2020 23:00,2020,7,20,7/20/2020,24,26.541,100.237,1.373,616.1271147555743,0.779705392
7/21/2020 0:00,2020,7,21,7/21/2020,1,26.164,99.294,1.358,575.6787392353513,0.7285182
7/21/2020 1:00,2020,7,21,7/21/2020,2,24.583,98.845,1.299,575.6743564179849,0.728512654
7/21/2020 2:00,2020,7,21,7/21/2020,3,22.614,99.852,1.224,575.6699433795156,0.728507069
7/21/2020 3:00,2020,7,21,7/21/2020,4,21.098,100.082,1.217,575.6655001222141,0.728501446
7/21/2020 4:00,2020,7,21,7/21/2020,5,20.308,100.15,1.215,575.6610266483658,0.728495785
7/21/2020 5:00,2020,7,21,7/21/2020,6,17.214,101.531,1.194,575.6565229602726,0.728490086
7/21/2020 6:00,2020,7,21,7/21/2020,7,16.499,100.579,1.18,575.6519891,0.728484348
7/21/2020 7:00,2020,7,21,7/21/2020,8,15.435,102.489,1.159,607.0039016,0.768160017
7/21/2020 8:00,2020,7,21,7/21/2020,9,14.883,103.982,1.148,682.7005383796302,0.863953684
7/21/2020 9:00,2020,7,21,7/21/2020,10,13.779,102.259,1.126,758.3971449832675,0.959747313
7/21/2020 10:00,2020,7,21,7/21/2020,11,12.855,101.764,1.107,789.7489668794888,0.999422867
7/21/2020 11:00,2020,7,21,7/21/2020,12,14.461,101.82,1.139,789.7442819551248,0.999416938
7/21/2020 12:00,2020,7,21,7/21/2020,13,15.389,103.452,1.158,789.7395668,0.999410971
7/21/2020 13:00,2020,7,21,7/21/2020,14,17.029,101.908,1.191,789.7348215157227,0.999404966
7/21/2020 14:00,2020,7,21,7/21/2020,15,21.097,101.884,1.217,789.7300460055515,0.999398923
7/21/2020 15:00,2020,7,21,7/21/2020,16,20.624,101.887,1.216,789.7252403050041,0.999392841
7/21/2020 16:00,2020,7,21,7/21/2020,17,23.083,99.541,1.242,789.7204044165529,0.999386721
7/21/2020 17:00,2020,7,21,7/21/2020,18,24.225,101.517,1.285,789.7155383426857,0.999380563
7/21/2020 18:00,2020,7,21,7/21/2020,19,26.025,102.624,1.353,789.7106420859059,0.999374367
7/21/2020 19:00,2020,7,21,7/21/2020,20,28.051,103.637,1.411,723.0920308290854,0.91506889
7/21/2020 20:00,2020,7,21,7/21/2020,21,27.644,101.103,1.403,656.4733893944059,0.830763375
7/21/2020 21:00,2020,7,21,7/21/2020,22,27.441,99.547,1.399,656.4684026040641,0.830757064
7/21/2020 22:00,2020,7,21,7/21/2020,23,26.775,100.315,1.381,656.4633856409785,0.830750715
7/21/2020 23:00,2020,7,21,7/21/2020,24,26.589,99.383,1.374,616.0143155815159,0.779562645
7/22/2020 0:00,2020,7,22,7/22/2020,1,27.281,101.004,1.396,575.5652153544873,0.728374537
7/22/2020 1:00,2020,7,22,7/22/2020,2,24.498,98.137,1.295,575.5601078887188,0.728368073
7/22/2020 2:00,2020,7,22,7/22/2020,3,22.852,97.874,1.233,575.5549702606238,0.728361571
7/22/2020 3:00,2020,7,22,7/22/2020,4,19.739,99.989,1.214,575.5498024728454,0.728355032
7/22/2020 4:00,2020,7,22,7/22/2020,5,18.56,99.139,1.211,575.5446045280423,0.728348454
7/22/2020 5:00,2020,7,22,7/22/2020,6,18.688,100.899,1.212,575.5393764288885,0.728341838
7/22/2020 6:00,2020,7,22,7/22/2020,7,15.686,100.506,1.164,575.5341181780738,0.728335183
7/22/2020 7:00,2020,7,22,7/22/2020,8,15.289,100.523,1.156,606.8853063987781,0.768009935
7/22/2020 8:00,2020,7,22,7/22/2020,9,15.753,100.453,1.165,682.5812189781584,0.863802686
7/22/2020 9:00,2020,7,22,7/22/2020,10,14.637,101.915,1.143,758.2771014140396,0.959595399
7/22/2020 10:00,2020,7,22,7/22/2020,11,14.555,97.126,1.141,789.6281992042627,0.999270036
7/22/2020 11:00,2020,7,22,7/22/2020,12,15.683,99.297,1.164,789.6227902360306,0.999263191
7/22/2020 12:00,2020,7,22,7/22/2020,13,16.749,99.932,1.185,789.6173511,0.999256308
7/22/2020 13:00,2020,7,22,7/22/2020,14,17.826,99.79,1.207,789.6118818967723,0.999249387
7/22/2020 14:00,2020,7,22,7/22/2020,15,19.669,100.295,1.214,789.6063825313579,0.999242427
7/22/2020 15:00,2020,7,22,7/22/2020,16,21.898,99.47,1.219,789.6008530391875,0.99923543
7/22/2020 16:00,2020,7,22,7/22/2020,17,21.961,99.071,1.219,789.5952934231054,0.999228394
7/22/2020 17:00,2020,7,22,7/22/2020,18,24.627,98.923,1.3,789.5897036859718,0.99922132
7/22/2020 18:00,2020,7,22,7/22/2020,19,26.11,99.274,1.356,789.5840838306626,0.999214209
7/22/2020 19:00,2020,7,22,7/22/2020,20,26.359,99.083,1.366,722.964749,0.914907816
7/22/2020 20:00,2020,7,22,7/22/2020,21,26.833,101.044,1.384,656.3453841378034,0.830601385
7/22/2020 21:00,2020,7,22,7/22/2020,22,27.216,99.713,1.394,656.3396739453761,0.830594159
7/22/2020 22:00,2020,7,22,7/22/2020,23,27,100.534,1.39,656.3339336464311,0.830586894
7/22/2020 23:00,2020,7,22,7/22/2020,24,26.957,100.325,1.388,615.8841403177069,0.779397909
7/23/2020 0:00,2020,7,23,7/23/2020,1,26.087,100.743,1.356,575.4343168883865,0.728208885
7/23/2020 1:00,2020,7,23,7/23/2020,2,24.575,100.777,1.298,575.4284862876682,0.728201507
7/23/2020 2:00,2020,7,23,7/23/2020,3,23.895,98.392,1.273,575.4226255923375,0.72819409
7/23/2020 3:00,2020,7,23,7/23/2020,4,21.375,101.465,1.218,575.4167348054093,0.728186635
7/23/2020 4:00,2020,7,23,7/23/2020,5,20.424,100.762,1.215,575.4108139299144,0.728179142
7/23/2020 5:00,2020,7,23,7/23/2020,6,17.141,99.352,1.193,575.4048629688987,0.728171611
7/23/2020 6:00,2020,7,23,7/23/2020,7,16.317,99.192,1.176,575.3988819254239,0.728164043
7/23/2020 7:00,2020,7,23,7/23/2020,8,15.633,99.984,1.163,606.7493474230419,0.76783788
7/23/2020 8:00,2020,7,23,7/23/2020,9,15.858,100.707,1.167,682.4445373492811,0.863629716
7/23/2020 9:00,2020,7,23,7/23/2020,10,14.886,100.674,1.148,758.1396972023384,0.959421514
7/23/2020 10:00,2020,7,23,7/23/2020,11,12.843,100.338,1.107,789.4900724804266,0.999095238
7/23/2020 11:00,2020,7,23,7/23/2020,12,15.579,100.626,1.162,789.4839410711203,0.999087478
7/23/2020 12:00,2020,7,23,7/23/2020,13,15.824,99.657,1.166,789.4777796,0.999079681
7/23/2020 13:00,2020,7,23,7/23/2020,14,15.56,101.583,1.161,789.4715880643823,0.999071846
7/23/2020 14:00,2020,7,23,7/23/2020,15,19.021,100.293,1.212,789.4653664733057,0.999063972
7/23/2020 15:00,2020,7,23,7/23/2020,16,20.543,99.086,1.216,789.4591148280199,0.999056061
7/23/2020 16:00,2020,7,23,7/23/2020,17,22.416,98.472,1.22,789.4528331,0.999048111
7/23/2020 17:00,2020,7,23,7/23/2020,18,24.899,100.172,1.311,789.4465214,0.999040124
7/23/2020 18:00,2020,7,23,7/23/2020,19,26.72,98.915,1.379,789.4401795991467,0.999032099
7/23/2020 19:00,2020,7,23,7/23/2020,20,26.271,101.322,1.362,722.8201229496941,0.914724792
7/23/2020 20:00,2020,7,23,7/23/2020,21,27.236,99.47,1.395,656.2000362622679,0.830417448
7/23/2020 21:00,2020,7,23,7/23/2020,22,27.506,100.489,1.4,656.1936043598087,0.830409308
7/23/2020 22:00,2020,7,23,7/23/2020,23,27.818,98.889,1.406,656.1871424259783,0.830401131
7/23/2020 23:00,2020,7,23,7/23/2020,24,26.944,98.858,1.388,615.7366275378871,0.779211232
7/24/2020 0:00,2020,7,24,7/24/2020,1,25.131,101.038,1.319,575.2860826250892,0.728021296
7/24/2020 1:00,2020,7,24,7/24/2020,2,24.703,100.515,1.303,575.2795306171539,0.728013004
7/24/2020 2:00,2020,7,24,7/24/2020,3,23.628,99.783,1.263,575.2729486,0.728004675
7/24/2020 3:00,2020,7,24,7/24/2020,4,20.074,101.677,1.215,575.2663365507274,0.727996307
7/24/2020 4:00,2020,7,24,7/24/2020,5,19.605,99.338,1.214,575.2596944990239,0.727987902
7/24/2020 5:00,2020,7,24,7/24/2020,6,16.776,100.029,1.186,575.2530224395446,0.727979458
7/24/2020 6:00,2020,7,24,7/24/2020,7,16.988,100.917,1.19,575.2463203757219,0.727970977
7/24/2020 7:00,2020,7,24,7/24/2020,8,16.461,100.455,1.179,606.5960649314788,0.767643902
7/24/2020 8:00,2020,7,24,7/24/2020,9,15.624,99.998,1.162,682.2905339947147,0.863434826
7/24/2020 9:00,2020,7,24,7/24/2020,10,13.884,102.761,1.128,757.9849730639974,0.959225712
7/24/2020 10:00,2020,7,24,7/24/2020,11,14.883,102.63,1.148,789.3346276379101,0.998898523
7/24/2020 11:00,2020,7,24,7/24/2020,12,14.313,102.894,1.136,789.3277756043985,0.998889852
7/24/2020 12:00,2020,7,24,7/24/2020,13,17.526,100.273,1.201,789.3208935874627,0.998881143
7/24/2020 13:00,2020,7,24,7/24/2020,14,19.058,101.996,1.212,789.3139815906432,0.998872396
7/24/2020 14:00,2020,7,24,7/24/2020,15,18.645,101.846,1.211,789.3070396174958,0.998863611
7/24/2020 15:00,2020,7,24,7/24/2020,16,21.026,100.888,1.217,789.3000676715922,0.998854788
7/24/2020 16:00,2020,7,24,7/24/2020,17,22.715,102.273,1.228,789.2930657565189,0.998845927
7/24/2020 17:00,2020,7,24,7/24/2020,18,25.148,102.762,1.32,789.2860338758783,0.998837028
7/24/2020 18:00,2020,7,24,7/24/2020,19,24.722,101.042,1.304,789.2789720332878,0.998828091
7/24/2020 19:00,2020,7,24,7/24/2020,20,27.865,101.463,1.407,722.6581954127339,0.914519874
7/24/2020 20:00,2020,7,24,7/24/2020,21,27.645,100.498,1.403,656.0373888375116,0.830211619
7/24/2020 21:00,2020,7,24,7/24/2020,22,28.732,100.668,1.425,656.0302371309317,0.830202568
7/24/2020 22:00,2020,7,24,7/24/2020,23,26.566,100.22,1.374,656.0230554770267,0.83019348
7/24/2020 23:00,2020,7,24,7/24/2020,24,26.463,100.552,1.37,615.571821,0.779002671
7/25/2020 0:00,2020,7,25,7/25/2020,1,25.355,100.756,1.328,575.1205564896069,0.727811823
7/25/2020 1:00,2020,7,25,7/25/2020,2,23.526,102.675,1.259,575.1132850159561,0.727802621
7/25/2020 2:00,2020,7,25,7/25/2020,3,22.843,101.124,1.233,575.1059836098511,0.727793381
7/25/2020 3:00,2020,7,25,7/25/2020,4,21.875,98.906,1.219,575.0986522750484,0.727784104
7/25/2020 4:00,2020,7,25,7/25/2020,5,19.232,100.648,1.213,575.0912910153197,0.727774788
7/25/2020 5:00,2020,7,25,7/25/2020,6,16.546,101.526,1.181,575.0838998344518,0.727765434
7/25/2020 6:00,2020,7,25,7/25/2020,7,16.996,100.541,1.19,575.0764787362475,0.727756043
7/25/2020 7:00,2020,7,25,7/25/2020,8,16.659,101.242,1.183,606.4255043449996,0.767428058
7/25/2020 8:00,2020,7,25,7/25/2020,9,14.926,102.091,1.149,682.1192545,0.863218073
7/25/2020 9:00,2020,7,25,7/25/2020,10,14.606,103.78,1.142,757.8129748471176,0.959008049
7/25/2020 10:00,2020,7,25,7/25/2020,11,14.542,102.203,1.141,789.1619107383747,0.998679951
7/25/2020 11:00,2020,7,25,7/25/2020,12,12.89,102.136,1.108,789.1543401,0.99867037
7/25/2020 12:00,2020,7,25,7/25/2020,13,16.541,99.978,1.181,789.1467395895529,0.998660752
7/25/2020 13:00,2020,7,25,7/25/2020,14,16.979,99.756,1.19,789.1391091777544,0.998651096
7/25/2020 14:00,2020,7,25,7/25/2020,15,19.382,102.002,1.213,789.1314488795929,0.998641402
7/25/2020 15:00,2020,7,25,7/25/2020,16,20.038,99.837,1.215,789.1237586990095,0.99863167
7/25/2020 16:00,2020,7,25,7/25/2020,17,22.881,102.118,1.234,789.1160386399604,0.9986219
7/25/2020 17:00,2020,7,25,7/25/2020,18,23.744,103.046,1.267,789.1082887064172,0.998612092
7/25/2020 18:00,2020,7,25,7/25/2020,19,26.798,101.884,1.382,789.1005089023669,0.998602247
7/25/2020 19:00,2020,7,25,7/25/2020,20,27.258,101.508,1.395,722.4790144121652,0.914293121
7/25/2020 20:00,2020,7,25,7/25/2020,21,27.15,100.133,1.393,655.8574900594765,0.829983958
7/25/2020 21:00,2020,7,25,7/25/2020,22,26.484,100.899,1.37,655.8496206679811,0.829973999
7/25/2020 22:00,2020,7,25,7/25/2020,23,27.478,99.932,1.4,655.8417214220805,0.829964003
7/25/2020 23:00,2020,7,25,7/25/2020,24,27.777,98.691,1.406,615.3897693996244,0.778772285
7/26/2020 0:00,2020,7,26,7/26/2020,1,26.45,101.303,1.369,574.9377875309058,0.72758053
7/26/2020 1:00,2020,7,26,7/26/2020,2,22.961,99.797,1.237,574.9297987,0.72757042
7/26/2020 2:00,2020,7,26,7/26/2020,3,22.181,98.629,1.219,574.9217801235044,0.727560273
7/26/2020 3:00,2020,7,26,7/26/2020,4,20.998,100.461,1.217,574.9137316668423,0.727550088
7/26/2020 4:00,2020,7,26,7/26/2020,5,19.636,100.747,1.214,574.9056533803883,0.727539865
7/26/2020 5:00,2020,7,26,7/26/2020,6,18.015,99.4,1.21,574.8975452682985,0.727529604
7/26/2020 6:00,2020,7,26,7/26/2020,7,17.596,98.967,1.202,574.8894073,0.727519305
7/26/2020 7:00,2020,7,26,7/26/2020,8,15.764,100.338,1.165,606.2377162043867,0.767190414
7/26/2020 8:00,2020,7,26,7/26/2020,9,14.656,101.86,1.143,681.9307497658642,0.862979521
7/26/2020 9:00,2020,7,26,7/26/2020,10,13.747,100.397,1.125,757.6237535184831,0.958768591
7/26/2020 10:00,2020,7,26,7/26/2020,11,14.61,103.202,1.142,788.971973,0.998439586
7/26/2020 11:00,2020,7,26,7/26/2020,12,15.756,101.905,1.165,788.963686,0.998429099
7/26/2020 12:00,2020,7,26,7/26/2020,13,16.625,101.051,1.183,788.9553692,0.998418574
7/26/2020 13:00,2020,7,26,7/26/2020,14,15.882,102.229,1.168,788.9470226441861,0.998408011
7/26/2020 14:00,2020,7,26,7/26/2020,15,18.785,101.606,1.212,788.9386462909221,0.998397411
7/26/2020 15:00,2020,7,26,7/26/2020,16,19.401,101.329,1.213,788.9302401544253,0.998386773
7/26/2020 16:00,2020,7,26,7/26/2020,17,22.783,101.513,1.231,788.9218042390204,0.998376097
7/26/2020 17:00,2020,7,26,7/26/2020,18,24.84,102.525,1.308,788.9133385490471,0.998365384
7/26/2020 18:00,2020,7,26,7/26/2020,19,23.471,101.13,1.257,788.9048430888608,0.998354633
7/26/2020 19:00,2020,7,26,7/26/2020,20,27.491,102.825,1.4,722.2826330431855,0.914044602
7/26/2020 20:00,2020,7,26,7/26/2020,21,29.246,100.818,1.435,655.6603932360534,0.829734533
7/26/2020 21:00,2020,7,26,7/26/2020,22,28.019,99.253,1.41,655.6518084915131,0.829723669
7/26/2020 22:00,2020,7,26,7/26/2020,23,27.928,99.257,1.409,655.6431939943336,0.829712767
7/26/2020 23:00,2020,7,26,7/26/2020,24,26.903,100.115,1.386,615.1905268227333,0.778520145
7/27/2020 0:00,2020,7,27,7/27/2020,1,25.572,99.681,1.336,574.7378299,0.727327485
7/27/2020 1:00,2020,7,27,7/27/2020,2,24.612,101.183,1.3,574.7291261789295,0.72731647
7/27/2020 2:00,2020,7,27,7/27/2020,3,22.852,99.873,1.233,574.7203927156661,0.727305418
7/27/2020 3:00,2020,7,27,7/27/2020,4,20.282,98.352,1.215,574.7116295,0.727294328
7/27/2020 4:00,2020,7,27,7/27/2020,5,20.152,98.022,1.215,574.7028366026674,0.727283201
7/27/2020 5:00,2020,7,27,7/27/2020,6,16.885,98.682,1.188,574.6940139619642,0.727272036
7/27/2020 6:00,2020,7,27,7/27/2020,7,15.862,98.759,1.167,574.6851616045049,0.727260833
7/27/2020 7:00,2020,7,27,7/27/2020,8,16.506,100.876,1.18,606.0327562,0.766931038
7/27/2020 8:00,2020,7,27,7/27/2020,9,15.096,100.987,1.152,681.7250755034117,0.862719241
7/27/2020 9:00,2020,7,27,7/27/2020,10,13.007,103.188,1.11,757.4173651484571,0.958507407
7/27/2020 10:00,2020,7,27,7/27/2020,11,14.877,102.188,1.148,788.7648705901438,0.998177499
7/27/2020 11:00,2020,7,27,7/27/2020,12,16.064,101.394,1.171,788.7558697175234,0.998166108
7/27/2020 12:00,2020,7,27,7/27/2020,13,16.667,100.378,1.183,788.7468391557014,0.99815468
7/27/2020 13:00,2020,7,27,7/27/2020,14,18.953,102.014,1.212,788.7377789093238,0.998143214
7/27/2020 14:00,2020,7,27,7/27/2020,15,19.502,101.898,1.213,788.7286889830515,0.998131711
7/27/2020 15:00,2020,7,27,7/27/2020,16,20.583,100.391,1.216,788.7195694,0.99812017
7/27/2020 16:00,2020,7,27,7/27/2020,17,23.646,101.298,1.263,788.7104201,0.998108592
7/27/2020 17:00,2020,7,27,7/27/2020,18,24.632,100.943,1.301,788.7012411717074,0.998096976
7/27/2020 18:00,2020,7,27,7/27/2020,19,26.057,102.468,1.354,788.6920325727735,0.998085323
7/27/2020 19:00,2020,7,27,7/27/2020,20,26.377,101.593,1.366,722.0691094978326,0.913774389
7/27/2020 20:00,2020,7,27,7/27/2020,21,28.679,99.864,1.424,655.4461567712844,0.829463418
7/27/2020 21:00,2020,7,27,7/27/2020,22,29.206,99.687,1.434,655.4368592175442,0.829451652
7/27/2020 22:00,2020,7,27,7/27/2020,23,25.944,99.925,1.35,655.4275320217478,0.829439848
7/27/2020 23:00,2020,7,27,7/27/2020,24,26.331,100.098,1.365,614.9741522624796,0.778246324
7/28/2020 0:00,2020,7,28,7/28/2020,1,24.911,99.095,1.311,574.5207428707675,0.727052762
7/28/2020 1:00,2020,7,28,7/28/2020,2,23.701,101.027,1.265,574.5113267776549,0.727040846
7/28/2020 2:00,2020,7,28,7/28/2020,3,22.673,100.109,1.227,574.5018810617714,0.727028893
7/28/2020 3:00,2020,7,28,7/28/2020,4,20.67,102.666,1.216,574.4924057279768,0.727016902
7/28/2020 4:00,2020,7,28,7/28/2020,5,20.641,99.34,1.216,574.4829007811454,0.727004874
7/28/2020 5:00,2020,7,28,7/28/2020,6,17.722,100.988,1.204,574.4733662261676,0.726992808
7/28/2020 6:00,2020,7,28,7/28/2020,7,15.39,98.738,1.158,574.4638020679481,0.726980704
7/28/2020 7:00,2020,7,28,7/28/2020,8,15.128,99.457,1.153,605.8106849318827,0.766650008
7/28/2020 8:00,2020,7,28,7/28/2020,9,14.335,100.501,1.137,681.5022927073426,0.862437311
7/28/2020 9:00,2020,7,28,7/28/2020,10,13.968,101.622,1.129,757.1938708943677,0.958224577
7/28/2020 10:00,2020,7,28,7/28/2020,11,15.234,102.091,1.155,788.5406649930133,0.997893768
7/28/2020 11:00,2020,7,28,7/28/2020,12,16.485,101.78,1.18,788.5309528926964,0.997881477
7/28/2020 12:00,2020,7,28,7/28/2020,13,15.343,100.013,1.157,788.5212112188888,0.997869149
7/28/2020 13:00,2020,7,28,7/28/2020,14,17.868,102.716,1.207,788.5114399766018,0.997856784
7/28/2020 14:00,2020,7,28,7/28/2020,15,20.755,102.905,1.216,788.5016391708625,0.997844381
7/28/2020 15:00,2020,7,28,7/28/2020,16,21.701,99.628,1.218,788.4918088067132,0.997831941
7/28/2020 16:00,2020,7,28,7/28/2020,17,23.018,102.885,1.24,788.4819488892108,0.997819463
7/28/2020 17:00,2020,7,28,7/28/2020,18,25.226,100.98,1.323,788.4720594234282,0.997806948
7/28/2020 18:00,2020,7,28,7/28/2020,19,25.904,103.341,1.349,788.4621404144532,0.997794395
7/28/2020 19:00,2020,7,28,7/28/2020,20,26.388,102.068,1.367,721.8385070477414,0.913482563
7/28/2020 20:00,2020,7,28,7/28/2020,21,26.604,99.897,1.375,655.2148441480582,0.829170693
7/28/2020 21:00,2020,7,28,7/28/2020,22,27.739,98.602,1.405,655.2048365401838,0.829158028
7/28/2020 22:00,2020,7,28,7/28/2020,23,25.906,101.161,1.349,655.1947994096196,0.829145326
7/28/2020 23:00,2020,7,28,7/28/2020,24,27.204,98.258,1.394,614.7407098353152,0.777950904
7/29/2020 0:00,2020,7,29,7/29/2020,1,24.02,99.292,1.277,574.2865907486638,0.726756444
7/29/2020 1:00,2020,7,29,7/29/2020,2,23.829,99.487,1.27,574.2764650810736,0.72674363
7/29/2020 2:00,2020,7,29,7/29/2020,3,23.023,100.424,1.24,574.2663099115396,0.726730779
7/29/2020 3:00,2020,7,29,7/29/2020,4,20.916,100.023,1.216,574.2561252452861,0.72671789
7/29/2020 4:00,2020,7,29,7/29/2020,5,19.126,98.192,1.213,574.2459110875529,0.726704964
7/29/2020 5:00,2020,7,29,7/29/2020,6,18.684,100.009,1.212,574.2356674435948,0.726692001
7/29/2020 6:00,2020,7,29,7/29/2020,7,17.168,100.506,1.193,574.2253943186817,0.726679001
7/29/2020 7:00,2020,7,29,7/29/2020,8,14.627,101.624,1.143,605.5715683385738,0.766347407
7/29/2020 8:00,2020,7,29,7/29/2020,9,14.955,98.607,1.149,681.2624674,0.862133813
7/29/2020 9:00,2020,7,29,7/29/2020,10,13.569,101.083,1.121,756.9533369823861,0.957920182
7/29/2020 10:00,2020,7,29,7/29/2020,11,13.894,100.373,1.128,788.2994226071305,0.997588477
7/29/2020 11:00,2020,7,29,7/29/2020,12,14.873,100.545,1.147,788.2890021570222,0.99757529
7/29/2020 12:00,2020,7,29,7/29/2020,13,16.154,99.982,1.173,788.2785523,0.997562066
7/29/2020 13:00,2020,7,29,7/29/2020,14,18.244,100.31,1.211,788.2680729151307,0.997548804
7/29/2020 14:00,2020,7,29,7/29/2020,15,19.68,101.645,1.214,788.2575641341148,0.997535505
7/29/2020 15:00,2020,7,29,7/29/2020,16,20.107,99.369,1.215,788.2470259202555,0.997522169
7/29/2020 16:00,2020,7,29,7/29/2020,17,23.443,101.675,1.256,788.2364582789743,0.997508796
7/29/2020 17:00,2020,7,29,7/29/2020,18,25.976,100.693,1.351,788.2258612157079,0.997495385
7/29/2020 18:00,2020,7,29,7/29/2020,19,26.211,101.183,1.36,788.2152347,0.997481938
7/29/2020 19:00,2020,7,29,7/29/2020,20,28.522,98.303,1.42,721.5908940253946,0.91316921
7/29/2020 20:00,2020,7,29,7/29/2020,21,26.874,100.354,1.385,654.9665239092967,0.828856445
7/29/2020 21:00,2020,7,29,7/29/2020,22,27.499,99.405,1.4,654.9558092127583,0.828842886
7/29/2020 22:00,2020,7,29,7/29/2020,23,26.847,100.266,1.384,654.9450651216448,0.828829289
7/29/2020 23:00,2020,7,29,7/29/2020,24,25.905,99.592,1.349,614.4902687152694,0.777633972
7/30/2020 0:00,2020,7,30,7/30/2020,1,27.118,101.786,1.392,574.0354429253888,0.726438618
7/30/2020 1:00,2020,7,30,7/30/2020,2,23.072,99.483,1.242,574.0246106837749,0.72642491
7/30/2020 2:00,2020,7,30,7/30/2020,3,22.715,98.74,1.228,574.0137490697861,0.726411165
7/30/2020 3:00,2020,7,30,7/30/2020,4,20.974,99.544,1.217,574.0028580890103,0.726397382
7/30/2020 4:00,2020,7,30,7/30/2020,5,19.078,100.164,1.212,573.9919377470508,0.726383563
7/30/2020 5:00,2020,7,30,7/30/2020,6,17.633,99.637,1.203,573.9809880495252,0.726369706
7/30/2020 6:00,2020,7,30,7/30/2020,7,16.281,101.119,1.176,573.970009,0.726355812
7/30/2020 7:00,2020,7,30,7/30/2020,8,14.866,99.243,1.147,605.3154772307994,0.766023325
7/30/2020 8:00,2020,7,30,7/30/2020,9,13.946,100.539,1.129,681.0056706258217,0.861808838
7/30/2020 9:00,2020,7,30,7/30/2020,10,13.783,98.492,1.126,756.6958346879014,0.957594315
7/30/2020 10:00,2020,7,30,7/30/2020,11,13.428,99.686,1.119,788.0412149178212,0.997261717
7/30/2020 11:00,2020,7,30,7/30/2020,12,14.656,99.753,1.143,788.0300892057255,0.997247637
7/30/2020 12:00,2020,7,30,7/30/2020,13,17.404,100.063,1.198,788.0189341778132,0.99723352
7/30/2020 13:00,2020,7,30,7/30/2020,14,17.771,99.632,1.205,788.0077498398232,0.997219367
7/30/2020 14:00,2020,7,30,7/30/2020,15,18.815,101.335,1.212,787.9965361975092,0.997205176
7/30/2020 15:00,2020,7,30,7/30/2020,16,20.633,98.918,1.216,787.9852933,0.997190948
7/30/2020 16:00,2020,7,30,7/30/2020,17,23.265,98.476,1.249,787.9740210230002,0.997176683
7/30/2020 17:00,2020,7,30,7/30/2020,18,23.26,100.857,1.249,787.9627195023886,0.997162381
7/30/2020 18:00,2020,7,30,7/30/2020,19,25.88,98.785,1.348,787.9513887006192,0.997148042
7/30/2020 19:00,2020,7,30,7/30/2020,20,26.324,100.587,1.364,721.3263438038746,0.912834423
7/30/2020 20:00,2020,7,30,7/30/2020,21,27.908,98.271,1.408,654.7012696,0.828520767
7/30/2020 21:00,2020,7,30,7/30/2020,22,27.971,99.901,1.409,654.6898510274394,0.828506317
7/30/2020 22:00,2020,7,30,7/30/2020,23,28.815,100.546,1.426,654.6784031594826,0.82849183
7/30/2020 23:00,2020,7,30,7/30/2020,24,27.511,100.745,1.4,614.2229031134508,0.777295623
7/31/2020 0:00,2020,7,31,7/31/2020,1,25.289,99.656,1.325,573.7673738214627,0.726099378
7/31/2020 1:00,2020,7,31,7/31/2020,2,25.266,102.098,1.324,573.7558382,0.72608478
7/31/2020 2:00,2020,7,31,7/31/2020,3,22.495,100.776,1.22,573.7442733757392,0.726070145
7/31/2020 3:00,2020,7,31,7/31/2020,4,22.9,100.95,1.235,573.7326793076738,0.726055472
7/31/2020 4:00,2020,7,31,7/31/2020,5,19.247,99.682,1.213,573.7210560174207,0.726040763
7/31/2020 5:00,2020,7,31,7/31/2020,6,15.166,99.596,1.153,573.7094035109594,0.726026017
7/31/2020 6:00,2020,7,31,7/31/2020,7,17.117,99.922,1.192,573.6977217942849,0.726011234
7/31/2020 7:00,2020,7,31,7/31/2020,8,16.063,102.319,1.171,605.0424874938817,0.765677858
7/31/2020 8:00,2020,7,31,7/31/2020,9,15.788,103.45,1.166,680.7319785002107,0.861462483
7/31/2020 9:00,2020,7,31,7/31/2020,10,14.837,100.398,1.147,756.4214403144008,0.95724707
7/31/2020 10:00,2020,7,31,7/31/2020,11,14.409,99.585,1.138,787.7661184375959,0.996913584
7/31/2020 11:00,2020,7,31,7/31/2020,12,15.19,101.025,1.154,787.7542907603015,0.996898616
7/31/2020 12:00,2020,7,31,7/31/2020,13,17.584,101.951,1.202,787.7424339090778,0.996883611
7/31/2020 13:00,2020,7,31,7/31/2020,14,16.396,100.666,1.178,787.7305478900246,0.996868569
7/31/2020 14:00,2020,7,31,7/31/2020,15,19.373,102.522,1.213,787.7186327092568,0.996853491
7/31/2020 15:00,2020,7,31,7/31/2020,16,21.687,101.681,1.218,787.7066883729041,0.996838375
7/31/2020 16:00,2020,7,31,7/31/2020,17,23.132,102.256,1.244,787.6947148871116,0.996823223
7/31/2020 17:00,2020,7,31,7/31/2020,18,23.946,104.532,1.275,787.6827122580391,0.996808034
7/31/2020 18:00,2020,7,31,7/31/2020,19,26.836,101.292,1.384,787.6706804918614,0.996792807
7/31/2020 19:00,2020,7,31,7/31/2020,20,25.423,102.344,1.33,721.0449347751215,0.912478302
7/31/2020 20:00,2020,7,31,7/31/2020,21,27.432,102.13,1.399,654.4191599336714,0.828163759
7/31/2020 21:00,2020,7,31,7/31/2020,22,27.619,98.806,1.402,654.4070407933773,0.828148422
7/31/2020 22:00,2020,7,31,7/31/2020,23,27.534,100.843,1.401,654.3948925408276,0.828133049
7/31/2020 23:00,2020,7,31,7/31/2020,24,27.65,99.213,1.403,613.9386922560577,0.776935955
8/1/2020 0:00,2020,8,1,8/1/2020,1,24.602,98.721,1.299,559.8895596168763,0.708537083
8/1/2020 1:00,2020,8,1,8/1/2020,2,24.55,100.754,1.297,559.8773240651178,0.708521599
8/1/2020 2:00,2020,8,1,8/1/2020,3,23.339,100.718,1.252,559.8650594261926,0.708506078
8/1/2020 3:00,2020,8,1,8/1/2020,4,20.96,99.562,1.217,559.8527657064102,0.70849052
8/1/2020 4:00,2020,8,1,8/1/2020,5,20.102,100.459,1.215,559.8404429120953,0.708474926
8/1/2020 5:00,2020,8,1,8/1/2020,6,16.74,102.03,1.185,559.8280910495874,0.708459294
8/1/2020 6:00,2020,8,1,8/1/2020,7,16.133,99.44,1.173,559.8157101252411,0.708443626
8/1/2020 7:00,2020,8,1,8/1/2020,8,17.149,101.051,1.193,589.5310757347411,0.746048254
8/1/2020 8:00,2020,8,1,8/1/2020,9,13.65,100.164,1.123,661.2878357127497,0.83685603
8/1/2020 9:00,2020,8,1,8/1/2020,10,15.774,101.411,1.165,733.0445666480733,0.927663768
8/1/2020 10:00,2020,8,1,8/1/2020,11,14.131,100.444,1.133,762.7598451,0.965268286
8/1/2020 11:00,2020,8,1,8/1/2020,12,14.536,101.524,1.141,762.747319,0.965252434
8/1/2020 12:00,2020,8,1,8/1/2020,13,16.055,101.68,1.171,762.7347638307418,0.965236545
8/1/2020 13:00,2020,8,1,8/1/2020,14,16.544,102.442,1.181,762.7221796527094,0.96522062
8/1/2020 14:00,2020,8,1,8/1/2020,15,18.412,101.859,1.211,762.7095664642129,0.965204658
8/1/2020 15:00,2020,8,1,8/1/2020,16,20.553,101.596,1.216,762.6969242717412,0.96518866
8/1/2020 16:00,2020,8,1,8/1/2020,17,23.851,102.386,1.271,762.6842530817983,0.965172624
8/1/2020 17:00,2020,8,1,8/1/2020,18,24.17,102.742,1.283,762.6715529,0.965156552
8/1/2020 18:00,2020,8,1,8/1/2020,19,27.839,101.47,1.407,762.6588237,0.965140444
8/1/2020 19:00,2020,8,1,8/1/2020,20,27.712,101.951,1.404,699.4923925103104,0.885203681
8/1/2020 20:00,2020,8,1,8/1/2020,21,26.133,102.133,1.357,636.3259323137254,0.805266881
8/1/2020 21:00,2020,8,1,8/1/2020,22,27.093,98.608,1.392,636.3131162345069,0.805250663
8/1/2020 22:00,2020,8,1,8/1/2020,23,27.571,100.517,1.401,636.3002711971536,0.805234407
8/1/2020 23:00,2020,8,1,8/1/2020,24,26.686,98.453,1.378,597.9440956941451,0.756694883
8/2/2020 0:00,2020,8,2,8/2/2020,1,25.717,99.106,1.342,559.5878912462334,0.708155323
8/2/2020 1:00,2020,8,2,8/2/2020,2,23.983,100.437,1.276,559.5749593741853,0.708138958
8/2/2020 2:00,2020,8,2,8/2/2020,3,23.913,101.701,1.273,559.5619985705248,0.708122556
8/2/2020 3:00,2020,8,2,8/2/2020,4,20.496,101.167,1.216,559.5490088419198,0.708106117
8/2/2020 4:00,2020,8,2,8/2/2020,5,18.578,99.486,1.211,559.5359902,0.708089642
8/2/2020 5:00,2020,8,2,8/2/2020,6,18.531,100.324,1.211,559.5229426,0.708073131
8/2/2020 6:00,2020,8,2,8/2/2020,7,16.664,101.383,1.183,559.5098661733393,0.708056583
8/2/2020 7:00,2020,8,2,8/2/2020,8,14.758,101.017,1.145,589.2245364012472,0.74566033
8/2/2020 8:00,2020,8,2,8/2/2020,9,15.123,100.721,1.152,660.9806011553659,0.836467226
8/2/2020 9:00,2020,8,2,8/2/2020,10,14.68,102.052,1.144,732.7366370248593,0.927274085
8/2/2020 10:00,2020,8,2,8/2/2020,11,14.743,101.058,1.145,762.4512205989063,0.964877723
8/2/2020 11:00,2020,8,2,8/2/2020,12,15.364,102.21,1.157,762.4379997125718,0.964860992
8/2/2020 12:00,2020,8,2,8/2/2020,13,17.907,103.914,1.208,762.4247499619722,0.964844225
8/2/2020 13:00,2020,8,2,8/2/2020,14,18.975,103.368,1.212,762.4114713539242,0.964827421
8/2/2020 14:00,2020,8,2,8/2/2020,15,20.009,102.493,1.214,762.3981638952591,0.96481058
8/2/2020 15:00,2020,8,2,8/2/2020,16,22.197,102.088,1.219,762.3848275928228,0.964793703
8/2/2020 16:00,2020,8,2,8/2/2020,17,22.324,100.728,1.22,762.3714624534765,0.96477679
8/2/2020 17:00,2020,8,2,8/2/2020,18,23.728,102.377,1.266,762.3580684840961,0.96475984
8/2/2020 18:00,2020,8,2,8/2/2020,19,26.785,101.1,1.382,762.3446456915722,0.964742853
8/2/2020 19:00,2020,8,2,8/2/2020,20,24.675,102.567,1.302,699.1775210007157,0.884805213
8/2/2020 20:00,2020,8,2,8/2/2020,21,26.995,100.326,1.39,636.0103675005415,0.804867536
8/2/2020 21:00,2020,8,2,8/2/2020,22,27.324,100.827,1.396,635.9968582800791,0.80485044
8/2/2020 22:00,2020,8,2,8/2/2020,23,27.403,100.229,1.398,635.9833202641842,0.804833308
8/2/2020 23:00,2020,8,2,8/2/2020,24,26.305,100.865,1.364,597.6264519456925,0.756292907
8/3/2020 0:00,2020,8,3,8/3/2020,1,27.281,99.586,1.396,559.2695548457125,0.70775247
8/3/2020 1:00,2020,8,3,8/3/2020,2,24.073,101.252,1.279,559.2559304853673,0.707735228
8/3/2020 2:00,2020,8,3,8/3/2020,3,24.112,100.259,1.281,559.2422773575374,0.70771795
8/3/2020 3:00,2020,8,3,8/3/2020,4,18.974,99.125,1.212,559.2285954692469,0.707700636
8/3/2020 4:00,2020,8,3,8/3/2020,5,19.822,97.814,1.214,559.2148848275343,0.707683285
8/3/2020 5:00,2020,8,3,8/3/2020,6,17.004,99.702,1.19,559.2011454394534,0.707665898
8/3/2020 6:00,2020,8,3,8/3/2020,7,15.914,101.366,1.168,559.1873773120724,0.707648475
8/3/2020 7:00,2020,8,3,8/3/2020,8,14.755,100.816,1.145,588.9013560417895,0.745251347
8/3/2020 8:00,2020,8,3,8/3/2020,9,13.078,98.759,1.112,660.6567294639809,0.836057368
8/3/2020 9:00,2020,8,3,8/3/2020,10,15.665,102.588,1.163,732.4120741681661,0.926863352
8/3/2020 10:00,2020,8,3,8/3/2020,11,16.113,103.018,1.172,762.1259667438793,0.964466116
8/3/2020 11:00,2020,8,3,8/3/2020,12,14.126,103.2,1.133,762.1120550265409,0.964448511
8/3/2020 12:00,2020,8,3,8/3/2020,13,17.709,101.273,1.204,762.0981146126232,0.964430869
8/3/2020 13:00,2020,8,3,8/3/2020,14,18.698,101.531,1.212,762.0841455092977,0.964413192
8/3/2020 14:00,2020,8,3,8/3/2020,15,19.761,103.552,1.214,762.0701477,0.964395477
8/3/2020 15:00,2020,8,3,8/3/2020,16,20.241,101.893,1.215,762.0561212631845,0.964377727
8/3/2020 16:00,2020,8,3,8/3/2020,17,22.901,101.496,1.235,762.0420661348141,0.96435994
8/3/2020 17:00,2020,8,3,8/3/2020,18,25.903,100.614,1.349,762.0279823458709,0.964342117
8/3/2020 18:00,2020,8,3,8/3/2020,19,26.016,102.553,1.353,762.0138699,0.964324258
8/3/2020 19:00,2020,8,3,8/3/2020,20,26.508,101.564,1.371,698.8460557331675,0.884385745
8/3/2020 20:00,2020,8,3,8/3/2020,21,27.386,99.528,1.398,635.6782129,0.804447196
8/3/2020 21:00,2020,8,3,8/3/2020,22,27.794,99.208,1.406,635.6640145653105,0.804429228
8/3/2020 22:00,2020,8,3,8/3/2020,23,27.057,99.382,1.391,635.6497876,0.804411224
8/3/2020 23:00,2020,8,3,8/3/2020,24,26.381,99.457,1.367,597.2922304686421,0.755869952
8/4/2020 0:00,2020,8,4,8/4/2020,1,25.973,99.903,1.351,558.9346447452593,0.707328643
8/4/2020 1:00,2020,8,4,8/4/2020,2,26.527,101.068,1.372,558.9203319338094,0.70731053
8/4/2020 2:00,2020,8,4,8/4/2020,3,22.915,100.378,1.236,558.9059905275265,0.707292381
8/4/2020 3:00,2020,8,4,8/4/2020,4,20.366,100.399,1.215,558.8916205337891,0.707274196
8/4/2020 4:00,2020,8,4,8/4/2020,5,19.2,100.297,1.213,558.8772219599897,0.707255975
8/4/2020 5:00,2020,8,4,8/4/2020,6,19.304,99.437,1.213,558.8627948,0.707237717
8/4/2020 6:00,2020,8,4,8/4/2020,7,15.752,100.166,1.165,558.8483391,0.707219424
8/4/2020 7:00,2020,8,4,8/4/2020,8,15.387,101.577,1.158,588.5616304216837,0.744821427
8/4/2020 8:00,2020,8,4,8/4/2020,9,14.648,102.471,1.143,660.3163166087669,0.835626578
8/4/2020 9:00,2020,8,4,8/4/2020,10,14.779,101.093,1.146,732.0709742529726,0.926431692
8/4/2020 10:00,2020,8,4,8/4/2020,11,14.128,101.758,1.133,761.7841799441886,0.964033587
8/4/2020 11:00,2020,8,4,8/4/2020,12,14.664,99.629,1.143,761.7695815181887,0.964015113
8/4/2020 12:00,2020,8,4,8/4/2020,13,16.449,102.266,1.179,761.7549545717981,0.963996602
8/4/2020 13:00,2020,8,4,8/4/2020,14,17.77,102.78,1.205,761.7402991125418,0.963978056
8/4/2020 14:00,2020,8,4,8/4/2020,15,20.48,104.003,1.216,761.7256151479597,0.963959473
8/4/2020 15:00,2020,8,4,8/4/2020,16,21.642,102.096,1.218,761.7109026856058,0.963940855
8/4/2020 16:00,2020,8,4,8/4/2020,17,24.266,101.888,1.287,761.6961617330493,0.9639222
8/4/2020 17:00,2020,8,4,8/4/2020,18,23.895,103.743,1.273,761.6813922978736,0.96390351
8/4/2020 18:00,2020,8,4,8/4/2020,19,26.164,102.018,1.358,761.6665943876772,0.963884783
8/4/2020 19:00,2020,8,4,8/4/2020,20,27.212,102.946,1.394,698.4980949279784,0.883945403
8/4/2020 20:00,2020,8,4,8/4/2020,21,28.65,100.7,1.423,635.3295670084995,0.804005987
8/4/2020 21:00,2020,8,4,8/4/2020,22,26.908,100.397,1.387,635.3146837189768,0.803987152
8/4/2020 22:00,2020,8,4,8/4/2020,23,26.362,101.74,1.366,635.299772,0.803968281
8/4/2020 23:00,2020,8,4,8/4/2020,24,25.099,101.097,1.318,596.9415303000305,0.755426143
8/5/2020 0:00,2020,8,5,8/5/2020,1,26.798,100.117,1.382,558.5832601859646,0.706883968
8/5/2020 1:00,2020,8,5,8/5/2020,2,23.937,102.912,1.274,558.5682631646046,0.706864989
8/5/2020 2:00,2020,8,5,8/5/2020,3,22.956,101.168,1.237,558.5532377,0.706845975
8/5/2020 3:00,2020,8,5,8/5/2020,4,21.852,101.555,1.219,558.5381838884921,0.706826924
8/5/2020 4:00,2020,8,5,8/5/2020,5,18.41,101.028,1.211,558.5231016,0.706807838
8/5/2020 5:00,2020,8,5,8/5/2020,6,15.954,99.527,1.169,558.5079910194625,0.706788715
8/5/2020 6:00,2020,8,5,8/5/2020,7,16.009,103.318,1.17,558.4928520070109,0.706769557
8/5/2020 7:00,2020,8,5,8/5/2020,8,14.235,101.368,1.135,588.2054602089628,0.744370695
8/5/2020 8:00,2020,8,5,8/5/2020,9,14.217,99.955,1.134,659.9594634613995,0.835174982
8/5/2020 9:00,2020,8,5,8/5/2020,10,16.503,101.807,1.18,731.7134383545454,0.925979233
8/5/2020 10:00,2020,8,5,8/5/2020,11,14.613,98.302,1.142,761.4259614786394,0.963580263
8/5/2020 11:00,2020,8,5,8/5/2020,12,15.99,98.118,1.17,761.4106806698064,0.963560926
8/5/2020 12:00,2020,8,5,8/5/2020,13,16.484,98.542,1.18,761.3953715,0.963541552
8/5/2020 13:00,2020,8,5,8/5/2020,14,18.674,100.467,1.211,761.3800340527649,0.963522142
8/5/2020 14:00,2020,8,5,8/5/2020,15,19.926,99.816,1.214,761.3646682603228,0.963502697
8/5/2020 15:00,2020,8,5,8/5/2020,16,20.797,99.486,1.216,761.3492741558018,0.963483216
8/5/2020 16:00,2020,8,5,8/5/2020,17,23.558,99.627,1.26,761.3338517471213,0.963463699
8/5/2020 17:00,2020,8,5,8/5/2020,18,23.673,100.227,1.264,761.3184010422159,0.963444146
8/5/2020 18:00,2020,8,5,8/5/2020,19,25.568,101.157,1.336,761.302922,0.963424558
8/5/2020 19:00,2020,8,5,8/5/2020,20,27.317,100.542,1.396,698.1337416934446,0.883484316
8/5/2020 20:00,2020,8,5,8/5/2020,21,26.789,100.461,1.382,634.9645331,0.803544038
8/5/2020 21:00,2020,8,5,8/5/2020,22,26.39,99.921,1.367,634.9489692553472,0.803524342
8/5/2020 22:00,2020,8,5,8/5/2020,23,28.785,101.918,1.426,634.9333771888384,0.803504611
8/5/2020 23:00,2020,8,5,8/5/2020,24,25.084,98.768,1.318,596.5744553598868,0.754961611
8/6/2020 0:00,2020,8,6,8/6/2020,1,25.153,97.074,1.32,558.2155052906568,0.706418576
8/6/2020 1:00,2020,8,6,8/6/2020,2,25.738,100.781,1.342,558.1998285033278,0.706398737
8/6/2020 2:00,2020,8,6,8/6/2020,3,21.756,99.61,1.218,558.1841234918362,0.706378863
8/6/2020 3:00,2020,8,6,8/6/2020,4,21.641,100.332,1.218,558.1683902642616,0.706358952
8/6/2020 4:00,2020,8,6,8/6/2020,5,19.09,100.288,1.212,558.1526288,0.706339006
8/6/2020 5:00,2020,8,6,8/6/2020,6,17.165,101.564,1.193,558.1368391932541,0.706319025
8/6/2020 6:00,2020,8,6,8/6/2020,7,15.911,99.642,1.168,558.1210213660531,0.706299007
8/6/2020 7:00,2020,8,6,8/6/2020,8,15.772,100.751,1.165,587.8329509445475,0.743899287
8/6/2020 8:00,2020,8,6,8/6/2020,9,14.722,98.583,1.144,659.5862757651678,0.834702715
8/6/2020 9:00,2020,8,6,8/6/2020,10,15.035,98.206,1.151,731.3395724184873,0.925506108
8/6/2020 10:00,2020,8,6,8/6/2020,11,15.302,100.478,1.156,761.0514174950938,0.96310628
8/6/2020 11:00,2020,8,6,8/6/2020,12,15.842,99.357,1.167,761.0354588314615,0.963086084
8/6/2020 12:00,2020,8,6,8/6/2020,13,18.393,99.343,1.211,761.019472,0.963065853
8/6/2020 13:00,2020,8,6,8/6/2020,14,17.515,98.757,1.2,761.0034570842793,0.963045586
8/6/2020 14:00,2020,8,6,8/6/2020,15,19.245,101.21,1.213,760.9874140171933,0.963025284
8/6/2020 15:00,2020,8,6,8/6/2020,16,20.9,100.748,1.216,760.9713428321104,0.963004946
8/6/2020 16:00,2020,8,6,8/6/2020,17,22.293,98.83,1.22,760.9552435372987,0.962984572
8/6/2020 17:00,2020,8,6,8/6/2020,18,24.614,101.24,1.3,760.9391161410404,0.962964163
8/6/2020 18:00,2020,8,6,8/6/2020,19,26.075,99.71,1.355,760.9229606516328,0.962943719
8/6/2020 19:00,2020,8,6,8/6/2020,20,26.105,99.327,1.356,697.7531039952926,0.883002621
8/6/2020 20:00,2020,8,6,8/6/2020,21,27.89,99.7,1.408,634.5832193,0.803061488
8/6/2020 21:00,2020,8,6,8/6/2020,22,27.719,99.989,1.404,634.5669795435099,0.803040937
8/6/2020 22:00,2020,8,6,8/6/2020,23,29.162,100.244,1.433,634.5507117647622,0.80302035
8/6/2020 23:00,2020,8,6,8/6/2020,24,25.899,101.126,1.348,596.1911144204375,0.754476496
8/7/2020 0:00,2020,8,7,8/7/2020,1,25.647,101.069,1.339,557.8314890330481,0.705932606
8/7/2020 1:00,2020,8,7,8/7/2020,2,26.046,99.893,1.354,557.8151371251207,0.705911913
8/7/2020 2:00,2020,8,7,8/7/2020,3,23.433,101.857,1.255,557.7987571909389,0.705891184
8/7/2020 3:00,2020,8,7,8/7/2020,4,21.775,101.579,1.218,557.7823492389296,0.70587042
8/7/2020 4:00,2020,8,7,8/7/2020,5,19,99.748,1.212,557.7659132775339,0.70584962
8/7/2020 5:00,2020,8,7,8/7/2020,6,17.678,100.94,1.204,557.7494493152076,0.705828785
8/7/2020 6:00,2020,8,7,8/7/2020,7,16.185,100.313,1.174,557.7329573604206,0.705807915
8/7/2020 7:00,2020,8,7,8/7/2020,8,14.702,99.656,1.144,587.4442130109724,0.743407341
8/7/2020 8:00,2020,8,7,8/7/2020,9,14.335,102.602,1.137,659.1968641036401,0.834209917
8/7/2020 9:00,2020,8,7,8/7/2020,10,15.27,101.46,1.155,730.9494872293438,0.925012457
8/7/2020 10:00,2020,8,7,8/7/2020,11,15.171,100.881,1.153,760.6606589790179,0.962611777
8/7/2020 11:00,2020,8,7,8/7/2020,12,15.601,102.719,1.162,760.6440271894824,0.96259073
8/7/2020 12:00,2020,8,7,8/7/2020,13,16.03,101.096,1.171,760.6273674586087,0.962569647
8/7/2020 13:00,2020,8,7,8/7/2020,14,18.838,102.846,1.212,760.6106797949678,0.962548529
8/7/2020 14:00,2020,8,7,8/7/2020,15,19.559,102.531,1.213,760.5939642071448,0.962527376
8/7/2020 15:00,2020,8,7,8/7/2020,16,21.876,102.291,1.219,760.5772207037392,0.962506187
8/7/2020 16:00,2020,8,7,8/7/2020,17,21.828,101.865,1.219,760.5604492933646,0.962484963
8/7/2020 17:00,2020,8,7,8/7/2020,18,23.562,100.42,1.26,760.5436499846494,0.962463703
8/7/2020 18:00,2020,8,7,8/7/2020,19,24.995,101.082,1.314,760.5268227862362,0.962442408
8/7/2020 19:00,2020,8,7,8/7/2020,20,26.807,101.51,1.383,697.3562946246875,0.882500461
8/7/2020 20:00,2020,8,7,8/7/2020,21,27.954,99.572,1.409,634.1857385907689,0.802558478
8/7/2020 21:00,2020,8,7,8/7/2020,22,27.786,97.748,1.406,634.1688277752605,0.802537078
8/7/2020 22:00,2020,8,7,8/7/2020,23,27.525,97.552,1.401,634.1518891047679,0.802515642
8/7/2020 23:00,2020,8,7,8/7/2020,24,26.364,99.546,1.366,595.7916210738764,0.753970939
8/8/2020 0:00,2020,8,8,8/8/2020,1,24.115,98.754,1.281,557.4313252054435,0.705426201
8/8/2020 1:00,2020,8,8,8/8/2020,2,24.627,99.432,1.3,557.4143030223407,0.705404659
8/8/2020 2:00,2020,8,8,8/8/2020,3,23.561,99.945,1.26,557.3972530191968,0.705383083
8/8/2020 3:00,2020,8,8,8/8/2020,4,21.16,100.187,1.217,557.3801752,0.705361471
8/8/2020 4:00,2020,8,8,8/8/2020,5,19.459,99.808,1.213,557.3630695878853,0.705339824
8/8/2020 5:00,2020,8,8,8/8/2020,6,16.955,99.535,1.189,557.3459361773039,0.705318141
8/8/2020 6:00,2020,8,8,8/8/2020,7,14.876,100.941,1.148,557.328775,0.705296424
8/8/2020 7:00,2020,8,8,8/8/2020,8,15.816,100.545,1.166,587.0393615996768,0.742895004
8/8/2020 8:00,2020,8,8,8/8/2020,9,16.514,102.131,1.18,658.7913438678961,0.833696733
8/8/2020 9:00,2020,8,8,8/8/2020,10,15.518,101.469,1.16,730.5432983777754,0.924498427
8/8/2020 10:00,2020,8,8,8/8/2020,11,16.573,101.886,1.181,760.2538017205927,0.962096902
8/8/2020 11:00,2020,8,8,8/8/2020,12,15.515,100.181,1.16,760.2365017335123,0.962075009
8/8/2020 12:00,2020,8,8,8/8/2020,13,18.11,103.166,1.21,760.2191740147493,0.962053081
8/8/2020 13:00,2020,8,8,8/8/2020,14,17.427,100.076,1.199,760.2018185732182,0.962031117
8/8/2020 14:00,2020,8,8,8/8/2020,15,20.888,101.677,1.216,760.1844354178477,0.962009119
8/8/2020 15:00,2020,8,8,8/8/2020,16,22.708,102.417,1.228,760.1670245575806,0.961987086
8/8/2020 16:00,2020,8,8,8/8/2020,17,22.92,100.938,1.236,760.149586,0.961965017
8/8/2020 17:00,2020,8,8,8/8/2020,18,26.182,101.786,1.359,760.1321197581997,0.961942914
8/8/2020 18:00,2020,8,8,8/8/2020,19,26.674,102.92,1.378,760.1146258370429,0.961920776
8/8/2020 19:00,2020,8,8,8/8/2020,20,26.435,102.433,1.369,696.9434311648095,0.881977985
8/8/2020 20:00,2020,8,8,8/8/2020,21,27.044,100.34,1.391,633.7722088326079,0.802035159
8/8/2020 21:00,2020,8,8,8/8/2020,22,27.169,99.68,1.393,633.7546319315609,0.802012915
8/8/2020 22:00,2020,8,8,8/8/2020,23,27.456,99.681,1.399,633.7370273886169,0.801990637
8/8/2020 23:00,2020,8,8,8/8/2020,24,25.877,99.423,1.348,595.3760936987037,0.753445091
8/9/2020 0:00,2020,8,9,8/9/2020,1,26.203,98.172,1.36,557.0151323850212,0.704899511
8/9/2020 1:00,2020,8,9,8/9/2020,2,23.562,101.248,1.26,556.9974449707834,0.704877128
8/9/2020 2:00,2020,8,9,8/9/2020,3,22.837,102.192,1.233,556.9797299509612,0.704854709
8/9/2020 3:00,2020,8,9,8/9/2020,4,21.598,99.861,1.218,556.9619873,0.704832256
8/9/2020 4:00,2020,8,9,8/9/2020,5,19.623,99.295,1.214,556.9442171310318,0.704809768
8/9/2020 5:00,2020,8,9,8/9/2020,6,17.858,100.239,1.207,556.9264193491945,0.704787245
8/9/2020 6:00,2020,8,9,8/9/2020,7,15.821,102.121,1.166,556.9085939983124,0.704764687
8/9/2020 7:00,2020,8,9,8/9/2020,8,17.48,99.971,1.2,586.6185166768713,0.742362427
8/9/2020 8:00,2020,8,9,8/9/2020,9,14.528,102.377,1.141,658.3698352223334,0.833163316
8/9/2020 9:00,2020,8,9,8/9/2020,10,13.918,100.801,1.128,730.1211262263048,0.923964171
8/9/2020 10:00,2020,8,9,8/9/2020,11,15.052,101.879,1.151,759.8309663,0.961561806
8/9/2020 11:00,2020,8,9,8/9/2020,12,15.095,101.998,1.152,759.8130032221393,0.961539074
8/9/2020 12:00,2020,8,9,8/9/2020,13,17.184,102.991,1.194,759.7950126500639,0.961516307
8/9/2020 13:00,2020,8,9,8/9/2020,14,18.676,100.417,1.212,759.7769945734344,0.961493505
8/9/2020 14:00,2020,8,9,8/9/2020,15,20.336,103.06,1.215,759.7589490015205,0.961470668
8/9/2020 15:00,2020,8,9,8/9/2020,16,23.086,102.364,1.242,759.7408759436055,0.961447797
8/9/2020 16:00,2020,8,9,8/9/2020,17,23.09,101.629,1.242,759.7227754089877,0.961424891
8/9/2020 17:00,2020,8,9,8/9/2020,18,23.667,101.337,1.264,759.7046474069787,0.96140195
8/9/2020 18:00,2020,8,9,8/9/2020,19,25.823,103.162,1.346,759.6864919469049,0.961378974
8/9/2020 19:00,2020,8,9,8/9/2020,20,27.097,101.022,1.392,696.5146359560122,0.881435347
8/9/2020 20:00,2020,8,9,8/9/2020,21,26.932,98.823,1.387,633.3427525,0.801491684
8/9/2020 21:00,2020,8,9,8/9/2020,22,27.784,99.722,1.406,633.3245147475786,0.801468604
8/9/2020 22:00,2020,8,9,8/9/2020,23,25.609,100.051,1.337,633.3062495487891,0.80144549
8/9/2020 23:00,2020,8,9,8/9/2020,24,26.304,100.314,1.364,594.9446554246485,0.752899109
8/10/2020 0:00,2020,8,10,8/10/2020,1,25.875,100.161,1.347,556.5830338986962,0.704352693
8/10/2020 1:00,2020,8,10,8/10/2020,2,23.177,101.243,1.246,556.5646864944861,0.704329474
8/10/2020 2:00,2020,8,10,8/10/2020,3,21.722,97.871,1.218,556.5463117,0.704306221
8/10/2020 3:00,2020,8,10,8/10/2020,4,20.718,101.588,1.216,556.5279095466756,0.704282933
8/10/2020 4:00,2020,8,10,8/10/2020,5,19.071,100.639,1.212,556.5094800219956,0.704259611
8/10/2020 5:00,2020,8,10,8/10/2020,6,18.939,98.985,1.212,556.4910231427694,0.704236254
8/10/2020 6:00,2020,8,10,8/10/2020,7,17.078,101.045,1.192,556.4725389184924,0.704212862
8/10/2020 7:00,2020,8,10,8/10/2020,8,14.393,101.999,1.138,586.1818029,0.741809768
8/10/2020 8:00,2020,8,10,8/10/2020,9,14.503,102.517,1.14,657.9324630690608,0.832609824
8/10/2020 9:00,2020,8,10,8/10/2020,10,14.544,103.019,1.141,729.6830959,0.923409846
8/10/2020 10:00,2020,8,10,8/10/2020,11,15.927,102.192,1.169,759.3922779537211,0.961006648
8/10/2020 11:00,2020,8,10,8/10/2020,12,15.646,102.378,1.163,759.3736571471119,0.960983084
8/10/2020 12:00,2020,8,10,8/10/2020,13,16.012,101.878,1.17,759.3550091,0.960959485
8/10/2020 13:00,2020,8,10,8/10/2020,14,19.637,101.497,1.214,759.3363336801361,0.960935851
8/10/2020 14:00,2020,8,10,8/10/2020,15,19.348,101.816,1.213,759.3176310389711,0.960912183
8/10/2020 15:00,2020,8,10,8/10/2020,16,20.55,101.423,1.216,759.2989011388455,0.96088848
8/10/2020 16:00,2020,8,10,8/10/2020,17,23.342,103.184,1.252,759.2801439893951,0.960864743
8/10/2020 17:00,2020,8,10,8/10/2020,18,24.492,102.352,1.295,759.2613596002701,0.960840972
8/10/2020 18:00,2020,8,10,8/10/2020,19,26.308,102.068,1.364,759.2425479811338,0.960817166
8/10/2020 19:00,2020,8,10,8/10/2020,20,27.255,100.007,1.395,696.0700360595699,0.880872708
8/10/2020 20:00,2020,8,10,8/10/2020,21,28.054,100.194,1.411,632.8974969273645,0.800928216
8/10/2020 21:00,2020,8,10,8/10/2020,22,28.704,99.19,1.424,632.8786037,0.800904307
8/10/2020 22:00,2020,8,10,8/10/2020,23,26.299,99.858,1.364,632.8596832340556,0.800880363
8/10/2020 23:00,2020,8,10,8/10/2020,24,27.42,99.769,1.398,594.4974340961826,0.752333153
8/11/2020 0:00,2020,8,11,8/11/2020,1,24.876,99.632,1.31,556.1351577865754,0.703785908
8/11/2020 1:00,2020,8,11,8/11/2020,2,24.016,102.131,1.277,556.1161558291245,0.703761861
8/11/2020 2:00,2020,8,11,8/11/2020,3,23.094,99.637,1.242,556.0971267,0.70373778
8/11/2020 3:00,2020,8,11,8/11/2020,4,21.669,98.177,1.218,556.0780704674225,0.703713664
8/11/2020 4:00,2020,8,11,8/11/2020,5,20.497,101.286,1.216,556.0589870827648,0.703689515
8/11/2020 5:00,2020,8,11,8/11/2020,6,18.236,98.711,1.211,556.0398765753214,0.70366533
8/11/2020 6:00,2020,8,11,8/11/2020,7,16.693,100.188,1.184,556.0207389549239,0.703641112
8/11/2020 7:00,2020,8,11,8/11/2020,8,15.803,100.794,1.166,585.7293498,0.741237191
8/11/2020 8:00,2020,8,11,8/11/2020,9,16.194,102.43,1.174,657.4793570108861,0.832036421
8/11/2020 9:00,2020,8,11,8/11/2020,10,14.215,103.13,1.134,729.2293371176637,0.922835617
8/11/2020 10:00,2020,8,11,8/11/2020,11,15.521,103.136,1.16,758.9378667333599,0.960431593
8/11/2020 11:00,2020,8,11,8/11/2020,12,14.9,102.115,1.148,758.9185937,0.960407204
8/11/2020 12:00,2020,8,11,8/11/2020,13,17.455,103.714,1.199,758.8992936052764,0.960382779
8/11/2020 13:00,2020,8,11,8/11/2020,14,17.649,102.406,1.203,758.8799665,0.960358321
8/11/2020 14:00,2020,8,11,8/11/2020,15,18.902,101.81,1.212,758.8606123022362,0.960333828
8/11/2020 15:00,2020,8,11,8/11/2020,16,20.021,103.919,1.214,758.8412311099736,0.960309302
8/11/2020 16:00,2020,8,11,8/11/2020,17,23.03,100.816,1.24,758.8218229038391,0.960284741
8/11/2020 17:00,2020,8,11,8/11/2020,18,25.805,100.423,1.345,758.8023876938178,0.960260146
8/11/2020 18:00,2020,8,11,8/11/2020,19,26.434,103.423,1.369,758.7829254899077,0.960235516
8/11/2020 19:00,2020,8,11,8/11/2020,20,27.861,102.875,1.407,695.6097632200274,0.880290235
8/11/2020 20:00,2020,8,11,8/11/2020,21,28.146,98.969,1.413,632.4365739762975,0.80034492
8/11/2020 21:00,2020,8,11,8/11/2020,22,27.91,100.377,1.408,632.4170308508528,0.800320189
8/11/2020 22:00,2020,8,11,8/11/2020,23,27.97,100.329,1.409,632.3974607716532,0.800295423
8/11/2020 23:00,2020,8,11,8/11/2020,24,25.979,99.562,1.351,594.0345622346376,0.751747391
8/12/2020 0:00,2020,8,12,8/12/2020,1,26.064,100.253,1.355,555.6716367640169,0.703199325
8/12/2020 1:00,2020,8,12,8/12/2020,2,25.53,100.699,1.334,555.6519858840154,0.703174457
8/12/2020 2:00,2020,8,12,8/12/2020,3,22.57,101.348,1.223,555.6323080906142,0.703149555
8/12/2020 3:00,2020,8,12,8/12/2020,4,21.97,100.071,1.219,555.6126033939364,0.703124619
8/12/2020 4:00,2020,8,12,8/12/2020,5,20.412,100.767,1.215,555.5928718041196,0.703099648
8/12/2020 5:00,2020,8,12,8/12/2020,6,18.743,100.178,1.212,555.5731133313147,0.703074644
8/12/2020 6:00,2020,8,12,8/12/2020,7,18.186,99.913,1.21,555.5533279856867,0.703049606
8/12/2020 7:00,2020,8,12,8/12/2020,8,16.14,101.261,1.173,585.2612913667294,0.740644866
8/12/2020 8:00,2020,8,12,8/12/2020,9,15.515,98.873,1.16,657.0106513129136,0.831443277
8/12/2020 9:00,2020,8,12,8/12/2020,10,14.796,99.699,1.146,728.7599844168524,0.922241653
8/12/2020 10:00,2020,8,12,8/12/2020,11,13.855,99.3,1.127,758.4678673,0.959836812
8/12/2020 11:00,2020,8,12,8/12/2020,12,14.668,100.392,1.143,758.4479477143873,0.959811604
8/12/2020 12:00,2020,8,12,8/12/2020,13,16.455,98.771,1.179,758.4280013460584,0.959786362
8/12/2020 13:00,2020,8,12,8/12/2020,14,17.876,100.556,1.208,758.4080281764477,0.959761086
8/12/2020 14:00,2020,8,12,8/12/2020,15,19.711,100.777,1.214,758.3880282158308,0.959735776
8/12/2020 15:00,2020,8,12,8/12/2020,16,21.657,100.09,1.218,758.3680014744969,0.959710432
8/12/2020 16:00,2020,8,12,8/12/2020,17,22.524,100.706,1.221,758.3479479627485,0.959685055
8/12/2020 17:00,2020,8,12,8/12/2020,18,23.658,101.832,1.264,758.3278676909028,0.959659643
8/12/2020 18:00,2020,8,12,8/12/2020,19,25.909,99.294,1.349,758.3077606692902,0.959634198
8/12/2020 19:00,2020,8,12,8/12/2020,20,28.093,99.482,1.412,695.1339538261605,0.879688101
8/12/2020 20:00,2020,8,12,8/12/2020,21,27.962,100.869,1.409,631.9601203,0.799741971
8/12/2020 21:00,2020,8,12,8/12/2020,22,28.608,100.529,1.422,631.9399330451731,0.799716424
8/12/2020 22:00,2020,8,12,8/12/2020,23,27.571,101.738,1.401,631.9197191280726,0.799690843
8/12/2020 23:00,2020,8,12,8/12/2020,24,25.339,99.719,1.327,593.5561769989355,0.751141997
8/13/2020 0:00,2020,8,13,8/13/2020,1,26.245,100.004,1.361,555.1926082,0.702593117
8/13/2020 1:00,2020,8,13,8/13/2020,2,24.271,98.448,1.287,555.1723142027308,0.702567435
8/13/2020 2:00,2020,8,13,8/13/2020,3,23.81,101.428,1.269,555.1519935565308,0.702541719
8/13/2020 3:00,2020,8,13,8/13/2020,4,22.97,98.818,1.238,555.1316462541567,0.70251597
8/13/2020 4:00,2020,8,13,8/13/2020,5,18.965,100.381,1.212,555.1112723060767,0.702490187
8/13/2020 5:00,2020,8,13,8/13/2020,6,17.875,100.605,1.207,555.0908717227724,0.70246437
8/13/2020 6:00,2020,8,13,8/13/2020,7,16.585,98.744,1.182,555.0704445147387,0.70243852
8/13/2020 7:00,2020,8,13,8/13/2020,8,15.29,99.114,1.156,584.7777663,0.740032968
8/13/2020 8:00,2020,8,13,8/13/2020,9,14.483,100.011,1.14,656.5264848627569,0.830830567
8/13/2020 9:00,2020,8,13,8/13/2020,10,15.377,99.337,1.158,728.2751768505527,0.921628132
8/13/2020 10:00,2020,8,13,8/13/2020,11,15.184,99.475,1.154,757.9824188381444,0.95922248
8/13/2020 11:00,2020,8,13,8/13/2020,12,13.847,99.964,1.127,757.9618586643735,0.959196461
8/13/2020 12:00,2020,8,13,8/13/2020,13,16.242,99.217,1.175,757.9412719291327,0.959170408
8/13/2020 13:00,2020,8,13,8/13/2020,14,17.982,101.349,1.21,757.9206586,0.959144322
8/13/2020 14:00,2020,8,13,8/13/2020,15,18.39,98.819,1.211,757.9000188,0.959118203
8/13/2020 15:00,2020,8,13,8/13/2020,16,20.897,98.743,1.216,757.8793524605692,0.95909205
8/13/2020 16:00,2020,8,13,8/13/2020,17,22.479,100.981,1.22,757.8586595854954,0.959065863
8/13/2020 17:00,2020,8,13,8/13/2020,18,24.688,99.813,1.303,757.8379402020435,0.959039643
8/13/2020 18:00,2020,8,13,8/13/2020,19,25.49,100.025,1.333,757.8171943208727,0.959013389
8/13/2020 19:00,2020,8,13,8/13/2020,20,25.922,99.746,1.349,694.6427488705613,0.879066484
8/13/2020 20:00,2020,8,13,8/13/2020,21,27.143,100.014,1.393,631.4682769438905,0.799119546
8/13/2020 21:00,2020,8,13,8/13/2020,22,28.964,100.364,1.429,631.4474516,0.799093192
8/13/2020 22:00,2020,8,13,8/13/2020,23,26.859,100.536,1.385,631.4265998684739,0.799066804
8/13/2020 23:00,2020,8,13,8/13/2020,24,28.582,102.123,1.422,593.0624201,0.750517151
8/14/2020 0:00,2020,8,14,8/14/2020,1,24.838,99.668,1.308,554.698214,0.701967464
8/14/2020 1:00,2020,8,14,8/14/2020,2,22.988,100.68,1.238,554.6772829223423,0.701940976
8/14/2020 2:00,2020,8,14,8/14/2020,3,23.237,100.228,1.248,554.6563254447892,0.701914454
8/14/2020 3:00,2020,8,14,8/14/2020,4,21.857,99.218,1.219,554.6353415660637,0.701887899
8/14/2020 4:00,2020,8,14,8/14/2020,5,20.404,99.742,1.215,554.6143313,0.701861311
8/14/2020 5:00,2020,8,14,8/14/2020,6,17.702,99.683,1.204,554.5932946482901,0.701834689
8/14/2020 6:00,2020,8,14,8/14/2020,7,17.295,99.939,1.196,554.5722316308736,0.701808034
8/14/2020 7:00,2020,8,14,8/14/2020,8,14.781,99.4,1.146,584.2789178448625,0.739401678
8/14/2020 8:00,2020,8,14,8/14/2020,9,15.445,101.835,1.159,656.0270011293844,0.830198473
8/14/2020 9:00,2020,8,14,8/14/2020,10,14.471,101.508,1.139,727.7750580777097,0.920995235
8/14/2020 10:00,2020,8,14,8/14/2020,11,15.132,101.961,1.153,757.4816652831217,0.958588779
8/14/2020 11:00,2020,8,14,8/14/2020,12,16.441,100.872,1.179,757.4604705847889,0.958561957
8/14/2020 12:00,2020,8,14,8/14/2020,13,18.09,100.968,1.21,757.4392495829302,0.958535102
8/14/2020 13:00,2020,8,14,8/14/2020,14,17.697,103.361,1.204,757.4180022884628,0.958508214
8/14/2020 14:00,2020,8,14,8/14/2020,15,19.277,100.547,1.213,757.3967287123178,0.958481292
8/14/2020 15:00,2020,8,14,8/14/2020,16,21.099,104.356,1.217,757.3754288654394,0.958454337
8/14/2020 16:00,2020,8,14,8/14/2020,17,21.811,101.174,1.218,757.3541027587856,0.958427349
8/14/2020 17:00,2020,8,14,8/14/2020,18,25.756,102.484,1.343,757.3327504,0.958400328
8/14/2020 18:00,2020,8,14,8/14/2020,19,25.793,101.792,1.344,757.3113718100511,0.958373273
8/14/2020 19:00,2020,8,14,8/14/2020,20,27.091,100.719,1.392,694.1362939078593,0.878425568
8/14/2020 20:00,2020,8,14,8/14/2020,21,27.132,99.561,1.393,630.9611897898588,0.79847783
8/14/2020 21:00,2020,8,14,8/14/2020,22,26.283,100.556,1.363,630.9397325491695,0.798450676
8/14/2020 22:00,2020,8,14,8/14/2020,23,27.812,100.879,1.406,630.9182491147358,0.798423489
8/14/2020 23:00,2020,8,14,8/14/2020,24,27.445,99.476,1.399,592.5534379834812,0.749873037
8/15/2020 0:00,2020,8,15,8/15/2020,1,24.805,97.148,1.307,554.1886006806005,0.701322551
8/15/2020 1:00,2020,8,15,8/15/2020,2,26.216,100.817,1.36,554.1670387313017,0.701295265
8/15/2020 2:00,2020,8,15,8/15/2020,3,23.6,100.455,1.262,554.1454506325488,0.701267945
8/15/2020 3:00,2020,8,15,8/15/2020,4,20.01,100.143,1.214,554.1238363954478,0.701240592
8/15/2020 4:00,2020,8,15,8/15/2020,5,19.12,101.024,1.212,554.1021960311186,0.701213207
8/15/2020 5:00,2020,8,15,8/15/2020,6,17.566,101.227,1.201,554.0805295506943,0.701185788
8/15/2020 6:00,2020,8,15,8/15/2020,7,16.005,101.792,1.17,554.0588369653215,0.701158336
8/15/2020 7:00,2020,8,15,8/15/2020,8,15.008,99.953,1.15,583.7648938754749,0.738751183
8/15/2020 8:00,2020,8,15,8/15/2020,9,15.149,102.272,1.153,655.5123481206061,0.829547183
8/15/2020 9:00,2020,8,15,8/15/2020,10,13.095,100.864,1.112,727.2597763,0.920343149
8/15/2020 10:00,2020,8,15,8/15/2020,11,14.963,101.627,1.149,756.9657549901904,0.957935897
8/15/2020 11:00,2020,8,15,8/15/2020,12,14.81,102.365,1.146,756.9439320477422,0.95790828
8/15/2020 12:00,2020,8,15,8/15/2020,13,16.963,102.245,1.189,756.9220830675063,0.957880631
8/15/2020 13:00,2020,8,15,8/15/2020,14,18.83,103.67,1.212,756.9002080607233,0.957852948
8/15/2020 14:00,2020,8,15,8/15/2020,15,20.878,102.069,1.216,756.878307,0.957825232
8/15/2020 15:00,2020,8,15,8/15/2020,16,21.026,103.114,1.217,756.8563800125444,0.957797484
8/15/2020 16:00,2020,8,15,8/15/2020,17,22.642,100.899,1.225,756.8344269936963,0.957769702
8/15/2020 17:00,2020,8,15,8/15/2020,18,23.789,102.258,1.269,756.8124479933965,0.957741888
8/15/2020 18:00,2020,8,15,8/15/2020,19,26.935,101.847,1.388,756.7904430229524,0.957714041
8/15/2020 19:00,2020,8,15,8/15/2020,20,26.484,102.697,1.37,693.6147390115902,0.877765543
8/15/2020 20:00,2020,8,15,8/15/2020,21,27.786,97.902,1.406,630.4390090527384,0.797817013
8/15/2020 21:00,2020,8,15,8/15/2020,22,27.573,100.302,1.401,630.4169262398387,0.797789068
8/15/2020 22:00,2020,8,15,8/15/2020,23,26.886,100.924,1.386,630.3948175021577,0.797761089
8/15/2020 23:00,2020,8,15,8/15/2020,24,26.232,99.878,1.361,592.0293813369403,0.749209846
8/16/2020 0:00,2020,8,16,8/16/2020,1,25.922,100.074,1.349,553.6639192697029,0.70065857
8/16/2020 1:00,2020,8,16,8/16/2020,2,25.089,100.068,1.318,553.6417328259748,0.700630493
8/16/2020 2:00,2020,8,16,8/16/2020,3,24.087,99.516,1.28,553.6195205030415,0.700602383
8/16/2020 3:00,2020,8,16,8/16/2020,4,21.588,99.478,1.218,553.5972823123302,0.700574241
8/16/2020 4:00,2020,8,16,8/16/2020,5,20.732,99.064,1.216,553.5750182652815,0.700546066
8/16/2020 5:00,2020,8,16,8/16/2020,6,17.508,99.02,1.2,553.5527283733495,0.700517858
8/16/2020 6:00,2020,8,16,8/16/2020,7,16.316,100.543,1.176,553.5304126480014,0.700489618
8/16/2020 7:00,2020,8,16,8/16/2020,8,16.79,99.818,1.186,583.2358466900328,0.738081677
8/16/2020 8:00,2020,8,16,8/16/2020,9,15.911,102.632,1.168,654.9826783392157,0.828876888
8/16/2020 9:00,2020,8,16,8/16/2020,10,15.642,101.471,1.163,726.7294841894638,0.919672067
8/16/2020 10:00,2020,8,16,8/16/2020,11,14.771,102.134,1.145,756.4348408347046,0.957264028
8/16/2020 11:00,2020,8,16,8/16/2020,12,15.368,100.253,1.157,756.4123961147496,0.957235625
8/16/2020 12:00,2020,8,16,8/16/2020,13,17.515,101.302,1.2,756.3899256304611,0.957207188
8/16/2020 13:00,2020,8,16,8/16/2020,14,17.591,101.866,1.202,756.3674293933991,0.95717872
8/16/2020 14:00,2020,8,16,8/16/2020,15,18.262,101.555,1.211,756.3449074151368,0.957150218
8/16/2020 15:00,2020,8,16,8/16/2020,16,21.244,101.55,1.217,756.3223597072613,0.957121684
8/16/2020 16:00,2020,8,16,8/16/2020,17,22.639,102.659,1.225,756.2997863,0.957093118
8/16/2020 17:00,2020,8,16,8/16/2020,18,25.941,101.588,1.35,756.2771871490824,0.957064518
8/16/2020 18:00,2020,8,16,8/16/2020,19,25.147,102.026,1.32,756.2545623220185,0.957035887
8/16/2020 19:00,2020,8,16,8/16/2020,20,25.951,102.364,1.35,693.0782387297259,0.877086605
8/16/2020 20:00,2020,8,16,8/16/2020,21,27.671,100.926,1.403,629.9018894659513,0.797137291
8/16/2020 21:00,2020,8,16,8/16/2020,22,27.851,99.617,1.407,629.8791876244554,0.797108562
8/16/2020 22:00,2020,8,16,8/16/2020,23,27.721,99.813,1.404,629.8564601348231,0.797079801
8/16/2020 23:00,2020,8,16,8/16/2020,24,25.957,98.735,1.351,591.4904054946177,0.748527775
8/17/2020 0:00,2020,8,17,8/17/2020,1,25.272,99.378,1.325,553.1243252296737,0.699975717
8/17/2020 1:00,2020,8,17,8/17/2020,2,25.266,100.744,1.325,553.1015208658386,0.699946858
8/17/2020 2:00,2020,8,17,8/17/2020,3,23.589,99.227,1.261,553.0786909007155,0.699917967
8/17/2020 3:00,2020,8,17,8/17/2020,4,22.301,99.218,1.22,553.0558353460495,0.699889043
8/17/2020 4:00,2020,8,17,8/17/2020,5,19.385,99.508,1.213,553.0329542,0.699860087
8/17/2020 5:00,2020,8,17,8/17/2020,6,18.85,100.885,1.212,553.0100475151354,0.699831099
8/17/2020 6:00,2020,8,17,8/17/2020,7,16.082,100.117,1.172,552.9871152624432,0.699802078
8/17/2020 7:00,2020,8,17,8/17/2020,8,16.097,99.69,1.172,582.6919330566352,0.737393358
8/17/2020 8:00,2020,8,17,8/17/2020,9,14.945,102.45,1.149,654.4381487378002,0.828187789
8/17/2020 9:00,2020,8,17,8/17/2020,10,16.244,103.062,1.175,726.1843389001695,0.918982189
8/17/2020 10:00,2020,8,17,8/17/2020,11,14.582,103.107,1.142,755.8890801379864,0.956573371
8/17/2020 11:00,2020,8,17,8/17/2020,12,15.309,100.673,1.156,755.8660203,0.956544189
8/17/2020 12:00,2020,8,17,8/17/2020,13,15.445,102.711,1.159,755.842935,0.956514975
8/17/2020 13:00,2020,8,17,8/17/2020,14,17.204,101.554,1.194,755.8198241603075,0.956485728
8/17/2020 14:00,2020,8,17,8/17/2020,15,19.358,101.925,1.213,755.7966878996077,0.956456449
8/17/2020 15:00,2020,8,17,8/17/2020,16,21.037,102.132,1.217,755.7735261913314,0.956427138
8/17/2020 16:00,2020,8,17,8/17/2020,17,21.68,102.364,1.218,755.7503390473944,0.956397795
8/17/2020 17:00,2020,8,17,8/17/2020,18,23.876,101.833,1.272,755.7271264797255,0.95636842
8/17/2020 18:00,2020,8,17,8/17/2020,19,25.341,101.968,1.327,755.7038885002665,0.956339012
8/17/2020 19:00,2020,8,17,8/17/2020,20,24.851,103.235,1.309,692.5269520388783,0.876388955
8/17/2020 20:00,2020,8,17,8/17/2020,21,26.251,100.574,1.362,629.3499902,0.796438866
8/17/2020 21:00,2020,8,17,8/17/2020,22,26.855,100.601,1.385,629.3266760465765,0.796409362
8/17/2020 22:00,2020,8,17,8/17/2020,23,26.949,100.867,1.388,629.3033365396386,0.796379826
8/17/2020 23:00,2020,8,17,8/17/2020,24,25.749,97.809,1.343,590.9366701666875,0.747827026
8/18/2020 0:00,2020,8,18,8/18/2020,1,26.926,97.695,1.387,552.5699784538723,0.699274194
8/18/2020 1:00,2020,8,18,8/18/2020,2,24.431,99.766,1.293,552.5465629273554,0.699244562
8/18/2020 2:00,2020,8,18,8/18/2020,3,23.902,99.828,1.273,552.5231220850538,0.699214897
8/18/2020 3:00,2020,8,18,8/18/2020,4,21.019,100.418,1.217,552.4996559390274,0.699185201
8/18/2020 4:00,2020,8,18,8/18/2020,5,18.018,100.3,1.21,552.4761645013485,0.699155473
8/18/2020 5:00,2020,8,18,8/18/2020,6,18.217,101.572,1.21,552.4526477841023,0.699125713
8/18/2020 6:00,2020,8,18,8/18/2020,7,17.68,101.236,1.204,552.4291057993873,0.69909592
8/18/2020 7:00,2020,8,18,8/18/2020,8,16.674,100.661,1.183,582.1333141,0.736686428
8/18/2020 8:00,2020,8,18,8/18/2020,9,16.514,101.192,1.18,653.8789206722329,0.827480089
8/18/2020 9:00,2020,8,18,8/18/2020,10,14.302,100.493,1.136,725.6245019647401,0.918273718
8/18/2020 10:00,2020,8,18,8/18/2020,11,14.837,102.125,1.147,755.3286346207091,0.955864131
8/18/2020 11:00,2020,8,18,8/18/2020,12,16.098,102.503,1.172,755.3049665,0.955834179
8/18/2020 12:00,2020,8,18,8/18/2020,13,16.014,101.885,1.17,755.2812731458474,0.955804195
8/18/2020 13:00,2020,8,18,8/18/2020,14,16.478,101.206,1.18,755.2575546286976,0.955774179
8/18/2020 14:00,2020,8,18,8/18/2020,15,19.877,102.577,1.214,755.2338109413334,0.955744132
8/18/2020 15:00,2020,8,18,8/18/2020,16,21.264,102.182,1.217,755.2100420959705,0.955714052
8/18/2020 16:00,2020,8,18,8/18/2020,17,22.21,102.38,1.219,755.1862481048369,0.955683941
8/18/2020 17:00,2020,8,18,8/18/2020,18,25.03,100.959,1.316,755.1624289801734,0.955653798
8/18/2020 18:00,2020,8,18,8/18/2020,19,26.514,100.747,1.372,755.1385847342342,0.955623624
8/18/2020 19:00,2020,8,18,8/18/2020,20,27.867,100.218,1.407,691.9610422971917,0.8756728
8/18/2020 20:00,2020,8,18,8/18/2020,21,28.342,100.458,1.417,628.7834747634201,0.795721944
8/18/2020 21:00,2020,8,18,8/18/2020,22,27.912,99.131,1.408,628.7595552273067,0.795691674
8/18/2020 22:00,2020,8,18,8/18/2020,23,27.606,101.055,1.402,628.7356106190628,0.795661372
8/18/2020 23:00,2020,8,18,8/18/2020,24,26.611,102.042,1.375,590.3683394368779,0.747107807
8/19/2020 0:00,2020,8,19,8/19/2020,1,26.241,99.032,1.361,552.0010432072123,0.698554209
8/19/2020 1:00,2020,8,19,8/19/2020,2,24.714,99.103,1.304,551.9770234565392,0.698523813
8/19/2020 2:00,2020,8,19,8/19/2020,3,23.325,99.908,1.251,551.9529786830869,0.698493384
8/19/2020 3:00,2020,8,19,8/19/2020,4,20.969,99.584,1.217,551.9289088992256,0.698462924
8/19/2020 4:00,2020,8,19,8/19/2020,5,19.17,101.507,1.213,551.9048141,0.698432432
8/19/2020 5:00,2020,8,19,8/19/2020,6,16.878,99.239,1.188,551.8806943498203,0.698401909
8/19/2020 6:00,2020,8,19,8/19/2020,7,17.12,101.293,1.192,551.8565496090807,0.698371354
8/19/2020 7:00,2020,8,19,8/19/2020,8,14.508,100.473,1.14,581.5601554968559,0.7359611
8/19/2020 8:00,2020,8,19,8/19/2020,9,14.673,99.801,1.143,653.3051598538585,0.826753998
8/19/2020 9:00,2020,8,19,8/19/2020,10,14.857,100.351,1.147,725.0501392749425,0.917546865
8/19/2020 10:00,2020,8,19,8/19/2020,11,14.51,99.596,1.14,754.7536703549746,0.955136517
8/19/2020 11:00,2020,8,19,8/19/2020,12,15.921,101.553,1.168,754.7294009347057,0.955105804
8/19/2020 12:00,2020,8,19,8/19/2020,13,16.113,99.928,1.172,754.7051066159368,0.955075059
8/19/2020 13:00,2020,8,19,8/19/2020,14,18.269,98.997,1.211,754.6807874,0.955044284
8/19/2020 14:00,2020,8,19,8/19/2020,15,19.204,99.973,1.213,754.6564433329047,0.955013476
8/19/2020 15:00,2020,8,19,8/19/2020,16,19.542,99.584,1.213,754.6320743936772,0.954982638
8/19/2020 16:00,2020,8,19,8/19/2020,17,23.096,98.487,1.243,754.6076806060198,0.954951767
8/19/2020 17:00,2020,8,19,8/19/2020,18,23.229,98.596,1.248,754.5832619824826,0.954920866
8/19/2020 18:00,2020,8,19,8/19/2020,19,26.555,98.569,1.373,754.5588185356278,0.954889933
8/19/2020 19:00,2020,8,19,8/19/2020,20,27.319,99.555,1.396,691.3806772,0.874938351
8/19/2020 20:00,2020,8,19,8/19/2020,21,27.598,100.232,1.402,628.2025110580898,0.794986738
8/19/2020 21:00,2020,8,19,8/19/2020,22,29.378,99.657,1.438,628.1779932167844,0.79495571
8/19/2020 22:00,2020,8,19,8/19/2020,23,27.491,102.669,1.4,628.1534506025386,0.794924652
8/19/2020 23:00,2020,8,19,8/19/2020,24,27.27,98.694,1.395,589.7855817138498,0.74637033
8/20/2020 0:00,2020,8,20,8/20/2020,1,25.071,100.593,1.317,551.4176881,0.697815977
8/20/2020 1:00,2020,8,20,8/20/2020,2,23.706,101.515,1.266,551.3930712202272,0.697784824
8/20/2020 2:00,2020,8,20,8/20/2020,3,24.078,98.255,1.28,551.3684296406094,0.697753641
8/20/2020 3:00,2020,8,20,8/20/2020,4,20.735,99.285,1.216,551.3437633513095,0.697722426
8/20/2020 4:00,2020,8,20,8/20/2020,5,20.449,101.114,1.215,551.3190723650173,0.697691179
8/20/2020 5:00,2020,8,20,8/20/2020,6,17.753,101.211,1.205,551.2943566944355,0.697659902
8/20/2020 6:00,2020,8,20,8/20/2020,7,17.185,97.757,1.194,551.2696163522792,0.697628593
8/20/2020 7:00,2020,8,20,8/20/2020,8,17.146,100.38,1.193,580.9726269405911,0.735217585
8/20/2020 8:00,2020,8,20,8/20/2020,9,13.328,100.119,1.117,652.7170363003904,0.826009731
8/20/2020 9:00,2020,8,20,8/20/2020,10,15.604,101.016,1.162,724.4614210268369,0.916801846
8/20/2020 10:00,2020,8,20,8/20/2020,11,16.222,100.283,1.174,754.1643577151035,0.954390745
8/20/2020 11:00,2020,8,20,8/20/2020,12,16.67,101.067,1.183,754.1394942,0.95435928
8/20/2020 12:00,2020,8,20,8/20/2020,13,17.649,100.014,1.203,754.1146061023736,0.954327784
8/20/2020 13:00,2020,8,20,8/20/2020,14,18.695,100.165,1.212,754.0896934162872,0.954296257
8/20/2020 14:00,2020,8,20,8/20/2020,15,19.125,99.758,1.213,754.0647561608046,0.9542647
8/20/2020 15:00,2020,8,20,8/20/2020,16,21.256,99.324,1.217,754.0397943487548,0.95423311
8/20/2020 16:00,2020,8,20,8/20/2020,17,22.849,98.989,1.233,754.0148079929797,0.95420149
8/20/2020 17:00,2020,8,20,8/20/2020,18,24.518,98.619,1.296,753.9897971063338,0.954169839
8/20/2020 18:00,2020,8,20,8/20/2020,19,26.675,99.241,1.378,753.9647617016841,0.954138157
8/20/2020 19:00,2020,8,20,8/20/2020,20,26.669,100.242,1.377,690.7860287,0.874185827
8/20/2020 20:00,2020,8,20,8/20/2020,21,25.742,100.58,1.342,627.6072712257162,0.794233465
8/20/2020 21:00,2020,8,20,8/20/2020,22,28.11,101.2,1.412,627.5821623443841,0.79420169
8/20/2020 22:00,2020,8,20,8/20/2020,23,27.179,100.187,1.394,627.5570289966429,0.794169884
8/20/2020 23:00,2020,8,20,8/20/2020,24,27.617,100.219,1.402,589.1885696812935,0.745614815
8/21/2020 0:00,2020,8,21,8/21/2020,1,25.961,98.984,1.351,550.8200859254077,0.697059715
8/21/2020 1:00,2020,8,21,8/21/2020,2,23.678,99.347,1.265,550.7948792560696,0.697027816
8/21/2020 2:00,2020,8,21,8/21/2020,3,22.474,101.516,1.22,550.7696481721181,0.696995886
8/21/2020 3:00,2020,8,21,8/21/2020,4,21.211,100.44,1.217,550.7443926865335,0.696963925
8/21/2020 4:00,2020,8,21,8/21/2020,5,18.652,99.18,1.211,550.7191128123088,0.696931934
8/21/2020 5:00,2020,8,21,8/21/2020,6,18.009,100.497,1.21,550.6938085624495,0.696899911
8/21/2020 6:00,2020,8,21,8/21/2020,7,15.729,97.619,1.165,550.6684799499736,0.696867858
8/21/2020 7:00,2020,8,21,8/21/2020,8,15.26,98.329,1.155,580.3709025772267,0.734456107
8/21/2020 8:00,2020,8,21,8/21/2020,9,14.071,102.899,1.131,652.1147242855301,0.825247509
8/21/2020 9:00,2020,8,21,8/21/2020,10,14.149,101.475,1.133,723.8585216703461,0.91603888
8/21/2020 10:00,2020,8,21,8/21/2020,11,13.922,101.659,1.128,753.5608713271497,0.953627036
8/21/2020 11:00,2020,8,21,8/21/2020,12,15.657,102.086,1.163,753.5354210972997,0.953594829
8/21/2020 12:00,2020,8,21,8/21/2020,13,16.459,102.07,1.179,753.5099465832042,0.953562591
8/21/2020 13:00,2020,8,21,8/21/2020,14,18.689,103.156,1.212,753.4844477979689,0.953530323
8/21/2020 14:00,2020,8,21,8/21/2020,15,19.692,99.702,1.214,753.4589247547116,0.953498023
8/21/2020 15:00,2020,8,21,8/21/2020,16,20.734,102.276,1.216,753.4333774665633,0.953465693
8/21/2020 16:00,2020,8,21,8/21/2020,17,23.215,100.963,1.247,753.4078059466669,0.953433333
8/21/2020 17:00,2020,8,21,8/21/2020,18,25.692,102.259,1.341,753.3822102081778,0.953400941
8/21/2020 18:00,2020,8,21,8/21/2020,19,26.9,100.114,1.386,753.3565903,0.95336852
8/21/2020 19:00,2020,8,21,8/21/2020,20,26.165,102.409,1.358,690.1772730460116,0.87341545
8/21/2020 20:00,2020,8,21,8/21/2020,21,27.089,101.961,1.392,626.9979316487079,0.793462349
8/21/2020 21:00,2020,8,21,8/21/2020,22,30.212,99.764,1.454,626.9722391676527,0.793429835
8/21/2020 22:00,2020,8,21,8/21/2020,23,26.823,99.026,1.383,626.9465225339691,0.793397291
8/21/2020 23:00,2020,8,21,8/21/2020,24,27.059,102.788,1.391,588.5774802467588,0.744841484
8/22/2020 0:00,2020,8,22,8/22/2020,1,25.851,98.308,1.347,550.2084138,0.696285647
8/22/2020 1:00,2020,8,22,8/22/2020,2,24.002,99.85,1.277,550.1826248212556,0.696253011
8/22/2020 2:00,2020,8,22,8/22/2020,3,24.202,101.582,1.284,550.1568117094848,0.696220345
8/22/2020 3:00,2020,8,22,8/22/2020,4,21.237,100.726,1.217,550.1309745,0.696187648
8/22/2020 4:00,2020,8,22,8/22/2020,5,18.498,98.688,1.211,550.1051132401761,0.696154921
8/22/2020 5:00,2020,8,22,8/22/2020,6,17.926,100.79,1.209,550.0792279092348,0.696122163
8/22/2020 6:00,2020,8,22,8/22/2020,7,16.621,101.476,1.182,550.0533185318541,0.696089375
8/22/2020 7:00,2020,8,22,8/22/2020,8,16.58,101.3,1.182,579.7551607,0.733676889
8/22/2020 8:00,2020,8,22,8/22/2020,9,15.589,101.601,1.162,651.4984022873267,0.824467557
8/22/2020 9:00,2020,8,22,8/22/2020,10,15.085,101.495,1.152,723.2416198575611,0.915258194
8/22/2020 10:00,2020,8,22,8/22/2020,11,16.332,101.981,1.177,752.9433900171541,0.952845617
8/22/2020 11:00,2020,8,22,8/22/2020,12,15.847,102.622,1.167,752.9173606077629,0.952812677
8/22/2020 12:00,2020,8,22,8/22/2020,13,16.829,100.684,1.187,752.8913072320937,0.952779707
8/22/2020 13:00,2020,8,22,8/22/2020,14,18.201,99.787,1.21,752.8652299035497,0.952746706
8/22/2020 14:00,2020,8,22,8/22/2020,15,18.025,101.635,1.21,752.8391286355466,0.952713675
8/22/2020 15:00,2020,8,22,8/22/2020,16,20.177,103.337,1.215,752.8130034415126,0.952680614
8/22/2020 16:00,2020,8,22,8/22/2020,17,23.224,101.949,1.247,752.7868543,0.952647522
8/22/2020 17:00,2020,8,22,8/22/2020,18,24.317,103.154,1.289,752.7606813291254,0.9526144
8/22/2020 18:00,2020,8,22,8/22/2020,19,25.415,103.149,1.33,752.7344844376898,0.952581248
8/22/2020 19:00,2020,8,22,8/22/2020,20,27.109,102.514,1.392,689.5545905919641,0.872627449
8/22/2020 20:00,2020,8,22,8/22/2020,21,28.808,101.419,1.426,626.3746728875324,0.792673619
8/22/2020 21:00,2020,8,22,8/22/2020,22,28.962,101.108,1.429,626.3484044199904,0.792640376
8/22/2020 22:00,2020,8,22,8/22/2020,23,25.958,100.104,1.351,626.3221121207584,0.792607103
8/22/2020 23:00,2020,8,22,8/22/2020,24,27.529,99.745,1.401,587.9524944892335,0.744050568
8/23/2020 0:00,2020,8,23,8/23/2020,1,25.371,100.36,1.328,549.5828530530832,0.695494003
8/23/2020 1:00,2020,8,23,8/23/2020,2,25.136,101.451,1.32,549.5564893399874,0.69546064
8/23/2020 2:00,2020,8,23,8/23/2020,3,21.776,101.146,1.218,549.5301018493798,0.695427247
8/23/2020 3:00,2020,8,23,8/23/2020,4,21.244,100.592,1.217,549.5036905948361,0.695393824
8/23/2020 4:00,2020,8,23,8/23/2020,5,19.932,101.64,1.214,549.4772555899439,0.69536037
8/23/2020 5:00,2020,8,23,8/23/2020,6,19.219,100.381,1.213,549.4507968483026,0.695326887
8/23/2020 6:00,2020,8,23,8/23/2020,7,16.838,98.696,1.187,549.4243143835245,0.695293374
8/23/2020 7:00,2020,8,23,8/23/2020,8,15.107,99.119,1.152,579.1255837985486,0.732880163
8/23/2020 8:00,2020,8,23,8/23/2020,9,15.249,101.611,1.155,650.8682529352895,0.823670106
8/23/2020 9:00,2020,8,23,8/23/2020,10,12.927,101.494,1.109,722.6108983898025,0.91446002
8/23/2020 10:00,2020,8,23,8/23/2020,11,14.458,102.633,1.139,752.3120967581553,0.952046719
8/23/2020 11:00,2020,8,23,8/23/2020,12,16.831,100.492,1.187,752.2854958822987,0.952013056
8/23/2020 12:00,2020,8,23,8/23/2020,13,17.491,100.615,1.2,752.2588713652331,0.951979362
8/23/2020 13:00,2020,8,23,8/23/2020,14,19.296,102.503,1.213,752.2322232206557,0.951945639
8/23/2020 14:00,2020,8,23,8/23/2020,15,20.932,102.1,1.217,752.2055514622757,0.951911886
8/23/2020 15:00,2020,8,23,8/23/2020,16,22.768,103.088,1.23,752.1788561038147,0.951878104
8/23/2020 16:00,2020,8,23,8/23/2020,17,24.014,100.722,1.277,752.1521371590067,0.951844291
8/23/2020 17:00,2020,8,23,8/23/2020,18,23.741,101.717,1.267,752.1253946415972,0.951810448
8/23/2020 18:00,2020,8,23,8/23/2020,19,25.706,103.54,1.341,752.0986285653441,0.951776576
8/23/2020 19:00,2020,8,23,8/23/2020,20,26.877,102.004,1.385,688.9181658619234,0.871822057
8/23/2020 20:00,2020,8,23,8/23/2020,21,28.153,97.719,1.413,625.7376796272113,0.791867507
8/23/2020 21:00,2020,8,23,8/23/2020,22,28.007,99.668,1.41,625.7108429570968,0.791833546
8/23/2020 22:00,2020,8,23,8/23/2020,23,26.738,99.462,1.38,625.6839827832919,0.791799554
8/23/2020 23:00,2020,8,23,8/23/2020,24,27.496,99.659,1.4,587.3137976,0.743242301
8/24/2020 0:00,2020,8,24,8/24/2020,1,25.762,97.456,1.343,548.9435889516387,0.694685018
8/24/2020 1:00,2020,8,24,8/24/2020,2,24.543,102.758,1.297,548.9166583497214,0.694650938
8/24/2020 2:00,2020,8,24,8/24/2020,3,23.584,98.979,1.261,548.8897042994599,0.694616828
8/24/2020 3:00,2020,8,24,8/24/2020,4,20.775,99.89,1.216,548.8627268147212,0.694582688
8/24/2020 4:00,2020,8,24,8/24/2020,5,20.401,98.353,1.215,548.8357259093839,0.694548518
8/24/2020 5:00,2020,8,24,8/24/2020,6,17.232,100.244,1.195,548.8087016,0.694514319
8/24/2020 6:00,2020,8,24,8/24/2020,7,16.932,100.925,1.189,548.7816538924894,0.69448009
8/24/2020 7:00,2020,8,24,8/24/2020,8,15.999,99.903,1.17,578.4823583980651,0.732066165
8/24/2020 8:00,2020,8,24,8/24/2020,9,14.681,101.903,1.144,650.2244629562713,0.822855394
8/24/2020 9:00,2020,8,24,8/24/2020,10,14.262,101.01,1.135,721.9665441634536,0.913644593
8/24/2020 10:00,2020,8,24,8/24/2020,11,16.09,102.032,1.172,751.6671786159701,0.951230579
8/24/2020 11:00,2020,8,24,8/24/2020,12,16.814,102.854,1.186,751.6400141560619,0.951196202
8/24/2020 12:00,2020,8,24,8/24/2020,13,17.266,100.861,1.195,751.6128263870189,0.951161796
8/24/2020 13:00,2020,8,24,8/24/2020,14,18.198,102.521,1.21,751.5856153228283,0.951127361
8/24/2020 14:00,2020,8,24,8/24/2020,15,20.966,102.273,1.217,751.5583809774892,0.951092896
8/24/2020 15:00,2020,8,24,8/24/2020,16,21.257,102.894,1.217,751.5311233650123,0.951058401
8/24/2020 16:00,2020,8,24,8/24/2020,17,24.524,102.339,1.296,751.5038424994206,0.951023878
8/24/2020 17:00,2020,8,24,8/24/2020,18,26.025,100.238,1.353,751.4765383947491,0.950989325
8/24/2020 18:00,2020,8,24,8/24/2020,19,27.49,102.315,1.4,751.4492110650447,0.950954742
8/24/2020 19:00,2020,8,24,8/24/2020,20,27.323,100.649,1.396,688.2681874422717,0.870999513
8/24/2020 20:00,2020,8,24,8/24/2020,21,26.179,100.616,1.359,625.0871406225953,0.791044254
8/24/2020 21:00,2020,8,24,8/24/2020,22,27.412,100.42,1.398,625.0597437021927,0.791009583
8/24/2020 22:00,2020,8,24,8/24/2020,23,26.685,99.513,1.378,625.0323236130639,0.790974883
8/24/2020 23:00,2020,8,24,8/24/2020,24,27.44,99.592,1.399,586.6615788551869,0.742416922
8/25/2020 0:00,2020,8,25,8/25/2020,1,26.384,99.704,1.367,548.2908109568089,0.693858931
8/25/2020 1:00,2020,8,25,8/25/2020,2,24.032,100.961,1.278,548.2633214461887,0.693824144
8/25/2020 2:00,2020,8,25,8/25/2020,3,23.244,99.654,1.248,548.2358088233401,0.693789327
8/25/2020 3:00,2020,8,25,8/25/2020,4,23.619,99.734,1.262,548.2082731024173,0.69375448
8/25/2020 4:00,2020,8,25,8/25/2020,5,21.126,99.698,1.217,548.1807142975858,0.693719605
8/25/2020 5:00,2020,8,25,8/25/2020,6,17.743,100.665,1.205,548.1531324230242,0.6936847
8/25/2020 6:00,2020,8,25,8/25/2020,7,16.503,99.888,1.18,548.1255275,0.693649766
8/25/2020 7:00,2020,8,25,8/25/2020,8,16.164,101.066,1.173,577.8256751107956,0.731235136
8/25/2020 8:00,2020,8,25,8/25/2020,9,16.164,103.029,1.173,649.5672231191369,0.82202366
8/25/2020 9:00,2020,8,25,8/25/2020,10,15.305,100.69,1.156,721.3087481145778,0.912812156
8/25/2020 10:00,2020,8,25,8/25/2020,11,13.206,101.028,1.114,751.0088266937627,0.950397438
8/25/2020 11:00,2020,8,25,8/25/2020,12,15.836,102.973,1.167,750.9811066992185,0.950362359
8/25/2020 12:00,2020,8,25,8/25/2020,13,17.092,102.191,1.192,750.9533637,0.95032725
8/25/2020 13:00,2020,8,25,8/25/2020,14,17.573,104.11,1.201,750.9255978139429,0.950292112
8/25/2020 14:00,2020,8,25,8/25/2020,15,18.228,102.639,1.211,750.8978089517686,0.950256946
8/25/2020 15:00,2020,8,25,8/25/2020,16,21.291,103.228,1.217,750.8699971622946,0.95022175
8/25/2020 16:00,2020,8,25,8/25/2020,17,24.129,102.262,1.282,750.8421624598287,0.950186525
8/25/2020 17:00,2020,8,25,8/25/2020,18,23.888,101.97,1.272,750.8143048586908,0.950151272
8/25/2020 18:00,2020,8,25,8/25/2020,19,25.35,102.89,1.328,750.7864243732124,0.950115989
8/25/2020 19:00,2020,8,25,8/25/2020,20,26.383,101.85,1.367,687.6048479356427,0.87016006
8/25/2020 20:00,2020,8,25,8/25/2020,21,26.858,100.448,1.385,624.4232486424312,0.790204102
8/25/2020 21:00,2020,8,25,8/25/2020,22,27.58,101.209,1.402,624.3952995900393,0.790168733
8/25/2020 22:00,2020,8,25,8/25/2020,23,27.758,100.273,1.405,624.3673277,0.790133335
8/25/2020 23:00,2020,8,25,8/25/2020,24,27.342,99.903,1.397,585.9960315048282,0.741574676
8/26/2020 0:00,2020,8,26,8/26/2020,1,25.494,99.064,1.333,547.6247125008017,0.693015988
8/26/2020 1:00,2020,8,26,8/26/2020,2,23.989,100.526,1.276,547.5966722272141,0.692980503
8/26/2020 2:00,2020,8,26,8/26/2020,3,22.003,100.974,1.219,547.5686091843622,0.692944989
8/26/2020 3:00,2020,8,26,8/26/2020,4,21.837,100.445,1.219,547.5405233866836,0.692909447
8/26/2020 4:00,2020,8,26,8/26/2020,5,19.34,99.291,1.213,547.5124148,0.692873876
8/26/2020 5:00,2020,8,26,8/26/2020,6,17.214,98.849,1.194,547.4842835846532,0.692838276
8/26/2020 6:00,2020,8,26,8/26/2020,7,17.472,100.517,1.199,547.4561296092346,0.692802647
8/26/2020 7:00,2020,8,26,8/26/2020,8,14.878,101.506,1.148,577.1557285261705,0.730387322
8/26/2020 8:00,2020,8,26,8/26/2020,9,14.769,101.711,1.145,648.8967281782345,0.821175153
8/26/2020 9:00,2020,8,26,8/26/2020,10,13.596,98.828,1.122,720.6377052,0.911962955
8/26/2020 10:00,2020,8,26,8/26/2020,11,14.195,100.909,1.134,750.3372360754161,0.949547544
8/26/2020 11:00,2020,8,26,8/26/2020,12,15.872,99.672,1.167,750.3089687602684,0.949511772
8/26/2020 12:00,2020,8,26,8/26/2020,13,16.424,100.143,1.178,750.2806788207556,0.949475971
8/26/2020 13:00,2020,8,26,8/26/2020,14,17.922,99.19,1.208,750.2523662714315,0.949440142
8/26/2020 14:00,2020,8,26,8/26/2020,15,20.617,100.619,1.216,750.2240311268619,0.949404284
8/26/2020 15:00,2020,8,26,8/26/2020,16,20.32,100.677,1.215,750.1956734,0.949368397
8/26/2020 16:00,2020,8,26,8/26/2020,17,22.583,98.514,1.223,750.1672931,0.949332482
8/26/2020 17:00,2020,8,26,8/26/2020,18,23.362,98.502,1.253,750.1388902675111,0.949296538
8/26/2020 18:00,2020,8,26,8/26/2020,19,24.502,99.189,1.296,750.1104648878485,0.949260566
8/26/2020 19:00,2020,8,26,8/26/2020,20,25.862,101.102,1.347,686.9283439038484,0.869303948
8/26/2020 20:00,2020,8,26,8/26/2020,21,26.789,98.323,1.382,623.7462004122408,0.789347302
8/26/2020 21:00,2020,8,26,8/26/2020,22,28.169,101.014,1.413,623.7177075097668,0.789311244
8/26/2020 22:00,2020,8,26,8/26/2020,23,27.636,100.168,1.403,623.6891921289906,0.789275158
8/26/2020 23:00,2020,8,26,8/26/2020,24,26.79,99.366,1.382,585.3173527704533,0.740715811
8/27/2020 0:00,2020,8,27,8/27/2020,1,26.545,100.419,1.373,546.9454909629652,0.692156437
8/27/2020 1:00,2020,8,27,8/27/2020,2,23.165,101.134,1.245,546.9169082353485,0.692120265
8/27/2020 2:00,2020,8,27,8/27/2020,3,23.697,101.184,1.265,546.8883030881786,0.692084066
8/27/2020 3:00,2020,8,27,8/27/2020,4,20.475,100.195,1.216,546.8596755361722,0.692047838
8/27/2020 4:00,2020,8,27,8/27/2020,5,18.541,98.929,1.211,546.8310255940567,0.692011581
8/27/2020 5:00,2020,8,27,8/27/2020,6,17.836,100.961,1.207,546.8023532765715,0.691975297
8/27/2020 6:00,2020,8,27,8/27/2020,7,16.175,98.631,1.173,546.7736585984673,0.691938984
8/27/2020 7:00,2020,8,27,8/27/2020,8,17.144,101.424,1.193,576.4727171638214,0.729522975
8/27/2020 8:00,2020,8,27,8/27/2020,9,16.602,98.049,1.182,648.2131768156855,0.820310122
8/27/2020 9:00,2020,8,27,8/27/2020,10,14.742,100.083,1.145,719.9536141512519,0.911097242
8/27/2020 10:00,2020,8,27,8/27/2020,11,14.553,101.09,1.141,749.6526057677244,0.948681148
8/27/2020 11:00,2020,8,27,8/27/2020,12,16.459,100.202,1.179,749.6237995,0.948644694
8/27/2020 12:00,2020,8,27,8/27/2020,13,16.372,101.941,1.177,749.5949709767804,0.948608212
8/27/2020 13:00,2020,8,27,8/27/2020,14,17.002,100.497,1.19,749.5661201883297,0.948571701
8/27/2020 14:00,2020,8,27,8/27/2020,15,19.698,98.305,1.214,749.5372471576795,0.948535162
8/27/2020 15:00,2020,8,27,8/27/2020,16,20.927,102.477,1.217,749.5083518996839,0.948498596
8/27/2020 16:00,2020,8,27,8/27/2020,17,23.299,100.846,1.25,749.4794344292085,0.948462001
8/27/2020 17:00,2020,8,27,8/27/2020,18,25.104,100.673,1.318,749.4504947611299,0.948425378
8/27/2020 18:00,2020,8,27,8/27/2020,19,26.715,99.905,1.379,749.4215329103365,0.948388727
8/27/2020 19:00,2020,8,27,8/27/2020,20,25.937,101.736,1.35,686.2388758096336,0.86843143
8/27/2020 20:00,2020,8,27,8/27/2020,21,28.128,99.572,1.413,623.0561965560265,0.788474106
8/27/2020 21:00,2020,8,27,8/27/2020,22,27.261,100.491,1.395,623.0271682465325,0.78843737
8/27/2020 22:00,2020,8,27,8/27/2020,23,28.484,101.159,1.42,622.9981178,0.788400607
8/27/2020 23:00,2020,8,27,8/27/2020,24,27.332,99.307,1.397,584.6257437592184,0.739840584
8/28/2020 0:00,2020,8,28,8/28/2020,1,25.224,99.4,1.323,546.2533476113002,0.691280533
8/28/2020 1:00,2020,8,28,8/28/2020,2,23.907,99.207,1.273,546.2242308993332,0.691243686
8/28/2020 2:00,2020,8,28,8/28/2020,3,22.404,99.072,1.22,546.1950921241678,0.691206811
8/28/2020 3:00,2020,8,28,8/28/2020,4,20.679,100.014,1.216,546.1659313007951,0.691169908
8/28/2020 4:00,2020,8,28,8/28/2020,5,20.33,101.364,1.215,546.1367484442169,0.691132977
8/28/2020 5:00,2020,8,28,8/28/2020,6,16.675,99.295,1.183,546.1075435694466,0.691096019
8/28/2020 6:00,2020,8,28,8/28/2020,7,17.21,100.365,1.194,546.0783166915091,0.691059032
8/28/2020 7:00,2020,8,28,8/28/2020,8,15.418,100.28,1.158,575.7768434147555,0.728642351
8/28/2020 8:00,2020,8,28,8/28/2020,9,14.778,101.978,1.146,647.5167716,0.819428825
8/28/2020 9:00,2020,8,28,8/28/2020,10,14.117,102.304,1.132,719.2566777922415,0.910215273
8/28/2020 10:00,2020,8,28,8/28/2020,11,13.175,100.602,1.113,748.9551386414236,0.947798507
8/28/2020 11:00,2020,8,28,8/28/2020,12,16.752,101.791,1.185,748.9258019734166,0.947761382
8/28/2020 12:00,2020,8,28,8/28/2020,13,15.511,101.273,1.16,748.8964433926283,0.947724229
8/28/2020 13:00,2020,8,28,8/28/2020,14,17.275,101.5,1.195,748.8670629141623,0.947687048
8/28/2020 14:00,2020,8,28,8/28/2020,15,19.817,101.242,1.214,748.8376605531338,0.947649839
8/28/2020 15:00,2020,8,28,8/28/2020,16,21.363,100.45,1.217,748.8082363,0.947612603
8/28/2020 16:00,2020,8,28,8/28/2020,17,23.774,102.37,1.268,748.7787902439057,0.947575339
8/28/2020 17:00,2020,8,28,8/28/2020,18,24.42,104.055,1.293,748.7493223259926,0.947538048
8/28/2020 18:00,2020,8,28,8/28/2020,19,25.222,102.3,1.323,748.7198325860898,0.947500729
8/28/2020 19:00,2020,8,28,8/28/2020,20,26.59,103.91,1.375,685.536648,0.867542765
8/28/2020 20:00,2020,8,28,8/28/2020,21,26.853,99.573,1.384,622.3534415368224,0.787584773
8/28/2020 21:00,2020,8,28,8/28/2020,22,26.349,99.888,1.365,622.3238864,0.787547371
8/28/2020 22:00,2020,8,28,8/28/2020,23,28.124,100.284,1.412,622.2943095459864,0.787509942
8/28/2020 23:00,2020,8,28,8/28/2020,24,28.232,98.024,1.415,583.9214094097997,0.738949253
8/29/2020 0:00,2020,8,29,8/29/2020,1,26.143,100.433,1.358,545.5484875428192,0.690388537
8/29/2020 1:00,2020,8,29,8/29/2020,2,25.327,99.544,1.327,545.5188455,0.690351025
8/29/2020 2:00,2020,8,29,8/29/2020,3,21.04,100.329,1.217,545.4891817056991,0.690313485
8/29/2020 3:00,2020,8,29,8/29/2020,4,21.417,98.954,1.218,545.4594962519415,0.690275919
8/29/2020 4:00,2020,8,29,8/29/2020,5,22.038,101.502,1.219,545.4297891284108,0.690238324
8/29/2020 5:00,2020,8,29,8/29/2020,6,16.787,99.851,1.186,545.4000603503903,0.690200703
8/29/2020 6:00,2020,8,29,8/29/2020,7,17.281,100.056,1.196,545.3703099331741,0.690163054
8/29/2020 7:00,2020,8,29,8/29/2020,8,14.922,98.753,1.148,575.0683134813829,0.72774571
8/29/2020 8:00,2020,8,29,8/29/2020,9,14.809,101.103,1.146,646.8077188386112,0.818531523
8/29/2020 9:00,2020,8,29,8/29/2020,10,13.805,101.225,1.126,718.5471026025936,0.909317309
8/29/2020 10:00,2020,8,29,8/29/2020,11,14.798,102.438,1.146,748.2450413710756,0.946899883
8/29/2020 11:00,2020,8,29,8/29/2020,12,14.36,102.834,1.137,748.215183,0.946862098
8/29/2020 12:00,2020,8,29,8/29/2020,13,16.865,101.03,1.187,748.1853030570979,0.946824285
8/29/2020 13:00,2020,8,29,8/29/2020,14,16.257,101.623,1.175,748.1554015946865,0.946786445
8/29/2020 14:00,2020,8,29,8/29/2020,15,19.06,101.281,1.212,748.1254786158337,0.946748577
8/29/2020 15:00,2020,8,29,8/29/2020,16,23.151,101.589,1.245,748.0955341359338,0.946710683
8/29/2020 16:00,2020,8,29,8/29/2020,17,23.221,100.596,1.247,748.0655681703918,0.946672761
8/29/2020 17:00,2020,8,29,8/29/2020,18,24.556,101.107,1.298,748.0355807346243,0.946634812
8/29/2020 18:00,2020,8,29,8/29/2020,19,25.279,102.664,1.325,748.0055718440585,0.946596836
8/29/2020 19:00,2020,8,29,8/29/2020,20,27.2,101.693,1.394,684.8218684320382,0.866638215
8/29/2020 20:00,2020,8,29,8/29/2020,21,27.137,101.88,1.393,621.6381435961074,0.786679568
8/29/2020 21:00,2020,8,29,8/29/2020,22,29.38,100.402,1.438,621.6080704,0.78664151
8/29/2020 22:00,2020,8,29,8/29/2020,23,28.385,99.377,1.418,621.5779758785558,0.786603426
8/29/2020 23:00,2020,8,29,8/29/2020,24,28.444,100.048,1.419,583.2045584316656,0.738042082
8/30/2020 0:00,2020,8,30,8/30/2020,1,25.856,99.963,1.347,544.8311196227727,0.689480712
8/30/2020 1:00,2020,8,30,8/30/2020,2,24.278,99.732,1.287,544.8009609815101,0.689442546
8/30/2020 2:00,2020,8,30,8/30/2020,3,23.523,101.421,1.259,544.7707810092645,0.689404353
8/30/2020 3:00,2020,8,30,8/30/2020,4,20.308,97.69,1.215,544.7405797215623,0.689366134
8/30/2020 4:00,2020,8,30,8/30/2020,5,18.463,100.699,1.211,544.7103571,0.689327887
8/30/2020 5:00,2020,8,30,8/30/2020,6,17.929,101.478,1.209,544.6801132619487,0.689289614
8/30/2020 6:00,2020,8,30,8/30/2020,7,16.578,101.461,1.182,544.6498481211447,0.689251314
8/30/2020 7:00,2020,8,30,8/30/2020,8,15.055,99.513,1.151,574.3473373164144,0.726833319
8/30/2020 8:00,2020,8,30,8/30/2020,9,15.783,102.431,1.166,646.0862286916167,0.817618482
8/30/2020 9:00,2020,8,30,8/30/2020,10,14.08,103.252,1.132,717.8250988,0.908403617
8/30/2020 10:00,2020,8,30,8/30/2020,11,14.909,101.21,1.148,747.5225243738266,0.945985542
8/30/2020 11:00,2020,8,30,8/30/2020,12,15.513,103.051,1.16,747.4921531227359,0.945947107
8/30/2020 12:00,2020,8,30,8/30/2020,13,16.779,101.971,1.186,747.4617606964187,0.945908646
8/30/2020 13:00,2020,8,30,8/30/2020,14,17.804,101.996,1.206,747.4313471105102,0.945870158
8/30/2020 14:00,2020,8,30,8/30/2020,15,19.605,103.536,1.214,747.4009123806577,0.945831643
8/30/2020 15:00,2020,8,30,8/30/2020,16,21.056,101.821,1.217,747.3704565,0.945793101
8/30/2020 16:00,2020,8,30,8/30/2020,17,24.874,102.594,1.31,747.3399795517599,0.945754533
8/30/2020 17:00,2020,8,30,8/30/2020,18,24.722,102.687,1.304,747.3094814840624,0.945715937
8/30/2020 18:00,2020,8,30,8/30/2020,19,26.395,100.999,1.367,747.2789623351154,0.945677316
8/30/2020 19:00,2020,8,30,8/30/2020,20,27.456,102.81,1.399,684.0947490385254,0.86571805
8/30/2020 20:00,2020,8,30,8/30/2020,21,26.956,100.571,1.388,620.9105146920987,0.785758757
8/30/2020 21:00,2020,8,30,8/30/2020,22,27.739,99.534,1.405,620.8799323936522,0.785720056
8/30/2020 22:00,2020,8,30,8/30/2020,23,28.336,100.139,1.417,620.8493290768249,0.785681327
8/30/2020 23:00,2020,8,30,8/30/2020,24,26.695,100.564,1.378,582.4754032,0.73711934
8/31/2020 0:00,2020,8,31,8/31/2020,1,26.445,99.193,1.369,544.1014564227573,0.688557327
8/31/2020 1:00,2020,8,31,8/31/2020,2,25.766,100.289,1.343,544.0707901452956,0.688518519
8/31/2020 2:00,2020,8,31,8/31/2020,3,22.769,100.229,1.23,544.0401029124944,0.688479684
8/31/2020 3:00,2020,8,31,8/31/2020,4,20.564,98.605,1.216,544.0093947401413,0.688440823
8/31/2020 4:00,2020,8,31,8/31/2020,5,19.178,101.001,1.213,543.9786656440342,0.688401936
8/31/2020 5:00,2020,8,31,8/31/2020,6,18.171,99.427,1.21,543.9479156,0.688363022
8/31/2020 6:00,2020,8,31,8/31/2020,7,15.585,99.301,1.162,543.9171447438046,0.688324082
8/31/2020 7:00,2020,8,31,8/31/2020,8,16.589,100.696,1.182,573.6141285606473,0.725905447
8/31/2020 8:00,2020,8,31,8/31/2020,9,14.762,100.812,1.145,645.3525149346292,0.816689971
8/31/2020 9:00,2020,8,31,8/31/2020,10,14.694,101.523,1.144,717.0908804640092,0.907474468
8/31/2020 10:00,2020,8,31,8/31/2020,11,15.044,101.233,1.151,746.7878017470565,0.945055755
8/31/2020 11:00,2020,8,31,8/31/2020,12,14.777,101.606,1.146,746.7569266279227,0.945016682
8/31/2020 12:00,2020,8,31,8/31/2020,13,15.807,101.403,1.166,746.7260307118069,0.944977584
8/31/2020 13:00,2020,8,31,8/31/2020,14,18.138,102.199,1.21,746.6951140146036,0.944938459
8/31/2020 14:00,2020,8,31,8/31/2020,15,19.241,104.505,1.213,746.6641765522184,0.944899308
8/31/2020 15:00,2020,8,31,8/31/2020,16,22.155,103.596,1.219,746.6332183405673,0.94486013
8/31/2020 16:00,2020,8,31,8/31/2020,17,22.418,103.133,1.22,746.6022394,0.944820927
8/31/2020 17:00,2020,8,31,8/31/2020,18,25.225,101.947,1.323,746.5712397331852,0.944781697
8/31/2020 18:00,2020,8,31,8/31/2020,19,25.808,101.855,1.345,746.5402193693396,0.944742441
8/31/2020 19:00,2020,8,31,8/31/2020,20,28.103,100.82,1.412,683.3555052379046,0.864782541
8/31/2020 20:00,2020,8,31,8/31/2020,21,26.829,99.586,1.384,620.1707704369442,0.784822615
8/31/2020 21:00,2020,8,31,8/31/2020,22,27.89,99.254,1.408,620.1396880645326,0.784783281
8/31/2020 22:00,2020,8,31,8/31/2020,23,27.727,100.489,1.405,620.1085850545662,0.78474392
8/31/2020 23:00,2020,8,31,8/31/2020,24,25.81,99.53,1.345,581.7341599089175,0.736181301
9/1/2020 0:00,2020,9,1,9/1/2020,1,25.481,99.262,1.333,548.4195275161885,0.694021822
9/1/2020 1:00,2020,9,1,9/1/2020,2,23.564,100.65,1.26,548.3883626896074,0.693982383
9/1/2020 2:00,2020,9,1,9/1/2020,3,21.699,99.399,1.218,548.3571772895401,0.693942918
9/1/2020 3:00,2020,9,1,9/1/2020,4,20.016,100.381,1.214,548.3259713320301,0.693903427
9/1/2020 4:00,2020,9,1,9/1/2020,5,20.102,98.412,1.215,548.2947448331317,0.69386391
9/1/2020 5:00,2020,9,1,9/1/2020,6,16.587,100.693,1.182,548.2634978089097,0.693824367
9/1/2020 6:00,2020,9,1,9/1/2020,7,16.157,98.351,1.173,548.2322302754394,0.693784798
9/1/2020 7:00,2020,9,1,9/1/2020,8,14.792,99.66,1.146,578.5349844376851,0.732132763
9/1/2020 8:00,2020,9,1,9/1/2020,9,14.41,103.542,1.138,651.7365319879746,0.824768908
9/1/2020 9:00,2020,9,1,9/1/2020,10,14.32,99.172,1.136,724.9380590773052,0.917405028
9/1/2020 10:00,2020,9,1,9/1/2020,11,12.636,102.867,1.103,755.2407518566845,0.955752915
9/1/2020 11:00,2020,9,1,9/1/2020,12,14.993,100.246,1.15,755.2093820184718,0.955713217
9/1/2020 12:00,2020,9,1,9/1/2020,13,16.73,102.638,1.185,755.1779917676843,0.955673493
9/1/2020 13:00,2020,9,1,9/1/2020,14,16.504,98.925,1.18,755.1465811204706,0.955633743
9/1/2020 14:00,2020,9,1,9/1/2020,15,16.963,104.253,1.189,755.1151500929907,0.955593967
9/1/2020 15:00,2020,9,1,9/1/2020,16,21.717,101.016,1.218,755.0836987014143,0.955554166
9/1/2020 16:00,2020,9,1,9/1/2020,17,21.039,102.517,1.217,755.0522269619219,0.955514338
9/1/2020 17:00,2020,9,1,9/1/2020,18,24.327,102.77,1.289,755.0207348907046,0.955474485
9/1/2020 18:00,2020,9,1,9/1/2020,19,24.973,101.177,1.313,754.9892225039637,0.955434606
9/1/2020 19:00,2020,9,1,9/1/2020,20,24.251,103.38,1.286,690.5160642445718,0.873844188
9/1/2020 20:00,2020,9,1,9/1/2020,21,28.131,100.921,1.413,626.0428857020904,0.792253744
9/1/2020 21:00,2020,9,1,9/1/2020,22,25.881,99.527,1.348,626.0113124660918,0.792213788
9/1/2020 22:00,2020,9,1,9/1/2020,23,25.683,100.138,1.34,625.9797189794795,0.792173807
9/1/2020 23:00,2020,9,1,9/1/2020,24,23.438,99.919,1.255,586.8228325889797,0.742620988
9/2/2020 0:00,2020,9,2,9/2/2020,1,24.696,101.256,1.303,547.6659259803843,0.693068143
9/2/2020 1:00,2020,9,2,9/2/2020,2,23.702,100.57,1.265,547.6342718394944,0.693028085
9/2/2020 2:00,2020,9,2,9/2/2020,3,22.165,100.054,1.219,547.6025975130678,0.692988001
9/2/2020 3:00,2020,9,2,9/2/2020,4,19.011,100.734,1.212,547.5709030173998,0.692947892
9/2/2020 4:00,2020,9,2,9/2/2020,5,18.157,100.006,1.21,547.5391883687956,0.692907757
9/2/2020 5:00,2020,9,2,9/2/2020,6,16.227,98.247,1.175,547.5074535835713,0.692867597
9/2/2020 6:00,2020,9,2,9/2/2020,7,14.136,100.291,1.133,547.4756986780532,0.692827411
9/2/2020 7:00,2020,9,2,9/2/2020,8,13.905,100.593,1.128,577.7779658574561,0.73117476
9/2/2020 8:00,2020,9,2,9/2/2020,9,14.573,101.925,1.141,650.9790268143586,0.82381029
9/2/2020 9:00,2020,9,2,9/2/2020,10,13.112,100.509,1.112,724.1800677000081,0.916445795
9/2/2020 10:00,2020,9,2,9/2/2020,11,14.122,100.256,1.132,754.4822746656624,0.954793067
9/2/2020 11:00,2020,9,2,9/2/2020,12,15.192,101.589,1.154,754.4504194039309,0.954752754
9/2/2020 12:00,2020,9,2,9/2/2020,13,14.333,99.29,1.137,754.4185441200805,0.954712416
9/2/2020 13:00,2020,9,2,9/2/2020,14,16.891,101.875,1.188,754.3866488305092,0.954672053
9/2/2020 14:00,2020,9,2,9/2/2020,15,19.08,101.099,1.212,754.3547335516262,0.954631664
9/2/2020 15:00,2020,9,2,9/2/2020,16,21.095,101.245,1.217,754.3227982998507,0.95459125
9/2/2020 16:00,2020,9,2,9/2/2020,17,22.149,100.448,1.219,754.2908430916118,0.954550811
9/2/2020 17:00,2020,9,2,9/2/2020,18,22.69,99.057,1.227,754.2588679433495,0.954510347
9/2/2020 18:00,2020,9,2,9/2/2020,19,25.402,101.055,1.33,754.2268728715135,0.954469857
9/2/2020 19:00,2020,9,2,9/2/2020,20,26.065,99.484,1.355,689.7532323192248,0.872878829
9/2/2020 20:00,2020,9,2,9/2/2020,21,25.291,98.485,1.325,625.2795718762931,0.791287775
9/2/2020 21:00,2020,9,2,9/2/2020,22,28.725,100.613,1.425,625.2475171325384,0.791247209
9/2/2020 22:00,2020,9,2,9/2/2020,23,26.738,99.149,1.38,625.2154425311121,0.791206619
9/2/2020 23:00,2020,9,2,9/2/2020,24,26.065,100.196,1.355,586.0580754189881,0.741653192
9/3/2020 0:00,2020,9,3,9/3/2020,1,24.934,101.639,1.312,546.9006885,0.692099739
9/3/2020 1:00,2020,9,3,9/3/2020,2,23.796,99.668,1.269,546.8685544068117,0.692059074
9/3/2020 2:00,2020,9,3,9/3/2020,3,21.69,97.758,1.218,546.8364005398125,0.692018383
9/3/2020 3:00,2020,9,3,9/3/2020,4,20.378,101.571,1.215,546.8042268977493,0.691977668
9/3/2020 4:00,2020,9,3,9/3/2020,5,17.851,100.526,1.207,546.7720334971743,0.691936927
9/3/2020 5:00,2020,9,3,9/3/2020,6,17.188,102.111,1.194,546.7398203546494,0.691896162
9/3/2020 6:00,2020,9,3,9/3/2020,7,15.12,97.168,1.152,546.7075874867472,0.691855371
9/3/2020 7:00,2020,9,3,9/3/2020,8,14.494,98.642,1.14,577.0093770989286,0.730202115
9/3/2020 8:00,2020,9,3,9/3/2020,9,13.453,99.642,1.119,650.2099608840174,0.822837041
9/3/2020 9:00,2020,9,3,9/3/2020,10,14.207,100.24,1.134,723.4105249935067,0.915471943
9/3/2020 10:00,2020,9,3,9/3/2020,11,13.341,99.877,1.117,753.7122555788999,0.953818612
9/3/2020 11:00,2020,9,3,9/3/2020,12,14.386,98.625,1.138,753.6799243330513,0.953777697
9/3/2020 12:00,2020,9,3,9/3/2020,13,16.401,100.056,1.178,753.6475734614722,0.953736757
9/3/2020 13:00,2020,9,3,9/3/2020,14,17.162,98.83,1.193,753.615203,0.953695793
9/3/2020 14:00,2020,9,3,9/3/2020,15,18.493,99.489,1.211,753.5828129077058,0.953654803
9/3/2020 15:00,2020,9,3,9/3/2020,16,18.252,99.754,1.211,753.5504032588356,0.953613789
9/3/2020 16:00,2020,9,3,9/3/2020,17,20.935,99.919,1.217,753.5179740508681,0.95357275
9/3/2020 17:00,2020,9,3,9/3/2020,18,22.966,101.742,1.238,753.4855253004871,0.953531686
9/3/2020 18:00,2020,9,3,9/3/2020,19,23.694,101.318,1.265,753.4530570243865,0.953490598
9/3/2020 19:00,2020,9,3,9/3/2020,20,24.795,100.274,1.307,688.9789436659302,0.871898971
9/3/2020 20:00,2020,9,3,9/3/2020,21,26.689,101.879,1.378,624.5048108151714,0.790307319
9/3/2020 21:00,2020,9,3,9/3/2020,22,26.603,99.839,1.375,624.4722841,0.790266156
9/3/2020 22:00,2020,9,3,9/3/2020,23,26.175,98.134,1.359,624.4397378503295,0.790224969
9/3/2020 23:00,2020,9,3,9/3/2020,24,26.493,99.19,1.371,585.2818995268569,0.740670946
9/4/2020 0:00,2020,9,4,9/4/2020,1,24.13,100.59,1.282,546.1240417780368,0.691116897
9/4/2020 1:00,2020,9,4,9/4/2020,2,24.497,101.372,1.295,546.0914372901601,0.691075636
9/4/2020 2:00,2020,9,4,9/4/2020,3,22.909,100.877,1.235,546.0588134,0.691034351
9/4/2020 3:00,2020,9,4,9/4/2020,4,20.296,99.012,1.215,546.0261701557594,0.690993041
9/4/2020 4:00,2020,9,4,9/4/2020,5,17.608,101.616,1.202,545.9935075428126,0.690951707
9/4/2020 5:00,2020,9,4,9/4/2020,6,16.77,100.716,1.185,545.9608255884366,0.690910348
9/4/2020 6:00,2020,9,4,9/4/2020,7,15.678,100.059,1.164,545.9281243094447,0.690868965
9/4/2020 7:00,2020,9,4,9/4/2020,8,15.391,99.209,1.158,576.2294459,0.729215117
9/4/2020 8:00,2020,9,4,9/4/2020,9,13.948,103.541,1.129,649.4295620877839,0.821849451
9/4/2020 9:00,2020,9,4,9/4/2020,10,13.733,102.428,1.125,722.6296589899133,0.914483761
9/4/2020 10:00,2020,9,4,9/4/2020,11,13.819,101.202,1.126,752.9309227696709,0.95282984
9/4/2020 11:00,2020,9,4,9/4/2020,12,14.792,101.137,1.146,752.8981251201508,0.952788335
9/4/2020 12:00,2020,9,4,9/4/2020,13,14.947,101.649,1.149,752.8653082471046,0.952746805
9/4/2020 13:00,2020,9,4,9/4/2020,14,17.499,100.626,1.2,752.8324721674154,0.952705251
9/4/2020 14:00,2020,9,4,9/4/2020,15,17.622,100.302,1.202,752.7996168979761,0.952663673
9/4/2020 15:00,2020,9,4,9/4/2020,16,20.244,101.385,1.215,752.7667424556892,0.95262207
9/4/2020 16:00,2020,9,4,9/4/2020,17,21.885,102.757,1.219,752.7338488574671,0.952580444
9/4/2020 17:00,2020,9,4,9/4/2020,18,24.288,100.33,1.288,752.7009361202329,0.952538793
9/4/2020 18:00,2020,9,4,9/4/2020,19,25.055,101.428,1.317,752.6680042609185,0.952497118
9/4/2020 19:00,2020,9,4,9/4/2020,20,27.281,101.645,1.396,688.1934277231264,0.870904905
9/4/2020 20:00,2020,9,4,9/4/2020,21,27.733,97.386,1.405,623.7188320971484,0.789312667
9/4/2020 21:00,2020,9,4,9/4/2020,22,26.088,97.9,1.356,623.6858429732852,0.78927092
9/4/2020 22:00,2020,9,4,9/4/2020,23,26.172,99.686,1.359,623.6528347951694,0.789229148
9/4/2020 23:00,2020,9,4,9/4/2020,24,24.766,100.362,1.306,584.4945349102546,0.73967454
9/5/2020 0:00,2020,9,5,9/5/2020,1,24.675,101.154,1.302,545.3362160050597,0.690119908
9/5/2020 1:00,2020,9,5,9/5/2020,2,22.56,101.075,1.222,545.3031507661128,0.690078064
9/5/2020 2:00,2020,9,5,9/5/2020,3,21.811,101.22,1.218,545.2700665408975,0.690036196
9/5/2020 3:00,2020,9,5,9/5/2020,4,19.998,99.291,1.214,545.2369633464341,0.689994305
9/5/2020 4:00,2020,9,5,9/5/2020,5,19.48,100.71,1.213,545.2038411997529,0.689952389
9/5/2020 5:00,2020,9,5,9/5/2020,6,16.184,100.739,1.174,545.1707001178941,0.689910449
9/5/2020 6:00,2020,9,5,9/5/2020,7,14.987,99.676,1.15,545.1375401179073,0.689868485
9/5/2020 7:00,2020,9,5,9/5/2020,8,15.615,100.77,1.162,575.4384034057304,0.728214057
9/5/2020 8:00,2020,9,5,9/5/2020,9,13.483,102.939,1.12,648.6380617,0.820847812
9/5/2020 9:00,2020,9,5,9/5/2020,10,12.566,99.665,1.101,721.8377010766771,0.913481543
9/5/2020 10:00,2020,9,5,9/5/2020,11,14.491,103.001,1.14,752.1385078,0.951827043
9/5/2020 11:00,2020,9,5,9/5/2020,12,15.299,102.061,1.156,752.1052534292089,0.95178496
9/5/2020 12:00,2020,9,5,9/5/2020,13,15.468,101.613,1.159,752.0719802790435,0.951742853
9/5/2020 13:00,2020,9,5,9/5/2020,14,16.248,102.875,1.175,752.0386883303704,0.951700722
9/5/2020 14:00,2020,9,5,9/5/2020,15,19.264,102.985,1.213,752.0053776003169,0.951658568
9/5/2020 15:00,2020,9,5,9/5/2020,16,20.173,100.444,1.215,751.9720481060203,0.951616389
9/5/2020 16:00,2020,9,5,9/5/2020,17,21.415,102.351,1.218,751.9386998646271,0.951574187
9/5/2020 17:00,2020,9,5,9/5/2020,18,22.527,100.326,1.221,751.9053328932937,0.951531962
9/5/2020 18:00,2020,9,5,9/5/2020,19,23.906,100.854,1.273,751.8719472091859,0.951489712
9/5/2020 19:00,2020,9,5,9/5/2020,20,25.368,102.801,1.328,687.3969172561403,0.869896925
9/5/2020 20:00,2020,9,5,9/5/2020,21,26.626,99.214,1.376,622.9218686246811,0.788304114
9/5/2020 21:00,2020,9,5,9/5/2020,22,26.289,99.105,1.363,622.8884269053426,0.788261794
9/5/2020 22:00,2020,9,5,9/5/2020,23,24.829,99.508,1.308,622.8549665419898,0.78821945
9/5/2020 23:00,2020,9,5,9/5/2020,24,26.709,100.922,1.379,583.6962148823095,0.738664271
9/6/2020 0:00,2020,9,6,9/6/2020,1,24.768,98.459,1.306,544.5374446130526,0.689109068
9/6/2020 1:00,2020,9,6,9/6/2020,2,22.188,98.657,1.219,544.5039284209796,0.689066653
9/6/2020 2:00,2020,9,6,9/6/2020,3,20.935,100.741,1.217,544.4703936538059,0.689024215
9/6/2020 3:00,2020,9,6,9/6/2020,4,18.061,98.601,1.21,544.4368403287838,0.688981753
9/6/2020 4:00,2020,9,6,9/6/2020,5,18.945,98.656,1.212,544.4032684631752,0.688939268
9/6/2020 5:00,2020,9,6,9/6/2020,6,16.332,100.166,1.177,544.3696780742513,0.68889676
9/6/2020 6:00,2020,9,6,9/6/2020,7,16.274,101.178,1.175,544.3360691792932,0.688854228
9/6/2020 7:00,2020,9,6,9/6/2020,8,15.077,99.049,1.152,574.6364839844696,0.727199232
9/6/2020 8:00,2020,9,6,9/6/2020,9,12.858,103.27,1.107,647.8356942,0.81983242
9/6/2020 9:00,2020,9,6,9/6/2020,10,13.96,101.044,1.129,721.0348859280198,0.912465585
9/6/2020 10:00,2020,9,6,9/6/2020,11,14.32,100.874,1.136,751.3352453708023,0.950810519
9/6/2020 11:00,2020,9,6,9/6/2020,12,15.266,102.432,1.155,751.3015442052192,0.95076787
9/6/2020 12:00,2020,9,6,9/6/2020,13,15.803,101.414,1.166,751.2678246,0.950725198
9/6/2020 13:00,2020,9,6,9/6/2020,14,17.795,102.954,1.206,751.2340866849529,0.950682503
9/6/2020 14:00,2020,9,6,9/6/2020,15,18.925,103.218,1.212,751.2003303649738,0.950639785
9/6/2020 15:00,2020,9,6,9/6/2020,16,20.722,102.155,1.216,751.1665556949158,0.950597043
9/6/2020 16:00,2020,9,6,9/6/2020,17,19.895,104.174,1.214,751.1327627,0.950554278
9/6/2020 17:00,2020,9,6,9/6/2020,18,23.383,102.43,1.253,751.0989514,0.95051149
9/6/2020 18:00,2020,9,6,9/6/2020,19,24.687,102.347,1.303,751.0651217580738,0.950468679
9/6/2020 19:00,2020,9,6,9/6/2020,20,26.433,101.036,1.369,686.5896482882131,0.868875331
9/6/2020 20:00,2020,9,6,9/6/2020,21,26.044,101.541,1.354,622.1141565552462,0.787281959
9/6/2020 21:00,2020,9,6,9/6/2020,22,26.236,99.187,1.361,622.0802721499356,0.787239079
9/6/2020 22:00,2020,9,6,9/6/2020,23,27.641,102.071,1.403,622.0463695163737,0.787196175
9/6/2020 23:00,2020,9,6,9/6/2020,24,25.452,100.017,1.332,582.8871760024751,0.737640436
9/7/2020 0:00,2020,9,7,9/7/2020,1,24.376,100.642,1.291,543.7279642952179,0.688084675
9/7/2020 1:00,2020,9,7,9/7/2020,2,22.402,100.732,1.22,543.6940070815899,0.688041702
9/7/2020 2:00,2020,9,7,9/7/2020,3,20.185,99.946,1.215,543.6600317095332,0.687998706
9/7/2020 3:00,2020,9,7,9/7/2020,4,19.99,100.312,1.214,543.6260381965267,0.687955688
9/7/2020 4:00,2020,9,7,9/7/2020,5,17.37,99.544,1.197,543.5920265600588,0.687912646
9/7/2020 5:00,2020,9,7,9/7/2020,6,17.807,100.983,1.206,543.5579968176271,0.687869582
9/7/2020 6:00,2020,9,7,9/7/2020,7,15.867,99.899,1.167,543.5239489867387,0.687826495
9/7/2020 7:00,2020,9,7,9/7/2020,8,14.56,98.656,1.141,573.8239252737881,0.726170944
9/7/2020 8:00,2020,9,7,9/7/2020,9,13.286,102.212,1.116,647.0226974,0.818803577
9/7/2020 9:00,2020,9,7,9/7/2020,10,13.695,100.927,1.124,720.2214514353957,0.911436188
9/7/2020 10:00,2020,9,7,9/7/2020,11,14.289,99.949,1.136,750.5213736148137,0.949780569
9/7/2020 11:00,2020,9,7,9/7/2020,12,13.972,101.829,1.129,750.4872356045704,0.949737367
9/7/2020 12:00,2020,9,7,9/7/2020,13,16.116,100.544,1.172,750.4530796,0.949694143
9/7/2020 13:00,2020,9,7,9/7/2020,14,17.449,101.354,1.199,750.4189056519953,0.949650896
9/7/2020 14:00,2020,9,7,9/7/2020,15,18.517,101.391,1.211,750.3847137448165,0.949607627
9/7/2020 15:00,2020,9,7,9/7/2020,16,20.439,102.355,1.215,750.3505039,0.949564334
9/7/2020 16:00,2020,9,7,9/7/2020,17,22.884,102.603,1.235,750.3162761566284,0.949521019
9/7/2020 17:00,2020,9,7,9/7/2020,18,21.805,102.212,1.218,750.2820305108274,0.949477682
9/7/2020 18:00,2020,9,7,9/7/2020,19,25.144,102.39,1.32,750.247767,0.949434321
9/7/2020 19:00,2020,9,7,9/7/2020,20,25.187,100.804,1.322,685.7718600305624,0.867840424
9/7/2020 20:00,2020,9,7,9/7/2020,21,25.784,99.365,1.344,621.2959352313619,0.786246505
9/7/2020 21:00,2020,9,7,9/7/2020,22,27.244,100.585,1.395,621.2616181807596,0.786203077
9/7/2020 22:00,2020,9,7,9/7/2020,23,28.133,99.234,1.413,621.2272833230708,0.786159626
9/7/2020 23:00,2020,9,7,9/7/2020,24,26.225,99.281,1.361,582.0676580064321,0.736603341
9/8/2020 0:00,2020,9,8,9/8/2020,1,24.611,100.493,1.3,542.9080149,0.687047033
9/8/2020 1:00,2020,9,8,9/8/2020,2,22.648,100.863,1.226,542.8736267451161,0.687003515
9/8/2020 2:00,2020,9,8,9/8/2020,3,22.257,99.719,1.219,542.8392208358123,0.686959975
9/8/2020 3:00,2020,9,8,9/8/2020,4,18.58,98.455,1.211,542.8047972,0.686916412
9/8/2020 4:00,2020,9,8,9/8/2020,5,18.714,100.041,1.212,542.7703558788878,0.686872827
9/8/2020 5:00,2020,9,8,9/8/2020,6,16.094,100.793,1.172,542.7358968666954,0.686829219
9/8/2020 6:00,2020,9,8,9/8/2020,7,14.802,99.044,1.146,542.7014201889838,0.686785589
9/8/2020 7:00,2020,9,8,9/8/2020,8,13.348,99.953,1.117,573.0009680523679,0.725129496
9/8/2020 8:00,2020,9,8,9/8/2020,9,14.274,100.998,1.135,646.1993121508251,0.817761588
9/8/2020 9:00,2020,9,8,9/8/2020,10,13.877,102.347,1.128,719.3976386370008,0.910393658
9/8/2020 10:00,2020,9,8,9/8/2020,11,14.465,100.928,1.139,749.6971336635493,0.948737498
9/8/2020 11:00,2020,9,8,9/8/2020,12,14,100.973,1.13,749.6625689,0.948693756
9/8/2020 12:00,2020,9,8,9/8/2020,13,16.02,99.776,1.17,749.6279866264383,0.948649993
9/8/2020 13:00,2020,9,8,9/8/2020,14,18.593,102.862,1.211,749.5933867872307,0.948606207
9/8/2020 14:00,2020,9,8,9/8/2020,15,18.786,101.418,1.212,749.5587694246524,0.948562399
9/8/2020 15:00,2020,9,8,9/8/2020,16,20.801,102.242,1.216,749.5241345565124,0.948518568
9/8/2020 16:00,2020,9,8,9/8/2020,17,21.579,100.791,1.218,749.4894822006293,0.948474716
9/8/2020 17:00,2020,9,8,9/8/2020,18,22.869,102.462,1.234,749.4548124,0.948430842
9/8/2020 18:00,2020,9,8,9/8/2020,19,24.508,101.41,1.296,749.4201250969511,0.948386945
9/8/2020 19:00,2020,9,8,9/8/2020,20,25.886,100.601,1.348,684.9437948114983,0.866792512
9/8/2020 20:00,2020,9,8,9/8/2020,21,26.061,98.871,1.355,620.4674471096649,0.785198058
9/8/2020 21:00,2020,9,8,9/8/2020,22,26.184,99.388,1.359,620.4327075826537,0.785154095
9/8/2020 22:00,2020,9,8,9/8/2020,23,27.083,99.529,1.392,620.3979506749973,0.78511011
9/8/2020 23:00,2020,9,8,9/8/2020,24,24.691,99.067,1.303,581.2379037350493,0.735553292
9/9/2020 0:00,2020,9,9,9/9/2020,1,24.016,100.002,1.277,542.0778394502272,0.685996451
9/9/2020 1:00,2020,9,9,9/9/2020,2,23.394,98.301,1.254,542.0430305079573,0.685952401
9/9/2020 2:00,2020,9,9,9/9/2020,3,20.989,101.61,1.217,542.0082042566197,0.685908328
9/9/2020 3:00,2020,9,9,9/9/2020,4,20.373,100.11,1.215,541.9733607141316,0.685864234
9/9/2020 4:00,2020,9,9,9/9/2020,5,19.675,99.983,1.214,541.9384998984181,0.685820118
9/9/2020 5:00,2020,9,9,9/9/2020,6,16.836,100.203,1.187,541.9036218274141,0.68577598
9/9/2020 6:00,2020,9,9,9/9/2020,7,16.293,99.932,1.176,541.8687265190626,0.68573182
9/9/2020 7:00,2020,9,9,9/9/2020,8,14.418,100.108,1.138,572.1678561801947,0.724075198
9/9/2020 8:00,2020,9,9,9/9/2020,9,14.243,100.404,1.135,645.3657825050025,0.816706761
9/9/2020 9:00,2020,9,9,9/9/2020,10,13.626,98.452,1.123,718.5636916463463,0.909338302
9/9/2020 10:00,2020,9,9,9/9/2020,11,14.863,98.651,1.147,748.8627697570951,0.947681615
9/9/2020 11:00,2020,9,9,9/9/2020,12,14.627,100.68,1.143,748.8277885314678,0.947637346
9/9/2020 12:00,2020,9,9,9/9/2020,13,15.755,98.086,1.165,748.7927901763393,0.947593056
9/9/2020 13:00,2020,9,9,9/9/2020,14,15.692,99.311,1.164,748.7577747097148,0.947548744
9/9/2020 14:00,2020,9,9,9/9/2020,15,17.925,100.429,1.208,748.7227421496085,0.947504411
9/9/2020 15:00,2020,9,9,9/9/2020,16,21.29,99.222,1.217,748.6876925140432,0.947460056
9/9/2020 16:00,2020,9,9,9/9/2020,17,21.257,100.98,1.217,748.6526258210504,0.947415679
9/9/2020 17:00,2020,9,9,9/9/2020,18,24.939,99.235,1.312,748.6175420886705,0.947371281
9/9/2020 18:00,2020,9,9,9/9/2020,19,23.187,99.425,1.246,748.5824413349529,0.947326861
9/9/2020 19:00,2020,9,9,9/9/2020,20,27.486,102.242,1.4,684.1056980046161,0.865731906
9/9/2020 20:00,2020,9,9,9/9/2020,21,26.064,101.797,1.355,619.6289376890661,0.784136929
9/9/2020 21:00,2020,9,9,9/9/2020,22,25.369,99.376,1.328,619.5937859797175,0.784092445
9/9/2020 22:00,2020,9,9,9/9/2020,23,25.084,100.188,1.318,619.5586173213153,0.784047939
9/9/2020 23:00,2020,9,9,9/9/2020,24,26.156,100.307,1.358,580.3981590624248,0.7344906
9/10/2020 0:00,2020,9,10,9/10/2020,1,26.106,100.403,1.356,541.2376838906753,0.684933239
9/10/2020 1:00,2020,9,10,9/10/2020,2,23.333,99.692,1.251,541.2024644937039,0.684888669
9/10/2020 2:00,2020,9,10,9/10/2020,3,22.179,100.933,1.219,541.1672282201027,0.684844078
9/10/2020 3:00,2020,9,10,9/10/2020,4,19.076,99.248,1.212,541.1319750879992,0.684799465
9/10/2020 4:00,2020,9,10,9/10/2020,5,19.331,99.365,1.213,541.0967051155296,0.684754831
9/10/2020 5:00,2020,9,10,9/10/2020,6,18.94,101.884,1.212,541.0614183,0.684710176
9/10/2020 6:00,2020,9,10,9/10/2020,7,16.283,100.91,1.176,541.0261147220812,0.684665499
9/10/2020 7:00,2020,9,10,9/10/2020,8,14.274,98.615,1.135,571.3248365262965,0.723008361
9/10/2020 8:00,2020,9,10,9/10/2020,9,14.238,98.832,1.135,644.5223554278873,0.815639409
9/10/2020 9:00,2020,9,10,9/10/2020,10,13.865,99.563,1.127,717.7198575799237,0.908270435
9/10/2020 10:00,2020,9,10,9/10/2020,11,13.871,99.726,1.127,748.0185291354837,0.946613233
9/10/2020 11:00,2020,9,10,9/10/2020,12,14.104,98.951,1.132,747.9831417889956,0.946568451
9/10/2020 12:00,2020,9,10,9/10/2020,13,16.3,101.977,1.176,747.9477377,0.946523647
9/10/2020 13:00,2020,9,10,9/10/2020,14,17.44,100.135,1.199,747.9123170293403,0.946478822
9/10/2020 14:00,2020,9,10,9/10/2020,15,18.716,97.894,1.212,747.8768796526095,0.946433977
9/10/2020 15:00,2020,9,10,9/10/2020,16,21.168,100.139,1.217,747.8414256355823,0.94638911
9/10/2020 16:00,2020,9,10,9/10/2020,17,21.317,100.769,1.217,747.8059549964978,0.946344222
9/10/2020 17:00,2020,9,10,9/10/2020,18,23.818,100.09,1.27,747.7704677536044,0.946299313
9/10/2020 18:00,2020,9,10,9/10/2020,19,24.894,99.081,1.31,747.7349639251591,0.946254383
9/10/2020 19:00,2020,9,10,9/10/2020,20,27.479,99.251,1.4,683.2578179560876,0.864658918
9/10/2020 20:00,2020,9,10,9/10/2020,21,26.077,99.154,1.355,618.7806554380032,0.783063432
9/10/2020 21:00,2020,9,10,9/10/2020,22,25.923,101.707,1.349,618.7451019625275,0.78301844
9/10/2020 22:00,2020,9,10,9/10/2020,23,26.273,101.393,1.363,618.7095319746119,0.782973426
9/10/2020 23:00,2020,9,10,9/10/2020,24,25.674,99.326,1.34,579.5486728230285,0.73341558
9/11/2020 0:00,2020,9,11,9/11/2020,1,25.638,100.739,1.339,540.3877971956124,0.683857712
9/11/2020 1:00,2020,9,11,9/11/2020,2,23.994,99.214,1.276,540.3521777802075,0.683812636
9/11/2020 2:00,2020,9,11,9/11/2020,3,22.383,99.44,1.22,540.3165419256107,0.683767539
9/11/2020 3:00,2020,9,11,9/11/2020,4,19.428,100.197,1.213,540.2808896501558,0.683722421
9/11/2020 4:00,2020,9,11,9/11/2020,5,17.388,100.333,1.198,540.2452209721841,0.683677283
9/11/2020 5:00,2020,9,11,9/11/2020,6,16.355,98.436,1.177,540.2095359100458,0.683632123
9/11/2020 6:00,2020,9,11,9/11/2020,7,15.919,100.678,1.168,540.1738344820994,0.683586943
9/11/2020 7:00,2020,9,11,9/11/2020,8,14.826,100.161,1.147,570.4721588955904,0.721929302
9/11/2020 8:00,2020,9,11,9/11/2020,9,13.624,101.397,1.122,643.6692808451253,0.814559848
9/11/2020 9:00,2020,9,11,9/11/2020,10,13.941,101.661,1.129,716.8663864839781,0.907190372
9/11/2020 10:00,2020,9,11,9/11/2020,11,13.1,101.638,1.112,747.1646619654315,0.945532669
9/11/2020 11:00,2020,9,11,9/11/2020,12,13.847,102.807,1.127,747.128879,0.945487386
9/11/2020 12:00,2020,9,11,9/11/2020,13,15.654,102.908,1.163,747.0930797473221,0.945442082
9/11/2020 13:00,2020,9,11,9/11/2020,14,16.195,102.295,1.174,747.0572642734642,0.945396758
9/11/2020 14:00,2020,9,11,9/11/2020,15,18.27,103.503,1.211,747.0214325809687,0.945351413
9/11/2020 15:00,2020,9,11,9/11/2020,16,21.15,101.553,1.217,746.9855846882697,0.945306048
9/11/2020 16:00,2020,9,11,9/11/2020,17,21.834,101.558,1.219,746.9497206138094,0.945260662
9/11/2020 17:00,2020,9,11,9/11/2020,18,23.797,100.436,1.269,746.9138403760387,0.945215256
9/11/2020 18:00,2020,9,11,9/11/2020,19,23.808,102.962,1.269,746.877944,0.945169829
9/11/2020 19:00,2020,9,11,9/11/2020,20,25.678,102.539,1.34,682.4004059110699,0.863573868
9/11/2020 20:00,2020,9,11,9/11/2020,21,26.47,98.754,1.37,617.9228517208147,0.781977887
9/11/2020 21:00,2020,9,11,9/11/2020,22,25.254,99.923,1.324,617.8869070144739,0.781932399
9/11/2020 22:00,2020,9,11,9/11/2020,23,26.727,99.552,1.38,617.8509462372001,0.781886891
9/11/2020 23:00,2020,9,11,9/11/2020,24,26.318,99.247,1.364,578.6896967379664,0.73232855
9/12/2020 0:00,2020,9,12,9/12/2020,1,26.021,100.896,1.353,539.5284312048086,0.682770189
9/12/2020 1:00,2020,9,12,9/12/2020,2,22.476,98.487,1.22,539.4924223257713,0.68272462
9/12/2020 2:00,2020,9,12,9/12/2020,3,21.084,100.085,1.217,539.4563974498521,0.682679031
9/12/2020 3:00,2020,9,12,9/12/2020,4,19.878,100.031,1.214,539.4203565955843,0.682633421
9/12/2020 4:00,2020,9,12,9/12/2020,5,18.141,99.786,1.21,539.3842997815095,0.682587792
9/12/2020 5:00,2020,9,12,9/12/2020,6,18.012,98.785,1.21,539.3482270261775,0.682542142
9/12/2020 6:00,2020,9,12,9/12/2020,7,17.432,101.328,1.199,539.3121383481464,0.682496472
9/12/2020 7:00,2020,9,12,9/12/2020,8,13.974,99.658,1.129,569.6100759548606,0.720838341
9/12/2020 8:00,2020,9,12,9/12/2020,9,13.26,101.151,1.115,642.8068115411259,0.813468398
9/12/2020 9:00,2020,9,12,9/12/2020,10,14.17,105.196,1.133,716.0035313,0.906098434
9/12/2020 10:00,2020,9,12,9/12/2020,11,14.093,101.945,1.132,746.3014213,0.944440243
9/12/2020 11:00,2020,9,12,9/12/2020,12,13.135,101.476,1.113,746.2652532533377,0.944394473
9/12/2020 12:00,2020,9,12,9/12/2020,13,15.52,101.968,1.16,746.2290694292869,0.944348682
9/12/2020 13:00,2020,9,12,9/12/2020,14,15.904,102.324,1.168,746.1928698126718,0.944302872
9/12/2020 14:00,2020,9,12,9/12/2020,15,18.23,102.658,1.211,746.1566544221153,0.944257041
9/12/2020 15:00,2020,9,12,9/12/2020,16,21.116,101.543,1.217,746.1204232762489,0.944211191
9/12/2020 16:00,2020,9,12,9/12/2020,17,22.716,100.078,1.228,746.0841763937121,0.944165321
9/12/2020 17:00,2020,9,12,9/12/2020,18,23.724,101.268,1.266,746.0479137931525,0.944119431
9/12/2020 18:00,2020,9,12,9/12/2020,19,24.011,100.378,1.277,746.0116354932256,0.944073521
9/12/2020 19:00,2020,9,12,9/12/2020,20,26.979,100.657,1.389,681.5337159392561,0.862477077
9/12/2020 20:00,2020,9,12,9/12/2020,21,27.24,99.971,1.395,617.0557807,0.780880613
9/12/2020 21:00,2020,9,12,9/12/2020,22,26.3,100.833,1.364,617.0194554,0.780834644
9/12/2020 22:00,2020,9,12,9/12/2020,23,25.141,100.98,1.32,616.9831145265634,0.780788655
9/12/2020 23:00,2020,9,12,9/12/2020,24,26.348,100.335,1.365,577.8214853403905,0.731229833
9/13/2020 0:00,2020,9,13,9/13/2020,1,26.086,99.195,1.355,538.6598405669536,0.681670993
9/13/2020 1:00,2020,9,13,9/13/2020,2,23.589,98.632,1.261,538.6234529,0.681624944
9/13/2020 2:00,2020,9,13,9/13/2020,3,21.642,99.849,1.218,538.5870496721984,0.681578876
9/13/2020 3:00,2020,9,13,9/13/2020,4,20.934,100.352,1.217,538.5506309188007,0.681532789
9/13/2020 4:00,2020,9,13,9/13/2020,5,20.205,100.633,1.215,538.5141966530351,0.681486681
9/13/2020 5:00,2020,9,13,9/13/2020,6,16.35,98.962,1.177,538.4777468936453,0.681440554
9/13/2020 6:00,2020,9,13,9/13/2020,7,14.807,100.096,1.146,538.4412816593834,0.681394408
9/13/2020 7:00,2020,9,13,9/13/2020,8,14.432,99.966,1.139,568.7388431578879,0.719735801
9/13/2020 8:00,2020,9,13,9/13/2020,9,12.938,103.589,1.109,641.9352030841577,0.812365382
9/13/2020 9:00,2020,9,13,9/13/2020,10,13.939,101.348,1.129,715.1315475918589,0.904994943
9/13/2020 10:00,2020,9,13,9/13/2020,11,13.316,101.18,1.116,745.4290628346655,0.943336278
9/13/2020 11:00,2020,9,13,9/13/2020,12,14.942,102.833,1.149,745.3925205076004,0.943290034
9/13/2020 12:00,2020,9,13,9/13/2020,13,16.898,101.898,1.188,745.3559628183416,0.943243771
9/13/2020 13:00,2020,9,13,9/13/2020,14,17.755,102.917,1.205,745.3193897856968,0.943197488
9/13/2020 14:00,2020,9,13,9/13/2020,15,19.044,101.281,1.212,745.2828014284811,0.943151185
9/13/2020 15:00,2020,9,13,9/13/2020,16,20.115,103.865,1.215,745.2461977655178,0.943104864
9/13/2020 16:00,2020,9,13,9/13/2020,17,21.663,100.956,1.218,745.2095788,0.943058522
9/13/2020 17:00,2020,9,13,9/13/2020,18,22.423,101.827,1.22,745.1729446,0.943012162
9/13/2020 18:00,2020,9,13,9/13/2020,19,23.204,102.771,1.247,745.1362951304931,0.942965782
9/13/2020 19:00,2020,9,13,9/13/2020,20,26.887,100.464,1.386,680.6580048595899,0.861368869
9/13/2020 20:00,2020,9,13,9/13/2020,21,26.12,99.167,1.357,616.1796993771733,0.779771937
9/13/2020 21:00,2020,9,13,9/13/2020,22,27.313,100.387,1.396,616.1430043,0.7797255
9/13/2020 22:00,2020,9,13,9/13/2020,23,27.483,98.693,1.4,616.1062939999675,0.779679043
9/13/2020 23:00,2020,9,13,9/13/2020,24,27.035,100.94,1.391,576.9442959000758,0.730119755
9/14/2020 0:00,2020,9,14,9/14/2020,1,24.962,99.523,1.313,537.7822826641989,0.680560448
9/14/2020 1:00,2020,9,14,9/14/2020,2,23.255,100.222,1.249,537.7455269807657,0.680513934
9/14/2020 2:00,2020,9,14,9/14/2020,3,21.43,99.795,1.218,537.7087561991581,0.680467401
9/14/2020 3:00,2020,9,14,9/14/2020,4,20.483,100.654,1.216,537.6719703382931,0.680420849
9/14/2020 4:00,2020,9,14,9/14/2020,5,19.741,99.783,1.214,537.6351694,0.680374277
9/14/2020 5:00,2020,9,14,9/14/2020,6,16.288,100.726,1.176,537.5983534544988,0.680327687
9/14/2020 6:00,2020,9,14,9/14/2020,7,15.014,98.654,1.15,537.5615224694423,0.680281077
9/14/2020 7:00,2020,9,14,9/14/2020,8,16.162,101.173,1.173,567.8587186697528,0.718622008
9/14/2020 8:00,2020,9,14,9/14/2020,9,14.114,104.114,1.132,641.0547137506173,0.811251128
9/14/2020 9:00,2020,9,14,9/14/2020,10,13.284,100.672,1.116,714.2506938658896,0.903880228
9/14/2020 10:00,2020,9,14,9/14/2020,11,13.927,102.708,1.129,744.5478451694314,0.942221102
9/14/2020 11:00,2020,9,14,9/14/2020,12,15.257,102.363,1.155,744.5109393564526,0.942174398
9/14/2020 12:00,2020,9,14,9/14/2020,13,14.497,101.482,1.14,744.4740186348182,0.942127675
9/14/2020 13:00,2020,9,14,9/14/2020,14,16.54,103.123,1.181,744.4370830235225,0.942080933
9/14/2020 14:00,2020,9,14,9/14/2020,15,19.248,102.229,1.213,744.4001325415675,0.942034173
9/14/2020 15:00,2020,9,14,9/14/2020,16,19.323,102.523,1.213,744.3631672079626,0.941987393
9/14/2020 16:00,2020,9,14,9/14/2020,17,22.658,101.875,1.226,744.3261870417251,0.941940595
9/14/2020 17:00,2020,9,14,9/14/2020,18,22.953,102.622,1.237,744.2891920618797,0.941893778
9/14/2020 18:00,2020,9,14,9/14/2020,19,25.015,102.936,1.315,744.2521822874589,0.941846943
9/14/2020 19:00,2020,9,14,9/14/2020,20,26.186,101.004,1.359,679.7735321641634,0.860249574
9/14/2020 20:00,2020,9,14,9/14/2020,21,26.837,99.44,1.384,615.2948672843801,0.778652187
9/14/2020 21:00,2020,9,14,9/14/2020,22,25.014,99.707,1.315,615.2578132405037,0.778605295
9/14/2020 22:00,2020,9,14,9/14/2020,23,25.736,100.364,1.342,615.2207444782575,0.778558385
9/14/2020 23:00,2020,9,14,9/14/2020,24,26.814,99.449,1.383,576.0583883471847,0.728998644
9/15/2020 0:00,2020,9,15,9/15/2020,1,24.294,97.466,1.288,536.8960175358906,0.679438885
9/15/2020 1:00,2020,9,15,9/15/2020,2,22.492,97.865,1.22,536.8589047329879,0.679391919
9/15/2020 2:00,2020,9,15,9/15/2020,3,20.728,99.66,1.216,536.8217772880425,0.679344934
9/15/2020 3:00,2020,9,15,9/15/2020,4,18.978,100.056,1.212,536.7846352201548,0.679297931
9/15/2020 4:00,2020,9,15,9/15/2020,5,19.591,99.565,1.214,536.7474785,0.679250909
9/15/2020 5:00,2020,9,15,9/15/2020,6,18.326,101.041,1.211,536.7103072919929,0.679203869
9/15/2020 6:00,2020,9,15,9/15/2020,7,14.195,101.237,1.134,536.6731214699573,0.679156811
9/15/2020 7:00,2020,9,15,9/15/2020,8,15.24,98.664,1.155,566.9699632903355,0.717497293
9/15/2020 8:00,2020,9,15,9/15/2020,9,13.208,103.928,1.114,640.1656044484967,0.810125965
9/15/2020 9:00,2020,9,15,9/15/2020,10,14.011,100.994,1.13,713.3612310984768,0.902754618
9/15/2020 10:00,2020,9,15,9/15/2020,11,14.4,100.417,1.138,743.6580293943191,0.941095045
9/15/2020 11:00,2020,9,15,9/15/2020,12,14.383,101.729,1.138,743.6207710314154,0.941047895
9/15/2020 12:00,2020,9,15,9/15/2020,13,14.25,103.66,1.135,743.5834982,0.941000727
9/15/2020 13:00,2020,9,15,9/15/2020,14,18.911,101.979,1.212,743.5462109726844,0.94095354
9/15/2020 14:00,2020,9,15,9/15/2020,15,19.841,101.966,1.214,743.5089093152153,0.940906335
9/15/2020 15:00,2020,9,15,9/15/2020,16,19.884,102.676,1.214,743.4715933,0.940859112
9/15/2020 16:00,2020,9,15,9/15/2020,17,20.797,101.884,1.216,743.4342628400211,0.94081187
9/15/2020 17:00,2020,9,15,9/15/2020,18,24.879,101.675,1.31,743.3969180606985,0.940764611
9/15/2020 18:00,2020,9,15,9/15/2020,19,23.761,102.42,1.268,743.3595589458395,0.940717333
9/15/2020 19:00,2020,9,15,9/15/2020,20,26.962,102.541,1.389,678.8805599413248,0.859119523
9/15/2020 20:00,2020,9,15,9/15/2020,21,27.186,101.847,1.394,614.4015466397208,0.777521695
9/15/2020 21:00,2020,9,15,9/15/2020,22,25.68,100.626,1.34,614.3641446336011,0.777474363
9/15/2020 22:00,2020,9,15,9/15/2020,23,26.039,101.106,1.354,614.3267283688683,0.777427013
9/15/2020 23:00,2020,9,15,9/15/2020,24,26.249,99.719,1.362,575.1640251952444,0.727866833
9/16/2020 0:00,2020,9,16,9/16/2020,1,24.409,101.045,1.292,536.0013078015131,0.678306634
9/16/2020 1:00,2020,9,16,9/16/2020,2,22.191,99.565,1.219,535.9638488764656,0.67825923
9/16/2020 2:00,2020,9,16,9/16/2020,3,20.003,101.032,1.214,535.9263757698454,0.678211808
9/16/2020 3:00,2020,9,16,9/16/2020,4,18.916,101.605,1.212,535.8888885009313,0.678164368
9/16/2020 4:00,2020,9,16,9/16/2020,5,19.057,100.59,1.212,535.8513871,0.678116911
9/16/2020 5:00,2020,9,16,9/16/2020,6,16.507,100.709,1.18,535.8138715533712,0.678069435
9/16/2020 6:00,2020,9,16,9/16/2020,7,15.292,99.804,1.156,535.7763419133182,0.678021941
9/16/2020 7:00,2020,9,16,9/16/2020,8,15.73,101.033,1.165,566.0728403770361,0.716361989
9/16/2020 8:00,2020,9,16,9/16/2020,9,14.611,100.146,1.142,639.2681386400707,0.808990227
9/16/2020 9:00,2020,9,16,9/16/2020,10,13.951,100.849,1.129,712.4634228566345,0.901618447
9/16/2020 10:00,2020,9,16,9/16/2020,11,12.846,101.633,1.107,742.7598791809467,0.939958441
9/16/2020 11:00,2020,9,16,9/16/2020,12,14.105,100.197,1.132,742.7222793,0.939910859
9/16/2020 12:00,2020,9,16,9/16/2020,13,14.802,98.494,1.146,742.6846654477417,0.939863259
9/16/2020 13:00,2020,9,16,9/16/2020,14,15.634,100.495,1.163,742.6470376177977,0.939815641
9/16/2020 14:00,2020,9,16,9/16/2020,15,18.637,100.829,1.211,742.6093958381007,0.939768006
9/16/2020 15:00,2020,9,16,9/16/2020,16,20.485,99.112,1.216,742.5717401,0.939720352
9/16/2020 16:00,2020,9,16,9/16/2020,17,21.774,101.704,1.218,742.5340705,0.939672682
9/16/2020 17:00,2020,9,16,9/16/2020,18,23.594,97.834,1.261,742.496387,0.939624994
9/16/2020 18:00,2020,9,16,9/16/2020,19,25.387,99.789,1.329,742.4586896091951,0.939577288
9/16/2020 19:00,2020,9,16,9/16/2020,20,26.582,100.267,1.374,677.9793527980155,0.85797905
9/16/2020 20:00,2020,9,16,9/16/2020,21,26.616,99.372,1.375,613.5000021533815,0.776380795
9/16/2020 21:00,2020,9,16,9/16/2020,22,27.283,99.238,1.396,613.4622632680403,0.776333037
9/16/2020 22:00,2020,9,16,9/16/2020,23,25.592,102.396,1.337,613.4245105880677,0.776285261
9/16/2020 23:00,2020,9,16,9/16/2020,24,25.921,98.743,1.349,574.2614714633589,0.726724656
9/17/2020 0:00,2020,9,17,9/17/2020,1,24.641,99.202,1.301,535.0984185828703,0.677164033
9/17/2020 1:00,2020,9,17,9/17/2020,2,23.22,100.455,1.247,535.0606246355658,0.677116205
9/17/2020 2:00,2020,9,17,9/17/2020,3,21.967,99.51,1.219,535.0228169713613,0.67706836
9/17/2020 3:00,2020,9,17,9/17/2020,4,20.56,99.945,1.216,534.9849956097077,0.677020497
9/17/2020 4:00,2020,9,17,9/17/2020,5,18.959,99.409,1.212,534.9471605700621,0.676972617
9/17/2020 5:00,2020,9,17,9/17/2020,6,17.763,99.851,1.205,534.9093118718897,0.67692472
9/17/2020 6:00,2020,9,17,9/17/2020,7,15.32,98.268,1.156,534.8714495346616,0.676876805
9/17/2020 7:00,2020,9,17,9/17/2020,8,15.693,100.654,1.164,565.1676157667351,0.715216433
9/17/2020 8:00,2020,9,17,9/17/2020,9,13.028,99.003,1.111,638.3625822638272,0.80784425
9/17/2020 9:00,2020,9,17,9/17/2020,10,13.742,100.967,1.125,711.5575351803209,0.900472051
9/17/2020 10:00,2020,9,17,9/17/2020,11,12.88,100.904,1.108,741.8536606706058,0.938811627
9/17/2020 11:00,2020,9,17,9/17/2020,12,15.53,99.347,1.161,741.8157304,0.938763626
9/17/2020 12:00,2020,9,17,9/17/2020,13,16.942,101.753,1.189,741.7777866681556,0.938715609
9/17/2020 13:00,2020,9,17,9/17/2020,14,16.904,99.441,1.188,741.7398294,0.938667574
9/17/2020 14:00,2020,9,17,9/17/2020,15,18.005,100.133,1.21,741.7018586554798,0.938619522
9/17/2020 15:00,2020,9,17,9/17/2020,16,19.221,99.503,1.213,741.6638744441304,0.938571454
9/17/2020 16:00,2020,9,17,9/17/2020,17,21.95,99.932,1.219,741.6258767888262,0.938523368
9/17/2020 17:00,2020,9,17,9/17/2020,18,23.252,99.517,1.248,741.5878657091152,0.938475265
9/17/2020 18:00,2020,9,17,9/17/2020,19,25.625,100.889,1.338,741.5498412,0.938427145
9/17/2020 19:00,2020,9,17,9/17/2020,20,27.117,100.439,1.392,677.0701777813621,0.856828494
9/17/2020 20:00,2020,9,17,9/17/2020,21,26.903,100.794,1.386,612.5905009724507,0.775229827
9/17/2020 21:00,2020,9,17,9/17/2020,22,26.931,100.127,1.387,612.5524363907341,0.775181656
9/17/2020 22:00,2020,9,17,9/17/2020,23,27.032,97.698,1.391,612.5143584824557,0.775133469
9/17/2020 23:00,2020,9,17,9/17/2020,24,26.407,100.597,1.368,573.3509945976775,0.725572453
9/18/2020 0:00,2020,9,18,9/18/2020,1,25.574,98.969,1.336,534.1876174255235,0.67601142
9/18/2020 1:00,2020,9,18,9/18/2020,2,24.605,98.485,1.3,534.1494996551243,0.675963182
9/18/2020 2:00,2020,9,18,9/18/2020,3,21.659,98.597,1.218,534.1113686365624,0.675914927
9/18/2020 3:00,2020,9,18,9/18/2020,4,19.753,99.112,1.214,534.0732243894547,0.675866656
9/18/2020 4:00,2020,9,18,9/18/2020,5,17.966,100.025,1.209,534.0350669334251,0.675818368
9/18/2020 5:00,2020,9,18,9/18/2020,6,17.976,99.698,1.21,533.9968962881039,0.675770063
9/18/2020 6:00,2020,9,18,9/18/2020,7,16.227,99.787,1.175,533.9587124731283,0.675721742
9/18/2020 7:00,2020,9,18,9/18/2020,8,16.36,100.674,1.177,564.2545576970213,0.714060963
9/18/2020 8:00,2020,9,18,9/18/2020,9,13.813,100.811,1.126,637.4492036556642,0.806688375
9/18/2020 9:00,2020,9,18,9/18/2020,10,13.436,102.504,1.119,710.6438365036053,0.89931577
9/18/2020 10:00,2020,9,18,9/18/2020,11,14.509,100.438,1.14,740.9396424,0.937654942
9/18/2020 11:00,2020,9,18,9/18/2020,12,15.3,103.536,1.156,740.901393,0.937606538
9/18/2020 12:00,2020,9,18,9/18/2020,13,16.245,101.266,1.175,740.8631306,0.937558117
9/18/2020 13:00,2020,9,18,9/18/2020,14,17.637,101.366,1.203,740.8248551546637,0.937509679
9/18/2020 14:00,2020,9,18,9/18/2020,15,17.999,100.969,1.21,740.7865666902063,0.937461226
9/18/2020 15:00,2020,9,18,9/18/2020,16,20.713,103.334,1.216,740.7482652331338,0.937412755
9/18/2020 16:00,2020,9,18,9/18/2020,17,22.04,102.215,1.219,740.7099508031506,0.937364269
9/18/2020 17:00,2020,9,18,9/18/2020,18,24.739,102.994,1.305,740.6716234199678,0.937315766
9/18/2020 18:00,2020,9,18,9/18/2020,19,23.758,101.248,1.268,740.6332831033037,0.937267246
9/18/2020 19:00,2020,9,18,9/18/2020,20,25.247,100.028,1.324,676.1533042995432,0.855668196
9/18/2020 20:00,2020,9,18,9/18/2020,21,27.434,100.862,1.399,611.6733126017571,0.77406913
9/18/2020 21:00,2020,9,18,9/18/2020,22,27.101,98.377,1.392,611.6349336030221,0.774020562
9/18/2020 22:00,2020,9,18,9/18/2020,23,27.866,101.124,1.407,611.5965417497438,0.773971977
9/18/2020 23:00,2020,9,18,9/18/2020,24,25.662,100.858,1.339,572.4328643921456,0.724410564
9/19/2020 0:00,2020,9,19,9/19/2020,1,25.497,100.739,1.333,533.2691742195126,0.674849135
9/19/2020 1:00,2020,9,19,9/19/2020,2,22.499,99.719,1.22,533.2307439211365,0.674800502
9/19/2020 2:00,2020,9,19,9/19/2020,3,21.786,99.964,1.218,533.1923008472609,0.674751852
9/19/2020 3:00,2020,9,19,9/19/2020,4,21.514,100.594,1.218,533.153845,0.674703186
9/19/2020 4:00,2020,9,19,9/19/2020,5,19.845,100.637,1.214,533.1153764521268,0.674654505
9/19/2020 5:00,2020,9,19,9/19/2020,6,16.91,98.84,1.188,533.0768951704429,0.674605807
9/19/2020 6:00,2020,9,19,9/19/2020,7,14.838,100.317,1.147,533.0384011924085,0.674557093
9/19/2020 7:00,2020,9,19,9/19/2020,8,14.812,98.019,1.146,563.3339367267055,0.712895922
9/19/2020 8:00,2020,9,19,9/19/2020,9,14.388,101.33,1.138,636.5282734693753,0.805522943
9/19/2020 9:00,2020,9,19,9/19/2020,10,14.998,101.336,1.15,709.7225975751248,0.898149948
9/19/2020 10:00,2020,9,19,9/19/2020,11,14.985,101.643,1.15,740.0180951986674,0.936488729
9/19/2020 11:00,2020,9,19,9/19/2020,12,12.683,99.478,1.104,739.9795380360642,0.936439935
9/19/2020 12:00,2020,9,19,9/19/2020,13,15.568,103.348,1.161,739.9409682960297,0.936391126
9/19/2020 13:00,2020,9,19,9/19/2020,14,17.863,100.795,1.207,739.9023859984063,0.9363423
9/19/2020 14:00,2020,9,19,9/19/2020,15,18.237,102.527,1.211,739.8637911630431,0.936293458
9/19/2020 15:00,2020,9,19,9/19/2020,16,20.34,101.505,1.215,739.8251838097956,0.936244601
9/19/2020 16:00,2020,9,19,9/19/2020,17,22.364,103.445,1.22,739.786564,0.936195728
9/19/2020 17:00,2020,9,19,9/19/2020,18,24.664,101.799,1.302,739.7479316291024,0.936146839
9/19/2020 18:00,2020,9,19,9/19/2020,19,24.776,102.407,1.306,739.7092868413995,0.936097934
9/19/2020 19:00,2020,9,19,9/19/2020,20,27.1,102.336,1.392,675.2290040419595,0.854498499
9/19/2020 20:00,2020,9,19,9/19/2020,21,26.196,100.145,1.36,610.7487088,0.772899049
9/19/2020 21:00,2020,9,19,9/19/2020,22,27.851,101.363,1.407,610.7100267807815,0.772850097
9/19/2020 22:00,2020,9,19,9/19/2020,23,26.418,100.036,1.368,610.6713323588378,0.77280113
9/19/2020 23:00,2020,9,19,9/19/2020,24,25.605,100.302,1.337,571.5073529085574,0.723239334
9/20/2020 0:00,2020,9,20,9/20/2020,1,25.138,97.929,1.32,532.3433611193809,0.673677524
9/20/2020 1:00,2020,9,20,9/20/2020,2,23.774,100.089,1.268,532.3046296807548,0.673628509
9/20/2020 2:00,2020,9,20,9/20/2020,3,21.911,98.751,1.219,532.2658859430779,0.673579479
9/20/2020 3:00,2020,9,20,9/20/2020,4,20.087,99.175,1.215,532.2271299,0.673530434
9/20/2020 4:00,2020,9,20,9/20/2020,5,18.198,98.679,1.21,532.1883616503055,0.673481373
9/20/2020 5:00,2020,9,20,9/20/2020,6,17.524,100.422,1.2,532.1495811350934,0.673432296
9/20/2020 6:00,2020,9,20,9/20/2020,7,15.462,99.771,1.159,532.1107884005964,0.673383204
9/20/2020 7:00,2020,9,20,9/20/2020,8,14.748,100.279,1.145,562.4060256556504,0.711721656
9/20/2020 8:00,2020,9,20,9/20/2020,9,14.01,102.235,1.13,635.6000645964502,0.8043483
9/20/2020 9:00,2020,9,20,9/20/2020,10,15.159,101.738,1.153,708.7940913778559,0.896974928
9/20/2020 10:00,2020,9,20,9/20/2020,11,14.597,103.288,1.142,739.0892922,0.935313334
9/20/2020 11:00,2020,9,20,9/20/2020,12,14.63,100.641,1.143,739.0504386232983,0.935264165
9/20/2020 12:00,2020,9,20,9/20/2020,13,14.934,101.481,1.149,739.0115729924153,0.935214981
9/20/2020 13:00,2020,9,20,9/20/2020,14,17.237,102.147,1.195,738.9726952820803,0.935165782
9/20/2020 14:00,2020,9,20,9/20/2020,15,18.122,100.103,1.21,738.9338055122939,0.935116567
9/20/2020 15:00,2020,9,20,9/20/2020,16,20.041,101.785,1.215,738.8949037030637,0.935067337
9/20/2020 16:00,2020,9,20,9/20/2020,17,22.158,102.264,1.219,738.8559898744029,0.935018091
9/20/2020 17:00,2020,9,20,9/20/2020,18,23.736,100.564,1.267,738.8170640463312,0.934968831
9/20/2020 18:00,2020,9,20,9/20/2020,19,24.397,103.203,1.292,738.7781262388744,0.934919555
9/20/2020 19:00,2020,9,20,9/20/2020,20,26.819,102.55,1.383,674.2975508987251,0.853319751
9/20/2020 20:00,2020,9,20,9/20/2020,21,25.309,100.533,1.326,609.8169636192606,0.771719931
9/20/2020 21:00,2020,9,20,9/20/2020,22,27.465,99.72,1.399,609.7779899938647,0.77167061
9/20/2020 22:00,2020,9,20,9/20/2020,23,27.225,98.586,1.395,609.7390044692481,0.771621274
9/20/2020 23:00,2020,9,20,9/20/2020,24,27.181,99.936,1.394,570.5747343959401,0.722059111
9/21/2020 0:00,2020,9,21,9/21/2020,1,25.311,100.738,1.326,531.4104524635308,0.672496933
9/21/2020 1:00,2020,9,21,9/21/2020,2,23.301,100.222,1.25,531.3714314,0.672447552
9/21/2020 2:00,2020,9,21,9/21/2020,3,22.278,100.706,1.22,531.3323984407433,0.672398156
9/21/2020 3:00,2020,9,21,9/21/2020,4,20.316,100.437,1.215,531.2933537209935,0.672348745
9/21/2020 4:00,2020,9,21,9/21/2020,5,18.713,99.486,1.212,531.2542972224537,0.672299319
9/21/2020 5:00,2020,9,21,9/21/2020,6,17.172,99.495,1.193,531.2152289652167,0.672249879
9/21/2020 6:00,2020,9,21,9/21/2020,7,14.799,99.963,1.146,531.1761489693815,0.672200423
9/21/2020 7:00,2020,9,21,9/21/2020,8,15.347,101.509,1.157,561.4710994,0.710538512
9/21/2020 8:00,2020,9,21,9/21/2020,9,12.963,102.964,1.109,634.6648520852103,0.803164794
9/21/2020 9:00,2020,9,21,9/21/2020,10,12.544,102.758,1.101,707.8585930482238,0.89579106
9/21/2020 10:00,2020,9,21,9/21/2020,11,12.331,100.534,1.097,738.1535084879861,0.934129105
9/21/2020 11:00,2020,9,21,9/21/2020,12,13.595,101.296,1.122,738.1143701008574,0.934079576
9/21/2020 12:00,2020,9,21,9/21/2020,13,14.915,102.87,1.148,738.0752200958514,0.934030032
9/21/2020 13:00,2020,9,21,9/21/2020,14,16.556,102.561,1.181,738.0360584931093,0.933980473
9/21/2020 14:00,2020,9,21,9/21/2020,15,18.122,101.217,1.21,737.9968853,0.933930899
9/21/2020 15:00,2020,9,21,9/21/2020,16,20.963,102.316,1.217,737.9577005750104,0.933881311
9/21/2020 16:00,2020,9,21,9/21/2020,17,22.657,101.543,1.226,737.9185042999659,0.933831709
9/21/2020 17:00,2020,9,21,9/21/2020,18,22.598,102.372,1.224,737.8792965078092,0.933782092
9/21/2020 18:00,2020,9,21,9/21/2020,19,25.365,101.531,1.328,737.8400772,0.93373246
9/21/2020 19:00,2020,9,21,9/21/2020,20,25.305,101.231,1.326,673.3592209,0.852132299
9/21/2020 20:00,2020,9,21,9/21/2020,21,27.416,97.882,1.398,608.8783531,0.770532125
9/21/2020 21:00,2020,9,21,9/21/2020,22,26.195,101.913,1.36,608.8390994248869,0.770482449
9/21/2020 22:00,2020,9,21,9/21/2020,23,26.195,98.655,1.36,608.7998343498497,0.77043276
9/21/2020 23:00,2020,9,21,9/21/2020,24,25.133,99.863,1.319,569.6352852092864,0.720870243
9/22/2020 0:00,2020,9,22,9/22/2020,1,24.938,99.291,1.312,530.4707246929306,0.671307713
9/22/2020 1:00,2020,9,22,9/22/2020,2,22.609,99.942,1.224,530.4314254905217,0.67125798
9/22/2020 2:00,2020,9,22,9/22/2020,3,21.931,99.514,1.219,530.3921149527503,0.671208233
9/22/2020 3:00,2020,9,22,9/22/2020,4,21.297,99.039,1.217,530.3527930998398,0.671158471
9/22/2020 4:00,2020,9,22,9/22/2020,5,19.602,99.281,1.214,530.3134599520199,0.671108695
9/22/2020 5:00,2020,9,22,9/22/2020,6,17.358,99.533,1.197,530.2741155,0.671058905
9/22/2020 6:00,2020,9,22,9/22/2020,7,15.755,99.94,1.165,530.2347598525989,0.671009101
9/22/2020 7:00,2020,9,22,9/22/2020,8,13.826,100.677,1.127,560.5294351303644,0.709346841
9/22/2020 8:00,2020,9,22,9/22/2020,9,13.931,101.908,1.129,633.7229130593062,0.801972775
9/22/2020 9:00,2020,9,22,9/22/2020,10,14.782,102.685,1.146,706.9163798,0.894598695
9/22/2020 10:00,2020,9,22,9/22/2020,11,13.995,101.514,1.13,737.2110214913196,0.932936393
9/22/2020 11:00,2020,9,22,9/22/2020,12,14.251,102.263,1.135,737.1716098,0.932886518
9/22/2020 12:00,2020,9,22,9/22/2020,13,15.285,103.79,1.156,737.1321870679094,0.932836629
9/22/2020 13:00,2020,9,22,9/22/2020,14,17.19,102.41,1.194,737.0927531771881,0.932786725
9/22/2020 14:00,2020,9,22,9/22/2020,15,18.873,101.866,1.212,737.0533081941705,0.932736808
9/22/2020 15:00,2020,9,22,9/22/2020,16,20.975,104.105,1.217,737.0138521391494,0.932686877
9/22/2020 16:00,2020,9,22,9/22/2020,17,20.648,102.286,1.216,736.9743850324232,0.932636931
9/22/2020 17:00,2020,9,22,9/22/2020,18,23.652,101.454,1.264,736.9349068942964,0.932586972
9/22/2020 18:00,2020,9,22,9/22/2020,19,24.819,101.684,1.308,736.8954177450788,0.932536999
9/22/2020 19:00,2020,9,22,9/22/2020,20,26.642,101.213,1.376,672.4142920317466,0.850936497
9/22/2020 20:00,2020,9,22,9/22/2020,21,25.75,99.915,1.343,607.9331553479603,0.769335982
9/22/2020 21:00,2020,9,22,9/22/2020,22,27.069,99.55,1.391,607.8936332873864,0.769285967
9/22/2020 22:00,2020,9,22,9/22/2020,23,26.139,98.81,1.357,607.8541002970177,0.769235938
9/22/2020 23:00,2020,9,22,9/22/2020,24,25.636,100.208,1.338,568.6892837276653,0.719673084
9/23/2020 0:00,2020,9,23,9/23/2020,1,24.479,99.965,1.295,529.5244562692001,0.670110215
9/23/2020 1:00,2020,9,23,9/23/2020,2,23.108,99.581,1.243,529.4848906114988,0.670060145
9/23/2020 2:00,2020,9,23,9/23/2020,3,22.214,102.556,1.219,529.4453141053892,0.670010061
9/23/2020 3:00,2020,9,23,9/23/2020,4,19.578,100.162,1.214,529.4057267712317,0.669959964
9/23/2020 4:00,2020,9,23,9/23/2020,5,17.178,100.377,1.194,529.3661286293924,0.669909853
9/23/2020 5:00,2020,9,23,9/23/2020,6,16.976,101.976,1.19,529.3265197002429,0.669859728
9/23/2020 6:00,2020,9,23,9/23/2020,7,16.153,101.629,1.173,529.2869000041604,0.669809589
9/23/2020 7:00,2020,9,23,9/23/2020,8,13.7,99.778,1.124,559.5813117504064,0.708146997
9/23/2020 8:00,2020,9,23,9/23/2020,9,12.912,101.373,1.108,632.7745266356001,0.800772598
9/23/2020 9:00,2020,9,23,9/23/2020,10,13.758,101.364,1.125,705.9677308150254,0.893398185
9/23/2020 10:00,2020,9,23,9/23/2020,11,14.117,100.202,1.132,736.2621104439725,0.931735552
9/23/2020 11:00,2020,9,23,9/23/2020,12,14.985,99.026,1.15,736.2224372190769,0.931685345
9/23/2020 12:00,2020,9,23,9/23/2020,13,17.137,99.394,1.193,736.1827533496275,0.931635126
9/23/2020 13:00,2020,9,23,9/23/2020,14,17.096,99.798,1.192,736.1430588560402,0.931584893
9/23/2020 14:00,2020,9,23,9/23/2020,15,19.442,98.774,1.213,736.1033537587361,0.931534646
9/23/2020 15:00,2020,9,23,9/23/2020,16,20.323,100.527,1.215,736.0636380781418,0.931484386
9/23/2020 16:00,2020,9,23,9/23/2020,17,22.325,102.867,1.22,736.0239118346897,0.931434113
9/23/2020 17:00,2020,9,23,9/23/2020,18,23.879,100.721,1.272,735.9841750488171,0.931383826
9/23/2020 18:00,2020,9,23,9/23/2020,19,25.681,101.009,1.34,735.9444277409671,0.931333526
9/23/2020 19:00,2020,9,23,9/23/2020,20,24.831,100.031,1.308,671.4630443582487,0.849732699
9/23/2020 20:00,2020,9,23,9/23/2020,21,25.737,101.277,1.342,606.9816504944552,0.768131858
9/23/2020 21:00,2020,9,23,9/23/2020,22,26.071,99.084,1.355,606.9418717433847,0.768081518
9/23/2020 22:00,2020,9,23,9/23/2020,23,25.776,98.855,1.344,606.9020825521629,0.768031165
9/23/2020 23:00,2020,9,23,9/23/2020,24,25.511,100.11,1.334,567.7370102717321,0.718467987
9/24/2020 0:00,2020,9,24,9/24/2020,1,25.559,102.072,1.336,528.5719275920951,0.668904796
9/24/2020 1:00,2020,9,24,9/24/2020,2,23.226,101.06,1.247,528.5321072032598,0.668854403
9/24/2020 2:00,2020,9,24,9/24/2020,3,21.65,100.683,1.218,528.4922765,0.668803998
9/24/2020 3:00,2020,9,24,9/24/2020,4,21,100.362,1.217,528.4524353713618,0.668753579
9/24/2020 4:00,2020,9,24,9/24/2020,5,17.678,100.785,1.204,528.4125839692871,0.668703147
9/24/2020 5:00,2020,9,24,9/24/2020,6,15.581,100.072,1.162,528.3727222704628,0.668652702
9/24/2020 6:00,2020,9,24,9/24/2020,7,15.487,100.244,1.16,528.3328502953959,0.668602245
9/24/2020 7:00,2020,9,24,9/24/2020,8,13.096,101.141,1.112,558.6270102534776,0.706939333
9/24/2020 8:00,2020,9,24,9/24/2020,9,12.73,100.798,1.105,631.8199738414569,0.799564616
9/24/2020 9:00,2020,9,24,9/24/2020,10,14.52,99.967,1.14,705.0129272147472,0.892189886
9/24/2020 10:00,2020,9,24,9/24/2020,11,13.987,99.401,1.13,735.3070565,0.930526936
9/24/2020 11:00,2020,9,24,9/24/2020,12,14.306,100.128,1.136,735.2671334802814,0.930476414
9/24/2020 12:00,2020,9,24,9/24/2020,13,16.236,99.661,1.175,735.2272002787073,0.930425879
9/24/2020 13:00,2020,9,24,9/24/2020,14,17.074,96.032,1.191,735.1872569445889,0.930375331
9/24/2020 14:00,2020,9,24,9/24/2020,15,19.052,100.152,1.212,735.1473034984756,0.93032477
9/24/2020 15:00,2020,9,24,9/24/2020,16,20.142,99.143,1.215,735.1073399609215,0.930274196
9/24/2020 16:00,2020,9,24,9/24/2020,17,21.223,99.501,1.217,735.0673663524865,0.93022361
9/24/2020 17:00,2020,9,24,9/24/2020,18,24.139,101.284,1.282,735.0273826937354,0.930173011
9/24/2020 18:00,2020,9,24,9/24/2020,19,24.769,99.367,1.306,734.9873890052381,0.930122399
9/24/2020 19:00,2020,9,24,9/24/2020,20,26.01,98.423,1.353,670.5057597342307,0.84852126
9/24/2020 20:00,2020,9,24,9/24/2020,21,26.292,101.153,1.363,606.0241204746324,0.766920109
9/24/2020 21:00,2020,9,24,9/24/2020,22,27.74,99.408,1.405,605.9840968,0.76686946
9/24/2020 22:00,2020,9,24,9/24/2020,23,25.527,100.41,1.334,605.9440632,0.766818797
9/24/2020 23:00,2020,9,24,9/24/2020,24,25.131,100.724,1.319,566.7787470206636,0.71725531
9/25/2020 0:00,2020,9,25,9/25/2020,1,24.348,99.139,1.29,527.6134209,0.667691811
9/25/2020 1:00,2020,9,25,9/25/2020,2,22.166,99.337,1.219,527.5733575960912,0.667641111
9/25/2020 2:00,2020,9,25,9/25/2020,3,21.368,100.104,1.217,527.5332844107611,0.667590399
9/25/2020 3:00,2020,9,25,9/25/2020,4,19.901,100.612,1.214,527.4932013810458,0.667539674
9/25/2020 4:00,2020,9,25,9/25/2020,5,17.9,100.745,1.208,527.4531085275662,0.667488936
9/25/2020 5:00,2020,9,25,9/25/2020,6,17.313,99.995,1.196,527.4130058709484,0.667438187
9/25/2020 6:00,2020,9,25,9/25/2020,7,16.77,100.265,1.185,527.3728934318239,0.667387425
9/25/2020 7:00,2020,9,25,9/25/2020,8,14.563,101.309,1.141,557.6668134197071,0.70572421
9/25/2020 8:00,2020,9,25,9/25/2020,9,14.718,102.016,1.144,630.8595375314708,0.79834919
9/25/2020 9:00,2020,9,25,9/25/2020,10,11.537,100.696,1.081,704.0522519226513,0.890974157
9/25/2020 10:00,2020,9,25,9/25/2020,11,13.831,102.066,1.127,734.3461427487903,0.929310905
9/25/2020 11:00,2020,9,25,9/25/2020,12,14.868,100.872,1.147,734.3059817067754,0.929260082
9/25/2020 12:00,2020,9,25,9/25/2020,13,15.777,103.453,1.166,734.2658110061459,0.929209246
9/25/2020 13:00,2020,9,25,9/25/2020,14,16.977,102.64,1.19,734.2256306675686,0.929158398
9/25/2020 14:00,2020,9,25,9/25/2020,15,18.775,101.776,1.212,734.1854407117141,0.929107538
9/25/2020 15:00,2020,9,25,9/25/2020,16,21.894,101.918,1.219,734.1452411592591,0.929056666
9/25/2020 16:00,2020,9,25,9/25/2020,17,22.249,103.95,1.219,734.1050320308842,0.929005781
9/25/2020 17:00,2020,9,25,9/25/2020,18,23.367,101.323,1.253,734.0648133472757,0.928954885
9/25/2020 18:00,2020,9,25,9/25/2020,19,23.351,102.624,1.252,734.0245851,0.928903976
9/25/2020 19:00,2020,9,25,9/25/2020,20,26.273,103.119,1.363,669.5427218237863,0.847302541
9/25/2020 20:00,2020,9,25,9/25/2020,21,26.97,100.215,1.389,605.0608490253021,0.765701095
9/25/2020 21:00,2020,9,25,9/25/2020,22,27.443,99.882,1.399,605.0205923277165,0.76565015
9/25/2020 22:00,2020,9,25,9/25/2020,23,26.993,101.379,1.39,604.9803261784004,0.765599194
9/25/2020 23:00,2020,9,25,9/25/2020,24,26.057,99.325,1.354,565.8147779285421,0.716035413
9/26/2020 0:00,2020,9,26,9/26/2020,1,24.815,101.31,1.307,526.6492203,0.66647162
9/26/2020 1:00,2020,9,26,9/26/2020,2,22.916,99.488,1.236,526.6089258881932,0.666420628
9/26/2020 2:00,2020,9,26,9/26/2020,3,23.445,99.434,1.256,526.5686221391577,0.666369624
9/26/2020 3:00,2020,9,26,9/26/2020,4,22.032,99.249,1.219,526.5283090420166,0.666318608
9/26/2020 4:00,2020,9,26,9/26/2020,5,19.288,101.304,1.213,526.4879866175099,0.66626758
9/26/2020 5:00,2020,9,26,9/26/2020,6,15.862,99.593,1.167,526.4476548863815,0.666216541
9/26/2020 6:00,2020,9,26,9/26/2020,7,15.765,100.805,1.165,526.4073138693807,0.666165489
9/26/2020 7:00,2020,9,26,9/26/2020,8,13.722,99.836,1.124,556.7010057761395,0.704501986
9/26/2020 8:00,2020,9,26,9/26/2020,9,13.925,99.999,1.129,629.8935023036481,0.797126678
9/26/2020 9:00,2020,9,26,9/26/2020,10,12.741,102.35,1.105,703.0859896075598,0.889751358
9/26/2020 10:00,2020,9,26,9/26/2020,11,14.62,100.632,1.142,733.3796538435333,0.928087819
9/26/2020 11:00,2020,9,26,9/26/2020,12,14.508,102.884,1.14,733.3392667085725,0.928036709
9/26/2020 12:00,2020,9,26,9/26/2020,13,15.284,101.054,1.156,733.2988704123335,0.927985588
9/26/2020 13:00,2020,9,26,9/26/2020,14,16.58,102.652,1.182,733.2584649755986,0.927934455
9/26/2020 14:00,2020,9,26,9/26/2020,15,19.297,101.086,1.213,733.2180504191545,0.927883311
9/26/2020 15:00,2020,9,26,9/26/2020,16,18.455,101.383,1.211,733.1776267637933,0.927832155
9/26/2020 16:00,2020,9,26,9/26/2020,17,21.692,101.999,1.218,733.1371940303111,0.927780988
9/26/2020 17:00,2020,9,26,9/26/2020,18,22.007,100.679,1.219,733.0967522395088,0.927729809
9/26/2020 18:00,2020,9,26,9/26/2020,19,24.218,100.59,1.285,733.0563014121924,0.927678618
9/26/2020 19:00,2020,9,26,9/26/2020,20,25.419,102.385,1.33,668.5742159958327,0.846076903
9/26/2020 20:00,2020,9,26,9/26/2020,21,28.337,100.359,1.417,604.0921215845841,0.764475176
9/26/2020 21:00,2020,9,26,9/26/2020,22,26.874,99.333,1.385,604.0516437726053,0.764423951
9/26/2020 22:00,2020,9,26,9/26/2020,23,27.591,100.911,1.402,604.0111570073815,0.764372715
9/26/2020 23:00,2020,9,26,9/26/2020,24,25.517,101.544,1.334,564.8453886402137,0.714808656
9/27/2020 0:00,2020,9,27,9/27/2020,1,25.164,100.646,1.321,525.6796113614632,0.665244586
9/27/2020 1:00,2020,9,27,9/27/2020,2,22.89,98.148,1.235,525.6390979,0.665193316
9/27/2020 2:00,2020,9,27,9/27/2020,3,20.902,101.953,1.216,525.5985754916245,0.665142035
9/27/2020 3:00,2020,9,27,9/27/2020,4,21.04,101.647,1.217,525.5580442726988,0.665090743
9/27/2020 4:00,2020,9,27,9/27/2020,5,19.63,99.991,1.214,525.5175042255694,0.66503944
9/27/2020 5:00,2020,9,27,9/27/2020,6,17.887,99.873,1.208,525.4769553710927,0.664988126
9/27/2020 6:00,2020,9,27,9/27/2020,7,16.687,100.062,1.184,525.4363977301296,0.6649368
9/27/2020 7:00,2020,9,27,9/27/2020,8,14.092,98.106,1.132,555.7298735124234,0.703273023
9/27/2020 8:00,2020,9,27,9/27/2020,9,14.396,103.174,1.138,628.9221544150756,0.795897442
9/27/2020 9:00,2020,9,27,9/27/2020,10,13.19,102.612,1.114,702.1144265938506,0.88852185
9/27/2020 10:00,2020,9,27,9/27/2020,11,14.608,100.366,1.142,732.4078762045174,0.92685804
9/27/2020 11:00,2020,9,27,9/27/2020,12,14.995,100.224,1.15,732.3672749441905,0.926806659
9/27/2020 12:00,2020,9,27,9/27/2020,13,16.459,101.317,1.179,732.3266650226361,0.926755268
9/27/2020 13:00,2020,9,27,9/27/2020,14,17.601,100.46,1.202,732.2860464607465,0.926703865
9/27/2020 14:00,2020,9,27,9/27/2020,15,18.629,99.063,1.211,732.2454192794182,0.926652452
9/27/2020 15:00,2020,9,27,9/27/2020,16,19.845,101.934,1.214,732.2047834995523,0.926601027
9/27/2020 16:00,2020,9,27,9/27/2020,17,22.214,101.262,1.219,732.1641391420542,0.926549592
9/27/2020 17:00,2020,9,27,9/27/2020,18,22.712,98.882,1.228,732.1234862278338,0.926498146
9/27/2020 18:00,2020,9,27,9/27/2020,19,24.74,102.27,1.305,732.0828247778056,0.926446689
9/27/2020 19:00,2020,9,27,9/27/2020,20,26.363,102.794,1.366,667.6005292395487,0.844844708
9/27/2020 20:00,2020,9,27,9/27/2020,21,26.5,101.121,1.371,603.1182252073257,0.763242715
9/27/2020 21:00,2020,9,27,9/27/2020,22,26.895,102.466,1.386,603.0775382754032,0.763191226
9/27/2020 22:00,2020,9,27,9/27/2020,23,27.397,99.532,1.398,603.0368428913737,0.763139726
9/27/2020 23:00,2020,9,27,9/27/2020,24,26.277,101.24,1.363,563.8708664066459,0.713575404
9/28/2020 0:00,2020,9,28,9/28/2020,1,24.51,100.704,1.296,524.7048815116877,0.664011071
9/28/2020 1:00,2020,9,28,9/28/2020,2,23.181,100.645,1.246,524.6641608969715,0.663959539
9/28/2020 2:00,2020,9,28,9/28/2020,3,21.703,100.569,1.218,524.6234319139189,0.663907997
9/28/2020 3:00,2020,9,28,9/28/2020,4,19.947,98.278,1.214,524.5826945834831,0.663856444
9/28/2020 4:00,2020,9,28,9/28/2020,5,18.973,101.182,1.212,524.5419489266221,0.66380488
9/28/2020 5:00,2020,9,28,9/28/2020,6,18.084,101.478,1.21,524.501195,0.663753307
9/28/2020 6:00,2020,9,28,9/28/2020,7,15.913,101.208,1.168,524.4604327174766,0.663701722
9/28/2020 7:00,2020,9,28,9/28/2020,8,14.377,100.01,1.138,554.7537043960074,0.702037687
9/28/2020 8:00,2020,9,28,9/28/2020,9,14.232,103.353,1.135,627.9457816970963,0.794661848
9/28/2020 9:00,2020,9,28,9/28/2020,10,12.186,101.448,1.094,701.1378507766124,0.887285999
9/28/2020 10:00,2020,9,28,9/28/2020,11,13.363,101.775,1.117,731.4310977904295,0.925621932
9/28/2020 11:00,2020,9,28,9/28/2020,12,13.976,102.721,1.13,731.3902944357662,0.925570296
9/28/2020 12:00,2020,9,28,9/28/2020,13,16.604,102.17,1.182,731.3494829224928,0.925518649
9/28/2020 13:00,2020,9,28,9/28/2020,14,15.063,102.695,1.151,731.3086633,0.925466992
9/28/2020 14:00,2020,9,28,9/28/2020,15,19.718,102.351,1.214,731.2678355,0.925415325
9/28/2020 15:00,2020,9,28,9/28/2020,16,20.83,101.997,1.216,731.2269996409909,0.925363647
9/28/2020 16:00,2020,9,28,9/28/2020,17,21.86,102.445,1.219,731.1861557032773,0.92531196
9/28/2020 17:00,2020,9,28,9/28/2020,18,23.895,102.185,1.273,731.1453037119747,0.925260262
9/28/2020 18:00,2020,9,28,9/28/2020,19,23.737,102.05,1.267,731.1044436880998,0.925208553
9/28/2020 19:00,2020,9,28,9/28/2020,20,25.445,101.973,1.331,666.6219501,0.843606321
9/28/2020 20:00,2020,9,28,9/28/2020,21,26.638,99.946,1.376,602.1394484800419,0.762004079
9/28/2020 21:00,2020,9,28,9/28/2020,22,26.222,99.613,1.361,602.0985644845916,0.76195234
9/28/2020 22:00,2020,9,28,9/28/2020,23,25.785,100.054,1.344,602.0576725406771,0.761900592
9/28/2020 23:00,2020,9,28,9/28/2020,24,25.708,100.944,1.341,562.8914999998082,0.712336021
9/29/2020 0:00,2020,9,29,9/29/2020,1,24.958,98.565,1.313,523.7253195525536,0.662771441
9/29/2020 1:00,2020,9,29,9/29/2020,2,24.817,100.857,1.308,523.6844038894862,0.662719662
9/29/2020 2:00,2020,9,29,9/29/2020,3,21.454,100.228,1.218,523.6434804,0.662667874
9/29/2020 3:00,2020,9,29,9/29/2020,4,20.054,99.153,1.215,523.6025489915326,0.662616075
9/29/2020 4:00,2020,9,29,9/29/2020,5,18.077,100.264,1.21,523.5616097987574,0.662564267
9/29/2020 5:00,2020,9,29,9/29/2020,6,18.172,99.452,1.21,523.5206628048641,0.662512449
9/29/2020 6:00,2020,9,29,9/29/2020,7,16.23,99.271,1.175,523.4797080309183,0.662460621
9/29/2020 7:00,2020,9,29,9/29/2020,8,13.976,97.617,1.13,553.7727877,0.700796342
9/29/2020 8:00,2020,9,29,9/29/2020,9,14.351,102.309,1.137,626.9646734700182,0.793420261
9/29/2020 9:00,2020,9,29,9/29/2020,10,14.713,100.511,1.144,700.1565515363363,0.88604417
9/29/2020 10:00,2020,9,29,9/29/2020,11,15.24,103.986,1.155,730.4496080417946,0.924379863
9/29/2020 11:00,2020,9,29,9/29/2020,12,14.907,102.658,1.148,730.4086146837094,0.924327986
9/29/2020 12:00,2020,9,29,9/29/2020,13,15.441,101.279,1.159,730.3676137,0.924276099
9/29/2020 13:00,2020,9,29,9/29/2020,14,17.426,104.47,1.199,730.3266050279066,0.924224203
9/29/2020 14:00,2020,9,29,9/29/2020,15,17.656,100.368,1.203,730.2855887723795,0.924172297
9/29/2020 15:00,2020,9,29,9/29/2020,16,19.492,102.136,1.213,730.2445649,0.924120382
9/29/2020 16:00,2020,9,29,9/29/2020,17,22.083,102.6,1.219,730.2035335,0.924068457
9/29/2020 17:00,2020,9,29,9/29/2020,18,24.704,102.091,1.303,730.1624945485219,0.924016522
9/29/2020 18:00,2020,9,29,9/29/2020,19,24.389,101.077,1.291,730.1214480585072,0.923964578
9/29/2020 19:00,2020,9,29,9/29/2020,20,26.276,100.29,1.363,665.6387684893136,0.84236211
9/29/2020 20:00,2020,9,29,9/29/2020,21,25.179,99.253,1.321,601.1560814354009,0.760759633
9/29/2020 21:00,2020,9,29,9/29/2020,22,26.762,100.554,1.381,601.1150124912331,0.760707661
9/29/2020 22:00,2020,9,29,9/29/2020,23,26.637,99.488,1.376,601.0739361045989,0.760655679
9/29/2020 23:00,2020,9,29,9/29/2020,24,25.589,99.374,1.337,561.9075796271034,0.711090875
9/30/2020 0:00,2020,9,30,9/30/2020,1,24.68,100.103,1.302,522.7412157494098,0.661526063
9/30/2020 1:00,2020,9,30,9/30/2020,2,22.879,98.613,1.234,522.7001171621853,0.661474053
9/30/2020 2:00,2020,9,30,9/30/2020,3,21.888,99.213,1.219,522.6590112170459,0.661422033
9/30/2020 3:00,2020,9,30,9/30/2020,4,20.973,100.52,1.217,522.6178979351391,0.661370005
9/30/2020 4:00,2020,9,30,9/30/2020,5,16.968,99.476,1.189,522.5767773376162,0.661317967
9/30/2020 5:00,2020,9,30,9/30/2020,6,16.565,99.691,1.181,522.5356494456319,0.66126592
9/30/2020 6:00,2020,9,30,9/30/2020,7,16.042,99.597,1.171,522.4945143,0.661213863
9/30/2020 7:00,2020,9,30,9/30/2020,8,13.791,99.543,1.126,552.7874140517962,0.699549357
9/30/2020 8:00,2020,9,30,9/30/2020,9,12.614,100.966,1.102,625.9791204573828,0.792173049
9/30/2020 9:00,2020,9,30,9/30/2020,10,14.121,100.38,1.132,699.1708196531652,0.884796732
9/30/2020 10:00,2020,9,30,9/30/2020,11,16.394,100.908,1.178,729.4636978,0.923132199
9/30/2020 11:00,2020,9,30,9/30/2020,12,14.082,98.675,1.132,729.4225265809168,0.923080097
9/30/2020 12:00,2020,9,30,9/30/2020,13,14.869,100.002,1.147,729.3813482203542,0.923027986
9/30/2020 13:00,2020,9,30,9/30/2020,14,16.432,100.295,1.179,729.3401627347034,0.922975866
9/30/2020 14:00,2020,9,30,9/30/2020,15,18.214,99.745,1.21,729.2989701,0.922923737
9/30/2020 15:00,2020,9,30,9/30/2020,16,20.971,100.418,1.217,729.2577704728947,0.922871599
9/30/2020 16:00,2020,9,30,9/30/2020,17,21.053,100.218,1.217,729.2165637391244,0.922819452
9/30/2020 17:00,2020,9,30,9/30/2020,18,24.8,98.093,1.307,729.1753499650409,0.922767296
9/30/2020 18:00,2020,9,30,9/30/2020,19,24.709,99.695,1.303,729.1341291718475,0.922715132
9/30/2020 19:00,2020,9,30,9/30/2020,20,25.572,100.001,1.336,664.6512758074109,0.841112444
9/30/2020 20:00,2020,9,30,9/30/2020,21,27.161,100.823,1.393,600.1684154662807,0.759509748
9/30/2020 21:00,2020,9,30,9/30/2020,22,27.011,100.195,1.39,600.1271737430097,0.759457556
9/30/2020 22:00,2020,9,30,9/30/2020,23,26.657,99.093,1.377,600.0859251,0.759405357
9/30/2020 23:00,2020,9,30,9/30/2020,24,24.806,101.158,1.307,560.9193968453727,0.709840336
10/1/2020 0:00,2020,10,1,10/1/2020,1,21.26,99.283,1.217,529.2883972202345,0.669811484
10/1/2020 1:00,2020,10,1,10/1/2020,2,20.671,100.114,1.216,529.2471278872512,0.669759258
10/1/2020 2:00,2020,10,1,10/1/2020,3,19.141,99.235,1.213,529.2058517049095,0.669707023
10/1/2020 3:00,2020,10,1,10/1/2020,4,16.172,100.705,1.173,529.1645686944441,0.66965478
10/1/2020 4:00,2020,10,1,10/1/2020,5,15.59,101.278,1.162,529.1232789,0.669602528
10/1/2020 5:00,2020,10,1,10/1/2020,6,14.36,100.203,1.137,529.0819822741006,0.669550267
10/1/2020 6:00,2020,10,1,10/1/2020,7,15.137,99.18,1.153,529.0406789067097,0.669497998
10/1/2020 7:00,2020,10,1,10/1/2020,8,12.601,99.715,1.102,560.2363184964387,0.708975904
10/1/2020 8:00,2020,10,1,10/1/2020,9,11.991,100.799,1.09,635.6076692775575,0.804357924
10/1/2020 9:00,2020,10,1,10/1/2020,10,11.962,98.945,1.089,710.9790133580357,0.899739935
10/1/2020 10:00,2020,10,1,10/1/2020,11,11.462,99.937,1.08,742.1746328458469,0.939217815
10/1/2020 11:00,2020,10,1,10/1/2020,12,12.553,100.15,1.101,742.133296,0.939165504
10/1/2020 12:00,2020,10,1,10/1/2020,13,12.389,100.969,1.098,742.0919524678428,0.939113184
10/1/2020 13:00,2020,10,1,10/1/2020,14,14.711,100.057,1.144,742.0506023,0.939060856
10/1/2020 14:00,2020,10,1,10/1/2020,15,15.878,101.011,1.168,742.0092456275115,0.939008519
10/1/2020 15:00,2020,10,1,10/1/2020,16,16.388,99.948,1.178,741.9678823371576,0.938956174
10/1/2020 16:00,2020,10,1,10/1/2020,17,19.395,101.099,1.213,741.9265124950502,0.938903821
10/1/2020 17:00,2020,10,1,10/1/2020,18,19.946,102.168,1.214,741.8851361224724,0.938851459
10/1/2020 18:00,2020,10,1,10/1/2020,19,20.479,102.111,1.216,741.8437532407106,0.938799089
10/1/2020 19:00,2020,10,1,10/1/2020,20,23.206,99.853,1.247,675.4426019868979,0.854768806
10/1/2020 20:00,2020,10,1,10/1/2020,21,23.655,100.85,1.264,609.0414442664844,0.770738516
10/1/2020 21:00,2020,10,1,10/1/2020,22,22.86,99.566,1.234,609.000042,0.770686121
10/1/2020 22:00,2020,10,1,10/1/2020,23,23.1,101.118,1.243,608.9586333,0.770633719
10/1/2020 23:00,2020,10,1,10/1/2020,24,22.775,99.981,1.23,568.6273627,0.719594723
10/2/2020 0:00,2020,10,2,10/2/2020,1,20.303,98.539,1.215,528.2960858220938,0.668555719
10/2/2020 1:00,2020,10,2,10/2/2020,2,19.766,98.182,1.214,528.2546579723457,0.668503293
10/2/2020 2:00,2020,10,2,10/2/2020,3,18.376,100.592,1.211,528.2132237838251,0.668450858
10/2/2020 3:00,2020,10,2,10/2/2020,4,16.824,100.672,1.186,528.1717832778484,0.668398415
10/2/2020 4:00,2020,10,2,10/2/2020,5,16.478,100.023,1.18,528.1303364757348,0.668345965
10/2/2020 5:00,2020,10,2,10/2/2020,6,14.291,100.472,1.136,528.0888833988072,0.668293506
10/2/2020 6:00,2020,10,2,10/2/2020,7,14.212,100.933,1.134,528.0474240683916,0.668241039
10/2/2020 7:00,2020,10,2,10/2/2020,8,11.328,99.234,1.08,559.2429082060855,0.707718749
10/2/2020 8:00,2020,10,2,10/2/2020,9,11.064,101.663,1.08,634.6141040462389,0.803100572
10/2/2020 9:00,2020,10,2,10/2/2020,10,11.755,102.515,1.085,709.9852936969014,0.898482388
10/2/2020 10:00,2020,10,2,10/2/2020,11,12.076,104.412,1.092,741.1807592661255,0.937960074
10/2/2020 11:00,2020,10,2,10/2/2020,12,12.239,100.703,1.095,741.1392689882707,0.937907568
10/2/2020 12:00,2020,10,2,10/2/2020,13,13.376,103.227,1.118,741.0977725849508,0.937855055
10/2/2020 13:00,2020,10,2,10/2/2020,14,16.475,102.084,1.18,741.0562700775138,0.937802534
10/2/2020 14:00,2020,10,2,10/2/2020,15,16.439,101.792,1.179,741.0147615,0.937750005
10/2/2020 15:00,2020,10,2,10/2/2020,16,17.684,103.776,1.204,740.9732468356972,0.937697468
10/2/2020 16:00,2020,10,2,10/2/2020,17,19.442,102.151,1.213,740.9317261440299,0.937644924
10/2/2020 17:00,2020,10,2,10/2/2020,18,20.096,100.562,1.215,740.8901994336697,0.937592372
10/2/2020 18:00,2020,10,2,10/2/2020,19,20.647,101.315,1.216,740.8486667259807,0.937539813
10/2/2020 19:00,2020,10,2,10/2/2020,20,22.95,98.971,1.237,674.4473661581729,0.853509341
10/2/2020 20:00,2020,10,2,10/2/2020,21,23.496,100.222,1.258,608.0460596357731,0.769478862
10/2/2020 21:00,2020,10,2,10/2/2020,22,22.067,98.293,1.219,608.0045090643108,0.76942628
10/2/2020 22:00,2020,10,2,10/2/2020,23,22.102,100.063,1.219,607.9629525810058,0.76937369
10/2/2020 23:00,2020,10,2,10/2/2020,24,21.858,100.622,1.219,567.6315347775703,0.718334508
10/3/2020 0:00,2020,10,3,10/3/2020,1,21.329,100.154,1.217,527.3001111050535,0.667295319
10/3/2020 1:00,2020,10,3,10/3/2020,2,20.134,98.997,1.215,527.2585370145065,0.667242707
10/3/2020 2:00,2020,10,3,10/3/2020,3,19.633,99.798,1.214,527.2169570976514,0.667190088
10/3/2020 3:00,2020,10,3,10/3/2020,4,17.556,98.992,1.201,527.1753713758794,0.667137462
10/3/2020 4:00,2020,10,3,10/3/2020,5,14.521,99.57,1.14,527.1337798705845,0.667084828
10/3/2020 5:00,2020,10,3,10/3/2020,6,14.627,101.152,1.143,527.0921826031639,0.667032187
10/3/2020 6:00,2020,10,3,10/3/2020,7,12.841,98.819,1.107,527.0505795950178,0.666979538
10/3/2020 7:00,2020,10,3,10/3/2020,8,11.609,99.49,1.082,558.2459205678178,0.706457067
10/3/2020 8:00,2020,10,3,10/3/2020,9,10.991,102.482,1.08,633.6169737559875,0.80183871
10/3/2020 9:00,2020,10,3,10/3/2020,10,9.886,103.141,1.08,708.9880212676496,0.897220346
10/3/2020 10:00,2020,10,3,10/3/2020,11,13.136,103.25,1.113,740.1833452109303,0.936697852
10/3/2020 11:00,2020,10,3,10/3/2020,12,13.7,101.514,1.124,740.1417138202614,0.936645168
10/3/2020 12:00,2020,10,3,10/3/2020,13,11.702,104.301,1.084,740.1000768173294,0.936592477
10/3/2020 13:00,2020,10,3,10/3/2020,14,13.399,102.749,1.118,740.0584342235547,0.936539778
10/3/2020 14:00,2020,10,3,10/3/2020,15,15.306,101.319,1.156,740.0167861,0.936487073
10/3/2020 15:00,2020,10,3,10/3/2020,16,16.948,102.075,1.189,739.9751323491745,0.93643436
10/3/2020 16:00,2020,10,3,10/3/2020,17,19.644,100.254,1.214,739.9334731114243,0.93638164
10/3/2020 17:00,2020,10,3,10/3/2020,18,19.928,102.131,1.214,739.8918083685423,0.936328914
10/3/2020 18:00,2020,10,3,10/3/2020,19,20.853,102.798,1.216,739.8501381419636,0.936276181
10/3/2020 19:00,2020,10,3,10/3/2020,20,22.927,100.594,1.236,673.4487005689691,0.852245535
10/3/2020 20:00,2020,10,3,10/3/2020,21,22.969,100.128,1.238,607.0472575551559,0.768214884
10/3/2020 21:00,2020,10,3,10/3/2020,22,21.866,100.048,1.219,607.0055710061239,0.768162129
10/3/2020 22:00,2020,10,3,10/3/2020,23,23.007,100.104,1.239,606.9638790591625,0.768109369
10/3/2020 23:00,2020,10,3,10/3/2020,24,23.057,100.509,1.241,566.6323263060541,0.717070016
10/4/2020 0:00,2020,10,4,10/4/2020,1,22.015,101.487,1.219,526.3007681979168,0.666030656
10/4/2020 1:00,2020,10,4,10/4/2020,2,20.24,99.128,1.215,526.2590601858715,0.665977875
10/4/2020 2:00,2020,10,4,10/4/2020,3,19.507,99.573,1.213,526.2173468617086,0.665925087
10/4/2020 3:00,2020,10,4,10/4/2020,4,17.463,98.758,1.199,526.1756282,0.665872292
10/4/2020 4:00,2020,10,4,10/4/2020,5,16.188,99.253,1.174,526.1339043628725,0.665819491
10/4/2020 5:00,2020,10,4,10/4/2020,6,14.759,99.684,1.145,526.0921752,0.665766683
10/4/2020 6:00,2020,10,4,10/4/2020,7,15.199,99.429,1.154,526.0504408731197,0.665713868
10/4/2020 7:00,2020,10,4,10/4/2020,8,13.089,100.709,1.112,557.2456510105898,0.705191231
10/4/2020 8:00,2020,10,4,10/4/2020,9,11.854,99.805,1.087,632.6165739,0.800572709
10/4/2020 9:00,2020,10,4,10/4/2020,10,11.339,101.613,1.08,707.9874915836244,0.895954181
10/4/2020 10:00,2020,10,4,10/4/2020,11,10.858,101.408,1.08,739.1826862355714,0.935431524
10/4/2020 11:00,2020,10,4,10/4/2020,12,12.679,102.036,1.104,739.1409261,0.935378677
10/4/2020 12:00,2020,10,4,10/4/2020,13,12.484,101.439,1.1,739.0991608037666,0.935325823
10/4/2020 13:00,2020,10,4,10/4/2020,14,14.891,101.143,1.148,739.0573904632537,0.935272963
10/4/2020 14:00,2020,10,4,10/4/2020,15,15.93,100.3,1.169,739.0156150683184,0.935220096
10/4/2020 15:00,2020,10,4,10/4/2020,16,15.619,102.25,1.162,738.9738346404528,0.935167223
10/4/2020 16:00,2020,10,4,10/4/2020,17,18.68,102.193,1.212,738.9320492011509,0.935114344
10/4/2020 17:00,2020,10,4,10/4/2020,18,20.402,102.071,1.215,738.8902587719097,0.935061459
10/4/2020 18:00,2020,10,4,10/4/2020,19,22.483,101.269,1.22,738.8484633742288,0.935008567
10/4/2020 19:00,2020,10,4,10/4/2020,20,22.761,103.147,1.23,672.4469011454535,0.850977764
10/4/2020 20:00,2020,10,4,10/4/2020,21,23.179,99.828,1.246,606.0453339912451,0.766946955
10/4/2020 21:00,2020,10,4,10/4/2020,22,23.014,100.273,1.239,606.0035238172676,0.766894044
10/4/2020 22:00,2020,10,4,10/4/2020,23,24.219,100.43,1.285,605.9617087608738,0.766841128
10/4/2020 23:00,2020,10,4,10/4/2020,24,21.996,100.139,1.219,565.6300334139091,0.71580162
10/5/2020 0:00,2020,10,5,10/5/2020,1,20.94,99.314,1.217,525.2983532,0.664762106
10/5/2020 1:00,2020,10,5,10/5/2020,2,20.929,100.716,1.217,525.2565236529954,0.664709171
10/5/2020 2:00,2020,10,5,10/5/2020,3,19.99,99.174,1.214,525.2146892820829,0.66465623
10/5/2020 3:00,2020,10,5,10/5/2020,4,16.233,99.84,1.175,525.1728501363398,0.664603282
10/5/2020 4:00,2020,10,5,10/5/2020,5,15.664,99.504,1.163,525.1310062372909,0.664550329
10/5/2020 5:00,2020,10,5,10/5/2020,6,15.07,99.627,1.151,525.0891576064629,0.66449737
10/5/2020 6:00,2020,10,5,10/5/2020,7,13.752,100.858,1.125,525.0473042653853,0.664444405
10/5/2020 7:00,2020,10,5,10/5/2020,8,11.968,98.628,1.089,556.2423959358587,0.703921617
10/5/2020 8:00,2020,10,5,10/5/2020,9,10.398,103.468,1.08,631.6132008524346,0.799302946
10/5/2020 9:00,2020,10,5,10/5/2020,10,11.223,103.622,1.08,706.9840011233639,0.894684269
10/5/2020 10:00,2020,10,5,10/5/2020,11,12.367,101.851,1.097,738.1790788568995,0.934161464
10/5/2020 11:00,2020,10,5,10/5/2020,12,11.763,101.219,1.085,738.1372022876003,0.93410847
10/5/2020 12:00,2020,10,5,10/5/2020,13,14.421,102.198,1.138,738.0953211372787,0.934055469
10/5/2020 13:00,2020,10,5,10/5/2020,14,15.067,101.006,1.151,738.0534354274808,0.934002463
10/5/2020 14:00,2020,10,5,10/5/2020,15,17.367,100.113,1.197,738.0115451797552,0.933949451
10/5/2020 15:00,2020,10,5,10/5/2020,16,18.561,101.678,1.211,737.9696504156528,0.933896434
10/5/2020 16:00,2020,10,5,10/5/2020,17,19.286,103.977,1.213,737.9277511567268,0.933843411
10/5/2020 17:00,2020,10,5,10/5/2020,18,19.632,102.742,1.214,737.8858474245325,0.933790382
10/5/2020 18:00,2020,10,5,10/5/2020,19,22.025,102.598,1.219,737.8439392406278,0.933737347
10/5/2020 19:00,2020,10,5,10/5/2020,20,22.051,100.899,1.219,671.4422647,0.849706402
10/5/2020 20:00,2020,10,5,10/5/2020,21,22.985,100.669,1.238,605.0405858356163,0.765675452
10/5/2020 21:00,2020,10,5,10/5/2020,22,22.811,100.301,1.232,604.9986644,0.7656224
10/5/2020 22:00,2020,10,5,10/5/2020,23,23.281,100.765,1.249,604.9567386508272,0.765569344
10/5/2020 23:00,2020,10,5,10/5/2020,24,22.406,100.05,1.22,564.6249531021506,0.714529696
10/6/2020 0:00,2020,10,6,10/6/2020,1,21.417,98.226,1.218,524.2931632311579,0.663490044
10/6/2020 1:00,2020,10,6,10/6/2020,2,19.371,101.089,1.213,524.2512244890893,0.66343697
10/6/2020 2:00,2020,10,6,10/6/2020,3,18.62,101.107,1.211,524.2092814678543,0.663383892
10/6/2020 3:00,2020,10,6,10/6/2020,4,16.133,99.937,1.173,524.1673341890306,0.663330808
10/6/2020 4:00,2020,10,6,10/6/2020,5,16.044,99.677,1.171,524.1253826741986,0.663277718
10/6/2020 5:00,2020,10,6,10/6/2020,6,14.68,98.454,1.144,524.0834269449405,0.663224623
10/6/2020 6:00,2020,10,6,10/6/2020,7,13.65,100.805,1.123,524.0414670228408,0.663171523
10/6/2020 7:00,2020,10,6,10/6/2020,8,11.597,101.798,1.082,555.2364526297551,0.702648602
10/6/2020 8:00,2020,10,6,10/6/2020,9,11.008,101.625,1.08,630.6071520002895,0.798029797
10/6/2020 9:00,2020,10,6,10/6/2020,10,12.922,100.829,1.108,705.9778472427488,0.893410987
10/6/2020 10:00,2020,10,6,10/6/2020,11,13.289,101.459,1.116,737.1728204654404,0.93288805
10/6/2020 11:00,2020,10,6,10/6/2020,12,10.283,104.102,1.08,737.1308399029766,0.932834924
10/6/2020 12:00,2020,10,6,10/6/2020,13,12.945,102.967,1.109,737.0888552772236,0.932781793
10/6/2020 13:00,2020,10,6,10/6/2020,14,14.022,101.37,1.13,737.0468666097806,0.932728656
10/6/2020 14:00,2020,10,6,10/6/2020,15,16.362,101.873,1.177,737.0048739222492,0.932675515
10/6/2020 15:00,2020,10,6,10/6/2020,16,18.047,104.764,1.21,736.9628772362328,0.932622368
10/6/2020 16:00,2020,10,6,10/6/2020,17,17.366,103.622,1.197,736.9208765733372,0.932569217
10/6/2020 17:00,2020,10,6,10/6/2020,18,20.186,102.159,1.215,736.8788719551699,0.93251606
10/6/2020 18:00,2020,10,6,10/6/2020,19,21.233,103.382,1.217,736.8368634033407,0.932462898
10/6/2020 19:00,2020,10,6,10/6/2020,20,21.645,101.749,1.218,670.4350890553046,0.848431827
10/6/2020 20:00,2020,10,6,10/6/2020,21,22.498,99.034,1.22,604.0333108,0.764400751
10/6/2020 21:00,2020,10,6,10/6/2020,22,22.604,100.173,1.224,603.9912905936952,0.764347575
10/6/2020 22:00,2020,10,6,10/6/2020,23,24.689,99.564,1.303,603.9492665233556,0.764294393
10/6/2020 23:00,2020,10,6,10/6/2020,24,23.327,99.253,1.251,563.6173832,0.713254622
10/7/2020 0:00,2020,10,7,10/7/2020,1,22.089,100.953,1.219,523.2854960682147,0.662214846
10/7/2020 1:00,2020,10,7,10/7/2020,2,20.535,100.718,1.216,523.2434605859919,0.662161651
10/7/2020 2:00,2020,10,7,10/7/2020,3,19.785,98.238,1.214,523.2014213430566,0.66210845
10/7/2020 3:00,2020,10,7,10/7/2020,4,18.344,99.873,1.211,523.1593783610363,0.662055245
10/7/2020 4:00,2020,10,7,10/7/2020,5,14.189,99.607,1.134,523.1173316615605,0.662002035
10/7/2020 5:00,2020,10,7,10/7/2020,6,14.698,99.999,1.144,523.0752812662603,0.661948821
10/7/2020 6:00,2020,10,7,10/7/2020,7,13.523,99.829,1.12,523.0332271967692,0.661895602
10/7/2020 7:00,2020,10,7,10/7/2020,8,12.854,100.824,1.107,554.2281191749909,0.701372562
10/7/2020 8:00,2020,10,7,10/7/2020,9,12.316,98.875,1.096,629.5987254355798,0.796753639
10/7/2020 9:00,2020,10,7,10/7/2020,10,11.993,100.651,1.09,704.9693280868887,0.892134712
10/7/2020 10:00,2020,10,7,10/7/2020,11,11.31,100.294,1.08,736.1642092372724,0.931611658
10/7/2020 11:00,2020,10,7,10/7/2020,12,11.506,99.144,1.08,736.1221371213908,0.931558416
10/7/2020 12:00,2020,10,7,10/7/2020,13,13.442,98.907,1.119,736.0800614611569,0.93150517
10/7/2020 13:00,2020,10,7,10/7/2020,14,14.852,100.19,1.147,736.0379822782171,0.931451919
10/7/2020 14:00,2020,10,7,10/7/2020,15,16.123,98.809,1.172,735.9958995942193,0.931398663
10/7/2020 15:00,2020,10,7,10/7/2020,16,16.89,100.973,1.188,735.9538134308134,0.931345404
10/7/2020 16:00,2020,10,7,10/7/2020,17,16.972,100.403,1.189,735.9117238096511,0.931292139
10/7/2020 17:00,2020,10,7,10/7/2020,18,20.608,97.903,1.216,735.8696307523859,0.931238871
10/7/2020 18:00,2020,10,7,10/7/2020,19,20.672,100.596,1.216,735.8275342806728,0.931185598
10/7/2020 19:00,2020,10,7,10/7/2020,20,22.636,99.737,1.225,669.4256725,0.847154416
10/7/2020 20:00,2020,10,7,10/7/2020,21,23.984,98.981,1.276,603.0238074122191,0.76312323
10/7/2020 21:00,2020,10,7,10/7/2020,22,22.906,100.739,1.235,602.9817008,0.763069944
10/7/2020 22:00,2020,10,7,10/7/2020,23,23.34,101.035,1.252,602.9395909141933,0.763016655
10/7/2020 23:00,2020,10,7,10/7/2020,24,21.984,98.925,1.219,562.6076222654635,0.711976775
10/8/2020 0:00,2020,10,8,10/8/2020,1,21.465,99.191,1.218,522.2756503322533,0.660936892
10/8/2020 1:00,2020,10,8,10/8/2020,2,19.956,101.316,1.214,522.2335305658968,0.66088359
10/8/2020 2:00,2020,10,8,10/8/2020,3,20.104,99.16,1.215,522.1914075583962,0.660830284
10/8/2020 3:00,2020,10,8,10/8/2020,4,18.663,98.281,1.211,522.1492813314221,0.660776973
10/8/2020 4:00,2020,10,8,10/8/2020,5,16.268,100.378,1.175,522.1071519,0.660723658
10/8/2020 5:00,2020,10,8,10/8/2020,6,13.63,100.539,1.123,522.0650193057445,0.66067034
10/8/2020 6:00,2020,10,8,10/8/2020,7,13.55,100.249,1.121,522.0228835503904,0.660617017
10/8/2020 7:00,2020,10,8,10/8/2020,8,12.895,99.436,1.108,553.2176943625301,0.700093875
10/8/2020 8:00,2020,10,8,10/8/2020,9,11.562,99.526,1.081,628.5882199768602,0.79547485
10/8/2020 9:00,2020,10,8,10/8/2020,10,10.654,98.922,1.08,703.9587425017746,0.890855822
10/8/2020 10:00,2020,10,8,10/8/2020,11,10.901,98.59,1.08,735.1535440456698,0.930332667
10/8/2020 11:00,2020,10,8,10/8/2020,12,11.595,101.759,1.082,735.1113928432462,0.930279325
10/8/2020 12:00,2020,10,8,10/8/2020,13,12.895,98.516,1.108,735.0692386164578,0.930225979
10/8/2020 13:00,2020,10,8,10/8/2020,14,13.929,100.049,1.129,735.0270813869913,0.930172629
10/8/2020 14:00,2020,10,8,10/8/2020,15,16.596,100.313,1.182,734.9849211765347,0.930119276
10/8/2020 15:00,2020,10,8,10/8/2020,16,17.276,98.011,1.196,734.9427580067779,0.930065919
10/8/2020 16:00,2020,10,8,10/8/2020,17,18.765,99.128,1.212,734.9005918994121,0.930012558
10/8/2020 17:00,2020,10,8,10/8/2020,18,20.36,100.716,1.215,734.8584228761299,0.929959193
10/8/2020 18:00,2020,10,8,10/8/2020,19,21.971,100.274,1.219,734.8162509586259,0.929905825
10/8/2020 19:00,2020,10,8,10/8/2020,20,23.46,100.374,1.256,668.4143142844391,0.845874548
10/8/2020 20:00,2020,10,8,10/8/2020,21,22.329,100.157,1.22,602.0123747594232,0.761843268
10/8/2020 21:00,2020,10,8,10/8/2020,22,22.55,100.045,1.222,601.9701942894337,0.761789889
10/8/2020 22:00,2020,10,8,10/8/2020,23,23.229,97.243,1.248,601.9280110120142,0.761736506
10/8/2020 23:00,2020,10,8,10/8/2020,24,23.303,100.671,1.25,561.5959695191996,0.710696535
10/9/2020 0:00,2020,10,9,10/9/2020,1,20.73,101.012,1.216,521.2639252623596,0.65965656
10/9/2020 1:00,2020,10,9,10/9/2020,2,21.481,101.348,1.218,521.2217336928651,0.659603167
10/9/2020 2:00,2020,10,9,10/9/2020,3,17.91,98.509,1.208,521.1795394027555,0.65954977
10/9/2020 3:00,2020,10,9,10/9/2020,4,17.971,102.502,1.209,521.1373424,0.65949637
10/9/2020 4:00,2020,10,9,10/9/2020,5,15.898,98.438,1.168,521.0951427475212,0.659442967
10/9/2020 5:00,2020,10,9,10/9/2020,6,13.36,99.839,1.117,521.0529404258153,0.65938956
10/9/2020 6:00,2020,10,9,10/9/2020,7,13.252,101.789,1.115,521.0107354703316,0.65933615
10/9/2020 7:00,2020,10,9,10/9/2020,8,11.984,99.158,1.09,552.2054776030515,0.69881292
10/9/2020 8:00,2020,10,9,10/9/2020,9,10.708,102.773,1.08,627.5759350587066,0.794193809
10/9/2020 9:00,2020,10,9,10/9/2020,10,11.361,101.694,1.08,702.9463899457262,0.889574695
10/9/2020 10:00,2020,10,9,10/9/2020,11,12.037,101.585,1.091,734.1411244,0.929051456
10/9/2020 11:00,2020,10,9,10/9/2020,12,12.865,103.344,1.107,734.0989065738864,0.928998029
10/9/2020 12:00,2020,10,9,10/9/2020,13,12.628,101.552,1.103,734.0566862717508,0.9289446
10/9/2020 13:00,2020,10,9,10/9/2020,14,13.388,101.583,1.118,734.0144634878544,0.928891167
10/9/2020 14:00,2020,10,9,10/9/2020,15,16.746,103.162,1.185,733.9722382439192,0.928837731
10/9/2020 15:00,2020,10,9,10/9/2020,16,18.002,103.833,1.21,733.9300105616685,0.928784292
10/9/2020 16:00,2020,10,9,10/9/2020,17,19.576,102.057,1.214,733.8877804628269,0.92873085
10/9/2020 17:00,2020,10,9,10/9/2020,18,20.571,101.711,1.216,733.8455479691197,0.928677405
10/9/2020 18:00,2020,10,9,10/9/2020,19,20.363,101.201,1.215,733.8033131022742,0.928623958
10/9/2020 19:00,2020,10,9,10/9/2020,20,23.194,100.316,1.246,667.4013139998615,0.844592602
10/9/2020 20:00,2020,10,9,10/9/2020,21,24.145,102.397,1.282,600.9993125677679,0.760561243
10/9/2020 21:00,2020,10,9,10/9/2020,22,22.455,99.922,1.22,600.9570707118805,0.760507786
10/9/2020 22:00,2020,10,9,10/9/2020,23,24.646,98.788,1.301,600.9148265697746,0.760454327
10/9/2020 23:00,2020,10,9,10/9/2020,24,22.393,101.239,1.22,560.5827247335164,0.709414279
10/10/2020 0:00,2020,10,10,10/10/2020,1,21.655,99.596,1.218,520.2506206545065,0.658374229
10/10/2020 1:00,2020,10,10,10/10/2020,2,19.72,101.477,1.214,520.2083697841466,0.65832076
10/10/2020 2:00,2020,10,10,10/10/2020,3,19.173,99.982,1.213,520.1661167145066,0.658267289
10/10/2020 3:00,2020,10,10,10/10/2020,4,16.878,99.796,1.188,520.1238614673242,0.658213816
10/10/2020 4:00,2020,10,10,10/10/2020,5,15.71,100.418,1.164,520.0816040643379,0.658160339
10/10/2020 5:00,2020,10,10,10/10/2020,6,14.701,97.839,1.144,520.0393445272872,0.65810686
10/10/2020 6:00,2020,10,10,10/10/2020,7,13.007,99.277,1.11,519.9970828779133,0.658053378
10/10/2020 7:00,2020,10,10,10/10/2020,8,12.366,100.197,1.097,551.1917688382264,0.697530077
10/10/2020 8:00,2020,10,10,10/10/2020,9,11.778,100.869,1.086,626.5621706429872,0.792910896
10/10/2020 9:00,2020,10,10,10/10/2020,10,12.545,101.92,1.101,701.9325704006537,0.888291712
10/10/2020 10:00,2020,10,10,10/10/2020,11,10.485,102.899,1.08,733.1272502196848,0.927768404
10/10/2020 11:00,2020,10,10,10/10/2020,12,10.669,101.617,1.08,733.0849783348443,0.927714909
10/10/2020 12:00,2020,10,10,10/10/2020,13,11.997,102.191,1.09,733.0427044681478,0.927661412
10/10/2020 13:00,2020,10,10,10/10/2020,14,14.527,100.892,1.141,733.0004286413438,0.927607912
10/10/2020 14:00,2020,10,10,10/10/2020,15,15.952,103.066,1.169,732.9581508761812,0.927554409
10/10/2020 15:00,2020,10,10,10/10/2020,16,17.909,101.496,1.208,732.9158711944102,0.927500905
10/10/2020 16:00,2020,10,10,10/10/2020,17,19.092,102.516,1.212,732.8735896177823,0.927447398
10/10/2020 17:00,2020,10,10,10/10/2020,18,19.329,103.105,1.213,732.8313061680494,0.927393888
10/10/2020 18:00,2020,10,10,10/10/2020,19,21.139,103.262,1.217,732.7890208669647,0.927340376
10/10/2020 19:00,2020,10,10,10/10/2020,20,22.328,102.423,1.22,666.3869718521257,0.843308958
10/10/2020 20:00,2020,10,10,10/10/2020,21,23.435,99.299,1.255,599.9849210294442,0.759277536
10/10/2020 21:00,2020,10,10,10/10/2020,22,22.974,99.744,1.238,599.9426303048326,0.759224018
10/10/2020 22:00,2020,10,10,10/10/2020,23,23.533,99.957,1.259,599.9003378158912,0.759170497
10/10/2020 23:00,2020,10,10,10/10/2020,24,21.668,100.728,1.218,559.5681881547113,0.708130389
10/11/2020 0:00,2020,10,11,10/11/2020,1,21.183,100.987,1.217,519.2360367727181,0.657090278
10/11/2020 1:00,2020,10,11,10/11/2020,2,21.15,99.926,1.217,519.1937391213377,0.657036751
10/11/2020 2:00,2020,10,11,10/11/2020,3,17.983,99.272,1.21,519.1514398,0.656983221
10/11/2020 3:00,2020,10,11,10/11/2020,4,17.943,98.852,1.209,519.1091388,0.65692969
10/11/2020 4:00,2020,10,11,10/11/2020,5,15.563,100.494,1.161,519.0668361904825,0.656876156
10/11/2020 5:00,2020,10,11,10/11/2020,6,14.702,99.082,1.144,519.0245319605001,0.65682262
10/11/2020 6:00,2020,10,11,10/11/2020,7,13.85,98.948,1.127,518.9822261402746,0.656769083
10/11/2020 7:00,2020,10,11,10/11/2020,8,12.764,100.26,1.105,550.1768684518394,0.696245727
10/11/2020 8:00,2020,10,11,10/11/2020,9,11.766,101.46,1.085,625.5472271299773,0.791626491
10/11/2020 9:00,2020,10,11,10/11/2020,10,11.375,100.747,1.08,700.9175842831686,0.887007253
10/11/2020 10:00,2020,10,11,10/11/2020,11,12.049,100.775,1.091,732.1122220198943,0.926483891
10/11/2020 11:00,2020,10,11,10/11/2020,12,12.215,100.361,1.094,732.0699085749394,0.926430344
10/11/2020 12:00,2020,10,11,10/11/2020,13,12.84,102.527,1.107,732.0275936703413,0.926376795
10/11/2020 13:00,2020,10,11,10/11/2020,14,14.849,102.496,1.147,731.9852773278692,0.926323243
10/11/2020 14:00,2020,10,11,10/11/2020,15,17.023,103.112,1.19,731.9429595692934,0.926269691
10/11/2020 15:00,2020,10,11,10/11/2020,16,17.169,103.298,1.193,731.9006404163845,0.926216136
10/11/2020 16:00,2020,10,11,10/11/2020,17,17.821,102.246,1.206,731.8583198909139,0.92616258
10/11/2020 17:00,2020,10,11,10/11/2020,18,19.258,101.573,1.213,731.815998,0.926109021
10/11/2020 18:00,2020,10,11,10/11/2020,19,22.214,102.763,1.219,731.7736748093778,0.926055462
10/11/2020 19:00,2020,10,11,10/11/2020,20,22.123,101.222,1.219,665.3715884127018,0.842023996
10/11/2020 20:00,2020,10,11,10/11/2020,21,22.197,99.265,1.219,598.9695007305572,0.757992528
10/11/2020 21:00,2020,10,11,10/11/2020,22,23.713,99.781,1.266,598.9271736688759,0.757938963
10/11/2020 22:00,2020,10,11,10/11/2020,23,23.455,101.18,1.256,598.8848453652763,0.757885397
10/11/2020 23:00,2020,10,11,10/11/2020,24,22.243,100.447,1.219,558.5526604118684,0.706845244
10/12/2020 0:00,2020,10,12,10/12/2020,1,21.329,100.961,1.217,518.2204742600952,0.65580509
10/12/2020 1:00,2020,10,12,10/12/2020,2,20.831,99.367,1.216,518.1781423614012,0.655751519
10/12/2020 2:00,2020,10,12,10/12/2020,3,19.078,100.238,1.212,518.1358093078975,0.655697947
10/12/2020 3:00,2020,10,12,10/12/2020,4,17.734,97.885,1.205,518.0934751213631,0.655644373
10/12/2020 4:00,2020,10,12,10/12/2020,5,15.503,100.633,1.16,518.0511398235769,0.655590798
10/12/2020 5:00,2020,10,12,10/12/2020,6,14.726,100.76,1.145,518.0088034,0.655537222
10/12/2020 6:00,2020,10,12,10/12/2020,7,13.298,100.195,1.116,517.9664659813695,0.655483644
10/12/2020 7:00,2020,10,12,10/12/2020,8,12.886,100.294,1.108,549.1610771807783,0.694960248
10/12/2020 8:00,2020,10,12,10/12/2020,9,12.271,100.557,1.095,624.5314053,0.790340974
10/12/2020 9:00,2020,10,12,10/12/2020,10,10.525,102.111,1.08,699.9017323555626,0.885721698
10/12/2020 10:00,2020,10,12,10/12/2020,11,12.649,102.53,1.103,731.0963405479306,0.925198299
10/12/2020 11:00,2020,10,12,10/12/2020,12,11.651,103.89,1.083,731.0539980812484,0.925144715
10/12/2020 12:00,2020,10,12,10/12/2020,13,13.374,102.189,1.117,731.0116546775681,0.92509113
10/12/2020 13:00,2020,10,12,10/12/2020,14,14.375,103.072,1.137,730.9693104,0.925037543
10/12/2020 14:00,2020,10,12,10/12/2020,15,15.723,101.994,1.164,730.9269651463499,0.924983955
10/12/2020 15:00,2020,10,12,10/12/2020,16,17.534,101.495,1.201,730.8846190623813,0.924930367
10/12/2020 16:00,2020,10,12,10/12/2020,17,19.435,100.254,1.213,730.8422721285532,0.924876777
10/12/2020 17:00,2020,10,12,10/12/2020,18,19.981,101.757,1.214,730.7999243666516,0.924823186
10/12/2020 18:00,2020,10,12,10/12/2020,19,20.508,101.427,1.216,730.7575757984628,0.924769594
10/12/2020 19:00,2020,10,12,10/12/2020,20,23.094,101.812,1.242,664.3554645616164,0.840738097
10/12/2020 20:00,2020,10,12,10/12/2020,21,22.96,100.145,1.237,597.9533525620564,0.756706598
10/12/2020 21:00,2020,10,12,10/12/2020,22,21.874,101.179,1.219,597.9110017057269,0.756653003
10/12/2020 22:00,2020,10,12,10/12/2020,23,24.353,100.047,1.29,597.8686501302591,0.756599408
10/12/2020 23:00,2020,10,12,10/12/2020,24,21.207,99.62,1.217,557.5364424277744,0.705559226
10/13/2020 0:00,2020,10,13,10/13/2020,1,20.321,100.362,1.215,517.204234,0.654519044
10/13/2020 1:00,2020,10,13,10/13/2020,2,20.65,99.285,1.216,517.1618804475755,0.654465445
10/13/2020 2:00,2020,10,13,10/13/2020,3,19,99.762,1.212,517.1195262134395,0.654411846
10/13/2020 3:00,2020,10,13,10/13/2020,4,17.607,98.72,1.202,517.0771713691092,0.654358246
10/13/2020 4:00,2020,10,13,10/13/2020,5,17.707,100.698,1.204,517.0348159,0.654304646
10/13/2020 5:00,2020,10,13,10/13/2020,6,14.658,99.55,1.143,516.9924599370269,0.654251045
10/13/2020 6:00,2020,10,13,10/13/2020,7,13.635,100.02,1.123,516.9501033928552,0.654197443
10/13/2020 7:00,2020,10,13,10/13/2020,8,12.388,101.01,1.098,548.1446960259193,0.693674024
10/13/2020 8:00,2020,10,13,10/13/2020,9,11.37,102.143,1.08,623.5150060710278,0.789054726
10/13/2020 9:00,2020,10,13,10/13/2020,10,11.958,99.97,1.089,698.8853156366857,0.884435428
10/13/2020 10:00,2020,10,13,10/13/2020,11,12.132,101.818,1.093,730.0799068313988,0.923912008
10/13/2020 11:00,2020,10,13,10/13/2020,12,12.406,103.625,1.098,730.0375478899759,0.923858403
10/13/2020 12:00,2020,10,13,10/13/2020,13,13.086,102.311,1.112,729.9951885344778,0.923804797
10/13/2020 13:00,2020,10,13,10/13/2020,14,14.532,102.619,1.141,729.9528287866967,0.923751191
10/13/2020 14:00,2020,10,13,10/13/2020,15,16.478,100.664,1.18,729.9104687,0.923697585
10/13/2020 15:00,2020,10,13,10/13/2020,16,17.525,101.967,1.2,729.8681082014552,0.923643978
10/13/2020 16:00,2020,10,13,10/13/2020,17,17.868,101.704,1.207,729.8257474075801,0.923590371
10/13/2020 17:00,2020,10,13,10/13/2020,18,20.297,101.158,1.215,729.7833863085925,0.923536763
10/13/2020 18:00,2020,10,13,10/13/2020,19,20.172,101.512,1.215,729.7410249262857,0.923483155
10/13/2020 19:00,2020,10,13,10/13/2020,20,23.305,101.637,1.25,663.3389013982962,0.839451642
10/13/2020 20:00,2020,10,13,10/13/2020,21,22.172,98.816,1.219,596.9367776305739,0.755420128
10/13/2020 21:00,2020,10,13,10/13/2020,22,22.587,99.898,1.223,596.8944155290692,0.755366519
10/13/2020 22:00,2020,10,13,10/13/2020,23,22.728,100.58,1.229,596.8520532314188,0.75531291
10/13/2020 23:00,2020,10,13,10/13/2020,24,23.358,98.166,1.252,556.5198353297501,0.704272715
10/14/2020 0:00,2020,10,14,10/14/2020,1,20.387,97.551,1.215,516.1876172755232,0.653232521
10/14/2020 1:00,2020,10,14,10/14/2020,2,20.786,100.879,1.216,516.1452545201985,0.653178911
10/14/2020 2:00,2020,10,14,10/14/2020,3,18.937,100.153,1.212,516.1028916559035,0.653125301
10/14/2020 3:00,2020,10,14,10/14/2020,4,15.773,99.987,1.165,516.0605287044323,0.653071691
10/14/2020 4:00,2020,10,14,10/14/2020,5,14.809,100.144,1.146,516.0181656875787,0.653018081
10/14/2020 5:00,2020,10,14,10/14/2020,6,14.575,99.64,1.142,515.9758026,0.65296447
10/14/2020 6:00,2020,10,14,10/14/2020,7,13.665,100.977,1.123,515.9334395449013,0.65291086
10/14/2020 7:00,2020,10,14,10/14/2020,8,13.604,99.324,1.122,547.1280261629339,0.692387434
10/14/2020 8:00,2020,10,14,10/14/2020,9,11.54,100.778,1.081,622.4983307160469,0.78776813
10/14/2020 9:00,2020,10,14,10/14/2020,10,11.92,100.891,1.088,697.8686353,0.883148825
10/14/2020 10:00,2020,10,14,10/14/2020,11,10.778,98.214,1.08,729.0632220615453,0.922625399
10/14/2020 11:00,2020,10,14,10/14/2020,12,12.618,99.385,1.102,729.0208591972503,0.922571789
10/14/2020 12:00,2020,10,14,10/14/2020,13,14.684,99.223,1.144,728.9784964419257,0.922518179
10/14/2020 13:00,2020,10,14,10/14/2020,14,13.391,100.611,1.118,728.9361338173653,0.92246457
10/14/2020 14:00,2020,10,14,10/14/2020,15,15.925,99.008,1.168,728.8937713453631,0.92241096
10/14/2020 15:00,2020,10,14,10/14/2020,16,17.388,100.821,1.198,728.8514090477127,0.922357351
10/14/2020 16:00,2020,10,14,10/14/2020,17,18.532,99.783,1.211,728.8090469462079,0.922303742
10/14/2020 17:00,2020,10,14,10/14/2020,18,19.992,99.114,1.214,728.7666850626424,0.922250133
10/14/2020 18:00,2020,10,14,10/14/2020,19,22.359,100.615,1.22,728.7243234188095,0.922196525
10/14/2020 19:00,2020,10,14,10/14/2020,20,21.812,101.302,1.218,662.3222002,0.838165012
10/14/2020 20:00,2020,10,14,10/14/2020,21,23.423,98.971,1.255,595.9200771692018,0.754133499
10/14/2020 21:00,2020,10,14,10/14/2020,22,22.84,99.139,1.233,595.8777163753266,0.754079892
10/14/2020 22:00,2020,10,14,10/14/2020,23,23.203,99.94,1.247,595.8353559083569,0.754026285
10/14/2020 23:00,2020,10,14,10/14/2020,24,21.4,99.395,1.218,555.5031403604186,0.702986094
10/15/2020 0:00,2020,10,15,10/15/2020,1,21.713,100.888,1.218,515.1709252,0.651945903
10/15/2020 1:00,2020,10,15,10/15/2020,2,20.903,98.932,1.216,515.1285658,0.651892297
10/15/2020 2:00,2020,10,15,10/15/2020,3,18.921,101.251,1.212,515.0862068860501,0.651838692
10/15/2020 3:00,2020,10,15,10/15/2020,4,17.877,99.333,1.208,515.0438483804945,0.651785088
10/15/2020 4:00,2020,10,15,10/15/2020,5,14.973,101.08,1.149,515.0014903325979,0.651731484
10/15/2020 5:00,2020,10,15,10/15/2020,6,13.406,102.024,1.118,514.9591327641516,0.651677881
10/15/2020 6:00,2020,10,15,10/15/2020,7,13.988,100.552,1.13,514.9167756969472,0.651624278
10/15/2020 7:00,2020,10,15,10/15/2020,8,12.975,100.633,1.11,546.1113689,0.69110086
10/15/2020 8:00,2020,10,15,10/15/2020,9,11.507,100.607,1.08,621.4816804672505,0.786481564
10/15/2020 9:00,2020,10,15,10/15/2020,10,10.751,98.738,1.08,696.8519926,0.88186227
10/15/2020 10:00,2020,10,15,10/15/2020,11,11.476,99.461,1.08,728.0465875040095,0.921338854
10/15/2020 11:00,2020,10,15,10/15/2020,12,11.973,100.498,1.089,728.0042332698733,0.921285255
10/15/2020 12:00,2020,10,15,10/15/2020,13,13.815,100.136,1.126,727.9618796677207,0.921231656
10/15/2020 13:00,2020,10,15,10/15/2020,14,14.354,99.723,1.137,727.9195267193411,0.921178059
10/15/2020 14:00,2020,10,15,10/15/2020,15,15.454,100.28,1.159,727.8771744,0.921124462
10/15/2020 15:00,2020,10,15,10/15/2020,16,17.346,99.47,1.197,727.8348228710549,0.921070867
10/15/2020 16:00,2020,10,15,10/15/2020,17,18.758,100.725,1.212,727.7924720147255,0.921017272
10/15/2020 17:00,2020,10,15,10/15/2020,18,19.982,99.422,1.214,727.7501218993223,0.920963678
10/15/2020 18:00,2020,10,15,10/15/2020,19,21.343,101.106,1.217,727.7077725466327,0.920910085
10/15/2020 19:00,2020,10,15,10/15/2020,20,21.229,101.04,1.217,661.3056620942871,0.836878589
10/15/2020 20:00,2020,10,15,10/15/2020,21,23.942,98.614,1.274,594.9035524482288,0.752847093
10/15/2020 21:00,2020,10,15,10/15/2020,22,23.772,99.486,1.268,594.8612055144007,0.752793503
10/15/2020 22:00,2020,10,15,10/15/2020,23,22.917,98.538,1.236,594.8188594,0.752739915
10/15/2020 23:00,2020,10,15,10/15/2020,24,23.167,100.429,1.245,554.4866587884416,0.701699742
10/16/2020 0:00,2020,10,16,10/16/2020,1,21.375,100.973,1.217,514.1544590398807,0.65065957
10/16/2020 1:00,2020,10,16,10/16/2020,2,21.279,98.838,1.217,514.1121156362005,0.650605985
10/16/2020 2:00,2020,10,16,10/16/2020,3,18.631,100.24,1.211,514.0697731695184,0.650552401
10/16/2020 3:00,2020,10,16,10/16/2020,4,18.077,101.221,1.21,514.0274316616177,0.650498818
10/16/2020 4:00,2020,10,16,10/16/2020,5,15.529,100.23,1.161,513.9850911342817,0.650445236
10/16/2020 5:00,2020,10,16,10/16/2020,6,15.923,100.485,1.168,513.9427516092927,0.650391656
10/16/2020 6:00,2020,10,16,10/16/2020,7,12.983,98.935,1.11,513.9004131084328,0.650338077
10/16/2020 7:00,2020,10,16,10/16/2020,8,12.63,99.835,1.103,545.0950254,0.689814683
10/16/2020 8:00,2020,10,16,10/16/2020,9,11.333,102.682,1.08,620.4653565800487,0.785195412
10/16/2020 9:00,2020,10,16,10/16/2020,10,11.544,101.99,1.081,695.8356888958172,0.880576143
10/16/2020 10:00,2020,10,16,10/16/2020,11,10.746,103.24,1.08,727.0303044095513,0.920052753
10/16/2020 11:00,2020,10,16,10/16/2020,12,12.625,100.797,1.103,726.9879713560476,0.919999181
10/16/2020 12:00,2020,10,16,10/16/2020,13,14.118,102.345,1.132,726.9456394573535,0.91994561
10/16/2020 13:00,2020,10,16,10/16/2020,14,15.045,102.06,1.151,726.9033087352472,0.919892041
10/16/2020 14:00,2020,10,16,10/16/2020,15,16.126,100.558,1.173,726.8609792115057,0.919838473
10/16/2020 15:00,2020,10,16,10/16/2020,16,17.412,101.106,1.198,726.8186509,0.919784907
10/16/2020 16:00,2020,10,16,10/16/2020,17,19.613,102.063,1.214,726.7763238462246,0.919731342
10/16/2020 17:00,2020,10,16,10/16/2020,18,20.551,101.827,1.216,726.7339980482368,0.919677779
10/16/2020 18:00,2020,10,16,10/16/2020,19,21.433,101.732,1.218,726.6916735357175,0.919624218
10/16/2020 19:00,2020,10,16,10/16/2020,20,21.889,101.007,1.219,660.2895884462845,0.835592753
10/16/2020 20:00,2020,10,16,10/16/2020,21,22.938,102.83,1.237,593.8875047,0.75156129
10/16/2020 21:00,2020,10,16,10/16/2020,22,23.735,101.106,1.267,593.8451841603974,0.751507734
10/16/2020 22:00,2020,10,16,10/16/2020,23,22.322,99.651,1.22,593.8028650074884,0.751454179
10/16/2020 23:00,2020,10,16,10/16/2020,24,21.311,102.315,1.217,553.4706918192461,0.700414042
10/17/2020 0:00,2020,10,17,10/17/2020,1,22.468,101.55,1.22,513.1385200471076,0.649373905
10/17/2020 1:00,2020,10,17,10/17/2020,2,20.001,100.673,1.214,513.0962051425095,0.649320356
10/17/2020 2:00,2020,10,17,10/17/2020,3,18.689,99.355,1.212,513.0538916975547,0.649266809
10/17/2020 3:00,2020,10,17,10/17/2020,4,16.853,99.703,1.187,513.0115797340117,0.649213263
10/17/2020 4:00,2020,10,17,10/17/2020,5,16.185,100.703,1.174,512.9692692736483,0.64915972
10/17/2020 5:00,2020,10,17,10/17/2020,6,15.155,99.948,1.153,512.9269603382317,0.649106178
10/17/2020 6:00,2020,10,17,10/17/2020,7,13.321,99.614,1.116,512.8846529495279,0.649052638
10/17/2020 7:00,2020,10,17,10/17/2020,8,13.129,100.241,1.113,544.0792968295709,0.688529284
10/17/2020 8:00,2020,10,17,10/17/2020,9,11.069,101.882,1.08,619.4496602,0.783910054
10/17/2020 9:00,2020,10,17,10/17/2020,10,12.014,102.956,1.09,694.8200252087222,0.879290826
10/17/2020 10:00,2020,10,17,10/17/2020,11,12.789,101.463,1.106,726.0146739,0.918767478
10/17/2020 11:00,2020,10,17,10/17/2020,12,13.706,102.332,1.124,725.9723745961112,0.918713949
10/17/2020 12:00,2020,10,17,10/17/2020,13,13.88,101.329,1.128,725.9300769447308,0.918660422
10/17/2020 13:00,2020,10,17,10/17/2020,14,15.266,102.79,1.155,725.887781,0.918606896
10/17/2020 14:00,2020,10,17,10/17/2020,15,16.079,101.148,1.172,725.8454867608907,0.918553373
10/17/2020 15:00,2020,10,17,10/17/2020,16,16.305,103.56,1.176,725.8031942719492,0.918499852
10/17/2020 16:00,2020,10,17,10/17/2020,17,19.204,101.883,1.213,725.7609035473376,0.918446334
10/17/2020 17:00,2020,10,17,10/17/2020,18,20.874,102.45,1.216,725.7186146088128,0.918392817
10/17/2020 18:00,2020,10,17,10/17/2020,19,21.407,102.319,1.218,725.6763274781305,0.918339303
10/17/2020 19:00,2020,10,17,10/17/2020,20,22.201,102.505,1.219,659.2742802928892,0.834307886
10/17/2020 20:00,2020,10,17,10/17/2020,21,23.318,100.046,1.251,592.8722349589996,0.750276472
10/17/2020 21:00,2020,10,17,10/17/2020,22,23.987,100.162,1.276,592.8299533823717,0.750222965
10/17/2020 22:00,2020,10,17,10/17/2020,23,21.459,99.043,1.218,592.7876737006007,0.750169461
10/17/2020 23:00,2020,10,17,10/17/2020,24,22.334,99.9,1.22,552.4555405057716,0.699129373
10/18/2020 0:00,2020,10,18,10/18/2020,1,22.28,98.497,1.22,512.1234092,0.648089288
10/18/2020 1:00,2020,10,18,10/18/2020,2,18.926,98.727,1.212,512.0811353826045,0.648035791
10/18/2020 2:00,2020,10,18,10/18/2020,3,18.869,99.824,1.212,512.0388635,0.647982296
10/18/2020 3:00,2020,10,18,10/18/2020,4,17.175,100.497,1.193,511.9965936165266,0.647928804
10/18/2020 4:00,2020,10,18,10/18/2020,5,15.215,101.951,1.154,511.95432576063837,0.647875314
10/18/2020 5:00,2020,10,18,10/18/2020,6,14.541,98.885,1.141,511.9120599518446,0.647821827
10/18/2020 6:00,2020,10,18,10/18/2020,7,11.889,100.612,1.088,511.8697962118892,0.647768343
10/18/2020 7:00,2020,10,18,10/18/2020,8,11.042,101.036,1.08,543.0644842627837,0.687245044
10/18/2020 8:00,2020,10,18,10/18/2020,9,10.621,100.416,1.08,618.4348923392879,0.782625871
10/18/2020 9:00,2020,10,18,10/18/2020,10,11.307,101.203,1.08,693.8053025,0.8780067
10/18/2020 10:00,2020,10,18,10/18/2020,11,11.504,101.873,1.08,724.9999970029422,0.917483411
10/18/2020 11:00,2020,10,18,10/18/2020,12,11.998,101.068,1.09,724.9577439333023,0.91742994
10/18/2020 12:00,2020,10,18,10/18/2020,13,13.378,102.109,1.118,724.9154930629425,0.917376471
10/18/2020 13:00,2020,10,18,10/18/2020,14,13.292,101.324,1.116,724.8732444135991,0.917323006
10/18/2020 14:00,2020,10,18,10/18/2020,15,15.634,102.277,1.163,724.8309980070073,0.917269543
10/18/2020 15:00,2020,10,18,10/18/2020,16,19.665,103.349,1.214,724.7887538649013,0.917216084
10/18/2020 16:00,2020,10,18,10/18/2020,17,19.705,101.975,1.214,724.746512,0.917162627
10/18/2020 17:00,2020,10,18,10/18/2020,18,19.066,101.258,1.212,724.7042724610772,0.917109173
10/18/2020 18:00,2020,10,18,10/18/2020,19,22.819,101.171,1.232,724.6620352428212,0.917055722
10/18/2020 19:00,2020,10,18,10/18/2020,20,21.889,100.676,1.219,658.2600384918189,0.833024369
10/18/2020 20:00,2020,10,18,10/18/2020,21,22.996,101.241,1.239,591.8580441139552,0.74899302
10/18/2020 21:00,2020,10,18,10/18/2020,22,23.966,100.773,1.275,591.8158140151133,0.748939578
10/18/2020 22:00,2020,10,18,10/18/2020,23,22.861,99.656,1.234,591.7735863328628,0.748886139
10/18/2020 23:00,2020,10,18,10/18/2020,24,22.275,99.76,1.22,551.4415056592611,0.697846118
10/19/2020 0:00,2020,10,19,10/19/2020,1,22.562,99.635,1.222,511.10942744569815,0.6468061
10/19/2020 1:00,2020,10,19,10/19/2020,2,20.923,99.915,1.216,511.0672071435624,0.646752671
10/19/2020 2:00,2020,10,19,10/19/2020,3,18.953,99.505,1.212,511.0249893449079,0.646699244
10/19/2020 3:00,2020,10,19,10/19/2020,4,15.97,98.785,1.169,510.98277407145406,0.646645821
10/19/2020 4:00,2020,10,19,10/19/2020,5,15.794,98.914,1.166,510.94056134491905,0.646592401
10/19/2020 5:00,2020,10,19,10/19/2020,6,14.723,99.34,1.144,510.8983511870195,0.646538984
10/19/2020 6:00,2020,10,19,10/19/2020,7,14.228,99.225,1.135,510.8561436194708,0.646485571
10/19/2020 7:00,2020,10,19,10/19/2020,8,12.317,101.817,1.096,542.0508883642557,0.685962345
10/19/2020 8:00,2020,10,19,10/19/2020,9,11.895,99.516,1.088,617.4213536561044,0.781343244
10/19/2020 9:00,2020,10,19,10/19/2020,10,10.647,100.293,1.08,692.7918216034423,0.876724146
10/19/2020 10:00,2020,10,19,10/19/2020,11,12.644,103.162,1.103,723.9865743146934,0.91620093
10/19/2020 11:00,2020,10,19,10/19/2020,12,12.53,102.304,1.101,723.9443800245838,0.916147533
10/19/2020 12:00,2020,10,19,10/19/2020,13,13.064,102.321,1.111,723.9021884550892,0.91609414
10/19/2020 13:00,2020,10,19,10/19/2020,14,14.72,102.296,1.144,723.8599996279158,0.91604075
10/19/2020 14:00,2020,10,19,10/19/2020,15,15.853,102.238,1.167,723.8178135647677,0.915987364
10/19/2020 15:00,2020,10,19,10/19/2020,16,17.456,104.287,1.199,723.7756302873482,0.915933981
10/19/2020 16:00,2020,10,19,10/19/2020,17,18.484,100.587,1.211,723.7334498173587,0.915880602
10/19/2020 17:00,2020,10,19,10/19/2020,18,20.453,102.548,1.215,723.6912721764995,0.915827227
10/19/2020 18:00,2020,10,19,10/19/2020,19,22.343,101.741,1.22,723.6490973864693,0.915773855
10/19/2020 19:00,2020,10,19,10/19/2020,20,23.512,102.406,1.258,657.2471635848085,0.831742582
10/19/2020 20:00,2020,10,19,10/19/2020,21,23.178,98.359,1.246,590.8452327,0.747711312
10/19/2020 21:00,2020,10,19,10/19/2020,22,24.535,99.632,1.297,590.8030665700039,0.747657951
10/19/2020 22:00,2020,10,19,10/19/2020,23,23.478,98.222,1.257,590.7609034002471,0.747604594
10/19/2020 23:00,2020,10,19,10/19/2020,24,21.912,99.422,1.219,550.4288877601241,0.696564656
10/20/2020 0:00,2020,10,20,10/20/2020,1,21.89,100.408,1.219,510.09687510099104,0.645524721
10/20/2020 1:00,2020,10,20,10/20/2020,2,20.706,99.829,1.216,510.0547208742026,0.645471375
10/20/2020 2:00,2020,10,20,10/20/2020,3,20.267,100.66,1.215,510.0125696717791,0.645418033
10/20/2020 3:00,2020,10,20,10/20/2020,4,18.727,98.979,1.212,509.9704215154056,0.645364695
10/20/2020 4:00,2020,10,20,10/20/2020,5,15.513,99.501,1.16,509.9282764267654,0.64531136
10/20/2020 5:00,2020,10,20,10/20/2020,6,13.209,99.632,1.114,509.8861344275408,0.64525803
10/20/2020 6:00,2020,10,20,10/20/2020,7,12.146,97.126,1.093,509.8439955394121,0.645204703
10/20/2020 7:00,2020,10,20,10/20/2020,8,12.41,99.952,1.098,541.0388094843265,0.684681564
10/20/2020 8:00,2020,10,20,10/20/2020,9,13.31,102.504,1.116,616.4093444969786,0.780062552
10/20/2020 9:00,2020,10,20,10/20/2020,10,11.512,102.325,1.08,691.7798827,0.875443543
10/20/2020 10:00,2020,10,20,10/20/2020,11,10.45,103.318,1.08,722.9747061590526,0.914920416
10/20/2020 11:00,2020,10,20,10/20/2020,12,12.597,103.346,1.102,722.9325831515521,0.91486711
10/20/2020 12:00,2020,10,20,10/20/2020,13,13.76,101.48,1.125,722.8904633851955,0.914813808
10/20/2020 13:00,2020,10,20,10/20/2020,14,13.989,102.768,1.13,722.8483468816519,0.914760509
10/20/2020 14:00,2020,10,20,10/20/2020,15,15.927,102.678,1.169,722.8062336625885,0.914707215
10/20/2020 15:00,2020,10,20,10/20/2020,16,17.485,101.109,1.2,722.7641237496708,0.914653926
10/20/2020 16:00,2020,10,20,10/20/2020,17,16.761,102.06,1.185,722.7220171645629,0.91460064
10/20/2020 17:00,2020,10,20,10/20/2020,18,20.676,101.104,1.216,722.6799139289267,0.914547359
10/20/2020 18:00,2020,10,20,10/20/2020,19,21.47,102.156,1.218,722.6378140644226,0.914494081
10/20/2020 19:00,2020,10,20,10/20/2020,20,22.636,102.8,1.225,656.2359557085526,0.830462904
10/20/2020 20:00,2020,10,20,10/20/2020,21,23.047,100.416,1.241,589.8341007671306,0.746431731
10/20/2020 21:00,2020,10,20,10/20/2020,22,22.639,100.337,1.225,589.7920111459684,0.746378466
10/20/2020 22:00,2020,10,20,10/20/2020,23,23.796,99.24,1.269,589.7499249825626,0.746325207
10/20/2020 23:00,2020,10,20,10/20/2020,24,22.533,99.748,1.221,549.4179868688982,0.695285366
10/21/2020 0:00,2020,10,21,10/21/2020,1,21.15,101.513,1.217,509.0860522562919,0.64424553
10/21/2020 1:00,2020,10,21,10/21/2020,2,20.762,98.594,1.216,509.0439765960582,0.644192284
10/21/2020 2:00,2020,10,21,10/21/2020,3,18.731,99.427,1.212,509.00190448017656,0.644139042
10/21/2020 3:00,2020,10,21,10/21/2020,4,16.697,99.711,1.184,508.9598359302916,0.644085804
10/21/2020 4:00,2020,10,21,10/21/2020,5,15.819,100.35,1.166,508.91777096804583,0.644032571
10/21/2020 5:00,2020,10,21,10/21/2020,6,14.415,100,1.138,508.8757096150801,0.643979343
10/21/2020 6:00,2020,10,21,10/21/2020,7,13.483,99.172,1.12,508.8336518930332,0.643926119
10/21/2020 7:00,2020,10,21,10/21/2020,8,11.638,99.795,1.083,540.0285475238106,0.683403084
10/21/2020 8:00,2020,10,21,10/21/2020,9,11.697,101.335,1.084,615.3991647420653,0.778784175
10/21/2020 9:00,2020,10,21,10/21/2020,10,10.337,100.867,1.08,690.7697857,0.874165271
10/21/2020 10:00,2020,10,21,10/21/2020,11,11.973,101.227,1.089,721.9646923743923,0.91364225
10/21/2020 11:00,2020,10,21,10/21/2020,12,10.655,100.473,1.08,721.9226531,0.913589049
10/21/2020 12:00,2020,10,21,10/21/2020,13,13.13,99.537,1.113,721.8806176492342,0.913535854
10/21/2020 13:00,2020,10,21,10/21/2020,14,14.548,98.507,1.141,721.8385859493494,0.913482663
10/21/2020 14:00,2020,10,21,10/21/2020,15,14.908,99.576,1.148,721.7965580534262,0.913429477
10/21/2020 15:00,2020,10,21,10/21/2020,16,15.398,99.827,1.158,721.7545339830866,0.913376295
10/21/2020 16:00,2020,10,21,10/21/2020,17,19.876,100.81,1.214,721.7125138,0.913323119
10/21/2020 17:00,2020,10,21,10/21/2020,18,18.974,98.973,1.212,721.6704974,0.913269948
10/21/2020 18:00,2020,10,21,10/21/2020,19,20.558,100.648,1.216,721.6284849417546,0.913216781
10/21/2020 19:00,2020,10,21,10/21/2020,20,21.361,102.48,1.217,655.2267145057687,0.829185715
10/21/2020 20:00,2020,10,21,10/21/2020,21,24.265,99.647,1.287,588.8249480034447,0.745154653
10/21/2020 21:00,2020,10,21,10/21/2020,22,23.353,100.205,1.252,588.7829473405491,0.745101502
10/21/2020 22:00,2020,10,21,10/21/2020,23,23.889,99.291,1.272,588.7409506545328,0.745048355
10/21/2020 23:00,2020,10,21,10/21/2020,24,22.216,99.202,1.219,548.4091025373348,0.694008629
10/22/2020 0:00,2020,10,22,10/22/2020,1,20.678,98.622,1.216,508.0772584402253,0.642968907
10/22/2020 1:00,2020,10,22,10/22/2020,2,20.799,98.74,1.216,508.03527381447225,0.642915776
10/22/2020 2:00,2020,10,22,10/22/2020,3,19.055,101.719,1.212,507.99329325200847,0.64286265
10/22/2020 3:00,2020,10,22,10/22/2020,4,17.054,99.868,1.191,507.95131677443135,0.642809529
10/22/2020 4:00,2020,10,22,10/22/2020,5,15.107,99.917,1.152,507.9093444033361,0.642756413
10/22/2020 5:00,2020,10,22,10/22/2020,6,14.779,99.963,1.146,507.86737616031587,0.642703303
10/22/2020 6:00,2020,10,22,10/22/2020,7,13.187,100.104,1.114,507.82541206696146,0.642650197
10/22/2020 7:00,2020,10,22,10/22/2020,8,12.584,100.774,1.102,539.0204018451304,0.682127281
10/22/2020 8:00,2020,10,22,10/22/2020,9,11.472,98.552,1.08,614.3911137294272,0.777508492
10/22/2020 9:00,2020,10,22,10/22/2020,10,11.201,98.73,1.08,689.7618298281496,0.872889709
10/22/2020 10:00,2020,10,22,10/22/2020,11,10.465,101.268,1.08,720.9568322495945,0.912366808
10/22/2020 11:00,2020,10,22,10/22/2020,12,10.935,100.879,1.08,720.9148892283595,0.91231373
10/22/2020 12:00,2020,10,22,10/22/2020,13,12.829,99.543,1.107,720.8729504862911,0.912260656
10/22/2020 13:00,2020,10,22,10/22/2020,14,15.089,98.593,1.152,720.8310160449649,0.912207589
10/22/2020 14:00,2020,10,22,10/22/2020,15,15.788,99.17,1.166,720.7890859259547,0.912154526
10/22/2020 15:00,2020,10,22,10/22/2020,16,16.191,99.218,1.174,720.7471601508319,0.91210147
10/22/2020 16:00,2020,10,22,10/22/2020,17,20.906,101.381,1.216,720.7052387411657,0.912048418
10/22/2020 17:00,2020,10,22,10/22/2020,18,21.771,98.978,1.218,720.6633217185226,0.911995372
10/22/2020 18:00,2020,10,22,10/22/2020,19,21.413,101.45,1.218,720.6214091044676,0.911942332
10/22/2020 19:00,2020,10,22,10/22/2020,20,21.721,98.831,1.218,654.2197390364062,0.827911393
10/22/2020 20:00,2020,10,22,10/22/2020,21,23.473,99.783,1.257,587.8180734200553,0.743880459
10/22/2020 21:00,2020,10,22,10/22/2020,22,24.231,99.881,1.285,587.7761742,0.743827436
10/22/2020 22:00,2020,10,22,10/22/2020,23,22.597,98.392,1.224,587.7342793970265,0.743774419
10/22/2020 23:00,2020,10,22,10/22/2020,24,22.944,102.007,1.237,547.4025337196346,0.692734822
10/23/2020 0:00,2020,10,23,10/23/2020,1,19.963,101.578,1.214,507.0707925801702,0.641695231
10/23/2020 1:00,2020,10,23,10/23/2020,2,19.497,100.258,1.213,507.0289114298485,0.64164223
10/23/2020 2:00,2020,10,23,10/23/2020,3,19.84,100.06,1.214,506.9870348605494,0.641589236
10/23/2020 3:00,2020,10,23,10/23/2020,4,16.897,98.786,1.188,506.9451628938163,0.641536247
10/23/2020 4:00,2020,10,23,10/23/2020,5,15.788,100.695,1.166,506.9032956,0.641483264
10/23/2020 5:00,2020,10,23,10/23/2020,6,14.018,100.542,1.13,506.8614328542123,0.641430287
10/23/2020 6:00,2020,10,23,10/23/2020,7,13.282,99.689,1.116,506.8195748244171,0.641377316
10/23/2020 7:00,2020,10,23,10/23/2020,8,13.289,100.2,1.116,538.0146711836081,0.680854534
10/23/2020 8:00,2020,10,23,10/23/2020,9,13.443,104.857,1.119,613.3854901663349,0.776235881
10/23/2020 9:00,2020,10,23,10/23/2020,10,9.278,103.165,1.08,688.7563138808404,0.871617234
10/23/2020 10:00,2020,10,23,10/23/2020,11,10.128,102.177,1.08,719.9514244,0.91109447
10/23/2020 11:00,2020,10,23,10/23/2020,12,11.787,102.908,1.086,719.9095900644535,0.911041529
10/23/2020 12:00,2020,10,23,10/23/2020,13,13.788,102.062,1.126,719.8677604898937,0.910988594
10/23/2020 13:00,2020,10,23,10/23/2020,14,13.729,101.266,1.125,719.8259357332063,0.910935665
10/23/2020 14:00,2020,10,23,10/23/2020,15,15.38,102.309,1.158,719.7841158159083,0.910882742
10/23/2020 15:00,2020,10,23,10/23/2020,16,17.042,104.123,1.191,719.7423007595144,0.910829826
10/23/2020 16:00,2020,10,23,10/23/2020,17,17.391,101.049,1.198,719.7004905855367,0.910776915
10/23/2020 17:00,2020,10,23,10/23/2020,18,19.685,102.856,1.214,719.6586853,0.910724011
10/23/2020 18:00,2020,10,23,10/23/2020,19,20.622,101.715,1.216,719.6168849708665,0.910671113
10/23/2020 19:00,2020,10,23,10/23/2020,20,22.65,103.084,1.226,653.2153276890289,0.826640316
10/23/2020 20:00,2020,10,23,10/23/2020,21,22.585,99.331,1.223,586.8137754,0.742609526
10/23/2020 21:00,2020,10,23,10/23/2020,22,23.279,99.392,1.249,586.7719899363292,0.742556647
10/23/2020 22:00,2020,10,23,10/23/2020,23,22.991,100.553,1.239,586.7302095084635,0.742503774
10/23/2020 23:00,2020,10,23,10/23/2020,24,23.566,100.058,1.26,546.3985786838617,0.691464322
10/24/2020 0:00,2020,10,24,10/24/2020,1,21.822,100.536,1.218,506.06695291368226,0.640424877
10/24/2020 1:00,2020,10,24,10/24/2020,2,21.458,99.253,1.218,506.02518764908086,0.640372023
10/24/2020 2:00,2020,10,24,10/24/2020,3,20.767,100.336,1.216,505.98342748187736,0.640319176
10/24/2020 3:00,2020,10,24,10/24/2020,4,18.558,100,1.211,505.9416724335559,0.640266335
10/24/2020 4:00,2020,10,24,10/24/2020,5,14.943,100.695,1.149,505.89992252559756,0.640213501
10/24/2020 5:00,2020,10,24,10/24/2020,6,13.86,99.347,1.127,505.8581777794812,0.640160673
10/24/2020 6:00,2020,10,24,10/24/2020,7,12.99,99.759,1.11,505.81643821668274,0.640107852
10/24/2020 7:00,2020,10,24,10/24/2020,8,11.905,100.723,1.088,537.0116535589439,0.679585221
10/24/2020 8:00,2020,10,24,10/24/2020,9,11.241,101.759,1.08,612.3825920407531,0.774966719
10/24/2020 9:00,2020,10,24,10/24/2020,10,11.959,102.116,1.089,687.7535357702922,0.870348224
10/24/2020 10:00,2020,10,24,10/24/2020,11,11.126,101.16,1.08,718.9487668557404,0.909825613
10/24/2020 11:00,2020,10,24,10/24/2020,12,11.57,103.233,1.081,718.9070535315775,0.909772825
10/24/2020 12:00,2020,10,24,10/24/2020,13,13.679,101.894,1.124,718.8653455195321,0.909720044
10/24/2020 13:00,2020,10,24,10/24/2020,14,13.934,102.706,1.129,718.8236428410612,0.909667269
10/24/2020 14:00,2020,10,24,10/24/2020,15,14.991,101.29,1.15,718.7819455176193,0.909614501
10/24/2020 15:00,2020,10,24,10/24/2020,16,18.033,102.135,1.21,718.7402535706581,0.909561741
10/24/2020 16:00,2020,10,24,10/24/2020,17,18.2,102.159,1.21,718.6985670216261,0.909508986
10/24/2020 17:00,2020,10,24,10/24/2020,18,19.257,101.495,1.213,718.6568858919695,0.909456239
10/24/2020 18:00,2020,10,24,10/24/2020,19,21.964,103.219,1.219,718.6152102031317,0.909403499
10/24/2020 19:00,2020,10,24,10/24/2020,20,22.31,102.022,1.22,652.2137780923962,0.825372861
10/24/2020 20:00,2020,10,24,10/24/2020,21,22.858,100.602,1.234,585.8123514653577,0.74134223
10/24/2020 21:00,2020,10,24,10/24/2020,22,23.419,99.908,1.255,585.7706922276075,0.74128951
10/24/2020 22:00,2020,10,24,10/24/2020,23,24.483,99.647,1.295,585.7290385164208,0.741236797
10/24/2020 23:00,2020,10,24,10/24/2020,24,22.844,100.233,1.233,545.3975349235607,0.690197507
10/25/2020 0:00,2020,10,25,10/25/2020,1,20.053,100.661,1.215,505.06603690011946,0.639158223
10/25/2020 1:00,2020,10,25,10/25/2020,2,21.156,101.015,1.217,505.02439989718744,0.639105532
10/25/2020 2:00,2020,10,25,10/25/2020,3,18.761,100.499,1.212,504.9827685065186,0.639052848
10/25/2020 3:00,2020,10,25,10/25/2020,4,18.187,100.575,1.21,504.9411427495305,0.639000171
10/25/2020 4:00,2020,10,25,10/25/2020,5,15.855,98.986,1.167,504.89952264763815,0.638947501
10/25/2020 5:00,2020,10,25,10/25/2020,6,14.87,99.421,1.147,504.8579082222532,0.638894838
10/25/2020 6:00,2020,10,25,10/25/2020,7,11.185,99.351,1.08,504.81629949478463,0.638842182
10/25/2020 7:00,2020,10,25,10/25/2020,8,11.948,98.631,1.089,536.0116461869071,0.678319718
10/25/2020 8:00,2020,10,25,10/25/2020,9,10.456,102.103,1.08,611.3827165330412,0.773701382
10/25/2020 9:00,2020,10,25,10/25/2020,10,11.363,102.615,1.08,686.7537926,0.869083054
10/25/2020 10:00,2020,10,25,10/25/2020,11,10.943,102.699,1.08,717.9491566197975,0.908560612
10/25/2020 11:00,2020,10,25,10/25/2020,12,13.585,102.767,1.122,717.9075767029424,0.908507993
10/25/2020 12:00,2020,10,25,10/25/2020,13,13.384,101.861,1.118,717.8660026123955,0.908455381
10/25/2020 13:00,2020,10,25,10/25/2020,14,14.101,102.251,1.132,717.8244344,0.908402777
10/25/2020 14:00,2020,10,25,10/25/2020,15,16.278,102.266,1.176,717.7828719957761,0.90835018
10/25/2020 15:00,2020,10,25,10/25/2020,16,17.457,103.105,1.199,717.7413155124711,0.90829759
10/25/2020 16:00,2020,10,25,10/25/2020,17,19.968,101.133,1.214,717.6997649410089,0.908245008
10/25/2020 17:00,2020,10,25,10/25/2020,18,20.295,102.263,1.215,717.6582203027656,0.908192434
10/25/2020 18:00,2020,10,25,10/25/2020,19,21.336,100.162,1.217,717.6166816191146,0.908139867
10/25/2020 19:00,2020,10,25,10/25/2020,20,23.595,99.879,1.261,651.2153870272688,0.824109402
10/25/2020 20:00,2020,10,25,10/25/2020,21,24.061,98.545,1.279,584.8140984,0.740078946
10/25/2020 21:00,2020,10,25,10/25/2020,22,24.449,99.038,1.294,584.7725777410847,0.740026402
10/25/2020 22:00,2020,10,25,10/25/2020,23,23.739,100.827,1.267,584.7310630894708,0.739973865
10/25/2020 23:00,2020,10,25,10/25/2020,24,22.282,99.511,1.22,544.3996990696016,0.688934751
10/26/2020 0:00,2020,10,26,10/26/2020,1,21.626,100.511,1.218,504.0683411324981,0.637895645
10/26/2020 1:00,2020,10,26,10/26/2020,2,19.782,98.703,1.214,504.0268447291781,0.637843132
10/26/2020 2:00,2020,10,26,10/26/2020,3,18.897,98.424,1.212,503.9853544513233,0.637790626
10/26/2020 3:00,2020,10,26,10/26/2020,4,17.126,98.499,1.193,503.9438703202789,0.637738128
10/26/2020 4:00,2020,10,26,10/26/2020,5,16.338,100.916,1.177,503.90239235738665,0.637685638
10/26/2020 5:00,2020,10,26,10/26/2020,6,13.55,100.187,1.121,503.8609205839855,0.637633156
10/26/2020 6:00,2020,10,26,10/26/2020,7,13.632,99.525,1.123,503.81945502141093,0.637580681
10/26/2020 7:00,2020,10,26,10/26/2020,8,12.616,98.366,1.102,535.0149453912638,0.677058398
10/26/2020 8:00,2020,10,26,10/26/2020,9,11.386,101.559,1.08,610.3861599278908,0.772440246
10/26/2020 9:00,2020,10,26,10/26/2020,10,11.518,103.33,1.08,685.7573807393319,0.867822101
10/26/2020 10:00,2020,10,26,10/26/2020,11,10.792,100.503,1.08,716.9528899336237,0.907299842
10/26/2020 11:00,2020,10,26,10/26/2020,12,12.904,102.306,1.108,716.9114557451032,0.907247407
10/26/2020 12:00,2020,10,26,10/26/2020,13,13.335,102.666,1.117,716.8700278953551,0.907194981
10/26/2020 13:00,2020,10,26,10/26/2020,14,14.967,102.271,1.149,716.8286064056924,0.907142562
10/26/2020 14:00,2020,10,26,10/26/2020,15,15.006,101.593,1.15,716.7871912974249,0.907090151
10/26/2020 15:00,2020,10,26,10/26/2020,16,17.621,103.974,1.202,716.7457825918589,0.907037749
10/26/2020 16:00,2020,10,26,10/26/2020,17,19.339,102.506,1.213,716.7043803102976,0.906985354
10/26/2020 17:00,2020,10,26,10/26/2020,18,19.575,102.48,1.214,716.6629844740406,0.906932968
10/26/2020 18:00,2020,10,26,10/26/2020,19,21.319,101.967,1.217,716.6215951043846,0.90688059
10/26/2020 19:00,2020,10,26,10/26/2020,20,21.59,103.248,1.218,650.2204503384662,0.822850316
10/26/2020 20:00,2020,10,26,10/26/2020,21,22.615,101.397,1.224,583.8193120817317,0.738820049
10/26/2020 21:00,2020,10,26,10/26/2020,22,23.445,100.249,1.256,583.7779422396243,0.738767696
10/26/2020 22:00,2020,10,26,10/26/2020,23,21.902,97.992,1.219,583.7365789492704,0.738715351
10/26/2020 23:00,2020,10,26,10/26/2020,24,21.589,100.13,1.218,543.4053668022834,0.687676429
10/27/2020 0:00,2020,10,27,10/27/2020,1,23.22,99.919,1.247,503.07416124960605,0.636637516
10/27/2020 1:00,2020,10,27,10/27/2020,2,20.447,100.321,1.215,503.03281774217794,0.636585196
10/27/2020 2:00,2020,10,27,10/27/2020,3,19.776,99.706,1.214,502.9914809,0.636532885
10/27/2020 3:00,2020,10,27,10/27/2020,4,15.891,100.947,1.168,502.9501506591446,0.636480581
10/27/2020 4:00,2020,10,27,10/27/2020,5,15.571,99.378,1.161,502.90882712606816,0.636428287
10/27/2020 5:00,2020,10,27,10/27/2020,6,12.559,100.83,1.101,502.8675102936323,0.636376
10/27/2020 6:00,2020,10,27,10/27/2020,7,13.724,98.758,1.124,502.8262001830927,0.636323723
10/27/2020 7:00,2020,10,27,10/27/2020,8,11.553,103.123,1.081,534.0218465159703,0.675801637
10/27/2020 8:00,2020,10,27,10/27/2020,9,13.068,99.837,1.111,609.3932175265317,0.771183683
10/27/2020 9:00,2020,10,27,10/27/2020,10,10.647,102.215,1.08,684.7645953227361,0.866565737
10/27/2020 10:00,2020,10,27,10/27/2020,11,9.984,103.697,1.08,715.9602620125395,0.906043677
10/27/2020 11:00,2020,10,27,10/27/2020,12,12.63,101.235,1.103,715.9189858301977,0.905991442
10/27/2020 12:00,2020,10,27,10/27/2020,13,13.604,101.144,1.122,715.8777164972144,0.905939216
10/27/2020 13:00,2020,10,27,10/27/2020,14,15.313,102.376,1.156,715.8364540348209,0.905886999
10/27/2020 14:00,2020,10,27,10/27/2020,15,16.242,102.677,1.175,715.7951984642451,0.90583479
10/27/2020 15:00,2020,10,27,10/27/2020,16,18.979,101.278,1.212,715.7539498067113,0.90578259
10/27/2020 16:00,2020,10,27,10/27/2020,17,19.948,101.711,1.214,715.7127080834404,0.905730399
10/27/2020 17:00,2020,10,27,10/27/2020,18,19.911,100.34,1.214,715.6714733156493,0.905678216
10/27/2020 18:00,2020,10,27,10/27/2020,19,20.975,102.049,1.217,715.6302455245522,0.905626043
10/27/2020 19:00,2020,10,27,10/27/2020,20,23.561,102.413,1.26,649.2292628472019,0.821595974
10/27/2020 20:00,2020,10,27,10/27/2020,21,23.425,99.846,1.255,582.8282871889619,0.737565913
10/27/2020 21:00,2020,10,27,10/27/2020,22,23.725,99.053,1.266,582.7870804551914,0.737513766
10/27/2020 22:00,2020,10,27,10/27/2020,23,24.244,100.065,1.286,582.7458807829331,0.737461628
10/27/2020 23:00,2020,10,27,10/27/2020,24,22.39,101.073,1.22,542.4148327637162,0.686422914
10/28/2020 0:00,2020,10,28,10/28/2020,1,21.057,100.153,1.217,502.0837918483989,0.635384209
10/28/2020 1:00,2020,10,28,10/28/2020,2,21.432,100.391,1.218,502.0426134878362,0.635332098
10/28/2020 2:00,2020,10,28,10/28/2020,3,17.962,99.855,1.209,502.0014423,0.635279996
10/28/2020 3:00,2020,10,28,10/28/2020,4,16.881,100.648,1.188,501.9602782267094,0.635227903
10/28/2020 4:00,2020,10,28,10/28/2020,5,14.565,100.111,1.141,501.9191213685035,0.63517582
10/28/2020 5:00,2020,10,28,10/28/2020,6,15.743,100.502,1.165,501.87797172010215,0.635123745
10/28/2020 6:00,2020,10,28,10/28/2020,7,12.837,100.298,1.107,501.8368293026748,0.635071679
10/28/2020 7:00,2020,10,28,10/28/2020,8,12.627,99.046,1.103,533.0326438376562,0.674549807
10/28/2020 8:00,2020,10,28,10/28/2020,9,12.823,99.318,1.106,608.4041835592267,0.769932066
10/28/2020 9:00,2020,10,28,10/28/2020,10,10.639,100.009,1.08,683.7757305752584,0.865314334
10/28/2020 10:00,2020,10,28,10/28/2020,11,11.038,100.723,1.08,714.9715669936203,0.904792489
10/28/2020 11:00,2020,10,28,10/28/2020,12,11.68,103.031,1.084,714.930461,0.90474047
10/28/2020 12:00,2020,10,28,10/28/2020,13,14.29,100.007,1.136,714.8893624612565,0.90468846
10/28/2020 13:00,2020,10,28,10/28/2020,14,13.846,100.964,1.127,714.8482712530902,0.904636459
10/28/2020 14:00,2020,10,28,10/28/2020,15,15.7,99.421,1.164,714.8071874,0.904584467
10/28/2020 15:00,2020,10,28,10/28/2020,16,17.501,99.554,1.2,714.7661110584879,0.904532486
10/28/2020 16:00,2020,10,28,10/28/2020,17,18.155,99.114,1.21,714.7250421143201,0.904480513
10/28/2020 17:00,2020,10,28,10/28/2020,18,20.568,101.347,1.216,714.6839806337466,0.90442855
10/28/2020 18:00,2020,10,28,10/28/2020,19,22.559,98.798,1.222,714.6429266378924,0.904376596
10/28/2020 19:00,2020,10,28,10/28/2020,20,23.273,100.92,1.249,648.2421182637211,0.820346748
10/28/2020 20:00,2020,10,28,10/28/2020,21,24.018,100.728,1.277,581.8413174165061,0.736316908
10/28/2020 21:00,2020,10,28,10/28/2020,22,24.442,100.703,1.293,581.8002860015172,0.736264983
10/28/2020 22:00,2020,10,28,10/28/2020,23,23.417,99.191,1.255,581.7592621557067,0.736213068
10/28/2020 23:00,2020,10,28,10/28/2020,24,22.184,100.559,1.219,541.4283905,0.685174577
10/29/2020 0:00,2020,10,29,10/29/2020,1,21.669,100.147,1.218,501.0975263967041,0.634136096
10/29/2020 1:00,2020,10,29,10/29/2020,2,21.763,100.315,1.218,501.05652538504364,0.634084209
10/29/2020 2:00,2020,10,29,10/29/2020,3,19.283,100.43,1.213,501.01553202695857,0.634032332
10/29/2020 3:00,2020,10,29,10/29/2020,4,15.885,100.983,1.168,500.97454634353835,0.633980465
10/29/2020 4:00,2020,10,29,10/29/2020,5,15.645,100.04,1.163,500.9335683558684,0.633928608
10/29/2020 5:00,2020,10,29,10/29/2020,6,14.262,99.662,1.135,500.89259808503016,0.63387676
10/29/2020 6:00,2020,10,29,10/29/2020,7,11.728,99.734,1.085,500.85163555210136,0.633824922
10/29/2020 7:00,2020,10,29,10/29/2020,8,11.945,101.309,1.089,532.0476304784241,0.673303278
10/29/2020 8:00,2020,10,29,10/29/2020,9,12.197,98.97,1.094,607.4193510980856,0.768685766
10/29/2020 9:00,2020,10,29,10/29/2020,10,12.093,101.05,1.092,682.7910795,0.864068263
10/29/2020 10:00,2020,10,29,10/29/2020,11,11.653,99.465,1.083,713.9870978485383,0.903546649
10/29/2020 11:00,2020,10,29,10/29/2020,12,11.926,100.359,1.089,713.9461743,0.90349486
10/29/2020 12:00,2020,10,29,10/29/2020,13,13.404,99.778,1.118,713.9052586581126,0.903443082
10/29/2020 13:00,2020,10,29,10/29/2020,14,15,99.773,1.15,713.8643508803855,0.903391313
10/29/2020 14:00,2020,10,29,10/29/2020,15,15.085,100.013,1.152,713.8234510090439,0.903339555
10/29/2020 15:00,2020,10,29,10/29/2020,16,16.608,99.136,1.182,713.7825590651292,0.903287806
10/29/2020 16:00,2020,10,29,10/29/2020,17,18.299,99.507,1.211,713.7416751,0.903236068
10/29/2020 17:00,2020,10,29,10/29/2020,18,20.632,100.318,1.216,713.7007990437261,0.903184339
10/29/2020 18:00,2020,10,29,10/29/2020,19,21.692,100.303,1.218,713.6599310082997,0.903132621
10/29/2020 19:00,2020,10,29,10/29/2020,20,23.237,101.959,1.248,647.2593091002681,0.819103008
10/29/2020 20:00,2020,10,29,10/29/2020,21,22.57,99.306,1.223,580.8586952248088,0.735073405
10/29/2020 21:00,2020,10,29,10/29/2020,22,23.948,100.369,1.275,580.8178512870952,0.735021718
10/29/2020 22:00,2020,10,29,10/29/2020,23,23.953,100.922,1.275,580.7770154239831,0.73497004
10/29/2020 23:00,2020,10,29,10/29/2020,24,21.792,99.081,1.218,540.4463322268145,0.683931788
10/30/2020 0:00,2020,10,30,10/30/2020,1,22.073,97.511,1.219,500.11565714626033,0.632893546
10/30/2020 1:00,2020,10,30,10/30/2020,2,19.247,100.049,1.213,500.07484563298686,0.632841899
10/30/2020 2:00,2020,10,30,10/30/2020,3,18.755,98.461,1.212,500.03404227832357,0.632790263
10/30/2020 3:00,2020,10,30,10/30/2020,4,16.704,101.143,1.184,499.99324710326215,0.632738637
10/30/2020 4:00,2020,10,30,10/30/2020,5,15.308,99.823,1.156,499.95246012879016,0.632687021
10/30/2020 5:00,2020,10,30,10/30/2020,6,14.957,99.474,1.149,499.9116813758908,0.632635416
10/30/2020 6:00,2020,10,30,10/30/2020,7,11.994,99.497,1.09,499.8709108655431,0.632583821
10/30/2020 7:00,2020,10,30,10/30/2020,8,11.539,100.637,1.081,531.0670983189905,0.67206242
10/30/2020 8:00,2020,10,30,10/30/2020,9,11.761,102.492,1.085,606.4390119702208,0.767445152
10/30/2020 9:00,2020,10,30,10/30/2020,10,12.222,102.581,1.094,681.8109339269145,0.862827895
10/30/2020 10:00,2020,10,30,10/30/2020,11,10.722,102.654,1.08,713.0071462967474,0.902306526
10/30/2020 11:00,2020,10,30,10/30/2020,12,11.99,103.476,1.09,712.9664173136946,0.902254983
10/30/2020 12:00,2020,10,30,10/30/2020,13,13.949,100.496,1.129,712.9256966989783,0.902203452
10/30/2020 13:00,2020,10,30,10/30/2020,14,14.798,101.915,1.146,712.8849844735477,0.902151931
10/30/2020 14:00,2020,10,30,10/30/2020,15,15.698,102.678,1.164,712.8442806583473,0.90210042
10/30/2020 15:00,2020,10,30,10/30/2020,16,16.998,101.908,1.19,712.8035852743178,0.90204892
10/30/2020 16:00,2020,10,30,10/30/2020,17,18.011,100.83,1.21,712.7628983423954,0.901997431
10/30/2020 17:00,2020,10,30,10/30/2020,18,20.384,100.407,1.215,712.7222198835116,0.901945953
10/30/2020 18:00,2020,10,30,10/30/2020,19,20.758,102.206,1.216,712.6815499185939,0.901894485
10/30/2020 19:00,2020,10,30,10/30/2020,20,22.619,100.43,1.224,646.2811265844089,0.817865124
10/30/2020 20:00,2020,10,30,10/30/2020,21,22.994,100.381,1.239,579.8807118,0.733835773
10/30/2020 21:00,2020,10,30,10/30/2020,22,23.553,99.45,1.26,579.8400674285338,0.733784338
10/30/2020 22:00,2020,10,30,10/30/2020,23,23.254,99.644,1.248,579.7994316486679,0.733732913
10/30/2020 23:00,2020,10,30,10/30/2020,24,22.059,98.969,1.219,539.468949,0.682694915
10/31/2020 0:00,2020,10,31,10/31/2020,1,21.839,102.121,1.219,499.1384750461169,0.631656927
10/31/2020 1:00,2020,10,31,10/31/2020,2,20.882,101.104,1.216,499.09786512456265,0.631605536
10/31/2020 2:00,2020,10,31,10/31/2020,3,18.43,99.478,1.211,499.0572638642358,0.631554155
10/31/2020 3:00,2020,10,31,10/31/2020,4,18.066,100.838,1.21,499.01667128602406,0.631502785
10/31/2020 4:00,2020,10,31,10/31/2020,5,16.099,99.571,1.172,498.9760874108108,0.631451427
10/31/2020 5:00,2020,10,31,10/31/2020,6,15.54,100.959,1.161,498.93551225947476,0.631400079
10/31/2020 6:00,2020,10,31,10/31/2020,7,14.133,101.29,1.133,498.8949458528902,0.631348743
10/31/2020 7:00,2020,10,31,10/31/2020,8,11.084,100.54,1.08,530.0913379121955,0.670827601
10/31/2020 8:00,2020,10,31,10/31/2020,9,12.383,101.829,1.098,605.4634566712735,0.766210592
10/31/2020 9:00,2020,10,31,10/31/2020,10,11.071,99.657,1.08,680.8355842376989,0.861593595
10/31/2020 10:00,2020,10,31,10/31/2020,11,10.863,101.229,1.08,712.0320027190417,0.901072487
10/31/2020 11:00,2020,10,31,10/31/2020,12,12.515,103.681,1.1,711.9914803491711,0.901021206
10/31/2020 12:00,2020,10,31,10/31/2020,13,12.832,102.178,1.107,711.9509668,0.900969936
10/31/2020 13:00,2020,10,31,10/31/2020,14,14.649,101.478,1.143,711.9104622399798,0.900918678
10/31/2020 14:00,2020,10,31,10/31/2020,15,14.648,101.637,1.143,711.8699665423395,0.900867431
10/31/2020 15:00,2020,10,31,10/31/2020,16,16.312,101.855,1.176,711.8294797771157,0.900816195
10/31/2020 16:00,2020,10,31,10/31/2020,17,19.559,101.597,1.213,711.7890019651368,0.900764971
10/31/2020 17:00,2020,10,31,10/31/2020,18,20.228,101.611,1.215,711.7485331272276,0.900713758
10/31/2020 18:00,2020,10,31,10/31/2020,19,21.459,102.487,1.218,711.7080732842071,0.900662556
10/31/2020 19:00,2020,10,31,10/31/2020,20,23.619,101.783,1.262,645.3078606,0.816633461
10/31/2020 20:00,2020,10,31,10/31/2020,21,22.426,99.627,1.22,578.9076568977752,0.732604377
10/31/2020 21:00,2020,10,31,10/31/2020,22,23.553,100.57,1.26,578.8672241642929,0.73255321
10/31/2020 22:00,2020,10,31,10/31/2020,23,21.966,99.405,1.219,578.8268005089316,0.732502054
10/31/2020 23:00,2020,10,31,10/31/2020,24,22.529,101.626,1.221,538.4965305228211,0.681464325
11/1/2020 0:00,2020,11,1,11/1/2020,1,16.344,100.235,1.177,495.15708603470637,0.626618502
11/1/2020 1:00,2020,11,1,11/1/2020,2,15.696,101.712,1.164,495.1166897384673,0.626567381
11/1/2020 2:00,2020,11,1,11/1/2020,3,13.548,99.595,1.121,495.07630260350646,0.626516271
11/1/2020 3:00,2020,11,1,11/1/2020,4,13.574,100.628,1.121,495.0359246506015,0.626465173
11/1/2020 4:00,2020,11,1,11/1/2020,5,10.302,100.769,1.08,494.99555590052506,0.626414087
11/1/2020 5:00,2020,11,1,11/1/2020,6,9.547,100.958,1.08,494.9551963740454,0.626363012
11/1/2020 6:00,2020,11,1,11/1/2020,7,9.117,100.491,1.08,494.9148460919258,0.626311949
11/1/2020 7:00,2020,11,1,11/1/2020,8,9.186,98.972,1.08,525.7508945346171,0.665334794
11/1/2020 8:00,2020,11,1,11/1/2020,9,8.541,101.338,1.08,600.2527609941917,0.759616486
11/1/2020 9:00,2020,11,1,11/1/2020,10,8.256,103.096,1.08,674.7546367603877,0.85389819
11/1/2020 10:00,2020,11,1,11/1/2020,11,8.745,102.294,1.08,705.5907131,0.892921071
11/1/2020 11:00,2020,11,1,11/1/2020,12,9.211,103.594,1.08,705.5504093739033,0.892870067
11/1/2020 12:00,2020,11,1,11/1/2020,13,7.977,104.852,1.08,705.5101149937077,0.892819075
11/1/2020 13:00,2020,11,1,11/1/2020,14,10.208,102.339,1.08,705.4698300030818,0.892768094
11/1/2020 14:00,2020,11,1,11/1/2020,15,11.621,103.51,1.082,705.4295544227509,0.892717126
11/1/2020 15:00,2020,11,1,11/1/2020,16,15.154,101.277,1.153,705.3892882734349,0.892666169
11/1/2020 16:00,2020,11,1,11/1/2020,17,14.108,102.349,1.132,705.3490315758493,0.892615225
11/1/2020 17:00,2020,11,1,11/1/2020,18,15.372,102.528,1.157,705.3087843507043,0.892564292
11/1/2020 18:00,2020,11,1,11/1/2020,19,16.382,101.25,1.178,705.2685466187058,0.892513371
11/1/2020 19:00,2020,11,1,11/1/2020,20,18.355,102.384,1.211,639.6345305291975,0.809453894
11/1/2020 20:00,2020,11,1,11/1/2020,21,17.543,99.39,1.201,574.0005239742318,0.726394428
11/1/2020 21:00,2020,11,1,11/1/2020,22,17.923,101.816,1.208,573.9603148458569,0.726343544
11/1/2020 22:00,2020,11,1,11/1/2020,23,17.326,100.068,1.197,573.9201152934018,0.726292672
11/1/2020 23:00,2020,11,1,11/1/2020,24,16.73,101.914,1.185,534.0551255585094,0.675843752
11/2/2020 0:00,2020,11,2,11/2/2020,1,15.825,98.871,1.166,494.19014544089384,0.625394844
11/2/2020 1:00,2020,11,2,11/2/2020,2,15.395,100.36,1.158,494.1499747402646,0.625344008
11/2/2020 2:00,2020,11,2,11/2/2020,3,14.189,98.728,1.134,494.1098136982496,0.625293185
11/2/2020 3:00,2020,11,2,11/2/2020,4,14.361,99.418,1.137,494.0696623355101,0.625242373
11/2/2020 4:00,2020,11,2,11/2/2020,5,10.685,99.56,1.08,494.02952067270246,0.625191574
11/2/2020 5:00,2020,11,2,11/2/2020,6,8.919,100.733,1.08,493.98938873047786,0.625140788
11/2/2020 6:00,2020,11,2,11/2/2020,7,8.01,100.241,1.08,493.94926652948266,0.625090013
11/2/2020 7:00,2020,11,2,11/2/2020,8,8.374,100.575,1.08,524.7855435500503,0.664113148
11/2/2020 8:00,2020,11,2,11/2/2020,9,9.065,102.641,1.08,599.2876390841353,0.75839513
11/2/2020 9:00,2020,11,2,11/2/2020,10,8.492,104.147,1.08,673.7897444213586,0.852677125
11/2/2020 10:00,2020,11,2,11/2/2020,11,8.977,101.626,1.08,704.6260508513354,0.891700297
11/2/2020 11:00,2020,11,2,11/2/2020,12,6.837,103.067,1.08,704.5859776660054,0.891649584
11/2/2020 12:00,2020,11,2,11/2/2020,13,10.316,101.987,1.08,704.5459143456767,0.891598884
11/2/2020 13:00,2020,11,2,11/2/2020,14,8.7,102.13,1.08,704.5058609109603,0.891548197
11/2/2020 14:00,2020,11,2,11/2/2020,15,11.809,101.682,1.086,704.4658173824623,0.891497522
11/2/2020 15:00,2020,11,2,11/2/2020,16,12.698,102.426,1.104,704.4257837807834,0.89144686
11/2/2020 16:00,2020,11,2,11/2/2020,17,13.617,102.439,1.122,704.3857601,0.89139621
11/2/2020 17:00,2020,11,2,11/2/2020,18,14.965,103.437,1.149,704.3457464,0.891345573
11/2/2020 18:00,2020,11,2,11/2/2020,19,15.852,103.24,1.167,704.3057427425917,0.891294948
11/2/2020 19:00,2020,11,2,11/2/2020,20,16.691,100.43,1.184,638.6719611827375,0.808235768
11/2/2020 20:00,2020,11,2,11/2/2020,21,17.43,100.852,1.199,573.0381896526294,0.7251766
11/2/2020 21:00,2020,11,2,11/2/2020,22,18.676,98.924,1.212,572.9982160441945,0.725126013
11/2/2020 22:00,2020,11,2,11/2/2020,23,17.635,99.838,1.203,572.9582525066405,0.72507544
11/2/2020 23:00,2020,11,2,11/2/2020,24,15.839,100.138,1.167,533.0934992814889,0.674626819
11/3/2020 0:00,2020,11,3,11/3/2020,1,18.166,100.085,1.21,493.22875616833255,0.624178211
11/3/2020 1:00,2020,11,3,11/3/2020,2,13.966,99.655,1.129,493.18882296675844,0.624127676
11/3/2020 2:00,2020,11,3,11/3/2020,3,14.135,100.716,1.133,493.1488999182727,0.624077154
11/3/2020 3:00,2020,11,3,11/3/2020,4,12.498,99.992,1.1,493.1089870434141,0.624026644
11/3/2020 4:00,2020,11,3,11/3/2020,5,11.792,100.034,1.086,493.06908436271624,0.623976148
11/3/2020 5:00,2020,11,3,11/3/2020,6,10.873,101.405,1.08,493.02919189670735,0.623925664
11/3/2020 6:00,2020,11,3,11/3/2020,7,10.051,99.378,1.08,492.9893096659106,0.623875193
11/3/2020 7:00,2020,11,3,11/3/2020,8,9.064,100.448,1.08,523.8258271505359,0.662898632
11/3/2020 8:00,2020,11,3,11/3/2020,9,7.525,100.734,1.08,598.3281636424143,0.757180919
11/3/2020 9:00,2020,11,3,11/3/2020,10,6.34,101.542,1.08,672.8305104310425,0.851463219
11/3/2020 10:00,2020,11,3,11/3/2020,11,6.967,102.992,1.08,703.6670588059117,0.890486698
11/3/2020 11:00,2020,11,3,11/3/2020,12,9.13,101.104,1.08,703.6272280588369,0.890436292
11/3/2020 12:00,2020,11,3,11/3/2020,13,10.142,101.733,1.08,703.5874076700015,0.890385899
11/3/2020 13:00,2020,11,3,11/3/2020,14,9.622,101.687,1.08,703.5475976598918,0.89033552
11/3/2020 14:00,2020,11,3,11/3/2020,15,12.979,101.145,1.11,703.5077980489884,0.890285154
11/3/2020 15:00,2020,11,3,11/3/2020,16,14.712,102.229,1.144,703.4680088577667,0.890234801
11/3/2020 16:00,2020,11,3,11/3/2020,17,14.736,101.808,1.145,703.4282301066962,0.890184461
11/3/2020 17:00,2020,11,3,11/3/2020,18,15.043,100.775,1.151,703.3884618162419,0.890134135
11/3/2020 18:00,2020,11,3,11/3/2020,19,16.89,103.403,1.188,703.3487040068628,0.890083821
11/3/2020 19:00,2020,11,3,11/3/2020,20,18.228,103.177,1.211,637.7151688276558,0.807024952
11/3/2020 20:00,2020,11,3,11/3/2020,21,17.557,98.679,1.201,572.0816441704262,0.723966097
11/3/2020 21:00,2020,11,3,11/3/2020,22,18.541,100.442,1.211,572.0419179269742,0.723915823
11/3/2020 22:00,2020,11,3,11/3/2020,23,17.744,101.19,1.205,572.0022022,0.723865563
11/3/2020 23:00,2020,11,3,11/3/2020,24,17.758,100.383,1.205,532.1376973700377,0.673417257
11/4/2020 0:00,2020,11,4,11/4/2020,1,16.862,98.715,1.187,492.2732030974123,0.622968964
11/4/2020 1:00,2020,11,4,11/4/2020,2,14.785,99.999,1.146,492.2335192279629,0.622918745
11/4/2020 2:00,2020,11,4,11/4/2020,3,15.011,99.981,1.15,492.1938460030674,0.622868538
11/4/2020 3:00,2020,11,4,11/4/2020,4,12.729,99.498,1.105,492.1541834431359,0.622818346
11/4/2020 4:00,2020,11,4,11/4/2020,5,12.338,99.948,1.097,492.11453156857317,0.622768166
11/4/2020 5:00,2020,11,4,11/4/2020,6,10.627,99.703,1.08,492.0748903997786,0.622718001
11/4/2020 6:00,2020,11,4,11/4/2020,7,9.02,100.235,1.08,492.0352599571459,0.622667849
11/4/2020 7:00,2020,11,4,11/4/2020,8,9.618,102.237,1.08,522.8720297207558,0.661691607
11/4/2020 8:00,2020,11,4,11/4/2020,9,8.075,100,1.08,597.3746189823091,0.755974214
11/4/2020 9:00,2020,11,4,11/4/2020,10,7.957,99.479,1.08,671.8772190311727,0.850256834
11/4/2020 10:00,2020,11,4,11/4/2020,11,8.326,100.654,1.08,702.7140211567073,0.889280634
11/4/2020 11:00,2020,11,4,11/4/2020,12,9.12,100.992,1.08,702.6744446505977,0.88923055
11/4/2020 12:00,2020,11,4,11/4/2020,13,8.414,99.972,1.08,702.6348789928966,0.88918048
11/4/2020 13:00,2020,11,4,11/4/2020,14,10.098,101.492,1.08,702.5953242039586,0.889130423
11/4/2020 14:00,2020,11,4,11/4/2020,15,12.073,100.545,1.091,702.5557803041336,0.889080381
11/4/2020 15:00,2020,11,4,11/4/2020,16,12.793,99.733,1.106,702.5162473,0.889030352
11/4/2020 16:00,2020,11,4,11/4/2020,17,13.81,98.952,1.126,702.4767252531909,0.888980337
11/4/2020 17:00,2020,11,4,11/4/2020,18,14.919,98.771,1.148,702.4372141,0.888930336
11/4/2020 18:00,2020,11,4,11/4/2020,19,16.444,101.972,1.179,702.3977140027512,0.888880349
11/4/2020 19:00,2020,11,4,11/4/2020,20,18.578,101.232,1.211,636.7644369821766,0.805821807
11/4/2020 20:00,2020,11,4,11/4/2020,21,17.9,100.148,1.208,571.1311709726926,0.722763278
11/4/2020 21:00,2020,11,4,11/4/2020,22,17.919,99.266,1.208,571.0917038659666,0.722713333
11/4/2020 22:00,2020,11,4,11/4/2020,23,17.693,98.992,1.204,571.0522478109455,0.722663402
11/4/2020 23:00,2020,11,4,11/4/2020,24,16.632,100.164,1.183,531.1880030488898,0.672215424
11/5/2020 0:00,2020,11,5,11/5/2020,1,17.407,100.292,1.198,491.32376937913045,0.621767461
11/5/2020 1:00,2020,11,5,11/5/2020,2,15.623,100.087,1.162,491.2843466009929,0.621717572
11/5/2020 2:00,2020,11,5,11/5/2020,3,14.389,98.75,1.138,491.24493495572017,0.621667697
11/5/2020 3:00,2020,11,5,11/5/2020,4,12.877,99.893,1.108,491.20553446358826,0.621617836
11/5/2020 4:00,2020,11,5,11/5/2020,5,11.34,100.595,1.08,491.1661451448669,0.621567989
11/5/2020 5:00,2020,11,5,11/5/2020,6,10.785,99.015,1.08,491.12676701982053,0.621518156
11/5/2020 6:00,2020,11,5,11/5/2020,7,8.832,99.71,1.08,491.0874001087075,0.621468337
11/5/2020 7:00,2020,11,5,11/5/2020,8,8.508,100.581,1.08,521.9244338914729,0.66049243
11/5/2020 8:00,2020,11,5,11/5/2020,9,8.642,101.728,1.08,596.4272876596816,0.754775371
11/5/2020 9:00,2020,11,5,11/5/2020,10,7.364,101.314,1.08,670.9301527025647,0.849058327
11/5/2020 10:00,2020,11,5,11/5/2020,11,8.475,100.968,1.08,701.7672203093463,0.888082463
11/5/2020 11:00,2020,11,5,11/5/2020,12,8.801,99.674,1.08,701.7279097715748,0.888032715
11/5/2020 12:00,2020,11,5,11/5/2020,13,9.57,99.833,1.08,701.6886105691659,0.887982982
11/5/2020 13:00,2020,11,5,11/5/2020,14,10.89,100.317,1.08,701.6493227223375,0.887933264
11/5/2020 14:00,2020,11,5,11/5/2020,15,11.722,102.377,1.084,701.6100462513017,0.88788356
11/5/2020 15:00,2020,11,5,11/5/2020,16,12.777,100.885,1.106,701.5707811762645,0.88783387
11/5/2020 16:00,2020,11,5,11/5/2020,17,14.74,99.182,1.145,701.5315275174264,0.887784195
11/5/2020 17:00,2020,11,5,11/5/2020,18,14.635,99.453,1.143,701.4922852949817,0.887734534
11/5/2020 18:00,2020,11,5,11/5/2020,19,16.54,99.565,1.181,701.4530545291188,0.887684888
11/5/2020 19:00,2020,11,5,11/5/2020,20,16.886,100.735,1.188,635.8200473686638,0.804626687
11/5/2020 20:00,2020,11,5,11/5/2020,21,16.899,98.962,1.188,570.1870517,0.721568501
11/5/2020 21:00,2020,11,5,11/5/2020,22,18.422,98.303,1.211,570.1478554301054,0.721518898
11/5/2020 22:00,2020,11,5,11/5/2020,23,18.043,100.543,1.21,570.1086706923381,0.72146931
11/5/2020 23:00,2020,11,5,11/5/2020,24,17.286,101.317,1.196,530.2446977329687,0.671021677
11/6/2020 0:00,2020,11,6,11/6/2020,1,15.9,101.582,1.168,490.3807363511884,0.620574058
11/6/2020 1:00,2020,11,6,11/6/2020,2,13.466,100.257,1.119,490.3415863461824,0.620524514
11/6/2020 2:00,2020,11,6,11/6/2020,3,15.98,100.835,1.17,490.3024479590538,0.620474985
11/6/2020 3:00,2020,11,6,11/6/2020,4,12.358,99.513,1.097,490.26332120993754,0.62042547
11/6/2020 4:00,2020,11,6,11/6/2020,5,11.781,100.544,1.086,490.22420611896285,0.62037597
11/6/2020 5:00,2020,11,6,11/6/2020,6,11.239,100.716,1.08,490.18510270625296,0.620326485
11/6/2020 6:00,2020,11,6,11/6/2020,7,8.46,100.088,1.08,490.14601099192487,0.620277015
11/6/2020 7:00,2020,11,6,11/6/2020,8,8.963,98.932,1.08,520.9833204557821,0.659301456
11/6/2020 8:00,2020,11,6,11/6/2020,9,7.605,100.553,1.08,595.4864503892478,0.753584747
11/6/2020 9:00,2020,11,6,11/6/2020,10,7.862,101.732,1.08,669.9895920814108,0.847868053
11/6/2020 10:00,2020,11,6,11/6/2020,11,7.903,100.914,1.08,700.8269368213532,0.886892539
11/6/2020 11:00,2020,11,6,11/6/2020,12,8.317,101.187,1.08,700.7879039004806,0.886843143
11/6/2020 12:00,2020,11,6,11/6/2020,13,9.134,100.272,1.08,700.7488827985658,0.886793762
11/6/2020 13:00,2020,11,6,11/6/2020,14,11.073,101.7,1.08,700.7098735356838,0.886744396
11/6/2020 14:00,2020,11,6,11/6/2020,15,11.929,102.132,1.089,700.6708761319032,0.886695045
11/6/2020 15:00,2020,11,6,11/6/2020,16,13.113,101.873,1.112,700.6318906072867,0.886645709
11/6/2020 16:00,2020,11,6,11/6/2020,17,15.969,101.279,1.169,700.5929169818907,0.886596388
11/6/2020 17:00,2020,11,6,11/6/2020,18,16.043,103.121,1.171,700.5539552757655,0.886547083
11/6/2020 18:00,2020,11,6,11/6/2020,19,16.665,102.733,1.183,700.5150055089555,0.886497792
11/6/2020 19:00,2020,11,6,11/6/2020,20,17.62,102.823,1.202,634.8822798301417,0.803439947
11/6/2020 20:00,2020,11,6,11/6/2020,21,19.673,102.129,1.214,569.2495661307131,0.720382118
11/6/2020 21:00,2020,11,6,11/6/2020,22,16.939,100.697,1.189,569.2106523020523,0.720332873
11/6/2020 22:00,2020,11,6,11/6/2020,23,18.212,100.111,1.21,569.1717504928222,0.720283643
11/6/2020 23:00,2020,11,6,11/6/2020,24,17.152,98.504,1.193,529.3080609439978,0.669836368
11/7/2020 0:00,2020,11,7,11/7/2020,1,17.33,100.873,1.197,489.4443834546245,0.619389109
11/7/2020 1:00,2020,11,7,11/7/2020,2,15.486,101.448,1.16,489.4055178237416,0.619339925
11/7/2020 2:00,2020,11,7,11/7/2020,3,13.472,100.656,1.119,489.36666429230564,0.619290756
11/7/2020 3:00,2020,11,7,11/7/2020,4,12.706,99.132,1.104,489.32782288030535,0.619241602
11/7/2020 4:00,2020,11,7,11/7/2020,5,10.684,97.868,1.08,489.28899360772294,0.619192464
11/7/2020 5:00,2020,11,7,11/7/2020,6,10.474,100.768,1.08,489.25017649453457,0.619143341
11/7/2020 6:00,2020,11,7,11/7/2020,7,7.519,100.007,1.08,489.2113715607102,0.619094234
11/7/2020 7:00,2020,11,7,11/7/2020,8,8.718,100.054,1.08,520.0489682859054,0.658119039
11/7/2020 8:00,2020,11,7,11/7/2020,9,7.056,101.319,1.08,594.552386,0.752402694
11/7/2020 9:00,2020,11,7,11/7/2020,10,8.884,101.036,1.08,669.0558158761223,0.846686365
11/7/2020 10:00,2020,11,7,11/7/2020,11,9.484,102.098,1.08,699.8934493190186,0.885711216
11/7/2020 11:00,2020,11,7,11/7/2020,12,7.211,102.667,1.08,699.8547055813416,0.885662186
11/7/2020 12:00,2020,11,7,11/7/2020,13,7.498,103.148,1.08,699.8159741427157,0.885613172
11/7/2020 13:00,2020,11,7,11/7/2020,14,9.912,102.455,1.08,699.7772550230666,0.885564173
11/7/2020 14:00,2020,11,7,11/7/2020,15,11.959,99.108,1.089,699.7385482423135,0.88551519
11/7/2020 15:00,2020,11,7,11/7/2020,16,14.44,101.883,1.139,699.6998538203699,0.885466222
11/7/2020 16:00,2020,11,7,11/7/2020,17,14.447,103.237,1.139,699.6611717771424,0.88541727
11/7/2020 17:00,2020,11,7,11/7/2020,18,14.602,101.623,1.142,699.6225021325312,0.885368334
11/7/2020 18:00,2020,11,7,11/7/2020,19,16.495,102.476,1.18,699.5838449064304,0.885319413
11/7/2020 19:00,2020,11,7,11/7/2020,20,16.826,101.999,1.187,633.9514122473706,0.80226194
11/7/2020 20:00,2020,11,7,11/7/2020,21,17.279,98.134,1.196,568.318992,0.719204482
11/7/2020 21:00,2020,11,7,11/7/2020,22,17.583,99.871,1.202,568.2803721953203,0.719155609
11/7/2020 22:00,2020,11,7,11/7/2020,23,17.746,100.409,1.205,568.2417648420729,0.719106751
11/7/2020 23:00,2020,11,7,11/7/2020,24,17.589,99.573,1.202,528.3783702276717,0.66865985
11/8/2020 0:00,2020,11,8,11/8/2020,1,16.796,100.046,1.186,488.51498815101013,0.618212965
11/8/2020 1:00,2020,11,8,11/8/2020,2,15.399,99.512,1.158,488.4764184109755,0.618164155
11/8/2020 2:00,2020,11,8,11/8/2020,3,14.902,101.6,1.148,488.43786124837226,0.618115361
11/8/2020 3:00,2020,11,8,11/8/2020,4,12.679,98.805,1.104,488.3993166830365,0.618066583
11/8/2020 4:00,2020,11,8,11/8/2020,5,12.481,99.988,1.1,488.36078473479785,0.618017821
11/8/2020 5:00,2020,11,8,11/8/2020,6,10.962,100.874,1.08,488.32226542347945,0.617969075
11/8/2020 6:00,2020,11,8,11/8/2020,7,8.965,100.767,1.08,488.2837588,0.617920345
11/8/2020 7:00,2020,11,8,11/8/2020,8,8.185,99.284,1.08,519.1216542505557,0.656945528
11/8/2020 8:00,2020,11,8,11/8/2020,9,7.375,101.75,1.08,593.6253711595747,0.751229562
11/8/2020 9:00,2020,11,8,11/8/2020,10,8.626,100.924,1.08,668.1291007847414,0.845513612
11/8/2020 10:00,2020,11,8,11/8/2020,11,8.424,100.774,1.08,698.9670344148358,0.884538843
11/8/2020 11:00,2020,11,8,11/8/2020,12,8.144,100.878,1.08,698.9285913,0.884490194
11/8/2020 12:00,2020,11,8,11/8/2020,13,8.798,100.839,1.08,698.8901610425839,0.88444156
11/8/2020 13:00,2020,11,8,11/8/2020,14,11.481,102.554,1.08,698.8517435394785,0.884392943
11/8/2020 14:00,2020,11,8,11/8/2020,15,11.801,102.006,1.086,698.8133388514076,0.884344342
11/8/2020 15:00,2020,11,8,11/8/2020,16,12.719,103.943,1.104,698.7749469981292,0.884295758
11/8/2020 16:00,2020,11,8,11/8/2020,17,12.606,102.268,1.102,698.7365679993943,0.884247189
11/8/2020 17:00,2020,11,8,11/8/2020,18,15.134,102.669,1.153,698.6982018749475,0.884198637
11/8/2020 18:00,2020,11,8,11/8/2020,19,16.77,101.875,1.185,698.6598486445262,0.884150101
11/8/2020 19:00,2020,11,8,11/8/2020,20,17.204,102.356,1.194,633.0277204565052,0.801093013
11/8/2020 20:00,2020,11,8,11/8/2020,21,16.782,97.962,1.186,567.3956052019655,0.718035941
11/8/2020 21:00,2020,11,8,11/8/2020,22,17.304,99.669,1.196,567.3572907719822,0.717987454
11/8/2020 22:00,2020,11,8,11/8/2020,23,16.897,99.854,1.188,567.3189893149097,0.717938984
11/8/2020 23:00,2020,11,8,11/8/2020,24,17.562,99.37,1.201,527.4559010714142,0.66749247
11/9/2020 0:00,2020,11,9,11/9/2020,1,15.286,100.312,1.156,487.59282584023185,0.617045973
11/9/2020 1:00,2020,11,9,11/9/2020,2,15.619,100.602,1.162,487.5545634200919,0.616997552
11/9/2020 2:00,2020,11,9,11/9/2020,3,13.725,100.155,1.124,487.51631405164073,0.616949148
11/9/2020 3:00,2020,11,9,11/9/2020,4,12.256,99.902,1.095,487.47807775455607,0.61690076
11/9/2020 4:00,2020,11,9,11/9/2020,5,11.312,100.2,1.08,487.4398545,0.616852389
11/9/2020 5:00,2020,11,9,11/9/2020,6,9.682,100.922,1.08,487.40164445316384,0.616804034
11/9/2020 6:00,2020,11,9,11/9/2020,7,8.667,99.871,1.08,487.3634474881781,0.616755696
11/9/2020 7:00,2020,11,9,11/9/2020,8,8.842,100.846,1.08,518.2016531328948,0.655781272
11/9/2020 8:00,2020,11,9,11/9/2020,9,7.959,102.401,1.08,592.7056806782764,0.750065699
11/9/2020 9:00,2020,11,9,11/9/2020,10,6.802,102.339,1.08,667.2097214129496,0.844350143
11/9/2020 10:00,2020,11,9,11/9/2020,11,7.532,102.18,1.08,698.0479666255342,0.883375768
11/9/2020 11:00,2020,11,9,11/9/2020,12,8.813,103.434,1.08,698.0098356069723,0.883327513
11/9/2020 12:00,2020,11,9,11/9/2020,13,9.468,102.661,1.08,697.9717178365729,0.883279276
11/9/2020 13:00,2020,11,9,11/9/2020,14,9.337,101.156,1.08,697.9336133339464,0.883231055
11/9/2020 14:00,2020,11,9,11/9/2020,15,13.021,100.789,1.11,697.8955221186957,0.88318285
11/9/2020 15:00,2020,11,9,11/9/2020,16,12.581,101.811,1.102,697.8574442104173,0.883134663
11/9/2020 16:00,2020,11,9,11/9/2020,17,14.06,102.602,1.131,697.8193796287006,0.883086492
11/9/2020 17:00,2020,11,9,11/9/2020,18,15.17,101.348,1.153,697.7813283931285,0.883038339
11/9/2020 18:00,2020,11,9,11/9/2020,19,16.358,102.882,1.177,697.7432905232769,0.882990202
11/9/2020 19:00,2020,11,9,11/9/2020,20,17.262,102.433,1.195,632.1114781673577,0.799933513
11/9/2020 20:00,2020,11,9,11/9/2020,21,18.538,99.455,1.211,566.4796792162899,0.716876842
11/9/2020 21:00,2020,11,9,11/9/2020,22,17.88,98.816,1.208,566.4416815609857,0.716828756
11/9/2020 22:00,2020,11,9,11/9/2020,23,18.344,101.267,1.211,566.4036973496361,0.716780687
11/9/2020 23:00,2020,11,9,11/9/2020,24,16.562,100.243,1.181,526.5409268227448,0.666334576
11/10/2020 0:00,2020,11,10,11/10/2020,1,16.203,98.763,1.174,486.6781697788842,0.615888481
11/10/2020 1:00,2020,11,10,11/10/2020,2,14.454,99.363,1.139,486.64022601661975,0.615840464
11/10/2020 2:00,2020,11,10,11/10/2020,3,15.301,99.903,1.156,486.60229577643406,0.615792463
11/10/2020 3:00,2020,11,10,11/10/2020,4,13.923,102.263,1.128,486.56437907784056,0.61574448
11/10/2020 4:00,2020,11,10,11/10/2020,5,11.705,101.822,1.084,486.5264759403459,0.615696514
11/10/2020 5:00,2020,11,10,11/10/2020,6,9.013,98.835,1.08,486.48858638344984,0.615648565
11/10/2020 6:00,2020,11,10,11/10/2020,7,10.311,100.466,1.08,486.4507104266449,0.615600633
11/10/2020 7:00,2020,11,10,11/10/2020,8,7.802,99.09,1.08,517.2892375491091,0.654626615
11/10/2020 8:00,2020,11,10,11/10/2020,9,7.456,103.375,1.08,591.7935870416394,0.748911449
11/10/2020 9:00,2020,11,10,11/10/2020,10,7.582,102.614,1.08,666.2979501926967,0.843196301
11/10/2020 10:00,2020,11,10,11/10/2020,11,7.019,100.646,1.08,697.1365182907352,0.882222335
11/10/2020 11:00,2020,11,10,11/10/2020,12,7.321,101.235,1.08,697.0987106265309,0.88217449
11/10/2020 12:00,2020,11,10,11/10/2020,13,8.594,101.917,1.08,697.0609166792264,0.882126662
11/10/2020 13:00,2020,11,10,11/10/2020,14,10.122,101.482,1.08,697.0231364682651,0.882078851
11/10/2020 14:00,2020,11,10,11/10/2020,15,11.749,102.425,1.085,696.9853700130835,0.882031058
11/10/2020 15:00,2020,11,10,11/10/2020,16,13.858,100.425,1.127,696.9476173,0.881983282
11/10/2020 16:00,2020,11,10,11/10/2020,17,15.028,102.83,1.151,696.9098784477699,0.881935524
11/10/2020 17:00,2020,11,10,11/10/2020,18,17.46,100.825,1.199,696.8721534,0.881887783
11/10/2020 18:00,2020,11,10,11/10/2020,19,16.229,100.137,1.175,696.8344421386347,0.88184006
11/10/2020 19:00,2020,11,10,11/10/2020,20,17.69,101.982,1.204,631.2029568822927,0.798783785
11/10/2020 20:00,2020,11,10,11/10/2020,21,16.978,101.403,1.19,565.5714855,0.715727528
11/10/2020 21:00,2020,11,10,11/10/2020,22,19.471,100.096,1.213,565.5338159,0.715679857
11/10/2020 22:00,2020,11,10,11/10/2020,23,17.847,100.941,1.207,565.4961601670154,0.715632204
11/10/2020 23:00,2020,11,10,11/10/2020,24,16.978,99.072,1.19,525.6337186082803,0.665186509
11/11/2020 0:00,2020,11,11,11/11/2020,1,17.494,100.056,1.2,485.771291,0.614740831
11/11/2020 1:00,2020,11,11,11/11/2020,2,14.31,100.095,1.136,485.73367713846477,0.614693231
11/11/2020 2:00,2020,11,11,11/11/2020,3,14.119,99.402,1.132,485.6960772660932,0.614645649
11/11/2020 3:00,2020,11,11,11/11/2020,4,13.358,100.214,1.117,485.65849140152693,0.614598084
11/11/2020 4:00,2020,11,11,11/11/2020,5,12.374,100.002,1.097,485.62091956410245,0.614550537
11/11/2020 5:00,2020,11,11,11/11/2020,6,9.136,100.582,1.08,485.5833617731489,0.614503008
11/11/2020 6:00,2020,11,11,11/11/2020,7,9.339,98.702,1.08,485.5458180479883,0.614455497
11/11/2020 7:00,2020,11,11,11/11/2020,8,7.65,99.987,1.08,516.3846778676276,0.6534819
11/11/2020 8:00,2020,11,11,11/11/2020,9,7.939,98.078,1.08,590.8893605226925,0.747767156
11/11/2020 9:00,2020,11,11,11/11/2020,10,7.715,99.735,1.08,665.3940573014729,0.84205243
11/11/2020 10:00,2020,11,11,11/11/2020,11,7.653,99.688,1.08,696.2329594922511,0.881078887
11/11/2020 11:00,2020,11,11,11/11/2020,12,8.817,99.206,1.08,696.1954864,0.881031465
11/11/2020 12:00,2020,11,11,11/11/2020,13,10.203,100.161,1.08,696.1580274605835,0.880984061
11/11/2020 13:00,2020,11,11,11/11/2020,14,9.82,99.325,1.08,696.1205827363794,0.880936675
11/11/2020 14:00,2020,11,11,11/11/2020,15,12.179,99.141,1.094,696.0831522322829,0.880889306
11/11/2020 15:00,2020,11,11,11/11/2020,16,13.82,98.872,1.126,696.0457359675502,0.880841956
11/11/2020 16:00,2020,11,11,11/11/2020,17,14.21,98.835,1.134,696.0083339614307,0.880794624
11/11/2020 17:00,2020,11,11,11/11/2020,18,13.809,100.924,1.126,695.9709462331658,0.88074731
11/11/2020 18:00,2020,11,11,11/11/2020,19,15.788,98.73,1.166,695.9335728019904,0.880700015
11/11/2020 19:00,2020,11,11,11/11/2020,20,17.739,99.996,1.205,630.3024258157747,0.797644168
11/11/2020 20:00,2020,11,11,11/11/2020,21,17.34,100.825,1.197,564.6712932,0.714588339
11/11/2020 21:00,2020,11,11,11/11/2020,22,17.795,100.186,1.206,564.6339627405209,0.714541098
11/11/2020 22:00,2020,11,11,11/11/2020,23,18.642,98.343,1.211,564.5966466899006,0.714493875
11/11/2020 23:00,2020,11,11,11/11/2020,24,18.088,98.971,1.21,524.7345452533934,0.66404861
11/12/2020 0:00,2020,11,12,11/12/2020,1,16.399,98.805,1.178,484.8724582292278,0.613603363
11/12/2020 1:00,2020,11,12,11/12/2020,2,15.114,99.535,1.152,484.83518541562444,0.613556195
11/12/2020 2:00,2020,11,12,11/12/2020,3,14.314,100.414,1.136,484.79792705272075,0.613509045
11/12/2020 3:00,2020,11,12,11/12/2020,4,14.103,99.361,1.132,484.76068315968456,0.613461913
11/12/2020 4:00,2020,11,12,11/12/2020,5,11.152,98.906,1.08,484.7234537556765,0.613414799
11/12/2020 5:00,2020,11,12,11/12/2020,6,10.909,100.295,1.08,484.6862388598495,0.613367704
11/12/2020 6:00,2020,11,12,11/12/2020,7,9.848,99.527,1.08,484.64903849134913,0.613320627
11/12/2020 7:00,2020,11,12,11/12/2020,8,9.201,100.746,1.08,515.4882421290058,0.652347465
11/12/2020 8:00,2020,11,12,11/12/2020,9,8.497,100.508,1.08,589.9932690632684,0.746633157
11/12/2020 9:00,2020,11,12,11/12/2020,10,8.374,100.215,1.08,664.4983105822496,0.840918867
11/12/2020 10:00,2020,11,12,11/12/2020,11,9.021,100.168,1.08,695.3375579740541,0.879945761
11/12/2020 11:00,2020,11,12,11/12/2020,12,7.776,99.042,1.08,695.3004305291087,0.879898777
11/12/2020 12:00,2020,11,12,11/12/2020,13,8.73,99.661,1.08,695.2633177262061,0.879851811
11/12/2020 13:00,2020,11,12,11/12/2020,14,10.979,100.711,1.08,695.2262195844393,0.879804863
11/12/2020 14:00,2020,11,12,11/12/2020,15,12.884,101.6,1.108,695.1891361228938,0.879757934
11/12/2020 15:00,2020,11,12,11/12/2020,16,12.72,99.839,1.104,695.1520673606476,0.879711024
11/12/2020 16:00,2020,11,12,11/12/2020,17,13.133,101.748,1.113,695.1150133167712,0.879664132
11/12/2020 17:00,2020,11,12,11/12/2020,18,14.49,98.874,1.14,695.0779740103272,0.879617259
11/12/2020 18:00,2020,11,12,11/12/2020,19,16.5,98.934,1.18,695.0409495,0.879570405
11/12/2020 19:00,2020,11,12,11/12/2020,20,16.766,101.078,1.185,629.4101518145933,0.796515
11/12/2020 20:00,2020,11,12,11/12/2020,21,17.507,100.367,1.2,563.7793689633909,0.713459614
11/12/2020 21:00,2020,11,12,11/12/2020,22,18.645,100.041,1.211,563.7423887971534,0.713412816
11/12/2020 22:00,2020,11,12,11/12/2020,23,18.346,99.675,1.211,563.7054234635484,0.713366037
11/12/2020 23:00,2020,11,12,11/12/2020,24,17.145,100.632,1.193,523.8436732025554,0.662921216
11/13/2020 0:00,2020,11,13,11/13/2020,1,16.758,98.546,1.185,483.9819378122216,0.612476415
11/13/2020 1:00,2020,11,13,11/13/2020,2,15.369,101.625,1.157,483.9450170905873,0.612429692
11/13/2020 2:00,2020,11,13,11/13/2020,3,13.86,99.84,1.127,483.9081112776085,0.612382988
11/13/2020 3:00,2020,11,13,11/13/2020,4,14.324,100.863,1.136,483.87122039227165,0.612336303
11/13/2020 4:00,2020,11,13,11/13/2020,5,10.44,99.415,1.08,483.8343444535559,0.612289636
11/13/2020 5:00,2020,11,13,11/13/2020,6,9.166,99.427,1.08,483.7974834804323,0.612242989
11/13/2020 6:00,2020,11,13,11/13/2020,7,8.775,100.317,1.08,483.76063749186426,0.612196361
11/13/2020 7:00,2020,11,13,11/13/2020,8,7.377,100.259,1.08,514.600196,0.651223648
11/13/2020 8:00,2020,11,13,11/13/2020,9,7.737,100.247,1.08,589.1055781946056,0.745509789
11/13/2020 9:00,2020,11,13,11/13/2020,10,9.381,103.744,1.08,663.6109754641112,0.83979595
11/13/2020 10:00,2020,11,13,11/13/2020,11,8.63,103.308,1.08,694.4505790629385,0.878823294
11/13/2020 11:00,2020,11,13,11/13/2020,12,9.135,102.631,1.08,694.4138083,0.878776761
11/13/2020 12:00,2020,11,13,11/13/2020,13,9.423,102.071,1.08,694.3770525978977,0.878730247
11/13/2020 13:00,2020,11,13,11/13/2020,14,9.046,101.205,1.08,694.3403120315481,0.878683752
11/13/2020 14:00,2020,11,13,11/13/2020,15,9.947,103.768,1.08,694.3035866011837,0.878637276
11/13/2020 15:00,2020,11,13,11/13/2020,16,13.62,102.523,1.122,694.2668763256984,0.87859082
11/13/2020 16:00,2020,11,13,11/13/2020,17,13.749,102.692,1.125,694.2301812,0.878544382
11/13/2020 17:00,2020,11,13,11/13/2020,18,15.024,101.585,1.15,694.1935013149007,0.878497964
11/13/2020 18:00,2020,11,13,11/13/2020,19,16.39,102.747,1.178,694.1568366173369,0.878451565
11/13/2020 19:00,2020,11,13,11/13/2020,20,16.153,101.609,1.173,628.5263993,0.795396616
11/13/2020 20:00,2020,11,13,11/13/2020,21,17.403,100.084,1.198,562.8959771894779,0.712341687
11/13/2020 21:00,2020,11,13,11/13/2020,22,17.153,100.757,1.193,562.8593582395981,0.712295346
11/13/2020 22:00,2020,11,13,11/13/2020,23,18.365,99.19,1.211,562.8227545766349,0.712249024
11/13/2020 23:00,2020,11,13,11/13/2020,24,18.247,99.531,1.211,522.9613664403812,0.661804662
11/14/2020 0:00,2020,11,14,11/14/2020,1,17.717,100.106,1.204,483.09999362869814,0.61136032
11/14/2020 1:00,2020,11,14,11/14/2020,2,15.25,102.043,1.155,483.0634359394394,0.611314056
11/14/2020 2:00,2020,11,14,11/14/2020,3,13.772,99.71,1.125,483.02689361237435,0.611267812
11/14/2020 3:00,2020,11,14,11/14/2020,4,14.312,100.596,1.136,482.99036666630246,0.611221587
11/14/2020 4:00,2020,11,14,11/14/2020,5,12.22,99.753,1.094,482.95385512001553,0.611175382
11/14/2020 5:00,2020,11,14,11/14/2020,6,10.597,99.512,1.08,482.91735899229707,0.611129196
11/14/2020 6:00,2020,11,14,11/14/2020,7,9.843,98.822,1.08,482.8808783,0.61108303
11/14/2020 7:00,2020,11,14,11/14/2020,8,8.245,99.881,1.08,513.7208025273534,0.650110781
11/14/2020 8:00,2020,11,14,11/14/2020,9,8.277,102.085,1.08,588.2265509586664,0.744397385
11/14/2020 9:00,2020,11,14,11/14/2020,10,9.875,102.61,1.08,662.7323148836036,0.83868401
11/14/2020 10:00,2020,11,14,11/14/2020,11,9.338,103.037,1.08,693.5722855898983,0.877711819
11/14/2020 11:00,2020,11,14,11/14/2020,12,8.475,102.006,1.08,693.5358823676046,0.877665751
11/14/2020 12:00,2020,11,14,11/14/2020,13,9.615,102.572,1.08,693.4994947,0.877619702
11/14/2020 13:00,2020,11,14,11/14/2020,14,10.098,102.826,1.08,693.4631225912334,0.877573674
11/14/2020 14:00,2020,11,14,11/14/2020,15,11.484,101.007,1.08,693.4267660745877,0.877527665
11/14/2020 15:00,2020,11,14,11/14/2020,16,13.052,102.344,1.111,693.3904251639101,0.877481676
11/14/2020 16:00,2020,11,14,11/14/2020,17,13.959,99.988,1.129,693.3540998778964,0.877435706
11/14/2020 17:00,2020,11,14,11/14/2020,18,16.413,101.24,1.178,693.3177902352345,0.877389756
11/14/2020 18:00,2020,11,14,11/14/2020,19,16.333,103.92,1.177,693.2814962546042,0.877343827
11/14/2020 19:00,2020,11,14,11/14/2020,20,17.076,101.884,1.192,627.6514300833205,0.794289348
11/14/2020 20:00,2020,11,14,11/14/2020,21,17.072,101.273,1.191,562.0213796,0.711234889
11/14/2020 21:00,2020,11,14,11/14/2020,22,17.898,101.171,1.208,561.9851327288671,0.711189018
11/14/2020 22:00,2020,11,14,11/14/2020,23,16.591,100.411,1.182,561.9489015830007,0.711143168
11/14/2020 23:00,2020,11,14,11/14/2020,24,16.523,100.12,1.18,522.0878864134062,0.660699278
11/15/2020 0:00,2020,11,15,11/15/2020,1,17.924,101.142,1.208,482.2268870177528,0.610255408
11/15/2020 1:00,2020,11,15,11/15/2020,2,15.356,101.308,1.157,482.1907032,0.610209618
11/15/2020 2:00,2020,11,15,11/15/2020,3,14.525,100.805,1.141,482.15453518083086,0.610163847
11/15/2020 3:00,2020,11,15,11/15/2020,4,13.009,98.972,1.11,482.1183829977464,0.610118097
11/15/2020 4:00,2020,11,15,11/15/2020,5,10.613,101.071,1.08,482.0822466630473,0.610072366
11/15/2020 5:00,2020,11,15,11/15/2020,6,9.807,100.15,1.08,482.04612619532435,0.610026656
11/15/2020 6:00,2020,11,15,11/15/2020,7,8.948,101.817,1.08,482.0100216131601,0.609980966
11/15/2020 7:00,2020,11,15,11/15/2020,8,7.503,100.349,1.08,512.8503223948212,0.649009193
11/15/2020 8:00,2020,11,15,11/15/2020,9,8.02,103.18,1.08,587.3564478,0.743296275
11/15/2020 9:00,2020,11,15,11/15/2020,10,7.143,102.517,1.08,661.8625892068201,0.837583377
11/15/2020 10:00,2020,11,15,11/15/2020,11,8.013,102.218,1.08,692.7029378122445,0.876611664
11/15/2020 11:00,2020,11,15,11/15/2020,12,9.101,103.353,1.08,692.6669129363253,0.876566075
11/15/2020 12:00,2020,11,15,11/15/2020,13,9.855,103.293,1.08,692.6309040572879,0.876520506
11/15/2020 13:00,2020,11,15,11/15/2020,14,10.682,101.575,1.08,692.5949111936577,0.876474957
11/15/2020 14:00,2020,11,15,11/15/2020,15,10.704,103.167,1.08,692.5589343639513,0.876429429
11/15/2020 15:00,2020,11,15,11/15/2020,16,11.693,102.91,1.084,692.5229735866775,0.87638392
11/15/2020 16:00,2020,11,15,11/15/2020,17,14.114,103.029,1.132,692.4870288803365,0.876338433
11/15/2020 17:00,2020,11,15,11/15/2020,18,15.517,101.967,1.16,692.4511002634208,0.876292965
11/15/2020 18:00,2020,11,15,11/15/2020,19,16.722,100.475,1.184,692.4151877544139,0.876247518
11/15/2020 19:00,2020,11,15,11/15/2020,20,16.097,102.017,1.172,626.7855035004344,0.793193523
11/15/2020 20:00,2020,11,15,11/15/2020,21,18.759,100.628,1.212,561.1558353913066,0.710139547
11/15/2020 21:00,2020,11,15,11/15/2020,22,18.758,100.637,1.212,561.1199713168463,0.710094162
11/15/2020 22:00,2020,11,15,11/15/2020,23,16.963,99.889,1.189,561.0841234241473,0.710048796
11/15/2020 23:00,2020,11,15,11/15/2020,24,17.278,99.434,1.196,521.2234919526137,0.659605392
11/16/2020 0:00,2020,11,16,11/16/2020,1,16.112,102.231,1.172,481.3628766997176,0.609162008
11/16/2020 1:00,2020,11,16,11/16/2020,2,14.636,101.291,1.143,481.3270774629228,0.609116704
11/16/2020 2:00,2020,11,16,11/16/2020,3,14.19,99.322,1.134,481.2912944816083,0.609071421
11/16/2020 3:00,2020,11,16,11/16/2020,4,12.615,99.474,1.102,481.25552777418324,0.609026158
11/16/2020 4:00,2020,11,16,11/16/2020,5,11.832,97.979,1.087,481.21977735904795,0.608980916
11/16/2020 5:00,2020,11,16,11/16/2020,6,10.997,99.67,1.08,481.1840432545946,0.608935695
11/16/2020 6:00,2020,11,16,11/16/2020,7,10.598,100.486,1.08,481.14832547920713,0.608890494
11/16/2020 7:00,2020,11,16,11/16/2020,8,8.39,100.278,1.08,511.9890135,0.647919211
11/16/2020 8:00,2020,11,16,11/16/2020,9,8.325,101.547,1.08,586.4955266395175,0.742206784
11/16/2020 9:00,2020,11,16,11/16/2020,10,7.417,103.818,1.08,661.0020561522485,0.836494377
11/16/2020 10:00,2020,11,16,11/16/2020,11,10.277,102.926,1.08,691.8427933364858,0.875523156
11/16/2020 11:00,2020,11,16,11/16/2020,12,8.308,103.383,1.08,691.8071574818891,0.875478059
11/16/2020 12:00,2020,11,16,11/16/2020,13,9.735,101.544,1.08,691.7715380664841,0.875432983
11/16/2020 13:00,2020,11,16,11/16/2020,14,11.27,103.389,1.08,691.7359351085954,0.875387928
11/16/2020 14:00,2020,11,16,11/16/2020,15,11.898,103.181,1.088,691.7003486265394,0.875342893
11/16/2020 15:00,2020,11,16,11/16/2020,16,12.949,99.819,1.109,691.6647786386238,0.87529788
11/16/2020 16:00,2020,11,16,11/16/2020,17,12.501,99.366,1.1,691.6292251631481,0.875252887
11/16/2020 17:00,2020,11,16,11/16/2020,18,15.875,101.905,1.167,691.5936882184029,0.875207915
11/16/2020 18:00,2020,11,16,11/16/2020,19,16.239,102.367,1.175,691.5581678226708,0.875162964
11/16/2020 19:00,2020,11,16,11/16/2020,20,16.139,100.767,1.173,625.9288761228686,0.792109465
11/16/2020 20:00,2020,11,16,11/16/2020,21,18.53,100.247,1.211,560.2996010086183,0.709055988
11/16/2020 21:00,2020,11,16,11/16/2020,22,17.757,100.413,1.205,560.2641303695337,0.7090111
11/16/2020 22:00,2020,11,16,11/16/2020,23,18.789,98.53,1.212,560.2286763525065,0.708966233
11/16/2020 23:00,2020,11,16,11/16/2020,24,16.14,99.613,1.173,520.3684391967377,0.658523327
11/17/2020 0:00,2020,11,17,11/17/2020,1,16.946,99.997,1.189,480.5082186994967,0.608080443
11/17/2020 1:00,2020,11,17,11/17/2020,2,15.197,99.93,1.154,480.4728146580443,0.608035639
11/17/2020 2:00,2020,11,17,11/17/2020,3,14.283,100.665,1.136,480.4374273115562,0.607990857
11/17/2020 3:00,2020,11,17,11/17/2020,4,11.838,99.804,1.087,480.4020566782377,0.607946096
11/17/2020 4:00,2020,11,17,11/17/2020,5,11.643,99.391,1.083,480.36670277628576,0.607901355
11/17/2020 5:00,2020,11,17,11/17/2020,6,10.502,101.967,1.08,480.33136562388853,0.607856636
11/17/2020 6:00,2020,11,17,11/17/2020,7,8.552,100.14,1.08,480.2960452392254,0.607811939
11/17/2020 7:00,2020,11,17,11/17/2020,8,8.174,100.061,1.08,511.1371311001596,0.646841159
11/17/2020 8:00,2020,11,17,11/17/2020,9,8.65,102.342,1.08,585.6440424961718,0.741129235
11/17/2020 9:00,2020,11,17,11/17/2020,10,8.454,103.58,1.08,660.1509707,0.835417333
11/17/2020 10:00,2020,11,17,11/17/2020,11,7.375,100.974,1.08,690.9921070419937,0.874446617
11/17/2020 11:00,2020,11,17,11/17/2020,12,8.386,101.228,1.08,690.9568707683925,0.874402026
11/17/2020 12:00,2020,11,17,11/17/2020,13,9.61,102.886,1.08,690.9216513714214,0.874357456
11/17/2020 13:00,2020,11,17,11/17/2020,14,10.047,103.414,1.08,690.8864488691991,0.874312908
11/17/2020 14:00,2020,11,17,11/17/2020,15,11.765,101.807,1.085,690.8512632798361,0.874268381
11/17/2020 15:00,2020,11,17,11/17/2020,16,11.706,100.698,1.084,690.8160946214339,0.874223875
11/17/2020 16:00,2020,11,17,11/17/2020,17,13.849,103.058,1.127,690.7809429120853,0.87417939
11/17/2020 17:00,2020,11,17,11/17/2020,18,16.752,100.967,1.185,690.7458081698745,0.874134928
11/17/2020 18:00,2020,11,17,11/17/2020,19,16.887,102.834,1.188,690.7106904,0.874090486
11/17/2020 19:00,2020,11,17,11/17/2020,20,16.429,101.757,1.179,625.0818017878024,0.791037498
11/17/2020 20:00,2020,11,17,11/17/2020,21,17.134,100.691,1.193,559.4529301840657,0.70798453
11/17/2020 21:00,2020,11,17,11/17/2020,22,17.821,99.977,1.206,559.4178634910729,0.707940154
11/17/2020 22:00,2020,11,17,11/17/2020,23,18.33,101.698,1.211,559.3828138555075,0.707895799
11/17/2020 23:00,2020,11,17,11/17/2020,24,17.906,99.987,1.208,519.5229815163632,0.657453405
11/18/2020 0:00,2020,11,18,11/18/2020,1,17.129,101.732,1.193,479.6631662707006,0.607011034
11/18/2020 1:00,2020,11,18,11/18/2020,2,14.98,100.424,1.15,479.6281679,0.606966744
11/18/2020 2:00,2020,11,18,11/18/2020,3,13.952,100.391,1.129,479.5931866899448,0.606922475
11/18/2020 3:00,2020,11,18,11/18/2020,4,13.413,101.451,1.118,479.55822261181504,0.606878228
11/18/2020 4:00,2020,11,18,11/18/2020,5,12.284,98.987,1.096,479.5232756991706,0.606834003
11/18/2020 5:00,2020,11,18,11/18/2020,6,9.446,99.073,1.08,479.48834596999023,0.6067898
11/18/2020 6:00,2020,11,18,11/18/2020,7,9.463,99.072,1.08,479.45343344224375,0.606745618
11/18/2020 7:00,2020,11,18,11/18/2020,8,9.51,100.382,1.08,510.2949275935847,0.645775355
11/18/2020 8:00,2020,11,18,11/18/2020,9,7.335,100.805,1.08,584.8022477132834,0.740063949
11/18/2020 9:00,2020,11,18,11/18/2020,10,7.709,100.587,1.08,659.3095850882728,0.834352565
11/18/2020 10:00,2020,11,18,11/18/2020,11,7.78,100.805,1.08,690.1511310054768,0.873382367
11/18/2020 11:00,2020,11,18,11/18/2020,12,7.852,100.496,1.08,690.1163047541393,0.873338295
11/18/2020 12:00,2020,11,18,11/18/2020,13,9.266,99.786,1.08,690.0814958118693,0.873294244
11/18/2020 13:00,2020,11,18,11/18/2020,14,9.606,101.266,1.08,690.0467041965746,0.873250216
11/18/2020 14:00,2020,11,18,11/18/2020,15,10.412,99.18,1.08,690.0119299,0.873206209
11/18/2020 15:00,2020,11,18,11/18/2020,16,12.604,100.702,1.102,689.9771730184976,0.873162224
11/18/2020 16:00,2020,11,18,11/18/2020,17,15.228,98.395,1.155,689.9424334914863,0.873118262
11/18/2020 17:00,2020,11,18,11/18/2020,18,16.371,98.401,1.177,689.9077113629924,0.873074321
11/18/2020 18:00,2020,11,18,11/18/2020,19,16.674,99.652,1.183,689.8730066508789,0.873030402
11/18/2020 19:00,2020,11,18,11/18/2020,20,17.447,101.543,1.199,624.2445315,0.789977937
11/18/2020 20:00,2020,11,18,11/18/2020,21,17.512,100.634,1.2,558.6160738044867,0.706925493
11/18/2020 21:00,2020,11,18,11/18/2020,22,17.673,101.777,1.203,558.5814214486036,0.706881641
11/18/2020 22:00,2020,11,18,11/18/2020,23,17.795,98.666,1.206,558.5467865804637,0.706837811
11/18/2020 23:00,2020,11,18,11/18/2020,24,16.32,100.635,1.176,518.6873694388471,0.656395943
11/19/2020 0:00,2020,11,19,11/19/2020,1,16.23,100.667,1.175,478.82796982060154,0.605954097
11/19/2020 1:00,2020,11,19,11/19/2020,2,15.517,100.638,1.16,478.7933875225649,0.605910334
11/19/2020 2:00,2020,11,19,11/19/2020,3,14.499,100.832,1.14,478.75882278349053,0.605866592
11/19/2020 3:00,2020,11,19,11/19/2020,4,12.786,100.048,1.106,478.7242756211606,0.605822873
11/19/2020 4:00,2020,11,19,11/19/2020,5,11.806,99.546,1.086,478.6897461,0.605779176
11/19/2020 5:00,2020,11,19,11/19/2020,6,9.343,100.268,1.08,478.65523409781713,0.605735501
11/19/2020 6:00,2020,11,19,11/19/2020,7,8.807,99.696,1.08,478.6207397723228,0.605691849
11/19/2020 7:00,2020,11,19,11/19/2020,8,9.142,100.714,1.08,509.4626525543033,0.644722116
11/19/2020 8:00,2020,11,19,11/19/2020,9,6.429,100.428,1.08,583.9703917328137,0.73901124
11/19/2020 9:00,2020,11,19,11/19/2020,10,7.603,100.08,1.08,658.4781485945714,0.833300386
11/19/2020 10:00,2020,11,19,11/19/2020,11,7.847,100.773,1.08,689.3201144262844,0.87233072
11/19/2020 11:00,2020,11,19,11/19/2020,12,7.822,98.756,1.08,689.2857085169804,0.87228718
11/19/2020 12:00,2020,11,19,11/19/2020,13,8.463,99.575,1.08,689.2513203440525,0.872243662
11/19/2020 13:00,2020,11,19,11/19/2020,14,11.192,100.593,1.08,689.2169499251918,0.872200166
11/19/2020 14:00,2020,11,19,11/19/2020,15,11.409,99.426,1.08,689.1825972780805,0.872156693
11/19/2020 15:00,2020,11,19,11/19/2020,16,13.511,101.204,1.12,689.1482624203918,0.872113243
11/19/2020 16:00,2020,11,19,11/19/2020,17,15.296,99.475,1.156,689.1139453697895,0.872069814
11/19/2020 17:00,2020,11,19,11/19/2020,18,14.399,100.371,1.138,689.0796461439282,0.872026409
11/19/2020 18:00,2020,11,19,11/19/2020,19,15.231,100.57,1.155,689.0453647604538,0.871983026
11/19/2020 19:00,2020,11,19,11/19/2020,20,16.623,98.978,1.182,623.4173133656456,0.788931097
11/19/2020 20:00,2020,11,19,11/19/2020,21,18.621,98.854,1.211,557.7892798484876,0.70587919
11/19/2020 21:00,2020,11,19,11/19/2020,22,17.868,100.887,1.207,557.7550521,0.705835875
11/19/2020 22:00,2020,11,19,11/19/2020,23,16.932,100.057,1.189,557.7208422602994,0.705792583
11/19/2020 23:00,2020,11,19,11/19/2020,24,18.077,99.436,1.21,517.8618505740826,0.655351254
11/20/2020 0:00,2020,11,20,11/20/2020,1,16.418,98.246,1.178,478.0028768359328,0.604909947
11/20/2020 1:00,2020,11,20,11/20/2020,2,15.574,99.313,1.161,477.9687208424694,0.604866723
11/20/2020 2:00,2020,11,20,11/20/2020,3,14.383,100.314,1.138,477.93458283222606,0.604823521
11/20/2020 3:00,2020,11,20,11/20/2020,4,13.075,101.083,1.111,477.9004628227655,0.604780343
11/20/2020 4:00,2020,11,20,11/20/2020,5,12.239,101.905,1.095,477.86636083164115,0.604737187
11/20/2020 5:00,2020,11,20,11/20/2020,6,10.217,99.804,1.08,477.8322769,0.604694054
11/20/2020 6:00,2020,11,20,11/20/2020,7,9.434,99.874,1.08,477.79821097456784,0.604650943
11/20/2020 7:00,2020,11,20,11/20/2020,8,8.532,101.413,1.08,508.6405526033716,0.643681753
11/20/2020 8:00,2020,11,20,11/20/2020,9,8.99,100.663,1.08,583.1487210516427,0.73797142
11/20/2020 9:00,2020,11,20,11/20/2020,10,8.169,101.052,1.08,657.6569076058777,0.83226111
11/20/2020 10:00,2020,11,20,11/20/2020,11,8.147,102.492,1.08,688.4993035525634,0.871291989
11/20/2020 11:00,2020,11,20,11/20/2020,12,9.942,103.301,1.08,688.4653281805067,0.871248993
11/20/2020 12:00,2020,11,20,11/20/2020,13,8.918,101.452,1.08,688.4313709668786,0.87120602
11/20/2020 13:00,2020,11,20,11/20/2020,14,11.109,100.456,1.08,688.3974319291488,0.871163071
11/20/2020 14:00,2020,11,20,11/20/2020,15,11.205,101.264,1.08,688.3635110847777,0.871120144
11/20/2020 15:00,2020,11,20,11/20/2020,16,12.479,101.118,1.1,688.3296084512158,0.871077241
11/20/2020 16:00,2020,11,20,11/20/2020,17,14.866,102.739,1.147,688.2957240459052,0.87103436
11/20/2020 17:00,2020,11,20,11/20/2020,18,15.32,101.601,1.156,688.2618578862775,0.870991503
11/20/2020 18:00,2020,11,20,11/20/2020,19,18.426,101.947,1.211,688.2280099897561,0.870948668
11/20/2020 19:00,2020,11,20,11/20/2020,20,17.342,101.39,1.197,622.6003925,0.787897288
11/20/2020 20:00,2020,11,20,11/20/2020,21,17.468,99.038,1.199,556.9727933129611,0.704845931
11/20/2020 21:00,2020,11,20,11/20/2020,22,17.947,100.523,1.209,556.9390003102002,0.704803166
11/20/2020 22:00,2020,11,20,11/20/2020,23,17.903,100.467,1.208,556.9052256401422,0.704760425
11/20/2020 23:00,2020,11,20,11/20/2020,24,15.182,99.342,1.154,517.0466695411251,0.654319647
11/21/2020 0:00,2020,11,21,11/21/2020,1,16.806,100.855,1.186,477.1881318095528,0.603878892
11/21/2020 1:00,2020,11,21,11/21/2020,2,14.588,98.771,1.142,477.1544122418205,0.60383622
11/21/2020 2:00,2020,11,21,11/21/2020,3,14.139,99.192,1.133,477.1207110762375,0.603793571
11/21/2020 3:00,2020,11,21,11/21/2020,4,12.991,99.931,1.11,477.08702833014155,0.603750946
11/21/2020 4:00,2020,11,21,11/21/2020,5,11.467,99.841,1.08,477.05336402086124,0.603708344
11/21/2020 5:00,2020,11,21,11/21/2020,6,10.965,97.691,1.08,477.0197181657153,0.603665765
11/21/2020 6:00,2020,11,21,11/21/2020,7,9.581,98.404,1.08,476.9860907820133,0.60362321
11/21/2020 7:00,2020,11,21,11/21/2020,8,9.282,98.869,1.08,507.8288713467474,0.642654575
11/21/2020 8:00,2020,11,21,11/21/2020,9,8.028,102.591,1.08,582.3374791485263,0.736944798
11/21/2020 9:00,2020,11,21,11/21/2020,10,7.41,103.273,1.08,656.8461054736206,0.831235045
11/21/2020 10:00,2020,11,21,11/21/2020,11,8.741,99.821,1.08,687.6889416082906,0.87026648
11/21/2020 11:00,2020,11,21,11/21/2020,12,9.074,102.023,1.08,687.6554068411169,0.870224042
11/21/2020 12:00,2020,11,21,11/21/2020,13,10.097,100.914,1.08,687.6218906,0.870181628
11/21/2020 13:00,2020,11,21,11/21/2020,14,10.61,101.209,1.08,687.5883930493145,0.870139237
11/21/2020 14:00,2020,11,21,11/21/2020,15,10.183,102.683,1.08,687.5549140591615,0.870096869
11/21/2020 15:00,2020,11,21,11/21/2020,16,12.749,100.735,1.105,687.5214536958088,0.870054525
11/21/2020 16:00,2020,11,21,11/21/2020,17,14.474,104.179,1.139,687.4880119764703,0.870012205
11/21/2020 17:00,2020,11,21,11/21/2020,18,14.69,101.952,1.144,687.4545889183503,0.869969908
11/21/2020 18:00,2020,11,21,11/21/2020,19,17.657,102.119,1.203,687.4211845,0.869927635
11/21/2020 19:00,2020,11,21,11/21/2020,20,17.404,102.209,1.198,621.7940109831793,0.786876817
11/21/2020 20:00,2020,11,21,11/21/2020,21,17.484,99.303,1.2,556.1668561404889,0.703826022
11/21/2020 21:00,2020,11,21,11/21/2020,22,18.046,100.111,1.21,556.1335078990957,0.70378382
11/21/2020 22:00,2020,11,21,11/21/2020,23,17.285,99.061,1.196,556.1001784047991,0.703741642
11/21/2020 23:00,2020,11,21,11/21/2020,24,16.736,100.25,1.185,516.2420678957076,0.653301428
11/22/2020 0:00,2020,11,22,11/22/2020,1,16.418,100.4,1.178,476.38397616799637,0.602861237
11/22/2020 1:00,2020,11,22,11/22/2020,2,14.624,100.67,1.142,476.35070301783094,0.60281913
11/22/2020 2:00,2020,11,22,11/22/2020,3,13.799,100.577,1.126,476.31744868329076,0.602777047
11/22/2020 3:00,2020,11,22,11/22/2020,4,11.778,98.894,1.086,476.2842131814841,0.602734988
11/22/2020 4:00,2020,11,22,11/22/2020,5,12.085,100.757,1.092,476.2509965295091,0.602692952
11/22/2020 5:00,2020,11,22,11/22/2020,6,10.35,99.959,1.08,476.21779874445457,0.602650941
11/22/2020 6:00,2020,11,22,11/22/2020,7,9.5,99.113,1.08,476.18461984339916,0.602608953
11/22/2020 7:00,2020,11,22,11/22/2020,8,7.496,100.381,1.08,507.0278493031046,0.641640886
11/22/2020 8:00,2020,11,22,11/22/2020,9,7.567,102.075,1.08,581.5369064119485,0.735931678
11/22/2020 9:00,2020,11,22,11/22/2020,10,5.742,102.259,1.08,656.0459824559703,0.830222494
11/22/2020 10:00,2020,11,22,11/22/2020,11,7.092,103.153,1.08,686.8892687211991,0.869254499
11/22/2020 11:00,2020,11,22,11/22/2020,12,8.429,101.898,1.08,686.8561844959837,0.869212631
11/22/2020 12:00,2020,11,22,11/22/2020,13,9.39,101.77,1.08,686.8231193,0.869170787
11/22/2020 13:00,2020,11,22,11/22/2020,14,9.566,100.781,1.08,686.7900730213694,0.869128967
11/22/2020 14:00,2020,11,22,11/22/2020,15,11.557,102.84,1.081,686.7570458,0.869087171
11/22/2020 15:00,2020,11,22,11/22/2020,16,13.532,103.374,1.121,686.7240376278661,0.8690454
11/22/2020 16:00,2020,11,22,11/22/2020,17,15.051,101.465,1.151,686.6910485,0.869003652
11/22/2020 17:00,2020,11,22,11/22/2020,18,14.966,102.451,1.149,686.6580784513642,0.868961929
11/22/2020 18:00,2020,11,22,11/22/2020,19,16.708,101.766,1.184,686.6251274869115,0.868920229
11/22/2020 19:00,2020,11,22,11/22/2020,20,16.654,102.034,1.183,620.9984077562401,0.785869985
11/22/2020 20:00,2020,11,22,11/22/2020,21,16.71,98.775,1.184,555.3717071476487,0.702819766
11/22/2020 21:00,2020,11,22,11/22/2020,22,19.116,97.627,1.212,555.3388135,0.702778139
11/22/2020 22:00,2020,11,22,11/22/2020,23,16.771,100.19,1.185,555.3059391071399,0.702736537
11/22/2020 23:00,2020,11,22,11/22/2020,24,15.809,98.969,1.166,515.4482840586625,0.652296899
11/23/2020 0:00,2020,11,23,11/23/2020,1,15.689,99.998,1.164,475.5906481999351,0.601857285
11/23/2020 1:00,2020,11,23,11/23/2020,2,15.081,100.603,1.152,475.5578313268891,0.601815756
11/23/2020 2:00,2020,11,23,11/23/2020,3,13.813,100.642,1.126,475.5250336773689,0.60177425
11/23/2020 3:00,2020,11,23,11/23/2020,4,11.935,100.2,1.089,475.49225526824796,0.601732769
11/23/2020 4:00,2020,11,23,11/23/2020,5,12.039,100.641,1.091,475.45949611638923,0.601691313
11/23/2020 5:00,2020,11,23,11/23/2020,6,8.32,100.104,1.08,475.4267562386461,0.601649881
11/23/2020 6:00,2020,11,23,11/23/2020,7,9.264,100.71,1.08,475.3940356518618,0.601608473
11/23/2020 7:00,2020,11,23,11/23/2020,8,9.533,99.262,1.08,506.23772383256215,0.640640987
11/23/2020 8:00,2020,11,23,11/23/2020,9,7.974,102.259,1.08,580.7472400688889,0.73493236
11/23/2020 9:00,2020,11,23,11/23/2020,10,7.418,103.504,1.08,655.2567756,0.829223757
11/23/2020 10:00,2020,11,23,11/23/2020,11,7.735,101.104,1.08,686.1005218516236,0.868256344
11/23/2020 11:00,2020,11,23,11/23/2020,12,8.438,100.097,1.08,686.0678979719364,0.868215059
11/23/2020 12:00,2020,11,23,11/23/2020,13,9.834,101.08,1.08,686.0352934840597,0.868173798
11/23/2020 13:00,2020,11,23,11/23/2020,14,9.299,101.806,1.08,686.0027084,0.868132562
11/23/2020 14:00,2020,11,23,11/23/2020,15,10.678,102.386,1.08,685.9701427508219,0.86809135
11/23/2020 15:00,2020,11,23,11/23/2020,16,12.108,102.954,1.092,685.9375965389784,0.868050163
11/23/2020 16:00,2020,11,23,11/23/2020,17,13.298,103.08,1.116,685.9050698,0.868009001
11/23/2020 17:00,2020,11,23,11/23/2020,18,16.383,102.553,1.178,685.8725625085605,0.867967863
11/23/2020 18:00,2020,11,23,11/23/2020,19,16.597,100.55,1.182,685.8400747234434,0.86792675
11/23/2020 19:00,2020,11,23,11/23/2020,20,18.94,102.835,1.212,620.2138185759859,0.784877092
11/23/2020 20:00,2020,11,23,11/23/2020,21,17.629,100.946,1.203,554.587582,0.70182746
11/23/2020 21:00,2020,11,23,11/23/2020,22,17.764,98.555,1.205,554.5551527462806,0.701786421
11/23/2020 22:00,2020,11,23,11/23/2020,23,16.968,99.125,1.189,554.5227430974101,0.701745406
11/23/2020 23:00,2020,11,23,11/23/2020,24,16.695,99.364,1.184,514.6655532452719,0.651306357
11/24/2020 0:00,2020,11,24,11/24/2020,1,17.034,101.068,1.191,474.8083829855676,0.600867333
11/24/2020 1:00,2020,11,24,11/24/2020,2,17.311,101.499,1.196,474.7760321139886,0.600826393
11/24/2020 2:00,2020,11,24,11/24/2020,3,13.889,99.233,1.128,474.74370086813985,0.600785478
11/24/2020 3:00,2020,11,24,11/24/2020,4,12.1,98.807,1.092,474.7113892646545,0.600744588
11/24/2020 4:00,2020,11,24,11/24/2020,5,11.839,99.003,1.087,474.67909732015585,0.600703723
11/24/2020 5:00,2020,11,24,11/24/2020,6,9.803,101.566,1.08,474.6468250512564,0.600662882
11/24/2020 6:00,2020,11,24,11/24/2020,7,9.749,99.233,1.08,474.61457247455934,0.600622067
11/24/2020 7:00,2020,11,24,11/24/2020,8,7.627,102.108,1.08,505.4587290663493,0.639655173
11/24/2020 8:00,2020,11,24,11/24/2020,9,9.129,102.56,1.08,579.9687141145273,0.733947139
11/24/2020 9:00,2020,11,24,11/24/2020,10,8.038,100.646,1.08,654.4787189046549,0.828239131
11/24/2020 10:00,2020,11,24,11/24/2020,11,8.212,101.279,1.08,685.3229347,0.867272312
11/24/2020 11:00,2020,11,24,11/24/2020,12,8.063,101.946,1.08,685.2907808552849,0.867231621
11/24/2020 12:00,2020,11,24,11/24/2020,13,8.686,102.226,1.08,685.2586467798915,0.867190956
11/24/2020 13:00,2020,11,24,11/24/2020,14,8.626,101.652,1.08,685.2265325126358,0.867150315
11/24/2020 14:00,2020,11,24,11/24/2020,15,11.139,102.43,1.08,685.1944380700393,0.8671097
11/24/2020 15:00,2020,11,24,11/24/2020,16,12.289,104.07,1.096,685.1623635,0.86706911
11/24/2020 16:00,2020,11,24,11/24/2020,17,14.872,100.343,1.147,685.1303087248582,0.867028545
11/24/2020 17:00,2020,11,24,11/24/2020,18,15.804,101.368,1.166,685.0982738552658,0.866988005
11/24/2020 18:00,2020,11,24,11/24/2020,19,15.719,101.353,1.164,685.0662588763164,0.86694749
11/24/2020 19:00,2020,11,24,11/24/2020,20,15.734,102.269,1.165,619.4404759331235,0.783898432
11/24/2020 20:00,2020,11,24,11/24/2020,21,17.691,99.146,1.204,553.8147129135042,0.700849398
11/24/2020 21:00,2020,11,24,11/24/2020,22,18.883,101.142,1.212,553.7827577052655,0.700808959
11/24/2020 22:00,2020,11,24,11/24/2020,23,18.171,100.503,1.21,553.7508225,0.700768545
11/24/2020 23:00,2020,11,24,11/24/2020,24,17.014,98.872,1.19,513.8941073955689,0.650330097
11/25/2020 0:00,2020,11,25,11/25/2020,1,16.74,100.394,1.185,474.0374123269594,0.599891674
11/25/2020 1:00,2020,11,25,11/25/2020,2,15.08,99.455,1.152,474.0055370431088,0.599851336
11/25/2020 2:00,2020,11,25,11/25/2020,3,15.005,99.731,1.15,473.9736817813773,0.599811023
11/25/2020 3:00,2020,11,25,11/25/2020,4,14.332,99.813,1.137,473.9418465581533,0.599770736
11/25/2020 4:00,2020,11,25,11/25/2020,5,12.043,100.199,1.091,473.91003138981455,0.599730474
11/25/2020 5:00,2020,11,25,11/25/2020,6,9.454,101.119,1.08,473.8782362927288,0.599690238
11/25/2020 6:00,2020,11,25,11/25/2020,7,7.939,99.661,1.08,473.84646128325335,0.599650026
11/25/2020 7:00,2020,11,25,11/25/2020,8,8.614,99.417,1.08,504.6910958374274,0.638683738
11/25/2020 8:00,2020,11,25,11/25/2020,9,8.038,100.132,1.08,579.2015592429059,0.732976309
11/25/2020 9:00,2020,11,25,11/25/2020,10,7.929,99.053,1.08,653.7120427850045,0.827268906
11/25/2020 10:00,2020,11,25,11/25/2020,11,5.825,99.082,1.08,684.5567377490287,0.866302694
11/25/2020 11:00,2020,11,25,11/25/2020,12,8.396,101.234,1.08,684.5250634226022,0.86626261
11/25/2020 12:00,2020,11,25,11/25/2020,13,9,99.335,1.08,684.4934092817123,0.866222552
11/25/2020 13:00,2020,11,25,11/25/2020,14,10.559,102.019,1.08,684.4617753426442,0.86618252
11/25/2020 14:00,2020,11,25,11/25/2020,15,11.987,98.351,1.09,684.4301616216719,0.866142513
11/25/2020 15:00,2020,11,25,11/25/2020,16,12.565,99.783,1.101,684.3985681350597,0.866102531
11/25/2020 16:00,2020,11,25,11/25/2020,17,12.822,99.989,1.106,684.3669949,0.866062575
11/25/2020 17:00,2020,11,25,11/25/2020,18,14.841,101.384,1.147,684.3354419299188,0.866022645
11/25/2020 18:00,2020,11,25,11/25/2020,19,17.364,100.879,1.197,684.3039092438662,0.865982741
11/25/2020 19:00,2020,11,25,11/25/2020,20,17.057,99.02,1.191,618.6786089857684,0.782934293
11/25/2020 20:00,2020,11,25,11/25/2020,21,17.86,99.873,1.207,553.053329,0.699885871
11/25/2020 21:00,2020,11,25,11/25/2020,22,18.926,99.908,1.212,553.0218573037017,0.699846044
11/25/2020 22:00,2020,11,25,11/25/2020,23,18.378,99.333,1.211,552.9904059121253,0.699806242
11/25/2020 23:00,2020,11,25,11/25/2020,24,18.201,99.669,1.21,513.1341751056073,0.649368407
11/26/2020 0:00,2020,11,26,11/26/2020,1,17.189,99.07,1.194,473.2779646793556,0.598930597
11/26/2020 1:00,2020,11,26,11/26/2020,2,14.465,100.17,1.139,473.24657442856795,0.598890873
11/26/2020 2:00,2020,11,26,11/26/2020,3,13.512,99.691,1.12,473.21520459035526,0.598851175
11/26/2020 3:00,2020,11,26,11/26/2020,4,13.429,98.837,1.119,473.18385518085614,0.598811502
11/26/2020 4:00,2020,11,26,11/26/2020,5,11.623,100.619,1.082,473.15252621619845,0.598771856
11/26/2020 5:00,2020,11,26,11/26/2020,6,10.382,100.908,1.08,473.12121771249986,0.598732235
11/26/2020 6:00,2020,11,26,11/26/2020,7,9.422,101.653,1.08,473.0899296858671,0.59869264
11/26/2020 7:00,2020,11,26,11/26/2020,8,9.368,100.884,1.08,503.9350516,0.637726968
11/26/2020 8:00,2020,11,26,11/26/2020,9,6.381,101.047,1.08,578.4460027785698,0.732020157
11/26/2020 9:00,2020,11,26,11/26/2020,10,7.613,100.33,1.08,652.9569744703742,0.826313372
11/26/2020 10:00,2020,11,26,11/26/2020,11,7.882,101.465,1.08,683.8021579725564,0.865347777
11/26/2020 11:00,2020,11,26,11/26/2020,12,9.328,101.285,1.08,683.7709726,0.865308313
11/26/2020 12:00,2020,11,26,11/26/2020,13,9.944,98.655,1.08,683.7398077459079,0.865268874
11/26/2020 13:00,2020,11,26,11/26/2020,14,10.388,100.062,1.08,683.7086635088461,0.865229461
11/26/2020 14:00,2020,11,26,11/26/2020,15,10.963,100.766,1.08,683.6775398773261,0.865190074
11/26/2020 15:00,2020,11,26,11/26/2020,16,12.816,100.321,1.106,683.6464368673597,0.865150713
11/26/2020 16:00,2020,11,26,11/26/2020,17,16.285,99.632,1.176,683.6153544949482,0.865111379
11/26/2020 17:00,2020,11,26,11/26/2020,18,16.134,99.223,1.173,683.5842927760822,0.86507207
11/26/2020 18:00,2020,11,26,11/26/2020,19,17.011,101.106,1.19,683.5532517267418,0.865032788
11/26/2020 19:00,2020,11,26,11/26/2020,20,17.963,100.392,1.209,617.9284434915393,0.781984963
11/26/2020 20:00,2020,11,26,11/26/2020,21,17.404,100.981,1.198,552.3036559577904,0.698937164
11/26/2020 21:00,2020,11,26,11/26/2020,22,18.369,100.855,1.211,552.2726770128002,0.698897961
11/26/2020 22:00,2020,11,26,11/26/2020,23,19.532,100.076,1.213,552.2417188011491,0.698858783
11/26/2020 23:00,2020,11,26,11/26/2020,24,17.808,99.783,1.206,512.3859815597257,0.648421572
11/27/2020 0:00,2020,11,27,11/27/2020,1,15.622,100.931,1.162,472.5302650834844,0.597984388
11/27/2020 1:00,2020,11,27,11/27/2020,2,15.729,100.672,1.165,472.4993691673685,0.597945289
11/27/2020 2:00,2020,11,27,11/27/2020,3,14.677,99.986,1.144,472.4684940482348,0.597906217
11/27/2020 3:00,2020,11,27,11/27/2020,4,13.541,99.597,1.121,472.4376397419671,0.597867171
11/27/2020 4:00,2020,11,27,11/27/2020,5,11.864,98.654,1.087,472.4068062644388,0.597828151
11/27/2020 5:00,2020,11,27,11/27/2020,6,10.967,98.089,1.08,472.37599363151253,0.597789158
11/27/2020 6:00,2020,11,27,11/27/2020,7,10.538,99.789,1.08,472.3452018590401,0.597750191
11/27/2020 7:00,2020,11,27,11/27/2020,8,9.732,98.882,1.08,503.1908204225549,0.636785148
11/27/2020 8:00,2020,11,27,11/27/2020,9,7.985,101.49,1.08,577.7022686092056,0.731078965
11/27/2020 9:00,2020,11,27,11/27/2020,10,8.377,102.847,1.08,652.2137377038014,0.82537281
11/27/2020 10:00,2020,11,27,11/27/2020,11,6.653,100.745,1.08,683.0594189911404,0.864407845
11/27/2020 11:00,2020,11,27,11/27/2020,12,7.881,101.77,1.08,683.0287317583393,0.864369011
11/27/2020 12:00,2020,11,27,11/27/2020,13,8.782,101.026,1.08,682.9980654808775,0.864330203
11/27/2020 13:00,2020,11,27,11/27/2020,14,10.243,101.697,1.08,682.9674201745316,0.864291421
11/27/2020 14:00,2020,11,27,11/27/2020,15,10.49,99.985,1.08,682.9367958550677,0.864252667
11/27/2020 15:00,2020,11,27,11/27/2020,16,12.936,101.491,1.109,682.9061925382401,0.864213938
11/27/2020 16:00,2020,11,27,11/27/2020,17,13.47,100.341,1.119,682.8756102397936,0.864175237
11/27/2020 17:00,2020,11,27,11/27/2020,18,14.34,101.173,1.137,682.8450489754614,0.864136561
11/27/2020 18:00,2020,11,27,11/27/2020,19,14.819,101.751,1.146,682.8145088,0.864097913
11/27/2020 19:00,2020,11,27,11/27/2020,20,16.791,102.373,1.186,617.1902017,0.781050722
11/27/2020 20:00,2020,11,27,11/27/2020,21,18.006,99.89,1.21,551.5659158016075,0.698003558
11/27/2020 21:00,2020,11,27,11/27/2020,22,18.294,100.601,1.211,551.5354388308494,0.69796499
11/27/2020 22:00,2020,11,27,11/27/2020,23,18.22,99.062,1.21,551.5049829727097,0.697926448
11/27/2020 23:00,2020,11,27,11/27/2020,24,17.154,100.518,1.193,511.64974846381904,0.647489873
11/28/2020 0:00,2020,11,28,11/28/2020,1,16.691,100.075,1.184,471.7945350988727,0.597053325
11/28/2020 1:00,2020,11,28,11/28/2020,2,15.229,99.371,1.155,471.7641426725553,0.597014864
11/28/2020 2:00,2020,11,28,11/28/2020,3,13.752,100.828,1.125,471.73377142146455,0.596976429
11/28/2020 3:00,2020,11,28,11/28/2020,4,11.834,99.688,1.087,471.7034213612253,0.596938022
11/28/2020 4:00,2020,11,28,11/28/2020,5,10.937,98.885,1.08,471.67309250745126,0.596899641
11/28/2020 5:00,2020,11,28,11/28/2020,6,9.582,100.136,1.08,471.64278487574546,0.596861286
11/28/2020 6:00,2020,11,28,11/28/2020,7,9.907,101.411,1.08,471.61249848169996,0.596822959
11/28/2020 7:00,2020,11,28,11/28/2020,8,7.852,100.222,1.08,502.4586228005883,0.635858556
11/28/2020 8:00,2020,11,28,11/28/2020,9,8.473,101.133,1.08,576.9705771192988,0.730153014
11/28/2020 9:00,2020,11,28,11/28/2020,10,7.512,101.729,1.08,651.4825527223802,0.824447499
11/28/2020 10:00,2020,11,28,11/28/2020,11,9.025,101.584,1.08,682.3287408943703,0.863483176
11/28/2020 11:00,2020,11,28,11/28/2020,12,7.572,103.21,1.08,682.2985609221248,0.863444984
11/28/2020 12:00,2020,11,28,11/28/2020,13,8.168,100.838,1.08,682.2684022808621,0.863406818
11/28/2020 13:00,2020,11,28,11/28/2020,14,10.919,100.68,1.08,682.238265,0.86336868
11/28/2020 14:00,2020,11,28,11/28/2020,15,11.958,101.117,1.089,682.2081490533366,0.863330568
11/28/2020 15:00,2020,11,28,11/28/2020,16,12.793,100.564,1.106,682.1780544980714,0.863292484
11/28/2020 16:00,2020,11,28,11/28/2020,17,14.503,101.432,1.14,682.1479813,0.863254426
11/28/2020 17:00,2020,11,28,11/28/2020,18,15.089,102.456,1.152,682.1179295819486,0.863216396
11/28/2020 18:00,2020,11,28,11/28/2020,19,16.394,103.752,1.178,682.0878992520228,0.863178393
11/28/2020 19:00,2020,11,28,11/28/2020,20,15.66,102.627,1.163,616.4641025,0.780131848
11/28/2020 20:00,2020,11,28,11/28/2020,21,17.93,100.994,1.209,550.8403271829754,0.69708533
11/28/2020 21:00,2020,11,28,11/28/2020,22,17.131,99.417,1.193,550.8103612174336,0.697047408
11/28/2020 22:00,2020,11,28,11/28/2020,23,19.486,99.19,1.213,550.7804167375336,0.697009514
11/28/2020 23:00,2020,11,28,11/28/2020,24,18.579,99.766,1.211,510.9256939796428,0.646573586
11/29/2020 0:00,2020,11,29,11/29/2020,1,14.854,100.9,1.147,471.0709927381933,0.596137687
11/29/2020 1:00,2020,11,29,11/29/2020,2,14.786,99.19,1.146,471.0411128076063,0.596099874
11/29/2020 2:00,2020,11,29,11/29/2020,3,13.76,99.509,1.125,471.01125442421574,0.596062088
11/29/2020 3:00,2020,11,29,11/29/2020,4,12.029,101.064,1.091,470.9814176033826,0.59602433
11/29/2020 4:00,2020,11,29,11/29/2020,5,11.618,100.99,1.082,470.9516023604567,0.595986599
11/29/2020 5:00,2020,11,29,11/29/2020,6,10.212,99.411,1.08,470.9218087107769,0.595948895
11/29/2020 6:00,2020,11,29,11/29/2020,7,10.089,101.185,1.08,470.89203666967063,0.595911219
11/29/2020 7:00,2020,11,29,11/29/2020,8,10.052,99.591,1.08,501.7386757121468,0.634947467
11/29/2020 8:00,2020,11,29,11/29/2020,9,6.784,103.268,1.08,576.2511451,0.729242577
11/29/2020 9:00,2020,11,29,11/29/2020,10,8.766,101.419,1.08,650.7636361920012,0.823537714
11/29/2020 10:00,2020,11,29,11/29/2020,11,7.599,101.859,1.08,681.6103401979357,0.862574044
11/29/2020 11:00,2020,11,29,11/29/2020,12,8.914,102.914,1.08,681.5806764292228,0.862536505
11/29/2020 12:00,2020,11,29,11/29/2020,13,10.479,100.221,1.08,681.5510343608157,0.862498993
11/29/2020 13:00,2020,11,29,11/29/2020,14,10.745,103.479,1.08,681.5214140079639,0.862461509
11/29/2020 14:00,2020,11,29,11/29/2020,15,11.849,103.384,1.087,681.4918154,0.862424052
11/29/2020 15:00,2020,11,29,11/29/2020,16,12.72,102.35,1.104,681.4622385098694,0.862386623
11/29/2020 16:00,2020,11,29,11/29/2020,17,15.055,102.844,1.151,681.4326834,0.862349221
11/29/2020 17:00,2020,11,29,11/29/2020,18,15.069,101.274,1.151,681.4031500567128,0.862311846
11/29/2020 18:00,2020,11,29,11/29/2020,19,17.033,103.937,1.191,681.3736385099915,0.8622745
11/29/2020 19:00,2020,11,29,11/29/2020,20,17.916,101.482,1.208,615.7503608987317,0.779228612
11/29/2020 20:00,2020,11,29,11/29/2020,21,17.374,98.723,1.197,550.1271051094617,0.696182751
11/29/2020 21:00,2020,11,29,11/29/2020,22,19.17,99.172,1.213,550.0976590286984,0.696145488
11/29/2020 22:00,2020,11,29,11/29/2020,23,18.243,101.16,1.211,550.0682348002338,0.696108251
11/29/2020 23:00,2020,11,29,11/29/2020,24,17.374,102.141,1.197,510.21403266016705,0.645672983
11/30/2020 0:00,2020,11,30,11/30/2020,1,16.399,100.268,1.178,470.3598524,0.595237743
11/30/2020 1:00,2020,11,30,11/30/2020,2,15.657,98.815,1.163,470.33049382187465,0.595200589
11/30/2020 2:00,2020,11,30,11/30/2020,3,13.879,101.219,1.128,470.3011571538677,0.595163464
11/30/2020 3:00,2020,11,30,11/30/2020,4,11.869,98.632,1.087,470.2718424137347,0.595126366
11/30/2020 4:00,2020,11,30,11/30/2020,5,11.197,100.161,1.08,470.2425496165569,0.595089297
11/30/2020 5:00,2020,11,30,11/30/2020,6,12.649,100.549,1.103,470.2132787774044,0.595052254
11/30/2020 6:00,2020,11,30,11/30/2020,7,9.475,100.234,1.08,470.18402991133564,0.59501524
11/30/2020 7:00,2020,11,30,11/30/2020,8,7.603,100.617,1.08,501.0311924930904,0.634052151
11/30/2020 8:00,2020,11,30,11/30/2020,9,7.684,103.118,1.08,575.5441858090229,0.728347924
11/30/2020 9:00,2020,11,30,11/30/2020,10,7.749,103.049,1.08,650.0572011431476,0.822643725
11/30/2020 10:00,2020,11,30,11/30/2020,11,8.719,102.88,1.08,680.9044297794669,0.861680719
11/30/2020 11:00,2020,11,30,11/30/2020,12,8.347,99.332,1.08,680.8752910043017,0.861643844
11/30/2020 12:00,2020,11,30,11/30/2020,13,8.87,101.538,1.08,680.8461742923346,0.861606997
11/30/2020 13:00,2020,11,30,11/30/2020,14,9.414,101.611,1.08,680.8170796585451,0.861570178
11/30/2020 14:00,2020,11,30,11/30/2020,15,11.751,102.364,1.085,680.7880071179013,0.861533387
11/30/2020 15:00,2020,11,30,11/30/2020,16,12.311,102.243,1.096,680.7589566853597,0.861496623
11/30/2020 16:00,2020,11,30,11/30/2020,17,13.173,100.735,1.113,680.7299283758659,0.861459888
11/30/2020 17:00,2020,11,30,11/30/2020,18,15.715,102.09,1.164,680.7009222043534,0.861423181
11/30/2020 18:00,2020,11,30,11/30/2020,19,16.202,100.488,1.174,680.6719381857449,0.861386502
11/30/2020 19:00,2020,11,30,11/30/2020,20,17.731,102.535,1.205,615.0491884635945,0.778341282
11/30/2020 20:00,2020,11,30,11/30/2020,21,18.101,102.817,1.21,549.4264609,0.69529609
11/30/2020 21:00,2020,11,30,11/30/2020,22,17.682,99.007,1.204,549.3975434536834,0.695259495
11/30/2020 22:00,2020,11,30,11/30/2020,23,18.062,98.713,1.21,549.3686481956879,0.695222928
11/30/2020 23:00,2020,11,30,11/30/2020,24,18.692,99.648,1.212,509.5149753859997,0.64478833
12/1/2020 0:00,2020,12,1,12/1/2020,1,12.275,101.443,1.096,479.8687944,0.607271255
12/1/2020 1:00,2020,12,1,12/1/2020,2,11.616,101.988,1.082,479.83996588480943,0.607234773
12/1/2020 2:00,2020,12,1,12/1/2020,3,11.233,99.652,1.08,479.81115962527394,0.607198319
12/1/2020 3:00,2020,12,1,12/1/2020,4,10.252,100.372,1.08,479.7823756524312,0.607161893
12/1/2020 4:00,2020,12,1,12/1/2020,5,9.338,99.311,1.08,479.75361398108953,0.607125495
12/1/2020 5:00,2020,12,1,12/1/2020,6,7.055,101.03,1.08,479.7248746260456,0.607089125
12/1/2020 6:00,2020,12,1,12/1/2020,7,7.582,99.114,1.08,479.69615760208467,0.607052784
12/1/2020 7:00,2020,12,1,12/1/2020,8,6.319,98.791,1.08,511.76691091265974,0.647638142
12/1/2020 8:00,2020,12,1,12/1/2020,9,5.591,100.323,1.08,589.2331613,0.745671245
12/1/2020 9:00,2020,12,1,12/1/2020,10,4.272,100.396,1.08,666.6994340109779,0.843704377
12/1/2020 10:00,2020,12,1,12/1/2020,11,6.475,101.763,1.08,698.7702544476509,0.884289819
12/1/2020 11:00,2020,12,1,12/1/2020,12,5.432,101.602,1.08,698.7416493004812,0.88425362
12/1/2020 12:00,2020,12,1,12/1/2020,13,6.077,101.547,1.08,698.7130665728642,0.884217448
12/1/2020 13:00,2020,12,1,12/1/2020,14,8.197,102.154,1.08,698.6845062795051,0.884181305
12/1/2020 14:00,2020,12,1,12/1/2020,15,9.011,102.289,1.08,698.6559684350965,0.884145191
12/1/2020 15:00,2020,12,1,12/1/2020,16,10.196,101.211,1.08,698.6274530543202,0.884109105
12/1/2020 16:00,2020,12,1,12/1/2020,17,13.017,100.41,1.11,698.5989601518463,0.884073047
12/1/2020 17:00,2020,12,1,12/1/2020,18,11.611,102.545,1.082,698.5704897423332,0.884037018
12/1/2020 18:00,2020,12,1,12/1/2020,19,14.101,103.317,1.132,698.5420418404276,0.884001017
12/1/2020 19:00,2020,12,1,12/1/2020,20,14.135,103.134,1.133,630.3215636009008,0.797668387
12/1/2020 20:00,2020,12,1,12/1/2020,21,16.269,99.407,1.175,562.1011078982407,0.711335784
12/1/2020 21:00,2020,12,1,12/1/2020,22,14.805,98.919,1.146,562.0727276069235,0.711299869
12/1/2020 22:00,2020,12,1,12/1/2020,23,14.231,101.296,1.135,562.0443698816857,0.711263983
12/1/2020 23:00,2020,12,1,12/1/2020,24,13.735,100.925,1.125,520.6137169293415,0.658833725
12/2/2020 0:00,2020,12,2,12/2/2020,1,12.939,101.723,1.109,479.1830865722428,0.606403496
12/2/2020 1:00,2020,12,2,12/2/2020,2,11.509,100.032,1.08,479.1547966327299,0.606367695
12/2/2020 2:00,2020,12,2,12/2/2020,3,12.285,100.852,1.096,479.12652931758225,0.606331923
12/2/2020 3:00,2020,12,2,12/2/2020,4,9.593,99.532,1.08,479.0982846413422,0.606296179
12/2/2020 4:00,2020,12,2,12/2/2020,5,8.705,100.104,1.08,479.07006261854065,0.606260465
12/2/2020 5:00,2020,12,2,12/2/2020,6,7.84,99.969,1.08,479.0418632636964,0.606224778
12/2/2020 6:00,2020,12,2,12/2/2020,7,7.179,100.234,1.08,479.01368659131725,0.606189121
12/2/2020 7:00,2020,12,2,12/2/2020,8,6.681,101.089,1.08,511.08498060457805,0.646775163
12/2/2020 8:00,2020,12,2,12/2/2020,9,6.924,99.162,1.08,588.5517720195637,0.744808951
12/2/2020 9:00,2020,12,2,12/2/2020,10,5.2,100.421,1.08,666.0185861604666,0.842842768
12/2/2020 10:00,2020,12,2,12/2/2020,11,5.968,100.909,1.08,698.0899483514672,0.883428896
12/2/2020 11:00,2020,12,2,12/2/2020,12,4.852,98.345,1.08,698.0618853086155,0.883393382
12/2/2020 12:00,2020,12,2,12/2/2020,13,6.296,99.73,1.08,698.0338450350279,0.883357897
12/2/2020 13:00,2020,12,2,12/2/2020,14,7.762,99.382,1.08,698.0058275451302,0.883322441
12/2/2020 14:00,2020,12,2,12/2/2020,15,8.638,101.139,1.08,697.9778329,0.883287014
12/2/2020 15:00,2020,12,2,12/2/2020,16,10.896,100.474,1.08,697.9498609740479,0.883251616
12/2/2020 16:00,2020,12,2,12/2/2020,17,11.592,99.698,1.082,697.9219119216559,0.883216247
12/2/2020 17:00,2020,12,2,12/2/2020,18,12.482,99.253,1.1,697.8939857105388,0.883180906
12/2/2020 18:00,2020,12,2,12/2/2020,19,12.77,98.748,1.105,697.8660823550636,0.883145595
12/2/2020 19:00,2020,12,2,12/2/2020,20,13.783,98.713,1.126,629.6461490097211,0.796813653
12/2/2020 20:00,2020,12,2,12/2/2020,21,14.633,99.478,1.143,561.4262385,0.710481741
12/2/2020 21:00,2020,12,2,12/2/2020,22,16.164,101.006,1.173,561.3984038,0.710446516
12/2/2020 22:00,2020,12,2,12/2/2020,23,14.635,100.248,1.143,561.3705920567788,0.710411321
12/2/2020 23:00,2020,12,2,12/2/2020,24,13.47,101.366,1.119,519.9404854,0.657981754
12/3/2020 0:00,2020,12,3,12/3/2020,1,13.947,99.982,1.129,478.51040165847735,0.605552217
12/3/2020 1:00,2020,12,3,12/3/2020,2,12.369,98.553,1.097,478.48265869377985,0.605517108
12/3/2020 2:00,2020,12,3,12/3/2020,3,9.524,100.966,1.08,478.45493869923564,0.605482029
12/3/2020 3:00,2020,12,3,12/3/2020,4,9.401,100.607,1.08,478.4272416891055,0.605446978
12/3/2020 4:00,2020,12,3,12/3/2020,5,8.855,99.852,1.08,478.39956767763823,0.605411957
12/3/2020 5:00,2020,12,3,12/3/2020,6,7.457,99.039,1.08,478.3719166790713,0.605376965
12/3/2020 6:00,2020,12,3,12/3/2020,7,7.032,99.233,1.08,478.34428870762997,0.605342002
12/3/2020 7:00,2020,12,3,12/3/2020,8,6.452,99.189,1.08,510.41613176620695,0.645928738
12/3/2020 8:00,2020,12,3,12/3/2020,9,5.239,99.419,1.08,587.8834725706047,0.743963222
12/3/2020 9:00,2020,12,3,12/3/2020,10,6.185,100.516,1.08,665.3508364,0.841997734
12/3/2020 10:00,2020,12,3,12/3/2020,11,7.084,100.921,1.08,697.4227487124895,0.882584558
12/3/2020 11:00,2020,12,3,12/3/2020,12,7.213,99.511,1.08,697.3952360896408,0.882549741
12/3/2020 12:00,2020,12,3,12/3/2020,13,7.198,101.614,1.08,697.3677465790208,0.882514953
12/3/2020 13:00,2020,12,3,12/3/2020,14,8.464,99.37,1.08,697.3402801947714,0.882480195
12/3/2020 14:00,2020,12,3,12/3/2020,15,9.406,100.994,1.08,697.3128369510232,0.882445466
12/3/2020 15:00,2020,12,3,12/3/2020,16,9.232,99.085,1.08,697.2854168618944,0.882410766
12/3/2020 16:00,2020,12,3,12/3/2020,17,10.931,100.207,1.08,697.2580199414917,0.882376095
12/3/2020 17:00,2020,12,3,12/3/2020,18,11.749,99.747,1.085,697.2306462039098,0.882341454
12/3/2020 18:00,2020,12,3,12/3/2020,19,13.262,101.469,1.115,697.2032956632313,0.882306842
12/3/2020 19:00,2020,12,3,12/3/2020,20,14.819,100.416,1.146,628.9839154736627,0.795975601
12/3/2020 20:00,2020,12,3,12/3/2020,21,13.896,100.203,1.128,560.7645585,0.709644389
12/3/2020 21:00,2020,12,3,12/3/2020,22,13.384,98.594,1.118,560.7372776435354,0.709609865
12/3/2020 22:00,2020,12,3,12/3/2020,23,14.219,99.018,1.134,560.7100200310585,0.709575371
12/3/2020 23:00,2020,12,3,12/3/2020,24,15.03,97.853,1.151,519.2804678779446,0.657146506
12/4/2020 0:00,2020,12,4,12/4/2020,1,12.412,99.951,1.098,477.8509390059794,0.60471767
12/4/2020 1:00,2020,12,4,12/4/2020,2,12.34,98.779,1.097,477.82375123693646,0.604683264
12/4/2020 2:00,2020,12,4,12/4/2020,3,10.009,100.598,1.08,477.7965867770282,0.604648888
12/4/2020 3:00,2020,12,4,12/4/2020,4,9.454,100.034,1.08,477.76944564022966,0.604614541
12/4/2020 4:00,2020,12,4,12/4/2020,5,8.389,98.976,1.08,477.7423278405039,0.604580224
12/4/2020 5:00,2020,12,4,12/4/2020,6,8.746,101.584,1.08,477.7152333918018,0.604545936
12/4/2020 6:00,2020,12,4,12/4/2020,7,6.214,100.96,1.08,477.6881623080625,0.604511677
12/4/2020 7:00,2020,12,4,12/4/2020,8,7.257,99.876,1.08,509.76056259189215,0.645099119
12/4/2020 8:00,2020,12,4,12/4/2020,9,6.69,100.565,1.08,587.2284609588069,0.743134308
12/4/2020 9:00,2020,12,4,12/4/2020,10,4.866,100.629,1.08,664.6963827,0.841169527
12/4/2020 10:00,2020,12,4,12/4/2020,11,6.152,101.262,1.08,696.7688532363695,0.881757057
12/4/2020 11:00,2020,12,4,12/4/2020,12,5.232,103.616,1.08,696.7418991861082,0.881722947
12/4/2020 12:00,2020,12,4,12/4/2020,13,7.337,102.596,1.08,696.7149685841908,0.881688867
12/4/2020 13:00,2020,12,4,12/4/2020,14,8.815,102.291,1.08,696.6880614444724,0.881654816
12/4/2020 14:00,2020,12,4,12/4/2020,15,8.562,102.77,1.08,696.6611777807952,0.881620795
12/4/2020 15:00,2020,12,4,12/4/2020,16,10.062,102.945,1.08,696.6343176069904,0.881586803
12/4/2020 16:00,2020,12,4,12/4/2020,17,9.431,100.991,1.08,696.6074809368758,0.881552842
12/4/2020 17:00,2020,12,4,12/4/2020,18,13.307,102.175,1.116,696.5806677842583,0.88151891
12/4/2020 18:00,2020,12,4,12/4/2020,19,12.214,101.757,1.094,696.5538781629318,0.881485008
12/4/2020 19:00,2020,12,4,12/4/2020,20,13.833,103.257,1.127,628.3350592268148,0.795154477
12/4/2020 20:00,2020,12,4,12/4/2020,21,14.553,99.325,1.141,560.1162638495409,0.708823975
12/4/2020 21:00,2020,12,4,12/4/2020,22,15.275,101.255,1.156,560.0895449047329,0.708790163
12/4/2020 22:00,2020,12,4,12/4/2020,23,14.095,100.292,1.132,560.0628495,0.70875638
12/4/2020 23:00,2020,12,4,12/4/2020,24,14.46,99.975,1.139,518.6338599801173,0.656328227
12/5/2020 0:00,2020,12,5,12/5/2020,1,12.843,99.625,1.107,477.20489402776514,0.603900104
12/5/2020 1:00,2020,12,5,12/5/2020,2,11.075,100.427,1.08,477.1782695106995,0.603866411
12/5/2020 2:00,2020,12,5,12/5/2020,3,12.133,97.669,1.093,477.1516686348431,0.603832748
12/5/2020 3:00,2020,12,5,12/5/2020,4,9.693,97.668,1.08,477.12509141388074,0.603799114
12/5/2020 4:00,2020,12,5,12/5/2020,5,8.31,99.465,1.08,477.0985378614856,0.603765511
12/5/2020 5:00,2020,12,5,12/5/2020,6,7.306,102.005,1.08,477.07200799131834,0.603731938
12/5/2020 6:00,2020,12,5,12/5/2020,7,5.455,100.697,1.08,477.04550181702734,0.603698394
12/5/2020 7:00,2020,12,5,12/5/2020,8,6.318,100.297,1.08,509.11846734092853,0.644286551
12/5/2020 8:00,2020,12,5,12/5/2020,9,4.757,101.068,1.08,586.5869312782468,0.742322456
12/5/2020 9:00,2020,12,5,12/5/2020,10,6.618,102.957,1.08,664.0554189523141,0.840358391
12/5/2020 10:00,2020,12,5,12/5/2020,11,5.546,101.893,1.08,696.1284556864498,0.880946638
12/5/2020 11:00,2020,12,5,12/5/2020,12,6.987,99.63,1.08,696.1020681958422,0.880913245
12/5/2020 12:00,2020,12,5,12/5/2020,13,5.927,101.268,1.08,696.0757044827462,0.880879881
12/5/2020 13:00,2020,12,5,12/5/2020,14,7.376,101.801,1.08,696.0493645607247,0.880846548
12/5/2020 14:00,2020,12,5,12/5/2020,15,9.568,100.477,1.08,696.0230484433287,0.880813245
12/5/2020 15:00,2020,12,5,12/5/2020,16,10.929,103.063,1.08,695.9967561440966,0.880779973
12/5/2020 16:00,2020,12,5,12/5/2020,17,12.07,102.003,1.091,695.9704876765547,0.88074673
12/5/2020 17:00,2020,12,5,12/5/2020,18,12.58,101.113,1.102,695.9442430542174,0.880713518
12/5/2020 18:00,2020,12,5,12/5/2020,19,12.204,101.675,1.094,695.9180222905861,0.880680335
12/5/2020 19:00,2020,12,5,12/5/2020,20,14.59,104.4,1.142,627.6997725392865,0.794350525
12/5/2020 20:00,2020,12,5,12/5/2020,21,13.416,98.999,1.118,559.4815466736598,0.708020744
12/5/2020 21:00,2020,12,5,12/5/2020,22,13.941,100.345,1.129,559.4553975670351,0.707987653
12/5/2020 22:00,2020,12,5,12/5/2020,23,14.826,99.212,1.147,559.4292723730011,0.707954592
12/5/2020 23:00,2020,12,5,12/5/2020,24,13.342,100.227,1.117,518.0008532972233,0.655527161
12/6/2020 0:00,2020,12,6,12/6/2020,1,12.777,99.23,1.106,476.57245816090466,0.60309976
12/6/2020 1:00,2020,12,6,12/6/2020,2,11.995,97.871,1.09,476.5464047852354,0.60306679
12/6/2020 2:00,2020,12,6,12/6/2020,3,11.877,99.168,1.088,476.52037537584414,0.60303385
12/6/2020 3:00,2020,12,6,12/6/2020,4,10.65,100.426,1.08,476.4943699461222,0.60300094
12/6/2020 4:00,2020,12,6,12/6/2020,5,10.608,99.462,1.08,476.46838850944835,0.602968061
12/6/2020 5:00,2020,12,6,12/6/2020,6,8.189,101.134,1.08,476.4424310791889,0.602935212
12/6/2020 6:00,2020,12,6,12/6/2020,7,7.642,99.573,1.08,476.4164976686979,0.602902393
12/6/2020 7:00,2020,12,6,12/6/2020,8,5.445,99.323,1.08,508.49003627999633,0.643491275
12/6/2020 8:00,2020,12,6,12/6/2020,9,6.4,101.528,1.08,585.9590736280145,0.741527906
12/6/2020 9:00,2020,12,6,12/6/2020,10,6.487,101.433,1.08,663.4281350357892,0.839564566
12/6/2020 10:00,2020,12,6,12/6/2020,11,6.234,100.994,1.08,695.5017458263446,0.88015354
12/6/2020 11:00,2020,12,6,12/6/2020,12,4.682,102.119,1.08,695.4759327145741,0.880120874
12/6/2020 12:00,2020,12,6,12/6/2020,13,5.554,100.397,1.08,695.4501437024364,0.880088238
12/6/2020 13:00,2020,12,6,12/6/2020,14,7.292,101.043,1.08,695.4243788031995,0.880055632
12/6/2020 14:00,2020,12,6,12/6/2020,15,8.982,101.931,1.08,695.3986380301178,0.880023058
12/6/2020 15:00,2020,12,6,12/6/2020,16,9.215,103.044,1.08,695.3729213964343,0.879990513
12/6/2020 16:00,2020,12,6,12/6/2020,17,11.498,101.683,1.08,695.3472289153791,0.879958
12/6/2020 17:00,2020,12,6,12/6/2020,18,12.05,102.273,1.091,695.3215606,0.879925517
12/6/2020 18:00,2020,12,6,12/6/2020,19,13.507,103.3,1.12,695.2959165,0.879893064
12/6/2020 19:00,2020,12,6,12/6/2020,20,14.107,102.519,1.132,627.0782436602342,0.793563984
12/6/2020 20:00,2020,12,6,12/6/2020,21,13.643,100.944,1.123,558.8605950618808,0.707234934
12/6/2020 21:00,2020,12,6,12/6/2020,22,14.844,99.313,1.147,558.8350235419844,0.707202573
12/6/2020 22:00,2020,12,6,12/6/2020,23,14.79,99.695,1.146,558.8094763,0.707170243
12/6/2020 23:00,2020,12,6,12/6/2020,24,13.403,100.318,1.118,517.3816354028041,0.654743544
12/7/2020 0:00,2020,12,7,12/7/2020,1,13.037,99.886,1.111,475.95381880979414,0.602316876
12/7/2020 1:00,2020,12,7,12/7/2020,2,11.752,98.444,1.085,475.9283442956986,0.602284638
12/7/2020 2:00,2020,12,7,12/7/2020,3,10.734,99.128,1.08,475.90289406584856,0.602252431
12/7/2020 3:00,2020,12,7,12/7/2020,4,9.695,100.308,1.08,475.8774681333372,0.602220254
12/7/2020 4:00,2020,12,7,12/7/2020,5,9.424,99.053,1.08,475.85206651124497,0.602188109
12/7/2020 5:00,2020,12,7,12/7/2020,6,6.335,97.975,1.08,475.8266892126401,0.602155994
12/7/2020 6:00,2020,12,7,12/7/2020,7,7.567,101.216,1.08,475.80133625057823,0.60212391
12/7/2020 7:00,2020,12,7,12/7/2020,8,7.01,100.324,1.08,507.87545562678173,0.642713527
12/7/2020 8:00,2020,12,7,12/7/2020,9,5.932,100.991,1.08,585.3450740558819,0.740750893
12/7/2020 9:00,2020,12,7,12/7/2020,10,6.136,103.22,1.08,662.8147168606167,0.838788289
12/7/2020 10:00,2020,12,7,12/7/2020,11,6.624,101.729,1.08,694.8889093637115,0.879377999
12/7/2020 11:00,2020,12,7,12/7/2020,12,4.991,102.643,1.08,694.8636782797598,0.879346069
12/7/2020 12:00,2020,12,7,12/7/2020,13,5.978,102.457,1.08,694.8384716104217,0.87931417
12/7/2020 13:00,2020,12,7,12/7/2020,14,8.674,101.725,1.08,694.8132893686648,0.879282302
12/7/2020 14:00,2020,12,7,12/7/2020,15,9.512,103.615,1.08,694.7881315674442,0.879250465
12/7/2020 15:00,2020,12,7,12/7/2020,16,10.779,99.674,1.08,694.7629982197029,0.879218659
12/7/2020 16:00,2020,12,7,12/7/2020,17,9.917,102.792,1.08,694.7378893383709,0.879186884
12/7/2020 17:00,2020,12,7,12/7/2020,18,13.163,101.87,1.113,694.7128049363655,0.87915514
12/7/2020 18:00,2020,12,7,12/7/2020,19,11.276,101.773,1.08,694.687745,0.879123427
12/7/2020 19:00,2020,12,7,12/7/2020,20,14.904,100.608,1.148,626.4706567620781,0.792795086
12/7/2020 20:00,2020,12,7,12/7/2020,21,15.053,100.49,1.151,558.253593,0.706466776
12/7/2020 21:00,2020,12,7,12/7/2020,22,14.493,99.348,1.14,558.2286066597928,0.706435156
12/7/2020 22:00,2020,12,7,12/7/2020,23,13.353,100.37,1.117,558.2036448,0.706403567
12/7/2020 23:00,2020,12,7,12/7/2020,24,14.911,100.434,1.148,516.7763897844858,0.653977609
12/8/2020 0:00,2020,12,8,12/8/2020,1,13.387,100.729,1.118,475.34915929062475,0.601551682
12/8/2020 1:00,2020,12,8,12/8/2020,2,11.635,100.091,1.083,475.3242711867513,0.601520187
12/8/2020 2:00,2020,12,8,12/8/2020,3,11.277,99.638,1.08,475.2994076778947,0.601488722
12/8/2020 3:00,2020,12,8,12/8/2020,4,9.529,101.252,1.08,475.27456877684637,0.601457288
12/8/2020 4:00,2020,12,8,12/8/2020,5,8.348,100.163,1.08,475.24975449638464,0.601425886
12/8/2020 5:00,2020,12,8,12/8/2020,6,6.047,98.946,1.08,475.2249648492757,0.601394515
12/8/2020 6:00,2020,12,8,12/8/2020,7,7.651,99.494,1.08,475.20019984827286,0.601363175
12/8/2020 7:00,2020,12,8,12/8/2020,8,4.531,98.514,1.08,507.2749074947957,0.641953537
12/8/2020 8:00,2020,12,8,12/8/2020,9,6.318,102.584,1.08,584.7451145031735,0.739991647
12/8/2020 9:00,2020,12,8,12/8/2020,10,6.604,100.594,1.08,662.2153461958408,0.838029789
12/8/2020 10:00,2020,12,8,12/8/2020,11,4.216,101.173,1.08,694.2901278952202,0.878620244
12/8/2020 11:00,2020,12,8,12/8/2020,12,6.66,102.379,1.08,694.2654863156023,0.878589061
12/8/2020 12:00,2020,12,8,12/8/2020,13,6.802,102.739,1.08,694.2408694583437,0.878557908
12/8/2020 13:00,2020,12,8,12/8/2020,14,6.569,101.049,1.08,694.2162773361085,0.878526787
12/8/2020 14:00,2020,12,8,12/8/2020,15,9.339,101.862,1.08,694.1917099615484,0.878495697
12/8/2020 15:00,2020,12,8,12/8/2020,16,9.984,101.94,1.08,694.1671673473028,0.878464638
12/8/2020 16:00,2020,12,8,12/8/2020,17,11.659,102.104,1.083,694.1426495059973,0.878433611
12/8/2020 17:00,2020,12,8,12/8/2020,18,12.258,100.714,1.095,694.1181564502456,0.878402615
12/8/2020 18:00,2020,12,8,12/8/2020,19,13.568,103.114,1.121,694.0936881926483,0.878371651
12/8/2020 19:00,2020,12,8,12/8/2020,20,14.98,102.412,1.15,625.8771918859294,0.792044059
12/8/2020 20:00,2020,12,8,12/8/2020,21,13.816,100.865,1.126,557.6607204025278,0.705716499
12/8/2020 21:00,2020,12,8,12/8/2020,22,14.203,100.43,1.134,557.6363266148705,0.705685629
12/8/2020 22:00,2020,12,8,12/8/2020,23,13.996,99.578,1.13,557.6119576756429,0.70565479
12/8/2020 23:00,2020,12,8,12/8/2020,24,13.512,99.961,1.12,516.1852958,0.653229583
12/9/2020 0:00,2020,12,9,12/9/2020,1,13.742,98.926,1.125,474.75865877706156,0.600804407
12/9/2020 1:00,2020,12,9,12/9/2020,2,12.407,100.528,1.098,474.7343644582926,0.600773663
12/9/2020 2:00,2020,12,9,12/9/2020,3,10.755,101.018,1.08,474.7100950380237,0.60074295
12/9/2020 3:00,2020,12,9,12/9/2020,4,9.111,98.655,1.08,474.68585052874084,0.600712269
12/9/2020 4:00,2020,12,9,12/9/2020,5,8.991,100.114,1.08,474.6616309429166,0.600681619
12/9/2020 5:00,2020,12,9,12/9/2020,6,8.263,100.949,1.08,474.6374362930109,0.600651001
12/9/2020 6:00,2020,12,9,12/9/2020,7,8.098,99.781,1.08,474.6132665914712,0.600620414
12/9/2020 7:00,2020,12,9,12/9/2020,8,6.212,102.394,1.08,506.6885698,0.64121153
12/9/2020 8:00,2020,12,9,12/9/2020,9,5.333,99.83,1.08,584.1593727508526,0.739250394
12/9/2020 9:00,2020,12,9,12/9/2020,10,3.598,100.951,1.08,661.6302006479247,0.83728929
12/9/2020 10:00,2020,12,9,12/9/2020,11,4.891,101.601,1.08,693.7055788527426,0.877880501
12/9/2020 11:00,2020,12,9,12/9/2020,12,5.437,100.289,1.08,693.6815340792903,0.877850072
12/9/2020 12:00,2020,12,9,12/9/2020,13,7.448,100.435,1.08,693.6575143286173,0.877819675
12/9/2020 13:00,2020,12,9,12/9/2020,14,7.647,100.541,1.08,693.6335196130805,0.87778931
12/9/2020 14:00,2020,12,9,12/9/2020,15,10.03,100.851,1.08,693.6095499450244,0.877758977
12/9/2020 15:00,2020,12,9,12/9/2020,16,9.845,99.957,1.08,693.5856053367803,0.877728675
12/9/2020 16:00,2020,12,9,12/9/2020,17,11.124,101.563,1.08,693.5616858,0.877698405
12/9/2020 17:00,2020,12,9,12/9/2020,18,11.17,100.404,1.08,693.5377913489899,0.877668167
12/9/2020 18:00,2020,12,9,12/9/2020,19,12.314,99.452,1.096,693.5139219940418,0.87763796
12/9/2020 19:00,2020,12,9,12/9/2020,20,13.59,100.532,1.122,625.2980248882385,0.791311127
12/9/2020 20:00,2020,12,9,12/9/2020,21,14.399,100.523,1.138,557.0821529037107,0.704984325
12/9/2020 21:00,2020,12,9,12/9/2020,22,14.428,100.022,1.139,557.0583589125771,0.704954214
12/9/2020 22:00,2020,12,9,12/9/2020,23,14.233,99.914,1.135,557.0345900672141,0.704924135
12/9/2020 23:00,2020,12,9,12/9/2020,24,14.303,99.032,1.136,515.6085285720756,0.652499687
12/10/2020 0:00,2020,12,10,12/10/2020,1,12.754,100.212,1.105,474.18249224715095,0.600075272
12/10/2020 1:00,2020,12,10,12/10/2020,2,10.726,100.139,1.08,474.1587989124173,0.600045288
12/10/2020 2:00,2020,12,10,12/10/2020,3,10.605,101.016,1.08,474.13513077228924,0.600015336
12/10/2020 3:00,2020,12,10,12/10/2020,4,9.026,99.567,1.08,474.1114878389431,0.599985416
12/10/2020 4:00,2020,12,10,12/10/2020,5,7.926,100.844,1.08,474.0878701245422,0.599955528
12/10/2020 5:00,2020,12,10,12/10/2020,6,8.246,99.437,1.08,474.0642776412368,0.599925672
12/10/2020 6:00,2020,12,10,12/10/2020,7,6.766,99.45,1.08,474.04071040116446,0.599895848
12/10/2020 7:00,2020,12,10,12/10/2020,8,6.59,100.417,1.08,506.11661640512887,0.640487726
12/10/2020 8:00,2020,12,10,12/10/2020,9,6.487,100.425,1.08,583.5880223668422,0.738527354
12/10/2020 9:00,2020,12,10,12/10/2020,10,5.006,99.198,1.08,661.0594536081227,0.836567013
12/10/2020 10:00,2020,12,10,12/10/2020,11,5.305,100.394,1.08,693.1354354507757,0.877158988
12/10/2020 11:00,2020,12,10,12/10/2020,12,5.731,99.289,1.08,693.1119946084742,0.877129323
12/10/2020 12:00,2020,12,10,12/10/2020,13,6.159,99.347,1.08,693.0885790819572,0.877099691
12/10/2020 13:00,2020,12,10,12/10/2020,14,7.473,99.925,1.08,693.0651888832709,0.877070091
12/10/2020 14:00,2020,12,10,12/10/2020,15,9.065,100.383,1.08,693.0418240244485,0.877040523
12/10/2020 15:00,2020,12,10,12/10/2020,16,11.577,100.871,1.082,693.0184845175105,0.877010987
12/10/2020 16:00,2020,12,10,12/10/2020,17,11.351,99.409,1.08,692.9951703744641,0.876981483
12/10/2020 17:00,2020,12,10,12/10/2020,18,12.502,99.899,1.1,692.9718816073034,0.876952011
12/10/2020 18:00,2020,12,10,12/10/2020,19,13.249,97.959,1.115,692.9486182280095,0.876922571
12/10/2020 19:00,2020,12,10,12/10/2020,20,14.796,98.979,1.146,624.7333273886866,0.790596505
12/10/2020 20:00,2020,12,10,12/10/2020,21,14.869,100.561,1.147,556.5180619611533,0.704270471
12/10/2020 21:00,2020,12,10,12/10/2020,22,14.468,101.17,1.139,556.4948748172162,0.704241128
12/10/2020 22:00,2020,12,10,12/10/2020,23,14.593,101.053,1.142,556.4717131,0.704211817
12/10/2020 23:00,2020,12,10,12/10/2020,24,13.014,99.625,1.11,515.0462590404654,0.651788138
12/11/2020 0:00,2020,12,11,12/11/2020,1,12.297,100.396,1.096,473.62083043147027,0.599364492
12/11/2020 1:00,2020,12,11,12/11/2020,2,12.764,100.634,1.105,473.59774510161844,0.599335278
12/11/2020 2:00,2020,12,11,12/11/2020,3,9.542,99.943,1.08,473.57468525501184,0.599306095
12/11/2020 3:00,2020,12,11,12/11/2020,4,11.055,99.801,1.08,473.5516509035139,0.599276946
12/11/2020 4:00,2020,12,11,12/11/2020,5,7.435,101.122,1.08,473.5286420589748,0.599247828
12/11/2020 5:00,2020,12,11,12/11/2020,6,7.783,100.932,1.08,473.50565873323177,0.599218743
12/11/2020 6:00,2020,12,11,12/11/2020,7,6.237,98.466,1.08,473.4827009381087,0.59918969
12/11/2020 7:00,2020,12,11,12/11/2020,8,4.465,99.056,1.08,505.55921667409575,0.63978234
12/11/2020 8:00,2020,12,11,12/11/2020,9,4.573,103.178,1.08,583.0312326545916,0.737822739
12/11/2020 9:00,2020,12,11,12/11/2020,10,4.909,102.037,1.08,660.5032742011006,0.835863171
12/11/2020 10:00,2020,12,11,12/11/2020,11,6.499,101.981,1.08,692.5798666351141,0.876455918
12/11/2020 11:00,2020,12,11,12/11/2020,12,5.743,100.645,1.08,692.5570367,0.876427027
12/11/2020 12:00,2020,12,11,12/11/2020,13,7.973,102.29,1.08,692.5342323061559,0.876398168
12/11/2020 13:00,2020,12,11,12/11/2020,14,7.807,100.647,1.08,692.5114535553406,0.876369342
12/11/2020 14:00,2020,12,11,12/11/2020,15,8.009,102.774,1.08,692.4887004,0.876340548
12/11/2020 15:00,2020,12,11,12/11/2020,16,10.382,102.994,1.08,692.4659729396316,0.876311786
12/11/2020 16:00,2020,12,11,12/11/2020,17,12.483,101.339,1.1,692.4432710981357,0.876283057
12/11/2020 17:00,2020,12,11,12/11/2020,18,12.56,101.891,1.101,692.4205949164557,0.876254361
12/11/2020 18:00,2020,12,11,12/11/2020,19,12.151,102.914,1.093,692.3979444062575,0.876225697
12/11/2020 19:00,2020,12,11,12/11/2020,20,12.711,104.064,1.104,624.1832667193296,0.789900407
12/11/2020 20:00,2020,12,11,12/11/2020,21,11.986,101.744,1.09,555.9686147271757,0.703575149
12/11/2020 21:00,2020,12,11,12/11/2020,22,15.752,101.131,1.165,555.9460413012864,0.703546582
12/11/2020 22:00,2020,12,11,12/11/2020,23,14.045,99.008,1.131,555.9234935934107,0.703518048
12/11/2020 23:00,2020,12,11,12/11/2020,24,13.782,99.861,1.126,514.4986538,0.651095147
12/12/2020 0:00,2020,12,12,12/12/2020,1,13.014,100.287,1.11,473.0738397625372,0.598672278
12/12/2020 1:00,2020,12,12,12/12/2020,2,12.459,100.825,1.099,473.0513692782486,0.598643842
12/12/2020 2:00,2020,12,12,12/12/2020,3,11.136,100.821,1.08,473.0289245582938,0.598615438
12/12/2020 3:00,2020,12,12,12/12/2020,4,10.019,100.788,1.08,473.0065056142195,0.598587067
12/12/2020 4:00,2020,12,12,12/12/2020,5,8.101,101.851,1.08,472.98411245755943,0.598558729
12/12/2020 5:00,2020,12,12,12/12/2020,6,7.138,100.85,1.08,472.9617450998341,0.598530423
12/12/2020 6:00,2020,12,12,12/12/2020,7,7.354,99.864,1.08,472.9394035525504,0.59850215
12/12/2020 7:00,2020,12,12,12/12/2020,8,5.52,99.406,1.08,505.01653581588164,0.63909558
12/12/2020 8:00,2020,12,12,12/12/2020,9,6.455,103.49,1.08,582.4891686029091,0.73713676
12/12/2020 9:00,2020,12,12,12/12/2020,10,6.167,102.651,1.08,659.9618272,0.835177973
12/12/2020 10:00,2020,12,12,12/12/2020,11,4.805,102.025,1.08,692.039037,0.875771501
12/12/2020 11:00,2020,12,12,12/12/2020,12,5.509,102.588,1.08,692.0168247098546,0.875743392
12/12/2020 12:00,2020,12,12,12/12/2020,13,7.666,102.598,1.08,691.9946382661267,0.875715315
12/12/2020 13:00,2020,12,12,12/12/2020,14,7.388,102.543,1.08,691.9724777,0.875687271
12/12/2020 14:00,2020,12,12,12/12/2020,15,9.197,101.659,1.08,691.9503430619294,0.87565926
12/12/2020 15:00,2020,12,12,12/12/2020,16,9.599,102.157,1.08,691.9282343242483,0.875631281
12/12/2020 16:00,2020,12,12,12/12/2020,17,11.537,100.244,1.081,691.9061515113488,0.875603336
12/12/2020 17:00,2020,12,12,12/12/2020,18,11.41,101.147,1.08,691.8840946345913,0.875575423
12/12/2020 18:00,2020,12,12,12/12/2020,19,11.899,103.36,1.088,691.8620637053235,0.875547543
12/12/2020 19:00,2020,12,12,12/12/2020,20,13.139,101.938,1.113,623.6480058750153,0.789223037
12/12/2020 20:00,2020,12,12,12/12/2020,21,14.374,100.545,1.137,555.4339740148514,0.702898564
12/12/2020 21:00,2020,12,12,12/12/2020,22,14.325,99.344,1.136,555.4120209960033,0.702870783
12/12/2020 22:00,2020,12,12,12/12/2020,23,14.039,99.162,1.131,555.3900939699007,0.702843034
12/12/2020 23:00,2020,12,12,12/12/2020,24,12.674,101.08,1.103,513.9658751400498,0.650420919
12/13/2020 0:00,2020,12,13,12/13/2020,1,12.992,98.309,1.11,472.5416823,0.597998836
12/13/2020 1:00,2020,12,13,12/13/2020,2,11.879,100.573,1.088,472.51983334525613,0.597971186
12/13/2020 2:00,2020,12,13,12/13/2020,3,10.609,101.374,1.08,472.49801040280795,0.597943569
12/13/2020 3:00,2020,12,13,12/13/2020,4,10.33,99.625,1.08,472.4762135093743,0.597915986
12/13/2020 4:00,2020,12,13,12/13/2020,5,9.144,98.278,1.08,472.4544426761689,0.597888435
12/13/2020 5:00,2020,12,13,12/13/2020,6,7.457,99.148,1.08,472.4326979,0.597860917
12/13/2020 6:00,2020,12,13,12/13/2020,7,5.98,98.475,1.08,472.41097923523034,0.597833432
12/13/2020 7:00,2020,12,13,12/13/2020,8,5.317,99.355,1.08,504.48873463853687,0.638427651
12/13/2020 8:00,2020,12,13,12/13/2020,9,5.92,101.009,1.08,581.9619908,0.73646962
12/13/2020 9:00,2020,12,13,12/13/2020,10,5.251,100.867,1.08,659.4352731517024,0.834511622
12/13/2020 10:00,2020,12,13,12/13/2020,11,5.818,102.905,1.08,691.5131069032808,0.87510594
12/13/2020 11:00,2020,12,13,12/13/2020,12,5.983,105.008,1.08,691.4915188045278,0.87507862
12/13/2020 12:00,2020,12,13,12/13/2020,13,7.578,101.757,1.08,691.4699568552289,0.875051334
12/13/2020 13:00,2020,12,13,12/13/2020,14,7.064,102.296,1.08,691.4484210664771,0.87502408
12/13/2020 14:00,2020,12,13,12/13/2020,15,8.928,100.505,1.08,691.4269114493513,0.87499686
12/13/2020 15:00,2020,12,13,12/13/2020,16,10.472,101.541,1.08,691.4054280149176,0.874969673
12/13/2020 16:00,2020,12,13,12/13/2020,17,11.133,105.761,1.08,691.3839707742283,0.874942519
12/13/2020 17:00,2020,12,13,12/13/2020,18,11.139,103.443,1.08,691.3625397383221,0.874915398
12/13/2020 18:00,2020,12,13,12/13/2020,19,13.073,101.286,1.111,691.3411349182248,0.87488831
12/13/2020 19:00,2020,12,13,12/13/2020,20,13.859,103.397,1.127,623.1277034650839,0.788564597
12/13/2020 20:00,2020,12,13,12/13/2020,21,14.294,100.803,1.136,554.9142982497619,0.702240917
12/13/2020 21:00,2020,12,13,12/13/2020,22,14.672,99.369,1.143,554.8929721431082,0.702213929
12/13/2020 22:00,2020,12,13,12/13/2020,23,14.45,99.753,1.139,554.8716722962299,0.702186974
12/13/2020 23:00,2020,12,13,12/13/2020,24,13.959,100.079,1.129,513.4480809123102,0.649765653
12/14/2020 0:00,2020,12,14,12/14/2020,1,14.082,100.294,1.132,472.0245158100682,0.597344365
12/14/2020 1:00,2020,12,14,12/14/2020,2,12.22,99.358,1.094,472.0032948082094,0.59731751
12/14/2020 2:00,2020,12,14,12/14/2020,3,11.774,100.324,1.085,471.9821001098766,0.597290688
12/14/2020 3:00,2020,12,14,12/14/2020,4,9.696,100.151,1.08,471.9609317259736,0.597263899
12/14/2020 4:00,2020,12,14,12/14/2020,5,9.702,99.377,1.08,471.93978966739064,0.597237144
12/14/2020 5:00,2020,12,14,12/14/2020,6,8.228,100.879,1.08,471.91867394500446,0.597210422
12/14/2020 6:00,2020,12,14,12/14/2020,7,7.013,99.231,1.08,471.89758456967826,0.597183734
12/14/2020 7:00,2020,12,14,12/14/2020,8,6.215,99.674,1.08,503.9759695,0.637778749
12/14/2020 8:00,2020,12,14,12/14/2020,9,5.254,101.851,1.08,581.4498555712296,0.735821516
12/14/2020 9:00,2020,12,14,12/14/2020,10,5.099,100.317,1.08,658.9237679810865,0.833864315
12/14/2020 10:00,2020,12,14,12/14/2020,11,6.861,101.73,1.08,691.0022320910402,0.874459431
12/14/2020 11:00,2020,12,14,12/14/2020,12,5.606,101.538,1.08,690.9812746134872,0.874432909
12/14/2020 12:00,2020,12,14,12/14/2020,13,5.528,101.384,1.08,690.9603435478884,0.874406421
12/14/2020 13:00,2020,12,14,12/14/2020,14,6.738,101.037,1.08,690.9394389050123,0.874379966
12/14/2020 14:00,2020,12,14,12/14/2020,15,8.413,102.009,1.08,690.9185606956132,0.874353545
12/14/2020 15:00,2020,12,14,12/14/2020,16,10.782,102.277,1.08,690.8977089304321,0.874327157
12/14/2020 16:00,2020,12,14,12/14/2020,17,9.987,100.601,1.08,690.8768836201966,0.874300803
12/14/2020 17:00,2020,12,14,12/14/2020,18,13.363,100.632,1.117,690.8560847756203,0.874274482
12/14/2020 18:00,2020,12,14,12/14/2020,19,13.204,101.099,1.114,690.8353124074034,0.874248195
12/14/2020 19:00,2020,12,14,12/14/2020,20,13.276,102.604,1.116,622.6225136663684,0.787925282
12/14/2020 20:00,2020,12,14,12/14/2020,21,12.525,99.324,1.1,554.4097414230523,0.701602403
12/14/2020 21:00,2020,12,14,12/14/2020,22,13.073,100.174,1.111,554.3890485479785,0.701576217
12/14/2020 22:00,2020,12,14,12/14/2020,23,13.796,102.77,1.126,554.3683821919287,0.701550064
12/14/2020 23:00,2020,12,14,12/14/2020,24,13.862,101.288,1.127,512.9454246,0.649129544
12/15/2020 0:00,2020,12,15,12/15/2020,1,11.433,100.369,1.08,471.5224934638656,0.596709058
12/15/2020 1:00,2020,12,15,12/15/2020,2,12.34,101.272,1.097,471.5019067286248,0.596683006
12/15/2020 2:00,2020,12,15,12/15/2020,3,10.551,98.442,1.08,471.4813466,0.596656987
12/15/2020 3:00,2020,12,15,12/15/2020,4,10.054,100.541,1.08,471.4608129531305,0.596631002
12/15/2020 4:00,2020,12,15,12/15/2020,5,9.8,101.003,1.08,471.44030593401817,0.59660505
12/15/2020 5:00,2020,12,15,12/15/2020,6,9.062,100.299,1.08,471.41982550806694,0.596579133
12/15/2020 6:00,2020,12,15,12/15/2020,7,7.009,98.947,1.08,471.3993716858132,0.596553248
12/15/2020 7:00,2020,12,15,12/15/2020,8,5.07,102.108,1.08,503.4783924664589,0.637149068
12/15/2020 8:00,2020,12,15,12/15/2020,9,4.081,102.478,1.08,580.9529146,0.73519264
12/15/2020 9:00,2020,12,15,12/15/2020,10,5.346,101.708,1.08,658.4274632929935,0.833236244
12/15/2020 10:00,2020,12,15,12/15/2020,11,6.069,100.627,1.08,690.5065639792989,0.873832165
12/15/2020 11:00,2020,12,15,12/15/2020,12,4.829,102.991,1.08,690.4862433330986,0.87380645
12/15/2020 12:00,2020,12,15,12/15/2020,13,4.872,100.663,1.08,690.4659493535265,0.873780768
12/15/2020 13:00,2020,12,15,12/15/2020,14,7.091,102.093,1.08,690.4456820510228,0.87375512
12/15/2020 14:00,2020,12,15,12/15/2020,15,8.383,102.209,1.08,690.4254414360144,0.873729505
12/15/2020 15:00,2020,12,15,12/15/2020,16,10.274,101.163,1.08,690.4052275,0.873703925
12/15/2020 16:00,2020,12,15,12/15/2020,17,11.043,102.24,1.08,690.3850403101211,0.873678378
12/15/2020 17:00,2020,12,15,12/15/2020,18,11.383,101.217,1.08,690.3648798200211,0.873652865
12/15/2020 18:00,2020,12,15,12/15/2020,19,13.539,101.778,1.121,690.3447460589857,0.873627386
12/15/2020 19:00,2020,12,15,12/15/2020,20,12.68,100.809,1.104,622.1325862,0.787305282
12/15/2020 20:00,2020,12,15,12/15/2020,21,13.519,100.395,1.12,553.9204530457991,0.700983212
12/15/2020 21:00,2020,12,15,12/15/2020,22,13.65,101.586,1.123,553.9003995340508,0.700957834
12/15/2020 22:00,2020,12,15,12/15/2020,23,14.142,101.124,1.133,553.8803727927168,0.70093249
12/15/2020 23:00,2020,12,15,12/15/2020,24,15.518,100.217,1.16,512.4580550243252,0.648512781
12/16/2020 0:00,2020,12,16,12/16/2020,1,12.717,100.532,1.104,471.03576404693996,0.596093105
12/16/2020 1:00,2020,12,16,12/16/2020,2,12.485,99.829,1.1,471.0158177,0.596067863
12/16/2020 2:00,2020,12,16,12/16/2020,3,12.619,98.979,1.102,470.99589812182535,0.596042655
12/16/2020 3:00,2020,12,16,12/16/2020,4,11.694,100.929,1.084,470.9760053868308,0.596017481
12/16/2020 4:00,2020,12,16,12/16/2020,5,7.613,97.672,1.08,470.9561394838615,0.595992341
12/16/2020 5:00,2020,12,16,12/16/2020,6,7.453,98.576,1.08,470.9363004231374,0.595967234
12/16/2020 6:00,2020,12,16,12/16/2020,7,6.624,100.425,1.08,470.9164882148651,0.595942162
12/16/2020 7:00,2020,12,16,12/16/2020,8,5.183,101.531,1.08,502.9961508579165,0.636538794
12/16/2020 8:00,2020,12,16,12/16/2020,9,5.62,99.851,1.08,580.4713150640711,0.734583178
12/16/2020 9:00,2020,12,16,12/16/2020,10,6.523,99.46,1.08,657.9465061532137,0.832627596
12/16/2020 10:00,2020,12,16,12/16/2020,11,5.339,98.023,1.08,690.0262494452154,0.87322433
12/16/2020 11:00,2020,12,16,12/16/2020,12,7.225,100.082,1.08,690.0065717,0.873199428
12/16/2020 12:00,2020,12,16,12/16/2020,13,6.962,100.069,1.08,689.9869207718127,0.87317456
12/16/2020 13:00,2020,12,16,12/16/2020,14,8.317,102.719,1.08,689.9672968153207,0.873149726
12/16/2020 14:00,2020,12,16,12/16/2020,15,9.634,101.022,1.08,689.9476997924339,0.873124926
12/16/2020 15:00,2020,12,16,12/16/2020,16,11.629,100.448,1.083,689.9281297132343,0.87310016
12/16/2020 16:00,2020,12,16,12/16/2020,17,9.95,97.901,1.08,689.9085865877896,0.873075428
12/16/2020 17:00,2020,12,16,12/16/2020,18,12.695,99.042,1.104,689.8890704261543,0.873050731
12/16/2020 18:00,2020,12,16,12/16/2020,19,12.938,99.599,1.109,689.8695812383683,0.873026067
12/16/2020 19:00,2020,12,16,12/16/2020,20,13.848,99.467,1.127,621.6580661745942,0.786704779
12/16/2020 20:00,2020,12,16,12/16/2020,21,14.146,98.567,1.133,553.4465781047085,0.700383526
12/16/2020 21:00,2020,12,16,12/16/2020,22,12.723,101.206,1.104,553.4271699,0.700358965
12/16/2020 22:00,2020,12,16,12/16/2020,23,13.223,100.575,1.114,553.4077887063115,0.700334438
12/16/2020 23:00,2020,12,16,12/16/2020,24,13.282,97.496,1.116,511.98611673011686,0.647915546
12/17/2020 0:00,2020,12,17,12/17/2020,1,13.723,100.659,1.124,470.5644717877219,0.595496687
12/17/2020 1:00,2020,12,17,12/17/2020,2,12.02,101.833,1.09,470.5451716968443,0.595472263
12/17/2020 2:00,2020,12,17,12/17/2020,3,11.458,98.811,1.08,470.5258986596384,0.595447873
12/17/2020 3:00,2020,12,17,12/17/2020,4,9.956,101.243,1.08,470.50665268601955,0.595423518
12/17/2020 4:00,2020,12,17,12/17/2020,5,8.805,100.461,1.08,470.4874337858889,0.595399196
12/17/2020 5:00,2020,12,17,12/17/2020,6,6.509,101.287,1.08,470.46824196913394,0.595374909
12/17/2020 6:00,2020,12,17,12/17/2020,7,7.73,100.555,1.08,470.4490772456279,0.595350656
12/17/2020 7:00,2020,12,17,12/17/2020,8,6.128,101.096,1.08,502.5293876139099,0.635948108
12/17/2020 8:00,2020,12,17,12/17/2020,9,6.002,100.729,1.08,580.0051997854259,0.733993312
12/17/2020 9:00,2020,12,17,12/17/2020,10,4.617,97.533,1.08,657.4810390797277,0.83203855
12/17/2020 10:00,2020,12,17,12/17/2020,11,5.468,99.41,1.08,689.5614308163525,0.872636105
12/17/2020 11:00,2020,12,17,12/17/2020,12,5.832,99.148,1.08,689.5424017,0.872612024
12/17/2020 12:00,2020,12,17,12/17/2020,13,6.744,100.856,1.08,689.5233997492542,0.872587977
12/17/2020 13:00,2020,12,17,12/17/2020,14,8.515,100.307,1.08,689.5044249537757,0.872563964
12/17/2020 14:00,2020,12,17,12/17/2020,15,8.416,99.926,1.08,689.4854773300315,0.872539986
12/17/2020 15:00,2020,12,17,12/17/2020,16,10.341,102.308,1.08,689.4665568877691,0.872516042
12/17/2020 16:00,2020,12,17,12/17/2020,17,11.607,98.835,1.082,689.4476636367226,0.872492133
12/17/2020 17:00,2020,12,17,12/17/2020,18,12.755,99.813,1.105,689.4287975866116,0.872468258
12/17/2020 18:00,2020,12,17,12/17/2020,19,12.034,100.529,1.091,689.4099587471422,0.872444418
12/17/2020 19:00,2020,12,17,12/17/2020,20,15.114,99.934,1.152,621.1990942681418,0.786123953
12/17/2020 20:00,2020,12,17,12/17/2020,21,14.224,98.148,1.134,552.9882570191525,0.699803523
12/17/2020 21:00,2020,12,17,12/17/2020,22,13.154,99.6,1.113,552.9694998697021,0.699779786
12/17/2020 22:00,2020,12,17,12/17/2020,23,13.255,99.73,1.115,552.9507699695766,0.699756083
12/17/2020 23:00,2020,12,17,12/17/2020,24,12.767,98.327,1.105,511.52974952063687,0.647338015
12/18/2020 0:00,2020,12,18,12/18/2020,1,12.389,99.755,1.098,470.10875634027934,0.594919982
12/18/2020 1:00,2020,12,18,12/18/2020,2,12.307,100.753,1.096,470.0901082458865,0.594896383
12/18/2020 2:00,2020,12,18,12/18/2020,3,10.302,99.72,1.08,470.07148743927723,0.594872818
12/18/2020 3:00,2020,12,18,12/18/2020,4,10.533,100.795,1.08,470.05289393003125,0.594849288
12/18/2020 4:00,2020,12,18,12/18/2020,5,7.692,98.71,1.08,470.03432772771436,0.594825793
12/18/2020 5:00,2020,12,18,12/18/2020,6,7.456,98.872,1.08,470.0157888418779,0.594802332
12/18/2020 6:00,2020,12,18,12/18/2020,7,7.735,99.206,1.08,469.99727728205943,0.594778906
12/18/2020 7:00,2020,12,18,12/18/2020,8,6.722,100.112,1.08,502.0782410464617,0.635377185
12/18/2020 8:00,2020,12,18,12/18/2020,9,5.415,102.182,1.08,579.5547068461951,0.733423216
12/18/2020 9:00,2020,12,18,12/18/2020,10,5.386,102.576,1.08,657.0312000004747,0.831469281
12/18/2020 10:00,2020,12,18,12/18/2020,11,5.452,100.997,1.08,689.1122458285015,0.872067664
12/18/2020 11:00,2020,12,18,12/18/2020,12,5.214,101.711,1.08,689.0938710413436,0.872044411
12/18/2020 12:00,2020,12,18,12/18/2020,13,7.985,103.02,1.08,689.0755236371333,0.872021192
12/18/2020 13:00,2020,12,18,12/18/2020,14,6.816,101.859,1.08,689.0572036253097,0.871998008
12/18/2020 14:00,2020,12,18,12/18/2020,15,9.28,102.156,1.08,689.0389110152979,0.871974859
12/18/2020 15:00,2020,12,18,12/18/2020,16,8.028,102.476,1.08,689.0206458165084,0.871951744
12/18/2020 16:00,2020,12,18,12/18/2020,17,12.218,103.197,1.094,689.002408,0.871928665
12/18/2020 17:00,2020,12,18,12/18/2020,18,11.309,102.259,1.08,688.9841976901695,0.87190562
12/18/2020 18:00,2020,12,18,12/18/2020,19,11.71,101.868,1.084,688.9660147813711,0.871882609
12/18/2020 19:00,2020,12,18,12/18/2020,20,13.233,101.897,1.115,620.7558064614332,0.785562975
12/18/2020 20:00,2020,12,18,12/18/2020,21,14.039,101.061,1.131,552.5456256,0.699243375
12/18/2020 21:00,2020,12,18,12/18/2020,22,14.548,102.388,1.141,552.5275250649421,0.699220469
12/18/2020 22:00,2020,12,18,12/18/2020,23,14.074,100.141,1.131,552.5094520070272,0.699197598
12/18/2020 23:00,2020,12,18,12/18/2020,24,13.921,102.171,1.128,511.0890886273385,0.646780362
12/19/2020 0:00,2020,12,19,12/19/2020,1,14.046,102,1.131,469.6687527429343,0.59436316
12/19/2020 1:00,2020,12,19,12/19/2020,2,13.6,100.183,1.122,469.6507621708591,0.594340393
12/19/2020 2:00,2020,12,19,12/19/2020,3,9.393,100.566,1.08,469.6327991125934,0.594317661
12/19/2020 3:00,2020,12,19,12/19/2020,4,9.292,99.035,1.08,469.6148635773785,0.594294963
12/19/2020 4:00,2020,12,19,12/19/2020,5,9.164,101.236,1.08,469.5969555744416,0.594272301
12/19/2020 5:00,2020,12,19,12/19/2020,6,7.072,99.908,1.08,469.5790751129956,0.594249673
12/19/2020 6:00,2020,12,19,12/19/2020,7,8.316,100.454,1.08,469.5612222022394,0.594227081
12/19/2020 7:00,2020,12,19,12/19/2020,8,6.767,100.724,1.08,501.6428448400367,0.634826193
12/19/2020 8:00,2020,12,19,12/19/2020,9,6.143,101.692,1.08,579.1199697,0.732873058
12/19/2020 9:00,2020,12,19,12/19/2020,10,5.4,102.574,1.08,656.5971222124822,0.830919958
12/19/2020 10:00,2020,12,19,12/19/2020,11,6.382,102.579,1.08,688.6788275848685,0.871519175
12/19/2020 11:00,2020,12,19,12/19/2020,12,6.718,100.618,1.08,688.6611125650461,0.871496757
12/19/2020 12:00,2020,12,19,12/19/2020,13,7.125,103.648,1.08,688.6434251508083,0.871474374
12/19/2020 13:00,2020,12,19,12/19/2020,14,8.785,101.875,1.08,688.6257653512547,0.871452025
12/19/2020 14:00,2020,12,19,12/19/2020,15,9.296,102.489,1.08,688.6081331754702,0.871429712
12/19/2020 15:00,2020,12,19,12/19/2020,16,9.022,100.481,1.08,688.5905286325261,0.871407434
12/19/2020 16:00,2020,12,19,12/19/2020,17,10.294,102.649,1.08,688.5729517314792,0.87138519
12/19/2020 17:00,2020,12,19,12/19/2020,18,12.888,102.506,1.108,688.5554024813721,0.871362982
12/19/2020 18:00,2020,12,19,12/19/2020,19,13.035,101.321,1.111,688.5378809,0.871340808
12/19/2020 19:00,2020,12,19,12/19/2020,20,13.846,102.434,1.127,620.3283341102123,0.785022011
12/19/2020 20:00,2020,12,19,12/19/2020,21,13.805,101.182,1.126,552.1188150071737,0.698703249
12/19/2020 21:00,2020,12,19,12/19/2020,22,15.378,99.477,1.158,552.1013764509671,0.698681181
12/19/2020 22:00,2020,12,19,12/19/2020,23,14.139,102.957,1.133,552.0839656,0.698659147
12/19/2020 23:00,2020,12,19,12/19/2020,24,14.273,100.815,1.135,510.6642646275547,0.646242749
12/20/2020 0:00,2020,12,20,12/20/2020,1,13.124,99.718,1.112,469.24459137824897,0.593826386
12/20/2020 1:00,2020,12,20,12/20/2020,2,11.645,100.324,1.083,469.22726365948597,0.593804458
12/20/2020 2:00,2020,12,20,12/20/2020,3,11.151,101.956,1.08,469.2099636724056,0.593782565
12/20/2020 3:00,2020,12,20,12/20/2020,4,9.903,100.215,1.08,469.19269142590804,0.593760707
12/20/2020 4:00,2020,12,20,12/20/2020,5,8.756,99.478,1.08,469.1754469288789,0.593738884
12/20/2020 5:00,2020,12,20,12/20/2020,6,8.092,100.557,1.08,469.15823019019007,0.593717096
12/20/2020 6:00,2020,12,20,12/20/2020,7,5.861,101.095,1.08,469.1410412186987,0.593695344
12/20/2020 7:00,2020,12,20,12/20/2020,8,5.348,98.545,1.08,501.2233280119274,0.634295297
12/20/2020 8:00,2020,12,20,12/20/2020,9,5.779,103.378,1.08,578.7011172803054,0.732343003
12/20/2020 9:00,2020,12,20,12/20/2020,10,5.52,101.186,1.08,656.1789343423673,0.830390744
12/20/2020 10:00,2020,12,20,12/20/2020,11,5.305,102.976,1.08,688.2613045166328,0.870990802
12/20/2020 11:00,2020,12,20,12/20/2020,12,5.578,103.115,1.08,688.2442545134888,0.870969226
12/20/2020 12:00,2020,12,20,12/20/2020,13,7.437,102.332,1.08,688.2272323303861,0.870947684
12/20/2020 13:00,2020,12,20,12/20/2020,14,6.72,102.618,1.08,688.210238,0.870926178
12/20/2020 14:00,2020,12,20,12/20/2020,15,7.767,102.493,1.08,688.1932714593192,0.870904707
12/20/2020 15:00,2020,12,20,12/20/2020,16,10.687,100.908,1.08,688.1763327888265,0.870883271
12/20/2020 16:00,2020,12,20,12/20/2020,17,10.058,101.504,1.08,688.1594219733182,0.870861871
12/20/2020 17:00,2020,12,20,12/20/2020,18,13.049,103.161,1.111,688.142539,0.870840505
12/20/2020 18:00,2020,12,20,12/20/2020,19,13.641,102.311,1.123,688.1256839420398,0.870819175
12/20/2020 19:00,2020,12,20,12/20/2020,20,14.192,102.656,1.134,619.9168038837624,0.784501222
12/20/2020 20:00,2020,12,20,12/20/2020,21,14.454,99.604,1.139,551.7079517151831,0.698183304
12/20/2020 21:00,2020,12,20,12/20/2020,22,14.487,101.34,1.14,551.6911803048085,0.69816208
12/20/2020 22:00,2020,12,20,12/20/2020,23,14.949,98.359,1.149,551.6744368014029,0.698140891
12/20/2020 23:00,2020,12,20,12/20/2020,24,14.803,100.546,1.146,510.25540340580505,0.645725338
12/21/2020 0:00,2020,12,21,12/21/2020,1,11.537,99.633,1.081,468.8363979343896,0.59330982
12/21/2020 1:00,2020,12,21,12/21/2020,2,12.218,102.386,1.094,468.8197382,0.593288737
12/21/2020 2:00,2020,12,21,12/21/2020,3,10.502,101.232,1.08,468.8031064139805,0.593267689
12/21/2020 3:00,2020,12,21,12/21/2020,4,10.744,100.695,1.08,468.7865025743395,0.593246677
12/21/2020 4:00,2020,12,21,12/21/2020,5,8.753,99.63,1.08,468.76992669313495,0.593225701
12/21/2020 5:00,2020,12,21,12/21/2020,6,7.636,100.087,1.08,468.75337877889444,0.593204759
12/21/2020 6:00,2020,12,21,12/21/2020,7,5.684,98.181,1.08,468.7368588401313,0.593183853
12/21/2020 7:00,2020,12,21,12/21/2020,8,5.858,99.042,1.08,500.8198148740236,0.633784653
12/21/2020 8:00,2020,12,21,12/21/2020,9,6.828,102.136,1.08,578.2982735906569,0.731833206
12/21/2020 9:00,2020,12,21,12/21/2020,10,6.076,101.775,1.08,655.7767603082207,0.829881795
12/21/2020 10:00,2020,12,21,12/21/2020,11,4.955,102.322,1.08,687.8598003448907,0.870482701
12/21/2020 11:00,2020,12,21,12/21/2020,12,6.743,102.029,1.08,687.8434204107089,0.870461972
12/21/2020 12:00,2020,12,21,12/21/2020,13,6.687,102.294,1.08,687.8270685027815,0.870441279
12/21/2020 13:00,2020,12,21,12/21/2020,14,8.286,101.327,1.08,687.8107446295207,0.870420621
12/21/2020 14:00,2020,12,21,12/21/2020,15,9.406,101.926,1.08,687.7944487993248,0.870399999
12/21/2020 15:00,2020,12,21,12/21/2020,16,11.405,100.67,1.08,687.7781810205772,0.870379412
12/21/2020 16:00,2020,12,21,12/21/2020,17,10.979,101.123,1.08,687.7619413016471,0.870358861
12/21/2020 17:00,2020,12,21,12/21/2020,18,12.138,101.939,1.093,687.7457297,0.870338345
12/21/2020 18:00,2020,12,21,12/21/2020,19,12.661,101.905,1.103,687.7295460766431,0.870317865
12/21/2020 19:00,2020,12,21,12/21/2020,20,13.517,102.528,1.12,619.5213377273715,0.784000762
12/21/2020 20:00,2020,12,21,12/21/2020,21,14.617,101.68,1.142,551.3131575,0.697683694
12/21/2020 21:00,2020,12,21,12/21/2020,22,13.953,98.38,1.129,551.2970581764373,0.69766332
12/21/2020 22:00,2020,12,21,12/21/2020,23,13.573,100.423,1.121,551.2809869913544,0.697642982
12/21/2020 23:00,2020,12,21,12/21/2020,24,14.623,101.21,1.142,509.8626261164937,0.64522828
12/22/2020 0:00,2020,12,22,12/22/2020,1,14.34,102.206,1.137,468.4442933678833,0.592813613
12/22/2020 1:00,2020,12,22,12/22/2020,2,13.053,99.521,1.111,468.42830656153683,0.592793382
12/22/2020 2:00,2020,12,22,12/22/2020,3,12.53,100.326,1.101,468.41234789790445,0.592773187
12/22/2020 3:00,2020,12,22,12/22/2020,4,10.141,98.296,1.08,468.39641738519606,0.592753027
12/22/2020 4:00,2020,12,22,12/22/2020,5,10.216,100.93,1.08,468.38051503160733,0.592732902
12/22/2020 5:00,2020,12,22,12/22/2020,6,7.783,98.822,1.08,468.36464084531934,0.592712814
12/22/2020 6:00,2020,12,22,12/22/2020,7,5.209,99.77,1.08,468.34879483449873,0.592692761
12/22/2020 7:00,2020,12,22,12/22/2020,8,6.41,101.086,1.08,500.4324249959771,0.633294414
12/22/2020 8:00,2020,12,22,12/22/2020,9,5.293,101.056,1.08,577.9115580394927,0.73134382
12/22/2020 9:00,2020,12,22,12/22/2020,10,5.867,100.511,1.08,655.3907192828887,0.829393262
12/22/2020 10:00,2020,12,22,12/22/2020,11,5.414,101.445,1.08,687.4744340439933,0.869995022
12/22/2020 11:00,2020,12,22,12/22/2020,12,5.406,102.442,1.08,687.4587290325017,0.869975148
12/22/2020 12:00,2020,12,22,12/22/2020,13,6.747,101.965,1.08,687.4430522451728,0.869955309
12/22/2020 13:00,2020,12,22,12/22/2020,14,8.189,103.137,1.08,687.4274036900715,0.869935505
12/22/2020 14:00,2020,12,22,12/22/2020,15,9.733,101.702,1.08,687.4117833752487,0.869915738
12/22/2020 15:00,2020,12,22,12/22/2020,16,9.544,102.34,1.08,687.3961913,0.869896006
12/22/2020 16:00,2020,12,22,12/22/2020,17,11.318,100.712,1.08,687.3806275,0.86987631
12/22/2020 17:00,2020,12,22,12/22/2020,18,11.621,100.173,1.082,687.365092,0.86985665
12/22/2020 18:00,2020,12,22,12/22/2020,19,12.632,103.105,1.103,687.3495846792421,0.869837026
12/22/2020 19:00,2020,12,22,12/22/2020,20,13.855,101.958,1.127,619.1420528,0.783520779
12/22/2020 20:00,2020,12,22,12/22/2020,21,14.44,98.814,1.139,550.9345492614264,0.697204567
12/22/2020 21:00,2020,12,22,12/22/2020,22,13.855,99.831,1.127,550.9191268527459,0.69718505
12/22/2020 22:00,2020,12,22,12/22/2020,23,15.497,100.32,1.16,550.9037327482247,0.697165569
12/22/2020 23:00,2020,12,22,12/22/2020,24,13.34,100.419,1.117,509.4860491,0.644751724
12/23/2020 0:00,2020,12,23,12/23/2020,1,12.898,99.907,1.108,468.06839386777534,0.592337915
12/23/2020 1:00,2020,12,23,12/23/2020,2,13.53,99.263,1.121,468.0530847231919,0.592318541
12/23/2020 2:00,2020,12,23,12/23/2020,3,9.52,98.688,1.08,468.03780391435896,0.592299203
12/23/2020 3:00,2020,12,23,12/23/2020,4,10.224,98.758,1.08,468.02255144913795,0.592279901
12/23/2020 4:00,2020,12,23,12/23/2020,5,8.476,100.009,1.08,468.0073273353755,0.592260635
12/23/2020 5:00,2020,12,23,12/23/2020,6,7.271,101.007,1.08,467.9921315809041,0.592241405
12/23/2020 6:00,2020,12,23,12/23/2020,7,6.583,98.653,1.08,467.9769642,0.592222211
12/23/2020 7:00,2020,12,23,12/23/2020,8,4.348,99.714,1.08,500.06127316976887,0.632824723
12/23/2020 8:00,2020,12,23,12/23/2020,9,4.487,100.086,1.08,577.5410852189766,0.730874989
12/23/2020 9:00,2020,12,23,12/23/2020,10,5.06,98.784,1.08,655.0209256586581,0.82892529
12/23/2020 10:00,2020,12,23,12/23/2020,11,5.725,102.812,1.08,687.1053198062925,0.86952791
12/23/2020 11:00,2020,12,23,12/23/2020,12,5.681,100.284,1.08,687.0902943712249,0.869508896
12/23/2020 12:00,2020,12,23,12/23/2020,13,6.74,101.039,1.08,687.0752973,0.869489917
12/23/2020 13:00,2020,12,23,12/23/2020,14,6.772,99.221,1.08,687.0603287499277,0.869470974
12/23/2020 14:00,2020,12,23,12/23/2020,15,7.986,100.028,1.08,687.0453885791142,0.869452068
12/23/2020 15:00,2020,12,23,12/23/2020,16,8.606,99.178,1.08,687.0304768451103,0.869433197
12/23/2020 16:00,2020,12,23,12/23/2020,17,10.195,99.297,1.08,687.0155935555877,0.869414362
12/23/2020 17:00,2020,12,23,12/23/2020,18,12.049,100.749,1.091,687.0007387182031,0.869395563
12/23/2020 18:00,2020,12,23,12/23/2020,19,14.267,100.962,1.135,686.9859123405988,0.869376801
12/23/2020 19:00,2020,12,23,12/23/2020,20,13.843,99.563,1.127,618.7790615705383,0.783061415
12/23/2020 20:00,2020,12,23,12/23/2020,21,13.677,101.217,1.124,550.5722392754983,0.696746066
12/23/2020 21:00,2020,12,23,12/23/2020,22,15.697,97.86,1.164,550.5574983229417,0.696727412
12/23/2020 22:00,2020,12,23,12/23/2020,23,15.063,99.075,1.151,550.5427858605879,0.696708793
12/23/2020 23:00,2020,12,23,12/23/2020,24,14.64,100.2,1.143,509.12578408823117,0.644295811
12/24/2020 0:00,2020,12,24,12/24/2020,1,12.237,100.355,1.095,467.7088108212003,0.591882864
12/24/2020 1:00,2020,12,24,12/24/2020,2,12.702,98.643,1.104,467.69418387480965,0.591864354
12/24/2020 2:00,2020,12,24,12/24/2020,3,11.262,99.298,1.08,467.6795854488097,0.59184588
12/24/2020 3:00,2020,12,24,12/24/2020,4,11.359,101.212,1.08,467.6650155507107,0.591827442
12/24/2020 4:00,2020,12,24,12/24/2020,5,7.789,97.421,1.08,467.65047418800816,0.59180904
12/24/2020 5:00,2020,12,24,12/24/2020,6,7.517,101.663,1.08,467.6359613681832,0.591790674
12/24/2020 6:00,2020,12,24,12/24/2020,7,6.937,99.786,1.08,467.62147709870186,0.591772344
12/24/2020 7:00,2020,12,24,12/24/2020,8,7.171,101.259,1.08,499.7064693756952,0.632375721
12/24/2020 8:00,2020,12,24,12/24/2020,9,6.16,98.993,1.08,577.1869649,0.730426851
12/24/2020 9:00,2020,12,24,12/24/2020,10,6.399,100.473,1.08,654.6674890133611,0.828478018
12/24/2020 10:00,2020,12,24,12/24/2020,11,4.992,99.389,1.08,686.752567,0.869081503
12/24/2020 11:00,2020,12,24,12/24/2020,12,5.813,99.432,1.08,686.7382256020203,0.869063355
12/24/2020 12:00,2020,12,24,12/24/2020,13,7.703,101.382,1.08,686.7239127905702,0.869045242
12/24/2020 13:00,2020,12,24,12/24/2020,14,7.794,100.04,1.08,686.7096285813163,0.869027165
12/24/2020 14:00,2020,12,24,12/24/2020,15,8.244,100.178,1.08,686.6953729816072,0.869009125
12/24/2020 15:00,2020,12,24,12/24/2020,16,9.96,100.682,1.08,686.6811459987766,0.868991121
12/24/2020 16:00,2020,12,24,12/24/2020,17,10.432,99.954,1.08,686.6669476401441,0.868973153
12/24/2020 17:00,2020,12,24,12/24/2020,18,10.881,98.49,1.08,686.6527779,0.868955221
12/24/2020 18:00,2020,12,24,12/24/2020,19,13.286,99.873,1.116,686.6386368,0.868937325
12/24/2020 19:00,2020,12,24,12/24/2020,20,13.476,101.379,1.12,618.4324715225412,0.782622808
12/24/2020 20:00,2020,12,24,12/24/2020,21,13.925,99.682,1.128,550.2263348737335,0.696308326
12/24/2020 21:00,2020,12,24,12/24/2020,22,15.085,100.763,1.152,550.2122797453632,0.696290539
12/24/2020 22:00,2020,12,24,12/24/2020,23,14.01,99.604,1.13,550.1982532847967,0.696272789
12/24/2020 23:00,2020,12,24,12/24/2020,24,13.403,99.72,1.118,508.7819376914753,0.643860675
12/25/2020 0:00,2020,12,25,12/25/2020,1,13.893,98.792,1.128,467.3656507803751,0.591448597
12/25/2020 1:00,2020,12,25,12/25/2020,2,12.624,101.067,1.102,467.3517103664573,0.591430956
12/25/2020 2:00,2020,12,25,12/25/2020,3,11.28,100.262,1.08,467.3377986,0.591413351
12/25/2020 3:00,2020,12,25,12/25/2020,4,9.636,99.044,1.08,467.32391563551715,0.591395782
12/25/2020 4:00,2020,12,25,12/25/2020,5,8.939,101.675,1.08,467.31006133279413,0.591378249
12/25/2020 5:00,2020,12,25,12/25/2020,6,8.143,98.402,1.08,467.29623574807727,0.591360753
12/25/2020 6:00,2020,12,25,12/25/2020,7,6.248,99.624,1.08,467.2824388884794,0.591343293
12/25/2020 7:00,2020,12,25,12/25/2020,8,7.061,99.543,1.08,499.3681187497778,0.63194754
12/25/2020 8:00,2020,12,25,12/25/2020,9,4.479,101.025,1.08,576.8493020406563,0.729999541
12/25/2020 9:00,2020,12,25,12/25/2020,10,4.709,102.108,1.08,654.3305140779032,0.828051578
12/25/2020 10:00,2020,12,25,12/25/2020,11,6.217,103.132,1.08,686.4162802,0.868655934
12/25/2020 11:00,2020,12,25,12/25/2020,12,5.083,100.919,1.08,686.4026270504622,0.868638656
12/25/2020 12:00,2020,12,25,12/25/2020,13,6.444,102.063,1.08,686.3890027,0.868621415
12/25/2020 13:00,2020,12,25,12/25/2020,14,8.12,101.499,1.08,686.3754071042658,0.86860421
12/25/2020 14:00,2020,12,25,12/25/2020,15,9.858,101.487,1.08,686.3618403,0.868587041
12/25/2020 15:00,2020,12,25,12/25/2020,16,10.879,103.623,1.08,686.3483022840079,0.868569909
12/25/2020 16:00,2020,12,25,12/25/2020,17,10.984,101.224,1.08,686.3347930635456,0.868552813
12/25/2020 17:00,2020,12,25,12/25/2020,18,11.731,100.731,1.085,686.3213126454659,0.868535754
12/25/2020 18:00,2020,12,25,12/25/2020,19,12.595,101.234,1.102,686.3078610367038,0.868518731
12/25/2020 19:00,2020,12,25,12/25/2020,20,12.084,100.573,1.092,618.1023853843158,0.782205085
12/25/2020 20:00,2020,12,25,12/25/2020,21,13.253,101.13,1.115,549.8969385550711,0.695891477
12/25/2020 21:00,2020,12,25,12/25/2020,22,14.974,99.443,1.149,549.8835734157249,0.695874563
12/25/2020 22:00,2020,12,25,12/25/2020,23,14.323,99.163,1.136,549.8702371132886,0.695857686
12/25/2020 23:00,2020,12,25,12/25/2020,24,11.758,100.483,1.085,508.4546118468488,0.643446446
12/26/2020 0:00,2020,12,26,12/26/2020,1,12.997,101.529,1.11,467.0390154310261,0.591035242
12/26/2020 1:00,2020,12,26,12/26/2020,2,11.22,98.656,1.08,467.02576568042656,0.591018475
12/26/2020 2:00,2020,12,26,12/26/2020,3,10.663,99.188,1.08,467.01254479409204,0.591001744
12/26/2020 3:00,2020,12,26,12/26/2020,4,9.982,99.554,1.08,466.99935277882395,0.590985049
12/26/2020 4:00,2020,12,26,12/26/2020,5,8.672,100.994,1.08,466.9861896414093,0.590968391
12/26/2020 5:00,2020,12,26,12/26/2020,6,10.079,99.967,1.08,466.9730553886198,0.59095177
12/26/2020 6:00,2020,12,26,12/26/2020,7,5.934,98.191,1.08,466.9599500272125,0.590935185
12/26/2020 7:00,2020,12,26,12/26/2020,8,5.32,100.696,1.08,499.04632155260913,0.631540308
12/26/2020 8:00,2020,12,26,12/26/2020,9,6.256,103.227,1.08,576.5281966731376,0.729593184
12/26/2020 9:00,2020,12,26,12/26/2020,10,5.907,101.169,1.08,654.0101007052303,0.827646097
12/26/2020 10:00,2020,12,26,12/26/2020,11,5.116,101.246,1.08,686.0965589653048,0.868251329
12/26/2020 11:00,2020,12,26,12/26/2020,12,5.192,103.446,1.08,686.0835981616443,0.868234927
12/26/2020 12:00,2020,12,26,12/26/2020,13,7.791,100.82,1.08,686.0706662895961,0.868218562
12/26/2020 13:00,2020,12,26,12/26/2020,14,8.8,102.965,1.08,686.0577633558132,0.868202233
12/26/2020 14:00,2020,12,26,12/26/2020,15,9.692,101.306,1.08,686.0448893669335,0.868185941
12/26/2020 15:00,2020,12,26,12/26/2020,16,10.336,102.423,1.08,686.0320443295802,0.868169686
12/26/2020 16:00,2020,12,26,12/26/2020,17,12.509,100.296,1.1,686.0192282503617,0.868153467
12/26/2020 17:00,2020,12,26,12/26/2020,18,10.446,101.943,1.08,686.0064411,0.868137285
12/26/2020 18:00,2020,12,26,12/26/2020,19,12.201,102.78,1.094,685.9936829926871,0.86812114
12/26/2020 19:00,2020,12,26,12/26/2020,20,12.823,101.438,1.106,617.7889009675089,0.781808373
12/26/2020 20:00,2020,12,26,12/26/2020,21,15.547,102.081,1.161,549.5841479267493,0.695495642
12/26/2020 21:00,2020,12,26,12/26/2020,22,13.903,100.262,1.128,549.5714767368065,0.695479607
12/26/2020 22:00,2020,12,26,12/26/2020,23,12.415,99.222,1.098,549.5588345443348,0.695463608
12/26/2020 23:00,2020,12,26,12/26/2020,24,13.827,99.783,1.127,508.1439035480636,0.643053246
12/27/2020 0:00,2020,12,27,12/27/2020,1,13.592,100.298,1.122,466.7290015622565,0.590642921
12/27/2020 1:00,2020,12,27,12/27/2020,2,11.954,98.151,1.089,466.71644640116233,0.590627033
12/27/2020 2:00,2020,12,27,12/27/2020,3,10.588,100.751,1.08,466.70392026346536,0.590611181
12/27/2020 3:00,2020,12,27,12/27/2020,4,10.989,99.938,1.08,466.6914232,0.590595366
12/27/2020 4:00,2020,12,27,12/27/2020,5,9.12,98.482,1.08,466.67895508402535,0.590579588
12/27/2020 5:00,2020,12,27,12/27/2020,6,8.347,101.135,1.08,466.6665160551258,0.590563846
12/27/2020 6:00,2020,12,27,12/27/2020,7,6.097,99.389,1.08,466.6541060753106,0.590548141
12/27/2020 7:00,2020,12,27,12/27/2020,8,5.219,98.594,1.08,498.7411731396437,0.631154144
12/27/2020 8:00,2020,12,27,12/27/2020,9,5.212,102.224,1.08,576.2237439560954,0.729207901
12/27/2020 9:00,2020,12,27,12/27/2020,10,6.902,102.001,1.08,653.7063438,0.827261694
12/27/2020 10:00,2020,12,27,12/27/2020,11,5.762,102.227,1.08,685.7934981,0.867867807
12/27/2020 11:00,2020,12,27,12/27/2020,12,6.179,101.236,1.08,685.7812334707116,0.867852286
12/27/2020 12:00,2020,12,27,12/27/2020,13,7.716,103.094,1.08,685.7689979189533,0.867836802
12/27/2020 13:00,2020,12,27,12/27/2020,14,7.388,101.463,1.08,685.7567914606562,0.867821355
12/27/2020 14:00,2020,12,27,12/27/2020,15,8.552,101.874,1.08,685.7446141021005,0.867805945
12/27/2020 15:00,2020,12,27,12/27/2020,16,11.147,102.53,1.08,685.7324658495509,0.867790571
12/27/2020 16:00,2020,12,27,12/27/2020,17,11.274,102.24,1.08,685.7203467092568,0.867775235
12/27/2020 17:00,2020,12,27,12/27/2020,18,12.041,101.722,1.091,685.7082566874535,0.867759935
12/27/2020 18:00,2020,12,27,12/27/2020,19,13.196,101.237,1.114,685.6961957903605,0.867744672
12/27/2020 19:00,2020,12,27,12/27/2020,20,14.118,102.065,1.132,617.4921111643188,0.781432787
12/27/2020 20:00,2020,12,27,12/27/2020,21,15.135,99.705,1.153,549.2880556753819,0.695120939
12/27/2020 21:00,2020,12,27,12/27/2020,22,14.797,101.041,1.146,549.2760821895895,0.695105787
12/27/2020 22:00,2020,12,27,12/27/2020,23,14.257,98.465,1.135,549.2641378532369,0.695090671
12/27/2020 23:00,2020,12,27,12/27/2020,24,13.859,100.655,1.127,507.8499048646943,0.642681193
12/28/2020 0:00,2020,12,28,12/28/2020,1,13.64,99.318,1.123,466.4357010378664,0.590271751
12/28/2020 1:00,2020,12,28,12/28/2020,2,12.464,100.88,1.099,466.42384418664267,0.590256746
12/28/2020 2:00,2020,12,28,12/28/2020,3,9.414,100.654,1.08,466.41201650934835,0.590241779
12/28/2020 3:00,2020,12,28,12/28/2020,4,11.571,99.822,1.081,466.4002180120683,0.590226848
12/28/2020 4:00,2020,12,28,12/28/2020,5,8.176,99.894,1.08,466.38844870087246,0.590211954
12/28/2020 5:00,2020,12,28,12/28/2020,6,7.159,99.759,1.08,466.3767085818154,0.590197097
12/28/2020 6:00,2020,12,28,12/28/2020,7,6.607,99.792,1.08,466.36499766093726,0.590182276
12/28/2020 7:00,2020,12,28,12/28/2020,8,6.075,100.057,1.08,498.45276393294205,0.630789164
12/28/2020 8:00,2020,12,28,12/28/2020,9,6.463,102.393,1.08,575.9360341054403,0.728843806
12/28/2020 9:00,2020,12,28,12/28/2020,10,5.07,101.991,1.08,653.4193334941466,0.826898484
12/28/2020 10:00,2020,12,28,12/28/2020,11,4.981,101.412,1.08,685.5071874147607,0.867505483
12/28/2020 11:00,2020,12,28,12/28/2020,12,5.471,101.35,1.08,685.4956225748479,0.867490847
12/28/2020 12:00,2020,12,28,12/28/2020,13,6.237,102.276,1.08,685.4840869690371,0.867476249
12/28/2020 13:00,2020,12,28,12/28/2020,14,7.189,102.269,1.08,685.4725806032632,0.867461688
12/28/2020 14:00,2020,12,28,12/28/2020,15,9.357,103.913,1.08,685.4611034834454,0.867447164
12/28/2020 15:00,2020,12,28,12/28/2020,16,8.88,103.158,1.08,685.4496556154887,0.867432676
12/28/2020 16:00,2020,12,28,12/28/2020,17,12.211,102.923,1.094,685.4382370052822,0.867418226
12/28/2020 17:00,2020,12,28,12/28/2020,18,12.061,102.8,1.091,685.4268476587004,0.867403813
12/28/2020 18:00,2020,12,28,12/28/2020,19,12.566,102.36,1.101,685.4154875816026,0.867389437
12/28/2020 19:00,2020,12,28,12/28/2020,20,14.737,101.847,1.145,617.2121039199692,0.781078439
12/28/2020 20:00,2020,12,28,12/28/2020,21,13.551,100.751,1.121,549.0087495394932,0.694767479
12/28/2020 21:00,2020,12,28,12/28/2020,22,14.709,99.147,1.144,548.9974773058534,0.694753214
12/28/2020 22:00,2020,12,28,12/28/2020,23,14.939,100.36,1.149,548.9862343649845,0.694738986
12/28/2020 23:00,2020,12,28,12/28/2020,24,13.893,98.011,1.128,507.57270291489573,0.642330395
12/29/2020 0:00,2020,12,29,12/29/2020,1,13.294,100.534,1.116,466.15920076913096,0.589921842
12/29/2020 1:00,2020,12,29,12/29/2020,2,12.783,99.64,1.106,466.14804574121865,0.589907725
12/29/2020 2:00,2020,12,29,12/29/2020,3,10.707,100.923,1.08,466.1369200291231,0.589893645
12/29/2020 3:00,2020,12,29,12/29/2020,4,9.616,98.88,1.08,466.12582363856774,0.589879603
12/29/2020 4:00,2020,12,29,12/29/2020,5,8.112,100.517,1.08,466.11475657526154,0.589865598
12/29/2020 5:00,2020,12,29,12/29/2020,6,9.034,100.371,1.08,466.1037188448978,0.58985163
12/29/2020 6:00,2020,12,29,12/29/2020,7,8.241,99.747,1.08,466.0927104531552,0.589837698
12/29/2020 7:00,2020,12,29,12/29/2020,8,6.465,101.373,1.08,498.1811793943763,0.630445475
12/29/2020 8:00,2020,12,29,12/29/2020,9,7.185,101.012,1.08,575.6651523758103,0.728501006
12/29/2020 9:00,2020,12,29,12/29/2020,10,5.668,103.135,1.08,653.1491547128101,0.826556575
12/29/2020 10:00,2020,12,29,12/29/2020,11,6.731,101.135,1.08,685.2377117207138,0.867164463
12/29/2020 11:00,2020,12,29,12/29/2020,12,6.702,100.971,1.08,685.2268501,0.867150717
12/29/2020 12:00,2020,12,29,12/29/2020,13,6.274,101.78,1.08,685.2160178651111,0.867137009
12/29/2020 13:00,2020,12,29,12/29/2020,14,8.165,101.618,1.08,685.2052150014447,0.867123338
12/29/2020 14:00,2020,12,29,12/29/2020,15,8.243,101.851,1.08,685.1944415212834,0.867109704
12/29/2020 15:00,2020,12,29,12/29/2020,16,8.98,102.685,1.08,685.1836974301698,0.867096108
12/29/2020 16:00,2020,12,29,12/29/2020,17,11.631,101.817,1.083,685.1729827336314,0.867082548
12/29/2020 17:00,2020,12,29,12/29/2020,18,11.174,102.027,1.08,685.1622974371804,0.867069026
12/29/2020 18:00,2020,12,29,12/29/2020,19,13.42,101.867,1.118,685.1516415,0.867055541
12/29/2020 19:00,2020,12,29,12/29/2020,20,14.627,102.049,1.143,616.9489622,0.780745435
12/29/2020 20:00,2020,12,29,12/29/2020,21,13.495,102.135,1.12,548.7463122835193,0.694435366
12/29/2020 21:00,2020,12,29,12/29/2020,22,13.557,100.236,1.121,548.7357446422382,0.694421993
12/29/2020 22:00,2020,12,29,12/29/2020,23,15.227,101.087,1.155,548.7252064283787,0.694408656
12/29/2020 23:00,2020,12,29,12/29/2020,24,12.453,101.925,1.099,507.31237983958823,0.642000958
12/30/2020 0:00,2020,12,30,12/30/2020,1,13.799,99.624,1.126,465.89958268904735,0.589593296
12/30/2020 1:00,2020,12,30,12/30/2020,2,11.4,101,1.08,465.8891328,0.589580072
12/30/2020 2:00,2020,12,30,12/30/2020,3,10.386,101.158,1.08,465.87871233981355,0.589566885
12/30/2020 3:00,2020,12,30,12/30/2020,4,9.446,100.363,1.08,465.86832134408303,0.589553735
12/30/2020 4:00,2020,12,30,12/30/2020,5,9.004,100.189,1.08,465.85795980807615,0.589540623
12/30/2020 5:00,2020,12,30,12/30/2020,6,8.118,101.788,1.08,465.84762773712345,0.589527548
12/30/2020 6:00,2020,12,30,12/30/2020,7,5.878,100.39,1.08,465.83732513654036,0.58951451
12/30/2020 7:00,2020,12,30,12/30/2020,8,6.268,99.348,1.08,497.92650000030653,0.63012318
12/30/2020 8:00,2020,12,30,12/30/2020,9,5.017,101.46,1.08,575.411179,0.728179604
12/30/2020 9:00,2020,12,30,12/30/2020,10,4.553,101.185,1.08,652.8958875565343,0.826236066
12/30/2020 10:00,2020,12,30,12/30/2020,11,3.802,100.606,1.08,684.9851508789603,0.866844848
12/30/2020 11:00,2020,12,30,12/30/2020,12,7.182,100.447,1.08,684.9749957094263,0.866831997
12/30/2020 12:00,2020,12,30,12/30/2020,13,6.691,100.091,1.08,684.96487,0.866819183
12/30/2020 13:00,2020,12,30,12/30/2020,14,7.274,100.192,1.08,684.9547738813988,0.866806406
12/30/2020 14:00,2020,12,30,12/30/2020,15,9.242,99.035,1.08,684.9447072333086,0.866793667
12/30/2020 15:00,2020,12,30,12/30/2020,16,9.031,99.537,1.08,684.9346701027443,0.866780965
12/30/2020 16:00,2020,12,30,12/30/2020,17,9.885,98.68,1.08,684.9246625,0.866768301
12/30/2020 17:00,2020,12,30,12/30/2020,18,11.729,101.122,1.085,684.9146844148336,0.866755673
12/30/2020 18:00,2020,12,30,12/30/2020,19,13.247,99.685,1.115,684.9047358677687,0.866743084
12/30/2020 19:00,2020,12,30,12/30/2020,20,13.356,100.135,1.117,616.7027639989295,0.780433873
12/30/2020 20:00,2020,12,30,12/30/2020,21,14.784,99.708,1.146,548.5008216732826,0.694124699
12/30/2020 21:00,2020,12,30,12/30/2020,22,12.906,98.945,1.108,548.4909617557805,0.694112221
12/30/2020 22:00,2020,12,30,12/30/2020,23,14.042,100.803,1.131,548.4811314,0.694099781
12/30/2020 23:00,2020,12,30,12/30/2020,24,15.393,99.639,1.158,507.06901277811716,0.641692978
12/31/2020 0:00,2020,12,31,12/31/2020,1,13.333,99.049,1.117,465.65692372805546,0.589286213
12/31/2020 1:00,2020,12,31,12/31/2020,2,11.225,102.279,1.08,465.64718205424776,0.589273885
12/31/2020 2:00,2020,12,31,12/31/2020,3,10.384,99.78,1.08,465.63746995393086,0.589261594
12/31/2020 3:00,2020,12,31,12/31/2020,4,9.261,97.676,1.08,465.6277874321014,0.589249341
12/31/2020 4:00,2020,12,31,12/31/2020,5,8.805,99.736,1.08,465.6181344937406,0.589237125
12/31/2020 5:00,2020,12,31,12/31/2020,6,6.956,98.048,1.08,465.60851114381444,0.589224947
12/31/2020 6:00,2020,12,31,12/31/2020,7,6.095,98.547,1.08,465.59891738727396,0.589212806
12/31/2020 7:00,2020,12,31,12/31/2020,8,6.001,99.708,1.08,497.68880121773384,0.629822373
12/31/2020 8:00,2020,12,31,12/31/2020,9,7.069,98.327,1.08,575.1741893417154,0.727879695
12/31/2020 9:00,2020,12,31,12/31/2020,10,5.53,99.197,1.08,652.6596070738436,0.825937055
12/31/2020 10:00,2020,12,31,12/31/2020,11,5.134,99.648,1.08,684.7495797287283,0.866546734
12/31/2020 11:00,2020,12,31,12/31/2020,12,7.52,100.443,1.08,684.7401340128449,0.866534781
12/31/2020 12:00,2020,12,31,12/31/2020,13,6.599,98.934,1.08,684.7307179197321,0.866522865
12/31/2020 13:00,2020,12,31,12/31/2020,14,7.601,99.188,1.08,684.7213314542344,0.866510986
12/31/2020 14:00,2020,12,31,12/31/2020,15,8,99.096,1.08,684.7119746211803,0.866499145
12/31/2020 15:00,2020,12,31,12/31/2020,16,9.89,100.236,1.08,684.7026474253839,0.866487342
12/31/2020 16:00,2020,12,31,12/31/2020,17,9.815,99.994,1.08,684.6933498716435,0.866475576
12/31/2020 17:00,2020,12,31,12/31/2020,18,12.443,100.624,1.099,684.6840819647424,0.866463847
12/31/2020 18:00,2020,12,31,12/31/2020,19,13.018,100.484,1.11,684.6748437094484,0.866452156
12/31/2020 19:00,2020,12,31,12/31/2020,20,14.373,98.813,1.137,616.4735822506505,0.780143844
12/31/2020 20:00,2020,12,31,12/31/2020,21,14.543,100.396,1.141,548.2723504529495,0.69383557
12/31/2020 21:00,2020,12,31,12/31/2020,22,14.09,99.528,1.132,548.2632011809326,0.693823991
12/31/2020 22:00,2020,12,31,12/31/2020,23,13.506,97.992,1.12,548.2540815794421,0.693812451
12/31/2020 23:00,2020,12,31,12/31/2020,24,13.727,99.905,1.125,506.8426738453951,0.641406548
