datetime,year,month,day1,day,hour,temp_C,IT_MW,PUE,Lpeak_sys_MW,normalized
1/1/2020 0:00,2020,1,1,1/1/2020,1,13.116,99.497,1.112,458.2871818,0.578198573
1/1/2020 1:00,2020,1,1,1/1/2020,2,12.851,100.877,1.107,458.2781513,0.57818718
1/1/2020 2:00,2020,1,1,1/1/2020,3,10.034,100.385,1.08,458.2691504,0.578175824
1/1/2020 3:00,2020,1,1,1/1/2020,4,9.497,99.374,1.08,458.2601792,0.578164506
1/1/2020 4:00,2020,1,1,1/1/2020,5,8.79,99.617,1.08,458.2512377,0.578153225
1/1/2020 5:00,2020,1,1,1/1/2020,6,9.509,100.739,1.08,458.2423259,0.578141981
1/1/2020 6:00,2020,1,1,1/1/2020,7,7.98,98.836,1.08,458.2334439,0.578130775
1/1/2020 7:00,2020,1,1,1/1/2020,8,5.989,101.046,1.08,489.4680321,0.617537931
1/1/2020 8:00,2020,1,1,1/1/2020,9,6.319,97.638,1.08,564.8875475,0.712691053
1/1/2020 9:00,2020,1,1,1/1/2020,10,5.72,99.822,1.08,640.3070925,0.807844212
1/1/2020 10:00,2020,1,1,1/1/2020,11,4.875,100.648,1.08,671.5417699,0.847251481
1/1/2020 11:00,2020,1,1,1/1/2020,12,5.492,101.199,1.08,671.5330365,0.847240462
1/1/2020 12:00,2020,1,1,1/1/2020,13,6.022,101.402,1.08,671.5243327,0.847229481
1/1/2020 13:00,2020,1,1,1/1/2020,14,7.721,97.889,1.08,671.5156588,0.847218537
1/1/2020 14:00,2020,1,1,1/1/2020,15,8.997,99.806,1.08,671.5070145,0.847207631
1/1/2020 15:00,2020,1,1,1/1/2020,16,8.596,100.622,1.08,671.4984,0.847196763
1/1/2020 16:00,2020,1,1,1/1/2020,17,12.036,100.578,1.091,671.4898153,0.847185932
1/1/2020 17:00,2020,1,1,1/1/2020,18,12.294,100.981,1.096,671.4812603,0.847175139
1/1/2020 18:00,2020,1,1,1/1/2020,19,13.059,96.947,1.111,671.472735,0.847164383
1/1/2020 19:00,2020,1,1,1/1/2020,20,13.638,99.633,1.123,605.0906885,0.763413394
1/1/2020 20:00,2020,1,1,1/1/2020,21,15.619,100.356,1.162,538.7086717,0.679662443
1/1/2020 21:00,2020,1,1,1/1/2020,22,14.349,99.949,1.137,538.7002357,0.6796518
1/1/2020 22:00,2020,1,1,1/1/2020,23,14.202,98.825,1.134,538.6918296,0.679641194
1/1/2020 23:00,2020,1,1,1/1/2020,24,14.475,99.879,1.14,498.3852258,0.628788319
1/2/2020 0:00,2020,1,2,1/2/2020,1,13.19,99.482,1.114,458.0786518,0.577935481
1/2/2020 1:00,2020,1,2,1/2/2020,2,12.89,98.906,1.108,458.070335,0.577924988
1/2/2020 2:00,2020,1,2,1/2/2020,3,11.255,100.278,1.08,458.062048,0.577914533
1/2/2020 3:00,2020,1,2,1/2/2020,4,10.081,100.505,1.08,458.0537908,0.577904115
1/2/2020 4:00,2020,1,2,1/2/2020,5,9.831,100.064,1.08,458.0455635,0.577893735
1/2/2020 5:00,2020,1,2,1/2/2020,6,7.742,100.575,1.08,458.0373659,0.577883393
1/2/2020 6:00,2020,1,2,1/2/2020,7,6.145,100.478,1.08,458.0291981,0.577873088
1/2/2020 7:00,2020,1,2,1/2/2020,8,5.147,99.104,1.08,489.2645008,0.617281145
1/2/2020 8:00,2020,1,2,1/2/2020,9,5.753,102.563,1.08,564.6847307,0.712435169
1/2/2020 9:00,2020,1,2,1/2/2020,10,4.783,101.87,1.08,640.1049904,0.80758923
1/2/2020 10:00,2020,1,2,1/2/2020,11,6.307,102.657,1.08,671.3403825,0.8469974
1/2/2020 11:00,2020,1,2,1/2/2020,12,6.377,102.661,1.08,671.3323639,0.846987283
1/2/2020 12:00,2020,1,2,1/2/2020,13,6.617,102.211,1.08,671.3243751,0.846977204
1/2/2020 13:00,2020,1,2,1/2/2020,14,7.269,102.125,1.08,671.3164162,0.846967163
1/2/2020 14:00,2020,1,2,1/2/2020,15,8.812,100.395,1.08,671.3084871,0.846957159
1/2/2020 15:00,2020,1,2,1/2/2020,16,10.501,101.879,1.08,671.3005878,0.846947193
1/2/2020 16:00,2020,1,2,1/2/2020,17,11.871,102.279,1.087,671.2927184,0.846937265
1/2/2020 17:00,2020,1,2,1/2/2020,18,11.309,102.201,1.08,671.2848789,0.846927374
1/2/2020 18:00,2020,1,2,1/2/2020,19,14.711,102.027,1.144,671.2770692,0.846917521
1/2/2020 19:00,2020,1,2,1/2/2020,20,13.385,101.069,1.118,604.8957383,0.763167435
1/2/2020 20:00,2020,1,2,1/2/2020,21,13.402,99.529,1.118,538.5144373,0.679417387
1/2/2020 21:00,2020,1,2,1/2/2020,22,15.742,99.464,1.165,538.5067172,0.679407647
1/2/2020 22:00,2020,1,2,1/2/2020,23,15.321,99.246,1.156,538.499027,0.679397944
1/2/2020 23:00,2020,1,2,1/2/2020,24,14.65,100.606,1.143,498.1931393,0.628545973
1/3/2020 0:00,2020,1,3,1/3/2020,1,12.65,101.592,1.103,457.8872814,0.577694039
1/3/2020 1:00,2020,1,3,1/3/2020,2,13.119,97.749,1.112,457.8796809,0.577684449
1/3/2020 2:00,2020,1,3,1/3/2020,3,11.097,99.023,1.08,457.8721102,0.577674898
1/3/2020 3:00,2020,1,3,1/3/2020,4,8.913,99.48,1.08,457.8645695,0.577665384
1/3/2020 4:00,2020,1,3,1/3/2020,5,8.333,101.382,1.08,457.8570587,0.577655908
1/3/2020 5:00,2020,1,3,1/3/2020,6,6.782,98.179,1.08,457.8495778,0.57764647
1/3/2020 6:00,2020,1,3,1/3/2020,7,7.587,98.631,1.08,457.8421267,0.577637069
1/3/2020 7:00,2020,1,3,1/3/2020,8,7.094,100.392,1.08,489.0781462,0.617046031
1/3/2020 8:00,2020,1,3,1/3/2020,9,4.877,103.76,1.08,564.499093,0.712200959
1/3/2020 9:00,2020,1,3,1/3/2020,10,5.43,100.975,1.08,639.9200698,0.807355925
1/3/2020 10:00,2020,1,3,1/3/2020,11,6.024,103.027,1.08,671.156179,0.846764999
1/3/2020 11:00,2020,1,3,1/3/2020,12,5.222,104.316,1.08,671.1488776,0.846755788
1/3/2020 12:00,2020,1,3,1/3/2020,13,7.615,102.759,1.08,671.1416062,0.846746614
1/3/2020 13:00,2020,1,3,1/3/2020,14,6.988,103.173,1.08,671.1343646,0.846737477
1/3/2020 14:00,2020,1,3,1/3/2020,15,7.758,103.679,1.08,671.127153,0.846728379
1/3/2020 15:00,2020,1,3,1/3/2020,16,9.351,103.679,1.08,671.1199714,0.846719318
1/3/2020 16:00,2020,1,3,1/3/2020,17,10.888,101.452,1.08,671.1128197,0.846710295
1/3/2020 17:00,2020,1,3,1/3/2020,18,11.576,100.549,1.082,671.1056979,0.84670131
1/3/2020 18:00,2020,1,3,1/3/2020,19,14.155,99.917,1.133,671.0986061,0.846692363
1/3/2020 19:00,2020,1,3,1/3/2020,20,13.902,102.287,1.128,604.7179931,0.762943182
1/3/2020 20:00,2020,1,3,1/3/2020,21,13.205,100.606,1.114,538.3374101,0.67919404
1/3/2020 21:00,2020,1,3,1/3/2020,22,14.775,99.698,1.145,538.3304082,0.679185206
1/3/2020 22:00,2020,1,3,1/3/2020,23,13.2,99.897,1.114,538.3234363,0.67917641
1/3/2020 23:00,2020,1,3,1/3/2020,24,15.125,100.313,1.153,498.0182668,0.628325345
1/4/2020 0:00,2020,1,4,1/4/2020,1,12.228,100.725,1.095,457.7131274,0.577474317
1/4/2020 1:00,2020,1,4,1/4/2020,2,11.907,100.443,1.088,457.7062454,0.577465634
1/4/2020 2:00,2020,1,4,1/4/2020,3,11.338,98.918,1.08,457.6993933,0.577456989
1/4/2020 3:00,2020,1,4,1/4/2020,4,9.405,101.77,1.08,457.6925713,0.577448382
1/4/2020 4:00,2020,1,4,1/4/2020,5,8.082,100.026,1.08,457.6857792,0.577439813
1/4/2020 5:00,2020,1,4,1/4/2020,6,7.994,100.3,1.08,457.6790172,0.577431282
1/4/2020 6:00,2020,1,4,1/4/2020,7,5.617,99.413,1.08,457.6722851,0.577422788
1/4/2020 7:00,2020,1,4,1/4/2020,8,6.987,99.458,1.08,488.9090236,0.616832657
1/4/2020 8:00,2020,1,4,1/4/2020,9,4.674,101.186,1.08,564.3306896,0.711988492
1/4/2020 9:00,2020,1,4,1/4/2020,10,4.551,101.878,1.08,639.7523855,0.807144366
1/4/2020 10:00,2020,1,4,1/4/2020,11,5.592,101.685,1.08,670.9892141,0.846554348
1/4/2020 11:00,2020,1,4,1/4/2020,12,4.385,102.719,1.08,670.982632,0.846546044
1/4/2020 12:00,2020,1,4,1/4/2020,13,6.851,100.921,1.08,670.97608,0.846537777
1/4/2020 13:00,2020,1,4,1/4/2020,14,7.208,102.021,1.08,670.969558,0.846529549
1/4/2020 14:00,2020,1,4,1/4/2020,15,9.137,100.611,1.08,670.9630661,0.846521358
1/4/2020 15:00,2020,1,4,1/4/2020,16,9.941,101.469,1.08,670.9566041,0.846513206
1/4/2020 16:00,2020,1,4,1/4/2020,17,11.905,101.638,1.088,670.9501722,0.846505091
1/4/2020 17:00,2020,1,4,1/4/2020,18,11.544,102.992,1.081,670.9437704,0.846497014
1/4/2020 18:00,2020,1,4,1/4/2020,19,13.827,101.045,1.127,670.9373985,0.846488975
1/4/2020 19:00,2020,1,4,1/4/2020,20,13.899,101.833,1.128,604.5575056,0.762740703
1/4/2020 20:00,2020,1,4,1/4/2020,21,13.933,100.756,1.129,538.1776428,0.678992469
1/4/2020 21:00,2020,1,4,1/4/2020,22,14.671,99.144,1.143,538.1713611,0.678984544
1/4/2020 22:00,2020,1,4,1/4/2020,23,13.727,98.831,1.125,538.1651094,0.678976657
1/4/2020 23:00,2020,1,4,1/4/2020,24,13.427,99.349,1.119,497.8606604,0.6281265
1/5/2020 0:00,2020,1,5,1/5/2020,1,12.759,99.739,1.105,457.5562414,0.577276382
1/5/2020 1:00,2020,1,5,1/5/2020,2,12.406,99.82,1.098,457.5500799,0.577268608
1/5/2020 2:00,2020,1,5,1/5/2020,3,11.091,99.477,1.08,457.5439485,0.577260872
1/5/2020 3:00,2020,1,5,1/5/2020,4,8.322,100.889,1.08,457.5378471,0.577253174
1/5/2020 4:00,2020,1,5,1/5/2020,5,10.019,100.843,1.08,457.5317759,0.577245515
1/5/2020 5:00,2020,1,5,1/5/2020,6,9.173,100.699,1.08,457.5257347,0.577237893
1/5/2020 6:00,2020,1,5,1/5/2020,7,6.353,98.327,1.08,457.5197236,0.577230309
1/5/2020 7:00,2020,1,5,1/5/2020,8,6.822,98.554,1.08,488.7571831,0.616641087
1/5/2020 8:00,2020,1,5,1/5/2020,9,6.153,99.302,1.08,564.1795701,0.711797832
1/5/2020 9:00,2020,1,5,1/5/2020,10,5.213,103.401,1.08,639.6019873,0.806954616
1/5/2020 10:00,2020,1,5,1/5/2020,11,5.543,102.774,1.08,670.8395371,0.846365508
1/5/2020 11:00,2020,1,5,1/5/2020,12,7.01,102.905,1.08,670.8336764,0.846358114
1/5/2020 12:00,2020,1,5,1/5/2020,13,5.578,101.294,1.08,670.8278458,0.846350757
1/5/2020 13:00,2020,1,5,1/5/2020,14,8.445,101.998,1.08,670.8220453,0.846343439
1/5/2020 14:00,2020,1,5,1/5/2020,15,9.868,100.642,1.08,670.8162749,0.846336159
1/5/2020 15:00,2020,1,5,1/5/2020,16,9.516,101.324,1.08,670.8105346,0.846328917
1/5/2020 16:00,2020,1,5,1/5/2020,17,12.363,103.025,1.097,670.8048244,0.846321712
1/5/2020 17:00,2020,1,5,1/5/2020,18,12.899,102.201,1.108,670.7991443,0.846314546
1/5/2020 18:00,2020,1,5,1/5/2020,19,14.067,103.136,1.131,670.7934943,0.846307418
1/5/2020 19:00,2020,1,5,1/5/2020,20,13.825,101.256,1.127,604.4143233,0.762560057
1/5/2020 20:00,2020,1,5,1/5/2020,21,13.519,100.985,1.12,538.0351825,0.678812734
1/5/2020 21:00,2020,1,5,1/5/2020,22,14.199,100.169,1.134,538.0296229,0.67880572
1/5/2020 22:00,2020,1,5,1/5/2020,23,12.539,98.746,1.101,538.0240934,0.678798744
1/5/2020 23:00,2020,1,5,1/5/2020,24,13.236,99.318,1.115,497.7203665,0.627949498
1/6/2020 0:00,2020,1,6,1/6/2020,1,13.721,98.121,1.124,457.4166698,0.577100291
1/6/2020 1:00,2020,1,6,1/6/2020,2,11.582,98.559,1.082,457.4112307,0.577093429
1/6/2020 2:00,2020,1,6,1/6/2020,3,11.489,99.021,1.08,457.4058218,0.577086604
1/6/2020 3:00,2020,1,6,1/6/2020,4,11.648,100.488,1.083,457.4004429,0.577079818
1/6/2020 4:00,2020,1,6,1/6/2020,5,8.44,99.721,1.08,457.3950942,0.57707307
1/6/2020 5:00,2020,1,6,1/6/2020,6,8.057,99.747,1.08,457.3897757,0.57706636
1/6/2020 6:00,2020,1,6,1/6/2020,7,5.63,101.578,1.08,457.3844873,0.577059688
1/6/2020 7:00,2020,1,6,1/6/2020,8,6.906,100.365,1.08,488.6226696,0.616471378
1/6/2020 8:00,2020,1,6,1/6/2020,9,6.455,102.387,1.08,564.0457795,0.711629035
1/6/2020 9:00,2020,1,6,1/6/2020,10,5.031,101.252,1.08,639.4689196,0.806786731
1/6/2020 10:00,2020,1,6,1/6/2020,11,4.936,102.335,1.08,670.7071924,0.846198535
1/6/2020 11:00,2020,1,6,1/6/2020,12,5.803,103.79,1.08,670.7020548,0.846192053
1/6/2020 12:00,2020,1,6,1/6/2020,13,5.865,102.234,1.08,670.6969473,0.846185609
1/6/2020 13:00,2020,1,6,1/6/2020,14,8.227,102.268,1.08,670.69187,0.846179203
1/6/2020 14:00,2020,1,6,1/6/2020,15,9.711,102.574,1.08,670.6868229,0.846172836
1/6/2020 15:00,2020,1,6,1/6/2020,16,10.122,102.363,1.08,670.6818059,0.846166506
1/6/2020 16:00,2020,1,6,1/6/2020,17,9.738,100.911,1.08,670.6768191,0.846160214
1/6/2020 17:00,2020,1,6,1/6/2020,18,13.539,102.648,1.121,670.6718625,0.846153961
1/6/2020 18:00,2020,1,6,1/6/2020,19,13.574,100.864,1.121,670.6669361,0.846147745
1/6/2020 19:00,2020,1,6,1/6/2020,20,14.086,101.203,1.132,604.2884887,0.762401298
1/6/2020 20:00,2020,1,6,1/6/2020,21,13.058,101.219,1.111,537.9100715,0.678654888
1/6/2020 21:00,2020,1,6,1/6/2020,22,14.409,99.947,1.138,537.9052356,0.678648787
1/6/2020 22:00,2020,1,6,1/6/2020,23,14.382,99.028,1.138,537.9004299,0.678642724
1/6/2020 23:00,2020,1,6,1/6/2020,24,13.985,99.953,1.13,497.5974269,0.627794391
1/7/2020 0:00,2020,1,7,1/7/2020,1,13.652,100.376,1.123,457.2944541,0.576946097
1/7/2020 1:00,2020,1,7,1/7/2020,2,11.589,99.285,1.082,457.289739,0.576940149
1/7/2020 2:00,2020,1,7,1/7/2020,3,10.797,101.028,1.08,457.2850541,0.576934238
1/7/2020 3:00,2020,1,7,1/7/2020,4,9.42,102.249,1.08,457.2803994,0.576928365
1/7/2020 4:00,2020,1,7,1/7/2020,5,8.686,98.408,1.08,457.2757748,0.576922531
1/7/2020 5:00,2020,1,7,1/7/2020,6,6.331,100.162,1.08,457.2711805,0.576916734
1/7/2020 6:00,2020,1,7,1/7/2020,7,7.631,98.449,1.08,457.2666164,0.576910976
1/7/2020 7:00,2020,1,7,1/7/2020,8,6.531,100.033,1.08,488.5055231,0.61632358
1/7/2020 8:00,2020,1,7,1/7/2020,9,6.312,98.657,1.08,563.9293574,0.711482151
1/7/2020 9:00,2020,1,7,1/7/2020,10,5.426,100.219,1.08,639.3532219,0.80664076
1/7/2020 10:00,2020,1,7,1/7/2020,11,5.935,101.55,1.08,670.5922193,0.846053479
1/7/2020 11:00,2020,1,7,1/7/2020,12,5.755,101.904,1.08,670.5878062,0.846047911
1/7/2020 12:00,2020,1,7,1/7/2020,13,8.122,99.801,1.08,670.5834234,0.846042382
1/7/2020 13:00,2020,1,7,1/7/2020,14,6.788,101.152,1.08,670.5790708,0.84603689
1/7/2020 14:00,2020,1,7,1/7/2020,15,7.775,102.25,1.08,670.5747484,0.846031437
1/7/2020 15:00,2020,1,7,1/7/2020,16,9.92,100.39,1.08,670.5704563,0.846026022
1/7/2020 16:00,2020,1,7,1/7/2020,17,11.317,99.235,1.08,670.5661944,0.846020645
1/7/2020 17:00,2020,1,7,1/7/2020,18,14.141,100.253,1.133,670.5619627,0.846015306
1/7/2020 18:00,2020,1,7,1/7/2020,19,14.028,101.557,1.131,670.5577613,0.846010005
1/7/2020 19:00,2020,1,7,1/7/2020,20,14.332,100.948,1.137,604.1800389,0.762264472
1/7/2020 20:00,2020,1,7,1/7/2020,21,13.642,99.82,1.123,537.8023469,0.678518977
1/7/2020 21:00,2020,1,7,1/7/2020,22,13.716,98.376,1.124,537.7982361,0.678513791
1/7/2020 22:00,2020,1,7,1/7/2020,23,13.556,98.826,1.121,537.7941556,0.678508642
1/7/2020 23:00,2020,1,7,1/7/2020,24,14.52,101.786,1.14,497.4918779,0.627661225
1/8/2020 0:00,2020,1,8,1/8/2020,1,13.934,99.789,1.129,457.1896305,0.576813846
1/8/2020 1:00,2020,1,8,1/8/2020,2,12.965,101.144,1.109,457.1856407,0.576808813
1/8/2020 2:00,2020,1,8,1/8/2020,3,10.425,100.51,1.08,457.1816812,0.576803817
1/8/2020 3:00,2020,1,8,1/8/2020,4,8.878,99.451,1.08,457.177752,0.57679886
1/8/2020 4:00,2020,1,8,1/8/2020,5,8.932,99.755,1.08,457.173853,0.576793941
1/8/2020 5:00,2020,1,8,1/8/2020,6,8.163,99.382,1.08,457.1699843,0.57678906
1/8/2020 6:00,2020,1,8,1/8/2020,7,7.028,101.204,1.08,457.1661458,0.576784217
1/8/2020 7:00,2020,1,8,1/8/2020,8,6.771,99.41,1.08,488.4057782,0.616197737
1/8/2020 8:00,2020,1,8,1/8/2020,9,6.364,102.13,1.08,563.8303383,0.711357224
1/8/2020 9:00,2020,1,8,1/8/2020,10,6.556,100.502,1.08,639.2549286,0.806516749
1/8/2020 10:00,2020,1,8,1/8/2020,11,6.333,98.89,1.08,670.4946518,0.845930383
1/8/2020 11:00,2020,1,8,1/8/2020,12,4.858,101.302,1.08,670.4909646,0.845925731
1/8/2020 12:00,2020,1,8,1/8/2020,13,6.317,99.056,1.08,670.4873078,0.845921117
1/8/2020 13:00,2020,1,8,1/8/2020,14,7.609,98.181,1.08,670.4836812,0.845916542
1/8/2020 14:00,2020,1,8,1/8/2020,15,10.342,101.066,1.08,670.4800848,0.845912004
1/8/2020 15:00,2020,1,8,1/8/2020,16,9.468,100.235,1.08,670.4765188,0.845907505
1/8/2020 16:00,2020,1,8,1/8/2020,17,10.933,100.285,1.08,670.472983,0.845903044
1/8/2020 17:00,2020,1,8,1/8/2020,18,12.081,98.244,1.092,670.4694775,0.845898622
1/8/2020 18:00,2020,1,8,1/8/2020,19,13.752,100.209,1.125,670.4660023,0.845894237
1/8/2020 19:00,2020,1,8,1/8/2020,20,13.644,101.107,1.123,604.0890063,0.76214962
1/8/2020 20:00,2020,1,8,1/8/2020,21,14.569,100.21,1.141,537.7120405,0.678405042
1/8/2020 21:00,2020,1,8,1/8/2020,22,13.388,99.117,1.118,537.7086562,0.678400772
1/8/2020 22:00,2020,1,8,1/8/2020,23,14.42,99.05,1.138,537.7053021,0.67839654
1/8/2020 23:00,2020,1,8,1/8/2020,24,14.838,100.197,1.147,497.4037509,0.62755004
1/9/2020 0:00,2020,1,9,1/9/2020,1,13.644,101.6,1.123,457.1022299,0.576703577
1/9/2020 1:00,2020,1,9,1/9/2020,2,12.079,99.403,1.092,457.0989668,0.57669946
1/9/2020 2:00,2020,1,9,1/9/2020,3,11.872,101.129,1.087,457.0957339,0.576695382
1/9/2020 3:00,2020,1,9,1/9/2020,4,10.702,100.253,1.08,457.0925313,0.576691341
1/9/2020 4:00,2020,1,9,1/9/2020,5,9.195,99.051,1.08,457.089359,0.576687339
1/9/2020 5:00,2020,1,9,1/9/2020,6,8.34,100.91,1.08,457.086217,0.576683375
1/9/2020 6:00,2020,1,9,1/9/2020,7,7.705,100.581,1.08,457.0831053,0.576679449
1/9/2020 7:00,2020,1,9,1/9/2020,8,5.571,100.692,1.08,488.3234645,0.616093886
1/9/2020 8:00,2020,1,9,1/9/2020,9,5.22,103.536,1.08,563.7487514,0.711254289
1/9/2020 9:00,2020,1,9,1/9/2020,10,6.075,101.629,1.08,639.1740687,0.806414732
1/9/2020 10:00,2020,1,9,1/9/2020,11,7.076,101.176,1.08,670.4145188,0.845829283
1/9/2020 11:00,2020,1,9,1/9/2020,12,6.065,99.795,1.08,670.4115586,0.845825548
1/9/2020 12:00,2020,1,9,1/9/2020,13,6.037,101.573,1.08,670.4086288,0.845821852
1/9/2020 13:00,2020,1,9,1/9/2020,14,8.77,102.822,1.08,670.4057293,0.845818194
1/9/2020 14:00,2020,1,9,1/9/2020,15,8.613,104.017,1.08,670.4028601,0.845814574
1/9/2020 15:00,2020,1,9,1/9/2020,16,9.703,100.471,1.08,670.4000212,0.845810992
1/9/2020 16:00,2020,1,9,1/9/2020,17,9.281,101.813,1.08,670.3972126,0.845807449
1/9/2020 17:00,2020,1,9,1/9/2020,18,12.155,101.101,1.093,670.3944343,0.845803943
1/9/2020 18:00,2020,1,9,1/9/2020,19,13.667,101.56,1.123,670.3916864,0.845800476
1/9/2020 19:00,2020,1,9,1/9/2020,20,13.091,102.202,1.112,604.0154177,0.762056777
1/9/2020 20:00,2020,1,9,1/9/2020,21,15.052,100.785,1.151,537.6391793,0.678313116
1/9/2020 21:00,2020,1,9,1/9/2020,22,13.659,99.476,1.123,537.6365223,0.678309764
1/9/2020 22:00,2020,1,9,1/9/2020,23,13.835,98.694,1.127,537.6338956,0.67830645
1/9/2020 23:00,2020,1,9,1/9/2020,24,13.106,99.682,1.112,497.3330719,0.627460868
1/10/2020 0:00,2020,1,10,1/10/2020,1,12.44,98.947,1.099,457.0322784,0.576615323
1/10/2020 1:00,2020,1,10,1/10/2020,2,11.037,98.65,1.08,457.0297428,0.576612124
1/10/2020 2:00,2020,1,10,1/10/2020,3,10.871,99.155,1.08,457.0272374,0.576608963
1/10/2020 3:00,2020,1,10,1/10/2020,4,9.656,98.232,1.08,457.0247624,0.576605841
1/10/2020 4:00,2020,1,10,1/10/2020,5,8.583,100.565,1.08,457.0223178,0.576602756
1/10/2020 5:00,2020,1,10,1/10/2020,6,7.9,99.276,1.08,457.0199035,0.57659971
1/10/2020 6:00,2020,1,10,1/10/2020,7,5.475,100.421,1.08,457.0175195,0.576596702
1/10/2020 7:00,2020,1,10,1/10/2020,8,6.491,100.296,1.08,488.2586064,0.616012057
1/10/2020 8:00,2020,1,10,1/10/2020,9,6.122,101.026,1.08,563.6846211,0.711173379
1/10/2020 9:00,2020,1,10,1/10/2020,10,5.376,103.443,1.08,639.1106661,0.80633474
1/10/2020 10:00,2020,1,10,1/10/2020,11,6.118,102.212,1.08,670.3518441,0.845750209
1/10/2020 11:00,2020,1,10,1/10/2020,12,6.045,101.897,1.08,670.3496118,0.845747393
1/10/2020 12:00,2020,1,10,1/10/2020,13,8.266,103.66,1.08,670.3474099,0.845744615
1/10/2020 13:00,2020,1,10,1/10/2020,14,8.605,100.195,1.08,670.3452383,0.845741875
1/10/2020 14:00,2020,1,10,1/10/2020,15,9.478,102.296,1.08,670.343097,0.845739174
1/10/2020 15:00,2020,1,10,1/10/2020,16,8.896,102.441,1.08,670.3409861,0.84573651
1/10/2020 16:00,2020,1,10,1/10/2020,17,11.153,102.185,1.08,670.3389056,0.845733885
1/10/2020 17:00,2020,1,10,1/10/2020,18,12.787,99.572,1.106,670.3368554,0.845731299
1/10/2020 18:00,2020,1,10,1/10/2020,19,13.917,100.383,1.128,670.3348355,0.84572875
1/10/2020 19:00,2020,1,10,1/10/2020,20,13.826,101.674,1.127,603.9592949,0.76198597
1/10/2020 20:00,2020,1,10,1/10/2020,21,15.924,99.413,1.168,537.5837846,0.678243228
1/10/2020 21:00,2020,1,10,1/10/2020,22,14.847,100.255,1.147,537.5818558,0.678240794
1/10/2020 22:00,2020,1,10,1/10/2020,23,13.839,98.737,1.127,537.5799574,0.678238399
1/10/2020 23:00,2020,1,10,1/10/2020,24,13.363,100.085,1.117,497.2798618,0.627393735
1/11/2020 0:00,2020,1,11,1/11/2020,1,13.606,97.959,1.122,456.9797966,0.576549109
1/11/2020 1:00,2020,1,11,1/11/2020,2,12.908,99.746,1.108,456.9779892,0.576546829
1/11/2020 2:00,2020,1,11,1/11/2020,3,11.637,98.603,1.083,456.9762122,0.576544587
1/11/2020 3:00,2020,1,11,1/11/2020,4,9.889,100.446,1.08,456.9744656,0.576542383
1/11/2020 4:00,2020,1,11,1/11/2020,5,9.748,98.63,1.08,456.9727493,0.576540218
1/11/2020 5:00,2020,1,11,1/11/2020,6,6.621,99.985,1.08,456.9710633,0.576538091
1/11/2020 6:00,2020,1,11,1/11/2020,7,6.393,99.515,1.08,456.9694078,0.576536002
1/11/2020 7:00,2020,1,11,1/11/2020,8,6.285,99.055,1.08,488.2112231,0.615952276
1/11/2020 8:00,2020,1,11,1/11/2020,9,6.392,102.307,1.08,563.6379663,0.711114517
1/11/2020 9:00,2020,1,11,1/11/2020,10,5.93,102.346,1.08,639.0647398,0.806276797
1/11/2020 10:00,2020,1,11,1/11/2020,11,4.869,102.763,1.08,670.3066463,0.845693185
1/11/2020 11:00,2020,1,11,1/11/2020,12,7.044,101.566,1.08,670.3051425,0.845691288
1/11/2020 12:00,2020,1,11,1/11/2020,13,8.087,101.216,1.08,670.3036691,0.845689429
1/11/2020 13:00,2020,1,11,1/11/2020,14,9.22,101.787,1.08,670.3022261,0.845687609
1/11/2020 14:00,2020,1,11,1/11/2020,15,9.149,100.607,1.08,670.3008134,0.845685826
1/11/2020 15:00,2020,1,11,1/11/2020,16,11.753,101.464,1.085,670.2994311,0.845684082
1/11/2020 16:00,2020,1,11,1/11/2020,17,11.707,101.184,1.084,670.2980792,0.845682377
1/11/2020 17:00,2020,1,11,1/11/2020,18,12.564,101.984,1.101,670.2967577,0.84568071
1/11/2020 18:00,2020,1,11,1/11/2020,19,13.25,102.763,1.115,670.2954665,0.84567908
1/11/2020 19:00,2020,1,11,1/11/2020,20,13.339,104.067,1.117,603.9206546,0.761937219
1/11/2020 20:00,2020,1,11,1/11/2020,21,14.123,101.303,1.132,537.545873,0.678195396
1/11/2020 21:00,2020,1,11,1/11/2020,22,14.564,99.473,1.141,537.544673,0.678193882
1/11/2020 22:00,2020,1,11,1/11/2020,23,14.052,98.842,1.131,537.5435033,0.678192407
1/11/2020 23:00,2020,1,11,1/11/2020,24,13.917,99.974,1.128,497.2441365,0.627348662
1/12/2020 0:00,2020,1,12,1/12/2020,1,11.439,100.121,1.08,456.9448001,0.576504956
1/12/2020 1:00,2020,1,12,1/12/2020,2,13.071,100.321,1.111,456.9437216,0.576503595
1/12/2020 2:00,2020,1,12,1/12/2020,3,9.812,98.685,1.08,456.9426734,0.576502273
1/12/2020 3:00,2020,1,12,1/12/2020,4,10.184,99.322,1.08,456.9416556,0.576500989
1/12/2020 4:00,2020,1,12,1/12/2020,5,8.967,99.907,1.08,456.9406681,0.576499743
1/12/2020 5:00,2020,1,12,1/12/2020,6,7.705,101.334,1.08,456.9397111,0.576498535
1/12/2020 6:00,2020,1,12,1/12/2020,7,6.374,101.487,1.08,456.9387844,0.576497366
1/12/2020 7:00,2020,1,12,1/12/2020,8,6.845,99.241,1.08,488.1813287,0.61591456
1/12/2020 8:00,2020,1,12,1/12/2020,9,6.156,100.722,1.08,563.6088008,0.71107772
1/12/2020 9:00,2020,1,12,1/12/2020,10,6.189,103.124,1.08,639.0363032,0.80624092
1/12/2020 10:00,2020,1,12,1/12/2020,11,5.177,102.333,1.08,670.2789386,0.845658228
1/12/2020 11:00,2020,1,12,1/12/2020,12,7.017,102.136,1.08,670.2781639,0.845657251
1/12/2020 12:00,2020,1,12,1/12/2020,13,6.026,103.092,1.08,670.2774195,0.845656311
1/12/2020 13:00,2020,1,12,1/12/2020,14,8.007,102.87,1.08,670.2767054,0.845655411
1/12/2020 14:00,2020,1,12,1/12/2020,15,7.952,102.804,1.08,670.2760218,0.845654548
1/12/2020 15:00,2020,1,12,1/12/2020,16,10.621,101.518,1.08,670.2753685,0.845653724
1/12/2020 16:00,2020,1,12,1/12/2020,17,10.429,101.812,1.08,670.2747457,0.845652938
1/12/2020 17:00,2020,1,12,1/12/2020,18,13.12,101.086,1.112,670.2741532,0.84565219
1/12/2020 18:00,2020,1,12,1/12/2020,19,11.783,102.451,1.086,670.2735911,0.845651481
1/12/2020 19:00,2020,1,12,1/12/2020,20,12.851,102.175,1.107,603.8995082,0.76191054
1/12/2020 20:00,2020,1,12,1/12/2020,21,14.154,100.189,1.133,537.5254557,0.678169637
1/12/2020 21:00,2020,1,12,1/12/2020,22,14.582,101.676,1.142,537.5249848,0.678169043
1/12/2020 22:00,2020,1,12,1/12/2020,23,15.433,99.709,1.159,537.5245442,0.678168487
1/12/2020 23:00,2020,1,12,1/12/2020,24,14.006,99.044,1.13,497.2259065,0.627325662
1/13/2020 0:00,2020,1,13,1/13/2020,1,13.682,100.169,1.124,456.9272993,0.576482876
1/13/2020 1:00,2020,1,13,1/13/2020,2,11.426,100.507,1.08,456.9269498,0.576482435
1/13/2020 2:00,2020,1,13,1/13/2020,3,10.894,100.63,1.08,456.9266308,0.576482033
1/13/2020 3:00,2020,1,13,1/13/2020,4,9.302,98.25,1.08,456.9263421,0.576481668
1/13/2020 4:00,2020,1,13,1/13/2020,5,8.69,98.402,1.08,456.9260839,0.576481343
1/13/2020 5:00,2020,1,13,1/13/2020,6,7.842,99.245,1.08,456.925856,0.576481055
1/13/2020 6:00,2020,1,13,1/13/2020,7,6.285,99.357,1.08,456.9256585,0.576480806
1/13/2020 7:00,2020,1,13,1/13/2020,8,6.509,100.014,1.08,488.1689319,0.615898919
1/13/2020 8:00,2020,1,13,1/13/2020,9,6.224,101.603,1.08,563.5971332,0.711063
1/13/2020 9:00,2020,1,13,1/13/2020,10,3.967,102.525,1.08,639.0253649,0.806227119
1/13/2020 10:00,2020,1,13,1/13/2020,11,4.65,101.23,1.08,670.2687295,0.845645348
1/13/2020 11:00,2020,1,13,1/13/2020,12,5.468,101.741,1.08,670.2686839,0.84564529
1/13/2020 12:00,2020,1,13,1/13/2020,13,6.365,102.153,1.08,670.2686687,0.845645271
1/13/2020 13:00,2020,1,13,1/13/2020,14,7.746,101.943,1.08,670.2686839,0.84564529
1/13/2020 14:00,2020,1,13,1/13/2020,15,8.93,100.486,1.08,670.2687295,0.845645348
1/13/2020 15:00,2020,1,13,1/13/2020,16,9.099,103.015,1.08,670.2688054,0.845645444
1/13/2020 16:00,2020,1,13,1/13/2020,17,10.89,101.872,1.08,670.2689118,0.845645578
1/13/2020 17:00,2020,1,13,1/13/2020,18,11.659,101.701,1.083,670.2690485,0.84564575
1/13/2020 18:00,2020,1,13,1/13/2020,19,14.031,100.125,1.131,670.2692156,0.845645961
1/13/2020 19:00,2020,1,13,1/13/2020,20,13.669,102.08,1.123,603.895862,0.76190594
1/13/2020 20:00,2020,1,13,1/13/2020,21,13.743,101.319,1.125,537.5225388,0.678165957
1/13/2020 21:00,2020,1,13,1/13/2020,22,15.004,101.263,1.15,537.5227971,0.678166283
1/13/2020 22:00,2020,1,13,1/13/2020,23,13.819,100.335,1.126,537.5230857,0.678166647
1/13/2020 23:00,2020,1,13,1/13/2020,24,12.473,99.016,1.099,497.2251773,0.627324742
1/14/2020 0:00,2020,1,14,1/14/2020,1,12.84,100.67,1.107,456.9272993,0.576482876
1/14/2020 1:00,2020,1,14,1/14/2020,2,11.652,100.711,1.083,456.9276791,0.576483355
1/14/2020 2:00,2020,1,14,1/14/2020,3,10.164,100.44,1.08,456.9280893,0.576483873
1/14/2020 3:00,2020,1,14,1/14/2020,4,10.187,99.881,1.08,456.9285299,0.576484429
1/14/2020 4:00,2020,1,14,1/14/2020,5,8.962,100.396,1.08,456.9290008,0.576485023
1/14/2020 5:00,2020,1,14,1/14/2020,6,7.902,99.383,1.08,456.9295022,0.576485655
1/14/2020 6:00,2020,1,14,1/14/2020,7,8.657,100.099,1.08,456.9300339,0.576486326
1/14/2020 7:00,2020,1,14,1/14/2020,8,5.737,101.135,1.08,488.1740366,0.61590536
1/14/2020 8:00,2020,1,14,1/14/2020,9,3.758,101.505,1.08,563.6029671,0.71107036
1/14/2020 9:00,2020,1,14,1/14/2020,10,5.046,100.949,1.08,639.031928,0.8062354
1/14/2020 10:00,2020,1,14,1/14/2020,11,5.252,102.25,1.08,670.2760218,0.845654548
1/14/2020 11:00,2020,1,14,1/14/2020,12,6.441,99.504,1.08,670.2767054,0.845655411
1/14/2020 12:00,2020,1,14,1/14/2020,13,7.57,98.891,1.08,670.2774195,0.845656311
1/14/2020 13:00,2020,1,14,1/14/2020,14,7.914,99.572,1.08,670.2781639,0.845657251
1/14/2020 14:00,2020,1,14,1/14/2020,15,7.204,100.298,1.08,670.2789386,0.845658228
1/14/2020 15:00,2020,1,14,1/14/2020,16,9.661,98.876,1.08,670.2797438,0.845659244
1/14/2020 16:00,2020,1,14,1/14/2020,17,10.936,99.592,1.08,670.2805793,0.845660298
1/14/2020 17:00,2020,1,14,1/14/2020,18,11.131,97.991,1.08,670.2814453,0.845661391
1/14/2020 18:00,2020,1,14,1/14/2020,19,13.758,100.744,1.125,670.2823416,0.845662521
1/14/2020 19:00,2020,1,14,1/14/2020,20,13.523,99.029,1.12,603.9097171,0.76192342
1/14/2020 20:00,2020,1,14,1/14/2020,21,13.57,99.975,1.121,537.5371231,0.678184357
1/14/2020 21:00,2020,1,14,1/14/2020,22,14.363,101.234,1.137,537.5381105,0.678185603
1/14/2020 22:00,2020,1,14,1/14/2020,23,13.519,99.302,1.12,537.5391283,0.678186887
1/14/2020 23:00,2020,1,14,1/14/2020,24,13.91,99.736,1.128,497.241949,0.627345902
1/15/2020 0:00,2020,1,15,1/15/2020,1,13.759,99.873,1.125,456.9448001,0.576504956
1/15/2020 1:00,2020,1,15,1/15/2020,2,12.048,98.054,1.091,456.9459091,0.576506355
1/15/2020 2:00,2020,1,15,1/15/2020,3,10.286,99.666,1.08,456.9470484,0.576507792
1/15/2020 3:00,2020,1,15,1/15/2020,4,8.916,102.34,1.08,456.948218,0.576509268
1/15/2020 4:00,2020,1,15,1/15/2020,5,9.009,99.751,1.08,456.9494181,0.576510782
1/15/2020 5:00,2020,1,15,1/15/2020,6,7.103,100.326,1.08,456.9506485,0.576512335
1/15/2020 6:00,2020,1,15,1/15/2020,7,6.587,100.219,1.08,456.9519093,0.576513925
1/15/2020 7:00,2020,1,15,1/15/2020,8,5.501,100.187,1.08,488.1966411,0.615933879
1/15/2020 8:00,2020,1,15,1/15/2020,9,5.322,100.169,1.08,563.6263006,0.711099799
1/15/2020 9:00,2020,1,15,1/15/2020,10,6.373,99.152,1.08,639.0559906,0.806265758
1/15/2020 10:00,2020,1,15,1/15/2020,11,5.101,100.018,1.08,670.3008134,0.845685826
1/15/2020 11:00,2020,1,15,1/15/2020,12,6.099,99.828,1.08,670.3022261,0.845687609
1/15/2020 12:00,2020,1,15,1/15/2020,13,5.999,102.363,1.08,670.3036691,0.845689429
1/15/2020 13:00,2020,1,15,1/15/2020,14,7.365,99.75,1.08,670.3051425,0.845691288
1/15/2020 14:00,2020,1,15,1/15/2020,15,8.537,100.283,1.08,670.3066463,0.845693185
1/15/2020 15:00,2020,1,15,1/15/2020,16,9.681,101.21,1.08,670.3081804,0.845695121
1/15/2020 16:00,2020,1,15,1/15/2020,17,11.027,101.595,1.08,670.3097449,0.845697095
1/15/2020 17:00,2020,1,15,1/15/2020,18,11.379,101.107,1.08,670.3113397,0.845699107
1/15/2020 18:00,2020,1,15,1/15/2020,19,12.927,100.629,1.109,670.3129649,0.845701157
1/15/2020 19:00,2020,1,15,1/15/2020,20,15.03,100.799,1.151,603.9410694,0.761962976
1/15/2020 20:00,2020,1,15,1/15/2020,21,13.632,99.134,1.123,537.5692042,0.678224832
1/15/2020 21:00,2020,1,15,1/15/2020,22,15.112,100.453,1.152,537.5709205,0.678226998
1/15/2020 22:00,2020,1,15,1/15/2020,23,16.036,100.768,1.171,537.5726672,0.678229201
1/15/2020 23:00,2020,1,15,1/15/2020,24,13.709,98.26,1.124,497.2762167,0.627389136
1/16/2020 0:00,2020,1,16,1/16/2020,1,14.275,99.507,1.135,456.9797966,0.576549109
1/16/2020 1:00,2020,1,16,1/16/2020,2,11.225,99.745,1.08,456.9816344,0.576551428
1/16/2020 2:00,2020,1,16,1/16/2020,3,12.177,99.066,1.094,456.9835024,0.576553785
1/16/2020 3:00,2020,1,16,1/16/2020,4,10.19,97.895,1.08,456.9854009,0.57655618
1/16/2020 4:00,2020,1,16,1/16/2020,5,9.85,100.72,1.08,456.9873297,0.576558613
1/16/2020 5:00,2020,1,16,1/16/2020,6,7.075,99.246,1.08,456.9892888,0.576561085
1/16/2020 6:00,2020,1,16,1/16/2020,7,6.992,101.954,1.08,456.9912783,0.576563595
1/16/2020 7:00,2020,1,16,1/16/2020,8,5.237,98.261,1.08,488.2367388,0.615984468
1/16/2020 8:00,2020,1,16,1/16/2020,9,5.443,101.844,1.08,563.667127,0.711151308
1/16/2020 9:00,2020,1,16,1/16/2020,10,4.173,101.776,1.08,639.0975455,0.806318186
1/16/2020 10:00,2020,1,16,1/16/2020,11,5.642,101.071,1.08,670.343097,0.845739174
1/16/2020 11:00,2020,1,16,1/16/2020,12,5.467,100.701,1.08,670.3452383,0.845741875
1/16/2020 12:00,2020,1,16,1/16/2020,13,6.303,103.31,1.08,670.3474099,0.845744615
1/16/2020 13:00,2020,1,16,1/16/2020,14,8.453,101.589,1.08,670.3496118,0.845747393
1/16/2020 14:00,2020,1,16,1/16/2020,15,6.969,100.858,1.08,670.3518441,0.845750209
1/16/2020 15:00,2020,1,16,1/16/2020,16,9.269,101.452,1.08,670.3541067,0.845753064
1/16/2020 16:00,2020,1,16,1/16/2020,17,10.432,103.71,1.08,670.3563997,0.845755957
1/16/2020 17:00,2020,1,16,1/16/2020,18,12.561,103.349,1.101,670.358723,0.845758888
1/16/2020 18:00,2020,1,16,1/16/2020,19,14.1,101.074,1.132,670.3610767,0.845761858
1/16/2020 19:00,2020,1,16,1/16/2020,20,13.698,100.402,1.124,603.9899095,0.762024595
1/16/2020 20:00,2020,1,16,1/16/2020,21,13.945,99.887,1.129,537.6187727,0.67828737
1/16/2020 21:00,2020,1,16,1/16/2020,22,15.399,100.807,1.158,537.6212174,0.678290455
1/16/2020 22:00,2020,1,16,1/16/2020,23,14.687,99.924,1.144,537.6236924,0.678293577
1/16/2020 23:00,2020,1,16,1/16/2020,24,13.888,99.536,1.128,497.3279702,0.627454431
1/17/2020 0:00,2020,1,17,1/17/2020,1,14.089,100.804,1.132,457.0322784,0.576615323
1/17/2020 1:00,2020,1,17,1/17/2020,2,12.339,101.49,1.097,457.0348444,0.57661856
1/17/2020 2:00,2020,1,17,1/17/2020,3,10.694,99.993,1.08,457.0374407,0.576621836
1/17/2020 3:00,2020,1,17,1/17/2020,4,11.031,99.081,1.08,457.0400674,0.57662515
1/17/2020 4:00,2020,1,17,1/17/2020,5,9.139,99.856,1.08,457.0427243,0.576628502
1/17/2020 5:00,2020,1,17,1/17/2020,6,7.259,100.07,1.08,457.0454116,0.576631893
1/17/2020 6:00,2020,1,17,1/17/2020,7,6.017,99.817,1.08,457.0481292,0.576635321
1/17/2020 7:00,2020,1,17,1/17/2020,8,6.061,100.179,1.08,488.2943178,0.616057113
1/17/2020 8:00,2020,1,17,1/17/2020,9,5.921,101.583,1.08,563.725434,0.711224871
1/17/2020 9:00,2020,1,17,1/17/2020,10,5.318,101.729,1.08,639.1565806,0.806392668
1/17/2020 10:00,2020,1,17,1/17/2020,11,5.262,101.057,1.08,670.4028601,0.845814574
1/17/2020 11:00,2020,1,17,1/17/2020,12,6.198,101.595,1.08,670.4057293,0.845818194
1/17/2020 12:00,2020,1,17,1/17/2020,13,8.244,102.742,1.08,670.4086288,0.845821852
1/17/2020 13:00,2020,1,17,1/17/2020,14,8.079,100.731,1.08,670.4115586,0.845825548
1/17/2020 14:00,2020,1,17,1/17/2020,15,9.303,102.06,1.08,670.4145188,0.845829283
1/17/2020 15:00,2020,1,17,1/17/2020,16,9.954,102.365,1.08,670.4175093,0.845833056
1/17/2020 16:00,2020,1,17,1/17/2020,17,11.525,102.258,1.081,670.42053,0.845836867
1/17/2020 17:00,2020,1,17,1/17/2020,18,12.282,100.702,1.096,670.4235811,0.845840716
1/17/2020 18:00,2020,1,17,1/17/2020,19,13.765,102.871,1.125,670.4266625,0.845844604
1/17/2020 19:00,2020,1,17,1/17/2020,20,13.762,100.556,1.125,604.0562231,0.762108259
1/17/2020 20:00,2020,1,17,1/17/2020,21,14.825,98.872,1.146,537.6858139,0.678371953
1/17/2020 21:00,2020,1,17,1/17/2020,22,14.582,99.989,1.142,537.6889862,0.678375955
1/17/2020 22:00,2020,1,17,1/17/2020,23,14.95,100.552,1.149,537.6921888,0.678379996
1/17/2020 23:00,2020,1,17,1/17/2020,24,12.88,99.034,1.108,497.3971942,0.627541768
1/18/2020 0:00,2020,1,18,1/18/2020,1,12.906,100.298,1.108,457.1022299,0.576703577
1/18/2020 1:00,2020,1,18,1/18/2020,2,13.795,100.118,1.126,457.1055234,0.576707733
1/18/2020 2:00,2020,1,18,1/18/2020,3,12.583,99.188,1.102,457.1088472,0.576711926
1/18/2020 3:00,2020,1,18,1/18/2020,4,12.106,99.538,1.092,457.1122012,0.576716158
1/18/2020 4:00,2020,1,18,1/18/2020,5,9.26,98.739,1.08,457.1155856,0.576720428
1/18/2020 5:00,2020,1,18,1/18/2020,6,7.575,100.865,1.08,457.1190002,0.576724736
1/18/2020 6:00,2020,1,18,1/18/2020,7,7.565,100.709,1.08,457.1224452,0.576729082
1/18/2020 7:00,2020,1,18,1/18/2020,8,5.75,98.995,1.08,488.3693609,0.616151791
1/18/2020 8:00,2020,1,18,1/18/2020,9,6.546,102.502,1.08,563.8012044,0.711320467
1/18/2020 9:00,2020,1,18,1/18/2020,10,4.755,100.987,1.08,639.2330782,0.806489181
1/18/2020 10:00,2020,1,18,1/18/2020,11,6.326,103.272,1.08,670.4800848,0.845912004
1/18/2020 11:00,2020,1,18,1/18/2020,12,4.829,102.322,1.08,670.4836812,0.845916542
1/18/2020 12:00,2020,1,18,1/18/2020,13,6.891,103.28,1.08,670.4873078,0.845921117
1/18/2020 13:00,2020,1,18,1/18/2020,14,9.224,101.287,1.08,670.4909646,0.845925731
1/18/2020 14:00,2020,1,18,1/18/2020,15,7.418,103.244,1.08,670.4946518,0.845930383
1/18/2020 15:00,2020,1,18,1/18/2020,16,10.342,101.981,1.08,670.4983692,0.845935073
1/18/2020 16:00,2020,1,18,1/18/2020,17,10.791,102.539,1.08,670.5021169,0.845939801
1/18/2020 17:00,2020,1,18,1/18/2020,18,13.551,101.877,1.121,670.5058948,0.845944568
1/18/2020 18:00,2020,1,18,1/18/2020,19,11.711,101.108,1.084,670.509703,0.845949372
1/18/2020 19:00,2020,1,18,1/18/2020,20,12.8,102.12,1.106,604.1399903,0.762213945
1/18/2020 20:00,2020,1,18,1/18/2020,21,16.241,98.989,1.175,537.770308,0.678478555
1/18/2020 21:00,2020,1,18,1/18/2020,22,14.139,99.628,1.133,537.7742069,0.678483474
1/18/2020 22:00,2020,1,18,1/18/2020,23,14.238,99.109,1.135,537.7781362,0.678488431
1/18/2020 23:00,2020,1,18,1/18/2020,24,13.573,98.866,1.121,497.4838682,0.62765112
1/19/2020 0:00,2020,1,19,1/19/2020,1,13.674,98.584,1.123,457.1896305,0.576813846
1/19/2020 1:00,2020,1,19,1/19/2020,2,11.949,101.142,1.089,457.1936505,0.576818918
1/19/2020 2:00,2020,1,19,1/19/2020,3,10.992,99.28,1.08,457.1977007,0.576824028
1/19/2020 3:00,2020,1,19,1/19/2020,4,9.263,100.037,1.08,457.2017812,0.576829176
1/19/2020 4:00,2020,1,19,1/19/2020,5,9.023,101.707,1.08,457.2058919,0.576834363
1/19/2020 5:00,2020,1,19,1/19/2020,6,8.164,99.964,1.08,457.2100329,0.576839587
1/19/2020 6:00,2020,1,19,1/19/2020,7,7.771,99.74,1.08,457.2142041,0.57684485
1/19/2020 7:00,2020,1,19,1/19/2020,8,6.614,98.758,1.08,488.4618461,0.616268475
1/19/2020 8:00,2020,1,19,1/19/2020,9,5.99,102.661,1.08,563.8944158,0.711438067
1/19/2020 9:00,2020,1,19,1/19/2020,10,5.499,102.173,1.08,639.3270157,0.806607697
1/19/2020 10:00,2020,1,19,1/19/2020,11,6.804,102.126,1.08,670.5747484,0.846031437
1/19/2020 11:00,2020,1,19,1/19/2020,12,5.113,102.117,1.08,670.5790708,0.84603689
1/19/2020 12:00,2020,1,19,1/19/2020,13,6.424,100.325,1.08,670.5834234,0.846042382
1/19/2020 13:00,2020,1,19,1/19/2020,14,7.408,101.199,1.08,670.5878062,0.846047911
1/19/2020 14:00,2020,1,19,1/19/2020,15,8.217,101.963,1.08,670.5922193,0.846053479
1/19/2020 15:00,2020,1,19,1/19/2020,16,10.213,103.263,1.08,670.5966625,0.846059085
1/19/2020 16:00,2020,1,19,1/19/2020,17,10.972,102.424,1.08,670.601136,0.846064729
1/19/2020 17:00,2020,1,19,1/19/2020,18,12.757,101.747,1.105,670.6056397,0.846070411
1/19/2020 18:00,2020,1,19,1/19/2020,19,12.306,101.098,1.096,670.6101736,0.846076131
1/19/2020 19:00,2020,1,19,1/19/2020,20,13.981,100.74,1.13,604.2411866,0.762341619
1/19/2020 20:00,2020,1,19,1/19/2020,21,15.474,101.946,1.159,537.8722298,0.678607145
1/19/2020 21:00,2020,1,19,1/19/2020,22,13.768,99.386,1.125,537.8768543,0.678612979
1/19/2020 22:00,2020,1,19,1/19/2020,23,13.916,99.904,1.128,537.881509,0.678618852
1/19/2020 23:00,2020,1,19,1/19/2020,24,14.114,99.598,1.132,497.5879665,0.627782456
1/20/2020 0:00,2020,1,20,1/20/2020,1,12.624,99.897,1.102,457.2944541,0.576946097
1/20/2020 1:00,2020,1,20,1/20/2020,2,11.722,98.939,1.084,457.2991995,0.576952084
1/20/2020 2:00,2020,1,20,1/20/2020,3,10.729,99.269,1.08,457.303975,0.576958109
1/20/2020 3:00,2020,1,20,1/20/2020,4,9.799,100.481,1.08,457.3087807,0.576964172
1/20/2020 4:00,2020,1,20,1/20/2020,5,8.198,99.79,1.08,457.3136166,0.576970274
1/20/2020 5:00,2020,1,20,1/20/2020,6,10.119,99.846,1.08,457.3184826,0.576976413
1/20/2020 6:00,2020,1,20,1/20/2020,7,6.07,99.178,1.08,457.3233789,0.57698259
1/20/2020 7:00,2020,1,20,1/20/2020,8,5.943,99.671,1.08,488.5717459,0.61640713
1/20/2020 8:00,2020,1,20,1/20/2020,9,7.132,102.542,1.08,564.0050405,0.711577637
1/20/2020 9:00,2020,1,20,1/20/2020,10,5.583,102,1.08,639.4383653,0.806748182
1/20/2020 10:00,2020,1,20,1/20/2020,11,5.77,102.633,1.08,670.6868229,0.846172836
1/20/2020 11:00,2020,1,20,1/20/2020,12,4.582,101.778,1.08,670.69187,0.846179203
1/20/2020 12:00,2020,1,20,1/20/2020,13,7.477,101.444,1.08,670.6969473,0.846185609
1/20/2020 13:00,2020,1,20,1/20/2020,14,8.172,101.424,1.08,670.7020548,0.846192053
1/20/2020 14:00,2020,1,20,1/20/2020,15,8.852,101.53,1.08,670.7071924,0.846198535
1/20/2020 15:00,2020,1,20,1/20/2020,16,9.23,100.771,1.08,670.7123602,0.846205055
1/20/2020 16:00,2020,1,20,1/20/2020,17,10.756,101.843,1.08,670.7175581,0.846211613
1/20/2020 17:00,2020,1,20,1/20/2020,18,12.189,98.922,1.094,670.7227862,0.846218209
1/20/2020 18:00,2020,1,20,1/20/2020,19,13.974,102.334,1.129,670.7280445,0.846224843
1/20/2020 19:00,2020,1,20,1/20/2020,20,14.117,102.621,1.132,604.3597817,0.762491245
1/20/2020 20:00,2020,1,20,1/20/2020,21,12.606,99.708,1.102,537.9915492,0.678757684
1/20/2020 21:00,2020,1,20,1/20/2020,22,13.213,99.405,1.114,537.9968979,0.678764432
1/20/2020 22:00,2020,1,20,1/20/2020,23,13.873,99.297,1.127,538.0022767,0.678771219
1/20/2020 23:00,2020,1,20,1/20/2020,24,14.731,100.929,1.145,497.7094582,0.627935736
1/21/2020 0:00,2020,1,21,1/21/2020,1,11.817,99.814,1.086,457.4166698,0.577100291
1/21/2020 1:00,2020,1,21,1/21/2020,2,12.186,99.833,1.094,457.4221391,0.577107191
1/21/2020 2:00,2020,1,21,1/21/2020,3,10.861,99.881,1.08,457.4276384,0.57711413
1/21/2020 3:00,2020,1,21,1/21/2020,4,9.801,99.39,1.08,457.4331679,0.577121106
1/21/2020 4:00,2020,1,21,1/21/2020,5,9.617,98.578,1.08,457.4387275,0.57712812
1/21/2020 5:00,2020,1,21,1/21/2020,6,8.668,101.47,1.08,457.4443173,0.577135172
1/21/2020 6:00,2020,1,21,1/21/2020,7,6.953,100.068,1.08,457.4499371,0.577142263
1/21/2020 7:00,2020,1,21,1/21/2020,8,4.708,99.938,1.08,488.6990277,0.616567715
1/21/2020 8:00,2020,1,21,1/21/2020,9,6.449,99.319,1.08,564.1330458,0.711739135
1/21/2020 9:00,2020,1,21,1/21/2020,10,6.468,98.849,1.08,639.567094,0.806910592
1/21/2020 10:00,2020,1,21,1/21/2020,11,5.009,98.757,1.08,670.8162749,0.846336159
1/21/2020 11:00,2020,1,21,1/21/2020,12,5.439,100.857,1.08,670.8220453,0.846343439
1/21/2020 12:00,2020,1,21,1/21/2020,13,7.998,101.116,1.08,670.8278458,0.846350757
1/21/2020 13:00,2020,1,21,1/21/2020,14,7.074,99.139,1.08,670.8336764,0.846358114
1/21/2020 14:00,2020,1,21,1/21/2020,15,9.684,101.528,1.08,670.8395371,0.846365508
1/21/2020 15:00,2020,1,21,1/21/2020,16,10.317,101.082,1.08,670.8454278,0.84637294
1/21/2020 16:00,2020,1,21,1/21/2020,17,11.808,99.176,1.086,670.8513487,0.84638041
1/21/2020 17:00,2020,1,21,1/21/2020,18,12.301,99.233,1.096,670.8572997,0.846387918
1/21/2020 18:00,2020,1,21,1/21/2020,19,13.775,99.511,1.125,670.8632807,0.846395464
1/21/2020 19:00,2020,1,21,1/21/2020,20,12.494,99.529,1.1,604.4957407,0.762662777
1/21/2020 20:00,2020,1,21,1/21/2020,21,13.58,100.436,1.122,538.1282308,0.678930129
1/21/2020 21:00,2020,1,21,1/21/2020,22,13.766,99.121,1.125,538.1343021,0.678937789
1/21/2020 22:00,2020,1,21,1/21/2020,23,13.829,100.722,1.127,538.1404034,0.678945486
1/21/2020 23:00,2020,1,21,1/21/2020,24,13.828,101.614,1.127,497.8483074,0.628110915
1/22/2020 0:00,2020,1,22,1/22/2020,1,13.548,101.173,1.121,457.5562414,0.577276382
1/22/2020 1:00,2020,1,22,1/22/2020,2,12.757,99.92,1.105,457.5624329,0.577284193
1/22/2020 2:00,2020,1,22,1/22/2020,3,9.995,101.794,1.08,457.5686545,0.577292043
1/22/2020 3:00,2020,1,22,1/22/2020,4,10.122,98.904,1.08,457.5749061,0.57729993
1/22/2020 4:00,2020,1,22,1/22/2020,5,8.387,100.632,1.08,457.5811878,0.577307855
1/22/2020 5:00,2020,1,22,1/22/2020,6,7.025,99.043,1.08,457.5874996,0.577315819
1/22/2020 6:00,2020,1,22,1/22/2020,7,7.962,100.99,1.08,457.5938414,0.57732382
1/22/2020 7:00,2020,1,22,1/22/2020,8,5.873,101.08,1.08,488.8436538,0.616750183
1/22/2020 8:00,2020,1,22,1/22/2020,9,5.81,101.503,1.08,564.2783937,0.711922513
1/22/2020 9:00,2020,1,22,1/22/2020,10,4.866,100.325,1.08,639.7131636,0.807094881
1/22/2020 10:00,2020,1,22,1/22/2020,11,6.161,99.049,1.08,670.9630661,0.846521358
1/22/2020 11:00,2020,1,22,1/22/2020,12,5.731,101.105,1.08,670.969558,0.846529549
1/22/2020 12:00,2020,1,22,1/22/2020,13,6.277,98.673,1.08,670.97608,0.846537777
1/22/2020 13:00,2020,1,22,1/22/2020,14,7.21,100.569,1.08,670.982632,0.846546044
1/22/2020 14:00,2020,1,22,1/22/2020,15,9.49,99.448,1.08,670.9892141,0.846554348
1/22/2020 15:00,2020,1,22,1/22/2020,16,11.277,100.885,1.08,670.9958261,0.84656269
1/22/2020 16:00,2020,1,22,1/22/2020,17,11.692,99.207,1.084,671.0024681,0.84657107
1/22/2020 17:00,2020,1,22,1/22/2020,18,10.902,101.098,1.08,671.0091402,0.846579488
1/22/2020 18:00,2020,1,22,1/22/2020,19,12.892,99.078,1.108,671.0158423,0.846587943
1/22/2020 19:00,2020,1,22,1/22/2020,20,15.854,99.357,1.167,604.6490232,0.762856166
1/22/2020 20:00,2020,1,22,1/22/2020,21,14.639,101.283,1.143,538.2822342,0.679124427
1/22/2020 21:00,2020,1,22,1/22/2020,22,14.206,99.76,1.134,538.2890262,0.679132997
1/22/2020 22:00,2020,1,22,1/22/2020,23,14.49,100.426,1.14,538.2958483,0.679141604
1/22/2020 23:00,2020,1,22,1/22/2020,24,12.925,98.431,1.109,498.0044728,0.628307941
1/23/2020 0:00,2020,1,23,1/23/2020,1,13.023,100.664,1.11,457.7131274,0.577474317
1/23/2020 1:00,2020,1,23,1/23/2020,2,11.691,100.661,1.084,457.7200394,0.577483038
1/23/2020 2:00,2020,1,23,1/23/2020,3,10.914,100.027,1.08,457.7269814,0.577491796
1/23/2020 3:00,2020,1,23,1/23/2020,4,10.464,100.565,1.08,457.7339533,0.577500592
1/23/2020 4:00,2020,1,23,1/23/2020,5,9.678,99.43,1.08,457.7409552,0.577509426
1/23/2020 5:00,2020,1,23,1/23/2020,6,7.007,98.863,1.08,457.7479871,0.577518298
1/23/2020 6:00,2020,1,23,1/23/2020,7,5.746,100.423,1.08,457.7550489,0.577527207
1/23/2020 7:00,2020,1,23,1/23/2020,8,6.467,103.037,1.08,489.0055813,0.616954479
1/23/2020 8:00,2020,1,23,1/23/2020,9,5.937,103.171,1.08,564.4410411,0.712127717
1/23/2020 9:00,2020,1,23,1/23/2020,10,5.99,102.759,1.08,639.8765308,0.807300994
1/23/2020 10:00,2020,1,23,1/23/2020,11,4.828,103.607,1.08,671.127153,0.846728379
1/23/2020 11:00,2020,1,23,1/23/2020,12,6.74,101.407,1.08,671.1343646,0.846737477
1/23/2020 12:00,2020,1,23,1/23/2020,13,6.384,101.563,1.08,671.1416062,0.846746614
1/23/2020 13:00,2020,1,23,1/23/2020,14,8.484,102.348,1.08,671.1488776,0.846755788
1/23/2020 14:00,2020,1,23,1/23/2020,15,9.265,99.755,1.08,671.156179,0.846764999
1/23/2020 15:00,2020,1,23,1/23/2020,16,10.084,101.345,1.08,671.1635104,0.846774249
1/23/2020 16:00,2020,1,23,1/23/2020,17,10.504,103.207,1.08,671.1708716,0.846783536
1/23/2020 17:00,2020,1,23,1/23/2020,18,11.368,104.252,1.08,671.1782628,0.846792862
1/23/2020 18:00,2020,1,23,1/23/2020,19,12.632,101.119,1.103,671.1856839,0.846802224
1/23/2020 19:00,2020,1,23,1/23/2020,20,13.104,101.582,1.112,604.8195838,0.763071354
1/23/2020 20:00,2020,1,23,1/23/2020,21,14.528,98.956,1.141,538.4535136,0.679340522
1/23/2020 21:00,2020,1,23,1/23/2020,22,14.299,100.075,1.136,538.4610244,0.679349998
1/23/2020 22:00,2020,1,23,1/23/2020,23,14.478,100.595,1.14,538.4685652,0.679359512
1/23/2020 23:00,2020,1,23,1/23/2020,24,13.769,100.87,1.125,498.1779083,0.628526756
1/24/2020 0:00,2020,1,24,1/24/2020,1,13.247,99.202,1.115,457.8872814,0.577694039
1/24/2020 1:00,2020,1,24,1/24/2020,2,12.266,101.614,1.095,457.8949118,0.577703665
1/24/2020 2:00,2020,1,24,1/24/2020,3,11.123,99.478,1.08,457.9025721,0.57771333
1/24/2020 3:00,2020,1,24,1/24/2020,4,10.223,99.984,1.08,457.9102623,0.577723032
1/24/2020 4:00,2020,1,24,1/24/2020,5,7.857,99.877,1.08,457.9179823,0.577732772
1/24/2020 5:00,2020,1,24,1/24/2020,6,7.077,98.597,1.08,457.9257323,0.57774255
1/24/2020 6:00,2020,1,24,1/24/2020,7,6.329,99.621,1.08,457.9335121,0.577752366
1/24/2020 7:00,2020,1,24,1/24/2020,8,4.137,100.312,1.08,489.1847623,0.617180543
1/24/2020 8:00,2020,1,24,1/24/2020,9,6.94,102.567,1.08,564.6209399,0.712354687
1/24/2020 9:00,2020,1,24,1/24/2020,10,4.967,103.683,1.08,640.0571472,0.807528869
1/24/2020 10:00,2020,1,24,1/24/2020,11,5.765,101.585,1.08,671.3084871,0.846957159
1/24/2020 11:00,2020,1,24,1/24/2020,12,5.784,102.108,1.08,671.3164162,0.846967163
1/24/2020 12:00,2020,1,24,1/24/2020,13,6.247,102.571,1.08,671.3243751,0.846977204
1/24/2020 13:00,2020,1,24,1/24/2020,14,6.951,102.582,1.08,671.3323639,0.846987283
1/24/2020 14:00,2020,1,24,1/24/2020,15,9.237,101.526,1.08,671.3403825,0.8469974
1/24/2020 15:00,2020,1,24,1/24/2020,16,10.35,101.651,1.08,671.348431,0.847007554
1/24/2020 16:00,2020,1,24,1/24/2020,17,11.254,102.094,1.08,671.3565093,0.847017746
1/24/2020 17:00,2020,1,24,1/24/2020,18,13.118,103.568,1.112,671.3646174,0.847027976
1/24/2020 18:00,2020,1,24,1/24/2020,19,13.648,100.759,1.123,671.3727553,0.847038243
1/24/2020 19:00,2020,1,24,1/24/2020,20,13.535,100.997,1.121,605.0073719,0.763308278
1/24/2020 20:00,2020,1,24,1/24/2020,21,14.388,97.558,1.138,538.6420184,0.67957835
1/24/2020 21:00,2020,1,24,1/24/2020,22,14.238,100.229,1.135,538.6502458,0.67958873
1/24/2020 22:00,2020,1,24,1/24/2020,23,15.813,99.011,1.166,538.6585029,0.679599147
1/24/2020 23:00,2020,1,24,1/24/2020,24,14.023,100.019,1.13,498.3685624,0.628767295
1/25/2020 0:00,2020,1,25,1/25/2020,1,11.528,98.337,1.081,458.0786518,0.577935481
1/25/2020 1:00,2020,1,25,1/25/2020,2,13.902,100.664,1.128,458.0869983,0.577946012
1/25/2020 2:00,2020,1,25,1/25/2020,3,10.086,100.44,1.08,458.0953747,0.57795658
1/25/2020 3:00,2020,1,25,1/25/2020,4,11.588,99.367,1.082,458.1037808,0.577967185
1/25/2020 4:00,2020,1,25,1/25/2020,5,8.9,99.415,1.08,458.1122167,0.577977829
1/25/2020 5:00,2020,1,25,1/25/2020,6,7.857,98.47,1.08,458.1206824,0.577988509
1/25/2020 6:00,2020,1,25,1/25/2020,7,7.148,100.859,1.08,458.1291779,0.577999228
1/25/2020 7:00,2020,1,25,1/25/2020,8,6.033,99.339,1.08,489.3811437,0.617428308
1/25/2020 8:00,2020,1,25,1/25/2020,9,6.192,101.207,1.08,564.8180367,0.712603354
1/25/2020 9:00,2020,1,25,1/25/2020,10,5.304,102.779,1.08,640.2549594,0.807778439
1/25/2020 10:00,2020,1,25,1/25/2020,11,4.618,99.941,1.08,671.5070145,0.847207631
1/25/2020 11:00,2020,1,25,1/25/2020,12,6.463,101.674,1.08,671.5156588,0.847218537
1/25/2020 12:00,2020,1,25,1/25/2020,13,7.084,101.311,1.08,671.5243327,0.847229481
1/25/2020 13:00,2020,1,25,1/25/2020,14,7.828,103.633,1.08,671.5330365,0.847240462
1/25/2020 14:00,2020,1,25,1/25/2020,15,9.796,101.507,1.08,671.5417699,0.847251481
1/25/2020 15:00,2020,1,25,1/25/2020,16,10.394,103.675,1.08,671.5505331,0.847262537
1/25/2020 16:00,2020,1,25,1/25/2020,17,11.606,103.043,1.082,671.559326,0.84727363
1/25/2020 17:00,2020,1,25,1/25/2020,18,12.409,102.509,1.098,671.5681487,0.847284761
1/25/2020 18:00,2020,1,25,1/25/2020,19,12.493,101.955,1.1,671.577001,0.84729593
1/25/2020 19:00,2020,1,25,1/25/2020,20,13.442,101.461,1.119,605.212332,0.763566866
1/25/2020 20:00,2020,1,25,1/25/2020,21,14.454,99.928,1.139,538.8476926,0.679837839
1/25/2020 21:00,2020,1,25,1/25/2020,22,13.975,99.164,1.129,538.8566341,0.67984912
1/25/2020 22:00,2020,1,25,1/25/2020,23,14.752,99.763,1.145,538.8656053,0.679860438
1/25/2020 23:00,2020,1,25,1/25/2020,24,14.4,98.768,1.138,498.5763787,0.629029487
1/26/2020 0:00,2020,1,26,1/26/2020,1,13.704,99.598,1.124,458.2871818,0.578198573
1/26/2020 1:00,2020,1,26,1/26/2020,2,13.354,97.878,1.117,458.2962421,0.578210004
1/26/2020 2:00,2020,1,26,1/26/2020,3,10.534,98.48,1.08,458.305332,0.578221473
1/26/2020 3:00,2020,1,26,1/26/2020,4,8.457,100.156,1.08,458.3144516,0.578232978
1/26/2020 4:00,2020,1,26,1/26/2020,5,8.921,98.156,1.08,458.3236009,0.578244522
1/26/2020 5:00,2020,1,26,1/26/2020,6,8.595,98.677,1.08,458.3327798,0.578256102
1/26/2020 6:00,2020,1,26,1/26/2020,7,6.341,101.144,1.08,458.3419884,0.57826772
1/26/2020 7:00,2020,1,26,1/26/2020,8,5.995,99.791,1.08,489.5946672,0.6176977
1/26/2020 8:00,2020,1,26,1/26/2020,9,5.764,103.694,1.08,565.0322731,0.712873646
1/26/2020 9:00,2020,1,26,1/26/2020,10,5.403,100.521,1.08,640.4699087,0.80804963
1/26/2020 10:00,2020,1,26,1/26/2020,11,6.113,99.997,1.08,671.7226765,0.847479722
1/26/2020 11:00,2020,1,26,1/26/2020,12,6.236,103.106,1.08,671.7320333,0.847491527
1/26/2020 12:00,2020,1,26,1/26/2020,13,5.781,103.09,1.08,671.7414198,0.847503369
1/26/2020 13:00,2020,1,26,1/26/2020,14,9.213,103.415,1.08,671.7508359,0.847515249
1/26/2020 14:00,2020,1,26,1/26/2020,15,9.425,101.139,1.08,671.7602816,0.847527166
1/26/2020 15:00,2020,1,26,1/26/2020,16,10.089,100.786,1.08,671.7697569,0.847539121
1/26/2020 16:00,2020,1,26,1/26/2020,17,11.301,103.268,1.08,671.7792619,0.847551113
1/26/2020 17:00,2020,1,26,1/26/2020,18,11.485,99.149,1.08,671.7887964,0.847563142
1/26/2020 18:00,2020,1,26,1/26/2020,19,12.275,101.916,1.096,671.7983606,0.847575209
1/26/2020 19:00,2020,1,26,1/26/2020,20,13.217,100.99,1.114,605.4344032,0.763847042
1/26/2020 20:00,2020,1,26,1/26/2020,21,14.945,98.969,1.149,539.0704754,0.680118913
1/26/2020 21:00,2020,1,26,1/26/2020,22,15.898,100.133,1.168,539.0801284,0.680131092
1/26/2020 22:00,2020,1,26,1/26/2020,23,15.097,99.625,1.152,539.0898109,0.680143307
1/26/2020 23:00,2020,1,26,1/26/2020,24,13.711,100.194,1.124,498.8012955,0.629313254
1/27/2020 0:00,2020,1,27,1/27/2020,1,13.715,98.066,1.124,458.5128097,0.578483237
1/27/2020 1:00,2020,1,27,1/27/2020,2,13.404,101.19,1.118,458.522581,0.578495565
1/27/2020 2:00,2020,1,27,1/27/2020,3,10.646,101.184,1.08,458.5323818,0.57850793
1/27/2020 3:00,2020,1,27,1/27/2020,4,10.954,99.115,1.08,458.5422122,0.578520333
1/27/2020 4:00,2020,1,27,1/27/2020,5,9.492,102.063,1.08,458.5520721,0.578532773
1/27/2020 5:00,2020,1,27,1/27/2020,6,7.154,98.374,1.08,458.5619615,0.57854525
1/27/2020 6:00,2020,1,27,1/27/2020,7,7.353,101.364,1.08,458.5718806,0.578557764
1/27/2020 7:00,2020,1,27,1/27/2020,8,7.913,99.19,1.08,489.8252697,0.61798864
1/27/2020 8:00,2020,1,27,1/27/2020,9,5.529,100.48,1.08,565.2635858,0.713165482
1/27/2020 9:00,2020,1,27,1/27/2020,10,6.384,100.974,1.08,640.7019314,0.808342361
1/27/2020 10:00,2020,1,27,1/27/2020,11,5.513,101.62,1.08,671.9554091,0.847773349
1/27/2020 11:00,2020,1,27,1/27/2020,12,6.91,101.994,1.08,671.9654757,0.84778605
1/27/2020 12:00,2020,1,27,1/27/2020,13,6.31,101.967,1.08,671.9755719,0.847798787
1/27/2020 13:00,2020,1,27,1/27/2020,14,7.5,100.081,1.08,671.9856976,0.847811563
1/27/2020 14:00,2020,1,27,1/27/2020,15,9.161,102.965,1.08,671.9958527,0.847824375
1/27/2020 15:00,2020,1,27,1/27/2020,16,11.06,101.742,1.08,672.0060374,0.847837224
1/27/2020 16:00,2020,1,27,1/27/2020,17,12.287,101.006,1.096,672.0162516,0.847850111
1/27/2020 17:00,2020,1,27,1/27/2020,18,11.99,101.538,1.09,672.0264952,0.847863035
1/27/2020 18:00,2020,1,27,1/27/2020,19,13.988,102.639,1.13,672.0367683,0.847875996
1/27/2020 19:00,2020,1,27,1/27/2020,20,14.567,103.659,1.141,605.6735198,0.764148724
1/27/2020 20:00,2020,1,27,1/27/2020,21,15.684,99.55,1.164,539.3103008,0.680421489
1/27/2020 21:00,2020,1,27,1/27/2020,22,14.219,101.394,1.134,539.3206623,0.680434561
1/27/2020 22:00,2020,1,27,1/27/2020,23,13.886,100.996,1.128,539.3310533,0.680447671
1/27/2020 23:00,2020,1,27,1/27/2020,24,14.98,99.859,1.15,499.0432463,0.629618511
1/28/2020 0:00,2020,1,28,1/28/2020,1,12.33,100.677,1.097,458.7554687,0.578789388
1/28/2020 1:00,2020,1,28,1/28/2020,2,11.863,98.859,1.087,458.7659481,0.578802609
1/28/2020 2:00,2020,1,28,1/28/2020,3,10.604,100.053,1.08,458.7764568,0.578815868
1/28/2020 3:00,2020,1,28,1/28/2020,4,10.348,99.667,1.08,458.786995,0.578829163
1/28/2020 4:00,2020,1,28,1/28/2020,5,8.302,98.726,1.08,458.7975627,0.578842496
1/28/2020 5:00,2020,1,28,1/28/2020,6,7.186,98.591,1.08,458.8081598,0.578855866
1/28/2020 6:00,2020,1,28,1/28/2020,7,7.303,99.174,1.08,458.8187862,0.578869273
1/28/2020 7:00,2020,1,28,1/28/2020,8,7.483,101.736,1.08,490.0728827,0.618301041
1/28/2020 8:00,2020,1,28,1/28/2020,9,6.253,99.13,1.08,565.511906,0.713478776
1/28/2020 9:00,2020,1,28,1/28/2020,10,6.083,100.299,1.08,640.9509587,0.808656547
1/28/2020 10:00,2020,1,28,1/28/2020,11,5.662,101.036,1.08,672.2051434,0.848088427
1/28/2020 11:00,2020,1,28,1/28/2020,12,6.447,101.532,1.08,672.2159169,0.848102019
1/28/2020 12:00,2020,1,28,1/28/2020,13,6.65,99.924,1.08,672.2267197,0.848115648
1/28/2020 13:00,2020,1,28,1/28/2020,14,7.455,98.91,1.08,672.237552,0.848129315
1/28/2020 14:00,2020,1,28,1/28/2020,15,7.893,99.505,1.08,672.2484136,0.848143019
1/28/2020 15:00,2020,1,28,1/28/2020,16,9.816,100.987,1.08,672.2593046,0.848156759
1/28/2020 16:00,2020,1,28,1/28/2020,17,11.137,99.42,1.08,672.2702249,0.848170537
1/28/2020 17:00,2020,1,28,1/28/2020,18,13.024,100.991,1.11,672.2811746,0.848184351
1/28/2020 18:00,2020,1,28,1/28/2020,19,13.333,99.169,1.117,672.2921536,0.848198203
1/28/2020 19:00,2020,1,28,1/28/2020,20,13.766,99.965,1.125,605.9296109,0.764471821
1/28/2020 20:00,2020,1,28,1/28/2020,21,13.193,101.382,1.114,539.5670975,0.680745477
1/28/2020 21:00,2020,1,28,1/28/2020,22,13.104,99.496,1.112,539.5781646,0.68075944
1/28/2020 22:00,2020,1,28,1/28/2020,23,14.341,99.522,1.137,539.589261,0.680773439
1/28/2020 23:00,2020,1,28,1/28/2020,24,13.605,99.936,1.122,499.3021592,0.629945169
1/29/2020 0:00,2020,1,29,1/29/2020,1,13.271,101.145,1.115,459.0150868,0.579116936
1/29/2020 1:00,2020,1,29,1/29/2020,2,11.745,99.846,1.085,459.0262711,0.579131046
1/29/2020 2:00,2020,1,29,1/29/2020,3,11.455,99.856,1.08,459.0374848,0.579145194
1/29/2020 3:00,2020,1,29,1/29/2020,4,9.223,101.342,1.08,459.0487277,0.579159379
1/29/2020 4:00,2020,1,29,1/29/2020,5,9.711,100.839,1.08,459.0599999,0.5791736
1/29/2020 5:00,2020,1,29,1/29/2020,6,8.687,102.217,1.08,459.0713015,0.579187859
1/29/2020 6:00,2020,1,29,1/29/2020,7,4.318,99.577,1.08,459.0826323,0.579202154
1/29/2020 7:00,2020,1,29,1/29/2020,8,5.997,100.089,1.08,490.3374329,0.618634811
1/29/2020 8:00,2020,1,29,1/29/2020,9,4.56,99.635,1.08,565.7771603,0.713813434
1/29/2020 9:00,2020,1,29,1/29/2020,10,5.479,99.258,1.08,641.2169169,0.808992093
1/29/2020 10:00,2020,1,29,1/29/2020,11,4.468,100.12,1.08,672.4718053,0.848424861
1/29/2020 11:00,2020,1,29,1/29/2020,12,4.233,101.18,1.08,672.4832825,0.848439341
1/29/2020 12:00,2020,1,29,1/29/2020,13,6.858,100.979,1.08,672.4947888,0.848453858
1/29/2020 13:00,2020,1,29,1/29/2020,14,8.05,99.191,1.08,672.5063244,0.848468412
1/29/2020 14:00,2020,1,29,1/29/2020,15,8.931,99.983,1.08,672.5178893,0.848483003
1/29/2020 15:00,2020,1,29,1/29/2020,16,11.517,97.668,1.08,672.5294833,0.848497631
1/29/2020 16:00,2020,1,29,1/29/2020,17,11.752,100.261,1.085,672.5411066,0.848512295
1/29/2020 17:00,2020,1,29,1/29/2020,18,11.928,99.06,1.089,672.5527591,0.848526996
1/29/2020 18:00,2020,1,29,1/29/2020,19,12.383,100.476,1.098,672.5644409,0.848541735
1/29/2020 19:00,2020,1,29,1/29/2020,20,13.455,100.504,1.119,606.2026007,0.764816239
1/29/2020 20:00,2020,1,29,1/29/2020,21,13.941,99.379,1.129,539.8407897,0.681090781
1/29/2020 21:00,2020,1,29,1/29/2020,22,14.851,99.357,1.147,539.852559,0.681105629
1/29/2020 22:00,2020,1,29,1/29/2020,23,14.007,98.929,1.13,539.8643575,0.681120515
1/29/2020 23:00,2020,1,29,1/29/2020,24,14.093,99.802,1.132,499.5779577,0.63029313
1/30/2020 0:00,2020,1,30,1/30/2020,1,13.511,99.631,1.12,459.2915871,0.579465783
1/30/2020 1:00,2020,1,30,1/30/2020,2,12.366,99.989,1.097,459.3034731,0.579480779
1/30/2020 2:00,2020,1,30,1/30/2020,3,10.828,100.574,1.08,459.3153883,0.579495811
1/30/2020 3:00,2020,1,30,1/30/2020,4,10.35,101.735,1.08,459.3273326,0.579510881
1/30/2020 4:00,2020,1,30,1/30/2020,5,9.729,101.514,1.08,459.3393061,0.579525987
1/30/2020 5:00,2020,1,30,1/30/2020,6,6.116,98.676,1.08,459.3513087,0.57954113
1/30/2020 6:00,2020,1,30,1/30/2020,7,8.303,99.419,1.08,459.3633405,0.57955631
1/30/2020 7:00,2020,1,30,1/30/2020,8,5.451,98.765,1.08,490.618842,0.618989851
1/30/2020 8:00,2020,1,30,1/30/2020,9,4.551,101.752,1.08,566.05927,0.714169358
1/30/2020 9:00,2020,1,30,1/30/2020,10,6.171,102.147,1.08,641.4997271,0.809348901
1/30/2020 10:00,2020,1,30,1/30/2020,11,5.901,101.464,1.08,672.755316,0.848782553
1/30/2020 11:00,2020,1,30,1/30/2020,12,6.258,100.528,1.08,672.7674933,0.848797916
1/30/2020 12:00,2020,1,30,1/30/2020,13,7.322,101.559,1.08,672.7796998,0.848813316
1/30/2020 13:00,2020,1,30,1/30/2020,14,8.288,101.628,1.08,672.7919353,0.848828753
1/30/2020 14:00,2020,1,30,1/30/2020,15,9.271,102.798,1.08,672.8042,0.848844227
1/30/2020 15:00,2020,1,30,1/30/2020,16,10.069,103.221,1.08,672.8164937,0.848859737
1/30/2020 16:00,2020,1,30,1/30/2020,17,8.706,102.846,1.08,672.8288165,0.848875285
1/30/2020 17:00,2020,1,30,1/30/2020,18,12.784,101.377,1.106,672.8411683,0.848890868
1/30/2020 18:00,2020,1,30,1/30/2020,19,13.616,102.302,1.122,672.8535493,0.848906489
1/30/2020 19:00,2020,1,30,1/30/2020,20,13.373,102.224,1.117,606.4924081,0.765181875
1/30/2020 20:00,2020,1,30,1/30/2020,21,13.86,100.424,1.127,540.131296,0.681457298
1/30/2020 21:00,2020,1,30,1/30/2020,22,14.873,99.068,1.147,540.1437641,0.681473029
1/30/2020 22:00,2020,1,30,1/30/2020,23,13.912,100.258,1.128,540.1562612,0.681488796
1/30/2020 23:00,2020,1,30,1/30/2020,24,12.784,100.555,1.106,499.8705599,0.630662292
1/31/2020 0:00,2020,1,31,1/31/2020,1,12.066,99.994,1.091,459.5848876,0.579835825
1/31/2020 1:00,2020,1,31,1/31/2020,2,12.487,99.444,1.1,459.5974718,0.579851702
1/31/2020 2:00,2020,1,31,1/31/2020,3,11.355,100.154,1.08,459.6100849,0.579867616
1/31/2020 3:00,2020,1,31,1/31/2020,4,11.058,100.057,1.08,459.6227271,0.579883566
1/31/2020 4:00,2020,1,31,1/31/2020,5,8.096,99.829,1.08,459.6353983,0.579899552
1/31/2020 5:00,2020,1,31,1/31/2020,6,8.515,99.677,1.08,459.6480985,0.579915576
1/31/2020 6:00,2020,1,31,1/31/2020,7,6.81,101.236,1.08,459.6608277,0.579931635
1/31/2020 7:00,2020,1,31,1/31/2020,8,5.278,98.672,1.08,490.9170264,0.619366056
1/31/2020 8:00,2020,1,31,1/31/2020,9,5.912,103.044,1.08,566.3581515,0.714546442
1/31/2020 9:00,2020,1,31,1/31/2020,10,5.968,102.978,1.08,641.7993056,0.809726865
1/31/2020 10:00,2020,1,31,1/31/2020,11,6.989,101.778,1.08,673.0555912,0.849161395
1/31/2020 11:00,2020,1,31,1/31/2020,12,5.267,102.019,1.08,673.0684652,0.849177638
1/31/2020 12:00,2020,1,31,1/31/2020,13,5.538,101.553,1.08,673.0813681,0.849193917
1/31/2020 13:00,2020,1,31,1/31/2020,14,8.502,102.524,1.08,673.0943,0.849210232
1/31/2020 14:00,2020,1,31,1/31/2020,15,8.419,103.533,1.08,673.1072608,0.849226584
1/31/2020 15:00,2020,1,31,1/31/2020,16,10.129,102.165,1.08,673.1202505,0.849242973
1/31/2020 16:00,2020,1,31,1/31/2020,17,10.906,102.557,1.08,673.1332692,0.849259398
1/31/2020 17:00,2020,1,31,1/31/2020,18,12.343,102.319,1.097,673.1463168,0.849275859
1/31/2020 18:00,2020,1,31,1/31/2020,19,12.151,101.365,1.093,673.1593932,0.849292357
1/31/2020 19:00,2020,1,31,1/31/2020,20,16.233,100.778,1.175,606.7989475,0.765568621
1/31/2020 20:00,2020,1,31,1/31/2020,21,14.058,100.363,1.131,540.4385306,0.681844921
1/31/2020 21:00,2020,1,31,1/31/2020,22,14.264,98.439,1.135,540.4516937,0.681861529
1/31/2020 22:00,2020,1,31,1/31/2020,23,13.515,98.629,1.12,540.4648857,0.681878172
1/31/2020 23:00,2020,1,31,1/31/2020,24,13.941,100.089,1.129,500.1798792,0.631052545
2/1/2020 0:00,2020,2,1,2/1/2020,1,15.548,98.669,1.161,451.273249,0.569349437
2/1/2020 1:00,2020,2,1,2/1/2020,2,14.443,100.157,1.139,451.2865276,0.56936619
2/1/2020 2:00,2020,2,1,2/1/2020,3,12.874,103.088,1.107,451.2998351,0.569382979
2/1/2020 3:00,2020,2,1,2/1/2020,4,11.115,98.607,1.08,451.3131714,0.569399805
2/1/2020 4:00,2020,2,1,2/1/2020,5,10.913,100.028,1.08,451.3265365,0.569416667
2/1/2020 5:00,2020,2,1,2/1/2020,6,9.193,99.725,1.08,451.3399305,0.569433565
2/1/2020 6:00,2020,2,1,2/1/2020,7,7.358,100.725,1.08,451.3533533,0.5694505
2/1/2020 7:00,2020,2,1,2/1/2020,8,6.951,101.272,1.08,481.5771995,0.607582452
2/1/2020 8:00,2020,2,1,2/1/2020,9,6.815,100.777,1.08,554.5250243,0.699617163
2/1/2020 9:00,2020,2,1,2/1/2020,10,6.613,101.779,1.08,627.4728778,0.79165191
2/1/2020 10:00,2020,2,1,2/1/2020,11,4.968,101.917,1.08,657.6968104,0.829783971
2/1/2020 11:00,2020,2,1,2/1/2020,12,8.044,102.443,1.08,657.7103773,0.829801088
2/1/2020 12:00,2020,2,1,2/1/2020,13,8.537,104.237,1.08,657.7239728,0.82981824
2/1/2020 13:00,2020,2,1,2/1/2020,14,8.988,101.544,1.08,657.7375972,0.82983543
2/1/2020 14:00,2020,2,1,2/1/2020,15,10.773,100.55,1.08,657.7512503,0.829852655
2/1/2020 15:00,2020,2,1,2/1/2020,16,11.861,103.253,1.087,657.7649322,0.829869917
2/1/2020 16:00,2020,2,1,2/1/2020,17,12.787,102.589,1.106,657.7786429,0.829887215
2/1/2020 17:00,2020,2,1,2/1/2020,18,13.966,103.041,1.129,657.7923822,0.829904549
2/1/2020 18:00,2020,2,1,2/1/2020,19,14.824,101.362,1.146,657.8061504,0.82992192
2/1/2020 19:00,2020,2,1,2/1/2020,20,16.213,101.64,1.174,593.6409986,0.748967879
2/1/2020 20:00,2020,2,1,2/1/2020,21,16.301,101.481,1.176,529.4758755,0.668013874
2/1/2020 21:00,2020,2,1,2/1/2020,22,17.174,100.859,1.193,529.4897298,0.668031354
2/1/2020 22:00,2020,2,1,2/1/2020,23,16.302,98.825,1.176,529.5036128,0.668048869
2/1/2020 23:00,2020,2,1,2/1/2020,24,15.582,97.77,1.162,490.5517342,0.618905185
2/2/2020 0:00,2020,2,2,2/2/2020,1,15.594,100.813,1.162,451.5998844,0.569761537
2/2/2020 1:00,2020,2,2,2/2/2020,2,14.1,100.267,1.132,451.6138535,0.569779161
2/2/2020 2:00,2020,2,2,2/2/2020,3,12.625,99.735,1.102,451.6278513,0.569796821
2/2/2020 3:00,2020,2,2,2/2/2020,4,11.113,100.671,1.08,451.6418777,0.569814518
2/2/2020 4:00,2020,2,2,2/2/2020,5,11.441,99.787,1.08,451.6559328,0.56983225
2/2/2020 5:00,2020,2,2,2/2/2020,6,10.027,100.103,1.08,451.6700166,0.569850019
2/2/2020 6:00,2020,2,2,2/2/2020,7,8.551,101.756,1.08,451.6841291,0.569867824
2/2/2020 7:00,2020,2,2,2/2/2020,8,7.01,100.508,1.08,481.9086648,0.608000646
2/2/2020 8:00,2020,2,2,2/2/2020,9,9.025,101.666,1.08,554.8571788,0.700036226
2/2/2020 9:00,2020,2,2,2/2/2020,10,8.276,101.738,1.08,627.8057216,0.792071843
2/2/2020 10:00,2020,2,2,2/2/2020,11,8.133,100.395,1.08,658.0303431,0.830204773
2/2/2020 11:00,2020,2,2,2/2/2020,12,8.034,99.495,1.08,658.0445987,0.830222758
2/2/2020 12:00,2020,2,2,2/2/2020,13,8.242,102.313,1.08,658.0588829,0.83024078
2/2/2020 13:00,2020,2,2,2/2/2020,14,10.021,103.053,1.08,658.0731958,0.830258838
2/2/2020 14:00,2020,2,2,2/2/2020,15,10.828,101.836,1.08,658.0875372,0.830276932
2/2/2020 15:00,2020,2,2,2/2/2020,16,12.08,102.014,1.092,658.1019072,0.830295062
2/2/2020 16:00,2020,2,2,2/2/2020,17,12.726,100.58,1.105,658.1163057,0.830313228
2/2/2020 17:00,2020,2,2,2/2/2020,18,14.217,100.807,1.134,658.1307329,0.83033143
2/2/2020 18:00,2020,2,2,2/2/2020,19,14.679,103.126,1.144,658.1451886,0.830349668
2/2/2020 19:00,2020,2,2,2/2/2020,20,16.635,101.746,1.183,593.9807242,0.749396494
2/2/2020 20:00,2020,2,2,2/2/2020,21,16.275,98.87,1.176,529.8162883,0.668443357
2/2/2020 21:00,2020,2,2,2/2/2020,22,18.38,100.363,1.211,529.8308297,0.668461703
2/2/2020 22:00,2020,2,2,2/2/2020,23,16.02,100.34,1.17,529.8453996,0.668480085
2/2/2020 23:00,2020,2,2,2/2/2020,24,16.106,101.629,1.172,490.8942077,0.619337267
2/3/2020 0:00,2020,2,3,2/3/2020,1,16.62,101.927,1.182,451.9430444,0.570194485
2/3/2020 1:00,2020,2,3,2/3/2020,2,13.531,97.957,1.121,451.9576999,0.570212975
2/3/2020 2:00,2020,2,3,2/3/2020,3,14.012,98.802,1.13,451.9723838,0.570231501
2/3/2020 3:00,2020,2,3,2/3/2020,4,11.043,100.542,1.08,451.9870963,0.570250063
2/3/2020 4:00,2020,2,3,2/3/2020,5,10.669,98.555,1.08,452.0018372,0.570268661
2/3/2020 5:00,2020,2,3,2/3/2020,6,9.381,99.24,1.08,452.0166067,0.570287295
2/3/2020 6:00,2020,2,3,2/3/2020,7,8.318,98.167,1.08,452.0314046,0.570305965
2/3/2020 7:00,2020,2,3,2/3/2020,8,8.897,101.82,1.08,482.2566256,0.608439651
2/3/2020 8:00,2020,2,3,2/3/2020,9,8.288,102.833,1.08,555.2058248,0.700476096
2/3/2020 9:00,2020,2,3,2/3/2020,10,7.631,101.687,1.08,628.1550524,0.792512576
2/3/2020 10:00,2020,2,3,2/3/2020,11,7.153,102.849,1.08,658.3803587,0.83064637
2/3/2020 11:00,2020,2,3,2/3/2020,12,6.361,101.91,1.08,658.3952989,0.83066522
2/3/2020 12:00,2020,2,3,2/3/2020,13,9.013,101.779,1.08,658.4102675,0.830684105
2/3/2020 13:00,2020,2,3,2/3/2020,14,9.423,100.736,1.08,658.4252645,0.830703026
2/3/2020 14:00,2020,2,3,2/3/2020,15,9.992,101.087,1.08,658.44029,0.830721983
2/3/2020 15:00,2020,2,3,2/3/2020,16,12.024,102.161,1.09,658.4553438,0.830740975
2/3/2020 16:00,2020,2,3,2/3/2020,17,13.247,102.573,1.115,658.470426,0.830760004
2/3/2020 17:00,2020,2,3,2/3/2020,18,14.091,102.596,1.132,658.4855367,0.830779068
2/3/2020 18:00,2020,2,3,2/3/2020,19,15.562,102.068,1.161,658.5006757,0.830798168
2/3/2020 19:00,2020,2,3,2/3/2020,20,17.848,99.976,1.207,594.3368944,0.749845857
2/3/2020 20:00,2020,2,3,2/3/2020,21,16.184,100.518,1.174,530.1731415,0.668893581
2/3/2020 21:00,2020,2,3,2/3/2020,22,17.504,99.707,1.2,530.1883656,0.668912788
2/3/2020 22:00,2020,2,3,2/3/2020,23,18.3,100.801,1.211,530.203618,0.668932032
2/3/2020 23:00,2020,2,3,2/3/2020,24,16.349,98.679,1.177,491.2531086,0.619790075
2/4/2020 0:00,2020,2,4,2/4/2020,1,15.428,100.128,1.159,452.3026275,0.570648153
2/4/2020 1:00,2020,2,4,2/4/2020,2,15.091,101.68,1.152,452.3179649,0.570667504
2/4/2020 2:00,2020,2,4,2/4/2020,3,13.151,100.126,1.113,452.3333307,0.57068689
2/4/2020 3:00,2020,2,4,2/4/2020,4,12.167,100.329,1.093,452.3487248,0.570706312
2/4/2020 4:00,2020,2,4,2/4/2020,5,9.536,101.352,1.08,452.3641472,0.57072577
2/4/2020 5:00,2020,2,4,2/4/2020,6,9.389,101.475,1.08,452.3795979,0.570745263
2/4/2020 6:00,2020,2,4,2/4/2020,7,9.605,100.706,1.08,452.3950769,0.570764792
2/4/2020 7:00,2020,2,4,2/4/2020,8,7.768,99.14,1.08,482.6209788,0.608899338
2/4/2020 8:00,2020,2,4,2/4/2020,9,8.811,100.802,1.08,555.5708587,0.700936641
2/4/2020 9:00,2020,2,4,2/4/2020,10,7.132,100.094,1.08,628.5207669,0.792973981
2/4/2020 10:00,2020,2,4,2/4/2020,11,7.885,99.557,1.08,658.7467535,0.831108633
2/4/2020 11:00,2020,2,4,2/4/2020,12,7.079,97.319,1.08,658.7623738,0.83112834
2/4/2020 12:00,2020,2,4,2/4/2020,13,8.318,99.808,1.08,658.7780224,0.831148083
2/4/2020 13:00,2020,2,4,2/4/2020,14,9.162,100.321,1.08,658.7936992,0.831167862
2/4/2020 14:00,2020,2,4,2/4/2020,15,10.68,98.577,1.08,658.8094042,0.831187676
2/4/2020 15:00,2020,2,4,2/4/2020,16,12.395,100.494,1.098,658.8251374,0.831207526
2/4/2020 16:00,2020,2,4,2/4/2020,17,12.646,100.162,1.103,658.8408989,0.831227411
2/4/2020 17:00,2020,2,4,2/4/2020,18,13.3,99.58,1.116,658.8566885,0.831247332
2/4/2020 18:00,2020,2,4,2/4/2020,19,15.26,100.252,1.155,658.8725063,0.831267289
2/4/2020 19:00,2020,2,4,2/4/2020,20,16.539,100.982,1.181,594.7094036,0.750315833
2/4/2020 20:00,2020,2,4,2/4/2020,21,17.687,99.684,1.204,530.5463292,0.669364413
2/4/2020 21:00,2020,2,4,2/4/2020,22,15.662,100.388,1.163,530.5622315,0.669384477
2/4/2020 22:00,2020,2,4,2/4/2020,23,14.974,98.977,1.149,530.578162,0.669404575
2/4/2020 23:00,2020,2,4,2/4/2020,24,15.562,99.91,1.161,491.6283304,0.620263474
2/5/2020 0:00,2020,2,5,2/5/2020,1,16.286,99.58,1.176,452.678527,0.571122407
2/5/2020 1:00,2020,2,5,2/5/2020,2,13.294,100.923,1.116,452.6945419,0.571142613
2/5/2020 2:00,2020,2,5,2/5/2020,3,12.639,100.21,1.103,452.710585,0.571162853
2/5/2020 3:00,2020,2,5,2/5/2020,4,13.114,100.469,1.112,452.7266561,0.57118313
2/5/2020 4:00,2020,2,5,2/5/2020,5,10.37,101.015,1.08,452.7427554,0.571203441
2/5/2020 5:00,2020,2,5,2/5/2020,6,9.421,100.187,1.08,452.7588828,0.571223788
2/5/2020 6:00,2020,2,5,2/5/2020,7,8.619,99.529,1.08,452.7750383,0.571244171
2/5/2020 7:00,2020,2,5,2/5/2020,8,8.32,99.053,1.08,483.0016165,0.60937957
2/5/2020 8:00,2020,2,5,2/5/2020,9,7.101,98.915,1.08,555.9521725,0.701417726
2/5/2020 9:00,2020,2,5,2/5/2020,10,5.587,99.041,1.08,628.9027566,0.793455918
2/5/2020 10:00,2020,2,5,2/5/2020,11,7.126,99.373,1.08,659.1294189,0.831591423
2/5/2020 11:00,2020,2,5,2/5/2020,12,7.984,98.782,1.08,659.1457148,0.831611983
2/5/2020 12:00,2020,2,5,2/5/2020,13,6.184,100.859,1.08,659.1620387,0.831632578
2/5/2020 13:00,2020,2,5,2/5/2020,14,10.455,98.703,1.08,659.1783906,0.831653208
2/5/2020 14:00,2020,2,5,2/5/2020,15,10.43,100.579,1.08,659.1947705,0.831673874
2/5/2020 15:00,2020,2,5,2/5/2020,16,10.507,100.609,1.08,659.2111784,0.831694575
2/5/2020 16:00,2020,2,5,2/5/2020,17,12.7,101.033,1.104,659.2276144,0.831715312
2/5/2020 17:00,2020,2,5,2/5/2020,18,15.617,102.002,1.162,659.2440784,0.831736083
2/5/2020 18:00,2020,2,5,2/5/2020,19,15.844,102.43,1.167,659.2605703,0.83175689
2/5/2020 19:00,2020,2,5,2/5/2020,20,16.099,99.233,1.172,595.0981416,0.750806285
2/5/2020 20:00,2020,2,5,2/5/2020,21,16.364,99.705,1.177,530.9357408,0.669855715
2/5/2020 21:00,2020,2,5,2/5/2020,22,14.854,98.93,1.147,530.9523167,0.669876628
2/5/2020 22:00,2020,2,5,2/5/2020,23,16.411,98.037,1.178,530.9689205,0.669897576
2/5/2020 23:00,2020,2,5,2/5/2020,24,16.769,100.926,1.185,492.0197621,0.620757324
2/6/2020 0:00,2020,2,6,2/6/2020,1,14.525,98.95,1.141,453.0706315,0.571617106
2/6/2020 1:00,2020,2,6,2/6/2020,2,14.68,98.686,1.144,453.0873192,0.571638161
2/6/2020 2:00,2020,2,6,2/6/2020,3,12.448,100.147,1.099,453.1040348,0.57165925
2/6/2020 3:00,2020,2,6,2/6/2020,4,12.315,99.315,1.096,453.1207783,0.571680374
2/6/2020 4:00,2020,2,6,2/6/2020,5,9.535,100.204,1.08,453.1375497,0.571701534
2/6/2020 5:00,2020,2,6,2/6/2020,6,9.742,100.304,1.08,453.154349,0.571722729
2/6/2020 6:00,2020,2,6,2/6/2020,7,7.369,99.994,1.08,453.1711762,0.571743959
2/6/2020 7:00,2020,2,6,2/6/2020,8,6.443,101.082,1.08,483.3984259,0.609880205
2/6/2020 8:00,2020,2,6,2/6/2020,9,6.838,101.975,1.08,556.3496532,0.701919208
2/6/2020 9:00,2020,2,6,2/6/2020,10,6.811,101.934,1.08,629.3009083,0.793958247
2/6/2020 10:00,2020,2,6,2/6/2020,11,7.307,102.897,1.08,659.5282416,0.832094598
2/6/2020 11:00,2020,2,6,2/6/2020,12,6.921,101.983,1.08,659.5452081,0.832116004
2/6/2020 12:00,2020,2,6,2/6/2020,13,8.074,102.99,1.08,659.5622025,0.832137445
2/6/2020 13:00,2020,2,6,2/6/2020,14,9.393,104.081,1.08,659.5792247,0.832158921
2/6/2020 14:00,2020,2,6,2/6/2020,15,11.507,101.189,1.08,659.5962747,0.832180432
2/6/2020 15:00,2020,2,6,2/6/2020,16,12.724,101.048,1.104,659.6133525,0.832201978
2/6/2020 16:00,2020,2,6,2/6/2020,17,13.157,101.113,1.113,659.6304581,0.83222356
2/6/2020 17:00,2020,2,6,2/6/2020,18,15.402,103.277,1.158,659.6475915,0.832245176
2/6/2020 18:00,2020,2,6,2/6/2020,19,15.151,102.209,1.153,659.6647527,0.832266828
2/6/2020 19:00,2020,2,6,2/6/2020,20,17.741,101.347,1.205,595.502993,0.751317066
2/6/2020 20:00,2020,2,6,2/6/2020,21,17.575,99.772,1.201,531.3412611,0.67036734
2/6/2020 21:00,2020,2,6,2/6/2020,22,16.261,98.774,1.175,531.3585055,0.670389097
2/6/2020 22:00,2020,2,6,2/6/2020,23,15.946,97.772,1.169,531.3757778,0.670410888
2/6/2020 23:00,2020,2,6,2/6/2020,24,15.775,100.013,1.165,492.4272875,0.621271479
2/7/2020 0:00,2020,2,7,2/7/2020,1,16.083,100.77,1.172,453.478825,0.572132104
2/7/2020 1:00,2020,2,7,2/7/2020,2,13.585,98.126,1.122,453.4961804,0.572154001
2/7/2020 2:00,2020,2,7,2/7/2020,3,13.544,100.118,1.121,453.5135636,0.572175932
2/7/2020 3:00,2020,2,7,2/7/2020,4,12.075,99.521,1.091,453.5309744,0.572197899
2/7/2020 4:00,2020,2,7,2/7/2020,5,11.659,100.854,1.083,453.548413,0.5722199
2/7/2020 5:00,2020,2,7,2/7/2020,6,8.677,100.177,1.08,453.5658792,0.572241936
2/7/2020 6:00,2020,2,7,2/7/2020,7,8.18,99.155,1.08,453.5833731,0.572264008
2/7/2020 7:00,2020,2,7,2/7/2020,8,7.054,100.251,1.08,483.8112893,0.610401094
2/7/2020 8:00,2020,2,7,2/7/2020,9,8.128,102.142,1.08,556.7631829,0.702440939
2/7/2020 9:00,2020,2,7,2/7/2020,10,8.728,101.484,1.08,629.7151042,0.794480818
2/7/2020 10:00,2020,2,7,2/7/2020,11,7.761,101.606,1.08,659.9431033,0.832618009
2/7/2020 11:00,2020,2,7,2/7/2020,12,8.409,103.718,1.08,659.9607355,0.832640255
2/7/2020 12:00,2020,2,7,2/7/2020,13,7.919,101.659,1.08,659.9783953,0.832662535
2/7/2020 13:00,2020,2,7,2/7/2020,14,10.46,103.588,1.08,659.9960827,0.832684851
2/7/2020 14:00,2020,2,7,2/7/2020,15,9.899,101.584,1.08,660.0137977,0.832707201
2/7/2020 15:00,2020,2,7,2/7/2020,16,11.85,103.538,1.087,660.0315404,0.832729586
2/7/2020 16:00,2020,2,7,2/7/2020,17,12.541,103.035,1.101,660.0493106,0.832752006
2/7/2020 17:00,2020,2,7,2/7/2020,18,13.979,102.214,1.13,660.0671083,0.83277446
2/7/2020 18:00,2020,2,7,2/7/2020,19,15.657,102.187,1.163,660.0849337,0.832796949
2/7/2020 19:00,2020,2,7,2/7/2020,20,17.077,101.211,1.192,595.9238379,0.751848026
2/7/2020 20:00,2020,2,7,2/7/2020,21,15.548,100.587,1.161,531.7627697,0.670899137
2/7/2020 21:00,2020,2,7,2/7/2020,22,15.989,100.436,1.17,531.7806777,0.670921731
2/7/2020 22:00,2020,2,7,2/7/2020,23,16.634,98.365,1.183,531.7986132,0.670944359
2/7/2020 23:00,2020,2,7,2/7/2020,24,15.92,100.783,1.168,492.850786,0.621805786
2/8/2020 0:00,2020,2,8,2/8/2020,1,15.465,101.08,1.159,453.9029863,0.572667248
2/8/2020 1:00,2020,2,8,2/8/2020,2,13.655,100.128,1.123,453.9210044,0.57268998
2/8/2020 2:00,2020,2,8,2/8/2020,3,12.623,99.603,1.102,453.93905,0.572712748
2/8/2020 3:00,2020,2,8,2/8/2020,4,11.017,99.861,1.08,453.957123,0.57273555
2/8/2020 4:00,2020,2,8,2/8/2020,5,10.957,100.515,1.08,453.9752236,0.572758386
2/8/2020 5:00,2020,2,8,2/8/2020,6,9.001,99.948,1.08,453.9933516,0.572781257
2/8/2020 6:00,2020,2,8,2/8/2020,7,8.979,99.755,1.08,454.011507,0.572804163
2/8/2020 7:00,2020,2,8,2/8/2020,8,8.26,100.39,1.08,484.2400845,0.610942084
2/8/2020 8:00,2020,2,8,2/8/2020,9,7.397,102.112,1.08,557.1926392,0.702982763
2/8/2020 9:00,2020,2,8,2/8/2020,10,8.034,101.816,1.08,630.1452214,0.795023475
2/8/2020 10:00,2020,2,8,2/8/2020,11,7.815,103.628,1.08,660.3738812,0.8331615
2/8/2020 11:00,2020,2,8,2/8/2020,12,8.769,101.304,1.08,660.3921738,0.833184579
2/8/2020 12:00,2020,2,8,2/8/2020,13,7.842,100.708,1.08,660.4104938,0.833207693
2/8/2020 13:00,2020,2,8,2/8/2020,14,10.238,100.249,1.08,660.4288412,0.833230841
2/8/2020 14:00,2020,2,8,2/8/2020,15,10.859,101.935,1.08,660.447216,0.833254023
2/8/2020 15:00,2020,2,8,2/8/2020,16,11.748,101.412,1.085,660.4656181,0.83327724
2/8/2020 16:00,2020,2,8,2/8/2020,17,14.499,100.993,1.14,660.4840477,0.833300492
2/8/2020 17:00,2020,2,8,2/8/2020,18,13.64,102.825,1.123,660.5025045,0.833323778
2/8/2020 18:00,2020,2,8,2/8/2020,19,15.233,101.698,1.155,660.5209888,0.833347099
2/8/2020 19:00,2020,2,8,2/8/2020,20,16.125,100.944,1.172,596.3605516,0.752399006
2/8/2020 20:00,2020,2,8,2/8/2020,21,16.271,100.578,1.175,532.2001419,0.671450948
2/8/2020 21:00,2020,2,8,2/8/2020,22,17.262,99.117,1.195,532.2187081,0.671474372
2/8/2020 22:00,2020,2,8,2/8/2020,23,17.735,99.251,1.205,532.2373016,0.671497831
2/8/2020 23:00,2020,2,8,2/8/2020,24,16.844,99.641,1.187,493.2901321,0.622360088
2/9/2020 0:00,2020,2,9,2/9/2020,1,14.303,100.984,1.136,454.3429899,0.573222379
2/9/2020 1:00,2020,2,9,2/9/2020,2,13.588,99.84,1.122,454.3616653,0.573245941
2/9/2020 2:00,2020,2,9,2/9/2020,3,13.837,99.669,1.127,454.3803679,0.573269537
2/9/2020 3:00,2020,2,9,2/9/2020,4,11.093,99.468,1.08,454.3990978,0.573293168
2/9/2020 4:00,2020,2,9,2/9/2020,5,10.522,99.047,1.08,454.417855,0.573316833
2/9/2020 5:00,2020,2,9,2/9/2020,6,8.599,100.565,1.08,454.4366394,0.573340532
2/9/2020 6:00,2020,2,9,2/9/2020,7,6.829,99.501,1.08,454.455451,0.573364266
2/9/2020 7:00,2020,2,9,2/9/2020,8,6.256,100.388,1.08,484.6846844,0.611503014
2/9/2020 8:00,2020,2,9,2/9/2020,9,6.665,101.742,1.08,557.6378948,0.70354452
2/9/2020 9:00,2020,2,9,2/9/2020,10,7.579,102.375,1.08,630.5911324,0.79558606
2/9/2020 10:00,2020,2,9,2/9/2020,11,7.338,101.674,1.08,660.8204475,0.833724911
2/9/2020 11:00,2020,2,9,2/9/2020,12,7.919,100.992,1.08,660.8393951,0.833748817
2/9/2020 12:00,2020,2,9,2/9/2020,13,8.791,102.283,1.08,660.8583699,0.833772756
2/9/2020 13:00,2020,2,9,2/9/2020,14,9.385,102.355,1.08,660.8773719,0.83379673
2/9/2020 14:00,2020,2,9,2/9/2020,15,11.502,102.869,1.08,660.896401,0.833820738
2/9/2020 15:00,2020,2,9,2/9/2020,16,11.947,100.901,1.089,660.9154572,0.833844781
2/9/2020 16:00,2020,2,9,2/9/2020,17,13.197,100.174,1.114,660.9345406,0.833868857
2/9/2020 17:00,2020,2,9,2/9/2020,18,15.535,102.09,1.161,660.9536511,0.833892968
2/9/2020 18:00,2020,2,9,2/9/2020,19,14.959,101.537,1.149,660.9727887,0.833917113
2/9/2020 19:00,2020,2,9,2/9/2020,20,16.175,102.832,1.174,596.8130048,0.752969844
2/9/2020 20:00,2020,2,9,2/9/2020,21,16.652,100.435,1.183,532.6532479,0.67202261
2/9/2020 21:00,2020,2,9,2/9/2020,22,17.695,99.286,1.204,532.6724668,0.672046858
2/9/2020 22:00,2020,2,9,2/9/2020,23,17.374,99.071,1.197,532.6917128,0.672071139
2/9/2020 23:00,2020,2,9,2/9/2020,24,15.091,100.016,1.152,493.7451955,0.622934219
2/10/2020 0:00,2020,2,10,2/10/2020,1,14.519,100.278,1.14,454.7987054,0.573797333
2/10/2020 1:00,2020,2,10,2/10/2020,2,14.293,101.72,1.136,454.8180325,0.573821717
2/10/2020 2:00,2020,2,10,2/10/2020,3,13.168,99.637,1.113,454.8373867,0.573846135
2/10/2020 3:00,2020,2,10,2/10/2020,4,13.357,98.823,1.117,454.8567679,0.573870588
2/10/2020 4:00,2020,2,10,2/10/2020,5,11.124,99.834,1.08,454.8761761,0.573895074
2/10/2020 5:00,2020,2,10,2/10/2020,6,9.439,101.984,1.08,454.8956113,0.573919594
2/10/2020 6:00,2020,2,10,2/10/2020,7,8.98,100.324,1.08,454.9150735,0.573944149
2/10/2020 7:00,2020,2,10,2/10/2020,8,6.586,100.298,1.08,485.1449573,0.612083718
2/10/2020 8:00,2020,2,10,2/10/2020,9,7.523,103.015,1.08,558.0988178,0.704126044
2/10/2020 9:00,2020,2,10,2/10/2020,10,7.547,101.512,1.08,631.0527053,0.796168404
2/10/2020 10:00,2020,2,10,2/10/2020,11,5.554,100.552,1.08,661.2826699,0.834308075
2/10/2020 11:00,2020,2,10,2/10/2020,12,6.965,103.214,1.08,661.302267,0.834332799
2/10/2020 12:00,2020,2,10,2/10/2020,13,8.334,103.515,1.08,661.3218909,0.834357558
2/10/2020 13:00,2020,2,10,2/10/2020,14,8.677,101.16,1.08,661.3415418,0.834382351
2/10/2020 14:00,2020,2,10,2/10/2020,15,10.531,100.862,1.08,661.3612196,0.834407177
2/10/2020 15:00,2020,2,10,2/10/2020,16,11.808,99.995,1.086,661.3809243,0.834432038
2/10/2020 16:00,2020,2,10,2/10/2020,17,11.937,102.275,1.089,661.4006559,0.834456932
2/10/2020 17:00,2020,2,10,2/10/2020,18,14.221,101.548,1.134,661.4204144,0.83448186
2/10/2020 18:00,2020,2,10,2/10/2020,19,15.612,101.974,1.162,661.4401997,0.834506822
2/10/2020 19:00,2020,2,10,2/10/2020,20,17.165,102.344,1.193,597.2810632,0.753560371
2/10/2020 20:00,2020,2,10,2/10/2020,21,15.265,100.332,1.155,533.1219536,0.672613953
2/10/2020 21:00,2020,2,10,2/10/2020,22,15.8,100.768,1.166,533.1418195,0.672639017
2/10/2020 22:00,2020,2,10,2/10/2020,23,16.869,97.822,1.187,533.1617122,0.672664115
2/10/2020 23:00,2020,2,10,2/10/2020,24,17.537,99.39,1.201,494.2158415,0.62352801
2/11/2020 0:00,2020,2,11,2/11/2020,1,14.801,98.648,1.146,455.2699976,0.574391939
2/11/2020 1:00,2020,2,11,2/11/2020,2,14.337,99.654,1.137,455.2899708,0.574417139
2/11/2020 2:00,2020,2,11,2/11/2020,3,12.672,101.991,1.103,455.3099708,0.574442372
2/11/2020 3:00,2020,2,11,2/11/2020,4,10.122,100.258,1.08,455.3299975,0.574467638
2/11/2020 4:00,2020,2,11,2/11/2020,5,9.805,100.666,1.08,455.350051,0.574492939
2/11/2020 5:00,2020,2,11,2/11/2020,6,10.081,101.25,1.08,455.3701313,0.574518273
2/11/2020 6:00,2020,2,11,2/11/2020,7,8.297,98.246,1.08,455.3902383,0.574543641
2/11/2020 7:00,2020,2,11,2/11/2020,8,7.358,99.345,1.08,485.6207667,0.612684024
2/11/2020 8:00,2020,2,11,2/11/2020,9,7.091,100.918,1.08,558.5752715,0.704727162
2/11/2020 9:00,2020,2,11,2/11/2020,10,6.669,99.679,1.08,631.5298031,0.796770335
2/11/2020 10:00,2020,2,11,2/11/2020,11,5.931,100.66,1.08,661.7604116,0.834910818
2/11/2020 11:00,2020,2,11,2/11/2020,12,6.676,99.888,1.08,661.7806522,0.834936355
2/11/2020 12:00,2020,2,11,2/11/2020,13,8.21,99.388,1.08,661.8009195,0.834961925
2/11/2020 13:00,2020,2,11,2/11/2020,14,9.129,102.029,1.08,661.8212135,0.834987529
2/11/2020 14:00,2020,2,11,2/11/2020,15,9.304,100.23,1.08,661.8415341,0.835013167
2/11/2020 15:00,2020,2,11,2/11/2020,16,12.338,100.468,1.097,661.8618814,0.835038838
2/11/2020 16:00,2020,2,11,2/11/2020,17,13.737,100.969,1.125,661.8822554,0.835064543
2/11/2020 17:00,2020,2,11,2/11/2020,18,14.953,98.896,1.149,661.902656,0.835090281
2/11/2020 18:00,2020,2,11,2/11/2020,19,15.3,99.594,1.156,661.9230832,0.835116053
2/11/2020 19:00,2020,2,11,2/11/2020,20,16.832,98.453,1.187,597.7645883,0.754170411
2/11/2020 20:00,2020,2,11,2/11/2020,21,16.133,100.388,1.173,533.6061201,0.673224802
2/11/2020 21:00,2020,2,11,2/11/2020,22,15.587,99.038,1.162,533.6266271,0.673250675
2/11/2020 22:00,2020,2,11,2/11/2020,23,15.693,101.003,1.164,533.6471607,0.673276581
2/11/2020 23:00,2020,2,11,2/11/2020,24,17.766,98.877,1.205,494.7019306,0.624141285
2/12/2020 0:00,2020,2,12,2/12/2020,1,14.828,99.876,1.147,455.756727,0.575006022
2/12/2020 1:00,2020,2,12,2/12/2020,2,13.333,98.737,1.117,455.7773403,0.575032029
2/12/2020 2:00,2020,2,12,2/12/2020,3,13.054,99.348,1.111,455.7979802,0.575058069
2/12/2020 3:00,2020,2,12,2/12/2020,4,12.687,99.475,1.104,455.8186465,0.575084143
2/12/2020 4:00,2020,2,12,2/12/2020,5,10.979,100.497,1.08,455.8393394,0.57511025
2/12/2020 5:00,2020,2,12,2/12/2020,6,9.474,99.627,1.08,455.8600588,0.575136391
2/12/2020 6:00,2020,2,12,2/12/2020,7,9.145,99.298,1.08,455.8808047,0.575162565
2/12/2020 7:00,2020,2,12,2/12/2020,8,7.745,100.777,1.08,486.1119716,0.613303753
2/12/2020 8:00,2020,2,12,2/12/2020,9,6.298,99.152,1.08,559.0671148,0.705347697
2/12/2020 9:00,2020,2,12,2/12/2020,10,6.396,99.992,1.08,632.0222845,0.797391674
2/12/2020 10:00,2020,2,12,2/12/2020,11,7.798,100.604,1.08,662.2535308,0.835532963
2/12/2020 11:00,2020,2,12,2/12/2020,12,6.612,102.167,1.08,662.2744091,0.835559304
2/12/2020 12:00,2020,2,12,2/12/2020,13,8.073,98.437,1.08,662.2953137,0.835585678
2/12/2020 13:00,2020,2,12,2/12/2020,14,9.986,97.675,1.08,662.3162448,0.835612086
2/12/2020 14:00,2020,2,12,2/12/2020,15,10.122,98.642,1.08,662.3372022,0.835638527
2/12/2020 15:00,2020,2,12,2/12/2020,16,12.763,98.8,1.105,662.3581861,0.835665001
2/12/2020 16:00,2020,2,12,2/12/2020,17,12.546,99.144,1.101,662.3791964,0.835691509
2/12/2020 17:00,2020,2,12,2/12/2020,18,13.609,99.369,1.122,662.400233,0.83571805
2/12/2020 18:00,2020,2,12,2/12/2020,19,16.286,98.351,1.176,662.4212961,0.835744624
2/12/2020 19:00,2020,2,12,2/12/2020,20,14.865,99.674,1.147,598.2634367,0.754799784
2/12/2020 20:00,2020,2,12,2/12/2020,21,14.415,99.754,1.138,534.1056038,0.673854977
2/12/2020 21:00,2020,2,12,2/12/2020,22,15.94,100.677,1.169,534.1267458,0.673881651
2/12/2020 22:00,2020,2,12,2/12/2020,23,16.404,100.063,1.178,534.1479142,0.673908358
2/12/2020 23:00,2020,2,12,2/12/2020,24,16.005,99.438,1.17,495.2033187,0.624773862
2/13/2020 0:00,2020,2,13,2/13/2020,1,15.935,100.865,1.169,456.2587494,0.575639399
2/13/2020 1:00,2020,2,13,2/13/2020,2,14.196,98.598,1.134,456.2799967,0.575666206
2/13/2020 2:00,2020,2,13,2/13/2020,3,12.183,99.795,1.094,456.3012703,0.575693046
2/13/2020 3:00,2020,2,13,2/13/2020,4,11.511,99.236,1.08,456.3225701,0.575719919
2/13/2020 4:00,2020,2,13,2/13/2020,5,9.808,99.609,1.08,456.3438962,0.575746825
2/13/2020 5:00,2020,2,13,2/13/2020,6,8.892,100.982,1.08,456.3652486,0.575773764
2/13/2020 6:00,2020,2,13,2/13/2020,7,9.058,100.216,1.08,456.3866272,0.575800736
2/13/2020 7:00,2020,2,13,2/13/2020,8,7.657,99.534,1.08,486.6184266,0.613942722
2/13/2020 8:00,2020,2,13,2/13/2020,9,7.291,101.667,1.08,559.574202,0.705987464
2/13/2020 9:00,2020,2,13,2/13/2020,10,8.382,101.93,1.08,632.5300036,0.798032239
2/13/2020 10:00,2020,2,13,2/13/2020,11,7.389,101.406,1.08,662.7618816,0.836174324
2/13/2020 11:00,2020,2,13,2/13/2020,12,6.768,100.434,1.08,662.7833912,0.836201462
2/13/2020 12:00,2020,2,13,2/13/2020,13,7.874,100.796,1.08,662.804927,0.836228632
2/13/2020 13:00,2020,2,13,2/13/2020,14,9.49,101.954,1.08,662.826489,0.836255836
2/13/2020 14:00,2020,2,13,2/13/2020,15,9.391,101.049,1.08,662.8480771,0.836283073
2/13/2020 15:00,2020,2,13,2/13/2020,16,12.717,100.849,1.104,662.8696913,0.836310342
2/13/2020 16:00,2020,2,13,2/13/2020,17,12.45,101.046,1.099,662.8913317,0.836337645
2/13/2020 17:00,2020,2,13,2/13/2020,18,13.264,101.773,1.115,662.9129981,0.83636498
2/13/2020 18:00,2020,2,13,2/13/2020,19,15.319,101.832,1.156,662.9346907,0.836392349
2/13/2020 19:00,2020,2,13,2/13/2020,20,17.34,101.914,1.197,598.7774607,0.755448303
2/13/2020 20:00,2020,2,13,2/13/2020,21,16.806,98.234,1.186,534.6202568,0.674504289
2/13/2020 21:00,2020,2,13,2/13/2020,22,17.542,99.414,1.201,534.6420276,0.674531756
2/13/2020 22:00,2020,2,13,2/13/2020,23,16.568,99.982,1.181,534.6638245,0.674559256
2/13/2020 23:00,2020,2,13,2/13/2020,24,15.648,100.708,1.163,495.7198572,0.625425553
2/14/2020 0:00,2020,2,14,2/14/2020,1,15.121,99.513,1.152,456.7759159,0.576291883
2/14/2020 1:00,2020,2,14,2/14/2020,2,14.471,98.535,1.139,456.7977909,0.576319482
2/14/2020 2:00,2020,2,14,2/14/2020,3,13.598,98.924,1.122,456.8196919,0.576347113
2/14/2020 3:00,2020,2,14,2/14/2020,4,11.072,100.278,1.08,456.841619,0.576374777
2/14/2020 4:00,2020,2,14,2/14/2020,5,10.12,101.552,1.08,456.863572,0.576402474
2/14/2020 5:00,2020,2,14,2/14/2020,6,10.274,101.418,1.08,456.885551,0.576430204
2/14/2020 6:00,2020,2,14,2/14/2020,7,9.809,100.776,1.08,456.907556,0.576457967
2/14/2020 7:00,2020,2,14,2/14/2020,8,9.097,99.298,1.08,487.1399815,0.614600743
2/14/2020 8:00,2020,2,14,2/14/2020,9,9.231,102.028,1.08,560.0963827,0.706646274
2/14/2020 9:00,2020,2,14,2/14/2020,10,8.151,102.196,1.08,633.0528099,0.798691838
2/14/2020 10:00,2020,2,14,2/14/2020,11,5.542,103.208,1.08,663.2853132,0.836834712
2/14/2020 11:00,2020,2,14,2/14/2020,12,8.641,103.331,1.08,663.3074479,0.836862638
2/14/2020 12:00,2020,2,14,2/14/2020,13,7.72,102.272,1.08,663.3296084,0.836890597
2/14/2020 13:00,2020,2,14,2/14/2020,14,9.922,103.7,1.08,663.3517949,0.836918589
2/14/2020 14:00,2020,2,14,2/14/2020,15,9.775,101.567,1.08,663.3740072,0.836946613
2/14/2020 15:00,2020,2,14,2/14/2020,16,12.087,101.341,1.092,663.3962454,0.83697467
2/14/2020 16:00,2020,2,14,2/14/2020,17,13.504,101.862,1.12,663.4185094,0.837002759
2/14/2020 17:00,2020,2,14,2/14/2020,18,14.779,100.81,1.146,663.4407993,0.837030881
2/14/2020 18:00,2020,2,14,2/14/2020,19,14.128,100.423,1.133,663.463115,0.837059036
2/14/2020 19:00,2020,2,14,2/14/2020,20,16.491,101.623,1.18,599.3065079,0.756115776
2/14/2020 20:00,2020,2,14,2/14/2020,21,16.812,99.94,1.186,535.1499266,0.675172548
2/14/2020 21:00,2020,2,14,2/14/2020,22,15.935,98.984,1.169,535.1723197,0.6752008
2/14/2020 22:00,2020,2,14,2/14/2020,23,18.01,99.539,1.21,535.1947387,0.675229085
2/14/2020 23:00,2020,2,14,2/14/2020,24,16.273,99.213,1.175,496.2513931,0.626096166
2/15/2020 0:00,2020,2,15,2/15/2020,1,14.744,101.528,1.145,457.3080733,0.57696328
2/15/2020 1:00,2020,2,15,2/15/2020,2,13.981,100.155,1.13,457.3305696,0.576991662
2/15/2020 2:00,2020,2,15,2/15/2020,3,13.666,98.826,1.123,457.3530916,0.577020077
2/15/2020 3:00,2020,2,15,2/15/2020,4,10.887,98.189,1.08,457.3756393,0.577048525
2/15/2020 4:00,2020,2,15,2/15/2020,5,9.488,99.971,1.08,457.3982127,0.577077004
2/15/2020 5:00,2020,2,15,2/15/2020,6,9.772,100.563,1.08,457.4208118,0.577105517
2/15/2020 6:00,2020,2,15,2/15/2020,7,7.597,99.153,1.08,457.4434367,0.577134061
2/15/2020 7:00,2020,2,15,2/15/2020,8,9.859,99.221,1.08,487.6764818,0.615277619
2/15/2020 8:00,2020,2,15,2/15/2020,9,7.924,101.104,1.08,560.6335023,0.707323932
2/15/2020 9:00,2020,2,15,2/15/2020,10,7.817,102.107,1.08,633.5905485,0.799370277
2/15/2020 10:00,2020,2,15,2/15/2020,11,8.092,100.686,1.08,663.8236706,0.837513931
2/15/2020 11:00,2020,2,15,2/15/2020,12,7.803,100.899,1.08,663.8464237,0.837542638
2/15/2020 12:00,2020,2,15,2/15/2020,13,7.731,102.566,1.08,663.8692025,0.837571377
2/15/2020 13:00,2020,2,15,2/15/2020,14,8.908,102.311,1.08,663.8920068,0.837600148
2/15/2020 14:00,2020,2,15,2/15/2020,15,11.28,101.575,1.08,663.9148368,0.837628951
2/15/2020 15:00,2020,2,15,2/15/2020,16,11.354,103.389,1.08,663.9376923,0.837657787
2/15/2020 16:00,2020,2,15,2/15/2020,17,12.096,103.009,1.092,663.9605735,0.837686655
2/15/2020 17:00,2020,2,15,2/15/2020,18,14.903,99.952,1.148,663.9834802,0.837715555
2/15/2020 18:00,2020,2,15,2/15/2020,19,16.486,100.36,1.18,664.0064124,0.837744488
2/15/2020 19:00,2020,2,15,2/15/2020,20,15.016,101.577,1.15,599.8504215,0.756802005
2/15/2020 20:00,2020,2,15,2/15/2020,21,16.949,100.113,1.189,535.6944562,0.675859554
2/15/2020 21:00,2020,2,15,2/15/2020,22,16.767,101.127,1.185,535.717465,0.675888583
2/15/2020 22:00,2020,2,15,2/15/2020,23,17.058,100.322,1.191,535.7404994,0.675917645
2/15/2020 23:00,2020,2,15,2/15/2020,24,16.137,99.614,1.173,496.797769,0.626785502
2/16/2020 0:00,2020,2,16,2/16/2020,1,15.641,99.989,1.163,457.855064,0.577653391
2/16/2020 1:00,2020,2,16,2/16/2020,2,14.468,99.492,1.139,457.8781748,0.577682549
2/16/2020 2:00,2020,2,16,2/16/2020,3,14.022,99.529,1.13,457.9013111,0.577711739
2/16/2020 3:00,2020,2,16,2/16/2020,4,12.214,101.144,1.094,457.9244728,0.577740961
2/16/2020 4:00,2020,2,16,2/16/2020,5,10.305,99.783,1.08,457.9476599,0.577770215
2/16/2020 5:00,2020,2,16,2/16/2020,6,7.817,98.997,1.08,457.9708725,0.577799501
2/16/2020 6:00,2020,2,16,2/16/2020,7,8.758,101.018,1.08,457.9941105,0.57782882
2/16/2020 7:00,2020,2,16,2/16/2020,8,7.263,99.25,1.08,488.2277684,0.615973151
2/16/2020 8:00,2020,2,16,2/16/2020,9,6.477,104.622,1.08,561.1854016,0.708020236
2/16/2020 9:00,2020,2,16,2/16/2020,10,6.528,103.903,1.08,634.1430601,0.800067353
2/16/2020 10:00,2020,2,16,2/16/2020,11,7.635,101.68,1.08,664.3767942,0.83821178
2/16/2020 11:00,2020,2,16,2/16/2020,12,9.04,99.855,1.08,664.400159,0.838241259
2/16/2020 12:00,2020,2,16,2/16/2020,13,9.692,103.58,1.08,664.4235492,0.838270769
2/16/2020 13:00,2020,2,16,2/16/2020,14,10.829,102.94,1.08,664.4469648,0.838300311
2/16/2020 14:00,2020,2,16,2/16/2020,15,10.935,102.365,1.08,664.4704056,0.838329885
2/16/2020 15:00,2020,2,16,2/16/2020,16,11.443,102.111,1.08,664.4938717,0.838359491
2/16/2020 16:00,2020,2,16,2/16/2020,17,12.814,100.246,1.106,664.5173632,0.838389129
2/16/2020 17:00,2020,2,16,2/16/2020,18,14.031,101.399,1.131,664.5408799,0.838418799
2/16/2020 18:00,2020,2,16,2/16/2020,19,15.693,101.902,1.164,664.5644219,0.838448501
2/16/2020 19:00,2020,2,16,2/16/2020,20,15.842,102.481,1.167,600.4090404,0.757506787
2/16/2020 20:00,2020,2,16,2/16/2020,21,16.486,100.229,1.18,536.2536842,0.676565105
2/16/2020 21:00,2020,2,16,2/16/2020,22,16.796,99.271,1.186,536.277302,0.676594902
2/16/2020 22:00,2020,2,16,2/16/2020,23,16.455,101.295,1.179,536.3009449,0.676624731
2/16/2020 23:00,2020,2,16,2/16/2020,24,14.526,102.249,1.141,497.3588228,0.627493356
2/17/2020 0:00,2020,2,17,2/17/2020,1,15.641,99.955,1.163,458.4167258,0.578362013
2/17/2020 1:00,2020,2,17,2/17/2020,2,14.875,99.809,1.147,458.4404443,0.578391937
2/17/2020 2:00,2020,2,17,2/17/2020,3,13.449,102.767,1.119,458.464188,0.578421894
2/17/2020 3:00,2020,2,17,2/17/2020,4,11.884,99.555,1.088,458.4879569,0.578451882
2/17/2020 4:00,2020,2,17,2/17/2020,5,9.156,99.642,1.08,458.5117509,0.578481901
2/17/2020 5:00,2020,2,17,2/17/2020,6,11.38,100.749,1.08,458.53557,0.578511953
2/17/2020 6:00,2020,2,17,2/17/2020,7,7.599,101.052,1.08,458.5594142,0.578542036
2/17/2020 7:00,2020,2,17,2/17/2020,8,7.331,100.651,1.08,488.7936782,0.616687131
2/17/2020 8:00,2020,2,17,2/17/2020,9,6.922,102.404,1.08,561.751917,0.708734981
2/17/2020 9:00,2020,2,17,2/17/2020,10,8.043,101.58,1.08,634.7101809,0.800782862
2/17/2020 10:00,2020,2,17,2/17/2020,11,7.214,101.569,1.08,664.9445201,0.838928053
2/17/2020 11:00,2020,2,17,2/17/2020,12,7.613,101.454,1.08,664.9684898,0.838958294
2/17/2020 12:00,2020,2,17,2/17/2020,13,8.229,100.625,1.08,664.9924845,0.838988567
2/17/2020 13:00,2020,2,17,2/17/2020,14,9.227,101.743,1.08,665.0165042,0.839018871
2/17/2020 14:00,2020,2,17,2/17/2020,15,10.943,102.511,1.08,665.040549,0.839049208
2/17/2020 15:00,2020,2,17,2/17/2020,16,11.965,101.312,1.089,665.0646188,0.839079575
2/17/2020 16:00,2020,2,17,2/17/2020,17,13.095,102.17,1.112,665.0887136,0.839109974
2/17/2020 17:00,2020,2,17,2/17/2020,18,15.414,102.715,1.158,665.1128333,0.839140405
2/17/2020 18:00,2020,2,17,2/17/2020,19,15.107,101.539,1.152,665.1369781,0.839170867
2/17/2020 19:00,2020,2,17,2/17/2020,20,17.482,101.976,1.2,600.9821991,0.758229913
2/17/2020 20:00,2020,2,17,2/17/2020,21,15.747,99.371,1.165,536.8274451,0.677288991
2/17/2020 21:00,2020,2,17,2/17/2020,22,15.925,100.93,1.169,536.8516647,0.677319548
2/17/2020 22:00,2020,2,17,2/17/2020,23,18.431,98.654,1.211,536.8759092,0.677350136
2/17/2020 23:00,2020,2,17,2/17/2020,24,15.979,98.677,1.17,497.9343883,0.628219519
2/18/2020 0:00,2020,2,18,2/18/2020,1,16.013,99.734,1.17,458.9928924,0.579088934
2/18/2020 1:00,2020,2,18,2/18/2020,2,13.285,99.063,1.116,459.0172116,0.579119616
2/18/2020 2:00,2020,2,18,2/18/2020,3,13.126,101.125,1.113,459.0415556,0.57915033
2/18/2020 3:00,2020,2,18,2/18/2020,4,11.64,100.248,1.083,459.0659246,0.579181075
2/18/2020 4:00,2020,2,18,2/18/2020,5,10.534,100.903,1.08,459.0903184,0.579211852
2/18/2020 5:00,2020,2,18,2/18/2020,6,10.251,100.068,1.08,459.114737,0.579242659
2/18/2020 6:00,2020,2,18,2/18/2020,7,8.445,99.962,1.08,459.1391804,0.579273499
2/18/2020 7:00,2020,2,18,2/18/2020,8,7.808,99.348,1.08,489.3740433,0.61741935
2/18/2020 8:00,2020,2,18,2/18/2020,9,7.877,99.885,1.08,562.3328807,0.709467954
2/18/2020 9:00,2020,2,18,2/18/2020,10,7.189,100.678,1.08,635.2917429,0.801516591
2/18/2020 10:00,2020,2,18,2/18/2020,11,9.138,99.919,1.08,665.5266801,0.839662535
2/18/2020 11:00,2020,2,18,2/18/2020,12,8.379,99.157,1.08,665.5512475,0.839693531
2/18/2020 12:00,2020,2,18,2/18/2020,13,8.379,101.278,1.08,665.5758396,0.839724558
2/18/2020 13:00,2020,2,18,2/18/2020,14,10.288,100.073,1.08,665.6004565,0.839755615
2/18/2020 14:00,2020,2,18,2/18/2020,15,11.441,101.389,1.08,665.625098,0.839786705
2/18/2020 15:00,2020,2,18,2/18/2020,16,11.721,98.639,1.084,665.6497643,0.839817825
2/18/2020 16:00,2020,2,18,2/18/2020,17,13.094,102.044,1.112,665.6744553,0.839848976
2/18/2020 17:00,2020,2,18,2/18/2020,18,15.15,100.619,1.153,665.699171,0.839880159
2/18/2020 18:00,2020,2,18,2/18/2020,19,15.157,101.02,1.153,665.7239113,0.839911372
2/18/2020 19:00,2020,2,18,2/18/2020,20,15.12,100.979,1.152,601.5697277,0.75897117
2/18/2020 20:00,2020,2,18,2/18/2020,21,16.427,100.876,1.179,537.4155686,0.678030998
2/18/2020 21:00,2020,2,18,2/18/2020,22,16.181,98.813,1.174,537.4403829,0.678062305
2/18/2020 22:00,2020,2,18,2/18/2020,23,17.439,100.14,1.199,537.4652218,0.678093643
2/18/2020 23:00,2020,2,18,2/18/2020,24,16.721,99.406,1.184,498.524295,0.628963776
2/19/2020 0:00,2020,2,19,2/19/2020,1,15.526,100.07,1.161,459.5833929,0.57983394
2/19/2020 1:00,2020,2,19,2/19/2020,2,13.034,99.937,1.111,459.6083056,0.579865371
2/19/2020 2:00,2020,2,19,2/19/2020,3,12.753,100.829,1.105,459.6332428,0.579896833
2/19/2020 3:00,2020,2,19,2/19/2020,4,11.957,99.368,1.089,459.6582046,0.579928326
2/19/2020 4:00,2020,2,19,2/19/2020,5,10.383,99.053,1.08,459.683191,0.57995985
2/19/2020 5:00,2020,2,19,2/19/2020,6,9.542,100.82,1.08,459.7082019,0.579991405
2/19/2020 6:00,2020,2,19,2/19/2020,7,7.217,100.254,1.08,459.7332373,0.580022991
2/19/2020 7:00,2020,2,19,2/19/2020,8,9.698,101.118,1.08,489.9686918,0.618169589
2/19/2020 8:00,2020,2,19,2/19/2020,9,8.211,99.338,1.08,562.9281205,0.710218939
2/19/2020 9:00,2020,2,19,2/19/2020,10,6.907,99.863,1.08,635.8875738,0.802268321
2/19/2020 10:00,2020,2,19,2/19/2020,11,8.748,99.311,1.08,666.1231017,0.840415011
2/19/2020 11:00,2020,2,19,2/19/2020,12,7.03,99.908,1.08,666.1482595,0.840446752
2/19/2020 12:00,2020,2,19,2/19/2020,13,8.917,98.379,1.08,666.1734418,0.840478523
2/19/2020 13:00,2020,2,19,2/19/2020,14,9.21,98.561,1.08,666.1986484,0.840510325
2/19/2020 14:00,2020,2,19,2/19/2020,15,11.812,100.409,1.086,666.2238795,0.840542158
2/19/2020 15:00,2020,2,19,2/19/2020,16,12.434,99.892,1.099,666.249135,0.840574021
2/19/2020 16:00,2020,2,19,2/19/2020,17,14.266,99.593,1.135,666.2744149,0.840605916
2/19/2020 17:00,2020,2,19,2/19/2020,18,14.437,100.052,1.139,666.2997191,0.840637841
2/19/2020 18:00,2020,2,19,2/19/2020,19,13.548,99.186,1.121,666.3250477,0.840669797
2/19/2020 19:00,2020,2,19,2/19/2020,20,15.946,99.878,1.169,602.171452,0.759730336
2/19/2020 20:00,2020,2,19,2/19/2020,21,16.631,100.711,1.183,538.0178806,0.678790905
2/19/2020 21:00,2020,2,19,2/19/2020,22,16.225,101.445,1.175,538.0432823,0.678822953
2/19/2020 22:00,2020,2,19,2/19/2020,23,15.734,99.494,1.165,538.0687082,0.678855032
2/19/2020 23:00,2020,2,19,2/19/2020,24,17.02,99.74,1.19,499.1283681,0.629725905
2/20/2020 0:00,2020,2,20,2/20/2020,1,16.081,102.765,1.172,460.1880524,0.580596809
2/20/2020 1:00,2020,2,20,2/20/2020,2,13.444,99.961,1.119,460.2135512,0.58062898
2/20/2020 2:00,2020,2,20,2/20/2020,3,11.905,98.364,1.088,460.2390742,0.580661181
2/20/2020 3:00,2020,2,20,2/20/2020,4,12.413,100.875,1.098,460.2646215,0.580693413
2/20/2020 4:00,2020,2,20,2/20/2020,5,10.248,99.917,1.08,460.290193,0.580725675
2/20/2020 5:00,2020,2,20,2/20/2020,6,7.942,101.14,1.08,460.3157888,0.580757968
2/20/2020 6:00,2020,2,20,2/20/2020,7,7.249,100.183,1.08,460.3414087,0.580790291
2/20/2020 7:00,2020,2,20,2/20/2020,8,7.718,100.58,1.08,490.5774474,0.618937626
2/20/2020 8:00,2020,2,20,2/20/2020,9,7.976,102.523,1.08,563.5374601,0.710987713
2/20/2020 9:00,2020,2,20,2/20/2020,10,5.828,103.271,1.08,636.497497,0.803037832
2/20/2020 10:00,2020,2,20,2/20/2020,11,7.346,102.625,1.08,666.7336082,0.841185258
2/20/2020 11:00,2020,2,20,2/20/2020,12,9.667,99.572,1.08,666.759349,0.841217734
2/20/2020 12:00,2020,2,20,2/20/2020,13,6.883,100.821,1.08,666.7851139,0.84125024
2/20/2020 13:00,2020,2,20,2/20/2020,14,8.424,103.115,1.08,666.8109029,0.841282777
2/20/2020 14:00,2020,2,20,2/20/2020,15,9.935,101.568,1.08,666.836716,0.841315344
2/20/2020 15:00,2020,2,20,2/20/2020,16,10.867,102.998,1.08,666.8625532,0.841347941
2/20/2020 16:00,2020,2,20,2/20/2020,17,14.632,100.237,1.143,666.8884144,0.841380569
2/20/2020 17:00,2020,2,20,2/20/2020,18,14.015,100.138,1.13,666.9142998,0.841413227
2/20/2020 18:00,2020,2,20,2/20/2020,19,15.079,101.788,1.152,666.9402092,0.841445916
2/20/2020 19:00,2020,2,20,2/20/2020,20,16.109,102.892,1.172,602.7871939,0.760507187
2/20/2020 20:00,2020,2,20,2/20/2020,21,13.948,98.342,1.129,538.6342026,0.679568489
2/20/2020 21:00,2020,2,20,2/20/2020,22,15.795,100.662,1.166,538.6601841,0.679601268
2/20/2020 22:00,2020,2,20,2/20/2020,23,17.697,100.514,1.204,538.6861895,0.679634078
2/20/2020 23:00,2020,2,20,2/20/2020,24,16.888,97.902,1.188,499.7464286,0.630505682
2/21/2020 0:00,2020,2,21,2/21/2020,1,14.956,100.494,1.149,460.8066917,0.581377316
2/21/2020 1:00,2020,2,21,2/21/2020,2,13.407,98.759,1.118,460.8327691,0.581410217
2/21/2020 2:00,2020,2,21,2/21/2020,3,12.671,99.236,1.103,460.8588703,0.581443147
2/21/2020 3:00,2020,2,21,2/21/2020,4,12.594,99.334,1.102,460.8849955,0.581476108
2/21/2020 4:00,2020,2,21,2/21/2020,5,10.758,100.201,1.08,460.9111446,0.581509099
2/21/2020 5:00,2020,2,21,2/21/2020,6,10.246,98.265,1.08,460.9373176,0.58154212
2/21/2020 6:00,2020,2,21,2/21/2020,7,7.68,100.303,1.08,460.9635145,0.581575172
2/21/2020 7:00,2020,2,21,2/21/2020,8,7.643,100.559,1.08,491.2001299,0.619723234
2/21/2020 8:00,2020,2,21,2/21/2020,9,8.404,101.419,1.08,564.1607189,0.711774049
2/21/2020 9:00,2020,2,21,2/21/2020,10,6.344,101.053,1.08,637.1213317,0.803824893
2/21/2020 10:00,2020,2,21,2/21/2020,11,5.957,103.674,1.08,667.3580186,0.841973046
2/21/2020 11:00,2020,2,21,2/21/2020,12,8.656,99.968,1.08,667.3843347,0.842006248
2/21/2020 12:00,2020,2,21,2/21/2020,13,8.592,100.989,1.08,667.4106746,0.842039479
2/21/2020 13:00,2020,2,21,2/21/2020,14,9.691,101.327,1.08,667.4370383,0.842072741
2/21/2020 14:00,2020,2,21,2/21/2020,15,9.639,101.779,1.08,667.4634258,0.842106033
2/21/2020 15:00,2020,2,21,2/21/2020,16,11.126,101.444,1.08,667.4898371,0.842139355
2/21/2020 16:00,2020,2,21,2/21/2020,17,12.911,103.327,1.108,667.5162721,0.842172707
2/21/2020 17:00,2020,2,21,2/21/2020,18,13.362,100.53,1.117,667.5427308,0.842206088
2/21/2020 18:00,2020,2,21,2/21/2020,19,16.168,103.132,1.173,667.5692133,0.8422395
2/21/2020 19:00,2020,2,21,2/21/2020,20,17.328,103.549,1.197,603.4167708,0.761301494
2/21/2020 20:00,2020,2,21,2/21/2020,21,17.05,99.501,1.191,539.264352,0.680363517
2/21/2020 21:00,2020,2,21,2/21/2020,22,16.018,101.515,1.17,539.2909055,0.680397019
2/21/2020 22:00,2020,2,21,2/21/2020,23,16.797,100.216,1.186,539.3174828,0.68043055
2/21/2020 23:00,2020,2,21,2/21/2020,24,14.82,100.764,1.146,500.3782934,0.631302875
2/22/2020 0:00,2020,2,22,2/22/2020,1,15.765,100.38,1.165,461.4391276,0.58217523
2/22/2020 1:00,2020,2,22,2/22/2020,2,14.506,98.711,1.14,461.4657758,0.58220885
2/22/2020 2:00,2020,2,22,2/22/2020,3,12.807,99.644,1.106,461.4924475,0.582242501
2/22/2020 3:00,2020,2,22,2/22/2020,4,12.303,100.41,1.096,461.5191429,0.582276181
2/22/2020 4:00,2020,2,22,2/22/2020,5,10.149,99.986,1.08,461.5458618,0.582309891
2/22/2020 5:00,2020,2,22,2/22/2020,6,9.638,98.173,1.08,461.5726043,0.582343631
2/22/2020 6:00,2020,2,22,2/22/2020,7,10.403,98.197,1.08,461.5993704,0.5823774
2/22/2020 7:00,2020,2,22,2/22/2020,8,9.133,99.786,1.08,491.8365546,0.62052618
2/22/2020 8:00,2020,2,22,2/22/2020,9,7.229,102.494,1.08,564.7977121,0.712577712
2/22/2020 9:00,2020,2,22,2/22/2020,10,6.607,103.36,1.08,637.7588932,0.804629274
2/22/2020 10:00,2020,2,22,2/22/2020,11,7.156,102.939,1.08,667.9961479,0.842778142
2/22/2020 11:00,2020,2,22,2/22/2020,12,7.158,102.561,1.08,668.0230316,0.84281206
2/22/2020 12:00,2020,2,22,2/22/2020,13,8.247,102.741,1.08,668.0499387,0.842846008
2/22/2020 13:00,2020,2,22,2/22/2020,14,8.529,100.573,1.08,668.0768693,0.842879985
2/22/2020 14:00,2020,2,22,2/22/2020,15,10.781,100.059,1.08,668.1038234,0.842913991
2/22/2020 15:00,2020,2,22,2/22/2020,16,12.175,101.638,1.093,668.1308009,0.842948027
2/22/2020 16:00,2020,2,22,2/22/2020,17,12.027,100.3,1.091,668.1578018,0.842982093
2/22/2020 17:00,2020,2,22,2/22/2020,18,14.373,102.463,1.137,668.1848261,0.843016188
2/22/2020 18:00,2020,2,22,2/22/2020,19,15.241,101.99,1.155,668.2118738,0.843050313
2/22/2020 19:00,2020,2,22,2/22/2020,20,16.118,101.777,1.172,604.0599962,0.76211302
2/22/2020 20:00,2020,2,22,2/22/2020,21,16.769,100.295,1.185,539.908142,0.681175756
2/22/2020 21:00,2020,2,22,2/22/2020,22,16.972,100.84,1.189,539.9352598,0.681209969
2/22/2020 22:00,2020,2,22,2/22/2020,23,17.371,99.967,1.197,539.9624009,0.681244212
2/22/2020 23:00,2020,2,22,2/22/2020,24,17.131,99.668,1.193,501.0237751,0.632117248
2/23/2020 0:00,2020,2,23,2/23/2020,1,16.015,99.561,1.17,462.0851726,0.582990313
2/23/2020 1:00,2020,2,23,2/23/2020,2,14.154,101.522,1.133,462.1123837,0.583024644
2/23/2020 2:00,2020,2,23,2/23/2020,3,12.697,99.188,1.104,462.139618,0.583059004
2/23/2020 3:00,2020,2,23,2/23/2020,4,12.103,100.299,1.092,462.1668756,0.583093394
2/23/2020 4:00,2020,2,23,2/23/2020,5,10.999,102.04,1.08,462.1941565,0.583127813
2/23/2020 5:00,2020,2,23,2/23/2020,6,9.329,98.201,1.08,462.2214606,0.583162261
2/23/2020 6:00,2020,2,23,2/23/2020,7,9.827,99.419,1.08,462.2487879,0.583196739
2/23/2020 7:00,2020,2,23,2/23/2020,8,7.639,100.811,1.08,492.486533,0.621346226
2/23/2020 8:00,2020,2,23,2/23/2020,9,7.818,101.675,1.08,565.4482511,0.713398465
2/23/2020 9:00,2020,2,23,2/23/2020,10,7.3,103.03,1.08,638.4099924,0.805450734
2/23/2020 10:00,2020,2,23,2/23/2020,11,7.082,101.989,1.08,668.6478071,0.843600309
2/23/2020 11:00,2020,2,23,2/23/2020,12,7.02,101.308,1.08,668.6752503,0.843634933
2/23/2020 12:00,2020,2,23,2/23/2020,13,8.049,102.235,1.08,668.7027167,0.843669586
2/23/2020 13:00,2020,2,23,2/23/2020,14,10.482,102.429,1.08,668.7302062,0.843704268
2/23/2020 14:00,2020,2,23,2/23/2020,15,9.265,102.627,1.08,668.7577189,0.843738979
2/23/2020 15:00,2020,2,23,2/23/2020,16,12.014,102.746,1.09,668.7852546,0.84377372
2/23/2020 16:00,2020,2,23,2/23/2020,17,13.209,100.971,1.114,668.8128134,0.843808489
2/23/2020 17:00,2020,2,23,2/23/2020,18,12.675,102.718,1.104,668.8403953,0.843843288
2/23/2020 18:00,2020,2,23,2/23/2020,19,14.432,102.208,1.139,668.8680002,0.843878116
2/23/2020 19:00,2020,2,23,2/23/2020,20,16.61,101.466,1.182,604.7166795,0.762941525
2/23/2020 20:00,2020,2,23,2/23/2020,21,16.594,101.047,1.182,540.5653818,0.682004963
2/23/2020 21:00,2020,2,23,2/23/2020,22,17.421,101.733,1.198,540.5930558,0.682039878
2/23/2020 22:00,2020,2,23,2/23/2020,23,15.949,99.747,1.169,540.6207528,0.682074822
2/23/2020 23:00,2020,2,23,2/23/2020,24,16.392,99.023,1.178,501.6826825,0.632948559
2/24/2020 0:00,2020,2,24,2/24/2020,1,15.046,99.835,1.151,462.7446352,0.583822325
2/24/2020 1:00,2020,2,24,2/24/2020,2,13.258,100.999,1.115,462.7724012,0.583857356
2/24/2020 2:00,2020,2,24,2/24/2020,3,11.784,98.846,1.086,462.80019,0.583892416
2/24/2020 3:00,2020,2,24,2/24/2020,4,12.339,101.511,1.097,462.8280018,0.583927504
2/24/2020 4:00,2020,2,24,2/24/2020,5,9.57,99.663,1.08,462.8558365,0.583962622
2/24/2020 5:00,2020,2,24,2/24/2020,6,8.87,100.679,1.08,462.8836941,0.583997769
2/24/2020 6:00,2020,2,24,2/24/2020,7,8.567,99.778,1.08,462.9115746,0.584032944
2/24/2020 7:00,2020,2,24,2/24/2020,8,6.077,99.482,1.08,493.1498726,0.622183129
2/24/2020 8:00,2020,2,24,2/24/2020,9,5.989,102.292,1.08,566.1121431,0.714236065
2/24/2020 9:00,2020,2,24,2/24/2020,10,6.047,99.655,1.08,639.0744365,0.806289031
2/24/2020 10:00,2020,2,24,2/24/2020,11,7.154,99.771,1.08,669.312803,0.844439302
2/24/2020 11:00,2020,2,24,2/24/2020,12,8.805,100.518,1.08,669.3407977,0.844474621
2/24/2020 12:00,2020,2,24,2/24/2020,13,8.77,103.89,1.08,669.3688152,0.84450997
2/24/2020 13:00,2020,2,24,2/24/2020,14,9.687,103.932,1.08,669.3968555,0.844545347
2/24/2020 14:00,2020,2,24,2/24/2020,15,10.974,101.603,1.08,669.4249185,0.844580753
2/24/2020 15:00,2020,2,24,2/24/2020,16,13.559,101.484,1.121,669.4530043,0.844616187
2/24/2020 16:00,2020,2,24,2/24/2020,17,12.026,103.12,1.091,669.4811128,0.84465165
2/24/2020 17:00,2020,2,24,2/24/2020,18,14.769,102.214,1.145,669.5092441,0.844687142
2/24/2020 18:00,2020,2,24,2/24/2020,19,15.267,101.017,1.155,669.5373981,0.844722663
2/24/2020 19:00,2020,2,24,2/24/2020,20,16.783,102.662,1.186,605.3866261,0.763786764
2/24/2020 20:00,2020,2,24,2/24/2020,21,17.122,100.843,1.192,541.2358767,0.682850894
2/24/2020 21:00,2020,2,24,2/24/2020,22,17.508,101.044,1.2,541.2640988,0.6828865
2/24/2020 22:00,2020,2,24,2/24/2020,23,16.569,100.491,1.181,541.2923434,0.682922135
2/24/2020 23:00,2020,2,24,2/24/2020,24,15.959,98.754,1.169,502.3548205,0.633796563
2/25/2020 0:00,2020,2,25,2/25/2020,1,15.198,101.439,1.154,463.4173202,0.584671019
2/25/2020 1:00,2020,2,25,2/25/2020,2,14.93,99.059,1.149,463.4456327,0.584706739
2/25/2020 2:00,2020,2,25,2/25/2020,3,12.498,99.302,1.1,463.4739678,0.584742488
2/25/2020 3:00,2020,2,25,2/25/2020,4,12.032,99.076,1.091,463.5023256,0.584778266
2/25/2020 4:00,2020,2,25,2/25/2020,5,10.313,98.775,1.08,463.5307059,0.584814072
2/25/2020 5:00,2020,2,25,2/25/2020,6,9.456,101.258,1.08,463.5591087,0.584849906
2/25/2020 6:00,2020,2,25,2/25/2020,7,8.406,100.753,1.08,463.5875341,0.584885769
2/25/2020 7:00,2020,2,25,2/25/2020,8,8.217,98.319,1.08,493.8263766,0.623036641
2/25/2020 8:00,2020,2,25,2/25/2020,9,6.955,99.187,1.08,566.7891914,0.715090264
2/25/2020 9:00,2020,2,25,2/25/2020,10,6.8,100.538,1.08,639.7520286,0.807143915
2/25/2020 10:00,2020,2,25,2/25/2020,11,7.756,99.395,1.08,669.9909386,0.845294872
2/25/2020 11:00,2020,2,25,2/25/2020,12,6.548,98.648,1.08,670.0194764,0.845330877
2/25/2020 12:00,2020,2,25,2/25/2020,13,8.83,100.206,1.08,670.0480367,0.84536691
2/25/2020 13:00,2020,2,25,2/25/2020,14,9.771,100.14,1.08,670.0766195,0.845402972
2/25/2020 14:00,2020,2,25,2/25/2020,15,11.555,100.288,1.081,670.1052246,0.845439062
2/25/2020 15:00,2020,2,25,2/25/2020,16,11.917,99.289,1.088,670.1338521,0.84547518
2/25/2020 16:00,2020,2,25,2/25/2020,17,12.454,98.565,1.099,670.1625021,0.845511326
2/25/2020 17:00,2020,2,25,2/25/2020,18,15.749,101.58,1.165,670.1911744,0.8455475
2/25/2020 18:00,2020,2,25,2/25/2020,19,16.073,100.184,1.171,670.2198691,0.845583703
2/25/2020 19:00,2020,2,25,2/25/2020,20,16.473,100.02,1.179,606.0696374,0.764648486
2/25/2020 20:00,2020,2,25,2/25/2020,21,16.424,100.553,1.178,541.9194281,0.683713297
2/25/2020 21:00,2020,2,25,2/25/2020,22,17.429,99.816,1.199,541.9481898,0.683749585
2/25/2020 22:00,2020,2,25,2/25/2020,23,15.686,99.818,1.164,541.9769737,0.6837859
2/25/2020 23:00,2020,2,25,2/25/2020,24,15.73,100.117,1.165,503.0399897,0.634661007
2/26/2020 0:00,2020,2,26,2/26/2020,1,15.04,99.852,1.151,464.103028,0.585536143
2/26/2020 1:00,2020,2,26,2/26/2020,2,13.832,100.52,1.127,464.1318788,0.585572542
2/26/2020 2:00,2020,2,26,2/26/2020,3,14.409,99.273,1.138,464.1607518,0.58560897
2/26/2020 3:00,2020,2,26,2/26/2020,4,11.562,101.282,1.081,464.1896471,0.585645426
2/26/2020 4:00,2020,2,26,2/26/2020,5,9.948,99.58,1.08,464.2185645,0.58568191
2/26/2020 5:00,2020,2,26,2/26/2020,6,10.537,99.493,1.08,464.2475042,0.585718421
2/26/2020 6:00,2020,2,26,2/26/2020,7,8.774,101.88,1.08,464.2764661,0.585754961
2/26/2020 7:00,2020,2,26,2/26/2020,8,7.05,100.281,1.08,494.5158447,0.623906509
2/26/2020 8:00,2020,2,26,2/26/2020,9,6.941,101.576,1.08,567.4791952,0.715960808
2/26/2020 9:00,2020,2,26,2/26/2020,10,7.824,97.868,1.08,640.4425679,0.808015135
2/26/2020 10:00,2020,2,26,2/26/2020,11,7.182,100.766,1.08,670.6820129,0.846166767
2/26/2020 11:00,2020,2,26,2/26/2020,12,7.48,98.31,1.08,670.7110854,0.846203447
2/26/2020 12:00,2020,2,26,2/26/2020,13,8.339,99.013,1.08,670.7401801,0.846240154
2/26/2020 13:00,2020,2,26,2/26/2020,14,11.22,98.765,1.08,670.7692968,0.846276889
2/26/2020 14:00,2020,2,26,2/26/2020,15,12.086,100.034,1.092,670.7984356,0.846313652
2/26/2020 15:00,2020,2,26,2/26/2020,16,11.846,99.494,1.087,670.8275964,0.846350443
2/26/2020 16:00,2020,2,26,2/26/2020,17,12.908,99.58,1.108,670.8567792,0.846387261
2/26/2020 17:00,2020,2,26,2/26/2020,18,13.87,100.467,1.127,670.8859841,0.846424108
2/26/2020 18:00,2020,2,26,2/26/2020,19,13.863,100.617,1.127,670.915211,0.846460982
2/26/2020 19:00,2020,2,26,2/26/2020,20,15.104,100.316,1.152,606.7655112,0.765526436
2/26/2020 20:00,2020,2,26,2/26/2020,21,16.019,99.566,1.17,542.6158333,0.684591918
2/26/2020 21:00,2020,2,26,2/26/2020,22,16.31,101.149,1.176,542.6451261,0.684628875
2/26/2020 22:00,2020,2,26,2/26/2020,23,15.969,101.58,1.169,542.6744409,0.68466586
2/26/2020 23:00,2020,2,26,2/26/2020,24,14.811,98.585,1.146,503.7379873,0.635541637
2/27/2020 0:00,2020,2,27,2/27/2020,1,16.865,98.303,1.187,464.8015556,0.586417441
2/27/2020 1:00,2020,2,27,2/27/2020,2,15.548,99.826,1.161,464.8309361,0.586454509
2/27/2020 2:00,2020,2,27,2/27/2020,3,11.55,98.29,1.081,464.8603384,0.586491604
2/27/2020 3:00,2020,2,27,2/27/2020,4,13.351,99.371,1.117,464.8897627,0.586528727
2/27/2020 4:00,2020,2,27,2/27/2020,5,10.097,99.908,1.08,464.9192087,0.586565878
2/27/2020 5:00,2020,2,27,2/27/2020,6,10.322,101.033,1.08,464.9486766,0.586603056
2/27/2020 6:00,2020,2,27,2/27/2020,7,9.813,99.351,1.08,464.9781664,0.586640262
2/27/2020 7:00,2020,2,27,2/27/2020,8,7.393,100.088,1.08,495.2180725,0.624792476
2/27/2020 8:00,2020,2,27,2/27/2020,9,7.842,101.192,1.08,568.1819502,0.71684744
2/27/2020 9:00,2020,2,27,2/27/2020,10,8.67,102.871,1.08,641.1458497,0.808902431
2/27/2020 10:00,2020,2,27,2/27/2020,11,7.132,103.439,1.08,671.3858212,0.847054728
2/27/2020 11:00,2020,2,27,2/27/2020,12,7.897,103.919,1.08,671.4154198,0.847092071
2/27/2020 12:00,2020,2,27,2/27/2020,13,6.174,103.174,1.08,671.4450401,0.847129441
2/27/2020 13:00,2020,2,27,2/27/2020,14,9.304,101.608,1.08,671.4746822,0.847166839
2/27/2020 14:00,2020,2,27,2/27/2020,15,10.562,101.485,1.08,671.504346,0.847204265
2/27/2020 15:00,2020,2,27,2/27/2020,16,11.993,102.419,1.09,671.5340314,0.847241717
2/27/2020 16:00,2020,2,27,2/27/2020,17,12.479,101.872,1.1,671.5637386,0.847279197
2/27/2020 17:00,2020,2,27,2/27/2020,18,14.058,103.175,1.131,671.5934673,0.847316705
2/27/2020 18:00,2020,2,27,2/27/2020,19,15.513,101.94,1.16,671.6232178,0.847354239
2/27/2020 19:00,2020,2,27,2/27/2020,20,16.155,101.661,1.173,607.4740411,0.766420354
2/27/2020 20:00,2020,2,27,2/27/2020,21,17.74,97.902,1.205,543.3248861,0.685486495
2/27/2020 21:00,2020,2,27,2/27/2020,22,14.831,99.918,1.147,543.3547013,0.685524112
2/27/2020 22:00,2020,2,27,2/27/2020,23,15.466,100.508,1.159,543.3845381,0.685561755
2/27/2020 23:00,2020,2,27,2/27/2020,24,15.722,100.417,1.164,504.4486063,0.63643819
2/28/2020 0:00,2020,2,28,2/28/2020,1,16.773,99.59,1.185,465.5126959,0.587314652
2/28/2020 1:00,2020,2,28,2/28/2020,2,14.72,100.043,1.144,465.5425974,0.587352377
2/28/2020 2:00,2020,2,28,2/28/2020,3,13.511,101.029,1.12,465.5725204,0.58739013
2/28/2020 3:00,2020,2,28,2/28/2020,4,10.878,99.854,1.08,465.6024648,0.587427909
2/28/2020 4:00,2020,2,28,2/28/2020,5,10.971,97.811,1.08,465.6324308,0.587465716
2/28/2020 5:00,2020,2,28,2/28/2020,6,10.255,101.196,1.08,465.6624182,0.587503549
2/28/2020 6:00,2020,2,28,2/28/2020,7,8.666,99.57,1.08,465.6924271,0.58754141
2/28/2020 7:00,2020,2,28,2/28/2020,8,7.623,100.484,1.08,495.9328521,0.625694279
2/28/2020 8:00,2020,2,28,2/28/2020,9,5.893,103.767,1.08,568.8972482,0.717749897
2/28/2020 9:00,2020,2,28,2/28/2020,10,6.318,100.282,1.08,641.8616657,0.809805542
2/28/2020 10:00,2020,2,28,2/28/2020,11,9.213,102.17,1.08,672.1021548,0.847958491
2/28/2020 11:00,2020,2,28,2/28/2020,12,8.919,101.676,1.08,672.1322708,0.847996487
2/28/2020 12:00,2020,2,28,2/28/2020,13,7.153,102.642,1.08,672.1624081,0.84803451
2/28/2020 13:00,2020,2,28,2/28/2020,14,9.37,102.527,1.08,672.1925667,0.848072559
2/28/2020 14:00,2020,2,28,2/28/2020,15,9.871,102.151,1.08,672.2227467,0.848110636
2/28/2020 15:00,2020,2,28,2/28/2020,16,11.502,100.467,1.08,672.252948,0.848148739
2/28/2020 16:00,2020,2,28,2/28/2020,17,12.312,101.586,1.096,672.2831706,0.84818687
2/28/2020 17:00,2020,2,28,2/28/2020,18,15.187,102.639,1.154,672.3134144,0.848225027
2/28/2020 18:00,2020,2,28,2/28/2020,19,15.385,101.817,1.158,672.3436796,0.848263211
2/28/2020 19:00,2020,2,28,2/28/2020,20,16.762,101.752,1.185,608.1950173,0.767329974
2/28/2020 20:00,2020,2,28,2/28/2020,21,16.778,98.837,1.186,544.0463762,0.686396764
2/28/2020 21:00,2020,2,28,2/28/2020,22,16.214,99.781,1.174,544.0767051,0.686435029
2/28/2020 22:00,2020,2,28,2/28/2020,23,16.118,98.397,1.172,544.1070551,0.68647332
2/28/2020 23:00,2020,2,28,2/28/2020,24,15.51,100.387,1.16,505.1716361,0.637350402
3/1/2020 0:00,2020,3,1,3/1/2020,1,16.702,99.299,1.184,486.8669464,0.614256268
3/1/2020 1:00,2020,3,1,3/1/2020,2,15.611,99.973,1.162,486.89736,0.614294639
3/1/2020 2:00,2020,3,1,3/1/2020,3,15.582,101.532,1.162,486.9277947,0.614333037
3/1/2020 3:00,2020,3,1,3/1/2020,4,12.861,99.058,1.107,486.9582506,0.614371462
3/1/2020 4:00,2020,3,1,3/1/2020,5,11.914,99.88,1.088,486.9887276,0.614409913
3/1/2020 5:00,2020,3,1,3/1/2020,6,11.563,100.274,1.081,487.0192256,0.614448391
3/1/2020 6:00,2020,3,1,3/1/2020,7,9.809,99.235,1.08,487.0497448,0.614486896
3/1/2020 7:00,2020,3,1,3/1/2020,8,7.176,99.122,1.08,519.7626501,0.655759172
3/1/2020 8:00,2020,3,1,3/1/2020,9,7.423,101.648,1.08,598.6954204,0.755344796
3/1/2020 9:00,2020,3,1,3/1/2020,10,8.413,101.06,1.08,677.6282117,0.854930447
3/1/2020 10:00,2020,3,1,3/1/2020,11,8.285,101.172,1.08,710.3411801,0.896202803
3/1/2020 11:00,2020,3,1,3/1/2020,12,8.55,100.932,1.08,710.3718044,0.89624144
3/1/2020 12:00,2020,3,1,3/1/2020,13,9.818,102.794,1.08,710.4024497,0.896280104
3/1/2020 13:00,2020,3,1,3/1/2020,14,11.217,101.12,1.08,710.433116,0.896318794
3/1/2020 14:00,2020,3,1,3/1/2020,15,12.481,101.638,1.1,710.4638032,0.896357511
3/1/2020 15:00,2020,3,1,3/1/2020,16,12.386,100.977,1.098,710.4945114,0.896396254
3/1/2020 16:00,2020,3,1,3/1/2020,17,13.891,100.928,1.128,710.5252405,0.896435023
3/1/2020 17:00,2020,3,1,3/1/2020,18,16.936,102.451,1.189,710.5559905,0.896473819
3/1/2020 18:00,2020,3,1,3/1/2020,19,17.495,102.715,1.2,710.5867614,0.896512641
3/1/2020 19:00,2020,3,1,3/1/2020,20,18.39,102.04,1.211,641.1871515,0.80895454
3/1/2020 20:00,2020,3,1,3/1/2020,21,18.09,100.303,1.21,571.7875625,0.721396465
3/1/2020 21:00,2020,3,1,3/1/2020,22,18.789,99.128,1.212,571.8183959,0.721435366
3/1/2020 22:00,2020,3,1,3/1/2020,23,19.189,101.717,1.213,571.8492502,0.721474293
3/1/2020 23:00,2020,3,1,3/1/2020,24,17.554,101.181,1.201,529.7259529,0.668329385
3/2/2020 0:00,2020,3,2,3/2/2020,1,15.81,99.872,1.166,487.6026764,0.615184502
3/2/2020 1:00,2020,3,2,3/2/2020,2,16.713,99.625,1.184,487.6335931,0.615223508
3/2/2020 2:00,2020,3,2,3/2/2020,3,14.386,101.622,1.138,487.6645306,0.615262541
3/2/2020 3:00,2020,3,2,3/2/2020,4,12.872,99.882,1.107,487.6954888,0.615301599
3/2/2020 4:00,2020,3,2,3/2/2020,5,12.978,98.147,1.11,487.7264677,0.615340684
3/2/2020 5:00,2020,3,2,3/2/2020,6,10.32,99.3,1.08,487.7574674,0.615379795
3/2/2020 6:00,2020,3,2,3/2/2020,7,9.682,100.927,1.08,487.7884877,0.615418931
3/2/2020 7:00,2020,3,2,3/2/2020,8,10.307,100.581,1.08,520.5018939,0.65669184
3/2/2020 8:00,2020,3,2,3/2/2020,9,7.415,102.64,1.08,599.4351646,0.756278095
3/2/2020 9:00,2020,3,2,3/2/2020,10,8.835,102.774,1.08,678.368456,0.855864377
3/2/2020 10:00,2020,3,2,3/2/2020,11,8.316,102.196,1.08,711.0819241,0.897137364
3/2/2020 11:00,2020,3,2,3/2/2020,12,8.562,103.321,1.08,711.1130477,0.897176631
3/2/2020 12:00,2020,3,2,3/2/2020,13,9.422,101.132,1.08,711.144192,0.897215924
3/2/2020 13:00,2020,3,2,3/2/2020,14,9.284,101.129,1.08,711.1753568,0.897255243
3/2/2020 14:00,2020,3,2,3/2/2020,15,11.861,100.22,1.087,711.2065422,0.897294588
3/2/2020 15:00,2020,3,2,3/2/2020,16,11.431,102.754,1.08,711.2377481,0.897333959
3/2/2020 16:00,2020,3,2,3/2/2020,17,14.888,102.452,1.148,711.2689746,0.897373356
3/2/2020 17:00,2020,3,2,3/2/2020,18,16.023,101.1,1.17,711.3002217,0.897412779
3/2/2020 18:00,2020,3,2,3/2/2020,19,17.587,101.987,1.202,711.3314892,0.897452228
3/2/2020 19:00,2020,3,2,3/2/2020,20,17.879,102.222,1.208,641.9323756,0.809894753
3/2/2020 20:00,2020,3,2,3/2/2020,21,18.65,99.835,1.211,572.5332824,0.722337303
3/2/2020 21:00,2020,3,2,3/2/2020,22,19.53,100.669,1.213,572.5646114,0.72237683
3/2/2020 22:00,2020,3,2,3/2/2020,23,18.247,101.263,1.211,572.5959608,0.722416382
3/2/2020 23:00,2020,3,2,3/2/2020,24,17.136,100.339,1.193,530.4731582,0.669272097
3/3/2020 0:00,2020,3,3,3/3/2020,1,16.569,100.252,1.181,488.350376,0.616127838
3/3/2020 1:00,2020,3,3,3/3/2020,2,16.366,99.858,1.177,488.3817866,0.616167468
3/3/2020 2:00,2020,3,3,3/3/2020,3,14.129,100.437,1.133,488.4132177,0.616207123
3/3/2020 3:00,2020,3,3,3/3/2020,4,12.827,100.176,1.107,488.4446691,0.616246803
3/3/2020 4:00,2020,3,3,3/3/2020,5,13.248,97.052,1.115,488.4761408,0.61628651
3/3/2020 5:00,2020,3,3,3/3/2020,6,9.961,99.896,1.08,488.5076329,0.616326242
3/3/2020 6:00,2020,3,3,3/3/2020,7,10.176,100.712,1.08,488.5391453,0.616365999
3/3/2020 7:00,2020,3,3,3/3/2020,8,8.907,98.492,1.08,521.253043,0.657639528
3/3/2020 8:00,2020,3,3,3/3/2020,9,7.944,101.531,1.08,600.186805,0.757226403
3/3/2020 9:00,2020,3,3,3/3/2020,10,9.911,101.14,1.08,679.1205873,0.856813305
3/3/2020 10:00,2020,3,3,3/3/2020,11,8.877,103.197,1.08,711.8345458,0.89808691
3/3/2020 11:00,2020,3,3,3/3/2020,12,8.906,100.89,1.08,711.8661596,0.898126795
3/3/2020 12:00,2020,3,3,3/3/2020,13,9.701,102.592,1.08,711.8977935,0.898166706
3/3/2020 13:00,2020,3,3,3/3/2020,14,11.981,100.303,1.09,711.9294476,0.898206643
3/3/2020 14:00,2020,3,3,3/3/2020,15,12.684,101.97,1.104,711.961122,0.898246605
3/3/2020 15:00,2020,3,3,3/3/2020,16,13.394,103.076,1.118,711.9928165,0.898286592
3/3/2020 16:00,2020,3,3,3/3/2020,17,13.721,101.928,1.124,712.0245311,0.898326605
3/3/2020 17:00,2020,3,3,3/3/2020,18,15.52,102.843,1.16,712.0562659,0.898366643
3/3/2020 18:00,2020,3,3,3/3/2020,19,17.369,102.142,1.197,712.0880208,0.898406707
3/3/2020 19:00,2020,3,3,3/3/2020,20,18.571,104.467,1.211,642.6893941,0.810849846
3/3/2020 20:00,2020,3,3,3/3/2020,21,19.266,100.758,1.213,573.2907876,0.723293011
3/3/2020 21:00,2020,3,3,3/3/2020,22,17.969,100.245,1.209,573.3226027,0.72333315
3/3/2020 22:00,2020,3,3,3/3/2020,23,18.958,99.176,1.212,573.354438,0.723373315
3/3/2020 23:00,2020,3,3,3/3/2020,24,16.969,100.535,1.189,531.2321208,0.670229643
3/4/2020 0:00,2020,3,4,3/4/2020,1,16.604,100.067,1.182,489.1098236,0.617085997
3/4/2020 1:00,2020,3,4,3/4/2020,2,16.687,99.638,1.184,489.1417189,0.617126237
3/4/2020 2:00,2020,3,4,3/4/2020,3,14.21,100.998,1.134,489.1736342,0.617166503
3/4/2020 3:00,2020,3,4,3/4/2020,4,14.463,99.84,1.139,489.2055695,0.617206794
3/4/2020 4:00,2020,3,4,3/4/2020,5,12.105,100.418,1.092,489.2375247,0.617247111
3/4/2020 5:00,2020,3,4,3/4/2020,6,9.83,101.275,1.08,489.2694998,0.617287452
3/4/2020 6:00,2020,3,4,3/4/2020,7,9.036,100.129,1.08,489.3014949,0.617327819
3/4/2020 7:00,2020,3,4,3/4/2020,8,8.72,101.047,1.08,522.0158749,0.658601956
3/4/2020 8:00,2020,3,4,3/4/2020,9,7.527,102.23,1.08,600.9501188,0.758189439
3/4/2020 9:00,2020,3,4,3/4/2020,10,8.807,100.839,1.08,679.8843826,0.857776948
3/4/2020 10:00,2020,3,4,3/4/2020,11,8.597,98.381,1.08,712.5988223,0.89905116
3/4/2020 11:00,2020,3,4,3/4/2020,12,9.118,100.294,1.08,712.6309167,0.899091652
3/4/2020 12:00,2020,3,4,3/4/2020,13,10.972,99.168,1.08,712.663031,0.899132169
3/4/2020 13:00,2020,3,4,3/4/2020,14,11.212,97.363,1.08,712.6951651,0.899172711
3/4/2020 14:00,2020,3,4,3/4/2020,15,12.333,99.595,1.097,712.7273189,0.899213278
3/4/2020 15:00,2020,3,4,3/4/2020,16,12.963,100.32,1.109,712.7594926,0.89925387
3/4/2020 16:00,2020,3,4,3/4/2020,17,15.146,101.784,1.153,712.791686,0.899294487
3/4/2020 17:00,2020,3,4,3/4/2020,18,15.881,99.579,1.168,712.8238991,0.899335129
3/4/2020 18:00,2020,3,4,3/4/2020,19,17.513,100.397,1.2,712.856132,0.899375795
3/4/2020 19:00,2020,3,4,3/4/2020,20,18.08,101.548,1.21,643.4579829,0.811819537
3/4/2020 20:00,2020,3,4,3/4/2020,21,18.6,99.528,1.211,574.0598535,0.724263304
3/4/2020 21:00,2020,3,4,3/4/2020,22,18.828,99.451,1.212,574.0921455,0.724304045
3/4/2020 22:00,2020,3,4,3/4/2020,23,18.202,99.954,1.21,574.1244571,0.724344811
3/4/2020 23:00,2020,3,4,3/4/2020,24,17.249,99.292,1.195,532.0026159,0.671201739
3/5/2020 0:00,2020,3,5,3/5/2020,1,17.685,98.079,1.204,489.8807943,0.618058693
3/5/2020 1:00,2020,3,5,3/5/2020,2,15.709,101.091,1.164,489.9131648,0.618099533
3/5/2020 2:00,2020,3,5,3/5/2020,3,15.419,102.045,1.158,489.9455549,0.618140398
3/5/2020 3:00,2020,3,5,3/5/2020,4,13.13,99.968,1.113,489.9779645,0.618181287
3/5/2020 4:00,2020,3,5,3/5/2020,5,11.653,100.739,1.083,490.0103937,0.618222202
3/5/2020 5:00,2020,3,5,3/5/2020,6,11.21,98.437,1.08,490.0428425,0.618263141
3/5/2020 6:00,2020,3,5,3/5/2020,7,9.206,101.778,1.08,490.0753107,0.618304104
3/5/2020 7:00,2020,3,5,3/5/2020,8,8.388,100.74,1.08,522.7901636,0.659578838
3/5/2020 8:00,2020,3,5,3/5/2020,9,8.783,99.014,1.08,601.7248799,0.759166918
3/5/2020 9:00,2020,3,5,3/5/2020,10,7.058,99.083,1.08,680.6596157,0.858755022
3/5/2020 10:00,2020,3,5,3/5/2020,11,8.111,100.246,1.08,713.374527,0.900029829
3/5/2020 11:00,2020,3,5,3/5/2020,12,8.564,100.486,1.08,713.4070926,0.900070915
3/5/2020 12:00,2020,3,5,3/5/2020,13,8.583,99.58,1.08,713.4396777,0.900112026
3/5/2020 13:00,2020,3,5,3/5/2020,14,11.183,101.866,1.08,713.4722822,0.900153162
3/5/2020 14:00,2020,3,5,3/5/2020,15,12.736,101.002,1.105,713.5049061,0.900194322
3/5/2020 15:00,2020,3,5,3/5/2020,16,12.927,101.093,1.109,713.5375493,0.900235506
3/5/2020 16:00,2020,3,5,3/5/2020,17,14.995,100.478,1.15,713.5702119,0.900276715
3/5/2020 17:00,2020,3,5,3/5/2020,18,16.068,101.45,1.171,713.6028939,0.900317948
3/5/2020 18:00,2020,3,5,3/5/2020,19,17.185,99.712,1.194,713.6355952,0.900359206
3/5/2020 19:00,2020,3,5,3/5/2020,20,18.561,101.115,1.211,644.2379141,0.812803538
3/5/2020 20:00,2020,3,5,3/5/2020,21,19.075,101.596,1.212,574.8402523,0.725247895
3/5/2020 21:00,2020,3,5,3/5/2020,22,17.806,101,1.206,574.8730115,0.725289225
3/5/2020 22:00,2020,3,5,3/5/2020,23,18.667,100.329,1.211,574.9057899,0.72533058
3/5/2020 23:00,2020,3,5,3/5/2020,24,17.906,99.425,1.208,532.7844151,0.672188097
3/6/2020 0:00,2020,3,6,3/6/2020,1,18.11,100.109,1.21,490.6630595,0.619045638
3/6/2020 1:00,2020,3,6,3/6/2020,2,15.958,98.982,1.169,490.6958956,0.619087066
3/6/2020 2:00,2020,3,6,3/6/2020,3,14.758,98.705,1.145,490.7287509,0.619128518
3/6/2020 3:00,2020,3,6,3/6/2020,4,13.104,100.609,1.112,490.7616253,0.619169994
3/6/2020 4:00,2020,3,6,3/6/2020,5,11.775,100.235,1.086,490.7945189,0.619211494
3/6/2020 5:00,2020,3,6,3/6/2020,6,8.602,98.827,1.08,490.8274316,0.619253019
3/6/2020 6:00,2020,3,6,3/6/2020,7,9.698,100.328,1.08,490.8603635,0.619294567
3/6/2020 7:00,2020,3,6,3/6/2020,8,8.094,101.463,1.08,523.5756795,0.660569885
3/6/2020 8:00,2020,3,6,3/6/2020,9,7.911,102.086,1.08,602.5108586,0.760158549
3/6/2020 9:00,2020,3,6,3/6/2020,10,10.42,103.218,1.08,681.4460568,0.859747236
3/6/2020 10:00,2020,3,6,3/6/2020,11,7.919,100.642,1.08,714.16143,0.901022626
3/6/2020 11:00,2020,3,6,3/6/2020,12,9.689,101.908,1.08,714.1944572,0.901064295
3/6/2020 12:00,2020,3,6,3/6/2020,13,9.27,102.873,1.08,714.2275035,0.901105988
3/6/2020 13:00,2020,3,6,3/6/2020,14,9.24,103.08,1.08,714.2605687,0.901147704
3/6/2020 14:00,2020,3,6,3/6/2020,15,11.565,102.257,1.081,714.2936529,0.901189445
3/6/2020 15:00,2020,3,6,3/6/2020,16,14.131,101.436,1.133,714.3267561,0.90123121
3/6/2020 16:00,2020,3,6,3/6/2020,17,14.53,102.896,1.141,714.3598783,0.901272999
3/6/2020 17:00,2020,3,6,3/6/2020,18,16.214,102.651,1.174,714.3930194,0.901314811
3/6/2020 18:00,2020,3,6,3/6/2020,19,17.467,102.345,1.199,714.4261794,0.901356647
3/6/2020 19:00,2020,3,6,3/6/2020,20,18.209,100.78,1.21,645.0289566,0.813801558
3/6/2020 20:00,2020,3,6,3/6/2020,21,19.52,98.889,1.213,575.6317527,0.726246492
3/6/2020 21:00,2020,3,6,3/6/2020,22,18.83,101.029,1.212,575.6649694,0.7262884
3/6/2020 22:00,2020,3,6,3/6/2020,23,19.216,99.526,1.213,575.6982049,0.726330332
3/6/2020 23:00,2020,3,6,3/6/2020,24,19.014,101.624,1.212,533.5772868,0.673188425
3/7/2020 0:00,2020,3,7,3/7/2020,1,17.762,98.288,1.205,491.4563875,0.620046542
3/7/2020 1:00,2020,3,7,3/7/2020,2,14.79,99.874,1.146,491.4896794,0.620088544
3/7/2020 2:00,2020,3,7,3/7/2020,3,14.583,99.703,1.142,491.5229902,0.620130571
3/7/2020 3:00,2020,3,7,3/7/2020,4,13.457,99.473,1.119,491.5563197,0.620172621
3/7/2020 4:00,2020,3,7,3/7/2020,5,11.176,100.989,1.08,491.5896679,0.620214695
3/7/2020 5:00,2020,3,7,3/7/2020,6,11.102,100.127,1.08,491.6230349,0.620256792
3/7/2020 6:00,2020,3,7,3/7/2020,7,8.558,98.872,1.08,491.6564206,0.620298914
3/7/2020 7:00,2020,3,7,3/7/2020,8,10.172,102.023,1.08,524.37219,0.661574803
3/7/2020 8:00,2020,3,7,3/7/2020,9,6.921,102.516,1.08,603.3078221,0.761164038
3/7/2020 9:00,2020,3,7,3/7/2020,10,8.161,102.504,1.08,682.2434728,0.860753297
3/7/2020 10:00,2020,3,7,3/7/2020,11,5.966,100.346,1.08,714.9592983,0.902029257
3/7/2020 11:00,2020,3,7,3/7/2020,12,9.402,100.943,1.08,714.9927773,0.902071496
3/7/2020 12:00,2020,3,7,3/7/2020,13,8.898,104.059,1.08,715.0262749,0.902113759
3/7/2020 13:00,2020,3,7,3/7/2020,14,10.966,103.396,1.08,715.0597911,0.902156044
3/7/2020 14:00,2020,3,7,3/7/2020,15,10.576,100.549,1.08,715.0933258,0.902198354
3/7/2020 15:00,2020,3,7,3/7/2020,16,12.844,102.371,1.107,715.1268791,0.902240686
3/7/2020 16:00,2020,3,7,3/7/2020,17,15.55,102.353,1.161,715.160451,0.902283042
3/7/2020 17:00,2020,3,7,3/7/2020,18,16.134,102.336,1.173,715.1940414,0.902325421
3/7/2020 18:00,2020,3,7,3/7/2020,19,16.615,100.049,1.182,715.2276503,0.902367824
3/7/2020 19:00,2020,3,7,3/7/2020,20,18.551,103.14,1.211,645.830876,0.814813301
3/7/2020 20:00,2020,3,7,3/7/2020,21,18.252,101.163,1.211,576.4341202,0.7272588
3/7/2020 21:00,2020,3,7,3/7/2020,22,19.819,98.069,1.214,576.4677845,0.727301273
3/7/2020 22:00,2020,3,7,3/7/2020,23,19.095,98.681,1.212,576.5014673,0.727343769
3/7/2020 23:00,2020,3,7,3/7/2020,24,19.205,98.6,1.213,534.380996,0.674202426
3/8/2020 0:00,2020,3,8,3/8/2020,1,16.636,99.268,1.183,492.2605431,0.621061106
3/8/2020 1:00,2020,3,8,3/8/2020,2,18.268,100.957,1.211,492.2942811,0.621103671
3/8/2020 2:00,2020,3,8,3/8/2020,3,13.868,98.786,1.127,492.3280374,0.62114626
3/8/2020 3:00,2020,3,8,3/8/2020,4,11.846,98.491,1.087,492.3618121,0.621188872
3/8/2020 4:00,2020,3,8,3/8/2020,5,13.351,100.787,1.117,492.3956051,0.621231507
3/8/2020 5:00,2020,3,8,3/8/2020,6,10.919,97.609,1.08,492.4294164,0.621274165
3/8/2020 6:00,2020,3,8,3/8/2020,7,8.861,100.927,1.08,492.463246,0.621316846
3/8/2020 7:00,2020,3,8,3/8/2020,8,10.78,101.061,1.08,525.179459,0.662593295
3/8/2020 8:00,2020,3,8,3/8/2020,9,7.757,102.098,1.08,604.1155342,0.762183089
3/8/2020 9:00,2020,3,8,3/8/2020,10,8.097,101.538,1.08,683.0516276,0.861772906
3/8/2020 10:00,2020,3,8,3/8/2020,11,8.738,102.275,1.08,715.7678953,0.903049425
3/8/2020 11:00,2020,3,8,3/8/2020,12,8.002,103.088,1.08,715.8018161,0.903092221
3/8/2020 12:00,2020,3,8,3/8/2020,13,10.168,102.061,1.08,715.8357552,0.90313504
3/8/2020 13:00,2020,3,8,3/8/2020,14,10.078,103.082,1.08,715.8697124,0.903177883
3/8/2020 14:00,2020,3,8,3/8/2020,15,11.298,103.637,1.08,715.9036878,0.903220748
3/8/2020 15:00,2020,3,8,3/8/2020,16,14.607,102.642,1.142,715.9376813,0.903263636
3/8/2020 16:00,2020,3,8,3/8/2020,17,15.961,102.268,1.169,715.9716929,0.903306546
3/8/2020 17:00,2020,3,8,3/8/2020,18,16.084,102.997,1.172,716.0057227,0.90334948
3/8/2020 18:00,2020,3,8,3/8/2020,19,16.24,102.205,1.175,716.0397705,0.903392437
3/8/2020 19:00,2020,3,8,3/8/2020,20,16.43,103.708,1.179,646.6434347,0.815838466
3/8/2020 20:00,2020,3,8,3/8/2020,21,18.323,100.19,1.211,577.247117,0.728284519
3/8/2020 21:00,2020,3,8,3/8/2020,22,19.082,101.428,1.212,577.281219,0.728327543
3/8/2020 22:00,2020,3,8,3/8/2020,23,18.597,99.439,1.211,577.315339,0.728370591
3/8/2020 23:00,2020,3,8,3/8/2020,24,17.426,99.317,1.199,535.1953046,0.675229799
3/9/2020 0:00,2020,3,9,3/9/2020,1,18.252,99.116,1.211,493.0752882,0.62208903
3/9/2020 1:00,2020,3,9,3/9/2020,2,16.584,101.292,1.182,493.1094621,0.622132145
3/9/2020 2:00,2020,3,9,3/9/2020,3,14.888,99.685,1.148,493.143654,0.622175283
3/9/2020 3:00,2020,3,9,3/9/2020,4,12.968,98.958,1.109,493.1778639,0.622218444
3/9/2020 4:00,2020,3,9,3/9/2020,5,11.257,101.21,1.08,493.2120916,0.622261628
3/9/2020 5:00,2020,3,9,3/9/2020,6,10.549,101.59,1.08,493.2463373,0.622304834
3/9/2020 6:00,2020,3,9,3/9/2020,7,8.352,100.942,1.08,493.2806008,0.622348063
3/9/2020 7:00,2020,3,9,3/9/2020,8,10.036,102.092,1.08,525.9972472,0.663625059
3/9/2020 8:00,2020,3,9,3/9/2020,9,7.928,102.357,1.08,604.9337555,0.763215399
3/9/2020 9:00,2020,3,9,3/9/2020,10,8.179,102.23,1.08,683.8702816,0.862805762
3/9/2020 10:00,2020,3,9,3/9/2020,11,6.748,101.014,1.08,716.5869815,0.904082826
3/9/2020 11:00,2020,3,9,3/9/2020,12,9.145,100.839,1.08,716.6213341,0.904126167
3/9/2020 12:00,2020,3,9,3/9/2020,13,10.339,101.998,1.08,716.6557046,0.904169531
3/9/2020 13:00,2020,3,9,3/9/2020,14,12.351,102.066,1.097,716.6900927,0.904212916
3/9/2020 14:00,2020,3,9,3/9/2020,15,13.078,101.376,1.112,716.7244986,0.904256325
3/9/2020 15:00,2020,3,9,3/9/2020,16,13.585,101.079,1.122,716.7589223,0.904299755
3/9/2020 16:00,2020,3,9,3/9/2020,17,14.429,100.594,1.139,716.7933636,0.904343208
3/9/2020 17:00,2020,3,9,3/9/2020,18,15.667,101.645,1.163,716.8278226,0.904386683
3/9/2020 18:00,2020,3,9,3/9/2020,19,17.411,101.609,1.198,716.8622993,0.904430181
3/9/2020 19:00,2020,3,9,3/9/2020,20,17.371,100.362,1.197,647.4663919,0.816876751
3/9/2020 20:00,2020,3,9,3/9/2020,21,17.742,98.576,1.205,578.0705022,0.729323344
3/9/2020 21:00,2020,3,9,3/9/2020,22,18.685,100.215,1.212,578.1050318,0.729366908
3/9/2020 22:00,2020,3,9,3/9/2020,23,18.203,99.057,1.21,578.139579,0.729410494
3/9/2020 23:00,2020,3,9,3/9/2020,24,18.565,100.414,1.211,536.0199713,0.676270241
3/10/2020 0:00,2020,3,10,3/10/2020,1,16.136,99.826,1.173,493.9003811,0.623130009
3/10/2020 1:00,2020,3,10,3/10/2020,2,15.336,100.386,1.157,493.934981,0.623173662
3/10/2020 2:00,2020,3,10,3/10/2020,3,14.811,99.143,1.146,493.9695983,0.623217337
3/10/2020 3:00,2020,3,10,3/10/2020,4,12.667,98.448,1.103,494.0042332,0.623261034
3/10/2020 4:00,2020,3,10,3/10/2020,5,11.726,99.818,1.085,494.0388856,0.623304753
3/10/2020 5:00,2020,3,10,3/10/2020,6,9.74,101.407,1.08,494.0735554,0.623348495
3/10/2020 6:00,2020,3,10,3/10/2020,7,9.006,99.874,1.08,494.1082427,0.623392258
3/10/2020 7:00,2020,3,10,3/10/2020,8,9.722,101.68,1.08,526.8253125,0.664669788
3/10/2020 8:00,2020,3,10,3/10/2020,9,9.284,104.147,1.08,605.7622436,0.764260662
3/10/2020 9:00,2020,3,10,3/10/2020,10,7.93,101.493,1.08,684.6991922,0.863851558
3/10/2020 10:00,2020,3,10,3/10/2020,11,9.296,101.087,1.08,717.4163141,0.905129155
3/10/2020 11:00,2020,3,10,3/10/2020,12,8.661,102.698,1.08,717.4510884,0.905173028
3/10/2020 12:00,2020,3,10,3/10/2020,13,9.023,100.865,1.08,717.48588,0.905216922
3/10/2020 13:00,2020,3,10,3/10/2020,14,11.813,102.125,1.086,717.520689,0.905260839
3/10/2020 14:00,2020,3,10,3/10/2020,15,14.355,101.193,1.137,717.5555152,0.905304778
3/10/2020 15:00,2020,3,10,3/10/2020,16,15.819,101.032,1.166,717.5903588,0.905348738
3/10/2020 16:00,2020,3,10,3/10/2020,17,16.388,102.468,1.178,717.6252196,0.90539272
3/10/2020 17:00,2020,3,10,3/10/2020,18,14.722,103.43,1.144,717.6600976,0.905436724
3/10/2020 18:00,2020,3,10,3/10/2020,19,18.14,102.641,1.21,717.694993,0.90548075
3/10/2020 19:00,2020,3,10,3/10/2020,20,18.802,100.345,1.212,648.2995038,0.817927848
3/10/2020 20:00,2020,3,10,3/10/2020,21,17.949,99.366,1.209,578.9040319,0.730374967
3/10/2020 21:00,2020,3,10,3/10/2020,22,19.413,99.615,1.213,578.9389788,0.730419058
3/10/2020 22:00,2020,3,10,3/10/2020,23,19.034,101.452,1.212,578.9739429,0.730463171
3/10/2020 23:00,2020,3,10,3/10/2020,24,16.632,97.863,1.183,536.8547517,0.677323442
3/11/2020 0:00,2020,3,11,3/11/2020,1,16.584,100.988,1.182,494.7355776,0.624183736
3/11/2020 1:00,2020,3,11,3/11/2020,2,15.205,100.142,1.154,494.7705931,0.624227913
3/11/2020 2:00,2020,3,11,3/11/2020,3,16.348,98.689,1.177,494.8056256,0.624272112
3/11/2020 3:00,2020,3,11,3/11/2020,4,15.293,99.584,1.156,494.8406752,0.624316332
3/11/2020 4:00,2020,3,11,3/11/2020,5,13.111,98.7,1.112,494.8757419,0.624360574
3/11/2020 5:00,2020,3,11,3/11/2020,6,12.61,99.263,1.102,494.9108257,0.624404838
3/11/2020 6:00,2020,3,11,3/11/2020,7,9.838,100.113,1.08,494.9459264,0.624449123
3/11/2020 7:00,2020,3,11,3/11/2020,8,9.13,99.664,1.08,527.6634093,0.665727174
3/11/2020 8:00,2020,3,11,3/11/2020,9,8.286,100.435,1.08,606.600753,0.765318569
3/11/2020 9:00,2020,3,11,3/11/2020,10,7.97,98.025,1.08,685.5381138,0.864909985
3/11/2020 10:00,2020,3,11,3/11/2020,11,9.018,99.276,1.08,718.2556475,0.9061881
3/11/2020 11:00,2020,3,11,3/11/2020,12,7.342,99.517,1.08,718.2908331,0.906232492
3/11/2020 12:00,2020,3,11,3/11/2020,13,8.26,99.732,1.08,718.3260356,0.906276906
3/11/2020 13:00,2020,3,11,3/11/2020,14,10.449,99.39,1.08,718.361255,0.90632134
3/11/2020 14:00,2020,3,11,3/11/2020,15,11.401,99.881,1.08,718.3964913,0.906365796
3/11/2020 15:00,2020,3,11,3/11/2020,16,11.779,100.423,1.086,718.4317444,0.906410273
3/11/2020 16:00,2020,3,11,3/11/2020,17,16.044,98.453,1.171,718.4670144,0.906454772
3/11/2020 17:00,2020,3,11,3/11/2020,18,18.097,101.324,1.21,718.5023012,0.906499291
3/11/2020 18:00,2020,3,11,3/11/2020,19,18.157,100.131,1.21,718.5376047,0.906543832
3/11/2020 19:00,2020,3,11,3/11/2020,20,17.884,97.479,1.208,649.1425235,0.818991445
3/11/2020 20:00,2020,3,11,3/11/2020,21,19.005,101.953,1.212,579.747459,0.731439078
3/11/2020 21:00,2020,3,11,3/11/2020,22,18.855,98.323,1.212,579.7828129,0.731483682
3/11/2020 22:00,2020,3,11,3/11/2020,23,18.327,101.854,1.211,579.8181835,0.731528308
3/11/2020 23:00,2020,3,11,3/11/2020,24,16.789,100.524,1.186,537.6993984,0.678389092
3/12/2020 0:00,2020,3,12,3/12/2020,1,16.853,100.775,1.187,495.58063,0.625249897
3/12/2020 1:00,2020,3,12,3/12/2020,2,16.334,101.31,1.177,495.6160507,0.625294586
3/12/2020 2:00,2020,3,12,3/12/2020,3,14.271,100.89,1.135,495.6514881,0.625339295
3/12/2020 3:00,2020,3,12,3/12/2020,4,13.809,100.196,1.126,495.6869421,0.625384026
3/12/2020 4:00,2020,3,12,3/12/2020,5,12.564,100.213,1.101,495.7224128,0.625428778
3/12/2020 5:00,2020,3,12,3/12/2020,6,10.362,100.713,1.08,495.7579,0.62547355
3/12/2020 6:00,2020,3,12,3/12/2020,7,9.415,100.85,1.08,495.7934038,0.625518344
3/12/2020 7:00,2020,3,12,3/12/2020,8,7.505,101.025,1.08,528.5112893,0.666796903
3/12/2020 8:00,2020,3,12,3/12/2020,9,8.62,98.724,1.08,607.4490353,0.766388805
3/12/2020 9:00,2020,3,12,3/12/2020,10,7.664,100.468,1.08,686.3867978,0.865980728
3/12/2020 10:00,2020,3,12,3/12/2020,11,7.874,97.494,1.08,719.1047328,0.90725935
3/12/2020 11:00,2020,3,12,3/12/2020,12,10.146,100.657,1.08,719.1403193,0.907304248
3/12/2020 12:00,2020,3,12,3/12/2020,13,9.002,100.118,1.08,719.1759223,0.907349166
3/12/2020 13:00,2020,3,12,3/12/2020,14,12.005,101.43,1.09,719.2115417,0.907394106
3/12/2020 14:00,2020,3,12,3/12/2020,15,12.997,99.533,1.11,719.2471775,0.907439066
3/12/2020 15:00,2020,3,12,3/12/2020,16,13.639,99.613,1.123,719.2828298,0.907484046
3/12/2020 16:00,2020,3,12,3/12/2020,17,15.339,98.075,1.157,719.3184985,0.907529048
3/12/2020 17:00,2020,3,12,3/12/2020,18,16.084,100.256,1.172,719.3541836,0.90757407
3/12/2020 18:00,2020,3,12,3/12/2020,19,17.145,99.34,1.193,719.389885,0.907619113
3/12/2020 19:00,2020,3,12,3/12/2020,20,19.7,102.121,1.214,649.9952011,0.820067226
3/12/2020 20:00,2020,3,12,3/12/2020,21,18.743,101.064,1.212,580.6005335,0.732515361
3/12/2020 21:00,2020,3,12,3/12/2020,22,18.946,100.837,1.212,580.636284,0.732560465
3/12/2020 22:00,2020,3,12,3/12/2020,23,18.157,100.037,1.21,580.6720507,0.73260559
3/12/2020 23:00,2020,3,12,3/12/2020,24,18.129,100.505,1.21,538.5536612,0.679466874
3/13/2020 0:00,2020,3,13,3/13/2020,1,16.568,99.456,1.181,496.435288,0.626328177
3/13/2020 1:00,2020,3,13,3/13/2020,2,15.666,101.364,1.163,496.4711035,0.626373364
3/13/2020 2:00,2020,3,13,3/13/2020,3,14.984,99.159,1.15,496.5069352,0.626418571
3/13/2020 3:00,2020,3,13,3/13/2020,4,13.335,99.853,1.117,496.5427831,0.626463799
3/13/2020 4:00,2020,3,13,3/13/2020,5,11.815,100.391,1.086,496.5786471,0.626509047
3/13/2020 5:00,2020,3,13,3/13/2020,6,10.05,99.683,1.08,496.6145274,0.626554315
3/13/2020 6:00,2020,3,13,3/13/2020,7,9.956,98.728,1.08,496.6504238,0.626599604
3/13/2020 7:00,2020,3,13,3/13/2020,8,8.844,99.639,1.08,529.3687014,0.667878658
3/13/2020 8:00,2020,3,13,3/13/2020,9,8.041,101.281,1.08,608.306839,0.767471054
3/13/2020 9:00,2020,3,13,3/13/2020,10,8.475,101.225,1.08,687.2449927,0.867063471
3/13/2020 10:00,2020,3,13,3/13/2020,11,8.331,102.526,1.08,719.9633186,0.908342586
3/13/2020 11:00,2020,3,13,3/13/2020,12,8.739,102.588,1.08,719.9992954,0.908387976
3/13/2020 12:00,2020,3,13,3/13/2020,13,10.582,102.232,1.08,720.0352883,0.908433386
3/13/2020 13:00,2020,3,13,3/13/2020,14,11.654,101.268,1.083,720.0712971,0.908478817
3/13/2020 14:00,2020,3,13,3/13/2020,15,12.624,102.381,1.102,720.107322,0.908524268
3/13/2020 15:00,2020,3,13,3/13/2020,16,13.233,101.951,1.115,720.1433629,0.908569739
3/13/2020 16:00,2020,3,13,3/13/2020,17,14.412,101.828,1.138,720.1794197,0.90861523
3/13/2020 17:00,2020,3,13,3/13/2020,18,17.227,100.839,1.195,720.2154924,0.908660741
3/13/2020 18:00,2020,3,13,3/13/2020,19,18.451,102.202,1.211,720.2515811,0.908706273
3/13/2020 19:00,2020,3,13,3/13/2020,20,19.387,102.709,1.213,650.857284,0.821154874
3/13/2020 20:00,2020,3,13,3/13/2020,21,17.119,99.543,1.192,581.4630029,0.733603496
3/13/2020 21:00,2020,3,13,3/13/2020,22,19.284,99.244,1.213,581.4991392,0.733649087
3/13/2020 22:00,2020,3,13,3/13/2020,23,17.784,99.645,1.206,581.5352914,0.733694699
3/13/2020 23:00,2020,3,13,3/13/2020,24,18.682,100.633,1.212,539.4172869,0.680556468
3/14/2020 0:00,2020,3,14,3/14/2020,1,18.036,100.966,1.21,497.2992983,0.627418257
3/14/2020 1:00,2020,3,14,3/14/2020,2,15.414,100.429,1.158,497.3354979,0.627463928
3/14/2020 2:00,2020,3,14,3/14/2020,3,15.264,100.27,1.155,497.3717133,0.62750962
3/14/2020 3:00,2020,3,14,3/14/2020,4,13.475,99.885,1.12,497.4079445,0.627555331
3/14/2020 4:00,2020,3,14,3/14/2020,5,12.158,100.893,1.093,497.4441914,0.627601062
3/14/2020 5:00,2020,3,14,3/14/2020,6,10.333,98.499,1.08,497.480454,0.627646812
3/14/2020 6:00,2020,3,14,3/14/2020,7,9.484,98.749,1.08,497.5167323,0.627692583
3/14/2020 7:00,2020,3,14,3/14/2020,8,8.521,100.526,1.08,530.2353913,0.668972118
3/14/2020 8:00,2020,3,14,3/14/2020,9,8.176,104.325,1.08,609.17391,0.768564995
3/14/2020 9:00,2020,3,14,3/14/2020,10,7.492,102.734,1.08,688.1124443,0.868157892
3/14/2020 10:00,2020,3,14,3/14/2020,11,7.935,99.13,1.08,720.8311503,0.909437487
3/14/2020 11:00,2020,3,14,3/14/2020,12,8.255,100.937,1.08,720.8675068,0.909483356
3/14/2020 12:00,2020,3,14,3/14/2020,13,9.214,103.753,1.08,720.9038789,0.909529245
3/14/2020 13:00,2020,3,14,3/14/2020,14,9.473,102.197,1.08,720.9402666,0.909575153
3/14/2020 14:00,2020,3,14,3/14/2020,15,12.657,102.837,1.103,720.9766698,0.909621082
3/14/2020 15:00,2020,3,14,3/14/2020,16,14.716,102.222,1.144,721.0130886,0.909667029
3/14/2020 16:00,2020,3,14,3/14/2020,17,14.742,101.958,1.145,721.0495228,0.909712997
3/14/2020 17:00,2020,3,14,3/14/2020,18,15.889,102.933,1.168,721.0859726,0.909758983
3/14/2020 18:00,2020,3,14,3/14/2020,19,17.968,101.923,1.209,721.1224378,0.90980499
3/14/2020 19:00,2020,3,14,3/14/2020,20,19.292,100.145,1.213,651.7285168,0.822254066
3/14/2020 20:00,2020,3,14,3/14/2020,21,18.225,99.229,1.211,582.3346113,0.734703162
3/14/2020 21:00,2020,3,14,3/14/2020,22,17.785,100.514,1.206,582.3711229,0.734749227
3/14/2020 22:00,2020,3,14,3/14/2020,23,18.924,99.804,1.212,582.4076498,0.734795311
3/14/2020 23:00,2020,3,14,3/14/2020,24,18.528,101.475,1.211,540.2900197,0.681657552
3/15/2020 0:00,2020,3,15,3/15/2020,1,17.751,100.656,1.205,498.1724049,0.628519813
3/15/2020 1:00,2020,3,15,3/15/2020,2,15.168,100.325,1.153,498.208978,0.628565956
3/15/2020 2:00,2020,3,15,3/15/2020,3,14.94,100.169,1.149,498.2455663,0.628612117
3/15/2020 3:00,2020,3,15,3/15/2020,4,12.616,100.291,1.102,498.28217,0.628658298
3/15/2020 4:00,2020,3,15,3/15/2020,5,12.355,101.308,1.097,498.3187889,0.628704499
3/15/2020 5:00,2020,3,15,3/15/2020,6,10.738,98.3,1.08,498.3554232,0.628750718
3/15/2020 6:00,2020,3,15,3/15/2020,7,10.484,102.484,1.08,498.3920726,0.628796957
3/15/2020 7:00,2020,3,15,3/15/2020,8,9.342,100.83,1.08,531.1111024,0.67007696
3/15/2020 8:00,2020,3,15,3/15/2020,9,8.482,102.072,1.08,610.0499913,0.769670304
3/15/2020 9:00,2020,3,15,3/15/2020,10,8.762,102.316,1.08,688.9888955,0.869263668
3/15/2020 10:00,2020,3,15,3/15/2020,11,8.75,101.546,1.08,721.7079708,0.910543728
3/15/2020 11:00,2020,3,15,3/15/2020,12,9.01,101.494,1.08,721.7446962,0.910590063
3/15/2020 12:00,2020,3,15,3/15/2020,13,8.435,102.808,1.08,721.7814368,0.910636417
3/15/2020 13:00,2020,3,15,3/15/2020,14,11.155,101.787,1.08,721.8181925,0.91068279
3/15/2020 14:00,2020,3,15,3/15/2020,15,12.986,102.291,1.11,721.8549633,0.910729182
3/15/2020 15:00,2020,3,15,3/15/2020,16,13.767,101.886,1.125,721.8917491,0.910775592
3/15/2020 16:00,2020,3,15,3/15/2020,17,15.225,100.035,1.154,721.9285501,0.910822022
3/15/2020 17:00,2020,3,15,3/15/2020,18,15.605,100.221,1.162,721.965366,0.910868471
3/15/2020 18:00,2020,3,15,3/15/2020,19,17.551,103.67,1.201,722.002197,0.910914939
3/15/2020 19:00,2020,3,15,3/15/2020,20,17.468,102.548,1.199,652.6086413,0.823364476
3/15/2020 20:00,2020,3,15,3/15/2020,21,17.19,99.516,1.194,583.2151006,0.735814032
3/15/2020 21:00,2020,3,15,3/15/2020,22,18.876,102.001,1.212,583.2519766,0.735860557
3/15/2020 22:00,2020,3,15,3/15/2020,23,19.882,100.817,1.214,583.2888675,0.7359071
3/15/2020 23:00,2020,3,15,3/15/2020,24,16.654,101.152,1.183,541.1716008,0.6827698
3/16/2020 0:00,2020,3,16,3/16/2020,1,18.47,99.723,1.211,499.0543491,0.629632519
3/16/2020 1:00,2020,3,16,3/16/2020,2,16.283,100.144,1.176,499.0912847,0.629679119
3/16/2020 2:00,2020,3,16,3/16/2020,3,13.169,98.886,1.113,499.1282352,0.629725738
3/16/2020 3:00,2020,3,16,3/16/2020,4,12.823,99.445,1.106,499.1652006,0.629772375
3/16/2020 4:00,2020,3,16,3/16/2020,5,12.586,101.243,1.102,499.2021807,0.629819031
3/16/2020 5:00,2020,3,16,3/16/2020,6,11.599,99.316,1.082,499.2391757,0.629865706
3/16/2020 6:00,2020,3,16,3/16/2020,7,9.571,100.575,1.08,499.2761855,0.629912399
3/16/2020 7:00,2020,3,16,3/16/2020,8,8.352,99.556,1.08,531.9955751,0.671192856
3/16/2020 8:00,2020,3,16,3/16/2020,9,9.362,102.102,1.08,610.9348234,0.770786654
3/16/2020 9:00,2020,3,16,3/16/2020,10,9.036,100.967,1.08,689.8740865,0.87038047
3/16/2020 10:00,2020,3,16,3/16/2020,11,7.924,102.183,1.08,722.5935203,0.911660983
3/16/2020 11:00,2020,3,16,3/16/2020,12,8.518,102.161,1.08,722.6306038,0.911707769
3/16/2020 12:00,2020,3,16,3/16/2020,13,9.67,101.04,1.08,722.6677019,0.911754574
3/16/2020 13:00,2020,3,16,3/16/2020,14,10.77,102.513,1.08,722.7048147,0.911801398
3/16/2020 14:00,2020,3,16,3/16/2020,15,11.736,102.668,1.085,722.7419422,0.91184824
3/16/2020 15:00,2020,3,16,3/16/2020,16,14.659,102.317,1.143,722.7790843,0.9118951
3/16/2020 16:00,2020,3,16,3/16/2020,17,15.5,103.215,1.16,722.8162409,0.911941979
3/16/2020 17:00,2020,3,16,3/16/2020,18,15.429,102.299,1.159,722.8534122,0.911988876
3/16/2020 18:00,2020,3,16,3/16/2020,19,16.337,101.969,1.177,722.890598,0.912035791
3/16/2020 19:00,2020,3,16,3/16/2020,20,17.397,102.532,1.198,653.4973967,0.824485776
3/16/2020 20:00,2020,3,16,3/16/2020,21,19.322,99.242,1.213,584.1042099,0.736935778
3/16/2020 21:00,2020,3,16,3/16/2020,22,19.538,100.821,1.213,584.1414393,0.736982749
3/16/2020 22:00,2020,3,16,3/16/2020,23,17.249,101.23,1.195,584.1786832,0.737029737
3/16/2020 23:00,2020,3,16,3/16/2020,24,19.555,102.437,1.213,542.0617692,0.683892882
3/17/2020 0:00,2020,3,17,3/17/2020,1,16.98,99.957,1.19,499.9448695,0.630756045
3/17/2020 1:00,2020,3,17,3/17/2020,2,16.598,98.749,1.182,499.9821568,0.630803089
3/17/2020 2:00,2020,3,17,3/17/2020,3,15.771,99.744,1.165,500.0194584,0.63085015
3/17/2020 3:00,2020,3,17,3/17/2020,4,12.944,102.48,1.109,500.0567745,0.63089723
3/17/2020 4:00,2020,3,17,3/17/2020,5,12.072,98.422,1.091,500.0941049,0.630944328
3/17/2020 5:00,2020,3,17,3/17/2020,6,11.262,99.377,1.08,500.1314497,0.630991444
3/17/2020 6:00,2020,3,17,3/17/2020,7,8.413,102.106,1.08,500.1688088,0.631038578
3/17/2020 7:00,2020,3,17,3/17/2020,8,8.453,99.826,1.08,532.8885473,0.672319476
3/17/2020 8:00,2020,3,17,3/17/2020,9,8.285,103.015,1.08,611.8281441,0.771913713
3/17/2020 9:00,2020,3,17,3/17/2020,10,8.847,103.385,1.08,690.7677551,0.871507968
3/17/2020 10:00,2020,3,17,3/17/2020,11,8.458,101.023,1.08,723.4875364,0.912788919
3/17/2020 11:00,2020,3,17,3/17/2020,12,8.856,101.132,1.08,723.5249669,0.912836144
3/17/2020 12:00,2020,3,17,3/17/2020,13,10.065,102.958,1.08,723.5624117,0.912883386
3/17/2020 13:00,2020,3,17,3/17/2020,14,11.283,101.994,1.08,723.5998706,0.912930646
3/17/2020 14:00,2020,3,17,3/17/2020,15,11.978,102.633,1.09,723.6373437,0.912977924
3/17/2020 15:00,2020,3,17,3/17/2020,16,12.653,102.43,1.103,723.674831,0.91302522
3/17/2020 16:00,2020,3,17,3/17/2020,17,13.298,104.977,1.116,723.7123324,0.913072533
3/17/2020 17:00,2020,3,17,3/17/2020,18,15.74,102.32,1.165,723.7498479,0.913119865
3/17/2020 18:00,2020,3,17,3/17/2020,19,17.55,103.064,1.201,723.7873776,0.913167214
3/17/2020 19:00,2020,3,17,3/17/2020,20,17.066,102.209,1.191,654.3945196,0.825617632
3/17/2020 20:00,2020,3,17,3/17/2020,21,17.65,101.497,1.203,585.0016758,0.738068067
3/17/2020 21:00,2020,3,17,3/17/2020,22,19.278,100.086,1.213,585.0392476,0.738115469
3/17/2020 22:00,2020,3,17,3/17/2020,23,19.332,101.439,1.213,585.0768335,0.73816289
3/17/2020 23:00,2020,3,17,3/17/2020,24,18.943,99.999,1.212,542.9602609,0.685026465
3/18/2020 0:00,2020,3,18,3/18/2020,1,15.844,100.54,1.167,500.8437023,0.631890059
3/18/2020 1:00,2020,3,18,3/18/2020,2,15.928,101.409,1.169,500.8813301,0.631937532
3/18/2020 2:00,2020,3,18,3/18/2020,3,15.403,99.547,1.158,500.9189719,0.631985023
3/18/2020 3:00,2020,3,18,3/18/2020,4,12.491,99.888,1.1,500.9566276,0.632032531
3/18/2020 4:00,2020,3,18,3/18/2020,5,11.209,101.112,1.08,500.9942973,0.632080057
3/18/2020 5:00,2020,3,18,3/18/2020,6,10.587,101.201,1.08,501.0319808,0.6321276
3/18/2020 6:00,2020,3,18,3/18/2020,7,9.012,101.413,1.08,501.0696782,0.632175161
3/18/2020 7:00,2020,3,18,3/18/2020,8,9.747,100.627,1.08,533.7897545,0.673456485
3/18/2020 8:00,2020,3,18,3/18/2020,9,8.383,99.749,1.08,612.7296886,0.773051148
3/18/2020 9:00,2020,3,18,3/18/2020,10,7.732,99.176,1.08,691.6696365,0.872645828
3/18/2020 10:00,2020,3,18,3/18/2020,11,7.58,99.589,1.08,724.3897542,0.913927204
3/18/2020 11:00,2020,3,18,3/18/2020,12,9,100.251,1.08,724.4275207,0.913974852
3/18/2020 12:00,2020,3,18,3/18/2020,13,9.86,100.115,1.08,724.4653009,0.914022517
3/18/2020 13:00,2020,3,18,3/18/2020,14,10.243,100.088,1.08,724.5030948,0.9140702
3/18/2020 14:00,2020,3,18,3/18/2020,15,11.901,99.832,1.088,724.5409025,0.9141179
3/18/2020 15:00,2020,3,18,3/18/2020,16,13.158,100.106,1.113,724.5787239,0.914165617
3/18/2020 16:00,2020,3,18,3/18/2020,17,13.698,102.5,1.124,724.6165589,0.914213352
3/18/2020 17:00,2020,3,18,3/18/2020,18,16.257,99.627,1.175,724.6544076,0.914261104
3/18/2020 18:00,2020,3,18,3/18/2020,19,17.292,102.539,1.196,724.6922699,0.914308873
3/18/2020 19:00,2020,3,18,3/18/2020,20,18.265,97.205,1.211,655.2997442,0.826759709
3/18/2020 20:00,2020,3,18,3/18/2020,21,19.174,100.148,1.213,585.9072321,0.739210563
3/18/2020 21:00,2020,3,18,3/18/2020,22,18.818,100.835,1.212,585.9451353,0.739258384
3/18/2020 22:00,2020,3,18,3/18/2020,23,18.84,99.708,1.212,585.983052,0.739306221
3/18/2020 23:00,2020,3,18,3/18/2020,24,18.055,100.821,1.21,543.8668098,0.686170214
3/19/2020 0:00,2020,3,19,3/19/2020,1,15.877,100.486,1.168,501.7505811,0.633034223
3/19/2020 1:00,2020,3,19,3/19/2020,2,15.772,98.306,1.165,501.7885384,0.633082112
3/19/2020 2:00,2020,3,19,3/19/2020,3,15.366,99.062,1.157,501.8265091,0.633130018
3/19/2020 3:00,2020,3,19,3/19/2020,4,13.064,101.663,1.111,501.8644933,0.633177941
3/19/2020 4:00,2020,3,19,3/19/2020,5,11.797,100.516,1.086,501.902491,0.633225881
3/19/2020 5:00,2020,3,19,3/19/2020,6,10.519,98.674,1.08,501.9405021,0.633273837
3/19/2020 6:00,2020,3,19,3/19/2020,7,11.567,101.043,1.081,501.9785265,0.633321811
3/19/2020 7:00,2020,3,19,3/19/2020,8,8.307,100.423,1.08,534.6989295,0.674603547
3/19/2020 8:00,2020,3,19,3/19/2020,9,7.033,100.893,1.08,613.6391897,0.774198621
3/19/2020 9:00,2020,3,19,3/19/2020,10,6.857,98.832,1.08,692.5794633,0.873793712
3/19/2020 10:00,2020,3,19,3/19/2020,11,8.471,98.847,1.08,725.2999063,0.915075498
3/19/2020 11:00,2020,3,19,3/19/2020,12,8.248,100.604,1.08,725.3379975,0.915123556
3/19/2020 12:00,2020,3,19,3/19/2020,13,9.435,99.556,1.08,725.376102,0.91517163
3/19/2020 13:00,2020,3,19,3/19/2020,14,11.203,99.724,1.08,725.4142198,0.915219722
3/19/2020 14:00,2020,3,19,3/19/2020,15,12.599,99.709,1.102,725.4523508,0.91526783
3/19/2020 15:00,2020,3,19,3/19/2020,16,12.855,99.539,1.107,725.4904951,0.915315955
3/19/2020 16:00,2020,3,19,3/19/2020,17,16.389,100.073,1.178,725.5286525,0.915364096
3/19/2020 17:00,2020,3,19,3/19/2020,18,17.328,99.733,1.197,725.5668232,0.915412254
3/19/2020 18:00,2020,3,19,3/19/2020,19,18.483,99.282,1.211,725.605007,0.915460429
3/19/2020 19:00,2020,3,19,3/19/2020,20,18.386,99.864,1.211,656.2128023,0.82791167
3/19/2020 20:00,2020,3,19,3/19/2020,21,18.71,102.149,1.212,586.8206107,0.740362928
3/19/2020 21:00,2020,3,19,3/19/2020,22,18.892,100.025,1.212,586.8588339,0.740411153
3/19/2020 22:00,2020,3,19,3/19/2020,23,19.326,100.329,1.213,586.8970702,0.740459394
3/19/2020 23:00,2020,3,19,3/19/2020,24,16.59,101.827,1.182,544.7811472,0.687323789
3/20/2020 0:00,2020,3,20,3/20/2020,1,18.172,100.034,1.21,502.6652372,0.6341882
3/20/2020 1:00,2020,3,20,3/20/2020,2,16.767,100.539,1.185,502.7035126,0.634236491
3/20/2020 2:00,2020,3,20,3/20/2020,3,15.095,99.452,1.152,502.7418011,0.634284797
3/20/2020 3:00,2020,3,20,3/20/2020,4,14.175,97.242,1.134,502.7801025,0.63433312
3/20/2020 4:00,2020,3,20,3/20/2020,5,12.362,100.034,1.097,502.818417,0.63438146
3/20/2020 5:00,2020,3,20,3/20/2020,6,10.199,101.832,1.08,502.8567443,0.634429816
3/20/2020 6:00,2020,3,20,3/20/2020,7,10.003,101.014,1.08,502.8950847,0.634478188
3/20/2020 7:00,2020,3,20,3/20/2020,8,9.352,100.153,1.08,535.615803,0.675760321
3/20/2020 8:00,2020,3,20,3/20/2020,9,7.667,102.272,1.08,614.5563781,0.775355793
3/20/2020 9:00,2020,3,20,3/20/2020,10,7.92,103.22,1.08,693.4969661,0.87495128
3/20/2020 10:00,2020,3,20,3/20/2020,11,8.2,103.215,1.08,726.2177231,0.916233463
3/20/2020 11:00,2020,3,20,3/20/2020,12,8.297,102.447,1.08,726.2561277,0.916281916
3/20/2020 12:00,2020,3,20,3/20/2020,13,10.865,102.553,1.08,726.2945453,0.916330385
3/20/2020 13:00,2020,3,20,3/20/2020,14,11.072,102.694,1.08,726.3329756,0.916378871
3/20/2020 14:00,2020,3,20,3/20/2020,15,11.842,103.119,1.087,726.3714186,0.916427373
3/20/2020 15:00,2020,3,20,3/20/2020,16,14.514,101.563,1.14,726.4098745,0.916475891
3/20/2020 16:00,2020,3,20,3/20/2020,17,14.529,100.605,1.141,726.448343,0.916524425
3/20/2020 17:00,2020,3,20,3/20/2020,18,13.416,101.279,1.118,726.4868243,0.916572975
3/20/2020 18:00,2020,3,20,3/20/2020,19,15.845,102.671,1.167,726.5253183,0.916621541
3/20/2020 19:00,2020,3,20,3/20/2020,20,17.916,100.74,1.208,657.1334233,0.829073173
3/20/2020 20:00,2020,3,20,3/20/2020,21,19.356,100.449,1.213,587.7415409,0.741524821
3/20/2020 21:00,2020,3,20,3/20/2020,22,19.47,99.471,1.213,587.7800729,0.741573435
3/20/2020 22:00,2020,3,20,3/20/2020,23,18.06,99.385,1.21,587.8186174,0.741622065
3/20/2020 23:00,2020,3,20,3/20/2020,24,18.139,100.492,1.21,545.7030022,0.688486848
3/21/2020 0:00,2020,3,21,3/21/2020,1,16.788,98.323,1.186,503.5873995,0.635351647
3/21/2020 1:00,2020,3,21,3/21/2020,2,15.294,102.101,1.156,503.6259818,0.635400325
3/21/2020 2:00,2020,3,21,3/21/2020,3,15.71,100.837,1.164,503.6645766,0.635449018
3/21/2020 3:00,2020,3,21,3/21/2020,4,14.438,100.889,1.139,503.703184,0.635497727
3/21/2020 4:00,2020,3,21,3/21/2020,5,11.379,100.936,1.08,503.7418038,0.635546452
3/21/2020 5:00,2020,3,21,3/21/2020,6,10.943,99.023,1.08,503.7804361,0.635595192
3/21/2020 6:00,2020,3,21,3/21/2020,7,8.704,99.349,1.08,503.8190809,0.635643949
3/21/2020 7:00,2020,3,21,3/21/2020,8,9.086,101.524,1.08,536.5401032,0.676926466
3/21/2020 8:00,2020,3,21,3/21/2020,9,8.816,101.255,1.08,615.4809819,0.77652232
3/21/2020 9:00,2020,3,21,3/21/2020,10,8.546,101.289,1.08,694.421873,0.87611819
3/21/2020 10:00,2020,3,21,3/21/2020,11,9.433,101.985,1.08,727.1429325,0.917400754
3/21/2020 11:00,2020,3,21,3/21/2020,12,9.121,102.037,1.08,727.1816392,0.917449589
3/21/2020 12:00,2020,3,21,3/21/2020,13,9.859,102.324,1.08,727.2203584,0.917498439
3/21/2020 13:00,2020,3,21,3/21/2020,14,11.429,100.867,1.08,727.2590898,0.917547304
3/21/2020 14:00,2020,3,21,3/21/2020,15,11.881,101.277,1.088,727.2978335,0.917596185
3/21/2020 15:00,2020,3,21,3/21/2020,16,12.743,102.468,1.105,727.3365895,0.917645082
3/21/2020 16:00,2020,3,21,3/21/2020,17,13.578,103.285,1.122,727.3753578,0.917693994
3/21/2020 17:00,2020,3,21,3/21/2020,18,16.334,102.041,1.177,727.4141383,0.917742921
3/21/2020 18:00,2020,3,21,3/21/2020,19,15.47,104.135,1.159,727.4529311,0.917791864
3/21/2020 19:00,2020,3,21,3/21/2020,20,18.355,101.361,1.211,658.0613343,0.830243873
3/21/2020 20:00,2020,3,21,3/21/2020,21,18.442,100.27,1.211,588.6697498,0.742695897
3/21/2020 21:00,2020,3,21,3/21/2020,22,18.599,101.002,1.211,588.7085791,0.742744886
3/21/2020 22:00,2020,3,21,3/21/2020,23,19.999,101.095,1.214,588.7474205,0.74279389
3/21/2020 23:00,2020,3,21,3/21/2020,24,16.531,99.578,1.181,546.6321016,0.689659048
3/22/2020 0:00,2020,3,22,3/22/2020,1,15.873,100.859,1.167,504.5167948,0.63652422
3/22/2020 1:00,2020,3,22,3/22/2020,2,14.595,99.38,1.142,504.5556725,0.63657327
3/22/2020 2:00,2020,3,22,3/22/2020,3,14.336,100.997,1.137,504.5945622,0.636622336
3/22/2020 3:00,2020,3,22,3/22/2020,4,13.293,99.391,1.116,504.6334641,0.636671416
3/22/2020 4:00,2020,3,22,3/22/2020,5,13.303,99.939,1.116,504.6723779,0.636720512
3/22/2020 5:00,2020,3,22,3/22/2020,6,9.366,100.62,1.08,504.7113037,0.636769623
3/22/2020 6:00,2020,3,22,3/22/2020,7,8.025,98.654,1.08,504.7502415,0.636818749
3/22/2020 7:00,2020,3,22,3/22/2020,8,9.123,99.02,1.08,537.4715564,0.678101635
3/22/2020 8:00,2020,3,22,3/22/2020,9,9.238,101.733,1.08,616.4127271,0.777697858
3/22/2020 9:00,2020,3,22,3/22/2020,10,8.046,101.277,1.08,695.3539097,0.877294095
3/22/2020 10:00,2020,3,22,3/22/2020,11,8.794,103.219,1.08,728.0752603,0.918577027
3/22/2020 11:00,2020,3,22,3/22/2020,12,7.962,102.461,1.08,728.1142577,0.918626228
3/22/2020 12:00,2020,3,22,3/22/2020,13,9.437,101.953,1.08,728.153267,0.918675444
3/22/2020 13:00,2020,3,22,3/22/2020,14,10.45,102.917,1.08,728.1922881,0.918724675
3/22/2020 14:00,2020,3,22,3/22/2020,15,14.006,102.98,1.13,728.231321,0.918773921
3/22/2020 15:00,2020,3,22,3/22/2020,16,12.692,100.688,1.104,728.2703658,0.918823182
3/22/2020 16:00,2020,3,22,3/22/2020,17,13.738,101.822,1.125,728.3094222,0.918872457
3/22/2020 17:00,2020,3,22,3/22/2020,18,15.887,101.78,1.168,728.3484905,0.918921748
3/22/2020 18:00,2020,3,22,3/22/2020,19,16.594,98.536,1.182,728.3875705,0.918971053
3/22/2020 19:00,2020,3,22,3/22/2020,20,17.554,100.952,1.201,658.9962606,0.831423424
3/22/2020 20:00,2020,3,22,3/22/2020,21,17.349,99.519,1.197,589.6049623,0.743875809
3/22/2020 21:00,2020,3,22,3/22/2020,22,18.681,99.316,1.212,589.6440774,0.743925159
3/22/2020 22:00,2020,3,22,3/22/2020,23,17.504,100.378,1.2,589.6832041,0.743974523
3/22/2020 23:00,2020,3,22,3/22/2020,24,20.045,99.014,1.215,547.5681701,0.69084004
3/23/2020 0:00,2020,3,23,3/23/2020,1,17.193,100.347,1.194,505.4531477,0.637705571
3/23/2020 1:00,2020,3,23,3/23/2020,2,17.086,99.712,1.192,505.4923093,0.637754979
3/23/2020 2:00,2020,3,23,3/23/2020,3,13.627,100.201,1.123,505.5314824,0.637804402
3/23/2020 3:00,2020,3,23,3/23/2020,4,12.706,98.84,1.104,505.5706672,0.63785384
3/23/2020 4:00,2020,3,23,3/23/2020,5,11.954,101.307,1.089,505.6098635,0.637903292
3/23/2020 5:00,2020,3,23,3/23/2020,6,9.814,99.628,1.08,505.6490713,0.637952758
3/23/2020 6:00,2020,3,23,3/23/2020,7,9.846,99.845,1.08,505.6882905,0.638002239
3/23/2020 7:00,2020,3,23,3/23/2020,8,7.614,100.868,1.08,538.4098864,0.67928548
3/23/2020 8:00,2020,3,23,3/23/2020,9,9.878,101.64,1.08,617.3513376,0.778882057
3/23/2020 9:00,2020,3,23,3/23/2020,10,7.992,103.509,1.08,696.2928003,0.878478648
3/23/2020 10:00,2020,3,23,3/23/2020,11,7.035,101.114,1.08,729.0144305,0.919761932
3/23/2020 11:00,2020,3,23,3/23/2020,12,10.042,101.34,1.08,729.0537069,0.919811485
3/23/2020 12:00,2020,3,23,3/23/2020,13,8.525,101.006,1.08,729.0929948,0.919861053
3/23/2020 13:00,2020,3,23,3/23/2020,14,10.261,102.67,1.08,729.132294,0.919910635
3/23/2020 14:00,2020,3,23,3/23/2020,15,12.498,103.174,1.1,729.1716045,0.919960231
3/23/2020 15:00,2020,3,23,3/23/2020,16,12.947,103.058,1.109,729.2109264,0.920009841
3/23/2020 16:00,2020,3,23,3/23/2020,17,14.305,100.617,1.136,729.2502595,0.920059466
3/23/2020 17:00,2020,3,23,3/23/2020,18,14.755,101.9,1.145,729.2896039,0.920109105
3/23/2020 18:00,2020,3,23,3/23/2020,19,17.625,101.822,1.202,729.3289596,0.920158758
3/23/2020 19:00,2020,3,23,3/23/2020,20,20.053,100.884,1.215,659.9379249,0.832611476
3/23/2020 20:00,2020,3,23,3/23/2020,21,19.173,98.395,1.213,590.5469013,0.745064207
3/23/2020 21:00,2020,3,23,3/23/2020,22,18.159,99.933,1.21,590.5862907,0.745113903
3/23/2020 22:00,2020,3,23,3/23/2020,23,17.477,99.449,1.2,590.6256911,0.745163613
3/23/2020 23:00,2020,3,23,3/23/2020,24,17.138,100.419,1.193,548.5109304,0.692029474
3/24/2020 0:00,2020,3,24,3/24/2020,1,17.329,99.417,1.197,506.3961807,0.63889535
3/24/2020 1:00,2020,3,24,3/24/2020,2,15.325,99.46,1.156,506.4356146,0.638945101
3/24/2020 2:00,2020,3,24,3/24/2020,3,14.833,100.043,1.147,506.4750596,0.638994867
3/24/2020 3:00,2020,3,24,3/24/2020,4,12.407,98.436,1.098,506.5145156,0.639044647
3/24/2020 4:00,2020,3,24,3/24/2020,5,12.296,99.654,1.096,506.5539827,0.639094441
3/24/2020 5:00,2020,3,24,3/24/2020,6,11.137,101.294,1.08,506.5934609,0.639144248
3/24/2020 6:00,2020,3,24,3/24/2020,7,8.494,99.561,1.08,506.63295,0.63919407
3/24/2020 7:00,2020,3,24,3/24/2020,8,8.868,99.318,1.08,539.3548152,0.680477651
3/24/2020 8:00,2020,3,24,3/24/2020,9,8.386,102.729,1.08,618.2965354,0.780074567
3/24/2020 9:00,2020,3,24,3/24/2020,10,8.568,102.851,1.08,697.2382664,0.879671496
3/24/2020 10:00,2020,3,24,3/24/2020,11,8.096,103.23,1.08,729.9601645,0.920955118
3/24/2020 11:00,2020,3,24,3/24/2020,12,9.924,102.668,1.08,729.9997084,0.921005009
3/24/2020 12:00,2020,3,24,3/24/2020,13,8.63,102.52,1.08,730.0392632,0.921054913
3/24/2020 13:00,2020,3,24,3/24/2020,14,11.614,101.648,1.082,730.0788289,0.921104831
3/24/2020 14:00,2020,3,24,3/24/2020,15,12.687,102.311,1.104,730.1184054,0.921154763
3/24/2020 15:00,2020,3,24,3/24/2020,16,15.32,101.258,1.156,730.1579927,0.921204709
3/24/2020 16:00,2020,3,24,3/24/2020,17,15.151,101.768,1.153,730.1975908,0.921254668
3/24/2020 17:00,2020,3,24,3/24/2020,18,16.817,103.053,1.186,730.2371998,0.92130464
3/24/2020 18:00,2020,3,24,3/24/2020,19,16.641,101.102,1.183,730.2768195,0.921354627
3/24/2020 19:00,2020,3,24,3/24/2020,20,16.833,102.89,1.187,660.8860482,0.833807677
3/24/2020 20:00,2020,3,24,3/24/2020,21,19.303,99.329,1.213,591.4952878,0.74626074
3/24/2020 21:00,2020,3,24,3/24/2020,22,18.904,100.13,1.212,591.5349396,0.746310767
3/24/2020 22:00,2020,3,24,3/24/2020,23,18.663,99.888,1.211,591.5746022,0.746360807
3/24/2020 23:00,2020,3,24,3/24/2020,24,16.522,100.584,1.18,549.460103,0.693226999
3/25/2020 0:00,2020,3,25,3/25/2020,1,17.609,102.459,1.202,507.3456144,0.640093204
3/25/2020 1:00,2020,3,25,3/25/2020,2,16.366,100.915,1.177,507.3853089,0.640143284
3/25/2020 2:00,2020,3,25,3/25/2020,3,16.016,101.39,1.17,507.425014,0.640193378
3/25/2020 3:00,2020,3,25,3/25/2020,4,13.072,100.465,1.111,507.4647297,0.640243486
3/25/2020 4:00,2020,3,25,3/25/2020,5,11.383,99.18,1.08,507.5044559,0.640293606
3/25/2020 5:00,2020,3,25,3/25/2020,6,10.109,98.596,1.08,507.5441927,0.64034374
3/25/2020 6:00,2020,3,25,3/25/2020,7,9.375,101.626,1.08,507.58394,0.640393888
3/25/2020 7:00,2020,3,25,3/25/2020,8,9.973,99.265,1.08,540.3060629,0.681677793
3/25/2020 8:00,2020,3,25,3/25/2020,9,7.957,99.647,1.08,619.2480402,0.781275034
3/25/2020 9:00,2020,3,25,3/25/2020,10,5.987,101.253,1.08,698.190028,0.880872287
3/25/2020 10:00,2020,3,25,3/25/2020,11,8.38,99.079,1.08,730.9121823,0.922156233
3/25/2020 11:00,2020,3,25,3/25/2020,12,9.844,100.9,1.08,730.9519819,0.922206446
3/25/2020 12:00,2020,3,25,3/25/2020,13,9.551,101.006,1.08,730.9917919,0.922256672
3/25/2020 13:00,2020,3,25,3/25/2020,14,10.086,98.246,1.08,731.0316123,0.922306912
3/25/2020 14:00,2020,3,25,3/25/2020,15,13.547,99.105,1.121,731.071443,0.922357164
3/25/2020 15:00,2020,3,25,3/25/2020,16,14.849,100.595,1.147,731.1112841,0.92240743
3/25/2020 16:00,2020,3,25,3/25/2020,17,13.978,99.28,1.13,731.1511355,0.922457708
3/25/2020 17:00,2020,3,25,3/25/2020,18,14.977,99.418,1.15,731.1909972,0.922508
3/25/2020 18:00,2020,3,25,3/25/2020,19,18.13,99.429,1.21,731.2308692,0.922558304
3/25/2020 19:00,2020,3,25,3/25/2020,20,17.221,101.825,1.194,661.8403497,0.835011672
3/25/2020 20:00,2020,3,25,3/25/2020,21,17.985,99.82,1.21,592.4498406,0.747465053
3/25/2020 21:00,2020,3,25,3/25/2020,22,17.924,99.824,1.208,592.4897432,0.747515396
3/25/2020 22:00,2020,3,25,3/25/2020,23,19.601,99.511,1.214,592.5296561,0.747565752
3/25/2020 23:00,2020,3,25,3/25/2020,24,18.069,100.241,1.21,550.4154067,0.694432259
3/26/2020 0:00,2020,3,26,3/26/2020,1,17.018,99.257,1.19,508.3011675,0.641298779
3/26/2020 1:00,2020,3,26,3/26/2020,2,15.379,98.842,1.158,508.3411108,0.641349173
3/26/2020 2:00,2020,3,26,3/26/2020,3,15.626,98.684,1.163,508.3810643,0.64139958
3/26/2020 3:00,2020,3,26,3/26/2020,4,14.129,100.192,1.133,508.4210278,0.64145
3/26/2020 4:00,2020,3,26,3/26/2020,5,12.836,99.379,1.107,508.4610014,0.641500433
3/26/2020 5:00,2020,3,26,3/26/2020,6,9.823,100.915,1.08,508.5009851,0.641550879
3/26/2020 6:00,2020,3,26,3/26/2020,7,8.452,101.078,1.08,508.5409788,0.641601337
3/26/2020 7:00,2020,3,26,3/26/2020,8,9.06,99.716,1.08,541.2633475,0.682885553
3/26/2020 8:00,2020,3,26,3/26/2020,9,8.79,97.841,1.08,620.2055702,0.782483103
3/26/2020 9:00,2020,3,26,3/26/2020,10,8.605,100.983,1.08,699.1478029,0.882080665
3/26/2020 10:00,2020,3,26,3/26/2020,11,9.658,100.85,1.08,731.8702016,0.923364919
3/26/2020 11:00,2020,3,26,3/26/2020,12,8.635,100.025,1.08,731.9102451,0.92341544
3/26/2020 12:00,2020,3,26,3/26/2020,13,10.774,99.77,1.08,731.9502986,0.923465973
3/26/2020 13:00,2020,3,26,3/26/2020,14,9.296,99.687,1.08,731.9903619,0.923516519
3/26/2020 14:00,2020,3,26,3/26/2020,15,10.997,102.294,1.08,732.0304351,0.923567078
3/26/2020 15:00,2020,3,26,3/26/2020,16,13.721,99.531,1.124,732.0705181,0.923617649
3/26/2020 16:00,2020,3,26,3/26/2020,17,15.04,100.037,1.151,732.1106109,0.923668232
3/26/2020 17:00,2020,3,26,3/26/2020,18,16.699,101.681,1.184,732.1507136,0.923718827
3/26/2020 18:00,2020,3,26,3/26/2020,19,18.698,99.743,1.212,732.190826,0.923769435
3/26/2020 19:00,2020,3,26,3/26/2020,20,18.05,100.243,1.21,662.8005466,0.836223106
3/26/2020 20:00,2020,3,26,3/26/2020,21,18.59,101.691,1.211,593.4102769,0.748676789
3/26/2020 21:00,2020,3,26,3/26/2020,22,18.472,100.461,1.211,593.4504185,0.748727433
3/26/2020 22:00,2020,3,26,3/26/2020,23,18.377,99.131,1.211,593.4905699,0.74877809
3/26/2020 23:00,2020,3,26,3/26/2020,24,19.009,99.342,1.212,551.3765585,0.695644897
3/27/2020 0:00,2020,3,27,3/27/2020,1,17.031,101.998,1.191,509.2625568,0.642511716
3/27/2020 1:00,2020,3,27,3/27/2020,2,16.417,100.783,1.178,509.3027371,0.64256241
3/27/2020 2:00,2020,3,27,3/27/2020,3,14.664,99.582,1.143,509.3429271,0.642613116
3/27/2020 3:00,2020,3,27,3/27/2020,4,13.564,100.741,1.121,509.3831266,0.642663834
3/27/2020 4:00,2020,3,27,3/27/2020,5,12.805,100.737,1.106,509.4233357,0.642714563
3/27/2020 5:00,2020,3,27,3/27/2020,6,11.141,99.73,1.08,509.4635544,0.642765305
3/27/2020 6:00,2020,3,27,3/27/2020,7,11.217,98.895,1.08,509.5037826,0.642816059
3/27/2020 7:00,2020,3,27,3/27/2020,8,8.912,100.932,1.08,542.2263854,0.684100571
3/27/2020 8:00,2020,3,27,3/27/2020,9,9.055,102.835,1.08,621.1688417,0.783698415
3/27/2020 9:00,2020,3,27,3/27/2020,10,6.87,101.523,1.08,700.1113074,0.883296272
3/27/2020 10:00,2020,3,27,3/27/2020,11,8.575,102.056,1.08,732.8339386,0.924580819
3/27/2020 11:00,2020,3,27,3/27/2020,12,9.195,101.239,1.08,732.8742142,0.924631633
3/27/2020 12:00,2020,3,27,3/27/2020,13,9.112,103.375,1.08,732.9144992,0.924682458
3/27/2020 13:00,2020,3,27,3/27/2020,14,11.846,101.993,1.087,732.9547936,0.924733296
3/27/2020 14:00,2020,3,27,3/27/2020,15,12.354,102.498,1.097,732.9950973,0.924784145
3/27/2020 15:00,2020,3,27,3/27/2020,16,12.935,101.761,1.109,733.0354104,0.924835006
3/27/2020 16:00,2020,3,27,3/27/2020,17,15.552,101.79,1.161,733.0757329,0.924885879
3/27/2020 17:00,2020,3,27,3/27/2020,18,17.565,101.442,1.201,733.1160646,0.924936764
3/27/2020 18:00,2020,3,27,3/27/2020,19,16.328,101.309,1.177,733.1564056,0.92498766
3/27/2020 19:00,2020,3,27,3/27/2020,20,18.678,101.587,1.212,663.7663542,0.837441618
3/27/2020 20:00,2020,3,27,3/27/2020,21,19.299,101.181,1.213,594.3763121,0.749895588
3/27/2020 21:00,2020,3,27,3/27/2020,22,17.757,101.103,1.205,594.4166808,0.749946519
3/27/2020 22:00,2020,3,27,3/27/2020,23,18.557,98.72,1.211,594.4570588,0.749997462
3/27/2020 23:00,2020,3,27,3/27/2020,24,17.252,100.25,1.195,552.3432735,0.696864554
3/28/2020 0:00,2020,3,28,3/28/2020,1,18.126,99.986,1.21,510.2294973,0.643731658
3/28/2020 1:00,2020,3,28,3/28/2020,2,17.279,99.166,1.196,510.2699028,0.643782636
3/28/2020 2:00,2020,3,28,3/28/2020,3,15.158,100.62,1.153,510.3103173,0.643833625
3/28/2020 3:00,2020,3,28,3/28/2020,4,14.858,100.55,1.147,510.350741,0.643884625
3/28/2020 4:00,2020,3,28,3/28/2020,5,11.38,99.776,1.08,510.3911737,0.643935637
3/28/2020 5:00,2020,3,28,3/28/2020,6,11.78,101.089,1.086,510.4316155,0.643986661
3/28/2020 6:00,2020,3,28,3/28/2020,7,8.103,100.409,1.08,510.4720664,0.644037696
3/28/2020 7:00,2020,3,28,3/28/2020,8,8.863,100.71,1.08,543.1948913,0.685322487
3/28/2020 8:00,2020,3,28,3/28/2020,9,8.633,102.308,1.08,622.1375691,0.784920611
3/28/2020 9:00,2020,3,28,3/28/2020,10,8.957,102.628,1.08,701.080256,0.884518747
3/28/2020 10:00,2020,3,28,3/28/2020,11,7.99,100.99,1.08,733.8031078,0.925803572
3/28/2020 11:00,2020,3,28,3/28/2020,12,8.83,102.132,1.08,733.8436035,0.925854664
3/28/2020 12:00,2020,3,28,3/28/2020,13,10.251,102.228,1.08,733.8841081,0.925905767
3/28/2020 13:00,2020,3,28,3/28/2020,14,9.687,101.908,1.08,733.9246216,0.92595688
3/28/2020 14:00,2020,3,28,3/28/2020,15,12.928,102.72,1.109,733.965144,0.926008006
3/28/2020 15:00,2020,3,28,3/28/2020,16,13.841,102.691,1.127,734.0056752,0.926059142
3/28/2020 16:00,2020,3,28,3/28/2020,17,16.046,102.746,1.171,734.0462152,0.926110289
3/28/2020 17:00,2020,3,28,3/28/2020,18,16.075,101.208,1.171,734.0867641,0.926161448
3/28/2020 18:00,2020,3,28,3/28/2020,19,17.863,99.399,1.207,734.1273217,0.926212617
3/28/2020 19:00,2020,3,28,3/28/2020,20,18.865,102.551,1.212,664.7374865,0.838666848
3/28/2020 20:00,2020,3,28,3/28/2020,21,18.808,100.502,1.212,595.34766,0.75112109
3/28/2020 21:00,2020,3,28,3/28/2020,22,18.199,100.282,1.21,595.3882439,0.751172293
3/28/2020 22:00,2020,3,28,3/28/2020,23,18.302,98.541,1.211,595.4288364,0.751223507
3/28/2020 23:00,2020,3,28,3/28/2020,24,20.722,100.874,1.216,553.3152653,0.698090869
3/29/2020 0:00,2020,3,29,3/29/2020,1,16.936,99.714,1.189,511.2017027,0.644958242
3/29/2020 1:00,2020,3,29,3/29/2020,2,16.697,102.011,1.184,511.2423213,0.645009489
3/29/2020 2:00,2020,3,29,3/29/2020,3,15.863,99.425,1.167,511.2829485,0.645060746
3/29/2020 3:00,2020,3,29,3/29/2020,4,14.28,100.265,1.136,511.3235843,0.645112014
3/29/2020 4:00,2020,3,29,3/29/2020,5,12.433,100.785,1.099,511.3642286,0.645163293
3/29/2020 5:00,2020,3,29,3/29/2020,6,10.611,96.505,1.08,511.4048815,0.645214583
3/29/2020 6:00,2020,3,29,3/29/2020,7,10.172,100.967,1.08,511.445543,0.645265884
3/29/2020 7:00,2020,3,29,3/29/2020,8,7.887,99.003,1.08,544.168578,0.68655094
3/29/2020 8:00,2020,3,29,3/29/2020,9,8.759,100.313,1.08,623.1114655,0.786149329
3/29/2020 9:00,2020,3,29,3/29/2020,10,7.043,101.227,1.08,702.0543615,0.885747728
3/29/2020 10:00,2020,3,29,3/29/2020,11,9.15,100.3,1.08,734.7774219,0.927032817
3/29/2020 11:00,2020,3,29,3/29/2020,12,8.782,102.301,1.08,734.8181257,0.927084171
3/29/2020 12:00,2020,3,29,3/29/2020,13,9.199,101.598,1.08,734.858838,0.927135536
3/29/2020 13:00,2020,3,29,3/29/2020,14,9.38,102.146,1.08,734.8995586,0.927186911
3/29/2020 14:00,2020,3,29,3/29/2020,15,11.905,99.429,1.088,734.9402876,0.927238297
3/29/2020 15:00,2020,3,29,3/29/2020,16,13.695,101.977,1.124,734.9810249,0.927289693
3/29/2020 16:00,2020,3,29,3/29/2020,17,13.157,103.353,1.113,735.0217705,0.9273411
3/29/2020 17:00,2020,3,29,3/29/2020,18,16.042,102.322,1.171,735.0625245,0.927392517
3/29/2020 18:00,2020,3,29,3/29/2020,19,17.575,103.03,1.202,735.1032868,0.927443945
3/29/2020 19:00,2020,3,29,3/29/2020,20,17.503,101.778,1.2,665.7136556,0.839898433
3/29/2020 20:00,2020,3,29,3/29/2020,21,18.88,98.931,1.212,596.3240327,0.752352932
3/29/2020 21:00,2020,3,29,3/29/2020,22,19.113,99.849,1.212,596.3648197,0.752404391
3/29/2020 22:00,2020,3,29,3/29/2020,23,18.7,100.41,1.212,596.4056148,0.75245586
3/29/2020 23:00,2020,3,29,3/29/2020,24,17.653,99.632,1.203,554.2922458,0.699323478
3/30/2020 0:00,2020,3,30,3/30/2020,1,16.659,98.773,1.183,512.1788848,0.646191105
3/30/2020 1:00,2020,3,30,3/30/2020,2,15.573,100.27,1.161,512.2197045,0.646242605
3/30/2020 2:00,2020,3,30,3/30/2020,3,14.735,101.782,1.145,512.2605323,0.646294116
3/30/2020 3:00,2020,3,30,3/30/2020,4,13.483,100.602,1.12,512.3013681,0.646345636
3/30/2020 4:00,2020,3,30,3/30/2020,5,11.518,102.004,1.08,512.3422121,0.646397167
3/30/2020 5:00,2020,3,30,3/30/2020,6,11.172,98.003,1.08,512.3830641,0.646448708
3/30/2020 6:00,2020,3,30,3/30/2020,7,7.984,98.906,1.08,512.4239241,0.646500259
3/30/2020 7:00,2020,3,30,3/30/2020,8,7.498,101.009,1.08,545.1471572,0.687785566
3/30/2020 8:00,2020,3,30,3/30/2020,9,7.919,102.224,1.08,624.0902422,0.787384204
3/30/2020 9:00,2020,3,30,3/30/2020,10,7.466,102.371,1.08,703.0333352,0.886982852
3/30/2020 10:00,2020,3,30,3/30/2020,11,8.894,102.691,1.08,735.7565923,0.928268188
3/30/2020 11:00,2020,3,30,3/30/2020,12,6.2,102.347,1.08,735.7974921,0.92831979
3/30/2020 12:00,2020,3,30,3/30/2020,13,9.383,100.223,1.08,735.8383999,0.928371401
3/30/2020 13:00,2020,3,30,3/30/2020,14,10.747,102.526,1.08,735.8793156,0.928423022
3/30/2020 14:00,2020,3,30,3/30/2020,15,13.021,102.363,1.11,735.9202391,0.928474654
3/30/2020 15:00,2020,3,30,3/30/2020,16,13.588,101.729,1.122,735.9611705,0.928526295
3/30/2020 16:00,2020,3,30,3/30/2020,17,15.194,101.552,1.154,736.0021097,0.928577946
3/30/2020 17:00,2020,3,30,3/30/2020,18,16.249,100.465,1.175,736.0430567,0.928629607
3/30/2020 18:00,2020,3,30,3/30/2020,19,17.828,100.698,1.207,736.0840114,0.928681277
3/30/2020 19:00,2020,3,30,3/30/2020,20,19.839,103.43,1.214,666.6945723,0.841136008
3/30/2020 20:00,2020,3,30,3/30/2020,21,19.796,99.297,1.214,597.3051409,0.753590749
3/30/2020 21:00,2020,3,30,3/30/2020,22,20.608,100.283,1.216,597.3461189,0.753642448
3/30/2020 22:00,2020,3,30,3/30/2020,23,18.996,98.317,1.212,597.3871046,0.753694158
3/30/2020 23:00,2020,3,30,3/30/2020,24,17.909,98.441,1.208,555.2739255,0.700562015
3/31/2020 0:00,2020,3,31,3/31/2020,1,18.411,100.345,1.211,513.1607541,0.647429882
3/31/2020 1:00,2020,3,31,3/31/2020,2,15.011,99.24,1.15,513.2017627,0.64748162
3/31/2020 2:00,2020,3,31,3/31/2020,3,14.036,100.112,1.131,513.242779,0.647533369
3/31/2020 3:00,2020,3,31,3/31/2020,4,13.907,99.106,1.128,513.2838028,0.647585126
3/31/2020 4:00,2020,3,31,3/31/2020,5,10.977,100.485,1.08,513.3248343,0.647636894
3/31/2020 5:00,2020,3,31,3/31/2020,6,11.746,100.981,1.085,513.3658732,0.647688671
3/31/2020 6:00,2020,3,31,3/31/2020,7,9.431,99.082,1.08,513.4069197,0.647740457
3/31/2020 7:00,2020,3,31,3/31/2020,8,9.888,100.353,1.08,546.1303388,0.689025998
3/31/2020 8:00,2020,3,31,3/31/2020,9,6.642,101.714,1.08,625.0736093,0.78862487
3/31/2020 9:00,2020,3,31,3/31/2020,10,9.514,103.901,1.08,704.0168872,0.888223751
3/31/2020 10:00,2020,3,31,3/31/2020,11,8.384,104.317,1.08,736.7403287,0.929509321
3/31/2020 11:00,2020,3,31,3/31/2020,12,8.583,101.028,1.08,736.7814125,0.929561154
3/31/2020 12:00,2020,3,31,3/31/2020,13,10.507,103.589,1.08,736.8225037,0.929612997
3/31/2020 13:00,2020,3,31,3/31/2020,14,9.536,101.203,1.08,736.8636023,0.929664849
3/31/2020 14:00,2020,3,31,3/31/2020,15,11.011,101.013,1.08,736.9047083,0.92971671
3/31/2020 15:00,2020,3,31,3/31/2020,16,13.982,103.481,1.13,736.9458215,0.929768581
3/31/2020 16:00,2020,3,31,3/31/2020,17,14.908,102.795,1.148,736.9869421,0.929820461
3/31/2020 17:00,2020,3,31,3/31/2020,18,16.282,101.176,1.176,737.02807,0.92987235
3/31/2020 18:00,2020,3,31,3/31/2020,19,16.595,101.423,1.182,737.0692052,0.929924248
3/31/2020 19:00,2020,3,31,3/31/2020,20,16.304,102.192,1.176,667.6799459,0.842379206
3/31/2020 20:00,2020,3,31,3/31/2020,21,18.465,100.962,1.211,598.2906939,0.754834173
3/31/2020 21:00,2020,3,31,3/31/2020,22,17.126,99.861,1.193,598.3318508,0.754886098
3/31/2020 22:00,2020,3,31,3/31/2020,23,17.79,99.568,1.206,598.3730148,0.754938033
3/31/2020 23:00,2020,3,31,3/31/2020,24,18.478,100.195,1.211,556.2600136,0.701806114
4/1/2020 0:00,2020,4,1,4/1/2020,1,18.647,99.865,1.211,510.5914682,0.644188339
4/1/2020 1:00,2020,4,1,4/1/2020,2,18.161,98.883,1.21,510.6326537,0.644240301
4/1/2020 2:00,2020,4,1,4/1/2020,3,17.833,101.235,1.207,510.6738463,0.644292272
4/1/2020 3:00,2020,4,1,4/1/2020,4,14.364,98.797,1.137,510.715046,0.644344251
4/1/2020 4:00,2020,4,1,4/1/2020,5,14.371,99.526,1.137,510.7562527,0.64439624
4/1/2020 5:00,2020,4,1,4/1/2020,6,11.073,101.169,1.08,510.7974665,0.644448237
4/1/2020 6:00,2020,4,1,4/1/2020,7,10.752,99.315,1.08,510.8386873,0.644500243
4/1/2020 7:00,2020,4,1,4/1/2020,8,9.189,98.873,1.08,543.1362541,0.685248507
4/1/2020 8:00,2020,4,1,4/1/2020,9,9.306,100.948,1.08,621.0511802,0.783549968
4/1/2020 9:00,2020,4,1,4/1/2020,10,8.359,100.739,1.08,698.9661132,0.881851436
4/1/2020 10:00,2020,4,1,4/1/2020,11,9.866,100.055,1.08,731.263701,0.922599727
4/1/2020 11:00,2020,4,1,4/1/2020,12,9.374,100.831,1.08,731.3049565,0.922651777
4/1/2020 12:00,2020,4,1,4/1/2020,13,11.025,100.03,1.08,731.346219,0.922703836
4/1/2020 13:00,2020,4,1,4/1/2020,14,12.227,100.59,1.095,731.3874883,0.922755903
4/1/2020 14:00,2020,4,1,4/1/2020,15,13.55,101.21,1.121,731.4287645,0.922807979
4/1/2020 15:00,2020,4,1,4/1/2020,16,13.681,100.188,1.124,731.4700475,0.922860064
4/1/2020 16:00,2020,4,1,4/1/2020,17,17.595,98.561,1.202,731.5113373,0.922912157
4/1/2020 17:00,2020,4,1,4/1/2020,18,17.96,98.676,1.209,731.5526339,0.922964259
4/1/2020 18:00,2020,4,1,4/1/2020,19,19.518,99.493,1.213,731.5939373,0.92301637
4/1/2020 19:00,2020,4,1,4/1/2020,20,20.93,100.329,1.217,663.1098952,0.836613396
4/1/2020 20:00,2020,4,1,4/1/2020,21,20.238,99.558,1.215,594.6258598,0.75021043
4/1/2020 21:00,2020,4,1,4/1/2020,22,20.79,100.739,1.216,594.6671833,0.750262566
4/1/2020 22:00,2020,4,1,4/1/2020,23,20.303,100.214,1.215,594.7085135,0.75031471
4/1/2020 23:00,2020,4,1,4/1/2020,24,20.495,99.822,1.216,553.1451723,0.697876271
4/2/2020 0:00,2020,4,2,4/2/2020,1,18.648,100.698,1.211,511.5818376,0.64543784
4/2/2020 1:00,2020,4,2,4/2/2020,2,18.467,99.105,1.211,511.6231877,0.645490009
4/2/2020 2:00,2020,4,2,4/2/2020,3,15.975,100.633,1.17,511.6645445,0.645542187
4/2/2020 3:00,2020,4,2,4/2/2020,4,15.538,99.771,1.161,511.7059078,0.645594373
4/2/2020 4:00,2020,4,2,4/2/2020,5,13.107,100.566,1.112,511.7472776,0.645646567
4/2/2020 5:00,2020,4,2,4/2/2020,6,12.583,100.961,1.102,511.788654,0.64569877
4/2/2020 6:00,2020,4,2,4/2/2020,7,11.259,98.779,1.08,511.8300368,0.645750981
4/2/2020 7:00,2020,4,2,4/2/2020,8,10.057,99.504,1.08,544.1277653,0.686499449
4/2/2020 8:00,2020,4,2,4/2/2020,9,9.59,101.813,1.08,622.0428524,0.784801112
4/2/2020 9:00,2020,4,2,4/2/2020,10,10.207,100.582,1.08,699.957946,0.883102783
4/2/2020 10:00,2020,4,2,4/2/2020,11,9.072,100.852,1.08,732.2556938,0.923851276
4/2/2020 11:00,2020,4,2,4/2/2020,12,9.908,99.415,1.08,732.2971089,0.923903527
4/2/2020 12:00,2020,4,2,4/2/2020,13,10.363,98.719,1.08,732.3385304,0.923955787
4/2/2020 13:00,2020,4,2,4/2/2020,14,12.08,99.296,1.092,732.3799582,0.924008054
4/2/2020 14:00,2020,4,2,4/2/2020,15,13.624,101.348,1.122,732.4213924,0.92406033
4/2/2020 15:00,2020,4,2,4/2/2020,16,15.194,99.168,1.154,732.4628329,0.924112613
4/2/2020 16:00,2020,4,2,4/2/2020,17,17.412,100.325,1.198,732.5042797,0.924164904
4/2/2020 17:00,2020,4,2,4/2/2020,18,18.051,99.827,1.21,732.5457328,0.924217204
4/2/2020 18:00,2020,4,2,4/2/2020,19,17.113,101.327,1.192,732.5871921,0.924269511
4/2/2020 19:00,2020,4,2,4/2/2020,20,20.273,102.128,1.215,664.1033055,0.837866733
4/2/2020 20:00,2020,4,2,4/2/2020,21,21.456,100.271,1.218,595.619425,0.751463963
4/2/2020 21:00,2020,4,2,4/2/2020,22,21.214,99.206,1.217,595.660903,0.751516294
4/2/2020 22:00,2020,4,2,4/2/2020,23,21.275,100.329,1.217,595.7023871,0.751568632
4/2/2020 23:00,2020,4,2,4/2/2020,24,18.862,100.999,1.212,554.1391992,0.699130386
4/3/2020 0:00,2020,4,3,4/3/2020,1,18.275,98.409,1.211,512.5760175,0.646692148
4/3/2020 1:00,2020,4,3,4/3/2020,2,18.88,100.615,1.212,512.61752,0.64674451
4/3/2020 2:00,2020,4,3,4/3/2020,3,16.244,100.415,1.175,512.6590286,0.646796879
4/3/2020 3:00,2020,4,3,4/3/2020,4,14.435,100.202,1.139,512.7005433,0.646849256
4/3/2020 4:00,2020,4,3,4/3/2020,5,12.693,99.757,1.104,512.7420639,0.646901641
4/3/2020 5:00,2020,4,3,4/3/2020,6,14.385,100.266,1.138,512.7835907,0.646954033
4/3/2020 6:00,2020,4,3,4/3/2020,7,10.593,99.671,1.08,512.8251234,0.647006433
4/3/2020 7:00,2020,4,3,4/3/2020,8,9.29,98.839,1.08,545.1230011,0.687755089
4/3/2020 8:00,2020,4,3,4/3/2020,9,9.989,102.357,1.08,623.0382371,0.78605694
4/3/2020 9:00,2020,4,3,4/3/2020,10,9.545,103.338,1.08,700.9534789,0.884358799
4/3/2020 10:00,2020,4,3,4/3/2020,11,9.704,100.882,1.08,733.2513745,0.925107477
4/3/2020 11:00,2020,4,3,4/3/2020,12,8.555,100.521,1.08,733.2929369,0.925159915
4/3/2020 12:00,2020,4,3,4/3/2020,13,10.256,101.771,1.08,733.3345051,0.925212359
4/3/2020 13:00,2020,4,3,4/3/2020,14,13.608,101.794,1.122,733.3760792,0.925264811
4/3/2020 14:00,2020,4,3,4/3/2020,15,13.979,99.731,1.13,733.4176591,0.925317271
4/3/2020 15:00,2020,4,3,4/3/2020,16,12.948,101.104,1.109,733.4592448,0.925369737
4/3/2020 16:00,2020,4,3,4/3/2020,17,15.588,103.917,1.162,733.5008363,0.925422211
4/3/2020 17:00,2020,4,3,4/3/2020,18,18.05,102.634,1.21,733.5424336,0.925474693
4/3/2020 18:00,2020,4,3,4/3/2020,19,19.095,101.627,1.212,733.5840366,0.925527181
4/3/2020 19:00,2020,4,3,4/3/2020,20,20.509,103.141,1.216,665.1002931,0.839124584
4/3/2020 20:00,2020,4,3,4/3/2020,21,20.441,99.541,1.215,596.6165553,0.752721994
4/3/2020 21:00,2020,4,3,4/3/2020,22,20.276,100.402,1.215,596.6581754,0.752774504
4/3/2020 22:00,2020,4,3,4/3/2020,23,19.772,99.921,1.214,596.6998012,0.752827021
4/3/2020 23:00,2020,4,3,4/3/2020,24,19.54,101.455,1.213,555.1367544,0.700388953
4/4/2020 0:00,2020,4,4,4/4/2020,1,20.055,101.837,1.215,513.5737133,0.647950892
4/4/2020 1:00,2020,4,4,4/4/2020,2,18.579,100.341,1.211,513.6153559,0.648003431
4/4/2020 2:00,2020,4,4,4/4/2020,3,16.761,99.549,1.185,513.657004,0.648055976
4/4/2020 3:00,2020,4,4,4/4/2020,4,13.448,99.691,1.119,513.6986577,0.648108529
4/4/2020 4:00,2020,4,4,4/4/2020,5,13.565,99.304,1.121,513.740317,0.648161088
4/4/2020 5:00,2020,4,4,4/4/2020,6,11.837,101.918,1.087,513.7819817,0.648213654
4/4/2020 6:00,2020,4,4,4/4/2020,7,10.517,100.278,1.08,513.8236519,0.648266228
4/4/2020 7:00,2020,4,4,4/4/2020,8,9.802,101.012,1.08,546.1216667,0.689015057
4/4/2020 8:00,2020,4,4,4/4/2020,9,9.562,102.009,1.08,624.0370391,0.78731708
4/4/2020 9:00,2020,4,4,4/4/2020,10,8.489,103.454,1.08,701.952417,0.88561911
4/4/2020 10:00,2020,4,4,4/4/2020,11,9.257,101.715,1.08,734.250448,0.92636796
4/4/2020 11:00,2020,4,4,4/4/2020,12,11.185,101.041,1.08,734.2921453,0.926420567
4/4/2020 12:00,2020,4,4,4/4/2020,13,10.625,102.426,1.08,734.333848,0.926473181
4/4/2020 13:00,2020,4,4,4/4/2020,14,11.712,102.027,1.084,734.375556,0.926525802
4/4/2020 14:00,2020,4,4,4/4/2020,15,13.135,100.809,1.113,734.4172694,0.92657843
4/4/2020 15:00,2020,4,4,4/4/2020,16,15.452,105.094,1.159,734.458988,0.926631064
4/4/2020 16:00,2020,4,4,4/4/2020,17,15.797,101.131,1.166,734.5007119,0.926683705
4/4/2020 17:00,2020,4,4,4/4/2020,18,18.271,102.254,1.211,734.542441,0.926736353
4/4/2020 18:00,2020,4,4,4/4/2020,19,18.795,102.54,1.212,734.5841753,0.926789007
4/4/2020 19:00,2020,4,4,4/4/2020,20,19.77,101.737,1.214,666.1005627,0.840386575
4/4/2020 20:00,2020,4,4,4/4/2020,21,21.079,99.493,1.217,597.6169552,0.753984149
4/4/2020 21:00,2020,4,4,4/4/2020,22,21.846,101.041,1.219,597.6587051,0.754036823
4/4/2020 22:00,2020,4,4,4/4/2020,23,20.517,99.569,1.216,597.7004601,0.754089504
4/4/2020 23:00,2020,4,4,4/4/2020,24,20.109,100.665,1.215,556.1375422,0.701651598
4/5/2020 0:00,2020,4,5,4/5/2020,1,17.99,101.49,1.21,514.5746293,0.649213699
4/5/2020 1:00,2020,4,5,4/5/2020,2,17.608,100.396,1.202,514.6163996,0.649266399
4/5/2020 2:00,2020,4,5,4/5/2020,3,17.209,100.2,1.194,514.658175,0.649319105
4/5/2020 3:00,2020,4,5,4/5/2020,4,15.601,99.634,1.162,514.6999554,0.649371817
4/5/2020 4:00,2020,4,5,4/5/2020,5,13.35,100.566,1.117,514.7417409,0.649424536
4/5/2020 5:00,2020,4,5,4/5/2020,6,12.475,100.326,1.099,514.7835313,0.649477261
4/5/2020 6:00,2020,4,5,4/5/2020,7,11.887,97.787,1.088,514.8253267,0.649529992
4/5/2020 7:00,2020,4,5,4/5/2020,8,10.306,99.556,1.08,547.1234661,0.690278978
4/5/2020 8:00,2020,4,5,4/5/2020,9,10.066,100.647,1.08,625.0389627,0.788581158
4/5/2020 9:00,2020,4,5,4/5/2020,10,9.016,101.822,1.08,702.9544642,0.886883344
4/5/2020 10:00,2020,4,5,4/5/2020,11,10.22,102.919,1.08,735.2526183,0.927632349
4/5/2020 11:00,2020,4,5,4/5/2020,12,10.318,100.471,1.08,735.2944382,0.927685111
4/5/2020 12:00,2020,4,5,4/5/2020,13,10.86,102.071,1.08,735.336263,0.927737879
4/5/2020 13:00,2020,4,5,4/5/2020,14,12.197,102.854,1.094,735.3780926,0.927790654
4/5/2020 14:00,2020,4,5,4/5/2020,15,14.604,102.304,1.142,735.4199269,0.927843434
4/5/2020 15:00,2020,4,5,4/5/2020,16,14.51,102.11,1.14,735.4617661,0.927896221
4/5/2020 16:00,2020,4,5,4/5/2020,17,17.203,102.224,1.194,735.50361,0.927949013
4/5/2020 17:00,2020,4,5,4/5/2020,18,18.663,103.478,1.211,735.5454586,0.928001811
4/5/2020 18:00,2020,4,5,4/5/2020,19,18.816,102.439,1.212,735.5873119,0.928054616
4/5/2020 19:00,2020,4,5,4/5/2020,20,21.357,102.407,1.217,667.1038177,0.841652333
4/5/2020 20:00,2020,4,5,4/5/2020,21,21.656,101.582,1.218,598.6203282,0.755250056
4/5/2020 21:00,2020,4,5,4/5/2020,22,20.092,100.085,1.215,598.6621955,0.755302878
4/5/2020 22:00,2020,4,5,4/5/2020,23,20.099,101.482,1.215,598.7040675,0.755355706
4/5/2020 23:00,2020,4,5,4/5/2020,24,19.905,100.184,1.214,557.1412659,0.702917947
4/6/2020 0:00,2020,4,6,4/6/2020,1,18.814,100.711,1.212,515.578469,0.650480195
4/6/2020 1:00,2020,4,6,4/6/2020,2,18.215,99.829,1.21,515.6203547,0.65053304
4/6/2020 2:00,2020,4,6,4/6/2020,3,16.848,99.452,1.187,515.6622449,0.650585891
4/6/2020 3:00,2020,4,6,4/6/2020,4,15.003,99.504,1.15,515.7041397,0.650638747
4/6/2020 4:00,2020,4,6,4/6/2020,5,14.646,99.31,1.143,515.7460389,0.65069161
4/6/2020 5:00,2020,4,6,4/6/2020,6,12.374,99.322,1.097,515.7879427,0.650744477
4/6/2020 6:00,2020,4,6,4/6/2020,7,12.229,100.153,1.095,515.8298508,0.650797351
4/6/2020 7:00,2020,4,6,4/6/2020,8,9.904,100.597,1.08,548.1281025,0.691546479
4/6/2020 8:00,2020,4,6,4/6/2020,9,10.213,104.529,1.08,626.0437109,0.7898488
4/6/2020 9:00,2020,4,6,4/6/2020,10,11.405,102.617,1.08,703.9593236,0.888151126
4/6/2020 10:00,2020,4,6,4/6/2020,11,8.902,101.414,1.08,736.2575884,0.928900271
4/6/2020 11:00,2020,4,6,4/6/2020,12,10.357,102.178,1.08,736.2995185,0.928953172
4/6/2020 12:00,2020,4,6,4/6/2020,13,11.346,101.733,1.08,736.341453,0.929006079
4/6/2020 13:00,2020,4,6,4/6/2020,14,11.238,103.164,1.08,736.3833917,0.929058991
4/6/2020 14:00,2020,4,6,4/6/2020,15,13.686,101.513,1.124,736.4253347,0.929111908
4/6/2020 15:00,2020,4,6,4/6/2020,16,16.115,102.858,1.172,736.467282,0.929164831
4/6/2020 16:00,2020,4,6,4/6/2020,17,15.845,101.552,1.167,736.5092335,0.929217759
4/6/2020 17:00,2020,4,6,4/6/2020,18,17.807,104.672,1.206,736.5511893,0.929270693
4/6/2020 18:00,2020,4,6,4/6/2020,19,19.558,102.795,1.213,736.5931492,0.929323631
4/6/2020 19:00,2020,4,6,4/6/2020,20,19.815,100.899,1.214,668.109761,0.842921483
4/6/2020 20:00,2020,4,6,4/6/2020,21,19.635,99.551,1.214,599.6263771,0.756519339
4/6/2020 21:00,2020,4,6,4/6/2020,22,20.574,100.799,1.216,599.6683494,0.756572293
4/6/2020 22:00,2020,4,6,4/6/2020,23,19.8,100.859,1.214,599.7103259,0.756625253
4/6/2020 23:00,2020,4,6,4/6/2020,24,18.316,100.656,1.211,558.1476283,0.704187626
4/7/2020 0:00,2020,4,7,4/7/2020,1,18.659,100.297,1.211,516.5849348,0.651750004
4/7/2020 1:00,2020,4,7,4/7/2020,2,17.337,99.468,1.197,516.6269235,0.651802979
4/7/2020 2:00,2020,4,7,4/7/2020,3,15.325,101.028,1.157,516.6689162,0.651855959
4/7/2020 3:00,2020,4,7,4/7/2020,4,15.68,98.659,1.164,516.7109129,0.651908944
4/7/2020 4:00,2020,4,7,4/7/2020,5,13.61,100.473,1.122,516.7529135,0.651961934
4/7/2020 5:00,2020,4,7,4/7/2020,6,13.3,99.869,1.116,516.7949181,0.652014929
4/7/2020 6:00,2020,4,7,4/7/2020,7,11.382,99.877,1.08,516.8369267,0.652067929
4/7/2020 7:00,2020,4,7,4/7/2020,8,10.943,99.551,1.08,549.1352782,0.692817183
4/7/2020 8:00,2020,4,7,4/7/2020,9,9.649,103.291,1.08,627.0509859,0.79111963
4/7/2020 9:00,2020,4,7,4/7/2020,10,9.046,102.111,1.08,704.9666974,0.889422081
4/7/2020 10:00,2020,4,7,4/7/2020,11,8.652,99.904,1.08,737.2650605,0.930171349
4/7/2020 11:00,2020,4,7,4/7/2020,12,9.865,101.452,1.08,737.3070884,0.930224374
4/7/2020 12:00,2020,4,7,4/7/2020,13,10.845,103.243,1.08,737.3491201,0.930277403
4/7/2020 13:00,2020,4,7,4/7/2020,14,12.688,102.989,1.104,737.3911556,0.930330437
4/7/2020 14:00,2020,4,7,4/7/2020,15,13.869,102.608,1.127,737.4331949,0.930383476
4/7/2020 15:00,2020,4,7,4/7/2020,16,15.756,103.531,1.165,737.4752379,0.93043652
4/7/2020 16:00,2020,4,7,4/7/2020,17,16.672,100.076,1.183,737.5172846,0.930489568
4/7/2020 17:00,2020,4,7,4/7/2020,18,18.311,103.099,1.211,737.5593349,0.930542621
4/7/2020 18:00,2020,4,7,4/7/2020,19,18.961,101.927,1.212,737.601389,0.930595678
4/7/2020 19:00,2020,4,7,4/7/2020,20,19.857,102.192,1.214,669.1180945,0.844193648
4/7/2020 20:00,2020,4,7,4/7/2020,21,20.064,99.075,1.215,600.6348036,0.757791621
4/7/2020 21:00,2020,4,7,4/7/2020,22,20.692,100.957,1.216,600.6768686,0.757844693
4/7/2020 22:00,2020,4,7,4/7/2020,23,21.259,98.074,1.217,600.7189371,0.757897769
4/7/2020 23:00,2020,4,7,4/7/2020,24,18.932,100.028,1.212,559.1563311,0.705460257
4/8/2020 0:00,2020,4,8,4/8/2020,1,20.334,100.425,1.215,517.5937286,0.653022749
4/8/2020 1:00,2020,4,8,4/8/2020,2,17.498,100.154,1.2,517.6358078,0.653075839
4/8/2020 2:00,2020,4,8,4/8/2020,3,15.763,100.356,1.165,517.6778905,0.653128932
4/8/2020 3:00,2020,4,8,4/8/2020,4,14.224,99.694,1.134,517.7199767,0.65318203
4/8/2020 4:00,2020,4,8,4/8/2020,5,13.298,100.691,1.116,517.7620663,0.653235133
4/8/2020 5:00,2020,4,8,4/8/2020,6,13.433,99.503,1.119,517.8041593,0.65328824
4/8/2020 6:00,2020,4,8,4/8/2020,7,11.444,100.394,1.08,517.8462558,0.653341351
4/8/2020 7:00,2020,4,8,4/8/2020,8,9.151,99.868,1.08,550.1446948,0.694090715
4/8/2020 8:00,2020,4,8,4/8/2020,9,8.747,98.404,1.08,628.0604893,0.792393271
4/8/2020 9:00,2020,4,8,4/8/2020,10,9.079,98.635,1.08,705.9762872,0.890695831
4/8/2020 10:00,2020,4,8,4/8/2020,11,9.58,100.257,1.08,738.2747362,0.931445208
4/8/2020 11:00,2020,4,8,4/8/2020,12,10.638,98.782,1.08,738.3168494,0.93149834
4/8/2020 12:00,2020,4,8,4/8/2020,13,12.81,99.589,1.106,738.3589659,0.931551476
4/8/2020 13:00,2020,4,8,4/8/2020,14,11.768,98.697,1.085,738.4010856,0.931604617
4/8/2020 14:00,2020,4,8,4/8/2020,15,13.953,100.447,1.129,738.4432087,0.931657761
4/8/2020 15:00,2020,4,8,4/8/2020,16,15.161,100.354,1.153,738.4853349,0.93171091
4/8/2020 16:00,2020,4,8,4/8/2020,17,17.408,99.291,1.198,738.5274643,0.931764062
4/8/2020 17:00,2020,4,8,4/8/2020,18,18.504,99.696,1.211,738.5695969,0.931817219
4/8/2020 18:00,2020,4,8,4/8/2020,19,18.627,98.78,1.211,738.6117327,0.93187038
4/8/2020 19:00,2020,4,8,4/8/2020,20,18.82,101.055,1.212,670.1285193,0.845468451
4/8/2020 20:00,2020,4,8,4/8/2020,21,21.213,99.824,1.217,601.6453091,0.759066527
4/8/2020 21:00,2020,4,8,4/8/2020,22,19.866,100.002,1.214,601.6874542,0.759119699
4/8/2020 22:00,2020,4,8,4/8/2020,23,20.501,100.822,1.216,601.7296023,0.759172876
4/8/2020 23:00,2020,4,8,4/8/2020,24,20.676,100.072,1.216,560.1670754,0.706735464
4/9/2020 0:00,2020,4,9,4/9/2020,1,18.252,100.697,1.211,518.6045515,0.654298055
4/9/2020 1:00,2020,4,9,4/9/2020,2,17.782,98.179,1.206,518.6467087,0.654351243
4/9/2020 2:00,2020,4,9,4/9/2020,3,16.166,99.365,1.173,518.6888689,0.654404435
4/9/2020 3:00,2020,4,9,4/9/2020,4,17.101,99.227,1.192,518.7310321,0.65445763
4/9/2020 4:00,2020,4,9,4/9/2020,5,13.547,99.165,1.121,518.7731982,0.654510829
4/9/2020 5:00,2020,4,9,4/9/2020,6,11.162,98.717,1.08,518.8153672,0.654564031
4/9/2020 6:00,2020,4,9,4/9/2020,7,10.804,97.933,1.08,518.8575391,0.654617238
4/9/2020 7:00,2020,4,9,4/9/2020,8,9.49,99.901,1.08,551.156053,0.695366696
4/9/2020 8:00,2020,4,9,4/9/2020,9,10.988,101.007,1.08,629.0719219,0.793669346
4/9/2020 9:00,2020,4,9,4/9/2020,10,8.086,99.19,1.08,706.9877937,0.891971999
4/9/2020 10:00,2020,4,9,4/9/2020,11,8.452,100.373,1.08,739.2863161,0.932721469
4/9/2020 11:00,2020,4,9,4/9/2020,12,10.97,99.285,1.08,739.3285021,0.932774693
4/9/2020 12:00,2020,4,9,4/9/2020,13,11.058,99.376,1.08,739.370691,0.93282792
4/9/2020 13:00,2020,4,9,4/9/2020,14,12.398,99.749,1.098,739.4128825,0.932881151
4/9/2020 14:00,2020,4,9,4/9/2020,15,14.684,101.512,1.144,739.4550768,0.932934386
4/9/2020 15:00,2020,4,9,4/9/2020,16,16.4,98.832,1.178,739.4972738,0.932987624
4/9/2020 16:00,2020,4,9,4/9/2020,17,17.337,98.084,1.197,739.5394735,0.933040865
4/9/2020 17:00,2020,4,9,4/9/2020,18,17.057,98.678,1.191,739.5816758,0.93309411
4/9/2020 18:00,2020,4,9,4/9/2020,19,18.765,99.352,1.212,739.6238807,0.933147358
4/9/2020 19:00,2020,4,9,4/9/2020,20,20.491,101.028,1.216,671.1407361,0.846745516
4/9/2020 20:00,2020,4,9,4/9/2020,21,21.867,100.164,1.219,602.657594,0.760343677
4/9/2020 21:00,2020,4,9,4/9/2020,22,19.969,99.723,1.214,602.6998067,0.760396935
4/9/2020 22:00,2020,4,9,4/9/2020,23,19.816,100.021,1.214,602.742022,0.760450196
4/9/2020 23:00,2020,4,9,4/9/2020,24,20.665,101.312,1.216,561.1795617,0.708012868
4/10/2020 0:00,2020,4,10,4/10/2020,1,18.47,102.1,1.211,519.6171038,0.655575543
4/10/2020 1:00,2020,4,10,4/10/2020,2,17.06,100.316,1.191,519.6593266,0.655628814
4/10/2020 2:00,2020,4,10,4/10/2020,3,16.677,99.174,1.184,519.7015518,0.655682087
4/10/2020 3:00,2020,4,10,4/10/2020,4,14.991,101.051,1.15,519.7437795,0.655735364
4/10/2020 4:00,2020,4,10,4/10/2020,5,13.295,99.582,1.116,519.7860096,0.655788643
4/10/2020 5:00,2020,4,10,4/10/2020,6,10.989,100.035,1.08,519.8282421,0.655841926
4/10/2020 6:00,2020,4,10,4/10/2020,7,9.807,98.04,1.08,519.870477,0.655895212
4/10/2020 7:00,2020,4,10,4/10/2020,8,9.961,100.609,1.08,552.1690533,0.696644749
4/10/2020 8:00,2020,4,10,4/10/2020,9,10.047,103.624,1.08,630.0849841,0.794947477
4/10/2020 9:00,2020,4,10,4/10/2020,10,8.734,102.614,1.08,708.0009173,0.893250208
4/10/2020 10:00,2020,4,10,4/10/2020,11,10.415,101.736,1.08,740.2995005,0.933999754
4/10/2020 11:00,2020,4,10,4/10/2020,12,11.24,101.557,1.08,740.3417469,0.934053054
4/10/2020 12:00,2020,4,10,4/10/2020,13,11.361,102.855,1.08,740.3839956,0.934106357
4/10/2020 13:00,2020,4,10,4/10/2020,14,10.996,102.335,1.08,740.4262464,0.934159663
4/10/2020 14:00,2020,4,10,4/10/2020,15,13.452,102.217,1.119,740.4684995,0.934212972
4/10/2020 15:00,2020,4,10,4/10/2020,16,16.482,103.286,1.18,740.5107547,0.934266283
4/10/2020 16:00,2020,4,10,4/10/2020,17,15.623,101.756,1.162,740.5530121,0.934319597
4/10/2020 17:00,2020,4,10,4/10/2020,18,18.258,101.645,1.211,740.5952717,0.934372914
4/10/2020 18:00,2020,4,10,4/10/2020,19,18.107,100.653,1.21,740.6375333,0.934426234
4/10/2020 19:00,2020,4,10,4/10/2020,20,20.29,101.815,1.215,672.1544448,0.848024463
4/10/2020 20:00,2020,4,10,4/10/2020,21,21.407,101.222,1.218,603.6713584,0.761622694
4/10/2020 21:00,2020,4,10,4/10/2020,22,20.219,99.801,1.215,603.7136263,0.761676022
4/10/2020 22:00,2020,4,10,4/10/2020,23,19.86,97.767,1.214,603.7558962,0.761729352
4/10/2020 23:00,2020,4,10,4/10/2020,24,19.701,100.827,1.214,562.1934899,0.709292092
4/11/2020 0:00,2020,4,11,4/11/2020,1,18.926,101.611,1.212,520.6310856,0.656854835
4/11/2020 1:00,2020,4,11,4/11/2020,2,17.637,100.922,1.203,520.6733614,0.656908172
4/11/2020 2:00,2020,4,11,4/11/2020,3,17.967,99.1,1.209,520.7156392,0.656961512
4/11/2020 3:00,2020,4,11,4/11/2020,4,15.022,99.277,1.15,520.7579189,0.657014854
4/11/2020 4:00,2020,4,11,4/11/2020,5,13.472,99.425,1.119,520.8002005,0.657068199
4/11/2020 5:00,2020,4,11,4/11/2020,6,11.234,99.323,1.08,520.8424839,0.657121545
4/11/2020 6:00,2020,4,11,4/11/2020,7,10.228,100.335,1.08,520.8847692,0.657174895
4/11/2020 7:00,2020,4,11,4/11/2020,8,9.97,100.678,1.08,553.1833954,0.697924495
4/11/2020 8:00,2020,4,11,4/11/2020,9,8.187,103.147,1.08,631.0993757,0.796227285
4/11/2020 9:00,2020,4,11,4/11/2020,10,9.872,101.147,1.08,709.0153577,0.894530078
4/11/2020 10:00,2020,4,11,4/11/2020,11,9.915,102.038,1.08,741.3139893,0.935279685
4/11/2020 11:00,2020,4,11,4/11/2020,12,10.187,102.137,1.08,741.3562835,0.935333046
4/11/2020 12:00,2020,4,11,4/11/2020,13,11.355,101.07,1.08,741.3985794,0.935386408
4/11/2020 13:00,2020,4,11,4/11/2020,14,11.382,102.56,1.08,741.4408771,0.935439773
4/11/2020 14:00,2020,4,11,4/11/2020,15,13.575,102.239,1.122,741.4831764,0.93549314
4/11/2020 15:00,2020,4,11,4/11/2020,16,13.702,102.997,1.124,741.5254774,0.935546509
4/11/2020 16:00,2020,4,11,4/11/2020,17,16.364,102.877,1.177,741.56778,0.93559988
4/11/2020 17:00,2020,4,11,4/11/2020,18,17.284,102.045,1.196,741.6100843,0.935653254
4/11/2020 18:00,2020,4,11,4/11/2020,19,19.846,102.119,1.214,741.6523901,0.935706629
4/11/2020 19:00,2020,4,11,4/11/2020,20,20.547,100.884,1.216,673.1693452,0.849304913
4/11/2020 20:00,2020,4,11,4/11/2020,21,20.75,101.046,1.216,604.6863019,0.762903199
4/11/2020 21:00,2020,4,11,4/11/2020,22,21.127,100.349,1.217,604.7286124,0.76295658
4/11/2020 22:00,2020,4,11,4/11/2020,23,20.341,99.806,1.215,604.7709244,0.763009963
4/11/2020 23:00,2020,4,11,4/11/2020,24,20.305,101.717,1.215,563.2085597,0.710572756
4/12/2020 0:00,2020,4,12,4/12/2020,1,20.095,99.144,1.215,521.6461964,0.65813555
4/12/2020 1:00,2020,4,12,4/12/2020,2,18.113,101.544,1.21,521.6885128,0.658188939
4/12/2020 2:00,2020,4,12,4/12/2020,3,16.907,99.038,1.188,521.7308305,0.658242329
4/12/2020 3:00,2020,4,12,4/12/2020,4,15.195,100.092,1.154,521.7731497,0.658295721
4/12/2020 4:00,2020,4,12,4/12/2020,5,12.674,100.608,1.103,521.8154702,0.658349115
4/12/2020 5:00,2020,4,12,4/12/2020,6,14.847,98.821,1.147,521.8577921,0.65840251
4/12/2020 6:00,2020,4,12,4/12/2020,7,11.415,99.571,1.08,521.9001153,0.658455907
4/12/2020 7:00,2020,4,12,4/12/2020,8,10.119,100.154,1.08,554.1987789,0.699205555
4/12/2020 8:00,2020,4,12,4/12/2020,9,9.744,99.991,1.08,632.114796,0.797508392
4/12/2020 9:00,2020,4,12,4/12/2020,10,8.621,101.629,1.08,710.0308143,0.89581123
4/12/2020 10:00,2020,4,12,4/12/2020,11,9.13,99.581,1.08,742.3294817,0.936560882
4/12/2020 11:00,2020,4,12,4/12/2020,12,9.768,102.368,1.08,742.3718112,0.936614287
4/12/2020 12:00,2020,4,12,4/12/2020,13,10.331,102.215,1.08,742.414142,0.936667694
4/12/2020 13:00,2020,4,12,4/12/2020,14,12.519,103.037,1.1,742.4564739,0.936721102
4/12/2020 14:00,2020,4,12,4/12/2020,15,11.867,99.092,1.087,742.4988069,0.936774512
4/12/2020 15:00,2020,4,12,4/12/2020,16,14.569,101.478,1.141,742.5411411,0.936827923
4/12/2020 16:00,2020,4,12,4/12/2020,17,16.016,101.673,1.17,742.5834764,0.936881335
4/12/2020 17:00,2020,4,12,4/12/2020,18,17.974,99.842,1.209,742.6258128,0.936934749
4/12/2020 18:00,2020,4,12,4/12/2020,19,19.545,102.572,1.213,742.6681502,0.936988164
4/12/2020 19:00,2020,4,12,4/12/2020,20,18.933,100.186,1.212,674.1851365,0.850586487
4/12/2020 20:00,2020,4,12,4/12/2020,21,21.752,99.064,1.218,605.7021238,0.764184812
4/12/2020 21:00,2020,4,12,4/12/2020,22,20.204,99.988,1.215,605.7444643,0.764238231
4/12/2020 22:00,2020,4,12,4/12/2020,23,20.283,99.99,1.215,605.7868058,0.764291651
4/12/2020 23:00,2020,4,12,4/12/2020,24,19.833,100.07,1.214,564.2244702,0.711854481
4/13/2020 0:00,2020,4,13,4/13/2020,1,19.101,99.797,1.212,522.6621354,0.659417311
4/13/2020 1:00,2020,4,13,4/13/2020,2,19.129,99.774,1.213,522.7044797,0.659470735
4/13/2020 2:00,2020,4,13,4/13/2020,3,17.098,99.682,1.192,522.7468249,0.65952416
4/13/2020 3:00,2020,4,13,4/13/2020,4,13.933,99.95,1.129,522.789171,0.659577586
4/13/2020 4:00,2020,4,13,4/13/2020,5,13.005,101.186,1.11,522.831518,0.659631013
4/13/2020 5:00,2020,4,13,4/13/2020,6,10.956,100.163,1.08,522.8738657,0.659684441
4/13/2020 6:00,2020,4,13,4/13/2020,7,11.433,100.453,1.08,522.9162143,0.65973787
4/13/2020 7:00,2020,4,13,4/13/2020,8,10.232,98.816,1.08,555.2149027,0.700487549
4/13/2020 8:00,2020,4,13,4/13/2020,9,10.206,103.603,1.08,633.1309441,0.798790416
4/13/2020 9:00,2020,4,13,4/13/2020,10,9.983,101.98,1.08,711.0469863,0.897093284
4/13/2020 10:00,2020,4,13,4/13/2020,11,9.734,101.405,1.08,743.3456769,0.937842966
4/13/2020 11:00,2020,4,13,4/13/2020,12,10.855,102.141,1.08,743.3880292,0.9378964
4/13/2020 12:00,2020,4,13,4/13/2020,13,10.183,102.345,1.08,743.4303822,0.937949835
4/13/2020 13:00,2020,4,13,4/13/2020,14,13.118,101.572,1.112,743.4727358,0.93800327
4/13/2020 14:00,2020,4,13,4/13/2020,15,13.535,101.311,1.121,743.51509,0.938056706
4/13/2020 15:00,2020,4,13,4/13/2020,16,15.943,101.498,1.169,743.5574448,0.938110143
4/13/2020 16:00,2020,4,13,4/13/2020,17,15.395,101.929,1.158,743.5998003,0.938163581
4/13/2020 17:00,2020,4,13,4/13/2020,18,17.122,104.077,1.192,743.6421563,0.93821702
4/13/2020 18:00,2020,4,13,4/13/2020,19,17.447,101.619,1.199,743.6845128,0.938270459
4/13/2020 19:00,2020,4,13,4/13/2020,20,20.921,102.398,1.216,675.2015177,0.851868806
4/13/2020 20:00,2020,4,13,4/13/2020,21,21.066,99.45,1.217,606.718523,0.765467153
4/13/2020 21:00,2020,4,13,4/13/2020,22,20.677,101.054,1.216,606.760881,0.765520594
4/13/2020 22:00,2020,4,13,4/13/2020,23,20.709,99.421,1.216,606.8032395,0.765574036
4/13/2020 23:00,2020,4,13,4/13/2020,24,19.981,102.126,1.214,565.2409203,0.713136886
4/14/2020 0:00,2020,4,14,4/14/2020,1,18.582,100.568,1.211,523.6786016,0.660699737
4/14/2020 1:00,2020,4,14,4/14/2020,2,18.998,99.557,1.212,523.7209613,0.66075318
4/14/2020 2:00,2020,4,14,4/14/2020,3,14.968,99.955,1.149,523.7633214,0.660806624
4/14/2020 3:00,2020,4,14,4/14/2020,4,13.441,100.086,1.119,523.8056819,0.660860068
4/14/2020 4:00,2020,4,14,4/14/2020,5,15.249,99.858,1.155,523.8480427,0.660913512
4/14/2020 5:00,2020,4,14,4/14/2020,6,12.094,101.195,1.092,523.8904038,0.660966957
4/14/2020 6:00,2020,4,14,4/14/2020,7,10.733,99.188,1.08,523.9327652,0.661020403
4/14/2020 7:00,2020,4,14,4/14/2020,8,10.982,99.846,1.08,556.2314659,0.701770097
4/14/2020 8:00,2020,4,14,4/14/2020,9,9.27,101.592,1.08,634.1475191,0.800072979
4/14/2020 9:00,2020,4,14,4/14/2020,10,9.432,102.262,1.08,712.0635725,0.898375862
4/14/2020 10:00,2020,4,14,4/14/2020,11,9.615,100.32,1.08,744.3622738,0.939125557
4/14/2020 11:00,2020,4,14,4/14/2020,12,8.973,101.711,1.08,744.4046363,0.939179004
4/14/2020 12:00,2020,4,14,4/14/2020,13,10.395,101.086,1.08,744.4469989,0.93923245
4/14/2020 13:00,2020,4,14,4/14/2020,14,13.146,101.344,1.113,744.4893617,0.939285897
4/14/2020 14:00,2020,4,14,4/14/2020,15,14.018,102.89,1.13,744.5317246,0.939339345
4/14/2020 15:00,2020,4,14,4/14/2020,16,15.202,101.456,1.154,744.5740875,0.939392792
4/14/2020 16:00,2020,4,14,4/14/2020,17,16.998,102.927,1.19,744.6164505,0.939446239
4/14/2020 17:00,2020,4,14,4/14/2020,18,18.33,102.921,1.211,744.6588136,0.939499687
4/14/2020 18:00,2020,4,14,4/14/2020,19,20.395,101.802,1.215,744.7011767,0.939553134
4/14/2020 19:00,2020,4,14,4/14/2020,20,19.373,100.983,1.213,676.2181875,0.853151489
4/14/2020 20:00,2020,4,14,4/14/2020,21,21.572,100.657,1.218,607.7351983,0.766749843
4/14/2020 21:00,2020,4,14,4/14/2020,22,20.714,99.57,1.216,607.7775614,0.76680329
4/14/2020 22:00,2020,4,14,4/14/2020,23,19.508,101.119,1.213,607.8199243,0.766856738
4/14/2020 23:00,2020,4,14,4/14/2020,24,20.344,102.535,1.215,566.257609,0.714419593
4/15/2020 0:00,2020,4,15,4/15/2020,1,18.231,100.107,1.211,524.6952936,0.661982448
4/15/2020 1:00,2020,4,15,4/15/2020,2,19.034,100.102,1.212,524.7376563,0.662035894
4/15/2020 2:00,2020,4,15,4/15/2020,3,16.403,100.405,1.178,524.7800187,0.662089341
4/15/2020 3:00,2020,4,15,4/15/2020,4,15.379,100.558,1.158,524.822381,0.662142787
4/15/2020 4:00,2020,4,15,4/15/2020,5,13.246,102.525,1.115,524.8647431,0.662196234
4/15/2020 5:00,2020,4,15,4/15/2020,6,11.606,99.646,1.082,524.907105,0.66224968
4/15/2020 6:00,2020,4,15,4/15/2020,7,11.122,99.433,1.08,524.9494667,0.662303125
4/15/2020 7:00,2020,4,15,4/15/2020,8,10.366,100.692,1.08,557.2481671,0.703052819
4/15/2020 8:00,2020,4,15,4/15/2020,9,9.73,99.126,1.08,635.1642195,0.801355701
4/15/2020 9:00,2020,4,15,4/15/2020,10,8.62,99.706,1.08,713.0802716,0.899658581
4/15/2020 10:00,2020,4,15,4/15/2020,11,9.458,100.801,1.08,745.3789712,0.940408274
4/15/2020 11:00,2020,4,15,4/15/2020,12,10.81,101.557,1.08,745.4213313,0.940461718
4/15/2020 12:00,2020,4,15,4/15/2020,13,9.266,102.936,1.08,745.463691,0.940515161
4/15/2020 13:00,2020,4,15,4/15/2020,14,11.096,97.843,1.08,745.5060504,0.940568604
4/15/2020 14:00,2020,4,15,4/15/2020,15,13.863,99.882,1.127,745.5484093,0.940622046
4/15/2020 15:00,2020,4,15,4/15/2020,16,15.749,100.276,1.165,745.5907678,0.940675488
4/15/2020 16:00,2020,4,15,4/15/2020,17,14.932,99.16,1.149,745.6331259,0.940728929
4/15/2020 17:00,2020,4,15,4/15/2020,18,17.342,100.868,1.197,745.6754834,0.940782369
4/15/2020 18:00,2020,4,15,4/15/2020,19,18.838,101.058,1.212,745.7178405,0.940835809
4/15/2020 19:00,2020,4,15,4/15/2020,20,18.45,100.282,1.211,677.2348448,0.854434155
4/15/2020 20:00,2020,4,15,4/15/2020,21,19.368,101.582,1.213,608.7518486,0.768032501
4/15/2020 21:00,2020,4,15,4/15/2020,22,19.948,101.578,1.214,608.794204,0.768085939
4/15/2020 22:00,2020,4,15,4/15/2020,23,18.893,98.69,1.212,608.8365589,0.768139376
4/15/2020 23:00,2020,4,15,4/15/2020,24,19.22,101.239,1.213,567.274235,0.71570222
4/16/2020 0:00,2020,4,16,4/16/2020,1,21.835,100.461,1.219,525.7119104,0.663265063
4/16/2020 1:00,2020,4,16,4/16/2020,2,18.989,99.652,1.212,525.7542634,0.663318498
4/16/2020 2:00,2020,4,16,4/16/2020,3,16.431,99.526,1.179,525.7966156,0.663371932
4/16/2020 3:00,2020,4,16,4/16/2020,4,13.71,100.549,1.124,525.8389672,0.663425365
4/16/2020 4:00,2020,4,16,4/16/2020,5,12.083,99.342,1.092,525.8813181,0.663478797
4/16/2020 5:00,2020,4,16,4/16/2020,6,11.341,98.421,1.08,525.9236682,0.663532228
4/16/2020 6:00,2020,4,16,4/16/2020,7,10.395,99.539,1.08,525.9660175,0.663585658
4/16/2020 7:00,2020,4,16,4/16/2020,8,8.894,99.911,1.08,558.2647052,0.704335336
4/16/2020 8:00,2020,4,16,4/16/2020,9,8.511,99.705,1.08,636.1807442,0.8026382
4/16/2020 9:00,2020,4,16,4/16/2020,10,8.13,99.443,1.08,714.0967825,0.900941063
4/16/2020 10:00,2020,4,16,4/16/2020,11,9.063,98.787,1.08,746.3954676,0.941690738
4/16/2020 11:00,2020,4,16,4/16/2020,12,10.501,99.832,1.08,746.4378129,0.941744163
4/16/2020 12:00,2020,4,16,4/16/2020,13,11.933,100.547,1.089,746.4801572,0.941797587
4/16/2020 13:00,2020,4,16,4/16/2020,14,9.987,100.784,1.08,746.5225006,0.94185101
4/16/2020 14:00,2020,4,16,4/16/2020,15,14.034,101.773,1.131,746.564843,0.941904431
4/16/2020 15:00,2020,4,16,4/16/2020,16,15.404,100.637,1.158,746.6071846,0.941957851
4/16/2020 16:00,2020,4,16,4/16/2020,17,17.15,99.473,1.193,746.6495251,0.94201127
4/16/2020 17:00,2020,4,16,4/16/2020,18,18.051,100.925,1.21,746.6918646,0.942064688
4/16/2020 18:00,2020,4,16,4/16/2020,19,18.908,99.534,1.212,746.7342031,0.942118104
4/16/2020 19:00,2020,4,16,4/16/2020,20,21.412,99.256,1.218,678.2511883,0.855716426
4/16/2020 20:00,2020,4,16,4/16/2020,21,19.47,101.157,1.213,609.7681725,0.769314747
4/16/2020 21:00,2020,4,16,4/16/2020,22,19.727,99.792,1.214,609.8105078,0.76936816
4/16/2020 22:00,2020,4,16,4/16/2020,23,21.229,99.156,1.217,609.852842,0.769421571
4/16/2020 23:00,2020,4,16,4/16/2020,24,19.868,100.822,1.214,568.2904969,0.716984388
4/17/2020 0:00,2020,4,17,4/17/2020,1,18.469,97.522,1.211,526.7281506,0.664547204
4/17/2020 1:00,2020,4,17,4/17/2020,2,17.576,99.834,1.202,526.7704814,0.664600611
4/17/2020 2:00,2020,4,17,4/17/2020,3,15.765,100.166,1.165,526.8128109,0.664654016
4/17/2020 3:00,2020,4,17,4/17/2020,4,14.091,99.746,1.132,526.8551392,0.664707419
4/17/2020 4:00,2020,4,17,4/17/2020,5,14.084,100.099,1.132,526.8974662,0.664760821
4/17/2020 5:00,2020,4,17,4/17/2020,6,13.456,101.325,1.119,526.939792,0.664814222
4/17/2020 6:00,2020,4,17,4/17/2020,7,10.359,99.272,1.08,526.9821166,0.66486762
4/17/2020 7:00,2020,4,17,4/17/2020,8,9.259,99.928,1.08,559.2807788,0.705617266
4/17/2020 8:00,2020,4,17,4/17/2020,9,9.527,102.38,1.08,637.196792,0.803920098
4/17/2020 9:00,2020,4,17,4/17/2020,10,10.567,102.47,1.08,715.1128038,0.902222928
4/17/2020 10:00,2020,4,17,4/17/2020,11,9.454,102.246,1.08,747.4114621,0.942972569
4/17/2020 11:00,2020,4,17,4/17/2020,12,9.778,103.03,1.08,747.4537798,0.943025959
4/17/2020 12:00,2020,4,17,4/17/2020,13,11.468,102.217,1.08,747.4960962,0.943079348
4/17/2020 13:00,2020,4,17,4/17/2020,14,12.858,101.709,1.107,747.5384111,0.943132734
4/17/2020 14:00,2020,4,17,4/17/2020,15,13.016,102.614,1.11,747.5807245,0.943186119
4/17/2020 15:00,2020,4,17,4/17/2020,16,15.664,103.9,1.163,747.6230365,0.943239502
4/17/2020 16:00,2020,4,17,4/17/2020,17,16.512,101.566,1.18,747.6653469,0.943292883
4/17/2020 17:00,2020,4,17,4/17/2020,18,16.994,101.934,1.19,747.7076559,0.943346262
4/17/2020 18:00,2020,4,17,4/17/2020,19,19.513,102.224,1.213,747.7499633,0.943399639
4/17/2020 19:00,2020,4,17,4/17/2020,20,19.289,100.94,1.213,679.2669169,0.856997922
4/17/2020 20:00,2020,4,17,4/17/2020,21,21.355,100.101,1.217,610.7838688,0.770596202
4/17/2020 21:00,2020,4,17,4/17/2020,22,20.459,97.369,1.215,610.8261715,0.770649573
4/17/2020 22:00,2020,4,17,4/17/2020,23,20.697,100.037,1.216,610.8684724,0.770702942
4/17/2020 23:00,2020,4,17,4/17/2020,24,19.922,100.659,1.214,569.3060936,0.718265717
4/18/2020 0:00,2020,4,18,4/18/2020,1,18.538,99.224,1.211,527.7437131,0.66582849
4/18/2020 1:00,2020,4,18,4/18/2020,2,15.731,101.076,1.165,527.7860091,0.665881852
4/18/2020 2:00,2020,4,18,4/18/2020,3,15.738,100.079,1.165,527.8283033,0.665935213
4/18/2020 3:00,2020,4,18,4/18/2020,4,14.161,100.619,1.133,527.8705958,0.665988571
4/18/2020 4:00,2020,4,18,4/18/2020,5,12.298,100.479,1.096,527.9128865,0.666041927
4/18/2020 5:00,2020,4,18,4/18/2020,6,10.649,98.701,1.08,527.9551755,0.666095281
4/18/2020 6:00,2020,4,18,4/18/2020,7,11.344,100.917,1.08,527.9974626,0.666148633
4/18/2020 7:00,2020,4,18,4/18/2020,8,9.746,99.709,1.08,560.296087,0.706898231
4/18/2020 8:00,2020,4,18,4/18/2020,9,7.569,101.151,1.08,638.2120617,0.805201014
4/18/2020 9:00,2020,4,18,4/18/2020,10,9.644,102.809,1.08,716.1280346,0.903503795
4/18/2020 10:00,2020,4,18,4/18/2020,11,7.645,100.75,1.08,748.4266534,0.944253386
4/18/2020 11:00,2020,4,18,4/18/2020,12,10.011,101.551,1.08,748.4689311,0.944306726
4/18/2020 12:00,2020,4,18,4/18/2020,13,10.616,102.179,1.08,748.511207,0.944360063
4/18/2020 13:00,2020,4,18,4/18/2020,14,12.418,100.941,1.098,748.5534808,0.944413398
4/18/2020 14:00,2020,4,18,4/18/2020,15,14.144,102.903,1.133,748.5957527,0.944466731
4/18/2020 15:00,2020,4,18,4/18/2020,16,16.017,102.337,1.17,748.6380226,0.94452006
4/18/2020 16:00,2020,4,18,4/18/2020,17,17.06,103.095,1.191,748.6802905,0.944573388
4/18/2020 17:00,2020,4,18,4/18/2020,18,17.573,101.143,1.201,748.7225563,0.944626712
4/18/2020 18:00,2020,4,18,4/18/2020,19,17.809,100.072,1.206,748.76482,0.944680035
4/18/2020 19:00,2020,4,18,4/18/2020,20,19.841,101.592,1.214,680.2817294,0.858278261
4/18/2020 20:00,2020,4,18,4/18/2020,21,20.79,101.394,1.216,611.7986367,0.771876485
4/18/2020 21:00,2020,4,18,4/18/2020,22,20.896,99.47,1.216,611.8408941,0.771929799
4/18/2020 22:00,2020,4,18,4/18/2020,23,19.397,99.111,1.213,611.8831494,0.77198311
4/18/2020 23:00,2020,4,18,4/18/2020,24,20.119,100.42,1.215,570.3207243,0.719545827
4/19/2020 0:00,2020,4,19,4/19/2020,1,18.758,99.693,1.212,528.758297,0.667108541
4/19/2020 1:00,2020,4,19,4/19/2020,2,19.372,99.758,1.213,528.8005457,0.667161844
4/19/2020 2:00,2020,4,19,4/19/2020,3,16.815,100.728,1.186,528.8427921,0.667215144
4/19/2020 3:00,2020,4,19,4/19/2020,4,15.084,99.846,1.152,528.8850362,0.667268441
4/19/2020 4:00,2020,4,19,4/19/2020,5,14.445,100.536,1.139,528.9272781,0.667321736
4/19/2020 5:00,2020,4,19,4/19/2020,6,13.7,101.483,1.124,528.9695176,0.667375027
4/19/2020 6:00,2020,4,19,4/19/2020,7,11.737,99.657,1.085,529.0117548,0.667428316
4/19/2020 7:00,2020,4,19,4/19/2020,8,9.671,99.241,1.08,561.3103288,0.708177851
4/19/2020 8:00,2020,4,19,4/19/2020,9,9.6,100.092,1.08,639.2262526,0.806480569
4/19/2020 9:00,2020,4,19,4/19/2020,10,9.683,101.003,1.08,717.142174,0.904783285
4/19/2020 10:00,2020,4,19,4/19/2020,11,8.839,103.005,1.08,749.4407407,0.945532811
4/19/2020 11:00,2020,4,19,4/19/2020,12,11.111,100.183,1.08,749.482966,0.945586084
4/19/2020 12:00,2020,4,19,4/19/2020,13,9.374,101.577,1.08,749.5251888,0.945639355
4/19/2020 13:00,2020,4,19,4/19/2020,14,11.636,101.344,1.083,749.5674091,0.945692622
4/19/2020 14:00,2020,4,19,4/19/2020,15,12.537,102.151,1.101,749.6096269,0.945745886
4/19/2020 15:00,2020,4,19,4/19/2020,16,14.75,102.615,1.145,749.6518421,0.945799147
4/19/2020 16:00,2020,4,19,4/19/2020,17,16.101,100.984,1.172,749.6940549,0.945852405
4/19/2020 17:00,2020,4,19,4/19/2020,18,17.768,103.967,1.205,749.736265,0.945905659
4/19/2020 18:00,2020,4,19,4/19/2020,19,19.511,100.977,1.213,749.7784726,0.945958911
4/19/2020 19:00,2020,4,19,4/19/2020,20,19.31,101.463,1.213,681.2953253,0.859557066
4/19/2020 20:00,2020,4,19,4/19/2020,21,20.767,99.791,1.216,612.8121754,0.773155217
4/19/2020 21:00,2020,4,19,4/19/2020,22,19.115,100.098,1.212,612.8543751,0.773208458
4/19/2020 22:00,2020,4,19,4/19/2020,23,20.708,99.407,1.216,612.8965721,0.773261696
4/19/2020 23:00,2020,4,19,4/19/2020,24,20.459,101.561,1.215,571.3340882,0.720824339
4/20/2020 0:00,2020,4,20,4/20/2020,1,19.257,99.561,1.213,529.7716016,0.668386978
4/20/2020 1:00,2020,4,20,4/20/2020,2,18.209,99.66,1.21,529.8137905,0.668440205
4/20/2020 2:00,2020,4,20,4/20/2020,3,16.656,98.667,1.183,529.8559765,0.668493429
4/20/2020 3:00,2020,4,20,4/20/2020,4,14.128,100.187,1.133,529.8981598,0.66854665
4/20/2020 4:00,2020,4,20,4/20/2020,5,12.226,99.825,1.095,529.9403403,0.668599867
4/20/2020 5:00,2020,4,20,4/20/2020,6,11.427,100.494,1.08,529.9825179,0.66865308
4/20/2020 6:00,2020,4,20,4/20/2020,7,10.899,101.786,1.08,530.0246927,0.66870629
4/20/2020 7:00,2020,4,20,4/20/2020,8,8.673,99.072,1.08,562.3232037,0.709455745
4/20/2020 8:00,2020,4,20,4/20/2020,9,8.497,102.033,1.08,640.239064,0.807758384
4/20/2020 9:00,2020,4,20,4/20/2020,10,8.22,101.789,1.08,718.1549214,0.906061019
4/20/2020 10:00,2020,4,20,4/20/2020,11,9.407,101.797,1.08,750.4534237,0.946810463
4/20/2020 11:00,2020,4,20,4/20/2020,12,10.628,102.514,1.08,750.4955839,0.946863655
4/20/2020 12:00,2020,4,20,4/20/2020,13,9.956,101.585,1.08,750.5377411,0.946916843
4/20/2020 13:00,2020,4,20,4/20/2020,14,10.876,102.371,1.08,750.5798953,0.946970027
4/20/2020 14:00,2020,4,20,4/20/2020,15,13.426,101.995,1.119,750.6220465,0.947023207
4/20/2020 15:00,2020,4,20,4/20/2020,16,12.963,103.482,1.109,750.6641947,0.947076383
4/20/2020 16:00,2020,4,20,4/20/2020,17,16.627,101.615,1.183,750.7063398,0.947129555
4/20/2020 17:00,2020,4,20,4/20/2020,18,16.665,103.265,1.183,750.7484818,0.947182724
4/20/2020 18:00,2020,4,20,4/20/2020,19,18.209,101.355,1.21,750.7906207,0.947235888
4/20/2020 19:00,2020,4,20,4/20/2020,20,18.991,102.784,1.212,682.3074042,0.860833956
4/20/2020 20:00,2020,4,20,4/20/2020,21,19.934,99.878,1.214,613.8241846,0.77443202
4/20/2020 21:00,2020,4,20,4/20/2020,22,21.961,98.878,1.219,613.866314,0.774485172
4/20/2020 22:00,2020,4,20,4/20/2020,23,20.558,99.823,1.216,613.9084402,0.774538321
4/20/2020 23:00,2020,4,20,4/20/2020,24,19.894,99.584,1.214,572.3458851,0.722100873
4/21/2020 0:00,2020,4,21,4/21/2020,1,19.297,99.344,1.213,530.7833267,0.669663422
4/21/2020 1:00,2020,4,21,4/21/2020,2,16.805,100.371,1.186,530.8254432,0.669716558
4/21/2020 2:00,2020,4,21,4/21/2020,3,17.247,99.695,1.195,530.8675564,0.66976969
4/21/2020 3:00,2020,4,21,4/21/2020,4,15.368,99.783,1.157,530.9096663,0.669822818
4/21/2020 4:00,2020,4,21,4/21/2020,5,12.015,99.658,1.09,530.9517729,0.669875942
4/21/2020 5:00,2020,4,21,4/21/2020,6,10.745,98.967,1.08,530.9938762,0.669929062
4/21/2020 6:00,2020,4,21,4/21/2020,7,10.321,98.561,1.08,531.035976,0.669982177
4/21/2020 7:00,2020,4,21,4/21/2020,8,9.946,99.723,1.08,563.3344116,0.710731537
4/21/2020 8:00,2020,4,21,4/21/2020,9,10.449,101.105,1.08,641.2501959,0.80903408
4/21/2020 9:00,2020,4,21,4/21/2020,10,10.33,102.708,1.08,719.1659768,0.907336619
4/21/2020 10:00,2020,4,21,4/21/2020,11,9.35,102.119,1.08,751.4644021,0.948085966
4/21/2020 11:00,2020,4,21,4/21/2020,12,9.519,101.776,1.08,751.5064848,0.948139059
4/21/2020 12:00,2020,4,21,4/21/2020,13,11.674,102.194,1.083,751.548564,0.948192148
4/21/2020 13:00,2020,4,21,4/21/2020,14,12.852,100.056,1.107,751.5906396,0.948245233
4/21/2020 14:00,2020,4,21,4/21/2020,15,14.701,101.651,1.144,751.6327117,0.948298314
4/21/2020 15:00,2020,4,21,4/21/2020,16,15.037,101.579,1.151,751.6747803,0.948351389
4/21/2020 16:00,2020,4,21,4/21/2020,17,15.645,102.18,1.163,751.7168452,0.948404461
4/21/2020 17:00,2020,4,21,4/21/2020,18,16.64,102.349,1.183,751.7589066,0.948457528
4/21/2020 18:00,2020,4,21,4/21/2020,19,19.345,101.696,1.213,751.8009643,0.94851059
4/21/2020 19:00,2020,4,21,4/21/2020,20,19.501,100.886,1.213,683.3176662,0.862108554
4/21/2020 20:00,2020,4,21,4/21/2020,21,20.075,100.96,1.215,614.8343643,0.775706514
4/21/2020 21:00,2020,4,21,4/21/2020,22,19.962,98.847,1.214,614.876411,0.775759563
4/21/2020 22:00,2020,4,21,4/21/2020,23,19.727,100.228,1.214,614.918454,0.775812606
4/21/2020 23:00,2020,4,21,4/21/2020,24,20.005,100.043,1.214,573.3558151,0.723375053
4/22/2020 0:00,2020,4,22,4/22/2020,1,18.861,98.942,1.212,531.7931724,0.670937495
4/22/2020 1:00,2020,4,22,4/22/2020,2,17.988,100.661,1.21,531.8352041,0.670990524
4/22/2020 2:00,2020,4,22,4/22/2020,3,16.017,100.618,1.17,531.877232,0.671043549
4/22/2020 3:00,2020,4,22,4/22/2020,4,15.217,100.433,1.154,531.9192561,0.671096568
4/22/2020 4:00,2020,4,22,4/22/2020,5,14.954,101.514,1.149,531.9612763,0.671149583
4/22/2020 5:00,2020,4,22,4/22/2020,6,11.674,101.735,1.083,532.0032927,0.671202593
4/22/2020 6:00,2020,4,22,4/22/2020,7,10.895,100.809,1.08,532.0453051,0.671255598
4/22/2020 7:00,2020,4,22,4/22/2020,8,11.017,99.977,1.08,564.3436528,0.712004847
4/22/2020 8:00,2020,4,22,4/22/2020,9,9.12,100.58,1.08,642.2593487,0.810307279
4/22/2020 9:00,2020,4,22,4/22/2020,10,9.458,101.505,1.08,720.1750406,0.908609705
4/22/2020 10:00,2020,4,22,4/22/2020,11,9.207,99.227,1.08,752.4733764,0.949358939
4/22/2020 11:00,2020,4,22,4/22/2020,12,8.769,100.044,1.08,752.5153691,0.949411919
4/22/2020 12:00,2020,4,22,4/22/2020,13,11.542,98.314,1.081,752.5573578,0.949464894
4/22/2020 13:00,2020,4,22,4/22/2020,14,12.814,98.878,1.106,752.5993424,0.949517864
4/22/2020 14:00,2020,4,22,4/22/2020,15,13.164,99.348,1.113,752.641323,0.949570829
4/22/2020 15:00,2020,4,22,4/22/2020,16,15.222,101.038,1.154,752.6832994,0.949623789
4/22/2020 16:00,2020,4,22,4/22/2020,17,16.833,99.851,1.187,752.7252718,0.949676743
4/22/2020 17:00,2020,4,22,4/22/2020,18,18.05,98.954,1.21,752.7672401,0.949729693
4/22/2020 18:00,2020,4,22,4/22/2020,19,20.203,99.923,1.215,752.8092041,0.949782637
4/22/2020 19:00,2020,4,22,4/22/2020,20,21.095,100.702,1.217,684.3258118,0.863380483
4/22/2020 20:00,2020,4,22,4/22/2020,21,21.313,100.327,1.217,615.8424153,0.776978323
4/22/2020 21:00,2020,4,22,4/22/2020,22,18.787,101.986,1.212,615.8843668,0.777031251
4/22/2020 22:00,2020,4,22,4/22/2020,23,20.861,99.221,1.216,615.9263141,0.777084174
4/22/2020 23:00,2020,4,22,4/22/2020,24,21.263,100.904,1.217,574.363579,0.724646499
4/23/2020 0:00,2020,4,23,4/23/2020,1,17.796,100.684,1.206,532.8008396,0.672208819
4/23/2020 1:00,2020,4,23,4/23/2020,2,17.443,99.954,1.199,532.842774,0.672261726
4/23/2020 2:00,2020,4,23,4/23/2020,3,16.121,100.039,1.172,532.8847042,0.672314627
4/23/2020 3:00,2020,4,23,4/23/2020,4,14.641,100.508,1.143,532.9266299,0.672367523
4/23/2020 4:00,2020,4,23,4/23/2020,5,13.279,100.56,1.116,532.9685513,0.672420413
4/23/2020 5:00,2020,4,23,4/23/2020,6,11.992,99.991,1.09,533.0104684,0.672473298
4/23/2020 6:00,2020,4,23,4/23/2020,7,10.385,100.623,1.08,533.052381,0.672526177
4/23/2020 7:00,2020,4,23,4/23/2020,8,11.03,99.672,1.08,565.3506283,0.713275299
4/23/2020 8:00,2020,4,23,4/23/2020,9,9.044,99.371,1.08,643.2662233,0.811577603
4/23/2020 9:00,2020,4,23,4/23/2020,10,9.42,99.814,1.08,721.1818138,0.909879902
4/23/2020 10:00,2020,4,23,4/23/2020,11,9.669,98.557,1.08,753.4800477,0.950629007
4/23/2020 11:00,2020,4,23,4/23/2020,12,8.794,99.734,1.08,753.5219379,0.950681858
4/23/2020 12:00,2020,4,23,4/23/2020,13,10.461,101.311,1.08,753.5638236,0.950734703
4/23/2020 13:00,2020,4,23,4/23/2020,14,12.825,101.479,1.106,753.6057048,0.950787543
4/23/2020 14:00,2020,4,23,4/23/2020,15,12.618,97.655,1.102,753.6475814,0.950840376
4/23/2020 15:00,2020,4,23,4/23/2020,16,15.781,99.101,1.166,753.6894533,0.950893204
4/23/2020 16:00,2020,4,23,4/23/2020,17,16.004,100.65,1.17,753.7313207,0.950946026
4/23/2020 17:00,2020,4,23,4/23/2020,18,18.328,99.967,1.211,753.7731834,0.950998842
4/23/2020 18:00,2020,4,23,4/23/2020,19,18.911,100.918,1.212,753.8150414,0.951051652
4/23/2020 19:00,2020,4,23,4/23/2020,20,20.464,99.132,1.215,685.3315425,0.864649364
4/23/2020 20:00,2020,4,23,4/23/2020,21,19.449,100.453,1.213,616.8480389,0.778247069
4/23/2020 21:00,2020,4,23,4/23/2020,22,20.207,99.296,1.215,616.8898828,0.778299862
4/23/2020 22:00,2020,4,23,4/23/2020,23,19.864,99.814,1.214,616.9317219,0.778352648
4/23/2020 23:00,2020,4,23,4/23/2020,24,21.728,99.55,1.218,575.3688782,0.725914836
4/24/2020 0:00,2020,4,24,4/24/2020,1,19.86,100.036,1.214,533.8060296,0.673477018
4/24/2020 1:00,2020,4,24,4/24/2020,2,18.484,99.023,1.211,533.8478544,0.673529787
4/24/2020 2:00,2020,4,24,4/24/2020,3,16.685,99.256,1.184,533.8896743,0.673582549
4/24/2020 3:00,2020,4,24,4/24/2020,4,14.535,100.009,1.141,533.9314893,0.673635305
4/24/2020 4:00,2020,4,24,4/24/2020,5,13.785,99.711,1.126,533.9732995,0.673688055
4/24/2020 5:00,2020,4,24,4/24/2020,6,12.97,100.052,1.109,534.0151048,0.673740798
4/24/2020 6:00,2020,4,24,4/24/2020,7,11.505,99.065,1.08,534.0569051,0.673793536
4/24/2020 7:00,2020,4,24,4/24/2020,8,10.356,98.972,1.08,566.3550396,0.714542516
4/24/2020 8:00,2020,4,24,4/24/2020,9,9.828,102.188,1.08,644.2705213,0.812844677
4/24/2020 9:00,2020,4,24,4/24/2020,10,8.138,102.012,1.08,722.1859981,0.911146832
4/24/2020 10:00,2020,4,24,4/24/2020,11,8.11,102.615,1.08,754.4841176,0.951895793
4/24/2020 11:00,2020,4,24,4/24/2020,12,10.219,99.477,1.08,754.525893,0.951948499
4/24/2020 12:00,2020,4,24,4/24/2020,13,11.035,100.737,1.08,754.5676633,0.952001199
4/24/2020 13:00,2020,4,24,4/24/2020,14,10.313,102.141,1.08,754.6094286,0.952053892
4/24/2020 14:00,2020,4,24,4/24/2020,15,12.773,100.961,1.105,754.6511887,0.952106579
4/24/2020 15:00,2020,4,24,4/24/2020,16,14.065,103.066,1.131,754.6929438,0.952159259
4/24/2020 16:00,2020,4,24,4/24/2020,17,17.827,100.506,1.207,754.7346937,0.952211933
4/24/2020 17:00,2020,4,24,4/24/2020,18,19.624,100.776,1.214,754.7764384,0.9522646
4/24/2020 18:00,2020,4,24,4/24/2020,19,18.567,101.884,1.211,754.818178,0.952317261
4/24/2020 19:00,2020,4,24,4/24/2020,20,18.74,101.488,1.212,686.3345601,0.865914822
4/24/2020 20:00,2020,4,24,4/24/2020,21,20.592,100.406,1.216,617.850937,0.779512377
4/24/2020 21:00,2020,4,24,4/24/2020,22,19.698,102.611,1.214,617.8926609,0.779565018
4/24/2020 22:00,2020,4,24,4/24/2020,23,20.696,99.592,1.216,617.9343795,0.779617652
4/24/2020 23:00,2020,4,24,4/24/2020,24,18.408,101.036,1.211,576.3714147,0.727179688
4/25/2020 0:00,2020,4,25,4/25/2020,1,19.182,100.463,1.213,534.8084446,0.674741717
4/25/2020 1:00,2020,4,25,4/25/2020,2,17.756,97.871,1.205,534.8501472,0.674794331
4/25/2020 2:00,2020,4,25,4/25/2020,3,17.029,98.375,1.191,534.8918446,0.674846938
4/25/2020 3:00,2020,4,25,4/25/2020,4,15.386,100.193,1.158,534.9335365,0.674899539
4/25/2020 4:00,2020,4,25,4/25/2020,5,12.732,99.407,1.105,534.9752231,0.674952133
4/25/2020 5:00,2020,4,25,4/25/2020,6,13.791,99.557,1.126,535.0169042,0.67500472
4/25/2020 6:00,2020,4,25,4/25/2020,7,10.334,100.207,1.08,535.0585799,0.6750573
4/25/2020 7:00,2020,4,25,4/25/2020,8,9.677,100.997,1.08,567.3565892,0.715806122
4/25/2020 8:00,2020,4,25,4/25/2020,9,9.755,101.834,1.08,645.2719452,0.814108125
4/25/2020 9:00,2020,4,25,4/25/2020,10,9.161,101.959,1.08,723.1872958,0.91241012
4/25/2020 10:00,2020,4,25,4/25/2020,11,9.874,102.269,1.08,755.4852886,0.953158922
4/25/2020 11:00,2020,4,25,4/25/2020,12,10.542,103.718,1.08,755.5269367,0.953211467
4/25/2020 12:00,2020,4,25,4/25/2020,13,10.18,100.835,1.08,755.5685793,0.953264006
4/25/2020 13:00,2020,4,25,4/25/2020,14,11.31,102.029,1.08,755.6102163,0.953316537
4/25/2020 14:00,2020,4,25,4/25/2020,15,11.969,103.256,1.089,755.6518477,0.953369061
4/25/2020 15:00,2020,4,25,4/25/2020,16,13.764,103.366,1.125,755.6934735,0.953421579
4/25/2020 16:00,2020,4,25,4/25/2020,17,16.757,101.399,1.185,755.7350936,0.953474089
4/25/2020 17:00,2020,4,25,4/25/2020,18,17.492,100.943,1.2,755.776708,0.953526591
4/25/2020 18:00,2020,4,25,4/25/2020,19,18.494,101.381,1.211,755.8183167,0.953579087
4/25/2020 19:00,2020,4,25,4/25/2020,20,19.718,102.608,1.214,687.3345675,0.867176483
4/25/2020 20:00,2020,4,25,4/25/2020,21,21.086,102.385,1.217,618.8508125,0.780773871
4/25/2020 21:00,2020,4,25,4/25/2020,22,20.5,98.29,1.216,618.892404,0.780826345
4/25/2020 22:00,2020,4,25,4/25/2020,23,20.824,99.662,1.216,618.9339898,0.780878812
4/25/2020 23:00,2020,4,25,4/25/2020,24,19.904,99.697,1.214,577.3708915,0.728440679
4/26/2020 0:00,2020,4,26,4/26/2020,1,19.211,99.221,1.213,535.8077875,0.676002539
4/26/2020 1:00,2020,4,26,4/26/2020,2,18.701,100.312,1.212,535.8493557,0.676054983
4/26/2020 2:00,2020,4,26,4/26/2020,3,15.403,98.513,1.158,535.8909181,0.676107421
4/26/2020 3:00,2020,4,26,4/26/2020,4,16.095,98.981,1.172,535.9324746,0.67615985
4/26/2020 4:00,2020,4,26,4/26/2020,5,12.166,102.467,1.093,535.9740251,0.676212273
4/26/2020 5:00,2020,4,26,4/26/2020,6,10.715,101.184,1.08,536.0155698,0.676264687
4/26/2020 6:00,2020,4,26,4/26/2020,7,11.834,102.031,1.087,536.0571085,0.676317095
4/26/2020 7:00,2020,4,26,4/26/2020,8,8.831,101.661,1.08,568.3549803,0.717065744
4/26/2020 8:00,2020,4,26,4/26/2020,9,10.448,101.425,1.08,646.2701983,0.815367572
4/26/2020 9:00,2020,4,26,4/26/2020,10,9.395,100.378,1.08,724.1854102,0.913669393
4/26/2020 10:00,2020,4,26,4/26/2020,11,9.186,102.022,1.08,756.483264,0.954418019
4/26/2020 11:00,2020,4,26,4/26/2020,12,9.398,102.546,1.08,756.5247726,0.954470388
4/26/2020 12:00,2020,4,26,4/26/2020,13,12.359,100.372,1.097,756.5662751,0.95452275
4/26/2020 13:00,2020,4,26,4/26/2020,14,10.982,102.679,1.08,756.6077715,0.954575104
4/26/2020 14:00,2020,4,26,4/26/2020,15,15.19,101.428,1.154,756.6492618,0.95462745
4/26/2020 15:00,2020,4,26,4/26/2020,16,14.511,101.414,1.14,756.6907459,0.954679789
4/26/2020 16:00,2020,4,26,4/26/2020,17,17.471,102.4,1.199,756.7322239,0.954732119
4/26/2020 17:00,2020,4,26,4/26/2020,18,18.813,100.62,1.212,756.7736956,0.954784442
4/26/2020 18:00,2020,4,26,4/26/2020,19,18.409,102.033,1.211,756.8151612,0.954836757
4/26/2020 19:00,2020,4,26,4/26/2020,20,21.057,102.513,1.217,688.3312683,0.868433971
4/26/2020 20:00,2020,4,26,4/26/2020,21,20.989,99.291,1.217,619.8473691,0.782031178
4/26/2020 21:00,2020,4,26,4/26/2020,22,21.016,100.293,1.217,619.8888159,0.782083469
4/26/2020 22:00,2020,4,26,4/26/2020,23,20.689,99.427,1.216,619.9302564,0.782135753
4/26/2020 23:00,2020,4,26,4/26/2020,24,17.643,100.835,1.203,578.3670125,0.729697436
4/27/2020 0:00,2020,4,27,4/27/2020,1,18.776,100.936,1.212,536.8037622,0.677259111
4/27/2020 1:00,2020,4,27,4/27/2020,2,16.223,100.39,1.174,536.8451837,0.677311371
4/27/2020 2:00,2020,4,27,4/27/2020,3,15.933,100.533,1.169,536.8865988,0.677363622
4/27/2020 3:00,2020,4,27,4/27/2020,4,14.568,101.036,1.141,536.9280075,0.677415866
4/27/2020 4:00,2020,4,27,4/27/2020,5,11.689,100.676,1.084,536.9694098,0.677468101
4/27/2020 5:00,2020,4,27,4/27/2020,6,12.228,100.509,1.095,537.0108056,0.677520328
4/27/2020 6:00,2020,4,27,4/27/2020,7,10.634,101.173,1.08,537.052195,0.677572547
4/27/2020 7:00,2020,4,27,4/27/2020,8,9.913,102.003,1.08,569.349917,0.718321007
4/27/2020 8:00,2020,4,27,4/27/2020,9,8.006,103.183,1.08,647.2649846,0.816622645
4/27/2020 9:00,2020,4,27,4/27/2020,10,7.861,101.822,1.08,725.1800457,0.914924276
4/27/2020 10:00,2020,4,27,4/27/2020,11,10.747,102.982,1.08,757.4777481,0.955672711
4/27/2020 11:00,2020,4,27,4/27/2020,12,11.192,101.693,1.08,757.5191048,0.955724889
4/27/2020 12:00,2020,4,27,4/27/2020,13,12.091,101.18,1.092,757.560455,0.955777058
4/27/2020 13:00,2020,4,27,4/27/2020,14,12.952,103.709,1.109,757.6017985,0.955829219
4/27/2020 14:00,2020,4,27,4/27/2020,15,14.668,100.18,1.143,757.6431353,0.955881372
4/27/2020 15:00,2020,4,27,4/27/2020,16,16.392,100.825,1.178,757.6844656,0.955933516
4/27/2020 16:00,2020,4,27,4/27/2020,17,14.838,103.036,1.147,757.7257891,0.955985652
4/27/2020 17:00,2020,4,27,4/27/2020,18,16.641,101.84,1.183,757.7671059,0.956037779
4/27/2020 18:00,2020,4,27,4/27/2020,19,19.585,101.373,1.214,757.808416,0.956089898
4/27/2020 19:00,2020,4,27,4/27/2020,20,20.557,101.02,1.216,689.3243672,0.869686916
4/27/2020 20:00,2020,4,27,4/27/2020,21,20.592,98.006,1.216,620.8403115,0.783283925
4/27/2020 21:00,2020,4,27,4/27/2020,22,20.883,100.088,1.216,620.8816014,0.783336018
4/27/2020 22:00,2020,4,27,4/27/2020,23,21.225,99.819,1.217,620.9228844,0.783388103
4/27/2020 23:00,2020,4,27,4/27/2020,24,18.729,99.123,1.212,579.3594824,0.730949587
4/28/2020 0:00,2020,4,28,4/28/2020,1,18.601,100.976,1.211,537.7960736,0.678511062
4/28/2020 1:00,2020,4,28,4/28/2020,2,17.09,99.937,1.192,537.8373361,0.678563121
4/28/2020 2:00,2020,4,28,4/28/2020,3,17.344,100.06,1.197,537.8785916,0.678615171
4/28/2020 3:00,2020,4,28,4/28/2020,4,14.681,100.818,1.144,537.9198403,0.678667213
4/28/2020 4:00,2020,4,28,4/28/2020,5,13.773,100.068,1.125,537.961082,0.678719245
4/28/2020 5:00,2020,4,28,4/28/2020,6,11.882,99.108,1.088,538.0023168,0.678771269
4/28/2020 6:00,2020,4,28,4/28/2020,7,11.366,100.093,1.08,538.0435446,0.678823284
4/28/2020 7:00,2020,4,28,4/28/2020,8,11.766,100.272,1.085,570.3411044,0.71957154
4/28/2020 8:00,2020,4,28,4/28/2020,9,9.658,101.925,1.08,648.2560095,0.817872973
4/28/2020 9:00,2020,4,28,4/28/2020,10,7.894,101.11,1.08,726.1709075,0.916174398
4/28/2020 10:00,2020,4,28,4/28/2020,11,8.18,101.829,1.08,758.4684463,0.956922626
4/28/2020 11:00,2020,4,28,4/28/2020,12,8.883,101.135,1.08,758.5096389,0.956974597
4/28/2020 12:00,2020,4,28,4/28/2020,13,11.596,99.972,1.082,758.5508244,0.957026559
4/28/2020 13:00,2020,4,28,4/28/2020,14,11.826,101.325,1.087,758.5920027,0.957078511
4/28/2020 14:00,2020,4,28,4/28/2020,15,12.994,100.875,1.11,758.6331739,0.957130455
4/28/2020 15:00,2020,4,28,4/28/2020,16,14.602,102.245,1.142,758.674338,0.95718239
4/28/2020 16:00,2020,4,28,4/28/2020,17,16.842,102.418,1.187,758.7154948,0.957234315
4/28/2020 17:00,2020,4,28,4/28/2020,18,17.726,99.918,1.205,758.7566445,0.957286232
4/28/2020 18:00,2020,4,28,4/28/2020,19,19.58,102.141,1.214,758.7977869,0.957338139
4/28/2020 19:00,2020,4,28,4/28/2020,20,20.26,102.337,1.215,690.3135698,0.870934945
4/28/2020 20:00,2020,4,28,4/28/2020,21,20.625,99.433,1.216,621.8293455,0.784531741
4/28/2020 21:00,2020,4,28,4/28/2020,22,21.177,99.587,1.217,621.8704661,0.784583621
4/28/2020 22:00,2020,4,28,4/28/2020,23,20.36,102.53,1.215,621.9115794,0.784635491
4/28/2020 23:00,2020,4,28,4/28/2020,24,20.196,99.781,1.215,580.3480072,0.73219676
4/29/2020 0:00,2020,4,29,4/29/2020,1,18.853,99.399,1.212,538.7844276,0.67975802
4/29/2020 1:00,2020,4,29,4/29/2020,2,17.231,100.486,1.195,538.8255188,0.679809863
4/29/2020 2:00,2020,4,29,4/29/2020,3,15.448,99.256,1.159,538.8666026,0.679861697
4/29/2020 3:00,2020,4,29,4/29/2020,4,14.76,99.944,1.145,538.907679,0.679913521
4/29/2020 4:00,2020,4,29,4/29/2020,5,14.093,101.944,1.132,538.948748,0.679965335
4/29/2020 5:00,2020,4,29,4/29/2020,6,10.954,98.275,1.08,538.9898095,0.680017141
4/29/2020 6:00,2020,4,29,4/29/2020,7,11.545,99.015,1.081,539.0308635,0.680068936
4/29/2020 7:00,2020,4,29,4/29/2020,8,10.267,99.506,1.08,571.328249,0.720816972
4/29/2020 8:00,2020,4,29,4/29/2020,9,10.883,99.529,1.08,649.2429793,0.819118185
4/29/2020 9:00,2020,4,29,4/29/2020,10,9.086,101.505,1.08,727.157702,0.917419388
4/29/2020 10:00,2020,4,29,4/29/2020,11,9.859,99.467,1.08,759.4550649,0.958167395
4/29/2020 11:00,2020,4,29,4/29/2020,12,9.045,98.55,1.08,759.4960812,0.958219143
4/29/2020 12:00,2020,4,29,4/29/2020,13,11.407,99.906,1.08,759.5370898,0.958270882
4/29/2020 13:00,2020,4,29,4/29/2020,14,12.607,101.176,1.102,759.5780908,0.958322611
4/29/2020 14:00,2020,4,29,4/29/2020,15,15.32,98.929,1.156,759.6190842,0.95837433
4/29/2020 15:00,2020,4,29,4/29/2020,16,14.945,98.046,1.149,759.6600699,0.95842604
4/29/2020 16:00,2020,4,29,4/29/2020,17,15.987,100.261,1.17,759.7010479,0.95847774
4/29/2020 17:00,2020,4,29,4/29/2020,18,17.986,100.339,1.21,759.7420181,0.95852943
4/29/2020 18:00,2020,4,29,4/29/2020,19,19.051,100.077,1.212,759.7829807,0.95858111
4/29/2020 19:00,2020,4,29,4/29/2020,20,19.917,100.581,1.214,691.2985832,0.872177688
4/29/2020 20:00,2020,4,29,4/29/2020,21,19.948,99.597,1.214,622.814178,0.785774256
4/29/2020 21:00,2020,4,29,4/29/2020,22,20.478,98.96,1.216,622.8551172,0.785825907
4/29/2020 22:00,2020,4,29,4/29/2020,23,21.312,98.474,1.217,622.8960485,0.785877548
4/29/2020 23:00,2020,4,29,4/29/2020,24,19.644,100.134,1.214,581.3322939,0.733438587
4/30/2020 0:00,2020,4,30,4/30/2020,1,19.003,100.908,1.212,539.7685314,0.680999616
4/30/2020 1:00,2020,4,30,4/30/2020,2,18.468,99.694,1.211,539.8094392,0.681051227
4/30/2020 2:00,2020,4,30,4/30/2020,3,16.33,99.326,1.177,539.8503391,0.681102829
4/30/2020 3:00,2020,4,30,4/30/2020,4,13.846,99.246,1.127,539.891231,0.68115442
4/30/2020 4:00,2020,4,30,4/30/2020,5,14.641,101.351,1.143,539.932115,0.681206001
4/30/2020 5:00,2020,4,30,4/30/2020,6,11.076,100.042,1.08,539.972991,0.681257573
4/30/2020 6:00,2020,4,30,4/30/2020,7,10.113,99.97,1.08,540.0138591,0.681309134
4/30/2020 7:00,2020,4,30,4/30/2020,8,10.364,100.772,1.08,572.3110582,0.722056934
4/30/2020 8:00,2020,4,30,4/30/2020,9,8.626,101.968,1.08,650.2256015,0.820357911
4/30/2020 9:00,2020,4,30,4/30/2020,10,8.265,101.011,1.08,728.1401367,0.918658878
4/30/2020 10:00,2020,4,30,4/30/2020,11,8.744,100.238,1.08,760.4373116,0.959406648
4/30/2020 11:00,2020,4,30,4/30/2020,12,10.347,101.031,1.08,760.4781394,0.959458158
4/30/2020 12:00,2020,4,30,4/30/2020,13,10.958,100.209,1.08,760.5189591,0.959509658
4/30/2020 13:00,2020,4,30,4/30/2020,14,11.789,99.878,1.086,760.5597706,0.959561148
4/30/2020 14:00,2020,4,30,4/30/2020,15,15.152,100.958,1.153,760.6005739,0.959612628
4/30/2020 15:00,2020,4,30,4/30/2020,16,15.448,100.046,1.159,760.6413691,0.959664097
4/30/2020 16:00,2020,4,30,4/30/2020,17,16.284,101.192,1.176,760.6821561,0.959715556
4/30/2020 17:00,2020,4,30,4/30/2020,18,17.081,100.741,1.192,760.7229348,0.959767005
4/30/2020 18:00,2020,4,30,4/30/2020,19,19.178,100.812,1.213,760.7637053,0.959818443
4/30/2020 19:00,2020,4,30,4/30/2020,20,20.297,100.481,1.215,692.2791154,0.873414777
4/30/2020 20:00,2020,4,30,4/30/2020,21,19.253,100.042,1.213,623.7945171,0.787011102
4/30/2020 21:00,2020,4,30,4/30/2020,22,21.638,100.611,1.218,623.8352627,0.787062509
4/30/2020 22:00,2020,4,30,4/30/2020,23,20.627,100.815,1.216,623.8760001,0.787113905
4/30/2020 23:00,2020,4,30,4/30/2020,24,20.096,99.288,1.215,582.3120509,0.734674699
5/1/2020 0:00,2020,5,1,5/1/2020,1,22.305,100.998,1.22,533.7731433,0.673435527
5/1/2020 1:00,2020,5,1,5/1/2020,2,20.443,98.374,1.215,533.8138555,0.673486892
5/1/2020 2:00,2020,5,1,5/1/2020,3,18.005,100.172,1.21,533.8545593,0.673538246
5/1/2020 3:00,2020,5,1,5/1/2020,4,18.366,99.89,1.211,533.8952547,0.673589589
5/1/2020 4:00,2020,5,1,5/1/2020,5,16.817,99.206,1.186,533.9359417,0.673640922
5/1/2020 5:00,2020,5,1,5/1/2020,6,13.7,100.18,1.124,533.9766201,0.673692244
5/1/2020 6:00,2020,5,1,5/1/2020,7,13.036,99.921,1.111,534.0172901,0.673743555
5/1/2020 7:00,2020,5,1,5/1/2020,8,10.989,100.279,1.08,565.4785524,0.713436695
5/1/2020 8:00,2020,5,1,5/1/2020,9,12.983,101.61,1.11,641.3752461,0.80919185
5/1/2020 9:00,2020,5,1,5/1/2020,10,11.106,102.807,1.08,717.2719313,0.904946994
5/1/2020 10:00,2020,5,1,5/1/2020,11,12.019,103.112,1.09,748.733168,0.944640101
5/1/2020 11:00,2020,5,1,5/1/2020,12,11.83,102.488,1.087,748.7737952,0.944691358
5/1/2020 12:00,2020,5,1,5/1/2020,13,13.502,101.592,1.12,748.8144137,0.944742605
5/1/2020 13:00,2020,5,1,5/1/2020,14,14.655,102.044,1.143,748.8550236,0.94479384
5/1/2020 14:00,2020,5,1,5/1/2020,15,17.035,101.42,1.191,748.8956249,0.944845065
5/1/2020 15:00,2020,5,1,5/1/2020,16,16.462,101.668,1.179,748.9362175,0.944896278
5/1/2020 16:00,2020,5,1,5/1/2020,17,17.931,100.563,1.209,748.9768014,0.944947481
5/1/2020 17:00,2020,5,1,5/1/2020,18,20.756,100.872,1.216,749.0173765,0.944998673
5/1/2020 18:00,2020,5,1,5/1/2020,19,21.489,101.62,1.218,749.0579429,0.945049853
5/1/2020 19:00,2020,5,1,5/1/2020,20,22.375,101.737,1.22,682.3485902,0.860885918
5/1/2020 20:00,2020,5,1,5/1/2020,21,22.727,100.388,1.229,615.6392286,0.776721972
5/1/2020 21:00,2020,5,1,5/1/2020,22,23.655,99.895,1.264,615.6797687,0.77677312
5/1/2020 22:00,2020,5,1,5/1/2020,23,22.675,98.099,1.227,615.7202999,0.776824256
5/1/2020 23:00,2020,5,1,5/1/2020,24,21.832,98.523,1.219,575.234091,0.725744782
5/2/2020 0:00,2020,5,2,5/2/2020,1,21.614,101.607,1.218,534.7478731,0.674665297
5/2/2020 1:00,2020,5,2,5/2/2020,2,18.343,99.537,1.211,534.7883778,0.674716399
5/2/2020 2:00,2020,5,2,5/2/2020,3,18.104,101.339,1.21,534.8288735,0.674767491
5/2/2020 3:00,2020,5,2,5/2/2020,4,17.559,98.843,1.201,534.8693602,0.674818571
5/2/2020 4:00,2020,5,2,5/2/2020,5,16.414,100.036,1.178,534.909838,0.67486964
5/2/2020 5:00,2020,5,2,5/2/2020,6,14.142,100.649,1.133,534.9503069,0.674920697
5/2/2020 6:00,2020,5,2,5/2/2020,7,12.662,97.845,1.103,534.9907667,0.674971743
5/2/2020 7:00,2020,5,2,5/2/2020,8,11.361,99.11,1.08,566.4518184,0.714664617
5/2/2020 8:00,2020,5,2,5/2/2020,9,11.681,102.206,1.084,642.348301,0.810419506
5/2/2020 9:00,2020,5,2,5/2/2020,10,10.959,100.258,1.08,718.2447746,0.906174383
5/2/2020 10:00,2020,5,2,5/2/2020,11,10.375,101.64,1.08,749.7057991,0.945867222
5/2/2020 11:00,2020,5,2,5/2/2020,12,13.009,100.994,1.11,749.7462137,0.945918211
5/2/2020 12:00,2020,5,2,5/2/2020,13,14.285,102.184,1.136,749.7866191,0.945969189
5/2/2020 13:00,2020,5,2,5/2/2020,14,15.602,101.675,1.162,749.8270154,0.946020155
5/2/2020 14:00,2020,5,2,5/2/2020,15,16.505,101.963,1.18,749.8674025,0.946071109
5/2/2020 15:00,2020,5,2,5/2/2020,16,17.352,102.422,1.197,749.9077805,0.946122052
5/2/2020 16:00,2020,5,2,5/2/2020,17,19.168,102.2,1.213,749.9481492,0.946172983
5/2/2020 17:00,2020,5,2,5/2/2020,18,19.664,103.019,1.214,749.9885088,0.946223903
5/2/2020 18:00,2020,5,2,5/2/2020,19,19.942,103.347,1.214,750.0288591,0.946274811
5/2/2020 19:00,2020,5,2,5/2/2020,20,21.86,103.56,1.219,683.3192897,0.862110603
5/2/2020 20:00,2020,5,2,5/2/2020,21,21.03,99.631,1.217,616.609711,0.777946383
5/2/2020 21:00,2020,5,2,5/2/2020,22,23.353,98.769,1.252,616.6500334,0.777997255
5/2/2020 22:00,2020,5,2,5/2/2020,23,23.275,100.527,1.249,616.6903465,0.778048116
5/2/2020 23:00,2020,5,2,5/2/2020,24,24.068,100.753,1.279,576.203919,0.726968367
5/3/2020 0:00,2020,5,3,5/3/2020,1,21.577,99.373,1.218,535.7174821,0.675888605
5/3/2020 1:00,2020,5,3,5/3/2020,2,19.045,101.171,1.212,535.757767,0.67593943
5/3/2020 2:00,2020,5,3,5/3/2020,3,18.561,98.143,1.211,535.7980426,0.675990244
5/3/2020 3:00,2020,5,3,5/3/2020,4,17.357,100.838,1.197,535.8383088,0.676041046
5/3/2020 4:00,2020,5,3,5/3/2020,5,16.411,99.422,1.178,535.8785655,0.676091836
5/3/2020 5:00,2020,5,3,5/3/2020,6,14.661,98.403,1.143,535.9188127,0.676142614
5/3/2020 6:00,2020,5,3,5/3/2020,7,13.75,97.985,1.125,535.9590504,0.67619338
5/3/2020 7:00,2020,5,3,5/3/2020,8,12.25,98.567,1.095,567.4198795,0.715885973
5/3/2020 8:00,2020,5,3,5/3/2020,9,11.845,104.102,1.087,643.316139,0.81164058
5/3/2020 9:00,2020,5,3,5/3/2020,10,10.458,101.631,1.08,719.212389,0.907395174
5/3/2020 10:00,2020,5,3,5/3/2020,11,11.607,104.168,1.082,750.6731894,0.947087731
5/3/2020 11:00,2020,5,3,5/3/2020,12,12.577,102.594,1.102,750.7133794,0.947138437
5/3/2020 12:00,2020,5,3,5/3/2020,13,13.639,102.357,1.123,750.7535597,0.94718913
5/3/2020 13:00,2020,5,3,5/3/2020,14,13.616,102.718,1.122,750.7937304,0.947239812
5/3/2020 14:00,2020,5,3,5/3/2020,15,16.681,100.696,1.184,750.8338914,0.947290481
5/3/2020 15:00,2020,5,3,5/3/2020,16,18.08,102.585,1.21,750.8740428,0.947341138
5/3/2020 16:00,2020,5,3,5/3/2020,17,18.953,102.868,1.212,750.9141845,0.947391783
5/3/2020 17:00,2020,5,3,5/3/2020,18,20.039,101.878,1.215,750.9543164,0.947442415
5/3/2020 18:00,2020,5,3,5/3/2020,19,21.778,102.886,1.218,750.9944386,0.947493036
5/3/2020 19:00,2020,5,3,5/3/2020,20,22.29,101.07,1.22,684.2846407,0.863328539
5/3/2020 20:00,2020,5,3,5/3/2020,21,23.599,99.338,1.262,617.5748329,0.77916403
5/3/2020 21:00,2020,5,3,5/3/2020,22,22.897,102.453,1.235,617.6149258,0.779214613
5/3/2020 22:00,2020,5,3,5/3/2020,23,22.547,99.879,1.222,617.6550088,0.779265184
5/3/2020 23:00,2020,5,3,5/3/2020,24,21.414,97.547,1.218,577.1683507,0.728185143
5/4/2020 0:00,2020,5,4,5/4/2020,1,22.698,101.472,1.227,536.6816827,0.67710509
5/4/2020 1:00,2020,5,4,5/4/2020,2,20.218,100.272,1.215,536.7217361,0.677155623
5/4/2020 2:00,2020,5,4,5/4/2020,3,19.652,100.083,1.214,536.7617797,0.677206144
5/4/2020 3:00,2020,5,4,5/4/2020,4,15.408,101.033,1.158,536.8018133,0.677256653
5/4/2020 4:00,2020,5,4,5/4/2020,5,16.106,99.944,1.172,536.8418369,0.677307148
5/4/2020 5:00,2020,5,4,5/4/2020,6,14.072,99.977,1.131,536.8818506,0.677357632
5/4/2020 6:00,2020,5,4,5/4/2020,7,12.787,99.856,1.106,536.9218543,0.677408102
5/4/2020 7:00,2020,5,4,5/4/2020,8,14.615,99.756,1.142,568.3824489,0.717100399
5/4/2020 8:00,2020,5,4,5/4/2020,9,9.088,101.564,1.08,644.2784734,0.81285471
5/4/2020 9:00,2020,5,4,5/4/2020,10,13.058,101.694,1.111,720.1744878,0.908609008
5/4/2020 10:00,2020,5,4,5/4/2020,11,12.181,100.203,1.094,751.6350522,0.948301266
5/4/2020 11:00,2020,5,4,5/4/2020,12,10.631,100.957,1.08,751.6750056,0.948351674
5/4/2020 12:00,2020,5,4,5/4/2020,13,13.875,102.048,1.128,751.714949,0.948402068
5/4/2020 13:00,2020,5,4,5/4/2020,14,14.997,101.301,1.15,751.7548822,0.94845245
5/4/2020 14:00,2020,5,4,5/4/2020,15,15.999,101.019,1.17,751.7948052,0.948502819
5/4/2020 15:00,2020,5,4,5/4/2020,16,16.861,102.635,1.187,751.8347181,0.948553175
5/4/2020 16:00,2020,5,4,5/4/2020,17,17.878,102.266,1.208,751.8746208,0.948603518
5/4/2020 17:00,2020,5,4,5/4/2020,18,19.676,102.759,1.214,751.9145132,0.948653849
5/4/2020 18:00,2020,5,4,5/4/2020,19,21.31,100.491,1.217,751.9543955,0.948704166
5/4/2020 19:00,2020,5,4,5/4/2020,20,23.87,102.242,1.272,685.2443571,0.864539366
5/4/2020 20:00,2020,5,4,5/4/2020,21,22.981,99.673,1.238,618.5343084,0.780374553
5/4/2020 21:00,2020,5,4,5/4/2020,22,23.862,100.664,1.271,618.5741598,0.780424832
5/4/2020 22:00,2020,5,4,5/4/2020,23,24.587,99.01,1.299,618.6140009,0.780475097
5/4/2020 23:00,2020,5,4,5/4/2020,24,22.655,99.178,1.226,578.1271003,0.729394751
5/5/2020 0:00,2020,5,5,5/5/2020,1,21.847,99.416,1.219,537.6401894,0.678314391
5/5/2020 1:00,2020,5,5,5/5/2020,2,20.725,100.407,1.216,537.6799994,0.678364617
5/5/2020 2:00,2020,5,5,5/5/2020,3,19.519,99.895,1.213,537.719799,0.67841483
5/5/2020 3:00,2020,5,5,5/5/2020,4,17.178,100.413,1.194,537.7595882,0.67846503
5/5/2020 4:00,2020,5,5,5/5/2020,5,16.727,99.982,1.185,537.7993669,0.678515217
5/5/2020 5:00,2020,5,5,5/5/2020,6,14.689,100.641,1.144,537.8391352,0.678565391
5/5/2020 6:00,2020,5,5,5/5/2020,7,12.825,98.913,1.106,537.878893,0.678615552
5/5/2020 7:00,2020,5,5,5/5/2020,8,11.244,101.001,1.08,569.3392412,0.718307538
5/5/2020 8:00,2020,5,5,5/5/2020,9,12.519,100.728,1.1,645.2350188,0.814061537
5/5/2020 9:00,2020,5,5,5/5/2020,10,11.324,101.46,1.08,721.1307859,0.909815522
5/5/2020 10:00,2020,5,5,5/5/2020,11,11.649,100.06,1.083,752.5911025,0.949507468
5/5/2020 11:00,2020,5,5,5/5/2020,12,12.061,100.642,1.091,752.6308076,0.949557562
5/5/2020 12:00,2020,5,5,5/5/2020,13,12.908,101.204,1.108,752.670502,0.949607643
5/5/2020 13:00,2020,5,5,5/5/2020,14,13.265,104.123,1.115,752.7101859,0.94965771
5/5/2020 14:00,2020,5,5,5/5/2020,15,15.485,102.865,1.16,752.7498591,0.949707764
5/5/2020 15:00,2020,5,5,5/5/2020,16,18.241,103.079,1.211,752.7895217,0.949757804
5/5/2020 16:00,2020,5,5,5/5/2020,17,18.408,102.559,1.211,752.8291736,0.949807831
5/5/2020 17:00,2020,5,5,5/5/2020,18,20.318,101.141,1.215,752.8688147,0.949857844
5/5/2020 18:00,2020,5,5,5/5/2020,19,20.752,101.313,1.216,752.9084452,0.949907844
5/5/2020 19:00,2020,5,5,5/5/2020,20,22.9,102.1,1.235,686.1981545,0.865742726
5/5/2020 20:00,2020,5,5,5/5/2020,21,23.402,101.665,1.254,619.487853,0.781577594
5/5/2020 21:00,2020,5,5,5/5/2020,22,23.652,99.757,1.264,619.5274512,0.781627553
5/5/2020 22:00,2020,5,5,5/5/2020,23,23.123,98.972,1.244,619.5670385,0.781677498
5/5/2020 23:00,2020,5,5,5/5/2020,24,21.832,101.142,1.219,579.0798837,0.730596831
5/6/2020 0:00,2020,5,6,5/6/2020,1,22.293,98.332,1.22,538.5927181,0.67951615
5/6/2020 1:00,2020,5,6,5/6/2020,2,20.558,99.062,1.216,538.6322728,0.679566054
5/6/2020 2:00,2020,5,6,5/6/2020,3,19.021,101.209,1.212,538.6718167,0.679615945
5/6/2020 3:00,2020,5,6,5/6/2020,4,18.743,100.311,1.212,538.7113497,0.679665821
5/6/2020 4:00,2020,5,6,5/6/2020,5,13.837,98.925,1.127,538.7508718,0.679715685
5/6/2020 5:00,2020,5,6,5/6/2020,6,14.24,99.069,1.135,538.7903829,0.679765534
5/6/2020 6:00,2020,5,6,5/6/2020,7,14.504,99.624,1.14,538.829883,0.679815369
5/6/2020 7:00,2020,5,6,5/6/2020,8,12.734,100.85,1.105,570.2899731,0.71950703
5/6/2020 8:00,2020,5,6,5/6/2020,9,11.462,100.442,1.08,646.185492,0.815260702
5/6/2020 9:00,2020,5,6,5/6/2020,10,11.179,100.749,1.08,722.0809999,0.911014361
5/6/2020 10:00,2020,5,6,5/6/2020,11,10.693,99.818,1.08,753.5410569,0.95070598
5/6/2020 11:00,2020,5,6,5/6/2020,12,11.788,100.323,1.086,753.5805019,0.950755745
5/6/2020 12:00,2020,5,6,5/6/2020,13,14.846,98.831,1.147,753.6199358,0.950805497
5/6/2020 13:00,2020,5,6,5/6/2020,14,14.058,99.295,1.131,753.6593585,0.950855235
5/6/2020 14:00,2020,5,6,5/6/2020,15,15.82,100.934,1.166,753.6987702,0.950904959
5/6/2020 15:00,2020,5,6,5/6/2020,16,16.946,100.319,1.189,753.7381707,0.950954668
5/6/2020 16:00,2020,5,6,5/6/2020,17,18.275,99.999,1.211,753.77756,0.951004364
5/6/2020 17:00,2020,5,6,5/6/2020,18,21.64,100.158,1.218,753.8169381,0.951054045
5/6/2020 18:00,2020,5,6,5/6/2020,19,21.171,101.168,1.217,753.856305,0.951103713
5/6/2020 19:00,2020,5,6,5/6/2020,20,24.512,100.994,1.296,687.1457503,0.866938261
5/6/2020 20:00,2020,5,6,5/6/2020,21,22.075,99.048,1.219,620.4351844,0.782772796
5/6/2020 21:00,2020,5,6,5/6/2020,22,22.792,100.831,1.231,620.4745175,0.78282242
5/6/2020 22:00,2020,5,6,5/6/2020,23,23.499,100.28,1.258,620.5138394,0.782872031
5/6/2020 23:00,2020,5,6,5/6/2020,24,23.297,98.628,1.25,580.0264186,0.731791028
5/7/2020 0:00,2020,5,7,5/7/2020,1,21.364,100.853,1.217,539.5389865,0.68071001
5/7/2020 1:00,2020,5,7,5/7/2020,2,20.49,101.545,1.216,539.5782743,0.680759578
5/7/2020 2:00,2020,5,7,5/7/2020,3,19.278,100.648,1.213,539.6175508,0.680809131
5/7/2020 3:00,2020,5,7,5/7/2020,4,17.615,100.322,1.202,539.6568159,0.68085867
5/7/2020 4:00,2020,5,7,5/7/2020,5,15.375,100.674,1.157,539.6960695,0.680908194
5/7/2020 5:00,2020,5,7,5/7/2020,6,15.125,98.531,1.152,539.7353118,0.680957704
5/7/2020 6:00,2020,5,7,5/7/2020,7,13.215,101.638,1.114,539.7745425,0.6810072
5/7/2020 7:00,2020,5,7,5/7/2020,8,11.013,99.179,1.08,571.2343627,0.72069852
5/7/2020 8:00,2020,5,7,5/7/2020,9,11.419,100.137,1.08,647.1296113,0.816451851
5/7/2020 9:00,2020,5,7,5/7/2020,10,11.912,100.175,1.088,723.0248484,0.912205168
5/7/2020 10:00,2020,5,7,5/7/2020,11,11.086,101.151,1.08,754.484634,0.951896445
5/7/2020 11:00,2020,5,7,5/7/2020,12,11.575,99.684,1.081,754.5238072,0.951945868
5/7/2020 12:00,2020,5,7,5/7/2020,13,14.116,98.026,1.132,754.5629688,0.951995276
5/7/2020 13:00,2020,5,7,5/7/2020,14,15.625,98.894,1.163,754.6021188,0.95204467
5/7/2020 14:00,2020,5,7,5/7/2020,15,16.708,102.672,1.184,754.6412572,0.952094049
5/7/2020 15:00,2020,5,7,5/7/2020,16,17.334,99.194,1.197,754.6803839,0.952143413
5/7/2020 16:00,2020,5,7,5/7/2020,17,19.097,98.562,1.212,754.719499,0.952192763
5/7/2020 17:00,2020,5,7,5/7/2020,18,21.163,98.252,1.217,754.7586024,0.952242097
5/7/2020 18:00,2020,5,7,5/7/2020,19,21.425,100.171,1.218,754.7976942,0.952291418
5/7/2020 19:00,2020,5,7,5/7/2020,20,21.127,100.863,1.217,688.0868638,0.868125618
5/7/2020 20:00,2020,5,7,5/7/2020,21,24.946,98.482,1.312,621.3760216,0.783959804
5/7/2020 21:00,2020,5,7,5/7/2020,22,23.013,99.344,1.239,621.4150781,0.78400908
5/7/2020 22:00,2020,5,7,5/7/2020,23,23.352,98.465,1.252,621.4541228,0.784058341
5/7/2020 23:00,2020,5,7,5/7/2020,24,22.55,100.009,1.222,580.9664245,0.732976987
5/8/2020 0:00,2020,5,8,5/8/2020,1,21.951,98.967,1.219,540.4787142,0.681895619
5/8/2020 1:00,2020,5,8,5/8/2020,2,20.156,99.46,1.215,540.5177235,0.681944835
5/8/2020 2:00,2020,5,8,5/8/2020,3,20.222,101.386,1.215,540.5567209,0.681994036
5/8/2020 3:00,2020,5,8,5/8/2020,4,16.764,100.592,1.185,540.5957064,0.682043222
5/8/2020 4:00,2020,5,8,5/8/2020,5,15.369,100.902,1.157,540.6346801,0.682092394
5/8/2020 5:00,2020,5,8,5/8/2020,6,14.791,98.357,1.146,540.6736418,0.68214155
5/8/2020 6:00,2020,5,8,5/8/2020,7,12.56,99.795,1.101,540.7125915,0.682190691
5/8/2020 7:00,2020,5,8,5/8/2020,8,12.846,101.434,1.107,572.1721302,0.721881655
5/8/2020 8:00,2020,5,8,5/8/2020,9,9.611,101.865,1.08,648.0670969,0.817634631
5/8/2020 9:00,2020,5,8,5/8/2020,10,12.507,102.379,1.1,723.9620515,0.913387592
5/8/2020 10:00,2020,5,8,5/8/2020,11,11.978,103.516,1.09,755.4215542,0.953078511
5/8/2020 11:00,2020,5,8,5/8/2020,12,11.124,102.612,1.08,755.460444,0.953127577
5/8/2020 12:00,2020,5,8,5/8/2020,13,13.835,100.616,1.127,755.4993217,0.953176627
5/8/2020 13:00,2020,5,8,5/8/2020,14,14.486,101.365,1.14,755.5381873,0.953225662
5/8/2020 14:00,2020,5,8,5/8/2020,15,15.671,101.785,1.163,755.5770409,0.953274681
5/8/2020 15:00,2020,5,8,5/8/2020,16,18.811,101.054,1.212,755.6158823,0.953323686
5/8/2020 16:00,2020,5,8,5/8/2020,17,18.06,102.258,1.21,755.6547115,0.953372675
5/8/2020 17:00,2020,5,8,5/8/2020,18,19.806,102.087,1.214,755.6935287,0.953421648
5/8/2020 18:00,2020,5,8,5/8/2020,19,20.79,100.933,1.216,755.7323336,0.953470606
5/8/2020 19:00,2020,5,8,5/8/2020,20,21.663,102.957,1.218,689.0212159,0.869304445
5/8/2020 20:00,2020,5,8,5/8/2020,21,24.196,100.615,1.284,622.3100861,0.785138268
5/8/2020 21:00,2020,5,8,5/8/2020,22,22.132,100.075,1.219,622.3488543,0.78518718
5/8/2020 22:00,2020,5,8,5/8/2020,23,23.317,102.061,1.251,622.3876103,0.785236076
5/8/2020 23:00,2020,5,8,5/8/2020,24,20.874,99.058,1.216,581.8996228,0.734154358
5/9/2020 0:00,2020,5,9,5/9/2020,1,22.357,99.682,1.22,541.4116229,0.683072624
5/9/2020 1:00,2020,5,9,5/9/2020,2,19.675,100.011,1.214,541.450342,0.683121474
5/9/2020 2:00,2020,5,9,5/9/2020,3,18.193,101.266,1.21,541.4890488,0.683170309
5/9/2020 3:00,2020,5,9,5/9/2020,4,18.35,100.198,1.211,541.5277432,0.683219128
5/9/2020 4:00,2020,5,9,5/9/2020,5,16.358,100.752,1.177,541.5664253,0.683267931
5/9/2020 5:00,2020,5,9,5/9/2020,6,14.244,100.282,1.135,541.6050949,0.683316719
5/9/2020 6:00,2020,5,9,5/9/2020,7,12.039,99.038,1.091,541.6437521,0.683365491
5/9/2020 7:00,2020,5,9,5/9/2020,8,12.428,100.393,1.099,573.1029978,0.723056086
5/9/2020 8:00,2020,5,9,5/9/2020,9,12.31,102.707,1.096,648.997671,0.818808691
5/9/2020 9:00,2020,5,9,5/9/2020,10,10.034,102.982,1.08,724.8923316,0.914561281
5/9/2020 10:00,2020,5,9,5/9/2020,11,12.135,102.187,1.093,756.3515399,0.954251829
5/9/2020 11:00,2020,5,9,5/9/2020,12,12.684,100.912,1.104,756.3901347,0.954300522
5/9/2020 12:00,2020,5,9,5/9/2020,13,14.5,101.268,1.14,756.428717,0.954349199
5/9/2020 13:00,2020,5,9,5/9/2020,14,13.633,101.306,1.123,756.4672867,0.954397861
5/9/2020 14:00,2020,5,9,5/9/2020,15,15.918,101.269,1.168,756.5058439,0.954446507
5/9/2020 15:00,2020,5,9,5/9/2020,16,17.495,101.711,1.2,756.5443885,0.954495136
5/9/2020 16:00,2020,5,9,5/9/2020,17,18.04,102.34,1.21,756.5829204,0.95454375
5/9/2020 17:00,2020,5,9,5/9/2020,18,19.981,100.74,1.214,756.6214397,0.954592348
5/9/2020 18:00,2020,5,9,5/9/2020,19,21.834,101.401,1.219,756.6599464,0.95464093
5/9/2020 19:00,2020,5,9,5/9/2020,20,22.545,101.806,1.222,689.94853,0.870474392
5/9/2020 20:00,2020,5,9,5/9/2020,21,23.201,101.951,1.246,623.2371009,0.786307837
5/9/2020 21:00,2020,5,9,5/9/2020,22,24.174,99.193,1.283,623.2755694,0.786356371
5/9/2020 22:00,2020,5,9,5/9/2020,23,23.558,100.287,1.26,623.3140252,0.786404889
5/9/2020 23:00,2020,5,9,5/9/2020,24,21.593,99.841,1.218,582.825737,0.735322791
5/10/2020 0:00,2020,5,10,5/10/2020,1,21.444,100.023,1.218,542.337436,0.684240678
5/10/2020 1:00,2020,5,10,5/10/2020,2,21.954,99.647,1.219,542.3758535,0.684289147
5/10/2020 2:00,2020,5,10,5/10/2020,3,19.583,100.548,1.214,542.4142582,0.6843376
5/10/2020 3:00,2020,5,10,5/10/2020,4,16.92,101.702,1.188,542.45265,0.684386038
5/10/2020 4:00,2020,5,10,5/10/2020,5,15.389,100.166,1.158,542.491029,0.684434458
5/10/2020 5:00,2020,5,10,5/10/2020,6,13.667,99.76,1.123,542.5293952,0.684482863
5/10/2020 6:00,2020,5,10,5/10/2020,7,13.61,101.768,1.122,542.5677484,0.684531252
5/10/2020 7:00,2020,5,10,5/10/2020,8,12.781,101.683,1.106,574.0266896,0.724221462
5/10/2020 8:00,2020,5,10,5/10/2020,9,11.604,101.093,1.082,649.9210578,0.819973683
5/10/2020 9:00,2020,5,10,5/10/2020,10,11.076,100.593,1.08,725.815413,0.915725888
5/10/2020 10:00,2020,5,10,5/10/2020,11,12.067,101.708,1.091,757.2743154,0.95541605
5/10/2020 11:00,2020,5,10,5/10/2020,12,11.275,101.875,1.08,757.3126039,0.955464356
5/10/2020 12:00,2020,5,10,5/10/2020,13,13.532,102.274,1.121,757.3508793,0.955512647
5/10/2020 13:00,2020,5,10,5/10/2020,14,14.365,101.657,1.137,757.3891417,0.95556092
5/10/2020 14:00,2020,5,10,5/10/2020,15,16.387,102.638,1.178,757.4273911,0.955609178
5/10/2020 15:00,2020,5,10,5/10/2020,16,16.043,104.51,1.171,757.4656274,0.955657419
5/10/2020 16:00,2020,5,10,5/10/2020,17,19.667,99.102,1.214,757.5038506,0.955705643
5/10/2020 17:00,2020,5,10,5/10/2020,18,20.694,101.643,1.216,757.5420607,0.955753851
5/10/2020 18:00,2020,5,10,5/10/2020,19,21.491,100.426,1.218,757.5802577,0.955802042
5/10/2020 19:00,2020,5,10,5/10/2020,20,22.761,101.201,1.23,690.8685311,0.871635112
5/10/2020 20:00,2020,5,10,5/10/2020,21,22.15,100.864,1.219,624.1567913,0.787468166
5/10/2020 21:00,2020,5,10,5/10/2020,22,23.545,100.128,1.259,624.1949488,0.787516307
5/10/2020 22:00,2020,5,10,5/10/2020,23,24.548,99.49,1.297,624.233093,0.787564432
5/10/2020 23:00,2020,5,10,5/10/2020,24,23.495,99.863,1.258,583.7444927,0.73648194
5/11/2020 0:00,2020,5,11,5/11/2020,1,21.647,100.347,1.218,543.2558792,0.685399433
5/11/2020 1:00,2020,5,11,5/11/2020,2,19.981,100.771,1.214,543.2939837,0.685447507
5/11/2020 2:00,2020,5,11,5/11/2020,3,18.09,97.496,1.21,543.3320749,0.685495565
5/11/2020 3:00,2020,5,11,5/11/2020,4,18.352,99.416,1.211,543.3701528,0.685543606
5/11/2020 4:00,2020,5,11,5/11/2020,5,14.797,99.535,1.146,543.4082174,0.68559163
5/11/2020 5:00,2020,5,11,5/11/2020,6,14.154,100.473,1.133,543.4462687,0.685639638
5/11/2020 6:00,2020,5,11,5/11/2020,7,13.243,99.07,1.115,543.4843065,0.685687628
5/11/2020 7:00,2020,5,11,5/11/2020,8,10.935,101.722,1.08,574.9429319,0.725377441
5/11/2020 8:00,2020,5,11,5/11/2020,9,12.401,101.637,1.098,650.8369838,0.821129262
5/11/2020 9:00,2020,5,11,5/11/2020,10,11.616,103.013,1.082,726.7310223,0.916881067
5/11/2020 10:00,2020,5,11,5/11/2020,11,11.429,102.18,1.08,758.1896074,0.956570829
5/11/2020 11:00,2020,5,11,5/11/2020,12,11,103.27,1.08,758.2275781,0.956618735
5/11/2020 12:00,2020,5,11,5/11/2020,13,13.1,103.648,1.112,758.2655354,0.956666624
5/11/2020 13:00,2020,5,11,5/11/2020,14,14.372,100.59,1.137,758.3034791,0.956714495
5/11/2020 14:00,2020,5,11,5/11/2020,15,16.606,101.957,1.182,758.3414094,0.95676235
5/11/2020 15:00,2020,5,11,5/11/2020,16,19.021,101.628,1.212,758.3793261,0.956810188
5/11/2020 16:00,2020,5,11,5/11/2020,17,18.21,102.795,1.21,758.4172292,0.956858008
5/11/2020 17:00,2020,5,11,5/11/2020,18,20.145,102.82,1.215,758.4551188,0.956905812
5/11/2020 18:00,2020,5,11,5/11/2020,19,21.674,102.783,1.218,758.4929947,0.956953598
5/11/2020 19:00,2020,5,11,5/11/2020,20,22.188,103.626,1.219,691.7809467,0.872786262
5/11/2020 20:00,2020,5,11,5/11/2020,21,23.368,98.418,1.253,625.068885,0.78861891
5/11/2020 21:00,2020,5,11,5/11/2020,22,22.767,100.248,1.23,625.10672,0.788666644
5/11/2020 22:00,2020,5,11,5/11/2020,23,23.789,99.926,1.269,625.1445414,0.788714362
5/11/2020 23:00,2020,5,11,5/11/2020,24,23.555,101.989,1.26,584.6556177,0.737631462
5/12/2020 0:00,2020,5,12,5/12/2020,1,21.861,99.871,1.219,544.1666804,0.686548546
5/12/2020 1:00,2020,5,12,5/12/2020,2,20.007,100.967,1.214,544.2044606,0.686596211
5/12/2020 2:00,2020,5,12,5/12/2020,3,18.833,100.167,1.212,544.242227,0.686643859
5/12/2020 3:00,2020,5,12,5/12/2020,4,16.612,100.708,1.182,544.2799797,0.68669149
5/12/2020 4:00,2020,5,12,5/12/2020,5,15.72,98.43,1.164,544.3177186,0.686739104
5/12/2020 5:00,2020,5,12,5/12/2020,6,14.632,100.664,1.143,544.3554437,0.686786699
5/12/2020 6:00,2020,5,12,5/12/2020,7,13.702,101.099,1.124,544.3931549,0.686834278
5/12/2020 7:00,2020,5,12,5/12/2020,8,11.623,98.591,1.082,575.8514532,0.726523678
5/12/2020 8:00,2020,5,12,5/12/2020,9,10.78,102.617,1.08,651.7451775,0.822275086
5/12/2020 9:00,2020,5,12,5/12/2020,10,12.26,101.678,1.095,727.6388879,0.918026477
5/12/2020 10:00,2020,5,12,5/12/2020,11,11.741,102.547,1.085,759.0971445,0.957715824
5/12/2020 11:00,2020,5,12,5/12/2020,12,14.309,102.337,1.136,759.1347863,0.957763315
5/12/2020 12:00,2020,5,12,5/12/2020,13,13.204,101.032,1.114,759.1724141,0.957810788
5/12/2020 13:00,2020,5,12,5/12/2020,14,15.611,102.81,1.162,759.210028,0.957858244
5/12/2020 14:00,2020,5,12,5/12/2020,15,17.121,102.668,1.192,759.2476279,0.957905682
5/12/2020 15:00,2020,5,12,5/12/2020,16,17.279,101.352,1.196,759.2852137,0.957953102
5/12/2020 16:00,2020,5,12,5/12/2020,17,18.153,103.217,1.21,759.3227856,0.958000505
5/12/2020 17:00,2020,5,12,5/12/2020,18,20.802,102.766,1.216,759.3603434,0.958047889
5/12/2020 18:00,2020,5,12,5/12/2020,19,22.287,104.214,1.22,759.3978871,0.958095256
5/12/2020 19:00,2020,5,12,5/12/2020,20,23.231,103.38,1.248,692.6855063,0.873927501
5/12/2020 20:00,2020,5,12,5/12/2020,21,22.397,99.239,1.22,625.9731115,0.789759728
5/12/2020 21:00,2020,5,12,5/12/2020,22,22.982,99.734,1.238,626.0106129,0.789807042
5/12/2020 22:00,2020,5,12,5/12/2020,23,22.414,99.953,1.22,626.0481002,0.789854338
5/12/2020 23:00,2020,5,12,5/12/2020,24,23.495,99.215,1.258,585.558842,0.738771016
5/13/2020 0:00,2020,5,13,5/13/2020,1,20.715,101.676,1.216,545.0695696,0.687687677
5/13/2020 1:00,2020,5,13,5/13/2020,2,20.843,100.675,1.216,545.1070143,0.687734919
5/13/2020 2:00,2020,5,13,5/13/2020,3,17.961,100.371,1.209,545.1444448,0.687782144
5/13/2020 3:00,2020,5,13,5/13/2020,4,17.142,101.628,1.193,545.1818611,0.68782935
5/13/2020 4:00,2020,5,13,5/13/2020,5,14.833,100.773,1.147,545.2192631,0.687876538
5/13/2020 5:00,2020,5,13,5/13/2020,6,13.73,100.284,1.125,545.2566508,0.687923708
5/13/2020 6:00,2020,5,13,5/13/2020,7,12.9,100.309,1.108,545.2940242,0.687970861
5/13/2020 7:00,2020,5,13,5/13/2020,8,11.812,100.114,1.086,576.7519842,0.727659834
5/13/2020 8:00,2020,5,13,5/13/2020,9,13.003,100.422,1.11,652.6453698,0.823410815
5/13/2020 9:00,2020,5,13,5/13/2020,10,10.281,98.182,1.08,728.5387411,0.919161778
5/13/2020 10:00,2020,5,13,5/13/2020,11,12.241,99.242,1.095,759.996658,0.958850697
5/13/2020 11:00,2020,5,13,5/13/2020,12,12.822,99.447,1.106,760.0339597,0.958897758
5/13/2020 12:00,2020,5,13,5/13/2020,13,14.271,99.382,1.135,760.0712469,0.958944802
5/13/2020 13:00,2020,5,13,5/13/2020,14,14.219,99.801,1.134,760.1085197,0.958991827
5/13/2020 14:00,2020,5,13,5/13/2020,15,16.152,99.843,1.173,760.1457781,0.959038834
5/13/2020 15:00,2020,5,13,5/13/2020,16,18.757,98.593,1.212,760.183022,0.959085823
5/13/2020 16:00,2020,5,13,5/13/2020,17,19.042,100.513,1.212,760.2202514,0.959132793
5/13/2020 17:00,2020,5,13,5/13/2020,18,20.37,99.495,1.215,760.2574663,0.959179746
5/13/2020 18:00,2020,5,13,5/13/2020,19,21.806,99.836,1.218,760.2946667,0.959226679
5/13/2020 19:00,2020,5,13,5/13/2020,20,23.059,99.115,1.241,693.5819421,0.87505849
5/13/2020 20:00,2020,5,13,5/13/2020,21,23.801,100.522,1.269,626.8692029,0.790890283
5/13/2020 21:00,2020,5,13,5/13/2020,22,24.301,98.928,1.288,626.9063596,0.790937162
5/13/2020 22:00,2020,5,13,5/13/2020,23,22.912,98.296,1.236,626.9435017,0.790984022
5/13/2020 23:00,2020,5,13,5/13/2020,24,22.562,101.204,1.222,586.4538978,0.739900265
5/14/2020 0:00,2020,5,14,5/14/2020,1,23.163,100.426,1.245,545.9642793,0.688816489
5/14/2020 1:00,2020,5,14,5/14/2020,2,18.793,101.386,1.212,546.0013775,0.688863294
5/14/2020 2:00,2020,5,14,5/14/2020,3,17.881,100.504,1.208,546.0384609,0.68891008
5/14/2020 3:00,2020,5,14,5/14/2020,4,17.57,99.756,1.201,546.0755297,0.688956848
5/14/2020 4:00,2020,5,14,5/14/2020,5,16.645,99.907,1.183,546.1125837,0.689003597
5/14/2020 5:00,2020,5,14,5/14/2020,6,14.624,100.922,1.142,546.149623,0.689050328
5/14/2020 6:00,2020,5,14,5/14/2020,7,14.237,99.627,1.135,546.1866476,0.68909704
5/14/2020 7:00,2020,5,14,5/14/2020,8,11.798,100.535,1.086,577.6442583,0.728785572
5/14/2020 8:00,2020,5,14,5/14/2020,9,10.886,99.25,1.08,653.537294,0.824536112
5/14/2020 9:00,2020,5,14,5/14/2020,10,11.074,99.483,1.08,729.430315,0.920286633
5/14/2020 10:00,2020,5,14,5/14/2020,11,11.841,100.246,1.087,760.8878812,0.959975109
5/14/2020 11:00,2020,5,14,5/14/2020,12,12.445,100.119,1.099,760.9248317,0.960021728
5/14/2020 12:00,2020,5,14,5/14/2020,13,12.14,100.181,1.093,760.9617673,0.960068328
5/14/2020 13:00,2020,5,14,5/14/2020,14,12.738,98.441,1.105,760.9986881,0.960114909
5/14/2020 14:00,2020,5,14,5/14/2020,15,16.09,100.531,1.172,761.0355939,0.960161471
5/14/2020 15:00,2020,5,14,5/14/2020,16,18.684,99.859,1.212,761.0724848,0.960208015
5/14/2020 16:00,2020,5,14,5/14/2020,17,19.009,99.598,1.212,761.1093607,0.960254539
5/14/2020 17:00,2020,5,14,5/14/2020,18,21.298,100.416,1.217,761.1462217,0.960301045
5/14/2020 18:00,2020,5,14,5/14/2020,19,21.567,98.833,1.218,761.1830677,0.960347532
5/14/2020 19:00,2020,5,14,5/14/2020,20,21.918,100.276,1.219,694.4699882,0.876178895
5/14/2020 20:00,2020,5,14,5/14/2020,21,24.443,99.152,1.293,627.7568938,0.792010239
5/14/2020 21:00,2020,5,14,5/14/2020,22,23.429,100.487,1.255,627.7936947,0.792056669
5/14/2020 22:00,2020,5,14,5/14/2020,23,22.395,100.071,1.22,627.8304806,0.79210308
5/14/2020 23:00,2020,5,14,5/14/2020,24,21.975,100.583,1.219,587.3405201,0.741018873
5/15/2020 0:00,2020,5,15,5/15/2020,1,22.911,99.021,1.236,546.8505444,0.689934646
5/15/2020 1:00,2020,5,15,5/15/2020,2,19.482,99.134,1.213,546.887285,0.689981
5/15/2020 2:00,2020,5,15,5/15/2020,3,17.994,100.576,1.21,546.9240104,0.690027335
5/15/2020 3:00,2020,5,15,5/15/2020,4,16.671,100.3,1.183,546.9607207,0.69007365
5/15/2020 4:00,2020,5,15,5/15/2020,5,15.636,101.201,1.163,546.9974158,0.690119947
5/15/2020 5:00,2020,5,15,5/15/2020,6,13.791,99.861,1.126,547.0340957,0.690166224
5/15/2020 6:00,2020,5,15,5/15/2020,7,14.357,100.3,1.137,547.0707604,0.690212482
5/15/2020 7:00,2020,5,15,5/15/2020,8,12.512,99.069,1.1,578.5280108,0.72990056
5/15/2020 8:00,2020,5,15,5/15/2020,9,10.155,101.307,1.08,654.4206858,0.825650644
5/15/2020 9:00,2020,5,15,5/15/2020,10,9.689,100.948,1.08,730.3133456,0.92140071
5/15/2020 10:00,2020,5,15,5/15/2020,11,12.65,102.216,1.103,761.7705501,0.96108873
5/15/2020 11:00,2020,5,15,5/15/2020,12,10.867,102.103,1.08,761.8071385,0.961134891
5/15/2020 12:00,2020,5,15,5/15/2020,13,11.4,101.591,1.08,761.8437115,0.961181034
5/15/2020 13:00,2020,5,15,5/15/2020,14,14.19,103.987,1.134,761.8802692,0.961227157
5/15/2020 14:00,2020,5,15,5/15/2020,15,16.14,100.763,1.173,761.9168115,0.96127326
5/15/2020 15:00,2020,5,15,5/15/2020,16,16.189,100.201,1.174,761.9533385,0.961319345
5/15/2020 16:00,2020,5,15,5/15/2020,17,19.25,101.664,1.213,761.98985,0.96136541
5/15/2020 17:00,2020,5,15,5/15/2020,18,19.806,100.854,1.214,762.0263462,0.961411455
5/15/2020 18:00,2020,5,15,5/15/2020,19,21.743,100.432,1.218,762.0628268,0.961457481
5/15/2020 19:00,2020,5,15,5/15/2020,20,23.247,102.088,1.248,695.3493817,0.877288383
5/15/2020 20:00,2020,5,15,5/15/2020,21,23.777,99.306,1.268,628.6359211,0.793119265
5/15/2020 21:00,2020,5,15,5/15/2020,22,23.089,99.674,1.242,628.6723553,0.793165232
5/15/2020 22:00,2020,5,15,5/15/2020,23,23.32,98.08,1.251,628.7087741,0.79321118
5/15/2020 23:00,2020,5,15,5/15/2020,24,23.042,97.623,1.24,588.218446,0.742126509
5/16/2020 0:00,2020,5,16,5/16/2020,1,22.824,101.077,1.232,547.7281024,0.691041818
5/16/2020 1:00,2020,5,16,5/16/2020,2,20.491,100.543,1.216,547.7644745,0.691087707
5/16/2020 2:00,2020,5,16,5/16/2020,3,20.367,99.273,1.215,547.800831,0.691133576
5/16/2020 3:00,2020,5,16,5/16/2020,4,16.726,99.535,1.185,547.8371719,0.691179426
5/16/2020 4:00,2020,5,16,5/16/2020,5,16.576,100.653,1.182,547.8734972,0.691225256
5/16/2020 5:00,2020,5,16,5/16/2020,6,14.704,99.46,1.144,547.9098068,0.691271066
5/16/2020 6:00,2020,5,16,5/16/2020,7,14.825,98.629,1.147,547.9461008,0.691316856
5/16/2020 7:00,2020,5,16,5/16/2020,8,11.897,100.733,1.088,579.40298,0.731004466
5/16/2020 8:00,2020,5,16,5/16/2020,9,10.252,101.719,1.08,655.2952834,0.826754081
5/16/2020 9:00,2020,5,16,5/16/2020,10,11.566,101.589,1.081,731.1875711,0.922503677
5/16/2020 10:00,2020,5,16,5/16/2020,11,10.959,101.889,1.08,762.6444031,0.962191227
5/16/2020 11:00,2020,5,16,5/16/2020,12,12.633,100.935,1.103,762.6806185,0.962236918
5/16/2020 12:00,2020,5,16,5/16/2020,13,11.921,99.808,1.088,762.7168181,0.96228259
5/16/2020 13:00,2020,5,16,5/16/2020,14,14.124,102.825,1.132,762.753002,0.962328241
5/16/2020 14:00,2020,5,16,5/16/2020,15,15.679,100.53,1.164,762.78917,0.962373873
5/16/2020 15:00,2020,5,16,5/16/2020,16,17.795,101.534,1.206,762.8253221,0.962419484
5/16/2020 16:00,2020,5,16,5/16/2020,17,19.608,102.633,1.214,762.8614585,0.962465075
5/16/2020 17:00,2020,5,16,5/16/2020,18,20.062,101.996,1.215,762.8975789,0.962510647
5/16/2020 18:00,2020,5,16,5/16/2020,19,21.314,102.638,1.217,762.9336835,0.962556198
5/16/2020 19:00,2020,5,16,5/16/2020,20,22.264,104.175,1.219,696.2198618,0.878386625
5/16/2020 20:00,2020,5,16,5/16/2020,21,23.646,99.898,1.263,629.5060242,0.794217032
5/16/2020 21:00,2020,5,16,5/16/2020,22,23.803,100.733,1.269,629.542081,0.794262523
5/16/2020 22:00,2020,5,16,5/16/2020,23,22.77,99.607,1.23,629.5781219,0.794307994
5/16/2020 23:00,2020,5,16,5/16/2020,24,22.383,100.197,1.22,589.0874154,0.743222845
5/17/2020 0:00,2020,5,17,5/17/2020,1,22.294,99.293,1.22,548.596693,0.692137677
5/17/2020 1:00,2020,5,17,5/17/2020,2,19.853,99.308,1.214,548.6326859,0.692183087
5/17/2020 2:00,2020,5,17,5/17/2020,3,18.055,98.065,1.21,548.6686627,0.692228477
5/17/2020 3:00,2020,5,17,5/17/2020,4,17.644,100.244,1.203,548.7046235,0.692273847
5/17/2020 4:00,2020,5,17,5/17/2020,5,15.098,99.665,1.152,548.7405682,0.692319197
5/17/2020 5:00,2020,5,17,5/17/2020,6,14.341,100.648,1.137,548.7764968,0.692364526
5/17/2020 6:00,2020,5,17,5/17/2020,7,12.888,98.514,1.108,548.8124093,0.692409835
5/17/2020 7:00,2020,5,17,5/17/2020,8,10.564,100.942,1.08,580.2689066,0.732096963
5/17/2020 8:00,2020,5,17,5/17/2020,9,11.516,102.486,1.08,656.1608276,0.827846096
5/17/2020 9:00,2020,5,17,5/17/2020,10,11.996,102.829,1.09,732.0527325,0.923595209
5/17/2020 10:00,2020,5,17,5/17/2020,11,10.24,102.444,1.08,763.5091813,0.963282276
5/17/2020 11:00,2020,5,17,5/17/2020,12,11.098,102.572,1.08,763.545013,0.963327483
5/17/2020 12:00,2020,5,17,5/17/2020,13,12.411,103.169,1.098,763.5808284,0.963372669
5/17/2020 13:00,2020,5,17,5/17/2020,14,13.593,102.768,1.122,763.6166277,0.963417836
5/17/2020 14:00,2020,5,17,5/17/2020,15,15.041,103.117,1.151,763.6524107,0.963462981
5/17/2020 15:00,2020,5,17,5/17/2020,16,16.973,100.788,1.189,763.6881774,0.963508106
5/17/2020 16:00,2020,5,17,5/17/2020,17,19.751,102.1,1.214,763.7239278,0.963553211
5/17/2020 17:00,2020,5,17,5/17/2020,18,20.43,103.159,1.215,763.7596619,0.963598295
5/17/2020 18:00,2020,5,17,5/17/2020,19,20.768,100.858,1.216,763.7953797,0.963643358
5/17/2020 19:00,2020,5,17,5/17/2020,20,22.736,102.957,1.229,697.0811707,0.879473296
5/17/2020 20:00,2020,5,17,5/17/2020,21,23.561,98.702,1.26,630.3669454,0.795303214
5/17/2020 21:00,2020,5,17,5/17/2020,22,23.186,99.858,1.246,630.4026141,0.795348215
5/17/2020 22:00,2020,5,17,5/17/2020,23,23.255,100.991,1.249,630.4382663,0.795393196
5/17/2020 23:00,2020,5,17,5/17/2020,24,22.388,99.532,1.22,589.9471709,0.744307557
5/18/2020 0:00,2020,5,18,5/18/2020,1,21.913,98.968,1.219,549.456059,0.693221897
5/18/2020 1:00,2020,5,18,5/18/2020,2,19.55,100.212,1.213,549.4916619,0.693266815
5/18/2020 2:00,2020,5,18,5/18/2020,3,17.67,99.39,1.203,549.5272484,0.693311713
5/18/2020 3:00,2020,5,18,5/18/2020,4,17.126,101.38,1.193,549.5628184,0.69335659
5/18/2020 4:00,2020,5,18,5/18/2020,5,15.561,99.415,1.161,549.5983719,0.693401446
5/18/2020 5:00,2020,5,18,5/18/2020,6,13.284,100.882,1.116,549.6339088,0.693446281
5/18/2020 6:00,2020,5,18,5/18/2020,7,12.498,99.962,1.1,549.6694292,0.693491096
5/18/2020 7:00,2020,5,18,5/18/2020,8,12.035,98.676,1.091,581.1255339,0.733177728
5/18/2020 8:00,2020,5,18,5/18/2020,9,12.675,102.36,1.103,657.017062,0.828926365
5/18/2020 9:00,2020,5,18,5/18/2020,10,11.018,101.609,1.08,732.9085734,0.924674982
5/18/2020 10:00,2020,5,18,5/18/2020,11,12.042,102.833,1.091,764.3646284,0.964361552
5/18/2020 11:00,2020,5,18,5/18/2020,12,13.186,101.624,1.114,764.4000657,0.964406261
5/18/2020 12:00,2020,5,18,5/18/2020,13,13.949,100.67,1.129,764.4354864,0.96445095
5/18/2020 13:00,2020,5,18,5/18/2020,14,14.154,100.809,1.133,764.4708905,0.964495617
5/18/2020 14:00,2020,5,18,5/18/2020,15,16.74,100.792,1.185,764.5062778,0.964540264
5/18/2020 15:00,2020,5,18,5/18/2020,16,17.971,103.296,1.209,764.5416485,0.964584889
5/18/2020 16:00,2020,5,18,5/18/2020,17,19.753,102.193,1.214,764.5770024,0.964629493
5/18/2020 17:00,2020,5,18,5/18/2020,18,20.344,102.531,1.215,764.6123395,0.964674077
5/18/2020 18:00,2020,5,18,5/18/2020,19,22.577,103.04,1.223,764.6476599,0.964718639
5/18/2020 19:00,2020,5,18,5/18/2020,20,22.9,101.873,1.235,697.9330531,0.880548075
5/18/2020 20:00,2020,5,18,5/18/2020,21,23.904,100.809,1.273,631.2184295,0.79637749
5/18/2020 21:00,2020,5,18,5/18/2020,22,22.938,100.911,1.237,631.2536995,0.796421988
5/18/2020 22:00,2020,5,18,5/18/2020,23,22.483,100.027,1.22,631.2889526,0.796466465
5/18/2020 23:00,2020,5,18,5/18/2020,24,23.855,100.126,1.271,590.7974576,0.745380322
5/19/2020 0:00,2020,5,19,5/19/2020,1,21.304,99.171,1.217,550.3059457,0.694294157
5/19/2020 1:00,2020,5,19,5/19/2020,2,20.727,99.813,1.216,550.3411482,0.694338571
5/19/2020 2:00,2020,5,19,5/19/2020,3,20.51,98.841,1.216,550.3763338,0.694382963
5/19/2020 3:00,2020,5,19,5/19/2020,4,17.713,101.081,1.204,550.4115024,0.694427333
5/19/2020 4:00,2020,5,19,5/19/2020,5,16.536,98.794,1.181,550.4466541,0.694471682
5/19/2020 5:00,2020,5,19,5/19/2020,6,15.11,98.865,1.152,550.4817889,0.69451601
5/19/2020 6:00,2020,5,19,5/19/2020,7,13.135,99.87,1.113,550.5169066,0.694560317
5/19/2020 7:00,2020,5,19,5/19/2020,8,13.131,100.689,1.113,581.9726083,0.73424644
5/19/2020 8:00,2020,5,19,5/19/2020,9,12.108,100.936,1.092,657.8637328,0.829994569
5/19/2020 9:00,2020,5,19,5/19/2020,10,12.043,101.428,1.091,733.7548403,0.925742676
5/19/2020 10:00,2020,5,19,5/19/2020,11,12.168,102.483,1.093,765.2104908,0.965428735
5/19/2020 11:00,2020,5,19,5/19/2020,12,11.521,102.546,1.08,765.2455234,0.965472934
5/19/2020 12:00,2020,5,19,5/19/2020,13,13.74,101.327,1.125,765.2805389,0.965517111
5/19/2020 13:00,2020,5,19,5/19/2020,14,13.083,100.441,1.112,765.3155372,0.965561267
5/19/2020 14:00,2020,5,19,5/19/2020,15,16.719,102.156,1.184,765.3505185,0.965605401
5/19/2020 15:00,2020,5,19,5/19/2020,16,17.695,102.963,1.204,765.3854825,0.965649513
5/19/2020 16:00,2020,5,19,5/19/2020,17,17.93,102.314,1.209,765.4204294,0.965693604
5/19/2020 17:00,2020,5,19,5/19/2020,18,20.576,101.571,1.216,765.4553592,0.965737673
5/19/2020 18:00,2020,5,19,5/19/2020,19,21.484,100.334,1.218,765.4902717,0.965781721
5/19/2020 19:00,2020,5,19,5/19/2020,20,23.481,101.189,1.257,698.7752566,0.881610642
5/19/2020 20:00,2020,5,19,5/19/2020,21,23.694,99.339,1.265,632.0602243,0.797439541
5/19/2020 21:00,2020,5,19,5/19/2020,22,23.025,98.665,1.24,632.0950851,0.797483523
5/19/2020 22:00,2020,5,19,5/19/2020,23,23.604,100.127,1.262,632.1299287,0.797527484
5/19/2020 23:00,2020,5,19,5/19/2020,24,22.076,99.497,1.219,591.6380236,0.746440823
5/20/2020 0:00,2020,5,20,5/20/2020,1,22.751,99.626,1.229,551.1461012,0.695354141
5/20/2020 1:00,2020,5,20,5/20/2020,2,20.045,99.679,1.215,551.1808928,0.695398036
5/20/2020 2:00,2020,5,20,5/20/2020,3,19.827,101.41,1.214,551.2156671,0.695441909
5/20/2020 3:00,2020,5,20,5/20/2020,4,16.418,101.606,1.178,551.250424,0.69548576
5/20/2020 4:00,2020,5,20,5/20/2020,5,13.88,100.116,1.128,551.2851636,0.695529589
5/20/2020 5:00,2020,5,20,5/20/2020,6,14.096,98.616,1.132,551.3198857,0.695573396
5/20/2020 6:00,2020,5,20,5/20/2020,7,13.757,101.014,1.125,551.3545904,0.695617181
5/20/2020 7:00,2020,5,20,5/20/2020,8,11.717,99.818,1.084,582.8098786,0.735302783
5/20/2020 8:00,2020,5,20,5/20/2020,9,11.249,99.056,1.08,658.7005892,0.83105039
5/20/2020 9:00,2020,5,20,5/20/2020,10,10.463,98.527,1.08,734.5912824,0.926797974
5/20/2020 10:00,2020,5,20,5/20/2020,11,11.165,99.415,1.08,766.0465181,0.96648351
5/20/2020 11:00,2020,5,20,5/20/2020,12,11.541,99.158,1.081,766.0811355,0.966527185
5/20/2020 12:00,2020,5,20,5/20/2020,13,12.982,99.859,1.11,766.1157353,0.966570838
5/20/2020 13:00,2020,5,20,5/20/2020,14,15.7,99.734,1.164,766.1503176,0.966614469
5/20/2020 14:00,2020,5,20,5/20/2020,15,15.454,99.029,1.159,766.1848824,0.966658077
5/20/2020 15:00,2020,5,20,5/20/2020,16,16.365,101.26,1.177,766.2194295,0.966701664
5/20/2020 16:00,2020,5,20,5/20/2020,17,17.428,99.613,1.199,766.2539591,0.966745228
5/20/2020 17:00,2020,5,20,5/20/2020,18,21.615,101.153,1.218,766.288471,0.96678877
5/20/2020 18:00,2020,5,20,5/20/2020,19,22.751,99.559,1.229,766.3229654,0.96683229
5/20/2020 19:00,2020,5,20,5/20/2020,20,22.999,100.968,1.239,699.6075317,0.882660683
5/20/2020 20:00,2020,5,20,5/20/2020,21,24.372,98.115,1.291,632.8920803,0.798489053
5/20/2020 21:00,2020,5,20,5/20/2020,22,22.423,99.388,1.22,632.9265216,0.798532506
5/20/2020 22:00,2020,5,20,5/20/2020,23,22.583,98.343,1.223,632.9609452,0.798575937
5/20/2020 23:00,2020,5,20,5/20/2020,24,23.091,99.083,1.242,592.4686198,0.747488746
5/21/2020 0:00,2020,5,21,5/21/2020,1,22.768,101.068,1.23,551.9762767,0.696401533
5/21/2020 1:00,2020,5,21,5/21/2020,2,22.261,99.187,1.219,552.0106471,0.696444896
5/21/2020 2:00,2020,5,21,5/21/2020,3,18.709,100.539,1.212,552.0449998,0.696488237
5/21/2020 3:00,2020,5,21,5/21/2020,4,18.664,100.458,1.211,552.0793346,0.696531556
5/21/2020 4:00,2020,5,21,5/21/2020,5,16.024,99.853,1.17,552.1136517,0.696574852
5/21/2020 5:00,2020,5,21,5/21/2020,6,14.694,100.367,1.144,552.1479509,0.696618126
5/21/2020 6:00,2020,5,21,5/21/2020,7,13.484,99.935,1.12,552.1822323,0.696661377
5/21/2020 7:00,2020,5,21,5/21/2020,8,11.847,99.695,1.087,583.6370967,0.736346444
5/21/2020 8:00,2020,5,21,5/21/2020,9,10.831,99.318,1.08,659.5273832,0.832093515
5/21/2020 9:00,2020,5,21,5/21/2020,10,11.518,101.455,1.08,735.4176517,0.927840564
5/21/2020 10:00,2020,5,21,5/21/2020,11,12.425,98.217,1.099,766.8724624,0.967525563
5/21/2020 11:00,2020,5,21,5/21/2020,12,11.446,98.643,1.08,766.9066543,0.967568702
5/21/2020 12:00,2020,5,21,5/21/2020,13,14.334,99.458,1.137,766.9408283,0.967611817
5/21/2020 13:00,2020,5,21,5/21/2020,14,15.268,100.565,1.155,766.9749843,0.96765491
5/21/2020 14:00,2020,5,21,5/21/2020,15,16.137,99.988,1.173,767.0091223,0.967697981
5/21/2020 15:00,2020,5,21,5/21/2020,16,17.676,100.057,1.204,767.0432423,0.967741028
5/21/2020 16:00,2020,5,21,5/21/2020,17,19.686,100.491,1.214,767.0773443,0.967784053
5/21/2020 17:00,2020,5,21,5/21/2020,18,20.57,101.207,1.216,767.1114283,0.967827055
5/21/2020 18:00,2020,5,21,5/21/2020,19,21.336,99.433,1.217,767.1454942,0.967870034
5/21/2020 19:00,2020,5,21,5/21/2020,20,21.399,101.998,1.218,700.4296316,0.883697886
5/21/2020 20:00,2020,5,21,5/21/2020,21,24.945,99.818,1.312,633.713751,0.799525715
5/21/2020 21:00,2020,5,21,5/21/2020,22,22.258,99.7,1.219,633.7477626,0.799568626
5/21/2020 22:00,2020,5,21,5/21/2020,23,23.424,99.799,1.255,633.7817561,0.799611514
5/21/2020 23:00,2020,5,21,5/21/2020,24,24.139,100.886,1.282,593.2890002,0.74852378
5/22/2020 0:00,2020,5,22,5/22/2020,1,21.545,99.513,1.218,552.7962261,0.697436023
5/22/2020 1:00,2020,5,22,5/22/2020,2,21.025,100.613,1.217,552.8301651,0.697478842
5/22/2020 2:00,2020,5,22,5/22/2020,3,19.875,99.486,1.214,552.864086,0.697521638
5/22/2020 3:00,2020,5,22,5/22/2020,4,18.456,99.08,1.211,552.8979886,0.697564411
5/22/2020 4:00,2020,5,22,5/22/2020,5,13.526,99.056,1.121,552.931873,0.697607162
5/22/2020 5:00,2020,5,22,5/22/2020,6,13.164,99.624,1.113,552.9657392,0.697649889
5/22/2020 6:00,2020,5,22,5/22/2020,7,13.364,100.849,1.117,552.9995871,0.697692593
5/22/2020 7:00,2020,5,22,5/22/2020,8,12.744,101.219,1.105,584.4540176,0.737377113
5/22/2020 8:00,2020,5,22,5/22/2020,9,11.546,102.545,1.081,660.3438697,0.833123636
5/22/2020 9:00,2020,5,22,5/22/2020,10,10.426,100.867,1.08,736.2337035,0.928870136
5/22/2020 10:00,2020,5,22,5/22/2020,11,11.607,101.551,1.082,767.6880791,0.968554587
5/22/2020 11:00,2020,5,22,5/22/2020,12,13.341,103.742,1.117,767.7218354,0.968597176
5/22/2020 12:00,2020,5,22,5/22/2020,13,13.6,103.055,1.122,767.7555733,0.968639741
5/22/2020 13:00,2020,5,22,5/22/2020,14,15.267,102.387,1.155,767.7892929,0.968682284
5/22/2020 14:00,2020,5,22,5/22/2020,15,16.689,101.525,1.184,767.8229941,0.968724803
5/22/2020 15:00,2020,5,22,5/22/2020,16,17.531,104.18,1.201,767.8566768,0.968767299
5/22/2020 16:00,2020,5,22,5/22/2020,17,18.671,101.821,1.211,767.8903411,0.968809771
5/22/2020 17:00,2020,5,22,5/22/2020,18,20.046,101.151,1.215,767.923987,0.968852221
5/22/2020 18:00,2020,5,22,5/22/2020,19,21.639,101.489,1.218,767.9576144,0.968894647
5/22/2020 19:00,2020,5,22,5/22/2020,20,23.403,101.726,1.254,701.2413129,0.884721945
5/22/2020 20:00,2020,5,22,5/22/2020,21,22.761,101.275,1.23,634.5249929,0.800549219
5/22/2020 21:00,2020,5,22,5/22/2020,22,24.416,100.047,1.292,634.5585647,0.800591575
5/22/2020 22:00,2020,5,22,5/22/2020,23,25.49,100.711,1.333,634.5921181,0.800633908
5/22/2020 23:00,2020,5,22,5/22/2020,24,22.736,99.553,1.229,594.0989215,0.749545618
5/23/2020 0:00,2020,5,23,5/23/2020,1,21.312,99.52,1.217,553.6057064,0.698457304
5/23/2020 1:00,2020,5,23,5/23/2020,2,20.153,99.904,1.215,553.639204,0.698499567
5/23/2020 2:00,2020,5,23,5/23/2020,3,19.899,98.794,1.214,553.672683,0.698541806
5/23/2020 3:00,2020,5,23,5/23/2020,4,17.858,102.454,1.207,553.7061434,0.698584021
5/23/2020 4:00,2020,5,23,5/23/2020,5,17.267,101.238,1.195,553.7395851,0.698626213
5/23/2020 5:00,2020,5,23,5/23/2020,6,14,100.989,1.13,553.7730081,0.698668381
5/23/2020 6:00,2020,5,23,5/23/2020,7,13.802,101.162,1.126,553.8064125,0.698710526
5/23/2020 7:00,2020,5,23,5/23/2020,8,11.818,99.464,1.086,585.2603991,0.738394486
5/23/2020 8:00,2020,5,23,5/23/2020,9,11.121,104.038,1.08,661.1498069,0.834140448
5/23/2020 9:00,2020,5,23,5/23/2020,10,10.264,100.726,1.08,737.0391959,0.929886387
5/23/2020 10:00,2020,5,23,5/23/2020,11,11.946,101.993,1.089,768.4931263,0.969570276
5/23/2020 11:00,2020,5,23,5/23/2020,12,12.7,101.813,1.104,768.526437,0.969612302
5/23/2020 12:00,2020,5,23,5/23/2020,13,13.426,102.925,1.119,768.559729,0.969654305
5/23/2020 13:00,2020,5,23,5/23/2020,14,16.263,101.937,1.175,768.5930021,0.969696284
5/23/2020 14:00,2020,5,23,5/23/2020,15,16.601,101.277,1.182,768.6262565,0.96973824
5/23/2020 15:00,2020,5,23,5/23/2020,16,17.699,102.417,1.204,768.659492,0.969780171
5/23/2020 16:00,2020,5,23,5/23/2020,17,18.958,103.743,1.212,768.6927086,0.969822079
5/23/2020 17:00,2020,5,23,5/23/2020,18,20.668,102.858,1.216,768.7259064,0.969863963
5/23/2020 18:00,2020,5,23,5/23/2020,19,22.502,102.817,1.22,768.7590853,0.969905823
5/23/2020 19:00,2020,5,23,5/23/2020,20,23.424,100.797,1.255,702.0423349,0.885732555
5/23/2020 20:00,2020,5,23,5/23/2020,21,20.452,98.954,1.215,635.3255656,0.801559263
5/23/2020 21:00,2020,5,23,5/23/2020,22,21.713,101.123,1.218,635.3586877,0.801601052
5/23/2020 22:00,2020,5,23,5/23/2020,23,23.763,100.875,1.268,635.3917909,0.801642816
5/23/2020 23:00,2020,5,23,5/23/2020,24,23.918,99.249,1.274,594.8981439,0.750553958
5/24/2020 0:00,2020,5,24,5/24/2020,1,21.394,100.24,1.218,554.4044778,0.699465075
5/24/2020 1:00,2020,5,24,5/24/2020,2,20.735,99.165,1.216,554.437524,0.699506768
5/24/2020 2:00,2020,5,24,5/24/2020,3,18.152,100.261,1.21,554.4705512,0.699548437
5/24/2020 3:00,2020,5,24,5/24/2020,4,16.918,100.336,1.188,554.5035594,0.699590082
5/24/2020 4:00,2020,5,24,5/24/2020,5,16.88,99.094,1.188,554.5365485,0.699631703
5/24/2020 5:00,2020,5,24,5/24/2020,6,14.566,99.809,1.141,554.5695186,0.699673299
5/24/2020 6:00,2020,5,24,5/24/2020,7,13.598,100.344,1.122,554.6024696,0.699714872
5/24/2020 7:00,2020,5,24,5/24/2020,8,11.699,98.445,1.084,586.0560023,0.739398259
5/24/2020 8:00,2020,5,24,5/24/2020,9,12.463,101.538,1.099,661.9449559,0.835143649
5/24/2020 9:00,2020,5,24,5/24/2020,10,11.303,102.289,1.08,737.8338903,0.930889014
5/24/2020 10:00,2020,5,24,5/24/2020,11,12.191,101.387,1.094,769.2873656,0.970572329
5/24/2020 11:00,2020,5,24,5/24/2020,12,12.213,102.321,1.094,769.3202209,0.970613781
5/24/2020 12:00,2020,5,24,5/24/2020,13,12.83,100.799,1.107,769.3530569,0.970655208
5/24/2020 13:00,2020,5,24,5/24/2020,14,15.136,101.969,1.153,769.3858738,0.970696612
5/24/2020 14:00,2020,5,24,5/24/2020,15,15.008,102.705,1.15,769.4186715,0.970737991
5/24/2020 15:00,2020,5,24,5/24/2020,16,18.552,100.659,1.211,769.4514499,0.970779346
5/24/2020 16:00,2020,5,24,5/24/2020,17,20.178,101.004,1.215,769.484209,0.970820677
5/24/2020 17:00,2020,5,24,5/24/2020,18,20.043,102.772,1.215,769.5169489,0.970861983
5/24/2020 18:00,2020,5,24,5/24/2020,19,21.253,102.26,1.217,769.5496695,0.970903265
5/24/2020 19:00,2020,5,24,5/24/2020,20,22.038,99.712,1.219,702.8324604,0.886729418
5/24/2020 20:00,2020,5,24,5/24/2020,21,23.243,100.947,1.248,636.1152319,0.802555546
5/24/2020 21:00,2020,5,24,5/24/2020,22,23.939,100.421,1.274,636.1478946,0.802596755
5/24/2020 22:00,2020,5,24,5/24/2020,23,23.638,100.619,1.263,636.1805378,0.80263794
5/24/2020 23:00,2020,5,24,5/24/2020,24,22.202,99.153,1.219,595.6864304,0.7515485
5/25/2020 0:00,2020,5,25,5/25/2020,1,20.058,99.257,1.215,555.1923036,0.700459037
5/25/2020 1:00,2020,5,25,5/25/2020,2,21.117,100.626,1.217,555.2248886,0.700500148
5/25/2020 2:00,2020,5,25,5/25/2020,3,19.349,99.345,1.213,555.2574543,0.700541234
5/25/2020 3:00,2020,5,25,5/25/2020,4,18.542,100.088,1.211,555.2900005,0.700582296
5/25/2020 4:00,2020,5,25,5/25/2020,5,16.681,98.72,1.184,555.3225273,0.700623334
5/25/2020 5:00,2020,5,25,5/25/2020,6,13.653,100.334,1.123,555.3550345,0.700664346
5/25/2020 6:00,2020,5,25,5/25/2020,7,13.081,101.251,1.112,555.3875223,0.700705335
5/25/2020 7:00,2020,5,25,5/25/2020,8,12.166,99.172,1.093,586.8405915,0.740388137
5/25/2020 8:00,2020,5,25,5/25/2020,9,10.452,102.534,1.08,662.729081,0.836132941
5/25/2020 9:00,2020,5,25,5/25/2020,10,11.488,101.34,1.08,738.6175511,0.931877721
5/25/2020 10:00,2020,5,25,5/25/2020,11,12.095,103.993,1.092,770.0705616,0.971560449
5/25/2020 11:00,2020,5,25,5/25/2020,12,13.11,102.223,1.112,770.1029517,0.971601314
5/25/2020 12:00,2020,5,25,5/25/2020,13,13.426,102.746,1.119,770.1353222,0.971642154
5/25/2020 13:00,2020,5,25,5/25/2020,14,13.302,102.305,1.116,770.167673,0.97168297
5/25/2020 14:00,2020,5,25,5/25/2020,15,16.483,103.334,1.18,770.2000043,0.971723761
5/25/2020 15:00,2020,5,25,5/25/2020,16,18.173,102.372,1.21,770.2323159,0.971764527
5/25/2020 16:00,2020,5,25,5/25/2020,17,19.68,102.438,1.214,770.2646078,0.971805268
5/25/2020 17:00,2020,5,25,5/25/2020,18,19.334,103.261,1.213,770.2968801,0.971845984
5/25/2020 18:00,2020,5,25,5/25/2020,19,21.671,101.56,1.218,770.3291327,0.971886676
5/25/2020 19:00,2020,5,25,5/25/2020,20,23.073,101.198,1.242,703.6114551,0.887712238
5/25/2020 20:00,2020,5,25,5/25/2020,21,24.412,99.965,1.292,636.8937579,0.803537775
5/25/2020 21:00,2020,5,25,5/25/2020,22,22.845,99.967,1.233,636.9259513,0.803578392
5/25/2020 22:00,2020,5,25,5/25/2020,23,23.598,101.197,1.261,636.9581249,0.803618983
5/25/2020 23:00,2020,5,25,5/25/2020,24,24.937,98.296,1.312,596.4635475,0.752528951
5/26/2020 0:00,2020,5,26,5/26/2020,1,22.56,100.327,1.222,555.9689503,0.701438894
5/26/2020 1:00,2020,5,26,5/26/2020,2,20.859,101.88,1.216,556.0010645,0.701479411
5/26/2020 2:00,2020,5,26,5/26/2020,3,19.802,100.377,1.214,556.033159,0.701519903
5/26/2020 3:00,2020,5,26,5/26/2020,4,17.882,102.031,1.208,556.0652336,0.70156037
5/26/2020 4:00,2020,5,26,5/26/2020,5,16.091,100.005,1.172,556.0972883,0.701600812
5/26/2020 5:00,2020,5,26,5/26/2020,6,13.958,99.165,1.129,556.1293232,0.701641229
5/26/2020 6:00,2020,5,26,5/26/2020,7,12.065,97.136,1.091,556.1613382,0.70168162
5/26/2020 7:00,2020,5,26,5/26/2020,8,13.172,102.1,1.113,587.6139341,0.741363826
5/26/2020 8:00,2020,5,26,5/26/2020,9,11.617,100.947,1.082,663.5019501,0.837108032
5/26/2020 9:00,2020,5,26,5/26/2020,10,10.959,100.297,1.08,739.3899461,0.932852214
5/26/2020 10:00,2020,5,26,5/26/2020,11,11.753,102.806,1.085,770.8424822,0.972534344
5/26/2020 11:00,2020,5,26,5/26/2020,12,12.388,99.607,1.098,770.8743975,0.97257461
5/26/2020 12:00,2020,5,26,5/26/2020,13,13.655,101.204,1.123,770.9062928,0.97261485
5/26/2020 13:00,2020,5,26,5/26/2020,14,15.015,100.412,1.15,770.9381681,0.972655066
5/26/2020 14:00,2020,5,26,5/26/2020,15,15.341,102.063,1.157,770.9700234,0.972695256
5/26/2020 15:00,2020,5,26,5/26/2020,16,16.83,101.642,1.187,771.0018586,0.972735421
5/26/2020 16:00,2020,5,26,5/26/2020,17,18.699,99.485,1.212,771.0336738,0.972775561
5/26/2020 17:00,2020,5,26,5/26/2020,18,19.856,101.812,1.214,771.0654689,0.972815675
5/26/2020 18:00,2020,5,26,5/26/2020,19,22.423,101.812,1.22,771.0972439,0.972855764
5/26/2020 19:00,2020,5,26,5/26/2020,20,21.963,102.425,1.219,704.3790884,0.888680723
5/26/2020 20:00,2020,5,26,5/26/2020,21,23.196,98.46,1.246,637.6609128,0.804505657
5/26/2020 21:00,2020,5,26,5/26/2020,22,22.509,100.645,1.22,637.6926274,0.804545669
5/26/2020 22:00,2020,5,26,5/26/2020,23,21.243,101.312,1.217,637.7243219,0.804585657
5/26/2020 23:00,2020,5,26,5/26/2020,24,22.928,100.746,1.236,597.2292649,0.75349502
5/27/2020 0:00,2020,5,27,5/27/2020,1,23.042,98.962,1.24,556.7341878,0.702404357
5/27/2020 1:00,2020,5,27,5/27/2020,2,20.299,101.158,1.215,556.7658217,0.702444268
5/27/2020 2:00,2020,5,27,5/27/2020,3,19.379,101.593,1.213,556.7974354,0.702484153
5/27/2020 3:00,2020,5,27,5/27/2020,4,17.972,99.136,1.209,556.8290289,0.702524013
5/27/2020 4:00,2020,5,27,5/27/2020,5,16.019,99.288,1.17,556.8606021,0.702563848
5/27/2020 5:00,2020,5,27,5/27/2020,6,12.957,101.92,1.109,556.8921551,0.702603656
5/27/2020 6:00,2020,5,27,5/27/2020,7,13.338,99.496,1.117,556.9236878,0.70264344
5/27/2020 7:00,2020,5,27,5/27/2020,8,12.483,100.252,1.1,588.3758011,0.742325036
5/27/2020 8:00,2020,5,27,5/27/2020,9,11.499,100.834,1.08,664.263334,0.838068633
5/27/2020 9:00,2020,5,27,5/27/2020,10,11.05,101.573,1.08,740.1508465,0.933812205
5/27/2020 10:00,2020,5,27,5/27/2020,11,11.4,98.451,1.08,771.6028988,0.973493724
5/27/2020 11:00,2020,5,27,5/27/2020,12,11.045,99.945,1.08,771.6343298,0.973533379
5/27/2020 12:00,2020,5,27,5/27/2020,13,12.663,100.753,1.103,771.6657405,0.973573008
5/27/2020 13:00,2020,5,27,5/27/2020,14,15.469,100.262,1.159,771.6971307,0.973612612
5/27/2020 14:00,2020,5,27,5/27/2020,15,15.292,99.397,1.156,771.7285006,0.97365219
5/27/2020 15:00,2020,5,27,5/27/2020,16,17.89,100.814,1.208,771.75985,0.973691742
5/27/2020 16:00,2020,5,27,5/27/2020,17,18.549,99.09,1.211,771.7911789,0.973731268
5/27/2020 17:00,2020,5,27,5/27/2020,18,20.721,99.19,1.216,771.8224874,0.973770768
5/27/2020 18:00,2020,5,27,5/27/2020,19,21.947,99.262,1.219,771.8537755,0.973810243
5/27/2020 19:00,2020,5,27,5/27/2020,20,22.493,100.344,1.22,705.1351326,0.889634587
5/27/2020 20:00,2020,5,27,5/27/2020,21,23.307,100.306,1.25,638.4164692,0.805458905
5/27/2020 21:00,2020,5,27,5/27/2020,22,23.375,99.89,1.253,638.4476957,0.805498302
5/27/2020 22:00,2020,5,27,5/27/2020,23,23.307,101.11,1.25,638.4789017,0.805537673
5/27/2020 23:00,2020,5,27,5/27/2020,24,20.569,100.206,1.216,597.9833558,0.754446419
5/28/2020 0:00,2020,5,28,5/28/2020,1,23.455,100.251,1.256,557.4877893,0.703355139
5/28/2020 1:00,2020,5,28,5/28/2020,2,19.505,98.82,1.213,557.5189335,0.703394432
5/28/2020 2:00,2020,5,28,5/28/2020,3,19.524,100.264,1.213,557.5500572,0.703433699
5/28/2020 3:00,2020,5,28,5/28/2020,4,16.063,99.983,1.171,557.5811602,0.703472941
5/28/2020 4:00,2020,5,28,5/28/2020,5,14.61,101.412,1.142,557.6122426,0.703512156
5/28/2020 5:00,2020,5,28,5/28/2020,6,14.425,101.146,1.139,557.6433043,0.703551345
5/28/2020 6:00,2020,5,28,5/28/2020,7,13.251,99.641,1.115,557.6743453,0.703590508
5/28/2020 7:00,2020,5,28,5/28/2020,8,12.27,97.887,1.095,589.1259666,0.743271483
5/28/2020 8:00,2020,5,28,5/28/2020,9,10.79,98.442,1.08,665.013007,0.839014459
5/28/2020 9:00,2020,5,28,5/28/2020,10,10.054,101.018,1.08,740.9000268,0.934757409
5/28/2020 10:00,2020,5,28,5/28/2020,11,11.577,99.701,1.082,772.3515859,0.974438306
5/28/2020 11:00,2020,5,28,5/28/2020,12,12.375,99.975,1.098,772.3825234,0.974477338
5/28/2020 12:00,2020,5,28,5/28/2020,13,12.786,99.353,1.106,772.4134401,0.974516344
5/28/2020 13:00,2020,5,28,5/28/2020,14,13.666,100.588,1.123,772.444336,0.974555324
5/28/2020 14:00,2020,5,28,5/28/2020,15,16.688,102.163,1.184,772.4752111,0.974594278
5/28/2020 15:00,2020,5,28,5/28/2020,16,16.78,101.993,1.186,772.5060654,0.974633205
5/28/2020 16:00,2020,5,28,5/28/2020,17,19.151,99.896,1.213,772.5368989,0.974672106
5/28/2020 17:00,2020,5,28,5/28/2020,18,21.922,98.987,1.219,772.5677115,0.974710981
5/28/2020 18:00,2020,5,28,5/28/2020,19,22.569,98.993,1.223,772.5985033,0.97474983
5/28/2020 19:00,2020,5,28,5/28/2020,20,23.392,98.837,1.254,705.8793638,0.890573547
5/28/2020 20:00,2020,5,28,5/28/2020,21,22.462,101.173,1.22,639.1602034,0.806397238
5/28/2020 21:00,2020,5,28,5/28/2020,22,24.774,100.704,1.306,639.1909325,0.806436008
5/28/2020 22:00,2020,5,28,5/28/2020,23,22.462,101.052,1.22,639.2216407,0.806474751
5/28/2020 23:00,2020,5,28,5/28/2020,24,22.37,99.939,1.22,598.7255966,0.755382868
5/29/2020 0:00,2020,5,29,5/29/2020,1,21.453,102.062,1.218,558.2295316,0.704290959
5/29/2020 1:00,2020,5,29,5/29/2020,2,19.311,100.405,1.213,558.2601769,0.704329623
5/29/2020 2:00,2020,5,29,5/29/2020,3,17.696,100.589,1.204,558.2908012,0.70436826
5/29/2020 3:00,2020,5,29,5/29/2020,4,18.551,100.571,1.211,558.3214045,0.704406871
5/29/2020 4:00,2020,5,29,5/29/2020,5,15.986,101.817,1.17,558.3519868,0.704445455
5/29/2020 5:00,2020,5,29,5/29/2020,6,14.886,98.038,1.148,558.3825481,0.704484013
5/29/2020 6:00,2020,5,29,5/29/2020,7,13.628,98.255,1.123,558.4130883,0.704522544
5/29/2020 7:00,2020,5,29,5/29/2020,8,13.531,100.624,1.121,589.8642083,0.744202887
5/29/2020 8:00,2020,5,29,5/29/2020,9,12.49,103.292,1.1,665.7507472,0.83994523
5/29/2020 9:00,2020,5,29,5/29/2020,10,10.97,103.266,1.08,741.637265,0.935687546
5/29/2020 10:00,2020,5,29,5/29/2020,11,11.68,102.612,1.084,773.0883217,0.97536781
5/29/2020 11:00,2020,5,29,5/29/2020,12,12.637,100.84,1.103,773.1187565,0.975406208
5/29/2020 12:00,2020,5,29,5/29/2020,13,11.201,102.042,1.08,773.14917,0.975444579
5/29/2020 13:00,2020,5,29,5/29/2020,14,13.208,102.247,1.114,773.1795625,0.975482924
5/29/2020 14:00,2020,5,29,5/29/2020,15,17.147,102.128,1.193,773.2099337,0.975521242
5/29/2020 15:00,2020,5,29,5/29/2020,16,17.56,100.838,1.201,773.2402838,0.975559533
5/29/2020 16:00,2020,5,29,5/29/2020,17,18.494,101.324,1.211,773.2706126,0.975597797
5/29/2020 17:00,2020,5,29,5/29/2020,18,20.05,101.98,1.215,773.3009203,0.975636035
5/29/2020 18:00,2020,5,29,5/29/2020,19,21.709,103.567,1.218,773.3312067,0.975674246
5/29/2020 19:00,2020,5,29,5/29/2020,20,21.954,101.639,1.219,706.6115614,0.891497325
5/29/2020 20:00,2020,5,29,5/29/2020,21,22.581,102.272,1.223,639.8918949,0.807320378
5/29/2020 21:00,2020,5,29,5/29/2020,22,23.243,99.96,1.248,639.9221175,0.807358508
5/29/2020 22:00,2020,5,29,5/29/2020,23,23.249,100.886,1.248,639.9523188,0.807396612
5/29/2020 23:00,2020,5,29,5/29/2020,24,22.333,100.969,1.22,599.4557674,0.756304089
5/30/2020 0:00,2020,5,30,5/30/2020,1,22.49,101.743,1.22,558.9591948,0.70521154
5/30/2020 1:00,2020,5,30,5/30/2020,2,20.576,99.531,1.216,558.9893321,0.705249562
5/30/2020 2:00,2020,5,30,5/30/2020,3,17.879,100.173,1.208,559.019448,0.705287558
5/30/2020 3:00,2020,5,30,5/30/2020,4,16.24,100.782,1.175,559.0495425,0.705325527
5/30/2020 4:00,2020,5,30,5/30/2020,5,14.432,100.079,1.139,559.0796157,0.705363469
5/30/2020 5:00,2020,5,30,5/30/2020,6,14.033,99.366,1.131,559.1096675,0.705401384
5/30/2020 6:00,2020,5,30,5/30/2020,7,12.589,100.758,1.102,559.1396978,0.705439271
5/30/2020 7:00,2020,5,30,5/30/2020,8,13.05,99.459,1.111,590.5903076,0.745118971
5/30/2020 8:00,2020,5,30,5/30/2020,9,11.944,102.324,1.089,666.4763358,0.84086067
5/30/2020 9:00,2020,5,30,5/30/2020,10,11.278,101.039,1.08,742.3623426,0.936602341
5/30/2020 10:00,2020,5,30,5/30/2020,11,12.518,103.711,1.1,773.812888,0.97628196
5/30/2020 11:00,2020,5,30,5/30/2020,12,10.993,102.016,1.08,773.8428109,0.976319712
5/30/2020 12:00,2020,5,30,5/30/2020,13,13.379,103.297,1.118,773.8727124,0.976357437
5/30/2020 13:00,2020,5,30,5/30/2020,14,15.715,102.08,1.164,773.9025923,0.976395135
5/30/2020 14:00,2020,5,30,5/30/2020,15,16.334,102.273,1.177,773.9324507,0.976432806
5/30/2020 15:00,2020,5,30,5/30/2020,16,16.507,100.466,1.18,773.9622875,0.97647045
5/30/2020 16:00,2020,5,30,5/30/2020,17,20.49,101.02,1.216,773.9921028,0.976508066
5/30/2020 17:00,2020,5,30,5/30/2020,18,19.976,102.491,1.214,774.0218964,0.976545655
5/30/2020 18:00,2020,5,30,5/30/2020,19,21.494,101.99,1.218,774.0516685,0.976583217
5/30/2020 19:00,2020,5,30,5/30/2020,20,22.571,101.105,1.223,707.3315085,0.892405647
5/30/2020 20:00,2020,5,30,5/30/2020,21,23.692,100.789,1.265,640.6113269,0.80822805
5/30/2020 21:00,2020,5,30,5/30/2020,22,23.593,98.453,1.261,640.641034,0.80826553
5/30/2020 22:00,2020,5,30,5/30/2020,23,23.168,99.418,1.245,640.6707195,0.808302983
5/30/2020 23:00,2020,5,30,5/30/2020,24,22.087,100.452,1.219,600.1736519,0.757209809
5/31/2020 0:00,2020,5,31,5/31/2020,1,20.485,100.824,1.216,559.6765627,0.706116608
5/31/2020 1:00,2020,5,31,5/31/2020,2,20.22,100.19,1.215,559.706183,0.706153978
5/31/2020 2:00,2020,5,31,5/31/2020,3,20.039,99.547,1.215,559.7357817,0.706191321
5/31/2020 3:00,2020,5,31,5/31/2020,4,17.536,99.45,1.201,559.7653585,0.706228637
5/31/2020 4:00,2020,5,31,5/31/2020,5,14.737,99.087,1.145,559.7949137,0.706265925
5/31/2020 5:00,2020,5,31,5/31/2020,6,14.051,100.024,1.131,559.824447,0.706303186
5/31/2020 6:00,2020,5,31,5/31/2020,7,14.06,102.03,1.131,559.8539585,0.706340419
5/31/2020 7:00,2020,5,31,5/31/2020,8,12.661,99.16,1.103,591.3040492,0.746019464
5/31/2020 8:00,2020,5,31,5/31/2020,9,11.845,100.978,1.087,667.1895579,0.841760507
5/31/2020 9:00,2020,5,31,5/31/2020,10,11.13,102.567,1.08,743.0750448,0.937501523
5/31/2020 10:00,2020,5,31,5/31/2020,11,10.673,100.201,1.08,774.5250699,0.977180485
5/31/2020 11:00,2020,5,31,5/31/2020,12,12.658,101.304,1.103,774.5544723,0.97721758
5/31/2020 12:00,2020,5,31,5/31/2020,13,13.166,102.279,1.113,774.5838527,0.977254648
5/31/2020 13:00,2020,5,31,5/31/2020,14,13.98,104.277,1.13,774.6132113,0.977291689
5/31/2020 14:00,2020,5,31,5/31/2020,15,15.386,102.673,1.158,774.642548,0.977328701
5/31/2020 15:00,2020,5,31,5/31/2020,16,17.331,102.727,1.197,774.6718627,0.977365686
5/31/2020 16:00,2020,5,31,5/31/2020,17,18.66,101.671,1.211,774.7011555,0.977402643
5/31/2020 17:00,2020,5,31,5/31/2020,18,19.891,102.87,1.214,774.7304264,0.977439573
5/31/2020 18:00,2020,5,31,5/31/2020,19,20.515,102.882,1.216,774.7596752,0.977476475
5/31/2020 19:00,2020,5,31,5/31/2020,20,25.146,101.983,1.32,708.0389917,0.893298244
5/31/2020 20:00,2020,5,31,5/31/2020,21,21.823,100.556,1.218,641.3182862,0.809119986
5/31/2020 21:00,2020,5,31,5/31/2020,22,24.342,99.11,1.29,641.3474691,0.809156805
5/31/2020 22:00,2020,5,31,5/31/2020,23,24.432,100.275,1.293,641.3766299,0.809193596
5/31/2020 23:00,2020,5,31,5/31/2020,24,23.006,99.695,1.239,600.8790374,0.758099759
6/1/2020 0:00,2020,6,1,6/1/2020,1,25.131,100.34,1.319,552.3978651,0.69693343
6/1/2020 1:00,2020,6,1,6/1/2020,2,22.691,100.593,1.227,552.4269597,0.696970137
6/1/2020 2:00,2020,6,1,6/1/2020,3,20.828,99.197,1.216,552.4560323,0.697006817
6/1/2020 3:00,2020,6,1,6/1/2020,4,18.627,99.708,1.211,552.4850827,0.697043468
6/1/2020 4:00,2020,6,1,6/1/2020,5,17.64,101.745,1.203,552.514111,0.697080092
6/1/2020 5:00,2020,6,1,6/1/2020,6,16.035,98.992,1.171,552.5431172,0.697116688
6/1/2020 6:00,2020,6,1,6/1/2020,7,15.441,99.49,1.159,552.5721012,0.697153255
6/1/2020 7:00,2020,6,1,6/1/2020,8,14.14,99.502,1.133,583.0650744,0.735624752
6/1/2020 8:00,2020,6,1,6/1/2020,9,14.741,101.773,1.145,656.6406436,0.828451457
6/1/2020 9:00,2020,6,1,6/1/2020,10,13.716,102.885,1.124,730.2161905,0.921278134
6/1/2020 10:00,2020,6,1,6/1/2020,11,13.414,99.295,1.118,760.7090971,0.959749546
6/1/2020 11:00,2020,6,1,6/1/2020,12,12.653,102.582,1.103,760.7379701,0.959785974
6/1/2020 12:00,2020,6,1,6/1/2020,13,15.303,102.276,1.156,760.7668209,0.959822373
6/1/2020 13:00,2020,6,1,6/1/2020,14,16.591,102.38,1.182,760.7956495,0.959858745
6/1/2020 14:00,2020,6,1,6/1/2020,15,17.231,102.427,1.195,760.8244557,0.959895088
6/1/2020 15:00,2020,6,1,6/1/2020,16,18.354,103.213,1.211,760.8532397,0.959931404
6/1/2020 16:00,2020,6,1,6/1/2020,17,20.682,102.276,1.216,760.8820014,0.959967691
6/1/2020 17:00,2020,6,1,6/1/2020,18,23.911,102.283,1.273,760.9107407,0.96000395
6/1/2020 18:00,2020,6,1,6/1/2020,19,24.031,101.451,1.278,760.9394577,0.960040181
6/1/2020 19:00,2020,6,1,6/1/2020,20,25.142,102.024,1.32,696.2504204,0.878425179
6/1/2020 20:00,2020,6,1,6/1/2020,21,24.134,100.864,1.282,631.5613606,0.796810149
6/1/2020 21:00,2020,6,1,6/1/2020,22,26.106,99.671,1.356,631.5900105,0.796846295
6/1/2020 22:00,2020,6,1,6/1/2020,23,26.743,100.736,1.38,631.6186381,0.796882413
6/1/2020 23:00,2020,6,1,6/1/2020,24,26.175,100.48,1.359,592.3543345,0.747344558
6/2/2020 0:00,2020,6,2,6/2/2020,1,24.921,99.024,1.311,553.0900084,0.697806674
6/2/2020 1:00,2020,6,2,6/2/2020,2,23.118,100.334,1.243,553.1185687,0.697842707
6/2/2020 2:00,2020,6,2,6/2/2020,3,21.392,99.104,1.218,553.1471066,0.697878711
6/2/2020 3:00,2020,6,2,6/2/2020,4,18.371,99.048,1.211,553.175622,0.697914688
6/2/2020 4:00,2020,6,2,6/2/2020,5,18.402,99.809,1.211,553.2041149,0.697950636
6/2/2020 5:00,2020,6,2,6/2/2020,6,17.888,99.975,1.208,553.2325853,0.697986556
6/2/2020 6:00,2020,6,2,6/2/2020,7,15.452,98.849,1.159,553.2610332,0.698022447
6/2/2020 7:00,2020,6,2,6/2/2020,8,14.397,98.569,1.138,583.7534699,0.736493267
6/2/2020 8:00,2020,6,2,6/2/2020,9,13.36,100.603,1.117,657.3285022,0.829319294
6/2/2020 9:00,2020,6,2,6/2/2020,10,14.148,102.935,1.133,730.903512,0.922145294
6/2/2020 10:00,2020,6,2,6/2/2020,11,13.597,102.361,1.122,761.3958811,0.960616028
6/2/2020 11:00,2020,6,2,6/2/2020,12,14.528,103.081,1.141,761.4242162,0.960651777
6/2/2020 12:00,2020,6,2,6/2/2020,13,15.595,101.557,1.162,761.4525288,0.960687498
6/2/2020 13:00,2020,6,2,6/2/2020,14,15.5,102.14,1.16,761.4808187,0.96072319
6/2/2020 14:00,2020,6,2,6/2/2020,15,18.678,103.189,1.212,761.509086,0.960758853
6/2/2020 15:00,2020,6,2,6/2/2020,16,19.256,101.381,1.213,761.5373307,0.960794488
6/2/2020 16:00,2020,6,2,6/2/2020,17,20.168,101.591,1.215,761.5655527,0.960830094
6/2/2020 17:00,2020,6,2,6/2/2020,18,22.576,104.111,1.223,761.5937521,0.960865672
6/2/2020 18:00,2020,6,2,6/2/2020,19,24.345,101.592,1.29,761.6219288,0.960901221
6/2/2020 19:00,2020,6,2,6/2/2020,20,24.381,103.034,1.291,696.9323507,0.879285537
6/2/2020 20:00,2020,6,2,6/2/2020,21,26.969,100.74,1.389,632.2427498,0.797669825
6/2/2020 21:00,2020,6,2,6/2/2020,22,26.105,100.104,1.356,632.2708584,0.797705288
6/2/2020 22:00,2020,6,2,6/2/2020,23,25.34,100.168,1.327,632.2989442,0.797740722
6/2/2020 23:00,2020,6,2,6/2/2020,24,24.181,100.161,1.284,593.0340985,0.748202183
6/3/2020 0:00,2020,6,3,6/3/2020,1,23.894,100.433,1.273,553.76923,0.698663614
6/3/2020 1:00,2020,6,3,6/3/2020,2,23.681,99.36,1.265,553.7972475,0.698698962
6/3/2020 2:00,2020,6,3,6/3/2020,3,21.106,100.341,1.217,553.8252422,0.698734282
6/3/2020 3:00,2020,6,3,6/3/2020,4,20.015,100.364,1.214,553.853214,0.698769573
6/3/2020 4:00,2020,6,3,6/3/2020,5,17.706,100.19,1.204,553.8811631,0.698804835
6/3/2020 5:00,2020,6,3,6/3/2020,6,15.179,98.771,1.154,553.9090893,0.698840068
6/3/2020 6:00,2020,6,3,6/3/2020,7,14.587,99.331,1.142,553.9369927,0.698875272
6/3/2020 7:00,2020,6,3,6/3/2020,8,13.767,99.619,1.125,584.4288845,0.737345404
6/3/2020 8:00,2020,6,3,6/3/2020,9,15.314,99.603,1.156,658.0033716,0.830170744
6/3/2020 9:00,2020,6,3,6/3/2020,10,14.675,100.102,1.144,731.5778357,0.922996055
6/3/2020 10:00,2020,6,3,6/3/2020,11,13.928,98.91,1.129,762.0696589,0.961466101
6/3/2020 11:00,2020,6,3,6/3/2020,12,13.329,100.491,1.117,762.0974478,0.96150116
6/3/2020 12:00,2020,6,3,6/3/2020,13,13.305,99.808,1.116,762.1252137,0.961536191
6/3/2020 13:00,2020,6,3,6/3/2020,14,15.748,100.722,1.165,762.1529567,0.961571193
6/3/2020 14:00,2020,6,3,6/3/2020,15,17.767,99.347,1.205,762.1806767,0.961606166
6/3/2020 15:00,2020,6,3,6/3/2020,16,21.352,101.092,1.217,762.2083737,0.96164111
6/3/2020 16:00,2020,6,3,6/3/2020,17,20.443,98.879,1.215,762.2360477,0.961676025
6/3/2020 17:00,2020,6,3,6/3/2020,18,22.321,100.621,1.22,762.2636987,0.961710911
6/3/2020 18:00,2020,6,3,6/3/2020,19,23.933,100.212,1.274,762.2913266,0.961745768
6/3/2020 19:00,2020,6,3,6/3/2020,20,24.867,100.735,1.309,697.6011995,0.880129391
6/3/2020 20:00,2020,6,3,6/3/2020,21,27.165,100.707,1.393,632.9110493,0.798512986
6/3/2020 21:00,2020,6,3,6/3/2020,22,25.802,99.562,1.345,632.9386081,0.798547755
6/3/2020 22:00,2020,6,3,6/3/2020,23,26.246,99.823,1.362,632.9661438,0.798582496
6/3/2020 23:00,2020,6,3,6/3/2020,24,26.333,100.844,1.365,593.7007477,0.749043261
6/4/2020 0:00,2020,6,4,6/4/2020,1,24.318,99.439,1.289,554.4353284,0.699503998
6/4/2020 1:00,2020,6,4,6/4/2020,2,22.594,99.727,1.224,554.4627948,0.699538651
6/4/2020 2:00,2020,6,4,6/4/2020,3,22.431,101.302,1.22,554.4902381,0.699573275
6/4/2020 3:00,2020,6,4,6/4/2020,4,19.416,99.674,1.213,554.5176582,0.69960787
6/4/2020 4:00,2020,6,4,6/4/2020,5,17.505,99.722,1.2,554.5450551,0.699642435
6/4/2020 5:00,2020,6,4,6/4/2020,6,15.992,100.169,1.17,554.5724288,0.699676971
6/4/2020 6:00,2020,6,4,6/4/2020,7,15.372,100.699,1.157,554.5997793,0.699711478
6/4/2020 7:00,2020,6,4,6/4/2020,8,15.234,99.29,1.155,585.0911181,0.738180912
6/4/2020 8:00,2020,6,4,6/4/2020,9,13.174,102.438,1.113,658.6650516,0.831005554
6/4/2020 9:00,2020,6,4,6/4/2020,10,13.274,97.817,1.115,732.2389619,0.923830166
6/4/2020 10:00,2020,6,4,6/4/2020,11,14.331,99.992,1.137,762.7302309,0.962299512
6/4/2020 11:00,2020,6,4,6/4/2020,12,13.88,99.453,1.128,762.7574653,0.962333872
6/4/2020 12:00,2020,6,4,6/4/2020,13,16.273,100.233,1.175,762.7846763,0.962368203
6/4/2020 13:00,2020,6,4,6/4/2020,14,17.194,101.151,1.194,762.8118641,0.962402505
6/4/2020 14:00,2020,6,4,6/4/2020,15,18.683,99.126,1.212,762.8390286,0.962436777
6/4/2020 15:00,2020,6,4,6/4/2020,16,19.739,100.71,1.214,762.8661697,0.962471019
6/4/2020 16:00,2020,6,4,6/4/2020,17,20.77,100.199,1.216,762.8932875,0.962505233
6/4/2020 17:00,2020,6,4,6/4/2020,18,22.965,99.36,1.238,762.920382,0.962539416
6/4/2020 18:00,2020,6,4,6/4/2020,19,23.666,99.891,1.264,762.947453,0.962573571
6/4/2020 19:00,2020,6,4,6/4/2020,20,25.277,100.11,1.325,698.2567687,0.880956491
6/4/2020 20:00,2020,6,4,6/4/2020,21,25.709,98.757,1.341,633.5660609,0.799339382
6/4/2020 21:00,2020,6,4,6/4/2020,22,27.248,99.939,1.395,633.5930618,0.799373448
6/4/2020 22:00,2020,6,4,6/4/2020,23,26.19,100.513,1.359,633.6200393,0.799407484
6/4/2020 23:00,2020,6,4,6/4/2020,24,27.008,98.611,1.39,594.3540846,0.749867545
6/5/2020 0:00,2020,6,5,6/5/2020,1,23.884,98.851,1.272,555.0881064,0.700327576
6/5/2020 1:00,2020,6,5,6/5/2020,2,23.209,101.24,1.247,555.1150136,0.700361524
6/5/2020 2:00,2020,6,5,6/5/2020,3,21.3,99.785,1.217,555.1418972,0.700395441
6/5/2020 3:00,2020,6,5,6/5/2020,4,19.895,98.04,1.214,555.1687574,0.70042933
6/5/2020 4:00,2020,6,5,6/5/2020,5,17.72,100.62,1.204,555.1955941,0.700463188
6/5/2020 5:00,2020,6,5,6/5/2020,6,18.417,99.611,1.211,555.2224072,0.700497017
6/5/2020 6:00,2020,6,5,6/5/2020,7,14.783,101.329,1.146,555.2491969,0.700530816
6/5/2020 7:00,2020,6,5,6/5/2020,8,12.954,99.742,1.109,585.7399743,0.738999542
6/5/2020 8:00,2020,6,5,6/5/2020,9,14.193,104.298,1.134,659.3133463,0.831823475
6/5/2020 9:00,2020,6,5,6/5/2020,10,13.704,102.009,1.124,732.8866947,0.924647379
6/5/2020 10:00,2020,6,5,6/5/2020,11,14.95,102.862,1.149,763.3774014,0.963116015
6/5/2020 11:00,2020,6,5,6/5/2020,12,13.943,102.167,1.129,763.4040732,0.963149666
6/5/2020 12:00,2020,6,5,6/5/2020,13,16.579,101.067,1.182,763.4307213,0.963183287
6/5/2020 13:00,2020,6,5,6/5/2020,14,17.787,100.018,1.206,763.4573458,0.963216877
6/5/2020 14:00,2020,6,5,6/5/2020,15,17.439,101.182,1.199,763.4839467,0.963250438
6/5/2020 15:00,2020,6,5,6/5/2020,16,19.58,101.92,1.214,763.5105239,0.96328397
6/5/2020 16:00,2020,6,5,6/5/2020,17,21.15,100.932,1.217,763.5370775,0.963317471
6/5/2020 17:00,2020,6,5,6/5/2020,18,25.167,102.456,1.321,763.5636074,0.963350942
6/5/2020 18:00,2020,6,5,6/5/2020,19,25.33,101.537,1.327,763.5901135,0.963384384
6/5/2020 19:00,2020,6,5,6/5/2020,20,25.1,99.771,1.318,698.8988639,0.881766591
6/5/2020 20:00,2020,6,5,6/5/2020,21,26.152,100.846,1.358,634.2075906,0.800148768
6/5/2020 21:00,2020,6,5,6/5/2020,22,26.546,100.627,1.373,634.2340256,0.80018212
6/5/2020 22:00,2020,6,5,6/5/2020,23,26.079,100.552,1.355,634.2604368,0.800215442
6/5/2020 23:00,2020,6,5,6/5/2020,24,23.889,100.558,1.272,594.9939156,0.750674788
6/6/2020 0:00,2020,6,6,6/6/2020,1,23.607,100.113,1.262,555.7273705,0.701134105
6/6/2020 1:00,2020,6,6,6/6/2020,2,21.321,99.875,1.217,555.7537105,0.701167336
6/6/2020 2:00,2020,6,6,6/6/2020,3,20.111,99.9,1.215,555.7800266,0.701200538
6/6/2020 3:00,2020,6,6,6/6/2020,4,20.445,98.596,1.215,555.8063189,0.70123371
6/6/2020 4:00,2020,6,6,6/6/2020,5,17.766,99.823,1.205,555.8325873,0.701266851
6/6/2020 5:00,2020,6,6,6/6/2020,6,16.463,100.238,1.179,555.858832,0.701299963
6/6/2020 6:00,2020,6,6,6/6/2020,7,16.307,101.144,1.176,555.8850527,0.701333045
6/6/2020 7:00,2020,6,6,6/6/2020,8,14.212,100.432,1.134,586.375261,0.739801052
6/6/2020 8:00,2020,6,6,6/6/2020,9,14.827,104.06,1.147,659.9480635,0.832624267
6/6/2020 9:00,2020,6,6,6/6/2020,10,13.335,100.94,1.117,733.520842,0.925447451
6/6/2020 10:00,2020,6,6,6/6/2020,11,13.97,99.15,1.129,764.0109786,0.963915369
6/6/2020 11:00,2020,6,6,6/6/2020,12,13.439,100.832,1.119,764.0370799,0.9639483
6/6/2020 12:00,2020,6,6,6/6/2020,13,14.66,104.172,1.143,764.0631572,0.9639812
6/6/2020 13:00,2020,6,6,6/6/2020,14,17.347,102.156,1.197,764.0892106,0.96401407
6/6/2020 14:00,2020,6,6,6/6/2020,15,18.288,101.903,1.211,764.11524,0.96404691
6/6/2020 15:00,2020,6,6,6/6/2020,16,20.454,101.238,1.215,764.1412454,0.96407972
6/6/2020 16:00,2020,6,6,6/6/2020,17,22.46,101.22,1.22,764.1672268,0.9641125
6/6/2020 17:00,2020,6,6,6/6/2020,18,23.959,101.327,1.275,764.1931843,0.964145249
6/6/2020 18:00,2020,6,6,6/6/2020,19,24.176,102.029,1.283,764.2191177,0.964177968
6/6/2020 19:00,2020,6,6,6/6/2020,20,26.403,101.582,1.367,699.527295,0.882559452
6/6/2020 20:00,2020,6,6,6/6/2020,21,26.886,99.146,1.386,634.8354482,0.800940906
6/6/2020 21:00,2020,6,6,6/6/2020,22,25.98,99.736,1.351,634.8613095,0.800973534
6/6/2020 22:00,2020,6,6,6/6/2020,23,24.859,98.879,1.309,634.8871467,0.801006131
6/6/2020 23:00,2020,6,6,6/6/2020,24,24.794,101.148,1.307,595.6200511,0.751464753
6/7/2020 0:00,2020,6,7,6/7/2020,1,25.013,99.228,1.315,556.3529313,0.701923344
6/7/2020 1:00,2020,6,7,6/7/2020,2,23.131,102.216,1.244,556.3786962,0.70195585
6/7/2020 2:00,2020,6,7,6/7/2020,3,20.684,100.567,1.216,556.404437,0.701988326
6/7/2020 3:00,2020,6,7,6/7/2020,4,20.65,99.341,1.216,556.4301536,0.702020772
6/7/2020 4:00,2020,6,7,6/7/2020,5,18.261,99.498,1.211,556.4558461,0.702053187
6/7/2020 5:00,2020,6,7,6/7/2020,6,16.561,99.295,1.181,556.4815144,0.702085571
6/7/2020 6:00,2020,6,7,6/7/2020,7,15.853,98.83,1.167,556.5071585,0.702117925
6/7/2020 7:00,2020,6,7,6/7/2020,8,13.815,98.526,1.126,586.9967899,0.740585205
6/7/2020 8:00,2020,6,7,6/7/2020,9,13.44,101.497,1.119,660.5690151,0.833407691
6/7/2020 9:00,2020,6,7,6/7/2020,10,13.217,101.604,1.114,734.141216,0.926230147
6/7/2020 10:00,2020,6,7,6/7/2020,11,14.123,103.703,1.132,764.6307747,0.964697335
6/7/2020 11:00,2020,6,7,6/7/2020,12,14.6,103.637,1.142,764.6562978,0.964729537
6/7/2020 12:00,2020,6,7,6/7/2020,13,13.961,101.912,1.129,764.6817965,0.964761707
6/7/2020 13:00,2020,6,7,6/7/2020,14,16.948,103.623,1.189,764.7072711,0.964793847
6/7/2020 14:00,2020,6,7,6/7/2020,15,18.748,101.718,1.212,764.7327213,0.964825956
6/7/2020 15:00,2020,6,7,6/7/2020,16,19.206,102.717,1.213,764.7581472,0.964858035
6/7/2020 16:00,2020,6,7,6/7/2020,17,22.864,102.692,1.234,764.7835488,0.964890083
6/7/2020 17:00,2020,6,7,6/7/2020,18,22.659,101.917,1.226,764.8089261,0.9649221
6/7/2020 18:00,2020,6,7,6/7/2020,19,24.01,102.044,1.277,764.8342791,0.964954087
6/7/2020 19:00,2020,6,7,6/7/2020,20,24.492,102.065,1.295,700.1418756,0.883334838
6/7/2020 20:00,2020,6,7,6/7/2020,21,25.546,100.033,1.335,635.4494478,0.801715559
6/7/2020 21:00,2020,6,7,6/7/2020,22,26.811,98.001,1.383,635.4747277,0.801747454
6/7/2020 22:00,2020,6,7,6/7/2020,23,25.973,98.492,1.351,635.4999832,0.801779317
6/7/2020 23:00,2020,6,7,6/7/2020,24,22.978,100.166,1.238,596.2323055,0.752237204
6/8/2020 0:00,2020,6,8,6/8/2020,1,24.108,99.449,1.281,556.9646034,0.702695061
6/8/2020 1:00,2020,6,8,6/8/2020,2,22.094,99.886,1.219,556.9897856,0.702726832
6/8/2020 2:00,2020,6,8,6/8/2020,3,21.93,101.008,1.219,557.0149434,0.702758572
6/8/2020 3:00,2020,6,8,6/8/2020,4,20.6,98.952,1.216,557.0400768,0.702790282
6/8/2020 4:00,2020,6,8,6/8/2020,5,18.073,101.237,1.21,557.0651857,0.702821961
6/8/2020 5:00,2020,6,8,6/8/2020,6,16.895,99.972,1.188,557.0902701,0.702853608
6/8/2020 6:00,2020,6,8,6/8/2020,7,13.769,98.889,1.125,557.11533,0.702885225
6/8/2020 7:00,2020,6,8,6/8/2020,8,14.468,99.959,1.139,587.6043768,0.741351768
6/8/2020 8:00,2020,6,8,6/8/2020,9,13.019,102.906,1.11,661.1760171,0.834173516
6/8/2020 9:00,2020,6,8,6/8/2020,10,14.296,101.822,1.136,734.7476329,0.926995234
6/8/2020 10:00,2020,6,8,6/8/2020,11,14.178,100.257,1.134,765.2366061,0.965461683
6/8/2020 11:00,2020,6,8,6/8/2020,12,14.21,100.839,1.134,765.2615434,0.965493145
6/8/2020 12:00,2020,6,8,6/8/2020,13,15.676,101.966,1.164,765.2864561,0.965524577
6/8/2020 13:00,2020,6,8,6/8/2020,14,16.857,102.717,1.187,765.3113442,0.965555977
6/8/2020 14:00,2020,6,8,6/8/2020,15,17.747,104.224,1.205,765.3362077,0.965587346
6/8/2020 15:00,2020,6,8,6/8/2020,16,19.173,101.793,1.213,765.3610466,0.965618684
6/8/2020 16:00,2020,6,8,6/8/2020,17,22.674,103.319,1.227,765.3858609,0.965649991
6/8/2020 17:00,2020,6,8,6/8/2020,18,22.01,100.3,1.219,765.4106505,0.965681267
6/8/2020 18:00,2020,6,8,6/8/2020,19,25.279,102.807,1.325,765.4354155,0.965712511
6/8/2020 19:00,2020,6,8,6/8/2020,20,25.175,102.769,1.321,700.7424238,0.884092521
6/8/2020 20:00,2020,6,8,6/8/2020,21,26.06,98.881,1.355,636.0494074,0.802472499
6/8/2020 21:00,2020,6,8,6/8/2020,22,25.897,99.963,1.348,636.0740983,0.80250365
6/8/2020 22:00,2020,6,8,6/8/2020,23,25.378,99.383,1.329,636.0987646,0.802534771
6/8/2020 23:00,2020,6,8,6/8/2020,24,25.932,99.488,1.35,596.8304975,0.752991914
6/9/2020 0:00,2020,6,9,6/9/2020,1,25.086,100.389,1.318,557.5622056,0.703449026
6/9/2020 1:00,2020,6,9,6/9/2020,2,23.032,100.802,1.24,557.5867977,0.703480053
6/9/2020 2:00,2020,6,9,6/9/2020,3,21.245,99.251,1.217,557.6113651,0.703511049
6/9/2020 3:00,2020,6,9,6/9/2020,4,18.738,99.21,1.212,557.6359077,0.703542013
6/9/2020 4:00,2020,6,9,6/9/2020,5,16.738,98.863,1.185,557.6604255,0.703572946
6/9/2020 5:00,2020,6,9,6/9/2020,6,16.227,101.088,1.175,557.6849186,0.703603847
6/9/2020 6:00,2020,6,9,6/9/2020,7,16.212,99.984,1.174,557.7093868,0.703634718
6/9/2020 7:00,2020,6,9,6/9/2020,8,16.486,101.116,1.18,588.1978417,0.742100513
6/9/2020 8:00,2020,6,9,6/9/2020,9,13.446,101.708,1.119,661.7688897,0.834921515
6/9/2020 9:00,2020,6,9,6/9/2020,10,12.978,103.43,1.11,735.339913,0.927742484
6/9/2020 10:00,2020,6,9,6/9/2020,11,11.632,101.278,1.083,765.8282933,0.966208186
6/9/2020 11:00,2020,6,9,6/9/2020,12,14.055,103.693,1.131,765.8526374,0.9662389
6/9/2020 12:00,2020,6,9,6/9/2020,13,16.234,102.929,1.175,765.8769566,0.966269582
6/9/2020 13:00,2020,6,9,6/9/2020,14,15.793,101.794,1.166,765.9012509,0.966300233
6/9/2020 14:00,2020,6,9,6/9/2020,15,16.697,103.269,1.184,765.9255203,0.966330853
6/9/2020 15:00,2020,6,9,6/9/2020,16,20.522,101.652,1.216,765.9497648,0.966361441
6/9/2020 16:00,2020,6,9,6/9/2020,17,20.506,103.298,1.216,765.9739844,0.966391998
6/9/2020 17:00,2020,6,9,6/9/2020,18,22.848,103.494,1.233,765.9981791,0.966422523
6/9/2020 18:00,2020,6,9,6/9/2020,19,24.53,102.362,1.297,766.0223488,0.966453016
6/9/2020 19:00,2020,6,9,6/9/2020,20,24.645,100.325,1.301,701.3287614,0.884832274
6/9/2020 20:00,2020,6,9,6/9/2020,21,25.897,100.311,1.348,636.6351491,0.803211501
6/9/2020 21:00,2020,6,9,6/9/2020,22,24.964,100.452,1.313,636.6592439,0.8032419
6/9/2020 22:00,2020,6,9,6/9/2020,23,24.648,99.37,1.301,636.6833137,0.803272268
6/9/2020 23:00,2020,6,9,6/9/2020,24,26.583,99.728,1.374,597.4144497,0.753728658
6/10/2020 0:00,2020,6,10,6/10/2020,1,25.177,98.748,1.321,558.1455607,0.704185017
6/10/2020 1:00,2020,6,10,6/10/2020,2,23.212,100.125,1.247,558.1695554,0.70421529
6/10/2020 2:00,2020,6,10,6/10/2020,3,21.37,101.243,1.217,558.1935251,0.704245531
6/10/2020 3:00,2020,6,10,6/10/2020,4,19.205,97.486,1.213,558.2174697,0.704275741
6/10/2020 4:00,2020,6,10,6/10/2020,5,18.34,99.927,1.211,558.2413892,0.704305919
6/10/2020 5:00,2020,6,10,6/10/2020,6,16.518,100.825,1.18,558.2652837,0.704336066
6/10/2020 6:00,2020,6,10,6/10/2020,7,15.23,100.189,1.155,558.289153,0.704366181
6/10/2020 7:00,2020,6,10,6/10/2020,8,13.912,100.392,1.128,588.7770087,0.74283122
6/10/2020 8:00,2020,6,10,6/10/2020,9,12.868,101.573,1.107,662.3474572,0.835651465
6/10/2020 9:00,2020,6,10,6/10/2020,10,13.36,99.669,1.117,735.9178807,0.928471678
6/10/2020 10:00,2020,6,10,6/10/2020,11,13.267,99.086,1.115,766.4056609,0.966936623
6/10/2020 11:00,2020,6,10,6/10/2020,12,13.423,100.041,1.118,766.4294046,0.966966579
6/10/2020 12:00,2020,6,10,6/10/2020,13,15.382,99.317,1.158,766.4531231,0.966996503
6/10/2020 13:00,2020,6,10,6/10/2020,14,16.533,100.103,1.181,766.4768164,0.967026396
6/10/2020 14:00,2020,6,10,6/10/2020,15,16.467,100.647,1.179,766.5004846,0.967056257
6/10/2020 15:00,2020,6,10,6/10/2020,16,19.643,100.099,1.214,766.5241275,0.967086086
6/10/2020 16:00,2020,6,10,6/10/2020,17,23.231,100.657,1.248,766.5477452,0.967115884
6/10/2020 17:00,2020,6,10,6/10/2020,18,21.538,98.304,1.218,766.5713377,0.967145649
6/10/2020 18:00,2020,6,10,6/10/2020,19,23.734,100.26,1.267,766.594905,0.967175383
6/10/2020 19:00,2020,6,10,6/10/2020,20,24.17,100.701,1.283,701.9007149,0.88555388
6/10/2020 20:00,2020,6,10,6/10/2020,21,26.551,100.61,1.373,637.2064995,0.803932346
6/10/2020 21:00,2020,6,10,6/10/2020,22,25.886,101.946,1.348,637.2299909,0.803961984
6/10/2020 22:00,2020,6,10,6/10/2020,23,25.961,98.649,1.351,637.2534571,0.80399159
6/10/2020 23:00,2020,6,10,6/10/2020,24,24.739,99.516,1.305,597.9839892,0.754447218
6/11/2020 0:00,2020,6,11,6/11/2020,1,23.437,98.368,1.255,558.7144959,0.704902815
6/11/2020 1:00,2020,6,11,6/11/2020,2,22.286,101.236,1.22,558.7378861,0.704932325
6/11/2020 2:00,2020,6,11,6/11/2020,3,21.119,100.944,1.217,558.761251,0.704961804
6/11/2020 3:00,2020,6,11,6/11/2020,4,20.591,100.743,1.216,558.7845905,0.70499125
6/11/2020 4:00,2020,6,11,6/11/2020,5,16.634,101.218,1.183,558.8079046,0.705020664
6/11/2020 5:00,2020,6,11,6/11/2020,6,16.866,102.037,1.187,558.8311934,0.705050046
6/11/2020 6:00,2020,6,11,6/11/2020,7,16.472,103.323,1.179,558.8544568,0.705079397
6/11/2020 7:00,2020,6,11,6/11/2020,8,15.405,99.943,1.158,589.3417062,0.743543671
6/11/2020 8:00,2020,6,11,6/11/2020,9,13.766,99.963,1.125,662.9115482,0.836363151
6/11/2020 9:00,2020,6,11,6/11/2020,10,12.661,99.243,1.103,736.4813648,0.929182599
6/11/2020 10:00,2020,6,11,6/11/2020,11,14.314,99.642,1.136,766.9685379,0.967646777
6/11/2020 11:00,2020,6,11,6/11/2020,12,15.707,100.256,1.164,766.9916741,0.967675967
6/11/2020 12:00,2020,6,11,6/11/2020,13,16.039,99.262,1.171,767.0147849,0.967705125
6/11/2020 13:00,2020,6,11,6/11/2020,14,15.483,99.939,1.16,767.0378703,0.96773425
6/11/2020 14:00,2020,6,11,6/11/2020,15,17.556,100.737,1.201,767.0609301,0.967763344
6/11/2020 15:00,2020,6,11,6/11/2020,16,19.229,101.203,1.213,767.0839644,0.967792405
6/11/2020 16:00,2020,6,11,6/11/2020,17,22.381,99.458,1.22,767.1069733,0.967821434
6/11/2020 17:00,2020,6,11,6/11/2020,18,21.886,99.626,1.219,767.1299566,0.967850431
6/11/2020 18:00,2020,6,11,6/11/2020,19,25.934,101.542,1.35,767.1529144,0.967879396
6/11/2020 19:00,2020,6,11,6/11/2020,20,26.55,99.834,1.373,702.4581146,0.886257124
6/11/2020 20:00,2020,6,11,6/11/2020,21,25.4,99.288,1.33,637.7632892,0.80463482
6/11/2020 21:00,2020,6,11,6/11/2020,22,25.669,99.912,1.34,637.7861703,0.804663688
6/11/2020 22:00,2020,6,11,6/11/2020,23,25.932,99.215,1.35,637.8090259,0.804692524
6/11/2020 23:00,2020,6,11,6/11/2020,24,24.571,99.414,1.298,598.5389471,0.755147382
6/12/2020 0:00,2020,6,12,6/12/2020,1,24.949,101.328,1.313,559.2688427,0.705602207
6/12/2020 1:00,2020,6,12,6/12/2020,2,23.283,99.672,1.25,559.2916215,0.705630946
6/12/2020 2:00,2020,6,12,6/12/2020,3,21.812,98.64,1.218,559.3143746,0.705659653
6/12/2020 3:00,2020,6,12,6/12/2020,4,21.575,99.519,1.218,559.3371021,0.705688327
6/12/2020 4:00,2020,6,12,6/12/2020,5,18.819,100.387,1.212,559.3598039,0.705716969
6/12/2020 5:00,2020,6,12,6/12/2020,6,15.411,100.197,1.158,559.3824801,0.705745578
6/12/2020 6:00,2020,6,12,6/12/2020,7,15.496,101.206,1.16,559.4051306,0.705774155
6/12/2020 7:00,2020,6,12,6/12/2020,8,15.67,100.179,1.163,589.8917668,0.744237656
6/12/2020 8:00,2020,6,12,6/12/2020,9,13.086,102.448,1.112,663.4609954,0.837056362
6/12/2020 9:00,2020,6,12,6/12/2020,10,12.979,102.974,1.11,737.0301983,0.929875035
6/12/2020 10:00,2020,6,12,6/12/2020,11,13.199,102.45,1.114,767.5167574,0.968338439
6/12/2020 11:00,2020,6,12,6/12/2020,12,13.771,103.073,1.125,767.5392794,0.968366854
6/12/2020 12:00,2020,6,12,6/12/2020,13,15.928,101.342,1.169,767.5617756,0.968395236
6/12/2020 13:00,2020,6,12,6/12/2020,14,16.486,101.621,1.18,767.5842461,0.968423586
6/12/2020 14:00,2020,6,12,6/12/2020,15,17.18,101.881,1.194,767.6066908,0.968451904
6/12/2020 15:00,2020,6,12,6/12/2020,16,19.233,100.889,1.213,767.6291097,0.968480188
6/12/2020 16:00,2020,6,12,6/12/2020,17,21.099,103.712,1.217,767.6515029,0.968508441
6/12/2020 17:00,2020,6,12,6/12/2020,18,22.104,101.994,1.219,767.6738703,0.968536661
6/12/2020 18:00,2020,6,12,6/12/2020,19,24.869,102.076,1.31,767.6962118,0.968564848
6/12/2020 19:00,2020,6,12,6/12/2020,20,24.49,104.112,1.295,703.0007954,0.886941798
6/12/2020 20:00,2020,6,12,6/12/2020,21,26.744,99.641,1.38,638.3053533,0.805318716
6/12/2020 21:00,2020,6,12,6/12/2020,22,27.11,100.099,1.392,638.3276173,0.805346805
6/12/2020 22:00,2020,6,12,6/12/2020,23,25.349,100.07,1.328,638.3498555,0.805374862
6/12/2020 23:00,2020,6,12,6/12/2020,24,24.596,98.865,1.299,599.0791591,0.755828941
6/13/2020 0:00,2020,6,13,6/13/2020,1,25.097,102.209,1.318,559.8084367,0.706282987
6/13/2020 1:00,2020,6,13,6/13/2020,2,24.589,99.204,1.299,559.8305973,0.706310946
6/13/2020 2:00,2020,6,13,6/13/2020,3,22.411,100.318,1.22,559.852732,0.706338872
6/13/2020 3:00,2020,6,13,6/13/2020,4,19.765,99.127,1.214,559.8748407,0.706366765
6/13/2020 4:00,2020,6,13,6/13/2020,5,18.599,99.287,1.211,559.8969235,0.706394626
6/13/2020 5:00,2020,6,13,6/13/2020,6,18.197,99.715,1.21,559.9189804,0.706422454
6/13/2020 6:00,2020,6,13,6/13/2020,7,14.602,100.239,1.142,559.9410113,0.70645025
6/13/2020 7:00,2020,6,13,6/13/2020,8,13.517,100.167,1.12,590.4270277,0.744912969
6/13/2020 8:00,2020,6,13,6/13/2020,9,14.654,103.102,1.143,663.9956361,0.837730892
6/13/2020 9:00,2020,6,13,6/13/2020,10,13.89,103.788,1.128,737.5642186,0.930548782
6/13/2020 10:00,2020,6,13,6/13/2020,11,13.344,102.558,1.117,768.050157,0.969011403
6/13/2020 11:00,2020,6,13,6/13/2020,12,14.68,101.327,1.144,768.072058,0.969039035
6/13/2020 12:00,2020,6,13,6/13/2020,13,14.712,102.173,1.144,768.093933,0.969066633
6/13/2020 13:00,2020,6,13,6/13/2020,14,15.347,101.487,1.157,768.115782,0.969094199
6/13/2020 14:00,2020,6,13,6/13/2020,15,17.522,103.452,1.2,768.1376049,0.969121732
6/13/2020 15:00,2020,6,13,6/13/2020,16,19.86,102.124,1.214,768.1594018,0.969149232
6/13/2020 16:00,2020,6,13,6/13/2020,17,21.966,99.847,1.219,768.1811727,0.969176699
6/13/2020 17:00,2020,6,13,6/13/2020,18,23.125,102.478,1.244,768.2029174,0.969204134
6/13/2020 18:00,2020,6,13,6/13/2020,19,24.903,102.345,1.311,768.2246361,0.969231535
6/13/2020 19:00,2020,6,13,6/13/2020,20,25.337,103.025,1.327,703.5285966,0.887607699
6/13/2020 20:00,2020,6,13,6/13/2020,21,26.392,96.464,1.367,638.832531,0.80598383
6/13/2020 21:00,2020,6,13,6/13/2020,22,26.081,97.915,1.355,638.8541714,0.806011133
6/13/2020 22:00,2020,6,13,6/13/2020,23,26.003,99.05,1.352,638.8757856,0.806038402
6/13/2020 23:00,2020,6,13,6/13/2020,24,24.868,101.052,1.309,599.604465,0.756491693
6/14/2020 0:00,2020,6,14,6/14/2020,1,24.175,101.12,1.283,560.3331182,0.706944952
6/14/2020 1:00,2020,6,14,6/14/2020,2,21.806,98.716,1.218,560.3546539,0.706972122
6/14/2020 2:00,2020,6,14,6/14/2020,3,22.65,100.377,1.226,560.3761636,0.70699926
6/14/2020 3:00,2020,6,14,6/14/2020,4,20.771,102.132,1.216,560.397647,0.707026364
6/14/2020 4:00,2020,6,14,6/14/2020,5,18.377,99.572,1.211,560.4191042,0.707053436
6/14/2020 5:00,2020,6,14,6/14/2020,6,15.514,98.734,1.16,560.4405353,0.707080475
6/14/2020 6:00,2020,6,14,6/14/2020,7,15.679,99.983,1.164,560.4619401,0.70710748
6/14/2020 7:00,2020,6,14,6/14/2020,8,14.672,100.759,1.143,590.9473301,0.745569409
6/14/2020 8:00,2020,6,14,6/14/2020,9,15.774,103.326,1.165,664.5153119,0.838386541
6/14/2020 9:00,2020,6,14,6/14/2020,10,14.02,101.832,1.13,738.0832674,0.931203641
6/14/2020 10:00,2020,6,14,6/14/2020,11,13.463,102.598,1.119,768.5685787,0.96966547
6/14/2020 11:00,2020,6,14,6/14/2020,12,13.679,102.441,1.124,768.5898522,0.96969231
6/14/2020 12:00,2020,6,14,6/14/2020,13,15.212,100.219,1.154,768.6110995,0.969719117
6/14/2020 13:00,2020,6,14,6/14/2020,14,16.146,102.926,1.173,768.6323205,0.969745891
6/14/2020 14:00,2020,6,14,6/14/2020,15,19.298,101.307,1.213,768.6535152,0.969772631
6/14/2020 15:00,2020,6,14,6/14/2020,16,20.562,101.785,1.216,768.6746836,0.969799338
6/14/2020 16:00,2020,6,14,6/14/2020,17,20.697,101.345,1.216,768.6958257,0.969826012
6/14/2020 17:00,2020,6,14,6/14/2020,18,22.372,101.833,1.22,768.7169414,0.969852653
6/14/2020 18:00,2020,6,14,6/14/2020,19,24.583,102.355,1.299,768.7380308,0.96987926
6/14/2020 19:00,2020,6,14,6/14/2020,20,26.678,101.051,1.378,704.0413617,0.88825463
6/14/2020 20:00,2020,6,14,6/14/2020,21,25.882,99.669,1.348,639.3446663,0.806629966
6/14/2020 21:00,2020,6,14,6/14/2020,22,26.245,99.262,1.361,639.3656766,0.806656474
6/14/2020 22:00,2020,6,14,6/14/2020,23,24.428,100.719,1.293,639.3866604,0.806682948
6/14/2020 23:00,2020,6,14,6/14/2020,24,25.073,101.524,1.317,600.1147092,0.757135444
6/15/2020 0:00,2020,6,15,6/15/2020,1,23.555,98.747,1.26,560.8427315,0.707587906
6/15/2020 1:00,2020,6,15,6/15/2020,2,20.887,98.3,1.216,560.8636361,0.70761428
6/15/2020 2:00,2020,6,15,6/15/2020,3,20.961,98.822,1.217,560.8845143,0.707640621
6/15/2020 3:00,2020,6,15,6/15/2020,4,18.227,99.592,1.211,560.9053661,0.707666929
6/15/2020 4:00,2020,6,15,6/15/2020,5,17.595,98.944,1.202,560.9261914,0.707693203
6/15/2020 5:00,2020,6,15,6/15/2020,6,16.324,100.135,1.176,560.9469902,0.707719444
6/15/2020 6:00,2020,6,15,6/15/2020,7,15.248,99.654,1.155,560.9677626,0.707745652
6/15/2020 7:00,2020,6,15,6/15/2020,8,12.339,98.727,1.097,591.4525199,0.746206782
6/15/2020 8:00,2020,6,15,6/15/2020,9,14.093,100.218,1.132,665.0198687,0.839023116
6/15/2020 9:00,2020,6,15,6/15/2020,10,13.995,101.537,1.13,738.587191,0.931839417
6/15/2020 10:00,2020,6,15,6/15/2020,11,12.495,103.031,1.1,769.0718688,0.970300447
6/15/2020 11:00,2020,6,15,6/15/2020,12,13.684,101.026,1.124,769.0925086,0.970326487
6/15/2020 12:00,2020,6,15,6/15/2020,13,15.49,102.412,1.16,769.1131219,0.970352494
6/15/2020 13:00,2020,6,15,6/15/2020,14,16.899,102.849,1.188,769.1337086,0.970378467
6/15/2020 14:00,2020,6,15,6/15/2020,15,16.947,101.605,1.189,769.1542688,0.970404407
6/15/2020 15:00,2020,6,15,6/15/2020,16,20.441,101.244,1.215,769.1748024,0.970430313
6/15/2020 16:00,2020,6,15,6/15/2020,17,21.066,101.964,1.217,769.1953094,0.970456186
6/15/2020 17:00,2020,6,15,6/15/2020,18,23.165,101.896,1.245,769.2157898,0.970482025
6/15/2020 18:00,2020,6,15,6/15/2020,19,22.662,101.183,1.226,769.2362437,0.970507831
6/15/2020 19:00,2020,6,15,6/15/2020,20,26.271,102.987,1.362,704.5389388,0.888882398
6/15/2020 20:00,2020,6,15,6/15/2020,21,24.841,100.043,1.308,639.8416073,0.807256932
6/15/2020 21:00,2020,6,15,6/15/2020,22,25.955,99.341,1.351,639.8619813,0.807282637
6/15/2020 22:00,2020,6,15,6/15/2020,23,27.297,100.591,1.396,639.8823286,0.807308308
6/15/2020 23:00,2020,6,15,6/15/2020,24,25.204,101,1.322,600.6097404,0.75776
6/16/2020 0:00,2020,6,16,6/16/2020,1,24.038,102.058,1.278,561.3371257,0.708211659
6/16/2020 1:00,2020,6,16,6/16/2020,2,23.069,99.829,1.242,561.357393,0.708237229
6/16/2020 2:00,2020,6,16,6/16/2020,3,21.559,100.872,1.218,561.3776336,0.708262766
6/16/2020 3:00,2020,6,16,6/16/2020,4,20.421,99.913,1.215,561.3978475,0.708288269
6/16/2020 4:00,2020,6,16,6/16/2020,5,16.528,98.122,1.181,561.4180347,0.708313738
6/16/2020 5:00,2020,6,16,6/16/2020,6,15.286,102.777,1.156,561.4381952,0.708339173
6/16/2020 6:00,2020,6,16,6/16/2020,7,16.002,100.08,1.17,561.458329,0.708364575
6/16/2020 7:00,2020,6,16,6/16/2020,8,14.388,99.329,1.138,591.9424474,0.7468249
6/16/2020 8:00,2020,6,16,6/16/2020,9,13.286,100.353,1.116,665.5091571,0.839640427
6/16/2020 9:00,2020,6,16,6/16/2020,10,12.594,101.753,1.102,739.07584,0.932455921
6/16/2020 10:00,2020,6,16,6/16/2020,11,14.66,102.849,1.143,769.5598782,0.970916145
6/16/2020 11:00,2020,6,16,6/16/2020,12,14.12,101.607,1.132,769.5798781,0.970941378
6/16/2020 12:00,2020,6,16,6/16/2020,13,16.844,99.865,1.187,769.5998513,0.970966577
6/16/2020 13:00,2020,6,16,6/16/2020,14,16.494,102.325,1.18,769.6197977,0.970991742
6/16/2020 14:00,2020,6,16,6/16/2020,15,17.55,100.538,1.201,769.6397172,0.971016874
6/16/2020 15:00,2020,6,16,6/16/2020,16,19.017,101.545,1.212,769.65961,0.971041971
6/16/2020 16:00,2020,6,16,6/16/2020,17,22.151,101.538,1.219,769.6794759,0.971067035
6/16/2020 17:00,2020,6,16,6/16/2020,18,23.671,104.207,1.264,769.6993149,0.971092065
6/16/2020 18:00,2020,6,16,6/16/2020,19,23.568,101.784,1.26,769.7191271,0.971117061
6/16/2020 19:00,2020,6,16,6/16/2020,20,26.206,101.332,1.36,705.0211804,0.889490819
6/16/2020 20:00,2020,6,16,6/16/2020,21,26.829,100.247,1.384,640.3232068,0.807864543
6/16/2020 21:00,2020,6,16,6/16/2020,22,25.608,99.638,1.337,640.3429384,0.807889437
6/16/2020 22:00,2020,6,16,6/16/2020,23,25.962,98.371,1.351,640.3626431,0.807914298
6/16/2020 23:00,2020,6,16,6/16/2020,24,26.302,100.967,1.364,601.0894121,0.758365179
6/17/2020 0:00,2020,6,17,6/17/2020,1,24.898,100.959,1.311,561.8161542,0.708816026
6/17/2020 1:00,2020,6,17,6/17/2020,2,23.816,100.266,1.27,561.8357782,0.708840784
6/17/2020 2:00,2020,6,17,6/17/2020,3,20.409,98.676,1.215,561.8553752,0.708865509
6/17/2020 3:00,2020,6,17,6/17/2020,4,19.261,99.184,1.213,561.8749453,0.7088902
6/17/2020 4:00,2020,6,17,6/17/2020,5,17.919,99.527,1.208,561.8944884,0.708914856
6/17/2020 5:00,2020,6,17,6/17/2020,6,16.799,99.496,1.186,561.9140046,0.708939479
6/17/2020 6:00,2020,6,17,6/17/2020,7,15.132,100.101,1.153,561.9334938,0.708964067
6/17/2020 7:00,2020,6,17,6/17/2020,8,14.342,99.633,1.137,592.4169674,0.747423578
6/17/2020 8:00,2020,6,17,6/17/2020,9,13.686,99.116,1.124,665.983032,0.840238292
6/17/2020 9:00,2020,6,17,6/17/2020,10,13.946,101.555,1.129,739.5490697,0.933052972
6/17/2020 10:00,2020,6,17,6/17/2020,11,13.92,99.878,1.128,770.0324623,0.971512381
6/17/2020 11:00,2020,6,17,6/17/2020,12,13.613,99.382,1.122,770.0518164,0.971536799
6/17/2020 12:00,2020,6,17,6/17/2020,13,15.898,101.844,1.168,770.0711436,0.971561183
6/17/2020 13:00,2020,6,17,6/17/2020,14,17.058,101.578,1.191,770.0904437,0.971585533
6/17/2020 14:00,2020,6,17,6/17/2020,15,18.762,98.26,1.212,770.1097167,0.971609849
6/17/2020 15:00,2020,6,17,6/17/2020,16,19.214,99.914,1.213,770.1289627,0.971634131
6/17/2020 16:00,2020,6,17,6/17/2020,17,20.034,99.439,1.215,770.1481816,0.971658378
6/17/2020 17:00,2020,6,17,6/17/2020,18,23.409,101.303,1.254,770.1673734,0.971682592
6/17/2020 18:00,2020,6,17,6/17/2020,19,23.787,99.525,1.269,770.1865381,0.971706771
6/17/2020 19:00,2020,6,17,6/17/2020,20,24.154,100.865,1.282,705.4879437,0.890079712
6/17/2020 20:00,2020,6,17,6/17/2020,21,25.434,99.993,1.331,640.7893221,0.808452618
6/17/2020 21:00,2020,6,17,6/17/2020,22,26.833,99.256,1.384,640.8084055,0.808476695
6/17/2020 22:00,2020,6,17,6/17/2020,23,26.558,100.205,1.373,640.8274617,0.808500737
6/17/2020 23:00,2020,6,17,6/17/2020,24,26.388,100.675,1.367,601.5535821,0.758950799
6/18/2020 0:00,2020,6,18,6/18/2020,1,24.835,100.015,1.308,562.2796753,0.709400828
6/18/2020 1:00,2020,6,18,6/18/2020,2,22.78,101.051,1.231,562.2986501,0.709424767
6/18/2020 2:00,2020,6,18,6/18/2020,3,21.808,100.602,1.218,562.3175977,0.709448673
6/18/2020 3:00,2020,6,18,6/18/2020,4,19.628,99.144,1.214,562.3365181,0.709472544
6/18/2020 4:00,2020,6,18,6/18/2020,5,16.997,99.68,1.19,562.3554114,0.70949638
6/18/2020 5:00,2020,6,18,6/18/2020,6,17.505,100.449,1.2,562.3742774,0.709520183
6/18/2020 6:00,2020,6,18,6/18/2020,7,14.895,100.967,1.148,562.3931163,0.709543951
6/18/2020 7:00,2020,6,18,6/18/2020,8,15.61,99.527,1.162,592.8759393,0.748002641
6/18/2020 8:00,2020,6,18,6/18/2020,9,14.351,100.112,1.137,666.4413531,0.840816534
6/18/2020 9:00,2020,6,18,6/18/2020,10,12.214,101.27,1.094,740.0067397,0.933630392
6/18/2020 10:00,2020,6,18,6/18/2020,11,14.031,99.414,1.131,770.489481,0.972088979
6/18/2020 11:00,2020,6,18,6/18/2020,12,14.251,101.126,1.135,770.5081836,0.972112575
6/18/2020 12:00,2020,6,18,6/18/2020,13,15.245,100.244,1.155,770.526859,0.972136137
6/18/2020 13:00,2020,6,18,6/18/2020,14,15.964,99.627,1.169,770.5455071,0.972159665
6/18/2020 14:00,2020,6,18,6/18/2020,15,18.226,102.314,1.211,770.5641279,0.972183158
6/18/2020 15:00,2020,6,18,6/18/2020,16,21.197,99.799,1.217,770.5827214,0.972206616
6/18/2020 16:00,2020,6,18,6/18/2020,17,20.79,99.411,1.216,770.6012876,0.97223004
6/18/2020 17:00,2020,6,18,6/18/2020,18,21.884,99.414,1.219,770.6198265,0.97225343
6/18/2020 18:00,2020,6,18,6/18/2020,19,24.126,101.016,1.281,770.6383381,0.972276785
6/18/2020 19:00,2020,6,18,6/18/2020,20,25.951,100.576,1.35,705.9390902,0.890648901
6/18/2020 20:00,2020,6,18,6/18/2020,21,26.065,101.347,1.355,641.239815,0.809020983
6/18/2020 21:00,2020,6,18,6/18/2020,22,26.285,98.908,1.363,641.2582445,0.809044235
6/18/2020 22:00,2020,6,18,6/18/2020,23,26.415,98.706,1.368,641.2766467,0.809067452
6/18/2020 23:00,2020,6,18,6/18/2020,24,25.195,101.483,1.322,602.0021127,0.759516689
6/19/2020 0:00,2020,6,19,6/19/2020,1,24.443,99.43,1.293,562.7275514,0.709965891
6/19/2020 1:00,2020,6,19,6/19/2020,2,22.674,99.014,1.227,562.7458714,0.709989005
6/19/2020 2:00,2020,6,19,6/19/2020,3,22.232,101.019,1.219,562.764164,0.710012084
6/19/2020 3:00,2020,6,19,6/19/2020,4,21.255,100.782,1.217,562.7824292,0.710035128
6/19/2020 4:00,2020,6,19,6/19/2020,5,15.678,99.46,1.164,562.800667,0.710058138
6/19/2020 5:00,2020,6,19,6/19/2020,6,16.489,98.111,1.18,562.8188773,0.710081113
6/19/2020 6:00,2020,6,19,6/19/2020,7,16.065,98.978,1.171,562.8370602,0.710104053
6/19/2020 7:00,2020,6,19,6/19/2020,8,13.541,99.035,1.121,593.3192271,0.748561916
6/19/2020 8:00,2020,6,19,6/19/2020,9,14.807,103.269,1.146,666.8839845,0.84137498
6/19/2020 9:00,2020,6,19,6/19/2020,10,12.638,102.725,1.103,740.4487145,0.93418801
6/19/2020 10:00,2020,6,19,6/19/2020,11,13.344,101.132,1.117,770.930799,0.972645769
6/19/2020 11:00,2020,6,19,6/19/2020,12,15.854,101.829,1.167,770.9488445,0.972668536
6/19/2020 12:00,2020,6,19,6/19/2020,13,15.534,101.903,1.161,770.9668626,0.972691268
6/19/2020 13:00,2020,6,19,6/19/2020,14,15.975,102.816,1.17,770.9848532,0.972713966
6/19/2020 14:00,2020,6,19,6/19/2020,15,18.433,99.703,1.211,771.0028162,0.972736629
6/19/2020 15:00,2020,6,19,6/19/2020,16,18.574,103.097,1.211,771.0207518,0.972759258
6/19/2020 16:00,2020,6,19,6/19/2020,17,20.755,102.821,1.216,771.0386598,0.972781851
6/19/2020 17:00,2020,6,19,6/19/2020,18,23.58,102.905,1.261,771.0565402,0.97280441
6/19/2020 18:00,2020,6,19,6/19/2020,19,24.541,102.699,1.297,771.0743931,0.972826934
6/19/2020 19:00,2020,6,19,6/19/2020,20,24.868,103.532,1.309,706.3744864,0.891198219
6/19/2020 20:00,2020,6,19,6/19/2020,21,26.308,99.069,1.364,641.6745521,0.809569469
6/19/2020 21:00,2020,6,19,6/19/2020,22,25.947,101.198,1.35,641.6923223,0.809591889
6/19/2020 22:00,2020,6,19,6/19/2020,23,26.077,101.374,1.355,641.7100649,0.809614274
6/19/2020 23:00,2020,6,19,6/19/2020,24,26.462,101.008,1.37,602.4348712,0.760062679
6/20/2020 0:00,2020,6,20,6/20/2020,1,24.549,100.504,1.297,563.1596499,0.710511049
6/20/2020 1:00,2020,6,20,6/20/2020,2,23.789,100.222,1.269,563.1773097,0.710533329
6/20/2020 2:00,2020,6,20,6/20/2020,3,22.029,99.275,1.219,563.1949418,0.710555575
6/20/2020 3:00,2020,6,20,6/20/2020,4,20.228,99.964,1.215,563.2125464,0.710577786
6/20/2020 4:00,2020,6,20,6/20/2020,5,17.568,98.85,1.201,563.2301233,0.710599962
6/20/2020 5:00,2020,6,20,6/20/2020,6,16.887,98.75,1.188,563.2476725,0.710622103
6/20/2020 6:00,2020,6,20,6/20/2020,7,14.855,101.039,1.147,563.2651941,0.710644209
6/20/2020 7:00,2020,6,20,6/20/2020,8,14.932,99.828,1.149,593.7466994,0.749101237
6/20/2020 8:00,2020,6,20,6/20/2020,9,13.499,102.44,1.12,667.3107951,0.841913466
6/20/2020 9:00,2020,6,20,6/20/2020,10,14.254,102.096,1.135,740.8748631,0.934725661
6/20/2020 10:00,2020,6,20,6/20/2020,11,13.836,102.646,1.127,771.3562854,0.973182584
6/20/2020 11:00,2020,6,20,6/20/2020,12,15.733,102.056,1.165,771.3736685,0.973204515
6/20/2020 12:00,2020,6,20,6/20/2020,13,15.77,101.494,1.165,771.391024,0.973226412
6/20/2020 13:00,2020,6,20,6/20/2020,14,16.176,102.964,1.174,771.4083517,0.973248274
6/20/2020 14:00,2020,6,20,6/20/2020,15,16.696,102.349,1.184,771.4256517,0.9732701
6/20/2020 15:00,2020,6,20,6/20/2020,16,19.895,102.419,1.214,771.4429239,0.973291892
6/20/2020 16:00,2020,6,20,6/20/2020,17,21.752,100.818,1.218,771.4601684,0.973313648
6/20/2020 17:00,2020,6,20,6/20/2020,18,23.579,102.787,1.261,771.4773852,0.97333537
6/20/2020 18:00,2020,6,20,6/20/2020,19,24.519,101.033,1.296,771.4945741,0.973357056
6/20/2020 19:00,2020,6,20,6/20/2020,20,25.595,103.102,1.337,706.7940033,0.891727503
6/20/2020 20:00,2020,6,20,6/20/2020,21,26.081,99.639,1.355,642.0934046,0.810097915
6/20/2020 21:00,2020,6,20,6/20/2020,22,27.619,98.785,1.402,642.1105102,0.810119497
6/20/2020 22:00,2020,6,20,6/20/2020,23,25.582,101.146,1.336,642.127588,0.810141043
6/20/2020 23:00,2020,6,20,6/20/2020,24,23.952,101.548,1.275,602.8517293,0.760588608
6/21/2020 0:00,2020,6,21,6/21/2020,1,24.369,99.178,1.291,563.5758427,0.711036139
6/21/2020 1:00,2020,6,21,6/21/2020,2,23.473,102.185,1.257,563.592837,0.71105758
6/21/2020 2:00,2020,6,21,6/21/2020,3,23.425,100.827,1.255,563.6098036,0.711078986
6/21/2020 3:00,2020,6,21,6/21/2020,4,19.462,98.348,1.213,563.6267422,0.711100356
6/21/2020 4:00,2020,6,21,6/21/2020,5,18.849,98.967,1.212,563.643653,0.711121692
6/21/2020 5:00,2020,6,21,6/21/2020,6,16.453,101.695,1.179,563.660536,0.711142992
6/21/2020 6:00,2020,6,21,6/21/2020,7,14.859,99.577,1.147,563.6773911,0.711164258
6/21/2020 7:00,2020,6,21,6/21/2020,8,15.079,98.958,1.152,594.1582297,0.749620444
6/21/2020 8:00,2020,6,21,6/21/2020,9,15.64,100.619,1.163,667.7216584,0.842431832
6/21/2020 9:00,2020,6,21,6/21/2020,10,12.248,100.827,1.095,741.2850593,0.935243185
6/21/2020 10:00,2020,6,21,6/21/2020,11,12.712,102.678,1.104,771.7658142,0.973699267
6/21/2020 11:00,2020,6,21,6/21/2020,12,13.987,101.486,1.13,771.7825298,0.973720356
6/21/2020 12:00,2020,6,21,6/21/2020,13,15.281,101.914,1.156,771.7992174,0.97374141
6/21/2020 13:00,2020,6,21,6/21/2020,14,16.468,100.733,1.179,771.8158771,0.973762429
6/21/2020 14:00,2020,6,21,6/21/2020,15,18.972,102.477,1.212,771.8325089,0.973783412
6/21/2020 15:00,2020,6,21,6/21/2020,16,19.268,101.758,1.213,771.8491128,0.97380436
6/21/2020 16:00,2020,6,21,6/21/2020,17,21.104,101.188,1.217,771.8656887,0.973825273
6/21/2020 17:00,2020,6,21,6/21/2020,18,23.526,101.261,1.259,771.8822366,0.973846151
6/21/2020 18:00,2020,6,21,6/21/2020,19,24.125,102.171,1.281,771.8987565,0.973866993
6/21/2020 19:00,2020,6,21,6/21/2020,20,25.574,102.274,1.336,707.1975164,0.892236596
6/21/2020 20:00,2020,6,21,6/21/2020,21,25.657,101.082,1.339,642.4962483,0.810606163
6/21/2020 21:00,2020,6,21,6/21/2020,22,27.331,100.941,1.397,642.5126842,0.8106269
6/21/2020 22:00,2020,6,21,6/21/2020,23,26.307,97.892,1.364,642.5290922,0.810647601
6/21/2020 23:00,2020,6,21,6/21/2020,24,25.536,98.905,1.335,603.2525634,0.761094321
6/22/2020 0:00,2020,6,22,6/22/2020,1,24.264,99.453,1.287,563.9760065,0.711541006
6/22/2020 1:00,2020,6,22,6/22/2020,2,22.615,100.265,1.224,563.9923304,0.711561601
6/22/2020 2:00,2020,6,22,6/22/2020,3,21.251,99.638,1.217,564.0086262,0.711582161
6/22/2020 3:00,2020,6,22,6/22/2020,4,18.871,100.555,1.212,564.024894,0.711602685
6/22/2020 4:00,2020,6,22,6/22/2020,5,17.74,99.102,1.205,564.0411337,0.711623174
6/22/2020 5:00,2020,6,22,6/22/2020,6,15.875,100.959,1.167,564.0573454,0.711643627
6/22/2020 6:00,2020,6,22,6/22/2020,7,15.195,99.427,1.154,564.0735289,0.711664045
6/22/2020 7:00,2020,6,22,6/22/2020,8,13.805,99.9,1.126,594.5536958,0.750119385
6/22/2020 8:00,2020,6,22,6/22/2020,9,12.005,103.182,1.09,668.1164527,0.842929925
6/22/2020 9:00,2020,6,22,6/22/2020,10,13.737,100.047,1.125,741.6791814,0.93574043
6/22/2020 10:00,2020,6,22,6/22/2020,11,14.7,102.523,1.144,772.159264,0.974195663
6/22/2020 11:00,2020,6,22,6/22/2020,12,15.625,102.671,1.162,772.175307,0.974215904
6/22/2020 12:00,2020,6,22,6/22/2020,13,16.016,100.15,1.17,772.191322,0.974236109
6/22/2020 13:00,2020,6,22,6/22/2020,14,16.84,101.479,1.187,772.2073088,0.974256279
6/22/2020 14:00,2020,6,22,6/22/2020,15,17.405,100.449,1.198,772.2232675,0.974276413
6/22/2020 15:00,2020,6,22,6/22/2020,16,19.315,101.221,1.213,772.239198,0.974296512
6/22/2020 16:00,2020,6,22,6/22/2020,17,23.019,101.233,1.24,772.2551003,0.974316575
6/22/2020 17:00,2020,6,22,6/22/2020,18,23.404,100.483,1.254,772.2709745,0.974336603
6/22/2020 18:00,2020,6,22,6/22/2020,19,24.905,99.238,1.311,772.2868205,0.974356595
6/22/2020 19:00,2020,6,22,6/22/2020,20,25.869,101.724,1.347,707.5849063,0.892725347
6/22/2020 20:00,2020,6,22,6/22/2020,21,25.564,99.595,1.336,642.8829638,0.811094064
6/22/2020 21:00,2020,6,22,6/22/2020,22,27.977,100.378,1.41,642.8987253,0.811113949
6/22/2020 22:00,2020,6,22,6/22/2020,23,25.267,98.994,1.325,642.9144585,0.811133799
6/22/2020 23:00,2020,6,22,6/22/2020,24,26.204,100.008,1.36,603.6372547,0.761579668
6/23/2020 0:00,2020,6,23,6/23/2020,1,23.76,98.295,1.268,564.3600228,0.712025501
6/23/2020 1:00,2020,6,23,6/23/2020,2,23.759,101.2,1.268,564.3756713,0.712045244
6/23/2020 2:00,2020,6,23,6/23/2020,3,22.972,99.606,1.238,564.3912916,0.712064951
6/23/2020 3:00,2020,6,23,6/23/2020,4,21.478,100.104,1.218,564.4068837,0.712084623
6/23/2020 4:00,2020,6,23,6/23/2020,5,16.304,100.948,1.176,564.4224475,0.712104259
6/23/2020 5:00,2020,6,23,6/23/2020,6,16.609,100.228,1.182,564.4379831,0.712123859
6/23/2020 6:00,2020,6,23,6/23/2020,7,14.683,101.105,1.144,564.4534903,0.712143424
6/23/2020 7:00,2020,6,23,6/23/2020,8,14.306,99.88,1.136,594.9329807,0.75059791
6/23/2020 8:00,2020,6,23,6/23/2020,9,14.252,103.063,1.135,668.4950609,0.843407597
6/23/2020 9:00,2020,6,23,6/23/2020,10,14.142,102.026,1.133,742.0571127,0.936217248
6/23/2020 10:00,2020,6,23,6/23/2020,11,13.661,102.126,1.123,772.5365182,0.974671626
6/23/2020 11:00,2020,6,23,6/23/2020,12,12.97,100.852,1.109,772.551884,0.974691012
6/23/2020 12:00,2020,6,23,6/23/2020,13,15.647,101.142,1.163,772.5672215,0.974710363
6/23/2020 13:00,2020,6,23,6/23/2020,14,15.919,100.011,1.168,772.5825306,0.974729678
6/23/2020 14:00,2020,6,23,6/23/2020,15,18.908,101.69,1.212,772.5978114,0.974748957
6/23/2020 15:00,2020,6,23,6/23/2020,16,20.042,100.709,1.215,772.6130639,0.9747682
6/23/2020 16:00,2020,6,23,6/23/2020,17,20.542,100.183,1.216,772.628288,0.974787408
6/23/2020 17:00,2020,6,23,6/23/2020,18,25.603,101.306,1.337,772.6434838,0.974806579
6/23/2020 18:00,2020,6,23,6/23/2020,19,24.856,102.56,1.309,772.6586512,0.974825715
6/23/2020 19:00,2020,6,23,6/23/2020,20,25.244,102.634,1.324,707.9560581,0.893193611
6/23/2020 20:00,2020,6,23,6/23/2020,21,26.212,99.519,1.36,643.2534366,0.811561471
6/23/2020 21:00,2020,6,23,6/23/2020,22,25.218,98.613,1.323,643.2685189,0.8115805
6/23/2020 22:00,2020,6,23,6/23/2020,23,25.858,101.078,1.347,643.2835727,0.811599492
6/23/2020 23:00,2020,6,23,6/23/2020,24,25.32,101.488,1.327,604.0056894,0.762044504
6/24/2020 0:00,2020,6,24,6/24/2020,1,24.609,100.087,1.3,564.7277777,0.712489479
6/24/2020 1:00,2020,6,24,6/24/2020,2,21.489,98.931,1.218,564.7427463,0.712508364
6/24/2020 2:00,2020,6,24,6/24/2020,3,21.579,99.83,1.218,564.7576864,0.712527213
6/24/2020 3:00,2020,6,24,6/24/2020,4,20.801,100.459,1.216,564.7725982,0.712546027
6/24/2020 4:00,2020,6,24,6/24/2020,5,16.531,98.178,1.181,564.7874815,0.712564804
6/24/2020 5:00,2020,6,24,6/24/2020,6,16.113,98.908,1.172,564.8023363,0.712583546
6/24/2020 6:00,2020,6,24,6/24/2020,7,15.977,102.6,1.17,564.8171627,0.712602252
6/24/2020 7:00,2020,6,24,6/24/2020,8,13.272,101.461,1.115,595.295972,0.751055878
6/24/2020 8:00,2020,6,24,6/24/2020,9,15.865,100.759,1.167,668.8573709,0.843864705
6/24/2020 9:00,2020,6,24,6/24/2020,10,13.259,99.699,1.115,742.4187413,0.936673497
6/24/2020 10:00,2020,6,24,6/24/2020,11,14.54,100.222,1.141,772.8974651,0.975127015
6/24/2020 11:00,2020,6,24,6/24/2020,12,14.209,100.047,1.134,772.9121491,0.975145541
6/24/2020 12:00,2020,6,24,6/24/2020,13,14.085,100.259,1.132,772.9268045,0.975164031
6/24/2020 13:00,2020,6,24,6/24/2020,14,16.237,100.254,1.175,772.9414315,0.975182485
6/24/2020 14:00,2020,6,24,6/24/2020,15,18.039,100.306,1.21,772.9560299,0.975200904
6/24/2020 15:00,2020,6,24,6/24/2020,16,19.697,99.277,1.214,772.9705998,0.975219286
6/24/2020 16:00,2020,6,24,6/24/2020,17,20.584,100.699,1.216,772.9851412,0.975237632
6/24/2020 17:00,2020,6,24,6/24/2020,18,23.113,100.162,1.243,772.999654,0.975255942
6/24/2020 18:00,2020,6,24,6/24/2020,19,23.86,98.075,1.271,773.0141383,0.975274216
6/24/2020 19:00,2020,6,24,6/24/2020,20,24.128,99.368,1.282,708.3108619,0.89364125
6/24/2020 20:00,2020,6,24,6/24/2020,21,25.454,98.424,1.332,643.607557,0.812008247
6/24/2020 21:00,2020,6,24,6/24/2020,22,26.384,98.816,1.367,643.6219555,0.812026413
6/24/2020 22:00,2020,6,24,6/24/2020,23,26.483,98.39,1.37,643.6363255,0.812044543
6/24/2020 23:00,2020,6,24,6/24/2020,24,24.581,100.99,1.299,604.3577582,0.762488692
6/25/2020 0:00,2020,6,25,6/25/2020,1,24.724,98.777,1.304,565.0791622,0.712932804
6/25/2020 1:00,2020,6,25,6/25/2020,2,22.757,98.616,1.23,565.0934464,0.712950825
6/25/2020 2:00,2020,6,25,6/25/2020,3,22.983,99.771,1.238,565.107702,0.712968811
6/25/2020 3:00,2020,6,25,6/25/2020,4,19.336,100.702,1.213,565.121929,0.712986761
6/25/2020 4:00,2020,6,25,6/25/2020,5,18.27,98.523,1.211,565.1361274,0.713004674
6/25/2020 5:00,2020,6,25,6/25/2020,6,17.208,101.628,1.194,565.1502971,0.713022551
6/25/2020 6:00,2020,6,25,6/25/2020,7,15.632,99.883,1.163,565.1644382,0.713040392
6/25/2020 7:00,2020,6,25,6/25/2020,8,14.467,99.891,1.139,595.642562,0.751493154
6/25/2020 8:00,2020,6,25,6/25/2020,9,13.533,100.348,1.121,669.2032753,0.844301116
6/25/2020 9:00,2020,6,25,6/25/2020,10,12.602,99.701,1.102,742.7639598,0.937109042
6/25/2020 10:00,2020,6,25,6/25/2020,11,12.969,101.925,1.109,773.2419977,0.975561695
6/25/2020 11:00,2020,6,25,6/25/2020,12,15.632,99.843,1.163,773.2559955,0.975579356
6/25/2020 12:00,2020,6,25,6/25/2020,13,14.313,100.33,1.136,773.2699646,0.97559698
6/25/2020 13:00,2020,6,25,6/25/2020,14,15.707,98.765,1.164,773.283905,0.975614568
6/25/2020 14:00,2020,6,25,6/25/2020,15,18.34,101.143,1.211,773.2978167,0.975632119
6/25/2020 15:00,2020,6,25,6/25/2020,16,18.227,98.8,1.211,773.3116997,0.975649635
6/25/2020 16:00,2020,6,25,6/25/2020,17,21.14,97.783,1.217,773.325554,0.975667114
6/25/2020 17:00,2020,6,25,6/25/2020,18,23.871,99.978,1.272,773.3393796,0.975684557
6/25/2020 18:00,2020,6,25,6/25/2020,19,23.755,100.24,1.267,773.3531765,0.975701964
6/25/2020 19:00,2020,6,25,6/25/2020,20,25.564,99.733,1.336,708.6492125,0.89406813
6/25/2020 20:00,2020,6,25,6/25/2020,21,24.629,99.739,1.3,643.9452198,0.81243426
6/25/2020 21:00,2020,6,25,6/25/2020,22,26.645,100.157,1.377,643.9589305,0.812451558
6/25/2020 22:00,2020,6,25,6/25/2020,23,25.456,101.66,1.332,643.9726124,0.81246882
6/25/2020 23:00,2020,6,25,6/25/2020,24,24.693,99.267,1.303,604.6933567,0.7629121
6/26/2020 0:00,2020,6,26,6/26/2020,1,24.191,99.508,1.284,565.4140723,0.713355344
6/26/2020 1:00,2020,6,26,6/26/2020,2,22.1,99.155,1.219,565.4276679,0.713372496
6/26/2020 2:00,2020,6,26,6/26/2020,3,22.838,98.482,1.233,565.4412347,0.713389613
6/26/2020 3:00,2020,6,26,6/26/2020,4,19.906,99.948,1.214,565.4547727,0.713406693
6/26/2020 4:00,2020,6,26,6/26/2020,5,19.505,98.641,1.213,565.4682819,0.713423737
6/26/2020 5:00,2020,6,26,6/26/2020,6,16.576,101.313,1.182,565.4817624,0.713440745
6/26/2020 6:00,2020,6,26,6/26/2020,7,15.604,101.472,1.162,565.495214,0.713457716
6/26/2020 7:00,2020,6,26,6/26/2020,8,13.663,100.027,1.123,595.9726482,0.751909607
6/26/2020 8:00,2020,6,26,6/26/2020,9,12.501,101.767,1.1,669.5326716,0.844716699
6/26/2020 9:00,2020,6,26,6/26/2020,10,12.789,101.299,1.106,743.0926662,0.937523755
6/26/2020 10:00,2020,6,26,6/26/2020,11,12.197,101.802,1.094,773.5700139,0.975975537
6/26/2020 11:00,2020,6,26,6/26/2020,12,14.088,102.074,1.132,773.5833213,0.975992327
6/26/2020 12:00,2020,6,26,6/26/2020,13,16.768,101.983,1.185,773.5965999,0.97600908
6/26/2020 13:00,2020,6,26,6/26/2020,14,16.14,103.503,1.173,773.6098497,0.976025796
6/26/2020 14:00,2020,6,26,6/26/2020,15,18.771,101.331,1.212,773.6230706,0.976042476
6/26/2020 15:00,2020,6,26,6/26/2020,16,21.049,101.53,1.217,773.6362626,0.97605912
6/26/2020 16:00,2020,6,26,6/26/2020,17,22.136,102.414,1.219,773.6494257,0.976075727
6/26/2020 17:00,2020,6,26,6/26/2020,18,23.228,102.163,1.248,773.66256,0.976092298
6/26/2020 18:00,2020,6,26,6/26/2020,19,24.83,102.013,1.308,773.6756653,0.976108833
6/26/2020 19:00,2020,6,26,6/26/2020,20,26.584,99.518,1.374,708.9710097,0.894474126
6/26/2020 20:00,2020,6,26,6/26/2020,21,26.838,101.216,1.384,644.2663252,0.812839383
6/26/2020 21:00,2020,6,26,6/26/2020,22,26.219,100.81,1.361,644.2793438,0.812855808
6/26/2020 22:00,2020,6,26,6/26/2020,23,25.38,100.685,1.329,644.2923336,0.812872197
6/26/2020 23:00,2020,6,26,6/26/2020,24,24.755,98.654,1.305,605.0123856,0.763314603
6/27/2020 0:00,2020,6,27,6/27/2020,1,24.313,98.47,1.288,565.7324087,0.713756973
6/27/2020 1:00,2020,6,27,6/27/2020,2,24.508,101.509,1.296,565.7453117,0.713773252
6/27/2020 2:00,2020,6,27,6/27/2020,3,22.194,98.438,1.219,565.7581856,0.713789495
6/27/2020 3:00,2020,6,27,6/27/2020,4,19.515,100.905,1.213,565.7710307,0.7138057
6/27/2020 4:00,2020,6,27,6/27/2020,5,18.159,101.205,1.21,565.7838468,0.71382187
6/27/2020 5:00,2020,6,27,6/27/2020,6,15.728,98.951,1.165,565.7966339,0.713838003
6/27/2020 6:00,2020,6,27,6/27/2020,7,16.505,101.556,1.18,565.809392,0.713854099
6/27/2020 7:00,2020,6,27,6/27/2020,8,14.013,99.139,1.13,596.2861326,0.752305115
6/27/2020 8:00,2020,6,27,6/27/2020,9,15.828,102.029,1.167,669.8454622,0.845111332
6/27/2020 9:00,2020,6,27,6/27/2020,10,12.37,101.943,1.097,743.4047628,0.937917512
6/27/2020 10:00,2020,6,27,6/27/2020,11,14.354,102.066,1.137,773.8814164,0.976368419
6/27/2020 11:00,2020,6,27,6/27/2020,12,13.54,103.616,1.121,773.8940296,0.976384332
6/27/2020 12:00,2020,6,27,6/27/2020,13,14.612,102.023,1.142,773.9066138,0.976400209
6/27/2020 13:00,2020,6,27,6/27/2020,14,15.983,101.897,1.17,773.919169,0.976416049
6/27/2020 14:00,2020,6,27,6/27/2020,15,17.74,102.548,1.205,773.9316951,0.976431853
6/27/2020 15:00,2020,6,27,6/27/2020,16,18.62,102.418,1.211,773.9441922,0.97644762
6/27/2020 16:00,2020,6,27,6/27/2020,17,21.098,104.038,1.217,773.9566603,0.97646335
6/27/2020 17:00,2020,6,27,6/27/2020,18,23.541,99.652,1.259,773.9690993,0.976479044
6/27/2020 18:00,2020,6,27,6/27/2020,19,23.516,101.152,1.258,773.9815093,0.976494701
6/27/2020 19:00,2020,6,27,6/27/2020,20,26.334,102.926,1.365,709.2761581,0.894859117
6/27/2020 20:00,2020,6,27,6/27/2020,21,24.485,98.983,1.295,644.5707779,0.813223496
6/27/2020 21:00,2020,6,27,6/27/2020,22,24.953,99.334,1.313,644.5831007,0.813239043
6/27/2020 22:00,2020,6,27,6/27/2020,23,25.897,101.619,1.348,644.5953944,0.813254554
6/27/2020 23:00,2020,6,27,6/27/2020,24,25.076,99.934,1.317,605.3147503,0.763696082
6/28/2020 0:00,2020,6,28,6/28/2020,1,23.719,100.184,1.266,566.0340771,0.714137573
6/28/2020 1:00,2020,6,28,6/28/2020,2,23.048,101.575,1.241,566.0462836,0.714152974
6/28/2020 2:00,2020,6,28,6/28/2020,3,20.414,101.417,1.215,566.0584609,0.714168337
6/28/2020 3:00,2020,6,28,6/28/2020,4,19.59,98.714,1.214,566.0706092,0.714183664
6/28/2020 4:00,2020,6,28,6/28/2020,5,18.153,101.431,1.21,566.0827283,0.714198954
6/28/2020 5:00,2020,6,28,6/28/2020,6,15.356,99.386,1.157,566.0948183,0.714214208
6/28/2020 6:00,2020,6,28,6/28/2020,7,15.452,99.357,1.159,566.1068792,0.714229424
6/28/2020 7:00,2020,6,28,6/28/2020,8,14.694,100.429,1.144,596.5829224,0.752679561
6/28/2020 8:00,2020,6,28,6/28/2020,9,14.516,103.224,1.14,670.1415545,0.845484897
6/28/2020 9:00,2020,6,28,6/28/2020,10,11.861,103.221,1.087,743.7001574,0.938290197
6/28/2020 10:00,2020,6,28,6/28/2020,11,13.866,103.537,1.127,774.1761131,0.976740223
6/28/2020 11:00,2020,6,28,6/28/2020,12,14.932,103.778,1.149,774.1880283,0.976755256
6/28/2020 12:00,2020,6,28,6/28/2020,13,15.388,101.967,1.158,774.1999143,0.976770252
6/28/2020 13:00,2020,6,28,6/28/2020,14,17.412,101.111,1.198,774.2117712,0.976785211
6/28/2020 14:00,2020,6,28,6/28/2020,15,18.484,100.633,1.211,774.2235988,0.976800133
6/28/2020 15:00,2020,6,28,6/28/2020,16,17.959,101.405,1.209,774.2353973,0.976815019
6/28/2020 16:00,2020,6,28,6/28/2020,17,22.393,102.181,1.22,774.2471667,0.976829868
6/28/2020 17:00,2020,6,28,6/28/2020,18,22.777,102.515,1.23,774.2589068,0.97684468
6/28/2020 18:00,2020,6,28,6/28/2020,19,23.534,102.291,1.259,774.2706177,0.976859455
6/28/2020 19:00,2020,6,28,6/28/2020,20,25.013,102.578,1.315,709.5645673,0.895222989
6/28/2020 20:00,2020,6,28,6/28/2020,21,25.163,100.207,1.321,644.8584878,0.813586486
6/28/2020 21:00,2020,6,28,6/28/2020,22,26.882,101.471,1.386,644.8701111,0.81360115
6/28/2020 22:00,2020,6,28,6/28/2020,23,25.64,100.579,1.339,644.8817051,0.813615778
6/28/2020 23:00,2020,6,28,6/28/2020,24,26.25,99.675,1.362,605.6003612,0.764056423
6/29/2020 0:00,2020,6,29,6/29/2020,1,23.015,99.145,1.239,566.318988,0.714497032
6/29/2020 1:00,2020,6,29,6/29/2020,2,23.41,101.021,1.254,566.3304944,0.714511549
6/29/2020 2:00,2020,6,29,6/29/2020,3,22.224,101.189,1.219,566.3419715,0.714526029
6/29/2020 3:00,2020,6,29,6/29/2020,4,18.852,98.956,1.212,566.3534194,0.714540472
6/29/2020 4:00,2020,6,29,6/29/2020,5,16.717,99.184,1.184,566.364838,0.714554878
6/29/2020 5:00,2020,6,29,6/29/2020,6,16.962,99.563,1.189,566.3762274,0.714569248
6/29/2020 6:00,2020,6,29,6/29/2020,7,12.557,98.233,1.101,566.3875874,0.71458358
6/29/2020 7:00,2020,6,29,6/29/2020,8,15.094,99.702,1.152,596.8629296,0.753032832
6/29/2020 8:00,2020,6,29,6/29/2020,9,13.708,104.017,1.124,670.4208606,0.845837284
6/29/2020 9:00,2020,6,29,6/29/2020,10,13.365,103.503,1.117,743.9787623,0.938641699
6/29/2020 10:00,2020,6,29,6/29/2020,11,13.644,103.099,1.123,774.4540166,0.97709084
6/29/2020 11:00,2020,6,29,6/29/2020,12,14.256,103.879,1.135,774.4652302,0.977104988
6/29/2020 12:00,2020,6,29,6/29/2020,13,15.313,101.327,1.156,774.4764146,0.977119099
6/29/2020 13:00,2020,6,29,6/29/2020,14,17.419,102.313,1.198,774.4875696,0.977133173
6/29/2020 14:00,2020,6,29,6/29/2020,15,17.973,100.811,1.209,774.4986953,0.977147209
6/29/2020 15:00,2020,6,29,6/29/2020,16,20.112,102.932,1.215,774.5097917,0.977161209
6/29/2020 16:00,2020,6,29,6/29/2020,17,20.999,100.983,1.217,774.5208588,0.977175172
6/29/2020 17:00,2020,6,29,6/29/2020,18,22.504,102.346,1.22,774.5318965,0.977189098
6/29/2020 18:00,2020,6,29,6/29/2020,19,24.162,101.054,1.283,774.5429049,0.977202986
6/29/2020 19:00,2020,6,29,6/29/2020,20,26.081,101.48,1.355,709.8361519,0.895565634
6/29/2020 20:00,2020,6,29,6/29/2020,21,25.466,101.425,1.332,645.1293695,0.813928244
6/29/2020 21:00,2020,6,29,6/29/2020,22,26.77,99.55,1.381,645.1402898,0.813942022
6/29/2020 22:00,2020,6,29,6/29/2020,23,27.032,100.683,1.391,645.1511808,0.813955762
6/29/2020 23:00,2020,6,29,6/29/2020,24,25.646,99.184,1.339,605.8691337,0.76439552
6/30/2020 0:00,2020,6,30,6/30/2020,1,25.373,100.971,1.329,566.5870571,0.714835241
6/30/2020 1:00,2020,6,30,6/30/2020,2,23.226,100.794,1.247,566.59786,0.714848871
6/30/2020 2:00,2020,6,30,6/30/2020,3,21.221,99.856,1.217,566.6086335,0.714862463
6/30/2020 3:00,2020,6,30,6/30/2020,4,20.382,99.111,1.215,566.6193776,0.714876018
6/30/2020 4:00,2020,6,30,6/30/2020,5,17.337,98.101,1.197,566.6300923,0.714889537
6/30/2020 5:00,2020,6,30,6/30/2020,6,15.766,100.512,1.165,566.6407776,0.714903018
6/30/2020 6:00,2020,6,30,6/30/2020,7,13.976,100.621,1.13,566.6514335,0.714916462
6/30/2020 7:00,2020,6,30,6/30/2020,8,12.344,102.246,1.097,597.1260713,0.753364825
6/30/2020 8:00,2020,6,30,6/30/2020,9,12.983,102.489,1.11,670.6832978,0.846168388
6/30/2020 9:00,2020,6,30,6/30/2020,10,12.878,101.815,1.108,744.2404949,0.938971914
6/30/2020 10:00,2020,6,30,6/30/2020,11,13.728,101.708,1.125,774.7150445,0.977420167
6/30/2020 11:00,2020,6,30,6/30/2020,12,12.235,101.58,1.095,774.7255533,0.977433425
6/30/2020 12:00,2020,6,30,6/30/2020,13,15.324,101.124,1.156,774.7360327,0.977446646
6/30/2020 13:00,2020,6,30,6/30/2020,14,15.316,101.506,1.156,774.7464826,0.97745983
6/30/2020 14:00,2020,6,30,6/30/2020,15,17.152,101.032,1.193,774.756903,0.977472977
6/30/2020 15:00,2020,6,30,6/30/2020,16,19.845,101.244,1.214,774.767294,0.977486087
6/30/2020 16:00,2020,6,30,6/30/2020,17,21.485,102.242,1.218,774.7776555,0.97749916
6/30/2020 17:00,2020,6,30,6/30/2020,18,24.46,99.531,1.294,774.7879876,0.977512195
6/30/2020 18:00,2020,6,30,6/30/2020,19,24.322,104.193,1.289,774.7982902,0.977525194
6/30/2020 19:00,2020,6,30,6/30/2020,20,24.262,103.117,1.287,710.0908313,0.89588695
6/30/2020 20:00,2020,6,30,6/30/2020,21,26.293,100.757,1.363,645.3833428,0.81424867
6/30/2020 21:00,2020,6,30,6/30/2020,22,27.052,100.573,1.391,645.393557,0.814261556
6/30/2020 22:00,2020,6,30,6/30/2020,23,26.835,100.141,1.384,645.4037417,0.814274406
6/30/2020 23:00,2020,6,30,6/30/2020,24,25.594,100.048,1.337,606.1209881,0.764713273
7/1/2020 0:00,2020,7,1,7/1/2020,1,27.555,100.643,1.401,572.2546426,0.721985757
7/1/2020 1:00,2020,7,1,7/1/2020,2,24.873,100.415,1.31,572.2647387,0.721998495
7/1/2020 2:00,2020,7,1,7/1/2020,3,23.413,100.629,1.254,572.2748054,0.722011196
7/1/2020 3:00,2020,7,1,7/1/2020,4,19.44,99.872,1.213,572.2848425,0.722023859
7/1/2020 4:00,2020,7,1,7/1/2020,5,18.554,99.247,1.211,572.2948501,0.722036485
7/1/2020 5:00,2020,7,1,7/1/2020,6,18.972,101.085,1.212,572.3048282,0.722049074
7/1/2020 6:00,2020,7,1,7/1/2020,7,17.983,100.086,1.21,572.3147767,0.722061626
7/1/2020 7:00,2020,7,1,7/1/2020,8,16.35,99.818,1.177,603.4377044,0.761327905
7/1/2020 8:00,2020,7,1,7/1/2020,9,14.956,100.65,1.149,678.5610414,0.856107353
7/1/2020 9:00,2020,7,1,7/1/2020,10,14.303,98.822,1.136,753.6843489,0.950886764
7/1/2020 10:00,2020,7,1,7/1/2020,11,14.636,99.935,1.143,784.8071879,0.990152931
7/1/2020 11:00,2020,7,1,7/1/2020,12,15.482,99.082,1.16,784.8169887,0.990165297
7/1/2020 12:00,2020,7,1,7/1/2020,13,17.01,99.614,1.19,784.82676,0.990177624
7/1/2020 13:00,2020,7,1,7/1/2020,14,17.498,99.144,1.2,784.8365016,0.990189915
7/1/2020 14:00,2020,7,1,7/1/2020,15,20.332,101.121,1.215,784.8462137,0.990202168
7/1/2020 15:00,2020,7,1,7/1/2020,16,21.709,100.086,1.218,784.8558963,0.990214384
7/1/2020 16:00,2020,7,1,7/1/2020,17,22.712,99.631,1.228,784.8655492,0.990226563
7/1/2020 17:00,2020,7,1,7/1/2020,18,23.994,99.136,1.276,784.8751726,0.990238704
7/1/2020 18:00,2020,7,1,7/1/2020,19,26.483,99.901,1.37,784.8847663,0.990250808
7/1/2020 19:00,2020,7,1,7/1/2020,20,26.105,100.039,1.356,718.7978688,0.906872195
7/1/2020 20:00,2020,7,1,7/1/2020,21,25.94,100.831,1.35,652.7109417,0.823493544
7/1/2020 21:00,2020,7,1,7/1/2020,22,28.281,99.931,1.416,652.7204467,0.823505536
7/1/2020 22:00,2020,7,1,7/1/2020,23,28.771,101.217,1.425,652.729922,0.82351749
7/1/2020 23:00,2020,7,1,7/1/2020,24,26.643,99.028,1.377,612.6093732,0.772899352
7/2/2020 0:00,2020,7,2,7/2/2020,1,25.077,99.29,1.317,572.4887947,0.722281175
7/2/2020 1:00,2020,7,2,7/2/2020,2,22.975,99.756,1.238,572.4981812,0.722293018
7/2/2020 2:00,2020,7,2,7/2/2020,3,23.434,100.944,1.255,572.507538,0.722304823
7/2/2020 3:00,2020,7,2,7/2/2020,4,19.88,98.973,1.214,572.5168652,0.722316591
7/2/2020 4:00,2020,7,2,7/2/2020,5,18.937,100.232,1.212,572.5261627,0.722328321
7/2/2020 5:00,2020,7,2,7/2/2020,6,17.109,99.223,1.192,572.5354306,0.722340014
7/2/2020 6:00,2020,7,2,7/2/2020,7,16.8,100.146,1.186,572.5446689,0.722351669
7/2/2020 7:00,2020,7,2,7/2/2020,8,14.776,98.971,1.146,603.6668862,0.761617052
7/2/2020 8:00,2020,7,2,7/2/2020,9,13.483,100.004,1.12,678.7895126,0.856395604
7/2/2020 9:00,2020,7,2,7/2/2020,10,13.131,100.867,1.113,753.9121095,0.951174119
7/2/2020 10:00,2020,7,2,7/2/2020,11,13.243,100.993,1.115,785.0342377,0.990439389
7/2/2020 11:00,2020,7,2,7/2/2020,12,15.474,100.888,1.159,785.0433277,0.990450857
7/2/2020 12:00,2020,7,2,7/2/2020,13,17.188,102.829,1.194,785.0523879,0.990462288
7/2/2020 13:00,2020,7,2,7/2/2020,14,17.229,99.629,1.195,785.0614185,0.990473682
7/2/2020 14:00,2020,7,2,7/2/2020,15,19.923,99.201,1.214,785.0704193,0.990485038
7/2/2020 15:00,2020,7,2,7/2/2020,16,21.695,100.184,1.218,785.0793905,0.990496356
7/2/2020 16:00,2020,7,2,7/2/2020,17,22.874,100.293,1.234,785.088332,0.990507637
7/2/2020 17:00,2020,7,2,7/2/2020,18,23.94,99.917,1.274,785.0972438,0.990518881
7/2/2020 18:00,2020,7,2,7/2/2020,19,25.489,100.36,1.333,785.1061259,0.990530087
7/2/2020 19:00,2020,7,2,7/2/2020,20,26.436,99.354,1.369,719.0185166,0.907150575
7/2/2020 20:00,2020,7,2,7/2/2020,21,27.44,99.462,1.399,652.9308776,0.823771026
7/2/2020 21:00,2020,7,2,7/2/2020,22,27.276,100.791,1.396,652.9396705,0.82378212
7/2/2020 22:00,2020,7,2,7/2/2020,23,27.982,99.562,1.41,652.9484337,0.823793176
7/2/2020 23:00,2020,7,2,7/2/2020,24,27.781,98.246,1.406,612.8271726,0.773174138
7/3/2020 0:00,2020,7,3,7/3/2020,1,25.456,100.296,1.332,572.7058817,0.722555064
7/3/2020 1:00,2020,7,3,7/3/2020,2,24.942,99.309,1.312,572.7145557,0.722566007
7/3/2020 2:00,2020,7,3,7/3/2020,3,24.045,100.291,1.278,572.7232,0.722576913
7/3/2020 3:00,2020,7,3,7/3/2020,4,21.29,100.353,1.217,572.7318145,0.722587782
7/3/2020 4:00,2020,7,3,7/3/2020,5,20.1,98.561,1.215,572.7403992,0.722598613
7/3/2020 5:00,2020,7,3,7/3/2020,6,18.231,98.67,1.211,572.7489542,0.722609406
7/3/2020 6:00,2020,7,3,7/3/2020,7,15.827,100.491,1.167,572.7574794,0.722620162
7/3/2020 7:00,2020,7,3,7/3/2020,8,15.778,99.762,1.166,603.8789836,0.761884645
7/3/2020 8:00,2020,7,3,7/3/2020,9,15.177,102.748,1.154,679.0008968,0.856662297
7/3/2020 9:00,2020,7,3,7/3/2020,10,14.443,102.103,1.139,754.1227802,0.951439912
7/3/2020 10:00,2020,7,3,7/3/2020,11,14.092,101.633,1.132,785.244195,0.990704282
7/3/2020 11:00,2020,7,3,7/3/2020,12,15.383,102.584,1.158,785.2525714,0.99071485
7/3/2020 12:00,2020,7,3,7/3/2020,13,16.657,101.88,1.183,785.260918,0.99072538
7/3/2020 13:00,2020,7,3,7/3/2020,14,17.36,100.119,1.197,785.2692347,0.990735873
7/3/2020 14:00,2020,7,3,7/3/2020,15,18.805,102.668,1.212,785.2775217,0.990746329
7/3/2020 15:00,2020,7,3,7/3/2020,16,22.233,103.157,1.219,785.2857789,0.990756746
7/3/2020 16:00,2020,7,3,7/3/2020,17,23.692,102.15,1.265,785.2940063,0.990767126
7/3/2020 17:00,2020,7,3,7/3/2020,18,23.757,102.388,1.267,785.3022038,0.990777469
7/3/2020 18:00,2020,7,3,7/3/2020,19,26.277,100.948,1.363,785.3103716,0.990787774
7/3/2020 19:00,2020,7,3,7/3/2020,20,25.8,100.859,1.345,719.2220479,0.907407361
7/3/2020 20:00,2020,7,3,7/3/2020,21,27.656,101.547,1.403,653.1336943,0.82402691
7/3/2020 21:00,2020,7,3,7/3/2020,22,27.285,99.063,1.396,653.1417726,0.824037102
7/3/2020 22:00,2020,7,3,7/3/2020,23,27.463,99.23,1.399,653.1498211,0.824047256
7/3/2020 23:00,2020,7,3,7/3/2020,24,27.73,99.5,1.405,613.0278451,0.773427317
7/4/2020 0:00,2020,7,4,7/4/2020,1,26.909,101.224,1.387,572.9058393,0.72280734
7/4/2020 1:00,2020,7,4,7/4/2020,2,24.24,98.772,1.286,572.9137983,0.722817382
7/4/2020 2:00,2020,7,4,7/4/2020,3,21.902,100.278,1.219,572.9217274,0.722827386
7/4/2020 3:00,2020,7,4,7/4/2020,4,19.695,99.782,1.214,572.9296266,0.722837352
7/4/2020 4:00,2020,7,4,7/4/2020,5,20.549,99.9,1.216,572.937496,0.72284728
7/4/2020 5:00,2020,7,4,7/4/2020,6,18.098,98.834,1.21,572.9453356,0.722857171
7/4/2020 6:00,2020,7,4,7/4/2020,7,17.099,99.165,1.192,572.9531452,0.722867024
7/4/2020 7:00,2020,7,4,7/4/2020,8,15.479,100.409,1.16,604.0739337,0.762130604
7/4/2020 8:00,2020,7,4,7/4/2020,9,14.453,101.264,1.139,679.1951312,0.856907353
7/4/2020 9:00,2020,7,4,7/4/2020,10,14.718,100.143,1.144,754.3162988,0.951684064
7/4/2020 10:00,2020,7,4,7/4/2020,11,14.679,102.465,1.144,785.4369976,0.990947532
7/4/2020 11:00,2020,7,4,7/4/2020,12,14.69,101.799,1.144,785.4446579,0.990957196
7/4/2020 12:00,2020,7,4,7/4/2020,13,15.83,101.43,1.167,785.4522883,0.990966823
7/4/2020 13:00,2020,7,4,7/4/2020,14,19.285,101.95,1.213,785.4598889,0.990976412
7/4/2020 14:00,2020,7,4,7/4/2020,15,19.277,102.342,1.213,785.4674595,0.990985964
7/4/2020 15:00,2020,7,4,7/4/2020,16,20.939,103.206,1.217,785.4750002,0.990995478
7/4/2020 16:00,2020,7,4,7/4/2020,17,23.783,101.372,1.268,785.4825111,0.991004954
7/4/2020 17:00,2020,7,4,7/4/2020,18,23.271,101.752,1.249,785.489992,0.991014392
7/4/2020 18:00,2020,7,4,7/4/2020,19,25.797,102.146,1.345,785.497443,0.991023792
7/4/2020 19:00,2020,7,4,7/4/2020,20,25.734,100.941,1.342,719.4084024,0.907642475
7/4/2020 20:00,2020,7,4,7/4/2020,21,29.117,98.092,1.432,653.319332,0.82426112
7/4/2020 21:00,2020,7,4,7/4/2020,22,27.342,99.416,1.397,653.3266932,0.824270407
7/4/2020 22:00,2020,7,4,7/4/2020,23,26.333,101.013,1.365,653.3340246,0.824279657
7/4/2020 23:00,2020,7,4,7/4/2020,24,25.293,100.05,1.326,613.2113314,0.773658813
7/5/2020 0:00,2020,7,5,7/5/2020,1,25.793,99.04,1.344,573.0886083,0.723037931
7/5/2020 1:00,2020,7,5,7/5/2020,2,24.367,100.396,1.291,573.0958498,0.723047067
7/5/2020 2:00,2020,7,5,7/5/2020,3,22.274,100.23,1.219,573.1030614,0.723056166
7/5/2020 3:00,2020,7,5,7/5/2020,4,20.323,100.467,1.215,573.1102431,0.723065227
7/5/2020 4:00,2020,7,5,7/5/2020,5,20.894,99.285,1.216,573.1173948,0.72307425
7/5/2020 5:00,2020,7,5,7/5/2020,6,18.047,100.401,1.21,573.1245166,0.723083235
7/5/2020 6:00,2020,7,5,7/5/2020,7,17.852,99.235,1.207,573.1316084,0.723092182
7/5/2020 7:00,2020,7,5,7/5/2020,8,13.822,100.009,1.126,604.2516789,0.762354857
7/5/2020 8:00,2020,7,5,7/5/2020,9,14.732,102.454,1.145,679.3721583,0.8571307
7/5/2020 9:00,2020,7,5,7/5/2020,10,15.205,101.723,1.154,754.4926077,0.951906505
7/5/2020 10:00,2020,7,5,7/5/2020,11,15.69,103.558,1.164,785.6125884,0.991169066
7/5/2020 11:00,2020,7,5,7/5/2020,12,14.958,102.797,1.149,785.6195303,0.991177824
7/5/2020 12:00,2020,7,5,7/5/2020,13,17.458,101.516,1.199,785.6264423,0.991186545
7/5/2020 13:00,2020,7,5,7/5/2020,14,17.372,103.071,1.197,785.6333244,0.991195227
7/5/2020 14:00,2020,7,5,7/5/2020,15,20.14,101.461,1.215,785.6401764,0.991203872
7/5/2020 15:00,2020,7,5,7/5/2020,16,21.161,101.567,1.217,785.6469984,0.991212479
7/5/2020 16:00,2020,7,5,7/5/2020,17,22.628,102.517,1.225,785.6537905,0.991221049
7/5/2020 17:00,2020,7,5,7/5/2020,18,23.53,102.649,1.259,785.6605526,0.99122958
7/5/2020 18:00,2020,7,5,7/5/2020,19,25.736,102.792,1.342,785.6672846,0.991238073
7/5/2020 19:00,2020,7,5,7/5/2020,20,27.425,104.303,1.398,719.577525,0.907855849
7/5/2020 20:00,2020,7,5,7/5/2020,21,28.21,99.148,1.414,653.4877355,0.824473586
7/5/2020 21:00,2020,7,5,7/5/2020,22,27.665,100.822,1.403,653.4943775,0.824481966
7/5/2020 22:00,2020,7,5,7/5/2020,23,26.973,103.356,1.389,653.5009895,0.824490308
7/5/2020 23:00,2020,7,5,7/5/2020,24,27.405,98.663,1.398,613.377577,0.773868557
7/6/2020 0:00,2020,7,6,7/6/2020,1,28.511,100.96,1.42,573.2541344,0.723246767
7/6/2020 1:00,2020,7,6,7/6/2020,2,25.602,101.657,1.337,573.2606564,0.723254996
7/6/2020 2:00,2020,7,6,7/6/2020,3,22.12,100.463,1.219,573.2671484,0.723263186
7/6/2020 3:00,2020,7,6,7/6/2020,4,20.579,100.927,1.216,573.2736103,0.723271339
7/6/2020 4:00,2020,7,6,7/6/2020,5,19.397,99.056,1.213,573.2800422,0.723279454
7/6/2020 5:00,2020,7,6,7/6/2020,6,18.351,98.552,1.211,573.2864441,0.723287531
7/6/2020 6:00,2020,7,6,7/6/2020,7,16.108,99.148,1.172,573.2928159,0.72329557
7/6/2020 7:00,2020,7,6,7/6/2020,8,16.439,100.947,1.179,604.4121664,0.762557336
7/6/2020 8:00,2020,7,6,7/6/2020,9,14.356,101.278,1.137,679.5319257,0.85733227
7/6/2020 9:00,2020,7,6,7/6/2020,10,15.598,100.394,1.162,754.6516549,0.952107167
7/6/2020 10:00,2020,7,6,7/6/2020,11,14.065,102.426,1.131,785.7709152,0.991368819
7/6/2020 11:00,2020,7,6,7/6/2020,12,16.008,101.629,1.17,785.7771368,0.991376669
7/6/2020 12:00,2020,7,6,7/6/2020,13,15.879,102.935,1.168,785.7833284,0.99138448
7/6/2020 13:00,2020,7,6,7/6/2020,14,16.442,102.566,1.179,785.7894898,0.991392254
7/6/2020 14:00,2020,7,6,7/6/2020,15,19.677,102.666,1.214,785.7956212,0.991399989
7/6/2020 15:00,2020,7,6,7/6/2020,16,20.635,102.266,1.216,785.8017226,0.991407687
7/6/2020 16:00,2020,7,6,7/6/2020,17,22.19,102.563,1.219,785.8077939,0.991415347
7/6/2020 17:00,2020,7,6,7/6/2020,18,22.974,102.351,1.238,785.813835,0.991422969
7/6/2020 18:00,2020,7,6,7/6/2020,19,26.084,102.463,1.355,785.8198462,0.991430553
7/6/2020 19:00,2020,7,6,7/6/2020,20,27.437,102.012,1.399,719.7293656,0.908047419
7/6/2020 20:00,2020,7,6,7/6/2020,21,27.366,99.619,1.397,653.6388549,0.824664246
7/6/2020 21:00,2020,7,6,7/6/2020,22,27.219,100.857,1.394,653.6447758,0.824671717
7/6/2020 22:00,2020,7,6,7/6/2020,23,27.215,101.884,1.394,653.6506665,0.824679149
7/6/2020 23:00,2020,7,6,7/6/2020,24,27.592,99.616,1.402,613.5265327,0.774056487
7/7/2020 0:00,2020,7,7,7/7/2020,1,24.989,100.251,1.314,573.4023687,0.723433787
7/7/2020 1:00,2020,7,7,7/7/2020,2,24.732,99.6,1.304,573.4081692,0.723441105
7/7/2020 2:00,2020,7,7,7/7/2020,3,22.575,100.497,1.223,573.4139396,0.723448386
7/7/2020 3:00,2020,7,7,7/7/2020,4,21.968,98.18,1.219,573.4196799,0.723455628
7/7/2020 4:00,2020,7,7,7/7/2020,5,20.186,101.865,1.215,573.4253901,0.723462832
7/7/2020 5:00,2020,7,7,7/7/2020,6,17.638,101.359,1.203,573.4310702,0.723469999
7/7/2020 6:00,2020,7,7,7/7/2020,7,15.823,98.939,1.166,573.4367202,0.723477127
7/7/2020 7:00,2020,7,7,7/7/2020,8,15.367,101.118,1.157,604.5553487,0.762737982
7/7/2020 8:00,2020,7,7,7/7/2020,9,14.501,101.629,1.14,679.674386,0.857512005
7/7/2020 9:00,2020,7,7,7/7/2020,10,13.582,100.953,1.122,754.7933931,0.952285991
7/7/2020 10:00,2020,7,7,7/7/2020,11,14.044,101.41,1.131,785.9119313,0.991546732
7/7/2020 11:00,2020,7,7,7/7/2020,12,15.481,101.428,1.16,785.9174307,0.99155367
7/7/2020 12:00,2020,7,7,7/7/2020,13,16.663,102.534,1.183,785.9228999,0.991560571
7/7/2020 13:00,2020,7,7,7/7/2020,14,18.42,102.373,1.211,785.928339,0.991567433
7/7/2020 14:00,2020,7,7,7/7/2020,15,19.985,103.5,1.214,785.933748,0.991574257
7/7/2020 15:00,2020,7,7,7/7/2020,16,20.871,102.591,1.216,785.9391268,0.991581043
7/7/2020 16:00,2020,7,7,7/7/2020,17,22.196,101.384,1.219,785.9444755,0.991587792
7/7/2020 17:00,2020,7,7,7/7/2020,18,23.915,102.063,1.273,785.949794,0.991594502
7/7/2020 18:00,2020,7,7,7/7/2020,19,27.476,102.151,1.4,785.9550824,0.991601174
7/7/2020 19:00,2020,7,7,7/7/2020,20,27.179,102.099,1.394,719.863879,0.908217128
7/7/2020 20:00,2020,7,7,7/7/2020,21,27.911,98.563,1.408,653.7726455,0.824833043
7/7/2020 21:00,2020,7,7,7/7/2020,22,28.434,100.957,1.419,653.7778434,0.824839601
7/7/2020 22:00,2020,7,7,7/7/2020,23,26.799,102.123,1.382,653.7830112,0.824846121
7/7/2020 23:00,2020,7,7,7/7/2020,24,26.034,98.767,1.354,613.6581543,0.774222547
7/8/2020 0:00,2020,7,8,7/8/2020,1,26.669,99.38,1.378,573.5332672,0.723598935
7/8/2020 1:00,2020,7,8,7/8/2020,2,24.807,99.218,1.307,573.5383445,0.723605341
7/8/2020 2:00,2020,7,8,7/8/2020,3,23.505,100.894,1.258,573.5433916,0.723611709
7/8/2020 3:00,2020,7,8,7/8/2020,4,20.346,99.763,1.215,573.5484086,0.723618039
7/8/2020 4:00,2020,7,8,7/8/2020,5,19.449,100.051,1.213,573.5533954,0.72362433
7/8/2020 5:00,2020,7,8,7/8/2020,6,16.084,100.235,1.172,573.558352,0.723630584
7/8/2020 6:00,2020,7,8,7/8/2020,7,16.345,98.983,1.177,573.5632784,0.723636799
7/8/2020 7:00,2020,7,8,7/8/2020,8,16.926,99.823,1.189,604.6811834,0.762896741
7/8/2020 8:00,2020,7,8,7/8/2020,9,15.257,100.228,1.155,679.799497,0.857669852
7/8/2020 9:00,2020,7,8,7/8/2020,10,15.036,100.744,1.151,754.9177804,0.952442924
7/8/2020 10:00,2020,7,8,7/8/2020,11,14.856,101.199,1.147,786.0355948,0.991702752
7/8/2020 11:00,2020,7,8,7/8/2020,12,15.374,99.969,1.157,786.0403703,0.991708777
7/8/2020 12:00,2020,7,8,7/8/2020,13,15.42,100.241,1.158,786.0451156,0.991714764
7/8/2020 13:00,2020,7,8,7/8/2020,14,17.733,101.262,1.205,786.0498307,0.991720713
7/8/2020 14:00,2020,7,8,7/8/2020,15,19.515,100.271,1.213,786.0545156,0.991726624
7/8/2020 15:00,2020,7,8,7/8/2020,16,21.48,100.08,1.218,786.0591704,0.991732497
7/8/2020 16:00,2020,7,8,7/8/2020,17,23.571,98.374,1.26,786.0637949,0.991738331
7/8/2020 17:00,2020,7,8,7/8/2020,18,23.635,100.289,1.263,786.0683892,0.991744127
7/8/2020 18:00,2020,7,8,7/8/2020,19,26.056,99.83,1.354,786.0729533,0.991749886
7/8/2020 19:00,2020,7,8,7/8/2020,20,26.241,101.666,1.361,719.9810256,0.908364926
7/8/2020 20:00,2020,7,8,7/8/2020,21,27.466,99.26,1.399,653.8890676,0.824979928
7/8/2020 21:00,2020,7,8,7/8/2020,22,27.978,99.788,1.41,653.8935411,0.824985572
7/8/2020 22:00,2020,7,8,7/8/2020,23,30.331,99.895,1.457,653.8979843,0.824991177
7/8/2020 23:00,2020,7,8,7/8/2020,24,28.567,100.564,1.421,613.7724028,0.774366689
7/9/2020 0:00,2020,7,9,7/9/2020,1,25.592,100.159,1.337,573.6467911,0.723742163
7/9/2020 1:00,2020,7,9,7/9/2020,2,24.818,98.442,1.308,573.6511436,0.723747654
7/9/2020 2:00,2020,7,9,7/9/2020,3,23.784,100.218,1.269,573.655466,0.723753108
7/9/2020 3:00,2020,7,9,7/9/2020,4,21.527,99.966,1.218,573.6597582,0.723758523
7/9/2020 4:00,2020,7,9,7/9/2020,5,19.206,101.592,1.213,573.6640201,0.7237639
7/9/2020 5:00,2020,7,9,7/9/2020,6,17.994,100.288,1.21,573.6682517,0.723769239
7/9/2020 6:00,2020,7,9,7/9/2020,7,16.099,99.306,1.172,573.6724532,0.72377454
7/9/2020 7:00,2020,7,9,7/9/2020,8,15.409,102.75,1.158,604.7896331,0.763033567
7/9/2020 8:00,2020,7,9,7/9/2020,9,14.744,101.412,1.145,679.9072216,0.857805763
7/9/2020 9:00,2020,7,9,7/9/2020,10,14.014,101.294,1.13,755.0247798,0.95257792
7/9/2020 10:00,2020,7,9,7/9/2020,11,13.657,98.358,1.123,786.141869,0.991836833
7/9/2020 11:00,2020,7,9,7/9/2020,12,15.061,101.096,1.151,786.1459192,0.991841943
7/9/2020 12:00,2020,7,9,7/9/2020,13,15.128,99.918,1.153,786.1499392,0.991847015
7/9/2020 13:00,2020,7,9,7/9/2020,14,17.656,100.208,1.203,786.153929,0.991852049
7/9/2020 14:00,2020,7,9,7/9/2020,15,19.794,99.892,1.214,786.1578885,0.991857044
7/9/2020 15:00,2020,7,9,7/9/2020,16,23.068,100.789,1.241,786.1618177,0.991862002
7/9/2020 16:00,2020,7,9,7/9/2020,17,22.121,99.306,1.219,786.1657167,0.991866921
7/9/2020 17:00,2020,7,9,7/9/2020,18,24.921,99.567,1.311,786.1695854,0.991871802
7/9/2020 18:00,2020,7,9,7/9/2020,19,24.643,100.217,1.301,786.1734239,0.991876645
7/9/2020 19:00,2020,7,9,7/9/2020,20,27.653,101.124,1.403,720.0807705,0.908490769
7/9/2020 20:00,2020,7,9,7/9/2020,21,26.843,100.563,1.384,653.9880867,0.825104855
7/9/2020 21:00,2020,7,9,7/9/2020,22,27.908,100.359,1.408,653.9918344,0.825109583
7/9/2020 22:00,2020,7,9,7/9/2020,23,26.74,100.313,1.38,653.9955518,0.825114274
7/9/2020 23:00,2020,7,9,7/9/2020,24,26.294,98.669,1.363,613.8692444,0.77448887
7/10/2020 0:00,2020,7,10,7/10/2020,1,25.176,99.786,1.321,573.7429067,0.723863427
7/10/2020 1:00,2020,7,10,7/10/2020,2,23.059,100.099,1.241,573.7465333,0.723868003
7/10/2020 2:00,2020,7,10,7/10/2020,3,22.205,98.606,1.219,573.7501296,0.72387254
7/10/2020 3:00,2020,7,10,7/10/2020,4,20.19,100.233,1.215,573.7536957,0.723877039
7/10/2020 4:00,2020,7,10,7/10/2020,5,18.876,98.728,1.212,573.7572314,0.7238815
7/10/2020 5:00,2020,7,10,7/10/2020,6,17.05,99.8,1.191,573.7607369,0.723885923
7/10/2020 6:00,2020,7,10,7/10/2020,7,16.742,100.588,1.185,573.7642121,0.723890307
7/10/2020 7:00,2020,7,10,7/10/2020,8,15.635,98.69,1.163,604.8806657,0.763148419
7/10/2020 8:00,2020,7,10,7/10/2020,9,14.248,102.119,1.135,679.9975279,0.857919698
7/10/2020 9:00,2020,7,10,7/10/2020,10,15.611,102.029,1.162,755.1143598,0.952690939
7/10/2020 10:00,2020,7,10,7/10/2020,11,13.856,101.818,1.127,786.2307225,0.991948936
7/10/2020 11:00,2020,7,10,7/10/2020,12,14.098,100.737,1.132,786.2340463,0.991953129
7/10/2020 12:00,2020,7,10,7/10/2020,13,15.696,101.242,1.164,786.2373398,0.991957284
7/10/2020 13:00,2020,7,10,7/10/2020,14,17.769,101.327,1.205,786.240603,0.991961401
7/10/2020 14:00,2020,7,10,7/10/2020,15,20.405,100.043,1.215,786.2438358,0.99196548
7/10/2020 15:00,2020,7,10,7/10/2020,16,21.089,101.86,1.217,786.2470384,0.991969521
7/10/2020 16:00,2020,7,10,7/10/2020,17,22.866,101.913,1.234,786.2502107,0.991973523
7/10/2020 17:00,2020,7,10,7/10/2020,18,24.079,102.24,1.28,786.2533527,0.991977487
7/10/2020 18:00,2020,7,10,7/10/2020,19,26.978,102.936,1.389,786.2564644,0.991981413
7/10/2020 19:00,2020,7,10,7/10/2020,20,26.876,103.074,1.385,720.1630841,0.90859462
7/10/2020 20:00,2020,7,10,7/10/2020,21,28.319,99.995,1.416,654.0696736,0.825207789
7/10/2020 21:00,2020,7,10,7/10/2020,22,28.008,100.984,1.41,654.0726943,0.825211601
7/10/2020 22:00,2020,7,10,7/10/2020,23,27.717,99.322,1.404,654.0756848,0.825215373
7/10/2020 23:00,2020,7,10,7/10/2020,24,28.732,99.705,1.425,613.9486504,0.774589052
7/11/2020 0:00,2020,7,11,7/11/2020,1,25.202,101.192,1.322,573.8215857,0.723962693
7/11/2020 1:00,2020,7,11,7/11/2020,2,24.67,100.269,1.302,573.8244852,0.723966351
7/11/2020 2:00,2020,7,11,7/11/2020,3,21.976,98.729,1.219,573.8273544,0.723969971
7/11/2020 3:00,2020,7,11,7/11/2020,4,21.418,101.267,1.218,573.8301933,0.723973553
7/11/2020 4:00,2020,7,11,7/11/2020,5,18.359,100.012,1.211,573.8330019,0.723977096
7/11/2020 5:00,2020,7,11,7/11/2020,6,18.619,99.589,1.211,573.8357801,0.723980601
7/11/2020 6:00,2020,7,11,7/11/2020,7,16.577,101.377,1.182,573.8385281,0.723984068
7/11/2020 7:00,2020,7,11,7/11/2020,8,14.964,99.094,1.149,604.9542544,0.763241262
7/11/2020 8:00,2020,7,11,7/11/2020,9,14.68,100.518,1.144,680.0703892,0.858011623
7/11/2020 9:00,2020,7,11,7/11/2020,10,16.339,102.432,1.177,755.1864937,0.952781947
7/11/2020 10:00,2020,7,11,7/11/2020,11,13.36,100.79,1.117,786.302129,0.992039026
7/11/2020 11:00,2020,7,11,7/11/2020,12,15.861,102.815,1.167,786.3047253,0.992042301
7/11/2020 12:00,2020,7,11,7/11/2020,13,18.103,102.867,1.21,786.3072913,0.992045539
7/11/2020 13:00,2020,7,11,7/11/2020,14,17.275,102.303,1.195,786.309827,0.992048738
7/11/2020 14:00,2020,7,11,7/11/2020,15,17.81,102.008,1.206,786.3123323,0.992051899
7/11/2020 15:00,2020,7,11,7/11/2020,16,20.607,101.173,1.216,786.3148073,0.992055021
7/11/2020 16:00,2020,7,11,7/11/2020,17,21.912,101.647,1.219,786.3172519,0.992058105
7/11/2020 17:00,2020,7,11,7/11/2020,18,25.285,102.559,1.325,786.3196663,0.992061151
7/11/2020 18:00,2020,7,11,7/11/2020,19,25.851,101.294,1.347,786.3220502,0.992064159
7/11/2020 19:00,2020,7,11,7/11/2020,20,28.042,103.457,1.411,720.2279422,0.908676448
7/11/2020 20:00,2020,7,11,7/11/2020,21,27.887,101.534,1.408,654.1338039,0.825288699
7/11/2020 21:00,2020,7,11,7/11/2020,22,28.384,102.396,1.418,654.1360969,0.825291592
7/11/2020 22:00,2020,7,11,7/11/2020,23,25.593,100.735,1.337,654.1383595,0.825294447
7/11/2020 23:00,2020,7,11,7/11/2020,24,26.412,100.299,1.368,614.0105972,0.774667208
7/12/2020 0:00,2020,7,12,7/12/2020,1,25.562,101.502,1.336,573.8828046,0.72403993
7/12/2020 1:00,2020,7,12,7/12/2020,2,25.313,97.567,1.326,573.8849762,0.72404267
7/12/2020 2:00,2020,7,12,7/12/2020,3,22.812,100.146,1.232,573.8871174,0.724045371
7/12/2020 3:00,2020,7,12,7/12/2020,4,19.752,100.61,1.214,573.8892283,0.724048034
7/12/2020 4:00,2020,7,12,7/12/2020,5,19.719,98.54,1.214,573.8913089,0.724050659
7/12/2020 5:00,2020,7,12,7/12/2020,6,16.83,99.945,1.187,573.8933591,0.724053246
7/12/2020 6:00,2020,7,12,7/12/2020,7,17.092,99.248,1.192,573.895379,0.724055794
7/12/2020 7:00,2020,7,12,7/12/2020,8,15.611,98.81,1.162,605.0103771,0.763312069
7/12/2020 8:00,2020,7,12,7/12/2020,9,14.32,101.179,1.136,680.1257838,0.858081512
7/12/2020 9:00,2020,7,12,7/12/2020,10,15.067,100.72,1.151,755.2411602,0.952850917
7/12/2020 10:00,2020,7,12,7/12/2020,11,14.939,101.945,1.149,786.3560673,0.992107077
7/12/2020 11:00,2020,7,12,7/12/2020,12,14.565,99.615,1.141,786.3579354,0.992109434
7/12/2020 12:00,2020,7,12,7/12/2020,13,16.473,104.102,1.179,786.3597731,0.992111752
7/12/2020 13:00,2020,7,12,7/12/2020,14,18.955,102.679,1.212,786.3615805,0.992114033
7/12/2020 14:00,2020,7,12,7/12/2020,15,20.868,101.677,1.216,786.3633575,0.992116275
7/12/2020 15:00,2020,7,12,7/12/2020,16,19.87,100.037,1.214,786.3651042,0.992118478
7/12/2020 16:00,2020,7,12,7/12/2020,17,21.735,103.144,1.218,786.3668205,0.992120644
7/12/2020 17:00,2020,7,12,7/12/2020,18,24.669,100.254,1.302,786.3685064,0.992122771
7/12/2020 18:00,2020,7,12,7/12/2020,19,25.075,101.601,1.317,786.370162,0.992124859
7/12/2020 19:00,2020,7,12,7/12/2020,20,26.739,103.396,1.38,720.2753255,0.90873623
7/12/2020 20:00,2020,7,12,7/12/2020,21,26.589,100.047,1.374,654.1804587,0.825347562
7/12/2020 21:00,2020,7,12,7/12/2020,22,28.449,100.046,1.419,654.1820232,0.825349535
7/12/2020 22:00,2020,7,12,7/12/2020,23,27.605,101.909,1.402,654.1835574,0.825351471
7/12/2020 23:00,2020,7,12,7/12/2020,24,26.362,100.11,1.366,614.0550665,0.774723312
7/13/2020 0:00,2020,7,13,7/13/2020,1,25.697,99.637,1.341,573.9265454,0.724095115
7/13/2020 1:00,2020,7,13,7/13/2020,2,23.782,99.699,1.268,573.9279884,0.724096936
7/13/2020 2:00,2020,7,13,7/13/2020,3,23.021,98.242,1.24,573.929401,0.724098718
7/13/2020 3:00,2020,7,13,7/13/2020,4,21.027,100.301,1.217,573.9307833,0.724100462
7/13/2020 4:00,2020,7,13,7/13/2020,5,19.718,98.909,1.214,573.9321352,0.724102168
7/13/2020 5:00,2020,7,13,7/13/2020,6,18.511,100.388,1.211,573.9334568,0.724103835
7/13/2020 6:00,2020,7,13,7/13/2020,7,15.44,97.773,1.159,573.934748,0.724105464
7/13/2020 7:00,2020,7,13,7/13/2020,8,16.844,101.216,1.187,605.0490174,0.76336082
7/13/2020 8:00,2020,7,13,7/13/2020,9,15.974,102.928,1.169,680.1636954,0.858129343
7/13/2020 9:00,2020,7,13,7/13/2020,10,15.212,102.294,1.154,755.278343,0.952897829
7/13/2020 10:00,2020,7,13,7/13/2020,11,15.314,101.144,1.156,786.3925214,0.992153069
7/13/2020 11:00,2020,7,13,7/13/2020,12,16.415,101.969,1.178,786.3936607,0.992154507
7/13/2020 12:00,2020,7,13,7/13/2020,13,17.322,101.097,1.196,786.3947696,0.992155906
7/13/2020 13:00,2020,7,13,7/13/2020,14,16.682,100.292,1.184,786.3958482,0.992157266
7/13/2020 14:00,2020,7,13,7/13/2020,15,20.099,103.016,1.215,786.3968964,0.992158589
7/13/2020 15:00,2020,7,13,7/13/2020,16,21.423,102.397,1.218,786.3979142,0.992159873
7/13/2020 16:00,2020,7,13,7/13/2020,17,22.703,100.581,1.228,786.3989016,0.992161119
7/13/2020 17:00,2020,7,13,7/13/2020,18,23.943,102.635,1.275,786.3998587,0.992162326
7/13/2020 18:00,2020,7,13,7/13/2020,19,25.265,102.515,1.324,786.4007853,0.992163495
7/13/2020 19:00,2020,7,13,7/13/2020,20,27.027,100.388,1.391,720.30522,0.908773946
7/13/2020 20:00,2020,7,13,7/13/2020,21,26.975,101.025,1.389,654.2096243,0.825384358
7/13/2020 21:00,2020,7,13,7/13/2020,22,28.407,100.385,1.418,654.2104598,0.825385412
7/13/2020 22:00,2020,7,13,7/13/2020,23,26.665,101.244,1.377,654.211265,0.825386428
7/13/2020 23:00,2020,7,13,7/13/2020,24,27.002,100.857,1.39,614.0820452,0.77475735
7/14/2020 0:00,2020,7,14,7/14/2020,1,26.136,99.626,1.357,573.952795,0.724128233
7/14/2020 1:00,2020,7,14,7/14/2020,2,24.342,100.514,1.29,573.953509,0.724129134
7/14/2020 2:00,2020,7,14,7/14/2020,3,23.756,99.819,1.267,573.9541927,0.724129997
7/14/2020 3:00,2020,7,14,7/14/2020,4,20.39,98.744,1.215,573.9548459,0.724130821
7/14/2020 4:00,2020,7,14,7/14/2020,5,19.131,100.157,1.213,573.9554688,0.724131607
7/14/2020 5:00,2020,7,14,7/14/2020,6,18.339,99.209,1.211,573.9560613,0.724132354
7/14/2020 6:00,2020,7,14,7/14/2020,7,16.758,98.687,1.185,573.9566234,0.724133063
7/14/2020 7:00,2020,7,14,7/14/2020,8,16.359,99.137,1.177,605.0701638,0.763387499
7/14/2020 8:00,2020,7,14,7/14/2020,9,13.742,101.427,1.125,680.1841127,0.858155103
7/14/2020 9:00,2020,7,14,7/14/2020,10,14.918,99.908,1.148,755.2980312,0.952922668
7/14/2020 10:00,2020,7,14,7/14/2020,11,13.279,102.244,1.116,786.4114804,0.992176989
7/14/2020 11:00,2020,7,14,7/14/2020,12,16.065,101.388,1.171,786.4118906,0.992177506
7/14/2020 12:00,2020,7,14,7/14/2020,13,17.397,102.14,1.198,786.4122705,0.992177986
7/14/2020 13:00,2020,7,14,7/14/2020,14,19.153,101.358,1.213,786.4126199,0.992178427
7/14/2020 14:00,2020,7,14,7/14/2020,15,20.327,102.559,1.215,786.4129389,0.992178829
7/14/2020 15:00,2020,7,14,7/14/2020,16,20.583,102.617,1.216,786.4132276,0.992179193
7/14/2020 16:00,2020,7,14,7/14/2020,17,21.859,102.552,1.219,786.4134859,0.992179519
7/14/2020 17:00,2020,7,14,7/14/2020,18,24.652,102.893,1.301,786.4137137,0.992179807
7/14/2020 18:00,2020,7,14,7/14/2020,19,25.938,102.736,1.35,786.4139112,0.992180056
7/14/2020 19:00,2020,7,14,7/14/2020,20,27.391,102.782,1.398,720.3176167,0.908789586
7/14/2020 20:00,2020,7,14,7/14/2020,21,27.088,100.497,1.392,654.2212918,0.825399079
7/14/2020 21:00,2020,7,14,7/14/2020,22,27.453,99.841,1.399,654.2213982,0.825399213
7/14/2020 22:00,2020,7,14,7/14/2020,23,25.634,100.116,1.338,654.2214741,0.825399309
7/14/2020 23:00,2020,7,14,7/14/2020,24,25.875,99.837,1.348,614.0915251,0.77476931
7/15/2020 0:00,2020,7,15,7/15/2020,1,26.24,99.669,1.361,573.9615457,0.724139274
7/15/2020 1:00,2020,7,15,7/15/2020,2,23.957,98.902,1.275,573.9615306,0.724139254
7/15/2020 2:00,2020,7,15,7/15/2020,3,22.687,100.512,1.227,573.961485,0.724139197
7/15/2020 3:00,2020,7,15,7/15/2020,4,19.929,99.95,1.214,573.961409,0.724139101
7/15/2020 4:00,2020,7,15,7/15/2020,5,18.023,101.284,1.21,573.9613027,0.724138967
7/15/2020 5:00,2020,7,15,7/15/2020,6,16.463,99.227,1.179,573.9611659,0.724138794
7/15/2020 6:00,2020,7,15,7/15/2020,7,16.149,100.045,1.173,573.9609988,0.724138584
7/15/2020 7:00,2020,7,15,7/15/2020,8,16.36,101.197,1.177,605.07381,0.763392099
7/15/2020 8:00,2020,7,15,7/15/2020,9,14.119,100.345,1.132,680.1870296,0.858158783
7/15/2020 9:00,2020,7,15,7/15/2020,10,15.172,99.222,1.153,755.3002189,0.952925428
7/15/2020 10:00,2020,7,15,7/15/2020,11,14.162,99.877,1.133,786.4129389,0.992178829
7/15/2020 11:00,2020,7,15,7/15/2020,12,15.936,101.43,1.169,786.4126199,0.992178427
7/15/2020 12:00,2020,7,15,7/15/2020,13,15.962,100.286,1.169,786.4122705,0.992177986
7/15/2020 13:00,2020,7,15,7/15/2020,14,17.56,100.078,1.201,786.4118906,0.992177506
7/15/2020 14:00,2020,7,15,7/15/2020,15,19.503,100.876,1.213,786.4114804,0.992176989
7/15/2020 15:00,2020,7,15,7/15/2020,16,20.376,98.448,1.215,786.4110399,0.992176433
7/15/2020 16:00,2020,7,15,7/15/2020,17,23.67,101.146,1.264,786.4105689,0.992175839
7/15/2020 17:00,2020,7,15,7/15/2020,18,24.387,99.46,1.291,786.4100676,0.992175206
7/15/2020 18:00,2020,7,15,7/15/2020,19,25.344,100.535,1.327,786.4095358,0.992174536
7/15/2020 19:00,2020,7,15,7/15/2020,20,27.272,98.744,1.395,720.3125121,0.908783146
7/15/2020 20:00,2020,7,15,7/15/2020,21,27.205,100.059,1.394,654.2154579,0.825391718
7/15/2020 21:00,2020,7,15,7/15/2020,22,27.666,99.466,1.403,654.2148351,0.825390933
7/15/2020 22:00,2020,7,15,7/15/2020,23,27.072,98.078,1.391,654.2141818,0.825390108
7/15/2020 23:00,2020,7,15,7/15/2020,24,26.897,100.907,1.386,614.0835036,0.77475919
7/16/2020 0:00,2020,7,16,7/16/2020,1,25.747,102.494,1.343,573.952795,0.724128233
7/16/2020 1:00,2020,7,16,7/16/2020,2,23.373,100.467,1.253,573.9520506,0.724127294
7/16/2020 2:00,2020,7,16,7/16/2020,3,24.088,100.039,1.28,573.9512758,0.724126317
7/16/2020 3:00,2020,7,16,7/16/2020,4,20.273,100.263,1.215,573.9504707,0.724125301
7/16/2020 4:00,2020,7,16,7/16/2020,5,19.157,98.29,1.213,573.9496351,0.724124247
7/16/2020 5:00,2020,7,16,7/16/2020,6,16.928,98.736,1.189,573.9487692,0.724123154
7/16/2020 6:00,2020,7,16,7/16/2020,7,16.374,100.246,1.177,573.9478729,0.724122023
7/16/2020 7:00,2020,7,16,7/16/2020,8,15.619,98.413,1.162,605.0599549,0.763374619
7/16/2020 8:00,2020,7,16,7/16/2020,9,14.878,100.97,1.148,680.1724454,0.858140383
7/16/2020 9:00,2020,7,16,7/16/2020,10,15.03,100.149,1.151,755.2849055,0.952906108
7/16/2020 10:00,2020,7,16,7/16/2020,11,14.569,100.929,1.141,786.3968964,0.992158589
7/16/2020 11:00,2020,7,16,7/16/2020,12,16.469,99.971,1.179,786.3958482,0.992157266
7/16/2020 12:00,2020,7,16,7/16/2020,13,17.044,99.407,1.191,786.3947696,0.992155906
7/16/2020 13:00,2020,7,16,7/16/2020,14,17.21,99.994,1.194,786.3936607,0.992154507
7/16/2020 14:00,2020,7,16,7/16/2020,15,20.534,99.605,1.216,786.3925214,0.992153069
7/16/2020 15:00,2020,7,16,7/16/2020,16,20.993,100.151,1.217,786.3913517,0.992151593
7/16/2020 16:00,2020,7,16,7/16/2020,17,23.149,100.306,1.245,786.3901516,0.992150079
7/16/2020 17:00,2020,7,16,7/16/2020,18,23.691,98.846,1.265,786.3889212,0.992148527
7/16/2020 18:00,2020,7,16,7/16/2020,19,26.488,98.527,1.371,786.3876604,0.992146936
7/16/2020 19:00,2020,7,16,7/16/2020,20,25.087,100.927,1.318,720.2899076,0.908754627
7/16/2020 20:00,2020,7,16,7/16/2020,21,26.984,99.739,1.389,654.1921244,0.82536228
7/16/2020 21:00,2020,7,16,7/16/2020,22,27.343,100.336,1.397,654.1907725,0.825360574
7/16/2020 22:00,2020,7,16,7/16/2020,23,26.325,100.436,1.364,654.1893902,0.82535883
7/16/2020 23:00,2020,7,16,7/16/2020,24,26.176,100.646,1.359,614.0579829,0.774726992
7/17/2020 0:00,2020,7,17,7/17/2020,1,26.973,100.238,1.389,573.9265454,0.724095115
7/17/2020 1:00,2020,7,17,7/17/2020,2,26.005,99.688,1.352,573.925072,0.724093256
7/17/2020 2:00,2020,7,17,7/17/2020,3,22.884,100.514,1.234,573.9235682,0.724091359
7/17/2020 3:00,2020,7,17,7/17/2020,4,20.971,100.84,1.217,573.9220341,0.724089424
7/17/2020 4:00,2020,7,17,7/17/2020,5,18.571,99.87,1.211,573.9204696,0.72408745
7/17/2020 5:00,2020,7,17,7/17/2020,6,16.416,99.506,1.178,573.9188748,0.724085438
7/17/2020 6:00,2020,7,17,7/17/2020,7,16.168,98.877,1.173,573.9172495,0.724083387
7/17/2020 7:00,2020,7,17,7/17/2020,8,16.306,100.985,1.176,605.0286026,0.763335063
7/17/2020 8:00,2020,7,17,7/17/2020,9,14.364,102.63,1.137,680.1403642,0.858099908
7/17/2020 9:00,2020,7,17,7/17/2020,10,13.639,101.532,1.123,755.2520955,0.952864713
7/17/2020 10:00,2020,7,17,7/17/2020,11,14.492,102.135,1.14,786.3633575,0.992116275
7/17/2020 11:00,2020,7,17,7/17/2020,12,14.875,102.399,1.148,786.3615805,0.992114033
7/17/2020 12:00,2020,7,17,7/17/2020,13,18.262,101.943,1.211,786.3597731,0.992111752
7/17/2020 13:00,2020,7,17,7/17/2020,14,18.562,101.961,1.211,786.3579354,0.992109434
7/17/2020 14:00,2020,7,17,7/17/2020,15,19.273,102.725,1.213,786.3560673,0.992107077
7/17/2020 15:00,2020,7,17,7/17/2020,16,22.118,102.733,1.219,786.3541688,0.992104682
7/17/2020 16:00,2020,7,17,7/17/2020,17,22.801,102.09,1.231,786.35224,0.992102248
7/17/2020 17:00,2020,7,17,7/17/2020,18,24.621,102.333,1.3,786.3502809,0.992099776
7/17/2020 18:00,2020,7,17,7/17/2020,19,25.024,100.865,1.315,786.3482914,0.992097266
7/17/2020 19:00,2020,7,17,7/17/2020,20,25.179,100.644,1.321,720.2498099,0.908704038
7/17/2020 20:00,2020,7,17,7/17/2020,21,28.207,99.375,1.414,654.151298,0.825310771
7/17/2020 21:00,2020,7,17,7/17/2020,22,26.937,99.774,1.388,654.1492175,0.825308146
7/17/2020 22:00,2020,7,17,7/17/2020,23,28.675,99.682,1.423,654.1471066,0.825305483
7/17/2020 23:00,2020,7,17,7/17/2020,24,26.859,101.57,1.385,614.0149708,0.774672725
7/18/2020 0:00,2020,7,18,7/18/2020,1,26.757,99.27,1.381,573.8828046,0.72403993
7/18/2020 1:00,2020,7,18,7/18/2020,2,23.707,99.072,1.266,573.8806026,0.724037152
7/18/2020 2:00,2020,7,18,7/18/2020,3,22.992,99.489,1.239,573.8783704,0.724034335
7/18/2020 3:00,2020,7,18,7/18/2020,4,22.204,99.507,1.219,573.8761077,0.724031481
7/18/2020 4:00,2020,7,18,7/18/2020,5,19.613,100.651,1.214,573.8738148,0.724028588
7/18/2020 5:00,2020,7,18,7/18/2020,6,17.786,100.239,1.206,573.8714915,0.724025657
7/18/2020 6:00,2020,7,18,7/18/2020,7,14.54,99.837,1.141,573.8691378,0.724022687
7/18/2020 7:00,2020,7,18,7/18/2020,8,14.919,99.629,1.148,604.9797625,0.763273444
7/18/2020 8:00,2020,7,18,7/18/2020,9,14.805,102.831,1.146,680.0907957,0.858037369
7/18/2020 9:00,2020,7,18,7/18/2020,10,15.695,103.158,1.164,755.2017986,0.952801256
7/18/2020 10:00,2020,7,18,7/18/2020,11,15.434,103.109,1.159,786.3123323,0.992051899
7/18/2020 11:00,2020,7,18,7/18/2020,12,14.434,102.809,1.139,786.309827,0.992048738
7/18/2020 12:00,2020,7,18,7/18/2020,13,16.134,100.986,1.173,786.3072913,0.992045539
7/18/2020 13:00,2020,7,18,7/18/2020,14,18.142,101.241,1.21,786.3047253,0.992042301
7/18/2020 14:00,2020,7,18,7/18/2020,15,19.747,103.104,1.214,786.302129,0.992039026
7/18/2020 15:00,2020,7,18,7/18/2020,16,20.133,101.831,1.215,786.2995024,0.992035712
7/18/2020 16:00,2020,7,18,7/18/2020,17,22.838,102.264,1.233,786.2968454,0.99203236
7/18/2020 17:00,2020,7,18,7/18/2020,18,25.032,99.702,1.316,786.2941581,0.992028969
7/18/2020 18:00,2020,7,18,7/18/2020,19,26.717,103.059,1.379,786.2914405,0.99202554
7/18/2020 19:00,2020,7,18,7/18/2020,20,26.67,103.711,1.378,720.1922309,0.908631393
7/18/2020 20:00,2020,7,18,7/18/2020,21,25.871,98.819,1.347,654.092991,0.825237208
7/18/2020 21:00,2020,7,18,7/18/2020,22,27.871,100.357,1.407,654.0901824,0.825233664
7/18/2020 22:00,2020,7,18,7/18/2020,23,27.496,100.856,1.4,654.0873435,0.825230083
7/18/2020 23:00,2020,7,18,7/18/2020,24,27.145,101.308,1.393,613.9544798,0.774596407
7/19/2020 0:00,2020,7,19,7/19/2020,1,26.563,99.74,1.373,573.8215857,0.723962693
7/19/2020 1:00,2020,7,19,7/19/2020,2,23.163,101.004,1.245,573.8186558,0.723958996
7/19/2020 2:00,2020,7,19,7/19/2020,3,23.225,99.927,1.247,573.8156957,0.723955262
7/19/2020 3:00,2020,7,19,7/19/2020,4,21.643,99.356,1.218,573.8127052,0.723951489
7/19/2020 4:00,2020,7,19,7/19/2020,5,18.926,101.753,1.212,573.8096844,0.723947678
7/19/2020 5:00,2020,7,19,7/19/2020,6,17.883,99.29,1.208,573.8066334,0.723943828
7/19/2020 6:00,2020,7,19,7/19/2020,7,16.784,100.03,1.186,573.803552,0.723939941
7/19/2020 7:00,2020,7,19,7/19/2020,8,16.73,98.188,1.185,604.913449,0.76318978
7/19/2020 8:00,2020,7,19,7/19/2020,9,15.23,100.263,1.155,680.0237545,0.857952787
7/19/2020 9:00,2020,7,19,7/19/2020,10,13.333,100.864,1.117,755.1340298,0.952715756
7/19/2020 10:00,2020,7,19,7/19/2020,11,12.655,102.153,1.103,786.2438358,0.99196548
7/19/2020 11:00,2020,7,19,7/19/2020,12,16.295,102.138,1.176,786.240603,0.991961401
7/19/2020 12:00,2020,7,19,7/19/2020,13,16.908,102.243,1.188,786.2373398,0.991957284
7/19/2020 13:00,2020,7,19,7/19/2020,14,15.659,101.944,1.163,786.2340463,0.991953129
7/19/2020 14:00,2020,7,19,7/19/2020,15,18.187,102.91,1.21,786.2307225,0.991948936
7/19/2020 15:00,2020,7,19,7/19/2020,16,21.844,103.281,1.219,786.2273685,0.991944704
7/19/2020 16:00,2020,7,19,7/19/2020,17,22.7,100.661,1.228,786.2239841,0.991940434
7/19/2020 17:00,2020,7,19,7/19/2020,18,25.271,100.461,1.325,786.2205695,0.991936126
7/19/2020 18:00,2020,7,19,7/19/2020,19,23.589,101.822,1.261,786.2171246,0.99193178
7/19/2020 19:00,2020,7,19,7/19/2020,20,27.031,101.38,1.391,720.1171877,0.908536715
7/19/2020 20:00,2020,7,19,7/19/2020,21,26.7,101.49,1.379,654.0172206,0.825141612
7/19/2020 21:00,2020,7,19,7/19/2020,22,28.192,100.072,1.414,654.0136848,0.825137151
7/19/2020 22:00,2020,7,19,7/19/2020,23,26.239,99.783,1.361,654.0101188,0.825132652
7/19/2020 23:00,2020,7,19,7/19/2020,24,26.782,99.042,1.382,613.8765279,0.774498059
7/20/2020 0:00,2020,7,20,7/20/2020,1,25.345,99.499,1.327,573.7429067,0.723863427
7/20/2020 1:00,2020,7,20,7/20/2020,2,24.524,99.455,1.296,573.7392498,0.723858814
7/20/2020 2:00,2020,7,20,7/20/2020,3,24,99.481,1.277,573.7355627,0.723854162
7/20/2020 3:00,2020,7,20,7/20/2020,4,22.273,99.278,1.219,573.7318453,0.723849472
7/20/2020 4:00,2020,7,20,7/20/2020,5,18.525,98.131,1.211,573.7280976,0.723844744
7/20/2020 5:00,2020,7,20,7/20/2020,6,16.899,99.399,1.188,573.7243197,0.723839977
7/20/2020 6:00,2020,7,20,7/20/2020,7,15.866,100.655,1.167,573.7205115,0.723835172
7/20/2020 7:00,2020,7,20,7/20/2020,8,13.423,100.849,1.118,604.8296817,0.763084094
7/20/2020 8:00,2020,7,20,7/20/2020,9,16.092,103.04,1.172,679.9392605,0.857846185
7/20/2020 9:00,2020,7,20,7/20/2020,10,15.992,104.195,1.17,755.048809,0.952608237
7/20/2020 10:00,2020,7,20,7/20/2020,11,15.203,101.674,1.154,786.1578885,0.991857044
7/20/2020 11:00,2020,7,20,7/20/2020,12,15.596,101.585,1.162,786.153929,0.991852049
7/20/2020 12:00,2020,7,20,7/20/2020,13,15.894,103.088,1.168,786.1499392,0.991847015
7/20/2020 13:00,2020,7,20,7/20/2020,14,16.946,102.368,1.189,786.1459192,0.991841943
7/20/2020 14:00,2020,7,20,7/20/2020,15,19.031,101.151,1.212,786.141869,0.991836833
7/20/2020 15:00,2020,7,20,7/20/2020,16,20.823,104.438,1.216,786.1377885,0.991831685
7/20/2020 16:00,2020,7,20,7/20/2020,17,23.011,100.747,1.239,786.1336778,0.991826499
7/20/2020 17:00,2020,7,20,7/20/2020,18,24.139,101.295,1.282,786.1295368,0.991821274
7/20/2020 18:00,2020,7,20,7/20/2020,19,26.438,102.603,1.369,786.1253656,0.991816012
7/20/2020 19:00,2020,7,20,7/20/2020,20,26.745,101.833,1.38,720.0247025,0.908420031
7/20/2020 20:00,2020,7,20,7/20/2020,21,26.418,99.411,1.368,653.9240092,0.825024012
7/20/2020 21:00,2020,7,20,7/20/2020,22,27.713,101.007,1.404,653.9197473,0.825018635
7/20/2020 22:00,2020,7,20,7/20/2020,23,26.497,101.213,1.371,653.9154552,0.825013219
7/20/2020 23:00,2020,7,20,7/20/2020,24,26.541,100.237,1.373,613.7811382,0.77437771
7/21/2020 0:00,2020,7,21,7/21/2020,1,26.164,99.294,1.358,573.6467911,0.723742163
7/21/2020 1:00,2020,7,21,7/21/2020,2,24.583,98.845,1.299,573.6424082,0.723736633
7/21/2020 2:00,2020,7,21,7/21/2020,3,22.614,99.852,1.224,573.6379952,0.723731066
7/21/2020 3:00,2020,7,21,7/21/2020,4,21.098,100.082,1.217,573.6335519,0.72372546
7/21/2020 4:00,2020,7,21,7/21/2020,5,20.308,100.15,1.215,573.6290785,0.723719816
7/21/2020 5:00,2020,7,21,7/21/2020,6,17.214,101.531,1.194,573.6245748,0.723714134
7/21/2020 6:00,2020,7,21,7/21/2020,7,16.499,100.579,1.18,573.6200409,0.723708414
7/21/2020 7:00,2020,7,21,7/21/2020,8,15.435,102.489,1.159,604.7284855,0.76295642
7/21/2020 8:00,2020,7,21,7/21/2020,9,14.883,103.982,1.148,679.8373387,0.857717595
7/21/2020 9:00,2020,7,21,7/21/2020,10,13.779,102.259,1.126,754.9461617,0.952478732
7/21/2020 10:00,2020,7,21,7/21/2020,11,12.855,101.764,1.107,786.0545156,0.991726624
7/21/2020 11:00,2020,7,21,7/21/2020,12,14.461,101.82,1.139,786.0498307,0.991720713
7/21/2020 12:00,2020,7,21,7/21/2020,13,15.389,103.452,1.158,786.0451156,0.991714764
7/21/2020 13:00,2020,7,21,7/21/2020,14,17.029,101.908,1.191,786.0403703,0.991708777
7/21/2020 14:00,2020,7,21,7/21/2020,15,21.097,101.884,1.217,786.0355948,0.991702752
7/21/2020 15:00,2020,7,21,7/21/2020,16,20.624,101.887,1.216,786.0307891,0.991696689
7/21/2020 16:00,2020,7,21,7/21/2020,17,23.083,99.541,1.242,786.0259532,0.991690588
7/21/2020 17:00,2020,7,21,7/21/2020,18,24.225,101.517,1.285,786.0210871,0.991684449
7/21/2020 18:00,2020,7,21,7/21/2020,19,26.025,102.624,1.353,786.0161908,0.991678271
7/21/2020 19:00,2020,7,21,7/21/2020,20,28.051,103.637,1.411,719.9148028,0.908281376
7/21/2020 20:00,2020,7,21,7/21/2020,21,27.644,101.103,1.403,653.8133845,0.824884442
7/21/2020 21:00,2020,7,21,7/21/2020,22,27.441,99.547,1.399,653.8083977,0.82487815
7/21/2020 22:00,2020,7,21,7/21/2020,23,26.775,100.315,1.381,653.8033807,0.824871821
7/21/2020 23:00,2020,7,21,7/21/2020,24,26.589,99.383,1.374,613.668339,0.774235397
7/22/2020 0:00,2020,7,22,7/22/2020,1,27.281,101.004,1.396,573.5332672,0.723598935
7/22/2020 1:00,2020,7,22,7/22/2020,2,24.498,98.137,1.295,573.5281597,0.723592492
7/22/2020 2:00,2020,7,22,7/22/2020,3,22.852,97.874,1.233,573.5230221,0.72358601
7/22/2020 3:00,2020,7,22,7/22/2020,4,19.739,99.989,1.214,573.5178543,0.72357949
7/22/2020 4:00,2020,7,22,7/22/2020,5,18.56,99.139,1.211,573.5126563,0.723572932
7/22/2020 5:00,2020,7,22,7/22/2020,6,18.688,100.899,1.212,573.5074282,0.723566336
7/22/2020 6:00,2020,7,22,7/22/2020,7,15.686,100.506,1.164,573.50217,0.723559702
7/22/2020 7:00,2020,7,22,7/22/2020,8,15.289,100.523,1.156,604.6098903,0.762806794
7/22/2020 8:00,2020,7,22,7/22/2020,9,15.753,100.453,1.165,679.7180193,0.857567055
7/22/2020 9:00,2020,7,22,7/22/2020,10,14.637,101.915,1.143,754.8261181,0.952327279
7/22/2020 10:00,2020,7,22,7/22/2020,11,14.555,97.126,1.141,785.933748,0.991574257
7/22/2020 11:00,2020,7,22,7/22/2020,12,15.683,99.297,1.164,785.928339,0.991567433
7/22/2020 12:00,2020,7,22,7/22/2020,13,16.749,99.932,1.185,785.9228999,0.991560571
7/22/2020 13:00,2020,7,22,7/22/2020,14,17.826,99.79,1.207,785.9174307,0.99155367
7/22/2020 14:00,2020,7,22,7/22/2020,15,19.669,100.295,1.214,785.9119313,0.991546732
7/22/2020 15:00,2020,7,22,7/22/2020,16,21.898,99.47,1.219,785.9064018,0.991539756
7/22/2020 16:00,2020,7,22,7/22/2020,17,21.961,99.071,1.219,785.9008422,0.991532742
7/22/2020 17:00,2020,7,22,7/22/2020,18,24.627,98.923,1.3,785.8952524,0.991525689
7/22/2020 18:00,2020,7,22,7/22/2020,19,26.11,99.274,1.356,785.8896326,0.991518599
7/22/2020 19:00,2020,7,22,7/22/2020,20,26.359,99.083,1.366,719.787521,0.90812079
7/22/2020 20:00,2020,7,22,7/22/2020,21,26.833,101.044,1.384,653.6853792,0.824722944
7/22/2020 21:00,2020,7,22,7/22/2020,22,27.216,99.713,1.394,653.679669,0.82471574
7/22/2020 22:00,2020,7,22,7/22/2020,23,27,100.534,1.39,653.6739288,0.824708497
7/22/2020 23:00,2020,7,22,7/22/2020,24,26.957,100.325,1.388,613.5381638,0.774071161
7/23/2020 0:00,2020,7,23,7/23/2020,1,26.087,100.743,1.356,573.4023687,0.723433787
7/23/2020 1:00,2020,7,23,7/23/2020,2,24.575,100.777,1.298,573.3965381,0.723426431
7/23/2020 2:00,2020,7,23,7/23/2020,3,23.895,98.392,1.273,573.3906774,0.723419037
7/23/2020 3:00,2020,7,23,7/23/2020,4,21.375,101.465,1.218,573.3847866,0.723411605
7/23/2020 4:00,2020,7,23,7/23/2020,5,20.424,100.762,1.215,573.3788657,0.723404135
7/23/2020 5:00,2020,7,23,7/23/2020,6,17.141,99.352,1.193,573.3729148,0.723396627
7/23/2020 6:00,2020,7,23,7/23/2020,7,16.317,99.192,1.176,573.3669337,0.723389081
7/23/2020 7:00,2020,7,23,7/23/2020,8,15.633,99.984,1.163,604.4739313,0.762635262
7/23/2020 8:00,2020,7,23,7/23/2020,9,15.858,100.707,1.167,679.5813376,0.857394611
7/23/2020 9:00,2020,7,23,7/23/2020,10,14.886,100.674,1.148,754.6887139,0.952153922
7/23/2020 10:00,2020,7,23,7/23/2020,11,12.843,100.338,1.107,785.7956212,0.991399989
7/23/2020 11:00,2020,7,23,7/23/2020,12,15.579,100.626,1.162,785.7894898,0.991392254
7/23/2020 12:00,2020,7,23,7/23/2020,13,15.824,99.657,1.166,785.7833284,0.99138448
7/23/2020 13:00,2020,7,23,7/23/2020,14,15.56,101.583,1.161,785.7771368,0.991376669
7/23/2020 14:00,2020,7,23,7/23/2020,15,19.021,100.293,1.212,785.7709152,0.991368819
7/23/2020 15:00,2020,7,23,7/23/2020,16,20.543,99.086,1.216,785.7646636,0.991360932
7/23/2020 16:00,2020,7,23,7/23/2020,17,22.416,98.472,1.22,785.7583819,0.991353006
7/23/2020 17:00,2020,7,23,7/23/2020,18,24.899,100.172,1.311,785.7520701,0.991345043
7/23/2020 18:00,2020,7,23,7/23/2020,19,26.72,98.915,1.379,785.7457284,0.991337042
7/23/2020 19:00,2020,7,23,7/23/2020,20,26.271,101.322,1.362,719.6428949,0.907938323
7/23/2020 20:00,2020,7,23,7/23/2020,21,27.236,99.47,1.395,653.5400314,0.824539566
7/23/2020 21:00,2020,7,23,7/23/2020,22,27.506,100.489,1.4,653.5335995,0.824531451
7/23/2020 22:00,2020,7,23,7/23/2020,23,27.818,98.889,1.406,653.5271375,0.824523298
7/23/2020 23:00,2020,7,23,7/23/2020,24,26.944,98.858,1.388,613.390651,0.773885052
7/24/2020 0:00,2020,7,24,7/24/2020,1,25.131,101.038,1.319,573.2541344,0.723246767
7/24/2020 1:00,2020,7,24,7/24/2020,2,24.703,100.515,1.303,573.2475824,0.723238501
7/24/2020 2:00,2020,7,24,7/24/2020,3,23.628,99.783,1.263,573.2410004,0.723230197
7/24/2020 3:00,2020,7,24,7/24/2020,4,20.074,101.677,1.215,573.2343884,0.723221855
7/24/2020 4:00,2020,7,24,7/24/2020,5,19.605,99.338,1.214,573.2277463,0.723213475
7/24/2020 5:00,2020,7,24,7/24/2020,6,16.776,100.029,1.186,573.2210743,0.723205057
7/24/2020 6:00,2020,7,24,7/24/2020,7,16.988,100.917,1.19,573.2143722,0.723196601
7/24/2020 7:00,2020,7,24,7/24/2020,8,16.461,100.455,1.179,604.3206488,0.762441872
7/24/2020 8:00,2020,7,24,7/24/2020,9,15.624,99.998,1.162,679.4273343,0.857200312
7/24/2020 9:00,2020,7,24,7/24/2020,10,13.884,102.761,1.128,754.5339898,0.951958715
7/24/2020 10:00,2020,7,24,7/24/2020,11,14.883,102.63,1.148,785.6401764,0.991203872
7/24/2020 11:00,2020,7,24,7/24/2020,12,14.313,102.894,1.136,785.6333244,0.991195227
7/24/2020 12:00,2020,7,24,7/24/2020,13,17.526,100.273,1.201,785.6264423,0.991186545
7/24/2020 13:00,2020,7,24,7/24/2020,14,19.058,101.996,1.212,785.6195303,0.991177824
7/24/2020 14:00,2020,7,24,7/24/2020,15,18.645,101.846,1.211,785.6125884,0.991169066
7/24/2020 15:00,2020,7,24,7/24/2020,16,21.026,100.888,1.217,785.6056164,0.99116027
7/24/2020 16:00,2020,7,24,7/24/2020,17,22.715,102.273,1.228,785.5986145,0.991151436
7/24/2020 17:00,2020,7,24,7/24/2020,18,25.148,102.762,1.32,785.5915826,0.991142564
7/24/2020 18:00,2020,7,24,7/24/2020,19,24.722,101.042,1.304,785.5845208,0.991133654
7/24/2020 19:00,2020,7,24,7/24/2020,20,27.865,101.463,1.407,719.4809673,0.907734027
7/24/2020 20:00,2020,7,24,7/24/2020,21,27.645,100.498,1.403,653.3773839,0.824334361
7/24/2020 21:00,2020,7,24,7/24/2020,22,28.732,100.668,1.425,653.3702322,0.824325338
7/24/2020 22:00,2020,7,24,7/24/2020,23,26.566,100.22,1.374,653.3630506,0.824316278
7/24/2020 23:00,2020,7,24,7/24/2020,24,26.463,100.552,1.37,613.2258444,0.773677123
7/25/2020 0:00,2020,7,25,7/25/2020,1,25.355,100.756,1.328,573.0886083,0.723037931
7/25/2020 1:00,2020,7,25,7/25/2020,2,23.526,102.675,1.259,573.0813368,0.723028757
7/25/2020 2:00,2020,7,25,7/25/2020,3,22.843,101.124,1.233,573.0740354,0.723019545
7/25/2020 3:00,2020,7,25,7/25/2020,4,21.875,98.906,1.219,573.0667041,0.723010296
7/25/2020 4:00,2020,7,25,7/25/2020,5,19.232,100.648,1.213,573.0593428,0.723001008
7/25/2020 5:00,2020,7,25,7/25/2020,6,16.546,101.526,1.181,573.0519516,0.722991683
7/25/2020 6:00,2020,7,25,7/25/2020,7,16.996,100.541,1.19,573.0445306,0.72298232
7/25/2020 7:00,2020,7,25,7/25/2020,8,16.659,101.242,1.183,604.1500882,0.762226685
7/25/2020 8:00,2020,7,25,7/25/2020,9,14.926,102.091,1.149,679.2560548,0.856984218
7/25/2020 9:00,2020,7,25,7/25/2020,10,14.606,103.78,1.142,754.3619915,0.951741713
7/25/2020 10:00,2020,7,25,7/25/2020,11,14.542,102.203,1.141,785.4674595,0.990985964
7/25/2020 11:00,2020,7,25,7/25/2020,12,12.89,102.136,1.108,785.4598889,0.990976412
7/25/2020 12:00,2020,7,25,7/25/2020,13,16.541,99.978,1.181,785.4522883,0.990966823
7/25/2020 13:00,2020,7,25,7/25/2020,14,16.979,99.756,1.19,785.4446579,0.990957196
7/25/2020 14:00,2020,7,25,7/25/2020,15,19.382,102.002,1.213,785.4369976,0.990947532
7/25/2020 15:00,2020,7,25,7/25/2020,16,20.038,99.837,1.215,785.4293075,0.990937829
7/25/2020 16:00,2020,7,25,7/25/2020,17,22.881,102.118,1.234,785.4215874,0.990928089
7/25/2020 17:00,2020,7,25,7/25/2020,18,23.744,103.046,1.267,785.4138375,0.990918311
7/25/2020 18:00,2020,7,25,7/25/2020,19,26.798,101.884,1.382,785.4060577,0.990908496
7/25/2020 19:00,2020,7,25,7/25/2020,20,27.258,101.508,1.395,719.3017863,0.907507963
7/25/2020 20:00,2020,7,25,7/25/2020,21,27.15,100.133,1.393,653.1974852,0.824107392
7/25/2020 21:00,2020,7,25,7/25/2020,22,26.484,100.899,1.37,653.1896158,0.824097463
7/25/2020 22:00,2020,7,25,7/25/2020,23,27.478,99.932,1.4,653.1817165,0.824087497
7/25/2020 23:00,2020,7,25,7/25/2020,24,27.777,98.691,1.406,613.0437929,0.773447438
7/26/2020 0:00,2020,7,26,7/26/2020,1,26.45,101.303,1.369,572.9058393,0.72280734
7/26/2020 1:00,2020,7,26,7/26/2020,2,22.961,99.797,1.237,572.8978506,0.722797261
7/26/2020 2:00,2020,7,26,7/26/2020,3,22.181,98.629,1.219,572.8898319,0.722787145
7/26/2020 3:00,2020,7,26,7/26/2020,4,20.998,100.461,1.217,572.8817835,0.72277699
7/26/2020 4:00,2020,7,26,7/26/2020,5,19.636,100.747,1.214,572.8737052,0.722766798
7/26/2020 5:00,2020,7,26,7/26/2020,6,18.015,99.4,1.21,572.8655971,0.722756569
7/26/2020 6:00,2020,7,26,7/26/2020,7,17.596,98.967,1.202,572.8574592,0.722746301
7/26/2020 7:00,2020,7,26,7/26/2020,8,15.764,100.338,1.165,603.9623001,0.761989761
7/26/2020 8:00,2020,7,26,7/26/2020,9,14.656,101.86,1.143,679.0675501,0.85674639
7/26/2020 9:00,2020,7,26,7/26/2020,10,13.747,100.397,1.125,754.1727702,0.951502981
7/26/2020 10:00,2020,7,26,7/26/2020,11,14.61,103.202,1.142,785.2775217,0.990746329
7/26/2020 11:00,2020,7,26,7/26/2020,12,15.756,101.905,1.165,785.2692347,0.990735873
7/26/2020 12:00,2020,7,26,7/26/2020,13,16.625,101.051,1.183,785.260918,0.99072538
7/26/2020 13:00,2020,7,26,7/26/2020,14,15.882,102.229,1.168,785.2525714,0.99071485
7/26/2020 14:00,2020,7,26,7/26/2020,15,18.785,101.606,1.212,785.244195,0.990704282
7/26/2020 15:00,2020,7,26,7/26/2020,16,19.401,101.329,1.213,785.2357889,0.990693676
7/26/2020 16:00,2020,7,26,7/26/2020,17,22.783,101.513,1.231,785.227353,0.990683033
7/26/2020 17:00,2020,7,26,7/26/2020,18,24.84,102.525,1.308,785.2188873,0.990672352
7/26/2020 18:00,2020,7,26,7/26/2020,19,23.471,101.13,1.257,785.2103918,0.990661634
7/26/2020 19:00,2020,7,26,7/26/2020,20,27.491,102.825,1.4,719.105405,0.907260198
7/26/2020 20:00,2020,7,26,7/26/2020,21,29.246,100.818,1.435,653.0003883,0.823858724
7/26/2020 21:00,2020,7,26,7/26/2020,22,28.019,99.253,1.41,652.9918036,0.823847893
7/26/2020 22:00,2020,7,26,7/26/2020,23,27.928,99.257,1.409,652.9831891,0.823837025
7/26/2020 23:00,2020,7,26,7/26/2020,24,26.903,100.115,1.386,612.8445503,0.773196063
7/27/2020 0:00,2020,7,27,7/27/2020,1,25.572,99.681,1.336,572.7058817,0.722555064
7/27/2020 1:00,2020,7,27,7/27/2020,2,24.612,101.183,1.3,572.697178,0.722544083
7/27/2020 2:00,2020,7,27,7/27/2020,3,22.852,99.873,1.233,572.6884445,0.722533064
7/27/2020 3:00,2020,7,27,7/27/2020,4,20.282,98.352,1.215,572.6796813,0.722522008
7/27/2020 4:00,2020,7,27,7/27/2020,5,20.152,98.022,1.215,572.6708884,0.722510914
7/27/2020 5:00,2020,7,27,7/27/2020,6,16.885,98.682,1.188,572.6620658,0.722499783
7/27/2020 6:00,2020,7,27,7/27/2020,7,15.862,98.759,1.167,572.6532134,0.722488615
7/27/2020 7:00,2020,7,27,7/27/2020,8,16.506,100.876,1.18,603.75734,0.761731173
7/27/2020 8:00,2020,7,27,7/27/2020,9,15.096,100.987,1.152,678.8618758,0.856486901
7/27/2020 9:00,2020,7,27,7/27/2020,10,13.007,103.188,1.11,753.9663818,0.951242591
7/27/2020 10:00,2020,7,27,7/27/2020,11,14.877,102.188,1.148,785.0704193,0.990485038
7/27/2020 11:00,2020,7,27,7/27/2020,12,16.064,101.394,1.171,785.0614185,0.990473682
7/27/2020 12:00,2020,7,27,7/27/2020,13,16.667,100.378,1.183,785.0523879,0.990462288
7/27/2020 13:00,2020,7,27,7/27/2020,14,18.953,102.014,1.212,785.0433277,0.990450857
7/27/2020 14:00,2020,7,27,7/27/2020,15,19.502,101.898,1.213,785.0342377,0.990439389
7/27/2020 15:00,2020,7,27,7/27/2020,16,20.583,100.391,1.216,785.0251181,0.990427883
7/27/2020 16:00,2020,7,27,7/27/2020,17,23.646,101.298,1.263,785.0159689,0.99041634
7/27/2020 17:00,2020,7,27,7/27/2020,18,24.632,100.943,1.301,785.0067899,0.990404759
7/27/2020 18:00,2020,7,27,7/27/2020,19,26.057,102.468,1.354,784.9975813,0.990393141
7/27/2020 19:00,2020,7,27,7/27/2020,20,26.377,101.593,1.366,718.8918814,0.906990806
7/27/2020 20:00,2020,7,27,7/27/2020,21,28.679,99.864,1.424,652.7861519,0.823588433
7/27/2020 21:00,2020,7,27,7/27/2020,22,29.206,99.687,1.434,652.7768543,0.823576702
7/27/2020 22:00,2020,7,27,7/27/2020,23,25.944,99.925,1.35,652.7675271,0.823564935
7/27/2020 23:00,2020,7,27,7/27/2020,24,26.331,100.098,1.365,612.6281757,0.772923074
7/28/2020 0:00,2020,7,28,7/28/2020,1,24.911,99.095,1.311,572.4887947,0.722281175
7/28/2020 1:00,2020,7,28,7/28/2020,2,23.701,101.027,1.265,572.4793786,0.722269296
7/28/2020 2:00,2020,7,28,7/28/2020,3,22.673,100.109,1.227,572.4699329,0.722257378
7/28/2020 3:00,2020,7,28,7/28/2020,4,20.67,102.666,1.216,572.4604575,0.722245424
7/28/2020 4:00,2020,7,28,7/28/2020,5,20.641,99.34,1.216,572.4509526,0.722233432
7/28/2020 5:00,2020,7,28,7/28/2020,6,17.722,100.988,1.204,572.441418,0.722221403
7/28/2020 6:00,2020,7,28,7/28/2020,7,15.39,98.738,1.158,572.4318539,0.722209336
7/28/2020 7:00,2020,7,28,7/28/2020,8,15.128,99.457,1.153,603.5352688,0.761450997
7/28/2020 8:00,2020,7,28,7/28/2020,9,14.335,100.501,1.137,678.639093,0.856205827
7/28/2020 9:00,2020,7,28,7/28/2020,10,13.968,101.622,1.129,753.7428876,0.95096062
7/28/2020 10:00,2020,7,28,7/28/2020,11,15.234,102.091,1.155,784.8462137,0.990202168
7/28/2020 11:00,2020,7,28,7/28/2020,12,16.485,101.78,1.18,784.8365016,0.990189915
7/28/2020 12:00,2020,7,28,7/28/2020,13,15.343,100.013,1.157,784.82676,0.990177624
7/28/2020 13:00,2020,7,28,7/28/2020,14,17.868,102.716,1.207,784.8169887,0.990165297
7/28/2020 14:00,2020,7,28,7/28/2020,15,20.755,102.905,1.216,784.8071879,0.990152931
7/28/2020 15:00,2020,7,28,7/28/2020,16,21.701,99.628,1.218,784.7973576,0.990140529
7/28/2020 16:00,2020,7,28,7/28/2020,17,23.018,102.885,1.24,784.7874976,0.990128089
7/28/2020 17:00,2020,7,28,7/28/2020,18,25.226,100.98,1.323,784.7776082,0.990115612
7/28/2020 18:00,2020,7,28,7/28/2020,19,25.904,103.341,1.349,784.7676892,0.990103098
7/28/2020 19:00,2020,7,28,7/28/2020,20,26.388,102.068,1.367,718.661279,0.906699866
7/28/2020 20:00,2020,7,28,7/28/2020,21,26.604,99.897,1.375,652.5548393,0.823296597
7/28/2020 21:00,2020,7,28,7/28/2020,22,27.739,98.602,1.405,652.5448316,0.823283971
7/28/2020 22:00,2020,7,28,7/28/2020,23,25.906,101.161,1.349,652.5347945,0.823271307
7/28/2020 23:00,2020,7,28,7/28/2020,24,27.204,98.258,1.394,612.3947333,0.772628551
7/29/2020 0:00,2020,7,29,7/29/2020,1,24.02,99.292,1.277,572.2546426,0.721985757
7/29/2020 1:00,2020,7,29,7/29/2020,2,23.829,99.487,1.27,572.2445169,0.721972982
7/29/2020 2:00,2020,7,29,7/29/2020,3,23.023,100.424,1.24,572.2343617,0.72196017
7/29/2020 3:00,2020,7,29,7/29/2020,4,20.916,100.023,1.216,572.2241771,0.72194732
7/29/2020 4:00,2020,7,29,7/29/2020,5,19.126,98.192,1.213,572.2139629,0.721934434
7/29/2020 5:00,2020,7,29,7/29/2020,6,18.684,100.009,1.212,572.2037193,0.72192151
7/29/2020 6:00,2020,7,29,7/29/2020,7,17.168,100.506,1.193,572.1934461,0.721908549
7/29/2020 7:00,2020,7,29,7/29/2020,8,14.627,101.624,1.143,603.2961522,0.761149315
7/29/2020 8:00,2020,7,29,7/29/2020,9,14.955,98.607,1.149,678.3992677,0.855903251
7/29/2020 9:00,2020,7,29,7/29/2020,10,13.569,101.083,1.121,753.5023537,0.95065715
7/29/2020 10:00,2020,7,29,7/29/2020,11,13.894,100.373,1.128,784.6049714,0.989897805
7/29/2020 11:00,2020,7,29,7/29/2020,12,14.873,100.545,1.147,784.5945509,0.989884658
7/29/2020 12:00,2020,7,29,7/29/2020,13,16.154,99.982,1.173,784.584101,0.989871473
7/29/2020 13:00,2020,7,29,7/29/2020,14,18.244,100.31,1.211,784.5736217,0.989858252
7/29/2020 14:00,2020,7,29,7/29/2020,15,19.68,101.645,1.214,784.5631129,0.989844994
7/29/2020 15:00,2020,7,29,7/29/2020,16,20.107,99.369,1.215,784.5525747,0.989831698
7/29/2020 16:00,2020,7,29,7/29/2020,17,23.443,101.675,1.256,784.542007,0.989818366
7/29/2020 17:00,2020,7,29,7/29/2020,18,25.976,100.693,1.351,784.53141,0.989804996
7/29/2020 18:00,2020,7,29,7/29/2020,19,26.211,101.183,1.36,784.5207835,0.989791589
7/29/2020 19:00,2020,7,29,7/29/2020,20,28.522,98.303,1.42,718.413666,0.906387465
7/29/2020 20:00,2020,7,29,7/29/2020,21,26.874,100.354,1.385,652.306519,0.822983303
7/29/2020 21:00,2020,7,29,7/29/2020,22,27.499,99.405,1.4,652.2958043,0.822969785
7/29/2020 22:00,2020,7,29,7/29/2020,23,26.847,100.266,1.384,652.2850602,0.82295623
7/29/2020 23:00,2020,7,29,7/29/2020,24,25.905,99.592,1.349,612.1442922,0.772312582
7/30/2020 0:00,2020,7,30,7/30/2020,1,27.118,101.786,1.392,572.0034947,0.721668896
7/30/2020 1:00,2020,7,30,7/30/2020,2,23.072,99.483,1.242,571.9926625,0.72165523
7/30/2020 2:00,2020,7,30,7/30/2020,3,22.715,98.74,1.228,571.9818009,0.721641526
7/30/2020 3:00,2020,7,30,7/30/2020,4,20.974,99.544,1.217,571.9709099,0.721627786
7/30/2020 4:00,2020,7,30,7/30/2020,5,19.078,100.164,1.212,571.9599896,0.721614008
7/30/2020 5:00,2020,7,30,7/30/2020,6,17.633,99.637,1.203,571.9490399,0.721600193
7/30/2020 6:00,2020,7,30,7/30/2020,7,16.281,101.119,1.176,571.9380608,0.721586341
7/30/2020 7:00,2020,7,30,7/30/2020,8,14.866,99.243,1.147,603.0400611,0.760826217
7/30/2020 8:00,2020,7,30,7/30/2020,9,13.946,100.539,1.129,678.1424709,0.855579263
7/30/2020 9:00,2020,7,30,7/30/2020,10,13.783,98.492,1.126,753.2448514,0.950332272
7/30/2020 10:00,2020,7,30,7/30/2020,11,13.428,99.686,1.119,784.3467637,0.989572037
7/30/2020 11:00,2020,7,30,7/30/2020,12,14.656,99.753,1.143,784.335638,0.989558
7/30/2020 12:00,2020,7,30,7/30/2020,13,17.404,100.063,1.198,784.3244829,0.989543926
7/30/2020 13:00,2020,7,30,7/30/2020,14,17.771,99.632,1.205,784.3132986,0.989529815
7/30/2020 14:00,2020,7,30,7/30/2020,15,18.815,101.335,1.212,784.302085,0.989515668
7/30/2020 15:00,2020,7,30,7/30/2020,16,20.633,98.918,1.216,784.290842,0.989501483
7/30/2020 16:00,2020,7,30,7/30/2020,17,23.265,98.476,1.249,784.2795698,0.989487261
7/30/2020 17:00,2020,7,30,7/30/2020,18,23.26,100.857,1.249,784.2682683,0.989473003
7/30/2020 18:00,2020,7,30,7/30/2020,19,25.88,98.785,1.348,784.2569375,0.989458707
7/30/2020 19:00,2020,7,30,7/30/2020,20,26.324,100.587,1.364,718.1491157,0.906053695
7/30/2020 20:00,2020,7,30,7/30/2020,21,27.908,98.271,1.408,652.0412647,0.822648645
7/30/2020 21:00,2020,7,30,7/30/2020,22,27.971,99.901,1.409,652.0298461,0.822634239
7/30/2020 22:00,2020,7,30,7/30/2020,23,28.815,100.546,1.426,652.0183983,0.822619795
7/30/2020 23:00,2020,7,30,7/30/2020,24,27.511,100.745,1.4,611.8769266,0.771975259
7/31/2020 0:00,2020,7,31,7/31/2020,1,25.289,99.656,1.325,571.7354256,0.721330687
7/31/2020 1:00,2020,7,31,7/31/2020,2,25.266,102.098,1.324,571.72389,0.721316133
7/31/2020 2:00,2020,7,31,7/31/2020,3,22.495,100.776,1.22,571.7123252,0.721301542
7/31/2020 3:00,2020,7,31,7/31/2020,4,22.9,100.95,1.235,571.7007311,0.721286914
7/31/2020 4:00,2020,7,31,7/31/2020,5,19.247,99.682,1.213,571.6891078,0.72127225
7/31/2020 5:00,2020,7,31,7/31/2020,6,15.166,99.596,1.153,571.6774553,0.721257548
7/31/2020 6:00,2020,7,31,7/31/2020,7,17.117,99.922,1.192,571.6657736,0.72124281
7/31/2020 7:00,2020,7,31,7/31/2020,8,16.063,102.319,1.171,602.7670714,0.7604818
7/31/2020 8:00,2020,7,31,7/31/2020,9,15.788,103.45,1.166,677.8687788,0.855233959
7/31/2020 9:00,2020,7,31,7/31/2020,10,14.837,100.398,1.147,752.970457,0.949986082
7/31/2020 10:00,2020,7,31,7/31/2020,11,14.409,99.585,1.138,784.0716672,0.989224961
7/31/2020 11:00,2020,7,31,7/31/2020,12,15.19,101.025,1.154,784.0598395,0.989210038
7/31/2020 12:00,2020,7,31,7/31/2020,13,17.584,101.951,1.202,784.0479827,0.989195079
7/31/2020 13:00,2020,7,31,7/31/2020,14,16.396,100.666,1.178,784.0360966,0.989180083
7/31/2020 14:00,2020,7,31,7/31/2020,15,19.373,102.522,1.213,784.0241815,0.98916505
7/31/2020 15:00,2020,7,31,7/31/2020,16,21.687,101.681,1.218,784.0122371,0.989149981
7/31/2020 16:00,2020,7,31,7/31/2020,17,23.132,102.256,1.244,784.0002636,0.989134874
7/31/2020 17:00,2020,7,31,7/31/2020,18,23.946,104.532,1.275,783.988261,0.989119731
7/31/2020 18:00,2020,7,31,7/31/2020,19,26.836,101.292,1.384,783.9762292,0.989104551
7/31/2020 19:00,2020,7,31,7/31/2020,20,25.423,102.344,1.33,717.8677067,0.905698654
7/31/2020 20:00,2020,7,31,7/31/2020,21,27.432,102.13,1.399,651.759155,0.822292721
7/31/2020 21:00,2020,7,31,7/31/2020,22,27.619,98.806,1.402,651.7470359,0.822277431
7/31/2020 22:00,2020,7,31,7/31/2020,23,27.534,100.843,1.401,651.7348876,0.822262104
7/31/2020 23:00,2020,7,31,7/31/2020,24,27.65,99.213,1.403,611.5927157,0.771616684
8/1/2020 0:00,2020,8,1,8/1/2020,1,24.602,98.721,1.299,576.3082963,0.727100054
8/1/2020 1:00,2020,8,1,8/1/2020,2,24.55,100.754,1.297,576.2960607,0.727084617
8/1/2020 2:00,2020,8,1,8/1/2020,3,23.339,100.718,1.252,576.2837961,0.727069144
8/1/2020 3:00,2020,8,1,8/1/2020,4,20.96,99.562,1.217,576.2715024,0.727053633
8/1/2020 4:00,2020,8,1,8/1/2020,5,20.102,100.459,1.215,576.2591796,0.727038086
8/1/2020 5:00,2020,8,1,8/1/2020,6,16.74,102.03,1.185,576.2468277,0.727022502
8/1/2020 6:00,2020,8,1,8/1/2020,7,16.133,99.44,1.173,576.2344468,0.727006882
8/1/2020 7:00,2020,8,1,8/1/2020,8,17.149,101.051,1.193,607.9171047,0.766979345
8/1/2020 8:00,2020,8,1,8/1/2020,9,13.65,100.164,1.123,684.4233283,0.863503514
8/1/2020 9:00,2020,8,1,8/1/2020,10,15.774,101.411,1.165,760.9295229,0.960027647
8/1/2020 10:00,2020,8,1,8/1/2020,11,14.131,100.444,1.133,792.6120936,1
8/1/2020 11:00,2020,8,1,8/1/2020,12,14.536,101.524,1.141,792.5995675,0.999984196
8/1/2020 12:00,2020,8,1,8/1/2020,13,16.055,101.68,1.171,792.5870123,0.999968356
8/1/2020 13:00,2020,8,1,8/1/2020,14,16.544,102.442,1.181,792.5744281,0.999952479
8/1/2020 14:00,2020,8,1,8/1/2020,15,18.412,101.859,1.211,792.5618149,0.999936566
8/1/2020 15:00,2020,8,1,8/1/2020,16,20.553,101.596,1.216,792.5491728,0.999920616
8/1/2020 16:00,2020,8,1,8/1/2020,17,23.851,102.386,1.271,792.5365016,0.999904629
8/1/2020 17:00,2020,8,1,8/1/2020,18,24.17,102.742,1.283,792.5238014,0.999888606
8/1/2020 18:00,2020,8,1,8/1/2020,19,27.839,101.47,1.407,792.5110722,0.999872546
8/1/2020 19:00,2020,8,1,8/1/2020,20,27.712,101.951,1.404,725.1653262,0.914905705
8/1/2020 20:00,2020,8,1,8/1/2020,21,26.133,102.133,1.357,657.8195512,0.829938827
8/1/2020 21:00,2020,8,1,8/1/2020,22,27.093,98.608,1.392,657.8067351,0.829922658
8/1/2020 22:00,2020,8,1,8/1/2020,23,27.571,100.517,1.401,657.7938901,0.829906452
8/1/2020 23:00,2020,8,1,8/1/2020,24,26.686,98.453,1.378,616.9002735,0.778312971
8/2/2020 0:00,2020,8,2,8/2/2020,1,25.717,99.106,1.342,576.0066279,0.726719454
8/2/2020 1:00,2020,8,2,8/2/2020,2,23.983,100.437,1.276,575.993696,0.726703138
8/2/2020 2:00,2020,8,2,8/2/2020,3,23.913,101.701,1.273,575.9807352,0.726686786
8/2/2020 3:00,2020,8,2,8/2/2020,4,20.496,101.167,1.216,575.9677455,0.726670398
8/2/2020 4:00,2020,8,2,8/2/2020,5,18.578,99.486,1.211,575.9547269,0.726653973
8/2/2020 5:00,2020,8,2,8/2/2020,6,18.531,100.324,1.211,575.9416793,0.726637512
8/2/2020 6:00,2020,8,2,8/2/2020,7,16.664,101.383,1.183,575.9286028,0.726621014
8/2/2020 7:00,2020,8,2,8/2/2020,8,14.758,101.017,1.145,607.6105653,0.7665926
8/2/2020 8:00,2020,8,2,8/2/2020,9,15.123,100.721,1.152,684.1160937,0.863115891
8/2/2020 9:00,2020,8,2,8/2/2020,10,14.68,102.052,1.144,760.6215932,0.959639147
8/2/2020 10:00,2020,8,2,8/2/2020,11,14.743,101.058,1.145,792.3034691,0.999610623
8/2/2020 11:00,2020,8,2,8/2/2020,12,15.364,102.21,1.157,792.2902482,0.999593943
8/2/2020 12:00,2020,8,2,8/2/2020,13,17.907,103.914,1.208,792.2769984,0.999577227
8/2/2020 13:00,2020,8,2,8/2/2020,14,18.975,103.368,1.212,792.2637198,0.999560474
8/2/2020 14:00,2020,8,2,8/2/2020,15,20.009,102.493,1.214,792.2504124,0.999543684
8/2/2020 15:00,2020,8,2,8/2/2020,16,22.197,102.088,1.219,792.2370761,0.999526859
8/2/2020 16:00,2020,8,2,8/2/2020,17,22.324,100.728,1.22,792.2237109,0.999509997
8/2/2020 17:00,2020,8,2,8/2/2020,18,23.728,102.377,1.266,792.210317,0.999493098
8/2/2020 18:00,2020,8,2,8/2/2020,19,26.785,101.1,1.382,792.1968942,0.999476163
8/2/2020 19:00,2020,8,2,8/2/2020,20,24.675,102.567,1.302,724.8504547,0.914508447
8/2/2020 20:00,2020,8,2,8/2/2020,21,26.995,100.326,1.39,657.5039864,0.829540694
8/2/2020 21:00,2020,8,2,8/2/2020,22,27.324,100.827,1.396,657.4904772,0.82952365
8/2/2020 22:00,2020,8,2,8/2/2020,23,27.403,100.229,1.398,657.4769392,0.82950657
8/2/2020 23:00,2020,8,2,8/2/2020,24,26.305,100.865,1.364,616.5826297,0.777912215
8/3/2020 0:00,2020,8,3,8/3/2020,1,27.281,99.586,1.396,575.6882915,0.726317825
8/3/2020 1:00,2020,8,3,8/3/2020,2,24.073,101.252,1.279,575.6746671,0.726300635
8/3/2020 2:00,2020,8,3,8/3/2020,3,24.112,100.259,1.281,575.661014,0.72628341
8/3/2020 3:00,2020,8,3,8/3/2020,4,18.974,99.125,1.212,575.6473321,0.726266148
8/3/2020 4:00,2020,8,3,8/3/2020,5,19.822,97.814,1.214,575.6336215,0.72624885
8/3/2020 5:00,2020,8,3,8/3/2020,6,17.004,99.702,1.19,575.6198821,0.726231516
8/3/2020 6:00,2020,8,3,8/3/2020,7,15.914,101.366,1.168,575.606114,0.726214145
8/3/2020 7:00,2020,8,3,8/3/2020,8,14.755,100.816,1.145,607.287385,0.766184859
8/3/2020 8:00,2020,8,3,8/3/2020,9,13.078,98.759,1.112,683.792222,0.862707278
8/3/2020 9:00,2020,8,3,8/3/2020,10,15.665,102.588,1.163,760.2970304,0.959229662
8/3/2020 10:00,2020,8,3,8/3/2020,11,16.113,103.018,1.172,791.9782152,0.999200267
8/3/2020 11:00,2020,8,3,8/3/2020,12,14.126,103.2,1.133,791.9643035,0.999182715
8/3/2020 12:00,2020,8,3,8/3/2020,13,17.709,101.273,1.204,791.9503631,0.999165127
8/3/2020 13:00,2020,8,3,8/3/2020,14,18.698,101.531,1.212,791.936394,0.999147503
8/3/2020 14:00,2020,8,3,8/3/2020,15,19.761,103.552,1.214,791.9223962,0.999129842
8/3/2020 15:00,2020,8,3,8/3/2020,16,20.241,101.893,1.215,791.9083697,0.999112146
8/3/2020 16:00,2020,8,3,8/3/2020,17,22.901,101.496,1.235,791.8943146,0.999094413
8/3/2020 17:00,2020,8,3,8/3/2020,18,25.903,100.614,1.349,791.8802308,0.999076644
8/3/2020 18:00,2020,8,3,8/3/2020,19,26.016,102.553,1.353,791.8661184,0.999058839
8/3/2020 19:00,2020,8,3,8/3/2020,20,26.508,101.564,1.371,724.5189894,0.914090253
8/3/2020 20:00,2020,8,3,8/3/2020,21,27.386,99.528,1.398,657.1718318,0.829121631
8/3/2020 21:00,2020,8,3,8/3/2020,22,27.794,99.208,1.406,657.1576335,0.829103718
8/3/2020 22:00,2020,8,3,8/3/2020,23,27.057,99.382,1.391,657.1434065,0.829085768
8/3/2020 23:00,2020,8,3,8/3/2020,24,26.381,99.457,1.367,616.2484083,0.777490545
8/4/2020 0:00,2020,8,4,8/4/2020,1,25.973,99.903,1.351,575.3533814,0.725895285
8/4/2020 1:00,2020,8,4,8/4/2020,2,26.527,101.068,1.372,575.3390686,0.725877227
8/4/2020 2:00,2020,8,4,8/4/2020,3,22.915,100.378,1.236,575.3247272,0.725859133
8/4/2020 3:00,2020,8,4,8/4/2020,4,20.366,100.399,1.215,575.3103572,0.725841003
8/4/2020 4:00,2020,8,4,8/4/2020,5,19.2,100.297,1.213,575.2959586,0.725822837
8/4/2020 5:00,2020,8,4,8/4/2020,6,19.304,99.437,1.213,575.2815315,0.725804635
8/4/2020 6:00,2020,8,4,8/4/2020,7,15.752,100.166,1.165,575.2670758,0.725786397
8/4/2020 7:00,2020,8,4,8/4/2020,8,15.387,101.577,1.158,606.9476593,0.765756243
8/4/2020 8:00,2020,8,4,8/4/2020,9,14.648,102.471,1.143,683.4518092,0.862277796
8/4/2020 9:00,2020,8,4,8/4/2020,10,14.779,101.093,1.146,759.9559305,0.958799313
8/4/2020 10:00,2020,8,4,8/4/2020,11,14.128,101.758,1.133,791.6364284,0.998769051
8/4/2020 11:00,2020,8,4,8/4/2020,12,14.664,99.629,1.143,791.62183,0.998750633
8/4/2020 12:00,2020,8,4,8/4/2020,13,16.449,102.266,1.179,791.6072031,0.998732179
8/4/2020 13:00,2020,8,4,8/4/2020,14,17.77,102.78,1.205,791.5925476,0.998713689
8/4/2020 14:00,2020,8,4,8/4/2020,15,20.48,104.003,1.216,791.5778636,0.998695163
8/4/2020 15:00,2020,8,4,8/4/2020,16,21.642,102.096,1.218,791.5631512,0.998676601
8/4/2020 16:00,2020,8,4,8/4/2020,17,24.266,101.888,1.287,791.5484102,0.998658003
8/4/2020 17:00,2020,8,4,8/4/2020,18,23.895,103.743,1.273,791.5336408,0.998639369
8/4/2020 18:00,2020,8,4,8/4/2020,19,26.164,102.018,1.358,791.5188429,0.998620699
8/4/2020 19:00,2020,8,4,8/4/2020,20,27.212,102.946,1.394,724.1710286,0.913651248
8/4/2020 20:00,2020,8,4,8/4/2020,21,28.65,100.7,1.423,656.8231859,0.828681761
8/4/2020 21:00,2020,8,4,8/4/2020,22,26.908,100.397,1.387,656.8083026,0.828662984
8/4/2020 22:00,2020,8,4,8/4/2020,23,26.362,101.74,1.366,656.7933909,0.828644171
8/4/2020 23:00,2020,8,4,8/4/2020,24,25.099,101.097,1.318,615.8977081,0.777048083
8/5/2020 0:00,2020,8,5,8/5/2020,1,26.798,100.117,1.382,575.0019968,0.72545196
8/5/2020 1:00,2020,8,5,8/5/2020,2,23.937,102.912,1.274,574.9869998,0.725433039
8/5/2020 2:00,2020,8,5,8/5/2020,3,22.956,101.168,1.237,574.9719744,0.725414082
8/5/2020 3:00,2020,8,5,8/5/2020,4,21.852,101.555,1.219,574.9569206,0.725395089
8/5/2020 4:00,2020,8,5,8/5/2020,5,18.41,101.028,1.211,574.9418383,0.725376061
8/5/2020 5:00,2020,8,5,8/5/2020,6,15.954,99.527,1.169,574.9267277,0.725356997
8/5/2020 6:00,2020,8,5,8/5/2020,7,16.009,103.318,1.17,574.9115887,0.725337896
8/5/2020 7:00,2020,8,5,8/5/2020,8,14.235,101.368,1.135,606.5914891,0.765306881
8/5/2020 8:00,2020,8,5,8/5/2020,9,14.217,99.955,1.134,683.094956,0.861827572
8/5/2020 9:00,2020,8,5,8/5/2020,10,16.503,101.807,1.18,759.5983946,0.958348227
8/5/2020 10:00,2020,8,5,8/5/2020,11,14.613,98.302,1.142,791.27821,0.998317104
8/5/2020 11:00,2020,8,5,8/5/2020,12,15.99,98.118,1.17,791.2629291,0.998297825
8/5/2020 12:00,2020,8,5,8/5/2020,13,16.484,98.542,1.18,791.24762,0.99827851
8/5/2020 13:00,2020,8,5,8/5/2020,14,18.674,100.467,1.211,791.2322825,0.99825916
8/5/2020 14:00,2020,8,5,8/5/2020,15,19.926,99.816,1.214,791.2169167,0.998239773
8/5/2020 15:00,2020,8,5,8/5/2020,16,20.797,99.486,1.216,791.2015226,0.998220351
8/5/2020 16:00,2020,8,5,8/5/2020,17,23.558,99.627,1.26,791.1861002,0.998200894
8/5/2020 17:00,2020,8,5,8/5/2020,18,23.673,100.227,1.264,791.1706495,0.9981814
8/5/2020 18:00,2020,8,5,8/5/2020,19,25.568,101.157,1.336,791.1551705,0.998161871
8/5/2020 19:00,2020,8,5,8/5/2020,20,27.317,100.542,1.396,723.8066754,0.913191561
8/5/2020 20:00,2020,8,5,8/5/2020,21,26.789,100.461,1.382,656.458152,0.828221216
8/5/2020 21:00,2020,8,5,8/5/2020,22,26.39,99.921,1.367,656.4425882,0.82820158
8/5/2020 22:00,2020,8,5,8/5/2020,23,28.785,101.918,1.426,656.4269961,0.828181908
8/5/2020 23:00,2020,8,5,8/5/2020,24,25.084,98.768,1.318,615.5306331,0.776584963
8/6/2020 0:00,2020,8,6,8/6/2020,1,25.153,97.074,1.32,574.634242,0.724987982
8/6/2020 1:00,2020,8,6,8/6/2020,2,25.738,100.781,1.342,574.6185652,0.724968203
8/6/2020 2:00,2020,8,6,8/6/2020,3,21.756,99.61,1.218,574.6028602,0.724948389
8/6/2020 3:00,2020,8,6,8/6/2020,4,21.641,100.332,1.218,574.5871269,0.724928539
8/6/2020 4:00,2020,8,6,8/6/2020,5,19.09,100.288,1.212,574.5713655,0.724908653
8/6/2020 5:00,2020,8,6,8/6/2020,6,17.165,101.564,1.193,574.5555759,0.724888732
8/6/2020 6:00,2020,8,6,8/6/2020,7,15.911,99.642,1.168,574.539758,0.724868776
8/6/2020 7:00,2020,8,6,8/6/2020,8,15.772,100.751,1.165,606.2189799,0.764836904
8/6/2020 8:00,2020,8,6,8/6/2020,9,14.722,98.583,1.144,682.7217683,0.861356739
8/6/2020 9:00,2020,8,6,8/6/2020,10,15.035,98.206,1.151,759.2245286,0.957876539
8/6/2020 10:00,2020,8,6,8/6/2020,11,15.302,100.478,1.156,790.903666,0.99784456
8/6/2020 11:00,2020,8,6,8/6/2020,12,15.842,99.357,1.167,790.8877073,0.997824426
8/6/2020 12:00,2020,8,6,8/6/2020,13,18.393,99.343,1.211,790.8717205,0.997804256
8/6/2020 13:00,2020,8,6,8/6/2020,14,17.515,98.757,1.2,790.8557056,0.997784051
8/6/2020 14:00,2020,8,6,8/6/2020,15,19.245,101.21,1.213,790.8396625,0.99776381
8/6/2020 15:00,2020,8,6,8/6/2020,16,20.9,100.748,1.216,790.8235913,0.997743534
8/6/2020 16:00,2020,8,6,8/6/2020,17,22.293,98.83,1.22,790.807492,0.997723222
8/6/2020 17:00,2020,8,6,8/6/2020,18,24.614,101.24,1.3,790.7913646,0.997702875
8/6/2020 18:00,2020,8,6,8/6/2020,19,26.075,99.71,1.355,790.7752091,0.997682492
8/6/2020 19:00,2020,8,6,8/6/2020,20,26.105,99.327,1.356,723.4260377,0.912711329
8/6/2020 20:00,2020,8,6,8/6/2020,21,27.89,99.7,1.408,656.0768382,0.827740131
8/6/2020 21:00,2020,8,6,8/6/2020,22,27.719,99.989,1.404,656.0605984,0.827719642
8/6/2020 22:00,2020,8,6,8/6/2020,23,29.162,100.244,1.433,656.0443307,0.827699118
8/6/2020 23:00,2020,8,6,8/6/2020,24,25.899,101.126,1.348,615.1472922,0.77610132
8/7/2020 0:00,2020,8,7,8/7/2020,1,25.647,101.069,1.339,574.2502257,0.724503487
8/7/2020 1:00,2020,8,7,8/7/2020,2,26.046,99.893,1.354,574.2338738,0.724482857
8/7/2020 2:00,2020,8,7,8/7/2020,3,23.433,101.857,1.255,574.2174939,0.724462191
8/7/2020 3:00,2020,8,7,8/7/2020,4,21.775,101.579,1.218,574.2010859,0.72444149
8/7/2020 4:00,2020,8,7,8/7/2020,5,19,99.748,1.212,574.1846499,0.724420753
8/7/2020 5:00,2020,8,7,8/7/2020,6,17.678,100.94,1.204,574.168186,0.724399982
8/7/2020 6:00,2020,8,7,8/7/2020,7,16.185,100.313,1.174,574.151694,0.724379174
8/7/2020 7:00,2020,8,7,8/7/2020,8,14.702,99.656,1.144,605.8302419,0.764346452
8/7/2020 8:00,2020,8,7,8/7/2020,9,14.335,102.602,1.137,682.3323567,0.860865437
8/7/2020 9:00,2020,8,7,8/7/2020,10,15.27,101.46,1.155,758.8344434,0.957384387
8/7/2020 10:00,2020,8,7,8/7/2020,11,15.171,100.881,1.153,790.5129075,0.997351559
8/7/2020 11:00,2020,8,7,8/7/2020,12,15.601,102.719,1.162,790.4962757,0.997330576
8/7/2020 12:00,2020,8,7,8/7/2020,13,16.03,101.096,1.171,790.4796159,0.997309557
8/7/2020 13:00,2020,8,7,8/7/2020,14,18.838,102.846,1.212,790.4629283,0.997288503
8/7/2020 14:00,2020,8,7,8/7/2020,15,19.559,102.531,1.213,790.4462127,0.997267414
8/7/2020 15:00,2020,8,7,8/7/2020,16,21.876,102.291,1.219,790.4294692,0.997246289
8/7/2020 16:00,2020,8,7,8/7/2020,17,21.828,101.865,1.219,790.4126978,0.99722513
8/7/2020 17:00,2020,8,7,8/7/2020,18,23.562,100.42,1.26,790.3958985,0.997203935
8/7/2020 18:00,2020,8,7,8/7/2020,19,24.995,101.082,1.314,790.3790713,0.997182705
8/7/2020 19:00,2020,8,7,8/7/2020,20,26.807,101.51,1.383,723.0292283,0.912210694
8/7/2020 20:00,2020,8,7,8/7/2020,21,27.954,99.572,1.409,655.6793575,0.827238649
8/7/2020 21:00,2020,8,7,8/7/2020,22,27.786,97.748,1.406,655.6624467,0.827217313
8/7/2020 22:00,2020,8,7,8/7/2020,23,27.525,97.552,1.401,655.645508,0.827195943
8/7/2020 23:00,2020,8,7,8/7/2020,24,26.364,99.546,1.366,614.7477989,0.775597299
8/8/2020 0:00,2020,8,8,8/8/2020,1,24.115,98.754,1.281,573.8500619,0.72399862
8/8/2020 1:00,2020,8,8,8/8/2020,2,24.627,99.432,1.3,573.8330397,0.723977144
8/8/2020 2:00,2020,8,8,8/8/2020,3,23.561,99.945,1.26,573.8159897,0.723955633
8/8/2020 3:00,2020,8,8,8/8/2020,4,21.16,100.187,1.217,573.7989119,0.723934086
8/8/2020 4:00,2020,8,8,8/8/2020,5,19.459,99.808,1.213,573.7818063,0.723912505
8/8/2020 5:00,2020,8,8,8/8/2020,6,16.955,99.535,1.189,573.7646728,0.723890889
8/8/2020 6:00,2020,8,8,8/8/2020,7,14.876,100.941,1.148,573.7475116,0.723869237
8/8/2020 7:00,2020,8,8,8/8/2020,8,15.816,100.545,1.166,605.4253905,0.763835671
8/8/2020 8:00,2020,8,8,8/8/2020,9,16.514,102.131,1.18,681.9268364,0.860353812
8/8/2020 9:00,2020,8,8,8/8/2020,10,15.518,101.469,1.16,758.4282546,0.956871918
8/8/2020 10:00,2020,8,8,8/8/2020,11,16.573,101.886,1.181,790.1060502,0.996838247
8/8/2020 11:00,2020,8,8,8/8/2020,12,15.515,100.181,1.16,790.0887502,0.996816421
8/8/2020 12:00,2020,8,8,8/8/2020,13,18.11,103.166,1.21,790.0714225,0.996794559
8/8/2020 13:00,2020,8,8,8/8/2020,14,17.427,100.076,1.199,790.0540671,0.996772663
8/8/2020 14:00,2020,8,8,8/8/2020,15,20.888,101.677,1.216,790.0366839,0.996750731
8/8/2020 15:00,2020,8,8,8/8/2020,16,22.708,102.417,1.228,790.019273,0.996728765
8/8/2020 16:00,2020,8,8,8/8/2020,17,22.92,100.938,1.236,790.0018345,0.996706763
8/8/2020 17:00,2020,8,8,8/8/2020,18,26.182,101.786,1.359,789.9843682,0.996684727
8/8/2020 18:00,2020,8,8,8/8/2020,19,26.674,102.92,1.378,789.9668743,0.996662656
8/8/2020 19:00,2020,8,8,8/8/2020,20,26.435,102.433,1.369,722.6163649,0.911689805
8/8/2020 20:00,2020,8,8,8/8/2020,21,27.044,100.34,1.391,655.2658277,0.826716919
8/8/2020 21:00,2020,8,8,8/8/2020,22,27.169,99.68,1.393,655.2482508,0.826694743
8/8/2020 22:00,2020,8,8,8/8/2020,23,27.456,99.681,1.399,655.2306463,0.826672532
8/8/2020 23:00,2020,8,8,8/8/2020,24,25.877,99.423,1.348,614.3322715,0.775073048
8/9/2020 0:00,2020,8,9,8/9/2020,1,26.203,98.172,1.36,573.433869,0.72347353
8/9/2020 1:00,2020,8,9,8/9/2020,2,23.562,101.248,1.26,573.4161816,0.723451214
8/9/2020 2:00,2020,8,9,8/9/2020,3,22.837,102.192,1.233,573.3984666,0.723428864
8/9/2020 3:00,2020,8,9,8/9/2020,4,21.598,99.861,1.218,573.380724,0.723406479
8/9/2020 4:00,2020,8,9,8/9/2020,5,19.623,99.295,1.214,573.3629538,0.723384059
8/9/2020 5:00,2020,8,9,8/9/2020,6,17.858,100.239,1.207,573.345156,0.723361605
8/9/2020 6:00,2020,8,9,8/9/2020,7,15.821,102.121,1.166,573.3273307,0.723339115
8/9/2020 7:00,2020,8,9,8/9/2020,8,17.48,99.971,1.2,605.0045456,0.763304712
8/9/2020 8:00,2020,8,9,8/9/2020,9,14.528,102.377,1.141,681.5053278,0.859822015
8/9/2020 9:00,2020,8,9,8/9/2020,10,13.918,100.801,1.128,758.0060824,0.956339284
8/9/2020 10:00,2020,8,9,8/9/2020,11,15.052,101.879,1.151,789.6832148,0.996304776
8/9/2020 11:00,2020,8,9,8/9/2020,12,15.095,101.998,1.152,789.6652517,0.996282113
8/9/2020 12:00,2020,8,9,8/9/2020,13,17.184,102.991,1.194,789.6472611,0.996259416
8/9/2020 13:00,2020,8,9,8/9/2020,14,18.676,100.417,1.212,789.6292431,0.996236683
8/9/2020 14:00,2020,8,9,8/9/2020,15,20.336,103.06,1.215,789.6111975,0.996213916
8/9/2020 15:00,2020,8,9,8/9/2020,16,23.086,102.364,1.242,789.5931244,0.996191114
8/9/2020 16:00,2020,8,9,8/9/2020,17,23.09,101.629,1.242,789.5750239,0.996168277
8/9/2020 17:00,2020,8,9,8/9/2020,18,23.667,101.337,1.264,789.5568959,0.996145406
8/9/2020 18:00,2020,8,9,8/9/2020,19,25.823,103.162,1.346,789.5387404,0.9961225
8/9/2020 19:00,2020,8,9,8/9/2020,20,27.097,101.022,1.392,722.1875696,0.911148815
8/9/2020 20:00,2020,8,9,8/9/2020,21,26.932,98.823,1.387,654.8363714,0.826175095
8/9/2020 21:00,2020,8,9,8/9/2020,22,27.784,99.722,1.406,654.8181337,0.826152085
8/9/2020 22:00,2020,8,9,8/9/2020,23,25.609,100.051,1.337,654.7998685,0.826129041
8/9/2020 23:00,2020,8,9,8/9/2020,24,26.304,100.314,1.364,613.9008332,0.774528724
8/10/2020 0:00,2020,8,10,8/10/2020,1,25.875,100.161,1.347,573.0017706,0.722928372
8/10/2020 1:00,2020,8,10,8/10/2020,2,23.177,101.243,1.246,572.9834232,0.722905224
8/10/2020 2:00,2020,8,10,8/10/2020,3,21.722,97.871,1.218,572.9650484,0.722882042
8/10/2020 3:00,2020,8,10,8/10/2020,4,20.718,101.588,1.216,572.9466462,0.722858824
8/10/2020 4:00,2020,8,10,8/10/2020,5,19.071,100.639,1.212,572.9282167,0.722835573
8/10/2020 5:00,2020,8,10,8/10/2020,6,18.939,98.985,1.212,572.9097598,0.722812287
8/10/2020 6:00,2020,8,10,8/10/2020,7,17.078,101.045,1.192,572.8912756,0.722788966
8/10/2020 7:00,2020,8,10,8/10/2020,8,14.393,101.999,1.138,604.5678319,0.762753731
8/10/2020 8:00,2020,8,10,8/10/2020,9,14.503,102.517,1.14,681.0679556,0.859270204
8/10/2020 9:00,2020,8,10,8/10/2020,10,14.544,103.019,1.141,757.5680521,0.955786643
8/10/2020 10:00,2020,8,10,8/10/2020,11,15.927,102.192,1.169,789.2445264,0.995751305
8/10/2020 11:00,2020,8,10,8/10/2020,12,15.646,102.378,1.163,789.2259056,0.995727812
8/10/2020 12:00,2020,8,10,8/10/2020,13,16.012,101.878,1.17,789.2072575,0.995704284
8/10/2020 13:00,2020,8,10,8/10/2020,14,19.637,101.497,1.214,789.1885822,0.995680723
8/10/2020 14:00,2020,8,10,8/10/2020,15,19.348,101.816,1.213,789.1698795,0.995657126
8/10/2020 15:00,2020,8,10,8/10/2020,16,20.55,101.423,1.216,789.1511496,0.995633496
8/10/2020 16:00,2020,8,10,8/10/2020,17,23.342,103.184,1.252,789.1323925,0.995609831
8/10/2020 17:00,2020,8,10,8/10/2020,18,24.492,102.352,1.295,789.1136081,0.995586132
8/10/2020 18:00,2020,8,10,8/10/2020,19,26.308,102.068,1.364,789.0947965,0.995562398
8/10/2020 19:00,2020,8,10,8/10/2020,20,27.255,100.007,1.395,721.7429698,0.910587885
8/10/2020 20:00,2020,8,10,8/10/2020,21,28.054,100.194,1.411,654.3911158,0.825613337
8/10/2020 21:00,2020,8,10,8/10/2020,22,28.704,99.19,1.424,654.3722226,0.825589501
8/10/2020 22:00,2020,8,10,8/10/2020,23,26.299,99.858,1.364,654.3533021,0.82556563
8/10/2020 23:00,2020,8,10,8/10/2020,24,27.42,99.769,1.398,613.4536119,0.773964486
8/11/2020 0:00,2020,8,11,8/11/2020,1,24.876,99.632,1.31,572.5538944,0.722363309
8/11/2020 1:00,2020,8,11,8/11/2020,2,24.016,102.131,1.277,572.5348925,0.722339335
8/11/2020 2:00,2020,8,11,8/11/2020,3,23.094,99.637,1.242,572.5158634,0.722315327
8/11/2020 3:00,2020,8,11,8/11/2020,4,21.669,98.177,1.218,572.4968071,0.722291284
8/11/2020 4:00,2020,8,11,8/11/2020,5,20.497,101.286,1.216,572.4777237,0.722267208
8/11/2020 5:00,2020,8,11,8/11/2020,6,18.236,98.711,1.211,572.4586132,0.722243097
8/11/2020 6:00,2020,8,11,8/11/2020,7,16.693,100.188,1.184,572.4394756,0.722218952
8/11/2020 7:00,2020,8,11,8/11/2020,8,15.803,100.794,1.166,604.1153787,0.762182893
8/11/2020 8:00,2020,8,11,8/11/2020,9,16.194,102.43,1.174,680.6148496,0.858698543
8/11/2020 9:00,2020,8,11,8/11/2020,10,14.215,103.13,1.134,757.1142933,0.955214158
8/11/2020 10:00,2020,8,11,8/11/2020,11,15.521,103.136,1.16,788.7901152,0.995177996
8/11/2020 11:00,2020,8,11,8/11/2020,12,14.9,102.115,1.148,788.7708422,0.995153681
8/11/2020 12:00,2020,8,11,8/11/2020,13,17.455,103.714,1.199,788.7515421,0.995129331
8/11/2020 13:00,2020,8,11,8/11/2020,14,17.649,102.406,1.203,788.7322149,0.995104946
8/11/2020 14:00,2020,8,11,8/11/2020,15,18.902,101.81,1.212,788.7128608,0.995080528
8/11/2020 15:00,2020,8,11,8/11/2020,16,20.021,103.919,1.214,788.6934796,0.995056076
8/11/2020 16:00,2020,8,11,8/11/2020,17,23.03,100.816,1.24,788.6740714,0.99503159
8/11/2020 17:00,2020,8,11,8/11/2020,18,25.805,100.423,1.345,788.6546362,0.995007069
8/11/2020 18:00,2020,8,11,8/11/2020,19,26.434,103.423,1.369,788.635174,0.994982515
8/11/2020 19:00,2020,8,11,8/11/2020,20,27.861,102.875,1.407,721.2826969,0.910007181
8/11/2020 20:00,2020,8,11,8/11/2020,21,28.146,98.969,1.413,653.9301929,0.825031813
8/11/2020 21:00,2020,8,11,8/11/2020,22,27.91,100.377,1.408,653.9106498,0.825007157
8/11/2020 22:00,2020,8,11,8/11/2020,23,27.97,100.329,1.409,653.8910797,0.824982466
8/11/2020 23:00,2020,8,11,8/11/2020,24,25.979,99.562,1.351,612.99074,0.773380503
8/12/2020 0:00,2020,8,12,8/12/2020,1,26.064,100.253,1.355,572.0903734,0.721778507
8/12/2020 1:00,2020,8,12,8/12/2020,2,25.53,100.699,1.334,572.0707225,0.721753714
8/12/2020 2:00,2020,8,12,8/12/2020,3,22.57,101.348,1.223,572.0510448,0.721728888
8/12/2020 3:00,2020,8,12,8/12/2020,4,21.97,100.071,1.219,572.0313401,0.721704027
8/12/2020 4:00,2020,8,12,8/12/2020,5,20.412,100.767,1.215,572.0116085,0.721679133
8/12/2020 5:00,2020,8,12,8/12/2020,6,18.743,100.178,1.212,571.99185,0.721654205
8/12/2020 6:00,2020,8,12,8/12/2020,7,18.186,99.913,1.21,571.9720646,0.721629242
8/12/2020 7:00,2020,8,12,8/12/2020,8,16.14,101.261,1.173,603.6473203,0.761592367
8/12/2020 8:00,2020,8,12,8/12/2020,9,15.515,98.873,1.16,680.1461439,0.858107199
8/12/2020 9:00,2020,8,12,8/12/2020,10,14.796,99.699,1.146,756.6449406,0.954621998
8/12/2020 10:00,2020,8,12,8/12/2020,11,13.855,99.3,1.127,788.3201157,0.994585021
8/12/2020 11:00,2020,8,12,8/12/2020,12,14.668,100.392,1.143,788.3001962,0.994559889
8/12/2020 12:00,2020,8,12,8/12/2020,13,16.455,98.771,1.179,788.2802498,0.994534724
8/12/2020 13:00,2020,8,12,8/12/2020,14,17.876,100.556,1.208,788.2602767,0.994509525
8/12/2020 14:00,2020,8,12,8/12/2020,15,19.711,100.777,1.214,788.2402767,0.994484292
8/12/2020 15:00,2020,8,12,8/12/2020,16,21.657,100.09,1.218,788.22025,0.994459025
8/12/2020 16:00,2020,8,12,8/12/2020,17,22.524,100.706,1.221,788.2001964,0.994433725
8/12/2020 17:00,2020,8,12,8/12/2020,18,23.658,101.832,1.264,788.1801162,0.99440839
8/12/2020 18:00,2020,8,12,8/12/2020,19,25.909,99.294,1.349,788.1600091,0.994383022
8/12/2020 19:00,2020,8,12,8/12/2020,20,28.093,99.482,1.412,720.8068875,0.909406875
8/12/2020 20:00,2020,8,12,8/12/2020,21,27.962,100.869,1.409,653.4537392,0.824430695
8/12/2020 21:00,2020,8,12,8/12/2020,22,28.608,100.529,1.422,653.4335519,0.824405226
8/12/2020 22:00,2020,8,12,8/12/2020,23,27.571,101.738,1.401,653.413338,0.824379723
8/12/2020 23:00,2020,8,12,8/12/2020,24,25.339,99.719,1.327,612.5123548,0.772776948
8/13/2020 0:00,2020,8,13,8/13/2020,1,26.245,100.004,1.361,571.6113448,0.72117414
8/13/2020 1:00,2020,8,13,8/13/2020,2,24.271,98.448,1.287,571.5910509,0.721148536
8/13/2020 2:00,2020,8,13,8/13/2020,3,23.81,101.428,1.269,571.5707302,0.721122898
8/13/2020 3:00,2020,8,13,8/13/2020,4,22.97,98.818,1.238,571.5503829,0.721097227
8/13/2020 4:00,2020,8,13,8/13/2020,5,18.965,100.381,1.212,571.530009,0.721071522
8/13/2020 5:00,2020,8,13,8/13/2020,6,17.875,100.605,1.207,571.5096084,0.721045784
8/13/2020 6:00,2020,8,13,8/13/2020,7,16.585,98.744,1.182,571.4891812,0.721020012
8/13/2020 7:00,2020,8,13,8/13/2020,8,15.29,99.114,1.156,603.1637952,0.760982327
8/13/2020 8:00,2020,8,13,8/13/2020,9,14.483,100.011,1.14,679.6619774,0.85749635
8/13/2020 9:00,2020,8,13,8/13/2020,10,15.377,99.337,1.158,756.1601331,0.95401034
8/13/2020 10:00,2020,8,13,8/13/2020,11,15.184,99.475,1.154,787.8346673,0.993972554
8/13/2020 11:00,2020,8,13,8/13/2020,12,13.847,99.964,1.127,787.8141071,0.993946615
8/13/2020 12:00,2020,8,13,8/13/2020,13,16.242,99.217,1.175,787.7935204,0.993920641
8/13/2020 13:00,2020,8,13,8/13/2020,14,17.982,101.349,1.21,787.7729071,0.993894635
8/13/2020 14:00,2020,8,13,8/13/2020,15,18.39,98.819,1.211,787.7522673,0.993868594
8/13/2020 15:00,2020,8,13,8/13/2020,16,20.897,98.743,1.216,787.7316009,0.993842521
8/13/2020 16:00,2020,8,13,8/13/2020,17,22.479,100.981,1.22,787.7109081,0.993816413
8/13/2020 17:00,2020,8,13,8/13/2020,18,24.688,99.813,1.303,787.6901887,0.993790273
8/13/2020 18:00,2020,8,13,8/13/2020,19,25.49,100.025,1.333,787.6694428,0.993764099
8/13/2020 19:00,2020,8,13,8/13/2020,20,25.922,99.746,1.349,720.3156826,0.908787146
8/13/2020 20:00,2020,8,13,8/13/2020,21,27.143,100.014,1.393,652.9618958,0.82381016
8/13/2020 21:00,2020,8,13,8/13/2020,22,28.964,100.364,1.429,652.9410705,0.823783886
8/13/2020 22:00,2020,8,13,8/13/2020,23,26.859,100.536,1.385,652.9202188,0.823757578
8/13/2020 23:00,2020,8,13,8/13/2020,24,28.582,102.123,1.422,612.0185979,0.772153999
8/14/2020 0:00,2020,8,14,8/14/2020,1,24.838,99.668,1.308,571.1169507,0.720550387
8/14/2020 1:00,2020,8,14,8/14/2020,2,22.988,100.68,1.238,571.0960196,0.720523979
8/14/2020 2:00,2020,8,14,8/14/2020,3,23.237,100.228,1.248,571.0750621,0.720497538
8/14/2020 3:00,2020,8,14,8/14/2020,4,21.857,99.218,1.219,571.0540782,0.720471064
8/14/2020 4:00,2020,8,14,8/14/2020,5,20.404,99.742,1.215,571.033068,0.720444556
8/14/2020 5:00,2020,8,14,8/14/2020,6,17.702,99.683,1.204,571.0120313,0.720418015
8/14/2020 6:00,2020,8,14,8/14/2020,7,17.295,99.939,1.196,570.9909683,0.720391441
8/14/2020 7:00,2020,8,14,8/14/2020,8,14.781,99.4,1.146,602.6649468,0.760352954
8/14/2020 8:00,2020,8,14,8/14/2020,9,15.445,101.835,1.159,679.1624937,0.856866176
8/14/2020 9:00,2020,8,14,8/14/2020,10,14.471,101.508,1.139,755.6600143,0.953379365
8/14/2020 10:00,2020,8,14,8/14/2020,11,15.132,101.961,1.153,787.3339138,0.993340778
8/14/2020 11:00,2020,8,14,8/14/2020,12,16.441,100.872,1.179,787.3127191,0.993314038
8/14/2020 12:00,2020,8,14,8/14/2020,13,18.09,100.968,1.21,787.2914981,0.993287264
8/14/2020 13:00,2020,8,14,8/14/2020,14,17.697,103.361,1.204,787.2702508,0.993260458
8/14/2020 14:00,2020,8,14,8/14/2020,15,19.277,100.547,1.213,787.2489772,0.993233618
8/14/2020 15:00,2020,8,14,8/14/2020,16,21.099,104.356,1.217,787.2276773,0.993206745
8/14/2020 16:00,2020,8,14,8/14/2020,17,21.811,101.174,1.218,787.2063512,0.993179839
8/14/2020 17:00,2020,8,14,8/14/2020,18,25.756,102.484,1.343,787.1849989,0.993152899
8/14/2020 18:00,2020,8,14,8/14/2020,19,25.793,101.792,1.344,787.1636203,0.993125927
8/14/2020 19:00,2020,8,14,8/14/2020,20,27.091,100.719,1.392,719.8092276,0.908148177
8/14/2020 20:00,2020,8,14,8/14/2020,21,27.132,99.561,1.393,652.4548087,0.823170393
8/14/2020 21:00,2020,8,14,8/14/2020,22,26.283,100.556,1.363,652.4333515,0.823143322
8/14/2020 22:00,2020,8,14,8/14/2020,23,27.812,100.879,1.406,652.411868,0.823116217
8/14/2020 23:00,2020,8,14,8/14/2020,24,27.445,99.476,1.399,611.5096158,0.771511841
8/15/2020 0:00,2020,8,15,8/15/2020,1,24.805,97.148,1.307,570.6073373,0.719907433
8/15/2020 1:00,2020,8,15,8/15/2020,2,26.216,100.817,1.36,570.5857754,0.719880229
8/15/2020 2:00,2020,8,15,8/15/2020,3,23.6,100.455,1.262,570.5641873,0.719852992
8/15/2020 3:00,2020,8,15,8/15/2020,4,20.01,100.143,1.214,570.5425731,0.719825723
8/15/2020 4:00,2020,8,15,8/15/2020,5,19.12,101.024,1.212,570.5209327,0.71979842
8/15/2020 5:00,2020,8,15,8/15/2020,6,17.566,101.227,1.201,570.4992662,0.719771085
8/15/2020 6:00,2020,8,15,8/15/2020,7,16.005,101.792,1.17,570.4775736,0.719743716
8/15/2020 7:00,2020,8,15,8/15/2020,8,15.008,99.953,1.15,602.1509228,0.759704435
8/15/2020 8:00,2020,8,15,8/15/2020,9,15.149,102.272,1.153,678.6478407,0.856216863
8/15/2020 9:00,2020,8,15,8/15/2020,10,13.095,100.864,1.112,755.1447325,0.952729259
8/15/2020 10:00,2020,8,15,8/15/2020,11,14.963,101.627,1.149,786.8180035,0.992689879
8/15/2020 11:00,2020,8,15,8/15/2020,12,14.81,102.365,1.146,786.7961805,0.992662346
8/15/2020 12:00,2020,8,15,8/15/2020,13,16.963,102.245,1.189,786.7743315,0.99263478
8/15/2020 13:00,2020,8,15,8/15/2020,14,18.83,103.67,1.212,786.7524565,0.992607182
8/15/2020 14:00,2020,8,15,8/15/2020,15,20.878,102.069,1.216,786.7305555,0.99257955
8/15/2020 15:00,2020,8,15,8/15/2020,16,21.026,103.114,1.217,786.7086285,0.992551886
8/15/2020 16:00,2020,8,15,8/15/2020,17,22.642,100.899,1.225,786.6866755,0.992524189
8/15/2020 17:00,2020,8,15,8/15/2020,18,23.789,102.258,1.269,786.6646965,0.992496459
8/15/2020 18:00,2020,8,15,8/15/2020,19,26.935,101.847,1.388,786.6426915,0.992468697
8/15/2020 19:00,2020,8,15,8/15/2020,20,26.484,102.697,1.37,719.2876727,0.907490156
8/15/2020 20:00,2020,8,15,8/15/2020,21,27.786,97.902,1.406,651.932628,0.822511583
8/15/2020 21:00,2020,8,15,8/15/2020,22,27.573,100.302,1.401,651.9105451,0.822483722
8/15/2020 22:00,2020,8,15,8/15/2020,23,26.886,100.924,1.386,651.8884364,0.822455829
8/15/2020 23:00,2020,8,15,8/15/2020,24,26.232,99.878,1.361,610.9855591,0.770850665
8/16/2020 0:00,2020,8,16,8/16/2020,1,25.922,100.074,1.349,570.0826559,0.719245468
8/16/2020 1:00,2020,8,16,8/16/2020,2,25.089,100.068,1.318,570.0604695,0.719217476
8/16/2020 2:00,2020,8,16,8/16/2020,3,24.087,99.516,1.28,570.0382572,0.719189452
8/16/2020 3:00,2020,8,16,8/16/2020,4,21.588,99.478,1.218,570.016019,0.719161395
8/16/2020 4:00,2020,8,16,8/16/2020,5,20.732,99.064,1.216,569.9937549,0.719133306
8/16/2020 5:00,2020,8,16,8/16/2020,6,17.508,99.02,1.2,569.971465,0.719105184
8/16/2020 6:00,2020,8,16,8/16/2020,7,16.316,100.543,1.176,569.9491493,0.719077029
8/16/2020 7:00,2020,8,16,8/16/2020,8,16.79,99.818,1.186,601.6218756,0.759036962
8/16/2020 8:00,2020,8,16,8/16/2020,9,15.911,102.632,1.168,678.1181709,0.855548605
8/16/2020 9:00,2020,8,16,8/16/2020,10,15.642,101.471,1.163,754.6144404,0.952060215
8/16/2020 10:00,2020,8,16,8/16/2020,11,14.771,102.134,1.145,786.2870893,0.992020051
8/16/2020 11:00,2020,8,16,8/16/2020,12,15.368,100.253,1.157,786.2646446,0.991991733
8/16/2020 12:00,2020,8,16,8/16/2020,13,17.515,101.302,1.2,786.2421741,0.991963383
8/16/2020 13:00,2020,8,16,8/16/2020,14,17.591,101.866,1.202,786.2196779,0.991935001
8/16/2020 14:00,2020,8,16,8/16/2020,15,18.262,101.555,1.211,786.1971559,0.991906586
8/16/2020 15:00,2020,8,16,8/16/2020,16,21.244,101.55,1.217,786.1746082,0.991878139
8/16/2020 16:00,2020,8,16,8/16/2020,17,22.639,102.659,1.225,786.1520348,0.991849659
8/16/2020 17:00,2020,8,16,8/16/2020,18,25.941,101.588,1.35,786.1294356,0.991821147
8/16/2020 18:00,2020,8,16,8/16/2020,19,25.147,102.026,1.32,786.1068108,0.991792602
8/16/2020 19:00,2020,8,16,8/16/2020,20,25.951,102.364,1.35,718.7511724,0.90681328
8/16/2020 20:00,2020,8,16,8/16/2020,21,27.671,100.926,1.403,651.3955084,0.821833926
8/16/2020 21:00,2020,8,16,8/16/2020,22,27.851,99.617,1.407,651.3728065,0.821805284
8/16/2020 22:00,2020,8,16,8/16/2020,23,27.721,99.813,1.404,651.350079,0.82177661
8/16/2020 23:00,2020,8,16,8/16/2020,24,25.957,98.735,1.351,610.4465833,0.770170665
8/17/2020 0:00,2020,8,17,8/17/2020,1,25.272,99.378,1.325,569.5430619,0.718564688
8/17/2020 1:00,2020,8,17,8/17/2020,2,25.266,100.744,1.325,569.5202575,0.718535917
8/17/2020 2:00,2020,8,17,8/17/2020,3,23.589,99.227,1.261,569.4974276,0.718507114
8/17/2020 3:00,2020,8,17,8/17/2020,4,22.301,99.218,1.22,569.474572,0.718478278
8/17/2020 4:00,2020,8,17,8/17/2020,5,19.385,99.508,1.213,569.4516909,0.71844941
8/17/2020 5:00,2020,8,17,8/17/2020,6,18.85,100.885,1.212,569.4287842,0.71842051
8/17/2020 6:00,2020,8,17,8/17/2020,7,16.082,100.117,1.172,569.4058519,0.718391577
8/17/2020 7:00,2020,8,17,8/17/2020,8,16.097,99.69,1.172,601.077962,0.758350733
8/17/2020 8:00,2020,8,17,8/17/2020,9,14.945,102.45,1.149,677.5736413,0.854861598
8/17/2020 9:00,2020,8,17,8/17/2020,10,16.244,103.062,1.175,754.0692951,0.951372432
8/17/2020 10:00,2020,8,17,8/17/2020,11,14.582,103.107,1.142,785.7413286,0.991331491
8/17/2020 11:00,2020,8,17,8/17/2020,12,15.309,100.673,1.156,785.7182688,0.991302398
8/17/2020 12:00,2020,8,17,8/17/2020,13,15.445,102.711,1.159,785.6951834,0.991273272
8/17/2020 13:00,2020,8,17,8/17/2020,14,17.204,101.554,1.194,785.6720726,0.991244114
8/17/2020 14:00,2020,8,17,8/17/2020,15,19.358,101.925,1.213,785.6489364,0.991214924
8/17/2020 15:00,2020,8,17,8/17/2020,16,21.037,102.132,1.217,785.6257747,0.991185702
8/17/2020 16:00,2020,8,17,8/17/2020,17,21.68,102.364,1.218,785.6025875,0.991156448
8/17/2020 17:00,2020,8,17,8/17/2020,18,23.876,101.833,1.272,785.579375,0.991127162
8/17/2020 18:00,2020,8,17,8/17/2020,19,25.341,101.968,1.327,785.556137,0.991097844
8/17/2020 19:00,2020,8,17,8/17/2020,20,24.851,103.235,1.309,718.1998857,0.906117749
8/17/2020 20:00,2020,8,17,8/17/2020,21,26.251,100.574,1.362,650.8436091,0.821137621
8/17/2020 21:00,2020,8,17,8/17/2020,22,26.855,100.601,1.385,650.820295,0.821108207
8/17/2020 22:00,2020,8,17,8/17/2020,23,26.949,100.867,1.388,650.7969554,0.821078761
8/17/2020 23:00,2020,8,17,8/17/2020,24,25.749,97.809,1.343,609.892848,0.769472044
8/18/2020 0:00,2020,8,18,8/18/2020,1,26.926,97.695,1.387,568.9887151,0.717865296
8/18/2020 1:00,2020,8,18,8/18/2020,2,24.431,99.766,1.293,568.9652996,0.717835754
8/18/2020 2:00,2020,8,18,8/18/2020,3,23.902,99.828,1.273,568.9418587,0.71780618
8/18/2020 3:00,2020,8,18,8/18/2020,4,21.019,100.418,1.217,568.9183926,0.717776573
8/18/2020 4:00,2020,8,18,8/18/2020,5,18.018,100.3,1.21,568.8949012,0.717746935
8/18/2020 5:00,2020,8,18,8/18/2020,6,18.217,101.572,1.21,568.8713844,0.717717266
8/18/2020 6:00,2020,8,18,8/18/2020,7,17.68,101.236,1.204,568.8478425,0.717687564
8/18/2020 7:00,2020,8,18,8/18/2020,8,16.674,100.661,1.183,600.5193431,0.757645951
8/18/2020 8:00,2020,8,18,8/18/2020,9,16.514,101.192,1.18,677.0144132,0.854156048
8/18/2020 9:00,2020,8,18,8/18/2020,10,14.302,100.493,1.136,753.5094582,0.950666113
8/18/2020 10:00,2020,8,18,8/18/2020,11,14.837,102.125,1.147,785.1808831,0.990624404
8/18/2020 11:00,2020,8,18,8/18/2020,12,16.098,102.503,1.172,785.157215,0.990594543
8/18/2020 12:00,2020,8,18,8/18/2020,13,16.014,101.885,1.17,785.1335216,0.990564651
8/18/2020 13:00,2020,8,18,8/18/2020,14,16.478,101.206,1.18,785.1098031,0.990534726
8/18/2020 14:00,2020,8,18,8/18/2020,15,19.877,102.577,1.214,785.0860594,0.99050477
8/18/2020 15:00,2020,8,18,8/18/2020,16,21.264,102.182,1.217,785.0622906,0.990474782
8/18/2020 16:00,2020,8,18,8/18/2020,17,22.21,102.38,1.219,785.0384966,0.990444762
8/18/2020 17:00,2020,8,18,8/18/2020,18,25.03,100.959,1.316,785.0146775,0.990414711
8/18/2020 18:00,2020,8,18,8/18/2020,19,26.514,100.747,1.372,784.9908332,0.990384628
8/18/2020 19:00,2020,8,18,8/18/2020,20,27.867,100.218,1.407,717.633976,0.905403768
8/18/2020 20:00,2020,8,18,8/18/2020,21,28.342,100.458,1.417,650.2770937,0.820422876
8/18/2020 21:00,2020,8,18,8/18/2020,22,27.912,99.131,1.408,650.2531741,0.820392698
8/18/2020 22:00,2020,8,18,8/18/2020,23,27.606,101.055,1.402,650.2292295,0.820362488
8/18/2020 23:00,2020,8,18,8/18/2020,24,26.611,102.042,1.375,609.3245172,0.768755009
8/19/2020 0:00,2020,8,19,8/19/2020,1,26.241,99.032,1.361,568.4197799,0.717147498
8/19/2020 1:00,2020,8,19,8/19/2020,2,24.714,99.103,1.304,568.3957601,0.717117194
8/19/2020 2:00,2020,8,19,8/19/2020,3,23.325,99.908,1.251,568.3717153,0.717086857
8/19/2020 3:00,2020,8,19,8/19/2020,4,20.969,99.584,1.217,568.3476456,0.71705649
8/19/2020 4:00,2020,8,19,8/19/2020,5,19.17,101.507,1.213,568.3235508,0.717026091
8/19/2020 5:00,2020,8,19,8/19/2020,6,16.878,99.239,1.188,568.299431,0.71699566
8/19/2020 6:00,2020,8,19,8/19/2020,7,17.12,101.293,1.192,568.2752863,0.716965198
8/19/2020 7:00,2020,8,19,8/19/2020,8,14.508,100.473,1.14,599.9461844,0.756922824
8/19/2020 8:00,2020,8,19,8/19/2020,9,14.673,99.801,1.143,676.4406524,0.853432162
8/19/2020 9:00,2020,8,19,8/19/2020,10,14.857,100.351,1.147,752.9350955,0.949941468
8/19/2020 10:00,2020,8,19,8/19/2020,11,14.51,99.596,1.14,784.6059188,0.989899
8/19/2020 11:00,2020,8,19,8/19/2020,12,15.921,101.553,1.168,784.5816494,0.98986838
8/19/2020 12:00,2020,8,19,8/19/2020,13,16.113,99.928,1.172,784.5573551,0.989837729
8/19/2020 13:00,2020,8,19,8/19/2020,14,18.269,98.997,1.211,784.5330359,0.989807047
8/19/2020 14:00,2020,8,19,8/19/2020,15,19.204,99.973,1.213,784.5086918,0.989776333
8/19/2020 15:00,2020,8,19,8/19/2020,16,19.542,99.584,1.213,784.4843229,0.989745588
8/19/2020 16:00,2020,8,19,8/19/2020,17,23.096,98.487,1.243,784.4599291,0.989714812
8/19/2020 17:00,2020,8,19,8/19/2020,18,23.229,98.596,1.248,784.4355105,0.989684004
8/19/2020 18:00,2020,8,19,8/19/2020,19,26.555,98.569,1.373,784.411067,0.989653165
8/19/2020 19:00,2020,8,19,8/19/2020,20,27.319,99.555,1.396,717.0536109,0.90467155
8/19/2020 20:00,2020,8,19,8/19/2020,21,27.598,100.232,1.402,649.69613,0.819689903
8/19/2020 21:00,2020,8,19,8/19/2020,22,29.378,99.657,1.438,649.6716121,0.81965897
8/19/2020 22:00,2020,8,19,8/19/2020,23,27.491,102.669,1.4,649.6470695,0.819628006
8/19/2020 23:00,2020,8,19,8/19/2020,24,27.27,98.694,1.395,608.7417595,0.768019772
8/20/2020 0:00,2020,8,20,8/20/2020,1,25.071,100.593,1.317,567.8364247,0.716411507
8/20/2020 1:00,2020,8,20,8/20/2020,2,23.706,101.515,1.266,567.8118079,0.716380449
8/20/2020 2:00,2020,8,20,8/20/2020,3,24.078,98.255,1.28,567.7871663,0.71634936
8/20/2020 3:00,2020,8,20,8/20/2020,4,20.735,99.285,1.216,567.7625,0.71631824
8/20/2020 4:00,2020,8,20,8/20/2020,5,20.449,101.114,1.215,567.737809,0.716287089
8/20/2020 5:00,2020,8,20,8/20/2020,6,17.753,101.211,1.205,567.7130934,0.716255906
8/20/2020 6:00,2020,8,20,8/20/2020,7,17.185,97.757,1.194,567.688353,0.716224692
8/20/2020 7:00,2020,8,20,8/20/2020,8,17.146,100.38,1.193,599.3586559,0.756181568
8/20/2020 8:00,2020,8,20,8/20/2020,9,13.328,100.119,1.117,675.8525289,0.852690155
8/20/2020 9:00,2020,8,20,8/20/2020,10,15.604,101.016,1.162,752.3463772,0.949198711
8/20/2020 10:00,2020,8,20,8/20/2020,11,16.222,100.283,1.174,784.0166062,0.989155493
8/20/2020 11:00,2020,8,20,8/20/2020,12,16.67,101.067,1.183,783.9917427,0.989124124
8/20/2020 12:00,2020,8,20,8/20/2020,13,17.649,100.014,1.203,783.9668546,0.989092724
8/20/2020 13:00,2020,8,20,8/20/2020,14,18.695,100.165,1.212,783.9419419,0.989061293
8/20/2020 14:00,2020,8,20,8/20/2020,15,19.125,99.758,1.213,783.9170046,0.989029831
8/20/2020 15:00,2020,8,20,8/20/2020,16,21.256,99.324,1.217,783.8920428,0.988998337
8/20/2020 16:00,2020,8,20,8/20/2020,17,22.849,98.989,1.233,783.8670565,0.988966813
8/20/2020 17:00,2020,8,20,8/20/2020,18,24.518,98.619,1.296,783.8420456,0.988935258
8/20/2020 18:00,2020,8,20,8/20/2020,19,26.675,99.241,1.378,783.8170102,0.988903672
8/20/2020 19:00,2020,8,20,8/20/2020,20,26.669,100.242,1.377,716.4589624,0.903921311
8/20/2020 20:00,2020,8,20,8/20/2020,21,25.742,100.58,1.342,649.1008901,0.818938918
8/20/2020 21:00,2020,8,20,8/20/2020,22,28.11,101.2,1.412,649.0757812,0.818907239
8/20/2020 22:00,2020,8,20,8/20/2020,23,27.179,100.187,1.394,649.0506479,0.81887553
8/20/2020 23:00,2020,8,20,8/20/2020,24,27.617,100.219,1.402,608.1447475,0.767266551
8/21/2020 0:00,2020,8,21,8/21/2020,1,25.961,98.984,1.351,567.2388226,0.715657542
8/21/2020 1:00,2020,8,21,8/21/2020,2,23.678,99.347,1.265,567.2136159,0.71562574
8/21/2020 2:00,2020,8,21,8/21/2020,3,22.474,101.516,1.22,567.1883848,0.715593907
8/21/2020 3:00,2020,8,21,8/21/2020,4,21.211,100.44,1.217,567.1631293,0.715562043
8/21/2020 4:00,2020,8,21,8/21/2020,5,18.652,99.18,1.211,567.1378495,0.715530149
8/21/2020 5:00,2020,8,21,8/21/2020,6,18.009,100.497,1.21,567.1125452,0.715498224
8/21/2020 6:00,2020,8,21,8/21/2020,7,15.729,97.619,1.165,567.0872166,0.715466268
8/21/2020 7:00,2020,8,21,8/21/2020,8,15.26,98.329,1.155,598.7569315,0.755422402
8/21/2020 8:00,2020,8,21,8/21/2020,9,14.071,102.899,1.131,675.2502169,0.851930247
8/21/2020 9:00,2020,8,21,8/21/2020,10,14.149,101.475,1.133,751.7434779,0.948438062
8/21/2020 10:00,2020,8,21,8/21/2020,11,13.922,101.659,1.128,783.4131198,0.988394104
8/21/2020 11:00,2020,8,21,8/21/2020,12,15.657,102.086,1.163,783.3876696,0.988361994
8/21/2020 12:00,2020,8,21,8/21/2020,13,16.459,102.07,1.179,783.3621951,0.988329854
8/21/2020 13:00,2020,8,21,8/21/2020,14,18.689,103.156,1.212,783.3366963,0.988297684
8/21/2020 14:00,2020,8,21,8/21/2020,15,19.692,99.702,1.214,783.3111732,0.988265483
8/21/2020 15:00,2020,8,21,8/21/2020,16,20.734,102.276,1.216,783.2856259,0.988233251
8/21/2020 16:00,2020,8,21,8/21/2020,17,23.215,100.963,1.247,783.2600544,0.988200989
8/21/2020 17:00,2020,8,21,8/21/2020,18,25.692,102.259,1.341,783.2344587,0.988168696
8/21/2020 18:00,2020,8,21,8/21/2020,19,26.9,100.114,1.386,783.2088387,0.988136372
8/21/2020 19:00,2020,8,21,8/21/2020,20,26.165,102.409,1.358,715.8502067,0.903153273
8/21/2020 20:00,2020,8,21,8/21/2020,21,27.089,101.961,1.392,648.4915506,0.818170144
8/21/2020 21:00,2020,8,21,8/21/2020,22,30.212,99.764,1.454,648.4658581,0.818137729
8/21/2020 22:00,2020,8,21,8/21/2020,23,26.823,99.026,1.383,648.4401414,0.818105283
8/21/2020 23:00,2020,8,21,8/21/2020,24,27.059,102.788,1.391,607.533658,0.766495569
8/22/2020 0:00,2020,8,22,8/22/2020,1,25.851,98.308,1.347,566.6271505,0.714885825
8/22/2020 1:00,2020,8,22,8/22/2020,2,24.002,99.85,1.277,566.6013615,0.714853288
8/22/2020 2:00,2020,8,22,8/22/2020,3,24.202,101.582,1.284,566.5755484,0.714820721
8/22/2020 3:00,2020,8,22,8/22/2020,4,21.237,100.726,1.217,566.5497112,0.714788124
8/22/2020 4:00,2020,8,22,8/22/2020,5,18.498,98.688,1.211,566.5238499,0.714755496
8/22/2020 5:00,2020,8,22,8/22/2020,6,17.926,100.79,1.209,566.4979646,0.714722837
8/22/2020 6:00,2020,8,22,8/22/2020,7,16.621,101.476,1.182,566.4720552,0.714690149
8/22/2020 7:00,2020,8,22,8/22/2020,8,16.58,101.3,1.182,598.1411896,0.75464555
8/22/2020 8:00,2020,8,22,8/22/2020,9,15.589,101.601,1.162,674.6338949,0.851152664
8/22/2020 9:00,2020,8,22,8/22/2020,10,15.085,101.495,1.152,751.1265761,0.947659747
8/22/2020 10:00,2020,8,22,8/22/2020,11,16.332,101.981,1.177,782.7956385,0.987615058
8/22/2020 11:00,2020,8,22,8/22/2020,12,15.847,102.622,1.167,782.7696091,0.987582218
8/22/2020 12:00,2020,8,22,8/22/2020,13,16.829,100.684,1.187,782.7435557,0.987549347
8/22/2020 13:00,2020,8,22,8/22/2020,14,18.201,99.787,1.21,782.7174784,0.987516447
8/22/2020 14:00,2020,8,22,8/22/2020,15,18.025,101.635,1.21,782.6913771,0.987483516
8/22/2020 15:00,2020,8,22,8/22/2020,16,20.177,103.337,1.215,782.6652519,0.987450555
8/22/2020 16:00,2020,8,22,8/22/2020,17,23.224,101.949,1.247,782.6391028,0.987417564
8/22/2020 17:00,2020,8,22,8/22/2020,18,24.317,103.154,1.289,782.6129298,0.987384543
8/22/2020 18:00,2020,8,22,8/22/2020,19,25.415,103.149,1.33,782.5867329,0.987351492
8/22/2020 19:00,2020,8,22,8/22/2020,20,27.109,102.514,1.392,715.2275243,0.902367665
8/22/2020 20:00,2020,8,22,8/22/2020,21,28.808,101.419,1.426,647.8682918,0.817383809
8/22/2020 21:00,2020,8,22,8/22/2020,22,28.962,101.108,1.429,647.8420233,0.817350667
8/22/2020 22:00,2020,8,22,8/22/2020,23,25.958,100.104,1.351,647.815731,0.817317495
8/22/2020 23:00,2020,8,22,8/22/2020,24,27.529,99.745,1.401,606.9086723,0.765707055
8/23/2020 0:00,2020,8,23,8/23/2020,1,25.371,100.36,1.328,566.0015897,0.714096586
8/23/2020 1:00,2020,8,23,8/23/2020,2,25.136,101.451,1.32,565.975226,0.714063324
8/23/2020 2:00,2020,8,23,8/23/2020,3,21.776,101.146,1.218,565.9488385,0.714030032
8/23/2020 3:00,2020,8,23,8/23/2020,4,21.244,100.592,1.217,565.9224273,0.71399671
8/23/2020 4:00,2020,8,23,8/23/2020,5,19.932,101.64,1.214,565.8959923,0.713963358
8/23/2020 5:00,2020,8,23,8/23/2020,6,19.219,100.381,1.213,565.8695335,0.713929977
8/23/2020 6:00,2020,8,23,8/23/2020,7,16.838,98.696,1.187,565.843051,0.713896565
8/23/2020 7:00,2020,8,23,8/23/2020,8,15.107,99.119,1.152,597.5116127,0.753851244
8/23/2020 8:00,2020,8,23,8/23/2020,9,15.249,101.611,1.155,674.0037455,0.850357635
8/23/2020 9:00,2020,8,23,8/23/2020,10,12.927,101.494,1.109,750.4958546,0.946863996
8/23/2020 10:00,2020,8,23,8/23/2020,11,14.458,102.633,1.139,782.1643452,0.986818586
8/23/2020 11:00,2020,8,23,8/23/2020,12,16.831,100.492,1.187,782.1377444,0.986785025
8/23/2020 12:00,2020,8,23,8/23/2020,13,17.491,100.615,1.2,782.1111198,0.986751434
8/23/2020 13:00,2020,8,23,8/23/2020,14,19.296,102.503,1.213,782.0844717,0.986717813
8/23/2020 14:00,2020,8,23,8/23/2020,15,20.932,102.1,1.217,782.0577999,0.986684163
8/23/2020 15:00,2020,8,23,8/23/2020,16,22.768,103.088,1.23,782.0311046,0.986650482
8/23/2020 16:00,2020,8,23,8/23/2020,17,24.014,100.722,1.277,782.0043856,0.986616772
8/23/2020 17:00,2020,8,23,8/23/2020,18,23.741,101.717,1.267,781.9776431,0.986583033
8/23/2020 18:00,2020,8,23,8/23/2020,19,25.706,103.54,1.341,781.950877,0.986549263
8/23/2020 19:00,2020,8,23,8/23/2020,20,26.877,102.004,1.385,714.5910996,0.901564719
8/23/2020 20:00,2020,8,23,8/23/2020,21,28.153,97.719,1.413,647.2312985,0.816580145
8/23/2020 21:00,2020,8,23,8/23/2020,22,28.007,99.668,1.41,647.2044619,0.816546287
8/23/2020 22:00,2020,8,23,8/23/2020,23,26.738,99.462,1.38,647.1776017,0.816512399
8/23/2020 23:00,2020,8,23,8/23/2020,24,27.496,99.659,1.4,606.2699754,0.764901243
8/24/2020 0:00,2020,8,24,8/24/2020,1,25.762,97.456,1.343,565.3623256,0.713290057
8/24/2020 1:00,2020,8,24,8/24/2020,2,24.543,102.758,1.297,565.335395,0.71325608
8/24/2020 2:00,2020,8,24,8/24/2020,3,23.584,98.979,1.261,565.308441,0.713222074
8/24/2020 3:00,2020,8,24,8/24/2020,4,20.775,99.89,1.216,565.2814635,0.713188037
8/24/2020 4:00,2020,8,24,8/24/2020,5,20.401,98.353,1.215,565.2544626,0.713153972
8/24/2020 5:00,2020,8,24,8/24/2020,6,17.232,100.244,1.195,565.2274383,0.713119876
8/24/2020 6:00,2020,8,24,8/24/2020,7,16.932,100.925,1.189,565.2003906,0.713085752
8/24/2020 7:00,2020,8,24,8/24/2020,8,15.999,99.903,1.17,596.8683873,0.753039718
8/24/2020 8:00,2020,8,24,8/24/2020,9,14.681,101.903,1.144,673.3599555,0.849545397
8/24/2020 9:00,2020,8,24,8/24/2020,10,14.262,101.01,1.135,749.8515004,0.946051046
8/24/2020 10:00,2020,8,24,8/24/2020,11,16.09,102.032,1.172,781.5194271,0.986004924
8/24/2020 11:00,2020,8,24,8/24/2020,12,16.814,102.854,1.186,781.4922626,0.985970652
8/24/2020 12:00,2020,8,24,8/24/2020,13,17.266,100.861,1.195,781.4650749,0.98593635
8/24/2020 13:00,2020,8,24,8/24/2020,14,18.198,102.521,1.21,781.4378638,0.98590202
8/24/2020 14:00,2020,8,24,8/24/2020,15,20.966,102.273,1.217,781.4106295,0.985867659
8/24/2020 15:00,2020,8,24,8/24/2020,16,21.257,102.894,1.217,781.3833718,0.98583327
8/24/2020 16:00,2020,8,24,8/24/2020,17,24.524,102.339,1.296,781.356091,0.985798851
8/24/2020 17:00,2020,8,24,8/24/2020,18,26.025,100.238,1.353,781.3287869,0.985764403
8/24/2020 18:00,2020,8,24,8/24/2020,19,27.49,102.315,1.4,781.3014595,0.985729925
8/24/2020 19:00,2020,8,24,8/24/2020,20,27.323,100.649,1.396,713.9411211,0.900744673
8/24/2020 20:00,2020,8,24,8/24/2020,21,26.179,100.616,1.359,646.5807595,0.815759392
8/24/2020 21:00,2020,8,24,8/24/2020,22,27.412,100.42,1.398,646.5533626,0.815724827
8/24/2020 22:00,2020,8,24,8/24/2020,23,26.685,99.513,1.378,646.5259425,0.815690232
8/24/2020 23:00,2020,8,24,8/24/2020,24,27.44,99.592,1.399,605.6177566,0.76407837
8/25/2020 0:00,2020,8,25,8/25/2020,1,26.384,99.704,1.367,564.7095476,0.712466479
8/25/2020 1:00,2020,8,25,8/25/2020,2,24.032,100.961,1.278,564.6820581,0.712431797
8/25/2020 2:00,2020,8,25,8/25/2020,3,23.244,99.654,1.248,564.6545455,0.712397086
8/25/2020 3:00,2020,8,25,8/25/2020,4,23.619,99.734,1.262,564.6270098,0.712362345
8/25/2020 4:00,2020,8,25,8/25/2020,5,21.126,99.698,1.217,564.599451,0.712327576
8/25/2020 5:00,2020,8,25,8/25/2020,6,17.743,100.665,1.205,564.5718691,0.712292777
8/25/2020 6:00,2020,8,25,8/25/2020,7,16.503,99.888,1.18,564.5442642,0.712257949
8/25/2020 7:00,2020,8,25,8/25/2020,8,16.164,101.066,1.173,596.211704,0.752211213
8/25/2020 8:00,2020,8,25,8/25/2020,9,16.164,103.029,1.173,672.7027157,0.848716189
8/25/2020 9:00,2020,8,25,8/25/2020,10,15.305,100.69,1.156,749.1937043,0.945221137
8/25/2020 10:00,2020,8,25,8/25/2020,11,13.206,101.028,1.114,780.8610752,0.985174313
8/25/2020 11:00,2020,8,25,8/25/2020,12,15.836,102.973,1.167,780.8333552,0.985139341
8/25/2020 12:00,2020,8,25,8/25/2020,13,17.092,102.191,1.192,780.8056122,0.985104339
8/25/2020 13:00,2020,8,25,8/25/2020,14,17.573,104.11,1.201,780.7778463,0.985069308
8/25/2020 14:00,2020,8,25,8/25/2020,15,18.228,102.639,1.211,780.7500574,0.985034248
8/25/2020 15:00,2020,8,25,8/25/2020,16,21.291,103.228,1.217,780.7222456,0.984999159
8/25/2020 16:00,2020,8,25,8/25/2020,17,24.129,102.262,1.282,780.6944109,0.984964041
8/25/2020 17:00,2020,8,25,8/25/2020,18,23.888,101.97,1.272,780.6665533,0.984928895
8/25/2020 18:00,2020,8,25,8/25/2020,19,25.35,102.89,1.328,780.6386729,0.984893719
8/25/2020 19:00,2020,8,25,8/25/2020,20,26.383,101.85,1.367,713.2777816,0.89990777
8/25/2020 20:00,2020,8,25,8/25/2020,21,26.858,100.448,1.385,645.9168675,0.814921792
8/25/2020 21:00,2020,8,25,8/25/2020,22,27.58,101.209,1.402,645.8889185,0.81488653
8/25/2020 22:00,2020,8,25,8/25/2020,23,27.758,100.273,1.405,645.8609466,0.814851239
8/25/2020 23:00,2020,8,25,8/25/2020,24,27.342,99.903,1.397,604.9522093,0.763238682
8/26/2020 0:00,2020,8,26,8/26/2020,1,25.494,99.064,1.333,564.0434492,0.711626095
8/26/2020 1:00,2020,8,26,8/26/2020,2,23.989,100.526,1.276,564.0154089,0.711590718
8/26/2020 2:00,2020,8,26,8/26/2020,3,22.003,100.974,1.219,563.9873458,0.711555312
8/26/2020 3:00,2020,8,26,8/26/2020,4,21.837,100.445,1.219,563.95926,0.711519878
8/26/2020 4:00,2020,8,26,8/26/2020,5,19.34,99.291,1.213,563.9311515,0.711484415
8/26/2020 5:00,2020,8,26,8/26/2020,6,17.214,98.849,1.194,563.9030202,0.711448923
8/26/2020 6:00,2020,8,26,8/26/2020,7,17.472,100.517,1.199,563.8748663,0.711413402
8/26/2020 7:00,2020,8,26,8/26/2020,8,14.878,101.506,1.148,595.5417574,0.751365974
8/26/2020 8:00,2020,8,26,8/26/2020,9,14.769,101.711,1.145,672.0322207,0.847870259
8/26/2020 9:00,2020,8,26,8/26/2020,10,13.596,98.828,1.122,748.5226614,0.944374515
8/26/2020 10:00,2020,8,26,8/26/2020,11,14.195,100.909,1.134,780.1894846,0.984327
8/26/2020 11:00,2020,8,26,8/26/2020,12,15.872,99.672,1.167,780.1612172,0.984291337
8/26/2020 12:00,2020,8,26,8/26/2020,13,16.424,100.143,1.178,780.1329273,0.984255645
8/26/2020 13:00,2020,8,26,8/26/2020,14,17.922,99.19,1.208,780.1046147,0.984219924
8/26/2020 14:00,2020,8,26,8/26/2020,15,20.617,100.619,1.216,780.0762796,0.984184175
8/26/2020 15:00,2020,8,26,8/26/2020,16,20.32,100.677,1.215,780.0479219,0.984148398
8/26/2020 16:00,2020,8,26,8/26/2020,17,22.583,98.514,1.223,780.0195416,0.984112592
8/26/2020 17:00,2020,8,26,8/26/2020,18,23.362,98.502,1.253,779.9911387,0.984076757
8/26/2020 18:00,2020,8,26,8/26/2020,19,24.502,99.189,1.296,779.9627134,0.984040894
8/26/2020 19:00,2020,8,26,8/26/2020,20,25.862,101.102,1.347,712.6012776,0.899054258
8/26/2020 20:00,2020,8,26,8/26/2020,21,26.789,98.323,1.382,645.2398193,0.814067593
8/26/2020 21:00,2020,8,26,8/26/2020,22,28.169,101.014,1.413,645.2113264,0.814031645
8/26/2020 22:00,2020,8,26,8/26/2020,23,27.636,100.168,1.403,645.182811,0.813995669
8/26/2020 23:00,2020,8,26,8/26/2020,24,26.79,99.366,1.382,604.2735306,0.762382426
8/27/2020 0:00,2020,8,27,8/27/2020,1,26.545,100.419,1.373,563.3642276,0.710769155
8/27/2020 1:00,2020,8,27,8/27/2020,2,23.165,101.134,1.245,563.3356449,0.710733093
8/27/2020 2:00,2020,8,27,8/27/2020,3,23.697,101.184,1.265,563.3070398,0.710697003
8/27/2020 3:00,2020,8,27,8/27/2020,4,20.475,100.195,1.216,563.2784122,0.710660885
8/27/2020 4:00,2020,8,27,8/27/2020,5,18.541,98.929,1.211,563.2497623,0.710624739
8/27/2020 5:00,2020,8,27,8/27/2020,6,17.836,100.961,1.207,563.2210899,0.710588565
8/27/2020 6:00,2020,8,27,8/27/2020,7,16.175,98.631,1.173,563.1923953,0.710552362
8/27/2020 7:00,2020,8,27,8/27/2020,8,17.144,101.424,1.193,594.8587461,0.750504252
8/27/2020 8:00,2020,8,27,8/27/2020,9,16.602,98.049,1.182,671.3486694,0.847007855
8/27/2020 9:00,2020,8,27,8/27/2020,10,14.742,100.083,1.145,747.8385704,0.943511431
8/27/2020 10:00,2020,8,27,8/27/2020,11,14.553,101.09,1.141,779.5048542,0.983463236
8/27/2020 11:00,2020,8,27,8/27/2020,12,16.459,100.202,1.179,779.476048,0.983426892
8/27/2020 12:00,2020,8,27,8/27/2020,13,16.372,101.941,1.177,779.4472195,0.983390521
8/27/2020 13:00,2020,8,27,8/27/2020,14,17.002,100.497,1.19,779.4183687,0.983354121
8/27/2020 14:00,2020,8,27,8/27/2020,15,19.698,98.305,1.214,779.3894956,0.983317693
8/27/2020 15:00,2020,8,27,8/27/2020,16,20.927,102.477,1.217,779.3606004,0.983281238
8/27/2020 16:00,2020,8,27,8/27/2020,17,23.299,100.846,1.25,779.3316829,0.983244754
8/27/2020 17:00,2020,8,27,8/27/2020,18,25.104,100.673,1.318,779.3027432,0.983208242
8/27/2020 18:00,2020,8,27,8/27/2020,19,26.715,99.905,1.379,779.2737814,0.983171702
8/27/2020 19:00,2020,8,27,8/27/2020,20,25.937,101.736,1.35,711.9118095,0.89818439
8/27/2020 20:00,2020,8,27,8/27/2020,21,28.128,99.572,1.413,644.5498155,0.813197049
8/27/2020 21:00,2020,8,27,8/27/2020,22,27.261,100.491,1.395,644.5207872,0.813160425
8/27/2020 22:00,2020,8,27,8/27/2020,23,28.484,101.159,1.42,644.4917367,0.813123774
8/27/2020 23:00,2020,8,27,8/27/2020,24,27.332,99.307,1.397,603.5819215,0.761509856
8/28/2020 0:00,2020,8,28,8/28/2020,1,25.224,99.4,1.323,562.6720843,0.709895911
8/28/2020 1:00,2020,8,28,8/28/2020,2,23.907,99.207,1.273,562.6429676,0.709859176
8/28/2020 2:00,2020,8,28,8/28/2020,3,22.404,99.072,1.22,562.6138288,0.709822413
8/28/2020 3:00,2020,8,28,8/28/2020,4,20.679,100.014,1.216,562.584668,0.709785622
8/28/2020 4:00,2020,8,28,8/28/2020,5,20.33,101.364,1.215,562.5554851,0.709748804
8/28/2020 5:00,2020,8,28,8/28/2020,6,16.675,99.295,1.183,562.5262802,0.709711957
8/28/2020 6:00,2020,8,28,8/28/2020,7,17.21,100.365,1.194,562.4970534,0.709675083
8/28/2020 7:00,2020,8,28,8/28/2020,8,15.418,100.28,1.158,594.1628723,0.749626302
8/28/2020 8:00,2020,8,28,8/28/2020,9,14.778,101.978,1.146,670.6522642,0.846129235
8/28/2020 9:00,2020,8,28,8/28/2020,10,14.117,102.304,1.132,747.141634,0.94263214
8/28/2020 10:00,2020,8,28,8/28/2020,11,13.175,100.602,1.113,778.8073871,0.982583275
8/28/2020 11:00,2020,8,28,8/28/2020,12,16.752,101.791,1.185,778.7780505,0.982546263
8/28/2020 12:00,2020,8,28,8/28/2020,13,15.511,101.273,1.16,778.7486919,0.982509223
8/28/2020 13:00,2020,8,28,8/28/2020,14,17.275,101.5,1.195,778.7193114,0.982472155
8/28/2020 14:00,2020,8,28,8/28/2020,15,19.817,101.242,1.214,778.689909,0.982435059
8/28/2020 15:00,2020,8,28,8/28/2020,16,21.363,100.45,1.217,778.6604848,0.982397936
8/28/2020 16:00,2020,8,28,8/28/2020,17,23.774,102.37,1.268,778.6310387,0.982360785
8/28/2020 17:00,2020,8,28,8/28/2020,18,24.42,104.055,1.293,778.6015708,0.982323607
8/28/2020 18:00,2020,8,28,8/28/2020,19,25.222,102.3,1.323,778.5720811,0.982286401
8/28/2020 19:00,2020,8,28,8/28/2020,20,26.59,103.91,1.375,711.2095816,0.897298423
8/28/2020 20:00,2020,8,28,8/28/2020,21,26.853,99.573,1.384,643.8470604,0.812310417
8/28/2020 21:00,2020,8,28,8/28/2020,22,26.349,99.888,1.365,643.8175053,0.812273129
8/28/2020 22:00,2020,8,28,8/28/2020,23,28.124,100.284,1.412,643.7879285,0.812235813
8/28/2020 23:00,2020,8,28,8/28/2020,24,28.232,98.024,1.415,602.8775872,0.760621232
8/29/2020 0:00,2020,8,29,8/29/2020,1,26.143,100.433,1.358,561.9672242,0.709006623
8/29/2020 1:00,2020,8,29,8/29/2020,2,25.327,99.544,1.327,561.9375821,0.708969226
8/29/2020 2:00,2020,8,29,8/29/2020,3,21.04,100.329,1.217,561.9079184,0.7089318
8/29/2020 3:00,2020,8,29,8/29/2020,4,21.417,98.954,1.218,561.8782329,0.708894347
8/29/2020 4:00,2020,8,29,8/29/2020,5,22.038,101.502,1.219,561.8485258,0.708856867
8/29/2020 5:00,2020,8,29,8/29/2020,6,16.787,99.851,1.186,561.818797,0.70881936
8/29/2020 6:00,2020,8,29,8/29/2020,7,17.281,100.056,1.196,561.7890466,0.708781825
8/29/2020 7:00,2020,8,29,8/29/2020,8,14.922,98.753,1.148,593.4543424,0.748732384
8/29/2020 8:00,2020,8,29,8/29/2020,9,14.809,101.103,1.146,669.9432114,0.845234657
8/29/2020 9:00,2020,8,29,8/29/2020,10,13.805,101.225,1.126,746.4320588,0.941736904
8/29/2020 10:00,2020,8,29,8/29/2020,11,14.798,102.438,1.146,778.0972898,0.98168738
8/29/2020 11:00,2020,8,29,8/29/2020,12,14.36,102.834,1.137,778.0674315,0.98164971
8/29/2020 12:00,2020,8,29,8/29/2020,13,16.865,101.03,1.187,778.0375515,0.981612011
8/29/2020 13:00,2020,8,29,8/29/2020,14,16.257,101.623,1.175,778.0076501,0.981574286
8/29/2020 14:00,2020,8,29,8/29/2020,15,19.06,101.281,1.212,777.9777271,0.981536534
8/29/2020 15:00,2020,8,29,8/29/2020,16,23.151,101.589,1.245,777.9477826,0.981498754
8/29/2020 16:00,2020,8,29,8/29/2020,17,23.221,100.596,1.247,777.9178166,0.981460948
8/29/2020 17:00,2020,8,29,8/29/2020,18,24.556,101.107,1.298,777.8878292,0.981423114
8/29/2020 18:00,2020,8,29,8/29/2020,19,25.279,102.664,1.325,777.8578203,0.981385253
8/29/2020 19:00,2020,8,29,8/29/2020,20,27.2,101.693,1.394,710.4948021,0.896396621
8/29/2020 20:00,2020,8,29,8/29/2020,21,27.137,101.88,1.393,643.1317625,0.811407961
8/29/2020 21:00,2020,8,29,8/29/2020,22,29.38,100.402,1.438,643.1016893,0.811370019
8/29/2020 22:00,2020,8,29,8/29/2020,23,28.385,99.377,1.418,643.0715948,0.81133205
8/29/2020 23:00,2020,8,29,8/29/2020,24,28.444,100.048,1.419,602.1607362,0.759716816
8/30/2020 0:00,2020,8,30,8/30/2020,1,25.856,99.963,1.347,561.2498563,0.708101555
8/30/2020 1:00,2020,8,30,8/30/2020,2,24.278,99.732,1.287,561.2196976,0.708063506
8/30/2020 2:00,2020,8,30,8/30/2020,3,23.523,101.421,1.259,561.1895177,0.708025429
8/30/2020 3:00,2020,8,30,8/30/2020,4,20.308,97.69,1.215,561.1593164,0.707987326
8/30/2020 4:00,2020,8,30,8/30/2020,5,18.463,100.699,1.211,561.1290938,0.707949195
8/30/2020 5:00,2020,8,30,8/30/2020,6,17.929,101.478,1.209,561.0988499,0.707911038
8/30/2020 6:00,2020,8,30,8/30/2020,7,16.578,101.461,1.182,561.0685848,0.707872854
8/30/2020 7:00,2020,8,30,8/30/2020,8,15.055,99.513,1.151,592.7333662,0.747822764
8/30/2020 8:00,2020,8,30,8/30/2020,9,15.783,102.431,1.166,669.2217213,0.844324389
8/30/2020 9:00,2020,8,30,8/30/2020,10,14.08,103.252,1.132,745.7100551,0.940825987
8/30/2020 10:00,2020,8,30,8/30/2020,11,14.909,101.21,1.148,777.3747729,0.980775816
8/30/2020 11:00,2020,8,30,8/30/2020,12,15.513,103.051,1.16,777.3444016,0.980737498
8/30/2020 12:00,2020,8,30,8/30/2020,13,16.779,101.971,1.186,777.3140092,0.980699153
8/30/2020 13:00,2020,8,30,8/30/2020,14,17.804,101.996,1.206,777.2835956,0.980660782
8/30/2020 14:00,2020,8,30,8/30/2020,15,19.605,103.536,1.214,777.2531609,0.980622384
8/30/2020 15:00,2020,8,30,8/30/2020,16,21.056,101.821,1.217,777.222705,0.980583959
8/30/2020 16:00,2020,8,30,8/30/2020,17,24.874,102.594,1.31,777.192228,0.980545508
8/30/2020 17:00,2020,8,30,8/30/2020,18,24.722,102.687,1.304,777.16173,0.98050703
8/30/2020 18:00,2020,8,30,8/30/2020,19,26.395,100.999,1.367,777.1312108,0.980468526
8/30/2020 19:00,2020,8,30,8/30/2020,20,27.456,102.81,1.399,709.7676827,0.89547925
8/30/2020 20:00,2020,8,30,8/30/2020,21,26.956,100.571,1.388,642.4041336,0.810489947
8/30/2020 21:00,2020,8,30,8/30/2020,22,27.739,99.534,1.405,642.3735513,0.810451363
8/30/2020 22:00,2020,8,30,8/30/2020,23,28.336,100.139,1.417,642.342948,0.810412752
8/30/2020 23:00,2020,8,30,8/30/2020,24,26.695,100.564,1.378,601.431581,0.758796877
8/31/2020 0:00,2020,8,31,8/31/2020,1,26.445,99.193,1.369,560.5201931,0.707180975
8/31/2020 1:00,2020,8,31,8/31/2020,2,25.766,100.289,1.343,560.4895268,0.707142285
8/31/2020 2:00,2020,8,31,8/31/2020,3,22.769,100.229,1.23,560.4588396,0.707103568
8/31/2020 3:00,2020,8,31,8/31/2020,4,20.564,98.605,1.216,560.4281314,0.707064825
8/31/2020 4:00,2020,8,31,8/31/2020,5,19.178,101.001,1.213,560.3974023,0.707026056
8/31/2020 5:00,2020,8,31,8/31/2020,6,18.171,99.427,1.21,560.3666523,0.70698726
8/31/2020 6:00,2020,8,31,8/31/2020,7,15.585,99.301,1.162,560.3358814,0.706948438
8/31/2020 7:00,2020,8,31,8/31/2020,8,16.589,100.696,1.182,592.0001575,0.74689771
8/31/2020 8:00,2020,8,31,8/31/2020,9,14.762,100.812,1.145,668.4880075,0.843398698
8/31/2020 9:00,2020,8,31,8/31/2020,10,14.694,101.523,1.144,744.9758367,0.939899659
8/31/2020 10:00,2020,8,31,8/31/2020,11,15.044,101.233,1.151,776.6400502,0.979848852
8/31/2020 11:00,2020,8,31,8/31/2020,12,14.777,101.606,1.146,776.6091751,0.979809899
8/31/2020 12:00,2020,8,31,8/31/2020,13,15.807,101.403,1.166,776.5782792,0.979770919
8/31/2020 13:00,2020,8,31,8/31/2020,14,18.138,102.199,1.21,776.5473625,0.979731913
8/31/2020 14:00,2020,8,31,8/31/2020,15,19.241,104.505,1.213,776.516425,0.97969288
8/31/2020 15:00,2020,8,31,8/31/2020,16,22.155,103.596,1.219,776.4854668,0.979653822
8/31/2020 16:00,2020,8,31,8/31/2020,17,22.418,103.133,1.22,776.4544879,0.979614737
8/31/2020 17:00,2020,8,31,8/31/2020,18,25.225,101.947,1.323,776.4234882,0.979575627
8/31/2020 18:00,2020,8,31,8/31/2020,19,25.808,101.855,1.345,776.3924678,0.97953649
8/31/2020 19:00,2020,8,31,8/31/2020,20,28.103,100.82,1.412,709.0284389,0.894546582
8/31/2020 20:00,2020,8,31,8/31/2020,21,26.829,99.586,1.384,641.6643893,0.809556648
8/31/2020 21:00,2020,8,31,8/31/2020,22,27.89,99.254,1.408,641.633307,0.809517432
8/31/2020 22:00,2020,8,31,8/31/2020,23,27.727,100.489,1.405,641.602204,0.809478191
8/31/2020 23:00,2020,8,31,8/31/2020,24,25.81,99.53,1.345,600.6903377,0.757861686
9/1/2020 0:00,2020,9,1,9/1/2020,1,25.481,99.262,1.333,557.5894085,0.703483347
9/1/2020 1:00,2020,9,1,9/1/2020,2,23.564,100.65,1.26,557.5582437,0.703444028
9/1/2020 2:00,2020,9,1,9/1/2020,3,21.699,99.399,1.218,557.5270583,0.703404683
9/1/2020 3:00,2020,9,1,9/1/2020,4,20.016,100.381,1.214,557.4958523,0.703365312
9/1/2020 4:00,2020,9,1,9/1/2020,5,20.102,98.412,1.215,557.4646258,0.703325915
9/1/2020 5:00,2020,9,1,9/1/2020,6,16.587,100.693,1.182,557.4333788,0.703286492
9/1/2020 6:00,2020,9,1,9/1/2020,7,16.157,98.351,1.173,557.4021113,0.703247043
9/1/2020 7:00,2020,9,1,9/1/2020,8,14.792,99.66,1.146,588.8036002,0.742864769
9/1/2020 8:00,2020,9,1,9/1/2020,9,14.41,103.542,1.138,664.657728,0.838566221
9/1/2020 9:00,2020,9,1,9/1/2020,10,14.32,99.172,1.136,740.5118353,0.934267647
9/1/2020 10:00,2020,9,1,9/1/2020,11,12.636,102.867,1.103,771.9132628,0.973885295
9/1/2020 11:00,2020,9,1,9/1/2020,12,14.993,100.246,1.15,771.8818929,0.973845717
9/1/2020 12:00,2020,9,1,9/1/2020,13,16.73,102.638,1.185,771.8505027,0.973806114
9/1/2020 13:00,2020,9,1,9/1/2020,14,16.504,98.925,1.18,771.819092,0.973766485
9/1/2020 14:00,2020,9,1,9/1/2020,15,16.963,104.253,1.189,771.787661,0.97372683
9/1/2020 15:00,2020,9,1,9/1/2020,16,21.717,101.016,1.218,771.7562096,0.973687149
9/1/2020 16:00,2020,9,1,9/1/2020,17,21.039,102.517,1.217,771.7247379,0.973647443
9/1/2020 17:00,2020,9,1,9/1/2020,18,24.327,102.77,1.289,771.6932458,0.973607711
9/1/2020 18:00,2020,9,1,9/1/2020,19,24.973,101.177,1.313,771.6617334,0.973567953
9/1/2020 19:00,2020,9,1,9/1/2020,20,24.251,103.38,1.286,704.8544236,0.88928043
9/1/2020 20:00,2020,9,1,9/1/2020,21,28.131,100.921,1.413,638.0470936,0.804992882
9/1/2020 21:00,2020,9,1,9/1/2020,22,25.881,99.527,1.348,638.0155203,0.804953048
9/1/2020 22:00,2020,9,1,9/1/2020,23,25.683,100.138,1.34,637.9839268,0.804913188
9/1/2020 23:00,2020,9,1,9/1/2020,24,23.438,99.919,1.255,597.409877,0.753722889
9/2/2020 0:00,2020,9,2,9/2/2020,1,24.696,101.256,1.303,556.835807,0.702532565
9/2/2020 1:00,2020,9,2,9/2/2020,2,23.702,100.57,1.265,556.8041528,0.702492628
9/2/2020 2:00,2020,9,2,9/2/2020,3,22.165,100.054,1.219,556.7724785,0.702452666
9/2/2020 3:00,2020,9,2,9/2/2020,4,19.011,100.734,1.212,556.740784,0.702412679
9/2/2020 4:00,2020,9,2,9/2/2020,5,18.157,100.006,1.21,556.7090694,0.702372666
9/2/2020 5:00,2020,9,2,9/2/2020,6,16.227,98.247,1.175,556.6773346,0.702332628
9/2/2020 6:00,2020,9,2,9/2/2020,7,14.136,100.291,1.133,556.6455797,0.702292564
9/2/2020 7:00,2020,9,2,9/2/2020,8,13.905,100.593,1.128,588.0465816,0.741909676
9/2/2020 8:00,2020,9,2,9/2/2020,9,14.573,101.925,1.141,663.9002228,0.837610514
9/2/2020 9:00,2020,9,2,9/2/2020,10,13.112,100.509,1.112,739.7538439,0.933311326
9/2/2020 10:00,2020,9,2,9/2/2020,11,14.122,100.256,1.132,771.1547856,0.972928362
9/2/2020 11:00,2020,9,2,9/2/2020,12,15.192,101.589,1.154,771.1229303,0.972888171
9/2/2020 12:00,2020,9,2,9/2/2020,13,14.333,99.29,1.137,771.091055,0.972847956
9/2/2020 13:00,2020,9,2,9/2/2020,14,16.891,101.875,1.188,771.0591598,0.972807715
9/2/2020 14:00,2020,9,2,9/2/2020,15,19.08,101.099,1.212,771.0272445,0.972767449
9/2/2020 15:00,2020,9,2,9/2/2020,16,21.095,101.245,1.217,770.9953092,0.972727158
9/2/2020 16:00,2020,9,2,9/2/2020,17,22.149,100.448,1.219,770.963354,0.972686842
9/2/2020 17:00,2020,9,2,9/2/2020,18,22.69,99.057,1.227,770.9313789,0.9726465
9/2/2020 18:00,2020,9,2,9/2/2020,19,25.402,101.055,1.33,770.8993838,0.972606134
9/2/2020 19:00,2020,9,2,9/2/2020,20,26.065,99.484,1.355,704.0915917,0.888318002
9/2/2020 20:00,2020,9,2,9/2/2020,21,25.291,98.485,1.325,637.2837797,0.804029846
9/2/2020 21:00,2020,9,2,9/2/2020,22,28.725,100.613,1.425,637.251725,0.803989404
9/2/2020 22:00,2020,9,2,9/2/2020,23,26.738,99.149,1.38,637.2196504,0.803948937
9/2/2020 23:00,2020,9,2,9/2/2020,24,26.065,100.196,1.355,596.6451199,0.752758032
9/3/2020 0:00,2020,9,3,9/3/2020,1,24.934,101.639,1.312,556.0705695,0.701567102
9/3/2020 1:00,2020,9,3,9/3/2020,2,23.796,99.668,1.269,556.0384354,0.70152656
9/3/2020 2:00,2020,9,3,9/3/2020,3,21.69,97.758,1.218,556.0062815,0.701485993
9/3/2020 3:00,2020,9,3,9/3/2020,4,20.378,101.571,1.215,555.9741079,0.701445401
9/3/2020 4:00,2020,9,3,9/3/2020,5,17.851,100.526,1.207,555.9419145,0.701404784
9/3/2020 5:00,2020,9,3,9/3/2020,6,17.188,102.111,1.194,555.9097014,0.701364142
9/3/2020 6:00,2020,9,3,9/3/2020,7,15.12,97.168,1.152,555.8774685,0.701323476
9/3/2020 7:00,2020,9,3,9/3/2020,8,14.494,98.642,1.14,587.2779928,0.740939985
9/3/2020 8:00,2020,9,3,9/3/2020,9,13.453,99.642,1.119,663.1311569,0.836640221
9/3/2020 9:00,2020,9,3,9/3/2020,10,14.207,100.24,1.134,738.9843012,0.932340431
9/3/2020 10:00,2020,9,3,9/3/2020,11,13.341,99.877,1.117,770.3847665,0.971956866
9/3/2020 11:00,2020,9,3,9/3/2020,12,14.386,98.625,1.138,770.3524353,0.971916075
9/3/2020 12:00,2020,9,3,9/3/2020,13,16.401,100.056,1.178,770.3200844,0.97187526
9/3/2020 13:00,2020,9,3,9/3/2020,14,17.162,98.83,1.193,770.2877139,0.97183442
9/3/2020 14:00,2020,9,3,9/3/2020,15,18.493,99.489,1.211,770.2553238,0.971793555
9/3/2020 15:00,2020,9,3,9/3/2020,16,18.252,99.754,1.211,770.2229142,0.971752665
9/3/2020 16:00,2020,9,3,9/3/2020,17,20.935,99.919,1.217,770.190485,0.971711751
9/3/2020 17:00,2020,9,3,9/3/2020,18,22.966,101.742,1.238,770.1580362,0.971670812
9/3/2020 18:00,2020,9,3,9/3/2020,19,23.694,101.318,1.265,770.125568,0.971629848
9/3/2020 19:00,2020,9,3,9/3/2020,20,24.795,100.274,1.307,703.3173031,0.88734112
9/3/2020 20:00,2020,9,3,9/3/2020,21,26.689,101.879,1.378,636.5090187,0.803052368
9/3/2020 21:00,2020,9,3,9/3/2020,22,26.603,99.839,1.375,636.4764919,0.803011331
9/3/2020 22:00,2020,9,3,9/3/2020,23,26.175,98.134,1.359,636.4439457,0.802970269
9/3/2020 23:00,2020,9,3,9/3/2020,24,26.493,99.19,1.371,595.868944,0.751778769
9/4/2020 0:00,2020,9,4,9/4/2020,1,24.13,100.59,1.282,555.2939228,0.700587245
9/4/2020 1:00,2020,9,4,9/4/2020,2,24.497,101.372,1.295,555.2613183,0.700546109
9/4/2020 2:00,2020,9,4,9/4/2020,3,22.909,100.877,1.235,555.2286944,0.700504949
9/4/2020 3:00,2020,9,4,9/4/2020,4,20.296,99.012,1.215,555.1960512,0.700463765
9/4/2020 4:00,2020,9,4,9/4/2020,5,17.608,101.616,1.202,555.1633886,0.700422556
9/4/2020 5:00,2020,9,4,9/4/2020,6,16.77,100.716,1.185,555.1307066,0.700381323
9/4/2020 6:00,2020,9,4,9/4/2020,7,15.678,100.059,1.164,555.0980053,0.700340065
9/4/2020 7:00,2020,9,4,9/4/2020,8,15.391,99.209,1.158,586.4980616,0.739955984
9/4/2020 8:00,2020,9,4,9/4/2020,9,13.948,103.541,1.129,662.3507581,0.83565563
9/4/2020 9:00,2020,9,4,9/4/2020,10,13.733,102.428,1.125,738.2034352,0.931355251
9/4/2020 10:00,2020,9,4,9/4/2020,11,13.819,101.202,1.126,769.6034337,0.970971097
9/4/2020 11:00,2020,9,4,9/4/2020,12,14.792,101.137,1.146,769.570636,0.970929717
9/4/2020 12:00,2020,9,4,9/4/2020,13,14.947,101.649,1.149,769.5378192,0.970888314
9/4/2020 13:00,2020,9,4,9/4/2020,14,17.499,100.626,1.2,769.5049831,0.970846886
9/4/2020 14:00,2020,9,4,9/4/2020,15,17.622,100.302,1.202,769.4721278,0.970805434
9/4/2020 15:00,2020,9,4,9/4/2020,16,20.244,101.385,1.215,769.4392534,0.970763958
9/4/2020 16:00,2020,9,4,9/4/2020,17,21.885,102.757,1.219,769.4063598,0.970722458
9/4/2020 17:00,2020,9,4,9/4/2020,18,24.288,100.33,1.288,769.373447,0.970680934
9/4/2020 18:00,2020,9,4,9/4/2020,19,25.055,101.428,1.317,769.3405152,0.970639385
9/4/2020 19:00,2020,9,4,9/4/2020,20,27.281,101.645,1.396,702.5317871,0.886350073
9/4/2020 20:00,2020,9,4,9/4/2020,21,27.733,97.386,1.405,635.72304,0.802060737
9/4/2020 21:00,2020,9,4,9/4/2020,22,26.088,97.9,1.356,635.6900508,0.802019116
9/4/2020 22:00,2020,9,4,9/4/2020,23,26.172,99.686,1.359,635.6570427,0.801977471
9/4/2020 23:00,2020,9,4,9/4/2020,24,24.766,100.362,1.306,595.0815793,0.750785389
9/5/2020 0:00,2020,9,5,9/5/2020,1,24.675,101.154,1.302,554.506097,0.699593283
9/5/2020 1:00,2020,9,5,9/5/2020,2,22.56,101.075,1.222,554.4730318,0.699551567
9/5/2020 2:00,2020,9,5,9/5/2020,3,21.811,101.22,1.218,554.4399476,0.699509826
9/5/2020 3:00,2020,9,5,9/5/2020,4,19.998,99.291,1.214,554.4068444,0.699468061
9/5/2020 4:00,2020,9,5,9/5/2020,5,19.48,100.71,1.213,554.3737222,0.699426273
9/5/2020 5:00,2020,9,5,9/5/2020,6,16.184,100.739,1.174,554.3405811,0.69938446
9/5/2020 6:00,2020,9,5,9/5/2020,7,14.987,99.676,1.15,554.3074211,0.699342624
9/5/2020 7:00,2020,9,5,9/5/2020,8,15.615,100.77,1.162,585.7070191,0.738957964
9/5/2020 8:00,2020,9,5,9/5/2020,9,13.483,102.939,1.12,661.5592576,0.834657032
9/5/2020 9:00,2020,9,5,9/5/2020,10,12.566,99.665,1.101,737.4114773,0.930356076
9/5/2020 10:00,2020,9,5,9/5/2020,11,14.491,103.001,1.14,768.8110187,0.969971345
9/5/2020 11:00,2020,9,5,9/5/2020,12,15.299,102.061,1.156,768.7777644,0.96992939
9/5/2020 12:00,2020,9,5,9/5/2020,13,15.468,101.613,1.159,768.7444912,0.969887411
9/5/2020 13:00,2020,9,5,9/5/2020,14,16.248,102.875,1.175,768.7111993,0.969845408
9/5/2020 14:00,2020,9,5,9/5/2020,15,19.264,102.985,1.213,768.6778885,0.969803381
9/5/2020 15:00,2020,9,5,9/5/2020,16,20.173,100.444,1.215,768.644559,0.969761331
9/5/2020 16:00,2020,9,5,9/5/2020,17,21.415,102.351,1.218,768.6112108,0.969719257
9/5/2020 17:00,2020,9,5,9/5/2020,18,22.527,100.326,1.221,768.5778438,0.96967716
9/5/2020 18:00,2020,9,5,9/5/2020,19,23.906,100.854,1.273,768.5444581,0.969635039
9/5/2020 19:00,2020,9,5,9/5/2020,20,25.368,102.801,1.328,701.7352767,0.885345155
9/5/2020 20:00,2020,9,5,9/5/2020,21,26.626,99.214,1.376,634.9260765,0.801055247
9/5/2020 21:00,2020,9,5,9/5/2020,22,26.289,99.105,1.363,634.8926348,0.801013055
9/5/2020 22:00,2020,9,5,9/5/2020,23,24.829,99.508,1.308,634.8591744,0.80097084
9/5/2020 23:00,2020,9,5,9/5/2020,24,26.709,100.922,1.379,594.2832593,0.749778188
9/6/2020 0:00,2020,9,6,9/6/2020,1,24.768,98.459,1.306,553.7073256,0.698585512
9/6/2020 1:00,2020,9,6,9/6/2020,2,22.188,98.657,1.219,553.6738094,0.698543227
9/6/2020 2:00,2020,9,6,9/6/2020,3,20.935,100.741,1.217,553.6402747,0.698500918
9/6/2020 3:00,2020,9,6,9/6/2020,4,18.061,98.601,1.21,553.6067213,0.698458585
9/6/2020 4:00,2020,9,6,9/6/2020,5,18.945,98.656,1.212,553.5731495,0.698416229
9/6/2020 5:00,2020,9,6,9/6/2020,6,16.332,100.166,1.177,553.5395591,0.69837385
9/6/2020 6:00,2020,9,6,9/6/2020,7,16.274,101.178,1.175,553.5059502,0.698331447
9/6/2020 7:00,2020,9,6,9/6/2020,8,15.077,99.049,1.152,584.9050997,0.737946222
9/6/2020 8:00,2020,9,6,9/6/2020,9,12.858,103.27,1.107,660.7568902,0.833644724
9/6/2020 9:00,2020,9,6,9/6/2020,10,13.96,101.044,1.129,736.6086621,0.929343203
9/6/2020 10:00,2020,9,6,9/6/2020,11,14.32,100.874,1.136,768.0077563,0.968957908
9/6/2020 11:00,2020,9,6,9/6/2020,12,15.266,102.432,1.155,767.9740551,0.968915389
9/6/2020 12:00,2020,9,6,9/6/2020,13,15.803,101.414,1.166,767.9403356,0.968872847
9/6/2020 13:00,2020,9,6,9/6/2020,14,17.795,102.954,1.206,767.9065976,0.968830281
9/6/2020 14:00,2020,9,6,9/6/2020,15,18.925,103.218,1.212,767.8728413,0.968787693
9/6/2020 15:00,2020,9,6,9/6/2020,16,20.722,102.155,1.216,767.8390666,0.968745081
9/6/2020 16:00,2020,9,6,9/6/2020,17,19.895,104.174,1.214,767.8052736,0.968702446
9/6/2020 17:00,2020,9,6,9/6/2020,18,23.383,102.43,1.253,767.7714623,0.968659788
9/6/2020 18:00,2020,9,6,9/6/2020,19,24.687,102.347,1.303,767.7376327,0.968617106
9/6/2020 19:00,2020,9,6,9/6/2020,20,26.433,101.036,1.369,700.9280077,0.884326663
9/6/2020 20:00,2020,9,6,9/6/2020,21,26.044,101.541,1.354,634.1183644,0.800036196
9/6/2020 21:00,2020,9,6,9/6/2020,22,26.236,99.187,1.361,634.08448,0.799993446
9/6/2020 22:00,2020,9,6,9/6/2020,23,27.641,102.071,1.403,634.0505774,0.799950673
9/6/2020 23:00,2020,9,6,9/6/2020,24,25.452,100.017,1.332,593.4742204,0.748757463
9/7/2020 0:00,2020,9,7,9/7/2020,1,24.376,100.642,1.291,552.8978453,0.697564231
9/7/2020 1:00,2020,9,7,9/7/2020,2,22.402,100.732,1.22,552.8638881,0.697521389
9/7/2020 2:00,2020,9,7,9/7/2020,3,20.185,99.946,1.215,552.8299127,0.697478523
9/7/2020 3:00,2020,9,7,9/7/2020,4,19.99,100.312,1.214,552.7959192,0.697435635
9/7/2020 4:00,2020,9,7,9/7/2020,5,17.37,99.544,1.197,552.7619076,0.697392725
9/7/2020 5:00,2020,9,7,9/7/2020,6,17.807,100.983,1.206,552.7278778,0.697349791
9/7/2020 6:00,2020,9,7,9/7/2020,7,15.867,99.899,1.167,552.69383,0.697306835
9/7/2020 7:00,2020,9,7,9/7/2020,8,14.56,98.656,1.141,584.092541,0.736921056
9/7/2020 8:00,2020,9,7,9/7/2020,9,13.286,102.212,1.116,659.9438933,0.832619006
9/7/2020 9:00,2020,9,7,9/7/2020,10,13.695,100.927,1.124,735.7952276,0.928316933
9/7/2020 10:00,2020,9,7,9/7/2020,11,14.289,99.949,1.136,767.1938845,0.967931086
9/7/2020 11:00,2020,9,7,9/7/2020,12,13.972,101.829,1.129,767.1597465,0.967888016
9/7/2020 12:00,2020,9,7,9/7/2020,13,16.116,100.544,1.172,767.1255905,0.967844923
9/7/2020 13:00,2020,9,7,9/7/2020,14,17.449,101.354,1.199,767.0914166,0.967801807
9/7/2020 14:00,2020,9,7,9/7/2020,15,18.517,101.391,1.211,767.0572247,0.967758669
9/7/2020 15:00,2020,9,7,9/7/2020,16,20.439,102.355,1.215,767.0230148,0.967715508
9/7/2020 16:00,2020,9,7,9/7/2020,17,22.884,102.603,1.235,766.9887871,0.967672325
9/7/2020 17:00,2020,9,7,9/7/2020,18,21.805,102.212,1.218,766.9545414,0.967629118
9/7/2020 18:00,2020,9,7,9/7/2020,19,25.144,102.39,1.32,766.9202779,0.96758589
9/7/2020 19:00,2020,9,7,9/7/2020,20,25.187,100.804,1.322,700.1102194,0.883294899
9/7/2020 20:00,2020,9,7,9/7/2020,21,25.784,99.365,1.344,633.3001431,0.799003886
9/7/2020 21:00,2020,9,7,9/7/2020,22,27.244,100.585,1.395,633.265826,0.79896059
9/7/2020 22:00,2020,9,7,9/7/2020,23,28.133,99.234,1.413,633.2314912,0.798917272
9/7/2020 23:00,2020,9,7,9/7/2020,24,26.225,99.281,1.361,592.6547024,0.747723517
9/8/2020 0:00,2020,9,8,9/8/2020,1,24.611,100.493,1.3,552.0778959,0.696529741
9/8/2020 1:00,2020,9,8,9/8/2020,2,22.648,100.863,1.226,552.0435078,0.696486355
9/8/2020 2:00,2020,9,8,9/8/2020,3,22.257,99.719,1.219,552.0091018,0.696442946
9/8/2020 3:00,2020,9,8,9/8/2020,4,18.58,98.455,1.211,551.9746782,0.696399516
9/8/2020 4:00,2020,9,8,9/8/2020,5,18.714,100.041,1.212,551.9402369,0.696356063
9/8/2020 5:00,2020,9,8,9/8/2020,6,16.094,100.793,1.172,551.9057779,0.696312588
9/8/2020 6:00,2020,9,8,9/8/2020,7,14.802,99.044,1.146,551.8713012,0.69626909
9/8/2020 7:00,2020,9,8,9/8/2020,8,13.348,99.953,1.117,583.2695838,0.735882771
9/8/2020 8:00,2020,9,8,9/8/2020,9,14.274,100.998,1.135,659.1205081,0.831580181
9/8/2020 9:00,2020,9,8,9/8/2020,10,13.877,102.347,1.128,734.9714149,0.927277568
9/8/2020 10:00,2020,9,8,9/8/2020,11,14.465,100.928,1.139,766.3696446,0.966891183
9/8/2020 11:00,2020,9,8,9/8/2020,12,14,100.973,1.13,766.3350799,0.966847574
9/8/2020 12:00,2020,9,8,9/8/2020,13,16.02,99.776,1.17,766.3004976,0.966803943
9/8/2020 13:00,2020,9,8,9/8/2020,14,18.593,102.862,1.211,766.2658977,0.96676029
9/8/2020 14:00,2020,9,8,9/8/2020,15,18.786,101.418,1.212,766.2312804,0.966716615
9/8/2020 15:00,2020,9,8,9/8/2020,16,20.801,102.242,1.216,766.1966455,0.966672918
9/8/2020 16:00,2020,9,8,9/8/2020,17,21.579,100.791,1.218,766.1619931,0.966629199
9/8/2020 17:00,2020,9,8,9/8/2020,18,22.869,102.462,1.234,766.1273233,0.966585458
9/8/2020 18:00,2020,9,8,9/8/2020,19,24.508,101.41,1.296,766.092636,0.966541694
9/8/2020 19:00,2020,9,8,9/8/2020,20,25.886,100.601,1.348,699.2821542,0.88225017
9/8/2020 20:00,2020,9,8,9/8/2020,21,26.061,98.871,1.355,632.471655,0.797958623
9/8/2020 21:00,2020,9,8,9/8/2020,22,26.184,99.388,1.359,632.4369154,0.797914794
9/8/2020 22:00,2020,9,8,9/8/2020,23,27.083,99.529,1.392,632.4021585,0.797870943
9/8/2020 23:00,2020,9,8,9/8/2020,24,24.691,99.067,1.303,591.8249482,0.746676657
9/9/2020 0:00,2020,9,9,9/9/2020,1,24.016,100.002,1.277,551.2477205,0.695482349
9/9/2020 1:00,2020,9,9,9/9/2020,2,23.394,98.301,1.254,551.2129115,0.695438432
9/9/2020 2:00,2020,9,9,9/9/2020,3,20.989,101.61,1.217,551.1780853,0.695394493
9/9/2020 3:00,2020,9,9,9/9/2020,4,20.373,100.11,1.215,551.1432417,0.695350533
9/9/2020 4:00,2020,9,9,9/9/2020,5,19.675,99.983,1.214,551.1083809,0.695306551
9/9/2020 5:00,2020,9,9,9/9/2020,6,16.836,100.203,1.187,551.0735028,0.695262547
9/9/2020 6:00,2020,9,9,9/9/2020,7,16.293,99.932,1.176,551.0386075,0.695218521
9/9/2020 7:00,2020,9,9,9/9/2020,8,14.418,100.108,1.138,582.4364719,0.734831674
9/9/2020 8:00,2020,9,9,9/9/2020,9,14.243,100.404,1.135,658.2869785,0.830528557
9/9/2020 9:00,2020,9,9,9/9/2020,10,13.626,98.452,1.123,734.1374679,0.926225418
9/9/2020 10:00,2020,9,9,9/9/2020,11,14.863,98.651,1.147,765.5352807,0.965838506
9/9/2020 11:00,2020,9,9,9/9/2020,12,14.627,100.68,1.143,765.5002995,0.965794372
9/9/2020 12:00,2020,9,9,9/9/2020,13,15.755,98.086,1.165,765.4653011,0.965750217
9/9/2020 13:00,2020,9,9,9/9/2020,14,15.692,99.311,1.164,765.4302856,0.965706039
9/9/2020 14:00,2020,9,9,9/9/2020,15,17.925,100.429,1.208,765.3952531,0.96566184
9/9/2020 15:00,2020,9,9,9/9/2020,16,21.29,99.222,1.217,765.3602034,0.96561762
9/9/2020 16:00,2020,9,9,9/9/2020,17,21.257,100.98,1.217,765.3251367,0.965573378
9/9/2020 17:00,2020,9,9,9/9/2020,18,24.939,99.235,1.312,765.290053,0.965529115
9/9/2020 18:00,2020,9,9,9/9/2020,19,23.187,99.425,1.246,765.2549523,0.96548483
9/9/2020 19:00,2020,9,9,9/9/2020,20,27.486,102.242,1.4,698.4440574,0.881192784
9/9/2020 20:00,2020,9,9,9/9/2020,21,26.064,101.797,1.355,631.6331456,0.796900717
9/9/2020 21:00,2020,9,9,9/9/2020,22,25.369,99.376,1.328,631.5979938,0.796856368
9/9/2020 22:00,2020,9,9,9/9/2020,23,25.084,100.188,1.318,631.5628252,0.796811997
9/9/2020 23:00,2020,9,9,9/9/2020,24,26.156,100.307,1.358,590.9852035,0.745617192
9/10/2020 0:00,2020,9,10,9/10/2020,1,26.106,100.403,1.356,550.4075649,0.694422365
9/10/2020 1:00,2020,9,10,9/10/2020,2,23.333,99.692,1.251,550.3723455,0.694377931
9/10/2020 2:00,2020,9,10,9/10/2020,3,22.179,100.933,1.219,550.3371092,0.694333475
9/10/2020 3:00,2020,9,10,9/10/2020,4,19.076,99.248,1.212,550.3018561,0.694288998
9/10/2020 4:00,2020,9,10,9/10/2020,5,19.331,99.365,1.213,550.2665861,0.694244499
9/10/2020 5:00,2020,9,10,9/10/2020,6,18.94,101.884,1.212,550.2312993,0.69419998
9/10/2020 6:00,2020,9,10,9/10/2020,7,16.283,100.91,1.176,550.1959957,0.694155439
9/10/2020 7:00,2020,9,10,9/10/2020,8,14.274,98.615,1.135,581.5934522,0.733768078
9/10/2020 8:00,2020,9,10,9/10/2020,9,14.238,98.832,1.135,657.4435514,0.829464446
9/10/2020 9:00,2020,9,10,9/10/2020,10,13.865,99.563,1.127,733.2936338,0.925160794
9/10/2020 10:00,2020,9,10,9/10/2020,11,13.871,99.726,1.127,764.6910401,0.964773369
9/10/2020 11:00,2020,9,10,9/10/2020,12,14.104,98.951,1.132,764.6556527,0.964728723
9/10/2020 12:00,2020,9,10,9/10/2020,13,16.3,101.977,1.176,764.6202487,0.964684055
9/10/2020 13:00,2020,9,10,9/10/2020,14,17.44,100.135,1.199,764.584828,0.964639367
9/10/2020 14:00,2020,9,10,9/10/2020,15,18.716,97.894,1.212,764.5493906,0.964594657
9/10/2020 15:00,2020,9,10,9/10/2020,16,21.168,100.139,1.217,764.5139366,0.964549926
9/10/2020 16:00,2020,9,10,9/10/2020,17,21.317,100.769,1.217,764.4784659,0.964505175
9/10/2020 17:00,2020,9,10,9/10/2020,18,23.818,100.09,1.27,764.4429787,0.964460402
9/10/2020 18:00,2020,9,10,9/10/2020,19,24.894,99.081,1.31,764.4074749,0.964415609
9/10/2020 19:00,2020,9,10,9/10/2020,20,27.479,99.251,1.4,697.5961774,0.880123055
9/10/2020 20:00,2020,9,10,9/10/2020,21,26.077,99.154,1.355,630.7848633,0.79583048
9/10/2020 21:00,2020,9,10,9/10/2020,22,25.923,101.707,1.349,630.7493098,0.795785624
9/10/2020 22:00,2020,9,10,9/10/2020,23,26.273,101.393,1.363,630.7137398,0.795740747
9/10/2020 23:00,2020,9,10,9/10/2020,24,25.674,99.326,1.34,590.1357173,0.744545437
9/11/2020 0:00,2020,9,11,9/11/2020,1,25.638,100.739,1.339,549.5576782,0.693350105
9/11/2020 1:00,2020,9,11,9/11/2020,2,23.994,99.214,1.276,549.5220588,0.693305166
9/11/2020 2:00,2020,9,11,9/11/2020,3,22.383,99.44,1.22,549.4864229,0.693260206
9/11/2020 3:00,2020,9,11,9/11/2020,4,19.428,100.197,1.213,549.4507707,0.693215225
9/11/2020 4:00,2020,9,11,9/11/2020,5,17.388,100.333,1.198,549.415102,0.693170223
9/11/2020 5:00,2020,9,11,9/11/2020,6,16.355,98.436,1.177,549.3794169,0.693125201
9/11/2020 6:00,2020,9,11,9/11/2020,7,15.919,100.678,1.168,549.3437155,0.693080159
9/11/2020 7:00,2020,9,11,9/11/2020,8,14.826,100.161,1.147,580.7407746,0.732692296
9/11/2020 8:00,2020,9,11,9/11/2020,9,13.624,101.397,1.122,656.5904768,0.828388164
9/11/2020 9:00,2020,9,11,9/11/2020,10,13.941,101.661,1.129,732.4401627,0.924084011
9/11/2020 10:00,2020,9,11,9/11/2020,11,13.1,101.638,1.112,763.8371729,0.963696087
9/11/2020 11:00,2020,9,11,9/11/2020,12,13.847,102.807,1.127,763.8013899,0.963650941
9/11/2020 12:00,2020,9,11,9/11/2020,13,15.654,102.908,1.163,763.7655907,0.963605775
9/11/2020 13:00,2020,9,11,9/11/2020,14,16.195,102.295,1.174,763.7297752,0.963560588
9/11/2020 14:00,2020,9,11,9/11/2020,15,18.27,103.503,1.211,763.6939435,0.963515381
9/11/2020 15:00,2020,9,11,9/11/2020,16,21.15,101.553,1.217,763.6580956,0.963470154
9/11/2020 16:00,2020,9,11,9/11/2020,17,21.834,101.558,1.219,763.6222315,0.963424906
9/11/2020 17:00,2020,9,11,9/11/2020,18,23.797,100.436,1.269,763.5863513,0.963379637
9/11/2020 18:00,2020,9,11,9/11/2020,19,23.808,102.962,1.269,763.5504549,0.963334349
9/11/2020 19:00,2020,9,11,9/11/2020,20,25.678,102.539,1.34,696.7387653,0.8790413
9/11/2020 20:00,2020,9,11,9/11/2020,21,26.47,98.754,1.37,629.9270596,0.794748231
9/11/2020 21:00,2020,9,11,9/11/2020,22,25.254,99.923,1.324,629.8911149,0.794702882
9/11/2020 22:00,2020,9,11,9/11/2020,23,26.727,99.552,1.38,629.8551541,0.794657512
9/11/2020 23:00,2020,9,11,9/11/2020,24,26.318,99.247,1.364,589.2767412,0.743461708
9/12/2020 0:00,2020,9,12,9/12/2020,1,26.021,100.896,1.353,548.6983122,0.692265885
9/12/2020 1:00,2020,9,12,9/12/2020,2,22.476,98.487,1.22,548.6623033,0.692220454
9/12/2020 2:00,2020,9,12,9/12/2020,3,21.084,100.085,1.217,548.6262785,0.692175003
9/12/2020 3:00,2020,9,12,9/12/2020,4,19.878,100.031,1.214,548.5902376,0.692129532
9/12/2020 4:00,2020,9,12,9/12/2020,5,18.141,99.786,1.21,548.5541808,0.692084041
9/12/2020 5:00,2020,9,12,9/12/2020,6,18.012,98.785,1.21,548.518108,0.69203853
9/12/2020 6:00,2020,9,12,9/12/2020,7,17.432,101.328,1.199,548.4820194,0.691992999
9/12/2020 7:00,2020,9,12,9/12/2020,8,13.974,99.658,1.129,579.8786917,0.731604648
9/12/2020 8:00,2020,9,12,9/12/2020,9,13.26,101.151,1.115,655.7280075,0.827300028
9/12/2020 9:00,2020,9,12,9/12/2020,10,14.17,105.196,1.133,731.5773075,0.922995389
9/12/2020 10:00,2020,9,12,9/12/2020,11,14.093,101.945,1.132,762.9739322,0.962606978
9/12/2020 11:00,2020,9,12,9/12/2020,12,13.135,101.476,1.113,762.9377642,0.962561347
9/12/2020 12:00,2020,9,12,9/12/2020,13,15.52,101.968,1.16,762.9015804,0.962515695
9/12/2020 13:00,2020,9,12,9/12/2020,14,15.904,102.324,1.168,762.8653807,0.962470024
9/12/2020 14:00,2020,9,12,9/12/2020,15,18.23,102.658,1.211,762.8291653,0.962424333
9/12/2020 15:00,2020,9,12,9/12/2020,16,21.116,101.543,1.217,762.7929342,0.962378622
9/12/2020 16:00,2020,9,12,9/12/2020,17,22.716,100.078,1.228,762.7566873,0.962332891
9/12/2020 17:00,2020,9,12,9/12/2020,18,23.724,101.268,1.266,762.7204247,0.96228714
9/12/2020 18:00,2020,9,12,9/12/2020,19,24.011,100.378,1.277,762.6841464,0.962241369
9/12/2020 19:00,2020,9,12,9/12/2020,20,26.979,100.657,1.389,695.8720753,0.87794784
9/12/2020 20:00,2020,9,12,9/12/2020,21,27.24,99.971,1.395,629.0599886,0.79365429
9/12/2020 21:00,2020,9,12,9/12/2020,22,26.3,100.833,1.364,629.0236633,0.79360846
9/12/2020 22:00,2020,9,12,9/12/2020,23,25.141,100.98,1.32,628.9873224,0.793562611
9/12/2020 23:00,2020,9,12,9/12/2020,24,26.348,100.335,1.365,588.4085298,0.742366328
9/13/2020 0:00,2020,9,13,9/13/2020,1,26.086,99.195,1.355,547.8297216,0.691170026
9/13/2020 1:00,2020,9,13,9/13/2020,2,23.589,98.632,1.261,547.7933339,0.691124118
9/13/2020 2:00,2020,9,13,9/13/2020,3,21.642,99.849,1.218,547.7569307,0.69107819
9/13/2020 3:00,2020,9,13,9/13/2020,4,20.934,100.352,1.217,547.7205119,0.691032242
9/13/2020 4:00,2020,9,13,9/13/2020,5,20.205,100.633,1.215,547.6840777,0.690986274
9/13/2020 5:00,2020,9,13,9/13/2020,6,16.35,98.962,1.177,547.6476279,0.690940288
9/13/2020 6:00,2020,9,13,9/13/2020,7,14.807,100.096,1.146,547.6111627,0.690894281
9/13/2020 7:00,2020,9,13,9/13/2020,8,14.432,99.966,1.139,579.0074589,0.730505456
9/13/2020 8:00,2020,9,13,9/13/2020,9,12.938,103.589,1.109,654.8563991,0.826200362
9/13/2020 9:00,2020,9,13,9/13/2020,10,13.939,101.348,1.129,730.7053238,0.92189525
9/13/2020 10:00,2020,9,13,9/13/2020,11,13.316,101.18,1.116,762.1015738,0.961506366
9/13/2020 11:00,2020,9,13,9/13/2020,12,14.942,102.833,1.149,762.0650314,0.961460262
9/13/2020 12:00,2020,9,13,9/13/2020,13,16.898,101.898,1.188,762.0284737,0.961414139
9/13/2020 13:00,2020,9,13,9/13/2020,14,17.755,102.917,1.205,761.9919007,0.961367997
9/13/2020 14:00,2020,9,13,9/13/2020,15,19.044,101.281,1.212,761.9553124,0.961321835
9/13/2020 15:00,2020,9,13,9/13/2020,16,20.115,103.865,1.215,761.9187087,0.961275654
9/13/2020 16:00,2020,9,13,9/13/2020,17,21.663,100.956,1.218,761.8820897,0.961229454
9/13/2020 17:00,2020,9,13,9/13/2020,18,22.423,101.827,1.22,761.8454555,0.961183234
9/13/2020 18:00,2020,9,13,9/13/2020,19,23.204,102.771,1.247,761.8088061,0.961136995
9/13/2020 19:00,2020,9,13,9/13/2020,20,26.887,100.464,1.386,694.9963643,0.876842998
9/13/2020 20:00,2020,9,13,9/13/2020,21,26.12,99.167,1.357,628.1839072,0.792548981
9/13/2020 21:00,2020,9,13,9/13/2020,22,27.313,100.387,1.396,628.1472121,0.792502685
9/13/2020 22:00,2020,9,13,9/13/2020,23,27.483,98.693,1.4,628.1105019,0.792456369
9/13/2020 23:00,2020,9,13,9/13/2020,24,27.035,100.94,1.391,587.5313403,0.741259621
9/14/2020 0:00,2020,9,14,9/14/2020,1,24.962,99.523,1.313,546.9521637,0.690062854
9/14/2020 1:00,2020,9,14,9/14/2020,2,23.255,100.222,1.249,546.915408,0.690016481
9/14/2020 2:00,2020,9,14,9/14/2020,3,21.43,99.795,1.218,546.8786372,0.68997009
9/14/2020 3:00,2020,9,14,9/14/2020,4,20.483,100.654,1.216,546.8418513,0.689923679
9/14/2020 4:00,2020,9,14,9/14/2020,5,19.741,99.783,1.214,546.8050504,0.689877249
9/14/2020 5:00,2020,9,14,9/14/2020,6,16.288,100.726,1.176,546.7682345,0.6898308
9/14/2020 6:00,2020,9,14,9/14/2020,7,15.014,98.654,1.15,546.7314035,0.689784332
9/14/2020 7:00,2020,9,14,9/14/2020,8,16.162,101.173,1.173,578.1273344,0.729395046
9/14/2020 8:00,2020,9,14,9/14/2020,9,14.114,104.114,1.132,653.9759097,0.825089492
9/14/2020 9:00,2020,9,14,9/14/2020,10,13.284,100.672,1.116,729.8244701,0.920783919
9/14/2020 10:00,2020,9,14,9/14/2020,11,13.927,102.708,1.129,761.2203561,0.960394577
9/14/2020 11:00,2020,9,14,9/14/2020,12,15.257,102.363,1.155,761.1834503,0.960348014
9/14/2020 12:00,2020,9,14,9/14/2020,13,14.497,101.482,1.14,761.1465296,0.960301433
9/14/2020 13:00,2020,9,14,9/14/2020,14,16.54,103.123,1.181,761.109594,0.960254833
9/14/2020 14:00,2020,9,14,9/14/2020,15,19.248,102.229,1.213,761.0726435,0.960208215
9/14/2020 15:00,2020,9,14,9/14/2020,16,19.323,102.523,1.213,761.0356781,0.960161577
9/14/2020 16:00,2020,9,14,9/14/2020,17,22.658,101.875,1.226,760.998698,0.960114921
9/14/2020 17:00,2020,9,14,9/14/2020,18,22.953,102.622,1.237,760.961703,0.960068247
9/14/2020 18:00,2020,9,14,9/14/2020,19,25.015,102.936,1.315,760.9246932,0.960021553
9/14/2020 19:00,2020,9,14,9/14/2020,20,26.186,101.004,1.359,694.1118916,0.875727102
9/14/2020 20:00,2020,9,14,9/14/2020,21,26.837,99.44,1.384,627.2990752,0.791432632
9/14/2020 21:00,2020,9,14,9/14/2020,22,25.014,99.707,1.315,627.2620211,0.791385882
9/14/2020 22:00,2020,9,14,9/14/2020,23,25.736,100.364,1.342,627.2249523,0.791339115
9/14/2020 23:00,2020,9,14,9/14/2020,24,26.814,99.449,1.383,586.6454328,0.740141915
9/15/2020 0:00,2020,9,15,9/15/2020,1,24.294,97.466,1.288,546.0658985,0.688944697
9/15/2020 1:00,2020,9,15,9/15/2020,2,22.492,97.865,1.22,546.0287857,0.688897873
9/15/2020 2:00,2020,9,15,9/15/2020,3,20.728,99.66,1.216,545.9916583,0.688851032
9/15/2020 3:00,2020,9,15,9/15/2020,4,18.978,100.056,1.212,545.9545162,0.688804171
9/15/2020 4:00,2020,9,15,9/15/2020,5,19.591,99.565,1.214,545.9173596,0.688757292
9/15/2020 5:00,2020,9,15,9/15/2020,6,18.326,101.041,1.211,545.8801883,0.688710395
9/15/2020 6:00,2020,9,15,9/15/2020,7,14.195,101.237,1.134,545.8430025,0.68866348
9/15/2020 7:00,2020,9,15,9/15/2020,8,15.24,98.664,1.155,577.238579,0.728273747
9/15/2020 8:00,2020,9,15,9/15/2020,9,13.208,103.928,1.114,653.0868004,0.823967746
9/15/2020 9:00,2020,9,15,9/15/2020,10,14.011,100.994,1.13,728.9350073,0.919661728
9/15/2020 10:00,2020,9,15,9/15/2020,11,14.4,100.417,1.138,760.3305403,0.95927194
9/15/2020 11:00,2020,9,15,9/15/2020,12,14.383,101.729,1.138,760.293282,0.959224932
9/15/2020 12:00,2020,9,15,9/15/2020,13,14.25,103.66,1.135,760.2560091,0.959177907
9/15/2020 13:00,2020,9,15,9/15/2020,14,18.911,101.979,1.212,760.2187219,0.959130864
9/15/2020 14:00,2020,9,15,9/15/2020,15,19.841,101.966,1.214,760.1814202,0.959083802
9/15/2020 15:00,2020,9,15,9/15/2020,16,19.884,102.676,1.214,760.1441042,0.959036722
9/15/2020 16:00,2020,9,15,9/15/2020,17,20.797,101.884,1.216,760.1067738,0.958989624
9/15/2020 17:00,2020,9,15,9/15/2020,18,24.879,101.675,1.31,760.069429,0.958942508
9/15/2020 18:00,2020,9,15,9/15/2020,19,23.761,102.42,1.268,760.0320699,0.958895374
9/15/2020 19:00,2020,9,15,9/15/2020,20,26.962,102.541,1.389,693.2189193,0.874600482
9/15/2020 20:00,2020,9,15,9/15/2020,21,27.186,101.847,1.394,626.4057545,0.790305573
9/15/2020 21:00,2020,9,15,9/15/2020,22,25.68,100.626,1.34,626.3683525,0.790258384
9/15/2020 22:00,2020,9,15,9/15/2020,23,26.039,101.106,1.354,626.3309362,0.790211178
9/15/2020 23:00,2020,9,15,9/15/2020,24,26.249,99.719,1.362,585.7510696,0.739013541
9/16/2020 0:00,2020,9,16,9/16/2020,1,24.409,101.045,1.292,545.1711888,0.687815885
9/16/2020 1:00,2020,9,16,9/16/2020,2,22.191,99.565,1.219,545.1337299,0.687768625
9/16/2020 2:00,2020,9,16,9/16/2020,3,20.003,101.032,1.214,545.0962568,0.687721347
9/16/2020 3:00,2020,9,16,9/16/2020,4,18.916,101.605,1.212,545.0587695,0.687674051
9/16/2020 4:00,2020,9,16,9/16/2020,5,19.057,100.59,1.212,545.0212681,0.687626738
9/16/2020 5:00,2020,9,16,9/16/2020,6,16.507,100.709,1.18,544.9837526,0.687579406
9/16/2020 6:00,2020,9,16,9/16/2020,7,15.292,99.804,1.156,544.9462229,0.687532057
9/16/2020 7:00,2020,9,16,9/16/2020,8,15.73,101.033,1.165,576.3414561,0.72714189
9/16/2020 8:00,2020,9,16,9/16/2020,9,14.611,100.146,1.142,652.1893346,0.822835457
9/16/2020 9:00,2020,9,16,9/16/2020,10,13.951,100.849,1.129,728.0371991,0.918529007
9/16/2020 10:00,2020,9,16,9/16/2020,11,12.846,101.633,1.107,759.4323901,0.958138787
9/16/2020 11:00,2020,9,16,9/16/2020,12,14.105,100.197,1.132,759.3947902,0.958091349
9/16/2020 12:00,2020,9,16,9/16/2020,13,14.802,98.494,1.146,759.3571764,0.958043894
9/16/2020 13:00,2020,9,16,9/16/2020,14,15.634,100.495,1.163,759.3195485,0.957996421
9/16/2020 14:00,2020,9,16,9/16/2020,15,18.637,100.829,1.211,759.2819068,0.95794893
9/16/2020 15:00,2020,9,16,9/16/2020,16,20.485,99.112,1.216,759.2442511,0.957901421
9/16/2020 16:00,2020,9,16,9/16/2020,17,21.774,101.704,1.218,759.2065814,0.957853895
9/16/2020 17:00,2020,9,16,9/16/2020,18,23.594,97.834,1.261,759.1688979,0.957806352
9/16/2020 18:00,2020,9,16,9/16/2020,19,25.387,99.789,1.329,759.1312005,0.957758791
9/16/2020 19:00,2020,9,16,9/16/2020,20,26.582,100.267,1.374,692.3177122,0.873463473
9/16/2020 20:00,2020,9,16,9/16/2020,21,26.616,99.372,1.375,625.50421,0.789168138
9/16/2020 21:00,2020,9,16,9/16/2020,22,27.283,99.238,1.396,625.4664711,0.789120525
9/16/2020 22:00,2020,9,16,9/16/2020,23,25.592,102.396,1.337,625.4287185,0.789072894
9/16/2020 23:00,2020,9,16,9/16/2020,24,25.921,98.743,1.349,584.8485159,0.737874833
9/17/2020 0:00,2020,9,17,9/17/2020,1,24.641,99.202,1.301,544.2682996,0.686676754
9/17/2020 1:00,2020,9,17,9/17/2020,2,23.22,100.455,1.247,544.2305056,0.686629071
9/17/2020 2:00,2020,9,17,9/17/2020,3,21.967,99.51,1.219,544.192698,0.686581371
9/17/2020 3:00,2020,9,17,9/17/2020,4,20.56,99.945,1.216,544.1548766,0.686533654
9/17/2020 4:00,2020,9,17,9/17/2020,5,18.959,99.409,1.212,544.1170416,0.686485919
9/17/2020 5:00,2020,9,17,9/17/2020,6,17.763,99.851,1.205,544.0791929,0.686438167
9/17/2020 6:00,2020,9,17,9/17/2020,7,15.32,98.268,1.156,544.0413305,0.686390398
9/17/2020 7:00,2020,9,17,9/17/2020,8,15.693,100.654,1.164,575.4362315,0.725999813
9/17/2020 8:00,2020,9,17,9/17/2020,9,13.028,99.003,1.111,651.2837782,0.821692961
9/17/2020 9:00,2020,9,17,9/17/2020,10,13.742,100.967,1.125,727.1313114,0.917386092
9/17/2020 10:00,2020,9,17,9/17/2020,11,12.88,100.904,1.108,758.5261716,0.956995456
9/17/2020 11:00,2020,9,17,9/17/2020,12,15.53,99.347,1.161,758.4882414,0.956947601
9/17/2020 12:00,2020,9,17,9/17/2020,13,16.942,101.753,1.189,758.4502976,0.956899729
9/17/2020 13:00,2020,9,17,9/17/2020,14,16.904,99.441,1.188,758.4123403,0.95685184
9/17/2020 14:00,2020,9,17,9/17/2020,15,18.005,100.133,1.21,758.3743696,0.956803934
9/17/2020 15:00,2020,9,17,9/17/2020,16,19.221,99.503,1.213,758.3363854,0.956756012
9/17/2020 16:00,2020,9,17,9/17/2020,17,21.95,99.932,1.219,758.2983877,0.956708072
9/17/2020 17:00,2020,9,17,9/17/2020,18,23.252,99.517,1.248,758.2603766,0.956660115
9/17/2020 18:00,2020,9,17,9/17/2020,19,25.625,100.889,1.338,758.2223522,0.956612141
9/17/2020 19:00,2020,9,17,9/17/2020,20,27.117,100.439,1.392,691.4085372,0.872316411
9/17/2020 20:00,2020,9,17,9/17/2020,21,26.903,100.794,1.386,624.5947088,0.788020665
9/17/2020 21:00,2020,9,17,9/17/2020,22,26.931,100.127,1.387,624.5566443,0.78797264
9/17/2020 22:00,2020,9,17,9/17/2020,23,27.032,97.698,1.391,624.5185663,0.787924599
9/17/2020 23:00,2020,9,17,9/17/2020,24,26.407,100.597,1.368,583.938039,0.736726128
9/18/2020 0:00,2020,9,18,9/18/2020,1,25.574,98.969,1.336,543.3574984,0.685527641
9/18/2020 1:00,2020,9,18,9/18/2020,2,24.605,98.485,1.3,543.3193807,0.685479549
9/18/2020 2:00,2020,9,18,9/18/2020,3,21.659,98.597,1.218,543.2812496,0.685431441
9/18/2020 3:00,2020,9,18,9/18/2020,4,19.753,99.112,1.214,543.2431054,0.685383316
9/18/2020 4:00,2020,9,18,9/18/2020,5,17.966,100.025,1.209,543.2049479,0.685335175
9/18/2020 5:00,2020,9,18,9/18/2020,6,17.976,99.698,1.21,543.1667773,0.685287017
9/18/2020 6:00,2020,9,18,9/18/2020,7,16.227,99.787,1.175,543.1285935,0.685238842
9/18/2020 7:00,2020,9,18,9/18/2020,8,16.36,100.674,1.177,574.5231734,0.724847852
9/18/2020 8:00,2020,9,18,9/18/2020,9,13.813,100.811,1.126,650.3703996,0.820540596
9/18/2020 9:00,2020,9,18,9/18/2020,10,13.436,102.504,1.119,726.2176127,0.916233323
9/18/2020 10:00,2020,9,18,9/18/2020,11,14.509,100.438,1.14,757.6121533,0.955842283
9/18/2020 11:00,2020,9,18,9/18/2020,12,15.3,103.536,1.156,757.573904,0.955794026
9/18/2020 12:00,2020,9,18,9/18/2020,13,16.245,101.266,1.175,757.5356415,0.955745752
9/18/2020 13:00,2020,9,18,9/18/2020,14,17.637,101.366,1.203,757.4973661,0.955697462
9/18/2020 14:00,2020,9,18,9/18/2020,15,17.999,100.969,1.21,757.4590776,0.955649155
9/18/2020 15:00,2020,9,18,9/18/2020,16,20.713,103.334,1.216,757.4207762,0.955600832
9/18/2020 16:00,2020,9,18,9/18/2020,17,22.04,102.215,1.219,757.3824617,0.955552493
9/18/2020 17:00,2020,9,18,9/18/2020,18,24.739,102.994,1.305,757.3441343,0.955504137
9/18/2020 18:00,2020,9,18,9/18/2020,19,23.758,101.248,1.268,757.305794,0.955455765
9/18/2020 19:00,2020,9,18,9/18/2020,20,25.247,100.028,1.324,690.4916637,0.871159637
9/18/2020 20:00,2020,9,18,9/18/2020,21,27.434,100.862,1.399,623.6775205,0.786863493
9/18/2020 21:00,2020,9,18,9/18/2020,22,27.101,98.377,1.392,623.6391415,0.786815072
9/18/2020 22:00,2020,9,18,9/18/2020,23,27.866,101.124,1.407,623.6007496,0.786766635
9/18/2020 23:00,2020,9,18,9/18/2020,24,25.662,100.858,1.339,583.0199088,0.735567768
9/19/2020 0:00,2020,9,19,9/19/2020,1,25.497,100.739,1.333,542.4390552,0.684368886
9/19/2020 1:00,2020,9,19,9/19/2020,2,22.499,99.719,1.22,542.4006249,0.6843204
9/19/2020 2:00,2020,9,19,9/19/2020,3,21.786,99.964,1.218,542.3621819,0.684271898
9/19/2020 3:00,2020,9,19,9/19/2020,4,21.514,100.594,1.218,542.323726,0.68422338
9/19/2020 4:00,2020,9,19,9/19/2020,5,19.845,100.637,1.214,542.2852575,0.684174846
9/19/2020 5:00,2020,9,19,9/19/2020,6,16.91,98.84,1.188,542.2467762,0.684126297
9/19/2020 6:00,2020,9,19,9/19/2020,7,14.838,100.317,1.147,542.2082822,0.684077731
9/19/2020 7:00,2020,9,19,9/19/2020,8,14.812,98.019,1.146,573.6025524,0.723686349
9/19/2020 8:00,2020,9,19,9/19/2020,9,14.388,101.33,1.138,649.4494694,0.819378703
9/19/2020 9:00,2020,9,19,9/19/2020,10,14.998,101.336,1.15,725.2963738,0.915071041
9/19/2020 10:00,2020,9,19,9/19/2020,11,14.985,101.643,1.15,756.6906061,0.954679612
9/19/2020 11:00,2020,9,19,9/19/2020,12,12.683,99.478,1.104,756.652049,0.954630966
9/19/2020 12:00,2020,9,19,9/19/2020,13,15.568,103.348,1.161,756.6134792,0.954582305
9/19/2020 13:00,2020,9,19,9/19/2020,14,17.863,100.795,1.207,756.5748969,0.954533628
9/19/2020 14:00,2020,9,19,9/19/2020,15,18.237,102.527,1.211,756.5363021,0.954484934
9/19/2020 15:00,2020,9,19,9/19/2020,16,20.34,101.505,1.215,756.4976947,0.954436225
9/19/2020 16:00,2020,9,19,9/19/2020,17,22.364,103.445,1.22,756.4590749,0.954387501
9/19/2020 17:00,2020,9,19,9/19/2020,18,24.664,101.799,1.302,756.4204426,0.95433876
9/19/2020 18:00,2020,9,19,9/19/2020,19,24.776,102.407,1.306,756.3817978,0.954290004
9/19/2020 19:00,2020,9,19,9/19/2020,20,27.1,102.336,1.392,689.5673634,0.869993492
9/19/2020 20:00,2020,9,19,9/19/2020,21,26.196,100.145,1.36,622.7529167,0.785696965
9/19/2020 21:00,2020,9,19,9/19/2020,22,27.851,101.363,1.407,622.7142346,0.785648162
9/19/2020 22:00,2020,9,19,9/19/2020,23,26.418,100.036,1.368,622.6755402,0.785599343
9/19/2020 23:00,2020,9,19,9/19/2020,24,25.605,100.302,1.337,582.0943973,0.734400096
9/20/2020 0:00,2020,9,20,9/20/2020,1,25.138,97.929,1.32,541.5132421,0.683200832
9/20/2020 1:00,2020,9,20,9/20/2020,2,23.774,100.089,1.268,541.4745107,0.683151967
9/20/2020 2:00,2020,9,20,9/20/2020,3,21.911,98.751,1.219,541.435767,0.683103086
9/20/2020 3:00,2020,9,20,9/20/2020,4,20.087,99.175,1.215,541.3970109,0.683054189
9/20/2020 4:00,2020,9,20,9/20/2020,5,18.198,98.679,1.21,541.3582427,0.683005277
9/20/2020 5:00,2020,9,20,9/20/2020,6,17.524,100.422,1.2,541.3194621,0.68295635
9/20/2020 6:00,2020,9,20,9/20/2020,7,15.462,99.771,1.159,541.2806694,0.682907407
9/20/2020 7:00,2020,9,20,9/20/2020,8,14.748,100.279,1.145,572.6746414,0.722515649
9/20/2020 8:00,2020,9,20,9/20/2020,9,14.01,102.235,1.13,648.5212606,0.818207627
9/20/2020 9:00,2020,9,20,9/20/2020,10,15.159,101.738,1.153,724.3678676,0.91389959
9/20/2020 10:00,2020,9,20,9/20/2020,11,14.597,103.288,1.142,755.7618031,0.953507787
9/20/2020 11:00,2020,9,20,9/20/2020,12,14.63,100.641,1.143,755.7229496,0.953458767
9/20/2020 12:00,2020,9,20,9/20/2020,13,14.934,101.481,1.149,755.6840839,0.953409732
9/20/2020 13:00,2020,9,20,9/20/2020,14,17.237,102.147,1.195,755.6452062,0.953360682
9/20/2020 14:00,2020,9,20,9/20/2020,15,18.122,100.103,1.21,755.6063164,0.953311617
9/20/2020 15:00,2020,9,20,9/20/2020,16,20.041,101.785,1.215,755.5674146,0.953262536
9/20/2020 16:00,2020,9,20,9/20/2020,17,22.158,102.264,1.219,755.5285008,0.953213441
9/20/2020 17:00,2020,9,20,9/20/2020,18,23.736,100.564,1.267,755.489575,0.95316433
9/20/2020 18:00,2020,9,20,9/20/2020,19,24.397,103.203,1.292,755.4506372,0.953115204
9/20/2020 19:00,2020,9,20,9/20/2020,20,26.819,102.55,1.383,688.6359103,0.868818323
9/20/2020 20:00,2020,9,20,9/20/2020,21,25.309,100.533,1.326,621.8211715,0.784521428
9/20/2020 21:00,2020,9,20,9/20/2020,22,27.465,99.72,1.399,621.7821979,0.784472257
9/20/2020 22:00,2020,9,20,9/20/2020,23,27.225,98.586,1.395,621.7432123,0.784423071
9/20/2020 23:00,2020,9,20,9/20/2020,24,27.181,99.936,1.394,581.1617788,0.733223456
9/21/2020 0:00,2020,9,21,9/21/2020,1,25.311,100.738,1.326,540.5803335,0.682023827
9/21/2020 1:00,2020,9,21,9/21/2020,2,23.301,100.222,1.25,540.5413124,0.681974596
9/21/2020 2:00,2020,9,21,9/21/2020,3,22.278,100.706,1.22,540.5022795,0.68192535
9/21/2020 3:00,2020,9,21,9/21/2020,4,20.316,100.437,1.215,540.4632347,0.681876089
9/21/2020 4:00,2020,9,21,9/21/2020,5,18.713,99.486,1.212,540.4241782,0.681826814
9/21/2020 5:00,2020,9,21,9/21/2020,6,17.172,99.495,1.193,540.38511,0.681777523
9/21/2020 6:00,2020,9,21,9/21/2020,7,14.799,99.963,1.146,540.34603,0.681728218
9/21/2020 7:00,2020,9,21,9/21/2020,8,15.347,101.509,1.157,571.7397152,0.721336098
9/21/2020 8:00,2020,9,21,9/21/2020,9,12.963,102.964,1.109,647.5860481,0.817027715
9/21/2020 9:00,2020,9,21,9/21/2020,10,12.544,102.758,1.101,723.4323693,0.912719318
9/21/2020 10:00,2020,9,21,9/21/2020,11,12.331,100.534,1.097,754.8260194,0.952327154
9/21/2020 11:00,2020,9,21,9/21/2020,12,13.595,101.296,1.122,754.786881,0.952277775
9/21/2020 12:00,2020,9,21,9/21/2020,13,14.915,102.87,1.148,754.747731,0.952228381
9/21/2020 13:00,2020,9,21,9/21/2020,14,16.556,102.561,1.181,754.7085694,0.952178973
9/21/2020 14:00,2020,9,21,9/21/2020,15,18.122,101.217,1.21,754.6693962,0.95212955
9/21/2020 15:00,2020,9,21,9/21/2020,16,20.963,102.316,1.217,754.6302115,0.952080113
9/21/2020 16:00,2020,9,21,9/21/2020,17,22.657,101.543,1.226,754.5910152,0.952030661
9/21/2020 17:00,2020,9,21,9/21/2020,18,22.598,102.372,1.224,754.5518074,0.951981194
9/21/2020 18:00,2020,9,21,9/21/2020,19,25.365,101.531,1.328,754.5125881,0.951931713
9/21/2020 19:00,2020,9,21,9/21/2020,20,25.305,101.231,1.326,687.6975803,0.867634478
9/21/2020 20:00,2020,9,21,9/21/2020,21,27.416,97.882,1.398,620.882561,0.783337229
9/21/2020 21:00,2020,9,21,9/21/2020,22,26.195,101.913,1.36,620.8433073,0.783287704
9/21/2020 22:00,2020,9,21,9/21/2020,23,26.195,98.655,1.36,620.8040422,0.783238166
9/21/2020 23:00,2020,9,21,9/21/2020,24,25.133,99.863,1.319,580.2223296,0.732038199
9/22/2020 0:00,2020,9,22,9/22/2020,1,24.938,99.291,1.312,539.6406057,0.680838218
9/22/2020 1:00,2020,9,22,9/22/2020,2,22.609,99.942,1.224,539.6013065,0.680788637
9/22/2020 2:00,2020,9,22,9/22/2020,3,21.931,99.514,1.219,539.561996,0.68073904
9/22/2020 3:00,2020,9,22,9/22/2020,4,21.297,99.039,1.217,539.5226741,0.68068943
9/22/2020 4:00,2020,9,22,9/22/2020,5,19.602,99.281,1.214,539.483341,0.680639805
9/22/2020 5:00,2020,9,22,9/22/2020,6,17.358,99.533,1.197,539.4439965,0.680590166
9/22/2020 6:00,2020,9,22,9/22/2020,7,15.755,99.94,1.165,539.4046409,0.680540513
9/22/2020 7:00,2020,9,22,9/22/2020,8,13.826,100.677,1.127,570.7980509,0.720148047
9/22/2020 8:00,2020,9,22,9/22/2020,9,13.931,101.908,1.129,646.644109,0.815839317
9/22/2020 9:00,2020,9,22,9/22/2020,10,14.782,102.685,1.146,722.490156,0.911530573
9/22/2020 10:00,2020,9,22,9/22/2020,11,13.995,101.514,1.13,753.8835324,0.951138064
9/22/2020 11:00,2020,9,22,9/22/2020,12,14.251,102.263,1.135,753.8441208,0.951088341
9/22/2020 12:00,2020,9,22,9/22/2020,13,15.285,103.79,1.156,753.804698,0.951038603
9/22/2020 13:00,2020,9,22,9/22/2020,14,17.19,102.41,1.194,753.7652641,0.950988851
9/22/2020 14:00,2020,9,22,9/22/2020,15,18.873,101.866,1.212,753.7258191,0.950939085
9/22/2020 15:00,2020,9,22,9/22/2020,16,20.975,104.105,1.217,753.6863631,0.950889305
9/22/2020 16:00,2020,9,22,9/22/2020,17,20.648,102.286,1.216,753.646896,0.950839512
9/22/2020 17:00,2020,9,22,9/22/2020,18,23.652,101.454,1.264,753.6074178,0.950789704
9/22/2020 18:00,2020,9,22,9/22/2020,19,24.819,101.684,1.308,753.5679287,0.950739882
9/22/2020 19:00,2020,9,22,9/22/2020,20,26.642,101.213,1.376,686.7526514,0.866442308
9/22/2020 20:00,2020,9,22,9/22/2020,21,25.75,99.915,1.343,619.9373632,0.782144719
9/22/2020 21:00,2020,9,22,9/22/2020,22,27.069,99.55,1.391,619.8978412,0.782094856
9/22/2020 22:00,2020,9,22,9/22/2020,23,26.139,98.81,1.357,619.8583082,0.782044979
9/22/2020 23:00,2020,9,22,9/22/2020,24,25.636,100.208,1.338,579.2763282,0.730844675
9/23/2020 0:00,2020,9,23,9/23/2020,1,24.479,99.965,1.295,538.6943373,0.679644358
9/23/2020 1:00,2020,9,23,9/23/2020,2,23.108,99.581,1.243,538.6547716,0.67959444
9/23/2020 2:00,2020,9,23,9/23/2020,3,22.214,102.556,1.219,538.6151951,0.679544508
9/23/2020 3:00,2020,9,23,9/23/2020,4,19.578,100.162,1.214,538.5756078,0.679494563
9/23/2020 4:00,2020,9,23,9/23/2020,5,17.178,100.377,1.194,538.5360096,0.679444603
9/23/2020 5:00,2020,9,23,9/23/2020,6,16.976,101.976,1.19,538.4964007,0.679394631
9/23/2020 6:00,2020,9,23,9/23/2020,7,16.153,101.629,1.173,538.456781,0.679344645
9/23/2020 7:00,2020,9,23,9/23/2020,8,13.7,99.778,1.124,569.8499275,0.718951846
9/23/2020 8:00,2020,9,23,9/23/2020,9,12.912,101.373,1.108,645.6957226,0.814642784
9/23/2020 9:00,2020,9,23,9/23/2020,10,13.758,101.364,1.125,721.541507,0.910333709
9/23/2020 10:00,2020,9,23,9/23/2020,11,14.117,100.202,1.132,752.9346214,0.949940869
9/23/2020 11:00,2020,9,23,9/23/2020,12,14.985,99.026,1.15,752.8949481,0.949890816
9/23/2020 12:00,2020,9,23,9/23/2020,13,17.137,99.394,1.193,752.8552643,0.949840749
9/23/2020 13:00,2020,9,23,9/23/2020,14,17.096,99.798,1.192,752.8155698,0.949790668
9/23/2020 14:00,2020,9,23,9/23/2020,15,19.442,98.774,1.213,752.7758647,0.949740574
9/23/2020 15:00,2020,9,23,9/23/2020,16,20.323,100.527,1.215,752.736149,0.949690467
9/23/2020 16:00,2020,9,23,9/23/2020,17,22.325,102.867,1.22,752.6964228,0.949640346
9/23/2020 17:00,2020,9,23,9/23/2020,18,23.879,100.721,1.272,752.656686,0.949590212
9/23/2020 18:00,2020,9,23,9/23/2020,19,25.681,101.009,1.34,752.6169387,0.949540065
9/23/2020 19:00,2020,9,23,9/23/2020,20,24.831,100.031,1.308,685.8014038,0.865242165
9/23/2020 20:00,2020,9,23,9/23/2020,21,25.737,101.277,1.342,618.9858584,0.780944252
9/23/2020 21:00,2020,9,23,9/23/2020,22,26.071,99.084,1.355,618.9460796,0.780894065
9/23/2020 22:00,2020,9,23,9/23/2020,23,25.776,98.855,1.344,618.9062904,0.780843865
9/23/2020 23:00,2020,9,23,9/23/2020,24,25.511,100.11,1.334,578.3240547,0.729643238
9/24/2020 0:00,2020,9,24,9/24/2020,1,25.559,102.072,1.336,537.7418086,0.678442599
9/24/2020 1:00,2020,9,24,9/24/2020,2,23.226,101.06,1.247,537.7019882,0.678392359
9/24/2020 2:00,2020,9,24,9/24/2020,3,21.65,100.683,1.218,537.6621575,0.678342107
9/24/2020 3:00,2020,9,24,9/24/2020,4,21,100.362,1.217,537.6223164,0.678291841
9/24/2020 4:00,2020,9,24,9/24/2020,5,17.678,100.785,1.204,537.582465,0.678241563
9/24/2020 5:00,2020,9,24,9/24/2020,6,15.581,100.072,1.162,537.5426033,0.678191271
9/24/2020 6:00,2020,9,24,9/24/2020,7,15.487,100.244,1.16,537.5027313,0.678140967
9/24/2020 7:00,2020,9,24,9/24/2020,8,13.096,101.141,1.112,568.895626,0.71774785
9/24/2020 8:00,2020,9,24,9/24/2020,9,12.73,100.798,1.105,644.7411698,0.813438471
9/24/2020 9:00,2020,9,24,9/24/2020,10,14.52,99.967,1.14,720.5867034,0.90912908
9/24/2020 10:00,2020,9,24,9/24/2020,11,13.987,99.401,1.13,751.9795675,0.948735925
9/24/2020 11:00,2020,9,24,9/24/2020,12,14.306,100.128,1.136,751.9396444,0.948685556
9/24/2020 12:00,2020,9,24,9/24/2020,13,16.236,99.661,1.175,751.8997112,0.948635174
9/24/2020 13:00,2020,9,24,9/24/2020,14,17.074,96.032,1.191,751.8597679,0.948584779
9/24/2020 14:00,2020,9,24,9/24/2020,15,19.052,100.152,1.212,751.8198144,0.948534372
9/24/2020 15:00,2020,9,24,9/24/2020,16,20.142,99.143,1.215,751.7798509,0.948483952
9/24/2020 16:00,2020,9,24,9/24/2020,17,21.223,99.501,1.217,751.7398773,0.948433519
9/24/2020 17:00,2020,9,24,9/24/2020,18,24.139,101.284,1.282,751.6998936,0.948383074
9/24/2020 18:00,2020,9,24,9/24/2020,19,24.769,99.367,1.306,751.6598999,0.948332616
9/24/2020 19:00,2020,9,24,9/24/2020,20,26.01,98.423,1.353,684.8441191,0.864034406
9/24/2020 20:00,2020,9,24,9/24/2020,21,26.292,101.153,1.363,618.0283283,0.779736183
9/24/2020 21:00,2020,9,24,9/24/2020,22,27.74,99.408,1.405,617.9883047,0.779685687
9/24/2020 22:00,2020,9,24,9/24/2020,23,25.527,100.41,1.334,617.9482711,0.779635179
9/24/2020 23:00,2020,9,24,9/24/2020,24,25.131,100.724,1.319,577.3657915,0.728434244
9/25/2020 0:00,2020,9,25,9/25/2020,1,24.348,99.139,1.29,536.7833019,0.677233298
9/25/2020 1:00,2020,9,25,9/25/2020,2,22.166,99.337,1.219,536.7432386,0.677182752
9/25/2020 2:00,2020,9,25,9/25/2020,3,21.368,100.104,1.217,536.7031654,0.677132193
9/25/2020 3:00,2020,9,25,9/25/2020,4,19.901,100.612,1.214,536.6630824,0.677081623
9/25/2020 4:00,2020,9,25,9/25/2020,5,17.9,100.745,1.208,536.6229895,0.677031039
9/25/2020 5:00,2020,9,25,9/25/2020,6,17.313,99.995,1.196,536.5828869,0.676980444
9/25/2020 6:00,2020,9,25,9/25/2020,7,16.77,100.265,1.185,536.5427744,0.676929836
9/25/2020 7:00,2020,9,25,9/25/2020,8,14.563,101.309,1.141,567.9354291,0.716536416
9/25/2020 8:00,2020,9,25,9/25/2020,9,14.718,102.016,1.144,643.7807335,0.812226736
9/25/2020 9:00,2020,9,25,9/25/2020,10,11.537,100.696,1.081,719.6260281,0.907917043
9/25/2020 10:00,2020,9,25,9/25/2020,11,13.831,102.066,1.127,751.0186537,0.947523587
9/25/2020 11:00,2020,9,25,9/25/2020,12,14.868,100.872,1.147,750.9784926,0.947472917
9/25/2020 12:00,2020,9,25,9/25/2020,13,15.777,103.453,1.166,750.9383219,0.947422236
9/25/2020 13:00,2020,9,25,9/25/2020,14,16.977,102.64,1.19,750.8981416,0.947371542
9/25/2020 14:00,2020,9,25,9/25/2020,15,18.775,101.776,1.212,750.8579516,0.947320837
9/25/2020 15:00,2020,9,25,9/25/2020,16,21.894,101.918,1.219,750.8177521,0.947270119
9/25/2020 16:00,2020,9,25,9/25/2020,17,22.249,103.95,1.219,750.777543,0.947219389
9/25/2020 17:00,2020,9,25,9/25/2020,18,23.367,101.323,1.253,750.7373243,0.947168647
9/25/2020 18:00,2020,9,25,9/25/2020,19,23.351,102.624,1.252,750.6970961,0.947117893
9/25/2020 19:00,2020,9,25,9/25/2020,20,26.273,103.119,1.363,683.8810812,0.862819388
9/25/2020 20:00,2020,9,25,9/25/2020,21,26.97,100.215,1.389,617.0650569,0.77852087
9/25/2020 21:00,2020,9,25,9/25/2020,22,27.443,99.882,1.399,617.0248002,0.77847008
9/25/2020 22:00,2020,9,25,9/25/2020,23,26.993,101.379,1.39,616.984534,0.778419279
9/25/2020 23:00,2020,9,25,9/25/2020,24,26.057,99.325,1.354,576.4018224,0.727218052
9/26/2020 0:00,2020,9,26,9/26/2020,1,24.815,101.31,1.307,535.8191013,0.676016813
9/26/2020 1:00,2020,9,26,9/26/2020,2,22.916,99.488,1.236,535.7788069,0.675965975
9/26/2020 2:00,2020,9,26,9/26/2020,3,23.445,99.434,1.256,535.7385031,0.675915126
9/26/2020 3:00,2020,9,26,9/26/2020,4,22.032,99.249,1.219,535.6981901,0.675864265
9/26/2020 4:00,2020,9,26,9/26/2020,5,19.288,101.304,1.213,535.6578676,0.675813392
9/26/2020 5:00,2020,9,26,9/26/2020,6,15.862,99.593,1.167,535.6175359,0.675762508
9/26/2020 6:00,2020,9,26,9/26/2020,7,15.765,100.805,1.165,535.5771949,0.675711611
9/26/2020 7:00,2020,9,26,9/26/2020,8,13.722,99.836,1.124,566.9696215,0.715317904
9/26/2020 8:00,2020,9,26,9/26/2020,9,13.925,99.999,1.129,642.8146983,0.811007936
9/26/2020 9:00,2020,9,26,9/26/2020,10,12.741,102.35,1.105,718.6597658,0.906697957
9/26/2020 10:00,2020,9,26,9/26/2020,11,14.62,100.632,1.142,750.0521648,0.946304215
9/26/2020 11:00,2020,9,26,9/26/2020,12,14.508,102.884,1.14,750.0117776,0.94625326
9/26/2020 12:00,2020,9,26,9/26/2020,13,15.284,101.054,1.156,749.9713813,0.946202294
9/26/2020 13:00,2020,9,26,9/26/2020,14,16.58,102.652,1.182,749.9309759,0.946151317
9/26/2020 14:00,2020,9,26,9/26/2020,15,19.297,101.086,1.213,749.8905613,0.946100328
9/26/2020 15:00,2020,9,26,9/26/2020,16,18.455,101.383,1.211,749.8501377,0.946049327
9/26/2020 16:00,2020,9,26,9/26/2020,17,21.692,101.999,1.218,749.809705,0.945998315
9/26/2020 17:00,2020,9,26,9/26/2020,18,22.007,100.679,1.219,749.7692632,0.945947292
9/26/2020 18:00,2020,9,26,9/26/2020,19,24.218,100.59,1.285,749.7288123,0.945896257
9/26/2020 19:00,2020,9,26,9/26/2020,20,25.419,102.385,1.33,682.9125754,0.861597471
9/26/2020 20:00,2020,9,26,9/26/2020,21,28.337,100.359,1.417,616.0963295,0.777298674
9/26/2020 21:00,2020,9,26,9/26/2020,22,26.874,99.333,1.385,616.0558516,0.777247605
9/26/2020 22:00,2020,9,26,9/26/2020,23,27.591,100.911,1.402,616.0153649,0.777196525
9/26/2020 23:00,2020,9,26,9/26/2020,24,25.517,101.544,1.334,575.4324331,0.72599502
9/27/2020 0:00,2020,9,27,9/27/2020,1,25.164,100.646,1.321,534.8494924,0.674793505
9/27/2020 1:00,2020,9,27,9/27/2020,2,22.89,98.148,1.235,534.8089789,0.674742391
9/27/2020 2:00,2020,9,27,9/27/2020,3,20.902,101.953,1.216,534.7684565,0.674691266
9/27/2020 3:00,2020,9,27,9/27/2020,4,21.04,101.647,1.217,534.7279253,0.674640129
9/27/2020 4:00,2020,9,27,9/27/2020,5,19.63,99.991,1.214,534.6873852,0.674588982
9/27/2020 5:00,2020,9,27,9/27/2020,6,17.887,99.873,1.208,534.6468364,0.674537823
9/27/2020 6:00,2020,9,27,9/27/2020,7,16.687,100.062,1.184,534.6062787,0.674486654
9/27/2020 7:00,2020,9,27,9/27/2020,8,14.092,98.106,1.132,565.9984892,0.714092674
9/27/2020 8:00,2020,9,27,9/27/2020,9,14.396,103.174,1.138,641.8433504,0.809782434
9/27/2020 9:00,2020,9,27,9/27/2020,10,13.19,102.612,1.114,717.6882028,0.905472183
9/27/2020 10:00,2020,9,27,9/27/2020,11,14.608,100.366,1.142,749.0803871,0.94507817
9/27/2020 11:00,2020,9,27,9/27/2020,12,14.995,100.224,1.15,749.0397859,0.945026946
9/27/2020 12:00,2020,9,27,9/27/2020,13,16.459,101.317,1.179,748.9991759,0.94497571
9/27/2020 13:00,2020,9,27,9/27/2020,14,17.601,100.46,1.202,748.9585574,0.944924464
9/27/2020 14:00,2020,9,27,9/27/2020,15,18.629,99.063,1.211,748.9179302,0.944873206
9/27/2020 15:00,2020,9,27,9/27/2020,16,19.845,101.934,1.214,748.8772944,0.944821938
9/27/2020 16:00,2020,9,27,9/27/2020,17,22.214,101.262,1.219,748.8366501,0.944770659
9/27/2020 17:00,2020,9,27,9/27/2020,18,22.712,98.882,1.228,748.7959972,0.944719369
9/27/2020 18:00,2020,9,27,9/27/2020,19,24.74,102.27,1.305,748.7553357,0.944668069
9/27/2020 19:00,2020,9,27,9/27/2020,20,26.363,102.794,1.366,681.9388886,0.860369018
9/27/2020 20:00,2020,9,27,9/27/2020,21,26.5,101.121,1.371,615.1224331,0.776069957
9/27/2020 21:00,2020,9,27,9/27/2020,22,26.895,102.466,1.386,615.0817461,0.776018624
9/27/2020 22:00,2020,9,27,9/27/2020,23,27.397,99.532,1.398,615.0410508,0.77596728
9/27/2020 23:00,2020,9,27,9/27/2020,24,26.277,101.24,1.363,574.4579108,0.724765513
9/28/2020 0:00,2020,9,28,9/28/2020,1,24.51,100.704,1.296,533.8747625,0.673563735
9/28/2020 1:00,2020,9,28,9/28/2020,2,23.181,100.645,1.246,533.8340419,0.67351236
9/28/2020 2:00,2020,9,28,9/28/2020,3,21.703,100.569,1.218,533.7933129,0.673460974
9/28/2020 3:00,2020,9,28,9/28/2020,4,19.947,98.278,1.214,533.7525756,0.673409578
9/28/2020 4:00,2020,9,28,9/28/2020,5,18.973,101.182,1.212,533.7118299,0.673358171
9/28/2020 5:00,2020,9,28,9/28/2020,6,18.084,101.478,1.21,533.671076,0.673306754
9/28/2020 6:00,2020,9,28,9/28/2020,7,15.913,101.208,1.168,533.6303137,0.673255326
9/28/2020 7:00,2020,9,28,9/28/2020,8,14.377,100.01,1.138,565.0223201,0.712861089
9/28/2020 8:00,2020,9,28,9/28/2020,9,14.232,103.353,1.135,640.8669777,0.808550592
9/28/2020 9:00,2020,9,28,9/28/2020,10,12.186,101.448,1.094,716.711627,0.904240085
9/28/2020 10:00,2020,9,28,9/28/2020,11,13.363,101.775,1.117,748.1036087,0.943845817
9/28/2020 11:00,2020,9,28,9/28/2020,12,13.976,102.721,1.13,748.0628054,0.943794337
9/28/2020 12:00,2020,9,28,9/28/2020,13,16.604,102.17,1.182,748.0219938,0.943742847
9/28/2020 13:00,2020,9,28,9/28/2020,14,15.063,102.695,1.151,747.9811742,0.943691347
9/28/2020 14:00,2020,9,28,9/28/2020,15,19.718,102.351,1.214,747.9403464,0.943639837
9/28/2020 15:00,2020,9,28,9/28/2020,16,20.83,101.997,1.216,747.8995106,0.943588316
9/28/2020 16:00,2020,9,28,9/28/2020,17,21.86,102.445,1.219,747.8586666,0.943536785
9/28/2020 17:00,2020,9,28,9/28/2020,18,23.895,102.185,1.273,747.8178146,0.943485244
9/28/2020 18:00,2020,9,28,9/28/2020,19,23.737,102.05,1.267,747.7769546,0.943433693
9/28/2020 19:00,2020,9,28,9/28/2020,20,25.445,101.973,1.331,680.9603095,0.859134392
9/28/2020 20:00,2020,9,28,9/28/2020,21,26.638,99.946,1.376,614.1436563,0.774835082
9/28/2020 21:00,2020,9,28,9/28/2020,22,26.222,99.613,1.361,614.1027724,0.7747835
9/28/2020 22:00,2020,9,28,9/28/2020,23,25.785,100.054,1.344,614.0618804,0.774731909
9/28/2020 23:00,2020,9,28,9/28/2020,24,25.708,100.944,1.341,573.4785444,0.723529894
9/29/2020 0:00,2020,9,29,9/29/2020,1,24.958,98.565,1.313,532.8952006,0.67232787
9/29/2020 1:00,2020,9,29,9/29/2020,2,24.817,100.857,1.308,532.8542849,0.672276249
9/29/2020 2:00,2020,9,29,9/29/2020,3,21.454,100.228,1.218,532.8133614,0.672224617
9/29/2020 3:00,2020,9,29,9/29/2020,4,20.054,99.153,1.215,532.77243,0.672172976
9/29/2020 4:00,2020,9,29,9/29/2020,5,18.077,100.264,1.21,532.7314908,0.672121325
9/29/2020 5:00,2020,9,29,9/29/2020,6,18.172,99.452,1.21,532.6905438,0.672069664
9/29/2020 6:00,2020,9,29,9/29/2020,7,16.23,99.271,1.175,532.649589,0.672017994
9/29/2020 7:00,2020,9,29,9/29/2020,8,13.976,97.617,1.13,564.0414034,0.711623514
9/29/2020 8:00,2020,9,29,9/29/2020,9,14.351,102.309,1.137,639.8858694,0.807312776
9/29/2020 9:00,2020,9,29,9/29/2020,10,14.713,100.511,1.144,715.7303278,0.903002028
9/29/2020 10:00,2020,9,29,9/29/2020,11,15.24,103.986,1.155,747.122119,0.942607519
9/29/2020 11:00,2020,9,29,9/29/2020,12,14.907,102.658,1.148,747.0811256,0.9425558
9/29/2020 12:00,2020,9,29,9/29/2020,13,15.441,101.279,1.159,747.0401246,0.942504071
9/29/2020 13:00,2020,9,29,9/29/2020,14,17.426,104.47,1.199,746.999116,0.942452332
9/29/2020 14:00,2020,9,29,9/29/2020,15,17.656,100.368,1.203,746.9580997,0.942400584
9/29/2020 15:00,2020,9,29,9/29/2020,16,19.492,102.136,1.213,746.9170759,0.942348826
9/29/2020 16:00,2020,9,29,9/29/2020,17,22.083,102.6,1.219,746.8760444,0.942297059
9/29/2020 17:00,2020,9,29,9/29/2020,18,24.704,102.091,1.303,746.8350055,0.942245282
9/29/2020 18:00,2020,9,29,9/29/2020,19,24.389,101.077,1.291,746.793959,0.942193495
9/29/2020 19:00,2020,9,29,9/29/2020,20,26.276,100.29,1.363,679.9771279,0.85789396
9/29/2020 20:00,2020,9,29,9/29/2020,21,25.179,99.253,1.321,613.1602893,0.773594416
9/29/2020 21:00,2020,9,29,9/29/2020,22,26.762,100.554,1.381,613.1192204,0.773542601
9/29/2020 22:00,2020,9,29,9/29/2020,23,26.637,99.488,1.376,613.078144,0.773490777
9/29/2020 23:00,2020,9,29,9/29/2020,24,25.589,99.374,1.337,572.4946241,0.72228853
9/30/2020 0:00,2020,9,30,9/30/2020,1,24.68,100.103,1.302,531.9110968,0.671086274
9/30/2020 1:00,2020,9,30,9/30/2020,2,22.879,98.613,1.234,531.8699982,0.671034422
9/30/2020 2:00,2020,9,30,9/30/2020,3,21.888,99.213,1.219,531.8288922,0.670982561
9/30/2020 3:00,2020,9,30,9/30/2020,4,20.973,100.52,1.217,531.7877789,0.67093069
9/30/2020 4:00,2020,9,30,9/30/2020,5,16.968,99.476,1.189,531.7466583,0.67087881
9/30/2020 5:00,2020,9,30,9/30/2020,6,16.565,99.691,1.181,531.7055305,0.670826921
9/30/2020 6:00,2020,9,30,9/30/2020,7,16.042,99.597,1.171,531.6643953,0.670775023
9/30/2020 7:00,2020,9,30,9/30/2020,8,13.791,99.543,1.126,563.0560298,0.710380316
9/30/2020 8:00,2020,9,30,9/30/2020,9,12.614,100.966,1.102,638.9003164,0.806069352
9/30/2020 9:00,2020,9,30,9/30/2020,10,14.121,100.38,1.132,714.7445959,0.901758378
9/30/2020 10:00,2020,9,30,9/30/2020,11,16.394,100.908,1.178,746.1362087,0.941363644
9/30/2020 11:00,2020,9,30,9/30/2020,12,14.082,98.675,1.132,746.0950375,0.9413117
9/30/2020 12:00,2020,9,30,9/30/2020,13,14.869,100.002,1.147,746.0538591,0.941259748
9/30/2020 13:00,2020,9,30,9/30/2020,14,16.432,100.295,1.179,746.0126737,0.941207786
9/30/2020 14:00,2020,9,30,9/30/2020,15,18.214,99.745,1.21,745.9714811,0.941155815
9/30/2020 15:00,2020,9,30,9/30/2020,16,20.971,100.418,1.217,745.9302814,0.941103836
9/30/2020 16:00,2020,9,30,9/30/2020,17,21.053,100.218,1.217,745.8890747,0.941051847
9/30/2020 17:00,2020,9,30,9/30/2020,18,24.8,98.093,1.307,745.8478609,0.94099985
9/30/2020 18:00,2020,9,30,9/30/2020,19,24.709,99.695,1.303,745.8066401,0.940947843
9/30/2020 19:00,2020,9,30,9/30/2020,20,25.572,100.001,1.336,678.9896352,0.856648089
9/30/2020 20:00,2020,9,30,9/30/2020,21,27.161,100.823,1.393,612.1726233,0.772348326
9/30/2020 21:00,2020,9,30,9/30/2020,22,27.011,100.195,1.39,612.1313816,0.772296293
9/30/2020 22:00,2020,9,30,9/30/2020,23,26.657,99.093,1.377,612.090133,0.772244251
9/30/2020 23:00,2020,9,30,9/30/2020,24,24.806,101.158,1.307,571.5064413,0.721041788
10/1/2020 0:00,2020,10,1,10/1/2020,1,21.26,99.283,1.217,541.5867554,0.68329358
10/1/2020 1:00,2020,10,1,10/1/2020,2,20.671,100.114,1.216,541.545486,0.683241513
10/1/2020 2:00,2020,10,1,10/1/2020,3,19.141,99.235,1.213,541.5042098,0.683189437
10/1/2020 3:00,2020,10,1,10/1/2020,4,16.172,100.705,1.173,541.4629268,0.683137352
10/1/2020 4:00,2020,10,1,10/1/2020,5,15.59,101.278,1.162,541.421637,0.683085259
10/1/2020 5:00,2020,10,1,10/1/2020,6,14.36,100.203,1.137,541.3803404,0.683033157
10/1/2020 6:00,2020,10,1,10/1/2020,7,15.137,99.18,1.153,541.339037,0.682981046
10/1/2020 7:00,2020,10,1,10/1/2020,8,12.601,99.715,1.102,574.0082653,0.724198217
10/1/2020 8:00,2020,10,1,10/1/2020,9,11.991,100.799,1.09,652.9371739,0.82377897
10/1/2020 9:00,2020,10,1,10/1/2020,10,11.962,98.945,1.089,731.8660758,0.923359714
10/1/2020 10:00,2020,10,1,10/1/2020,11,11.462,99.937,1.08,764.535284,0.964576859
10/1/2020 11:00,2020,10,1,10/1/2020,12,12.553,100.15,1.101,764.4939471,0.964524707
10/1/2020 12:00,2020,10,1,10/1/2020,13,12.389,100.969,1.098,764.4526036,0.964472546
10/1/2020 13:00,2020,10,1,10/1/2020,14,14.711,100.057,1.144,764.4112535,0.964420376
10/1/2020 14:00,2020,10,1,10/1/2020,15,15.878,101.011,1.168,764.3698968,0.964368198
10/1/2020 15:00,2020,10,1,10/1/2020,16,16.388,99.948,1.178,764.3285335,0.964316012
10/1/2020 16:00,2020,10,1,10/1/2020,17,19.395,101.099,1.213,764.2871636,0.964263818
10/1/2020 17:00,2020,10,1,10/1/2020,18,19.946,102.168,1.214,764.2457873,0.964211616
10/1/2020 18:00,2020,10,1,10/1/2020,19,20.479,102.111,1.216,764.2044044,0.964159405
10/1/2020 19:00,2020,10,1,10/1/2020,20,23.206,99.853,1.247,694.672762,0.876434725
10/1/2020 20:00,2020,10,1,10/1/2020,21,23.655,100.85,1.264,625.1411131,0.788710036
10/1/2020 21:00,2020,10,1,10/1/2020,22,22.86,99.566,1.234,625.0997108,0.788657801
10/1/2020 22:00,2020,10,1,10/1/2020,23,23.1,101.118,1.243,625.0583021,0.788605558
10/1/2020 23:00,2020,10,1,10/1/2020,24,22.775,99.981,1.23,582.8263762,0.735323598
10/2/2020 0:00,2020,10,2,10/2/2020,1,20.303,98.539,1.215,540.594444,0.68204163
10/2/2020 1:00,2020,10,2,10/2/2020,2,19.766,98.182,1.214,540.5530161,0.681989362
10/2/2020 2:00,2020,10,2,10/2/2020,3,18.376,100.592,1.211,540.5115819,0.681937087
10/2/2020 3:00,2020,10,2,10/2/2020,4,16.824,100.672,1.186,540.4701414,0.681884803
10/2/2020 4:00,2020,10,2,10/2/2020,5,16.478,100.023,1.18,540.4286946,0.681832512
10/2/2020 5:00,2020,10,2,10/2/2020,6,14.291,100.472,1.136,540.3872415,0.681780212
10/2/2020 6:00,2020,10,2,10/2/2020,7,14.212,100.933,1.134,540.3457822,0.681727905
10/2/2020 7:00,2020,10,2,10/2/2020,8,11.328,99.234,1.08,573.014855,0.72294488
10/2/2020 8:00,2020,10,2,10/2/2020,9,11.064,101.663,1.08,651.9436087,0.822525437
10/2/2020 9:00,2020,10,2,10/2/2020,10,11.755,102.515,1.085,730.8723562,0.922105986
10/2/2020 10:00,2020,10,2,10/2/2020,11,12.076,104.412,1.092,763.5414104,0.963322938
10/2/2020 11:00,2020,10,2,10/2/2020,12,12.239,100.703,1.095,763.4999201,0.963270591
10/2/2020 12:00,2020,10,2,10/2/2020,13,13.376,103.227,1.118,763.4584237,0.963218237
10/2/2020 13:00,2020,10,2,10/2/2020,14,16.475,102.084,1.18,763.4169212,0.963165876
10/2/2020 14:00,2020,10,2,10/2/2020,15,16.439,101.792,1.179,763.3754126,0.963113506
10/2/2020 15:00,2020,10,2,10/2/2020,16,17.684,103.776,1.204,763.333898,0.963061129
10/2/2020 16:00,2020,10,2,10/2/2020,17,19.442,102.151,1.213,763.2923773,0.963008745
10/2/2020 17:00,2020,10,2,10/2/2020,18,20.096,100.562,1.215,763.2508506,0.962956352
10/2/2020 18:00,2020,10,2,10/2/2020,19,20.647,101.315,1.216,763.2093179,0.962903953
10/2/2020 19:00,2020,10,2,10/2/2020,20,22.95,98.971,1.237,693.6775261,0.875179084
10/2/2020 20:00,2020,10,2,10/2/2020,21,23.496,100.222,1.258,624.1457285,0.787454208
10/2/2020 21:00,2020,10,2,10/2/2020,22,22.067,98.293,1.219,624.1041779,0.787401786
10/2/2020 22:00,2020,10,2,10/2/2020,23,22.102,100.063,1.219,624.0626214,0.787349356
10/2/2020 23:00,2020,10,2,10/2/2020,24,21.858,100.622,1.219,581.8305483,0.73406721
10/3/2020 0:00,2020,10,3,10/3/2020,1,21.329,100.154,1.217,539.5984692,0.680785057
10/3/2020 1:00,2020,10,3,10/3/2020,2,20.134,98.997,1.215,539.5568951,0.680732605
10/3/2020 2:00,2020,10,3,10/3/2020,3,19.633,99.798,1.214,539.5153152,0.680680146
10/3/2020 3:00,2020,10,3,10/3/2020,4,17.556,98.992,1.201,539.4737295,0.680627679
10/3/2020 4:00,2020,10,3,10/3/2020,5,14.521,99.57,1.14,539.432138,0.680575205
10/3/2020 5:00,2020,10,3,10/3/2020,6,14.627,101.152,1.143,539.3905407,0.680522724
10/3/2020 6:00,2020,10,3,10/3/2020,7,12.841,98.819,1.107,539.3489377,0.680470235
10/3/2020 7:00,2020,10,3,10/3/2020,8,11.609,99.49,1.082,572.0178674,0.72168703
10/3/2020 8:00,2020,10,3,10/3/2020,9,10.991,102.482,1.08,650.9464784,0.821267406
10/3/2020 9:00,2020,10,3,10/3/2020,10,9.886,103.141,1.08,729.8750837,0.920847776
10/3/2020 10:00,2020,10,3,10/3/2020,11,13.136,103.25,1.113,762.5439964,0.962064549
10/3/2020 11:00,2020,10,3,10/3/2020,12,13.7,101.514,1.124,762.502365,0.962012025
10/3/2020 12:00,2020,10,3,10/3/2020,13,11.702,104.301,1.084,762.460728,0.961959493
10/3/2020 13:00,2020,10,3,10/3/2020,14,13.399,102.749,1.118,762.4190854,0.961906955
10/3/2020 14:00,2020,10,3,10/3/2020,15,15.306,101.319,1.156,762.3774372,0.961854409
10/3/2020 15:00,2020,10,3,10/3/2020,16,16.948,102.075,1.189,762.3357835,0.961801857
10/3/2020 16:00,2020,10,3,10/3/2020,17,19.644,100.254,1.214,762.2941243,0.961749298
10/3/2020 17:00,2020,10,3,10/3/2020,18,19.928,102.131,1.214,762.2524595,0.961696731
10/3/2020 18:00,2020,10,3,10/3/2020,19,20.853,102.798,1.216,762.2107893,0.961644158
10/3/2020 19:00,2020,10,3,10/3/2020,20,22.927,100.594,1.236,692.6788606,0.873919116
10/3/2020 20:00,2020,10,3,10/3/2020,21,22.969,100.128,1.238,623.1469264,0.786194068
10/3/2020 21:00,2020,10,3,10/3/2020,22,21.866,100.048,1.219,623.1052398,0.786141474
10/3/2020 22:00,2020,10,3,10/3/2020,23,23.007,100.104,1.239,623.0635479,0.786088874
10/3/2020 23:00,2020,10,3,10/3/2020,24,23.057,100.509,1.241,580.8313398,0.732806558
10/4/2020 0:00,2020,10,4,10/4/2020,1,22.015,101.487,1.219,538.5991263,0.679524235
10/4/2020 1:00,2020,10,4,10/4/2020,2,20.24,99.128,1.215,538.5574183,0.679471614
10/4/2020 2:00,2020,10,4,10/4/2020,3,19.507,99.573,1.213,538.515705,0.679418986
10/4/2020 3:00,2020,10,4,10/4/2020,4,17.463,98.758,1.199,538.4739864,0.679366352
10/4/2020 4:00,2020,10,4,10/4/2020,5,16.188,99.253,1.174,538.4322625,0.679313711
10/4/2020 5:00,2020,10,4,10/4/2020,6,14.759,99.684,1.145,538.3905334,0.679261063
10/4/2020 6:00,2020,10,4,10/4/2020,7,15.199,99.429,1.154,538.348799,0.679208409
10/4/2020 7:00,2020,10,4,10/4/2020,8,13.089,100.709,1.112,571.0175978,0.720425038
10/4/2020 8:00,2020,10,4,10/4/2020,9,11.854,99.805,1.087,649.9460785,0.820005251
10/4/2020 9:00,2020,10,4,10/4/2020,10,11.339,101.613,1.08,728.874554,0.919585457
10/4/2020 10:00,2020,10,4,10/4/2020,11,10.858,101.408,1.08,761.5433374,0.960802066
10/4/2020 11:00,2020,10,4,10/4/2020,12,12.679,102.036,1.104,761.5015772,0.96074938
10/4/2020 12:00,2020,10,4,10/4/2020,13,12.484,101.439,1.1,761.459812,0.960696686
10/4/2020 13:00,2020,10,4,10/4/2020,14,14.891,101.143,1.148,761.4180416,0.960643987
10/4/2020 14:00,2020,10,4,10/4/2020,15,15.93,100.3,1.169,761.3762662,0.960591281
10/4/2020 15:00,2020,10,4,10/4/2020,16,15.619,102.25,1.162,761.3344858,0.960538569
10/4/2020 16:00,2020,10,4,10/4/2020,17,18.68,102.193,1.212,761.2927003,0.96048585
10/4/2020 17:00,2020,10,4,10/4/2020,18,20.402,102.071,1.215,761.2509099,0.960433125
10/4/2020 18:00,2020,10,4,10/4/2020,19,22.483,101.269,1.22,761.2091145,0.960380394
10/4/2020 19:00,2020,10,4,10/4/2020,20,22.761,103.147,1.23,691.6770611,0.872655195
10/4/2020 20:00,2020,10,4,10/4/2020,21,23.179,99.828,1.246,622.1450028,0.78492999
10/4/2020 21:00,2020,10,4,10/4/2020,22,23.014,100.273,1.239,622.1031926,0.78487724
10/4/2020 22:00,2020,10,4,10/4/2020,23,24.219,100.43,1.285,622.0613776,0.784824484
10/4/2020 23:00,2020,10,4,10/4/2020,24,21.996,100.139,1.219,579.8290469,0.731542014
10/5/2020 0:00,2020,10,5,10/5/2020,1,20.94,99.314,1.217,537.5967114,0.678259537
10/5/2020 1:00,2020,10,5,10/5/2020,2,20.929,100.716,1.217,537.5548818,0.678206762
10/5/2020 2:00,2020,10,5,10/5/2020,3,19.99,99.174,1.214,537.5130474,0.678153982
10/5/2020 3:00,2020,10,5,10/5/2020,4,16.233,99.84,1.175,537.4712083,0.678101196
10/5/2020 4:00,2020,10,5,10/5/2020,5,15.664,99.504,1.163,537.4293644,0.678048403
10/5/2020 5:00,2020,10,5,10/5/2020,6,15.07,99.627,1.151,537.3875157,0.677995605
10/5/2020 6:00,2020,10,5,10/5/2020,7,13.752,100.858,1.125,537.3456624,0.6779428
10/5/2020 7:00,2020,10,5,10/5/2020,8,11.968,98.628,1.089,570.0143428,0.71915928
10/5/2020 8:00,2020,10,5,10/5/2020,9,10.398,103.468,1.08,648.9427055,0.818739344
10/5/2020 9:00,2020,10,5,10/5/2020,10,11.223,103.622,1.08,727.8710636,0.918319402
10/5/2020 10:00,2020,10,5,10/5/2020,11,12.367,101.851,1.097,760.53973,0.959535864
10/5/2020 11:00,2020,10,5,10/5/2020,12,11.763,101.219,1.085,760.4978534,0.95948303
10/5/2020 12:00,2020,10,5,10/5/2020,13,14.421,102.198,1.138,760.4559723,0.959430191
10/5/2020 13:00,2020,10,5,10/5/2020,14,15.067,101.006,1.151,760.4140866,0.959377346
10/5/2020 14:00,2020,10,5,10/5/2020,15,17.367,100.113,1.197,760.3721963,0.959324495
10/5/2020 15:00,2020,10,5,10/5/2020,16,18.561,101.678,1.211,760.3303016,0.959271638
10/5/2020 16:00,2020,10,5,10/5/2020,17,19.286,103.977,1.213,760.2884023,0.959218776
10/5/2020 17:00,2020,10,5,10/5/2020,18,19.632,102.742,1.214,760.2464986,0.959165908
10/5/2020 18:00,2020,10,5,10/5/2020,19,22.025,102.598,1.219,760.2045904,0.959113035
10/5/2020 19:00,2020,10,5,10/5/2020,20,22.051,100.899,1.219,690.6724247,0.871387694
10/5/2020 20:00,2020,10,5,10/5/2020,21,22.985,100.669,1.238,621.1402547,0.783662348
10/5/2020 21:00,2020,10,5,10/5/2020,22,22.811,100.301,1.232,621.0983333,0.783609458
10/5/2020 22:00,2020,10,5,10/5/2020,23,23.281,100.765,1.249,621.0564075,0.783556563
10/5/2020 23:00,2020,10,5,10/5/2020,24,22.406,100.05,1.22,578.8239666,0.730273953
10/6/2020 0:00,2020,10,6,10/6/2020,1,21.417,98.226,1.218,536.5915214,0.676991337
10/6/2020 1:00,2020,10,6,10/6/2020,2,19.371,101.089,1.213,536.5495826,0.676938425
10/6/2020 2:00,2020,10,6,10/6/2020,3,18.62,101.107,1.211,536.5076396,0.676885508
10/6/2020 3:00,2020,10,6,10/6/2020,4,16.133,99.937,1.173,536.4656923,0.676832585
10/6/2020 4:00,2020,10,6,10/6/2020,5,16.044,99.677,1.171,536.4237408,0.676779657
10/6/2020 5:00,2020,10,6,10/6/2020,6,14.68,98.454,1.144,536.3817851,0.676726723
10/6/2020 6:00,2020,10,6,10/6/2020,7,13.65,100.805,1.123,536.3398252,0.676673785
10/6/2020 7:00,2020,10,6,10/6/2020,8,11.597,101.798,1.082,569.0083995,0.717890131
10/6/2020 8:00,2020,10,6,10/6/2020,9,11.008,101.625,1.08,647.9366566,0.817470061
10/6/2020 9:00,2020,10,6,10/6/2020,10,12.922,100.829,1.108,726.8649097,0.917049986
10/6/2020 10:00,2020,10,6,10/6/2020,11,13.289,101.459,1.116,759.5334716,0.958266317
10/6/2020 11:00,2020,10,6,10/6/2020,12,10.283,104.102,1.08,759.4914911,0.958213352
10/6/2020 12:00,2020,10,6,10/6/2020,13,12.945,102.967,1.109,759.4495064,0.958160382
10/6/2020 13:00,2020,10,6,10/6/2020,14,14.022,101.37,1.13,759.4075178,0.958107407
10/6/2020 14:00,2020,10,6,10/6/2020,15,16.362,101.873,1.177,759.3655251,0.958054427
10/6/2020 15:00,2020,10,6,10/6/2020,16,18.047,104.764,1.21,759.3235284,0.958001442
10/6/2020 16:00,2020,10,6,10/6/2020,17,17.366,103.622,1.197,759.2815277,0.957948452
10/6/2020 17:00,2020,10,6,10/6/2020,18,20.186,102.159,1.215,759.2395231,0.957895456
10/6/2020 18:00,2020,10,6,10/6/2020,19,21.233,103.382,1.217,759.1975146,0.957842456
10/6/2020 19:00,2020,10,6,10/6/2020,20,21.645,101.749,1.218,689.665249,0.87011699
10/6/2020 20:00,2020,10,6,10/6/2020,21,22.498,99.034,1.22,620.1329796,0.782391519
10/6/2020 21:00,2020,10,6,10/6/2020,22,22.604,100.173,1.224,620.0909594,0.782338504
10/6/2020 22:00,2020,10,6,10/6/2020,23,24.689,99.564,1.303,620.0489354,0.782285484
10/6/2020 23:00,2020,10,6,10/6/2020,24,23.327,99.253,1.251,577.8163967,0.729002751
10/7/2020 0:00,2020,10,7,10/7/2020,1,22.089,100.953,1.219,535.5838542,0.675720013
10/7/2020 1:00,2020,10,7,10/7/2020,2,20.535,100.718,1.216,535.5418187,0.675666979
10/7/2020 2:00,2020,10,7,10/7/2020,3,19.785,98.238,1.214,535.4997795,0.67561394
10/7/2020 3:00,2020,10,7,10/7/2020,4,18.344,99.873,1.211,535.4577365,0.675560896
10/7/2020 4:00,2020,10,7,10/7/2020,5,14.189,99.607,1.134,535.4156898,0.675507848
10/7/2020 5:00,2020,10,7,10/7/2020,6,14.698,99.999,1.144,535.3736394,0.675454795
10/7/2020 6:00,2020,10,7,10/7/2020,7,13.523,99.829,1.12,535.3315853,0.675401738
10/7/2020 7:00,2020,10,7,10/7/2020,8,12.854,100.824,1.107,568.000066,0.716617966
10/7/2020 8:00,2020,10,7,10/7/2020,9,12.316,98.875,1.096,646.9282301,0.816197779
10/7/2020 9:00,2020,10,7,10/7/2020,10,11.993,100.651,1.09,725.8563905,0.915777587
10/7/2020 10:00,2020,10,7,10/7/2020,11,11.31,100.294,1.08,758.5248604,0.956993801
10/7/2020 11:00,2020,10,7,10/7/2020,12,11.506,99.144,1.08,758.4827883,0.956940721
10/7/2020 12:00,2020,10,7,10/7/2020,13,13.442,98.907,1.119,758.4407126,0.956887636
10/7/2020 13:00,2020,10,7,10/7/2020,14,14.852,100.19,1.147,758.3986334,0.956834547
10/7/2020 14:00,2020,10,7,10/7/2020,15,16.123,98.809,1.172,758.3565507,0.956781453
10/7/2020 15:00,2020,10,7,10/7/2020,16,16.89,100.973,1.188,758.3144646,0.956728355
10/7/2020 16:00,2020,10,7,10/7/2020,17,16.972,100.403,1.189,758.272375,0.956675253
10/7/2020 17:00,2020,10,7,10/7/2020,18,20.608,97.903,1.216,758.2302819,0.956622146
10/7/2020 18:00,2020,10,7,10/7/2020,19,20.672,100.596,1.216,758.1881854,0.956569035
10/7/2020 19:00,2020,10,7,10/7/2020,20,22.636,99.737,1.225,688.6558325,0.868843458
10/7/2020 20:00,2020,10,7,10/7/2020,21,23.984,98.981,1.276,619.1234762,0.781117877
10/7/2020 21:00,2020,10,7,10/7/2020,22,22.906,100.739,1.235,619.0813697,0.781064754
10/7/2020 22:00,2020,10,7,10/7/2020,23,23.34,101.035,1.252,619.0392597,0.781011626
10/7/2020 23:00,2020,10,7,10/7/2020,24,21.984,98.925,1.219,576.8066357,0.727728785
10/8/2020 0:00,2020,10,8,10/8/2020,1,21.465,99.191,1.218,534.5740085,0.67444594
10/8/2020 1:00,2020,10,8,10/8/2020,2,19.956,101.316,1.214,534.5318887,0.674392799
10/8/2020 2:00,2020,10,8,10/8/2020,3,20.104,99.16,1.215,534.4897657,0.674339655
10/8/2020 3:00,2020,10,8,10/8/2020,4,18.663,98.281,1.211,534.4476395,0.674286506
10/8/2020 4:00,2020,10,8,10/8/2020,5,16.268,100.378,1.175,534.40551,0.674233354
10/8/2020 5:00,2020,10,8,10/8/2020,6,13.63,100.539,1.123,534.3633774,0.674180197
10/8/2020 6:00,2020,10,8,10/8/2020,7,13.55,100.249,1.121,534.3212417,0.674127036
10/8/2020 7:00,2020,10,8,10/8/2020,8,12.895,99.436,1.108,566.9896412,0.715343162
10/8/2020 8:00,2020,10,8,10/8/2020,9,11.562,99.526,1.081,645.9177246,0.814922873
10/8/2020 9:00,2020,10,8,10/8/2020,10,10.654,98.922,1.08,724.845805,0.914502581
10/8/2020 10:00,2020,10,8,10/8/2020,11,10.901,98.59,1.08,757.5141952,0.955718694
10/8/2020 11:00,2020,10,8,10/8/2020,12,11.595,101.759,1.082,757.472044,0.955665514
10/8/2020 12:00,2020,10,8,10/8/2020,13,12.895,98.516,1.108,757.4298898,0.95561233
10/8/2020 13:00,2020,10,8,10/8/2020,14,13.929,100.049,1.129,757.3877325,0.955559143
10/8/2020 14:00,2020,10,8,10/8/2020,15,16.596,100.313,1.182,757.3455723,0.955505951
10/8/2020 15:00,2020,10,8,10/8/2020,16,17.276,98.011,1.196,757.3034092,0.955452756
10/8/2020 16:00,2020,10,8,10/8/2020,17,18.765,99.128,1.212,757.261243,0.955399557
10/8/2020 17:00,2020,10,8,10/8/2020,18,20.36,100.716,1.215,757.219074,0.955346354
10/8/2020 18:00,2020,10,8,10/8/2020,19,21.971,100.274,1.219,757.1769021,0.955293148
10/8/2020 19:00,2020,10,8,10/8/2020,20,23.46,100.374,1.256,687.6444743,0.867567477
10/8/2020 20:00,2020,10,8,10/8/2020,21,22.329,100.157,1.22,618.1120436,0.779841802
10/8/2020 21:00,2020,10,8,10/8/2020,22,22.55,100.045,1.222,618.0698631,0.779788585
10/8/2020 22:00,2020,10,8,10/8/2020,23,23.229,97.243,1.248,618.0276798,0.779735365
10/8/2020 23:00,2020,10,8,10/8/2020,24,23.303,100.671,1.25,575.794983,0.726452432
10/9/2020 0:00,2020,10,9,10/9/2020,1,20.73,101.012,1.216,533.5622834,0.673169496
10/9/2020 1:00,2020,10,9,10/9/2020,2,21.481,101.348,1.218,533.5200918,0.673116265
10/9/2020 2:00,2020,10,9,10/9/2020,3,17.91,98.509,1.208,533.4778975,0.67306303
10/9/2020 3:00,2020,10,9,10/9/2020,4,17.971,102.502,1.209,533.4357005,0.673009792
10/9/2020 4:00,2020,10,9,10/9/2020,5,15.898,98.438,1.168,533.3935009,0.672956551
10/9/2020 5:00,2020,10,9,10/9/2020,6,13.36,99.839,1.117,533.3512986,0.672903306
10/9/2020 6:00,2020,10,9,10/9/2020,7,13.252,101.789,1.115,533.3090936,0.672850059
10/9/2020 7:00,2020,10,9,10/9/2020,8,11.984,99.158,1.09,565.9774244,0.714066097
10/9/2020 8:00,2020,10,9,10/9/2020,9,10.708,102.773,1.08,644.9054397,0.813645723
10/9/2020 9:00,2020,10,9,10/9/2020,10,11.361,101.694,1.08,723.8334524,0.913225345
10/9/2020 10:00,2020,10,9,10/9/2020,11,12.037,101.585,1.091,756.5017755,0.954441374
10/9/2020 11:00,2020,10,9,10/9/2020,12,12.865,103.344,1.107,756.4595577,0.95438811
10/9/2020 12:00,2020,10,9,10/9/2020,13,12.628,101.552,1.103,756.4173374,0.954334842
10/9/2020 13:00,2020,10,9,10/9/2020,14,13.388,101.583,1.118,756.3751146,0.954281572
10/9/2020 14:00,2020,10,9,10/9/2020,15,16.746,103.162,1.185,756.3328894,0.954228298
10/9/2020 15:00,2020,10,9,10/9/2020,16,18.002,103.833,1.21,756.2906617,0.954175022
10/9/2020 16:00,2020,10,9,10/9/2020,17,19.576,102.057,1.214,756.2484316,0.954121742
10/9/2020 17:00,2020,10,9,10/9/2020,18,20.571,101.711,1.216,756.2061991,0.954068459
10/9/2020 18:00,2020,10,9,10/9/2020,19,20.363,101.201,1.215,756.1639643,0.954015174
10/9/2020 19:00,2020,10,9,10/9/2020,20,23.194,100.316,1.246,686.631474,0.866289424
10/9/2020 20:00,2020,10,9,10/9/2020,21,24.145,102.397,1.282,617.0989814,0.778563671
10/9/2020 21:00,2020,10,9,10/9/2020,22,22.455,99.922,1.22,617.0567395,0.778510377
10/9/2020 22:00,2020,10,9,10/9/2020,23,24.646,98.788,1.301,617.0144954,0.778457079
10/9/2020 23:00,2020,10,9,10/9/2020,24,22.393,101.239,1.22,574.7817382,0.72517407
10/10/2020 0:00,2020,10,10,10/10/2020,1,21.655,99.596,1.218,532.5489788,0.671891059
10/10/2020 1:00,2020,10,10,10/10/2020,2,19.72,101.477,1.214,532.5067279,0.671837753
10/10/2020 2:00,2020,10,10,10/10/2020,3,19.173,99.982,1.213,532.4644748,0.671784444
10/10/2020 3:00,2020,10,10,10/10/2020,4,16.878,99.796,1.188,532.4222196,0.671731133
10/10/2020 4:00,2020,10,10,10/10/2020,5,15.71,100.418,1.164,532.3799622,0.671677819
10/10/2020 5:00,2020,10,10,10/10/2020,6,14.701,97.839,1.144,532.3377027,0.671624502
10/10/2020 6:00,2020,10,10,10/10/2020,7,13.007,99.277,1.11,532.295441,0.671571183
10/10/2020 7:00,2020,10,10,10/10/2020,8,12.366,100.197,1.097,564.9637157,0.712787151
10/10/2020 8:00,2020,10,10,10/10/2020,9,11.778,100.869,1.086,643.8916753,0.812366706
10/10/2020 9:00,2020,10,10,10/10/2020,10,12.545,101.92,1.101,722.8196329,0.911946258
10/10/2020 10:00,2020,10,10,10/10/2020,11,10.485,102.899,1.08,755.4879014,0.953162218
10/10/2020 11:00,2020,10,10,10/10/2020,12,10.669,101.617,1.08,755.4456295,0.953108886
10/10/2020 12:00,2020,10,10,10/10/2020,13,11.997,102.191,1.09,755.4033556,0.953055551
10/10/2020 13:00,2020,10,10,10/10/2020,14,14.527,100.892,1.141,755.3610798,0.953002214
10/10/2020 14:00,2020,10,10,10/10/2020,15,15.952,103.066,1.169,755.318802,0.952948874
10/10/2020 15:00,2020,10,10,10/10/2020,16,17.909,101.496,1.208,755.2765223,0.952895532
10/10/2020 16:00,2020,10,10,10/10/2020,17,19.092,102.516,1.212,755.2342408,0.952842187
10/10/2020 17:00,2020,10,10,10/10/2020,18,19.329,103.105,1.213,755.1919573,0.95278884
10/10/2020 18:00,2020,10,10,10/10/2020,19,21.139,103.262,1.217,755.149672,0.952735491
10/10/2020 19:00,2020,10,10,10/10/2020,20,22.328,102.423,1.22,685.6171318,0.865009678
10/10/2020 20:00,2020,10,10,10/10/2020,21,23.435,99.299,1.255,616.0845899,0.777283863
10/10/2020 21:00,2020,10,10,10/10/2020,22,22.974,99.744,1.238,616.0422991,0.777230507
10/10/2020 22:00,2020,10,10,10/10/2020,23,23.533,99.957,1.259,616.0000066,0.777177148
10/10/2020 23:00,2020,10,10,10/10/2020,24,21.668,100.728,1.218,573.7672016,0.723894079
10/11/2020 0:00,2020,10,11,10/11/2020,1,21.183,100.987,1.217,531.5343949,0.670611008
10/11/2020 1:00,2020,10,11,10/11/2020,2,21.15,99.926,1.217,531.4920973,0.670557643
10/11/2020 2:00,2020,10,11,10/11/2020,3,17.983,99.272,1.21,531.4497979,0.670504276
10/11/2020 3:00,2020,10,11,10/11/2020,4,17.943,98.852,1.209,531.4074969,0.670450907
10/11/2020 4:00,2020,10,11,10/11/2020,5,15.563,100.494,1.161,531.3651943,0.670397536
10/11/2020 5:00,2020,10,11,10/11/2020,6,14.702,99.082,1.144,531.3228901,0.670344163
10/11/2020 6:00,2020,10,11,10/11/2020,7,13.85,98.948,1.127,531.2805843,0.670290787
10/11/2020 7:00,2020,10,11,10/11/2020,8,12.764,100.26,1.105,563.9488153,0.7115067
10/11/2020 8:00,2020,10,11,10/11/2020,9,11.766,101.46,1.085,642.8767318,0.811086201
10/11/2020 9:00,2020,10,11,10/11/2020,10,11.375,100.747,1.08,721.8046467,0.9106657
10/11/2020 10:00,2020,10,11,10/11/2020,11,12.049,100.775,1.091,754.4728732,0.951881607
10/11/2020 11:00,2020,10,11,10/11/2020,12,12.215,100.361,1.094,754.4305597,0.951828222
10/11/2020 12:00,2020,10,11,10/11/2020,13,12.84,102.527,1.107,754.3882448,0.951774835
10/11/2020 13:00,2020,10,11,10/11/2020,14,14.849,102.496,1.147,754.3459285,0.951721447
10/11/2020 14:00,2020,10,11,10/11/2020,15,17.023,103.112,1.19,754.3036107,0.951668057
10/11/2020 15:00,2020,10,11,10/11/2020,16,17.169,103.298,1.193,754.2612916,0.951614665
10/11/2020 16:00,2020,10,11,10/11/2020,17,17.821,102.246,1.206,754.218971,0.951561271
10/11/2020 17:00,2020,10,11,10/11/2020,18,19.258,101.573,1.213,754.1766492,0.951507875
10/11/2020 18:00,2020,10,11,10/11/2020,19,22.214,102.763,1.219,754.134326,0.951454478
10/11/2020 19:00,2020,10,11,10/11/2020,20,22.123,101.222,1.219,684.6017484,0.863728618
10/11/2020 20:00,2020,10,11,10/11/2020,21,22.197,99.265,1.219,615.0691696,0.776002757
10/11/2020 21:00,2020,10,11,10/11/2020,22,23.713,99.781,1.266,615.0268425,0.775949355
10/11/2020 22:00,2020,10,11,10/11/2020,23,23.455,101.18,1.256,614.9845142,0.775895951
10/11/2020 23:00,2020,10,11,10/11/2020,24,22.243,100.447,1.219,572.7516739,0.722612837
10/12/2020 0:00,2020,10,12,10/12/2020,1,21.329,100.961,1.217,530.5188324,0.669329722
10/12/2020 1:00,2020,10,12,10/12/2020,2,20.831,99.367,1.216,530.4765005,0.669276314
10/12/2020 2:00,2020,10,12,10/12/2020,3,19.078,100.238,1.212,530.4341674,0.669222905
10/12/2020 3:00,2020,10,12,10/12/2020,4,17.734,97.885,1.205,530.3918333,0.669169494
10/12/2020 4:00,2020,10,12,10/12/2020,5,15.503,100.633,1.16,530.349498,0.669116081
10/12/2020 5:00,2020,10,12,10/12/2020,6,14.726,100.76,1.145,530.3071616,0.669062667
10/12/2020 6:00,2020,10,12,10/12/2020,7,13.298,100.195,1.116,530.2648241,0.669009252
10/12/2020 7:00,2020,10,12,10/12/2020,8,12.886,100.294,1.108,562.933024,0.710225126
10/12/2020 8:00,2020,10,12,10/12/2020,9,12.271,100.557,1.095,641.8609099,0.809804588
10/12/2020 9:00,2020,10,12,10/12/2020,10,10.525,102.111,1.08,720.7887948,0.909384049
10/12/2020 10:00,2020,10,12,10/12/2020,11,12.649,102.53,1.103,753.4569917,0.950599919
10/12/2020 11:00,2020,10,12,10/12/2020,12,11.651,103.89,1.083,753.4146492,0.950546497
10/12/2020 12:00,2020,10,12,10/12/2020,13,13.374,102.189,1.117,753.3723058,0.950493075
10/12/2020 13:00,2020,10,12,10/12/2020,14,14.375,103.072,1.137,753.3299615,0.950439651
10/12/2020 14:00,2020,10,12,10/12/2020,15,15.723,101.994,1.164,753.2876163,0.950386226
10/12/2020 15:00,2020,10,12,10/12/2020,16,17.534,101.495,1.201,753.2452702,0.9503328
10/12/2020 16:00,2020,10,12,10/12/2020,17,19.435,100.254,1.213,753.2029233,0.950279373
10/12/2020 17:00,2020,10,12,10/12/2020,18,19.981,101.757,1.214,753.1605755,0.950225945
10/12/2020 18:00,2020,10,12,10/12/2020,19,20.508,101.427,1.216,753.1182269,0.950172516
10/12/2020 19:00,2020,10,12,10/12/2020,20,23.094,101.812,1.242,683.5856245,0.862446624
10/12/2020 20:00,2020,10,12,10/12/2020,21,22.96,100.145,1.237,614.0530214,0.774720732
10/12/2020 21:00,2020,10,12,10/12/2020,22,21.874,101.179,1.219,614.0106705,0.7746673
10/12/2020 22:00,2020,10,12,10/12/2020,23,24.353,100.047,1.29,613.968319,0.774613867
10/12/2020 23:00,2020,10,12,10/12/2020,24,21.207,99.62,1.217,571.7354559,0.721330725
10/13/2020 0:00,2020,10,13,10/13/2020,1,20.321,100.362,1.215,529.5025922,0.668047581
10/13/2020 1:00,2020,10,13,10/13/2020,2,20.65,99.285,1.216,529.4602386,0.667994146
10/13/2020 2:00,2020,10,13,10/13/2020,3,19,99.762,1.212,529.4178843,0.66794071
10/13/2020 3:00,2020,10,13,10/13/2020,4,17.607,98.72,1.202,529.3755295,0.667887273
10/13/2020 4:00,2020,10,13,10/13/2020,5,17.707,100.698,1.204,529.3331741,0.667833835
10/13/2020 5:00,2020,10,13,10/13/2020,6,14.658,99.55,1.143,529.2908181,0.667780396
10/13/2020 6:00,2020,10,13,10/13/2020,7,13.635,100.02,1.123,529.2484615,0.667726957
10/13/2020 7:00,2020,10,13,10/13/2020,8,12.388,101.01,1.098,561.9166429,0.708942807
10/13/2020 8:00,2020,10,13,10/13/2020,9,11.37,102.143,1.08,640.8445107,0.808522247
10/13/2020 9:00,2020,10,13,10/13/2020,10,11.958,99.97,1.089,719.7723781,0.908101685
10/13/2020 10:00,2020,10,13,10/13/2020,11,12.132,101.818,1.093,752.440558,0.949317534
10/13/2020 11:00,2020,10,13,10/13/2020,12,12.406,103.625,1.098,752.398199,0.949264092
10/13/2020 12:00,2020,10,13,10/13/2020,13,13.086,102.311,1.112,752.3558397,0.949210649
10/13/2020 13:00,2020,10,13,10/13/2020,14,14.532,102.619,1.141,752.3134799,0.949157206
10/13/2020 14:00,2020,10,13,10/13/2020,15,16.478,100.664,1.18,752.2711198,0.949103762
10/13/2020 15:00,2020,10,13,10/13/2020,16,17.525,101.967,1.2,752.2287594,0.949050318
10/13/2020 16:00,2020,10,13,10/13/2020,17,17.868,101.704,1.207,752.1863986,0.948996873
10/13/2020 17:00,2020,10,13,10/13/2020,18,20.297,101.158,1.215,752.1440375,0.948943428
10/13/2020 18:00,2020,10,13,10/13/2020,19,20.172,101.512,1.215,752.1016761,0.948889983
10/13/2020 19:00,2020,10,13,10/13/2020,20,23.305,101.637,1.25,682.5690614,0.861164076
10/13/2020 20:00,2020,10,13,10/13/2020,21,22.172,98.816,1.219,613.0364465,0.773438169
10/13/2020 21:00,2020,10,13,10/13/2020,22,22.587,99.898,1.223,612.9940844,0.773384723
10/13/2020 22:00,2020,10,13,10/13/2020,23,22.728,100.58,1.229,612.9517221,0.773331276
10/13/2020 23:00,2020,10,13,10/13/2020,24,23.358,98.166,1.252,570.7188488,0.720048121
10/14/2020 0:00,2020,10,14,10/14/2020,1,20.387,97.551,1.215,528.4859754,0.666764966
10/14/2020 1:00,2020,10,14,10/14/2020,2,20.786,100.879,1.216,528.4436127,0.666711519
10/14/2020 2:00,2020,10,14,10/14/2020,3,18.937,100.153,1.212,528.4012498,0.666658072
10/14/2020 3:00,2020,10,14,10/14/2020,4,15.773,99.987,1.165,528.3588868,0.666604624
10/14/2020 4:00,2020,10,14,10/14/2020,5,14.809,100.144,1.146,528.3165238,0.666551177
10/14/2020 5:00,2020,10,14,10/14/2020,6,14.575,99.64,1.142,528.2741608,0.666497729
10/14/2020 6:00,2020,10,14,10/14/2020,7,13.665,100.977,1.123,528.2317977,0.666444282
10/14/2020 7:00,2020,10,14,10/14/2020,8,13.604,99.324,1.122,560.899973,0.707660125
10/14/2020 8:00,2020,10,14,10/14/2020,9,11.54,100.778,1.081,639.8278354,0.807239557
10/14/2020 9:00,2020,10,14,10/14/2020,10,11.92,100.891,1.088,718.7556978,0.906818989
10/14/2020 10:00,2020,10,14,10/14/2020,11,10.778,98.214,1.08,751.4238732,0.948034832
10/14/2020 11:00,2020,10,14,10/14/2020,12,12.618,99.385,1.102,751.3815103,0.947981385
10/14/2020 12:00,2020,10,14,10/14/2020,13,14.684,99.223,1.144,751.3391476,0.947927938
10/14/2020 13:00,2020,10,14,10/14/2020,14,13.391,100.611,1.118,751.296785,0.947874491
10/14/2020 14:00,2020,10,14,10/14/2020,15,15.925,99.008,1.168,751.2544225,0.947821045
10/14/2020 15:00,2020,10,14,10/14/2020,16,17.388,100.821,1.198,751.2120602,0.947767598
10/14/2020 16:00,2020,10,14,10/14/2020,17,18.532,99.783,1.211,751.1696981,0.947714152
10/14/2020 17:00,2020,10,14,10/14/2020,18,19.992,99.114,1.214,751.1273362,0.947660706
10/14/2020 18:00,2020,10,14,10/14/2020,19,22.359,100.615,1.22,751.0849746,0.94760726
10/14/2020 19:00,2020,10,14,10/14/2020,20,21.812,101.302,1.218,681.5523601,0.859881354
10/14/2020 20:00,2020,10,14,10/14/2020,21,23.423,98.971,1.255,612.019746,0.772155448
10/14/2020 21:00,2020,10,14,10/14/2020,22,22.84,99.139,1.233,611.9773852,0.772102003
10/14/2020 22:00,2020,10,14,10/14/2020,23,23.203,99.94,1.247,611.9350247,0.772048559
10/14/2020 23:00,2020,10,14,10/14/2020,24,21.4,99.395,1.218,569.7021538,0.718765407
10/15/2020 0:00,2020,10,15,10/15/2020,1,21.713,100.888,1.218,527.4692833,0.665482255
10/15/2020 1:00,2020,10,15,10/15/2020,2,20.903,98.932,1.216,527.426924,0.665428812
10/15/2020 2:00,2020,10,15,10/15/2020,3,18.921,101.251,1.212,527.384565,0.66537537
10/15/2020 3:00,2020,10,15,10/15/2020,4,17.877,99.333,1.208,527.3422065,0.665321928
10/15/2020 4:00,2020,10,15,10/15/2020,5,14.973,101.08,1.149,527.2998485,0.665268487
10/15/2020 5:00,2020,10,15,10/15/2020,6,13.406,102.024,1.118,527.2574909,0.665215047
10/15/2020 6:00,2020,10,15,10/15/2020,7,13.988,100.552,1.13,527.2151338,0.665161607
10/15/2020 7:00,2020,10,15,10/15/2020,8,12.975,100.633,1.11,559.8833157,0.706377458
10/15/2020 8:00,2020,10,15,10/15/2020,9,11.507,100.607,1.08,638.8111851,0.805956899
10/15/2020 9:00,2020,10,15,10/15/2020,10,10.751,98.738,1.08,717.7390551,0.905536341
10/15/2020 10:00,2020,10,15,10/15/2020,11,11.476,99.461,1.08,750.4072387,0.946752194
10/15/2020 11:00,2020,10,15,10/15/2020,12,11.973,100.498,1.089,750.3648844,0.946698758
10/15/2020 12:00,2020,10,15,10/15/2020,13,13.815,100.136,1.126,750.3225308,0.946645322
10/15/2020 13:00,2020,10,15,10/15/2020,14,14.354,99.723,1.137,750.2801779,0.946591888
10/15/2020 14:00,2020,10,15,10/15/2020,15,15.454,100.28,1.159,750.2378256,0.946538454
10/15/2020 15:00,2020,10,15,10/15/2020,16,17.346,99.47,1.197,750.195474,0.946485021
10/15/2020 16:00,2020,10,15,10/15/2020,17,18.758,100.725,1.212,750.1531232,0.946431589
10/15/2020 17:00,2020,10,15,10/15/2020,18,19.982,99.422,1.214,750.110773,0.946378158
10/15/2020 18:00,2020,10,15,10/15/2020,19,21.343,101.106,1.217,750.0684237,0.946324728
10/15/2020 19:00,2020,10,15,10/15/2020,20,21.229,101.04,1.217,680.5358221,0.858598837
10/15/2020 20:00,2020,10,15,10/15/2020,21,23.942,98.614,1.274,611.0032213,0.770872948
10/15/2020 21:00,2020,10,15,10/15/2020,22,23.772,99.486,1.268,610.9608743,0.770819521
10/15/2020 22:00,2020,10,15,10/15/2020,23,22.917,98.538,1.236,610.9185283,0.770766095
10/15/2020 23:00,2020,10,15,10/15/2020,24,23.167,100.429,1.245,568.6856723,0.717482962
10/16/2020 0:00,2020,10,16,10/16/2020,1,21.375,100.973,1.217,526.4528172,0.664199829
10/16/2020 1:00,2020,10,16,10/16/2020,2,21.279,98.838,1.217,526.4104738,0.664146407
10/16/2020 2:00,2020,10,16,10/16/2020,3,18.631,100.24,1.211,526.3681313,0.664092985
10/16/2020 3:00,2020,10,16,10/16/2020,4,18.077,101.221,1.21,526.3257898,0.664039565
10/16/2020 4:00,2020,10,16,10/16/2020,5,15.529,100.23,1.161,526.2834493,0.663986146
10/16/2020 5:00,2020,10,16,10/16/2020,6,15.923,100.485,1.168,526.2411097,0.663932728
10/16/2020 6:00,2020,10,16,10/16/2020,7,12.983,98.935,1.11,526.1987712,0.663879312
10/16/2020 7:00,2020,10,16,10/16/2020,8,12.63,99.835,1.103,558.8669722,0.705095187
10/16/2020 8:00,2020,10,16,10/16/2020,9,11.333,102.682,1.08,637.7948612,0.804674653
10/16/2020 9:00,2020,10,16,10/16/2020,10,11.544,101.99,1.081,716.7227513,0.90425412
10/16/2020 10:00,2020,10,16,10/16/2020,11,10.746,103.24,1.08,749.3909556,0.945469999
10/16/2020 11:00,2020,10,16,10/16/2020,12,12.625,100.797,1.103,749.3486225,0.94541659
10/16/2020 12:00,2020,10,16,10/16/2020,13,14.118,102.345,1.132,749.3062906,0.945363182
10/16/2020 13:00,2020,10,16,10/16/2020,14,15.045,102.06,1.151,749.2639599,0.945309775
10/16/2020 14:00,2020,10,16,10/16/2020,15,16.126,100.558,1.173,749.2216304,0.94525637
10/16/2020 15:00,2020,10,16,10/16/2020,16,17.412,101.106,1.198,749.1793021,0.945202966
10/16/2020 16:00,2020,10,16,10/16/2020,17,19.613,102.063,1.214,749.136975,0.945149564
10/16/2020 17:00,2020,10,16,10/16/2020,18,20.551,101.827,1.216,749.0946492,0.945096164
10/16/2020 18:00,2020,10,16,10/16/2020,19,21.433,101.732,1.218,749.0523247,0.945042765
10/16/2020 19:00,2020,10,16,10/16/2020,20,21.889,101.007,1.219,679.5197484,0.857316907
10/16/2020 20:00,2020,10,16,10/16/2020,21,22.938,102.83,1.237,609.9871735,0.76959105
10/16/2020 21:00,2020,10,16,10/16/2020,22,23.735,101.106,1.267,609.944853,0.769537656
10/16/2020 22:00,2020,10,16,10/16/2020,23,22.322,99.651,1.22,609.9025338,0.769484264
10/16/2020 23:00,2020,10,16,10/16/2020,24,21.311,102.315,1.217,567.6697053,0.716201166
10/17/2020 0:00,2020,10,17,10/17/2020,1,22.468,101.55,1.22,525.4368782,0.662918069
10/17/2020 1:00,2020,10,17,10/17/2020,2,20.001,100.673,1.214,525.3945633,0.662864682
10/17/2020 2:00,2020,10,17,10/17/2020,3,18.689,99.355,1.212,525.3522498,0.662811297
10/17/2020 3:00,2020,10,17,10/17/2020,4,16.853,99.703,1.187,525.3099379,0.662757914
10/17/2020 4:00,2020,10,17,10/17/2020,5,16.185,100.703,1.174,525.2676274,0.662704533
10/17/2020 5:00,2020,10,17,10/17/2020,6,15.155,99.948,1.153,525.2253185,0.662651154
10/17/2020 6:00,2020,10,17,10/17/2020,7,13.321,99.614,1.116,525.1830111,0.662597777
10/17/2020 7:00,2020,10,17,10/17/2020,8,13.129,100.241,1.113,557.8512437,0.703813692
10/17/2020 8:00,2020,10,17,10/17/2020,9,11.069,101.882,1.08,636.7791649,0.803393198
10/17/2020 9:00,2020,10,17,10/17/2020,10,12.014,102.956,1.09,715.7070877,0.902972707
10/17/2020 10:00,2020,10,17,10/17/2020,11,12.789,101.463,1.106,748.3753251,0.944188628
10/17/2020 11:00,2020,10,17,10/17/2020,12,13.706,102.332,1.124,748.3330257,0.944135261
10/17/2020 12:00,2020,10,17,10/17/2020,13,13.88,101.329,1.128,748.2907281,0.944081896
10/17/2020 13:00,2020,10,17,10/17/2020,14,15.266,102.79,1.155,748.2484321,0.944028533
10/17/2020 14:00,2020,10,17,10/17/2020,15,16.079,101.148,1.172,748.2061379,0.943975173
10/17/2020 15:00,2020,10,17,10/17/2020,16,16.305,103.56,1.176,748.1638454,0.943921814
10/17/2020 16:00,2020,10,17,10/17/2020,17,19.204,101.883,1.213,748.1215547,0.943868458
10/17/2020 17:00,2020,10,17,10/17/2020,18,20.874,102.45,1.216,748.0792658,0.943815104
10/17/2020 18:00,2020,10,17,10/17/2020,19,21.407,102.319,1.218,748.0369786,0.943761753
10/17/2020 19:00,2020,10,17,10/17/2020,20,22.201,102.505,1.219,678.5044403,0.856035942
10/17/2020 20:00,2020,10,17,10/17/2020,21,23.318,100.046,1.251,608.9719038,0.768310134
10/17/2020 21:00,2020,10,17,10/17/2020,22,23.987,100.162,1.276,608.9296222,0.768256789
10/17/2020 22:00,2020,10,17,10/17/2020,23,21.459,99.043,1.218,608.8873425,0.768203447
10/17/2020 23:00,2020,10,17,10/17/2020,24,22.334,99.9,1.22,566.654554,0.714920399
10/18/2020 0:00,2020,10,18,10/18/2020,1,22.28,98.497,1.22,524.4217674,0.661637353
10/18/2020 1:00,2020,10,18,10/18/2020,2,18.926,98.727,1.212,524.3794935,0.661584018
10/18/2020 2:00,2020,10,18,10/18/2020,3,18.869,99.824,1.212,524.3372216,0.661530686
10/18/2020 3:00,2020,10,18,10/18/2020,4,17.175,100.497,1.193,524.2949517,0.661477356
10/18/2020 4:00,2020,10,18,10/18/2020,5,15.215,101.951,1.154,524.2526839,0.661424028
10/18/2020 5:00,2020,10,18,10/18/2020,6,14.541,98.885,1.141,524.2104181,0.661370704
10/18/2020 6:00,2020,10,18,10/18/2020,7,11.889,100.612,1.088,524.1681543,0.661317382
10/18/2020 7:00,2020,10,18,10/18/2020,8,11.042,101.036,1.08,556.8364311,0.702533352
10/18/2020 8:00,2020,10,18,10/18/2020,9,10.621,100.416,1.08,635.764397,0.802112915
10/18/2020 9:00,2020,10,18,10/18/2020,10,11.307,101.203,1.08,714.692365,0.901692481
10/18/2020 10:00,2020,10,18,10/18/2020,11,11.504,101.873,1.08,747.3606482,0.942908459
10/18/2020 11:00,2020,10,18,10/18/2020,12,11.998,101.068,1.09,747.3183951,0.942855151
10/18/2020 12:00,2020,10,18,10/18/2020,13,13.378,102.109,1.118,747.2761442,0.942801845
10/18/2020 13:00,2020,10,18,10/18/2020,14,13.292,101.324,1.116,747.2338956,0.942748542
10/18/2020 14:00,2020,10,18,10/18/2020,15,15.634,102.277,1.163,747.1916492,0.942695242
10/18/2020 15:00,2020,10,18,10/18/2020,16,19.665,103.349,1.214,747.149405,0.942641944
10/18/2020 16:00,2020,10,18,10/18/2020,17,19.705,101.975,1.214,747.1071632,0.94258865
10/18/2020 17:00,2020,10,18,10/18/2020,18,19.066,101.258,1.212,747.0649236,0.942535358
10/18/2020 18:00,2020,10,18,10/18/2020,19,22.819,101.171,1.232,747.0226864,0.94248207
10/18/2020 19:00,2020,10,18,10/18/2020,20,21.889,100.676,1.219,677.4901985,0.854756323
10/18/2020 20:00,2020,10,18,10/18/2020,21,22.996,101.241,1.239,607.9577129,0.767030579
10/18/2020 21:00,2020,10,18,10/18/2020,22,23.966,100.773,1.275,607.9154828,0.766977299
10/18/2020 22:00,2020,10,18,10/18/2020,23,22.861,99.656,1.234,607.8732552,0.766924023
10/18/2020 23:00,2020,10,18,10/18/2020,24,22.275,99.76,1.22,565.6405191,0.71364104
10/19/2020 0:00,2020,10,19,10/19/2020,1,22.562,99.635,1.222,523.4077856,0.660358061
10/19/2020 1:00,2020,10,19,10/19/2020,2,20.923,99.915,1.216,523.3655653,0.660304794
10/19/2020 2:00,2020,10,19,10/19/2020,3,18.953,99.505,1.212,523.3233475,0.66025153
10/19/2020 3:00,2020,10,19,10/19/2020,4,15.97,98.785,1.169,523.2811322,0.660198269
10/19/2020 4:00,2020,10,19,10/19/2020,5,15.794,98.914,1.166,523.2389195,0.660145011
10/19/2020 5:00,2020,10,19,10/19/2020,6,14.723,99.34,1.144,523.1967093,0.660091757
10/19/2020 6:00,2020,10,19,10/19/2020,7,14.228,99.225,1.135,523.1545018,0.660038506
10/19/2020 7:00,2020,10,19,10/19/2020,8,12.317,101.817,1.096,555.8228352,0.701254548
10/19/2020 8:00,2020,10,19,10/19/2020,9,11.895,99.516,1.088,634.7508583,0.800834183
10/19/2020 9:00,2020,10,19,10/19/2020,10,10.647,100.293,1.08,713.6788841,0.900413821
10/19/2020 10:00,2020,10,19,10/19/2020,11,12.644,103.162,1.103,746.3472255,0.941629874
10/19/2020 11:00,2020,10,19,10/19/2020,12,12.53,102.304,1.101,746.3050312,0.941576639
10/19/2020 12:00,2020,10,19,10/19/2020,13,13.064,102.321,1.111,746.2628396,0.941523408
10/19/2020 13:00,2020,10,19,10/19/2020,14,14.72,102.296,1.144,746.2206508,0.94147018
10/19/2020 14:00,2020,10,19,10/19/2020,15,15.853,102.238,1.167,746.1784647,0.941416956
10/19/2020 15:00,2020,10,19,10/19/2020,16,17.456,104.287,1.199,746.1362814,0.941363736
10/19/2020 16:00,2020,10,19,10/19/2020,17,18.484,100.587,1.211,746.094101,0.941310519
10/19/2020 17:00,2020,10,19,10/19/2020,18,20.453,102.548,1.215,746.0519233,0.941257305
10/19/2020 18:00,2020,10,19,10/19/2020,19,22.343,101.741,1.22,746.0097485,0.941204095
10/19/2020 19:00,2020,10,19,10/19/2020,20,23.512,102.406,1.258,676.4773236,0.853478428
10/19/2020 20:00,2020,10,19,10/19/2020,21,23.178,98.359,1.246,606.9449015,0.765752764
10/19/2020 21:00,2020,10,19,10/19/2020,22,24.535,99.632,1.297,606.9027354,0.765699565
10/19/2020 22:00,2020,10,19,10/19/2020,23,23.478,98.222,1.257,606.8605722,0.76564637
10/19/2020 23:00,2020,10,19,10/19/2020,24,21.912,99.422,1.219,564.6279012,0.71236347
10/20/2020 0:00,2020,10,20,10/20/2020,1,21.89,100.408,1.219,522.3952332,0.659080574
10/20/2020 1:00,2020,10,20,10/20/2020,2,20.706,99.829,1.216,522.353079,0.65902739
10/20/2020 2:00,2020,10,20,10/20/2020,3,20.267,100.66,1.215,522.3109278,0.658974209
10/20/2020 3:00,2020,10,20,10/20/2020,4,18.727,98.979,1.212,522.2687796,0.658921033
10/20/2020 4:00,2020,10,20,10/20/2020,5,15.513,99.501,1.16,522.2266346,0.658867861
10/20/2020 5:00,2020,10,20,10/20/2020,6,13.209,99.632,1.114,522.1844926,0.658814692
10/20/2020 6:00,2020,10,20,10/20/2020,7,12.146,97.126,1.093,522.1423537,0.658761528
10/20/2020 7:00,2020,10,20,10/20/2020,8,12.41,99.952,1.098,554.8107563,0.699977657
10/20/2020 8:00,2020,10,20,10/20/2020,9,13.31,102.504,1.116,633.7388491,0.79955738
10/20/2020 9:00,2020,10,20,10/20/2020,10,11.512,102.325,1.08,712.6669451,0.899137107
10/20/2020 10:00,2020,10,20,10/20/2020,11,10.45,103.318,1.08,745.3353573,0.940353249
10/20/2020 11:00,2020,10,20,10/20/2020,12,12.597,103.346,1.102,745.2932343,0.940300104
10/20/2020 12:00,2020,10,20,10/20/2020,13,13.76,101.48,1.125,745.2511145,0.940246964
10/20/2020 13:00,2020,10,20,10/20/2020,14,13.989,102.768,1.13,745.208998,0.940193828
10/20/2020 14:00,2020,10,20,10/20/2020,15,15.927,102.678,1.169,745.1668848,0.940140695
10/20/2020 15:00,2020,10,20,10/20/2020,16,17.485,101.109,1.2,745.1247749,0.940087567
10/20/2020 16:00,2020,10,20,10/20/2020,17,16.761,102.06,1.185,745.0826683,0.940034443
10/20/2020 17:00,2020,10,20,10/20/2020,18,20.676,101.104,1.216,745.0405651,0.939981324
10/20/2020 18:00,2020,10,20,10/20/2020,19,21.47,102.156,1.218,744.9984652,0.939928209
10/20/2020 19:00,2020,10,20,10/20/2020,20,22.636,102.8,1.225,675.4661157,0.852202636
10/20/2020 20:00,2020,10,20,10/20/2020,21,23.047,100.416,1.241,605.9337696,0.764477068
10/20/2020 21:00,2020,10,20,10/20/2020,22,22.639,100.337,1.225,605.89168,0.764423966
10/20/2020 22:00,2020,10,20,10/20/2020,23,23.796,99.24,1.269,605.8495938,0.764370868
10/20/2020 23:00,2020,10,20,10/20/2020,24,22.533,99.748,1.221,563.6170003,0.711088066
10/21/2020 0:00,2020,10,21,10/21/2020,1,21.15,101.513,1.217,521.3844104,0.657805268
10/21/2020 1:00,2020,10,21,10/21/2020,2,20.762,98.594,1.216,521.3423347,0.657752183
10/21/2020 2:00,2020,10,21,10/21/2020,3,18.731,99.427,1.212,521.3002626,0.657699103
10/21/2020 3:00,2020,10,21,10/21/2020,4,16.697,99.711,1.184,521.2581941,0.657646027
10/21/2020 4:00,2020,10,21,10/21/2020,5,15.819,100.35,1.166,521.2161291,0.657592955
10/21/2020 5:00,2020,10,21,10/21/2020,6,14.415,100,1.138,521.1740677,0.657539889
10/21/2020 6:00,2020,10,21,10/21/2020,7,13.483,99.172,1.12,521.13201,0.657486826
10/21/2020 7:00,2020,10,21,10/21/2020,8,11.638,99.795,1.083,553.8004944,0.698703059
10/21/2020 8:00,2020,10,21,10/21/2020,9,11.697,101.335,1.084,632.7286694,0.798282886
10/21/2020 9:00,2020,10,21,10/21/2020,10,10.337,100.867,1.08,711.6568481,0.897862717
10/21/2020 10:00,2020,10,21,10/21/2020,11,11.973,101.227,1.089,744.3253435,0.939078964
10/21/2020 11:00,2020,10,21,10/21/2020,12,10.655,100.473,1.08,744.2833043,0.939025925
10/21/2020 12:00,2020,10,21,10/21/2020,13,13.13,99.537,1.113,744.2412688,0.938972891
10/21/2020 13:00,2020,10,21,10/21/2020,14,14.548,98.507,1.141,744.1992371,0.938919861
10/21/2020 14:00,2020,10,21,10/21/2020,15,14.908,99.576,1.148,744.1572092,0.938866837
10/21/2020 15:00,2020,10,21,10/21/2020,16,15.398,99.827,1.158,744.1151851,0.938813817
10/21/2020 16:00,2020,10,21,10/21/2020,17,19.876,100.81,1.214,744.0731649,0.938760802
10/21/2020 17:00,2020,10,21,10/21/2020,18,18.974,98.973,1.212,744.0311486,0.938707792
10/21/2020 18:00,2020,10,21,10/21/2020,19,20.558,100.648,1.216,743.9891361,0.938654787
10/21/2020 19:00,2020,10,21,10/21/2020,20,21.361,102.48,1.217,674.4568745,0.850929326
10/21/2020 20:00,2020,10,21,10/21/2020,21,24.265,99.647,1.287,604.9246168,0.763203869
10/21/2020 21:00,2020,10,21,10/21/2020,22,23.353,100.205,1.252,604.8826162,0.763150879
10/21/2020 22:00,2020,10,21,10/21/2020,23,23.889,99.291,1.272,604.8406195,0.763097894
10/21/2020 23:00,2020,10,21,10/21/2020,24,22.216,99.202,1.219,562.608116,0.709815205
10/22/2020 0:00,2020,10,22,10/22/2020,1,20.678,98.622,1.216,520.3756166,0.656532522
10/22/2020 1:00,2020,10,22,10/22/2020,2,20.799,98.74,1.216,520.3336319,0.656479552
10/22/2020 2:00,2020,10,22,10/22/2020,3,19.055,101.719,1.212,520.2916514,0.656426587
10/22/2020 3:00,2020,10,22,10/22/2020,4,17.054,99.868,1.191,520.2496749,0.656373627
10/22/2020 4:00,2020,10,22,10/22/2020,5,15.107,99.917,1.152,520.2077025,0.656320673
10/22/2020 5:00,2020,10,22,10/22/2020,6,14.779,99.963,1.146,520.1657343,0.656267724
10/22/2020 6:00,2020,10,22,10/22/2020,7,13.187,100.104,1.114,520.1237702,0.656214779
10/22/2020 7:00,2020,10,22,10/22/2020,8,12.584,100.774,1.102,552.7923487,0.697431131
10/22/2020 8:00,2020,10,22,10/22/2020,9,11.472,98.552,1.08,631.7206184,0.797011077
10/22/2020 9:00,2020,10,22,10/22/2020,10,11.201,98.73,1.08,710.6488923,0.896591029
10/22/2020 10:00,2020,10,22,10/22/2020,11,10.465,101.268,1.08,743.3174834,0.937807396
10/22/2020 11:00,2020,10,22,10/22/2020,12,10.935,100.879,1.08,743.2755404,0.937754478
10/22/2020 12:00,2020,10,22,10/22/2020,13,12.829,99.543,1.107,743.2336016,0.937701566
10/22/2020 13:00,2020,10,22,10/22/2020,14,15.089,98.593,1.152,743.1916672,0.93764866
10/22/2020 14:00,2020,10,22,10/22/2020,15,15.788,99.17,1.166,743.1497371,0.937595758
10/22/2020 15:00,2020,10,22,10/22/2020,16,16.191,99.218,1.174,743.1078113,0.937542863
10/22/2020 16:00,2020,10,22,10/22/2020,17,20.906,101.381,1.216,743.0658899,0.937489973
10/22/2020 17:00,2020,10,22,10/22/2020,18,21.771,98.978,1.218,743.0239729,0.937437088
10/22/2020 18:00,2020,10,22,10/22/2020,19,21.413,101.45,1.218,742.9820603,0.937384209
10/22/2020 19:00,2020,10,22,10/22/2020,20,21.721,98.831,1.218,673.449899,0.849658874
10/22/2020 20:00,2020,10,22,10/22/2020,21,23.473,99.783,1.257,603.9177422,0.761933545
10/22/2020 21:00,2020,10,22,10/22/2020,22,24.231,99.881,1.285,603.875843,0.761880683
10/22/2020 22:00,2020,10,22,10/22/2020,23,22.597,98.392,1.224,603.8339482,0.761827826
10/22/2020 23:00,2020,10,22,10/22/2020,24,22.944,102.007,1.237,561.6015472,0.708545267
10/23/2020 0:00,2020,10,23,10/23/2020,1,19.963,101.578,1.214,519.3691507,0.655262713
10/23/2020 1:00,2020,10,23,10/23/2020,2,19.497,100.258,1.213,519.3272696,0.655209873
10/23/2020 2:00,2020,10,23,10/23/2020,3,19.84,100.06,1.214,519.285393,0.65515704
10/23/2020 3:00,2020,10,23,10/23/2020,4,16.897,98.786,1.188,519.243521,0.655104212
10/23/2020 4:00,2020,10,23,10/23/2020,5,15.788,100.695,1.166,519.2016537,0.65505139
10/23/2020 5:00,2020,10,23,10/23/2020,6,14.018,100.542,1.13,519.159791,0.654998574
10/23/2020 6:00,2020,10,23,10/23/2020,7,13.282,99.689,1.116,519.117933,0.654945764
10/23/2020 7:00,2020,10,23,10/23/2020,8,13.289,100.2,1.116,551.786618,0.696162249
10/23/2020 8:00,2020,10,23,10/23/2020,9,13.443,104.857,1.119,630.7149948,0.795742331
10/23/2020 9:00,2020,10,23,10/23/2020,10,9.278,103.165,1.08,709.6433763,0.895322418
10/23/2020 10:00,2020,10,23,10/23/2020,11,10.128,102.177,1.08,742.3120756,0.936538922
10/23/2020 11:00,2020,10,23,10/23/2020,12,11.787,102.908,1.086,742.2702412,0.936486141
10/23/2020 12:00,2020,10,23,10/23/2020,13,13.788,102.062,1.126,742.2284116,0.936433367
10/23/2020 13:00,2020,10,23,10/23/2020,14,13.729,101.266,1.125,742.1865869,0.936380599
10/23/2020 14:00,2020,10,23,10/23/2020,15,15.38,102.309,1.158,742.144767,0.936327837
10/23/2020 15:00,2020,10,23,10/23/2020,16,17.042,104.123,1.191,742.1029519,0.936275081
10/23/2020 16:00,2020,10,23,10/23/2020,17,17.391,101.049,1.198,742.0611417,0.936222331
10/23/2020 17:00,2020,10,23,10/23/2020,18,19.685,102.856,1.214,742.0193365,0.936169587
10/23/2020 18:00,2020,10,23,10/23/2020,19,20.622,101.715,1.216,741.9775361,0.93611685
10/23/2020 19:00,2020,10,23,10/23/2020,20,22.65,103.084,1.226,672.4454877,0.848391657
10/23/2020 20:00,2020,10,23,10/23/2020,21,22.585,99.331,1.223,602.9134442,0.760666471
10/23/2020 21:00,2020,10,23,10/23/2020,22,23.279,99.392,1.249,602.8716588,0.760613752
10/23/2020 22:00,2020,10,23,10/23/2020,23,22.991,100.553,1.239,602.8298783,0.76056104
10/23/2020 23:00,2020,10,23,10/23/2020,24,23.566,100.058,1.26,560.5975922,0.707278626
10/24/2020 0:00,2020,10,24,10/24/2020,1,21.822,100.536,1.218,518.365311,0.653996217
10/24/2020 1:00,2020,10,24,10/24/2020,2,21.458,99.253,1.218,518.3235458,0.653943524
10/24/2020 2:00,2020,10,24,10/24/2020,3,20.767,100.336,1.216,518.2817856,0.653890837
10/24/2020 3:00,2020,10,24,10/24/2020,4,18.558,100,1.211,518.2400306,0.653838157
10/24/2020 4:00,2020,10,24,10/24/2020,5,14.943,100.695,1.149,518.1982807,0.653785483
10/24/2020 5:00,2020,10,24,10/24/2020,6,13.86,99.347,1.127,518.1565359,0.653732816
10/24/2020 6:00,2020,10,24,10/24/2020,7,12.99,99.759,1.11,518.1147963,0.653680155
10/24/2020 7:00,2020,10,24,10/24/2020,8,11.905,100.723,1.088,550.7836004,0.694896791
10/24/2020 8:00,2020,10,24,10/24/2020,9,11.241,101.759,1.08,629.7120967,0.794477023
10/24/2020 9:00,2020,10,24,10/24/2020,10,11.959,102.116,1.089,708.6405982,0.894057262
10/24/2020 10:00,2020,10,24,10/24/2020,11,11.126,101.16,1.08,741.309418,0.935273918
10/24/2020 11:00,2020,10,24,10/24/2020,12,11.57,103.233,1.081,741.2677047,0.93522129
10/24/2020 12:00,2020,10,24,10/24/2020,13,13.679,101.894,1.124,741.2259967,0.935168669
10/24/2020 13:00,2020,10,24,10/24/2020,14,13.934,102.706,1.129,741.184294,0.935116055
10/24/2020 14:00,2020,10,24,10/24/2020,15,14.991,101.29,1.15,741.1425967,0.935063447
10/24/2020 15:00,2020,10,24,10/24/2020,16,18.033,102.135,1.21,741.1009047,0.935010847
10/24/2020 16:00,2020,10,24,10/24/2020,17,18.2,102.159,1.21,741.0592182,0.934958253
10/24/2020 17:00,2020,10,24,10/24/2020,18,19.257,101.495,1.213,741.017537,0.934905666
10/24/2020 18:00,2020,10,24,10/24/2020,19,21.964,103.219,1.219,740.9758614,0.934853086
10/24/2020 19:00,2020,10,24,10/24/2020,20,22.31,102.022,1.22,671.4439381,0.847128051
10/24/2020 20:00,2020,10,24,10/24/2020,21,22.858,100.602,1.234,601.9120203,0.759403023
10/24/2020 21:00,2020,10,24,10/24/2020,22,23.419,99.908,1.255,601.8703611,0.759350464
10/24/2020 22:00,2020,10,24,10/24/2020,23,24.483,99.647,1.295,601.8287073,0.759297912
10/24/2020 23:00,2020,10,24,10/24/2020,24,22.844,100.233,1.233,559.5965484,0.706015657
10/25/2020 0:00,2020,10,25,10/25/2020,1,20.053,100.661,1.215,517.364395,0.65273341
10/25/2020 1:00,2020,10,25,10/25/2020,2,21.156,101.015,1.217,517.322758,0.652680879
10/25/2020 2:00,2020,10,25,10/25/2020,3,18.761,100.499,1.212,517.2811266,0.652628355
10/25/2020 3:00,2020,10,25,10/25/2020,4,18.187,100.575,1.21,517.2395009,0.652575838
10/25/2020 4:00,2020,10,25,10/25/2020,5,15.855,98.986,1.167,517.1978808,0.652523328
10/25/2020 5:00,2020,10,25,10/25/2020,6,14.87,99.421,1.147,517.1562664,0.652470825
10/25/2020 6:00,2020,10,25,10/25/2020,7,11.185,99.351,1.08,517.1146576,0.652418329
10/25/2020 7:00,2020,10,25,10/25/2020,8,11.948,98.631,1.089,549.783593,0.693635131
10/25/2020 8:00,2020,10,25,10/25/2020,9,10.456,102.103,1.08,628.7122212,0.793215529
10/25/2020 9:00,2020,10,25,10/25/2020,10,11.363,102.615,1.08,707.6408551,0.892795935
10/25/2020 10:00,2020,10,25,10/25/2020,11,10.943,102.699,1.08,740.3098078,0.934012758
10/25/2020 11:00,2020,10,25,10/25/2020,12,13.585,102.767,1.122,740.2682279,0.933960299
10/25/2020 12:00,2020,10,25,10/25/2020,13,13.384,101.861,1.118,740.2266538,0.933907847
10/25/2020 13:00,2020,10,25,10/25/2020,14,14.101,102.251,1.132,740.1850855,0.933855402
10/25/2020 14:00,2020,10,25,10/25/2020,15,16.278,102.266,1.176,740.1435231,0.933802965
10/25/2020 15:00,2020,10,25,10/25/2020,16,17.457,103.105,1.199,740.1019667,0.933750535
10/25/2020 16:00,2020,10,25,10/25/2020,17,19.968,101.133,1.214,740.0604161,0.933698113
10/25/2020 17:00,2020,10,25,10/25/2020,18,20.295,102.263,1.215,740.0188715,0.933645698
10/25/2020 18:00,2020,10,25,10/25/2020,19,21.336,100.162,1.217,739.9773328,0.933593291
10/25/2020 19:00,2020,10,25,10/25/2020,20,23.595,99.879,1.261,670.445547,0.84586843
10/25/2020 20:00,2020,10,25,10/25/2020,21,24.061,98.545,1.279,600.9137673,0.758143576
10/25/2020 21:00,2020,10,25,10/25/2020,22,24.449,99.038,1.294,600.8722466,0.758091192
10/25/2020 22:00,2020,10,25,10/25/2020,23,23.739,100.827,1.267,600.8307319,0.758038815
10/25/2020 23:00,2020,10,25,10/25/2020,24,22.282,99.511,1.22,558.5987125,0.704756737
10/26/2020 0:00,2020,10,26,10/26/2020,1,21.626,100.511,1.218,516.3666993,0.651474666
10/26/2020 1:00,2020,10,26,10/26/2020,2,19.782,98.703,1.214,516.3252029,0.651422312
10/26/2020 2:00,2020,10,26,10/26/2020,3,18.897,98.424,1.212,516.2837126,0.651369966
10/26/2020 3:00,2020,10,26,10/26/2020,4,17.126,98.499,1.193,516.2422285,0.651317628
10/26/2020 4:00,2020,10,26,10/26/2020,5,16.338,100.916,1.177,516.2007505,0.651265297
10/26/2020 5:00,2020,10,26,10/26/2020,6,13.55,100.187,1.121,516.1592787,0.651212974
10/26/2020 6:00,2020,10,26,10/26/2020,7,13.632,99.525,1.123,516.1178132,0.651160659
10/26/2020 7:00,2020,10,26,10/26/2020,8,12.616,98.366,1.102,548.7868922,0.692377642
10/26/2020 8:00,2020,10,26,10/26/2020,9,11.386,101.559,1.08,627.7156646,0.791958222
10/26/2020 9:00,2020,10,26,10/26/2020,10,11.518,103.33,1.08,706.6444432,0.891538811
10/26/2020 10:00,2020,10,26,10/26/2020,11,10.792,100.503,1.08,739.3135411,0.932755817
10/26/2020 11:00,2020,10,26,10/26/2020,12,12.904,102.306,1.108,739.2721069,0.932703542
10/26/2020 12:00,2020,10,26,10/26/2020,13,13.335,102.666,1.117,739.230679,0.932651274
10/26/2020 13:00,2020,10,26,10/26/2020,14,14.967,102.271,1.149,739.1892576,0.932599015
10/26/2020 14:00,2020,10,26,10/26/2020,15,15.006,101.593,1.15,739.1478424,0.932546763
10/26/2020 15:00,2020,10,26,10/26/2020,16,17.621,103.974,1.202,739.1064337,0.93249452
10/26/2020 16:00,2020,10,26,10/26/2020,17,19.339,102.506,1.213,739.0650315,0.932442285
10/26/2020 17:00,2020,10,26,10/26/2020,18,19.575,102.48,1.214,739.0236356,0.932390058
10/26/2020 18:00,2020,10,26,10/26/2020,19,21.319,101.967,1.217,738.9822463,0.932337839
10/26/2020 19:00,2020,10,26,10/26/2020,20,21.59,103.248,1.218,669.4506103,0.844613167
10/26/2020 20:00,2020,10,26,10/26/2020,21,22.615,101.397,1.224,599.9189809,0.756888503
10/26/2020 21:00,2020,10,26,10/26/2020,22,23.445,100.249,1.256,599.8776111,0.756836309
10/26/2020 22:00,2020,10,26,10/26/2020,23,21.902,97.992,1.219,599.8362478,0.756784123
10/26/2020 23:00,2020,10,26,10/26/2020,24,21.589,100.13,1.218,557.6043803,0.703502236
10/27/2020 0:00,2020,10,27,10/27/2020,1,23.22,99.919,1.247,515.3725194,0.650220358
10/27/2020 1:00,2020,10,27,10/27/2020,2,20.447,100.321,1.215,515.3311759,0.650168197
10/27/2020 2:00,2020,10,27,10/27/2020,3,19.776,99.706,1.214,515.289839,0.650116044
10/27/2020 3:00,2020,10,27,10/27/2020,4,15.891,100.947,1.168,515.2485088,0.6500639
10/27/2020 4:00,2020,10,27,10/27/2020,5,15.571,99.378,1.161,515.2071853,0.650011764
10/27/2020 5:00,2020,10,27,10/27/2020,6,12.559,100.83,1.101,515.1658684,0.649959637
10/27/2020 6:00,2020,10,27,10/27/2020,7,13.724,98.758,1.124,515.1245583,0.649907518
10/27/2020 7:00,2020,10,27,10/27/2020,8,11.553,103.123,1.081,547.7937933,0.691124697
10/27/2020 8:00,2020,10,27,10/27/2020,9,13.068,99.837,1.111,626.7227222,0.790705475
10/27/2020 9:00,2020,10,27,10/27/2020,10,10.647,102.215,1.08,705.6516578,0.890286262
10/27/2020 10:00,2020,10,27,10/27/2020,11,9.984,103.697,1.08,738.3209132,0.931503467
10/27/2020 11:00,2020,10,27,10/27/2020,12,12.63,101.235,1.103,738.279637,0.931451391
10/27/2020 12:00,2020,10,27,10/27/2020,13,13.604,101.144,1.122,738.2383676,0.931399323
10/27/2020 13:00,2020,10,27,10/27/2020,14,15.313,102.376,1.156,738.1971052,0.931347264
10/27/2020 14:00,2020,10,27,10/27/2020,15,16.242,102.677,1.175,738.1558496,0.931295214
10/27/2020 15:00,2020,10,27,10/27/2020,16,18.979,101.278,1.212,738.114601,0.931243173
10/27/2020 16:00,2020,10,27,10/27/2020,17,19.948,101.711,1.214,738.0733592,0.93119114
10/27/2020 17:00,2020,10,27,10/27/2020,18,19.911,100.34,1.214,738.0321245,0.931139116
10/27/2020 18:00,2020,10,27,10/27/2020,19,20.975,102.049,1.217,737.9908967,0.931087101
10/27/2020 19:00,2020,10,27,10/27/2020,20,23.561,102.413,1.26,668.4594228,0.843362634
10/27/2020 20:00,2020,10,27,10/27/2020,21,23.425,99.846,1.255,598.927956,0.755638175
10/27/2020 21:00,2020,10,27,10/27/2020,22,23.725,99.053,1.266,598.8867493,0.755586187
10/27/2020 22:00,2020,10,27,10/27/2020,23,24.244,100.065,1.286,598.8455496,0.755534207
10/27/2020 23:00,2020,10,27,10/27/2020,24,22.39,101.073,1.22,556.6138462,0.702252528
10/28/2020 0:00,2020,10,28,10/28/2020,1,21.057,100.153,1.217,514.38215,0.648970857
10/28/2020 1:00,2020,10,28,10/28/2020,2,21.432,100.391,1.218,514.3409716,0.648918905
10/28/2020 2:00,2020,10,28,10/28/2020,3,17.962,99.855,1.209,514.2998004,0.648866961
10/28/2020 3:00,2020,10,28,10/28/2020,4,16.881,100.648,1.188,514.2586364,0.648815026
10/28/2020 4:00,2020,10,28,10/28/2020,5,14.565,100.111,1.141,514.2174795,0.648763101
10/28/2020 5:00,2020,10,28,10/28/2020,6,15.743,100.502,1.165,514.1763299,0.648711184
10/28/2020 6:00,2020,10,28,10/28/2020,7,12.837,100.298,1.107,514.1351874,0.648659277
10/28/2020 7:00,2020,10,28,10/28/2020,8,12.627,99.046,1.103,546.8045907,0.689876669
10/28/2020 8:00,2020,10,28,10/28/2020,9,12.823,99.318,1.106,625.7336882,0.789457659
10/28/2020 9:00,2020,10,28,10/28/2020,10,10.639,100.009,1.08,704.662793,0.889038659
10/28/2020 10:00,2020,10,28,10/28/2020,11,11.038,100.723,1.08,737.3322181,0.930256079
10/28/2020 11:00,2020,10,28,10/28/2020,12,11.68,103.031,1.084,737.2911122,0.930204217
10/28/2020 12:00,2020,10,28,10/28/2020,13,14.29,100.007,1.136,737.2500136,0.930152365
10/28/2020 13:00,2020,10,28,10/28/2020,14,13.846,100.964,1.127,737.2089224,0.930100522
10/28/2020 14:00,2020,10,28,10/28/2020,15,15.7,99.421,1.164,737.1678386,0.930048689
10/28/2020 15:00,2020,10,28,10/28/2020,16,17.501,99.554,1.2,737.1267622,0.929996865
10/28/2020 16:00,2020,10,28,10/28/2020,17,18.155,99.114,1.21,737.0856933,0.92994505
10/28/2020 17:00,2020,10,28,10/28/2020,18,20.568,101.347,1.216,737.0446318,0.929893245
10/28/2020 18:00,2020,10,28,10/28/2020,19,22.559,98.798,1.222,737.0035778,0.929841449
10/28/2020 19:00,2020,10,28,10/28/2020,20,23.273,100.92,1.249,667.4722783,0.842117202
10/28/2020 20:00,2020,10,28,10/28/2020,21,24.018,100.728,1.277,597.9409862,0.754392964
10/28/2020 21:00,2020,10,28,10/28/2020,22,24.442,100.703,1.293,597.8999548,0.754341196
10/28/2020 22:00,2020,10,28,10/28/2020,23,23.417,99.191,1.255,597.858931,0.754289438
10/28/2020 23:00,2020,10,28,10/28/2020,24,22.184,100.559,1.219,555.6274039,0.701007982
10/29/2020 0:00,2020,10,29,10/29/2020,1,21.669,100.147,1.218,513.3958845,0.647726534
10/29/2020 1:00,2020,10,29,10/29/2020,2,21.763,100.315,1.218,513.3548835,0.647674805
10/29/2020 2:00,2020,10,29,10/29/2020,3,19.283,100.43,1.213,513.3138902,0.647623086
10/29/2020 3:00,2020,10,29,10/29/2020,4,15.885,100.983,1.168,513.2729045,0.647571376
10/29/2020 4:00,2020,10,29,10/29/2020,5,15.645,100.04,1.163,513.2319265,0.647519677
10/29/2020 5:00,2020,10,29,10/29/2020,6,14.262,99.662,1.135,513.1909562,0.647467986
10/29/2020 6:00,2020,10,29,10/29/2020,7,11.728,99.734,1.085,513.1499937,0.647416306
10/29/2020 7:00,2020,10,29,10/29/2020,8,11.945,101.309,1.089,545.8195773,0.688633925
10/29/2020 8:00,2020,10,29,10/29/2020,9,12.197,98.97,1.094,624.7488557,0.788215144
10/29/2020 9:00,2020,10,29,10/29/2020,10,12.093,101.05,1.092,703.678142,0.887796373
10/29/2020 10:00,2020,10,29,10/29/2020,11,11.653,99.465,1.083,736.347749,0.929014022
10/29/2020 11:00,2020,10,29,10/29/2020,12,11.926,100.359,1.089,736.3068255,0.928962391
10/29/2020 12:00,2020,10,29,10/29/2020,13,13.404,99.778,1.118,736.2659098,0.92891077
10/29/2020 13:00,2020,10,29,10/29/2020,14,15,99.773,1.15,736.225002,0.928859158
10/29/2020 14:00,2020,10,29,10/29/2020,15,15.085,100.013,1.152,736.1841022,0.928807557
10/29/2020 15:00,2020,10,29,10/29/2020,16,16.608,99.136,1.182,736.1432102,0.928755965
10/29/2020 16:00,2020,10,29,10/29/2020,17,18.299,99.507,1.211,736.1023262,0.928704384
10/29/2020 17:00,2020,10,29,10/29/2020,18,20.632,100.318,1.216,736.0614502,0.928652813
10/29/2020 18:00,2020,10,29,10/29/2020,19,21.692,100.303,1.218,736.0205822,0.928601252
10/29/2020 19:00,2020,10,29,10/29/2020,20,23.237,101.959,1.248,666.4894691,0.840877239
10/29/2020 20:00,2020,10,29,10/29/2020,21,22.57,99.306,1.223,596.9583641,0.753153237
10/29/2020 21:00,2020,10,29,10/29/2020,22,23.948,100.369,1.275,596.9175201,0.753101706
10/29/2020 22:00,2020,10,29,10/29/2020,23,23.953,100.922,1.275,596.8766843,0.753050186
10/29/2020 23:00,2020,10,29,10/29/2020,24,21.792,99.081,1.218,554.6453457,0.699768967
10/30/2020 0:00,2020,10,30,10/30/2020,1,22.073,97.511,1.219,512.4140153,0.646487758
10/30/2020 1:00,2020,10,30,10/30/2020,2,19.247,100.049,1.213,512.3732038,0.646436268
10/30/2020 2:00,2020,10,30,10/30/2020,3,18.755,98.461,1.212,512.3324004,0.646384788
10/30/2020 3:00,2020,10,30,10/30/2020,4,16.704,101.143,1.184,512.2916052,0.646333319
10/30/2020 4:00,2020,10,30,10/30/2020,5,15.308,99.823,1.156,512.2508183,0.64628186
10/30/2020 5:00,2020,10,30,10/30/2020,6,14.957,99.474,1.149,512.2100395,0.646230412
10/30/2020 6:00,2020,10,30,10/30/2020,7,11.994,99.497,1.09,512.169269,0.646178973
10/30/2020 7:00,2020,10,30,10/30/2020,8,11.539,100.637,1.081,544.8390451,0.687396836
10/30/2020 8:00,2020,10,30,10/30/2020,9,11.761,102.492,1.085,623.7685166,0.786978298
10/30/2020 9:00,2020,10,30,10/30/2020,10,12.222,102.581,1.094,702.6979964,0.886559771
10/30/2020 10:00,2020,10,30,10/30/2020,11,10.722,102.654,1.08,735.3677974,0.927777665
10/30/2020 11:00,2020,10,30,10/30/2020,12,11.99,103.476,1.09,735.3270685,0.927726279
10/30/2020 12:00,2020,10,30,10/30/2020,13,13.949,100.496,1.129,735.2863478,0.927674904
10/30/2020 13:00,2020,10,30,10/30/2020,14,14.798,101.915,1.146,735.2456356,0.927623539
10/30/2020 14:00,2020,10,30,10/30/2020,15,15.698,102.678,1.164,735.2049318,0.927572185
10/30/2020 15:00,2020,10,30,10/30/2020,16,16.998,101.908,1.19,735.1642364,0.927520842
10/30/2020 16:00,2020,10,30,10/30/2020,17,18.011,100.83,1.21,735.1235495,0.927469509
10/30/2020 17:00,2020,10,30,10/30/2020,18,20.384,100.407,1.215,735.082871,0.927418187
10/30/2020 18:00,2020,10,30,10/30/2020,19,20.758,102.206,1.216,735.0422011,0.927366876
10/30/2020 19:00,2020,10,30,10/30/2020,20,22.619,100.43,1.224,665.5112866,0.839643114
10/30/2020 20:00,2020,10,30,10/30/2020,21,22.994,100.381,1.239,595.9803806,0.751919363
10/30/2020 21:00,2020,10,30,10/30/2020,22,23.553,99.45,1.26,595.9397363,0.751868084
10/30/2020 22:00,2020,10,30,10/30/2020,23,23.254,99.644,1.248,595.8991005,0.751816816
10/30/2020 23:00,2020,10,30,10/30/2020,24,22.059,98.969,1.219,553.6679625,0.69853585
10/31/2020 0:00,2020,10,31,10/31/2020,1,21.839,102.121,1.219,511.4368332,0.645254895
10/31/2020 1:00,2020,10,31,10/31/2020,2,20.882,101.104,1.216,511.3962233,0.645203659
10/31/2020 2:00,2020,10,31,10/31/2020,3,18.43,99.478,1.211,511.355622,0.645152435
10/31/2020 3:00,2020,10,31,10/31/2020,4,18.066,100.838,1.21,511.3150294,0.645101221
10/31/2020 4:00,2020,10,31,10/31/2020,5,16.099,99.571,1.172,511.2744455,0.645050018
10/31/2020 5:00,2020,10,31,10/31/2020,6,15.54,100.959,1.161,511.2338704,0.644998827
10/31/2020 6:00,2020,10,31,10/31/2020,7,14.133,101.29,1.133,511.193304,0.644947646
10/31/2020 7:00,2020,10,31,10/31/2020,8,11.084,100.54,1.08,543.8632847,0.686165766
10/31/2020 8:00,2020,10,31,10/31/2020,9,12.383,101.829,1.098,622.7929613,0.785747488
10/31/2020 9:00,2020,10,31,10/31/2020,10,11.071,99.657,1.08,701.7226467,0.88532922
10/31/2020 10:00,2020,10,31,10/31/2020,11,10.863,101.229,1.08,734.3926539,0.926547374
10/31/2020 11:00,2020,10,31,10/31/2020,12,12.515,103.681,1.1,734.3521315,0.926496249
10/31/2020 12:00,2020,10,31,10/31/2020,13,12.832,102.178,1.107,734.311618,0.926445135
10/31/2020 13:00,2020,10,31,10/31/2020,14,14.649,101.478,1.143,734.2711134,0.926394032
10/31/2020 14:00,2020,10,31,10/31/2020,15,14.648,101.637,1.143,734.2306177,0.926342941
10/31/2020 15:00,2020,10,31,10/31/2020,16,16.312,101.855,1.176,734.1901309,0.926291861
10/31/2020 16:00,2020,10,31,10/31/2020,17,19.559,101.597,1.213,734.1496531,0.926240792
10/31/2020 17:00,2020,10,31,10/31/2020,18,20.228,101.611,1.215,734.1091843,0.926189734
10/31/2020 18:00,2020,10,31,10/31/2020,19,21.459,102.487,1.218,734.0687244,0.926138688
10/31/2020 19:00,2020,10,31,10/31/2020,20,23.619,101.783,1.262,664.5380206,0.838415192
10/31/2020 20:00,2020,10,31,10/31/2020,21,22.426,99.627,1.22,595.0073257,0.750691707
10/31/2020 21:00,2020,10,31,10/31/2020,22,23.553,100.57,1.26,594.966893,0.750640695
10/31/2020 22:00,2020,10,31,10/31/2020,23,21.966,99.405,1.219,594.9264693,0.750589695
10/31/2020 23:00,2020,10,31,10/31/2020,24,22.529,101.626,1.221,552.695544,0.697308997
11/1/2020 0:00,2020,11,1,11/1/2020,1,16.344,100.235,1.177,509.6536883,0.643005188
11/1/2020 1:00,2020,11,1,11/1/2020,2,15.696,101.712,1.164,509.613292,0.642954222
11/1/2020 2:00,2020,11,1,11/1/2020,3,13.548,99.595,1.121,509.5729049,0.642903268
11/1/2020 3:00,2020,11,1,11/1/2020,4,13.574,100.628,1.121,509.5325269,0.642852325
11/1/2020 4:00,2020,11,1,11/1/2020,5,10.302,100.769,1.08,509.4921582,0.642801393
11/1/2020 5:00,2020,11,1,11/1/2020,6,9.547,100.958,1.08,509.4517987,0.642750474
11/1/2020 6:00,2020,11,1,11/1/2020,7,9.117,100.491,1.08,509.4114484,0.642699566
11/1/2020 7:00,2020,11,1,11/1/2020,8,9.186,98.972,1.08,541.984479,0.683795369
11/1/2020 8:00,2020,11,1,11/1/2020,9,8.541,101.338,1.08,620.6797915,0.783081405
11/1/2020 9:00,2020,11,1,11/1/2020,10,8.256,103.096,1.08,699.3751133,0.882367452
11/1/2020 10:00,2020,11,1,11/1/2020,11,8.745,102.294,1.08,731.9481718,0.92346329
11/1/2020 11:00,2020,11,1,11/1/2020,12,9.211,103.594,1.08,731.9078681,0.923412441
11/1/2020 12:00,2020,11,1,11/1/2020,13,7.977,104.852,1.08,731.8675737,0.923361603
11/1/2020 13:00,2020,11,1,11/1/2020,14,10.208,102.339,1.08,731.8272887,0.923310778
11/1/2020 14:00,2020,11,1,11/1/2020,15,11.621,103.51,1.082,731.7870131,0.923259964
11/1/2020 15:00,2020,11,1,11/1/2020,16,15.154,101.277,1.153,731.746747,0.923209162
11/1/2020 16:00,2020,11,1,11/1/2020,17,14.108,102.349,1.132,731.7064903,0.923158372
11/1/2020 17:00,2020,11,1,11/1/2020,18,15.372,102.528,1.157,731.6662431,0.923107594
11/1/2020 18:00,2020,11,1,11/1/2020,19,16.382,101.25,1.178,731.6260053,0.923056828
11/1/2020 19:00,2020,11,1,11/1/2020,20,18.355,102.384,1.211,662.301945,0.835594045
11/1/2020 20:00,2020,11,1,11/1/2020,21,17.543,99.39,1.201,592.9778942,0.748131273
11/1/2020 21:00,2020,11,1,11/1/2020,22,17.923,101.816,1.208,592.9376851,0.748080543
11/1/2020 22:00,2020,11,1,11/1/2020,23,17.326,100.068,1.197,592.8974856,0.748029825
11/1/2020 23:00,2020,11,1,11/1/2020,24,16.73,101.914,1.185,550.7921118,0.69490753
11/2/2020 0:00,2020,11,2,11/2/2020,1,15.825,98.871,1.166,508.6867477,0.641785246
11/2/2020 1:00,2020,11,2,11/2/2020,2,15.395,100.36,1.158,508.646577,0.641734565
11/2/2020 2:00,2020,11,2,11/2/2020,3,14.189,98.728,1.134,508.606416,0.641683896
11/2/2020 3:00,2020,11,2,11/2/2020,4,14.361,99.418,1.137,508.5662646,0.641633239
11/2/2020 4:00,2020,11,2,11/2/2020,5,10.685,99.56,1.08,508.526123,0.641582594
11/2/2020 5:00,2020,11,2,11/2/2020,6,8.919,100.733,1.08,508.485991,0.641531961
11/2/2020 6:00,2020,11,2,11/2/2020,7,8.01,100.241,1.08,508.4458688,0.641481341
11/2/2020 7:00,2020,11,2,11/2/2020,8,8.374,100.575,1.08,541.019128,0.682577433
11/2/2020 8:00,2020,11,2,11/2/2020,9,9.065,102.641,1.08,619.7146696,0.781863757
11/2/2020 9:00,2020,11,2,11/2/2020,10,8.492,104.147,1.08,698.4102209,0.881150094
11/2/2020 10:00,2020,11,2,11/2/2020,11,8.977,101.626,1.08,730.9835096,0.922246223
11/2/2020 11:00,2020,11,2,11/2/2020,12,6.837,103.067,1.08,730.9434364,0.922195665
11/2/2020 12:00,2020,11,2,11/2/2020,13,10.316,101.987,1.08,730.9033731,0.922145119
11/2/2020 13:00,2020,11,2,11/2/2020,14,8.7,102.13,1.08,730.8633196,0.922094585
11/2/2020 14:00,2020,11,2,11/2/2020,15,11.809,101.682,1.086,730.8232761,0.922044064
11/2/2020 15:00,2020,11,2,11/2/2020,16,12.698,102.426,1.104,730.7832425,0.921993556
11/2/2020 16:00,2020,11,2,11/2/2020,17,13.617,102.439,1.122,730.7432188,0.92194306
11/2/2020 17:00,2020,11,2,11/2/2020,18,14.965,103.437,1.149,730.7032052,0.921892577
11/2/2020 18:00,2020,11,2,11/2/2020,19,15.852,103.24,1.167,730.6632015,0.921842106
11/2/2020 19:00,2020,11,2,11/2/2020,20,16.691,100.43,1.184,661.3393757,0.834379618
11/2/2020 20:00,2020,11,2,11/2/2020,21,17.43,100.852,1.199,592.0155599,0.746917142
11/2/2020 21:00,2020,11,2,11/2/2020,22,18.676,98.924,1.212,591.9755863,0.74686671
11/2/2020 22:00,2020,11,2,11/2/2020,23,17.635,99.838,1.203,591.9356228,0.74681629
11/2/2020 23:00,2020,11,2,11/2/2020,24,15.839,100.138,1.167,549.8304856,0.693694293
11/3/2020 0:00,2020,11,3,11/3/2020,1,18.166,100.085,1.21,507.7253585,0.640572308
11/3/2020 1:00,2020,11,3,11/3/2020,2,13.966,99.655,1.129,507.6854253,0.640521927
11/3/2020 2:00,2020,11,3,11/3/2020,3,14.135,100.716,1.133,507.6455022,0.640471558
11/3/2020 3:00,2020,11,3,11/3/2020,4,12.498,99.992,1.1,507.6055893,0.640421202
11/3/2020 4:00,2020,11,3,11/3/2020,5,11.792,100.034,1.086,507.5656867,0.640370858
11/3/2020 5:00,2020,11,3,11/3/2020,6,10.873,101.405,1.08,507.5257942,0.640320528
11/3/2020 6:00,2020,11,3,11/3/2020,7,10.051,99.378,1.08,507.485912,0.64027021
11/3/2020 7:00,2020,11,3,11/3/2020,8,9.064,100.448,1.08,540.0594116,0.681366605
11/3/2020 8:00,2020,11,3,11/3/2020,9,7.525,100.734,1.08,618.7551941,0.780653234
11/3/2020 9:00,2020,11,3,11/3/2020,10,6.34,101.542,1.08,697.4509869,0.879939875
11/3/2020 10:00,2020,11,3,11/3/2020,11,6.967,102.992,1.08,730.0245175,0.921036309
11/3/2020 11:00,2020,11,3,11/3/2020,12,9.13,101.104,1.08,729.9846868,0.920986057
11/3/2020 12:00,2020,11,3,11/3/2020,13,10.142,101.733,1.08,729.9448664,0.920935817
11/3/2020 13:00,2020,11,3,11/3/2020,14,9.622,101.687,1.08,729.9050564,0.920885591
11/3/2020 14:00,2020,11,3,11/3/2020,15,12.979,101.145,1.11,729.8652568,0.920835378
11/3/2020 15:00,2020,11,3,11/3/2020,16,14.712,102.229,1.144,729.8254676,0.920785178
11/3/2020 16:00,2020,11,3,11/3/2020,17,14.736,101.808,1.145,729.7856888,0.920734991
11/3/2020 17:00,2020,11,3,11/3/2020,18,15.043,100.775,1.151,729.7459205,0.920684817
11/3/2020 18:00,2020,11,3,11/3/2020,19,16.89,103.403,1.188,729.7061627,0.920634657
11/3/2020 19:00,2020,11,3,11/3/2020,20,18.228,103.177,1.211,660.3825833,0.83317248
11/3/2020 20:00,2020,11,3,11/3/2020,21,17.557,98.679,1.201,591.0590144,0.745710316
11/3/2020 21:00,2020,11,3,11/3/2020,22,18.541,100.442,1.211,591.0192882,0.745660195
11/3/2020 22:00,2020,11,3,11/3/2020,23,17.744,101.19,1.205,590.9795725,0.745610088
11/3/2020 23:00,2020,11,3,11/3/2020,24,17.758,100.383,1.205,548.8746837,0.692488404
11/4/2020 0:00,2020,11,4,11/4/2020,1,16.862,98.715,1.187,506.7698054,0.639366734
11/4/2020 1:00,2020,11,4,11/4/2020,2,14.785,99.999,1.146,506.7301215,0.639316667
11/4/2020 2:00,2020,11,4,11/4/2020,3,15.011,99.981,1.15,506.6904483,0.639266613
11/4/2020 3:00,2020,11,4,11/4/2020,4,12.729,99.498,1.105,506.6507857,0.639216572
11/4/2020 4:00,2020,11,4,11/4/2020,5,12.338,99.948,1.097,506.6111339,0.639166546
11/4/2020 5:00,2020,11,4,11/4/2020,6,10.627,99.703,1.08,506.5714927,0.639116532
11/4/2020 6:00,2020,11,4,11/4/2020,7,9.02,100.235,1.08,506.5318622,0.639066532
11/4/2020 7:00,2020,11,4,11/4/2020,8,9.618,102.237,1.08,539.1056142,0.680163246
11/4/2020 8:00,2020,11,4,11/4/2020,9,8.075,100,1.08,617.8016495,0.779450193
11/4/2020 9:00,2020,11,4,11/4/2020,10,7.957,99.479,1.08,696.4976955,0.878737154
11/4/2020 10:00,2020,11,4,11/4/2020,11,8.326,100.654,1.08,729.0714799,0.919833908
11/4/2020 11:00,2020,11,4,11/4/2020,12,9.12,100.992,1.08,729.0319034,0.919783977
11/4/2020 12:00,2020,11,4,11/4/2020,13,8.414,99.972,1.08,728.9923377,0.919734059
11/4/2020 13:00,2020,11,4,11/4/2020,14,10.098,101.492,1.08,728.9527829,0.919684154
11/4/2020 14:00,2020,11,4,11/4/2020,15,12.073,100.545,1.091,728.913239,0.919634264
11/4/2020 15:00,2020,11,4,11/4/2020,16,12.793,99.733,1.106,728.873706,0.919584387
11/4/2020 16:00,2020,11,4,11/4/2020,17,13.81,98.952,1.126,728.834184,0.919534524
11/4/2020 17:00,2020,11,4,11/4/2020,18,14.919,98.771,1.148,728.7946729,0.919484674
11/4/2020 18:00,2020,11,4,11/4/2020,19,16.444,101.972,1.179,728.7551727,0.919434839
11/4/2020 19:00,2020,11,4,11/4/2020,20,18.578,101.232,1.211,659.4318515,0.831972988
11/4/2020 20:00,2020,11,4,11/4/2020,21,17.9,100.148,1.208,590.1085412,0.74451115
11/4/2020 21:00,2020,11,4,11/4/2020,22,17.919,99.266,1.208,590.0690741,0.744461356
11/4/2020 22:00,2020,11,4,11/4/2020,23,17.693,98.992,1.204,590.0296181,0.744411576
11/4/2020 23:00,2020,11,4,11/4/2020,24,16.632,100.164,1.183,547.9249893,0.691290221
11/5/2020 0:00,2020,11,5,11/5/2020,1,17.407,100.292,1.198,505.8203717,0.63816888
11/5/2020 1:00,2020,11,5,11/5/2020,2,15.623,100.087,1.162,505.7809489,0.638119142
11/5/2020 2:00,2020,11,5,11/5/2020,3,14.389,98.75,1.138,505.7415372,0.638069418
11/5/2020 3:00,2020,11,5,11/5/2020,4,12.877,99.893,1.108,505.7021368,0.638019708
11/5/2020 4:00,2020,11,5,11/5/2020,5,11.34,100.595,1.08,505.6627474,0.637970013
11/5/2020 5:00,2020,11,5,11/5/2020,6,10.785,99.015,1.08,505.6233693,0.637920331
11/5/2020 6:00,2020,11,5,11/5/2020,7,8.832,99.71,1.08,505.5840024,0.637870664
11/5/2020 7:00,2020,11,5,11/5/2020,8,8.508,100.581,1.08,538.1580184,0.67896771
11/5/2020 8:00,2020,11,5,11/5/2020,9,8.642,101.728,1.08,616.8543182,0.778254991
11/5/2020 9:00,2020,11,5,11/5/2020,10,7.364,101.314,1.08,695.5506292,0.877542287
11/5/2020 10:00,2020,11,5,11/5/2020,11,8.475,100.968,1.08,728.124679,0.918639376
11/5/2020 11:00,2020,11,5,11/5/2020,12,8.801,99.674,1.08,728.0853685,0.91858978
11/5/2020 12:00,2020,11,5,11/5/2020,13,9.57,99.833,1.08,728.0460693,0.918540198
11/5/2020 13:00,2020,11,5,11/5/2020,14,10.89,100.317,1.08,728.0067814,0.91849063
11/5/2020 14:00,2020,11,5,11/5/2020,15,11.722,102.377,1.084,727.967505,0.918441077
11/5/2020 15:00,2020,11,5,11/5/2020,16,12.777,100.885,1.106,727.9282399,0.918391538
11/5/2020 16:00,2020,11,5,11/5/2020,17,14.74,99.182,1.145,727.8889862,0.918342014
11/5/2020 17:00,2020,11,5,11/5/2020,18,14.635,99.453,1.143,727.849744,0.918292504
11/5/2020 18:00,2020,11,5,11/5/2020,19,16.54,99.565,1.181,727.8105132,0.918243008
11/5/2020 19:00,2020,11,5,11/5/2020,20,16.886,100.735,1.188,658.4874619,0.830781497
11/5/2020 20:00,2020,11,5,11/5/2020,21,16.899,98.962,1.188,589.164422,0.743320001
11/5/2020 21:00,2020,11,5,11/5/2020,22,18.422,98.303,1.211,589.1252257,0.743270549
11/5/2020 22:00,2020,11,5,11/5/2020,23,18.043,100.543,1.21,589.086041,0.743221111
11/5/2020 23:00,2020,11,5,11/5/2020,24,17.286,101.317,1.196,546.981684,0.690100099
11/6/2020 0:00,2020,11,6,11/6/2020,1,15.9,101.582,1.168,504.8773386,0.636979101
11/6/2020 1:00,2020,11,6,11/6/2020,2,13.466,100.257,1.119,504.8381886,0.636929707
11/6/2020 2:00,2020,11,6,11/6/2020,3,15.98,100.835,1.17,504.7990502,0.636880328
11/6/2020 3:00,2020,11,6,11/6/2020,4,12.358,99.513,1.097,504.7599235,0.636830964
11/6/2020 4:00,2020,11,6,11/6/2020,5,11.781,100.544,1.086,504.7208084,0.636781614
11/6/2020 5:00,2020,11,6,11/6/2020,6,11.239,100.716,1.08,504.681705,0.636732279
11/6/2020 6:00,2020,11,6,11/6/2020,7,8.46,100.088,1.08,504.6426133,0.636682959
11/6/2020 7:00,2020,11,6,11/6/2020,8,8.963,98.932,1.08,537.216905,0.677780353
11/6/2020 8:00,2020,11,6,11/6/2020,9,7.605,100.553,1.08,615.9134809,0.777067983
11/6/2020 9:00,2020,11,6,11/6/2020,10,7.862,101.732,1.08,694.6100686,0.876355627
11/6/2020 10:00,2020,11,6,11/6/2020,11,7.903,100.914,1.08,727.1843955,0.917453066
11/6/2020 11:00,2020,11,6,11/6/2020,12,8.317,101.187,1.08,727.1453626,0.91740382
11/6/2020 12:00,2020,11,6,11/6/2020,13,9.134,100.272,1.08,727.1063415,0.917354589
11/6/2020 13:00,2020,11,6,11/6/2020,14,11.073,101.7,1.08,727.0673322,0.917305373
11/6/2020 14:00,2020,11,6,11/6/2020,15,11.929,102.132,1.089,727.0283348,0.917256172
11/6/2020 15:00,2020,11,6,11/6/2020,16,13.113,101.873,1.112,726.9893493,0.917206986
11/6/2020 16:00,2020,11,6,11/6/2020,17,15.969,101.279,1.169,726.9503757,0.917157815
11/6/2020 17:00,2020,11,6,11/6/2020,18,16.043,103.121,1.171,726.911414,0.917108659
11/6/2020 18:00,2020,11,6,11/6/2020,19,16.665,102.733,1.183,726.8724642,0.917059518
11/6/2020 19:00,2020,11,6,11/6/2020,20,17.62,102.823,1.202,657.5496943,0.829598362
11/6/2020 20:00,2020,11,6,11/6/2020,21,19.673,102.129,1.214,588.2269364,0.742137221
11/6/2020 21:00,2020,11,6,11/6/2020,22,16.939,100.697,1.189,588.1880226,0.742088125
11/6/2020 22:00,2020,11,6,11/6/2020,23,18.212,100.111,1.21,588.1491208,0.742039045
11/6/2020 23:00,2020,11,6,11/6/2020,24,17.152,98.504,1.193,546.0450472,0.68891839
11/7/2020 0:00,2020,11,7,11/7/2020,1,17.33,100.873,1.197,503.9409857,0.63579775
11/7/2020 1:00,2020,11,7,11/7/2020,2,15.486,101.448,1.16,503.9021201,0.635748715
11/7/2020 2:00,2020,11,7,11/7/2020,3,13.472,100.656,1.119,503.8632666,0.635699696
11/7/2020 3:00,2020,11,7,11/7/2020,4,12.706,99.132,1.104,503.8244252,0.635650691
11/7/2020 4:00,2020,11,7,11/7/2020,5,10.684,97.868,1.08,503.7855959,0.635601702
11/7/2020 5:00,2020,11,7,11/7/2020,6,10.474,100.768,1.08,503.7467788,0.635552729
11/7/2020 6:00,2020,11,7,11/7/2020,7,7.519,100.007,1.08,503.7079739,0.63550377
11/7/2020 7:00,2020,11,7,11/7/2020,8,8.718,100.054,1.08,536.2825528,0.676601527
11/7/2020 8:00,2020,11,7,11/7/2020,9,7.056,101.319,1.08,614.9794165,0.77588952
11/7/2020 9:00,2020,11,7,11/7/2020,10,8.884,101.036,1.08,693.6762924,0.875177528
11/7/2020 10:00,2020,11,7,11/7/2020,11,9.484,102.098,1.08,726.250908,0.916275331
11/7/2020 11:00,2020,11,7,11/7/2020,12,7.211,102.667,1.08,726.2121643,0.916226449
11/7/2020 12:00,2020,11,7,11/7/2020,13,7.498,103.148,1.08,726.1734329,0.916177584
11/7/2020 13:00,2020,11,7,11/7/2020,14,9.912,102.455,1.08,726.1347137,0.916128734
11/7/2020 14:00,2020,11,7,11/7/2020,15,11.959,99.108,1.089,726.096007,0.916079899
11/7/2020 15:00,2020,11,7,11/7/2020,16,14.44,101.883,1.139,726.0573125,0.916031081
11/7/2020 16:00,2020,11,7,11/7/2020,17,14.447,103.237,1.139,726.0186305,0.915982277
11/7/2020 17:00,2020,11,7,11/7/2020,18,14.602,101.623,1.142,725.9799608,0.91593349
11/7/2020 18:00,2020,11,7,11/7/2020,19,16.495,102.476,1.18,725.9413036,0.915884718
11/7/2020 19:00,2020,11,7,11/7/2020,20,16.826,101.999,1.187,656.6188267,0.828423931
11/7/2020 20:00,2020,11,7,11/7/2020,21,17.279,98.134,1.196,587.2963623,0.740963161
11/7/2020 21:00,2020,11,7,11/7/2020,22,17.583,99.871,1.202,587.2577425,0.740914436
11/7/2020 22:00,2020,11,7,11/7/2020,23,17.746,100.409,1.205,587.2191351,0.740865727
11/7/2020 23:00,2020,11,7,11/7/2020,24,17.589,99.573,1.202,545.1153565,0.687745444
11/8/2020 0:00,2020,11,8,11/8/2020,1,16.796,100.046,1.186,503.0115904,0.634625177
11/8/2020 1:00,2020,11,8,11/8/2020,2,15.399,99.512,1.158,502.9730207,0.634576516
11/8/2020 2:00,2020,11,8,11/8/2020,3,14.902,101.6,1.148,502.9344635,0.63452787
11/8/2020 3:00,2020,11,8,11/8/2020,4,12.679,98.805,1.104,502.895919,0.63447924
11/8/2020 4:00,2020,11,8,11/8/2020,5,12.481,99.988,1.1,502.857387,0.634430626
11/8/2020 5:00,2020,11,8,11/8/2020,6,10.962,100.874,1.08,502.8188677,0.634382028
11/8/2020 6:00,2020,11,8,11/8/2020,7,8.965,100.767,1.08,502.7803611,0.634333446
11/8/2020 7:00,2020,11,8,11/8/2020,8,8.185,99.284,1.08,535.3552387,0.67543158
11/8/2020 8:00,2020,11,8,11/8/2020,9,7.375,101.75,1.08,614.0524017,0.77471995
11/8/2020 9:00,2020,11,8,11/8/2020,10,8.626,100.924,1.08,692.7495773,0.874008336
11/8/2020 10:00,2020,11,8,11/8/2020,11,8.424,100.774,1.08,725.3244931,0.915106518
11/8/2020 11:00,2020,11,8,11/8/2020,12,8.144,100.878,1.08,725.2860501,0.915058016
11/8/2020 12:00,2020,11,8,11/8/2020,13,8.798,100.839,1.08,725.2476198,0.915009531
11/8/2020 13:00,2020,11,8,11/8/2020,14,11.481,102.554,1.08,725.2092022,0.914961061
11/8/2020 14:00,2020,11,8,11/8/2020,15,11.801,102.006,1.086,725.1707976,0.914912608
11/8/2020 15:00,2020,11,8,11/8/2020,16,12.719,103.943,1.104,725.1324057,0.914864171
11/8/2020 16:00,2020,11,8,11/8/2020,17,12.606,102.268,1.102,725.0940267,0.91481575
11/8/2020 17:00,2020,11,8,11/8/2020,18,15.134,102.669,1.153,725.0556606,0.914767345
11/8/2020 18:00,2020,11,8,11/8/2020,19,16.77,101.875,1.185,725.0173074,0.914718957
11/8/2020 19:00,2020,11,8,11/8/2020,20,17.204,102.356,1.194,655.6951349,0.827258555
11/8/2020 20:00,2020,11,8,11/8/2020,21,16.782,97.962,1.186,586.3729755,0.739798169
11/8/2020 21:00,2020,11,8,11/8/2020,22,17.304,99.669,1.196,586.334661,0.739749829
11/8/2020 22:00,2020,11,8,11/8/2020,23,16.897,99.854,1.188,586.2963596,0.739701506
11/8/2020 23:00,2020,11,8,11/8/2020,24,17.562,99.37,1.201,544.1928874,0.68658161
11/9/2020 0:00,2020,11,9,11/9/2020,1,15.286,100.312,1.156,502.0894281,0.63346173
11/9/2020 1:00,2020,11,9,11/9/2020,2,15.619,100.602,1.162,502.0511657,0.633413456
11/9/2020 2:00,2020,11,9,11/9/2020,3,13.725,100.155,1.124,502.0129163,0.633365199
11/9/2020 3:00,2020,11,9,11/9/2020,4,12.256,99.902,1.095,501.97468,0.633316958
11/9/2020 4:00,2020,11,9,11/9/2020,5,11.312,100.2,1.08,501.9364568,0.633268734
11/9/2020 5:00,2020,11,9,11/9/2020,6,9.682,100.922,1.08,501.8982467,0.633220526
11/9/2020 6:00,2020,11,9,11/9/2020,7,8.667,99.871,1.08,501.8600498,0.633172335
11/9/2020 7:00,2020,11,9,11/9/2020,8,8.842,100.846,1.08,534.4352376,0.67427086
11/9/2020 8:00,2020,11,9,11/9/2020,9,7.959,102.401,1.08,613.1327112,0.773559622
11/9/2020 9:00,2020,11,9,11/9/2020,10,6.802,102.339,1.08,691.8301979,0.8728484
11/9/2020 10:00,2020,11,9,11/9/2020,11,7.532,102.18,1.08,724.4054253,0.913946975
11/9/2020 11:00,2020,11,9,11/9/2020,12,8.813,103.434,1.08,724.3672943,0.913898867
11/9/2020 12:00,2020,11,9,11/9/2020,13,9.468,102.661,1.08,724.3291765,0.913850776
11/9/2020 13:00,2020,11,9,11/9/2020,14,9.337,101.156,1.08,724.291072,0.913802701
11/9/2020 14:00,2020,11,9,11/9/2020,15,13.021,100.789,1.11,724.2529808,0.913754643
11/9/2020 15:00,2020,11,9,11/9/2020,16,12.581,101.811,1.102,724.2149029,0.913706602
11/9/2020 16:00,2020,11,9,11/9/2020,17,14.06,102.602,1.131,724.1768383,0.913658578
11/9/2020 17:00,2020,11,9,11/9/2020,18,15.17,101.348,1.153,724.1387871,0.913610571
11/9/2020 18:00,2020,11,9,11/9/2020,19,16.358,102.882,1.177,724.1007492,0.91356258
11/9/2020 19:00,2020,11,9,11/9/2020,20,17.262,102.433,1.195,654.7788927,0.826102576
11/9/2020 20:00,2020,11,9,11/9/2020,21,18.538,99.455,1.211,585.4570495,0.73864259
11/9/2020 21:00,2020,11,9,11/9/2020,22,17.88,98.816,1.208,585.4190518,0.73859465
11/9/2020 22:00,2020,11,9,11/9/2020,23,18.344,101.267,1.211,585.3810676,0.738546727
11/9/2020 23:00,2020,11,9,11/9/2020,24,16.562,100.243,1.181,543.2779131,0.685427232
11/10/2020 0:00,2020,11,10,11/10/2020,1,16.203,98.763,1.174,501.1747721,0.632307753
11/10/2020 1:00,2020,11,10,11/10/2020,2,14.454,99.363,1.139,501.1368283,0.632259881
11/10/2020 2:00,2020,11,10,11/10/2020,3,15.301,99.903,1.156,501.0988981,0.632212027
11/10/2020 3:00,2020,11,10,11/10/2020,4,13.923,102.263,1.128,501.0609814,0.632164189
11/10/2020 4:00,2020,11,10,11/10/2020,5,11.705,101.822,1.084,501.0230782,0.632116368
11/10/2020 5:00,2020,11,10,11/10/2020,6,9.013,98.835,1.08,500.9851887,0.632068565
11/10/2020 6:00,2020,11,10,11/10/2020,7,10.311,100.466,1.08,500.9473127,0.632020779
11/10/2020 7:00,2020,11,10,11/10/2020,8,7.802,99.09,1.08,533.522822,0.673119709
11/10/2020 8:00,2020,11,10,11/10/2020,9,7.456,103.375,1.08,612.2206175,0.772408878
11/10/2020 9:00,2020,11,10,11/10/2020,10,7.582,102.614,1.08,690.9184267,0.871698063
11/10/2020 10:00,2020,11,10,11/10/2020,11,7.019,100.646,1.08,723.493977,0.912797045
11/10/2020 11:00,2020,11,10,11/10/2020,12,7.321,101.235,1.08,723.4561693,0.912749345
11/10/2020 12:00,2020,11,10,11/10/2020,13,8.594,101.917,1.08,723.4183754,0.912701662
11/10/2020 13:00,2020,11,10,11/10/2020,14,10.122,101.482,1.08,723.3805952,0.912653997
11/10/2020 14:00,2020,11,10,11/10/2020,15,11.749,102.425,1.085,723.3428287,0.912606349
11/10/2020 15:00,2020,11,10,11/10/2020,16,13.858,100.425,1.127,723.305076,0.912558718
11/10/2020 16:00,2020,11,10,11/10/2020,17,15.028,102.83,1.151,723.2673372,0.912511105
11/10/2020 17:00,2020,11,10,11/10/2020,18,17.46,100.825,1.199,723.2296121,0.912463509
11/10/2020 18:00,2020,11,10,11/10/2020,19,16.229,100.137,1.175,723.1919008,0.91241593
11/10/2020 19:00,2020,11,10,11/10/2020,20,17.69,101.982,1.204,653.8703714,0.824956339
11/10/2020 20:00,2020,11,10,11/10/2020,21,16.978,101.403,1.19,584.5488558,0.737496766
11/10/2020 21:00,2020,11,10,11/10/2020,22,19.471,100.096,1.213,584.5111861,0.73744924
11/10/2020 22:00,2020,11,10,11/10/2020,23,17.847,100.941,1.207,584.4735304,0.737401732
11/10/2020 23:00,2020,11,10,11/10/2020,24,16.978,99.072,1.19,542.3707049,0.684282651
11/11/2020 0:00,2020,11,11,11/11/2020,1,17.494,100.056,1.2,500.2678933,0.631163588
11/11/2020 1:00,2020,11,11,11/11/2020,2,14.31,100.095,1.136,500.2302794,0.631116133
11/11/2020 2:00,2020,11,11,11/11/2020,3,14.119,99.402,1.132,500.1926796,0.631068695
11/11/2020 3:00,2020,11,11,11/11/2020,4,13.358,100.214,1.117,500.1550937,0.631021275
11/11/2020 4:00,2020,11,11,11/11/2020,5,12.374,100.002,1.097,500.1175219,0.630973872
11/11/2020 5:00,2020,11,11,11/11/2020,6,9.136,100.582,1.08,500.0799641,0.630926487
11/11/2020 6:00,2020,11,11,11/11/2020,7,9.339,98.702,1.08,500.0424203,0.63087912
11/11/2020 7:00,2020,11,11,11/11/2020,8,7.65,99.987,1.08,532.6182624,0.671978471
11/11/2020 8:00,2020,11,11,11/11/2020,9,7.939,98.078,1.08,611.316391,0.771268059
11/11/2020 9:00,2020,11,11,11/11/2020,10,7.715,99.735,1.08,690.0145338,0.870557665
11/11/2020 10:00,2020,11,11,11/11/2020,11,7.653,99.688,1.08,722.5904182,0.911657069
11/11/2020 11:00,2020,11,11,11/11/2020,12,8.817,99.206,1.08,722.5529451,0.911609791
11/11/2020 12:00,2020,11,11,11/11/2020,13,10.203,100.161,1.08,722.5154862,0.911562531
11/11/2020 13:00,2020,11,11,11/11/2020,14,9.82,99.325,1.08,722.4780414,0.911515289
11/11/2020 14:00,2020,11,11,11/11/2020,15,12.179,99.141,1.094,722.4406109,0.911468065
11/11/2020 15:00,2020,11,11,11/11/2020,16,13.82,98.872,1.126,722.4031947,0.911420858
11/11/2020 16:00,2020,11,11,11/11/2020,17,14.21,98.835,1.134,722.3657927,0.91137367
11/11/2020 17:00,2020,11,11,11/11/2020,18,13.809,100.924,1.126,722.3284049,0.9113265
11/11/2020 18:00,2020,11,11,11/11/2020,19,15.788,98.73,1.166,722.2910315,0.911279348
11/11/2020 19:00,2020,11,11,11/11/2020,20,17.739,99.996,1.205,652.9698403,0.823820183
11/11/2020 20:00,2020,11,11,11/11/2020,21,17.34,100.825,1.197,583.6486634,0.736361037
11/11/2020 21:00,2020,11,11,11/11/2020,22,17.795,100.186,1.206,583.611333,0.736313939
11/11/2020 22:00,2020,11,11,11/11/2020,23,18.642,98.343,1.211,583.574017,0.736266859
11/11/2020 23:00,2020,11,11,11/11/2020,24,18.088,98.971,1.21,541.4715315,0.683148208
11/12/2020 0:00,2020,11,12,11/12/2020,1,16.399,98.805,1.178,499.3690605,0.630029575
11/12/2020 1:00,2020,11,12,11/12/2020,2,15.114,99.535,1.152,499.3317877,0.62998255
11/12/2020 2:00,2020,11,12,11/12/2020,3,14.314,100.414,1.136,499.2945293,0.629935543
11/12/2020 3:00,2020,11,12,11/12/2020,4,14.103,99.361,1.132,499.2572855,0.629888554
11/12/2020 4:00,2020,11,12,11/12/2020,5,11.152,98.906,1.08,499.220056,0.629841583
11/12/2020 5:00,2020,11,12,11/12/2020,6,10.909,100.295,1.08,499.1828412,0.629794631
11/12/2020 6:00,2020,11,12,11/12/2020,7,9.848,99.527,1.08,499.1456408,0.629747697
11/12/2020 7:00,2020,11,12,11/12/2020,8,9.201,100.746,1.08,531.7218266,0.670847481
11/12/2020 8:00,2020,11,12,11/12/2020,9,8.497,100.508,1.08,610.4202996,0.770137504
11/12/2020 9:00,2020,11,12,11/12/2020,10,8.374,100.215,1.08,689.1187871,0.869427546
11/12/2020 10:00,2020,11,12,11/12/2020,11,9.021,100.168,1.08,721.6950167,0.910527385
11/12/2020 11:00,2020,11,12,11/12/2020,12,7.776,99.042,1.08,721.6578892,0.910480543
11/12/2020 12:00,2020,11,12,11/12/2020,13,8.73,99.661,1.08,721.6207764,0.910433719
11/12/2020 13:00,2020,11,12,11/12/2020,14,10.979,100.711,1.08,721.5836783,0.910386914
11/12/2020 14:00,2020,11,12,11/12/2020,15,12.884,101.6,1.108,721.5465948,0.910340128
11/12/2020 15:00,2020,11,12,11/12/2020,16,12.72,99.839,1.104,721.5095261,0.91029336
11/12/2020 16:00,2020,11,12,11/12/2020,17,13.133,101.748,1.113,721.472472,0.910246611
11/12/2020 17:00,2020,11,12,11/12/2020,18,14.49,98.874,1.14,721.4354327,0.91019988
11/12/2020 18:00,2020,11,12,11/12/2020,19,16.5,98.934,1.18,721.3984082,0.910153168
11/12/2020 19:00,2020,11,12,11/12/2020,20,16.766,101.078,1.185,652.0775663,0.822694445
11/12/2020 20:00,2020,11,12,11/12/2020,21,17.507,100.367,1.2,582.7567392,0.73523574
11/12/2020 21:00,2020,11,12,11/12/2020,22,18.645,100.041,1.211,582.7197591,0.735189084
11/12/2020 22:00,2020,11,12,11/12/2020,23,18.346,99.675,1.211,582.6827937,0.735142447
11/12/2020 23:00,2020,11,12,11/12/2020,24,17.145,100.632,1.193,540.5806595,0.682024238
11/13/2020 0:00,2020,11,13,11/13/2020,1,16.758,98.546,1.185,498.4785401,0.628906049
11/13/2020 1:00,2020,11,13,11/13/2020,2,15.369,101.625,1.157,498.4416194,0.628859468
11/13/2020 2:00,2020,11,13,11/13/2020,3,13.86,99.84,1.127,498.4047136,0.628812906
11/13/2020 3:00,2020,11,13,11/13/2020,4,14.324,100.863,1.136,498.3678227,0.628766362
11/13/2020 4:00,2020,11,13,11/13/2020,5,10.44,99.415,1.08,498.3309467,0.628719838
11/13/2020 5:00,2020,11,13,11/13/2020,6,9.166,99.427,1.08,498.2940858,0.628673332
11/13/2020 6:00,2020,11,13,11/13/2020,7,8.775,100.317,1.08,498.2572398,0.628626845
11/13/2020 7:00,2020,11,13,11/13/2020,8,7.377,100.259,1.08,530.8337805,0.669727077
11/13/2020 8:00,2020,11,13,11/13/2020,9,7.737,100.247,1.08,609.5326087,0.769017548
11/13/2020 9:00,2020,11,13,11/13/2020,10,9.381,103.744,1.08,688.231452,0.868308038
11/13/2020 10:00,2020,11,13,11/13/2020,11,8.63,103.308,1.08,720.8080378,0.909408327
11/13/2020 11:00,2020,11,13,11/13/2020,12,9.135,102.631,1.08,720.771267,0.909361935
11/13/2020 12:00,2020,11,13,11/13/2020,13,9.423,102.071,1.08,720.7345113,0.909315562
11/13/2020 13:00,2020,11,13,11/13/2020,14,9.046,101.205,1.08,720.6977707,0.909269208
11/13/2020 14:00,2020,11,13,11/13/2020,15,9.947,103.768,1.08,720.6610453,0.909222873
11/13/2020 15:00,2020,11,13,11/13/2020,16,13.62,102.523,1.122,720.624335,0.909176558
11/13/2020 16:00,2020,11,13,11/13/2020,17,13.749,102.692,1.125,720.5876399,0.909130262
11/13/2020 17:00,2020,11,13,11/13/2020,18,15.024,101.585,1.15,720.55096,0.909083984
11/13/2020 18:00,2020,11,13,11/13/2020,19,16.39,102.747,1.178,720.5142953,0.909037726
11/13/2020 19:00,2020,11,13,11/13/2020,20,16.153,101.609,1.173,651.1938138,0.821579457
11/13/2020 20:00,2020,11,13,11/13/2020,21,17.403,100.084,1.198,581.8733475,0.734121208
11/13/2020 21:00,2020,11,13,11/13/2020,22,17.153,100.757,1.193,581.8367285,0.734075007
11/13/2020 22:00,2020,11,13,11/13/2020,23,18.365,99.19,1.211,581.8001248,0.734028826
11/13/2020 23:00,2020,11,13,11/13/2020,24,18.247,99.531,1.211,539.6983527,0.680911075
11/14/2020 0:00,2020,11,14,11/14/2020,1,17.717,100.106,1.204,497.5965959,0.627793343
11/14/2020 1:00,2020,11,14,11/14/2020,2,15.25,102.043,1.155,497.5600382,0.62774722
11/14/2020 2:00,2020,11,14,11/14/2020,3,13.772,99.71,1.125,497.5234959,0.627701116
11/14/2020 3:00,2020,11,14,11/14/2020,4,14.312,100.596,1.136,497.486969,0.627655032
11/14/2020 4:00,2020,11,14,11/14/2020,5,12.22,99.753,1.094,497.4504574,0.627608967
11/14/2020 5:00,2020,11,14,11/14/2020,6,10.597,99.512,1.08,497.4139613,0.627562922
11/14/2020 6:00,2020,11,14,11/14/2020,7,9.843,98.822,1.08,497.3774806,0.627516896
11/14/2020 7:00,2020,11,14,11/14/2020,8,8.245,99.881,1.08,529.954387,0.668617589
11/14/2020 8:00,2020,11,14,11/14/2020,9,8.277,102.085,1.08,608.6535815,0.767908522
11/14/2020 9:00,2020,11,14,11/14/2020,10,9.875,102.61,1.08,687.3527914,0.867199475
11/14/2020 10:00,2020,11,14,11/14/2020,11,9.338,103.037,1.08,719.9297443,0.908300227
11/14/2020 11:00,2020,11,14,11/14/2020,12,8.475,102.006,1.08,719.8933411,0.908254299
11/14/2020 12:00,2020,11,14,11/14/2020,13,9.615,102.572,1.08,719.8569534,0.90820839
11/14/2020 13:00,2020,11,14,11/14/2020,14,10.098,102.826,1.08,719.8205813,0.908162501
11/14/2020 14:00,2020,11,14,11/14/2020,15,11.484,101.007,1.08,719.7842248,0.908116632
11/14/2020 15:00,2020,11,14,11/14/2020,16,13.052,102.344,1.111,719.7478839,0.908070782
11/14/2020 16:00,2020,11,14,11/14/2020,17,13.959,99.988,1.129,719.7115586,0.908024952
11/14/2020 17:00,2020,11,14,11/14/2020,18,16.413,101.24,1.178,719.6752489,0.907979142
11/14/2020 18:00,2020,11,14,11/14/2020,19,16.333,103.92,1.177,719.638955,0.907933352
11/14/2020 19:00,2020,11,14,11/14/2020,20,17.076,101.884,1.192,650.3188446,0.820475551
11/14/2020 20:00,2020,11,14,11/14/2020,21,17.072,101.273,1.191,580.9987499,0.733017771
11/14/2020 21:00,2020,11,14,11/14/2020,22,17.898,101.171,1.208,580.962503,0.73297204
11/14/2020 22:00,2020,11,14,11/14/2020,23,16.591,100.411,1.182,580.9262719,0.732926329
11/14/2020 23:00,2020,11,14,11/14/2020,24,16.523,100.12,1.18,538.8248727,0.679809048
11/15/2020 0:00,2020,11,15,11/15/2020,1,17.924,101.142,1.208,496.7234893,0.626691787
11/15/2020 1:00,2020,11,15,11/15/2020,2,15.356,101.308,1.157,496.6873055,0.626646136
11/15/2020 2:00,2020,11,15,11/15/2020,3,14.525,100.805,1.141,496.6511375,0.626600504
11/15/2020 3:00,2020,11,15,11/15/2020,4,13.009,98.972,1.11,496.6149853,0.626554893
11/15/2020 4:00,2020,11,15,11/15/2020,5,10.613,101.071,1.08,496.578849,0.626509301
11/15/2020 5:00,2020,11,15,11/15/2020,6,9.807,100.15,1.08,496.5427285,0.62646373
11/15/2020 6:00,2020,11,15,11/15/2020,7,8.948,101.817,1.08,496.5066239,0.626418178
11/15/2020 7:00,2020,11,15,11/15/2020,8,7.503,100.349,1.08,529.0839069,0.667519347
11/15/2020 8:00,2020,11,15,11/15/2020,9,8.02,103.18,1.08,607.7834783,0.766810756
11/15/2020 9:00,2020,11,15,11/15/2020,10,7.143,102.517,1.08,686.4830657,0.866102184
11/15/2020 10:00,2020,11,15,11/15/2020,11,8.013,102.218,1.08,719.0603965,0.907203413
11/15/2020 11:00,2020,11,15,11/15/2020,12,9.101,103.353,1.08,719.0243716,0.907157962
11/15/2020 12:00,2020,11,15,11/15/2020,13,9.855,103.293,1.08,718.9883628,0.907112532
11/15/2020 13:00,2020,11,15,11/15/2020,14,10.682,101.575,1.08,718.9523699,0.907067121
11/15/2020 14:00,2020,11,15,11/15/2020,15,10.704,103.167,1.08,718.9163931,0.907021731
11/15/2020 15:00,2020,11,15,11/15/2020,16,11.693,102.91,1.084,718.8804323,0.906976361
11/15/2020 16:00,2020,11,15,11/15/2020,17,14.114,103.029,1.132,718.8444876,0.906931011
11/15/2020 17:00,2020,11,15,11/15/2020,18,15.517,101.967,1.16,718.808559,0.906885682
11/15/2020 18:00,2020,11,15,11/15/2020,19,16.722,100.475,1.184,718.7726465,0.906840373
11/15/2020 19:00,2020,11,15,11/15/2020,20,16.097,102.017,1.172,649.452918,0.819383054
11/15/2020 20:00,2020,11,15,11/15/2020,21,18.759,100.628,1.212,580.1332057,0.731925756
11/15/2020 21:00,2020,11,15,11/15/2020,22,18.758,100.637,1.212,580.0973416,0.731880508
11/15/2020 22:00,2020,11,15,11/15/2020,23,16.963,99.889,1.189,580.0614937,0.73183528
11/15/2020 23:00,2020,11,15,11/15/2020,24,17.278,99.434,1.196,537.9604782,0.678718484
11/16/2020 0:00,2020,11,16,11/16/2020,1,16.112,102.231,1.172,495.859479,0.625601707
11/16/2020 1:00,2020,11,16,11/16/2020,2,14.636,101.291,1.143,495.8236798,0.625556541
11/16/2020 2:00,2020,11,16,11/16/2020,3,14.19,99.322,1.134,495.7878968,0.625511396
11/16/2020 3:00,2020,11,16,11/16/2020,4,12.615,99.474,1.102,495.7521301,0.62546627
11/16/2020 4:00,2020,11,16,11/16/2020,5,11.832,97.979,1.087,495.7163796,0.625421166
11/16/2020 5:00,2020,11,16,11/16/2020,6,10.997,99.67,1.08,495.6806455,0.625376082
11/16/2020 6:00,2020,11,16,11/16/2020,7,10.598,100.486,1.08,495.6449278,0.625331018
11/16/2020 7:00,2020,11,16,11/16/2020,8,8.39,100.278,1.08,528.222598,0.666432675
11/16/2020 8:00,2020,11,16,11/16/2020,9,8.325,101.547,1.08,606.9225571,0.765724573
11/16/2020 9:00,2020,11,16,11/16/2020,10,7.417,103.818,1.08,685.6225327,0.865016492
11/16/2020 10:00,2020,11,16,11/16/2020,11,10.277,102.926,1.08,718.200252,0.906118211
11/16/2020 11:00,2020,11,16,11/16/2020,12,8.308,103.383,1.08,718.1646162,0.906073251
11/16/2020 12:00,2020,11,16,11/16/2020,13,9.735,101.544,1.08,718.1289968,0.906028311
11/16/2020 13:00,2020,11,16,11/16/2020,14,11.27,103.389,1.08,718.0933938,0.905983393
11/16/2020 14:00,2020,11,16,11/16/2020,15,11.898,103.181,1.088,718.0578073,0.905938495
11/16/2020 15:00,2020,11,16,11/16/2020,16,12.949,99.819,1.109,718.0222373,0.905893618
11/16/2020 16:00,2020,11,16,11/16/2020,17,12.501,99.366,1.1,717.9866839,0.905848762
11/16/2020 17:00,2020,11,16,11/16/2020,18,15.875,101.905,1.167,717.9511469,0.905803927
11/16/2020 18:00,2020,11,16,11/16/2020,19,16.239,102.367,1.175,717.9156265,0.905759113
11/16/2020 19:00,2020,11,16,11/16/2020,20,16.139,100.767,1.173,648.5962906,0.818302289
11/16/2020 20:00,2020,11,16,11/16/2020,21,18.53,100.247,1.211,579.2769713,0.730845487
11/16/2020 21:00,2020,11,16,11/16/2020,22,17.757,100.413,1.205,579.2415006,0.730800735
11/16/2020 22:00,2020,11,16,11/16/2020,23,18.789,98.53,1.212,579.2060466,0.730756004
11/16/2020 23:00,2020,11,16,11/16/2020,24,16.14,99.613,1.173,537.1054255,0.677639705
11/17/2020 0:00,2020,11,17,11/17/2020,1,16.946,99.997,1.189,495.004821,0.624523427
11/17/2020 1:00,2020,11,17,11/17/2020,2,15.197,99.93,1.154,494.9694169,0.624478759
11/17/2020 2:00,2020,11,17,11/17/2020,3,14.283,100.665,1.136,494.9340296,0.624434113
11/17/2020 3:00,2020,11,17,11/17/2020,4,11.838,99.804,1.087,494.898659,0.624389488
11/17/2020 4:00,2020,11,17,11/17/2020,5,11.643,99.391,1.083,494.8633051,0.624344883
11/17/2020 5:00,2020,11,17,11/17/2020,6,10.502,101.967,1.08,494.8279679,0.6243003
11/17/2020 6:00,2020,11,17,11/17/2020,7,8.552,100.14,1.08,494.7926475,0.624255738
11/17/2020 7:00,2020,11,17,11/17/2020,8,8.174,100.061,1.08,527.3707156,0.665357897
11/17/2020 8:00,2020,11,17,11/17/2020,9,8.65,102.342,1.08,606.071073,0.764650297
11/17/2020 9:00,2020,11,17,11/17/2020,10,8.454,103.58,1.08,684.7714472,0.863942719
11/17/2020 10:00,2020,11,17,11/17/2020,11,7.375,100.974,1.08,717.3495658,0.905044941
11/17/2020 11:00,2020,11,17,11/17/2020,12,8.386,101.228,1.08,717.3143295,0.905000485
11/17/2020 12:00,2020,11,17,11/17/2020,13,9.61,102.886,1.08,717.2791101,0.904956051
11/17/2020 13:00,2020,11,17,11/17/2020,14,10.047,103.414,1.08,717.2439076,0.904911638
11/17/2020 14:00,2020,11,17,11/17/2020,15,11.765,101.807,1.085,717.208722,0.904867246
11/17/2020 15:00,2020,11,17,11/17/2020,16,11.706,100.698,1.084,717.1735533,0.904822875
11/17/2020 16:00,2020,11,17,11/17/2020,17,13.849,103.058,1.127,717.1384016,0.904778526
11/17/2020 17:00,2020,11,17,11/17/2020,18,16.752,100.967,1.185,717.1032669,0.904734198
11/17/2020 18:00,2020,11,17,11/17/2020,19,16.887,102.834,1.188,717.0681491,0.904689892
11/17/2020 19:00,2020,11,17,11/17/2020,20,16.429,101.757,1.179,647.7492163,0.817233577
11/17/2020 20:00,2020,11,17,11/17/2020,21,17.134,100.691,1.193,578.4303005,0.729777283
11/17/2020 21:00,2020,11,17,11/17/2020,22,17.821,99.977,1.206,578.3952338,0.729733041
11/17/2020 22:00,2020,11,17,11/17/2020,23,18.33,101.698,1.211,578.3601841,0.729688821
11/17/2020 23:00,2020,11,17,11/17/2020,24,17.906,99.987,1.208,536.2599678,0.676573033
11/18/2020 0:00,2020,11,18,11/18/2020,1,17.129,101.732,1.193,494.1597686,0.623457266
11/18/2020 1:00,2020,11,18,11/18/2020,2,14.98,100.424,1.15,494.1247702,0.62341311
11/18/2020 2:00,2020,11,18,11/18/2020,3,13.952,100.391,1.129,494.089789,0.623368976
11/18/2020 3:00,2020,11,18,11/18/2020,4,13.413,101.451,1.118,494.0548249,0.623324863
11/18/2020 4:00,2020,11,18,11/18/2020,5,12.284,98.987,1.096,494.019878,0.623280772
11/18/2020 5:00,2020,11,18,11/18/2020,6,9.446,99.073,1.08,493.9849483,0.623236703
11/18/2020 6:00,2020,11,18,11/18/2020,7,9.463,99.072,1.08,493.9500357,0.623192656
11/18/2020 7:00,2020,11,18,11/18/2020,8,9.51,100.382,1.08,526.5285121,0.66429533
11/18/2020 8:00,2020,11,18,11/18/2020,9,7.335,100.805,1.08,605.2292782,0.763588246
11/18/2020 9:00,2020,11,18,11/18/2020,10,7.709,100.587,1.08,683.9300616,0.862881184
11/18/2020 10:00,2020,11,18,11/18/2020,11,7.78,100.805,1.08,716.5085897,0.903983923
11/18/2020 11:00,2020,11,18,11/18/2020,12,7.852,100.496,1.08,716.4737635,0.903939984
11/18/2020 12:00,2020,11,18,11/18/2020,13,9.266,99.786,1.08,716.4389545,0.903896068
11/18/2020 13:00,2020,11,18,11/18/2020,14,9.606,101.266,1.08,716.4041629,0.903852173
11/18/2020 14:00,2020,11,18,11/18/2020,15,10.412,99.18,1.08,716.3693886,0.9038083
11/18/2020 15:00,2020,11,18,11/18/2020,16,12.604,100.702,1.102,716.3346317,0.903764449
11/18/2020 16:00,2020,11,18,11/18/2020,17,15.228,98.395,1.155,716.2998922,0.903720619
11/18/2020 17:00,2020,11,18,11/18/2020,18,16.371,98.401,1.177,716.2651701,0.903676812
11/18/2020 18:00,2020,11,18,11/18/2020,19,16.674,99.652,1.183,716.2304654,0.903633027
11/18/2020 19:00,2020,11,18,11/18/2020,20,17.447,101.543,1.199,646.911946,0.816177234
11/18/2020 20:00,2020,11,18,11/18/2020,21,17.512,100.634,1.2,577.5934441,0.728721463
11/18/2020 21:00,2020,11,18,11/18/2020,22,17.673,101.777,1.203,577.5587917,0.728677743
11/18/2020 22:00,2020,11,18,11/18/2020,23,17.795,98.666,1.206,577.5241569,0.728634046
11/18/2020 23:00,2020,11,18,11/18/2020,24,16.32,100.635,1.176,535.4243557,0.675518782
11/19/2020 0:00,2020,11,19,11/19/2020,1,16.23,100.667,1.175,493.3245721,0.622403539
11/19/2020 1:00,2020,11,19,11/19/2020,2,15.517,100.638,1.16,493.2899898,0.622359908
11/19/2020 2:00,2020,11,19,11/19/2020,3,14.499,100.832,1.14,493.2554251,0.6223163
11/19/2020 3:00,2020,11,19,11/19/2020,4,12.786,100.048,1.106,493.2208779,0.622272713
11/19/2020 4:00,2020,11,19,11/19/2020,5,11.806,99.546,1.086,493.1863483,0.622229149
11/19/2020 5:00,2020,11,19,11/19/2020,6,9.343,100.268,1.08,493.1518364,0.622185607
11/19/2020 6:00,2020,11,19,11/19/2020,7,8.807,99.696,1.08,493.1173421,0.622142087
11/19/2020 7:00,2020,11,19,11/19/2020,8,9.142,100.714,1.08,525.6962371,0.663245289
11/19/2020 8:00,2020,11,19,11/19/2020,9,6.429,100.428,1.08,604.3974222,0.762538734
11/19/2020 9:00,2020,11,19,11/19/2020,10,7.603,100.08,1.08,683.0986251,0.861832201
11/19/2020 10:00,2020,11,19,11/19/2020,11,7.847,100.773,1.08,715.6775731,0.90293547
11/19/2020 11:00,2020,11,19,11/19/2020,12,7.822,98.756,1.08,715.6431672,0.902892062
11/19/2020 12:00,2020,11,19,11/19/2020,13,8.463,99.575,1.08,715.6087791,0.902848676
11/19/2020 13:00,2020,11,19,11/19/2020,14,11.192,100.593,1.08,715.5744086,0.902805312
11/19/2020 14:00,2020,11,19,11/19/2020,15,11.409,99.426,1.08,715.540056,0.902761971
11/19/2020 15:00,2020,11,19,11/19/2020,16,13.511,101.204,1.12,715.5057211,0.902718653
11/19/2020 16:00,2020,11,19,11/19/2020,17,15.296,99.475,1.156,715.4714041,0.902675356
11/19/2020 17:00,2020,11,19,11/19/2020,18,14.399,100.371,1.138,715.4371049,0.902632083
11/19/2020 18:00,2020,11,19,11/19/2020,19,15.231,100.57,1.155,715.4028235,0.902588832
11/19/2020 19:00,2020,11,19,11/19/2020,20,16.623,98.978,1.182,646.0847279,0.815133573
11/19/2020 20:00,2020,11,19,11/19/2020,21,18.621,98.854,1.211,576.7666501,0.727678337
11/19/2020 21:00,2020,11,19,11/19/2020,22,17.868,100.887,1.207,576.7324224,0.727635153
11/19/2020 22:00,2020,11,19,11/19/2020,23,16.932,100.057,1.189,576.6982125,0.727591993
11/19/2020 23:00,2020,11,19,11/19/2020,24,18.077,99.436,1.21,534.5988369,0.674477265
11/20/2020 0:00,2020,11,20,11/20/2020,1,16.418,98.246,1.178,492.4994791,0.621362559
11/20/2020 1:00,2020,11,20,11/20/2020,2,15.574,99.313,1.161,492.4653231,0.621319466
11/20/2020 2:00,2020,11,20,11/20/2020,3,14.383,100.314,1.138,492.4311851,0.621276396
11/20/2020 3:00,2020,11,20,11/20/2020,4,13.075,101.083,1.111,492.3970651,0.621233349
11/20/2020 4:00,2020,11,20,11/20/2020,5,12.239,101.905,1.095,492.3629631,0.621190324
11/20/2020 5:00,2020,11,20,11/20/2020,6,10.217,99.804,1.08,492.3288792,0.621147322
11/20/2020 6:00,2020,11,20,11/20/2020,7,9.434,99.874,1.08,492.2948133,0.621104343
11/20/2020 7:00,2020,11,20,11/20/2020,8,8.532,101.413,1.08,524.8741371,0.662208086
11/20/2020 8:00,2020,11,20,11/20/2020,9,8.99,100.663,1.08,603.5757516,0.761502072
11/20/2020 9:00,2020,11,20,11/20/2020,10,8.169,101.052,1.08,682.2773841,0.860796081
11/20/2020 10:00,2020,11,20,11/20/2020,11,8.147,102.492,1.08,714.8567623,0.901899893
11/20/2020 11:00,2020,11,20,11/20/2020,12,9.942,103.301,1.08,714.8227869,0.901857028
11/20/2020 12:00,2020,11,20,11/20/2020,13,8.918,101.452,1.08,714.7888297,0.901814186
11/20/2020 13:00,2020,11,20,11/20/2020,14,11.109,100.456,1.08,714.7548906,0.901771366
11/20/2020 14:00,2020,11,20,11/20/2020,15,11.205,101.264,1.08,714.7209698,0.90172857
11/20/2020 15:00,2020,11,20,11/20/2020,16,12.479,101.118,1.1,714.6870672,0.901685797
11/20/2020 16:00,2020,11,20,11/20/2020,17,14.866,102.739,1.147,714.6531828,0.901643046
11/20/2020 17:00,2020,11,20,11/20/2020,18,15.32,101.601,1.156,714.6193166,0.901600319
11/20/2020 18:00,2020,11,20,11/20/2020,19,18.426,101.947,1.211,714.5854687,0.901557615
11/20/2020 19:00,2020,11,20,11/20/2020,20,17.342,101.39,1.197,645.267807,0.814102904
11/20/2020 20:00,2020,11,20,11/20/2020,21,17.468,99.038,1.199,575.9501636,0.726648216
11/20/2020 21:00,2020,11,20,11/20/2020,22,17.947,100.523,1.209,575.9163706,0.726605581
11/20/2020 22:00,2020,11,20,11/20/2020,23,17.903,100.467,1.208,575.8825959,0.726562969
11/20/2020 23:00,2020,11,20,11/20/2020,24,15.182,99.342,1.154,533.7836558,0.673448791
11/21/2020 0:00,2020,11,21,11/21/2020,1,16.806,100.855,1.186,491.6847341,0.620334635
11/21/2020 1:00,2020,11,21,11/21/2020,2,14.588,98.771,1.142,491.6510145,0.620292093
11/21/2020 2:00,2020,11,21,11/21/2020,3,14.139,99.192,1.133,491.6173134,0.620249574
11/21/2020 3:00,2020,11,21,11/21/2020,4,12.991,99.931,1.11,491.5836306,0.620207078
11/21/2020 4:00,2020,11,21,11/21/2020,5,11.467,99.841,1.08,491.5499663,0.620164605
11/21/2020 5:00,2020,11,21,11/21/2020,6,10.965,97.691,1.08,491.5163205,0.620122156
11/21/2020 6:00,2020,11,21,11/21/2020,7,9.581,98.404,1.08,491.4826931,0.62007973
11/21/2020 7:00,2020,11,21,11/21/2020,8,9.282,98.869,1.08,524.0624558,0.661184027
11/21/2020 8:00,2020,11,21,11/21/2020,9,8.028,102.591,1.08,602.7645096,0.760478568
11/21/2020 9:00,2020,11,21,11/21/2020,10,7.41,103.273,1.08,681.466582,0.859773132
11/21/2020 10:00,2020,11,21,11/21/2020,11,8.741,99.821,1.08,714.0464003,0.900877499
11/21/2020 11:00,2020,11,21,11/21/2020,12,9.074,102.023,1.08,714.0128656,0.90083519
11/21/2020 12:00,2020,11,21,11/21/2020,13,10.097,100.914,1.08,713.9793494,0.900792904
11/21/2020 13:00,2020,11,21,11/21/2020,14,10.61,101.209,1.08,713.9458518,0.900750641
11/21/2020 14:00,2020,11,21,11/21/2020,15,10.183,102.683,1.08,713.9123728,0.900708403
11/21/2020 15:00,2020,11,21,11/21/2020,16,12.749,100.735,1.105,713.8789124,0.900666187
11/21/2020 16:00,2020,11,21,11/21/2020,17,14.474,104.179,1.139,713.8454707,0.900623996
11/21/2020 17:00,2020,11,21,11/21/2020,18,14.69,101.952,1.144,713.8120476,0.900581827
11/21/2020 18:00,2020,11,21,11/21/2020,19,17.657,102.119,1.203,713.7786432,0.900539683
11/21/2020 19:00,2020,11,21,11/21/2020,20,17.404,102.209,1.198,644.4614255,0.813085532
11/21/2020 20:00,2020,11,21,11/21/2020,21,17.484,99.303,1.2,575.1442264,0.725631404
11/21/2020 21:00,2020,11,21,11/21/2020,22,18.046,100.111,1.21,575.1108782,0.72558933
11/21/2020 22:00,2020,11,21,11/21/2020,23,17.285,99.061,1.196,575.0775487,0.72554728
11/21/2020 23:00,2020,11,21,11/21/2020,24,16.736,100.25,1.185,532.9790542,0.672433664
11/22/2020 0:00,2020,11,22,11/22/2020,1,16.418,100.4,1.178,490.8805785,0.619320071
11/22/2020 1:00,2020,11,22,11/22/2020,2,14.624,100.67,1.142,490.8473053,0.619278092
11/22/2020 2:00,2020,11,22,11/22/2020,3,13.799,100.577,1.126,490.814051,0.619236137
11/22/2020 3:00,2020,11,22,11/22/2020,4,11.778,98.894,1.086,490.7808155,0.619194205
11/22/2020 4:00,2020,11,22,11/22/2020,5,12.085,100.757,1.092,490.7475988,0.619152298
11/22/2020 5:00,2020,11,22,11/22/2020,6,10.35,99.959,1.08,490.714401,0.619110414
11/22/2020 6:00,2020,11,22,11/22/2020,7,9.5,99.113,1.08,490.6812221,0.619068553
11/22/2020 7:00,2020,11,22,11/22/2020,8,7.496,100.381,1.08,523.2614338,0.660173417
11/22/2020 8:00,2020,11,22,11/22/2020,9,7.567,102.075,1.08,601.9639369,0.759468524
11/22/2020 9:00,2020,11,22,11/22/2020,10,5.742,102.259,1.08,680.666459,0.858763656
11/22/2020 10:00,2020,11,22,11/22/2020,11,7.092,103.153,1.08,713.2467274,0.89986859
11/22/2020 11:00,2020,11,22,11/22/2020,12,8.429,101.898,1.08,713.2136432,0.89982685
11/22/2020 12:00,2020,11,22,11/22/2020,13,9.39,101.77,1.08,713.180578,0.899785133
11/22/2020 13:00,2020,11,22,11/22/2020,14,9.566,100.781,1.08,713.1475317,0.89974344
11/22/2020 14:00,2020,11,22,11/22/2020,15,11.557,102.84,1.081,713.1145045,0.899701771
11/22/2020 15:00,2020,11,22,11/22/2020,16,13.532,103.374,1.121,713.0814963,0.899660126
11/22/2020 16:00,2020,11,22,11/22/2020,17,15.051,101.465,1.151,713.0485072,0.899618506
11/22/2020 17:00,2020,11,22,11/22/2020,18,14.966,102.451,1.149,713.0155372,0.899576909
11/22/2020 18:00,2020,11,22,11/22/2020,19,16.708,101.766,1.184,712.9825862,0.899535336
11/22/2020 19:00,2020,11,22,11/22/2020,20,16.654,102.034,1.183,643.6658222,0.812081758
11/22/2020 20:00,2020,11,22,11/22/2020,21,16.71,98.775,1.184,574.3490774,0.724628203
11/22/2020 21:00,2020,11,22,11/22/2020,22,19.116,97.627,1.212,574.3161838,0.724586703
11/22/2020 22:00,2020,11,22,11/22/2020,23,16.771,100.19,1.185,574.2833094,0.724545227
11/22/2020 23:00,2020,11,22,11/22/2020,24,15.809,98.969,1.166,532.1852703,0.671432186
11/23/2020 0:00,2020,11,23,11/23/2020,1,15.689,99.998,1.164,490.0872505,0.618319168
11/23/2020 1:00,2020,11,23,11/23/2020,2,15.081,100.603,1.152,490.0544336,0.618277765
11/23/2020 2:00,2020,11,23,11/23/2020,3,13.813,100.642,1.126,490.021636,0.618236386
11/23/2020 3:00,2020,11,23,11/23/2020,4,11.935,100.2,1.089,489.9888576,0.618195031
11/23/2020 4:00,2020,11,23,11/23/2020,5,12.039,100.641,1.091,489.9560984,0.6181537
11/23/2020 5:00,2020,11,23,11/23/2020,6,8.32,100.104,1.08,489.9233585,0.618112394
11/23/2020 6:00,2020,11,23,11/23/2020,7,9.264,100.71,1.08,489.8906379,0.618071112
11/23/2020 7:00,2020,11,23,11/23/2020,8,9.533,99.262,1.08,522.4713083,0.659176554
11/23/2020 8:00,2020,11,23,11/23/2020,9,7.974,102.259,1.08,601.1742706,0.758472241
11/23/2020 9:00,2020,11,23,11/23/2020,10,7.418,103.504,1.08,679.8772521,0.857767952
11/23/2020 10:00,2020,11,23,11/23/2020,11,7.735,101.104,1.08,712.4579806,0.898873467
11/23/2020 11:00,2020,11,23,11/23/2020,12,8.438,100.097,1.08,712.4253567,0.898832307
11/23/2020 12:00,2020,11,23,11/23/2020,13,9.834,101.08,1.08,712.3927522,0.898791172
11/23/2020 13:00,2020,11,23,11/23/2020,14,9.299,101.806,1.08,712.3601671,0.898750061
11/23/2020 14:00,2020,11,23,11/23/2020,15,10.678,102.386,1.08,712.3276015,0.898708974
11/23/2020 15:00,2020,11,23,11/23/2020,16,12.108,102.954,1.092,712.2950552,0.898667912
11/23/2020 16:00,2020,11,23,11/23/2020,17,13.298,103.08,1.116,712.2625285,0.898626875
11/23/2020 17:00,2020,11,23,11/23/2020,18,16.383,102.553,1.178,712.2300212,0.898585862
11/23/2020 18:00,2020,11,23,11/23/2020,19,16.597,100.55,1.182,712.1975334,0.898544874
11/23/2020 19:00,2020,11,23,11/23/2020,20,18.94,102.835,1.212,642.8812331,0.81109188
11/23/2020 20:00,2020,11,23,11/23/2020,21,17.629,100.946,1.203,573.5649522,0.723638911
11/23/2020 21:00,2020,11,23,11/23/2020,22,17.764,98.555,1.205,573.532523,0.723597997
11/23/2020 22:00,2020,11,23,11/23/2020,23,16.968,99.125,1.189,573.5001134,0.723557107
11/23/2020 23:00,2020,11,23,11/23/2020,24,16.695,99.364,1.184,531.4025395,0.670444652
11/24/2020 0:00,2020,11,24,11/24/2020,1,17.034,101.068,1.191,489.3049853,0.617332222
11/24/2020 1:00,2020,11,24,11/24/2020,2,17.311,101.499,1.196,489.2726344,0.617291407
11/24/2020 2:00,2020,11,24,11/24/2020,3,13.889,99.233,1.128,489.2403032,0.617250616
11/24/2020 3:00,2020,11,24,11/24/2020,4,12.1,98.807,1.092,489.2079916,0.61720985
11/24/2020 4:00,2020,11,24,11/24/2020,5,11.839,99.003,1.087,489.1756996,0.617169109
11/24/2020 5:00,2020,11,24,11/24/2020,6,9.803,101.566,1.08,489.1434273,0.617128393
11/24/2020 6:00,2020,11,24,11/24/2020,7,9.749,99.233,1.08,489.1111748,0.617087701
11/24/2020 7:00,2020,11,24,11/24/2020,8,7.627,102.108,1.08,521.6923136,0.658193734
11/24/2020 8:00,2020,11,24,11/24/2020,9,9.129,102.56,1.08,600.3957446,0.757490012
11/24/2020 9:00,2020,11,24,11/24/2020,10,8.038,100.646,1.08,679.0991954,0.856786316
11/24/2020 10:00,2020,11,24,11/24/2020,11,8.212,101.279,1.08,711.6803934,0.897892423
11/24/2020 11:00,2020,11,24,11/24/2020,12,8.063,101.946,1.08,711.6482396,0.897851856
11/24/2020 12:00,2020,11,24,11/24/2020,13,8.686,102.226,1.08,711.6161055,0.897811314
11/24/2020 13:00,2020,11,24,11/24/2020,14,8.626,101.652,1.08,711.5839912,0.897770797
11/24/2020 14:00,2020,11,24,11/24/2020,15,11.139,102.43,1.08,711.5518968,0.897730305
11/24/2020 15:00,2020,11,24,11/24/2020,16,12.289,104.07,1.096,711.5198222,0.897689838
11/24/2020 16:00,2020,11,24,11/24/2020,17,14.872,100.343,1.147,711.4877674,0.897649396
11/24/2020 17:00,2020,11,24,11/24/2020,18,15.804,101.368,1.166,711.4557326,0.89760898
11/24/2020 18:00,2020,11,24,11/24/2020,19,15.719,101.353,1.164,711.4237176,0.897568588
11/24/2020 19:00,2020,11,24,11/24/2020,20,15.734,102.269,1.165,642.1078904,0.810116191
11/24/2020 20:00,2020,11,24,11/24/2020,21,17.691,99.146,1.204,572.7920832,0.72266382
11/24/2020 21:00,2020,11,24,11/24/2020,22,18.883,101.142,1.212,572.760128,0.722623503
11/24/2020 22:00,2020,11,24,11/24/2020,23,18.171,100.503,1.21,572.7281927,0.722583212
11/24/2020 23:00,2020,11,24,11/24/2020,24,17.014,98.872,1.19,530.6310937,0.669471357
11/25/2020 0:00,2020,11,25,11/25/2020,1,16.74,100.394,1.185,488.5340146,0.616359526
11/25/2020 1:00,2020,11,25,11/25/2020,2,15.08,99.455,1.152,488.5021393,0.616319311
11/25/2020 2:00,2020,11,25,11/25/2020,3,15.005,99.731,1.15,488.4702841,0.616279121
11/25/2020 3:00,2020,11,25,11/25/2020,4,14.332,99.813,1.137,488.4384488,0.616238956
11/25/2020 4:00,2020,11,25,11/25/2020,5,12.043,100.199,1.091,488.4066337,0.616198816
11/25/2020 5:00,2020,11,25,11/25/2020,6,9.454,101.119,1.08,488.3748386,0.616158702
11/25/2020 6:00,2020,11,25,11/25/2020,7,7.939,99.661,1.08,488.3430636,0.616118613
11/25/2020 7:00,2020,11,25,11/25/2020,8,8.614,99.417,1.08,520.9246803,0.657225249
11/25/2020 8:00,2020,11,25,11/25/2020,9,8.038,100.132,1.08,599.6285897,0.756522131
11/25/2020 9:00,2020,11,25,11/25/2020,10,7.929,99.053,1.08,678.3325193,0.855819038
11/25/2020 10:00,2020,11,25,11/25/2020,11,5.825,99.082,1.08,710.9141965,0.89692575
11/25/2020 11:00,2020,11,25,11/25/2020,12,8.396,101.234,1.08,710.8825221,0.896885788
11/25/2020 12:00,2020,11,25,11/25/2020,13,9,99.335,1.08,710.850868,0.896845851
11/25/2020 13:00,2020,11,25,11/25/2020,14,10.559,102.019,1.08,710.8192341,0.89680594
11/25/2020 14:00,2020,11,25,11/25/2020,15,11.987,98.351,1.09,710.7876203,0.896766055
11/25/2020 15:00,2020,11,25,11/25/2020,16,12.565,99.783,1.101,710.7560268,0.896726195
11/25/2020 16:00,2020,11,25,11/25/2020,17,12.822,99.989,1.106,710.7244536,0.896686361
11/25/2020 17:00,2020,11,25,11/25/2020,18,14.841,101.384,1.147,710.6929006,0.896646552
11/25/2020 18:00,2020,11,25,11/25/2020,19,17.364,100.879,1.197,710.661368,0.896606769
11/25/2020 19:00,2020,11,25,11/25/2020,20,17.057,99.02,1.191,641.3460235,0.809154981
11/25/2020 20:00,2020,11,25,11/25/2020,21,17.86,99.873,1.207,572.0306993,0.721703219
11/25/2020 21:00,2020,11,25,11/25/2020,22,18.926,99.908,1.212,571.9992276,0.721663513
11/25/2020 22:00,2020,11,25,11/25/2020,23,18.378,99.333,1.211,571.9677762,0.721623832
11/25/2020 23:00,2020,11,25,11/25/2020,24,18.201,99.669,1.21,529.8711614,0.668512587
11/26/2020 0:00,2020,11,26,11/26/2020,1,17.189,99.07,1.194,487.774567,0.615401368
11/26/2020 1:00,2020,11,26,11/26/2020,2,14.465,100.17,1.139,487.7431767,0.615361765
11/26/2020 2:00,2020,11,26,11/26/2020,3,13.512,99.691,1.12,487.7118069,0.615322187
11/26/2020 3:00,2020,11,26,11/26/2020,4,13.429,98.837,1.119,487.6804575,0.615282635
11/26/2020 4:00,2020,11,26,11/26/2020,5,11.623,100.619,1.082,487.6491285,0.615243109
11/26/2020 5:00,2020,11,26,11/26/2020,6,10.382,100.908,1.08,487.61782,0.615203608
11/26/2020 6:00,2020,11,26,11/26/2020,7,9.422,101.653,1.08,487.586532,0.615164134
11/26/2020 7:00,2020,11,26,11/26/2020,8,9.368,100.884,1.08,520.1686361,0.656271385
11/26/2020 8:00,2020,11,26,11/26/2020,9,6.381,101.047,1.08,598.8730333,0.755568882
11/26/2020 9:00,2020,11,26,11/26/2020,10,7.613,100.33,1.08,677.577451,0.854866405
11/26/2020 10:00,2020,11,26,11/26/2020,11,7.882,101.465,1.08,710.1596167,0.895973733
11/26/2020 11:00,2020,11,26,11/26/2020,12,9.328,101.285,1.08,710.1284313,0.895934388
11/26/2020 12:00,2020,11,26,11/26/2020,13,9.944,98.655,1.08,710.0972665,0.895895069
11/26/2020 13:00,2020,11,26,11/26/2020,14,10.388,100.062,1.08,710.0661222,0.895855776
11/26/2020 14:00,2020,11,26,11/26/2020,15,10.963,100.766,1.08,710.0349986,0.895816509
11/26/2020 15:00,2020,11,26,11/26/2020,16,12.816,100.321,1.106,710.0038956,0.895777268
11/26/2020 16:00,2020,11,26,11/26/2020,17,16.285,99.632,1.176,709.9728132,0.895738053
11/26/2020 17:00,2020,11,26,11/26/2020,18,16.134,99.223,1.173,709.9417515,0.895698864
11/26/2020 18:00,2020,11,26,11/26/2020,19,17.011,101.106,1.19,709.9107104,0.895659701
11/26/2020 19:00,2020,11,26,11/26/2020,20,17.963,100.392,1.209,640.595858,0.808208534
11/26/2020 20:00,2020,11,26,11/26/2020,21,17.404,100.981,1.198,571.2810262,0.720757393
11/26/2020 21:00,2020,11,26,11/26/2020,22,18.369,100.855,1.211,571.2500473,0.720718308
11/26/2020 22:00,2020,11,26,11/26/2020,23,19.532,100.076,1.213,571.2190891,0.72067925
11/26/2020 23:00,2020,11,26,11/26/2020,24,17.808,99.783,1.206,529.1229678,0.667568628
11/27/2020 0:00,2020,11,27,11/27/2020,1,15.622,100.931,1.162,487.0268674,0.614458032
11/27/2020 1:00,2020,11,27,11/27/2020,2,15.729,100.672,1.165,486.9959715,0.614419052
11/27/2020 2:00,2020,11,27,11/27/2020,3,14.677,99.986,1.144,486.9650963,0.614380099
11/27/2020 3:00,2020,11,27,11/27/2020,4,13.541,99.597,1.121,486.934242,0.614341171
11/27/2020 4:00,2020,11,27,11/27/2020,5,11.864,98.654,1.087,486.9034086,0.61430227
11/27/2020 5:00,2020,11,27,11/27/2020,6,10.967,98.089,1.08,486.8725959,0.614263395
11/27/2020 6:00,2020,11,27,11/27/2020,7,10.538,99.789,1.08,486.8418041,0.614224547
11/27/2020 7:00,2020,11,27,11/27/2020,8,9.732,98.882,1.08,519.4244049,0.655332424
11/27/2020 8:00,2020,11,27,11/27/2020,9,7.985,101.49,1.08,598.1292991,0.754630549
11/27/2020 9:00,2020,11,27,11/27/2020,10,8.377,102.847,1.08,676.8342142,0.853928699
11/27/2020 10:00,2020,11,27,11/27/2020,11,6.653,100.745,1.08,709.4168777,0.895036656
11/27/2020 11:00,2020,11,27,11/27/2020,12,7.881,101.77,1.08,709.3861905,0.894997939
11/27/2020 12:00,2020,11,27,11/27/2020,13,8.782,101.026,1.08,709.3555242,0.894959249
11/27/2020 13:00,2020,11,27,11/27/2020,14,10.243,101.697,1.08,709.3248789,0.894920585
11/27/2020 14:00,2020,11,27,11/27/2020,15,10.49,99.985,1.08,709.2942546,0.894881948
11/27/2020 15:00,2020,11,27,11/27/2020,16,12.936,101.491,1.109,709.2636512,0.894843338
11/27/2020 16:00,2020,11,27,11/27/2020,17,13.47,100.341,1.119,709.233069,0.894804753
11/27/2020 17:00,2020,11,27,11/27/2020,18,14.34,101.173,1.137,709.2025077,0.894766196
11/27/2020 18:00,2020,11,27,11/27/2020,19,14.819,101.751,1.146,709.1719675,0.894727665
11/27/2020 19:00,2020,11,27,11/27/2020,20,16.791,102.373,1.186,639.8576162,0.80727713
11/27/2020 20:00,2020,11,27,11/27/2020,21,18.006,99.89,1.21,570.5432861,0.719826622
11/27/2020 21:00,2020,11,27,11/27/2020,22,18.294,100.601,1.211,570.5128091,0.719788171
11/27/2020 22:00,2020,11,27,11/27/2020,23,18.22,99.062,1.21,570.4823532,0.719749746
11/27/2020 23:00,2020,11,27,11/27/2020,24,17.154,100.518,1.193,528.3867347,0.666639759
11/28/2020 0:00,2020,11,28,11/28/2020,1,16.691,100.075,1.184,486.2911374,0.613529798
11/28/2020 1:00,2020,11,28,11/28/2020,2,15.229,99.371,1.155,486.260745,0.613491453
11/28/2020 2:00,2020,11,28,11/28/2020,3,13.752,100.828,1.125,486.2303737,0.613453135
11/28/2020 3:00,2020,11,28,11/28/2020,4,11.834,99.688,1.087,486.2000237,0.613414844
11/28/2020 4:00,2020,11,28,11/28/2020,5,10.937,98.885,1.08,486.1696948,0.613376579
11/28/2020 5:00,2020,11,28,11/28/2020,6,9.582,100.136,1.08,486.1393872,0.613338342
11/28/2020 6:00,2020,11,28,11/28/2020,7,9.907,101.411,1.08,486.1091008,0.613300131
11/28/2020 7:00,2020,11,28,11/28/2020,8,7.852,100.222,1.08,518.6922073,0.654408646
11/28/2020 8:00,2020,11,28,11/28/2020,9,8.473,101.133,1.08,597.3976076,0.753707409
11/28/2020 9:00,2020,11,28,11/28/2020,10,7.512,101.729,1.08,676.1030292,0.853006199
11/28/2020 10:00,2020,11,28,11/28/2020,11,9.025,101.584,1.08,708.6861996,0.894114795
11/28/2020 11:00,2020,11,28,11/28/2020,12,7.572,103.21,1.08,708.6560196,0.894076718
11/28/2020 12:00,2020,11,28,11/28/2020,13,8.168,100.838,1.08,708.625861,0.894038669
11/28/2020 13:00,2020,11,28,11/28/2020,14,10.919,100.68,1.08,708.5957237,0.894000646
11/28/2020 14:00,2020,11,28,11/28/2020,15,11.958,101.117,1.089,708.5656078,0.89396265
11/28/2020 15:00,2020,11,28,11/28/2020,16,12.793,100.564,1.106,708.5355132,0.893924681
11/28/2020 16:00,2020,11,28,11/28/2020,17,14.503,101.432,1.14,708.50544,0.89388674
11/28/2020 17:00,2020,11,28,11/28/2020,18,15.089,102.456,1.152,708.4753883,0.893848825
11/28/2020 18:00,2020,11,28,11/28/2020,19,16.394,103.752,1.178,708.445358,0.893810937
11/28/2020 19:00,2020,11,28,11/28/2020,20,15.66,102.627,1.163,639.131517,0.806361046
11/28/2020 20:00,2020,11,28,11/28/2020,21,17.93,100.994,1.209,569.8176975,0.718911182
11/28/2020 21:00,2020,11,28,11/28/2020,22,17.131,99.417,1.193,569.7877315,0.718873376
11/28/2020 22:00,2020,11,28,11/28/2020,23,19.486,99.19,1.213,569.757787,0.718835596
11/28/2020 23:00,2020,11,28,11/28/2020,24,18.579,99.766,1.211,527.6626803,0.665726254
11/29/2020 0:00,2020,11,29,11/29/2020,1,14.854,100.9,1.147,485.567595,0.61261694
11/29/2020 1:00,2020,11,29,11/29/2020,2,14.786,99.19,1.146,485.5377151,0.612579241
11/29/2020 2:00,2020,11,29,11/29/2020,3,13.76,99.509,1.125,485.5078567,0.612541571
11/29/2020 3:00,2020,11,29,11/29/2020,4,12.029,101.064,1.091,485.4780199,0.612503927
11/29/2020 4:00,2020,11,29,11/29/2020,5,11.618,100.99,1.082,485.4482047,0.612466311
11/29/2020 5:00,2020,11,29,11/29/2020,6,10.212,99.411,1.08,485.418411,0.612428721
11/29/2020 6:00,2020,11,29,11/29/2020,7,10.089,101.185,1.08,485.388639,0.612391159
11/29/2020 7:00,2020,11,29,11/29/2020,8,10.052,99.591,1.08,517.9722602,0.653500324
11/29/2020 8:00,2020,11,29,11/29/2020,9,6.784,103.268,1.08,596.6781756,0.752799737
11/29/2020 9:00,2020,11,29,11/29/2020,10,8.766,101.419,1.08,675.3841127,0.852099177
11/29/2020 10:00,2020,11,29,11/29/2020,11,7.599,101.859,1.08,707.9677989,0.893208424
11/29/2020 11:00,2020,11,29,11/29/2020,12,8.914,102.914,1.08,707.9381351,0.893170999
11/29/2020 12:00,2020,11,29,11/29/2020,13,10.479,100.221,1.08,707.9084931,0.893133601
11/29/2020 13:00,2020,11,29,11/29/2020,14,10.745,103.479,1.08,707.8788727,0.89309623
11/29/2020 14:00,2020,11,29,11/29/2020,15,11.849,103.384,1.087,707.8492741,0.893058887
11/29/2020 15:00,2020,11,29,11/29/2020,16,12.72,102.35,1.104,707.8196972,0.893021571
11/29/2020 16:00,2020,11,29,11/29/2020,17,15.055,102.844,1.151,707.7901421,0.892984283
11/29/2020 17:00,2020,11,29,11/29/2020,18,15.069,101.274,1.151,707.7606088,0.892947022
11/29/2020 18:00,2020,11,29,11/29/2020,19,17.033,103.937,1.191,707.7310972,0.892909789
11/29/2020 19:00,2020,11,29,11/29/2020,20,17.916,101.482,1.208,638.4177754,0.805460553
11/29/2020 20:00,2020,11,29,11/29/2020,21,17.374,98.723,1.197,569.1044754,0.718011345
11/29/2020 21:00,2020,11,29,11/29/2020,22,19.17,99.172,1.213,569.0750293,0.717974194
11/29/2020 22:00,2020,11,29,11/29/2020,23,18.243,101.16,1.211,569.0456051,0.717937071
11/29/2020 23:00,2020,11,29,11/29/2020,24,17.374,102.141,1.197,526.9510189,0.664828386
11/30/2020 0:00,2020,11,30,11/30/2020,1,16.399,100.268,1.178,484.8564547,0.611719728
11/30/2020 1:00,2020,11,30,11/30/2020,2,15.657,98.815,1.163,484.8270961,0.611682688
11/30/2020 2:00,2020,11,30,11/30/2020,3,13.879,101.219,1.128,484.7977594,0.611645676
11/30/2020 3:00,2020,11,30,11/30/2020,4,11.869,98.632,1.087,484.7684447,0.611608691
11/30/2020 4:00,2020,11,30,11/30/2020,5,11.197,100.161,1.08,484.7391519,0.611571733
11/30/2020 5:00,2020,11,30,11/30/2020,6,12.649,100.549,1.103,484.7098811,0.611534804
11/30/2020 6:00,2020,11,30,11/30/2020,7,9.475,100.234,1.08,484.6806322,0.611497902
11/30/2020 7:00,2020,11,30,11/30/2020,8,7.603,100.617,1.08,517.264777,0.652607727
11/30/2020 8:00,2020,11,30,11/30/2020,9,7.684,103.118,1.08,595.9712163,0.751907801
11/30/2020 9:00,2020,11,30,11/30/2020,10,7.749,103.049,1.08,674.6776776,0.851207902
11/30/2020 10:00,2020,11,30,11/30/2020,11,8.719,102.88,1.08,707.2618885,0.892317811
11/30/2020 11:00,2020,11,30,11/30/2020,12,8.347,99.332,1.08,707.2327497,0.892281048
11/30/2020 12:00,2020,11,30,11/30/2020,13,8.87,101.538,1.08,707.203633,0.892244313
11/30/2020 13:00,2020,11,30,11/30/2020,14,9.414,101.611,1.08,707.1745384,0.892207606
11/30/2020 14:00,2020,11,30,11/30/2020,15,11.751,102.364,1.085,707.1454658,0.892170926
11/30/2020 15:00,2020,11,30,11/30/2020,16,12.311,102.243,1.096,707.1164154,0.892134275
11/30/2020 16:00,2020,11,30,11/30/2020,17,13.173,100.735,1.113,707.0873871,0.892097651
11/30/2020 17:00,2020,11,30,11/30/2020,18,15.715,102.09,1.164,707.0583809,0.892061056
11/30/2020 18:00,2020,11,30,11/30/2020,19,16.202,100.488,1.174,707.0293969,0.892024488
11/30/2020 19:00,2020,11,30,11/30/2020,20,17.731,102.535,1.205,637.716603,0.804575918
11/30/2020 20:00,2020,11,30,11/30/2020,21,18.101,102.817,1.21,568.4038312,0.717127376
11/30/2020 21:00,2020,11,30,11/30/2020,22,17.682,99.007,1.204,568.3749137,0.717090893
11/30/2020 22:00,2020,11,30,11/30/2020,23,18.062,98.713,1.21,568.3460185,0.717054437
11/30/2020 23:00,2020,11,30,11/30/2020,24,18.692,99.648,1.212,526.2519617,0.66394642
12/1/2020 0:00,2020,12,1,12/1/2020,1,12.275,101.443,1.096,459.5566731,0.579800229
12/1/2020 1:00,2020,12,1,12/1/2020,2,11.616,101.988,1.082,459.5278446,0.579763857
12/1/2020 2:00,2020,12,1,12/1/2020,3,11.233,99.652,1.08,459.4990383,0.579727514
12/1/2020 3:00,2020,12,1,12/1/2020,4,10.252,100.372,1.08,459.4702543,0.579691198
12/1/2020 4:00,2020,12,1,12/1/2020,5,9.338,99.311,1.08,459.4414927,0.579654911
12/1/2020 5:00,2020,12,1,12/1/2020,6,7.055,101.03,1.08,459.4127533,0.579618652
12/1/2020 6:00,2020,12,1,12/1/2020,7,7.582,99.114,1.08,459.3840363,0.579582421
12/1/2020 7:00,2020,12,1,12/1/2020,8,6.319,98.791,1.08,489.0209922,0.616973922
12/1/2020 8:00,2020,12,1,12/1/2020,9,5.591,100.323,1.08,560.6115358,0.707296218
12/1/2020 9:00,2020,12,1,12/1/2020,10,4.272,100.396,1.08,632.2021018,0.797618541
12/1/2020 10:00,2020,12,1,12/1/2020,11,6.475,101.763,1.08,661.8391248,0.835010127
12/1/2020 11:00,2020,12,1,12/1/2020,12,5.432,101.602,1.08,661.8105196,0.834974037
12/1/2020 12:00,2020,12,1,12/1/2020,13,6.077,101.547,1.08,661.7819369,0.834937976
12/1/2020 13:00,2020,12,1,12/1/2020,14,8.197,102.154,1.08,661.7533766,0.834901943
12/1/2020 14:00,2020,12,1,12/1/2020,15,9.011,102.289,1.08,661.7248388,0.834865938
12/1/2020 15:00,2020,12,1,12/1/2020,16,10.196,101.211,1.08,661.6963234,0.834829961
12/1/2020 16:00,2020,12,1,12/1/2020,17,13.017,100.41,1.11,661.6678305,0.834794013
12/1/2020 17:00,2020,12,1,12/1/2020,18,11.611,102.545,1.082,661.6393601,0.834758093
12/1/2020 18:00,2020,12,1,12/1/2020,19,14.101,103.317,1.132,661.6109122,0.834722202
12/1/2020 19:00,2020,12,1,12/1/2020,20,14.135,103.134,1.133,598.5607921,0.755174942
12/1/2020 20:00,2020,12,1,12/1/2020,21,16.269,99.407,1.175,535.5106945,0.675627711
12/1/2020 21:00,2020,12,1,12/1/2020,22,14.805,98.919,1.146,535.4823142,0.675591905
12/1/2020 22:00,2020,12,1,12/1/2020,23,14.231,101.296,1.135,535.4539565,0.675556127
12/1/2020 23:00,2020,12,1,12/1/2020,24,13.735,100.925,1.125,497.1624496,0.627245602
12/2/2020 0:00,2020,12,2,12/2/2020,1,12.939,101.723,1.109,458.8709653,0.578935105
12/2/2020 1:00,2020,12,2,12/2/2020,2,11.509,100.032,1.08,458.8426753,0.578899412
12/2/2020 2:00,2020,12,2,12/2/2020,3,12.285,100.852,1.096,458.814408,0.578863749
12/2/2020 3:00,2020,12,2,12/2/2020,4,9.593,99.532,1.08,458.7861633,0.578828114
12/2/2020 4:00,2020,12,2,12/2/2020,5,8.705,100.104,1.08,458.7579413,0.578792508
12/2/2020 5:00,2020,12,2,12/2/2020,6,7.84,99.969,1.08,458.7297419,0.57875693
12/2/2020 6:00,2020,12,2,12/2/2020,7,7.179,100.234,1.08,458.7015653,0.578721381
12/2/2020 7:00,2020,12,2,12/2/2020,8,6.681,101.089,1.08,488.3390619,0.616113564
12/2/2020 8:00,2020,12,2,12/2/2020,9,6.924,99.162,1.08,559.9301465,0.706436542
12/2/2020 9:00,2020,12,2,12/2/2020,10,5.2,100.421,1.08,631.5212539,0.796759549
12/2/2020 10:00,2020,12,2,12/2/2020,11,5.968,100.909,1.08,661.1588187,0.834151818
12/2/2020 11:00,2020,12,2,12/2/2020,12,4.852,98.345,1.08,661.1307556,0.834116412
12/2/2020 12:00,2020,12,2,12/2/2020,13,6.296,99.73,1.08,661.1027154,0.834081035
12/2/2020 13:00,2020,12,2,12/2/2020,14,7.762,99.382,1.08,661.0746979,0.834045687
12/2/2020 14:00,2020,12,2,12/2/2020,15,8.638,101.139,1.08,661.0467032,0.834010367
12/2/2020 15:00,2020,12,2,12/2/2020,16,10.896,100.474,1.08,661.0187313,0.833975076
12/2/2020 16:00,2020,12,2,12/2/2020,17,11.592,99.698,1.082,660.9907823,0.833939814
12/2/2020 17:00,2020,12,2,12/2/2020,18,12.482,99.253,1.1,660.962856,0.833904581
12/2/2020 18:00,2020,12,2,12/2/2020,19,12.77,98.748,1.105,660.9349527,0.833869377
12/2/2020 19:00,2020,12,2,12/2/2020,20,13.783,98.713,1.126,597.8853775,0.754322805
12/2/2020 20:00,2020,12,2,12/2/2020,21,14.633,99.478,1.143,534.8358252,0.674776261
12/2/2020 21:00,2020,12,2,12/2/2020,22,16.164,101.006,1.173,534.8079905,0.674741144
12/2/2020 22:00,2020,12,2,12/2/2020,23,14.635,100.248,1.143,534.7801787,0.674706055
12/2/2020 23:00,2020,12,2,12/2/2020,24,13.47,101.366,1.119,496.489218,0.626396218
12/3/2020 0:00,2020,12,3,12/3/2020,1,13.947,99.982,1.129,458.1982803,0.578086411
12/3/2020 1:00,2020,12,3,12/3/2020,2,12.369,98.553,1.097,458.1705374,0.578051409
12/3/2020 2:00,2020,12,3,12/3/2020,3,9.524,100.966,1.08,458.1428174,0.578016436
12/3/2020 3:00,2020,12,3,12/3/2020,4,9.401,100.607,1.08,458.1151204,0.577981492
12/3/2020 4:00,2020,12,3,12/3/2020,5,8.855,99.852,1.08,458.0874464,0.577946577
12/3/2020 5:00,2020,12,3,12/3/2020,6,7.457,99.039,1.08,458.0597954,0.577911691
12/3/2020 6:00,2020,12,3,12/3/2020,7,7.032,99.233,1.08,458.0321674,0.577876834
12/3/2020 7:00,2020,12,3,12/3/2020,8,6.452,99.189,1.08,487.670213,0.61526971
12/3/2020 8:00,2020,12,3,12/3/2020,9,5.239,99.419,1.08,559.2618471,0.705593381
12/3/2020 9:00,2020,12,3,12/3/2020,10,6.185,100.516,1.08,630.8535042,0.795917081
12/3/2020 10:00,2020,12,3,12/3/2020,11,7.084,100.921,1.08,660.491619,0.833310045
12/3/2020 11:00,2020,12,3,12/3/2020,12,7.213,99.511,1.08,660.4641064,0.833275333
12/3/2020 12:00,2020,12,3,12/3/2020,13,7.198,101.614,1.08,660.4366169,0.833240651
12/3/2020 13:00,2020,12,3,12/3/2020,14,8.464,99.37,1.08,660.4091505,0.833205998
12/3/2020 14:00,2020,12,3,12/3/2020,15,9.406,100.994,1.08,660.3817073,0.833171374
12/3/2020 15:00,2020,12,3,12/3/2020,16,9.232,99.085,1.08,660.3542872,0.83313678
12/3/2020 16:00,2020,12,3,12/3/2020,17,10.931,100.207,1.08,660.3268903,0.833102214
12/3/2020 17:00,2020,12,3,12/3/2020,18,11.749,99.747,1.085,660.2995165,0.833067678
12/3/2020 18:00,2020,12,3,12/3/2020,19,13.262,101.469,1.115,660.272166,0.833033171
12/3/2020 19:00,2020,12,3,12/3/2020,20,14.819,100.416,1.146,597.223144,0.753487297
12/3/2020 20:00,2020,12,3,12/3/2020,21,13.896,100.203,1.128,534.1741452,0.673941452
12/3/2020 21:00,2020,12,3,12/3/2020,22,13.384,98.594,1.118,534.1468643,0.673907033
12/3/2020 22:00,2020,12,3,12/3/2020,23,14.219,99.018,1.134,534.1196067,0.673872643
12/3/2020 23:00,2020,12,3,12/3/2020,24,15.03,97.853,1.151,495.8292005,0.625563506
12/4/2020 0:00,2020,12,4,12/4/2020,1,12.412,99.951,1.098,457.5388177,0.577254399
12/4/2020 1:00,2020,12,4,12/4/2020,2,12.34,98.779,1.097,457.5116299,0.577220097
12/4/2020 2:00,2020,12,4,12/4/2020,3,10.009,100.598,1.08,457.4844655,0.577185825
12/4/2020 3:00,2020,12,4,12/4/2020,4,9.454,100.034,1.08,457.4573243,0.577151583
12/4/2020 4:00,2020,12,4,12/4/2020,5,8.389,98.976,1.08,457.4302065,0.57711737
12/4/2020 5:00,2020,12,4,12/4/2020,6,8.746,101.584,1.08,457.4031121,0.577083186
12/4/2020 6:00,2020,12,4,12/4/2020,7,6.214,100.96,1.08,457.376041,0.577049032
12/4/2020 7:00,2020,12,4,12/4/2020,8,7.257,99.876,1.08,487.0146439,0.61444261
12/4/2020 8:00,2020,12,4,12/4/2020,9,6.69,100.565,1.08,558.6068355,0.704766985
12/4/2020 9:00,2020,12,4,12/4/2020,10,4.866,100.629,1.08,630.1990505,0.795091389
12/4/2020 10:00,2020,12,4,12/4/2020,11,6.152,101.262,1.08,659.8377236,0.832485057
12/4/2020 11:00,2020,12,4,12/4/2020,12,5.232,103.616,1.08,659.8107695,0.83245105
12/4/2020 12:00,2020,12,4,12/4/2020,13,7.337,102.596,1.08,659.7838389,0.832417073
12/4/2020 13:00,2020,12,4,12/4/2020,14,8.815,102.291,1.08,659.7569318,0.832383125
12/4/2020 14:00,2020,12,4,12/4/2020,15,8.562,102.77,1.08,659.7300481,0.832349208
12/4/2020 15:00,2020,12,4,12/4/2020,16,10.062,102.945,1.08,659.7031879,0.83231532
12/4/2020 16:00,2020,12,4,12/4/2020,17,9.431,100.991,1.08,659.6763513,0.832281461
12/4/2020 17:00,2020,12,4,12/4/2020,18,13.307,102.175,1.116,659.6495381,0.832247632
12/4/2020 18:00,2020,12,4,12/4/2020,19,12.214,101.757,1.094,659.6227485,0.832213833
12/4/2020 19:00,2020,12,4,12/4/2020,20,13.833,103.257,1.127,596.5742877,0.752668667
12/4/2020 20:00,2020,12,4,12/4/2020,21,14.553,99.325,1.141,533.5258505,0.67312353
12/4/2020 21:00,2020,12,4,12/4/2020,22,15.275,101.255,1.156,533.4991315,0.67308982
12/4/2020 22:00,2020,12,4,12/4/2020,23,14.095,100.292,1.132,533.4724362,0.67305614
12/4/2020 23:00,2020,12,4,12/4/2020,24,14.46,99.975,1.139,495.1825926,0.624747713
12/5/2020 0:00,2020,12,5,12/5/2020,1,12.843,99.625,1.107,456.8927727,0.576439316
12/5/2020 1:00,2020,12,5,12/5/2020,2,11.075,100.427,1.08,456.8661482,0.576405725
12/5/2020 2:00,2020,12,5,12/5/2020,3,12.133,97.669,1.093,456.8395473,0.576372164
12/5/2020 3:00,2020,12,5,12/5/2020,4,9.693,97.668,1.08,456.8129701,0.576338632
12/5/2020 4:00,2020,12,5,12/5/2020,5,8.31,99.465,1.08,456.7864165,0.576305131
12/5/2020 5:00,2020,12,5,12/5/2020,6,7.306,102.005,1.08,456.7598867,0.57627166
12/5/2020 6:00,2020,12,5,12/5/2020,7,5.455,100.697,1.08,456.7333805,0.576238218
12/5/2020 7:00,2020,12,5,12/5/2020,8,6.318,100.297,1.08,486.3725486,0.61363251
12/5/2020 8:00,2020,12,5,12/5/2020,9,4.757,101.068,1.08,557.9653058,0.703957598
12/5/2020 9:00,2020,12,5,12/5/2020,10,6.618,102.957,1.08,629.5580867,0.794282716
12/5/2020 10:00,2020,12,5,12/5/2020,11,5.546,101.893,1.08,659.197326,0.831677098
12/5/2020 11:00,2020,12,5,12/5/2020,12,6.987,99.63,1.08,659.1709385,0.831643806
12/5/2020 12:00,2020,12,5,12/5/2020,13,5.927,101.268,1.08,659.1445748,0.831610545
12/5/2020 13:00,2020,12,5,12/5/2020,14,7.376,101.801,1.08,659.1182349,0.831577313
12/5/2020 14:00,2020,12,5,12/5/2020,15,9.568,100.477,1.08,659.0919188,0.831544111
12/5/2020 15:00,2020,12,5,12/5/2020,16,10.929,103.063,1.08,659.0656265,0.831510939
12/5/2020 16:00,2020,12,5,12/5/2020,17,12.07,102.003,1.091,659.039358,0.831477798
12/5/2020 17:00,2020,12,5,12/5/2020,18,12.58,101.113,1.102,659.0131134,0.831444686
12/5/2020 18:00,2020,12,5,12/5/2020,19,12.204,101.675,1.094,658.9868926,0.831411605
12/5/2020 19:00,2020,12,5,12/5/2020,20,14.59,104.4,1.142,595.939001,0.751867156
12/5/2020 20:00,2020,12,5,12/5/2020,21,13.416,98.999,1.118,532.8911333,0.672322738
12/5/2020 21:00,2020,12,5,12/5/2020,22,13.941,100.345,1.129,532.8649842,0.672289747
12/5/2020 22:00,2020,12,5,12/5/2020,23,14.826,99.212,1.147,532.838859,0.672256787
12/5/2020 23:00,2020,12,5,12/5/2020,24,13.342,100.227,1.117,494.549586,0.623949079
12/6/2020 0:00,2020,12,6,12/6/2020,1,12.777,99.23,1.106,456.2603368,0.575641402
12/6/2020 1:00,2020,12,6,12/6/2020,2,11.995,97.871,1.09,456.2342835,0.575608532
12/6/2020 2:00,2020,12,6,12/6/2020,3,11.877,99.168,1.088,456.2082541,0.575575692
12/6/2020 3:00,2020,12,6,12/6/2020,4,10.65,100.426,1.08,456.1822486,0.575542882
12/6/2020 4:00,2020,12,6,12/6/2020,5,10.608,99.462,1.08,456.1562672,0.575510102
12/6/2020 5:00,2020,12,6,12/6/2020,6,8.189,101.134,1.08,456.1303098,0.575477353
12/6/2020 6:00,2020,12,6,12/6/2020,7,7.642,99.573,1.08,456.1043764,0.575444634
12/6/2020 7:00,2020,12,6,12/6/2020,8,5.445,99.323,1.08,485.7441175,0.612839649
12/6/2020 8:00,2020,12,6,12/6/2020,9,6.4,101.528,1.08,557.3374481,0.703165461
12/6/2020 9:00,2020,12,6,12/6/2020,10,6.487,101.433,1.08,628.9308028,0.793491303
12/6/2020 10:00,2020,12,6,12/6/2020,11,6.234,100.994,1.08,658.5706162,0.830886409
12/6/2020 11:00,2020,12,6,12/6/2020,12,4.682,102.119,1.08,658.544803,0.830853842
12/6/2020 12:00,2020,12,6,12/6/2020,13,5.554,100.397,1.08,658.519014,0.830821305
12/6/2020 13:00,2020,12,6,12/6/2020,14,7.292,101.043,1.08,658.4932491,0.830788799
12/6/2020 14:00,2020,12,6,12/6/2020,15,8.982,101.931,1.08,658.4675084,0.830756323
12/6/2020 15:00,2020,12,6,12/6/2020,16,9.215,103.044,1.08,658.4417917,0.830723877
12/6/2020 16:00,2020,12,6,12/6/2020,17,11.498,101.683,1.08,658.4160993,0.830691463
12/6/2020 17:00,2020,12,6,12/6/2020,18,12.05,102.273,1.091,658.3904309,0.830659078
12/6/2020 18:00,2020,12,6,12/6/2020,19,13.507,103.3,1.12,658.3647868,0.830626724
12/6/2020 19:00,2020,12,6,12/6/2020,20,14.107,102.519,1.132,595.3174721,0.751083004
12/6/2020 20:00,2020,12,6,12/6/2020,21,13.643,100.944,1.123,532.2701817,0.671539314
12/6/2020 21:00,2020,12,6,12/6/2020,22,14.844,99.313,1.147,532.2446102,0.671507052
12/6/2020 22:00,2020,12,6,12/6/2020,23,14.79,99.695,1.146,532.2190629,0.67147482
12/6/2020 23:00,2020,12,6,12/6/2020,24,13.403,100.318,1.118,493.9303681,0.623167842
12/7/2020 0:00,2020,12,7,12/7/2020,1,13.037,99.886,1.111,455.6416975,0.574860895
12/7/2020 1:00,2020,12,7,12/7/2020,2,11.752,98.444,1.085,455.616223,0.574828755
12/7/2020 2:00,2020,12,7,12/7/2020,3,10.734,99.128,1.08,455.5907727,0.574796646
12/7/2020 3:00,2020,12,7,12/7/2020,4,9.695,100.308,1.08,455.5653468,0.574764567
12/7/2020 4:00,2020,12,7,12/7/2020,5,9.424,99.053,1.08,455.5399452,0.574732519
12/7/2020 5:00,2020,12,7,12/7/2020,6,6.335,97.975,1.08,455.5145679,0.574700502
12/7/2020 6:00,2020,12,7,12/7/2020,7,7.567,101.216,1.08,455.4892149,0.574668515
12/7/2020 7:00,2020,12,7,12/7/2020,8,7.01,100.324,1.08,485.1295369,0.612064263
12/7/2020 8:00,2020,12,7,12/7/2020,9,5.932,100.991,1.08,556.7234486,0.702390808
12/7/2020 9:00,2020,12,7,12/7/2020,10,6.136,103.22,1.08,628.3173846,0.792717383
12/7/2020 10:00,2020,12,7,12/7/2020,11,6.624,101.729,1.08,657.9577797,0.830113223
12/7/2020 11:00,2020,12,7,12/7/2020,12,4.991,102.643,1.08,657.9325486,0.83008139
12/7/2020 12:00,2020,12,7,12/7/2020,13,5.978,102.457,1.08,657.9073419,0.830049588
12/7/2020 13:00,2020,12,7,12/7/2020,14,8.674,101.725,1.08,657.8821597,0.830017817
12/7/2020 14:00,2020,12,7,12/7/2020,15,9.512,103.615,1.08,657.8570019,0.829986077
12/7/2020 15:00,2020,12,7,12/7/2020,16,10.779,99.674,1.08,657.8318686,0.829954367
12/7/2020 16:00,2020,12,7,12/7/2020,17,9.917,102.792,1.08,657.8067597,0.829922689
12/7/2020 17:00,2020,12,7,12/7/2020,18,13.163,101.87,1.113,657.7816753,0.829891041
12/7/2020 18:00,2020,12,7,12/7/2020,19,11.276,101.773,1.08,657.7566154,0.829859424
12/7/2020 19:00,2020,12,7,12/7/2020,20,14.904,100.608,1.148,594.7098852,0.750316441
12/7/2020 20:00,2020,12,7,12/7/2020,21,15.053,100.49,1.151,531.6631797,0.670773489
12/7/2020 21:00,2020,12,7,12/7/2020,22,14.493,99.348,1.14,531.6381933,0.670741965
12/7/2020 22:00,2020,12,7,12/7/2020,23,13.353,100.37,1.117,531.6132315,0.670710472
12/7/2020 23:00,2020,12,7,12/7/2020,24,14.911,100.434,1.148,493.3251224,0.622404233
12/8/2020 0:00,2020,12,8,12/8/2020,1,13.387,100.729,1.118,455.037038,0.574098026
12/8/2020 1:00,2020,12,8,12/8/2020,2,11.635,100.091,1.083,455.0121499,0.574066625
12/8/2020 2:00,2020,12,8,12/8/2020,3,11.277,99.638,1.08,454.9872864,0.574035256
12/8/2020 3:00,2020,12,8,12/8/2020,4,9.529,101.252,1.08,454.9624475,0.574003918
12/8/2020 4:00,2020,12,8,12/8/2020,5,8.348,100.163,1.08,454.9376332,0.573972611
12/8/2020 5:00,2020,12,8,12/8/2020,6,6.047,98.946,1.08,454.9128435,0.573941335
12/8/2020 6:00,2020,12,8,12/8/2020,7,7.651,99.494,1.08,454.8880785,0.573910091
12/8/2020 7:00,2020,12,8,12/8/2020,8,4.531,98.514,1.08,484.5289888,0.611306581
12/8/2020 8:00,2020,12,8,12/8/2020,9,6.318,102.584,1.08,556.123489,0.701633868
12/8/2020 9:00,2020,12,8,12/8/2020,10,6.604,100.594,1.08,627.718014,0.791961186
12/8/2020 10:00,2020,12,8,12/8/2020,11,4.216,101.173,1.08,657.3589982,0.82935777
12/8/2020 11:00,2020,12,8,12/8/2020,12,6.66,102.379,1.08,657.3343567,0.829326681
12/8/2020 12:00,2020,12,8,12/8/2020,13,6.802,102.739,1.08,657.3097398,0.829295623
12/8/2020 13:00,2020,12,8,12/8/2020,14,6.569,101.049,1.08,657.2851477,0.829264596
12/8/2020 14:00,2020,12,8,12/8/2020,15,9.339,101.862,1.08,657.2605803,0.829233601
12/8/2020 15:00,2020,12,8,12/8/2020,16,9.984,101.94,1.08,657.2360377,0.829202636
12/8/2020 16:00,2020,12,8,12/8/2020,17,11.659,102.104,1.083,657.2115198,0.829171703
12/8/2020 17:00,2020,12,8,12/8/2020,18,12.258,100.714,1.095,657.1870268,0.829140802
12/8/2020 18:00,2020,12,8,12/8/2020,19,13.568,103.114,1.121,657.1625585,0.829109931
12/8/2020 19:00,2020,12,8,12/8/2020,20,14.98,102.412,1.15,594.1164204,0.749567695
12/8/2020 20:00,2020,12,8,12/8/2020,21,13.816,100.865,1.126,531.070307,0.670025491
12/8/2020 21:00,2020,12,8,12/8/2020,22,14.203,100.43,1.134,531.0459133,0.669994714
12/8/2020 22:00,2020,12,8,12/8/2020,23,13.996,99.578,1.13,531.0215443,0.669963969
12/8/2020 23:00,2020,12,8,12/8/2020,24,13.512,99.961,1.12,492.7340285,0.621658479
12/9/2020 0:00,2020,12,9,12/9/2020,1,13.742,98.926,1.125,454.4465375,0.57335302
12/9/2020 1:00,2020,12,9,12/9/2020,2,12.407,100.528,1.098,454.4222431,0.573322369
12/9/2020 2:00,2020,12,9,12/9/2020,3,10.755,101.018,1.08,454.3979737,0.573291749
12/9/2020 3:00,2020,12,9,12/9/2020,4,9.111,98.655,1.08,454.3737292,0.573261161
12/9/2020 4:00,2020,12,9,12/9/2020,5,8.991,100.114,1.08,454.3495096,0.573230605
12/9/2020 5:00,2020,12,9,12/9/2020,6,8.263,100.949,1.08,454.325315,0.573200079
12/9/2020 6:00,2020,12,9,12/9/2020,7,8.098,99.781,1.08,454.3011453,0.573169586
12/9/2020 7:00,2020,12,9,12/9/2020,8,6.212,102.394,1.08,483.9426511,0.610566827
12/9/2020 8:00,2020,12,9,12/9/2020,9,5.333,99.83,1.08,555.5377473,0.700894866
12/9/2020 9:00,2020,12,9,12/9/2020,10,3.598,100.951,1.08,627.1328684,0.791222937
12/9/2020 10:00,2020,12,9,12/9/2020,11,4.891,101.601,1.08,656.7744492,0.828620273
12/9/2020 11:00,2020,12,9,12/9/2020,12,5.437,100.289,1.08,656.7504044,0.828589937
12/9/2020 12:00,2020,12,9,12/9/2020,13,7.448,100.435,1.08,656.7263847,0.828559632
12/9/2020 13:00,2020,12,9,12/9/2020,14,7.647,100.541,1.08,656.7023899,0.828529359
12/9/2020 14:00,2020,12,9,12/9/2020,15,10.03,100.851,1.08,656.6784203,0.828499118
12/9/2020 15:00,2020,12,9,12/9/2020,16,9.845,99.957,1.08,656.6544757,0.828468908
12/9/2020 16:00,2020,12,9,12/9/2020,17,11.124,101.563,1.08,656.6305561,0.82843873
12/9/2020 17:00,2020,12,9,12/9/2020,18,11.17,100.404,1.08,656.6066617,0.828408583
12/9/2020 18:00,2020,12,9,12/9/2020,19,12.314,99.452,1.096,656.5827923,0.828378469
12/9/2020 19:00,2020,12,9,12/9/2020,20,13.59,100.532,1.122,593.5372534,0.748836989
12/9/2020 20:00,2020,12,9,12/9/2020,21,14.399,100.523,1.138,530.4917395,0.66929554
12/9/2020 21:00,2020,12,9,12/9/2020,22,14.428,100.022,1.139,530.4679456,0.669265521
12/9/2020 22:00,2020,12,9,12/9/2020,23,14.233,99.914,1.135,530.4441767,0.669235533
12/9/2020 23:00,2020,12,9,12/9/2020,24,14.303,99.032,1.136,492.1572612,0.6209308
12/10/2020 0:00,2020,12,10,12/10/2020,1,12.754,100.212,1.105,453.8703709,0.572626099
12/10/2020 1:00,2020,12,10,12/10/2020,2,10.726,100.139,1.08,453.8466776,0.572596206
12/10/2020 2:00,2020,12,10,12/10/2020,3,10.605,101.016,1.08,453.8230095,0.572566345
12/10/2020 3:00,2020,12,10,12/10/2020,4,9.026,99.567,1.08,453.7993665,0.572536516
12/10/2020 4:00,2020,12,10,12/10/2020,5,7.926,100.844,1.08,453.7757488,0.572506719
12/10/2020 5:00,2020,12,10,12/10/2020,6,8.246,99.437,1.08,453.7521563,0.572476953
12/10/2020 6:00,2020,12,10,12/10/2020,7,6.766,99.45,1.08,453.7285891,0.572447219
12/10/2020 7:00,2020,12,10,12/10/2020,8,6.59,100.417,1.08,483.3706977,0.609845221
12/10/2020 8:00,2020,12,10,12/10/2020,9,6.487,100.425,1.08,554.9663969,0.700174021
12/10/2020 9:00,2020,12,10,12/10/2020,10,5.006,99.198,1.08,626.5621214,0.790502853
12/10/2020 10:00,2020,12,10,12/10/2020,11,5.305,100.394,1.08,656.2043058,0.827900951
12/10/2020 11:00,2020,12,10,12/10/2020,12,5.731,99.289,1.08,656.1808649,0.827871376
12/10/2020 12:00,2020,12,10,12/10/2020,13,6.159,99.347,1.08,656.1574494,0.827841834
12/10/2020 13:00,2020,12,10,12/10/2020,14,7.473,99.925,1.08,656.1340592,0.827812324
12/10/2020 14:00,2020,12,10,12/10/2020,15,9.065,100.383,1.08,656.1106944,0.827782846
12/10/2020 15:00,2020,12,10,12/10/2020,16,11.577,100.871,1.082,656.0873549,0.827753399
12/10/2020 16:00,2020,12,10,12/10/2020,17,11.351,99.409,1.08,656.0640407,0.827723985
12/10/2020 17:00,2020,12,10,12/10/2020,18,12.502,99.899,1.1,656.0407519,0.827694603
12/10/2020 18:00,2020,12,10,12/10/2020,19,13.249,97.959,1.115,656.0174886,0.827665252
12/10/2020 19:00,2020,12,10,12/10/2020,20,14.796,98.979,1.146,592.9725559,0.748124537
12/10/2020 20:00,2020,12,10,12/10/2020,21,14.869,100.561,1.147,529.9276486,0.668583854
12/10/2020 21:00,2020,12,10,12/10/2020,22,14.468,101.17,1.139,529.9044615,0.6685546
12/10/2020 22:00,2020,12,10,12/10/2020,23,14.593,101.053,1.142,529.8812997,0.668525378
12/10/2020 23:00,2020,12,10,12/10/2020,24,13.014,99.625,1.11,491.5949917,0.620221412
12/11/2020 0:00,2020,12,11,12/11/2020,1,12.297,100.396,1.096,453.3087091,0.571917477
12/11/2020 1:00,2020,12,11,12/11/2020,2,12.764,100.634,1.105,453.2856238,0.571888352
12/11/2020 2:00,2020,12,11,12/11/2020,3,9.542,99.943,1.08,453.2625639,0.571859258
12/11/2020 3:00,2020,12,11,12/11/2020,4,11.055,99.801,1.08,453.2395296,0.571830197
12/11/2020 4:00,2020,12,11,12/11/2020,5,7.435,101.122,1.08,453.2165207,0.571801168
12/11/2020 5:00,2020,12,11,12/11/2020,6,7.783,100.932,1.08,453.1935374,0.571772171
12/11/2020 6:00,2020,12,11,12/11/2020,7,6.237,98.466,1.08,453.1705796,0.571743206
12/11/2020 7:00,2020,12,11,12/11/2020,8,4.465,99.056,1.08,482.8132979,0.609141977
12/11/2020 8:00,2020,12,11,12/11/2020,9,4.573,103.178,1.08,554.4096072,0.699471547
12/11/2020 9:00,2020,12,11,12/11/2020,10,4.909,102.037,1.08,626.005942,0.789801149
12/11/2020 10:00,2020,12,11,12/11/2020,11,6.499,101.981,1.08,655.648737,0.827200017
12/11/2020 11:00,2020,12,11,12/11/2020,12,5.743,100.645,1.08,655.625907,0.827171213
12/11/2020 12:00,2020,12,11,12/11/2020,13,7.973,102.29,1.08,655.6031026,0.827142442
12/11/2020 13:00,2020,12,11,12/11/2020,14,7.807,100.647,1.08,655.5803239,0.827113703
12/11/2020 14:00,2020,12,11,12/11/2020,15,8.009,102.774,1.08,655.5575708,0.827084997
12/11/2020 15:00,2020,12,11,12/11/2020,16,10.382,102.994,1.08,655.5348433,0.827056322
12/11/2020 16:00,2020,12,11,12/11/2020,17,12.483,101.339,1.1,655.5121414,0.827027681
12/11/2020 17:00,2020,12,11,12/11/2020,18,12.56,101.891,1.101,655.4894653,0.826999071
12/11/2020 18:00,2020,12,11,12/11/2020,19,12.151,102.914,1.093,655.4668147,0.826970494
12/11/2020 19:00,2020,12,11,12/11/2020,20,12.711,104.064,1.104,592.4224952,0.747430553
12/11/2020 20:00,2020,12,11,12/11/2020,21,11.986,101.744,1.09,529.3782014,0.667890644
12/11/2020 21:00,2020,12,11,12/11/2020,22,15.752,101.131,1.165,529.3556279,0.667862164
12/11/2020 22:00,2020,12,11,12/11/2020,23,14.045,99.008,1.131,529.3330802,0.667833717
12/11/2020 23:00,2020,12,11,12/11/2020,24,13.782,99.861,1.126,491.0473865,0.619530525
12/12/2020 0:00,2020,12,12,12/12/2020,1,13.014,100.287,1.11,452.7617184,0.571227366
12/12/2020 1:00,2020,12,12,12/12/2020,2,12.459,100.825,1.099,452.739248,0.571199016
12/12/2020 2:00,2020,12,12,12/12/2020,3,11.136,100.821,1.08,452.7168032,0.571170699
12/12/2020 3:00,2020,12,12,12/12/2020,4,10.019,100.788,1.08,452.6943843,0.571142414
12/12/2020 4:00,2020,12,12,12/12/2020,5,8.101,101.851,1.08,452.6719911,0.571114161
12/12/2020 5:00,2020,12,12,12/12/2020,6,7.138,100.85,1.08,452.6496238,0.571085942
12/12/2020 6:00,2020,12,12,12/12/2020,7,7.354,99.864,1.08,452.6272822,0.571057754
12/12/2020 7:00,2020,12,12,12/12/2020,8,5.52,99.406,1.08,482.2706171,0.608457303
12/12/2020 8:00,2020,12,12,12/12/2020,9,6.455,103.49,1.08,553.8675431,0.698787651
12/12/2020 9:00,2020,12,12,12/12/2020,10,6.167,102.651,1.08,625.464495,0.789118031
12/12/2020 10:00,2020,12,12,12/12/2020,11,4.805,102.025,1.08,655.1079074,0.826517678
12/12/2020 11:00,2020,12,12,12/12/2020,12,5.509,102.588,1.08,655.085695,0.826489654
12/12/2020 12:00,2020,12,12,12/12/2020,13,7.666,102.598,1.08,655.0635086,0.826461663
12/12/2020 13:00,2020,12,12,12/12/2020,14,7.388,102.543,1.08,655.041348,0.826433704
12/12/2020 14:00,2020,12,12,12/12/2020,15,9.197,101.659,1.08,655.0192134,0.826405777
12/12/2020 15:00,2020,12,12,12/12/2020,16,9.599,102.157,1.08,654.9971047,0.826377884
12/12/2020 16:00,2020,12,12,12/12/2020,17,11.537,100.244,1.081,654.9750218,0.826350023
12/12/2020 17:00,2020,12,12,12/12/2020,18,11.41,101.147,1.08,654.952965,0.826322195
12/12/2020 18:00,2020,12,12,12/12/2020,19,11.899,103.36,1.088,654.930934,0.8262944
12/12/2020 19:00,2020,12,12,12/12/2020,20,13.139,101.938,1.113,591.8872344,0.74675524
12/12/2020 20:00,2020,12,12,12/12/2020,21,14.374,100.545,1.137,528.8435607,0.667216114
12/12/2020 21:00,2020,12,12,12/12/2020,22,14.325,99.344,1.136,528.8216076,0.667188417
12/12/2020 22:00,2020,12,12,12/12/2020,23,14.039,99.162,1.131,528.7996806,0.667160752
12/12/2020 23:00,2020,12,12,12/12/2020,24,12.674,101.08,1.103,490.5146078,0.618858344
12/13/2020 0:00,2020,12,13,12/13/2020,1,12.992,98.309,1.11,452.229561,0.570555969
12/13/2020 1:00,2020,12,13,12/13/2020,2,11.879,100.573,1.088,452.207712,0.570528403
12/13/2020 2:00,2020,12,13,12/13/2020,3,10.609,101.374,1.08,452.1858891,0.57050087
12/13/2020 3:00,2020,12,13,12/13/2020,4,10.33,99.625,1.08,452.1640922,0.57047337
12/13/2020 4:00,2020,12,13,12/13/2020,5,9.144,98.278,1.08,452.1423214,0.570445903
12/13/2020 5:00,2020,12,13,12/13/2020,6,7.457,99.148,1.08,452.1205766,0.570418469
12/13/2020 6:00,2020,12,13,12/13/2020,7,5.98,98.475,1.08,452.0988579,0.570391067
12/13/2020 7:00,2020,12,13,12/13/2020,8,5.317,99.355,1.08,481.7428159,0.607791402
12/13/2020 8:00,2020,12,13,12/13/2020,9,5.92,101.009,1.08,553.3403653,0.698122537
12/13/2020 9:00,2020,12,13,12/13/2020,10,5.251,100.867,1.08,624.9379409,0.788453704
12/13/2020 10:00,2020,12,13,12/13/2020,11,5.818,102.905,1.08,654.5819772,0.825854138
12/13/2020 11:00,2020,12,13,12/13/2020,12,5.983,105.008,1.08,654.5603891,0.825826901
12/13/2020 12:00,2020,12,13,12/13/2020,13,7.578,101.757,1.08,654.5388272,0.825799698
12/13/2020 13:00,2020,12,13,12/13/2020,14,7.064,102.296,1.08,654.5172914,0.825772527
12/13/2020 14:00,2020,12,13,12/13/2020,15,8.928,100.505,1.08,654.4957818,0.825745389
12/13/2020 15:00,2020,12,13,12/13/2020,16,10.472,101.541,1.08,654.4742983,0.825718285
12/13/2020 16:00,2020,12,13,12/13/2020,17,11.133,105.761,1.08,654.4528411,0.825691213
12/13/2020 17:00,2020,12,13,12/13/2020,18,11.139,103.443,1.08,654.4314101,0.825664175
12/13/2020 18:00,2020,12,13,12/13/2020,19,13.073,101.286,1.111,654.4100053,0.825637169
12/13/2020 19:00,2020,12,13,12/13/2020,20,13.859,103.397,1.127,591.366932,0.7460988
12/13/2020 20:00,2020,12,13,12/13/2020,21,14.294,100.803,1.136,528.3238849,0.666560464
12/13/2020 21:00,2020,12,13,12/13/2020,22,14.672,99.369,1.143,528.3025588,0.666533558
12/13/2020 22:00,2020,12,13,12/13/2020,23,14.45,99.753,1.139,528.2812589,0.666506685
12/13/2020 23:00,2020,12,13,12/13/2020,24,13.959,100.079,1.129,489.9968136,0.618205068
12/14/2020 0:00,2020,12,14,12/14/2020,1,14.082,100.294,1.132,451.7123945,0.569903485
12/14/2020 1:00,2020,12,14,12/14/2020,2,12.22,99.358,1.094,451.6911735,0.569876712
12/14/2020 2:00,2020,12,14,12/14/2020,3,11.774,100.324,1.085,451.6699788,0.569849971
12/14/2020 3:00,2020,12,14,12/14/2020,4,9.696,100.151,1.08,451.6488104,0.569823264
12/14/2020 4:00,2020,12,14,12/14/2020,5,9.702,99.377,1.08,451.6276684,0.56979659
12/14/2020 5:00,2020,12,14,12/14/2020,6,8.228,100.879,1.08,451.6065526,0.56976995
12/14/2020 6:00,2020,12,14,12/14/2020,7,7.013,99.231,1.08,451.5854633,0.569743342
12/14/2020 7:00,2020,12,14,12/14/2020,8,6.215,99.674,1.08,481.2300508,0.607144472
12/14/2020 8:00,2020,12,14,12/14/2020,9,5.254,101.851,1.08,552.8282301,0.697476401
12/14/2020 9:00,2020,12,14,12/14/2020,10,5.099,100.317,1.08,624.4264357,0.787808363
12/14/2020 10:00,2020,12,14,12/14/2020,11,6.861,101.73,1.08,654.0711024,0.825209592
12/14/2020 11:00,2020,12,14,12/14/2020,12,5.606,101.538,1.08,654.0501449,0.825183151
12/14/2020 12:00,2020,12,14,12/14/2020,13,5.528,101.384,1.08,654.0292139,0.825156743
12/14/2020 13:00,2020,12,14,12/14/2020,14,6.738,101.037,1.08,654.0083092,0.825130369
12/14/2020 14:00,2020,12,14,12/14/2020,15,8.413,102.009,1.08,653.987431,0.825104028
12/14/2020 15:00,2020,12,14,12/14/2020,16,10.782,102.277,1.08,653.9665793,0.82507772
12/14/2020 16:00,2020,12,14,12/14/2020,17,9.987,100.601,1.08,653.945754,0.825051446
12/14/2020 17:00,2020,12,14,12/14/2020,18,13.363,100.632,1.117,653.9249551,0.825025205
12/14/2020 18:00,2020,12,14,12/14/2020,19,13.204,101.099,1.114,653.9041827,0.824998998
12/14/2020 19:00,2020,12,14,12/14/2020,20,13.276,102.604,1.116,590.8617422,0.745461427
12/14/2020 20:00,2020,12,14,12/14/2020,21,12.525,99.324,1.1,527.8193281,0.665923889
12/14/2020 21:00,2020,12,14,12/14/2020,22,13.073,100.174,1.111,527.7986352,0.665897782
12/14/2020 22:00,2020,12,14,12/14/2020,23,13.796,102.77,1.126,527.7779688,0.665871708
12/14/2020 23:00,2020,12,14,12/14/2020,24,13.862,101.288,1.127,489.4941572,0.617570891
12/15/2020 0:00,2020,12,15,12/15/2020,1,11.433,100.369,1.08,451.2103721,0.569270108
12/15/2020 1:00,2020,12,15,12/15/2020,2,12.34,101.272,1.097,451.1897854,0.569244135
12/15/2020 2:00,2020,12,15,12/15/2020,3,10.551,98.442,1.08,451.1692252,0.569218195
12/15/2020 3:00,2020,12,15,12/15/2020,4,10.054,100.541,1.08,451.1486916,0.569192289
12/15/2020 4:00,2020,12,15,12/15/2020,5,9.8,101.003,1.08,451.1281846,0.569166416
12/15/2020 5:00,2020,12,15,12/15/2020,6,9.062,100.299,1.08,451.1077042,0.569140577
12/15/2020 6:00,2020,12,15,12/15/2020,7,7.009,98.947,1.08,451.0872504,0.569114771
12/15/2020 7:00,2020,12,15,12/15/2020,8,5.07,102.108,1.08,480.7324737,0.606516703
12/15/2020 8:00,2020,12,15,12/15/2020,9,4.081,102.478,1.08,552.3312891,0.696849434
12/15/2020 9:00,2020,12,15,12/15/2020,10,5.346,101.708,1.08,623.9301311,0.787182199
12/15/2020 10:00,2020,12,15,12/15/2020,11,6.069,100.627,1.08,653.5754343,0.824584232
12/15/2020 11:00,2020,12,15,12/15/2020,12,4.829,102.991,1.08,653.5551137,0.824558594
12/15/2020 12:00,2020,12,15,12/15/2020,13,4.872,100.663,1.08,653.5348197,0.82453299
12/15/2020 13:00,2020,12,15,12/15/2020,14,7.091,102.093,1.08,653.5145524,0.82450742
12/15/2020 14:00,2020,12,15,12/15/2020,15,8.383,102.209,1.08,653.4943118,0.824481883
12/15/2020 15:00,2020,12,15,12/15/2020,16,10.274,101.163,1.08,653.4740979,0.824456381
12/15/2020 16:00,2020,12,15,12/15/2020,17,11.043,102.24,1.08,653.4539106,0.824430911
12/15/2020 17:00,2020,12,15,12/15/2020,18,11.383,101.217,1.08,653.4337502,0.824405476
12/15/2020 18:00,2020,12,15,12/15/2020,19,13.539,101.778,1.121,653.4136164,0.824380074
12/15/2020 19:00,2020,12,15,12/15/2020,20,12.68,100.809,1.104,590.3718147,0.744843309
12/15/2020 20:00,2020,12,15,12/15/2020,21,13.519,100.395,1.12,527.3300397,0.665306578
12/15/2020 21:00,2020,12,15,12/15/2020,22,13.65,101.586,1.123,527.3099862,0.665281277
12/15/2020 22:00,2020,12,15,12/15/2020,23,14.142,101.124,1.133,527.2899594,0.665256011
12/15/2020 23:00,2020,12,15,12/15/2020,24,15.518,100.217,1.16,489.0067877,0.616956001
12/16/2020 0:00,2020,12,16,12/16/2020,1,12.717,100.532,1.104,450.7236427,0.568656025
12/16/2020 1:00,2020,12,16,12/16/2020,2,12.485,99.829,1.1,450.7036964,0.56863086
12/16/2020 2:00,2020,12,16,12/16/2020,3,12.619,98.979,1.102,450.6837768,0.568605728
12/16/2020 3:00,2020,12,16,12/16/2020,4,11.694,100.929,1.084,450.6638841,0.568580631
12/16/2020 4:00,2020,12,16,12/16/2020,5,7.613,97.672,1.08,450.6440182,0.568555567
12/16/2020 5:00,2020,12,16,12/16/2020,6,7.453,98.576,1.08,450.6241791,0.568530537
12/16/2020 6:00,2020,12,16,12/16/2020,7,6.624,100.425,1.08,450.6043669,0.568505541
12/16/2020 7:00,2020,12,16,12/16/2020,8,5.183,101.531,1.08,480.2502321,0.605908282
12/16/2020 8:00,2020,12,16,12/16/2020,9,5.62,99.851,1.08,551.8496896,0.696241824
12/16/2020 9:00,2020,12,16,12/16/2020,10,6.523,99.46,1.08,623.4491739,0.786575399
12/16/2020 10:00,2020,12,16,12/16/2020,11,5.339,98.023,1.08,653.0951198,0.823978242
12/16/2020 11:00,2020,12,16,12/16/2020,12,7.225,100.082,1.08,653.075442,0.823953416
12/16/2020 12:00,2020,12,16,12/16/2020,13,6.962,100.069,1.08,653.0557911,0.823928623
12/16/2020 13:00,2020,12,16,12/16/2020,14,8.317,102.719,1.08,653.0361672,0.823903865
12/16/2020 14:00,2020,12,16,12/16/2020,15,9.634,101.022,1.08,653.0165701,0.82387914
12/16/2020 15:00,2020,12,16,12/16/2020,16,11.629,100.448,1.083,652.997,0.82385445
12/16/2020 16:00,2020,12,16,12/16/2020,17,9.95,97.901,1.08,652.9774569,0.823829793
12/16/2020 17:00,2020,12,16,12/16/2020,18,12.695,99.042,1.104,652.9579408,0.82380517
12/16/2020 18:00,2020,12,16,12/16/2020,19,12.938,99.599,1.109,652.9384516,0.823780582
12/16/2020 19:00,2020,12,16,12/16/2020,20,13.848,99.467,1.127,589.8972947,0.74424463
12/16/2020 20:00,2020,12,16,12/16/2020,21,14.146,98.567,1.133,526.8561647,0.664708713
12/16/2020 21:00,2020,12,16,12/16/2020,22,12.723,101.206,1.104,526.8367565,0.664684227
12/16/2020 22:00,2020,12,16,12/16/2020,23,13.223,100.575,1.114,526.8173753,0.664659774
12/16/2020 23:00,2020,12,16,12/16/2020,24,13.282,97.496,1.116,488.5348494,0.61636058
12/17/2020 0:00,2020,12,17,12/17/2020,1,13.723,100.659,1.124,450.2523505,0.568061419
12/17/2020 1:00,2020,12,17,12/17/2020,2,12.02,101.833,1.09,450.2330504,0.568037069
12/17/2020 2:00,2020,12,17,12/17/2020,3,11.458,98.811,1.08,450.2137773,0.568012753
12/17/2020 3:00,2020,12,17,12/17/2020,4,9.956,101.243,1.08,450.1945314,0.567988471
12/17/2020 4:00,2020,12,17,12/17/2020,5,8.805,100.461,1.08,450.1753125,0.567964224
12/17/2020 5:00,2020,12,17,12/17/2020,6,6.509,101.287,1.08,450.1561207,0.56794001
12/17/2020 6:00,2020,12,17,12/17/2020,7,7.73,100.555,1.08,450.1369559,0.567915831
12/17/2020 7:00,2020,12,17,12/17/2020,8,6.128,101.096,1.08,479.7834689,0.60531939
12/17/2020 8:00,2020,12,17,12/17/2020,9,6.002,100.729,1.08,551.3835743,0.695653749
12/17/2020 9:00,2020,12,17,12/17/2020,10,4.617,97.533,1.08,622.9837068,0.785988142
12/17/2020 10:00,2020,12,17,12/17/2020,11,5.468,99.41,1.08,652.6303012,0.823391803
12/17/2020 11:00,2020,12,17,12/17/2020,12,5.832,99.148,1.08,652.611272,0.823367795
12/17/2020 12:00,2020,12,17,12/17/2020,13,6.744,100.856,1.08,652.5922701,0.823343821
12/17/2020 13:00,2020,12,17,12/17/2020,14,8.515,100.307,1.08,652.5732953,0.823319882
12/17/2020 14:00,2020,12,17,12/17/2020,15,8.416,99.926,1.08,652.5543477,0.823295977
12/17/2020 15:00,2020,12,17,12/17/2020,16,10.341,102.308,1.08,652.5354272,0.823272106
12/17/2020 16:00,2020,12,17,12/17/2020,17,11.607,98.835,1.082,652.516534,0.823248269
12/17/2020 17:00,2020,12,17,12/17/2020,18,12.755,99.813,1.105,652.4976679,0.823224467
12/17/2020 18:00,2020,12,17,12/17/2020,19,12.034,100.529,1.091,652.4788291,0.823200698
12/17/2020 19:00,2020,12,17,12/17/2020,20,15.114,99.934,1.152,589.4383228,0.743665568
12/17/2020 20:00,2020,12,17,12/17/2020,21,14.224,98.148,1.134,526.3978437,0.664130472
12/17/2020 21:00,2020,12,17,12/17/2020,22,13.154,99.6,1.113,526.3790865,0.664106807
12/17/2020 22:00,2020,12,17,12/17/2020,23,13.255,99.73,1.115,526.3603566,0.664083176
12/17/2020 23:00,2020,12,17,12/17/2020,24,12.767,98.327,1.105,488.0784822,0.615784803
12/18/2020 0:00,2020,12,18,12/18/2020,1,12.389,99.755,1.098,449.796635,0.567486465
12/18/2020 1:00,2020,12,18,12/18/2020,2,12.307,100.753,1.096,449.7779869,0.567462937
12/18/2020 2:00,2020,12,18,12/18/2020,3,10.302,99.72,1.08,449.7593661,0.567439445
12/18/2020 3:00,2020,12,18,12/18/2020,4,10.533,100.795,1.08,449.7407726,0.567415986
12/18/2020 4:00,2020,12,18,12/18/2020,5,7.692,98.71,1.08,449.7222064,0.567392562
12/18/2020 5:00,2020,12,18,12/18/2020,6,7.456,98.872,1.08,449.7036675,0.567369172
12/18/2020 6:00,2020,12,18,12/18/2020,7,7.735,99.206,1.08,449.685156,0.567345817
12/18/2020 7:00,2020,12,18,12/18/2020,8,6.722,100.112,1.08,479.3323223,0.6047502
12/18/2020 8:00,2020,12,18,12/18/2020,9,5.415,102.182,1.08,550.9330814,0.695085384
12/18/2020 9:00,2020,12,18,12/18/2020,10,5.386,102.576,1.08,622.5338678,0.785420602
12/18/2020 10:00,2020,12,18,12/18/2020,11,5.452,100.997,1.08,652.1811162,0.822825089
12/18/2020 11:00,2020,12,18,12/18/2020,12,5.214,101.711,1.08,652.1627414,0.822801906
12/18/2020 12:00,2020,12,18,12/18/2020,13,7.985,103.02,1.08,652.144394,0.822778758
12/18/2020 13:00,2020,12,18,12/18/2020,14,6.816,101.859,1.08,652.126074,0.822755645
12/18/2020 14:00,2020,12,18,12/18/2020,15,9.28,102.156,1.08,652.1077813,0.822732566
12/18/2020 15:00,2020,12,18,12/18/2020,16,8.028,102.476,1.08,652.0895162,0.822709521
12/18/2020 16:00,2020,12,18,12/18/2020,17,12.218,103.197,1.094,652.0712784,0.822686512
12/18/2020 17:00,2020,12,18,12/18/2020,18,11.309,102.259,1.08,652.053068,0.822663537
12/18/2020 18:00,2020,12,18,12/18/2020,19,11.71,101.868,1.084,652.0348851,0.822640596
12/18/2020 19:00,2020,12,18,12/18/2020,20,13.233,101.897,1.115,588.9950349,0.743106293
12/18/2020 20:00,2020,12,18,12/18/2020,21,14.039,101.061,1.131,525.9552122,0.663572025
12/18/2020 21:00,2020,12,18,12/18/2020,22,14.548,102.388,1.141,525.9371117,0.663549189
12/18/2020 22:00,2020,12,18,12/18/2020,23,14.074,100.141,1.131,525.9190386,0.663526387
12/18/2020 23:00,2020,12,18,12/18/2020,24,13.921,102.171,1.128,487.6378213,0.615228843
12/19/2020 0:00,2020,12,19,12/19/2020,1,14.046,102,1.131,449.3566314,0.566931334
12/19/2020 1:00,2020,12,19,12/19/2020,2,13.6,100.183,1.122,449.3386409,0.566908636
12/19/2020 2:00,2020,12,19,12/19/2020,3,9.393,100.566,1.08,449.3206778,0.566885973
12/19/2020 3:00,2020,12,19,12/19/2020,4,9.292,99.035,1.08,449.3027423,0.566863344
12/19/2020 4:00,2020,12,19,12/19/2020,5,9.164,101.236,1.08,449.2848343,0.566840751
12/19/2020 5:00,2020,12,19,12/19/2020,6,7.072,99.908,1.08,449.2669538,0.566818192
12/19/2020 6:00,2020,12,19,12/19/2020,7,8.316,100.454,1.08,449.2491009,0.566795668
12/19/2020 7:00,2020,12,19,12/19/2020,8,6.767,100.724,1.08,478.8969261,0.604200882
12/19/2020 8:00,2020,12,19,12/19/2020,9,6.143,101.692,1.08,550.4983442,0.694536897
12/19/2020 9:00,2020,12,19,12/19/2020,10,5.4,102.574,1.08,622.09979,0.784872947
12/19/2020 10:00,2020,12,19,12/19/2020,11,6.382,102.579,1.08,651.7476979,0.822278266
12/19/2020 11:00,2020,12,19,12/19/2020,12,6.718,100.618,1.08,651.7299829,0.822255916
12/19/2020 12:00,2020,12,19,12/19/2020,13,7.125,103.648,1.08,651.7122955,0.8222336
12/19/2020 13:00,2020,12,19,12/19/2020,14,8.785,101.875,1.08,651.6946357,0.82221132
12/19/2020 14:00,2020,12,19,12/19/2020,15,9.296,102.489,1.08,651.6770035,0.822189074
12/19/2020 15:00,2020,12,19,12/19/2020,16,9.022,100.481,1.08,651.659399,0.822166863
12/19/2020 16:00,2020,12,19,12/19/2020,17,10.294,102.649,1.08,651.6418221,0.822144688
12/19/2020 17:00,2020,12,19,12/19/2020,18,12.888,102.506,1.108,651.6242728,0.822122547
12/19/2020 18:00,2020,12,19,12/19/2020,19,13.035,101.321,1.111,651.6067512,0.82210044
12/19/2020 19:00,2020,12,19,12/19/2020,20,13.846,102.434,1.127,588.5675626,0.742566972
12/19/2020 20:00,2020,12,19,12/19/2020,21,13.805,101.182,1.126,525.5284016,0.663033539
12/19/2020 21:00,2020,12,19,12/19/2020,22,15.378,99.477,1.158,525.5109631,0.663011538
12/19/2020 22:00,2020,12,19,12/19/2020,23,14.139,102.957,1.133,525.4935522,0.662989571
12/19/2020 23:00,2020,12,19,12/19/2020,24,14.273,100.815,1.135,487.2129973,0.614692863
12/20/2020 0:00,2020,12,20,12/20/2020,1,13.124,99.718,1.112,448.9324701,0.56639619
12/20/2020 1:00,2020,12,20,12/20/2020,2,11.645,100.324,1.083,448.9151423,0.566374329
12/20/2020 2:00,2020,12,20,12/20/2020,3,11.151,101.956,1.08,448.8978424,0.566352502
12/20/2020 3:00,2020,12,20,12/20/2020,4,9.903,100.215,1.08,448.8805701,0.56633071
12/20/2020 4:00,2020,12,20,12/20/2020,5,8.756,99.478,1.08,448.8633256,0.566308954
12/20/2020 5:00,2020,12,20,12/20/2020,6,8.092,100.557,1.08,448.8461089,0.566287232
12/20/2020 6:00,2020,12,20,12/20/2020,7,5.861,101.095,1.08,448.8289199,0.566265546
12/20/2020 7:00,2020,12,20,12/20/2020,8,5.348,98.545,1.08,478.4774093,0.603671598
12/20/2020 8:00,2020,12,20,12/20/2020,9,5.779,103.378,1.08,550.0794918,0.694008452
12/20/2020 9:00,2020,12,20,12/20/2020,10,5.52,101.186,1.08,621.6816021,0.78434534
12/20/2020 10:00,2020,12,20,12/20/2020,11,5.305,102.976,1.08,651.3301749,0.821751497
12/20/2020 11:00,2020,12,20,12/20/2020,12,5.578,103.115,1.08,651.3131248,0.821729986
12/20/2020 12:00,2020,12,20,12/20/2020,13,7.437,102.332,1.08,651.2961027,0.82170851
12/20/2020 13:00,2020,12,20,12/20/2020,14,6.72,102.618,1.08,651.2791083,0.821687069
12/20/2020 14:00,2020,12,20,12/20/2020,15,7.767,102.493,1.08,651.2621418,0.821665664
12/20/2020 15:00,2020,12,20,12/20/2020,16,10.687,100.908,1.08,651.2452031,0.821644293
12/20/2020 16:00,2020,12,20,12/20/2020,17,10.058,101.504,1.08,651.2282923,0.821622957
12/20/2020 17:00,2020,12,20,12/20/2020,18,13.049,103.161,1.111,651.2114094,0.821601657
12/20/2020 18:00,2020,12,20,12/20/2020,19,13.641,102.311,1.123,651.1945543,0.821580392
12/20/2020 19:00,2020,12,20,12/20/2020,20,14.192,102.656,1.134,588.1560324,0.742047765
12/20/2020 20:00,2020,12,20,12/20/2020,21,14.454,99.604,1.139,525.1175384,0.662515173
12/20/2020 21:00,2020,12,20,12/20/2020,22,14.487,101.34,1.14,525.1007669,0.662494013
12/20/2020 22:00,2020,12,20,12/20/2020,23,14.949,98.359,1.149,525.0840234,0.662472889
12/20/2020 23:00,2020,12,20,12/20/2020,24,14.803,100.546,1.146,486.8041361,0.614177023
12/21/2020 0:00,2020,12,21,12/21/2020,1,11.537,99.633,1.081,448.5242766,0.565881192
12/21/2020 1:00,2020,12,21,12/21/2020,2,12.218,102.386,1.094,448.5076169,0.565860174
12/21/2020 2:00,2020,12,21,12/21/2020,3,10.502,101.232,1.08,448.4909851,0.56583919
12/21/2020 3:00,2020,12,21,12/21/2020,4,10.744,100.695,1.08,448.4743813,0.565818242
12/21/2020 4:00,2020,12,21,12/21/2020,5,8.753,99.63,1.08,448.4578054,0.565797329
12/21/2020 5:00,2020,12,21,12/21/2020,6,7.636,100.087,1.08,448.4412575,0.565776451
12/21/2020 6:00,2020,12,21,12/21/2020,7,5.684,98.181,1.08,448.4247375,0.565755609
12/21/2020 7:00,2020,12,21,12/21/2020,8,5.858,99.042,1.08,478.0738961,0.603162505
12/21/2020 8:00,2020,12,21,12/21/2020,9,6.828,102.136,1.08,549.6766481,0.693500203
12/21/2020 9:00,2020,12,21,12/21/2020,10,6.076,101.775,1.08,621.2794281,0.783837937
12/21/2020 10:00,2020,12,21,12/21/2020,11,4.955,102.322,1.08,650.9286707,0.821244939
12/21/2020 11:00,2020,12,21,12/21/2020,12,6.743,102.029,1.08,650.9122907,0.821224274
12/21/2020 12:00,2020,12,21,12/21/2020,13,6.687,102.294,1.08,650.8959388,0.821203643
12/21/2020 13:00,2020,12,21,12/21/2020,14,8.286,101.327,1.08,650.879615,0.821183048
12/21/2020 14:00,2020,12,21,12/21/2020,15,9.406,101.926,1.08,650.8633191,0.821162488
12/21/2020 15:00,2020,12,21,12/21/2020,16,11.405,100.67,1.08,650.8470514,0.821141964
12/21/2020 16:00,2020,12,21,12/21/2020,17,10.979,101.123,1.08,650.8308116,0.821121475
12/21/2020 17:00,2020,12,21,12/21/2020,18,12.138,101.939,1.093,650.8146,0.821101022
12/21/2020 18:00,2020,12,21,12/21/2020,19,12.661,101.905,1.103,650.7984164,0.821080604
12/21/2020 19:00,2020,12,21,12/21/2020,20,13.517,102.528,1.12,587.7605662,0.741548824
12/21/2020 20:00,2020,12,21,12/21/2020,21,14.617,101.68,1.142,524.7227441,0.66201708
12/21/2020 21:00,2020,12,21,12/21/2020,22,13.953,98.38,1.129,524.7066448,0.661996769
12/21/2020 22:00,2020,12,21,12/21/2020,23,13.573,100.423,1.121,524.6905736,0.661976492
12/21/2020 23:00,2020,12,21,12/21/2020,24,14.623,101.21,1.142,486.4113588,0.613681475
12/22/2020 0:00,2020,12,22,12/22/2020,1,14.34,102.206,1.137,448.1321721,0.565386493
12/22/2020 1:00,2020,12,22,12/22/2020,2,13.053,99.521,1.111,448.1161852,0.565366323
12/22/2020 2:00,2020,12,22,12/22/2020,3,12.53,100.326,1.101,448.1002266,0.565346189
12/22/2020 3:00,2020,12,22,12/22/2020,4,10.141,98.296,1.08,448.0842961,0.56532609
12/22/2020 4:00,2020,12,22,12/22/2020,5,10.216,100.93,1.08,448.0683937,0.565306027
12/22/2020 5:00,2020,12,22,12/22/2020,6,7.783,98.822,1.08,448.0525195,0.565285999
12/22/2020 6:00,2020,12,22,12/22/2020,7,5.209,99.77,1.08,448.0366735,0.565266007
12/22/2020 7:00,2020,12,22,12/22/2020,8,6.41,101.086,1.08,477.6865063,0.602673754
12/22/2020 8:00,2020,12,22,12/22/2020,9,5.293,101.056,1.08,549.2899325,0.693012303
12/22/2020 9:00,2020,12,22,12/22/2020,10,5.867,100.511,1.08,620.893387,0.783350888
12/22/2020 10:00,2020,12,22,12/22/2020,11,5.414,101.445,1.08,650.5433044,0.820758741
12/22/2020 11:00,2020,12,22,12/22/2020,12,5.406,102.442,1.08,650.5275994,0.820738927
12/22/2020 12:00,2020,12,22,12/22/2020,13,6.747,101.965,1.08,650.5119226,0.820719149
12/22/2020 13:00,2020,12,22,12/22/2020,14,8.189,103.137,1.08,650.496274,0.820699406
12/22/2020 14:00,2020,12,22,12/22/2020,15,9.733,101.702,1.08,650.4806537,0.820679698
12/22/2020 15:00,2020,12,22,12/22/2020,16,9.544,102.34,1.08,650.4650616,0.820660026
12/22/2020 16:00,2020,12,22,12/22/2020,17,11.318,100.712,1.08,650.4494978,0.82064039
12/22/2020 17:00,2020,12,22,12/22/2020,18,11.621,100.173,1.082,650.4339623,0.82062079
12/22/2020 18:00,2020,12,22,12/22/2020,19,12.632,103.105,1.103,650.418455,0.820601225
12/22/2020 19:00,2020,12,22,12/22/2020,20,13.855,101.958,1.127,587.3812813,0.741070299
12/22/2020 20:00,2020,12,22,12/22/2020,21,14.44,98.814,1.139,524.3441359,0.661539409
12/22/2020 21:00,2020,12,22,12/22/2020,22,13.855,99.831,1.127,524.3287135,0.661519951
12/22/2020 22:00,2020,12,22,12/22/2020,23,15.497,100.32,1.16,524.3133194,0.661500529
12/22/2020 23:00,2020,12,22,12/22/2020,24,13.34,100.419,1.117,486.0347818,0.613206366
12/23/2020 0:00,2020,12,23,12/23/2020,1,12.898,99.907,1.108,447.7562726,0.564912239
12/23/2020 1:00,2020,12,23,12/23/2020,2,13.53,99.263,1.121,447.7409634,0.564892924
12/23/2020 2:00,2020,12,23,12/23/2020,3,9.52,98.688,1.08,447.7256826,0.564873645
12/23/2020 3:00,2020,12,23,12/23/2020,4,10.224,98.758,1.08,447.7104301,0.564854402
12/23/2020 4:00,2020,12,23,12/23/2020,5,8.476,100.009,1.08,447.695206,0.564835194
12/23/2020 5:00,2020,12,23,12/23/2020,6,7.271,101.007,1.08,447.6800103,0.564816023
12/23/2020 6:00,2020,12,23,12/23/2020,7,6.583,98.653,1.08,447.6648429,0.564796887
12/23/2020 7:00,2020,12,23,12/23/2020,8,4.348,99.714,1.08,477.3153544,0.60220549
12/23/2020 8:00,2020,12,23,12/23/2020,9,4.487,100.086,1.08,548.9194597,0.692544896
12/23/2020 9:00,2020,12,23,12/23/2020,10,5.06,98.784,1.08,620.5235934,0.782884337
12/23/2020 10:00,2020,12,23,12/23/2020,11,5.725,102.812,1.08,650.1741901,0.820293048
12/23/2020 11:00,2020,12,23,12/23/2020,12,5.681,100.284,1.08,650.1591647,0.820274091
12/23/2020 12:00,2020,12,23,12/23/2020,13,6.74,101.039,1.08,650.1441677,0.82025517
12/23/2020 13:00,2020,12,23,12/23/2020,14,6.772,99.221,1.08,650.1291991,0.820236285
12/23/2020 14:00,2020,12,23,12/23/2020,15,7.986,100.028,1.08,650.1142589,0.820217436
12/23/2020 15:00,2020,12,23,12/23/2020,16,8.606,99.178,1.08,650.0993472,0.820198622
12/23/2020 16:00,2020,12,23,12/23/2020,17,10.195,99.297,1.08,650.0844639,0.820179845
12/23/2020 17:00,2020,12,23,12/23/2020,18,12.049,100.749,1.091,650.0696091,0.820161103
12/23/2020 18:00,2020,12,23,12/23/2020,19,14.267,100.962,1.135,650.0547827,0.820142397
12/23/2020 19:00,2020,12,23,12/23/2020,20,13.843,99.563,1.127,587.0182901,0.740612331
12/23/2020 20:00,2020,12,23,12/23/2020,21,13.677,101.217,1.124,523.9818259,0.6610823
12/23/2020 21:00,2020,12,23,12/23/2020,22,15.697,97.86,1.164,523.967085,0.661063702
12/23/2020 22:00,2020,12,23,12/23/2020,23,15.063,99.075,1.151,523.9523725,0.66104514
12/23/2020 23:00,2020,12,23,12/23/2020,24,14.64,100.2,1.143,485.6745168,0.612751837
12/24/2020 0:00,2020,12,24,12/24/2020,1,12.237,100.355,1.095,447.3966895,0.564458571
12/24/2020 1:00,2020,12,24,12/24/2020,2,12.702,98.643,1.104,447.3820626,0.564440117
12/24/2020 2:00,2020,12,24,12/24/2020,3,11.262,99.298,1.08,447.3674641,0.564421699
12/24/2020 3:00,2020,12,24,12/24/2020,4,11.359,101.212,1.08,447.3528942,0.564403316
12/24/2020 4:00,2020,12,24,12/24/2020,5,7.789,97.421,1.08,447.3383529,0.56438497
12/24/2020 5:00,2020,12,24,12/24/2020,6,7.517,101.663,1.08,447.3238401,0.56436666
12/24/2020 6:00,2020,12,24,12/24/2020,7,6.937,99.786,1.08,447.3093558,0.564348386
12/24/2020 7:00,2020,12,24,12/24/2020,8,7.171,101.259,1.08,476.9605506,0.601757852
12/24/2020 8:00,2020,12,24,12/24/2020,9,6.16,98.993,1.08,548.5653394,0.692098119
12/24/2020 9:00,2020,12,24,12/24/2020,10,6.399,100.473,1.08,620.1701568,0.782438423
12/24/2020 10:00,2020,12,24,12/24/2020,11,4.992,99.389,1.08,649.8214373,0.819847997
12/24/2020 11:00,2020,12,24,12/24/2020,12,5.813,99.432,1.08,649.8070959,0.819829903
12/24/2020 12:00,2020,12,24,12/24/2020,13,7.703,101.382,1.08,649.7927831,0.819811845
12/24/2020 13:00,2020,12,24,12/24/2020,14,7.794,100.04,1.08,649.7784989,0.819793824
12/24/2020 14:00,2020,12,24,12/24/2020,15,8.244,100.178,1.08,649.7642433,0.819775838
12/24/2020 15:00,2020,12,24,12/24/2020,16,9.96,100.682,1.08,649.7500163,0.819757889
12/24/2020 16:00,2020,12,24,12/24/2020,17,10.432,99.954,1.08,649.735818,0.819739975
12/24/2020 17:00,2020,12,24,12/24/2020,18,10.881,98.49,1.08,649.7216482,0.819722098
12/24/2020 18:00,2020,12,24,12/24/2020,19,13.286,99.873,1.116,649.7075072,0.819704257
12/24/2020 19:00,2020,12,24,12/24/2020,20,13.476,101.379,1.12,586.6717,0.740175055
12/24/2020 20:00,2020,12,24,12/24/2020,21,13.925,99.682,1.128,523.6359215,0.660645889
12/24/2020 21:00,2020,12,24,12/24/2020,22,15.085,100.763,1.152,523.6218664,0.660628157
12/24/2020 22:00,2020,12,24,12/24/2020,23,14.01,99.604,1.13,523.6078399,0.66061046
12/24/2020 23:00,2020,12,24,12/24/2020,24,13.403,99.72,1.118,485.3306704,0.612318023
12/25/2020 0:00,2020,12,25,12/25/2020,1,13.893,98.792,1.128,447.0535295,0.564025622
12/25/2020 1:00,2020,12,25,12/25/2020,2,12.624,101.067,1.102,447.0395891,0.564008035
12/25/2020 2:00,2020,12,25,12/25/2020,3,11.28,100.262,1.08,447.0256773,0.563990483
12/25/2020 3:00,2020,12,25,12/25/2020,4,9.636,99.044,1.08,447.0117943,0.563972967
12/25/2020 4:00,2020,12,25,12/25/2020,5,8.939,101.675,1.08,446.99794,0.563955488
12/25/2020 5:00,2020,12,25,12/25/2020,6,8.143,98.402,1.08,446.9841144,0.563938045
12/25/2020 6:00,2020,12,25,12/25/2020,7,6.248,99.624,1.08,446.9703176,0.563920638
12/25/2020 7:00,2020,12,25,12/25/2020,8,7.061,99.543,1.08,476.6222,0.601330971
12/25/2020 8:00,2020,12,25,12/25/2020,9,4.479,101.025,1.08,548.2276766,0.691672107
12/25/2020 9:00,2020,12,25,12/25/2020,10,4.709,102.108,1.08,619.8331818,0.782013278
12/25/2020 10:00,2020,12,25,12/25/2020,11,6.217,103.132,1.08,649.4851505,0.81942372
12/25/2020 11:00,2020,12,25,12/25/2020,12,5.083,100.919,1.08,649.4714974,0.819406495
12/25/2020 12:00,2020,12,25,12/25/2020,13,6.444,102.063,1.08,649.457873,0.819389306
12/25/2020 13:00,2020,12,25,12/25/2020,14,8.12,101.499,1.08,649.4442774,0.819372153
12/25/2020 14:00,2020,12,25,12/25/2020,15,9.858,101.487,1.08,649.4307106,0.819355036
12/25/2020 15:00,2020,12,25,12/25/2020,16,10.879,103.623,1.08,649.4171726,0.819337956
12/25/2020 16:00,2020,12,25,12/25/2020,17,10.984,101.224,1.08,649.4036634,0.819320912
12/25/2020 17:00,2020,12,25,12/25/2020,18,11.731,100.731,1.085,649.390183,0.819303904
12/25/2020 18:00,2020,12,25,12/25/2020,19,12.595,101.234,1.102,649.3767314,0.819286933
12/25/2020 19:00,2020,12,25,12/25/2020,20,12.084,100.573,1.092,586.3416139,0.739758601
12/25/2020 20:00,2020,12,25,12/25/2020,21,13.253,101.13,1.115,523.3065252,0.660230306
12/25/2020 21:00,2020,12,25,12/25/2020,22,14.974,99.443,1.149,523.2931601,0.660213444
12/25/2020 22:00,2020,12,25,12/25/2020,23,14.323,99.163,1.136,523.2798238,0.660196618
12/25/2020 23:00,2020,12,25,12/25/2020,24,11.758,100.483,1.085,485.0033445,0.611905052
12/26/2020 0:00,2020,12,26,12/26/2020,1,12.997,101.529,1.11,446.7268941,0.563613523
12/26/2020 1:00,2020,12,26,12/26/2020,2,11.22,98.656,1.08,446.7136444,0.563596806
12/26/2020 2:00,2020,12,26,12/26/2020,3,10.663,99.188,1.08,446.7004235,0.563580126
12/26/2020 3:00,2020,12,26,12/26/2020,4,9.982,99.554,1.08,446.6872315,0.563563482
12/26/2020 4:00,2020,12,26,12/26/2020,5,8.672,100.994,1.08,446.6740683,0.563546875
12/26/2020 5:00,2020,12,26,12/26/2020,6,10.079,99.967,1.08,446.6609341,0.563530304
12/26/2020 6:00,2020,12,26,12/26/2020,7,5.934,98.191,1.08,446.6478287,0.56351377
12/26/2020 7:00,2020,12,26,12/26/2020,8,5.32,100.696,1.08,476.3004028,0.600924975
12/26/2020 8:00,2020,12,26,12/26/2020,9,6.256,103.227,1.08,547.9065712,0.691266984
12/26/2020 9:00,2020,12,26,12/26/2020,10,5.907,101.169,1.08,619.5127685,0.781609029
12/26/2020 10:00,2020,12,26,12/26/2020,11,5.116,101.246,1.08,649.1654293,0.819020344
12/26/2020 11:00,2020,12,26,12/26/2020,12,5.192,103.446,1.08,649.1524685,0.819003992
12/26/2020 12:00,2020,12,26,12/26/2020,13,7.791,100.82,1.08,649.1395366,0.818987676
12/26/2020 13:00,2020,12,26,12/26/2020,14,8.8,102.965,1.08,649.1266337,0.818971397
12/26/2020 14:00,2020,12,26,12/26/2020,15,9.692,101.306,1.08,649.1137597,0.818955155
12/26/2020 15:00,2020,12,26,12/26/2020,16,10.336,102.423,1.08,649.1009147,0.818938949
12/26/2020 16:00,2020,12,26,12/26/2020,17,12.509,100.296,1.1,649.0880986,0.818922779
12/26/2020 17:00,2020,12,26,12/26/2020,18,10.446,101.943,1.08,649.0753115,0.818906646
12/26/2020 18:00,2020,12,26,12/26/2020,19,12.201,102.78,1.094,649.0625533,0.81889055
12/26/2020 19:00,2020,12,26,12/26/2020,20,12.823,101.438,1.106,586.0281295,0.739363093
12/26/2020 20:00,2020,12,26,12/26/2020,21,15.547,102.081,1.161,522.9937346,0.659835673
12/26/2020 21:00,2020,12,26,12/26/2020,22,13.903,100.262,1.128,522.9810634,0.659819687
12/26/2020 22:00,2020,12,26,12/26/2020,23,12.415,99.222,1.098,522.9684212,0.659803737
12/26/2020 23:00,2020,12,26,12/26/2020,24,13.827,99.783,1.127,484.6926362,0.611513047
12/27/2020 0:00,2020,12,27,12/27/2020,1,13.592,100.298,1.122,446.4168802,0.563222393
12/27/2020 1:00,2020,12,27,12/27/2020,2,11.954,98.151,1.089,446.4043251,0.563206553
12/27/2020 2:00,2020,12,27,12/27/2020,3,10.588,100.751,1.08,446.3917989,0.563190749
12/27/2020 3:00,2020,12,27,12/27/2020,4,10.989,99.938,1.08,446.3793018,0.563174982
12/27/2020 4:00,2020,12,27,12/27/2020,5,9.12,98.482,1.08,446.3668338,0.563159252
12/27/2020 5:00,2020,12,27,12/27/2020,6,8.347,101.135,1.08,446.3543947,0.563143558
12/27/2020 6:00,2020,12,27,12/27/2020,7,6.097,99.389,1.08,446.3419848,0.563127901
12/27/2020 7:00,2020,12,27,12/27/2020,8,5.219,98.594,1.08,475.9952544,0.600539984
12/27/2020 8:00,2020,12,27,12/27/2020,9,5.212,102.224,1.08,547.6021185,0.690882871
12/27/2020 9:00,2020,12,27,12/27/2020,10,6.902,102.001,1.08,619.2090116,0.781225793
12/27/2020 10:00,2020,12,27,12/27/2020,11,5.762,102.227,1.08,648.8623684,0.818637987
12/27/2020 11:00,2020,12,27,12/27/2020,12,6.179,101.236,1.08,648.8501038,0.818622513
12/27/2020 12:00,2020,12,27,12/27/2020,13,7.716,103.094,1.08,648.8378683,0.818607076
12/27/2020 13:00,2020,12,27,12/27/2020,14,7.388,101.463,1.08,648.8256618,0.818591676
12/27/2020 14:00,2020,12,27,12/27/2020,15,8.552,101.874,1.08,648.8134844,0.818576312
12/27/2020 15:00,2020,12,27,12/27/2020,16,11.147,102.53,1.08,648.8013362,0.818560985
12/27/2020 16:00,2020,12,27,12/27/2020,17,11.274,102.24,1.08,648.789217,0.818545695
12/27/2020 17:00,2020,12,27,12/27/2020,18,12.041,101.722,1.091,648.777127,0.818530442
12/27/2020 18:00,2020,12,27,12/27/2020,19,13.196,101.237,1.114,648.7650661,0.818515225
12/27/2020 19:00,2020,12,27,12/27/2020,20,14.118,102.065,1.132,585.7313397,0.738988648
12/27/2020 20:00,2020,12,27,12/27/2020,21,15.135,99.705,1.153,522.6976423,0.659462108
12/27/2020 21:00,2020,12,27,12/27/2020,22,14.797,101.041,1.146,522.6856688,0.659447002
12/27/2020 22:00,2020,12,27,12/27/2020,23,14.257,98.465,1.135,522.6737245,0.659431932
12/27/2020 23:00,2020,12,27,12/27/2020,24,13.859,100.655,1.127,484.3986375,0.611142123
12/28/2020 0:00,2020,12,28,12/28/2020,1,13.64,99.318,1.123,446.1235797,0.56285235
12/28/2020 1:00,2020,12,28,12/28/2020,2,12.464,100.88,1.099,446.1117229,0.562837391
12/28/2020 2:00,2020,12,28,12/28/2020,3,9.414,100.654,1.08,446.0998952,0.562822469
12/28/2020 3:00,2020,12,28,12/28/2020,4,11.571,99.822,1.081,446.0880967,0.562807583
12/28/2020 4:00,2020,12,28,12/28/2020,5,8.176,99.894,1.08,446.0763274,0.562792734
12/28/2020 5:00,2020,12,28,12/28/2020,6,7.159,99.759,1.08,446.0645873,0.562777922
12/28/2020 6:00,2020,12,28,12/28/2020,7,6.607,99.792,1.08,446.0528763,0.562763147
12/28/2020 7:00,2020,12,28,12/28/2020,8,6.075,100.057,1.08,475.7068452,0.600176113
12/28/2020 8:00,2020,12,28,12/28/2020,9,6.463,102.393,1.08,547.3144086,0.690519881
12/28/2020 9:00,2020,12,28,12/28/2020,10,5.07,101.991,1.08,618.9220013,0.780863686
12/28/2020 10:00,2020,12,28,12/28/2020,11,4.981,101.412,1.08,648.5760577,0.818276762
12/28/2020 11:00,2020,12,28,12/28/2020,12,5.471,101.35,1.08,648.5644929,0.818262172
12/28/2020 12:00,2020,12,28,12/28/2020,13,6.237,102.276,1.08,648.5529573,0.818247618
12/28/2020 13:00,2020,12,28,12/28/2020,14,7.189,102.269,1.08,648.5414509,0.818233101
12/28/2020 14:00,2020,12,28,12/28/2020,15,9.357,103.913,1.08,648.5299738,0.81821862
12/28/2020 15:00,2020,12,28,12/28/2020,16,8.88,103.158,1.08,648.518526,0.818204177
12/28/2020 16:00,2020,12,28,12/28/2020,17,12.211,102.923,1.094,648.5071073,0.818189771
12/28/2020 17:00,2020,12,28,12/28/2020,18,12.061,102.8,1.091,648.495718,0.818175402
12/28/2020 18:00,2020,12,28,12/28/2020,19,12.566,102.36,1.101,648.4843579,0.818161069
12/28/2020 19:00,2020,12,28,12/28/2020,20,14.737,101.847,1.145,585.4513324,0.738635377
12/28/2020 20:00,2020,12,28,12/28/2020,21,13.551,100.751,1.121,522.4183362,0.659109721
12/28/2020 21:00,2020,12,28,12/28/2020,22,14.709,99.147,1.144,522.4070639,0.6590955
12/28/2020 22:00,2020,12,28,12/28/2020,23,14.939,100.36,1.149,522.395821,0.659081315
12/28/2020 23:00,2020,12,28,12/28/2020,24,13.893,98.011,1.128,484.1214356,0.610792391
12/29/2020 0:00,2020,12,29,12/29/2020,1,13.294,100.534,1.116,445.8470795,0.562503503
12/29/2020 1:00,2020,12,29,12/29/2020,2,12.783,99.64,1.106,445.8359244,0.56248943
12/29/2020 2:00,2020,12,29,12/29/2020,3,10.707,100.923,1.08,445.8247987,0.562475393
12/29/2020 3:00,2020,12,29,12/29/2020,4,9.616,98.88,1.08,445.8137023,0.562461393
12/29/2020 4:00,2020,12,29,12/29/2020,5,8.112,100.517,1.08,445.8026353,0.56244743
12/29/2020 5:00,2020,12,29,12/29/2020,6,9.034,100.371,1.08,445.7915975,0.562433505
12/29/2020 6:00,2020,12,29,12/29/2020,7,8.241,99.747,1.08,445.7805891,0.562419616
12/29/2020 7:00,2020,12,29,12/29/2020,8,6.465,101.373,1.08,475.4352607,0.599833468
12/29/2020 8:00,2020,12,29,12/29/2020,9,7.185,101.012,1.08,547.0435269,0.690178123
12/29/2020 9:00,2020,12,29,12/29/2020,10,5.668,103.135,1.08,618.6518225,0.780522815
12/29/2020 10:00,2020,12,29,12/29/2020,11,6.731,101.135,1.08,648.3065821,0.817936778
12/29/2020 11:00,2020,12,29,12/29/2020,12,6.702,100.971,1.08,648.2957204,0.817923074
12/29/2020 12:00,2020,12,29,12/29/2020,13,6.274,101.78,1.08,648.2848882,0.817909408
12/29/2020 13:00,2020,12,29,12/29/2020,14,8.165,101.618,1.08,648.2740853,0.817895778
12/29/2020 14:00,2020,12,29,12/29/2020,15,8.243,101.851,1.08,648.2633119,0.817882186
12/29/2020 15:00,2020,12,29,12/29/2020,16,8.98,102.685,1.08,648.2525678,0.817868631
12/29/2020 16:00,2020,12,29,12/29/2020,17,11.631,101.817,1.083,648.2418531,0.817855113
12/29/2020 17:00,2020,12,29,12/29/2020,18,11.174,102.027,1.08,648.2311678,0.817841631
12/29/2020 18:00,2020,12,29,12/29/2020,19,13.42,101.867,1.118,648.2205119,0.817828187
12/29/2020 19:00,2020,12,29,12/29/2020,20,14.627,102.049,1.143,585.1881907,0.738303384
12/29/2020 20:00,2020,12,29,12/29/2020,21,13.495,102.135,1.12,522.1558989,0.658778617
12/29/2020 21:00,2020,12,29,12/29/2020,22,13.557,100.236,1.121,522.1453313,0.658765284
12/29/2020 22:00,2020,12,29,12/29/2020,23,15.227,101.087,1.155,522.1347931,0.658751989
12/29/2020 23:00,2020,12,29,12/29/2020,24,12.453,101.925,1.099,483.8611125,0.610463954
12/30/2020 0:00,2020,12,30,12/30/2020,1,13.799,99.624,1.126,445.5874614,0.562175956
12/30/2020 1:00,2020,12,30,12/30/2020,2,11.4,101,1.08,445.5770115,0.562162772
12/30/2020 2:00,2020,12,30,12/30/2020,3,10.386,101.158,1.08,445.566591,0.562149625
12/30/2020 3:00,2020,12,30,12/30/2020,4,9.446,100.363,1.08,445.5562,0.562136515
12/30/2020 4:00,2020,12,30,12/30/2020,5,9.004,100.189,1.08,445.5458385,0.562123442
12/30/2020 5:00,2020,12,30,12/30/2020,6,8.118,101.788,1.08,445.5355064,0.562110407
12/30/2020 6:00,2020,12,30,12/30/2020,7,5.878,100.39,1.08,445.5252038,0.562097409
12/30/2020 7:00,2020,12,30,12/30/2020,8,6.268,99.348,1.08,475.1805813,0.599512151
12/30/2020 8:00,2020,12,30,12/30/2020,9,5.017,101.46,1.08,546.7895535,0.689857697
12/30/2020 9:00,2020,12,30,12/30/2020,10,4.553,101.185,1.08,618.3985553,0.78020328
12/30/2020 10:00,2020,12,30,12/30/2020,11,3.802,100.606,1.08,648.0540212,0.817618134
12/30/2020 11:00,2020,12,30,12/30/2020,12,7.182,100.447,1.08,648.043866,0.817605322
12/30/2020 12:00,2020,12,30,12/30/2020,13,6.691,100.091,1.08,648.0337404,0.817592547
12/30/2020 13:00,2020,12,30,12/30/2020,14,7.274,100.192,1.08,648.0236442,0.817579809
12/30/2020 14:00,2020,12,30,12/30/2020,15,9.242,99.035,1.08,648.0135776,0.817567109
12/30/2020 15:00,2020,12,30,12/30/2020,16,9.031,99.537,1.08,648.0035404,0.817554445
12/30/2020 16:00,2020,12,30,12/30/2020,17,9.885,98.68,1.08,647.9935328,0.817541819
12/30/2020 17:00,2020,12,30,12/30/2020,18,11.729,101.122,1.085,647.9835547,0.81752923
12/30/2020 18:00,2020,12,30,12/30/2020,19,13.247,99.685,1.115,647.9736062,0.817516679
12/30/2020 19:00,2020,12,30,12/30/2020,20,13.356,100.135,1.117,584.9419925,0.737992767
12/30/2020 20:00,2020,12,30,12/30/2020,21,14.784,99.708,1.146,521.9104083,0.658468894
12/30/2020 21:00,2020,12,30,12/30/2020,22,12.906,98.945,1.108,521.9005484,0.658456454
12/30/2020 22:00,2020,12,30,12/30/2020,23,14.042,100.803,1.131,521.890718,0.658444051
12/30/2020 23:00,2020,12,30,12/30/2020,24,15.393,99.639,1.158,483.6177454,0.610156909
12/31/2020 0:00,2020,12,31,12/31/2020,1,13.333,99.049,1.117,445.3448024,0.561869805
12/31/2020 1:00,2020,12,31,12/31/2020,2,11.225,102.279,1.08,445.3350607,0.561857514
12/31/2020 2:00,2020,12,31,12/31/2020,3,10.384,99.78,1.08,445.3253486,0.561845261
12/31/2020 3:00,2020,12,31,12/31/2020,4,9.261,97.676,1.08,445.3156661,0.561833045
12/31/2020 4:00,2020,12,31,12/31/2020,5,8.805,99.736,1.08,445.3060132,0.561820866
12/31/2020 5:00,2020,12,31,12/31/2020,6,6.956,98.048,1.08,445.2963898,0.561808725
12/31/2020 6:00,2020,12,31,12/31/2020,7,6.095,98.547,1.08,445.2867961,0.561796621
12/31/2020 7:00,2020,12,31,12/31/2020,8,6.001,99.708,1.08,474.9428825,0.599212258
12/31/2020 8:00,2020,12,31,12/31/2020,9,7.069,98.327,1.08,546.5525639,0.689558699
12/31/2020 9:00,2020,12,31,12/31/2020,10,5.53,99.197,1.08,618.1622748,0.779905177
12/31/2020 10:00,2020,12,31,12/31/2020,11,5.134,99.648,1.08,647.8184501,0.817320926
12/31/2020 11:00,2020,12,31,12/31/2020,12,7.52,100.443,1.08,647.8090043,0.817309008
12/31/2020 12:00,2020,12,31,12/31/2020,13,6.599,98.934,1.08,647.7995883,0.817297129
12/31/2020 13:00,2020,12,31,12/31/2020,14,7.601,99.188,1.08,647.7902018,0.817285286
12/31/2020 14:00,2020,12,31,12/31/2020,15,8,99.096,1.08,647.780845,0.817273481
12/31/2020 15:00,2020,12,31,12/31/2020,16,9.89,100.236,1.08,647.7715178,0.817261713
12/31/2020 16:00,2020,12,31,12/31/2020,17,9.815,99.994,1.08,647.7622202,0.817249983
12/31/2020 17:00,2020,12,31,12/31/2020,18,12.443,100.624,1.099,647.7529523,0.81723829
12/31/2020 18:00,2020,12,31,12/31/2020,19,13.018,100.484,1.11,647.743714,0.817226635
12/31/2020 19:00,2020,12,31,12/31/2020,20,14.373,98.813,1.137,584.7128107,0.73770362
12/31/2020 20:00,2020,12,31,12/31/2020,21,14.543,100.396,1.141,521.6819371,0.658180643
12/31/2020 21:00,2020,12,31,12/31/2020,22,14.09,99.528,1.132,521.6727878,0.658169099
12/31/2020 22:00,2020,12,31,12/31/2020,23,13.506,97.992,1.12,521.6636682,0.658157594
12/31/2020 23:00,2020,12,31,12/31/2020,24,13.727,99.905,1.125,483.3914065,0.609871349
