datetime,year,month,day1,day,hour,temp_C,IT_MW,PUE,Lpeak_sys_MW,normalized
1/1/2020 0:00,2020,1,1,1/1/2020,1,13.116,99.497,1.112,449.3470654,0.553351454
1/1/2020 1:00,2020,1,1,1/1/2020,2,12.851,100.877,1.107,449.3380349,0.553340333
1/1/2020 2:00,2020,1,1,1/1/2020,3,10.034,100.385,1.08,449.329034,0.553329249
1/1/2020 3:00,2020,1,1,1/1/2020,4,9.497,99.374,1.08,449.3200628,0.553318201
1/1/2020 4:00,2020,1,1,1/1/2020,5,8.79,99.617,1.08,449.3111214,0.55330719
1/1/2020 5:00,2020,1,1,1/1/2020,6,9.509,100.739,1.08,449.3022096,0.553296216
1/1/2020 6:00,2020,1,1,1/1/2020,7,7.98,98.836,1.08,449.2933275,0.553285278
1/1/2020 7:00,2020,1,1,1/1/2020,8,5.989,101.046,1.08,479.4567114,0.590430179
1/1/2020 8:00,2020,1,1,1/1/2020,9,6.319,97.638,1.08,552.2901108,0.680121356
1/1/2020 9:00,2020,1,1,1/1/2020,10,5.72,99.822,1.08,625.1235398,0.769812571
1/1/2020 10:00,2020,1,1,1/1/2020,11,4.875,100.648,1.08,655.2870129,0.806957582
1/1/2020 11:00,2020,1,1,1/1/2020,12,5.492,101.199,1.08,655.2782794,0.806946827
1/1/2020 12:00,2020,1,1,1/1/2020,13,6.022,101.402,1.08,655.2695757,0.806936108
1/1/2020 13:00,2020,1,1,1/1/2020,14,7.721,97.889,1.08,655.2609017,0.806925427
1/1/2020 14:00,2020,1,1,1/1/2020,15,8.997,99.806,1.08,655.2522575,0.806914782
1/1/2020 15:00,2020,1,1,1/1/2020,16,8.596,100.622,1.08,655.243643,0.806904173
1/1/2020 16:00,2020,1,1,1/1/2020,17,12.036,100.578,1.091,655.2350582,0.806893602
1/1/2020 17:00,2020,1,1,1/1/2020,18,12.294,100.981,1.096,655.2265033,0.806883067
1/1/2020 18:00,2020,1,1,1/1/2020,19,13.059,96.947,1.111,655.217978,0.806872568
1/1/2020 19:00,2020,1,1,1/1/2020,20,13.638,99.633,1.123,591.1115974,0.727928336
1/1/2020 20:00,2020,1,1,1/1/2020,21,15.619,100.356,1.162,527.0052466,0.648984141
1/1/2020 21:00,2020,1,1,1/1/2020,22,14.349,99.949,1.137,526.9968107,0.648973753
1/1/2020 22:00,2020,1,1,1/1/2020,23,14.202,98.825,1.134,526.9884045,0.648963401
1/1/2020 23:00,2020,1,1,1/1/2020,24,14.475,99.879,1.14,488.0634551,0.601029011
1/2/2020 0:00,2020,1,2,1/2/2020,1,13.19,99.482,1.114,449.1385354,0.553094658
1/2/2020 1:00,2020,1,2,1/2/2020,2,12.89,98.906,1.108,449.1302186,0.553084416
1/2/2020 2:00,2020,1,2,1/2/2020,3,11.255,100.278,1.08,449.1219316,0.553074211
1/2/2020 3:00,2020,1,2,1/2/2020,4,10.081,100.505,1.08,449.1136745,0.553064043
1/2/2020 4:00,2020,1,2,1/2/2020,5,9.831,100.064,1.08,449.1054471,0.553053911
1/2/2020 5:00,2020,1,2,1/2/2020,6,7.742,100.575,1.08,449.0972495,0.553043816
1/2/2020 6:00,2020,1,2,1/2/2020,7,6.145,100.478,1.08,449.0890818,0.553033758
1/2/2020 7:00,2020,1,2,1/2/2020,8,5.147,99.104,1.08,479.2531801,0.590179539
1/2/2020 8:00,2020,1,2,1/2/2020,9,5.753,102.563,1.08,552.087294,0.679871596
1/2/2020 9:00,2020,1,2,1/2/2020,10,4.783,101.87,1.08,624.9214377,0.769563691
1/2/2020 10:00,2020,1,2,1/2/2020,11,6.307,102.657,1.08,655.0856255,0.806709582
1/2/2020 11:00,2020,1,2,1/2/2020,12,6.377,102.661,1.08,655.0776069,0.806699707
1/2/2020 12:00,2020,1,2,1/2/2020,13,6.617,102.211,1.08,655.0696181,0.806689869
1/2/2020 13:00,2020,1,2,1/2/2020,14,7.269,102.125,1.08,655.0616591,0.806680068
1/2/2020 14:00,2020,1,2,1/2/2020,15,8.812,100.395,1.08,655.0537301,0.806670304
1/2/2020 15:00,2020,1,2,1/2/2020,16,10.501,101.879,1.08,655.0458308,0.806660576
1/2/2020 16:00,2020,1,2,1/2/2020,17,11.871,102.279,1.087,655.0379614,0.806650885
1/2/2020 17:00,2020,1,2,1/2/2020,18,11.309,102.201,1.08,655.0301219,0.806641231
1/2/2020 18:00,2020,1,2,1/2/2020,19,14.711,102.027,1.144,655.0223122,0.806631614
1/2/2020 19:00,2020,1,2,1/2/2020,20,13.385,101.069,1.118,590.9166473,0.727688264
1/2/2020 20:00,2020,1,2,1/2/2020,21,13.402,99.529,1.118,526.8110122,0.64874495
1/2/2020 21:00,2020,1,2,1/2/2020,22,15.742,99.464,1.165,526.8032921,0.648735443
1/2/2020 22:00,2020,1,2,1/2/2020,23,15.321,99.246,1.156,526.795602,0.648725973
1/2/2020 23:00,2020,1,2,1/2/2020,24,14.65,100.606,1.143,487.8713685,0.600792465
1/3/2020 0:00,2020,1,3,1/3/2020,1,12.65,101.592,1.103,448.947165,0.552858994
1/3/2020 1:00,2020,1,3,1/3/2020,2,13.119,97.749,1.112,448.9395645,0.552849634
1/3/2020 2:00,2020,1,3,1/3/2020,3,11.097,99.023,1.08,448.9319939,0.552840311
1/3/2020 3:00,2020,1,3,1/3/2020,4,8.913,99.48,1.08,448.9244531,0.552831025
1/3/2020 4:00,2020,1,3,1/3/2020,5,8.333,101.382,1.08,448.9169423,0.552821776
1/3/2020 5:00,2020,1,3,1/3/2020,6,6.782,98.179,1.08,448.9094614,0.552812563
1/3/2020 6:00,2020,1,3,1/3/2020,7,7.587,98.631,1.08,448.9020104,0.552803388
1/3/2020 7:00,2020,1,3,1/3/2020,8,7.094,100.392,1.08,479.0668255,0.589950051
1/3/2020 8:00,2020,1,3,1/3/2020,9,4.877,103.76,1.08,551.9016564,0.679642992
1/3/2020 9:00,2020,1,3,1/3/2020,10,5.43,100.975,1.08,624.7365171,0.769335969
1/3/2020 10:00,2020,1,3,1/3/2020,11,6.024,103.027,1.08,654.901422,0.806482743
1/3/2020 11:00,2020,1,3,1/3/2020,12,5.222,104.316,1.08,654.8941206,0.806473752
1/3/2020 12:00,2020,1,3,1/3/2020,13,7.615,102.759,1.08,654.8868491,0.806464797
1/3/2020 13:00,2020,1,3,1/3/2020,14,6.988,103.173,1.08,654.8796076,0.80645588
1/3/2020 14:00,2020,1,3,1/3/2020,15,7.758,103.679,1.08,654.872396,0.806446999
1/3/2020 15:00,2020,1,3,1/3/2020,16,9.351,103.679,1.08,654.8652143,0.806438155
1/3/2020 16:00,2020,1,3,1/3/2020,17,10.888,101.452,1.08,654.8580626,0.806429348
1/3/2020 17:00,2020,1,3,1/3/2020,18,11.576,100.549,1.082,654.8509409,0.806420578
1/3/2020 18:00,2020,1,3,1/3/2020,19,14.155,99.917,1.133,654.8438491,0.806411845
1/3/2020 19:00,2020,1,3,1/3/2020,20,13.902,102.287,1.128,590.7389021,0.727469378
1/3/2020 20:00,2020,1,3,1/3/2020,21,13.205,100.606,1.114,526.6339851,0.648526949
1/3/2020 21:00,2020,1,3,1/3/2020,22,14.775,99.698,1.145,526.6269832,0.648518326
1/3/2020 22:00,2020,1,3,1/3/2020,23,13.2,99.897,1.114,526.6200112,0.64850974
1/3/2020 23:00,2020,1,3,1/3/2020,24,15.125,100.313,1.153,487.6964961,0.600577117
1/4/2020 0:00,2020,1,4,1/4/2020,1,12.228,100.725,1.095,448.773011,0.552644531
1/4/2020 1:00,2020,1,4,1/4/2020,2,11.907,100.443,1.088,448.766129,0.552636056
1/4/2020 2:00,2020,1,4,1/4/2020,3,11.338,98.918,1.08,448.759277,0.552627618
1/4/2020 3:00,2020,1,4,1/4/2020,4,9.405,101.77,1.08,448.7524549,0.552619217
1/4/2020 4:00,2020,1,4,1/4/2020,5,8.082,100.026,1.08,448.7456629,0.552610853
1/4/2020 5:00,2020,1,4,1/4/2020,6,7.994,100.3,1.08,448.7389008,0.552602525
1/4/2020 6:00,2020,1,4,1/4/2020,7,5.617,99.413,1.08,448.7321687,0.552594235
1/4/2020 7:00,2020,1,4,1/4/2020,8,6.987,99.458,1.08,478.8977029,0.589741784
1/4/2020 8:00,2020,1,4,1/4/2020,9,4.674,101.186,1.08,551.7332529,0.67943561
1/4/2020 9:00,2020,1,4,1/4/2020,10,4.551,101.878,1.08,624.5688328,0.769129473
1/4/2020 10:00,2020,1,4,1/4/2020,11,5.592,101.685,1.08,654.734457,0.806277133
1/4/2020 11:00,2020,1,4,1/4/2020,12,4.385,102.719,1.08,654.727875,0.806269027
1/4/2020 12:00,2020,1,4,1/4/2020,13,6.851,100.921,1.08,654.721323,0.806260959
1/4/2020 13:00,2020,1,4,1/4/2020,14,7.208,102.021,1.08,654.714801,0.806252927
1/4/2020 14:00,2020,1,4,1/4/2020,15,9.137,100.611,1.08,654.708309,0.806244933
1/4/2020 15:00,2020,1,4,1/4/2020,16,9.941,101.469,1.08,654.7018471,0.806236975
1/4/2020 16:00,2020,1,4,1/4/2020,17,11.905,101.638,1.088,654.6954152,0.806229055
1/4/2020 17:00,2020,1,4,1/4/2020,18,11.544,102.992,1.081,654.6890133,0.806221171
1/4/2020 18:00,2020,1,4,1/4/2020,19,13.827,101.045,1.127,654.6826415,0.806213324
1/4/2020 19:00,2020,1,4,1/4/2020,20,13.899,101.833,1.128,590.5784146,0.727271745
1/4/2020 20:00,2020,1,4,1/4/2020,21,13.933,100.756,1.129,526.4742177,0.648330202
1/4/2020 21:00,2020,1,4,1/4/2020,22,14.671,99.144,1.143,526.467936,0.648322466
1/4/2020 22:00,2020,1,4,1/4/2020,23,13.727,98.831,1.125,526.4616844,0.648314768
1/4/2020 23:00,2020,1,4,1/4/2020,24,13.427,99.349,1.119,487.5388897,0.600383032
1/5/2020 0:00,2020,1,5,1/5/2020,1,12.759,99.739,1.105,448.616125,0.552451332
1/5/2020 1:00,2020,1,5,1/5/2020,2,12.406,99.82,1.098,448.6099635,0.552443745
1/5/2020 2:00,2020,1,5,1/5/2020,3,11.091,99.477,1.08,448.6038321,0.552436194
1/5/2020 3:00,2020,1,5,1/5/2020,4,8.322,100.889,1.08,448.5977308,0.552428681
1/5/2020 4:00,2020,1,5,1/5/2020,5,10.019,100.843,1.08,448.5916595,0.552421204
1/5/2020 5:00,2020,1,5,1/5/2020,6,9.173,100.699,1.08,448.5856183,0.552413765
1/5/2020 6:00,2020,1,5,1/5/2020,7,6.353,98.327,1.08,448.5796072,0.552406362
1/5/2020 7:00,2020,1,5,1/5/2020,8,6.822,98.554,1.08,478.7458624,0.589554799
1/5/2020 8:00,2020,1,5,1/5/2020,9,6.153,99.302,1.08,551.5821334,0.679249513
1/5/2020 9:00,2020,1,5,1/5/2020,10,5.213,103.401,1.08,624.4184346,0.768944264
1/5/2020 10:00,2020,1,5,1/5/2020,11,5.543,102.774,1.08,654.58478,0.806092812
1/5/2020 11:00,2020,1,5,1/5/2020,12,7.01,102.905,1.08,654.5789193,0.806085595
1/5/2020 12:00,2020,1,5,1/5/2020,13,5.578,101.294,1.08,654.5730887,0.806078415
1/5/2020 13:00,2020,1,5,1/5/2020,14,8.445,101.998,1.08,654.5672882,0.806071272
1/5/2020 14:00,2020,1,5,1/5/2020,15,9.868,100.642,1.08,654.5615178,0.806064166
1/5/2020 15:00,2020,1,5,1/5/2020,16,9.516,101.324,1.08,654.5557775,0.806057097
1/5/2020 16:00,2020,1,5,1/5/2020,17,12.363,103.025,1.097,654.5500673,0.806050065
1/5/2020 17:00,2020,1,5,1/5/2020,18,12.899,102.201,1.108,654.5443873,0.80604307
1/5/2020 18:00,2020,1,5,1/5/2020,19,14.067,103.136,1.131,654.5387373,0.806036113
1/5/2020 19:00,2020,1,5,1/5/2020,20,13.825,101.256,1.127,590.4352323,0.727095422
1/5/2020 20:00,2020,1,5,1/5/2020,21,13.519,100.985,1.12,526.3317574,0.648154768
1/5/2020 21:00,2020,1,5,1/5/2020,22,14.199,100.169,1.134,526.3261978,0.648147922
1/5/2020 22:00,2020,1,5,1/5/2020,23,12.539,98.746,1.101,526.3206683,0.648141113
1/5/2020 23:00,2020,1,5,1/5/2020,24,13.236,99.318,1.115,487.3985958,0.600210266
1/6/2020 0:00,2020,1,6,1/6/2020,1,13.721,98.121,1.124,448.4765535,0.552279456
1/6/2020 1:00,2020,1,6,1/6/2020,2,11.582,98.559,1.082,448.4711144,0.552272758
1/6/2020 2:00,2020,1,6,1/6/2020,3,11.489,99.021,1.08,448.4657054,0.552266097
1/6/2020 3:00,2020,1,6,1/6/2020,4,11.648,100.488,1.083,448.4603266,0.552259473
1/6/2020 4:00,2020,1,6,1/6/2020,5,8.44,99.721,1.08,448.4549779,0.552252887
1/6/2020 5:00,2020,1,6,1/6/2020,6,8.057,99.747,1.08,448.4496593,0.552246337
1/6/2020 6:00,2020,1,6,1/6/2020,7,5.63,101.578,1.08,448.4443709,0.552239825
1/6/2020 7:00,2020,1,6,1/6/2020,8,6.906,100.365,1.08,478.6113489,0.589389152
1/6/2020 8:00,2020,1,6,1/6/2020,9,6.455,102.387,1.08,551.4483428,0.679084756
1/6/2020 9:00,2020,1,6,1/6/2020,10,5.031,101.252,1.08,624.2853669,0.768780397
1/6/2020 10:00,2020,1,6,1/6/2020,11,4.936,102.335,1.08,654.4524354,0.805929835
1/6/2020 11:00,2020,1,6,1/6/2020,12,5.803,103.79,1.08,654.4472977,0.805923509
1/6/2020 12:00,2020,1,6,1/6/2020,13,5.865,102.234,1.08,654.4421903,0.805917219
1/6/2020 13:00,2020,1,6,1/6/2020,14,8.227,102.268,1.08,654.437113,0.805910967
1/6/2020 14:00,2020,1,6,1/6/2020,15,9.711,102.574,1.08,654.4320658,0.805904751
1/6/2020 15:00,2020,1,6,1/6/2020,16,10.122,102.363,1.08,654.4270489,0.805898573
1/6/2020 16:00,2020,1,6,1/6/2020,17,9.738,100.911,1.08,654.4220621,0.805892432
1/6/2020 17:00,2020,1,6,1/6/2020,18,13.539,102.648,1.121,654.4171055,0.805886328
1/6/2020 18:00,2020,1,6,1/6/2020,19,13.574,100.864,1.121,654.412179,0.805880262
1/6/2020 19:00,2020,1,6,1/6/2020,20,14.086,101.203,1.132,590.3093976,0.726940462
1/6/2020 20:00,2020,1,6,1/6/2020,21,13.058,101.219,1.111,526.2066464,0.6480007
1/6/2020 21:00,2020,1,6,1/6/2020,22,14.409,99.947,1.138,526.2018105,0.647994744
1/6/2020 22:00,2020,1,6,1/6/2020,23,14.382,99.028,1.138,526.1970048,0.647988826
1/6/2020 23:00,2020,1,6,1/6/2020,24,13.985,99.953,1.13,487.2756562,0.600058871
1/7/2020 0:00,2020,1,7,1/7/2020,1,13.652,100.376,1.123,448.3543378,0.552128953
1/7/2020 1:00,2020,1,7,1/7/2020,2,11.589,99.285,1.082,448.3496226,0.552123146
1/7/2020 2:00,2020,1,7,1/7/2020,3,10.797,101.028,1.08,448.3449377,0.552117377
1/7/2020 3:00,2020,1,7,1/7/2020,4,9.42,102.249,1.08,448.340283,0.552111645
1/7/2020 4:00,2020,1,7,1/7/2020,5,8.686,98.408,1.08,448.3356585,0.55210595
1/7/2020 5:00,2020,1,7,1/7/2020,6,6.331,100.162,1.08,448.3310642,0.552100292
1/7/2020 6:00,2020,1,7,1/7/2020,7,7.631,98.449,1.08,448.3265001,0.552094672
1/7/2020 7:00,2020,1,7,1/7/2020,8,6.531,100.033,1.08,478.4942024,0.589244891
1/7/2020 8:00,2020,1,7,1/7/2020,9,6.312,98.657,1.08,551.3319207,0.678941387
1/7/2020 9:00,2020,1,7,1/7/2020,10,5.426,100.219,1.08,624.1696692,0.76863792
1/7/2020 10:00,2020,1,7,1/7/2020,11,5.935,101.55,1.08,654.3374622,0.805788251
1/7/2020 11:00,2020,1,7,1/7/2020,12,5.755,101.904,1.08,654.3330492,0.805782817
1/7/2020 12:00,2020,1,7,1/7/2020,13,8.122,99.801,1.08,654.3286664,0.805777419
1/7/2020 13:00,2020,1,7,1/7/2020,14,6.788,101.152,1.08,654.3243138,0.805772059
1/7/2020 14:00,2020,1,7,1/7/2020,15,7.775,102.25,1.08,654.3199914,0.805766737
1/7/2020 15:00,2020,1,7,1/7/2020,16,9.92,100.39,1.08,654.3156993,0.805761451
1/7/2020 16:00,2020,1,7,1/7/2020,17,11.317,99.235,1.08,654.3114374,0.805756203
1/7/2020 17:00,2020,1,7,1/7/2020,18,14.141,100.253,1.133,654.3072057,0.805750991
1/7/2020 18:00,2020,1,7,1/7/2020,19,14.028,101.557,1.131,654.3030042,0.805745818
1/7/2020 19:00,2020,1,7,1/7/2020,20,14.332,100.948,1.137,590.2009479,0.726806911
1/7/2020 20:00,2020,1,7,1/7/2020,21,13.642,99.82,1.123,526.0989218,0.647868041
1/7/2020 21:00,2020,1,7,1/7/2020,22,13.716,98.376,1.124,526.0948111,0.647862979
1/7/2020 22:00,2020,1,7,1/7/2020,23,13.556,98.826,1.121,526.0907306,0.647857954
1/7/2020 23:00,2020,1,7,1/7/2020,24,14.52,101.786,1.14,487.1701072,0.599928892
1/8/2020 0:00,2020,1,8,1/8/2020,1,13.934,99.789,1.129,448.2495141,0.551999867
1/8/2020 1:00,2020,1,8,1/8/2020,2,12.965,101.144,1.109,448.2455244,0.551994954
1/8/2020 2:00,2020,1,8,1/8/2020,3,10.425,100.51,1.08,448.2415649,0.551990078
1/8/2020 3:00,2020,1,8,1/8/2020,4,8.878,99.451,1.08,448.2376356,0.551985239
1/8/2020 4:00,2020,1,8,1/8/2020,5,8.932,99.755,1.08,448.2337367,0.551980438
1/8/2020 5:00,2020,1,8,1/8/2020,6,8.163,99.382,1.08,448.2298679,0.551975673
1/8/2020 6:00,2020,1,8,1/8/2020,7,7.028,101.204,1.08,448.2260295,0.551970946
1/8/2020 7:00,2020,1,8,1/8/2020,8,6.771,99.41,1.08,478.3944575,0.589122059
1/8/2020 8:00,2020,1,8,1/8/2020,9,6.364,102.13,1.08,551.2329016,0.678819449
1/8/2020 9:00,2020,1,8,1/8/2020,10,6.556,100.502,1.08,624.0713759,0.768516876
1/8/2020 10:00,2020,1,8,1/8/2020,11,6.333,98.89,1.08,654.2398947,0.805668101
1/8/2020 11:00,2020,1,8,1/8/2020,12,4.858,101.302,1.08,654.2362076,0.80566356
1/8/2020 12:00,2020,1,8,1/8/2020,13,6.317,99.056,1.08,654.2325507,0.805659057
1/8/2020 13:00,2020,1,8,1/8/2020,14,7.609,98.181,1.08,654.2289241,0.805654591
1/8/2020 14:00,2020,1,8,1/8/2020,15,10.342,101.066,1.08,654.2253278,0.805650162
1/8/2020 15:00,2020,1,8,1/8/2020,16,9.468,100.235,1.08,654.2217618,0.805645771
1/8/2020 16:00,2020,1,8,1/8/2020,17,10.933,100.285,1.08,654.218226,0.805641417
1/8/2020 17:00,2020,1,8,1/8/2020,18,12.081,98.244,1.092,654.2147205,0.8056371
1/8/2020 18:00,2020,1,8,1/8/2020,19,13.752,100.209,1.125,654.2112453,0.80563282
1/8/2020 19:00,2020,1,8,1/8/2020,20,13.644,101.107,1.123,590.1099152,0.726694808
1/8/2020 20:00,2020,1,8,1/8/2020,21,14.569,100.21,1.141,526.0086155,0.647756833
1/8/2020 21:00,2020,1,8,1/8/2020,22,13.388,99.117,1.118,526.0052311,0.647752665
1/8/2020 22:00,2020,1,8,1/8/2020,23,14.42,99.05,1.138,526.0018771,0.647748535
1/8/2020 23:00,2020,1,8,1/8/2020,24,14.838,100.197,1.147,487.0819802,0.599820367
1/9/2020 0:00,2020,1,9,1/9/2020,1,13.644,101.6,1.123,448.1621136,0.551892237
1/9/2020 1:00,2020,1,9,1/9/2020,2,12.079,99.403,1.092,448.1588504,0.551888218
1/9/2020 2:00,2020,1,9,1/9/2020,3,11.872,101.129,1.087,448.1556175,0.551884237
1/9/2020 3:00,2020,1,9,1/9/2020,4,10.702,100.253,1.08,448.1524149,0.551880293
1/9/2020 4:00,2020,1,9,1/9/2020,5,9.195,99.051,1.08,448.1492426,0.551876387
1/9/2020 5:00,2020,1,9,1/9/2020,6,8.34,100.91,1.08,448.1461006,0.551872518
1/9/2020 6:00,2020,1,9,1/9/2020,7,7.705,100.581,1.08,448.142989,0.551868686
1/9/2020 7:00,2020,1,9,1/9/2020,8,5.571,100.692,1.08,478.3121438,0.589020694
1/9/2020 8:00,2020,1,9,1/9/2020,9,5.22,103.536,1.08,551.1513147,0.678718979
1/9/2020 9:00,2020,1,9,1/9/2020,10,6.075,101.629,1.08,623.990516,0.768417301
1/9/2020 10:00,2020,1,9,1/9/2020,11,7.076,101.176,1.08,654.1597618,0.805569421
1/9/2020 11:00,2020,1,9,1/9/2020,12,6.065,99.795,1.08,654.1568016,0.805565775
1/9/2020 12:00,2020,1,9,1/9/2020,13,6.037,101.573,1.08,654.1538718,0.805562167
1/9/2020 13:00,2020,1,9,1/9/2020,14,8.77,102.822,1.08,654.1509723,0.805558597
1/9/2020 14:00,2020,1,9,1/9/2020,15,8.613,104.017,1.08,654.148103,0.805555063
1/9/2020 15:00,2020,1,9,1/9/2020,16,9.703,100.471,1.08,654.1452641,0.805551567
1/9/2020 16:00,2020,1,9,1/9/2020,17,9.281,101.813,1.08,654.1424556,0.805548109
1/9/2020 17:00,2020,1,9,1/9/2020,18,12.155,101.101,1.093,654.1396773,0.805544687
1/9/2020 18:00,2020,1,9,1/9/2020,19,13.667,101.56,1.123,654.1369294,0.805541304
1/9/2020 19:00,2020,1,9,1/9/2020,20,13.091,102.202,1.112,590.0363266,0.726604187
1/9/2020 20:00,2020,1,9,1/9/2020,21,15.052,100.785,1.151,525.9357542,0.647667108
1/9/2020 21:00,2020,1,9,1/9/2020,22,13.659,99.476,1.123,525.9330972,0.647663836
1/9/2020 22:00,2020,1,9,1/9/2020,23,13.835,98.694,1.127,525.9304706,0.647660601
1/9/2020 23:00,2020,1,9,1/9/2020,24,13.106,99.682,1.112,487.0113012,0.599733329
1/10/2020 0:00,2020,1,10,1/10/2020,1,12.44,98.947,1.099,448.092162,0.551806095
1/10/2020 1:00,2020,1,10,1/10/2020,2,11.037,98.65,1.08,448.0896264,0.551802972
1/10/2020 2:00,2020,1,10,1/10/2020,3,10.871,99.155,1.08,448.0871211,0.551799887
1/10/2020 3:00,2020,1,10,1/10/2020,4,9.656,98.232,1.08,448.0846461,0.551796839
1/10/2020 4:00,2020,1,10,1/10/2020,5,8.583,100.565,1.08,448.0822014,0.551793828
1/10/2020 5:00,2020,1,10,1/10/2020,6,7.9,99.276,1.08,448.0797871,0.551790855
1/10/2020 6:00,2020,1,10,1/10/2020,7,5.475,100.421,1.08,448.0774031,0.55178792
1/10/2020 7:00,2020,1,10,1/10/2020,8,6.491,100.296,1.08,478.2472857,0.588940824
1/10/2020 8:00,2020,1,10,1/10/2020,9,6.122,101.026,1.08,551.0871844,0.678640005
1/10/2020 9:00,2020,1,10,1/10/2020,10,5.376,103.443,1.08,623.9271134,0.768339223
1/10/2020 10:00,2020,1,10,1/10/2020,11,6.118,102.212,1.08,654.0970871,0.805492239
1/10/2020 11:00,2020,1,10,1/10/2020,12,6.045,101.897,1.08,654.0948548,0.80548949
1/10/2020 12:00,2020,1,10,1/10/2020,13,8.266,103.66,1.08,654.0926528,0.805486779
1/10/2020 13:00,2020,1,10,1/10/2020,14,8.605,100.195,1.08,654.0904813,0.805484105
1/10/2020 14:00,2020,1,10,1/10/2020,15,9.478,102.296,1.08,654.08834,0.805481468
1/10/2020 15:00,2020,1,10,1/10/2020,16,8.896,102.441,1.08,654.0862291,0.805478868
1/10/2020 16:00,2020,1,10,1/10/2020,17,11.153,102.185,1.08,654.0841485,0.805476306
1/10/2020 17:00,2020,1,10,1/10/2020,18,12.787,99.572,1.106,654.0820983,0.805473781
1/10/2020 18:00,2020,1,10,1/10/2020,19,13.917,100.383,1.128,654.0800785,0.805471294
1/10/2020 19:00,2020,1,10,1/10/2020,20,13.826,101.674,1.127,589.9802038,0.726535074
1/10/2020 20:00,2020,1,10,1/10/2020,21,15.924,99.413,1.168,525.8803596,0.647598891
1/10/2020 21:00,2020,1,10,1/10/2020,22,14.847,100.255,1.147,525.8784308,0.647596516
1/10/2020 22:00,2020,1,10,1/10/2020,23,13.839,98.737,1.127,525.8765323,0.647594178
1/10/2020 23:00,2020,1,10,1/10/2020,24,13.363,100.085,1.117,486.9580911,0.599667803
1/11/2020 0:00,2020,1,11,1/11/2020,1,13.606,97.959,1.122,448.0396803,0.551741466
1/11/2020 1:00,2020,1,11,1/11/2020,2,12.908,99.746,1.108,448.0378729,0.55173924
1/11/2020 2:00,2020,1,11,1/11/2020,3,11.637,98.603,1.083,448.0360959,0.551737051
1/11/2020 3:00,2020,1,11,1/11/2020,4,9.889,100.446,1.08,448.0343492,0.551734901
1/11/2020 4:00,2020,1,11,1/11/2020,5,9.748,98.63,1.08,448.0326329,0.551732787
1/11/2020 5:00,2020,1,11,1/11/2020,6,6.621,99.985,1.08,448.030947,0.551730711
1/11/2020 6:00,2020,1,11,1/11/2020,7,6.393,99.515,1.08,448.0292914,0.551728672
1/11/2020 7:00,2020,1,11,1/11/2020,8,6.285,99.055,1.08,478.1999024,0.588882473
1/11/2020 8:00,2020,1,11,1/11/2020,9,6.392,102.307,1.08,551.0405296,0.678582551
1/11/2020 9:00,2020,1,11,1/11/2020,10,5.93,102.346,1.08,623.8811871,0.768282667
1/11/2020 10:00,2020,1,11,1/11/2020,11,4.869,102.763,1.08,654.0518892,0.80543658
1/11/2020 11:00,2020,1,11,1/11/2020,12,7.044,101.566,1.08,654.0503855,0.805434728
1/11/2020 12:00,2020,1,11,1/11/2020,13,8.087,101.216,1.08,654.0489121,0.805432914
1/11/2020 13:00,2020,1,11,1/11/2020,14,9.22,101.787,1.08,654.0474691,0.805431137
1/11/2020 14:00,2020,1,11,1/11/2020,15,9.149,100.607,1.08,654.0460564,0.805429397
1/11/2020 15:00,2020,1,11,1/11/2020,16,11.753,101.464,1.085,654.0446741,0.805427695
1/11/2020 16:00,2020,1,11,1/11/2020,17,11.707,101.184,1.084,654.0433222,0.80542603
1/11/2020 17:00,2020,1,11,1/11/2020,18,12.564,101.984,1.101,654.0420007,0.805424403
1/11/2020 18:00,2020,1,11,1/11/2020,19,13.25,102.763,1.115,654.0407095,0.805422813
1/11/2020 19:00,2020,1,11,1/11/2020,20,13.339,104.067,1.117,589.9415635,0.72648749
1/11/2020 20:00,2020,1,11,1/11/2020,21,14.123,101.303,1.132,525.842448,0.647552205
1/11/2020 21:00,2020,1,11,1/11/2020,22,14.564,99.473,1.141,525.8412479,0.647550727
1/11/2020 22:00,2020,1,11,1/11/2020,23,14.052,98.842,1.131,525.8400782,0.647549287
1/11/2020 23:00,2020,1,11,1/11/2020,24,13.917,99.974,1.128,486.9223658,0.599623809
1/12/2020 0:00,2020,1,12,1/12/2020,1,11.439,100.121,1.08,448.0046838,0.551698369
1/12/2020 1:00,2020,1,12,1/12/2020,2,13.071,100.321,1.111,448.0036052,0.551697041
1/12/2020 2:00,2020,1,12,1/12/2020,3,9.812,98.685,1.08,448.002557,0.55169575
1/12/2020 3:00,2020,1,12,1/12/2020,4,10.184,99.322,1.08,448.0015392,0.551694496
1/12/2020 4:00,2020,1,12,1/12/2020,5,8.967,99.907,1.08,448.0005518,0.55169328
1/12/2020 5:00,2020,1,12,1/12/2020,6,7.705,101.334,1.08,447.9995947,0.551692102
1/12/2020 6:00,2020,1,12,1/12/2020,7,6.374,101.487,1.08,447.998668,0.551690961
1/12/2020 7:00,2020,1,12,1/12/2020,8,6.845,99.241,1.08,478.170008,0.588845659
1/12/2020 8:00,2020,1,12,1/12/2020,9,6.156,100.722,1.08,551.0113641,0.678546635
1/12/2020 9:00,2020,1,12,1/12/2020,10,6.189,103.124,1.08,623.8527505,0.768247649
1/12/2020 10:00,2020,1,12,1/12/2020,11,5.177,102.333,1.08,654.0241816,0.80540246
1/12/2020 11:00,2020,1,12,1/12/2020,12,7.017,102.136,1.08,654.0234068,0.805401505
1/12/2020 12:00,2020,1,12,1/12/2020,13,6.026,103.092,1.08,654.0226624,0.805400589
1/12/2020 13:00,2020,1,12,1/12/2020,14,8.007,102.87,1.08,654.0219484,0.805399709
1/12/2020 14:00,2020,1,12,1/12/2020,15,7.952,102.804,1.08,654.0212648,0.805398868
1/12/2020 15:00,2020,1,12,1/12/2020,16,10.621,101.518,1.08,654.0206115,0.805398063
1/12/2020 16:00,2020,1,12,1/12/2020,17,10.429,101.812,1.08,654.0199886,0.805397296
1/12/2020 17:00,2020,1,12,1/12/2020,18,13.12,101.086,1.112,654.0193961,0.805396566
1/12/2020 18:00,2020,1,12,1/12/2020,19,11.783,102.451,1.086,654.018834,0.805395874
1/12/2020 19:00,2020,1,12,1/12/2020,20,12.851,102.175,1.107,589.9204172,0.726461449
1/12/2020 20:00,2020,1,12,1/12/2020,21,14.154,100.189,1.133,525.8220307,0.647527062
1/12/2020 21:00,2020,1,12,1/12/2020,22,14.582,101.676,1.142,525.8215597,0.647526482
1/12/2020 22:00,2020,1,12,1/12/2020,23,15.433,99.709,1.159,525.8211191,0.647525939
1/12/2020 23:00,2020,1,12,1/12/2020,24,14.006,99.044,1.13,486.9041358,0.59960136
1/13/2020 0:00,2020,1,13,1/13/2020,1,13.682,100.169,1.124,447.9871829,0.551676817
1/13/2020 1:00,2020,1,13,1/13/2020,2,11.426,100.507,1.08,447.9868335,0.551676387
1/13/2020 2:00,2020,1,13,1/13/2020,3,10.894,100.63,1.08,447.9865144,0.551675994
1/13/2020 3:00,2020,1,13,1/13/2020,4,9.302,98.25,1.08,447.9862258,0.551675639
1/13/2020 4:00,2020,1,13,1/13/2020,5,8.69,98.402,1.08,447.9859675,0.551675321
1/13/2020 5:00,2020,1,13,1/13/2020,6,7.842,99.245,1.08,447.9857396,0.55167504
1/13/2020 6:00,2020,1,13,1/13/2020,7,6.285,99.357,1.08,447.9855421,0.551674797
1/13/2020 7:00,2020,1,13,1/13/2020,8,6.509,100.014,1.08,478.1576113,0.588830393
1/13/2020 8:00,2020,1,13,1/13/2020,9,6.224,101.603,1.08,550.9996965,0.678532267
1/13/2020 9:00,2020,1,13,1/13/2020,10,3.967,102.525,1.08,623.8418122,0.768234178
1/13/2020 10:00,2020,1,13,1/13/2020,11,4.65,101.23,1.08,654.0139725,0.805389887
1/13/2020 11:00,2020,1,13,1/13/2020,12,5.468,101.741,1.08,654.0139269,0.805389831
1/13/2020 12:00,2020,1,13,1/13/2020,13,6.365,102.153,1.08,654.0139117,0.805389813
1/13/2020 13:00,2020,1,13,1/13/2020,14,7.746,101.943,1.08,654.0139269,0.805389831
1/13/2020 14:00,2020,1,13,1/13/2020,15,8.93,100.486,1.08,654.0139725,0.805389887
1/13/2020 15:00,2020,1,13,1/13/2020,16,9.099,103.015,1.08,654.0140484,0.805389981
1/13/2020 16:00,2020,1,13,1/13/2020,17,10.89,101.872,1.08,654.0141548,0.805390112
1/13/2020 17:00,2020,1,13,1/13/2020,18,11.659,101.701,1.083,654.0142915,0.80539028
1/13/2020 18:00,2020,1,13,1/13/2020,19,14.031,100.125,1.131,654.0144586,0.805390486
1/13/2020 19:00,2020,1,13,1/13/2020,20,13.669,102.08,1.123,589.916771,0.726456959
1/13/2020 20:00,2020,1,13,1/13/2020,21,13.743,101.319,1.125,525.8191137,0.64752347
1/13/2020 21:00,2020,1,13,1/13/2020,22,15.004,101.263,1.15,525.819372,0.647523788
1/13/2020 22:00,2020,1,13,1/13/2020,23,13.819,100.335,1.126,525.8196607,0.647524143
1/13/2020 23:00,2020,1,13,1/13/2020,24,12.473,99.016,1.099,486.9034066,0.599600462
1/14/2020 0:00,2020,1,14,1/14/2020,1,12.84,100.67,1.107,447.9871829,0.551676817
1/14/2020 1:00,2020,1,14,1/14/2020,2,11.652,100.711,1.083,447.9875627,0.551677285
1/14/2020 2:00,2020,1,14,1/14/2020,3,10.164,100.44,1.08,447.9879729,0.55167779
1/14/2020 3:00,2020,1,14,1/14/2020,4,10.187,99.881,1.08,447.9884135,0.551678333
1/14/2020 4:00,2020,1,14,1/14/2020,5,8.962,100.396,1.08,447.9888845,0.551678913
1/14/2020 5:00,2020,1,14,1/14/2020,6,7.902,99.383,1.08,447.9893858,0.55167953
1/14/2020 6:00,2020,1,14,1/14/2020,7,8.657,100.099,1.08,447.9899175,0.551680185
1/14/2020 7:00,2020,1,14,1/14/2020,8,5.737,101.135,1.08,478.1627159,0.58883668
1/14/2020 8:00,2020,1,14,1/14/2020,9,3.758,101.505,1.08,551.0055304,0.678539451
1/14/2020 9:00,2020,1,14,1/14/2020,10,5.046,100.949,1.08,623.8483753,0.768242261
1/14/2020 10:00,2020,1,14,1/14/2020,11,5.252,102.25,1.08,654.0212648,0.805398868
1/14/2020 11:00,2020,1,14,1/14/2020,12,6.441,99.504,1.08,654.0219484,0.805399709
1/14/2020 12:00,2020,1,14,1/14/2020,13,7.57,98.891,1.08,654.0226624,0.805400589
1/14/2020 13:00,2020,1,14,1/14/2020,14,7.914,99.572,1.08,654.0234068,0.805401505
1/14/2020 14:00,2020,1,14,1/14/2020,15,7.204,100.298,1.08,654.0241816,0.80540246
1/14/2020 15:00,2020,1,14,1/14/2020,16,9.661,98.876,1.08,654.0249868,0.805403451
1/14/2020 16:00,2020,1,14,1/14/2020,17,10.936,99.592,1.08,654.0258223,0.80540448
1/14/2020 17:00,2020,1,14,1/14/2020,18,11.131,97.991,1.08,654.0266882,0.805405546
1/14/2020 18:00,2020,1,14,1/14/2020,19,13.758,100.744,1.125,654.0275845,0.80540665
1/14/2020 19:00,2020,1,14,1/14/2020,20,13.523,99.029,1.12,589.9306261,0.726474021
1/14/2020 20:00,2020,1,14,1/14/2020,21,13.57,99.975,1.121,525.833698,0.64754143
1/14/2020 21:00,2020,1,14,1/14/2020,22,14.363,101.234,1.137,525.8346854,0.647542646
1/14/2020 22:00,2020,1,14,1/14/2020,23,13.519,99.302,1.12,525.8357032,0.647543899
1/14/2020 23:00,2020,1,14,1/14/2020,24,13.91,99.736,1.128,486.9201783,0.599621115
1/15/2020 0:00,2020,1,15,1/15/2020,1,13.759,99.873,1.125,448.0046838,0.551698369
1/15/2020 1:00,2020,1,15,1/15/2020,2,12.048,98.054,1.091,448.0057927,0.551699734
1/15/2020 2:00,2020,1,15,1/15/2020,3,10.286,99.666,1.08,448.006932,0.551701137
1/15/2020 3:00,2020,1,15,1/15/2020,4,8.916,102.34,1.08,448.0081017,0.551702578
1/15/2020 4:00,2020,1,15,1/15/2020,5,9.009,99.751,1.08,448.0093017,0.551704056
1/15/2020 5:00,2020,1,15,1/15/2020,6,7.103,100.326,1.08,448.0105322,0.551705571
1/15/2020 6:00,2020,1,15,1/15/2020,7,6.587,100.219,1.08,448.011793,0.551707124
1/15/2020 7:00,2020,1,15,1/15/2020,8,5.501,100.187,1.08,478.1853204,0.588864516
1/15/2020 8:00,2020,1,15,1/15/2020,9,5.322,100.169,1.08,551.0288639,0.678568186
1/15/2020 9:00,2020,1,15,1/15/2020,10,6.373,99.152,1.08,623.8724379,0.768271893
1/15/2020 10:00,2020,1,15,1/15/2020,11,5.101,100.018,1.08,654.0460564,0.805429397
1/15/2020 11:00,2020,1,15,1/15/2020,12,6.099,99.828,1.08,654.0474691,0.805431137
1/15/2020 12:00,2020,1,15,1/15/2020,13,5.999,102.363,1.08,654.0489121,0.805432914
1/15/2020 13:00,2020,1,15,1/15/2020,14,7.365,99.75,1.08,654.0503855,0.805434728
1/15/2020 14:00,2020,1,15,1/15/2020,15,8.537,100.283,1.08,654.0518892,0.80543658
1/15/2020 15:00,2020,1,15,1/15/2020,16,9.681,101.21,1.08,654.0534233,0.805438469
1/15/2020 16:00,2020,1,15,1/15/2020,17,11.027,101.595,1.08,654.0549878,0.805440396
1/15/2020 17:00,2020,1,15,1/15/2020,18,11.379,101.107,1.08,654.0565827,0.80544236
1/15/2020 18:00,2020,1,15,1/15/2020,19,12.927,100.629,1.109,654.0582079,0.805444361
1/15/2020 19:00,2020,1,15,1/15/2020,20,15.03,100.799,1.151,589.9619783,0.72651263
1/15/2020 20:00,2020,1,15,1/15/2020,21,13.632,99.134,1.123,525.8657791,0.647580936
1/15/2020 21:00,2020,1,15,1/15/2020,22,15.112,100.453,1.152,525.8674954,0.64758305
1/15/2020 22:00,2020,1,15,1/15/2020,23,16.036,100.768,1.171,525.8692421,0.647585201
1/15/2020 23:00,2020,1,15,1/15/2020,24,13.709,98.26,1.124,486.954446,0.599663314
1/16/2020 0:00,2020,1,16,1/16/2020,1,14.275,99.507,1.135,448.0396803,0.551741466
1/16/2020 1:00,2020,1,16,1/16/2020,2,11.225,99.745,1.08,448.041518,0.551743729
1/16/2020 2:00,2020,1,16,1/16/2020,3,12.177,99.066,1.094,448.0433861,0.551746029
1/16/2020 3:00,2020,1,16,1/16/2020,4,10.19,97.895,1.08,448.0452845,0.551748367
1/16/2020 4:00,2020,1,16,1/16/2020,5,9.85,100.72,1.08,448.0472133,0.551750742
1/16/2020 5:00,2020,1,16,1/16/2020,6,7.075,99.246,1.08,448.0491725,0.551753155
1/16/2020 6:00,2020,1,16,1/16/2020,7,6.992,101.954,1.08,448.051162,0.551755605
1/16/2020 7:00,2020,1,16,1/16/2020,8,5.237,98.261,1.08,478.2254181,0.588913895
1/16/2020 8:00,2020,1,16,1/16/2020,9,5.443,101.844,1.08,551.0696903,0.678618462
1/16/2020 9:00,2020,1,16,1/16/2020,10,4.173,101.776,1.08,623.9139928,0.768323066
1/16/2020 10:00,2020,1,16,1/16/2020,11,5.642,101.071,1.08,654.08834,0.805481468
1/16/2020 11:00,2020,1,16,1/16/2020,12,5.467,100.701,1.08,654.0904813,0.805484105
1/16/2020 12:00,2020,1,16,1/16/2020,13,6.303,103.31,1.08,654.0926528,0.805486779
1/16/2020 13:00,2020,1,16,1/16/2020,14,8.453,101.589,1.08,654.0948548,0.80548949
1/16/2020 14:00,2020,1,16,1/16/2020,15,6.969,100.858,1.08,654.0970871,0.805492239
1/16/2020 15:00,2020,1,16,1/16/2020,16,9.269,101.452,1.08,654.0993497,0.805495026
1/16/2020 16:00,2020,1,16,1/16/2020,17,10.432,103.71,1.08,654.1016427,0.805497849
1/16/2020 17:00,2020,1,16,1/16/2020,18,12.561,103.349,1.101,654.103966,0.805500711
1/16/2020 18:00,2020,1,16,1/16/2020,19,14.1,101.074,1.132,654.1063196,0.805503609
1/16/2020 19:00,2020,1,16,1/16/2020,20,13.698,100.402,1.124,590.0108185,0.726572775
1/16/2020 20:00,2020,1,16,1/16/2020,21,13.945,99.887,1.129,525.9153477,0.647641978
1/16/2020 21:00,2020,1,16,1/16/2020,22,15.399,100.807,1.158,525.9177923,0.647644988
1/16/2020 22:00,2020,1,16,1/16/2020,23,14.687,99.924,1.144,525.9202673,0.647648036
1/16/2020 23:00,2020,1,16,1/16/2020,24,13.888,99.536,1.128,487.0061995,0.599727047
1/17/2020 0:00,2020,1,17,1/17/2020,1,14.089,100.804,1.132,448.092162,0.551806095
1/17/2020 1:00,2020,1,17,1/17/2020,2,12.339,101.49,1.097,448.094728,0.551809254
1/17/2020 2:00,2020,1,17,1/17/2020,3,10.694,99.993,1.08,448.0973243,0.551812452
1/17/2020 3:00,2020,1,17,1/17/2020,4,11.031,99.081,1.08,448.099951,0.551815686
1/17/2020 4:00,2020,1,17,1/17/2020,5,9.139,99.856,1.08,448.102608,0.551818958
1/17/2020 5:00,2020,1,17,1/17/2020,6,7.259,100.07,1.08,448.1052952,0.551822268
1/17/2020 6:00,2020,1,17,1/17/2020,7,6.017,99.817,1.08,448.1080129,0.551825614
1/17/2020 7:00,2020,1,17,1/17/2020,8,6.061,100.179,1.08,478.2829971,0.588984801
1/17/2020 8:00,2020,1,17,1/17/2020,9,5.921,101.583,1.08,551.1279973,0.678690264
1/17/2020 9:00,2020,1,17,1/17/2020,10,5.318,101.729,1.08,623.9730279,0.768395765
1/17/2020 10:00,2020,1,17,1/17/2020,11,5.262,101.057,1.08,654.148103,0.805555063
1/17/2020 11:00,2020,1,17,1/17/2020,12,6.198,101.595,1.08,654.1509723,0.805558597
1/17/2020 12:00,2020,1,17,1/17/2020,13,8.244,102.742,1.08,654.1538718,0.805562167
1/17/2020 13:00,2020,1,17,1/17/2020,14,8.079,100.731,1.08,654.1568016,0.805565775
1/17/2020 14:00,2020,1,17,1/17/2020,15,9.303,102.06,1.08,654.1597618,0.805569421
1/17/2020 15:00,2020,1,17,1/17/2020,16,9.954,102.365,1.08,654.1627522,0.805573103
1/17/2020 16:00,2020,1,17,1/17/2020,17,11.525,102.258,1.081,654.165773,0.805576823
1/17/2020 17:00,2020,1,17,1/17/2020,18,12.282,100.702,1.096,654.1688241,0.80558058
1/17/2020 18:00,2020,1,17,1/17/2020,19,13.765,102.871,1.125,654.1719055,0.805584375
1/17/2020 19:00,2020,1,17,1/17/2020,20,13.762,100.556,1.125,590.077132,0.726654437
1/17/2020 20:00,2020,1,17,1/17/2020,21,14.825,98.872,1.146,525.9823889,0.647724536
1/17/2020 21:00,2020,1,17,1/17/2020,22,14.582,99.989,1.142,525.9855612,0.647728443
1/17/2020 22:00,2020,1,17,1/17/2020,23,14.95,100.552,1.149,525.9887637,0.647732387
1/17/2020 23:00,2020,1,17,1/17/2020,24,12.88,99.034,1.108,487.0754235,0.599812293
1/18/2020 0:00,2020,1,18,1/18/2020,1,12.906,100.298,1.108,448.1621136,0.551892237
1/18/2020 1:00,2020,1,18,1/18/2020,2,13.795,100.118,1.126,448.1654071,0.551896293
1/18/2020 2:00,2020,1,18,1/18/2020,3,12.583,99.188,1.102,448.1687308,0.551900386
1/18/2020 3:00,2020,1,18,1/18/2020,4,12.106,99.538,1.092,448.1720849,0.551904516
1/18/2020 4:00,2020,1,18,1/18/2020,5,9.26,98.739,1.08,448.1754692,0.551908684
1/18/2020 5:00,2020,1,18,1/18/2020,6,7.575,100.865,1.08,448.1788839,0.551912889
1/18/2020 6:00,2020,1,18,1/18/2020,7,7.565,100.709,1.08,448.1823288,0.551917131
1/18/2020 7:00,2020,1,18,1/18/2020,8,5.75,98.995,1.08,478.3580403,0.589077213
1/18/2020 8:00,2020,1,18,1/18/2020,9,6.546,102.502,1.08,551.2037677,0.678783572
1/18/2020 9:00,2020,1,18,1/18/2020,10,4.755,100.987,1.08,624.0495255,0.768489968
1/18/2020 10:00,2020,1,18,1/18/2020,11,6.326,103.272,1.08,654.2253278,0.805650162
1/18/2020 11:00,2020,1,18,1/18/2020,12,4.829,102.322,1.08,654.2289241,0.805654591
1/18/2020 12:00,2020,1,18,1/18/2020,13,6.891,103.28,1.08,654.2325507,0.805659057
1/18/2020 13:00,2020,1,18,1/18/2020,14,9.224,101.287,1.08,654.2362076,0.80566356
1/18/2020 14:00,2020,1,18,1/18/2020,15,7.418,103.244,1.08,654.2398947,0.805668101
1/18/2020 15:00,2020,1,18,1/18/2020,16,10.342,101.981,1.08,654.2436122,0.805672679
1/18/2020 16:00,2020,1,18,1/18/2020,17,10.791,102.539,1.08,654.2473598,0.805677294
1/18/2020 17:00,2020,1,18,1/18/2020,18,13.551,101.877,1.121,654.2511378,0.805681946
1/18/2020 18:00,2020,1,18,1/18/2020,19,11.711,101.108,1.084,654.254946,0.805686636
1/18/2020 19:00,2020,1,18,1/18/2020,20,12.8,102.12,1.106,590.1608993,0.726757593
1/18/2020 20:00,2020,1,18,1/18/2020,21,16.241,98.989,1.175,526.0668829,0.647828587
1/18/2020 21:00,2020,1,18,1/18/2020,22,14.139,99.628,1.133,526.0707819,0.647833388
1/18/2020 22:00,2020,1,18,1/18/2020,23,14.238,99.109,1.135,526.0747111,0.647838227
1/18/2020 23:00,2020,1,18,1/18/2020,24,13.573,98.866,1.121,487.1620975,0.599919028
1/19/2020 0:00,2020,1,19,1/19/2020,1,13.674,98.584,1.123,448.2495141,0.551999867
1/19/2020 1:00,2020,1,19,1/19/2020,2,11.949,101.142,1.089,448.2535341,0.552004817
1/19/2020 2:00,2020,1,19,1/19/2020,3,10.992,99.28,1.08,448.2575844,0.552009805
1/19/2020 3:00,2020,1,19,1/19/2020,4,9.263,100.037,1.08,448.2616648,0.55201483
1/19/2020 4:00,2020,1,19,1/19/2020,5,9.023,101.707,1.08,448.2657756,0.552019892
1/19/2020 5:00,2020,1,19,1/19/2020,6,8.164,99.964,1.08,448.2699165,0.552024992
1/19/2020 6:00,2020,1,19,1/19/2020,7,7.771,99.74,1.08,448.2740877,0.552030128
1/19/2020 7:00,2020,1,19,1/19/2020,8,6.614,98.758,1.08,478.4505254,0.589191105
1/19/2020 8:00,2020,1,19,1/19/2020,9,5.99,102.661,1.08,551.2969791,0.678898358
1/19/2020 9:00,2020,1,19,1/19/2020,10,5.499,102.173,1.08,624.143463,0.768605648
1/19/2020 10:00,2020,1,19,1/19/2020,11,6.804,102.126,1.08,654.3199914,0.805766737
1/19/2020 11:00,2020,1,19,1/19/2020,12,5.113,102.117,1.08,654.3243138,0.805772059
1/19/2020 12:00,2020,1,19,1/19/2020,13,6.424,100.325,1.08,654.3286664,0.805777419
1/19/2020 13:00,2020,1,19,1/19/2020,14,7.408,101.199,1.08,654.3330492,0.805782817
1/19/2020 14:00,2020,1,19,1/19/2020,15,8.217,101.963,1.08,654.3374622,0.805788251
1/19/2020 15:00,2020,1,19,1/19/2020,16,10.213,103.263,1.08,654.3419055,0.805793723
1/19/2020 16:00,2020,1,19,1/19/2020,17,10.972,102.424,1.08,654.346379,0.805799232
1/19/2020 17:00,2020,1,19,1/19/2020,18,12.757,101.747,1.105,654.3508827,0.805804778
1/19/2020 18:00,2020,1,19,1/19/2020,19,12.306,101.098,1.096,654.3554166,0.805810361
1/19/2020 19:00,2020,1,19,1/19/2020,20,13.981,100.74,1.13,590.2620955,0.726882212
1/19/2020 20:00,2020,1,19,1/19/2020,21,15.474,101.946,1.159,526.1688047,0.647954099
1/19/2020 21:00,2020,1,19,1/19/2020,22,13.768,99.386,1.125,526.1734292,0.647959794
1/19/2020 22:00,2020,1,19,1/19/2020,23,13.916,99.904,1.128,526.178084,0.647965526
1/19/2020 23:00,2020,1,19,1/19/2020,24,14.114,99.598,1.132,487.2661958,0.600047221
1/20/2020 0:00,2020,1,20,1/20/2020,1,12.624,99.897,1.102,448.3543378,0.552128953
1/20/2020 1:00,2020,1,20,1/20/2020,2,11.722,98.939,1.084,448.3590831,0.552134796
1/20/2020 2:00,2020,1,20,1/20/2020,3,10.729,99.269,1.08,448.3638586,0.552140677
1/20/2020 3:00,2020,1,20,1/20/2020,4,9.799,100.481,1.08,448.3686643,0.552146595
1/20/2020 4:00,2020,1,20,1/20/2020,5,8.198,99.79,1.08,448.3735002,0.55215255
1/20/2020 5:00,2020,1,20,1/20/2020,6,10.119,99.846,1.08,448.3783663,0.552158543
1/20/2020 6:00,2020,1,20,1/20/2020,7,6.07,99.178,1.08,448.3832625,0.552164572
1/20/2020 7:00,2020,1,20,1/20/2020,8,5.943,99.671,1.08,478.5604252,0.589326441
1/20/2020 8:00,2020,1,20,1/20/2020,9,7.132,102.542,1.08,551.4076038,0.679034587
1/20/2020 9:00,2020,1,20,1/20/2020,10,5.583,102,1.08,624.2548126,0.768742771
1/20/2020 10:00,2020,1,20,1/20/2020,11,5.77,102.633,1.08,654.4320658,0.805904751
1/20/2020 11:00,2020,1,20,1/20/2020,12,4.582,101.778,1.08,654.437113,0.805910967
1/20/2020 12:00,2020,1,20,1/20/2020,13,7.477,101.444,1.08,654.4421903,0.805917219
1/20/2020 13:00,2020,1,20,1/20/2020,14,8.172,101.424,1.08,654.4472977,0.805923509
1/20/2020 14:00,2020,1,20,1/20/2020,15,8.852,101.53,1.08,654.4524354,0.805929835
1/20/2020 15:00,2020,1,20,1/20/2020,16,9.23,100.771,1.08,654.4576031,0.805936199
1/20/2020 16:00,2020,1,20,1/20/2020,17,10.756,101.843,1.08,654.4628011,0.8059426
1/20/2020 17:00,2020,1,20,1/20/2020,18,12.189,98.922,1.094,654.4680292,0.805949039
1/20/2020 18:00,2020,1,20,1/20/2020,19,13.974,102.334,1.129,654.4732874,0.805955514
1/20/2020 19:00,2020,1,20,1/20/2020,20,14.117,102.621,1.132,590.3806907,0.727028256
1/20/2020 20:00,2020,1,20,1/20/2020,21,12.606,99.708,1.102,526.2881241,0.648101036
1/20/2020 21:00,2020,1,20,1/20/2020,22,13.213,99.405,1.114,526.2934728,0.648107623
1/20/2020 22:00,2020,1,20,1/20/2020,23,13.873,99.297,1.127,526.2988516,0.648114246
1/20/2020 23:00,2020,1,20,1/20/2020,24,14.731,100.929,1.145,487.3876875,0.600196833
1/21/2020 0:00,2020,1,21,1/21/2020,1,11.817,99.814,1.086,448.4765535,0.552279456
1/21/2020 1:00,2020,1,21,1/21/2020,2,12.186,99.833,1.094,448.4820227,0.552286191
1/21/2020 2:00,2020,1,21,1/21/2020,3,10.861,99.881,1.08,448.4875221,0.552292963
1/21/2020 3:00,2020,1,21,1/21/2020,4,9.801,99.39,1.08,448.4930516,0.552299773
1/21/2020 4:00,2020,1,21,1/21/2020,5,9.617,98.578,1.08,448.4986112,0.552306619
1/21/2020 5:00,2020,1,21,1/21/2020,6,8.668,101.47,1.08,448.5042009,0.552313503
1/21/2020 6:00,2020,1,21,1/21/2020,7,6.953,100.068,1.08,448.5098208,0.552320423
1/21/2020 7:00,2020,1,21,1/21/2020,8,4.708,99.938,1.08,478.687707,0.589483183
1/21/2020 8:00,2020,1,21,1/21/2020,9,6.449,99.319,1.08,551.5356091,0.67919222
1/21/2020 9:00,2020,1,21,1/21/2020,10,6.468,98.849,1.08,624.3835413,0.768901294
1/21/2020 10:00,2020,1,21,1/21/2020,11,5.009,98.757,1.08,654.5615178,0.806064166
1/21/2020 11:00,2020,1,21,1/21/2020,12,5.439,100.857,1.08,654.5672882,0.806071272
1/21/2020 12:00,2020,1,21,1/21/2020,13,7.998,101.116,1.08,654.5730887,0.806078415
1/21/2020 13:00,2020,1,21,1/21/2020,14,7.074,99.139,1.08,654.5789193,0.806085595
1/21/2020 14:00,2020,1,21,1/21/2020,15,9.684,101.528,1.08,654.58478,0.806092812
1/21/2020 15:00,2020,1,21,1/21/2020,16,10.317,101.082,1.08,654.5906708,0.806100066
1/21/2020 16:00,2020,1,21,1/21/2020,17,11.808,99.176,1.086,654.5965917,0.806107358
1/21/2020 17:00,2020,1,21,1/21/2020,18,12.301,99.233,1.096,654.6025427,0.806114686
1/21/2020 18:00,2020,1,21,1/21/2020,19,13.775,99.511,1.125,654.6085237,0.806122051
1/21/2020 19:00,2020,1,21,1/21/2020,20,12.494,99.529,1.1,590.5166497,0.727195684
1/21/2020 20:00,2020,1,21,1/21/2020,21,13.58,100.436,1.122,526.4248057,0.648269353
1/21/2020 21:00,2020,1,21,1/21/2020,22,13.766,99.121,1.125,526.430877,0.64827683
1/21/2020 22:00,2020,1,21,1/21/2020,23,13.829,100.722,1.127,526.4369784,0.648284343
1/21/2020 23:00,2020,1,21,1/21/2020,24,13.828,101.614,1.127,487.5265367,0.600367819
1/22/2020 0:00,2020,1,22,1/22/2020,1,13.548,101.173,1.121,448.616125,0.552451332
1/22/2020 1:00,2020,1,22,1/22/2020,2,12.757,99.92,1.105,448.6223165,0.552458957
1/22/2020 2:00,2020,1,22,1/22/2020,3,9.995,101.794,1.08,448.6285381,0.552466618
1/22/2020 3:00,2020,1,22,1/22/2020,4,10.122,98.904,1.08,448.6347898,0.552474317
1/22/2020 4:00,2020,1,22,1/22/2020,5,8.387,100.632,1.08,448.6410715,0.552482053
1/22/2020 5:00,2020,1,22,1/22/2020,6,7.025,99.043,1.08,448.6473832,0.552489825
1/22/2020 6:00,2020,1,22,1/22/2020,7,7.962,100.99,1.08,448.653725,0.552497635
1/22/2020 7:00,2020,1,22,1/22/2020,8,5.873,101.08,1.08,478.8323331,0.589661284
1/22/2020 8:00,2020,1,22,1/22/2020,9,5.81,101.503,1.08,551.680957,0.67937121
1/22/2020 9:00,2020,1,22,1/22/2020,10,4.866,100.325,1.08,624.5296109,0.769081173
1/22/2020 10:00,2020,1,22,1/22/2020,11,6.161,99.049,1.08,654.708309,0.806244933
1/22/2020 11:00,2020,1,22,1/22/2020,12,5.731,101.105,1.08,654.714801,0.806252927
1/22/2020 12:00,2020,1,22,1/22/2020,13,6.277,98.673,1.08,654.721323,0.806260959
1/22/2020 13:00,2020,1,22,1/22/2020,14,7.21,100.569,1.08,654.727875,0.806269027
1/22/2020 14:00,2020,1,22,1/22/2020,15,9.49,99.448,1.08,654.734457,0.806277133
1/22/2020 15:00,2020,1,22,1/22/2020,16,11.277,100.885,1.08,654.7410691,0.806285275
1/22/2020 16:00,2020,1,22,1/22/2020,17,11.692,99.207,1.084,654.7477111,0.806293455
1/22/2020 17:00,2020,1,22,1/22/2020,18,10.902,101.098,1.08,654.7543832,0.806301671
1/22/2020 18:00,2020,1,22,1/22/2020,19,12.892,99.078,1.108,654.7610852,0.806309924
1/22/2020 19:00,2020,1,22,1/22/2020,20,15.854,99.357,1.167,590.6699322,0.727384445
1/22/2020 20:00,2020,1,22,1/22/2020,21,14.639,101.283,1.143,526.5788091,0.648459002
1/22/2020 21:00,2020,1,22,1/22/2020,22,14.206,99.76,1.134,526.5856012,0.648467366
1/22/2020 22:00,2020,1,22,1/22/2020,23,14.49,100.426,1.14,526.5924232,0.648475767
1/22/2020 23:00,2020,1,22,1/22/2020,24,12.925,98.431,1.109,487.6827021,0.60056013
1/23/2020 0:00,2020,1,23,1/23/2020,1,13.023,100.664,1.11,448.773011,0.552644531
1/23/2020 1:00,2020,1,23,1/23/2020,2,11.691,100.661,1.084,448.779923,0.552653042
1/23/2020 2:00,2020,1,23,1/23/2020,3,10.914,100.027,1.08,448.786865,0.552661591
1/23/2020 3:00,2020,1,23,1/23/2020,4,10.464,100.565,1.08,448.7938369,0.552670177
1/23/2020 4:00,2020,1,23,1/23/2020,5,9.678,99.43,1.08,448.8008388,0.552678799
1/23/2020 5:00,2020,1,23,1/23/2020,6,7.007,98.863,1.08,448.8078707,0.552687459
1/23/2020 6:00,2020,1,23,1/23/2020,7,5.746,100.423,1.08,448.8149326,0.552696155
1/23/2020 7:00,2020,1,23,1/23/2020,8,6.467,103.037,1.08,478.9942606,0.589860691
1/23/2020 8:00,2020,1,23,1/23/2020,9,5.937,103.171,1.08,551.8436044,0.679571503
1/23/2020 9:00,2020,1,23,1/23/2020,10,5.99,102.759,1.08,624.6929781,0.769282352
1/23/2020 10:00,2020,1,23,1/23/2020,11,4.828,103.607,1.08,654.872396,0.806446999
1/23/2020 11:00,2020,1,23,1/23/2020,12,6.74,101.407,1.08,654.8796076,0.80645588
1/23/2020 12:00,2020,1,23,1/23/2020,13,6.384,101.563,1.08,654.8868491,0.806464797
1/23/2020 13:00,2020,1,23,1/23/2020,14,8.484,102.348,1.08,654.8941206,0.806473752
1/23/2020 14:00,2020,1,23,1/23/2020,15,9.265,99.755,1.08,654.901422,0.806482743
1/23/2020 15:00,2020,1,23,1/23/2020,16,10.084,101.345,1.08,654.9087533,0.806491771
1/23/2020 16:00,2020,1,23,1/23/2020,17,10.504,103.207,1.08,654.9161146,0.806500836
1/23/2020 17:00,2020,1,23,1/23/2020,18,11.368,104.252,1.08,654.9235058,0.806509938
1/23/2020 18:00,2020,1,23,1/23/2020,19,12.632,101.119,1.103,654.9309269,0.806519077
1/23/2020 19:00,2020,1,23,1/23/2020,20,13.104,101.582,1.112,590.8404928,0.727594483
1/23/2020 20:00,2020,1,23,1/23/2020,21,14.528,98.956,1.141,526.7500885,0.648669925
1/23/2020 21:00,2020,1,23,1/23/2020,22,14.299,100.075,1.136,526.7575994,0.648679174
1/23/2020 22:00,2020,1,23,1/23/2020,23,14.478,100.595,1.14,526.7651401,0.64868846
1/23/2020 23:00,2020,1,23,1/23/2020,24,13.769,100.87,1.125,487.8561376,0.600773709
1/24/2020 0:00,2020,1,24,1/24/2020,1,13.247,99.202,1.115,448.947165,0.552858994
1/24/2020 1:00,2020,1,24,1/24/2020,2,12.266,101.614,1.095,448.9547954,0.55286839
1/24/2020 2:00,2020,1,24,1/24/2020,3,11.123,99.478,1.08,448.9624557,0.552877824
1/24/2020 3:00,2020,1,24,1/24/2020,4,10.223,99.984,1.08,448.9701459,0.552887294
1/24/2020 4:00,2020,1,24,1/24/2020,5,7.857,99.877,1.08,448.977866,0.552896801
1/24/2020 5:00,2020,1,24,1/24/2020,6,7.077,98.597,1.08,448.9856159,0.552906344
1/24/2020 6:00,2020,1,24,1/24/2020,7,6.329,99.621,1.08,448.9933957,0.552915925
1/24/2020 7:00,2020,1,24,1/24/2020,8,4.137,100.312,1.08,479.1734416,0.590081345
1/24/2020 8:00,2020,1,24,1/24/2020,9,6.94,102.567,1.08,552.0235032,0.679793041
1/24/2020 9:00,2020,1,24,1/24/2020,10,4.967,103.683,1.08,624.8735945,0.769504774
1/24/2020 10:00,2020,1,24,1/24/2020,11,5.765,101.585,1.08,655.0537301,0.806670304
1/24/2020 11:00,2020,1,24,1/24/2020,12,5.784,102.108,1.08,655.0616591,0.806680068
1/24/2020 12:00,2020,1,24,1/24/2020,13,6.247,102.571,1.08,655.0696181,0.806689869
1/24/2020 13:00,2020,1,24,1/24/2020,14,6.951,102.582,1.08,655.0776069,0.806699707
1/24/2020 14:00,2020,1,24,1/24/2020,15,9.237,101.526,1.08,655.0856255,0.806709582
1/24/2020 15:00,2020,1,24,1/24/2020,16,10.35,101.651,1.08,655.093674,0.806719493
1/24/2020 16:00,2020,1,24,1/24/2020,17,11.254,102.094,1.08,655.1017522,0.806729441
1/24/2020 17:00,2020,1,24,1/24/2020,18,13.118,103.568,1.112,655.1098604,0.806739426
1/24/2020 18:00,2020,1,24,1/24/2020,19,13.648,100.759,1.123,655.1179983,0.806749447
1/24/2020 19:00,2020,1,24,1/24/2020,20,13.535,100.997,1.121,591.0282809,0.727825736
1/24/2020 20:00,2020,1,24,1/24/2020,21,14.388,97.558,1.138,526.9385933,0.648902061
1/24/2020 21:00,2020,1,24,1/24/2020,22,14.238,100.229,1.135,526.9468207,0.648912192
1/24/2020 22:00,2020,1,24,1/24/2020,23,15.813,99.011,1.166,526.9550779,0.648922361
1/24/2020 23:00,2020,1,24,1/24/2020,24,14.023,100.019,1.13,488.0467917,0.601008491
1/25/2020 0:00,2020,1,25,1/25/2020,1,11.528,98.337,1.081,449.1385354,0.553094658
1/25/2020 1:00,2020,1,25,1/25/2020,2,13.902,100.664,1.128,449.146882,0.553104936
1/25/2020 2:00,2020,1,25,1/25/2020,3,10.086,100.44,1.08,449.1552583,0.553115252
1/25/2020 3:00,2020,1,25,1/25/2020,4,11.588,99.367,1.082,449.1636644,0.553125603
1/25/2020 4:00,2020,1,25,1/25/2020,5,8.9,99.415,1.08,449.1721004,0.553135992
1/25/2020 5:00,2020,1,25,1/25/2020,6,7.857,98.47,1.08,449.1805661,0.553146417
1/25/2020 6:00,2020,1,25,1/25/2020,7,7.148,100.859,1.08,449.1890615,0.553156879
1/25/2020 7:00,2020,1,25,1/25/2020,8,6.033,99.339,1.08,479.369823,0.59032318
1/25/2020 8:00,2020,1,25,1/25/2020,9,6.192,101.207,1.08,552.2206,0.680035757
1/25/2020 9:00,2020,1,25,1/25/2020,10,5.304,102.779,1.08,625.0714067,0.769748371
1/25/2020 10:00,2020,1,25,1/25/2020,11,4.618,99.941,1.08,655.2522575,0.806914782
1/25/2020 11:00,2020,1,25,1/25/2020,12,6.463,101.674,1.08,655.2609017,0.806925427
1/25/2020 12:00,2020,1,25,1/25/2020,13,7.084,101.311,1.08,655.2695757,0.806936108
1/25/2020 13:00,2020,1,25,1/25/2020,14,7.828,103.633,1.08,655.2782794,0.806946827
1/25/2020 14:00,2020,1,25,1/25/2020,15,9.796,101.507,1.08,655.2870129,0.806957582
1/25/2020 15:00,2020,1,25,1/25/2020,16,10.394,103.675,1.08,655.2957761,0.806968373
1/25/2020 16:00,2020,1,25,1/25/2020,17,11.606,103.043,1.082,655.304569,0.806979201
1/25/2020 17:00,2020,1,25,1/25/2020,18,12.409,102.509,1.098,655.3133917,0.806990066
1/25/2020 18:00,2020,1,25,1/25/2020,19,12.493,101.955,1.1,655.322244,0.807000967
1/25/2020 19:00,2020,1,25,1/25/2020,20,13.442,101.461,1.119,591.233241,0.728078135
1/25/2020 20:00,2020,1,25,1/25/2020,21,14.454,99.928,1.139,527.1442676,0.649155339
1/25/2020 21:00,2020,1,25,1/25/2020,22,13.975,99.164,1.129,527.1532091,0.649166351
1/25/2020 22:00,2020,1,25,1/25/2020,23,14.752,99.763,1.145,527.1621803,0.649177398
1/25/2020 23:00,2020,1,25,1/25/2020,24,14.4,98.768,1.138,488.254608,0.601264408
1/26/2020 0:00,2020,1,26,1/26/2020,1,13.704,99.598,1.124,449.3470654,0.553351454
1/26/2020 1:00,2020,1,26,1/26/2020,2,13.354,97.878,1.117,449.3561257,0.553362611
1/26/2020 2:00,2020,1,26,1/26/2020,3,10.534,98.48,1.08,449.3652156,0.553373805
1/26/2020 3:00,2020,1,26,1/26/2020,4,8.457,100.156,1.08,449.3743352,0.553385035
1/26/2020 4:00,2020,1,26,1/26/2020,5,8.921,98.156,1.08,449.3834845,0.553396302
1/26/2020 5:00,2020,1,26,1/26/2020,6,8.595,98.677,1.08,449.3926634,0.553407606
1/26/2020 6:00,2020,1,26,1/26/2020,7,6.341,101.144,1.08,449.401872,0.553418946
1/26/2020 7:00,2020,1,26,1/26/2020,8,5.995,99.791,1.08,479.5833465,0.590586125
1/26/2020 8:00,2020,1,26,1/26/2020,9,5.764,103.694,1.08,552.4348364,0.68029958
1/26/2020 9:00,2020,1,26,1/26/2020,10,5.403,100.521,1.08,625.286356,0.770013072
1/26/2020 10:00,2020,1,26,1/26/2020,11,6.113,99.997,1.08,655.4679195,0.80718036
1/26/2020 11:00,2020,1,26,1/26/2020,12,6.236,103.106,1.08,655.4772763,0.807191883
1/26/2020 12:00,2020,1,26,1/26/2020,13,5.781,103.09,1.08,655.4866628,0.807203442
1/26/2020 13:00,2020,1,26,1/26/2020,14,9.213,103.415,1.08,655.4960788,0.807215037
1/26/2020 14:00,2020,1,26,1/26/2020,15,9.425,101.139,1.08,655.5055246,0.807226669
1/26/2020 15:00,2020,1,26,1/26/2020,16,10.089,100.786,1.08,655.5149999,0.807238338
1/26/2020 16:00,2020,1,26,1/26/2020,17,11.301,103.268,1.08,655.5245048,0.807250043
1/26/2020 17:00,2020,1,26,1/26/2020,18,11.485,99.149,1.08,655.5340394,0.807261784
1/26/2020 18:00,2020,1,26,1/26/2020,19,12.275,101.916,1.096,655.5436036,0.807273562
1/26/2020 19:00,2020,1,26,1/26/2020,20,13.217,100.99,1.114,591.4553122,0.728351606
1/26/2020 20:00,2020,1,26,1/26/2020,21,14.945,98.969,1.149,527.3670504,0.649429687
1/26/2020 21:00,2020,1,26,1/26/2020,22,15.898,100.133,1.168,527.3767033,0.649441574
1/26/2020 22:00,2020,1,26,1/26/2020,23,15.097,99.625,1.152,527.3863858,0.649453498
1/26/2020 23:00,2020,1,26,1/26/2020,24,13.711,100.194,1.124,488.4795248,0.601541383
1/27/2020 0:00,2020,1,27,1/27/2020,1,13.715,98.066,1.124,449.5726934,0.553629305
1/27/2020 1:00,2020,1,27,1/27/2020,2,13.404,101.19,1.118,449.5824646,0.553641338
1/27/2020 2:00,2020,1,27,1/27/2020,3,10.646,101.184,1.08,449.5922654,0.553653407
1/27/2020 3:00,2020,1,27,1/27/2020,4,10.954,99.115,1.08,449.6020958,0.553665513
1/27/2020 4:00,2020,1,27,1/27/2020,5,9.492,102.063,1.08,449.6119557,0.553677655
1/27/2020 5:00,2020,1,27,1/27/2020,6,7.154,98.374,1.08,449.6218452,0.553689833
1/27/2020 6:00,2020,1,27,1/27/2020,7,7.353,101.364,1.08,449.6317642,0.553702048
1/27/2020 7:00,2020,1,27,1/27/2020,8,7.913,99.19,1.08,479.813949,0.590870102
1/27/2020 8:00,2020,1,27,1/27/2020,9,5.529,100.48,1.08,552.6661491,0.680584431
1/27/2020 9:00,2020,1,27,1/27/2020,10,6.384,100.974,1.08,625.5183787,0.770298798
1/27/2020 10:00,2020,1,27,1/27/2020,11,5.513,101.62,1.08,655.7006521,0.80746696
1/27/2020 11:00,2020,1,27,1/27/2020,12,6.91,101.994,1.08,655.7107187,0.807479357
1/27/2020 12:00,2020,1,27,1/27/2020,13,6.31,101.967,1.08,655.7208149,0.80749179
1/27/2020 13:00,2020,1,27,1/27/2020,14,7.5,100.081,1.08,655.7309405,0.807504259
1/27/2020 14:00,2020,1,27,1/27/2020,15,9.161,102.965,1.08,655.7410957,0.807516765
1/27/2020 15:00,2020,1,27,1/27/2020,16,11.06,101.742,1.08,655.7512804,0.807529307
1/27/2020 16:00,2020,1,27,1/27/2020,17,12.287,101.006,1.096,655.7614945,0.807541885
1/27/2020 17:00,2020,1,27,1/27/2020,18,11.99,101.538,1.09,655.7717382,0.8075545
1/27/2020 18:00,2020,1,27,1/27/2020,19,13.988,102.639,1.13,655.7820113,0.807567151
1/27/2020 19:00,2020,1,27,1/27/2020,20,14.567,103.659,1.141,591.6944288,0.728646068
1/27/2020 20:00,2020,1,27,1/27/2020,21,15.684,99.55,1.164,527.6068757,0.649725021
1/27/2020 21:00,2020,1,27,1/27/2020,22,14.219,101.394,1.134,527.6172372,0.649737781
1/27/2020 22:00,2020,1,27,1/27/2020,23,13.886,100.996,1.128,527.6276282,0.649750577
1/27/2020 23:00,2020,1,27,1/27/2020,24,14.98,99.859,1.15,488.7214756,0.601839335
1/28/2020 0:00,2020,1,28,1/28/2020,1,12.33,100.677,1.097,449.8153523,0.553928129
1/28/2020 1:00,2020,1,28,1/28/2020,2,11.863,98.859,1.087,449.8258317,0.553941034
1/28/2020 2:00,2020,1,28,1/28/2020,3,10.604,100.053,1.08,449.8363405,0.553953975
1/28/2020 3:00,2020,1,28,1/28/2020,4,10.348,99.667,1.08,449.8468787,0.553966952
1/28/2020 4:00,2020,1,28,1/28/2020,5,8.302,98.726,1.08,449.8574463,0.553979966
1/28/2020 5:00,2020,1,28,1/28/2020,6,7.186,98.591,1.08,449.8680434,0.553993016
1/28/2020 6:00,2020,1,28,1/28/2020,7,7.303,99.174,1.08,449.8786699,0.554006102
1/28/2020 7:00,2020,1,28,1/28/2020,8,7.483,101.736,1.08,480.061562,0.591175026
1/28/2020 8:00,2020,1,28,1/28/2020,9,6.253,99.13,1.08,552.9144693,0.680890227
1/28/2020 9:00,2020,1,28,1/28/2020,10,6.083,100.299,1.08,625.767406,0.770605464
1/28/2020 10:00,2020,1,28,1/28/2020,11,5.662,101.036,1.08,655.9503864,0.807774497
1/28/2020 11:00,2020,1,28,1/28/2020,12,6.447,101.532,1.08,655.9611598,0.807787764
1/28/2020 12:00,2020,1,28,1/28/2020,13,6.65,99.924,1.08,655.9719627,0.807801068
1/28/2020 13:00,2020,1,28,1/28/2020,14,7.455,98.91,1.08,655.9827949,0.807814407
1/28/2020 14:00,2020,1,28,1/28/2020,15,7.893,99.505,1.08,655.9936566,0.807827783
1/28/2020 15:00,2020,1,28,1/28/2020,16,9.816,100.987,1.08,656.0045475,0.807841194
1/28/2020 16:00,2020,1,28,1/28/2020,17,11.137,99.42,1.08,656.0154679,0.807854642
1/28/2020 17:00,2020,1,28,1/28/2020,18,13.024,100.991,1.11,656.0264176,0.807868126
1/28/2020 18:00,2020,1,28,1/28/2020,19,13.333,99.169,1.117,656.0373966,0.807881647
1/28/2020 19:00,2020,1,28,1/28/2020,20,13.766,99.965,1.125,591.9505199,0.728961433
1/28/2020 20:00,2020,1,28,1/28/2020,21,13.193,101.382,1.114,527.8636725,0.650041255
1/28/2020 21:00,2020,1,28,1/28/2020,22,13.104,99.496,1.112,527.8747395,0.650054884
1/28/2020 22:00,2020,1,28,1/28/2020,23,14.341,99.522,1.137,527.8858359,0.650068549
1/28/2020 23:00,2020,1,28,1/28/2020,24,13.605,99.936,1.122,488.9803885,0.602158175
1/29/2020 0:00,2020,1,29,1/29/2020,1,13.271,101.145,1.115,450.0749704,0.554247837
1/29/2020 1:00,2020,1,29,1/29/2020,2,11.745,99.846,1.085,450.0861548,0.55426161
1/29/2020 2:00,2020,1,29,1/29/2020,3,11.455,99.856,1.08,450.0973684,0.554275419
1/29/2020 3:00,2020,1,29,1/29/2020,4,9.223,101.342,1.08,450.1086113,0.554289265
1/29/2020 4:00,2020,1,29,1/29/2020,5,9.711,100.839,1.08,450.1198836,0.554303146
1/29/2020 5:00,2020,1,29,1/29/2020,6,8.687,102.217,1.08,450.1311851,0.554317063
1/29/2020 6:00,2020,1,29,1/29/2020,7,4.318,99.577,1.08,450.1425159,0.554331017
1/29/2020 7:00,2020,1,29,1/29/2020,8,5.997,100.089,1.08,480.3261122,0.591500808
1/29/2020 8:00,2020,1,29,1/29/2020,9,4.56,99.635,1.08,553.1797236,0.681216876
1/29/2020 9:00,2020,1,29,1/29/2020,10,5.479,99.258,1.08,626.0333642,0.77093298
1/29/2020 10:00,2020,1,29,1/29/2020,11,4.468,100.12,1.08,656.2170483,0.80810288
1/29/2020 11:00,2020,1,29,1/29/2020,12,4.233,101.18,1.08,656.2285254,0.808117013
1/29/2020 12:00,2020,1,29,1/29/2020,13,6.858,100.979,1.08,656.2400318,0.808131183
1/29/2020 13:00,2020,1,29,1/29/2020,14,8.05,99.191,1.08,656.2515674,0.808145389
1/29/2020 14:00,2020,1,29,1/29/2020,15,8.931,99.983,1.08,656.2631322,0.80815963
1/29/2020 15:00,2020,1,29,1/29/2020,16,11.517,97.668,1.08,656.2747263,0.808173908
1/29/2020 16:00,2020,1,29,1/29/2020,17,11.752,100.261,1.085,656.2863496,0.808188221
1/29/2020 17:00,2020,1,29,1/29/2020,18,11.928,99.06,1.089,656.2980021,0.808202571
1/29/2020 18:00,2020,1,29,1/29/2020,19,12.383,100.476,1.098,656.3096838,0.808216957
1/29/2020 19:00,2020,1,29,1/29/2020,20,13.455,100.504,1.119,592.2235096,0.729297608
1/29/2020 20:00,2020,1,29,1/29/2020,21,13.941,99.379,1.129,528.1373646,0.650378295
1/29/2020 21:00,2020,1,29,1/29/2020,22,14.851,99.357,1.147,528.1491339,0.650392789
1/29/2020 22:00,2020,1,29,1/29/2020,23,14.007,98.929,1.13,528.1609324,0.650407318
1/29/2020 23:00,2020,1,29,1/29/2020,24,14.093,99.802,1.132,489.256187,0.602497809
1/30/2020 0:00,2020,1,30,1/30/2020,1,13.511,99.631,1.12,450.3514707,0.554588335
1/30/2020 1:00,2020,1,30,1/30/2020,2,12.366,99.989,1.097,450.3633567,0.554602972
1/30/2020 2:00,2020,1,30,1/30/2020,3,10.828,100.574,1.08,450.3752719,0.554617645
1/30/2020 3:00,2020,1,30,1/30/2020,4,10.35,101.735,1.08,450.3872162,0.554632354
1/30/2020 4:00,2020,1,30,1/30/2020,5,9.729,101.514,1.08,450.3991897,0.554647099
1/30/2020 5:00,2020,1,30,1/30/2020,6,6.116,98.676,1.08,450.4111923,0.55466188
1/30/2020 6:00,2020,1,30,1/30/2020,7,8.303,99.419,1.08,450.4232241,0.554676697
1/30/2020 7:00,2020,1,30,1/30/2020,8,5.451,98.765,1.08,480.6075213,0.591847351
1/30/2020 8:00,2020,1,30,1/30/2020,9,4.551,101.752,1.08,553.4618333,0.681564282
1/30/2020 9:00,2020,1,30,1/30/2020,10,6.171,102.147,1.08,626.3161744,0.771281248
1/30/2020 10:00,2020,1,30,1/30/2020,11,5.901,101.464,1.08,656.5005589,0.808452011
1/30/2020 11:00,2020,1,30,1/30/2020,12,6.258,100.528,1.08,656.5127363,0.808467007
1/30/2020 12:00,2020,1,30,1/30/2020,13,7.322,101.559,1.08,656.5249427,0.808482039
1/30/2020 13:00,2020,1,30,1/30/2020,14,8.288,101.628,1.08,656.5371783,0.808497106
1/30/2020 14:00,2020,1,30,1/30/2020,15,9.271,102.798,1.08,656.5494429,0.80851221
1/30/2020 15:00,2020,1,30,1/30/2020,16,10.069,103.221,1.08,656.5617367,0.808527349
1/30/2020 16:00,2020,1,30,1/30/2020,17,8.706,102.846,1.08,656.5740595,0.808542524
1/30/2020 17:00,2020,1,30,1/30/2020,18,12.784,101.377,1.106,656.5864113,0.808557734
1/30/2020 18:00,2020,1,30,1/30/2020,19,13.616,102.302,1.122,656.5987922,0.808572981
1/30/2020 19:00,2020,1,30,1/30/2020,20,13.373,102.224,1.117,592.5133171,0.729654493
1/30/2020 20:00,2020,1,30,1/30/2020,21,13.86,100.424,1.127,528.427871,0.650736041
1/30/2020 21:00,2020,1,30,1/30/2020,22,14.873,99.068,1.147,528.440339,0.650751395
1/30/2020 22:00,2020,1,30,1/30/2020,23,13.912,100.258,1.128,528.4528362,0.650766785
1/30/2020 23:00,2020,1,30,1/30/2020,24,12.784,100.555,1.106,489.5487892,0.602858136
1/31/2020 0:00,2020,1,31,1/31/2020,1,12.066,99.994,1.091,450.6447712,0.554949522
1/31/2020 1:00,2020,1,31,1/31/2020,2,12.487,99.444,1.1,450.6573554,0.554965019
1/31/2020 2:00,2020,1,31,1/31/2020,3,11.355,100.154,1.08,450.6699686,0.554980552
1/31/2020 3:00,2020,1,31,1/31/2020,4,11.058,100.057,1.08,450.6826108,0.55499612
1/31/2020 4:00,2020,1,31,1/31/2020,5,8.096,99.829,1.08,450.695282,0.555011724
1/31/2020 5:00,2020,1,31,1/31/2020,6,8.515,99.677,1.08,450.7079821,0.555027364
1/31/2020 6:00,2020,1,31,1/31/2020,7,6.81,101.236,1.08,450.7207113,0.555043039
1/31/2020 7:00,2020,1,31,1/31/2020,8,5.278,98.672,1.08,480.9057057,0.592214553
1/31/2020 8:00,2020,1,31,1/31/2020,9,5.912,103.044,1.08,553.7607148,0.681932342
1/31/2020 9:00,2020,1,31,1/31/2020,10,5.968,102.978,1.08,626.6157529,0.771650166
1/31/2020 10:00,2020,1,31,1/31/2020,11,6.989,101.778,1.08,656.8008342,0.808821787
1/31/2020 11:00,2020,1,31,1/31/2020,12,5.267,102.019,1.08,656.8137082,0.808837641
1/31/2020 12:00,2020,1,31,1/31/2020,13,5.538,101.553,1.08,656.8266111,0.80885353
1/31/2020 13:00,2020,1,31,1/31/2020,14,8.502,102.524,1.08,656.839543,0.808869455
1/31/2020 14:00,2020,1,31,1/31/2020,15,8.419,103.533,1.08,656.8525038,0.808885416
1/31/2020 15:00,2020,1,31,1/31/2020,16,10.129,102.165,1.08,656.8654935,0.808901412
1/31/2020 16:00,2020,1,31,1/31/2020,17,10.906,102.557,1.08,656.8785122,0.808917444
1/31/2020 17:00,2020,1,31,1/31/2020,18,12.343,102.319,1.097,656.8915597,0.808933512
1/31/2020 18:00,2020,1,31,1/31/2020,19,12.151,101.365,1.093,656.9046362,0.808949615
1/31/2020 19:00,2020,1,31,1/31/2020,20,16.233,100.778,1.175,592.8198564,0.730031983
1/31/2020 20:00,2020,1,31,1/31/2020,21,14.058,100.363,1.131,528.7351055,0.651114388
1/31/2020 21:00,2020,1,31,1/31/2020,22,14.264,98.439,1.135,528.7482687,0.651130597
1/31/2020 22:00,2020,1,31,1/31/2020,23,13.515,98.629,1.12,528.7614607,0.651146843
1/31/2020 23:00,2020,1,31,1/31/2020,24,13.941,100.089,1.129,489.8581085,0.603239049
2/1/2020 0:00,2020,2,1,2/1/2020,1,15.548,98.669,1.161,438.3278012,0.539781707
2/1/2020 1:00,2020,2,1,2/1/2020,2,14.443,100.157,1.139,438.3410798,0.539798059
2/1/2020 2:00,2020,2,1,2/1/2020,3,12.874,103.088,1.107,438.3543873,0.539814447
2/1/2020 3:00,2020,2,1,2/1/2020,4,11.115,98.607,1.08,438.3677236,0.53983087
2/1/2020 4:00,2020,2,1,2/1/2020,5,10.913,100.028,1.08,438.3810887,0.539847328
2/1/2020 5:00,2020,2,1,2/1/2020,6,9.193,99.725,1.08,438.3944827,0.539863822
2/1/2020 6:00,2020,2,1,2/1/2020,7,7.358,100.725,1.08,438.4079055,0.539880352
2/1/2020 7:00,2020,2,1,2/1/2020,8,6.951,101.272,1.08,467.0806288,0.575189569
2/1/2020 8:00,2020,2,1,2/1/2020,9,6.815,100.777,1.08,536.2837115,0.660410169
2/1/2020 9:00,2020,2,1,2/1/2020,10,6.613,101.779,1.08,605.486823,0.745630804
2/1/2020 10:00,2020,2,1,2/1/2020,11,4.968,101.917,1.08,634.1596327,0.780940128
2/1/2020 11:00,2020,2,1,2/1/2020,12,8.044,102.443,1.08,634.1731995,0.780956835
2/1/2020 12:00,2020,2,1,2/1/2020,13,8.537,104.237,1.08,634.1867951,0.780973577
2/1/2020 13:00,2020,2,1,2/1/2020,14,8.988,101.544,1.08,634.2004194,0.780990355
2/1/2020 14:00,2020,2,1,2/1/2020,15,10.773,100.55,1.08,634.2140726,0.781007168
2/1/2020 15:00,2020,2,1,2/1/2020,16,11.861,103.253,1.087,634.2277544,0.781024017
2/1/2020 16:00,2020,2,1,2/1/2020,17,12.787,102.589,1.106,634.2414651,0.781040901
2/1/2020 17:00,2020,2,1,2/1/2020,18,13.966,103.041,1.129,634.2552045,0.78105782
2/1/2020 18:00,2020,2,1,2/1/2020,19,14.824,101.362,1.146,634.2689726,0.781074775
2/1/2020 19:00,2020,2,1,2/1/2020,20,16.213,101.64,1.174,573.3990257,0.706116071
2/1/2020 20:00,2020,2,1,2/1/2020,21,16.301,101.481,1.176,512.5291075,0.631157403
2/1/2020 21:00,2020,2,1,2/1/2020,22,17.174,100.859,1.193,512.5429618,0.631174464
2/1/2020 22:00,2020,2,1,2/1/2020,23,16.302,98.825,1.176,512.5568448,0.63119156
2/1/2020 23:00,2020,2,1,2/1/2020,24,15.582,97.77,1.162,475.6056263,0.585687734
2/2/2020 0:00,2020,2,2,2/2/2020,1,15.594,100.813,1.162,438.6544366,0.540183944
2/2/2020 1:00,2020,2,2,2/2/2020,2,14.1,100.267,1.132,438.6684057,0.540201147
2/2/2020 2:00,2020,2,2,2/2/2020,3,12.625,99.735,1.102,438.6824035,0.540218384
2/2/2020 3:00,2020,2,2,2/2/2020,4,11.113,100.671,1.08,438.6964299,0.540235657
2/2/2020 4:00,2020,2,2,2/2/2020,5,11.441,99.787,1.08,438.7104851,0.540252966
2/2/2020 5:00,2020,2,2,2/2/2020,6,10.027,100.103,1.08,438.7245689,0.540270309
2/2/2020 6:00,2020,2,2,2/2/2020,7,8.551,101.756,1.08,438.7386813,0.540287688
2/2/2020 7:00,2020,2,2,2/2/2020,8,7.01,100.508,1.08,467.412094,0.575597754
2/2/2020 8:00,2020,2,2,2/2/2020,9,9.025,101.666,1.08,536.6158661,0.660819203
2/2/2020 9:00,2020,2,2,2/2/2020,10,8.276,101.738,1.08,605.8196667,0.746040687
2/2/2020 10:00,2020,2,2,2/2/2020,11,8.133,100.395,1.08,634.4931654,0.781350859
2/2/2020 11:00,2020,2,2,2/2/2020,12,8.034,99.495,1.08,634.507421,0.781368414
2/2/2020 12:00,2020,2,2,2/2/2020,13,8.242,102.313,1.08,634.5217052,0.781386004
2/2/2020 13:00,2020,2,2,2/2/2020,14,10.021,103.053,1.08,634.536018,0.78140363
2/2/2020 14:00,2020,2,2,2/2/2020,15,10.828,101.836,1.08,634.5503594,0.781421291
2/2/2020 15:00,2020,2,2,2/2/2020,16,12.08,102.014,1.092,634.5647294,0.781438987
2/2/2020 16:00,2020,2,2,2/2/2020,17,12.726,100.58,1.105,634.579128,0.781456718
2/2/2020 17:00,2020,2,2,2/2/2020,18,14.217,100.807,1.134,634.5935551,0.781474484
2/2/2020 18:00,2020,2,2,2/2/2020,19,14.679,103.126,1.144,634.6080108,0.781492286
2/2/2020 19:00,2020,2,2,2/2/2020,20,16.635,101.746,1.183,573.7387513,0.706534429
2/2/2020 20:00,2020,2,2,2/2/2020,21,16.275,98.87,1.176,512.8695203,0.631576606
2/2/2020 21:00,2020,2,2,2/2/2020,22,18.38,100.363,1.211,512.8840617,0.631594513
2/2/2020 22:00,2020,2,2,2/2/2020,23,16.02,100.34,1.17,512.8986316,0.631612456
2/2/2020 23:00,2020,2,2,2/2/2020,24,16.106,101.629,1.172,475.9480998,0.586109476
2/3/2020 0:00,2020,2,3,2/3/2020,1,16.62,101.927,1.182,438.9975966,0.540606531
2/3/2020 1:00,2020,2,3,2/3/2020,2,13.531,97.957,1.121,439.0122521,0.540624579
2/3/2020 2:00,2020,2,3,2/3/2020,3,14.012,98.802,1.13,439.0269361,0.540642661
2/3/2020 3:00,2020,2,3,2/3/2020,4,11.043,100.542,1.08,439.0416485,0.540660779
2/3/2020 4:00,2020,2,3,2/3/2020,5,10.669,98.555,1.08,439.0563895,0.540678932
2/3/2020 5:00,2020,2,3,2/3/2020,6,9.381,99.24,1.08,439.0711589,0.54069712
2/3/2020 6:00,2020,2,3,2/3/2020,7,8.318,98.167,1.08,439.0859568,0.540715343
2/3/2020 7:00,2020,2,3,2/3/2020,8,8.897,101.82,1.08,467.7600548,0.576026253
2/3/2020 8:00,2020,2,3,2/3/2020,9,8.288,102.833,1.08,536.964512,0.661248545
2/3/2020 9:00,2020,2,3,2/3/2020,10,7.631,101.687,1.08,606.1689976,0.746470873
2/3/2020 10:00,2020,2,3,2/3/2020,11,7.153,102.849,1.08,634.843181,0.781781888
2/3/2020 11:00,2020,2,3,2/3/2020,12,6.361,101.91,1.08,634.8581211,0.781800286
2/3/2020 12:00,2020,2,3,2/3/2020,13,9.013,101.779,1.08,634.8730897,0.781818719
2/3/2020 13:00,2020,2,3,2/3/2020,14,9.423,100.736,1.08,634.8880868,0.781837187
2/3/2020 14:00,2020,2,3,2/3/2020,15,9.992,101.087,1.08,634.9031122,0.78185569
2/3/2020 15:00,2020,2,3,2/3/2020,16,12.024,102.161,1.09,634.918166,0.781874229
2/3/2020 16:00,2020,2,3,2/3/2020,17,13.247,102.573,1.115,634.9332483,0.781892802
2/3/2020 17:00,2020,2,3,2/3/2020,18,14.091,102.596,1.132,634.9483589,0.78191141
2/3/2020 18:00,2020,2,3,2/3/2020,19,15.562,102.068,1.161,634.9634979,0.781930053
2/3/2020 19:00,2020,2,3,2/3/2020,20,17.848,99.976,1.207,574.0949215,0.706973037
2/3/2020 20:00,2020,2,3,2/3/2020,21,16.184,100.518,1.174,513.2263735,0.632016056
2/3/2020 21:00,2020,2,3,2/3/2020,22,17.504,99.707,1.2,513.2415976,0.632034803
2/3/2020 22:00,2020,2,3,2/3/2020,23,18.3,100.801,1.211,513.25685,0.632053586
2/3/2020 23:00,2020,2,3,2/3/2020,24,16.349,98.679,1.177,476.3070007,0.586551447
2/4/2020 0:00,2020,2,4,2/4/2020,1,15.428,100.128,1.159,439.3571797,0.541049342
2/4/2020 1:00,2020,2,4,2/4/2020,2,15.091,101.68,1.152,439.3725171,0.541068229
2/4/2020 2:00,2020,2,4,2/4/2020,3,13.151,100.126,1.113,439.3878829,0.541087152
2/4/2020 3:00,2020,2,4,2/4/2020,4,12.167,100.329,1.093,439.403277,0.541106109
2/4/2020 4:00,2020,2,4,2/4/2020,5,9.536,101.352,1.08,439.4186995,0.541125101
2/4/2020 5:00,2020,2,4,2/4/2020,6,9.389,101.475,1.08,439.4341502,0.541144128
2/4/2020 6:00,2020,2,4,2/4/2020,7,9.605,100.706,1.08,439.4496292,0.54116319
2/4/2020 7:00,2020,2,4,2/4/2020,8,7.768,99.14,1.08,468.1244081,0.576474938
2/4/2020 8:00,2020,2,4,2/4/2020,9,8.811,100.802,1.08,537.3295459,0.661698069
2/4/2020 9:00,2020,2,4,2/4/2020,10,7.132,100.094,1.08,606.534712,0.746921234
2/4/2020 10:00,2020,2,4,2/4/2020,11,7.885,99.557,1.08,635.2095758,0.782233087
2/4/2020 11:00,2020,2,4,2/4/2020,12,7.079,97.319,1.08,635.2251961,0.782252323
2/4/2020 12:00,2020,2,4,2/4/2020,13,8.318,99.808,1.08,635.2408446,0.782271593
2/4/2020 13:00,2020,2,4,2/4/2020,14,9.162,100.321,1.08,635.2565214,0.782290899
2/4/2020 14:00,2020,2,4,2/4/2020,15,10.68,98.577,1.08,635.2722264,0.782310239
2/4/2020 15:00,2020,2,4,2/4/2020,16,12.395,100.494,1.098,635.2879597,0.782329613
2/4/2020 16:00,2020,2,4,2/4/2020,17,12.646,100.162,1.103,635.3037211,0.782349023
2/4/2020 17:00,2020,2,4,2/4/2020,18,13.3,99.58,1.116,635.3195107,0.782368467
2/4/2020 18:00,2020,2,4,2/4/2020,19,15.26,100.252,1.155,635.3353285,0.782387946
2/4/2020 19:00,2020,2,4,2/4/2020,20,16.539,100.982,1.181,574.4674308,0.707431766
2/4/2020 20:00,2020,2,4,2/4/2020,21,17.687,99.684,1.204,513.5995612,0.63247562
2/4/2020 21:00,2020,2,4,2/4/2020,22,15.662,100.388,1.163,513.6154635,0.632495203
2/4/2020 22:00,2020,2,4,2/4/2020,23,14.974,98.977,1.149,513.631394,0.632514821
2/4/2020 23:00,2020,2,4,2/4/2020,24,15.562,99.91,1.161,476.6822225,0.587013516
2/5/2020 0:00,2020,2,5,2/5/2020,1,16.286,99.58,1.176,439.7330792,0.541512246
2/5/2020 1:00,2020,2,5,2/5/2020,2,13.294,100.923,1.116,439.7490941,0.541531968
2/5/2020 2:00,2020,2,5,2/5/2020,3,12.639,100.21,1.103,439.7651372,0.541551724
2/5/2020 3:00,2020,2,5,2/5/2020,4,13.114,100.469,1.112,439.7812084,0.541571515
2/5/2020 4:00,2020,2,5,2/5/2020,5,10.37,101.015,1.08,439.7973077,0.541591341
2/5/2020 5:00,2020,2,5,2/5/2020,6,9.421,100.187,1.08,439.8134351,0.541611201
2/5/2020 6:00,2020,2,5,2/5/2020,7,8.619,99.529,1.08,439.8295905,0.541631096
2/5/2020 7:00,2020,2,5,2/5/2020,8,8.32,99.053,1.08,468.5050458,0.576943677
2/5/2020 8:00,2020,2,5,2/5/2020,9,7.101,98.915,1.08,537.7108597,0.66216764
2/5/2020 9:00,2020,2,5,2/5/2020,10,5.587,99.041,1.08,606.9167018,0.747391638
2/5/2020 10:00,2020,2,5,2/5/2020,11,7.126,99.373,1.08,635.5922412,0.782704323
2/5/2020 11:00,2020,2,5,2/5/2020,12,7.984,98.782,1.08,635.608537,0.782724391
2/5/2020 12:00,2020,2,5,2/5/2020,13,6.184,100.859,1.08,635.6248609,0.782744493
2/5/2020 13:00,2020,2,5,2/5/2020,14,10.455,98.703,1.08,635.6412128,0.782764629
2/5/2020 14:00,2020,2,5,2/5/2020,15,10.43,100.579,1.08,635.6575927,0.782784801
2/5/2020 15:00,2020,2,5,2/5/2020,16,10.507,100.609,1.08,635.6740007,0.782805006
2/5/2020 16:00,2020,2,5,2/5/2020,17,12.7,101.033,1.104,635.6904366,0.782825246
2/5/2020 17:00,2020,2,5,2/5/2020,18,15.617,102.002,1.162,635.7069006,0.782845521
2/5/2020 18:00,2020,2,5,2/5/2020,19,15.844,102.43,1.167,635.7233926,0.78286583
2/5/2020 19:00,2020,2,5,2/5/2020,20,16.099,99.233,1.172,574.8561687,0.70791048
2/5/2020 20:00,2020,2,5,2/5/2020,21,16.364,99.705,1.177,513.9889728,0.632955164
2/5/2020 21:00,2020,2,5,2/5/2020,22,14.854,98.93,1.147,514.0055487,0.632975576
2/5/2020 22:00,2020,2,5,2/5/2020,23,16.411,98.037,1.178,514.0221525,0.632996023
2/5/2020 23:00,2020,2,5,2/5/2020,24,16.769,100.926,1.185,477.0736542,0.587495547
2/6/2020 0:00,2020,2,6,2/6/2020,1,14.525,98.95,1.141,440.1251837,0.541995106
2/6/2020 1:00,2020,2,6,2/6/2020,2,14.68,98.686,1.144,440.1418714,0.542015656
2/6/2020 2:00,2020,2,6,2/6/2020,3,12.448,100.147,1.099,440.158587,0.54203624
2/6/2020 3:00,2020,2,6,2/6/2020,4,12.315,99.315,1.096,440.1753305,0.542056859
2/6/2020 4:00,2020,2,6,2/6/2020,5,9.535,100.204,1.08,440.1921019,0.542077513
2/6/2020 5:00,2020,2,6,2/6/2020,6,9.742,100.304,1.08,440.2089012,0.5420982
2/6/2020 6:00,2020,2,6,2/6/2020,7,7.369,99.994,1.08,440.2257284,0.542118922
2/6/2020 7:00,2020,2,6,2/6/2020,8,6.443,101.082,1.08,468.9018551,0.577432331
2/6/2020 8:00,2020,2,6,2/6/2020,9,6.838,101.975,1.08,538.1083404,0.66265712
2/6/2020 9:00,2020,2,6,2/6/2020,10,6.811,101.934,1.08,607.3148535,0.747881945
2/6/2020 10:00,2020,2,6,2/6/2020,11,7.307,102.897,1.08,635.9910638,0.783195456
2/6/2020 11:00,2020,2,6,2/6/2020,12,6.921,101.983,1.08,636.0080304,0.783216349
2/6/2020 12:00,2020,2,6,2/6/2020,13,8.074,102.99,1.08,636.0250247,0.783237277
2/6/2020 13:00,2020,2,6,2/6/2020,14,9.393,104.081,1.08,636.0420469,0.783258239
2/6/2020 14:00,2020,2,6,2/6/2020,15,11.507,101.189,1.08,636.0590969,0.783279236
2/6/2020 15:00,2020,2,6,2/6/2020,16,12.724,101.048,1.104,636.0761747,0.783300266
2/6/2020 16:00,2020,2,6,2/6/2020,17,13.157,101.113,1.113,636.0932803,0.783321331
2/6/2020 17:00,2020,2,6,2/6/2020,18,15.402,103.277,1.158,636.1104137,0.78334243
2/6/2020 18:00,2020,2,6,2/6/2020,19,15.151,102.209,1.153,636.1275749,0.783363563
2/6/2020 19:00,2020,2,6,2/6/2020,20,17.741,101.347,1.205,575.2610201,0.708409037
2/6/2020 20:00,2020,2,6,2/6/2020,21,17.575,99.772,1.201,514.3944931,0.633454544
2/6/2020 21:00,2020,2,6,2/6/2020,22,16.261,98.774,1.175,514.4117376,0.63347578
2/6/2020 22:00,2020,2,6,2/6/2020,23,15.946,97.772,1.169,514.4290098,0.63349705
2/6/2020 23:00,2020,2,6,2/6/2020,24,15.775,100.013,1.165,477.4811796,0.587997397
2/7/2020 0:00,2020,2,7,2/7/2020,1,16.083,100.77,1.172,440.5333772,0.542497778
2/7/2020 1:00,2020,2,7,2/7/2020,2,13.585,98.126,1.122,440.5507326,0.542519151
2/7/2020 2:00,2020,2,7,2/7/2020,3,13.544,100.118,1.121,440.5681158,0.542540557
2/7/2020 3:00,2020,2,7,2/7/2020,4,12.075,99.521,1.091,440.5855266,0.542561998
2/7/2020 4:00,2020,2,7,2/7/2020,5,11.659,100.854,1.083,440.6029652,0.542583473
2/7/2020 5:00,2020,2,7,2/7/2020,6,8.677,100.177,1.08,440.6204314,0.542604982
2/7/2020 6:00,2020,2,7,2/7/2020,7,8.18,99.155,1.08,440.6379254,0.542626525
2/7/2020 7:00,2020,2,7,2/7/2020,8,7.054,100.251,1.08,469.3147186,0.577940754
2/7/2020 8:00,2020,2,7,2/7/2020,9,8.128,102.142,1.08,538.5218702,0.663166364
2/7/2020 9:00,2020,2,7,2/7/2020,10,8.728,101.484,1.08,607.7290494,0.748392009
2/7/2020 10:00,2020,2,7,2/7/2020,11,7.761,101.606,1.08,636.4059256,0.78370634
2/7/2020 11:00,2020,2,7,2/7/2020,12,8.409,103.718,1.08,636.4235577,0.783728053
2/7/2020 12:00,2020,2,7,2/7/2020,13,7.919,101.659,1.08,636.4412175,0.783749801
2/7/2020 13:00,2020,2,7,2/7/2020,14,10.46,103.588,1.08,636.4589049,0.783771582
2/7/2020 14:00,2020,2,7,2/7/2020,15,9.899,101.584,1.08,636.47662,0.783793397
2/7/2020 15:00,2020,2,7,2/7/2020,16,11.85,103.538,1.087,636.4943626,0.783815246
2/7/2020 16:00,2020,2,7,2/7/2020,17,12.541,103.035,1.101,636.5121328,0.78383713
2/7/2020 17:00,2020,2,7,2/7/2020,18,13.979,102.214,1.13,636.5299306,0.783859047
2/7/2020 18:00,2020,2,7,2/7/2020,19,15.657,102.187,1.163,636.5477559,0.783880998
2/7/2020 19:00,2020,2,7,2/7/2020,20,17.077,101.211,1.192,575.681865,0.708927289
2/7/2020 20:00,2020,2,7,2/7/2020,21,15.548,100.587,1.161,514.8160017,0.633973614
2/7/2020 21:00,2020,2,7,2/7/2020,22,15.989,100.436,1.17,514.8339097,0.633995667
2/7/2020 22:00,2020,2,7,2/7/2020,23,16.634,98.365,1.183,514.8518452,0.634017754
2/7/2020 23:00,2020,2,7,2/7/2020,24,15.92,100.783,1.168,477.9046781,0.588518917
2/8/2020 0:00,2020,2,8,2/8/2020,1,15.465,101.08,1.159,440.9575386,0.543020115
2/8/2020 1:00,2020,2,8,2/8/2020,2,13.655,100.128,1.123,440.9755566,0.543042303
2/8/2020 2:00,2020,2,8,2/8/2020,3,12.623,99.603,1.102,440.9936022,0.543064525
2/8/2020 3:00,2020,2,8,2/8/2020,4,11.017,99.861,1.08,441.0116753,0.543086782
2/8/2020 4:00,2020,2,8,2/8/2020,5,10.957,100.515,1.08,441.0297758,0.543109072
2/8/2020 5:00,2020,2,8,2/8/2020,6,9.001,99.948,1.08,441.0479038,0.543131396
2/8/2020 6:00,2020,2,8,2/8/2020,7,8.979,99.755,1.08,441.0660593,0.543153753
2/8/2020 7:00,2020,2,8,2/8/2020,8,8.26,100.39,1.08,469.7435138,0.578468797
2/8/2020 8:00,2020,2,8,2/8/2020,9,7.397,102.112,1.08,538.9513265,0.663695221
2/8/2020 9:00,2020,2,8,2/8/2020,10,8.034,101.816,1.08,608.1591665,0.748921679
2/8/2020 10:00,2020,2,8,2/8/2020,11,7.815,103.628,1.08,636.8367034,0.784236824
2/8/2020 11:00,2020,2,8,2/8/2020,12,8.769,101.304,1.08,636.854996,0.784259351
2/8/2020 12:00,2020,2,8,2/8/2020,13,7.842,100.708,1.08,636.873316,0.784281911
2/8/2020 13:00,2020,2,8,2/8/2020,14,10.238,100.249,1.08,636.8916634,0.784304505
2/8/2020 14:00,2020,2,8,2/8/2020,15,10.859,101.935,1.08,636.9100382,0.784327133
2/8/2020 15:00,2020,2,8,2/8/2020,16,11.748,101.412,1.085,636.9284404,0.784349794
2/8/2020 16:00,2020,2,8,2/8/2020,17,14.499,100.993,1.14,636.9468699,0.78437249
2/8/2020 17:00,2020,2,8,2/8/2020,18,13.64,102.825,1.123,636.9653268,0.784395218
2/8/2020 18:00,2020,2,8,2/8/2020,19,15.233,101.698,1.155,636.983811,0.784417981
2/8/2020 19:00,2020,2,8,2/8/2020,20,16.125,100.944,1.172,576.1185788,0.709465083
2/8/2020 20:00,2020,2,8,2/8/2020,21,16.271,100.578,1.175,515.2533739,0.634512219
2/8/2020 21:00,2020,2,8,2/8/2020,22,17.262,99.117,1.195,515.2719401,0.634535082
2/8/2020 22:00,2020,2,8,2/8/2020,23,17.735,99.251,1.205,515.2905336,0.634557979
2/8/2020 23:00,2020,2,8,2/8/2020,24,16.844,99.641,1.187,478.3440242,0.589059953
2/9/2020 0:00,2020,2,9,2/9/2020,1,14.303,100.984,1.136,441.3975421,0.54356196
2/9/2020 1:00,2020,2,9,2/9/2020,2,13.588,99.84,1.122,441.4162175,0.543584958
2/9/2020 2:00,2020,2,9,2/9/2020,3,13.837,99.669,1.127,441.4349202,0.543607989
2/9/2020 3:00,2020,2,9,2/9/2020,4,11.093,99.468,1.08,441.4536501,0.543631055
2/9/2020 4:00,2020,2,9,2/9/2020,5,10.522,99.047,1.08,441.4724072,0.543654153
2/9/2020 5:00,2020,2,9,2/9/2020,6,8.599,100.565,1.08,441.4911916,0.543677285
2/9/2020 6:00,2020,2,9,2/9/2020,7,6.829,99.501,1.08,441.5100032,0.543700451
2/9/2020 7:00,2020,2,9,2/9/2020,8,6.256,100.388,1.08,470.1881137,0.579016302
2/9/2020 8:00,2020,2,9,2/9/2020,9,6.665,101.742,1.08,539.3965821,0.664243534
2/9/2020 9:00,2020,2,9,2/9/2020,10,7.579,102.375,1.08,608.6050776,0.7494708
2/9/2020 10:00,2020,2,9,2/9/2020,11,7.338,101.674,1.08,637.2832697,0.784786751
2/9/2020 11:00,2020,2,9,2/9/2020,12,7.919,100.992,1.08,637.3022173,0.784810085
2/9/2020 12:00,2020,2,9,2/9/2020,13,8.791,102.283,1.08,637.3211921,0.784833451
2/9/2020 13:00,2020,2,9,2/9/2020,14,9.385,102.355,1.08,637.3401941,0.784856851
2/9/2020 14:00,2020,2,9,2/9/2020,15,11.502,102.869,1.08,637.3592232,0.784880285
2/9/2020 15:00,2020,2,9,2/9/2020,16,11.947,100.901,1.089,637.3782794,0.784903752
2/9/2020 16:00,2020,2,9,2/9/2020,17,13.197,100.174,1.114,637.3973628,0.784927252
2/9/2020 17:00,2020,2,9,2/9/2020,18,15.535,102.09,1.161,637.4164733,0.784950786
2/9/2020 18:00,2020,2,9,2/9/2020,19,14.959,101.537,1.149,637.435611,0.784974353
2/9/2020 19:00,2020,2,9,2/9/2020,20,16.175,102.832,1.174,576.5710319,0.710022259
2/9/2020 20:00,2020,2,9,2/9/2020,21,16.652,100.435,1.183,515.7064799,0.635070199
2/9/2020 21:00,2020,2,9,2/9/2020,22,17.695,99.286,1.204,515.7256988,0.635093866
2/9/2020 22:00,2020,2,9,2/9/2020,23,17.374,99.071,1.197,515.7449448,0.635117567
2/9/2020 23:00,2020,2,9,2/9/2020,24,15.091,100.016,1.152,478.7990877,0.589620344
2/10/2020 0:00,2020,2,10,2/10/2020,1,14.519,100.278,1.14,441.8532576,0.544123154
2/10/2020 1:00,2020,2,10,2/10/2020,2,14.293,101.72,1.136,441.8725847,0.544146954
2/10/2020 2:00,2020,2,10,2/10/2020,3,13.168,99.637,1.113,441.8919389,0.544170788
2/10/2020 3:00,2020,2,10,2/10/2020,4,13.357,98.823,1.117,441.9113201,0.544194655
2/10/2020 4:00,2020,2,10,2/10/2020,5,11.124,99.834,1.08,441.9307283,0.544218556
2/10/2020 5:00,2020,2,10,2/10/2020,6,9.439,101.984,1.08,441.9501635,0.544242489
2/10/2020 6:00,2020,2,10,2/10/2020,7,8.98,100.324,1.08,441.9696257,0.544266456
2/10/2020 7:00,2020,2,10,2/10/2020,8,6.586,100.298,1.08,470.6483865,0.579583108
2/10/2020 8:00,2020,2,10,2/10/2020,9,7.523,103.015,1.08,539.857505,0.664811141
2/10/2020 9:00,2020,2,10,2/10/2020,10,7.547,101.512,1.08,609.0666504,0.750039207
2/10/2020 10:00,2020,2,10,2/10/2020,11,5.554,100.552,1.08,637.7454922,0.785355958
2/10/2020 11:00,2020,2,10,2/10/2020,12,6.965,103.214,1.08,637.7650892,0.785380091
2/10/2020 12:00,2020,2,10,2/10/2020,13,8.334,103.515,1.08,637.7847132,0.785404257
2/10/2020 13:00,2020,2,10,2/10/2020,14,8.677,101.16,1.08,637.804364,0.785428457
2/10/2020 14:00,2020,2,10,2/10/2020,15,10.531,100.862,1.08,637.8240418,0.785452689
2/10/2020 15:00,2020,2,10,2/10/2020,16,11.808,99.995,1.086,637.8437465,0.785476954
2/10/2020 16:00,2020,2,10,2/10/2020,17,11.937,102.275,1.089,637.8634781,0.785501253
2/10/2020 17:00,2020,2,10,2/10/2020,18,14.221,101.548,1.134,637.8832366,0.785525585
2/10/2020 18:00,2020,2,10,2/10/2020,19,15.612,101.974,1.162,637.9030219,0.785549949
2/10/2020 19:00,2020,2,10,2/10/2020,20,17.165,102.344,1.193,577.0390903,0.710598653
2/10/2020 20:00,2020,2,10,2/10/2020,21,15.265,100.332,1.155,516.1751856,0.63564739
2/10/2020 21:00,2020,2,10,2/10/2020,22,15.8,100.768,1.166,516.1950515,0.635671854
2/10/2020 22:00,2020,2,10,2/10/2020,23,16.869,97.822,1.187,516.2149443,0.635696351
2/10/2020 23:00,2020,2,10,2/10/2020,24,17.537,99.39,1.201,479.2697336,0.590199924
2/11/2020 0:00,2020,2,11,2/11/2020,1,14.801,98.648,1.146,442.3245499,0.54470353
2/11/2020 1:00,2020,2,11,2/11/2020,2,14.337,99.654,1.137,442.344523,0.544728126
2/11/2020 2:00,2020,2,11,2/11/2020,3,12.672,101.991,1.103,442.364523,0.544752755
2/11/2020 3:00,2020,2,11,2/11/2020,4,10.122,100.258,1.08,442.3845497,0.544777417
2/11/2020 4:00,2020,2,11,2/11/2020,5,9.805,100.666,1.08,442.4046032,0.544802112
2/11/2020 5:00,2020,2,11,2/11/2020,6,10.081,101.25,1.08,442.4246835,0.54482684
2/11/2020 6:00,2020,2,11,2/11/2020,7,8.297,98.246,1.08,442.4447905,0.544851601
2/11/2020 7:00,2020,2,11,2/11/2020,8,7.358,99.345,1.08,471.1241959,0.580169047
2/11/2020 8:00,2020,2,11,2/11/2020,9,7.091,100.918,1.08,540.3339587,0.665397873
2/11/2020 9:00,2020,2,11,2/11/2020,10,6.669,99.679,1.08,609.5437482,0.750626732
2/11/2020 10:00,2020,2,11,2/11/2020,11,5.931,100.66,1.08,638.2232338,0.785944277
2/11/2020 11:00,2020,2,11,2/11/2020,12,6.676,99.888,1.08,638.2434744,0.785969202
2/11/2020 12:00,2020,2,11,2/11/2020,13,8.21,99.388,1.08,638.2637417,0.78599416
2/11/2020 13:00,2020,2,11,2/11/2020,14,9.129,102.029,1.08,638.2840357,0.786019151
2/11/2020 14:00,2020,2,11,2/11/2020,15,9.304,100.23,1.08,638.3043564,0.786044175
2/11/2020 15:00,2020,2,11,2/11/2020,16,12.338,100.468,1.097,638.3247037,0.786069232
2/11/2020 16:00,2020,2,11,2/11/2020,17,13.737,100.969,1.125,638.3450776,0.786094322
2/11/2020 17:00,2020,2,11,2/11/2020,18,14.953,98.896,1.149,638.3654782,0.786119444
2/11/2020 18:00,2020,2,11,2/11/2020,19,15.3,99.594,1.156,638.3859054,0.7861446
2/11/2020 19:00,2020,2,11,2/11/2020,20,16.832,98.453,1.187,577.5226154,0.711194093
2/11/2020 20:00,2020,2,11,2/11/2020,21,16.133,100.388,1.173,516.6593521,0.63624362
2/11/2020 21:00,2020,2,11,2/11/2020,22,15.587,99.038,1.162,516.6798591,0.636268874
2/11/2020 22:00,2020,2,11,2/11/2020,23,15.693,101.003,1.164,516.7003927,0.63629416
2/11/2020 23:00,2020,2,11,2/11/2020,24,17.766,98.877,1.205,479.7558227,0.590798522
2/12/2020 0:00,2020,2,12,2/12/2020,1,14.828,99.876,1.147,442.8112793,0.545302916
2/12/2020 1:00,2020,2,12,2/12/2020,2,13.333,98.737,1.117,442.8318926,0.5453283
2/12/2020 2:00,2020,2,12,2/12/2020,3,13.054,99.348,1.111,442.8525324,0.545353718
2/12/2020 3:00,2020,2,12,2/12/2020,4,12.687,99.475,1.104,442.8731987,0.545379167
2/12/2020 4:00,2020,2,12,2/12/2020,5,10.979,100.497,1.08,442.8938916,0.54540465
2/12/2020 5:00,2020,2,12,2/12/2020,6,9.474,99.627,1.08,442.914611,0.545430165
2/12/2020 6:00,2020,2,12,2/12/2020,7,9.145,99.298,1.08,442.9353569,0.545455712
2/12/2020 7:00,2020,2,12,2/12/2020,8,7.745,100.777,1.08,471.6154009,0.580773945
2/12/2020 8:00,2020,2,12,2/12/2020,9,6.298,99.152,1.08,540.825802,0.666003557
2/12/2020 9:00,2020,2,12,2/12/2020,10,6.396,99.992,1.08,610.0362297,0.751233201
2/12/2020 10:00,2020,2,12,2/12/2020,11,7.798,100.604,1.08,638.7163531,0.786551532
2/12/2020 11:00,2020,2,12,2/12/2020,12,6.612,102.167,1.08,638.7372313,0.786577242
2/12/2020 12:00,2020,2,12,2/12/2020,13,8.073,98.437,1.08,638.7581359,0.786602985
2/12/2020 13:00,2020,2,12,2/12/2020,14,9.986,97.675,1.08,638.779067,0.786628761
2/12/2020 14:00,2020,2,12,2/12/2020,15,10.122,98.642,1.08,638.8000245,0.786654569
2/12/2020 15:00,2020,2,12,2/12/2020,16,12.763,98.8,1.105,638.8210083,0.78668041
2/12/2020 16:00,2020,2,12,2/12/2020,17,12.546,99.144,1.101,638.8420186,0.786706283
2/12/2020 17:00,2020,2,12,2/12/2020,18,13.609,99.369,1.122,638.8630553,0.786732189
2/12/2020 18:00,2020,2,12,2/12/2020,19,16.286,98.351,1.176,638.8841183,0.786758127
2/12/2020 19:00,2020,2,12,2/12/2020,20,14.865,99.674,1.147,578.0214639,0.711808404
2/12/2020 20:00,2020,2,12,2/12/2020,21,14.415,99.754,1.138,517.1588358,0.636858713
2/12/2020 21:00,2020,2,12,2/12/2020,22,15.94,100.677,1.169,517.1799779,0.636884748
2/12/2020 22:00,2020,2,12,2/12/2020,23,16.404,100.063,1.178,517.2011462,0.636910816
2/12/2020 23:00,2020,2,12,2/12/2020,24,16.005,99.438,1.17,480.2572108,0.591415959
2/13/2020 0:00,2020,2,13,2/13/2020,1,15.935,100.865,1.169,443.3133016,0.545921135
2/13/2020 1:00,2020,2,13,2/13/2020,2,14.196,98.598,1.134,443.3345489,0.5459473
2/13/2020 2:00,2020,2,13,2/13/2020,3,12.183,99.795,1.094,443.3558225,0.545973497
2/13/2020 3:00,2020,2,13,2/13/2020,4,11.511,99.236,1.08,443.3771223,0.545999727
2/13/2020 4:00,2020,2,13,2/13/2020,5,9.808,99.609,1.08,443.3984484,0.54602599
2/13/2020 5:00,2020,2,13,2/13/2020,6,8.892,100.982,1.08,443.4198008,0.546052284
2/13/2020 6:00,2020,2,13,2/13/2020,7,9.058,100.216,1.08,443.4411794,0.546078611
2/13/2020 7:00,2020,2,13,2/13/2020,8,7.657,99.534,1.08,472.1218559,0.581397622
2/13/2020 8:00,2020,2,13,2/13/2020,9,7.291,101.667,1.08,541.3328892,0.666628013
2/13/2020 9:00,2020,2,13,2/13/2020,10,8.382,101.93,1.08,610.5439487,0.751858436
2/13/2020 10:00,2020,2,13,2/13/2020,11,7.389,101.406,1.08,639.2247038,0.787177543
2/13/2020 11:00,2020,2,13,2/13/2020,12,6.768,100.434,1.08,639.2462134,0.787204032
2/13/2020 12:00,2020,2,13,2/13/2020,13,7.874,100.796,1.08,639.2677492,0.787230552
2/13/2020 13:00,2020,2,13,2/13/2020,14,9.49,101.954,1.08,639.2893112,0.787257105
2/13/2020 14:00,2020,2,13,2/13/2020,15,9.391,101.049,1.08,639.3108993,0.787283689
2/13/2020 15:00,2020,2,13,2/13/2020,16,12.717,100.849,1.104,639.3325135,0.787310306
2/13/2020 16:00,2020,2,13,2/13/2020,17,12.45,101.046,1.099,639.3541539,0.787336956
2/13/2020 17:00,2020,2,13,2/13/2020,18,13.264,101.773,1.115,639.3758204,0.787363637
2/13/2020 18:00,2020,2,13,2/13/2020,19,15.319,101.832,1.156,639.3975129,0.78739035
2/13/2020 19:00,2020,2,13,2/13/2020,20,17.34,101.914,1.197,578.5354878,0.712441402
2/13/2020 20:00,2020,2,13,2/13/2020,21,16.806,98.234,1.186,517.6734888,0.637492486
2/13/2020 21:00,2020,2,13,2/13/2020,22,17.542,99.414,1.201,517.6952596,0.637519295
2/13/2020 22:00,2020,2,13,2/13/2020,23,16.568,99.982,1.181,517.7170565,0.637546137
2/13/2020 23:00,2020,2,13,2/13/2020,24,15.648,100.708,1.163,480.7737493,0.592052054
2/14/2020 0:00,2020,2,14,2/14/2020,1,15.121,99.513,1.152,443.8304681,0.546558003
2/14/2020 1:00,2020,2,14,2/14/2020,2,14.471,98.535,1.139,443.8523431,0.546584941
2/14/2020 2:00,2020,2,14,2/14/2020,3,13.598,98.924,1.122,443.8742442,0.546611911
2/14/2020 3:00,2020,2,14,2/14/2020,4,11.072,100.278,1.08,443.8961712,0.546638914
2/14/2020 4:00,2020,2,14,2/14/2020,5,10.12,101.552,1.08,443.9181242,0.546665948
2/14/2020 5:00,2020,2,14,2/14/2020,6,10.274,101.418,1.08,443.9401032,0.546693014
2/14/2020 6:00,2020,2,14,2/14/2020,7,9.809,100.776,1.08,443.9621082,0.546720112
2/14/2020 7:00,2020,2,14,2/14/2020,8,9.097,99.298,1.08,472.6434108,0.582039894
2/14/2020 8:00,2020,2,14,2/14/2020,9,9.231,102.028,1.08,541.8550699,0.667271056
2/14/2020 9:00,2020,2,14,2/14/2020,10,8.151,102.196,1.08,611.0667551,0.752502249
2/14/2020 10:00,2020,2,14,2/14/2020,11,5.542,103.208,1.08,639.7481354,0.787822127
2/14/2020 11:00,2020,2,14,2/14/2020,12,8.641,103.331,1.08,639.7702701,0.787849385
2/14/2020 12:00,2020,2,14,2/14/2020,13,7.72,102.272,1.08,639.7924306,0.787876674
2/14/2020 13:00,2020,2,14,2/14/2020,14,9.922,103.7,1.08,639.8146171,0.787903996
2/14/2020 14:00,2020,2,14,2/14/2020,15,9.775,101.567,1.08,639.8368294,0.78793135
2/14/2020 15:00,2020,2,14,2/14/2020,16,12.087,101.341,1.092,639.8590676,0.787958735
2/14/2020 16:00,2020,2,14,2/14/2020,17,13.504,101.862,1.12,639.8813316,0.787986152
2/14/2020 17:00,2020,2,14,2/14/2020,18,14.779,100.81,1.146,639.9036215,0.788013601
2/14/2020 18:00,2020,2,14,2/14/2020,19,14.128,100.423,1.133,639.9259373,0.788041082
2/14/2020 19:00,2020,2,14,2/14/2020,20,16.491,101.623,1.18,579.064535,0.713092901
2/14/2020 20:00,2020,2,14,2/14/2020,21,16.812,99.94,1.186,518.2031586,0.638144751
2/14/2020 21:00,2020,2,14,2/14/2020,22,15.935,98.984,1.169,518.2255517,0.638172327
2/14/2020 22:00,2020,2,14,2/14/2020,23,18.01,99.539,1.21,518.2479707,0.638199935
2/14/2020 23:00,2020,2,14,2/14/2020,24,16.273,99.213,1.175,481.3052852,0.592706618
2/15/2020 0:00,2020,2,15,2/15/2020,1,14.744,101.528,1.145,444.3626256,0.547213332
2/15/2020 1:00,2020,2,15,2/15/2020,2,13.981,100.155,1.13,444.3851218,0.547241035
2/15/2020 2:00,2020,2,15,2/15/2020,3,13.666,98.826,1.123,444.4076438,0.54726877
2/15/2020 3:00,2020,2,15,2/15/2020,4,10.887,98.189,1.08,444.4301915,0.547296536
2/15/2020 4:00,2020,2,15,2/15/2020,5,9.488,99.971,1.08,444.4527649,0.547324335
2/15/2020 5:00,2020,2,15,2/15/2020,6,9.772,100.563,1.08,444.4753641,0.547352164
2/15/2020 6:00,2020,2,15,2/15/2020,7,7.597,99.153,1.08,444.4979889,0.547380026
2/15/2020 7:00,2020,2,15,2/15/2020,8,9.859,99.221,1.08,473.179911,0.582700571
2/15/2020 8:00,2020,2,15,2/15/2020,9,7.924,101.104,1.08,542.3921895,0.667932495
2/15/2020 9:00,2020,2,15,2/15/2020,10,7.817,102.107,1.08,611.6044937,0.753164451
2/15/2020 10:00,2020,2,15,2/15/2020,11,8.092,100.686,1.08,640.2864928,0.788485091
2/15/2020 11:00,2020,2,15,2/15/2020,12,7.803,100.899,1.08,640.3092459,0.78851311
2/15/2020 12:00,2020,2,15,2/15/2020,13,7.731,102.566,1.08,640.3320247,0.788541161
2/15/2020 13:00,2020,2,15,2/15/2020,14,8.908,102.311,1.08,640.354829,0.788569244
2/15/2020 14:00,2020,2,15,2/15/2020,15,11.28,101.575,1.08,640.377659,0.788597358
2/15/2020 15:00,2020,2,15,2/15/2020,16,11.354,103.389,1.08,640.4005146,0.788625503
2/15/2020 16:00,2020,2,15,2/15/2020,17,12.096,103.009,1.092,640.4233957,0.788653681
2/15/2020 17:00,2020,2,15,2/15/2020,18,14.903,99.952,1.148,640.4463024,0.788681889
2/15/2020 18:00,2020,2,15,2/15/2020,19,16.486,100.36,1.18,640.4692347,0.788710129
2/15/2020 19:00,2020,2,15,2/15/2020,20,15.016,101.577,1.15,579.6084487,0.713762707
2/15/2020 20:00,2020,2,15,2/15/2020,21,16.949,100.113,1.189,518.7476882,0.638815316
2/15/2020 21:00,2020,2,15,2/15/2020,22,16.767,101.127,1.185,518.770697,0.63884365
2/15/2020 22:00,2020,2,15,2/15/2020,23,17.058,100.322,1.191,518.7937314,0.638872016
2/15/2020 23:00,2020,2,15,2/15/2020,24,16.137,99.614,1.173,481.8516611,0.593379456
2/16/2020 0:00,2020,2,16,2/16/2020,1,15.641,99.989,1.163,444.9096162,0.547886927
2/16/2020 1:00,2020,2,16,2/16/2020,2,14.468,99.492,1.139,444.932727,0.547915387
2/16/2020 2:00,2020,2,16,2/16/2020,3,14.022,99.529,1.13,444.9558633,0.547943878
2/16/2020 3:00,2020,2,16,2/16/2020,4,12.214,101.144,1.094,444.979025,0.547972401
2/16/2020 4:00,2020,2,16,2/16/2020,5,10.305,99.783,1.08,445.0022122,0.548000955
2/16/2020 5:00,2020,2,16,2/16/2020,6,7.817,98.997,1.08,445.0254247,0.54802954
2/16/2020 6:00,2020,2,16,2/16/2020,7,8.758,101.018,1.08,445.0486627,0.548058157
2/16/2020 7:00,2020,2,16,2/16/2020,8,7.263,99.25,1.08,473.7311977,0.583379457
2/16/2020 8:00,2020,2,16,2/16/2020,9,6.477,104.622,1.08,542.9440888,0.668612135
2/16/2020 9:00,2020,2,16,2/16/2020,10,6.528,103.903,1.08,612.1570052,0.753844845
2/16/2020 10:00,2020,2,16,2/16/2020,11,7.635,101.68,1.08,640.8396164,0.789166238
2/16/2020 11:00,2020,2,16,2/16/2020,12,9.04,99.855,1.08,640.8629813,0.789195011
2/16/2020 12:00,2020,2,16,2/16/2020,13,9.692,103.58,1.08,640.8863715,0.789223815
2/16/2020 13:00,2020,2,16,2/16/2020,14,10.829,102.94,1.08,640.909787,0.78925265
2/16/2020 14:00,2020,2,16,2/16/2020,15,10.935,102.365,1.08,640.9332278,0.789281517
2/16/2020 15:00,2020,2,16,2/16/2020,16,11.443,102.111,1.08,640.956694,0.789310414
2/16/2020 16:00,2020,2,16,2/16/2020,17,12.814,100.246,1.106,640.9801854,0.789339343
2/16/2020 17:00,2020,2,16,2/16/2020,18,14.031,101.399,1.131,641.0037021,0.789368303
2/16/2020 18:00,2020,2,16,2/16/2020,19,15.693,101.902,1.164,641.0272441,0.789397294
2/16/2020 19:00,2020,2,16,2/16/2020,20,15.842,102.481,1.167,580.1670676,0.714450622
2/16/2020 20:00,2020,2,16,2/16/2020,21,16.486,100.229,1.18,519.3069163,0.639503981
2/16/2020 21:00,2020,2,16,2/16/2020,22,16.796,99.271,1.186,519.330534,0.639533065
2/16/2020 22:00,2020,2,16,2/16/2020,23,16.455,101.295,1.179,519.3541769,0.63956218
2/16/2020 23:00,2020,2,16,2/16/2020,24,14.526,102.249,1.141,482.4127149,0.594070369
2/17/2020 0:00,2020,2,17,2/17/2020,1,15.641,99.955,1.163,445.4712781,0.548578589
2/17/2020 1:00,2020,2,17,2/17/2020,2,14.875,99.809,1.147,445.4949966,0.548607798
2/17/2020 2:00,2020,2,17,2/17/2020,3,13.449,102.767,1.119,445.5187403,0.548637037
2/17/2020 3:00,2020,2,17,2/17/2020,4,11.884,99.555,1.088,445.5425091,0.548666307
2/17/2020 4:00,2020,2,17,2/17/2020,5,9.156,99.642,1.08,445.5663031,0.548695609
2/17/2020 5:00,2020,2,17,2/17/2020,6,11.38,100.749,1.08,445.5901222,0.548724941
2/17/2020 6:00,2020,2,17,2/17/2020,7,7.599,101.052,1.08,445.6139665,0.548754304
2/17/2020 7:00,2020,2,17,2/17/2020,8,7.331,100.651,1.08,474.2971075,0.58407635
2/17/2020 8:00,2020,2,17,2/17/2020,9,6.922,102.404,1.08,543.5106042,0.669309774
2/17/2020 9:00,2020,2,17,2/17/2020,10,8.043,101.58,1.08,612.7241261,0.754543229
2/17/2020 10:00,2020,2,17,2/17/2020,11,7.214,101.569,1.08,641.4073423,0.789865368
2/17/2020 11:00,2020,2,17,2/17/2020,12,7.613,101.454,1.08,641.431312,0.789894886
2/17/2020 12:00,2020,2,17,2/17/2020,13,8.229,100.625,1.08,641.4553067,0.789924434
2/17/2020 13:00,2020,2,17,2/17/2020,14,9.227,101.743,1.08,641.4793265,0.789954014
2/17/2020 14:00,2020,2,17,2/17/2020,15,10.943,102.511,1.08,641.5033712,0.789983624
2/17/2020 15:00,2020,2,17,2/17/2020,16,11.965,101.312,1.089,641.527441,0.790013265
2/17/2020 16:00,2020,2,17,2/17/2020,17,13.095,102.17,1.112,641.5515358,0.790042936
2/17/2020 17:00,2020,2,17,2/17/2020,18,15.414,102.715,1.158,641.5756556,0.790072639
2/17/2020 18:00,2020,2,17,2/17/2020,19,15.107,101.539,1.152,641.5998003,0.790102372
2/17/2020 19:00,2020,2,17,2/17/2020,20,17.482,101.976,1.2,580.7402262,0.715156442
2/17/2020 20:00,2020,2,17,2/17/2020,21,15.747,99.371,1.165,519.8806771,0.640210542
2/17/2020 21:00,2020,2,17,2/17/2020,22,15.925,100.93,1.169,519.9048967,0.640240368
2/17/2020 22:00,2020,2,17,2/17/2020,23,18.431,98.654,1.211,519.9291412,0.640270224
2/17/2020 23:00,2020,2,17,2/17/2020,24,15.979,98.677,1.17,482.9882804,0.594779153
2/18/2020 0:00,2020,2,18,2/18/2020,1,16.013,99.734,1.17,446.0474446,0.549288114
2/18/2020 1:00,2020,2,18,2/18/2020,2,13.285,99.063,1.116,446.0717638,0.549318062
2/18/2020 2:00,2020,2,18,2/18/2020,3,13.126,101.125,1.113,446.0961079,0.54934804
2/18/2020 3:00,2020,2,18,2/18/2020,4,11.64,100.248,1.083,446.1204768,0.54937805
2/18/2020 4:00,2020,2,18,2/18/2020,5,10.534,100.903,1.08,446.1448706,0.549408089
2/18/2020 5:00,2020,2,18,2/18/2020,6,10.251,100.068,1.08,446.1692892,0.54943816
2/18/2020 6:00,2020,2,18,2/18/2020,7,8.445,99.962,1.08,446.1937327,0.549468261
2/18/2020 7:00,2020,2,18,2/18/2020,8,7.808,99.348,1.08,474.8774726,0.584791045
2/18/2020 8:00,2020,2,18,2/18/2020,9,7.877,99.885,1.08,544.0915679,0.670025206
2/18/2020 9:00,2020,2,18,2/18/2020,10,7.189,100.678,1.08,613.3056881,0.755259398
2/18/2020 10:00,2020,2,18,2/18/2020,11,9.138,99.919,1.08,641.9895023,0.790582273
2/18/2020 11:00,2020,2,18,2/18/2020,12,8.379,99.157,1.08,642.0140697,0.790612527
2/18/2020 12:00,2020,2,18,2/18/2020,13,8.379,101.278,1.08,642.0386618,0.790642811
2/18/2020 13:00,2020,2,18,2/18/2020,14,10.288,100.073,1.08,642.0632787,0.790673126
2/18/2020 14:00,2020,2,18,2/18/2020,15,11.441,101.389,1.08,642.0879203,0.790703471
2/18/2020 15:00,2020,2,18,2/18/2020,16,11.721,98.639,1.084,642.1125866,0.790733846
2/18/2020 16:00,2020,2,18,2/18/2020,17,13.094,102.044,1.112,642.1372776,0.790764252
2/18/2020 17:00,2020,2,18,2/18/2020,18,15.15,100.619,1.153,642.1619932,0.790794688
2/18/2020 18:00,2020,2,18,2/18/2020,19,15.157,101.02,1.153,642.1867336,0.790825155
2/18/2020 19:00,2020,2,18,2/18/2020,20,15.12,100.979,1.152,581.3277548,0.715879958
2/18/2020 20:00,2020,2,18,2/18/2020,21,16.427,100.876,1.179,520.4688006,0.640934791
2/18/2020 21:00,2020,2,18,2/18/2020,22,16.181,98.813,1.174,520.4936149,0.640965349
2/18/2020 22:00,2020,2,18,2/18/2020,23,17.439,100.14,1.199,520.5184538,0.640995937
2/18/2020 23:00,2020,2,18,2/18/2020,24,16.721,99.406,1.184,483.5781872,0.595505598
2/19/2020 0:00,2020,2,19,2/19/2020,1,15.526,100.07,1.161,446.6379451,0.550015289
2/19/2020 1:00,2020,2,19,2/19/2020,2,13.034,99.937,1.111,446.6628578,0.550045968
2/19/2020 2:00,2020,2,19,2/19/2020,3,12.753,100.829,1.105,446.687795,0.550076677
2/19/2020 3:00,2020,2,19,2/19/2020,4,11.957,99.368,1.089,446.7127569,0.550107417
2/19/2020 4:00,2020,2,19,2/19/2020,5,10.383,99.053,1.08,446.7377432,0.550138186
2/19/2020 5:00,2020,2,19,2/19/2020,6,9.542,100.82,1.08,446.7627541,0.550168986
2/19/2020 6:00,2020,2,19,2/19/2020,7,7.217,100.254,1.08,446.7877895,0.550199816
2/19/2020 7:00,2020,2,19,2/19/2020,8,9.698,101.118,1.08,475.4721211,0.585523329
2/19/2020 8:00,2020,2,19,2/19/2020,9,8.211,99.338,1.08,544.6868078,0.670758218
2/19/2020 9:00,2020,2,19,2/19/2020,10,6.907,99.863,1.08,613.9015189,0.755993138
2/19/2020 10:00,2020,2,19,2/19/2020,11,8.748,99.311,1.08,642.5859239,0.791316741
2/19/2020 11:00,2020,2,19,2/19/2020,12,7.03,99.908,1.08,642.6110817,0.791347721
2/19/2020 12:00,2020,2,19,2/19/2020,13,8.917,98.379,1.08,642.636264,0.791378732
2/19/2020 13:00,2020,2,19,2/19/2020,14,9.21,98.561,1.08,642.6614707,0.791409773
2/19/2020 14:00,2020,2,19,2/19/2020,15,11.812,100.409,1.086,642.6867017,0.791440844
2/19/2020 15:00,2020,2,19,2/19/2020,16,12.434,99.892,1.099,642.7119572,0.791471945
2/19/2020 16:00,2020,2,19,2/19/2020,17,14.266,99.593,1.135,642.7372371,0.791503076
2/19/2020 17:00,2020,2,19,2/19/2020,18,14.437,100.052,1.139,642.7625414,0.791534237
2/19/2020 18:00,2020,2,19,2/19/2020,19,13.548,99.186,1.121,642.78787,0.791565428
2/19/2020 19:00,2020,2,19,2/19/2020,20,15.946,99.878,1.169,581.9294791,0.716620955
2/19/2020 20:00,2020,2,19,2/19/2020,21,16.631,100.711,1.183,521.0711126,0.641676512
2/19/2020 21:00,2020,2,19,2/19/2020,22,16.225,101.445,1.175,521.0965143,0.641707793
2/19/2020 22:00,2020,2,19,2/19/2020,23,15.734,99.494,1.165,521.1219402,0.641739104
2/19/2020 23:00,2020,2,19,2/19/2020,24,17.02,99.74,1.19,484.1822603,0.596249488
2/20/2020 0:00,2020,2,20,2/20/2020,1,16.081,102.765,1.172,447.2426046,0.550759901
2/20/2020 1:00,2020,2,20,2/20/2020,2,13.444,99.961,1.119,447.2681034,0.550791302
2/20/2020 2:00,2020,2,20,2/20/2020,3,11.905,98.364,1.088,447.2936264,0.550822733
2/20/2020 3:00,2020,2,20,2/20/2020,4,12.413,100.875,1.098,447.3191737,0.550854193
2/20/2020 4:00,2020,2,20,2/20/2020,5,10.248,99.917,1.08,447.3447453,0.550885683
2/20/2020 5:00,2020,2,20,2/20/2020,6,7.942,101.14,1.08,447.370341,0.550917203
2/20/2020 6:00,2020,2,20,2/20/2020,7,7.249,100.183,1.08,447.3959609,0.550948753
2/20/2020 7:00,2020,2,20,2/20/2020,8,7.718,100.58,1.08,476.0808767,0.586272985
2/20/2020 8:00,2020,2,20,2/20/2020,9,7.976,102.523,1.08,545.2961473,0.671508593
2/20/2020 9:00,2020,2,20,2/20/2020,10,5.828,103.271,1.08,614.5114421,0.756744232
2/20/2020 10:00,2020,2,20,2/20/2020,11,7.346,102.625,1.08,643.1964304,0.792068553
2/20/2020 11:00,2020,2,20,2/20/2020,12,9.667,99.572,1.08,643.2221712,0.792100251
2/20/2020 12:00,2020,2,20,2/20/2020,13,6.883,100.821,1.08,643.2479361,0.79213198
2/20/2020 13:00,2020,2,20,2/20/2020,14,8.424,103.115,1.08,643.2737251,0.792163738
2/20/2020 14:00,2020,2,20,2/20/2020,15,9.935,101.568,1.08,643.2995382,0.792195526
2/20/2020 15:00,2020,2,20,2/20/2020,16,10.867,102.998,1.08,643.3253754,0.792227343
2/20/2020 16:00,2020,2,20,2/20/2020,17,14.632,100.237,1.143,643.3512367,0.79225919
2/20/2020 17:00,2020,2,20,2/20/2020,18,14.015,100.138,1.13,643.377122,0.792291067
2/20/2020 18:00,2020,2,20,2/20/2020,19,15.079,101.788,1.152,643.4030314,0.792322973
2/20/2020 19:00,2020,2,20,2/20/2020,20,16.109,102.892,1.172,582.545221,0.717379215
2/20/2020 20:00,2020,2,20,2/20/2020,21,13.948,98.342,1.129,521.6874346,0.642435486
2/20/2020 21:00,2020,2,20,2/20/2020,22,15.795,100.662,1.166,521.7134161,0.642467481
2/20/2020 22:00,2020,2,20,2/20/2020,23,17.697,100.514,1.204,521.7394215,0.642499506
2/20/2020 23:00,2020,2,20,2/20/2020,24,16.888,97.902,1.188,484.8003208,0.597010603
2/21/2020 0:00,2020,2,21,2/21/2020,1,14.956,100.494,1.149,447.861244,0.551521729
2/21/2020 1:00,2020,2,21,2/21/2020,2,13.407,98.759,1.118,447.8873213,0.551553842
2/21/2020 2:00,2020,2,21,2/21/2020,3,12.671,99.236,1.103,447.9134226,0.551585985
2/21/2020 3:00,2020,2,21,2/21/2020,4,12.594,99.334,1.102,447.9395478,0.551618157
2/21/2020 4:00,2020,2,21,2/21/2020,5,10.758,100.201,1.08,447.9656969,0.551650358
2/21/2020 5:00,2020,2,21,2/21/2020,6,10.246,98.265,1.08,447.9918699,0.551682589
2/21/2020 6:00,2020,2,21,2/21/2020,7,7.68,100.303,1.08,448.0180668,0.551714849
2/21/2020 7:00,2020,2,21,2/21/2020,8,7.643,100.559,1.08,476.7035592,0.587039791
2/21/2020 8:00,2020,2,21,2/21/2020,9,8.404,101.419,1.08,545.9194061,0.67227611
2/21/2020 9:00,2020,2,21,2/21/2020,10,6.344,101.053,1.08,615.1352769,0.757512457
2/21/2020 10:00,2020,2,21,2/21/2020,11,5.957,103.674,1.08,643.8208408,0.792837487
2/21/2020 11:00,2020,2,21,2/21/2020,12,8.656,99.968,1.08,643.8471569,0.792869894
2/21/2020 12:00,2020,2,21,2/21/2020,13,8.592,100.989,1.08,643.8734969,0.792902331
2/21/2020 13:00,2020,2,21,2/21/2020,14,9.691,101.327,1.08,643.8998606,0.792934797
2/21/2020 14:00,2020,2,21,2/21/2020,15,9.639,101.779,1.08,643.9262481,0.792967292
2/21/2020 15:00,2020,2,21,2/21/2020,16,11.126,101.444,1.08,643.9526593,0.792999816
2/21/2020 16:00,2020,2,21,2/21/2020,17,12.911,103.327,1.108,643.9790943,0.793032369
2/21/2020 17:00,2020,2,21,2/21/2020,18,13.362,100.53,1.117,644.0055531,0.793064952
2/21/2020 18:00,2020,2,21,2/21/2020,19,16.168,103.132,1.173,644.0320355,0.793097564
2/21/2020 19:00,2020,2,21,2/21/2020,20,17.328,103.549,1.197,583.1747979,0.718154511
2/21/2020 20:00,2020,2,21,2/21/2020,21,17.05,99.501,1.191,522.317584,0.643211488
2/21/2020 21:00,2020,2,21,2/21/2020,22,16.018,101.515,1.17,522.3441375,0.643244187
2/21/2020 22:00,2020,2,21,2/21/2020,23,16.797,100.216,1.186,522.3707148,0.643276916
2/21/2020 23:00,2020,2,21,2/21/2020,24,14.82,100.764,1.146,485.4321855,0.597788717
2/22/2020 0:00,2020,2,22,2/22/2020,1,15.765,100.38,1.165,448.4936798,0.552300546
2/22/2020 1:00,2020,2,22,2/22/2020,2,14.506,98.711,1.14,448.520328,0.552333362
2/22/2020 2:00,2020,2,22,2/22/2020,3,12.807,99.644,1.106,448.5469997,0.552366207
2/22/2020 3:00,2020,2,22,2/22/2020,4,12.303,100.41,1.096,448.5736951,0.552399082
2/22/2020 4:00,2020,2,22,2/22/2020,5,10.149,99.986,1.08,448.600414,0.552431985
2/22/2020 5:00,2020,2,22,2/22/2020,6,9.638,98.173,1.08,448.6271566,0.552464917
2/22/2020 6:00,2020,2,22,2/22/2020,7,10.403,98.197,1.08,448.6539226,0.552497878
2/22/2020 7:00,2020,2,22,2/22/2020,8,9.133,99.786,1.08,477.3399839,0.587823521
2/22/2020 8:00,2020,2,22,2/22/2020,9,7.229,102.494,1.08,546.5563994,0.673060539
2/22/2020 9:00,2020,2,22,2/22/2020,10,6.607,103.36,1.08,615.7728383,0.758297587
2/22/2020 10:00,2020,2,22,2/22/2020,11,7.156,102.939,1.08,644.4589702,0.793623316
2/22/2020 11:00,2020,2,22,2/22/2020,12,7.158,102.561,1.08,644.4858538,0.793656422
2/22/2020 12:00,2020,2,22,2/22/2020,13,8.247,102.741,1.08,644.512761,0.793689557
2/22/2020 13:00,2020,2,22,2/22/2020,14,8.529,100.573,1.08,644.5396916,0.793722721
2/22/2020 14:00,2020,2,22,2/22/2020,15,10.781,100.059,1.08,644.5666456,0.793755913
2/22/2020 15:00,2020,2,22,2/22/2020,16,12.175,101.638,1.093,644.5936231,0.793789135
2/22/2020 16:00,2020,2,22,2/22/2020,17,12.027,100.3,1.091,644.620624,0.793822386
2/22/2020 17:00,2020,2,22,2/22/2020,18,14.373,102.463,1.137,644.6476483,0.793855665
2/22/2020 18:00,2020,2,22,2/22/2020,19,15.241,101.99,1.155,644.674696,0.793888973
2/22/2020 19:00,2020,2,22,2/22/2020,20,16.118,101.777,1.172,583.8180233,0.718946616
2/22/2020 20:00,2020,2,22,2/22/2020,21,16.769,100.295,1.185,522.961374,0.644004287
2/22/2020 21:00,2020,2,22,2/22/2020,22,16.972,100.84,1.189,522.9884918,0.644037682
2/22/2020 22:00,2020,2,22,2/22/2020,23,17.371,99.967,1.197,523.0156329,0.644071105
2/22/2020 23:00,2020,2,22,2/22/2020,24,17.131,99.668,1.193,486.0776672,0.598583599
2/23/2020 0:00,2020,2,23,2/23/2020,1,16.015,99.561,1.17,449.1397248,0.553096123
2/23/2020 1:00,2020,2,23,2/23/2020,2,14.154,101.522,1.133,449.1669359,0.553129632
2/23/2020 2:00,2020,2,23,2/23/2020,3,12.697,99.188,1.104,449.1941702,0.55316317
2/23/2020 3:00,2020,2,23,2/23/2020,4,12.103,100.299,1.092,449.2214278,0.553196736
2/23/2020 4:00,2020,2,23,2/23/2020,5,10.999,102.04,1.08,449.2487087,0.553230332
2/23/2020 5:00,2020,2,23,2/23/2020,6,9.329,98.201,1.08,449.2760128,0.553263956
2/23/2020 6:00,2020,2,23,2/23/2020,7,9.827,99.419,1.08,449.3033401,0.553297608
2/23/2020 7:00,2020,2,23,2/23/2020,8,7.639,100.811,1.08,477.9899623,0.588623941
2/23/2020 8:00,2020,2,23,2/23/2020,9,7.818,101.675,1.08,547.2069384,0.67386165
2/23/2020 9:00,2020,2,23,2/23/2020,10,7.3,103.03,1.08,616.4239376,0.759099387
2/23/2020 10:00,2020,2,23,2/23/2020,11,7.082,101.989,1.08,645.1106293,0.794425806
2/23/2020 11:00,2020,2,23,2/23/2020,12,7.02,101.308,1.08,645.1380726,0.794459601
2/23/2020 12:00,2020,2,23,2/23/2020,13,8.049,102.235,1.08,645.165539,0.794493425
2/23/2020 13:00,2020,2,23,2/23/2020,14,10.482,102.429,1.08,645.1930285,0.794527277
2/23/2020 14:00,2020,2,23,2/23/2020,15,9.265,102.627,1.08,645.2205411,0.794561157
2/23/2020 15:00,2020,2,23,2/23/2020,16,12.014,102.746,1.09,645.2480768,0.794595066
2/23/2020 16:00,2020,2,23,2/23/2020,17,13.209,100.971,1.114,645.2756356,0.794629004
2/23/2020 17:00,2020,2,23,2/23/2020,18,12.675,102.718,1.104,645.3032175,0.79466297
2/23/2020 18:00,2020,2,23,2/23/2020,19,14.432,102.208,1.139,645.3308224,0.794696964
2/23/2020 19:00,2020,2,23,2/23/2020,20,16.61,101.466,1.182,584.4747066,0.719755293
2/23/2020 20:00,2020,2,23,2/23/2020,21,16.594,101.047,1.182,523.6186138,0.64481365
2/23/2020 21:00,2020,2,23,2/23/2020,22,17.421,101.733,1.198,523.6462878,0.644847729
2/23/2020 22:00,2020,2,23,2/23/2020,23,15.949,99.747,1.169,523.6739848,0.644881837
2/23/2020 23:00,2020,2,23,2/23/2020,24,16.392,99.023,1.178,486.7365747,0.599395015
2/24/2020 0:00,2020,2,24,2/24/2020,1,15.046,99.835,1.151,449.7991875,0.553908222
2/24/2020 1:00,2020,2,24,2/24/2020,2,13.258,100.999,1.115,449.8269534,0.553942415
2/24/2020 2:00,2020,2,24,2/24/2020,3,11.784,98.846,1.086,449.8547422,0.553976636
2/24/2020 3:00,2020,2,24,2/24/2020,4,12.339,101.511,1.097,449.882554,0.554010885
2/24/2020 4:00,2020,2,24,2/24/2020,5,9.57,99.663,1.08,449.9103887,0.554045162
2/24/2020 5:00,2020,2,24,2/24/2020,6,8.87,100.679,1.08,449.9382463,0.554079467
2/24/2020 6:00,2020,2,24,2/24/2020,7,8.567,99.778,1.08,449.9661268,0.554113801
2/24/2020 7:00,2020,2,24,2/24/2020,8,6.077,99.482,1.08,478.6533018,0.589440815
2/24/2020 8:00,2020,2,24,2/24/2020,9,5.989,102.292,1.08,547.8708303,0.674679204
2/24/2020 9:00,2020,2,24,2/24/2020,10,6.047,99.655,1.08,617.0883817,0.759917621
2/24/2020 10:00,2020,2,24,2/24/2020,11,7.154,99.771,1.08,645.7756252,0.79524472
2/24/2020 11:00,2020,2,24,2/24/2020,12,8.805,100.518,1.08,645.8036199,0.795279194
2/24/2020 12:00,2020,2,24,2/24/2020,13,8.77,103.89,1.08,645.8316374,0.795313696
2/24/2020 13:00,2020,2,24,2/24/2020,14,9.687,103.932,1.08,645.8596777,0.795348226
2/24/2020 14:00,2020,2,24,2/24/2020,15,10.974,101.603,1.08,645.8877407,0.795382785
2/24/2020 15:00,2020,2,24,2/24/2020,16,13.559,101.484,1.121,645.9158265,0.795417371
2/24/2020 16:00,2020,2,24,2/24/2020,17,12.026,103.12,1.091,645.9439351,0.795451986
2/24/2020 17:00,2020,2,24,2/24/2020,18,14.769,102.214,1.145,645.9720663,0.795486628
2/24/2020 18:00,2020,2,24,2/24/2020,19,15.267,101.017,1.155,646.0002203,0.795521299
2/24/2020 19:00,2020,2,24,2/24/2020,20,16.783,102.662,1.186,585.1446532,0.720580303
2/24/2020 20:00,2020,2,24,2/24/2020,21,17.122,100.843,1.192,524.2891087,0.645639335
2/24/2020 21:00,2020,2,24,2/24/2020,22,17.508,101.044,1.2,524.3173308,0.645674089
2/24/2020 22:00,2020,2,24,2/24/2020,23,16.569,100.491,1.181,524.3455754,0.645708871
2/24/2020 23:00,2020,2,24,2/24/2020,24,15.959,98.754,1.169,487.4087126,0.600222724
2/25/2020 0:00,2020,2,25,2/25/2020,1,15.198,101.439,1.154,450.4718724,0.554736605
2/25/2020 1:00,2020,2,25,2/25/2020,2,14.93,99.059,1.149,450.5001849,0.55477147
2/25/2020 2:00,2020,2,25,2/25/2020,3,12.498,99.302,1.1,450.5285201,0.554806364
2/25/2020 3:00,2020,2,25,2/25/2020,4,12.032,99.076,1.091,450.5568778,0.554841285
2/25/2020 4:00,2020,2,25,2/25/2020,5,10.313,98.775,1.08,450.5852581,0.554876234
2/25/2020 5:00,2020,2,25,2/25/2020,6,9.456,101.258,1.08,450.6136609,0.554911211
2/25/2020 6:00,2020,2,25,2/25/2020,7,8.406,100.753,1.08,450.6420863,0.554946216
2/25/2020 7:00,2020,2,25,2/25/2020,8,8.217,98.319,1.08,479.3298059,0.5902739
2/25/2020 8:00,2020,2,25,2/25/2020,9,6.955,99.187,1.08,548.5478786,0.67551296
2/25/2020 9:00,2020,2,25,2/25/2020,10,6.8,100.538,1.08,617.7659738,0.760752047
2/25/2020 10:00,2020,2,25,2/25/2020,11,7.756,99.395,1.08,646.4537608,0.796079814
2/25/2020 11:00,2020,2,25,2/25/2020,12,6.548,98.648,1.08,646.4822987,0.796114957
2/25/2020 12:00,2020,2,25,2/25/2020,13,8.83,100.206,1.08,646.510859,0.796150128
2/25/2020 13:00,2020,2,25,2/25/2020,14,9.771,100.14,1.08,646.5394417,0.796185326
2/25/2020 14:00,2020,2,25,2/25/2020,15,11.555,100.288,1.081,646.5680468,0.796220552
2/25/2020 15:00,2020,2,25,2/25/2020,16,11.917,99.289,1.088,646.5966744,0.796255806
2/25/2020 16:00,2020,2,25,2/25/2020,17,12.454,98.565,1.099,646.6253243,0.796291087
2/25/2020 17:00,2020,2,25,2/25/2020,18,15.749,101.58,1.165,646.6539966,0.796326396
2/25/2020 18:00,2020,2,25,2/25/2020,19,16.073,100.184,1.171,646.6826913,0.796361732
2/25/2020 19:00,2020,2,25,2/25/2020,20,16.473,100.02,1.179,585.8276645,0.721421402
2/25/2020 20:00,2020,2,25,2/25/2020,21,16.424,100.553,1.178,524.9726601,0.646481099
2/25/2020 21:00,2020,2,25,2/25/2020,22,17.429,99.816,1.199,525.0014218,0.646516518
2/25/2020 22:00,2020,2,25,2/25/2020,23,15.686,99.818,1.164,525.0302058,0.646551964
2/25/2020 23:00,2020,2,25,2/25/2020,24,15.73,100.117,1.165,488.0938819,0.60106648
2/26/2020 0:00,2020,2,26,2/26/2020,1,15.04,99.852,1.151,451.1575802,0.555581024
2/26/2020 1:00,2020,2,26,2/26/2020,2,13.832,100.52,1.127,451.186431,0.555616553
2/26/2020 2:00,2020,2,26,2/26/2020,3,14.409,99.273,1.138,451.215304,0.555652109
2/26/2020 3:00,2020,2,26,2/26/2020,4,11.562,101.282,1.081,451.2441993,0.555687692
2/26/2020 4:00,2020,2,26,2/26/2020,5,9.948,99.58,1.08,451.2731168,0.555723303
2/26/2020 5:00,2020,2,26,2/26/2020,6,10.537,99.493,1.08,451.3020564,0.555758941
2/26/2020 6:00,2020,2,26,2/26/2020,7,8.774,101.88,1.08,451.3310183,0.555794606
2/26/2020 7:00,2020,2,26,2/26/2020,8,7.05,100.281,1.08,480.019274,0.59112295
2/26/2020 8:00,2020,2,26,2/26/2020,9,6.941,101.576,1.08,549.2378824,0.676362669
2/26/2020 9:00,2020,2,26,2/26/2020,10,7.824,97.868,1.08,618.456513,0.761602416
2/26/2020 10:00,2020,2,26,2/26/2020,11,7.182,100.766,1.08,647.1448351,0.796930842
2/26/2020 11:00,2020,2,26,2/26/2020,12,7.48,98.31,1.08,647.1739077,0.796966644
2/26/2020 12:00,2020,2,26,2/26/2020,13,8.339,99.013,1.08,647.2030023,0.797002473
2/26/2020 13:00,2020,2,26,2/26/2020,14,11.22,98.765,1.08,647.232119,0.797038329
2/26/2020 14:00,2020,2,26,2/26/2020,15,12.086,100.034,1.092,647.2612578,0.797074212
2/26/2020 15:00,2020,2,26,2/26/2020,16,11.846,99.494,1.087,647.2904186,0.797110122
2/26/2020 16:00,2020,2,26,2/26/2020,17,12.908,99.58,1.108,647.3196015,0.797146059
2/26/2020 17:00,2020,2,26,2/26/2020,18,13.87,100.467,1.127,647.3488063,0.797182024
2/26/2020 18:00,2020,2,26,2/26/2020,19,13.863,100.617,1.127,647.3780332,0.797218016
2/26/2020 19:00,2020,2,26,2/26/2020,20,15.104,100.316,1.152,586.5235383,0.72227834
2/26/2020 20:00,2020,2,26,2/26/2020,21,16.019,99.566,1.17,525.6690653,0.647338692
2/26/2020 21:00,2020,2,26,2/26/2020,22,16.31,101.149,1.176,525.6983581,0.647374765
2/26/2020 22:00,2020,2,26,2/26/2020,23,15.969,101.58,1.169,525.7276729,0.647410864
2/26/2020 23:00,2020,2,26,2/26/2020,24,14.811,98.585,1.146,488.7918794,0.601926034
2/27/2020 0:00,2020,2,27,2/27/2020,1,16.865,98.303,1.187,451.8561078,0.556441231
2/27/2020 1:00,2020,2,27,2/27/2020,2,15.548,99.826,1.161,451.8854883,0.556477412
2/27/2020 2:00,2020,2,27,2/27/2020,3,11.55,98.29,1.081,451.9148906,0.556513619
2/27/2020 3:00,2020,2,27,2/27/2020,4,13.351,99.371,1.117,451.9443149,0.556549854
2/27/2020 4:00,2020,2,27,2/27/2020,5,10.097,99.908,1.08,451.973761,0.556586116
2/27/2020 5:00,2020,2,27,2/27/2020,6,10.322,101.033,1.08,452.0032289,0.556622404
2/27/2020 6:00,2020,2,27,2/27/2020,7,9.813,99.351,1.08,452.0327186,0.556658719
2/27/2020 7:00,2020,2,27,2/27/2020,8,7.393,100.088,1.08,480.7215018,0.591987714
2/27/2020 8:00,2020,2,27,2/27/2020,9,7.842,101.192,1.08,549.9406375,0.677228082
2/27/2020 9:00,2020,2,27,2/27/2020,10,8.67,102.871,1.08,619.1597949,0.762468477
2/27/2020 10:00,2020,2,27,2/27/2020,11,7.132,103.439,1.08,647.8486434,0.797797552
2/27/2020 11:00,2020,2,27,2/27/2020,12,7.897,103.919,1.08,647.878242,0.797834001
2/27/2020 12:00,2020,2,27,2/27/2020,13,6.174,103.174,1.08,647.9078624,0.797870477
2/27/2020 13:00,2020,2,27,2/27/2020,14,9.304,101.608,1.08,647.9375044,0.79790698
2/27/2020 14:00,2020,2,27,2/27/2020,15,10.562,101.485,1.08,647.9671682,0.79794351
2/27/2020 15:00,2020,2,27,2/27/2020,16,11.993,102.419,1.09,647.9968537,0.797980066
2/27/2020 16:00,2020,2,27,2/27/2020,17,12.479,101.872,1.1,648.0265608,0.798016649
2/27/2020 17:00,2020,2,27,2/27/2020,18,14.058,103.175,1.131,648.0562896,0.798053259
2/27/2020 18:00,2020,2,27,2/27/2020,19,15.513,101.94,1.16,648.08604,0.798089895
2/27/2020 19:00,2020,2,27,2/27/2020,20,16.155,101.661,1.173,587.2320682,0.723150864
2/27/2020 20:00,2020,2,27,2/27/2020,21,17.74,97.902,1.205,526.3781181,0.64821186
2/27/2020 21:00,2020,2,27,2/27/2020,22,14.831,99.918,1.147,526.4079333,0.648248576
2/27/2020 22:00,2020,2,27,2/27/2020,23,15.466,100.508,1.159,526.4377702,0.648285318
2/27/2020 23:00,2020,2,27,2/27/2020,24,15.722,100.417,1.164,489.5024984,0.602801131
2/28/2020 0:00,2020,2,28,2/28/2020,1,16.773,99.59,1.185,452.5672481,0.557316969
2/28/2020 1:00,2020,2,28,2/28/2020,2,14.72,100.043,1.144,452.5971496,0.557353792
2/28/2020 2:00,2020,2,28,2/28/2020,3,13.511,101.029,1.12,452.6270726,0.557390641
2/28/2020 3:00,2020,2,28,2/28/2020,4,10.878,99.854,1.08,452.6570171,0.557427516
2/28/2020 4:00,2020,2,28,2/28/2020,5,10.971,97.811,1.08,452.686983,0.557464418
2/28/2020 5:00,2020,2,28,2/28/2020,6,10.255,101.196,1.08,452.7169705,0.557501346
2/28/2020 6:00,2020,2,28,2/28/2020,7,8.666,99.57,1.08,452.7469794,0.557538301
2/28/2020 7:00,2020,2,28,2/28/2020,8,7.623,100.484,1.08,481.4362813,0.592867934
2/28/2020 8:00,2020,2,28,2/28/2020,9,5.893,103.767,1.08,550.6559354,0.67810894
2/28/2020 9:00,2020,2,28,2/28/2020,10,6.318,100.282,1.08,619.8756109,0.763349973
2/28/2020 10:00,2020,2,28,2/28/2020,11,9.213,102.17,1.08,648.5649771,0.798679686
2/28/2020 11:00,2020,2,28,2/28/2020,12,8.919,101.676,1.08,648.595093,0.798716772
2/28/2020 12:00,2020,2,28,2/28/2020,13,7.153,102.642,1.08,648.6252303,0.798753885
2/28/2020 13:00,2020,2,28,2/28/2020,14,9.37,102.527,1.08,648.6553889,0.798791024
2/28/2020 14:00,2020,2,28,2/28/2020,15,9.871,102.151,1.08,648.6855689,0.798828189
2/28/2020 15:00,2020,2,28,2/28/2020,16,11.502,100.467,1.08,648.7157702,0.798865381
2/28/2020 16:00,2020,2,28,2/28/2020,17,12.312,101.586,1.096,648.7459928,0.798902599
2/28/2020 17:00,2020,2,28,2/28/2020,18,15.187,102.639,1.154,648.7762367,0.798939843
2/28/2020 18:00,2020,2,28,2/28/2020,19,15.385,101.817,1.158,648.8065018,0.798977113
2/28/2020 19:00,2020,2,28,2/28/2020,20,16.762,101.752,1.185,587.9530444,0.724038715
2/28/2020 20:00,2020,2,28,2/28/2020,21,16.778,98.837,1.186,527.0996082,0.649100343
2/28/2020 21:00,2020,2,28,2/28/2020,22,16.214,99.781,1.174,527.1299371,0.649137692
2/28/2020 22:00,2020,2,28,2/28/2020,23,16.118,98.397,1.172,527.1602871,0.649175067
2/28/2020 23:00,2020,2,28,2/28/2020,24,15.51,100.387,1.16,490.2255282,0.603691511
3/1/2020 0:00,2020,3,1,3/1/2020,1,16.702,99.299,1.184,482.2216106,0.593835033
3/1/2020 1:00,2020,3,1,3/1/2020,2,15.611,99.973,1.162,482.2520241,0.593872486
3/1/2020 2:00,2020,3,1,3/1/2020,3,15.582,101.532,1.162,482.2824589,0.593909965
3/1/2020 3:00,2020,3,1,3/1/2020,4,12.861,99.058,1.107,482.3129147,0.59394747
3/1/2020 4:00,2020,3,1,3/1/2020,5,11.914,99.88,1.088,482.3433917,0.593985001
3/1/2020 5:00,2020,3,1,3/1/2020,6,11.563,100.274,1.081,482.3738898,0.594022558
3/1/2020 6:00,2020,3,1,3/1/2020,7,9.809,99.235,1.08,482.4044089,0.594060141
3/1/2020 7:00,2020,3,1,3/1/2020,8,7.176,99.122,1.08,514.5607103,0.633659234
3/1/2020 8:00,2020,3,1,3/1/2020,9,7.423,101.648,1.08,592.1497198,0.729206739
3/1/2020 9:00,2020,3,1,3/1/2020,10,8.413,101.06,1.08,669.7387504,0.824754271
3/1/2020 10:00,2020,3,1,3/1/2020,11,8.285,101.172,1.08,701.8951149,0.864353441
3/1/2020 11:00,2020,3,1,3/1/2020,12,8.55,100.932,1.08,701.9257392,0.864391153
3/1/2020 12:00,2020,3,1,3/1/2020,13,9.818,102.794,1.08,701.9563845,0.864428892
3/1/2020 13:00,2020,3,1,3/1/2020,14,11.217,101.12,1.08,701.9870508,0.864466656
3/1/2020 14:00,2020,3,1,3/1/2020,15,12.481,101.638,1.1,702.017738,0.864504446
3/1/2020 15:00,2020,3,1,3/1/2020,16,12.386,100.977,1.098,702.0484462,0.864542262
3/1/2020 16:00,2020,3,1,3/1/2020,17,13.891,100.928,1.128,702.0791753,0.864580103
3/1/2020 17:00,2020,3,1,3/1/2020,18,16.936,102.451,1.189,702.1099253,0.864617971
3/1/2020 18:00,2020,3,1,3/1/2020,19,17.495,102.715,1.2,702.1406962,0.864655864
3/1/2020 19:00,2020,3,1,3/1/2020,20,18.39,102.04,1.211,633.9235354,0.780649384
3/1/2020 20:00,2020,3,1,3/1/2020,21,18.09,100.303,1.21,565.7063955,0.69664293
3/1/2020 21:00,2020,3,1,3/1/2020,22,18.789,99.128,1.212,565.737229,0.6966809
3/1/2020 22:00,2020,3,1,3/1/2020,23,19.189,101.717,1.213,565.7680833,0.696718896
3/1/2020 23:00,2020,3,1,3/1/2020,24,17.554,101.181,1.201,524.3627015,0.645729961
3/2/2020 0:00,2020,3,2,3/2/2020,1,15.81,99.872,1.166,482.9573405,0.594741052
3/2/2020 1:00,2020,3,2,3/2/2020,2,16.713,99.625,1.184,482.9882572,0.594779125
3/2/2020 2:00,2020,3,2,3/2/2020,3,14.386,101.622,1.138,483.0191947,0.594817223
3/2/2020 3:00,2020,3,2,3/2/2020,4,12.872,99.882,1.107,483.0501529,0.594855347
3/2/2020 4:00,2020,3,2,3/2/2020,5,12.978,98.147,1.11,483.0811319,0.594893496
3/2/2020 5:00,2020,3,2,3/2/2020,6,10.32,99.3,1.08,483.1121315,0.594931671
3/2/2020 6:00,2020,3,2,3/2/2020,7,9.682,100.927,1.08,483.1431519,0.594969871
3/2/2020 7:00,2020,3,2,3/2/2020,8,10.307,100.581,1.08,515.2999541,0.63456958
3/2/2020 8:00,2020,3,2,3/2/2020,9,7.415,102.64,1.08,592.8894641,0.730117702
3/2/2020 9:00,2020,3,2,3/2/2020,10,8.835,102.774,1.08,670.4789947,0.825665849
3/2/2020 10:00,2020,3,2,3/2/2020,11,8.316,102.196,1.08,702.6358589,0.865265635
3/2/2020 11:00,2020,3,2,3/2/2020,12,8.562,103.321,1.08,702.6669825,0.865303963
3/2/2020 12:00,2020,3,2,3/2/2020,13,9.422,101.132,1.08,702.6981268,0.865342315
3/2/2020 13:00,2020,3,2,3/2/2020,14,9.284,101.129,1.08,702.7292916,0.865380693
3/2/2020 14:00,2020,3,2,3/2/2020,15,11.861,100.22,1.087,702.760477,0.865419097
3/2/2020 15:00,2020,3,2,3/2/2020,16,11.431,102.754,1.08,702.7916829,0.865457526
3/2/2020 16:00,2020,3,2,3/2/2020,17,14.888,102.452,1.148,702.8229094,0.86549598
3/2/2020 17:00,2020,3,2,3/2/2020,18,16.023,101.1,1.17,702.8541565,0.865534459
3/2/2020 18:00,2020,3,2,3/2/2020,19,17.587,101.987,1.202,702.885424,0.865572964
3/2/2020 19:00,2020,3,2,3/2/2020,20,17.879,102.222,1.208,634.6687595,0.781567095
3/2/2020 20:00,2020,3,2,3/2/2020,21,18.65,99.835,1.211,566.4521155,0.697561252
3/2/2020 21:00,2020,3,2,3/2/2020,22,19.53,100.669,1.213,566.4834444,0.697599832
3/2/2020 22:00,2020,3,2,3/2/2020,23,18.247,101.263,1.211,566.5147938,0.697638438
3/2/2020 23:00,2020,3,2,3/2/2020,24,17.136,100.339,1.193,525.1099068,0.646650112
3/3/2020 0:00,2020,3,3,3/3/2020,1,16.569,100.252,1.181,483.7050401,0.595661812
3/3/2020 1:00,2020,3,3,3/3/2020,2,16.366,99.858,1.177,483.7364508,0.595700493
3/3/2020 2:00,2020,3,3,3/3/2020,3,14.129,100.437,1.133,483.7678818,0.595739199
3/3/2020 3:00,2020,3,3,3/3/2020,4,12.827,100.176,1.107,483.7993332,0.59577793
3/3/2020 4:00,2020,3,3,3/3/2020,5,13.248,97.052,1.115,483.8308049,0.595816686
3/3/2020 5:00,2020,3,3,3/3/2020,6,9.961,99.896,1.08,483.862297,0.595855467
3/3/2020 6:00,2020,3,3,3/3/2020,7,10.176,100.712,1.08,483.8938094,0.595894273
3/3/2020 7:00,2020,3,3,3/3/2020,8,8.907,98.492,1.08,516.0511032,0.635494588
3/3/2020 8:00,2020,3,3,3/3/2020,9,7.944,101.531,1.08,593.6411045,0.731043315
3/3/2020 9:00,2020,3,3,3/3/2020,10,9.911,101.14,1.08,671.231126,0.826592066
3/3/2020 10:00,2020,3,3,3/3/2020,11,8.877,103.197,1.08,703.3884806,0.866192456
3/3/2020 11:00,2020,3,3,3/3/2020,12,8.906,100.89,1.08,703.4200944,0.866231387
3/3/2020 12:00,2020,3,3,3/3/2020,13,9.701,102.592,1.08,703.4517283,0.866270343
3/3/2020 13:00,2020,3,3,3/3/2020,14,11.981,100.303,1.09,703.4833824,0.866309324
3/3/2020 14:00,2020,3,3,3/3/2020,15,12.684,101.97,1.104,703.5150568,0.866348329
3/3/2020 15:00,2020,3,3,3/3/2020,16,13.394,103.076,1.118,703.5467513,0.86638736
3/3/2020 16:00,2020,3,3,3/3/2020,17,13.721,101.928,1.124,703.5784659,0.866426415
3/3/2020 17:00,2020,3,3,3/3/2020,18,15.52,102.843,1.16,703.6102007,0.866465495
3/3/2020 18:00,2020,3,3,3/3/2020,19,17.369,102.142,1.197,703.6419556,0.8665046
3/3/2020 19:00,2020,3,3,3/3/2020,20,18.571,104.467,1.211,635.4257781,0.782499331
3/3/2020 20:00,2020,3,3,3/3/2020,21,19.266,100.758,1.213,567.2096206,0.698494087
3/3/2020 21:00,2020,3,3,3/3/2020,22,17.969,100.245,1.209,567.2414358,0.698533266
3/3/2020 22:00,2020,3,3,3/3/2020,23,18.958,99.176,1.212,567.273271,0.69857247
3/3/2020 23:00,2020,3,3,3/3/2020,24,16.969,100.535,1.189,525.8688694,0.647584742
3/4/2020 0:00,2020,3,4,3/4/2020,1,16.604,100.067,1.182,484.4644878,0.596597039
3/4/2020 1:00,2020,3,4,3/4/2020,2,16.687,99.638,1.184,484.4963831,0.596636316
3/4/2020 2:00,2020,3,4,3/4/2020,3,14.21,100.998,1.134,484.5282984,0.596675619
3/4/2020 3:00,2020,3,4,3/4/2020,4,14.463,99.84,1.139,484.5602336,0.596714946
3/4/2020 4:00,2020,3,4,3/4/2020,5,12.105,100.418,1.092,484.5921888,0.596754297
3/4/2020 5:00,2020,3,4,3/4/2020,6,9.83,101.275,1.08,484.624164,0.596793673
3/4/2020 6:00,2020,3,4,3/4/2020,7,9.036,100.129,1.08,484.656159,0.596833074
3/4/2020 7:00,2020,3,4,3/4/2020,8,8.72,101.047,1.08,516.8139352,0.636433982
3/4/2020 8:00,2020,3,4,3/4/2020,9,7.527,102.23,1.08,594.4044183,0.731983303
3/4/2020 9:00,2020,3,4,3/4/2020,10,8.807,100.839,1.08,671.9949213,0.827532647
3/4/2020 10:00,2020,3,4,3/4/2020,11,8.597,98.381,1.08,704.1527571,0.86713363
3/4/2020 11:00,2020,3,4,3/4/2020,12,9.118,100.294,1.08,704.1848515,0.867173153
3/4/2020 12:00,2020,3,4,3/4/2020,13,10.972,99.168,1.08,704.2169658,0.8672127
3/4/2020 13:00,2020,3,4,3/4/2020,14,11.212,97.363,1.08,704.2490999,0.867252272
3/4/2020 14:00,2020,3,4,3/4/2020,15,12.333,99.595,1.097,704.2812537,0.867291868
3/4/2020 15:00,2020,3,4,3/4/2020,16,12.963,100.32,1.109,704.3134274,0.867331488
3/4/2020 16:00,2020,3,4,3/4/2020,17,15.146,101.784,1.153,704.3456208,0.867371133
3/4/2020 17:00,2020,3,4,3/4/2020,18,15.881,99.579,1.168,704.3778339,0.867410802
3/4/2020 18:00,2020,3,4,3/4/2020,19,17.513,100.397,1.2,704.4100668,0.867450495
3/4/2020 19:00,2020,3,4,3/4/2020,20,18.08,101.548,1.21,636.1943668,0.783445815
3/4/2020 20:00,2020,3,4,3/4/2020,21,18.6,99.528,1.211,567.9786866,0.699441158
3/4/2020 21:00,2020,3,4,3/4/2020,22,18.828,99.451,1.212,568.0109785,0.699480924
3/4/2020 22:00,2020,3,4,3/4/2020,23,18.202,99.954,1.21,568.0432901,0.699520715
3/4/2020 23:00,2020,3,4,3/4/2020,24,17.249,99.292,1.195,526.6393645,0.648533573
3/5/2020 0:00,2020,3,5,3/5/2020,1,17.685,98.079,1.204,485.2354584,0.597546456
3/5/2020 1:00,2020,3,5,3/5/2020,2,15.709,101.091,1.164,485.2678289,0.597586319
3/5/2020 2:00,2020,3,5,3/5/2020,3,15.419,102.045,1.158,485.300219,0.597626206
3/5/2020 3:00,2020,3,5,3/5/2020,4,13.13,99.968,1.113,485.3326286,0.597666117
3/5/2020 4:00,2020,3,5,3/5/2020,5,11.653,100.739,1.083,485.3650579,0.597706052
3/5/2020 5:00,2020,3,5,3/5/2020,6,11.21,98.437,1.08,485.3975066,0.597746011
3/5/2020 6:00,2020,3,5,3/5/2020,7,9.206,101.778,1.08,485.4299749,0.597785994
3/5/2020 7:00,2020,3,5,3/5/2020,8,8.388,100.74,1.08,517.5882238,0.637387485
3/5/2020 8:00,2020,3,5,3/5/2020,9,8.783,99.014,1.08,595.1791794,0.732937387
3/5/2020 9:00,2020,3,5,3/5/2020,10,7.058,99.083,1.08,672.7701544,0.828487313
3/5/2020 10:00,2020,3,5,3/5/2020,11,8.111,100.246,1.08,704.9284618,0.868088876
3/5/2020 11:00,2020,3,5,3/5/2020,12,8.564,100.486,1.08,704.9610274,0.86812898
3/5/2020 12:00,2020,3,5,3/5/2020,13,8.583,99.58,1.08,704.9936125,0.868169107
3/5/2020 13:00,2020,3,5,3/5/2020,14,11.183,101.866,1.08,705.026217,0.868209258
3/5/2020 14:00,2020,3,5,3/5/2020,15,12.736,101.002,1.105,705.0588409,0.868249433
3/5/2020 15:00,2020,3,5,3/5/2020,16,12.927,101.093,1.109,705.0914841,0.868289631
3/5/2020 16:00,2020,3,5,3/5/2020,17,14.995,100.478,1.15,705.1241467,0.868329854
3/5/2020 17:00,2020,3,5,3/5/2020,18,16.068,101.45,1.171,705.1568287,0.8683701
3/5/2020 18:00,2020,3,5,3/5/2020,19,17.185,99.712,1.194,705.18953,0.86841037
3/5/2020 19:00,2020,3,5,3/5/2020,20,18.561,101.115,1.211,636.974298,0.784406266
3/5/2020 20:00,2020,3,5,3/5/2020,21,19.075,101.596,1.212,568.7590854,0.700402186
3/5/2020 21:00,2020,3,5,3/5/2020,22,17.806,101,1.206,568.7918445,0.700442527
3/5/2020 22:00,2020,3,5,3/5/2020,23,18.667,100.329,1.211,568.8246229,0.700482892
3/5/2020 23:00,2020,3,5,3/5/2020,24,17.906,99.425,1.208,527.4211637,0.649496325
3/6/2020 0:00,2020,3,6,3/6/2020,1,18.11,100.109,1.21,486.0177237,0.598509781
3/6/2020 1:00,2020,3,6,3/6/2020,2,15.958,98.982,1.169,486.0505597,0.598550218
3/6/2020 2:00,2020,3,6,3/6/2020,3,14.758,98.705,1.145,486.083415,0.598590678
3/6/2020 3:00,2020,3,6,3/6/2020,4,13.104,100.609,1.112,486.1162895,0.598631161
3/6/2020 4:00,2020,3,6,3/6/2020,5,11.775,100.235,1.086,486.149183,0.598671668
3/6/2020 5:00,2020,3,6,3/6/2020,6,8.602,98.827,1.08,486.1820958,0.598712199
3/6/2020 6:00,2020,3,6,3/6/2020,7,9.698,100.328,1.08,486.2150276,0.598752753
3/6/2020 7:00,2020,3,6,3/6/2020,8,8.094,101.463,1.08,518.3737398,0.638354814
3/6/2020 8:00,2020,3,6,3/6/2020,9,7.911,102.086,1.08,595.9651581,0.733905286
3/6/2020 9:00,2020,3,6,3/6/2020,10,10.42,103.218,1.08,673.5565955,0.829455781
3/6/2020 10:00,2020,3,6,3/6/2020,11,7.919,100.642,1.08,705.7153648,0.869057913
3/6/2020 11:00,2020,3,6,3/6/2020,12,9.689,101.908,1.08,705.748392,0.869098585
3/6/2020 12:00,2020,3,6,3/6/2020,13,9.27,102.873,1.08,705.7814383,0.86913928
3/6/2020 13:00,2020,3,6,3/6/2020,14,9.24,103.08,1.08,705.8145035,0.869179998
3/6/2020 14:00,2020,3,6,3/6/2020,15,11.565,102.257,1.081,705.8475877,0.86922074
3/6/2020 15:00,2020,3,6,3/6/2020,16,14.131,101.436,1.133,705.8806909,0.869261505
3/6/2020 16:00,2020,3,6,3/6/2020,17,14.53,102.896,1.141,705.9138131,0.869302294
3/6/2020 17:00,2020,3,6,3/6/2020,18,16.214,102.651,1.174,705.9469542,0.869343106
3/6/2020 18:00,2020,3,6,3/6/2020,19,17.467,102.345,1.199,705.9801142,0.869383941
3/6/2020 19:00,2020,3,6,3/6/2020,20,18.209,100.78,1.21,637.7653405,0.785380401
3/6/2020 20:00,2020,3,6,3/6/2020,21,19.52,98.889,1.213,569.5505858,0.701376884
3/6/2020 21:00,2020,3,6,3/6/2020,22,18.83,101.029,1.212,569.5838024,0.701417789
3/6/2020 22:00,2020,3,6,3/6/2020,23,19.216,99.526,1.213,569.6170379,0.701458717
3/6/2020 23:00,2020,3,6,3/6/2020,24,19.014,101.624,1.212,528.2140354,0.650472712
3/7/2020 0:00,2020,3,7,3/7/2020,1,17.762,98.288,1.205,486.8110516,0.599486731
3/7/2020 1:00,2020,3,7,3/7/2020,2,14.79,99.874,1.146,486.8443436,0.599527728
3/7/2020 2:00,2020,3,7,3/7/2020,3,14.583,99.703,1.142,486.8776543,0.599568749
3/7/2020 3:00,2020,3,7,3/7/2020,4,13.457,99.473,1.119,486.9109838,0.599609793
3/7/2020 4:00,2020,3,7,3/7/2020,5,11.176,100.989,1.08,486.944332,0.59965086
3/7/2020 5:00,2020,3,7,3/7/2020,6,11.102,100.127,1.08,486.977699,0.59969195
3/7/2020 6:00,2020,3,7,3/7/2020,7,8.558,98.872,1.08,487.0110847,0.599733063
3/7/2020 7:00,2020,3,7,3/7/2020,8,10.172,102.023,1.08,519.1702502,0.639335682
3/7/2020 8:00,2020,3,7,3/7/2020,9,6.921,102.516,1.08,596.7621216,0.734886712
3/7/2020 9:00,2020,3,7,3/7/2020,10,8.161,102.504,1.08,674.3540116,0.830437765
3/7/2020 10:00,2020,3,7,3/7/2020,11,5.966,100.346,1.08,706.5132331,0.870040454
3/7/2020 11:00,2020,3,7,3/7/2020,12,9.402,100.943,1.08,706.5467121,0.870081681
3/7/2020 12:00,2020,3,7,3/7/2020,13,8.898,104.059,1.08,706.5802097,0.870122932
3/7/2020 13:00,2020,3,7,3/7/2020,14,10.966,103.396,1.08,706.6137259,0.870164206
3/7/2020 14:00,2020,3,7,3/7/2020,15,10.576,100.549,1.08,706.6472606,0.870205503
3/7/2020 15:00,2020,3,7,3/7/2020,16,12.844,102.371,1.107,706.6808139,0.870246822
3/7/2020 16:00,2020,3,7,3/7/2020,17,15.55,102.353,1.161,706.7143858,0.870288164
3/7/2020 17:00,2020,3,7,3/7/2020,18,16.134,102.336,1.173,706.7479762,0.87032953
3/7/2020 18:00,2020,3,7,3/7/2020,19,16.615,100.049,1.182,706.7815851,0.870370917
3/7/2020 19:00,2020,3,7,3/7/2020,20,18.551,103.14,1.211,638.5672599,0.78636793
3/7/2020 20:00,2020,3,7,3/7/2020,21,18.252,101.163,1.211,570.3529533,0.702364965
3/7/2020 21:00,2020,3,7,3/7/2020,22,19.819,98.069,1.214,570.3866176,0.702406421
3/7/2020 22:00,2020,3,7,3/7/2020,23,19.095,98.681,1.212,570.4203003,0.7024479
3/7/2020 23:00,2020,3,7,3/7/2020,24,19.205,98.6,1.213,529.0177446,0.651462445
3/8/2020 0:00,2020,3,8,3/8/2020,1,16.636,99.268,1.183,487.6152073,0.600477013
3/8/2020 1:00,2020,3,8,3/8/2020,2,18.268,100.957,1.211,487.6489452,0.60051856
3/8/2020 2:00,2020,3,8,3/8/2020,3,13.868,98.786,1.127,487.6827015,0.60056013
3/8/2020 3:00,2020,3,8,3/8/2020,4,11.846,98.491,1.087,487.7164762,0.600601722
3/8/2020 4:00,2020,3,8,3/8/2020,5,13.351,100.787,1.117,487.7502692,0.600643336
3/8/2020 5:00,2020,3,8,3/8/2020,6,10.919,97.609,1.08,487.7840805,0.600684973
3/8/2020 6:00,2020,3,8,3/8/2020,7,8.861,100.927,1.08,487.8179101,0.600726633
3/8/2020 7:00,2020,3,8,3/8/2020,8,10.78,101.061,1.08,519.9775192,0.640329799
3/8/2020 8:00,2020,3,8,3/8/2020,9,7.757,102.098,1.08,597.5698336,0.735881375
3/8/2020 9:00,2020,3,8,3/8/2020,10,8.097,101.538,1.08,675.1621663,0.831432972
3/8/2020 10:00,2020,3,8,3/8/2020,11,8.738,102.275,1.08,707.3218301,0.871036206
3/8/2020 11:00,2020,3,8,3/8/2020,12,8.002,103.088,1.08,707.3557509,0.871077978
3/8/2020 12:00,2020,3,8,3/8/2020,13,10.168,102.061,1.08,707.38969,0.871119772
3/8/2020 13:00,2020,3,8,3/8/2020,14,10.078,103.082,1.08,707.4236472,0.871161589
3/8/2020 14:00,2020,3,8,3/8/2020,15,11.298,103.637,1.08,707.4576226,0.871203428
3/8/2020 15:00,2020,3,8,3/8/2020,16,14.607,102.642,1.142,707.4916161,0.87124529
3/8/2020 16:00,2020,3,8,3/8/2020,17,15.961,102.268,1.169,707.5256277,0.871287174
3/8/2020 17:00,2020,3,8,3/8/2020,18,16.084,102.997,1.172,707.5596575,0.87132908
3/8/2020 18:00,2020,3,8,3/8/2020,19,16.24,102.205,1.175,707.5937053,0.871371008
3/8/2020 19:00,2020,3,8,3/8/2020,20,16.43,103.708,1.179,639.3798187,0.787368561
3/8/2020 20:00,2020,3,8,3/8/2020,21,18.323,100.19,1.211,571.1659501,0.703366135
3/8/2020 21:00,2020,3,8,3/8/2020,22,19.082,101.428,1.212,571.2000521,0.70340813
3/8/2020 22:00,2020,3,8,3/8/2020,23,18.597,99.439,1.211,571.2341721,0.703450148
3/8/2020 23:00,2020,3,8,3/8/2020,24,17.426,99.317,1.199,529.8320532,0.652465231
3/9/2020 0:00,2020,3,9,3/9/2020,1,18.252,99.116,1.211,488.4299523,0.601480337
3/9/2020 1:00,2020,3,9,3/9/2020,2,16.584,101.292,1.182,488.4641263,0.60152242
3/9/2020 2:00,2020,3,9,3/9/2020,3,14.888,99.685,1.148,488.4983182,0.601564526
3/9/2020 3:00,2020,3,9,3/9/2020,4,12.968,98.958,1.109,488.532528,0.601606654
3/9/2020 4:00,2020,3,9,3/9/2020,5,11.257,101.21,1.08,488.5667557,0.601648804
3/9/2020 5:00,2020,3,9,3/9/2020,6,10.549,101.59,1.08,488.6010014,0.601690976
3/9/2020 6:00,2020,3,9,3/9/2020,7,8.352,100.942,1.08,488.6352649,0.60173317
3/9/2020 7:00,2020,3,9,3/9/2020,8,10.036,102.092,1.08,520.7953075,0.64133687
3/9/2020 8:00,2020,3,9,3/9/2020,9,7.928,102.357,1.08,598.388055,0.736888979
3/9/2020 9:00,2020,3,9,3/9/2020,10,8.179,102.23,1.08,675.9808203,0.832441109
3/9/2020 10:00,2020,3,9,3/9/2020,11,6.748,101.014,1.08,708.1409163,0.872044875
3/9/2020 11:00,2020,3,9,3/9/2020,12,9.145,100.839,1.08,708.1752689,0.872087179
3/9/2020 12:00,2020,3,9,3/9/2020,13,10.339,101.998,1.08,708.2096394,0.872129504
3/9/2020 13:00,2020,3,9,3/9/2020,14,12.351,102.066,1.097,708.2440275,0.872171852
3/9/2020 14:00,2020,3,9,3/9/2020,15,13.078,101.376,1.112,708.2784334,0.872214221
3/9/2020 15:00,2020,3,9,3/9/2020,16,13.585,101.079,1.122,708.3128571,0.872256613
3/9/2020 16:00,2020,3,9,3/9/2020,17,14.429,100.594,1.139,708.3472984,0.872299026
3/9/2020 17:00,2020,3,9,3/9/2020,18,15.667,101.645,1.163,708.3817574,0.87234146
3/9/2020 18:00,2020,3,9,3/9/2020,19,17.411,101.609,1.198,708.4162341,0.872383917
3/9/2020 19:00,2020,3,9,3/9/2020,20,17.371,100.362,1.197,640.2027759,0.788381997
3/9/2020 20:00,2020,3,9,3/9/2020,21,17.742,98.576,1.205,571.9893353,0.704380099
3/9/2020 21:00,2020,3,9,3/9/2020,22,18.685,100.215,1.212,572.0238649,0.70442262
3/9/2020 22:00,2020,3,9,3/9/2020,23,18.203,99.057,1.21,572.058412,0.704465164
3/9/2020 23:00,2020,3,9,3/9/2020,24,18.565,100.414,1.211,530.6567199,0.653480772
3/10/2020 0:00,2020,3,10,3/10/2020,1,16.136,99.826,1.173,489.2550453,0.602496403
3/10/2020 1:00,2020,3,10,3/10/2020,2,15.336,100.386,1.157,489.2896451,0.602539011
3/10/2020 2:00,2020,3,10,3/10/2020,3,14.811,99.143,1.146,489.3242625,0.602581641
3/10/2020 3:00,2020,3,10,3/10/2020,4,12.667,98.448,1.103,489.3588973,0.602624292
3/10/2020 4:00,2020,3,10,3/10/2020,5,11.726,99.818,1.085,489.3935497,0.602666965
3/10/2020 5:00,2020,3,10,3/10/2020,6,9.74,101.407,1.08,489.4282195,0.602709659
3/10/2020 6:00,2020,3,10,3/10/2020,7,9.006,99.874,1.08,489.4629068,0.602752375
3/10/2020 7:00,2020,3,10,3/10/2020,8,9.722,101.68,1.08,521.6233727,0.642356596
3/10/2020 8:00,2020,3,10,3/10/2020,9,9.284,104.147,1.08,599.2165431,0.737909226
3/10/2020 9:00,2020,3,10,3/10/2020,10,7.93,101.493,1.08,676.8097309,0.833461877
3/10/2020 10:00,2020,3,10,3/10/2020,11,9.296,101.087,1.08,708.9702489,0.873066162
3/10/2020 11:00,2020,3,10,3/10/2020,12,8.661,102.698,1.08,709.0050232,0.873108985
3/10/2020 12:00,2020,3,10,3/10/2020,13,9.023,100.865,1.08,709.0398148,0.87315183
3/10/2020 13:00,2020,3,10,3/10/2020,14,11.813,102.125,1.086,709.0746238,0.873194695
3/10/2020 14:00,2020,3,10,3/10/2020,15,14.355,101.193,1.137,709.10945,0.873237582
3/10/2020 15:00,2020,3,10,3/10/2020,16,15.819,101.032,1.166,709.1442936,0.873280491
3/10/2020 16:00,2020,3,10,3/10/2020,17,16.388,102.468,1.178,709.1791544,0.87332342
3/10/2020 17:00,2020,3,10,3/10/2020,18,14.722,103.43,1.144,709.2140325,0.873366371
3/10/2020 18:00,2020,3,10,3/10/2020,19,18.14,102.641,1.21,709.2489278,0.873409343
3/10/2020 19:00,2020,3,10,3/10/2020,20,18.802,100.345,1.212,641.0358878,0.789407938
3/10/2020 20:00,2020,3,10,3/10/2020,21,17.949,99.366,1.209,572.8228649,0.705406554
3/10/2020 21:00,2020,3,10,3/10/2020,22,19.413,99.615,1.213,572.8578119,0.70544959
3/10/2020 22:00,2020,3,10,3/10/2020,23,19.034,101.452,1.212,572.8927759,0.705492647
3/10/2020 23:00,2020,3,10,3/10/2020,24,16.632,97.863,1.183,531.4915003,0.654508768
3/11/2020 0:00,2020,3,11,3/11/2020,1,16.584,100.988,1.182,490.0902417,0.603524911
3/11/2020 1:00,2020,3,11,3/11/2020,2,15.205,100.142,1.154,490.1252572,0.603568031
3/11/2020 2:00,2020,3,11,3/11/2020,3,16.348,98.689,1.177,490.1602898,0.603611172
3/11/2020 3:00,2020,3,11,3/11/2020,4,15.293,99.584,1.156,490.1953394,0.603654334
3/11/2020 4:00,2020,3,11,3/11/2020,5,13.111,98.7,1.112,490.2304061,0.603697517
3/11/2020 5:00,2020,3,11,3/11/2020,6,12.61,99.263,1.102,490.2654898,0.603740722
3/11/2020 6:00,2020,3,11,3/11/2020,7,9.838,100.113,1.08,490.3005906,0.603783947
3/11/2020 7:00,2020,3,11,3/11/2020,8,9.13,99.664,1.08,522.4614695,0.643388676
3/11/2020 8:00,2020,3,11,3/11/2020,9,8.286,100.435,1.08,600.0550525,0.738941814
3/11/2020 9:00,2020,3,11,3/11/2020,10,7.97,98.025,1.08,677.6486525,0.834494972
3/11/2020 10:00,2020,3,11,3/11/2020,11,9.018,99.276,1.08,709.8095823,0.874099765
3/11/2020 11:00,2020,3,11,3/11/2020,12,7.342,99.517,1.08,709.8447679,0.874143094
3/11/2020 12:00,2020,3,11,3/11/2020,13,8.26,99.732,1.08,709.8799704,0.874186445
3/11/2020 13:00,2020,3,11,3/11/2020,14,10.449,99.39,1.08,709.9151898,0.874229816
3/11/2020 14:00,2020,3,11,3/11/2020,15,11.401,99.881,1.08,709.9504261,0.874273208
3/11/2020 15:00,2020,3,11,3/11/2020,16,11.779,100.423,1.086,709.9856792,0.874316621
3/11/2020 16:00,2020,3,11,3/11/2020,17,16.044,98.453,1.171,710.0209492,0.874360054
3/11/2020 17:00,2020,3,11,3/11/2020,18,18.097,101.324,1.21,710.056236,0.874403508
3/11/2020 18:00,2020,3,11,3/11/2020,19,18.157,100.131,1.21,710.0915396,0.874446983
3/11/2020 19:00,2020,3,11,3/11/2020,20,17.884,97.479,1.208,641.8789074,0.79044608
3/11/2020 20:00,2020,3,11,3/11/2020,21,19.005,101.953,1.212,573.666292,0.706445198
3/11/2020 21:00,2020,3,11,3/11/2020,22,18.855,98.323,1.212,573.7016459,0.706488735
3/11/2020 22:00,2020,3,11,3/11/2020,23,18.327,101.854,1.211,573.7370166,0.706532292
3/11/2020 23:00,2020,3,11,3/11/2020,24,16.789,100.524,1.186,532.336147,0.655548914
3/12/2020 0:00,2020,3,12,3/12/2020,1,16.853,100.775,1.187,490.9352942,0.604565557
3/12/2020 1:00,2020,3,12,3/12/2020,2,16.334,101.31,1.177,490.9707149,0.604609176
3/12/2020 2:00,2020,3,12,3/12/2020,3,14.271,100.89,1.135,491.0061523,0.604652815
3/12/2020 3:00,2020,3,12,3/12/2020,4,13.809,100.196,1.126,491.0416063,0.604696475
3/12/2020 4:00,2020,3,12,3/12/2020,5,12.564,100.213,1.101,491.0770769,0.604740156
3/12/2020 5:00,2020,3,12,3/12/2020,6,10.362,100.713,1.08,491.1125642,0.604783857
3/12/2020 6:00,2020,3,12,3/12/2020,7,9.415,100.85,1.08,491.148068,0.604827578
3/12/2020 7:00,2020,3,12,3/12/2020,8,7.505,101.025,1.08,523.3093495,0.644432804
3/12/2020 8:00,2020,3,12,3/12/2020,9,8.62,98.724,1.08,600.9033348,0.739986437
3/12/2020 9:00,2020,3,12,3/12/2020,10,7.664,100.468,1.08,678.4973365,0.83554009
3/12/2020 10:00,2020,3,12,3/12/2020,11,7.874,97.494,1.08,710.6586676,0.875145377
3/12/2020 11:00,2020,3,12,3/12/2020,12,10.146,100.657,1.08,710.6942541,0.8751892
3/12/2020 12:00,2020,3,12,3/12/2020,13,9.002,100.118,1.08,710.7298571,0.875233043
3/12/2020 13:00,2020,3,12,3/12/2020,14,12.005,101.43,1.09,710.7654765,0.875276907
3/12/2020 14:00,2020,3,12,3/12/2020,15,12.997,99.533,1.11,710.8011124,0.875320791
3/12/2020 15:00,2020,3,12,3/12/2020,16,13.639,99.613,1.123,710.8367646,0.875364695
3/12/2020 16:00,2020,3,12,3/12/2020,17,15.339,98.075,1.157,710.8724333,0.87540862
3/12/2020 17:00,2020,3,12,3/12/2020,18,16.084,100.256,1.172,710.9081184,0.875452564
3/12/2020 18:00,2020,3,12,3/12/2020,19,17.145,99.34,1.193,710.9438198,0.875496529
3/12/2020 19:00,2020,3,12,3/12/2020,20,19.7,102.121,1.214,642.731585,0.791496116
3/12/2020 20:00,2020,3,12,3/12/2020,21,18.743,101.064,1.212,574.5193666,0.707495723
3/12/2020 21:00,2020,3,12,3/12/2020,22,18.946,100.837,1.212,574.555117,0.707539748
3/12/2020 22:00,2020,3,12,3/12/2020,23,18.157,100.037,1.21,574.5908837,0.707583793
3/12/2020 23:00,2020,3,12,3/12/2020,24,18.129,100.505,1.21,533.1904098,0.656600902
3/13/2020 0:00,2020,3,13,3/13/2020,1,16.568,99.456,1.181,491.7899522,0.605618031
3/13/2020 1:00,2020,3,13,3/13/2020,2,15.666,101.364,1.163,491.8257676,0.605662136
3/13/2020 2:00,2020,3,13,3/13/2020,3,14.984,99.159,1.15,491.8615993,0.605706261
3/13/2020 3:00,2020,3,13,3/13/2020,4,13.335,99.853,1.117,491.8974472,0.605750406
3/13/2020 4:00,2020,3,13,3/13/2020,5,11.815,100.391,1.086,491.9333113,0.605794571
3/13/2020 5:00,2020,3,13,3/13/2020,6,10.05,99.683,1.08,491.9691915,0.605838756
3/13/2020 6:00,2020,3,13,3/13/2020,7,9.956,98.728,1.08,492.0050879,0.605882961
3/13/2020 7:00,2020,3,13,3/13/2020,8,8.844,99.639,1.08,524.1667616,0.64548867
3/13/2020 8:00,2020,3,13,3/13/2020,9,8.041,101.281,1.08,601.7611385,0.741042785
3/13/2020 9:00,2020,3,13,3/13/2020,10,8.475,101.225,1.08,679.3555314,0.83659692
3/13/2020 10:00,2020,3,13,3/13/2020,11,8.331,102.526,1.08,711.5172534,0.876202688
3/13/2020 11:00,2020,3,13,3/13/2020,12,8.739,102.588,1.08,711.5532302,0.876246992
3/13/2020 12:00,2020,3,13,3/13/2020,13,10.582,102.232,1.08,711.5892231,0.876291315
3/13/2020 13:00,2020,3,13,3/13/2020,14,11.654,101.268,1.083,711.625232,0.876335659
3/13/2020 14:00,2020,3,13,3/13/2020,15,12.624,102.381,1.102,711.6612568,0.876380022
3/13/2020 15:00,2020,3,13,3/13/2020,16,13.233,101.951,1.115,711.6972977,0.876424405
3/13/2020 16:00,2020,3,13,3/13/2020,17,14.412,101.828,1.138,711.7333545,0.876468807
3/13/2020 17:00,2020,3,13,3/13/2020,18,17.227,100.839,1.195,711.7694273,0.876513229
3/13/2020 18:00,2020,3,13,3/13/2020,19,18.451,102.202,1.211,711.8055159,0.876557671
3/13/2020 19:00,2020,3,13,3/13/2020,20,19.387,102.709,1.213,643.593668,0.792557734
3/13/2020 20:00,2020,3,13,3/13/2020,21,17.119,99.543,1.192,575.3818359,0.708557816
3/13/2020 21:00,2020,3,13,3/13/2020,22,19.284,99.244,1.213,575.4179722,0.708602316
3/13/2020 22:00,2020,3,13,3/13/2020,23,17.784,99.645,1.206,575.4541244,0.708646836
3/13/2020 23:00,2020,3,13,3/13/2020,24,18.682,100.633,1.212,534.0540355,0.65766442
3/14/2020 0:00,2020,3,14,3/14/2020,1,18.036,100.966,1.21,492.6539625,0.606682022
3/14/2020 1:00,2020,3,14,3/14/2020,2,15.414,100.429,1.158,492.6901621,0.6067266
3/14/2020 2:00,2020,3,14,3/14/2020,3,15.264,100.27,1.155,492.7263775,0.606771198
3/14/2020 3:00,2020,3,14,3/14/2020,4,13.475,99.885,1.12,492.7626086,0.606815815
3/14/2020 4:00,2020,3,14,3/14/2020,5,12.158,100.893,1.093,492.7988555,0.606860452
3/14/2020 5:00,2020,3,14,3/14/2020,6,10.333,98.499,1.08,492.8351181,0.606905108
3/14/2020 6:00,2020,3,14,3/14/2020,7,9.484,98.749,1.08,492.8713964,0.606949783
3/14/2020 7:00,2020,3,14,3/14/2020,8,8.521,100.526,1.08,525.0334515,0.646555961
3/14/2020 8:00,2020,3,14,3/14/2020,9,8.176,104.325,1.08,602.6282095,0.742110545
3/14/2020 9:00,2020,3,14,3/14/2020,10,7.492,102.734,1.08,680.222983,0.837665149
3/14/2020 10:00,2020,3,14,3/14/2020,11,7.935,99.13,1.08,712.3850851,0.877271385
3/14/2020 11:00,2020,3,14,3/14/2020,12,8.255,100.937,1.08,712.4214416,0.877316157
3/14/2020 12:00,2020,3,14,3/14/2020,13,9.214,103.753,1.08,712.4578137,0.877360947
3/14/2020 13:00,2020,3,14,3/14/2020,14,9.473,102.197,1.08,712.4942014,0.877405757
3/14/2020 14:00,2020,3,14,3/14/2020,15,12.657,102.837,1.103,712.5306046,0.877450586
3/14/2020 15:00,2020,3,14,3/14/2020,16,14.716,102.222,1.144,712.5670234,0.877495434
3/14/2020 16:00,2020,3,14,3/14/2020,17,14.742,101.958,1.145,712.6034576,0.877540301
3/14/2020 17:00,2020,3,14,3/14/2020,18,15.889,102.933,1.168,712.6399074,0.877585188
3/14/2020 18:00,2020,3,14,3/14/2020,19,17.968,101.923,1.209,712.6763726,0.877630093
3/14/2020 19:00,2020,3,14,3/14/2020,20,19.292,100.145,1.213,644.4649008,0.793630619
3/14/2020 20:00,2020,3,14,3/14/2020,21,18.225,99.229,1.211,576.2534444,0.709631164
3/14/2020 21:00,2020,3,14,3/14/2020,22,17.785,100.514,1.206,576.2899559,0.709676127
3/14/2020 22:00,2020,3,14,3/14/2020,23,18.924,99.804,1.212,576.3264829,0.709721108
3/14/2020 23:00,2020,3,14,3/14/2020,24,18.528,101.475,1.211,534.9267683,0.658739152
3/15/2020 0:00,2020,3,15,3/15/2020,1,17.751,100.656,1.205,493.5270691,0.607757215
3/15/2020 1:00,2020,3,15,3/15/2020,2,15.168,100.325,1.153,493.5636421,0.607802253
3/15/2020 2:00,2020,3,15,3/15/2020,3,14.94,100.169,1.149,493.6002305,0.60784731
3/15/2020 3:00,2020,3,15,3/15/2020,4,12.616,100.291,1.102,493.6368341,0.607892386
3/15/2020 4:00,2020,3,15,3/15/2020,5,12.355,101.308,1.097,493.6734531,0.607937481
3/15/2020 5:00,2020,3,15,3/15/2020,6,10.738,98.3,1.08,493.7100873,0.607982594
3/15/2020 6:00,2020,3,15,3/15/2020,7,10.484,102.484,1.08,493.7467368,0.608027726
3/15/2020 7:00,2020,3,15,3/15/2020,8,9.342,100.83,1.08,525.9091626,0.647634361
3/15/2020 8:00,2020,3,15,3/15/2020,9,8.482,102.072,1.08,603.5042908,0.743189402
3/15/2020 9:00,2020,3,15,3/15/2020,10,8.762,102.316,1.08,681.0994342,0.838744461
3/15/2020 10:00,2020,3,15,3/15/2020,11,8.75,101.546,1.08,713.2619056,0.878351152
3/15/2020 11:00,2020,3,15,3/15/2020,12,9.01,101.494,1.08,713.298631,0.878396377
3/15/2020 12:00,2020,3,15,3/15/2020,13,8.435,102.808,1.08,713.3353716,0.878441622
3/15/2020 13:00,2020,3,15,3/15/2020,14,11.155,101.787,1.08,713.3721273,0.878486885
3/15/2020 14:00,2020,3,15,3/15/2020,15,12.986,102.291,1.11,713.4088981,0.878532166
3/15/2020 15:00,2020,3,15,3/15/2020,16,13.767,101.886,1.125,713.4456839,0.878577467
3/15/2020 16:00,2020,3,15,3/15/2020,17,15.225,100.035,1.154,713.4824849,0.878622785
3/15/2020 17:00,2020,3,15,3/15/2020,18,15.605,100.221,1.162,713.5193008,0.878668123
3/15/2020 18:00,2020,3,15,3/15/2020,19,17.551,103.67,1.201,713.5561318,0.878713478
3/15/2020 19:00,2020,3,15,3/15/2020,20,17.468,102.548,1.199,645.3450253,0.794714454
3/15/2020 20:00,2020,3,15,3/15/2020,21,17.19,99.516,1.194,577.1339337,0.710715449
3/15/2020 21:00,2020,3,15,3/15/2020,22,18.876,102.001,1.212,577.1708096,0.71076086
3/15/2020 22:00,2020,3,15,3/15/2020,23,19.882,100.817,1.214,577.2077005,0.710806289
3/15/2020 23:00,2020,3,15,3/15/2020,24,16.654,101.152,1.183,535.8083494,0.659824781
3/16/2020 0:00,2020,3,16,3/16/2020,1,18.47,99.723,1.211,494.4090133,0.608843291
3/16/2020 1:00,2020,3,16,3/16/2020,2,16.283,100.144,1.176,494.4459489,0.608888776
3/16/2020 2:00,2020,3,16,3/16/2020,3,13.169,98.886,1.113,494.4828994,0.608934279
3/16/2020 3:00,2020,3,16,3/16/2020,4,12.823,99.445,1.106,494.5198647,0.6089798
3/16/2020 4:00,2020,3,16,3/16/2020,5,12.586,101.243,1.102,494.5568449,0.609025339
3/16/2020 5:00,2020,3,16,3/16/2020,6,11.599,99.316,1.082,494.5938398,0.609070897
3/16/2020 6:00,2020,3,16,3/16/2020,7,9.571,100.575,1.08,494.6308496,0.609116473
3/16/2020 7:00,2020,3,16,3/16/2020,8,8.352,99.556,1.08,526.7936353,0.648723551
3/16/2020 8:00,2020,3,16,3/16/2020,9,9.362,102.102,1.08,604.3891229,0.744279034
3/16/2020 9:00,2020,3,16,3/16/2020,10,9.036,100.967,1.08,681.9846252,0.839834535
3/16/2020 10:00,2020,3,16,3/16/2020,11,7.924,102.183,1.08,714.1474551,0.879441667
3/16/2020 11:00,2020,3,16,3/16/2020,12,8.518,102.161,1.08,714.1845386,0.879487334
3/16/2020 12:00,2020,3,16,3/16/2020,13,9.67,101.04,1.08,714.2216367,0.879533019
3/16/2020 13:00,2020,3,16,3/16/2020,14,10.77,102.513,1.08,714.2587495,0.879578722
3/16/2020 14:00,2020,3,16,3/16/2020,15,11.736,102.668,1.085,714.295877,0.879624443
3/16/2020 15:00,2020,3,16,3/16/2020,16,14.659,102.317,1.143,714.3330191,0.879670181
3/16/2020 16:00,2020,3,16,3/16/2020,17,15.5,103.215,1.16,714.3701757,0.879715938
3/16/2020 17:00,2020,3,16,3/16/2020,18,15.429,102.299,1.159,714.407347,0.879761713
3/16/2020 18:00,2020,3,16,3/16/2020,19,16.337,101.969,1.177,714.4445328,0.879807506
3/16/2020 19:00,2020,3,16,3/16/2020,20,17.397,102.532,1.198,646.2337806,0.795808918
3/16/2020 20:00,2020,3,16,3/16/2020,21,19.322,99.242,1.213,578.023043,0.711810348
3/16/2020 21:00,2020,3,16,3/16/2020,22,19.538,100.821,1.213,578.0602724,0.711856195
3/16/2020 22:00,2020,3,16,3/16/2020,23,17.249,101.23,1.195,578.0975163,0.711902059
3/16/2020 23:00,2020,3,16,3/16/2020,24,19.555,102.437,1.213,536.6985178,0.660920985
3/17/2020 0:00,2020,3,17,3/17/2020,1,16.98,99.957,1.19,495.2995337,0.609939929
3/17/2020 1:00,2020,3,17,3/17/2020,2,16.598,98.749,1.182,495.3368209,0.609985846
3/17/2020 2:00,2020,3,17,3/17/2020,3,15.771,99.744,1.165,495.3741226,0.610031782
3/17/2020 3:00,2020,3,17,3/17/2020,4,12.944,102.48,1.109,495.4114386,0.610077735
3/17/2020 4:00,2020,3,17,3/17/2020,5,12.072,98.422,1.091,495.4487691,0.610123706
3/17/2020 5:00,2020,3,17,3/17/2020,6,11.262,99.377,1.08,495.4861138,0.610169694
3/17/2020 6:00,2020,3,17,3/17/2020,7,8.413,102.106,1.08,495.523473,0.6102157
3/17/2020 7:00,2020,3,17,3/17/2020,8,8.453,99.826,1.08,527.6866075,0.649823208
3/17/2020 8:00,2020,3,17,3/17/2020,9,8.285,103.015,1.08,605.2824435,0.74537912
3/17/2020 9:00,2020,3,17,3/17/2020,10,8.847,103.385,1.08,682.8782938,0.840935049
3/17/2020 10:00,2020,3,17,3/17/2020,11,8.458,101.023,1.08,715.0414712,0.88054261
3/17/2020 11:00,2020,3,17,3/17/2020,12,8.856,101.132,1.08,715.0789018,0.880588704
3/17/2020 12:00,2020,3,17,3/17/2020,13,10.065,102.958,1.08,715.1163465,0.880634815
3/17/2020 13:00,2020,3,17,3/17/2020,14,11.283,101.994,1.08,715.1538054,0.880680944
3/17/2020 14:00,2020,3,17,3/17/2020,15,11.978,102.633,1.09,715.1912785,0.880727091
3/17/2020 15:00,2020,3,17,3/17/2020,16,12.653,102.43,1.103,715.2287658,0.880773255
3/17/2020 16:00,2020,3,17,3/17/2020,17,13.298,104.977,1.116,715.2662672,0.880819436
3/17/2020 17:00,2020,3,17,3/17/2020,18,15.74,102.32,1.165,715.3037827,0.880865635
3/17/2020 18:00,2020,3,17,3/17/2020,19,17.55,103.064,1.201,715.3413124,0.880911851
3/17/2020 19:00,2020,3,17,3/17/2020,20,17.066,102.209,1.191,647.1309036,0.796913686
3/17/2020 20:00,2020,3,17,3/17/2020,21,17.65,101.497,1.203,578.9205088,0.712915539
3/17/2020 21:00,2020,3,17,3/17/2020,22,19.278,100.086,1.213,578.9580807,0.712961807
3/17/2020 22:00,2020,3,17,3/17/2020,23,19.332,101.439,1.213,578.9956665,0.713008092
3/17/2020 23:00,2020,3,17,3/17/2020,24,18.943,99.999,1.212,537.5970095,0.662027439
3/18/2020 0:00,2020,3,18,3/18/2020,1,15.844,100.54,1.167,496.1983665,0.611046802
3/18/2020 1:00,2020,3,18,3/18/2020,2,15.928,101.409,1.169,496.2359943,0.611093139
3/18/2020 2:00,2020,3,18,3/18/2020,3,15.403,99.547,1.158,496.2736361,0.611139493
3/18/2020 3:00,2020,3,18,3/18/2020,4,12.491,99.888,1.1,496.3112918,0.611185865
3/18/2020 4:00,2020,3,18,3/18/2020,5,11.209,101.112,1.08,496.3489614,0.611232253
3/18/2020 5:00,2020,3,18,3/18/2020,6,10.587,101.201,1.08,496.3866449,0.611278659
3/18/2020 6:00,2020,3,18,3/18/2020,7,9.012,101.413,1.08,496.4243423,0.611325082
3/18/2020 7:00,2020,3,18,3/18/2020,8,9.747,100.627,1.08,528.5878147,0.650933005
3/18/2020 8:00,2020,3,18,3/18/2020,9,8.383,99.749,1.08,606.183988,0.746489333
3/18/2020 9:00,2020,3,18,3/18/2020,10,7.732,99.176,1.08,683.7801752,0.842045677
3/18/2020 10:00,2020,3,18,3/18/2020,11,7.58,99.589,1.08,715.943689,0.881653652
3/18/2020 11:00,2020,3,18,3/18/2020,12,9,100.251,1.08,715.9814555,0.881700159
3/18/2020 12:00,2020,3,18,3/18/2020,13,9.86,100.115,1.08,716.0192357,0.881746684
3/18/2020 13:00,2020,3,18,3/18/2020,14,10.243,100.088,1.08,716.0570296,0.881793226
3/18/2020 14:00,2020,3,18,3/18/2020,15,11.901,99.832,1.088,716.0948373,0.881839784
3/18/2020 15:00,2020,3,18,3/18/2020,16,13.158,100.106,1.113,716.1326587,0.88188636
3/18/2020 16:00,2020,3,18,3/18/2020,17,13.698,102.5,1.124,716.1704937,0.881932952
3/18/2020 17:00,2020,3,18,3/18/2020,18,16.257,99.627,1.175,716.2083424,0.881979561
3/18/2020 18:00,2020,3,18,3/18/2020,19,17.292,102.539,1.196,716.2462047,0.882026187
3/18/2020 19:00,2020,3,18,3/18/2020,20,18.265,97.205,1.211,648.0361282,0.798028431
3/18/2020 20:00,2020,3,18,3/18/2020,21,19.174,100.148,1.213,579.8260652,0.714030692
3/18/2020 21:00,2020,3,18,3/18/2020,22,18.818,100.835,1.212,579.8639683,0.714077368
3/18/2020 22:00,2020,3,18,3/18/2020,23,18.84,99.708,1.212,579.901885,0.714124061
3/18/2020 23:00,2020,3,18,3/18/2020,24,18.055,100.821,1.21,538.5035584,0.663143814
3/19/2020 0:00,2020,3,19,3/19/2020,1,15.877,100.486,1.168,497.1052452,0.612163584
3/19/2020 1:00,2020,3,19,3/19/2020,2,15.772,98.306,1.165,497.1432025,0.612210327
3/19/2020 2:00,2020,3,19,3/19/2020,3,15.366,99.062,1.157,497.1811733,0.612257086
3/19/2020 3:00,2020,3,19,3/19/2020,4,13.064,101.663,1.111,497.2191575,0.612303862
3/19/2020 4:00,2020,3,19,3/19/2020,5,11.797,100.516,1.086,497.2571551,0.612350655
3/19/2020 5:00,2020,3,19,3/19/2020,6,10.519,98.674,1.08,497.2951662,0.612397464
3/19/2020 6:00,2020,3,19,3/19/2020,7,11.567,101.043,1.081,497.3331907,0.612444289
3/19/2020 7:00,2020,3,19,3/19/2020,8,8.307,100.423,1.08,529.4969897,0.652052615
3/19/2020 8:00,2020,3,19,3/19/2020,9,7.033,100.893,1.08,607.0934892,0.747609344
3/19/2020 9:00,2020,3,19,3/19/2020,10,6.857,98.832,1.08,684.6900021,0.84316609
3/19/2020 10:00,2020,3,19,3/19/2020,11,8.471,98.847,1.08,716.8538411,0.882774465
3/19/2020 11:00,2020,3,19,3/19/2020,12,8.248,100.604,1.08,716.8919323,0.882821372
3/19/2020 12:00,2020,3,19,3/19/2020,13,9.435,99.556,1.08,716.9300369,0.882868296
3/19/2020 13:00,2020,3,19,3/19/2020,14,11.203,99.724,1.08,716.9681546,0.882915237
3/19/2020 14:00,2020,3,19,3/19/2020,15,12.599,99.709,1.102,717.0062856,0.882962193
3/19/2020 15:00,2020,3,19,3/19/2020,16,12.855,99.539,1.107,717.0444299,0.883009166
3/19/2020 16:00,2020,3,19,3/19/2020,17,16.389,100.073,1.178,717.0825873,0.883056156
3/19/2020 17:00,2020,3,19,3/19/2020,18,17.328,99.733,1.197,717.120758,0.883103161
3/19/2020 18:00,2020,3,19,3/19/2020,19,18.483,99.282,1.211,717.1589418,0.883150183
3/19/2020 19:00,2020,3,19,3/19/2020,20,18.386,99.864,1.211,648.9491862,0.799152822
3/19/2020 20:00,2020,3,19,3/19/2020,21,18.71,102.149,1.212,580.7394438,0.715155478
3/19/2020 21:00,2020,3,19,3/19/2020,22,18.892,100.025,1.212,580.777667,0.715202548
3/19/2020 22:00,2020,3,19,3/19/2020,23,19.326,100.329,1.213,580.8159033,0.715249635
3/19/2020 23:00,2020,3,19,3/19/2020,24,16.59,101.827,1.182,539.4178958,0.664269781
3/20/2020 0:00,2020,3,20,3/20/2020,1,18.172,100.034,1.21,498.0199013,0.613289944
3/20/2020 1:00,2020,3,20,3/20/2020,2,16.767,100.539,1.185,498.0581768,0.613337078
3/20/2020 2:00,2020,3,20,3/20/2020,3,15.095,99.452,1.152,498.0964652,0.613384229
3/20/2020 3:00,2020,3,20,3/20/2020,4,14.175,97.242,1.134,498.1347667,0.613431395
3/20/2020 4:00,2020,3,20,3/20/2020,5,12.362,100.034,1.097,498.1730811,0.613478578
3/20/2020 5:00,2020,3,20,3/20/2020,6,10.199,101.832,1.08,498.2114085,0.613525776
3/20/2020 6:00,2020,3,20,3/20/2020,7,10.003,101.014,1.08,498.2497488,0.613572991
3/20/2020 7:00,2020,3,20,3/20/2020,8,9.352,100.153,1.08,530.4138632,0.653181705
3/20/2020 8:00,2020,3,20,3/20/2020,9,7.667,102.272,1.08,608.0106776,0.748738822
3/20/2020 9:00,2020,3,20,3/20/2020,10,7.92,103.22,1.08,685.6075049,0.844295955
3/20/2020 10:00,2020,3,20,3/20/2020,11,8.2,103.215,1.08,717.7716579,0.883904716
3/20/2020 11:00,2020,3,20,3/20/2020,12,8.297,102.447,1.08,717.8100626,0.88395201
3/20/2020 12:00,2020,3,20,3/20/2020,13,10.865,102.553,1.08,717.8484801,0.883999319
3/20/2020 13:00,2020,3,20,3/20/2020,14,11.072,102.694,1.08,717.8869104,0.884046645
3/20/2020 14:00,2020,3,20,3/20/2020,15,11.842,103.119,1.087,717.9253534,0.884093986
3/20/2020 15:00,2020,3,20,3/20/2020,16,14.514,101.563,1.14,717.9638093,0.884141342
3/20/2020 16:00,2020,3,20,3/20/2020,17,14.529,100.605,1.141,718.0022778,0.884188715
3/20/2020 17:00,2020,3,20,3/20/2020,18,13.416,101.279,1.118,718.0407591,0.884236103
3/20/2020 18:00,2020,3,20,3/20/2020,19,15.845,102.671,1.167,718.0792531,0.884283506
3/20/2020 19:00,2020,3,20,3/20/2020,20,17.916,100.74,1.208,649.8698072,0.800286527
3/20/2020 20:00,2020,3,20,3/20/2020,21,19.356,100.449,1.213,581.660374,0.716289564
3/20/2020 21:00,2020,3,20,3/20/2020,22,19.47,99.471,1.213,581.6989059,0.716337014
3/20/2020 22:00,2020,3,20,3/20/2020,23,18.06,99.385,1.21,581.7374505,0.71638448
3/20/2020 23:00,2020,3,20,3/20/2020,24,18.139,100.492,1.21,540.3397508,0.665405006
3/21/2020 0:00,2020,3,21,3/21/2020,1,16.788,98.323,1.186,498.9420636,0.614425546
3/21/2020 1:00,2020,3,21,3/21/2020,2,15.294,102.101,1.156,498.9806459,0.614473059
3/21/2020 2:00,2020,3,21,3/21/2020,3,15.71,100.837,1.164,499.0192407,0.614520587
3/21/2020 3:00,2020,3,21,3/21/2020,4,14.438,100.889,1.139,499.0578481,0.61456813
3/21/2020 4:00,2020,3,21,3/21/2020,5,11.379,100.936,1.08,499.0964679,0.614615689
3/21/2020 5:00,2020,3,21,3/21/2020,6,10.943,99.023,1.08,499.1351003,0.614663263
3/21/2020 6:00,2020,3,21,3/21/2020,7,8.704,99.349,1.08,499.1737451,0.614710852
3/21/2020 7:00,2020,3,21,3/21/2020,8,9.086,101.524,1.08,531.3381634,0.654319941
3/21/2020 8:00,2020,3,21,3/21/2020,9,8.816,101.255,1.08,608.9352814,0.749877431
3/21/2020 9:00,2020,3,21,3/21/2020,10,8.546,101.289,1.08,686.5324117,0.845434937
3/21/2020 10:00,2020,3,21,3/21/2020,11,9.433,101.985,1.08,718.6968673,0.885044071
3/21/2020 11:00,2020,3,21,3/21/2020,12,9.121,102.037,1.08,718.735574,0.885091737
3/21/2020 12:00,2020,3,21,3/21/2020,13,9.859,102.324,1.08,718.7742932,0.885139418
3/21/2020 13:00,2020,3,21,3/21/2020,14,11.429,100.867,1.08,718.8130246,0.885187114
3/21/2020 14:00,2020,3,21,3/21/2020,15,11.881,101.277,1.088,718.8517683,0.885234825
3/21/2020 15:00,2020,3,21,3/21/2020,16,12.743,102.468,1.105,718.8905244,0.885282552
3/21/2020 16:00,2020,3,21,3/21/2020,17,13.578,103.285,1.122,718.9292926,0.885330293
3/21/2020 17:00,2020,3,21,3/21/2020,18,16.334,102.041,1.177,718.9680731,0.88537805
3/21/2020 18:00,2020,3,21,3/21/2020,19,15.47,104.135,1.159,719.0068659,0.885425821
3/21/2020 19:00,2020,3,21,3/21/2020,20,18.355,101.361,1.211,650.7977183,0.80142921
3/21/2020 20:00,2020,3,21,3/21/2020,21,18.442,100.27,1.211,582.5885829,0.717432613
3/21/2020 21:00,2020,3,21,3/21/2020,22,18.599,101.002,1.211,582.6274121,0.717480429
3/21/2020 22:00,2020,3,21,3/21/2020,23,19.999,101.095,1.214,582.6662535,0.717528261
3/21/2020 23:00,2020,3,21,3/21/2020,24,16.531,99.578,1.181,541.2688502,0.666549151
3/22/2020 0:00,2020,3,22,3/22/2020,1,15.873,100.859,1.167,499.8714589,0.615570057
3/22/2020 1:00,2020,3,22,3/22/2020,2,14.595,99.38,1.142,499.9103366,0.615617933
3/22/2020 2:00,2020,3,22,3/22/2020,3,14.336,100.997,1.137,499.9492264,0.615665824
3/22/2020 3:00,2020,3,22,3/22/2020,4,13.293,99.391,1.116,499.9881282,0.61571373
3/22/2020 4:00,2020,3,22,3/22/2020,5,13.303,99.939,1.116,500.027042,0.61576165
3/22/2020 5:00,2020,3,22,3/22/2020,6,9.366,100.62,1.08,500.0659679,0.615809586
3/22/2020 6:00,2020,3,22,3/22/2020,7,8.025,98.654,1.08,500.1049057,0.615857536
3/22/2020 7:00,2020,3,22,3/22/2020,8,9.123,99.02,1.08,532.2696166,0.655466985
3/22/2020 8:00,2020,3,22,3/22/2020,9,9.238,101.733,1.08,609.8670266,0.751024835
3/22/2020 9:00,2020,3,22,3/22/2020,10,8.046,101.277,1.08,687.4644485,0.8465827
3/22/2020 10:00,2020,3,22,3/22/2020,11,8.794,103.219,1.08,719.6291951,0.886192193
3/22/2020 11:00,2020,3,22,3/22/2020,12,7.962,102.461,1.08,719.6681926,0.886240217
3/22/2020 12:00,2020,3,22,3/22/2020,13,9.437,101.953,1.08,719.7072018,0.886288255
3/22/2020 13:00,2020,3,22,3/22/2020,14,10.45,102.917,1.08,719.7462229,0.886336308
3/22/2020 14:00,2020,3,22,3/22/2020,15,14.006,102.98,1.13,719.7852558,0.886384375
3/22/2020 15:00,2020,3,22,3/22/2020,16,12.692,100.688,1.104,719.8243006,0.886432457
3/22/2020 16:00,2020,3,22,3/22/2020,17,13.738,101.822,1.125,719.8633571,0.886480553
3/22/2020 17:00,2020,3,22,3/22/2020,18,15.887,101.78,1.168,719.9024253,0.886528664
3/22/2020 18:00,2020,3,22,3/22/2020,19,16.594,98.536,1.182,719.9415053,0.886576789
3/22/2020 19:00,2020,3,22,3/22/2020,20,17.554,100.952,1.201,651.7326445,0.802580531
3/22/2020 20:00,2020,3,22,3/22/2020,21,17.349,99.519,1.197,583.5237954,0.718584287
3/22/2020 21:00,2020,3,22,3/22/2020,22,18.681,99.316,1.212,583.5629105,0.718632455
3/22/2020 22:00,2020,3,22,3/22/2020,23,17.504,100.378,1.2,583.6020372,0.718680638
3/22/2020 23:00,2020,3,22,3/22/2020,24,20.045,99.014,1.215,542.2049187,0.667701879
3/23/2020 0:00,2020,3,23,3/23/2020,1,17.193,100.347,1.194,500.8078118,0.616723135
3/23/2020 1:00,2020,3,23,3/23/2020,2,17.086,99.712,1.192,500.8469734,0.61677136
3/23/2020 2:00,2020,3,23,3/23/2020,3,13.627,100.201,1.123,500.8861466,0.6168196
3/23/2020 3:00,2020,3,23,3/23/2020,4,12.706,98.84,1.104,500.9253313,0.616867855
3/23/2020 4:00,2020,3,23,3/23/2020,5,11.954,101.307,1.089,500.9645276,0.616916123
3/23/2020 5:00,2020,3,23,3/23/2020,6,9.814,99.628,1.08,501.0037354,0.616964406
3/23/2020 6:00,2020,3,23,3/23/2020,7,9.846,99.845,1.08,501.0429547,0.617012703
3/23/2020 7:00,2020,3,23,3/23/2020,8,7.614,100.868,1.08,533.2079466,0.656622498
3/23/2020 8:00,2020,3,23,3/23/2020,9,9.878,101.64,1.08,610.8056371,0.752180693
3/23/2020 9:00,2020,3,23,3/23/2020,10,7.992,103.509,1.08,688.403339,0.847738903
3/23/2020 10:00,2020,3,23,3/23/2020,11,7.035,101.114,1.08,720.5683653,0.88734874
3/23/2020 11:00,2020,3,23,3/23/2020,12,10.042,101.34,1.08,720.6076417,0.887397108
3/23/2020 12:00,2020,3,23,3/23/2020,13,8.525,101.006,1.08,720.6469296,0.887445489
3/23/2020 13:00,2020,3,23,3/23/2020,14,10.261,102.67,1.08,720.6862288,0.887493884
3/23/2020 14:00,2020,3,23,3/23/2020,15,12.498,103.174,1.1,720.7255393,0.887542293
3/23/2020 15:00,2020,3,23,3/23/2020,16,12.947,103.058,1.109,720.7648612,0.887590716
3/23/2020 16:00,2020,3,23,3/23/2020,17,14.305,100.617,1.136,720.8041943,0.887639154
3/23/2020 17:00,2020,3,23,3/23/2020,18,14.755,101.9,1.145,720.8435387,0.887687604
3/23/2020 18:00,2020,3,23,3/23/2020,19,17.625,101.822,1.202,720.8828944,0.887736069
3/23/2020 19:00,2020,3,23,3/23/2020,20,20.053,100.884,1.215,652.6743088,0.80374015
3/23/2020 20:00,2020,3,23,3/23/2020,21,19.173,98.395,1.213,584.4657344,0.719744244
3/23/2020 21:00,2020,3,23,3/23/2020,22,18.159,99.933,1.21,584.5051237,0.71979275
3/23/2020 22:00,2020,3,23,3/23/2020,23,17.477,99.449,1.2,584.5445242,0.71984127
3/23/2020 23:00,2020,3,23,3/23/2020,24,17.138,100.419,1.193,543.147679,0.668862848
3/24/2020 0:00,2020,3,24,3/24/2020,1,17.329,99.417,1.197,501.7508448,0.617884439
3/24/2020 1:00,2020,3,24,3/24/2020,2,15.325,99.46,1.156,501.7902787,0.617933
3/24/2020 2:00,2020,3,24,3/24/2020,3,14.833,100.043,1.147,501.8297237,0.617981575
3/24/2020 3:00,2020,3,24,3/24/2020,4,12.407,98.436,1.098,501.8691798,0.618030163
3/24/2020 4:00,2020,3,24,3/24/2020,5,12.296,99.654,1.096,501.9086469,0.618078765
3/24/2020 5:00,2020,3,24,3/24/2020,6,11.137,101.294,1.08,501.948125,0.618127381
3/24/2020 6:00,2020,3,24,3/24/2020,7,8.494,99.561,1.08,501.9876142,0.61817601
3/24/2020 7:00,2020,3,24,3/24/2020,8,8.868,99.318,1.08,534.1528755,0.657786137
3/24/2020 8:00,2020,3,24,3/24/2020,9,8.386,102.729,1.08,611.7508348,0.753344663
3/24/2020 9:00,2020,3,24,3/24/2020,10,8.568,102.851,1.08,689.3488052,0.848903204
3/24/2020 10:00,2020,3,24,3/24/2020,11,8.096,103.23,1.08,721.5140993,0.888513371
3/24/2020 11:00,2020,3,24,3/24/2020,12,9.924,102.668,1.08,721.5536432,0.888562067
3/24/2020 12:00,2020,3,24,3/24/2020,13,8.63,102.52,1.08,721.593198,0.888610777
3/24/2020 13:00,2020,3,24,3/24/2020,14,11.614,101.648,1.082,721.6327637,0.888659501
3/24/2020 14:00,2020,3,24,3/24/2020,15,12.687,102.311,1.104,721.6723402,0.888708238
3/24/2020 15:00,2020,3,24,3/24/2020,16,15.32,101.258,1.156,721.7119275,0.888756988
3/24/2020 16:00,2020,3,24,3/24/2020,17,15.151,101.768,1.153,721.7515256,0.888805751
3/24/2020 17:00,2020,3,24,3/24/2020,18,16.817,103.053,1.186,721.7911346,0.888854528
3/24/2020 18:00,2020,3,24,3/24/2020,19,16.641,101.102,1.183,721.8307543,0.888903318
3/24/2020 19:00,2020,3,24,3/24/2020,20,16.833,102.89,1.187,653.6224322,0.804907723
3/24/2020 20:00,2020,3,24,3/24/2020,21,19.303,99.329,1.213,585.4141208,0.720912141
3/24/2020 21:00,2020,3,24,3/24/2020,22,18.904,100.13,1.212,585.4537727,0.72096097
3/24/2020 22:00,2020,3,24,3/24/2020,23,18.663,99.888,1.211,585.4934353,0.721009813
3/24/2020 23:00,2020,3,24,3/24/2020,24,16.522,100.584,1.18,544.0968516,0.670031713
3/25/2020 0:00,2020,3,25,3/25/2020,1,17.609,102.459,1.202,502.7002786,0.619053625
3/25/2020 1:00,2020,3,25,3/25/2020,2,16.366,100.915,1.177,502.739973,0.619102507
3/25/2020 2:00,2020,3,25,3/25/2020,3,16.016,101.39,1.17,502.7796781,0.619151403
3/25/2020 3:00,2020,3,25,3/25/2020,4,13.072,100.465,1.111,502.8193938,0.619200311
3/25/2020 4:00,2020,3,25,3/25/2020,5,11.383,99.18,1.08,502.8591201,0.619249232
3/25/2020 5:00,2020,3,25,3/25/2020,6,10.109,98.596,1.08,502.8988569,0.619298166
3/25/2020 6:00,2020,3,25,3/25/2020,7,9.375,101.626,1.08,502.9386042,0.619347113
3/25/2020 7:00,2020,3,25,3/25/2020,8,9.973,99.265,1.08,535.1041231,0.658957557
3/25/2020 8:00,2020,3,25,3/25/2020,9,7.957,99.647,1.08,612.7023397,0.7545164
3/25/2020 9:00,2020,3,25,3/25/2020,10,5.987,101.253,1.08,690.3005667,0.850075257
3/25/2020 10:00,2020,3,25,3/25/2020,11,8.38,99.079,1.08,722.4661171,0.889685739
3/25/2020 11:00,2020,3,25,3/25/2020,12,9.844,100.9,1.08,722.5059167,0.889734751
3/25/2020 12:00,2020,3,25,3/25/2020,13,9.551,101.006,1.08,722.5457267,0.889783775
3/25/2020 13:00,2020,3,25,3/25/2020,14,10.086,98.246,1.08,722.5855471,0.889832812
3/25/2020 14:00,2020,3,25,3/25/2020,15,13.547,99.105,1.121,722.6253778,0.889881862
3/25/2020 15:00,2020,3,25,3/25/2020,16,14.849,100.595,1.147,722.6652189,0.889930925
3/25/2020 16:00,2020,3,25,3/25/2020,17,13.978,99.28,1.13,722.7050703,0.88998
3/25/2020 17:00,2020,3,25,3/25/2020,18,14.977,99.418,1.15,722.744932,0.890029088
3/25/2020 18:00,2020,3,25,3/25/2020,19,18.13,99.429,1.21,722.784804,0.890078189
3/25/2020 19:00,2020,3,25,3/25/2020,20,17.221,101.825,1.194,654.5767337,0.806082903
3/25/2020 20:00,2020,3,25,3/25/2020,21,17.985,99.82,1.21,586.3686736,0.722087631
3/25/2020 21:00,2020,3,25,3/25/2020,22,17.924,99.824,1.208,586.4085763,0.722136769
3/25/2020 22:00,2020,3,25,3/25/2020,23,19.601,99.511,1.214,586.4484892,0.72218592
3/25/2020 23:00,2020,3,25,3/25/2020,24,18.069,100.241,1.21,545.0521553,0.671208128
3/26/2020 0:00,2020,3,26,3/26/2020,1,17.018,99.257,1.19,503.6558316,0.620230348
3/26/2020 1:00,2020,3,26,3/26/2020,2,15.379,98.842,1.158,503.695775,0.620279536
3/26/2020 2:00,2020,3,26,3/26/2020,3,15.626,98.684,1.163,503.7357284,0.620328737
3/26/2020 3:00,2020,3,26,3/26/2020,4,14.129,100.192,1.133,503.7756919,0.62037795
3/26/2020 4:00,2020,3,26,3/26/2020,5,12.836,99.379,1.107,503.8156656,0.620427176
3/26/2020 5:00,2020,3,26,3/26/2020,6,9.823,100.915,1.08,503.8556492,0.620476414
3/26/2020 6:00,2020,3,26,3/26/2020,7,8.452,101.078,1.08,503.8956429,0.620525665
3/26/2020 7:00,2020,3,26,3/26/2020,8,9.06,99.716,1.08,536.0614078,0.660136411
3/26/2020 8:00,2020,3,26,3/26/2020,9,8.79,97.841,1.08,613.6598697,0.755695557
3/26/2020 9:00,2020,3,26,3/26/2020,10,8.605,100.983,1.08,691.2583416,0.851254715
3/26/2020 10:00,2020,3,26,3/26/2020,11,9.658,100.85,1.08,723.4241364,0.890865499
3/26/2020 11:00,2020,3,26,3/26/2020,12,8.635,100.025,1.08,723.4641799,0.890914811
3/26/2020 12:00,2020,3,26,3/26/2020,13,10.774,99.77,1.08,723.5042334,0.890964135
3/26/2020 13:00,2020,3,26,3/26/2020,14,9.296,99.687,1.08,723.5442967,0.891013471
3/26/2020 14:00,2020,3,26,3/26/2020,15,10.997,102.294,1.08,723.5843699,0.891062819
3/26/2020 15:00,2020,3,26,3/26/2020,16,13.721,99.531,1.124,723.6244529,0.89111218
3/26/2020 16:00,2020,3,26,3/26/2020,17,15.04,100.037,1.151,723.6645458,0.891161552
3/26/2020 17:00,2020,3,26,3/26/2020,18,16.699,101.681,1.184,723.7046484,0.891210937
3/26/2020 18:00,2020,3,26,3/26/2020,19,18.698,99.743,1.212,723.7447608,0.891260334
3/26/2020 19:00,2020,3,26,3/26/2020,20,18.05,100.243,1.21,655.5369305,0.807265344
3/26/2020 20:00,2020,3,26,3/26/2020,21,18.59,101.691,1.211,587.3291099,0.723270367
3/26/2020 21:00,2020,3,26,3/26/2020,22,18.472,100.461,1.211,587.3692516,0.723319799
3/26/2020 22:00,2020,3,26,3/26/2020,23,18.377,99.131,1.211,587.4094029,0.723369244
3/26/2020 23:00,2020,3,26,3/26/2020,24,19.009,99.342,1.212,546.0133071,0.672391745
3/27/2020 0:00,2020,3,27,3/27/2020,1,17.031,101.998,1.191,504.6172209,0.621414257
3/27/2020 1:00,2020,3,27,3/27/2020,2,16.417,100.783,1.178,504.6574012,0.621463737
3/27/2020 2:00,2020,3,27,3/27/2020,3,14.664,99.582,1.143,504.6975912,0.621513229
3/27/2020 3:00,2020,3,27,3/27/2020,4,13.564,100.741,1.121,504.7377907,0.621562733
3/27/2020 4:00,2020,3,27,3/27/2020,5,12.805,100.737,1.106,504.7779999,0.621612249
3/27/2020 5:00,2020,3,27,3/27/2020,6,11.141,99.73,1.08,504.8182186,0.621661777
3/27/2020 6:00,2020,3,27,3/27/2020,7,11.217,98.895,1.08,504.8584468,0.621711316
3/27/2020 7:00,2020,3,27,3/27/2020,8,8.912,100.932,1.08,537.0244457,0.661322351
3/27/2020 8:00,2020,3,27,3/27/2020,9,9.055,102.835,1.08,614.6231412,0.756881784
3/27/2020 9:00,2020,3,27,3/27/2020,10,6.87,101.523,1.08,692.2218461,0.852441229
3/27/2020 10:00,2020,3,27,3/27/2020,11,8.575,102.056,1.08,724.3878734,0.892052299
3/27/2020 11:00,2020,3,27,3/27/2020,12,9.195,101.239,1.08,724.428149,0.892101897
3/27/2020 12:00,2020,3,27,3/27/2020,13,9.112,103.375,1.08,724.468434,0.892151506
3/27/2020 13:00,2020,3,27,3/27/2020,14,11.846,101.993,1.087,724.5087284,0.892201127
3/27/2020 14:00,2020,3,27,3/27/2020,15,12.354,102.498,1.097,724.5490321,0.892250759
3/27/2020 15:00,2020,3,27,3/27/2020,16,12.935,101.761,1.109,724.5893452,0.892300403
3/27/2020 16:00,2020,3,27,3/27/2020,17,15.552,101.79,1.161,724.6296677,0.892350058
3/27/2020 17:00,2020,3,27,3/27/2020,18,17.565,101.442,1.201,724.6699994,0.892399725
3/27/2020 18:00,2020,3,27,3/27/2020,19,16.328,101.309,1.177,724.7103404,0.892449403
3/27/2020 19:00,2020,3,27,3/27/2020,20,18.678,101.587,1.212,656.5027382,0.808454695
3/27/2020 20:00,2020,3,27,3/27/2020,21,19.299,101.181,1.213,588.2951451,0.724459997
3/27/2020 21:00,2020,3,27,3/27/2020,22,17.757,101.103,1.205,588.3355139,0.72450971
3/27/2020 22:00,2020,3,27,3/27/2020,23,18.557,98.72,1.211,588.3758919,0.724559433
3/27/2020 23:00,2020,3,27,3/27/2020,24,17.252,100.25,1.195,546.9800221,0.673582212
3/28/2020 0:00,2020,3,28,3/28/2020,1,18.126,99.986,1.21,505.5841615,0.622605002
3/28/2020 1:00,2020,3,28,3/28/2020,2,17.279,99.166,1.196,505.6245669,0.62265476
3/28/2020 2:00,2020,3,28,3/28/2020,3,15.158,100.62,1.153,505.6649815,0.622704529
3/28/2020 3:00,2020,3,28,3/28/2020,4,14.858,100.55,1.147,505.7054051,0.622754309
3/28/2020 4:00,2020,3,28,3/28/2020,5,11.38,99.776,1.08,505.7458379,0.6228041
3/28/2020 5:00,2020,3,28,3/28/2020,6,11.78,101.089,1.086,505.7862797,0.622853902
3/28/2020 6:00,2020,3,28,3/28/2020,7,8.103,100.409,1.08,505.8267305,0.622903716
3/28/2020 7:00,2020,3,28,3/28/2020,8,8.863,100.71,1.08,537.9929515,0.662515024
3/28/2020 8:00,2020,3,28,3/28/2020,9,8.633,102.308,1.08,615.5918686,0.75807473
3/28/2020 9:00,2020,3,28,3/28/2020,10,8.957,102.628,1.08,693.1907947,0.853634448
3/28/2020 10:00,2020,3,28,3/28/2020,11,7.99,100.99,1.08,725.3570426,0.893245789
3/28/2020 11:00,2020,3,28,3/28/2020,12,8.83,102.132,1.08,725.3975383,0.893295658
3/28/2020 12:00,2020,3,28,3/28/2020,13,10.251,102.228,1.08,725.4380429,0.893345537
3/28/2020 13:00,2020,3,28,3/28/2020,14,9.687,101.908,1.08,725.4785564,0.893395428
3/28/2020 14:00,2020,3,28,3/28/2020,15,12.928,102.72,1.109,725.5190788,0.89344533
3/28/2020 15:00,2020,3,28,3/28/2020,16,13.841,102.691,1.127,725.55961,0.893495242
3/28/2020 16:00,2020,3,28,3/28/2020,17,16.046,102.746,1.171,725.6001501,0.893545165
3/28/2020 17:00,2020,3,28,3/28/2020,18,16.075,101.208,1.171,725.6406989,0.893595099
3/28/2020 18:00,2020,3,28,3/28/2020,19,17.863,99.399,1.207,725.6812565,0.893645044
3/28/2020 19:00,2020,3,28,3/28/2020,20,18.865,102.551,1.212,657.4738704,0.809650602
3/28/2020 20:00,2020,3,28,3/28/2020,21,18.808,100.502,1.212,589.266493,0.72565617
3/28/2020 21:00,2020,3,28,3/28/2020,22,18.199,100.282,1.21,589.3070769,0.725706147
3/28/2020 22:00,2020,3,28,3/28/2020,23,18.302,98.541,1.211,589.3476695,0.725756135
3/28/2020 23:00,2020,3,28,3/28/2020,24,20.722,100.874,1.216,547.9520139,0.674779178
3/29/2020 0:00,2020,3,29,3/29/2020,1,16.936,99.714,1.189,506.5563669,0.623802231
3/29/2020 1:00,2020,3,29,3/29/2020,2,16.697,102.011,1.184,506.5969854,0.623852251
3/29/2020 2:00,2020,3,29,3/29/2020,3,15.863,99.425,1.167,506.6376126,0.623902282
3/29/2020 3:00,2020,3,29,3/29/2020,4,14.28,100.265,1.136,506.6782484,0.623952323
3/29/2020 4:00,2020,3,29,3/29/2020,5,12.433,100.785,1.099,506.7188928,0.624002375
3/29/2020 5:00,2020,3,29,3/29/2020,6,10.611,96.505,1.08,506.7595457,0.624052437
3/29/2020 6:00,2020,3,29,3/29/2020,7,10.172,100.967,1.08,506.8002071,0.62410251
3/29/2020 7:00,2020,3,29,3/29/2020,8,7.887,99.003,1.08,538.9666382,0.663714077
3/29/2020 8:00,2020,3,29,3/29/2020,9,8.759,100.313,1.08,616.565765,0.759274041
3/29/2020 9:00,2020,3,29,3/29/2020,10,7.043,101.227,1.08,694.1649002,0.854834016
3/29/2020 10:00,2020,3,29,3/29/2020,11,9.15,100.3,1.08,726.3313567,0.894445615
3/29/2020 11:00,2020,3,29,3/29/2020,12,8.782,102.301,1.08,726.3720605,0.89449574
3/29/2020 12:00,2020,3,29,3/29/2020,13,9.199,101.598,1.08,726.4127728,0.894545875
3/29/2020 13:00,2020,3,29,3/29/2020,14,9.38,102.146,1.08,726.4534934,0.894596021
3/29/2020 14:00,2020,3,29,3/29/2020,15,11.905,99.429,1.088,726.4942224,0.894646177
3/29/2020 15:00,2020,3,29,3/29/2020,16,13.695,101.977,1.124,726.5349597,0.894696343
3/29/2020 16:00,2020,3,29,3/29/2020,17,13.157,103.353,1.113,726.5757054,0.894746519
3/29/2020 17:00,2020,3,29,3/29/2020,18,16.042,102.322,1.171,726.6164593,0.894796706
3/29/2020 18:00,2020,3,29,3/29/2020,19,17.575,103.03,1.202,726.6572216,0.894846903
3/29/2020 19:00,2020,3,29,3/29/2020,20,17.503,101.778,1.2,658.4500395,0.810852712
3/29/2020 20:00,2020,3,29,3/29/2020,21,18.88,98.931,1.212,590.2428658,0.726858531
3/29/2020 21:00,2020,3,29,3/29/2020,22,19.113,99.849,1.212,590.2836527,0.726908758
3/29/2020 22:00,2020,3,29,3/29/2020,23,18.7,100.41,1.212,590.3244479,0.726958996
3/29/2020 23:00,2020,3,29,3/29/2020,24,17.653,99.632,1.203,548.9289944,0.675982287
3/30/2020 0:00,2020,3,30,3/30/2020,1,16.659,98.773,1.183,507.533549,0.625005589
3/30/2020 1:00,2020,3,30,3/30/2020,2,15.573,100.27,1.161,507.5743686,0.625055856
3/30/2020 2:00,2020,3,30,3/30/2020,3,14.735,101.782,1.145,507.6151964,0.625106134
3/30/2020 3:00,2020,3,30,3/30/2020,4,13.483,100.602,1.12,507.6560323,0.625156422
3/30/2020 4:00,2020,3,30,3/30/2020,5,11.518,102.004,1.08,507.6968762,0.625206719
3/30/2020 5:00,2020,3,30,3/30/2020,6,11.172,98.003,1.08,507.7377282,0.625257027
3/30/2020 6:00,2020,3,30,3/30/2020,7,7.984,98.906,1.08,507.7785882,0.625307344
3/30/2020 7:00,2020,3,30,3/30/2020,8,7.498,101.009,1.08,539.9452174,0.664919155
3/30/2020 8:00,2020,3,30,3/30/2020,9,7.919,102.224,1.08,617.5445417,0.760479363
3/30/2020 9:00,2020,3,30,3/30/2020,10,7.466,102.371,1.08,695.143874,0.85603958
3/30/2020 10:00,2020,3,30,3/30/2020,11,8.894,102.691,1.08,727.3105271,0.895651421
3/30/2020 11:00,2020,3,30,3/30/2020,12,6.2,102.347,1.08,727.3514269,0.895701787
3/30/2020 12:00,2020,3,30,3/30/2020,13,9.383,100.223,1.08,727.3923347,0.895752163
3/30/2020 13:00,2020,3,30,3/30/2020,14,10.747,102.526,1.08,727.4332504,0.895802549
3/30/2020 14:00,2020,3,30,3/30/2020,15,13.021,102.363,1.11,727.4741739,0.895852945
3/30/2020 15:00,2020,3,30,3/30/2020,16,13.588,101.729,1.122,727.5151053,0.89590335
3/30/2020 16:00,2020,3,30,3/30/2020,17,15.194,101.552,1.154,727.5560445,0.895953765
3/30/2020 17:00,2020,3,30,3/30/2020,18,16.249,100.465,1.175,727.5969915,0.896004189
3/30/2020 18:00,2020,3,30,3/30/2020,19,17.828,100.698,1.207,727.6379462,0.896054623
3/30/2020 19:00,2020,3,30,3/30/2020,20,19.839,103.43,1.214,659.4309562,0.812060668
3/30/2020 20:00,2020,3,30,3/30/2020,21,19.796,99.297,1.214,591.223974,0.728066723
3/30/2020 21:00,2020,3,30,3/30/2020,22,20.608,100.283,1.216,591.264952,0.728117186
3/30/2020 22:00,2020,3,30,3/30/2020,23,18.996,98.317,1.212,591.3059377,0.728167658
3/30/2020 23:00,2020,3,30,3/30/2020,24,17.909,98.441,1.208,549.9106741,0.677191183
3/31/2020 0:00,2020,3,31,3/31/2020,1,18.411,100.345,1.211,508.5154182,0.626214718
3/31/2020 1:00,2020,3,31,3/31/2020,2,15.011,99.24,1.15,508.5564269,0.626265219
3/31/2020 2:00,2020,3,31,3/31/2020,3,14.036,100.112,1.131,508.5974431,0.626315728
3/31/2020 3:00,2020,3,31,3/31/2020,4,13.907,99.106,1.128,508.638467,0.626366247
3/31/2020 4:00,2020,3,31,3/31/2020,5,10.977,100.485,1.08,508.6794984,0.626416776
3/31/2020 5:00,2020,3,31,3/31/2020,6,11.746,100.981,1.085,508.7205374,0.626467313
3/31/2020 6:00,2020,3,31,3/31/2020,7,9.431,99.082,1.08,508.7615838,0.62651786
3/31/2020 7:00,2020,3,31,3/31/2020,8,9.888,100.353,1.08,540.928399,0.6661299
3/31/2020 8:00,2020,3,31,3/31/2020,9,6.642,101.714,1.08,618.5279088,0.761690337
3/31/2020 9:00,2020,3,31,3/31/2020,10,9.514,103.901,1.08,696.127426,0.857250782
3/31/2020 10:00,2020,3,31,3/31/2020,11,8.384,104.317,1.08,728.2942635,0.896862849
3/31/2020 11:00,2020,3,31,3/31/2020,12,8.583,101.028,1.08,728.3353473,0.896913442
3/31/2020 12:00,2020,3,31,3/31/2020,13,10.507,103.589,1.08,728.3764385,0.896964044
3/31/2020 13:00,2020,3,31,3/31/2020,14,9.536,101.203,1.08,728.4175371,0.897014655
3/31/2020 14:00,2020,3,31,3/31/2020,15,11.011,101.013,1.08,728.4586431,0.897065276
3/31/2020 15:00,2020,3,31,3/31/2020,16,13.982,103.481,1.13,728.4997563,0.897115905
3/31/2020 16:00,2020,3,31,3/31/2020,17,14.908,102.795,1.148,728.5408769,0.897166543
3/31/2020 17:00,2020,3,31,3/31/2020,18,16.282,101.176,1.176,728.5820048,0.89721719
3/31/2020 18:00,2020,3,31,3/31/2020,19,16.595,101.423,1.182,728.62314,0.897267847
3/31/2020 19:00,2020,3,31,3/31/2020,20,16.304,102.192,1.176,660.4163299,0.813274113
3/31/2020 20:00,2020,3,31,3/31/2020,21,18.465,100.962,1.211,592.209527,0.729280389
3/31/2020 21:00,2020,3,31,3/31/2020,22,17.126,99.861,1.193,592.2506839,0.729331072
3/31/2020 22:00,2020,3,31,3/31/2020,23,17.79,99.568,1.206,592.2918479,0.729381764
3/31/2020 23:00,2020,3,31,3/31/2020,24,18.478,100.195,1.211,550.8967622,0.678405508
4/1/2020 0:00,2020,4,1,4/1/2020,1,18.647,99.865,1.211,492.5139902,0.606509652
4/1/2020 1:00,2020,4,1,4/1/2020,2,18.161,98.883,1.21,492.5551756,0.606560371
4/1/2020 2:00,2020,4,1,4/1/2020,3,17.833,101.235,1.207,492.5963682,0.606611097
4/1/2020 3:00,2020,4,1,4/1/2020,4,14.364,98.797,1.137,492.6375679,0.606661833
4/1/2020 4:00,2020,4,1,4/1/2020,5,14.371,99.526,1.137,492.6787746,0.606712577
4/1/2020 5:00,2020,4,1,4/1/2020,6,11.073,101.169,1.08,492.7199884,0.60676333
4/1/2020 6:00,2020,4,1,4/1/2020,7,10.752,99.315,1.08,492.7612092,0.606814092
4/1/2020 7:00,2020,4,1,4/1/2020,8,9.189,98.873,1.08,522.8927335,0.643919759
4/1/2020 8:00,2020,4,1,4/1/2020,9,9.306,100.948,1.08,595.5783702,0.733428974
4/1/2020 9:00,2020,4,1,4/1/2020,10,8.359,100.739,1.08,668.2640139,0.822938196
4/1/2020 10:00,2020,4,1,4/1/2020,11,9.866,100.055,1.08,698.395559,0.860043889
4/1/2020 11:00,2020,4,1,4/1/2020,12,9.374,100.831,1.08,698.4368146,0.860094694
4/1/2020 12:00,2020,4,1,4/1/2020,13,11.025,100.03,1.08,698.4780771,0.860145507
4/1/2020 13:00,2020,4,1,4/1/2020,14,12.227,100.59,1.095,698.5193464,0.860196328
4/1/2020 14:00,2020,4,1,4/1/2020,15,13.55,101.21,1.121,698.5606226,0.860247158
4/1/2020 15:00,2020,4,1,4/1/2020,16,13.681,100.188,1.124,698.6019056,0.860297996
4/1/2020 16:00,2020,4,1,4/1/2020,17,17.595,98.561,1.202,698.6431954,0.860348843
4/1/2020 17:00,2020,4,1,4/1/2020,18,17.96,98.676,1.209,698.684492,0.860399698
4/1/2020 18:00,2020,4,1,4/1/2020,19,19.518,99.493,1.213,698.7257954,0.860450561
4/1/2020 19:00,2020,4,1,4/1/2020,20,20.93,100.329,1.217,634.8432931,0.781782026
4/1/2020 20:00,2020,4,1,4/1/2020,21,20.238,99.558,1.215,570.9607976,0.703113499
4/1/2020 21:00,2020,4,1,4/1/2020,22,20.79,100.739,1.216,571.0021211,0.703164387
4/1/2020 22:00,2020,4,1,4/1/2020,23,20.303,100.214,1.215,571.0434513,0.703215283
4/1/2020 23:00,2020,4,1,4/1/2020,24,20.495,99.822,1.216,532.2739021,0.655472262
4/2/2020 0:00,2020,4,2,4/2/2020,1,18.648,100.698,1.211,493.5043596,0.607729249
4/2/2020 1:00,2020,4,2,4/2/2020,2,18.467,99.105,1.211,493.5457097,0.60778017
4/2/2020 2:00,2020,4,2,4/2/2020,3,15.975,100.633,1.17,493.5870664,0.607831099
4/2/2020 3:00,2020,4,2,4/2/2020,4,15.538,99.771,1.161,493.6284297,0.607882036
4/2/2020 4:00,2020,4,2,4/2/2020,5,13.107,100.566,1.112,493.6697995,0.607932982
4/2/2020 5:00,2020,4,2,4/2/2020,6,12.583,100.961,1.102,493.7111759,0.607983935
4/2/2020 6:00,2020,4,2,4/2/2020,7,11.259,98.779,1.08,493.7525588,0.608034896
4/2/2020 7:00,2020,4,2,4/2/2020,8,10.057,99.504,1.08,523.8842447,0.645140762
4/2/2020 8:00,2020,4,2,4/2/2020,9,9.59,101.813,1.08,596.5700424,0.734650175
4/2/2020 9:00,2020,4,2,4/2/2020,10,10.207,100.582,1.08,669.2558466,0.824159595
4/2/2020 10:00,2020,4,2,4/2/2020,11,9.072,100.852,1.08,699.3875519,0.861265486
4/2/2020 11:00,2020,4,2,4/2/2020,12,9.908,99.415,1.08,699.428967,0.861316487
4/2/2020 12:00,2020,4,2,4/2/2020,13,10.363,98.719,1.08,699.4703885,0.861367495
4/2/2020 13:00,2020,4,2,4/2/2020,14,12.08,99.296,1.092,699.5118163,0.861418512
4/2/2020 14:00,2020,4,2,4/2/2020,15,13.624,101.348,1.122,699.5532505,0.861469536
4/2/2020 15:00,2020,4,2,4/2/2020,16,15.194,99.168,1.154,699.594691,0.861520569
4/2/2020 16:00,2020,4,2,4/2/2020,17,17.412,100.325,1.198,699.6361378,0.861571609
4/2/2020 17:00,2020,4,2,4/2/2020,18,18.051,99.827,1.21,699.6775909,0.861622656
4/2/2020 18:00,2020,4,2,4/2/2020,19,17.113,101.327,1.192,699.7190502,0.861673712
4/2/2020 19:00,2020,4,2,4/2/2020,20,20.273,102.128,1.215,635.8367034,0.783005368
4/2/2020 20:00,2020,4,2,4/2/2020,21,21.456,100.271,1.218,571.9543628,0.704337031
4/2/2020 21:00,2020,4,2,4/2/2020,22,21.214,99.206,1.217,571.9958408,0.70438811
4/2/2020 22:00,2020,4,2,4/2/2020,23,21.275,100.329,1.217,572.0373249,0.704439196
4/2/2020 23:00,2020,4,2,4/2/2020,24,18.862,100.999,1.212,533.2679291,0.656696363
4/3/2020 0:00,2020,4,3,4/3/2020,1,18.275,98.409,1.211,494.4985394,0.608953539
4/3/2020 1:00,2020,4,3,4/3/2020,2,18.88,100.615,1.212,494.540042,0.609004647
4/3/2020 2:00,2020,4,3,4/3/2020,3,16.244,100.415,1.175,494.5815505,0.609055763
4/3/2020 3:00,2020,4,3,4/3/2020,4,14.435,100.202,1.139,494.6230652,0.609106887
4/3/2020 4:00,2020,4,3,4/3/2020,5,12.693,99.757,1.104,494.6645859,0.609158018
4/3/2020 5:00,2020,4,3,4/3/2020,6,14.385,100.266,1.138,494.7061126,0.609209156
4/3/2020 6:00,2020,4,3,4/3/2020,7,10.593,99.671,1.08,494.7476453,0.609260302
4/3/2020 7:00,2020,4,3,4/3/2020,8,9.29,98.839,1.08,524.8794805,0.646366352
4/3/2020 8:00,2020,4,3,4/3/2020,9,9.989,102.357,1.08,597.5654271,0.735875948
4/3/2020 9:00,2020,4,3,4/3/2020,10,9.545,103.338,1.08,670.2513796,0.825385551
4/3/2020 10:00,2020,4,3,4/3/2020,11,9.704,100.882,1.08,700.3832326,0.862491623
4/3/2020 11:00,2020,4,3,4/3/2020,12,8.555,100.521,1.08,700.4247949,0.862542806
4/3/2020 12:00,2020,4,3,4/3/2020,13,10.256,101.771,1.08,700.4663632,0.862593995
4/3/2020 13:00,2020,4,3,4/3/2020,14,13.608,101.794,1.122,700.5079373,0.862645192
4/3/2020 14:00,2020,4,3,4/3/2020,15,13.979,99.731,1.13,700.5495172,0.862696396
4/3/2020 15:00,2020,4,3,4/3/2020,16,12.948,101.104,1.109,700.5911029,0.862747607
4/3/2020 16:00,2020,4,3,4/3/2020,17,15.588,103.917,1.162,700.6326944,0.862798825
4/3/2020 17:00,2020,4,3,4/3/2020,18,18.05,102.634,1.21,700.6742917,0.86285005
4/3/2020 18:00,2020,4,3,4/3/2020,19,19.095,101.627,1.212,700.7158947,0.862901282
4/3/2020 19:00,2020,4,3,4/3/2020,20,20.509,103.141,1.216,636.8336911,0.784233115
4/3/2020 20:00,2020,4,3,4/3/2020,21,20.441,99.541,1.215,572.9514931,0.705564954
4/3/2020 21:00,2020,4,3,4/3/2020,22,20.276,100.402,1.215,572.9931132,0.705616208
4/3/2020 22:00,2020,4,3,4/3/2020,23,19.772,99.921,1.214,573.034739,0.705667468
4/3/2020 23:00,2020,4,3,4/3/2020,24,19.54,101.455,1.213,534.2654843,0.657924809
4/4/2020 0:00,2020,4,4,4/4/2020,1,20.055,101.837,1.215,495.4962352,0.610182158
4/4/2020 1:00,2020,4,4,4/4/2020,2,18.579,100.341,1.211,495.5378778,0.610233439
4/4/2020 2:00,2020,4,4,4/4/2020,3,16.761,99.549,1.185,495.579526,0.610284727
4/4/2020 3:00,2020,4,4,4/4/2020,4,13.448,99.691,1.119,495.6211797,0.610336022
4/4/2020 4:00,2020,4,4,4/4/2020,5,13.565,99.304,1.121,495.6628389,0.610387323
4/4/2020 5:00,2020,4,4,4/4/2020,6,11.837,101.918,1.087,495.7045037,0.610438632
4/4/2020 6:00,2020,4,4,4/4/2020,7,10.517,100.278,1.08,495.7461739,0.610489947
4/4/2020 7:00,2020,4,4,4/4/2020,8,9.802,101.012,1.08,525.8781461,0.647596166
4/4/2020 8:00,2020,4,4,4/4/2020,9,9.562,102.009,1.08,598.5642291,0.73710593
4/4/2020 9:00,2020,4,4,4/4/2020,10,8.489,103.454,1.08,671.2503176,0.8266157
4/4/2020 10:00,2020,4,4,4/4/2020,11,9.257,101.715,1.08,701.3823061,0.863721939
4/4/2020 11:00,2020,4,4,4/4/2020,12,11.185,101.041,1.08,701.4240034,0.863773288
4/4/2020 12:00,2020,4,4,4/4/2020,13,10.625,102.426,1.08,701.4657061,0.863824643
4/4/2020 13:00,2020,4,4,4/4/2020,14,11.712,102.027,1.084,701.5074141,0.863876004
4/4/2020 14:00,2020,4,4,4/4/2020,15,13.135,100.809,1.113,701.5491274,0.863927372
4/4/2020 15:00,2020,4,4,4/4/2020,16,15.452,105.094,1.159,701.590846,0.863978747
4/4/2020 16:00,2020,4,4,4/4/2020,17,15.797,101.131,1.166,701.6325699,0.864030128
4/4/2020 17:00,2020,4,4,4/4/2020,18,18.271,102.254,1.211,701.6742991,0.864081516
4/4/2020 18:00,2020,4,4,4/4/2020,19,18.795,102.54,1.212,701.7160334,0.86413291
4/4/2020 19:00,2020,4,4,4/4/2020,20,19.77,101.737,1.214,637.8339606,0.785464903
4/4/2020 20:00,2020,4,4,4/4/2020,21,21.079,99.493,1.217,573.951893,0.706796903
4/4/2020 21:00,2020,4,4,4/4/2020,22,21.846,101.041,1.219,573.9936429,0.706848317
4/4/2020 22:00,2020,4,4,4/4/2020,23,20.517,99.569,1.216,574.0353979,0.706899736
4/4/2020 23:00,2020,4,4,4/4/2020,24,20.109,100.665,1.215,535.266272,0.659157236
4/5/2020 0:00,2020,4,5,4/5/2020,1,17.99,101.49,1.21,496.4971512,0.611414743
4/5/2020 1:00,2020,4,5,4/5/2020,2,17.608,100.396,1.202,496.5389216,0.611466181
4/5/2020 2:00,2020,4,5,4/5/2020,3,17.209,100.2,1.194,496.580697,0.611517626
4/5/2020 3:00,2020,4,5,4/5/2020,4,15.601,99.634,1.162,496.6224774,0.611569076
4/5/2020 4:00,2020,4,5,4/5/2020,5,13.35,100.566,1.117,496.6642628,0.611620533
4/5/2020 5:00,2020,4,5,4/5/2020,6,12.475,100.326,1.099,496.7060533,0.611671997
4/5/2020 6:00,2020,4,5,4/5/2020,7,11.887,97.787,1.088,496.7478487,0.611723466
4/5/2020 7:00,2020,4,5,4/5/2020,8,10.306,99.556,1.08,526.8799455,0.648829838
4/5/2020 8:00,2020,4,5,4/5/2020,9,10.066,100.647,1.08,599.5661527,0.738339755
4/5/2020 9:00,2020,4,5,4/5/2020,10,9.016,101.822,1.08,672.2523648,0.827849678
4/5/2020 10:00,2020,4,5,4/5/2020,11,10.22,102.919,1.08,702.3844764,0.864956068
4/5/2020 11:00,2020,4,5,4/5/2020,12,10.318,100.471,1.08,702.4262963,0.865007568
4/5/2020 12:00,2020,4,5,4/5/2020,13,10.86,102.071,1.08,702.4681211,0.865059073
4/5/2020 13:00,2020,4,5,4/5/2020,14,12.197,102.854,1.094,702.5099506,0.865110585
4/5/2020 14:00,2020,4,5,4/5/2020,15,14.604,102.304,1.142,702.551785,0.865162102
4/5/2020 15:00,2020,4,5,4/5/2020,16,14.51,102.11,1.14,702.5936241,0.865213625
4/5/2020 16:00,2020,4,5,4/5/2020,17,17.203,102.224,1.194,702.635468,0.865265154
4/5/2020 17:00,2020,4,5,4/5/2020,18,18.663,103.478,1.211,702.6773167,0.865316689
4/5/2020 18:00,2020,4,5,4/5/2020,19,18.816,102.439,1.212,702.71917,0.865368229
4/5/2020 19:00,2020,4,5,4/5/2020,20,21.357,102.407,1.217,638.8372157,0.786700369
4/5/2020 20:00,2020,4,5,4/5/2020,21,21.656,101.582,1.218,574.955266,0.708032514
4/5/2020 21:00,2020,4,5,4/5/2020,22,20.092,100.085,1.215,574.9971334,0.708084072
4/5/2020 22:00,2020,4,5,4/5/2020,23,20.099,101.482,1.215,575.0390053,0.708135635
4/5/2020 23:00,2020,4,5,4/5/2020,24,19.905,100.184,1.214,536.2699958,0.660393279
4/6/2020 0:00,2020,4,6,4/6/2020,1,18.814,100.711,1.212,497.5009909,0.612650928
4/6/2020 1:00,2020,4,6,4/6/2020,2,18.215,99.829,1.21,497.5428766,0.612702508
4/6/2020 2:00,2020,4,6,4/6/2020,3,16.848,99.452,1.187,497.5847668,0.612754094
4/6/2020 3:00,2020,4,6,4/6/2020,4,15.003,99.504,1.15,497.6266616,0.612805686
4/6/2020 4:00,2020,4,6,4/6/2020,5,14.646,99.31,1.143,497.6685609,0.612857283
4/6/2020 5:00,2020,4,6,4/6/2020,6,12.374,99.322,1.097,497.7104646,0.612908886
4/6/2020 6:00,2020,4,6,4/6/2020,7,12.229,100.153,1.095,497.7523728,0.612960494
4/6/2020 7:00,2020,4,6,4/6/2020,8,9.904,100.597,1.08,527.8845819,0.650067005
4/6/2020 8:00,2020,4,6,4/6/2020,9,10.213,104.529,1.08,600.5709009,0.739577059
4/6/2020 9:00,2020,4,6,4/6/2020,10,11.405,102.617,1.08,673.2572242,0.829087119
4/6/2020 10:00,2020,4,6,4/6/2020,11,8.902,101.414,1.08,703.3894465,0.866193646
4/6/2020 11:00,2020,4,6,4/6/2020,12,10.357,102.178,1.08,703.4313766,0.866245281
4/6/2020 12:00,2020,4,6,4/6/2020,13,11.346,101.733,1.08,703.4733111,0.866296921
4/6/2020 13:00,2020,4,6,4/6/2020,14,11.238,103.164,1.08,703.5152498,0.866348567
4/6/2020 14:00,2020,4,6,4/6/2020,15,13.686,101.513,1.124,703.5571928,0.866400218
4/6/2020 15:00,2020,4,6,4/6/2020,16,16.115,102.858,1.172,703.5991401,0.866451874
4/6/2020 16:00,2020,4,6,4/6/2020,17,15.845,101.552,1.167,703.6410916,0.866503536
4/6/2020 17:00,2020,4,6,4/6/2020,18,17.807,104.672,1.206,703.6830473,0.866555202
4/6/2020 18:00,2020,4,6,4/6/2020,19,19.558,102.795,1.213,703.7250073,0.866606874
4/6/2020 19:00,2020,4,6,4/6/2020,20,19.815,100.899,1.214,639.843159,0.787939144
4/6/2020 20:00,2020,4,6,4/6/2020,21,19.635,99.551,1.214,575.9613149,0.709271419
4/6/2020 21:00,2020,4,6,4/6/2020,22,20.574,100.799,1.216,576.0032872,0.709323107
4/6/2020 22:00,2020,4,6,4/6/2020,23,19.8,100.859,1.214,576.0452637,0.709374799
4/6/2020 23:00,2020,4,6,4/6/2020,24,18.316,100.656,1.211,537.2763582,0.66163257
4/7/2020 0:00,2020,4,7,4/7/2020,1,18.659,100.297,1.211,498.5074568,0.613890347
4/7/2020 1:00,2020,4,7,4/7/2020,2,17.337,99.468,1.197,498.5494454,0.613942054
4/7/2020 2:00,2020,4,7,4/7/2020,3,15.325,101.028,1.157,498.5914381,0.613993766
4/7/2020 3:00,2020,4,7,4/7/2020,4,15.68,98.659,1.164,498.6334348,0.614045483
4/7/2020 4:00,2020,4,7,4/7/2020,5,13.61,100.473,1.122,498.6754355,0.614097205
4/7/2020 5:00,2020,4,7,4/7/2020,6,13.3,99.869,1.116,498.7174401,0.614148932
4/7/2020 6:00,2020,4,7,4/7/2020,7,11.382,99.877,1.08,498.7594486,0.614200664
4/7/2020 7:00,2020,4,7,4/7/2020,8,10.943,99.551,1.08,528.8917576,0.651307298
4/7/2020 8:00,2020,4,7,4/7/2020,9,9.649,103.291,1.08,601.5781759,0.740817474
4/7/2020 9:00,2020,4,7,4/7/2020,10,9.046,102.111,1.08,674.264598,0.830327656
4/7/2020 10:00,2020,4,7,4/7/2020,11,8.652,99.904,1.08,704.3969186,0.867434304
4/7/2020 11:00,2020,4,7,4/7/2020,12,9.865,101.452,1.08,704.4389465,0.867486059
4/7/2020 12:00,2020,4,7,4/7/2020,13,10.845,103.243,1.08,704.4809782,0.86753782
4/7/2020 13:00,2020,4,7,4/7/2020,14,12.688,102.989,1.104,704.5230137,0.867589585
4/7/2020 14:00,2020,4,7,4/7/2020,15,13.869,102.608,1.127,704.5650529,0.867641354
4/7/2020 15:00,2020,4,7,4/7/2020,16,15.756,103.531,1.165,704.6070959,0.867693128
4/7/2020 16:00,2020,4,7,4/7/2020,17,16.672,100.076,1.183,704.6491426,0.867744907
4/7/2020 17:00,2020,4,7,4/7/2020,18,18.311,103.099,1.211,704.691193,0.86779669
4/7/2020 18:00,2020,4,7,4/7/2020,19,18.961,101.927,1.212,704.7332471,0.867848478
4/7/2020 19:00,2020,4,7,4/7/2020,20,19.857,102.192,1.214,640.8514924,0.789180863
4/7/2020 20:00,2020,4,7,4/7/2020,21,20.064,99.075,1.215,576.9697414,0.710513253
4/7/2020 21:00,2020,4,7,4/7/2020,22,20.692,100.957,1.216,577.0118064,0.710565054
4/7/2020 22:00,2020,4,7,4/7/2020,23,21.259,98.074,1.217,577.0538749,0.71061686
4/7/2020 23:00,2020,4,7,4/7/2020,24,18.932,100.028,1.212,538.285061,0.662874744
4/8/2020 0:00,2020,4,8,4/8/2020,1,20.334,100.425,1.215,499.5162506,0.615132633
4/8/2020 1:00,2020,4,8,4/8/2020,2,17.498,100.154,1.2,499.5583298,0.615184452
4/8/2020 2:00,2020,4,8,4/8/2020,3,15.763,100.356,1.165,499.6004124,0.615236275
4/8/2020 3:00,2020,4,8,4/8/2020,4,14.224,99.694,1.134,499.6424986,0.615288102
4/8/2020 4:00,2020,4,8,4/8/2020,5,13.298,100.691,1.116,499.6845882,0.615339933
4/8/2020 5:00,2020,4,8,4/8/2020,6,13.433,99.503,1.119,499.7266813,0.615391769
4/8/2020 6:00,2020,4,8,4/8/2020,7,11.444,100.394,1.08,499.7687777,0.615443609
4/8/2020 7:00,2020,4,8,4/8/2020,8,9.151,99.868,1.08,529.9011741,0.65255035
4/8/2020 8:00,2020,4,8,4/8/2020,9,8.747,98.404,1.08,602.5876793,0.742060634
4/8/2020 9:00,2020,4,8,4/8/2020,10,9.079,98.635,1.08,675.2741878,0.831570922
4/8/2020 10:00,2020,4,8,4/8/2020,11,9.58,100.257,1.08,705.4065942,0.868677676
4/8/2020 11:00,2020,4,8,4/8/2020,12,10.638,98.782,1.08,705.4487074,0.868729536
4/8/2020 12:00,2020,4,8,4/8/2020,13,12.81,99.589,1.106,705.490824,0.868781401
4/8/2020 13:00,2020,4,8,4/8/2020,14,11.768,98.697,1.085,705.5329437,0.86883327
4/8/2020 14:00,2020,4,8,4/8/2020,15,13.953,100.447,1.129,705.5750667,0.868885142
4/8/2020 15:00,2020,4,8,4/8/2020,16,15.161,100.354,1.153,705.617193,0.868937019
4/8/2020 16:00,2020,4,8,4/8/2020,17,17.408,99.291,1.198,705.6593224,0.8689889
4/8/2020 17:00,2020,4,8,4/8/2020,18,18.504,99.696,1.211,705.701455,0.869040784
4/8/2020 18:00,2020,4,8,4/8/2020,19,18.627,98.78,1.211,705.7435907,0.869092672
4/8/2020 19:00,2020,4,8,4/8/2020,20,18.82,101.055,1.212,641.8619173,0.790425158
4/8/2020 20:00,2020,4,8,4/8/2020,21,21.213,99.824,1.217,577.9802469,0.711757647
4/8/2020 21:00,2020,4,8,4/8/2020,22,19.866,100.002,1.214,578.022392,0.711809547
4/8/2020 22:00,2020,4,8,4/8/2020,23,20.501,100.822,1.216,578.0645401,0.71186145
4/8/2020 23:00,2020,4,8,4/8/2020,24,20.676,100.072,1.216,539.2958053,0.664119432
4/9/2020 0:00,2020,4,9,4/9/2020,1,18.252,100.697,1.211,500.5270734,0.616377417
4/9/2020 1:00,2020,4,9,4/9/2020,2,17.782,98.179,1.206,500.5692306,0.616429332
4/9/2020 2:00,2020,4,9,4/9/2020,3,16.166,99.365,1.173,500.6113909,0.616481251
4/9/2020 3:00,2020,4,9,4/9/2020,4,17.101,99.227,1.192,500.653554,0.616533173
4/9/2020 4:00,2020,4,9,4/9/2020,5,13.547,99.165,1.121,500.6957201,0.616585099
4/9/2020 5:00,2020,4,9,4/9/2020,6,11.162,98.717,1.08,500.7378892,0.616637028
4/9/2020 6:00,2020,4,9,4/9/2020,7,10.804,97.933,1.08,500.7800611,0.616688961
4/9/2020 7:00,2020,4,9,4/9/2020,8,9.49,99.901,1.08,530.9125324,0.653795794
4/9/2020 8:00,2020,4,9,4/9/2020,9,10.988,101.007,1.08,603.5991119,0.74330617
4/9/2020 9:00,2020,4,9,4/9/2020,10,8.086,99.19,1.08,676.2856943,0.832816549
4/9/2020 10:00,2020,4,9,4/9/2020,11,8.452,100.373,1.08,706.4181741,0.869923393
4/9/2020 11:00,2020,4,9,4/9/2020,12,10.97,99.285,1.08,706.4603602,0.869975343
4/9/2020 12:00,2020,4,9,4/9/2020,13,11.058,99.376,1.08,706.502549,0.870027297
4/9/2020 13:00,2020,4,9,4/9/2020,14,12.398,99.749,1.098,706.5447406,0.870079254
4/9/2020 14:00,2020,4,9,4/9/2020,15,14.684,101.512,1.144,706.5869349,0.870131214
4/9/2020 15:00,2020,4,9,4/9/2020,16,16.4,98.832,1.178,706.6291319,0.870183178
4/9/2020 16:00,2020,4,9,4/9/2020,17,17.337,98.084,1.197,706.6713315,0.870235145
4/9/2020 17:00,2020,4,9,4/9/2020,18,17.057,98.678,1.191,706.7135339,0.870287115
4/9/2020 18:00,2020,4,9,4/9/2020,19,18.765,99.352,1.212,706.7557388,0.870339089
4/9/2020 19:00,2020,4,9,4/9/2020,20,20.491,101.028,1.216,642.874134,0.791671659
4/9/2020 20:00,2020,4,9,4/9/2020,21,21.867,100.164,1.219,578.9925318,0.713004232
4/9/2020 21:00,2020,4,9,4/9/2020,22,19.969,99.723,1.214,579.0347445,0.713056215
4/9/2020 22:00,2020,4,9,4/9/2020,23,19.816,100.021,1.214,579.0769598,0.713108201
4/9/2020 23:00,2020,4,9,4/9/2020,24,20.665,101.312,1.216,540.3082915,0.665366265
4/10/2020 0:00,2020,4,10,4/10/2020,1,18.47,102.1,1.211,501.5396258,0.617624332
4/10/2020 1:00,2020,4,10,4/10/2020,2,17.06,100.316,1.191,501.5818485,0.617676327
4/10/2020 2:00,2020,4,10,4/10/2020,3,16.677,99.174,1.184,501.6240738,0.617728326
4/10/2020 3:00,2020,4,10,4/10/2020,4,14.991,101.051,1.15,501.6663015,0.617780327
4/10/2020 4:00,2020,4,10,4/10/2020,5,13.295,99.582,1.116,501.7085316,0.617832332
4/10/2020 5:00,2020,4,10,4/10/2020,6,10.989,100.035,1.08,501.7507641,0.617884339
4/10/2020 6:00,2020,4,10,4/10/2020,7,9.807,98.04,1.08,501.7929989,0.61793635
4/10/2020 7:00,2020,4,10,4/10/2020,8,9.961,100.609,1.08,531.9255327,0.65504326
4/10/2020 8:00,2020,4,10,4/10/2020,9,10.047,103.624,1.08,604.6121741,0.744553712
4/10/2020 9:00,2020,4,10,4/10/2020,10,8.734,102.614,1.08,677.2988179,0.834064166
4/10/2020 10:00,2020,4,10,4/10/2020,11,10.415,101.736,1.08,707.4313586,0.871171085
4/10/2020 11:00,2020,4,10,4/10/2020,12,11.24,101.557,1.08,707.473605,0.87122311
4/10/2020 12:00,2020,4,10,4/10/2020,13,11.361,102.855,1.08,707.5158536,0.871275137
4/10/2020 13:00,2020,4,10,4/10/2020,14,10.996,102.335,1.08,707.5581045,0.871327167
4/10/2020 14:00,2020,4,10,4/10/2020,15,13.452,102.217,1.119,707.6003576,0.8713792
4/10/2020 15:00,2020,4,10,4/10/2020,16,16.482,103.286,1.18,707.6426128,0.871431236
4/10/2020 16:00,2020,4,10,4/10/2020,17,15.623,101.756,1.162,707.6848702,0.871483274
4/10/2020 17:00,2020,4,10,4/10/2020,18,18.258,101.645,1.211,707.7271298,0.871535315
4/10/2020 18:00,2020,4,10,4/10/2020,19,18.107,100.653,1.21,707.7693914,0.871587358
4/10/2020 19:00,2020,4,10,4/10/2020,20,20.29,101.815,1.215,643.8878428,0.792919997
4/10/2020 20:00,2020,4,10,4/10/2020,21,21.407,101.222,1.218,580.0062962,0.714252639
4/10/2020 21:00,2020,4,10,4/10/2020,22,20.219,99.801,1.215,580.0485641,0.71430469
4/10/2020 22:00,2020,4,10,4/10/2020,23,19.86,97.767,1.214,580.090834,0.714356743
4/10/2020 23:00,2020,4,10,4/10/2020,24,19.701,100.827,1.214,541.3222198,0.666614874
4/11/2020 0:00,2020,4,11,4/11/2020,1,18.926,101.611,1.212,502.5536076,0.618873006
4/11/2020 1:00,2020,4,11,4/11/2020,2,17.637,100.922,1.203,502.5958834,0.618925067
4/11/2020 2:00,2020,4,11,4/11/2020,3,17.967,99.1,1.209,502.6381612,0.618977131
4/11/2020 3:00,2020,4,11,4/11/2020,4,15.022,99.277,1.15,502.6804408,0.619029196
4/11/2020 4:00,2020,4,11,4/11/2020,5,13.472,99.425,1.119,502.7227224,0.619081264
4/11/2020 5:00,2020,4,11,4/11/2020,6,11.234,99.323,1.08,502.7650059,0.619133334
4/11/2020 6:00,2020,4,11,4/11/2020,7,10.228,100.335,1.08,502.8072912,0.619185407
4/11/2020 7:00,2020,4,11,4/11/2020,8,9.97,100.678,1.08,532.9398748,0.656292379
4/11/2020 8:00,2020,4,11,4/11/2020,9,8.187,103.147,1.08,605.6265657,0.745802891
4/11/2020 9:00,2020,4,11,4/11/2020,10,9.872,101.147,1.08,678.3132583,0.835313406
4/11/2020 10:00,2020,4,11,4/11/2020,11,9.915,102.038,1.08,708.4458473,0.872420384
4/11/2020 11:00,2020,4,11,4/11/2020,12,10.187,102.137,1.08,708.4881416,0.872472468
4/11/2020 12:00,2020,4,11,4/11/2020,13,11.355,101.07,1.08,708.5304375,0.872524553
4/11/2020 13:00,2020,4,11,4/11/2020,14,11.382,102.56,1.08,708.5727352,0.872576641
4/11/2020 14:00,2020,4,11,4/11/2020,15,13.575,102.239,1.122,708.6150345,0.872628731
4/11/2020 15:00,2020,4,11,4/11/2020,16,13.702,102.997,1.124,708.6573355,0.872680823
4/11/2020 16:00,2020,4,11,4/11/2020,17,16.364,102.877,1.177,708.6996381,0.872732917
4/11/2020 17:00,2020,4,11,4/11/2020,18,17.284,102.045,1.196,708.7419423,0.872785012
4/11/2020 18:00,2020,4,11,4/11/2020,19,19.846,102.119,1.214,708.7842481,0.87283711
4/11/2020 19:00,2020,4,11,4/11/2020,20,20.547,100.884,1.216,644.9027432,0.794169803
4/11/2020 20:00,2020,4,11,4/11/2020,21,20.75,101.046,1.216,581.0212397,0.715502498
4/11/2020 21:00,2020,4,11,4/11/2020,22,21.127,100.349,1.217,581.0635502,0.715554601
4/11/2020 22:00,2020,4,11,4/11/2020,23,20.341,99.806,1.215,581.1058622,0.715606707
4/11/2020 23:00,2020,4,11,4/11/2020,24,20.305,101.717,1.215,542.3372895,0.667864888
4/12/2020 0:00,2020,4,12,4/12/2020,1,20.095,99.144,1.215,503.5687184,0.620123071
4/12/2020 1:00,2020,4,12,4/12/2020,2,18.113,101.544,1.21,503.6110347,0.620175182
4/12/2020 2:00,2020,4,12,4/12/2020,3,16.907,99.038,1.188,503.6533525,0.620227295
4/12/2020 3:00,2020,4,12,4/12/2020,4,15.195,100.092,1.154,503.6956716,0.620279409
4/12/2020 4:00,2020,4,12,4/12/2020,5,12.674,100.608,1.103,503.7379921,0.620331525
4/12/2020 5:00,2020,4,12,4/12/2020,6,14.847,98.821,1.147,503.780314,0.620383642
4/12/2020 6:00,2020,4,12,4/12/2020,7,11.415,99.571,1.08,503.8226372,0.620435762
4/12/2020 7:00,2020,4,12,4/12/2020,8,10.119,100.154,1.08,533.9552582,0.65754278
4/12/2020 8:00,2020,4,12,4/12/2020,9,9.744,99.991,1.08,606.641986,0.747053337
4/12/2020 9:00,2020,4,12,4/12/2020,10,8.621,101.629,1.08,679.328715,0.836563897
4/12/2020 10:00,2020,4,12,4/12/2020,11,9.13,99.581,1.08,709.4613398,0.873670919
4/12/2020 11:00,2020,4,12,4/12/2020,12,9.768,102.368,1.08,709.5036693,0.873723046
4/12/2020 12:00,2020,4,12,4/12/2020,13,10.331,102.215,1.08,709.546,0.873775175
4/12/2020 13:00,2020,4,12,4/12/2020,14,12.519,103.037,1.1,709.5883319,0.873827305
4/12/2020 14:00,2020,4,12,4/12/2020,15,11.867,99.092,1.087,709.630665,0.873879436
4/12/2020 15:00,2020,4,12,4/12/2020,16,14.569,101.478,1.141,709.6729992,0.873931569
4/12/2020 16:00,2020,4,12,4/12/2020,17,16.016,101.673,1.17,709.7153345,0.873983703
4/12/2020 17:00,2020,4,12,4/12/2020,18,17.974,99.842,1.209,709.7576708,0.874035838
4/12/2020 18:00,2020,4,12,4/12/2020,19,19.545,102.572,1.213,709.8000083,0.874087975
4/12/2020 19:00,2020,4,12,4/12/2020,20,18.933,100.186,1.212,645.9185344,0.795420706
4/12/2020 20:00,2020,4,12,4/12/2020,21,21.752,99.064,1.218,582.0370616,0.716753438
4/12/2020 21:00,2020,4,12,4/12/2020,22,20.204,99.988,1.215,582.0794021,0.716805579
4/12/2020 22:00,2020,4,12,4/12/2020,23,20.283,99.99,1.215,582.1217436,0.716857721
4/12/2020 23:00,2020,4,12,4/12/2020,24,19.833,100.07,1.214,543.3532,0.669115938
4/13/2020 0:00,2020,4,13,4/13/2020,1,19.101,99.797,1.212,504.5846574,0.621374156
4/13/2020 1:00,2020,4,13,4/13/2020,2,19.129,99.774,1.213,504.6270017,0.621426302
4/13/2020 2:00,2020,4,13,4/13/2020,3,17.098,99.682,1.192,504.6693469,0.621478448
4/13/2020 3:00,2020,4,13,4/13/2020,4,13.933,99.95,1.129,504.711693,0.621530595
4/13/2020 4:00,2020,4,13,4/13/2020,5,13.005,101.186,1.11,504.7540399,0.621582744
4/13/2020 5:00,2020,4,13,4/13/2020,6,10.956,100.163,1.08,504.7963877,0.621634893
4/13/2020 6:00,2020,4,13,4/13/2020,7,11.433,100.453,1.08,504.8387362,0.621687043
4/13/2020 7:00,2020,4,13,4/13/2020,8,10.232,98.816,1.08,534.9713821,0.658794092
4/13/2020 8:00,2020,4,13,4/13/2020,9,10.206,103.603,1.08,607.6581341,0.74830468
4/13/2020 9:00,2020,4,13,4/13/2020,10,9.983,101.98,1.08,680.3448869,0.837815268
4/13/2020 10:00,2020,4,13,4/13/2020,11,9.734,101.405,1.08,710.477535,0.87492232
4/13/2020 11:00,2020,4,13,4/13/2020,12,10.855,102.141,1.08,710.5198873,0.874974475
4/13/2020 12:00,2020,4,13,4/13/2020,13,10.183,102.345,1.08,710.5622402,0.875026631
4/13/2020 13:00,2020,4,13,4/13/2020,14,13.118,101.572,1.112,710.6045938,0.875078787
4/13/2020 14:00,2020,4,13,4/13/2020,15,13.535,101.311,1.121,710.6469481,0.875130945
4/13/2020 15:00,2020,4,13,4/13/2020,16,15.943,101.498,1.169,710.6893029,0.875183103
4/13/2020 16:00,2020,4,13,4/13/2020,17,15.395,101.929,1.158,710.7316583,0.875235262
4/13/2020 17:00,2020,4,13,4/13/2020,18,17.122,104.077,1.192,710.7740143,0.875287421
4/13/2020 18:00,2020,4,13,4/13/2020,19,17.447,101.619,1.199,710.8163709,0.875339581
4/13/2020 19:00,2020,4,13,4/13/2020,20,20.921,102.398,1.216,646.9349156,0.796672335
4/13/2020 20:00,2020,4,13,4/13/2020,21,21.066,99.45,1.217,583.0534608,0.71800509
4/13/2020 21:00,2020,4,13,4/13/2020,22,20.677,101.054,1.216,583.0958188,0.718057252
4/13/2020 22:00,2020,4,13,4/13/2020,23,20.709,99.421,1.216,583.1381774,0.718109415
4/13/2020 23:00,2020,4,13,4/13/2020,24,19.981,102.126,1.214,544.3696502,0.670367652
4/14/2020 0:00,2020,4,14,4/14/2020,1,18.582,100.568,1.211,505.6011235,0.62262589
4/14/2020 1:00,2020,4,14,4/14/2020,2,18.998,99.557,1.212,505.6434832,0.622678055
4/14/2020 2:00,2020,4,14,4/14/2020,3,14.968,99.955,1.149,505.6858434,0.622730219
4/14/2020 3:00,2020,4,14,4/14/2020,4,13.441,100.086,1.119,505.7282038,0.622782384
4/14/2020 4:00,2020,4,14,4/14/2020,5,15.249,99.858,1.155,505.7705646,0.62283455
4/14/2020 5:00,2020,4,14,4/14/2020,6,12.094,101.195,1.092,505.8129257,0.622886716
4/14/2020 6:00,2020,4,14,4/14/2020,7,10.733,99.188,1.08,505.8552871,0.622938882
4/14/2020 7:00,2020,4,14,4/14/2020,8,10.982,99.846,1.08,535.9879453,0.660045946
4/14/2020 8:00,2020,4,14,4/14/2020,9,9.27,101.592,1.08,608.6747091,0.749556548
4/14/2020 9:00,2020,4,14,4/14/2020,10,9.432,102.262,1.08,681.3614731,0.83906715
4/14/2020 10:00,2020,4,14,4/14/2020,11,9.615,100.32,1.08,711.4941319,0.876174215
4/14/2020 11:00,2020,4,14,4/14/2020,12,8.973,101.711,1.08,711.5364944,0.876226382
4/14/2020 12:00,2020,4,14,4/14/2020,13,10.395,101.086,1.08,711.578857,0.87627855
4/14/2020 13:00,2020,4,14,4/14/2020,14,13.146,101.344,1.113,711.6212198,0.876330718
4/14/2020 14:00,2020,4,14,4/14/2020,15,14.018,102.89,1.13,711.6635826,0.876382886
4/14/2020 15:00,2020,4,14,4/14/2020,16,15.202,101.456,1.154,711.7059456,0.876435054
4/14/2020 16:00,2020,4,14,4/14/2020,17,16.998,102.927,1.19,711.7483086,0.876487222
4/14/2020 17:00,2020,4,14,4/14/2020,18,18.33,102.921,1.211,711.7906717,0.876539391
4/14/2020 18:00,2020,4,14,4/14/2020,19,20.395,101.802,1.215,711.8330347,0.876591559
4/14/2020 19:00,2020,4,14,4/14/2020,20,19.373,100.983,1.213,647.9515855,0.79792432
4/14/2020 20:00,2020,4,14,4/14/2020,21,21.572,100.657,1.218,584.0701362,0.719257082
4/14/2020 21:00,2020,4,14,4/14/2020,22,20.714,99.57,1.216,584.1124992,0.71930925
4/14/2020 22:00,2020,4,14,4/14/2020,23,19.508,101.119,1.213,584.1548621,0.719361418
4/14/2020 23:00,2020,4,14,4/14/2020,24,20.344,102.535,1.215,545.3863389,0.67161966
4/15/2020 0:00,2020,4,15,4/15/2020,1,18.231,100.107,1.211,506.6178156,0.623877903
4/15/2020 1:00,2020,4,15,4/15/2020,2,19.034,100.102,1.212,506.6601782,0.62393007
4/15/2020 2:00,2020,4,15,4/15/2020,3,16.403,100.405,1.178,506.7025407,0.623982238
4/15/2020 3:00,2020,4,15,4/15/2020,4,15.379,100.558,1.158,506.744903,0.624034405
4/15/2020 4:00,2020,4,15,4/15/2020,5,13.246,102.525,1.115,506.7872651,0.624086572
4/15/2020 5:00,2020,4,15,4/15/2020,6,11.606,99.646,1.082,506.829627,0.624138739
4/15/2020 6:00,2020,4,15,4/15/2020,7,11.122,99.433,1.08,506.8719886,0.624190906
4/15/2020 7:00,2020,4,15,4/15/2020,8,10.366,100.692,1.08,537.0046465,0.661297969
4/15/2020 8:00,2020,4,15,4/15/2020,9,9.73,99.126,1.08,609.6914095,0.75080857
4/15/2020 9:00,2020,4,15,4/15/2020,10,8.62,99.706,1.08,682.3781723,0.840319171
4/15/2020 10:00,2020,4,15,4/15/2020,11,9.458,100.801,1.08,712.5108292,0.877426234
4/15/2020 11:00,2020,4,15,4/15/2020,12,10.81,101.557,1.08,712.5531894,0.877478398
4/15/2020 12:00,2020,4,15,4/15/2020,13,9.266,102.936,1.08,712.5955491,0.877530562
4/15/2020 13:00,2020,4,15,4/15/2020,14,11.096,97.843,1.08,712.6379085,0.877582726
4/15/2020 14:00,2020,4,15,4/15/2020,15,13.863,99.882,1.127,712.6802674,0.877634889
4/15/2020 15:00,2020,4,15,4/15/2020,16,15.749,100.276,1.165,712.7226259,0.877687052
4/15/2020 16:00,2020,4,15,4/15/2020,17,14.932,99.16,1.149,712.764984,0.877739214
4/15/2020 17:00,2020,4,15,4/15/2020,18,17.342,100.868,1.197,712.8073415,0.877791376
4/15/2020 18:00,2020,4,15,4/15/2020,19,18.838,101.058,1.212,712.8496986,0.877843536
4/15/2020 19:00,2020,4,15,4/15/2020,20,18.45,100.282,1.211,648.9682428,0.79917629
4/15/2020 20:00,2020,4,15,4/15/2020,21,19.368,101.582,1.213,585.0867864,0.720509042
4/15/2020 21:00,2020,4,15,4/15/2020,22,19.948,101.578,1.214,585.1291418,0.720561201
4/15/2020 22:00,2020,4,15,4/15/2020,23,18.893,98.69,1.212,585.1714967,0.720613359
4/15/2020 23:00,2020,4,15,4/15/2020,24,19.22,101.239,1.213,546.4029648,0.672871591
4/16/2020 0:00,2020,4,16,4/16/2020,1,21.835,100.461,1.219,507.6344324,0.625129822
4/16/2020 1:00,2020,4,16,4/16/2020,2,18.989,99.652,1.212,507.6767853,0.625181978
4/16/2020 2:00,2020,4,16,4/16/2020,3,16.431,99.526,1.179,507.7191376,0.625234133
4/16/2020 3:00,2020,4,16,4/16/2020,4,13.71,100.549,1.124,507.7614892,0.625286287
4/16/2020 4:00,2020,4,16,4/16/2020,5,12.083,99.342,1.092,507.80384,0.62533844
4/16/2020 5:00,2020,4,16,4/16/2020,6,11.341,98.421,1.08,507.8461901,0.625390593
4/16/2020 6:00,2020,4,16,4/16/2020,7,10.395,99.539,1.08,507.8885395,0.625442744
4/16/2020 7:00,2020,4,16,4/16/2020,8,8.894,99.911,1.08,538.0211846,0.662549792
4/16/2020 8:00,2020,4,16,4/16/2020,9,8.511,99.705,1.08,610.7079343,0.752060377
4/16/2020 9:00,2020,4,16,4/16/2020,10,8.13,99.443,1.08,683.3946831,0.84157096
4/16/2020 10:00,2020,4,16,4/16/2020,11,9.063,98.787,1.08,713.5273257,0.878678005
4/16/2020 11:00,2020,4,16,4/16/2020,12,10.501,99.832,1.08,713.5696709,0.878730151
4/16/2020 12:00,2020,4,16,4/16/2020,13,11.933,100.547,1.089,713.6120152,0.878782296
4/16/2020 13:00,2020,4,16,4/16/2020,14,9.987,100.784,1.08,713.6543586,0.87883444
4/16/2020 14:00,2020,4,16,4/16/2020,15,14.034,101.773,1.131,713.6967011,0.878886583
4/16/2020 15:00,2020,4,16,4/16/2020,16,15.404,100.637,1.158,713.7390426,0.878938725
4/16/2020 16:00,2020,4,16,4/16/2020,17,17.15,99.473,1.193,713.7813831,0.878990866
4/16/2020 17:00,2020,4,16,4/16/2020,18,18.051,100.925,1.21,713.8237227,0.879043005
4/16/2020 18:00,2020,4,16,4/16/2020,19,18.908,99.534,1.212,713.8660612,0.879095143
4/16/2020 19:00,2020,4,16,4/16/2020,20,21.412,99.256,1.218,649.9845863,0.800427873
4/16/2020 20:00,2020,4,16,4/16/2020,21,19.47,101.157,1.213,586.1031103,0.721760601
4/16/2020 21:00,2020,4,16,4/16/2020,22,19.727,99.792,1.214,586.1454456,0.721812735
4/16/2020 22:00,2020,4,16,4/16/2020,23,21.229,99.156,1.217,586.1877798,0.721864868
4/16/2020 23:00,2020,4,16,4/16/2020,24,19.868,100.822,1.214,547.4192268,0.674123074
4/17/2020 0:00,2020,4,17,4/17/2020,1,18.469,97.522,1.211,508.6506726,0.626381278
4/17/2020 1:00,2020,4,17,4/17/2020,2,17.576,99.834,1.202,508.6930033,0.626433406
4/17/2020 2:00,2020,4,17,4/17/2020,3,15.765,100.166,1.165,508.7353328,0.626485533
4/17/2020 3:00,2020,4,17,4/17/2020,4,14.091,99.746,1.132,508.7776611,0.626537659
4/17/2020 4:00,2020,4,17,4/17/2020,5,14.084,100.099,1.132,508.8199882,0.626589783
4/17/2020 5:00,2020,4,17,4/17/2020,6,13.456,101.325,1.119,508.862314,0.626641905
4/17/2020 6:00,2020,4,17,4/17/2020,7,10.359,99.272,1.08,508.9046385,0.626694026
4/17/2020 7:00,2020,4,17,4/17/2020,8,9.259,99.928,1.08,539.0372582,0.663801042
4/17/2020 8:00,2020,4,17,4/17/2020,9,9.527,102.38,1.08,611.723982,0.753311595
4/17/2020 9:00,2020,4,17,4/17/2020,10,10.567,102.47,1.08,684.4107045,0.842822147
4/17/2020 10:00,2020,4,17,4/17/2020,11,9.454,102.246,1.08,714.5433201,0.879929158
4/17/2020 11:00,2020,4,17,4/17/2020,12,9.778,103.03,1.08,714.5856379,0.879981271
4/17/2020 12:00,2020,4,17,4/17/2020,13,11.468,102.217,1.08,714.6279542,0.880033381
4/17/2020 13:00,2020,4,17,4/17/2020,14,12.858,101.709,1.107,714.6702691,0.88008549
4/17/2020 14:00,2020,4,17,4/17/2020,15,13.016,102.614,1.11,714.7125826,0.880137597
4/17/2020 15:00,2020,4,17,4/17/2020,16,15.664,103.9,1.163,714.7548945,0.880189703
4/17/2020 16:00,2020,4,17,4/17/2020,17,16.512,101.566,1.18,714.797205,0.880241806
4/17/2020 17:00,2020,4,17,4/17/2020,18,16.994,101.934,1.19,714.8395139,0.880293908
4/17/2020 18:00,2020,4,17,4/17/2020,19,19.513,102.224,1.213,714.8818213,0.880346008
4/17/2020 19:00,2020,4,17,4/17/2020,20,19.289,100.94,1.213,651.0003148,0.801678698
4/17/2020 20:00,2020,4,17,4/17/2020,21,21.355,100.101,1.217,587.1188067,0.723011387
4/17/2020 21:00,2020,4,17,4/17/2020,22,20.459,97.369,1.215,587.1611093,0.723063481
4/17/2020 22:00,2020,4,17,4/17/2020,23,20.697,100.037,1.216,587.2034103,0.723115573
4/17/2020 23:00,2020,4,17,4/17/2020,24,19.922,100.659,1.214,548.4348235,0.675373737
4/18/2020 0:00,2020,4,18,4/18/2020,1,18.538,99.224,1.211,509.6662351,0.627631899
4/18/2020 1:00,2020,4,18,4/18/2020,2,15.731,101.076,1.165,509.708531,0.627683985
4/18/2020 2:00,2020,4,18,4/18/2020,3,15.738,100.079,1.165,509.7508253,0.627736068
4/18/2020 3:00,2020,4,18,4/18/2020,4,14.161,100.619,1.133,509.7931178,0.62778815
4/18/2020 4:00,2020,4,18,4/18/2020,5,12.298,100.479,1.096,509.8354085,0.627840229
4/18/2020 5:00,2020,4,18,4/18/2020,6,10.649,98.701,1.08,509.8776974,0.627892306
4/18/2020 6:00,2020,4,18,4/18/2020,7,11.344,100.917,1.08,509.9199846,0.627944381
4/18/2020 7:00,2020,4,18,4/18/2020,8,9.746,99.709,1.08,540.0525664,0.66505135
4/18/2020 8:00,2020,4,18,4/18/2020,9,7.569,101.151,1.08,612.7392517,0.754561856
4/18/2020 9:00,2020,4,18,4/18/2020,10,9.644,102.809,1.08,685.4259352,0.844072359
4/18/2020 10:00,2020,4,18,4/18/2020,11,7.645,100.75,1.08,715.5585114,0.881179322
4/18/2020 11:00,2020,4,18,4/18/2020,12,10.011,101.551,1.08,715.6007892,0.881231385
4/18/2020 12:00,2020,4,18,4/18/2020,13,10.616,102.179,1.08,715.643065,0.881283446
4/18/2020 13:00,2020,4,18,4/18/2020,14,12.418,100.941,1.098,715.6853389,0.881335505
4/18/2020 14:00,2020,4,18,4/18/2020,15,14.144,102.903,1.133,715.7276108,0.881387561
4/18/2020 15:00,2020,4,18,4/18/2020,16,16.017,102.337,1.17,715.7698807,0.881439614
4/18/2020 16:00,2020,4,18,4/18/2020,17,17.06,103.095,1.191,715.8121485,0.881491665
4/18/2020 17:00,2020,4,18,4/18/2020,18,17.573,101.143,1.201,715.8544143,0.881543714
4/18/2020 18:00,2020,4,18,4/18/2020,19,17.809,100.072,1.206,715.8966781,0.88159576
4/18/2020 19:00,2020,4,18,4/18/2020,20,19.841,101.592,1.214,652.0151274,0.802928396
4/18/2020 20:00,2020,4,18,4/18/2020,21,20.79,101.394,1.216,588.1335745,0.72426103
4/18/2020 21:00,2020,4,18,4/18/2020,22,20.896,99.47,1.216,588.1758319,0.724313068
4/18/2020 22:00,2020,4,18,4/18/2020,23,19.397,99.111,1.213,588.2180872,0.724365104
4/18/2020 23:00,2020,4,18,4/18/2020,24,20.119,100.42,1.215,549.4494542,0.676623211
4/19/2020 0:00,2020,4,19,4/19/2020,1,18.758,99.693,1.212,510.680819,0.628881315
4/19/2020 1:00,2020,4,19,4/19/2020,2,19.372,99.758,1.213,510.7230676,0.628933343
4/19/2020 2:00,2020,4,19,4/19/2020,3,16.815,100.728,1.186,510.765314,0.628985367
4/19/2020 3:00,2020,4,19,4/19/2020,4,15.084,99.846,1.152,510.8075582,0.629037389
4/19/2020 4:00,2020,4,19,4/19/2020,5,14.445,100.536,1.139,510.8498,0.629089408
4/19/2020 5:00,2020,4,19,4/19/2020,6,13.7,101.483,1.124,510.8920396,0.629141424
4/19/2020 6:00,2020,4,19,4/19/2020,7,11.737,99.657,1.085,510.9342768,0.629193438
4/19/2020 7:00,2020,4,19,4/19/2020,8,9.671,99.241,1.08,541.0668082,0.666300345
4/19/2020 8:00,2020,4,19,4/19/2020,9,9.6,100.092,1.08,613.7534426,0.755810788
4/19/2020 9:00,2020,4,19,4/19/2020,10,9.683,101.003,1.08,686.4400746,0.845321228
4/19/2020 10:00,2020,4,19,4/19/2020,11,8.839,103.005,1.08,716.5725988,0.882428127
4/19/2020 11:00,2020,4,19,4/19/2020,12,11.111,100.183,1.08,716.6148241,0.882480125
4/19/2020 12:00,2020,4,19,4/19/2020,13,9.374,101.577,1.08,716.6570468,0.882532121
4/19/2020 13:00,2020,4,19,4/19/2020,14,11.636,101.344,1.083,716.6992671,0.882584113
4/19/2020 14:00,2020,4,19,4/19/2020,15,12.537,102.151,1.101,716.7414849,0.882636103
4/19/2020 15:00,2020,4,19,4/19/2020,16,14.75,102.615,1.145,716.7837002,0.882688089
4/19/2020 16:00,2020,4,19,4/19/2020,17,16.101,100.984,1.172,716.8259129,0.882740072
4/19/2020 17:00,2020,4,19,4/19/2020,18,17.768,103.967,1.205,716.8681231,0.882792052
4/19/2020 18:00,2020,4,19,4/19/2020,19,19.511,100.977,1.213,716.9103307,0.882844029
4/19/2020 19:00,2020,4,19,4/19/2020,20,19.31,101.463,1.213,653.0287233,0.804176596
4/19/2020 20:00,2020,4,19,4/19/2020,21,20.767,99.791,1.216,589.1471132,0.725509159
4/19/2020 21:00,2020,4,19,4/19/2020,22,19.115,100.098,1.212,589.1893129,0.725561126
4/19/2020 22:00,2020,4,19,4/19/2020,23,20.708,99.407,1.216,589.2315099,0.72561309
4/19/2020 23:00,2020,4,19,4/19/2020,24,20.459,101.561,1.215,550.4628181,0.677871125
4/20/2020 0:00,2020,4,20,4/20/2020,1,19.257,99.561,1.213,511.6941236,0.630129156
4/20/2020 1:00,2020,4,20,4/20/2020,2,18.209,99.66,1.21,511.7363124,0.63018111
4/20/2020 2:00,2020,4,20,4/20/2020,3,16.656,98.667,1.183,511.7784985,0.63023306
4/20/2020 3:00,2020,4,20,4/20/2020,4,14.128,100.187,1.133,511.8206817,0.630285007
4/20/2020 4:00,2020,4,20,4/20/2020,5,12.226,99.825,1.095,511.8628622,0.63033695
4/20/2020 5:00,2020,4,20,4/20/2020,6,11.427,100.494,1.08,511.9050399,0.63038889
4/20/2020 6:00,2020,4,20,4/20/2020,7,10.899,101.786,1.08,511.9472146,0.630440827
4/20/2020 7:00,2020,4,20,4/20/2020,8,8.673,99.072,1.08,542.0796831,0.667547657
4/20/2020 8:00,2020,4,20,4/20/2020,9,8.497,102.033,1.08,614.766254,0.757058022
4/20/2020 9:00,2020,4,20,4/20/2020,10,8.22,101.789,1.08,687.4528221,0.846568383
4/20/2020 10:00,2020,4,20,4/20/2020,11,9.407,101.797,1.08,717.5852817,0.883675202
4/20/2020 11:00,2020,4,20,4/20/2020,12,10.628,102.514,1.08,717.627442,0.883727121
4/20/2020 12:00,2020,4,20,4/20/2020,13,9.956,101.585,1.08,717.6695992,0.883779035
4/20/2020 13:00,2020,4,20,4/20/2020,14,10.876,102.371,1.08,717.7117534,0.883830946
4/20/2020 14:00,2020,4,20,4/20/2020,15,13.426,101.995,1.119,717.7539046,0.883882854
4/20/2020 15:00,2020,4,20,4/20/2020,16,12.963,103.482,1.109,717.7960528,0.883934757
4/20/2020 16:00,2020,4,20,4/20/2020,17,16.627,101.615,1.183,717.8381979,0.883986657
4/20/2020 17:00,2020,4,20,4/20/2020,18,16.665,103.265,1.183,717.8803399,0.884038553
4/20/2020 18:00,2020,4,20,4/20/2020,19,18.209,101.355,1.21,717.9224787,0.884090446
4/20/2020 19:00,2020,4,20,4/20/2020,20,18.991,102.784,1.212,654.0408021,0.805422927
4/20/2020 20:00,2020,4,20,4/20/2020,21,19.934,99.878,1.214,590.1591224,0.726755405
4/20/2020 21:00,2020,4,20,4/20/2020,22,21.961,98.878,1.219,590.2012518,0.726807285
4/20/2020 22:00,2020,4,20,4/20/2020,23,20.558,99.823,1.216,590.243378,0.726859162
4/20/2020 23:00,2020,4,20,4/20/2020,24,19.894,99.584,1.214,551.474615,0.679117109
4/21/2020 0:00,2020,4,21,4/21/2020,1,19.297,99.344,1.213,512.7058486,0.631375052
4/21/2020 1:00,2020,4,21,4/21/2020,2,16.805,100.371,1.186,512.7479651,0.631426916
4/21/2020 2:00,2020,4,21,4/21/2020,3,17.247,99.695,1.195,512.7900784,0.631478777
4/21/2020 3:00,2020,4,21,4/21/2020,4,15.368,99.783,1.157,512.8321883,0.631530634
4/21/2020 4:00,2020,4,21,4/21/2020,5,12.015,99.658,1.09,512.8742949,0.631582486
4/21/2020 5:00,2020,4,21,4/21/2020,6,10.745,98.967,1.08,512.9163981,0.631634334
4/21/2020 6:00,2020,4,21,4/21/2020,7,10.321,98.561,1.08,512.958498,0.631686178
4/21/2020 7:00,2020,4,21,4/21/2020,8,9.946,99.723,1.08,543.0908909,0.668792916
4/21/2020 8:00,2020,4,21,4/21/2020,9,10.449,101.105,1.08,615.7773859,0.758303187
4/21/2020 9:00,2020,4,21,4/21/2020,10,10.33,102.708,1.08,688.4638775,0.847813454
4/21/2020 10:00,2020,4,21,4/21/2020,11,9.35,102.119,1.08,718.5962602,0.884920178
4/21/2020 11:00,2020,4,21,4/21/2020,12,9.519,101.776,1.08,718.6383428,0.884972001
4/21/2020 12:00,2020,4,21,4/21/2020,13,11.674,102.194,1.083,718.680422,0.88502382
4/21/2020 13:00,2020,4,21,4/21/2020,14,12.852,100.056,1.107,718.7224977,0.885075634
4/21/2020 14:00,2020,4,21,4/21/2020,15,14.701,101.651,1.144,718.7645698,0.885127444
4/21/2020 15:00,2020,4,21,4/21/2020,16,15.037,101.579,1.151,718.8066384,0.88517925
4/21/2020 16:00,2020,4,21,4/21/2020,17,15.645,102.18,1.163,718.8487033,0.885231051
4/21/2020 17:00,2020,4,21,4/21/2020,18,16.64,102.349,1.183,718.8907647,0.885282848
4/21/2020 18:00,2020,4,21,4/21/2020,19,19.345,101.696,1.213,718.9328224,0.88533464
4/21/2020 19:00,2020,4,21,4/21/2020,20,19.501,100.886,1.213,655.0510641,0.806667021
4/21/2020 20:00,2020,4,21,4/21/2020,21,20.075,100.96,1.215,591.1693021,0.727999397
4/21/2020 21:00,2020,4,21,4/21/2020,22,19.962,98.847,1.214,591.2113488,0.728051176
4/21/2020 22:00,2020,4,21,4/21/2020,23,19.727,100.228,1.214,591.2533918,0.72810295
4/21/2020 23:00,2020,4,21,4/21/2020,24,20.005,100.043,1.214,552.484545,0.680360794
4/22/2020 0:00,2020,4,22,4/22/2020,1,18.861,98.942,1.212,513.7156944,0.632618633
4/22/2020 1:00,2020,4,22,4/22/2020,2,17.988,100.661,1.21,513.7577261,0.632670393
4/22/2020 2:00,2020,4,22,4/22/2020,3,16.017,100.618,1.17,513.799754,0.632722149
4/22/2020 3:00,2020,4,22,4/22/2020,4,15.217,100.433,1.154,513.841778,0.6327739
4/22/2020 4:00,2020,4,22,4/22/2020,5,14.954,101.514,1.149,513.8837983,0.632825646
4/22/2020 5:00,2020,4,22,4/22/2020,6,11.674,101.735,1.083,513.9258146,0.632877387
4/22/2020 6:00,2020,4,22,4/22/2020,7,10.895,100.809,1.08,513.9678271,0.632929124
4/22/2020 7:00,2020,4,22,4/22/2020,8,11.017,99.977,1.08,544.1001321,0.670035752
4/22/2020 8:00,2020,4,22,4/22/2020,9,9.12,100.58,1.08,616.7865387,0.759545915
4/22/2020 9:00,2020,4,22,4/22/2020,10,9.458,101.505,1.08,689.4729413,0.849056072
4/22/2020 10:00,2020,4,22,4/22/2020,11,9.207,99.227,1.08,719.6052345,0.886162686
4/22/2020 11:00,2020,4,22,4/22/2020,12,8.769,100.044,1.08,719.6472272,0.886214399
4/22/2020 12:00,2020,4,22,4/22/2020,13,11.542,98.314,1.081,719.6892158,0.886266106
4/22/2020 13:00,2020,4,22,4/22/2020,14,12.814,98.878,1.106,719.7312005,0.886317808
4/22/2020 14:00,2020,4,22,4/22/2020,15,13.164,99.348,1.113,719.773181,0.886369505
4/22/2020 15:00,2020,4,22,4/22/2020,16,15.222,101.038,1.154,719.8151575,0.886421198
4/22/2020 16:00,2020,4,22,4/22/2020,17,16.833,99.851,1.187,719.8571299,0.886472885
4/22/2020 17:00,2020,4,22,4/22/2020,18,18.05,98.954,1.21,719.8990981,0.886524567
4/22/2020 18:00,2020,4,22,4/22/2020,19,20.203,99.923,1.215,719.9410622,0.886576244
4/22/2020 19:00,2020,4,22,4/22/2020,20,21.095,100.702,1.217,656.0592098,0.807908509
4/22/2020 20:00,2020,4,22,4/22/2020,21,21.313,100.327,1.217,592.1773531,0.729240768
4/22/2020 21:00,2020,4,22,4/22/2020,22,18.787,101.986,1.212,592.2193047,0.72929243
4/22/2020 22:00,2020,4,22,4/22/2020,23,20.861,99.221,1.216,592.2612519,0.729344086
4/22/2020 23:00,2020,4,22,4/22/2020,24,21.263,100.904,1.217,553.4923089,0.681601811
4/23/2020 0:00,2020,4,23,4/23/2020,1,17.796,100.684,1.206,514.7233615,0.633859532
4/23/2020 1:00,2020,4,23,4/23/2020,2,17.443,99.954,1.199,514.765296,0.633911172
4/23/2020 2:00,2020,4,23,4/23/2020,3,16.121,100.039,1.172,514.8072261,0.633962807
4/23/2020 3:00,2020,4,23,4/23/2020,4,14.641,100.508,1.143,514.8491519,0.634014437
4/23/2020 4:00,2020,4,23,4/23/2020,5,13.279,100.56,1.116,514.8910733,0.634066061
4/23/2020 5:00,2020,4,23,4/23/2020,6,11.992,99.991,1.09,514.9329903,0.63411768
4/23/2020 6:00,2020,4,23,4/23/2020,7,10.385,100.623,1.08,514.9749029,0.634169294
4/23/2020 7:00,2020,4,23,4/23/2020,8,11.03,99.672,1.08,545.1071076,0.671275799
4/23/2020 8:00,2020,4,23,4/23/2020,9,9.044,99.371,1.08,617.7934133,0.760785837
4/23/2020 9:00,2020,4,23,4/23/2020,10,9.42,99.814,1.08,690.4797145,0.85029587
4/23/2020 10:00,2020,4,23,4/23/2020,11,9.669,98.557,1.08,720.6119057,0.887402358
4/23/2020 11:00,2020,4,23,4/23/2020,12,8.794,99.734,1.08,720.653796,0.887453944
4/23/2020 12:00,2020,4,23,4/23/2020,13,10.461,101.311,1.08,720.6956817,0.887505525
4/23/2020 13:00,2020,4,23,4/23/2020,14,12.825,101.479,1.106,720.7375629,0.8875571
4/23/2020 14:00,2020,4,23,4/23/2020,15,12.618,97.655,1.102,720.7794394,0.887608669
4/23/2020 15:00,2020,4,23,4/23/2020,16,15.781,99.101,1.166,720.8213114,0.887660232
4/23/2020 16:00,2020,4,23,4/23/2020,17,16.004,100.65,1.17,720.8631787,0.88771179
4/23/2020 17:00,2020,4,23,4/23/2020,18,18.328,99.967,1.211,720.9050414,0.887763342
4/23/2020 18:00,2020,4,23,4/23/2020,19,18.911,100.918,1.212,720.9468995,0.887814889
4/23/2020 19:00,2020,4,23,4/23/2020,20,20.464,99.132,1.215,657.0649404,0.809147022
4/23/2020 20:00,2020,4,23,4/23/2020,21,19.449,100.453,1.213,593.1829767,0.73047915
4/23/2020 21:00,2020,4,23,4/23/2020,22,20.207,99.296,1.215,593.2248206,0.730530679
4/23/2020 22:00,2020,4,23,4/23/2020,23,19.864,99.814,1.214,593.2666597,0.730582202
4/23/2020 23:00,2020,4,23,4/23/2020,24,21.728,99.55,1.218,554.497608,0.682839794
4/24/2020 0:00,2020,4,24,4/24/2020,1,19.86,100.036,1.214,515.7285515,0.635097379
4/24/2020 1:00,2020,4,24,4/24/2020,2,18.484,99.023,1.211,515.7703763,0.635148885
4/24/2020 2:00,2020,4,24,4/24/2020,3,16.685,99.256,1.184,515.8121962,0.635200384
4/24/2020 3:00,2020,4,24,4/24/2020,4,14.535,100.009,1.141,515.8540113,0.635251878
4/24/2020 4:00,2020,4,24,4/24/2020,5,13.785,99.711,1.126,515.8958214,0.635303365
4/24/2020 5:00,2020,4,24,4/24/2020,6,12.97,100.052,1.109,515.9376267,0.635354847
4/24/2020 6:00,2020,4,24,4/24/2020,7,11.505,99.065,1.08,515.9794271,0.635406322
4/24/2020 7:00,2020,4,24,4/24/2020,8,10.356,98.972,1.08,546.111519,0.672512688
4/24/2020 8:00,2020,4,24,4/24/2020,9,9.828,102.188,1.08,618.7977113,0.762022587
4/24/2020 9:00,2020,4,24,4/24/2020,10,8.138,102.012,1.08,691.4838987,0.851532479
4/24/2020 10:00,2020,4,24,4/24/2020,11,8.11,102.615,1.08,721.6159756,0.888638827
4/24/2020 11:00,2020,4,24,4/24/2020,12,10.219,99.477,1.08,721.657751,0.888690272
4/24/2020 12:00,2020,4,24,4/24/2020,13,11.035,100.737,1.08,721.6995214,0.88874171
4/24/2020 13:00,2020,4,24,4/24/2020,14,10.313,102.141,1.08,721.7412866,0.888793142
4/24/2020 14:00,2020,4,24,4/24/2020,15,12.773,100.961,1.105,721.7830468,0.888844568
4/24/2020 15:00,2020,4,24,4/24/2020,16,14.065,103.066,1.131,721.8248018,0.888895987
4/24/2020 16:00,2020,4,24,4/24/2020,17,17.827,100.506,1.207,721.8665518,0.888947401
4/24/2020 17:00,2020,4,24,4/24/2020,18,19.624,100.776,1.214,721.9082965,0.888998808
4/24/2020 18:00,2020,4,24,4/24/2020,19,18.567,101.884,1.211,721.9500361,0.889050208
4/24/2020 19:00,2020,4,24,4/24/2020,20,18.74,101.488,1.212,658.0679581,0.810382195
4/24/2020 20:00,2020,4,24,4/24/2020,21,20.592,100.406,1.216,594.1858748,0.731714176
4/24/2020 21:00,2020,4,24,4/24/2020,22,19.698,102.611,1.214,594.2275987,0.731765557
4/24/2020 22:00,2020,4,24,4/24/2020,23,20.696,99.592,1.216,594.2693173,0.731816932
4/24/2020 23:00,2020,4,24,4/24/2020,24,18.408,101.036,1.211,555.5001446,0.684074374
4/25/2020 0:00,2020,4,25,4/25/2020,1,19.182,100.463,1.213,516.7309665,0.63633181
4/25/2020 1:00,2020,4,25,4/25/2020,2,17.756,97.871,1.205,516.7726692,0.636383165
4/25/2020 2:00,2020,4,25,4/25/2020,3,17.029,98.375,1.191,516.8143665,0.636434514
4/25/2020 3:00,2020,4,25,4/25/2020,4,15.386,100.193,1.158,516.8560585,0.636485855
4/25/2020 4:00,2020,4,25,4/25/2020,5,12.732,99.407,1.105,516.897745,0.636537191
4/25/2020 5:00,2020,4,25,4/25/2020,6,13.791,99.557,1.126,516.9394261,0.636588519
4/25/2020 6:00,2020,4,25,4/25/2020,7,10.334,100.207,1.08,516.9811018,0.636639841
4/25/2020 7:00,2020,4,25,4/25/2020,8,9.677,100.997,1.08,547.1130686,0.673746053
4/25/2020 8:00,2020,4,25,4/25/2020,9,9.755,101.834,1.08,619.7991352,0.763255797
4/25/2020 9:00,2020,4,25,4/25/2020,10,9.161,101.959,1.08,692.4851964,0.852765534
4/25/2020 10:00,2020,4,25,4/25/2020,11,9.874,102.269,1.08,722.6171466,0.889871726
4/25/2020 11:00,2020,4,25,4/25/2020,12,10.542,103.718,1.08,722.6587948,0.889923014
4/25/2020 12:00,2020,4,25,4/25/2020,13,10.18,100.835,1.08,722.7004374,0.889974295
4/25/2020 13:00,2020,4,25,4/25/2020,14,11.31,102.029,1.08,722.7420744,0.890025569
4/25/2020 14:00,2020,4,25,4/25/2020,15,11.969,103.256,1.089,722.7837058,0.890076836
4/25/2020 15:00,2020,4,25,4/25/2020,16,13.764,103.366,1.125,722.8253315,0.890128096
4/25/2020 16:00,2020,4,25,4/25/2020,17,16.757,101.399,1.185,722.8669516,0.89017935
4/25/2020 17:00,2020,4,25,4/25/2020,18,17.492,100.943,1.2,722.9085661,0.890230596
4/25/2020 18:00,2020,4,25,4/25/2020,19,18.494,101.381,1.211,722.9501748,0.890281836
4/25/2020 19:00,2020,4,25,4/25/2020,20,19.718,102.608,1.214,659.0679654,0.811613661
4/25/2020 20:00,2020,4,25,4/25/2020,21,21.086,102.385,1.217,595.1857503,0.732945479
4/25/2020 21:00,2020,4,25,4/25/2020,22,20.5,98.29,1.216,595.2273418,0.732996697
4/25/2020 22:00,2020,4,25,4/25/2020,23,20.824,99.662,1.216,595.2689276,0.733047908
4/25/2020 23:00,2020,4,25,4/25/2020,24,19.904,99.697,1.214,556.4996214,0.685305187
4/26/2020 0:00,2020,4,26,4/26/2020,1,19.211,99.221,1.213,517.7303094,0.637562458
4/26/2020 1:00,2020,4,26,4/26/2020,2,18.701,100.312,1.212,517.7718777,0.637613647
4/26/2020 2:00,2020,4,26,4/26/2020,3,15.403,98.513,1.158,517.81344,0.637664829
4/26/2020 3:00,2020,4,26,4/26/2020,4,16.095,98.981,1.172,517.8549965,0.637716004
4/26/2020 4:00,2020,4,26,4/26/2020,5,12.166,102.467,1.093,517.8965471,0.637767172
4/26/2020 5:00,2020,4,26,4/26/2020,6,10.715,101.184,1.08,517.9380917,0.637818333
4/26/2020 6:00,2020,4,26,4/26/2020,7,11.834,102.031,1.087,517.9796304,0.637869486
4/26/2020 7:00,2020,4,26,4/26/2020,8,8.831,101.661,1.08,548.1114596,0.674975529
4/26/2020 8:00,2020,4,26,4/26/2020,9,10.448,101.425,1.08,620.7973883,0.764485102
4/26/2020 9:00,2020,4,26,4/26/2020,10,9.395,100.378,1.08,693.4833109,0.853994669
4/26/2020 10:00,2020,4,26,4/26/2020,11,9.186,102.022,1.08,723.6151221,0.891100689
4/26/2020 11:00,2020,4,26,4/26/2020,12,9.398,102.546,1.08,723.6566306,0.891151805
4/26/2020 12:00,2020,4,26,4/26/2020,13,12.359,100.372,1.097,723.6981332,0.891202914
4/26/2020 13:00,2020,4,26,4/26/2020,14,10.982,102.679,1.08,723.7396296,0.891254015
4/26/2020 14:00,2020,4,26,4/26/2020,15,15.19,101.428,1.154,723.7811198,0.891305108
4/26/2020 15:00,2020,4,26,4/26/2020,16,14.511,101.414,1.14,723.822604,0.891356194
4/26/2020 16:00,2020,4,26,4/26/2020,17,17.471,102.4,1.199,723.8640819,0.891407273
4/26/2020 17:00,2020,4,26,4/26/2020,18,18.813,100.62,1.212,723.9055537,0.891458343
4/26/2020 18:00,2020,4,26,4/26/2020,19,18.409,102.033,1.211,723.9470193,0.891509406
4/26/2020 19:00,2020,4,26,4/26/2020,20,21.057,102.513,1.217,660.0646662,0.812841055
4/26/2020 20:00,2020,4,26,4/26/2020,21,20.989,99.291,1.217,596.1823069,0.734172696
4/26/2020 21:00,2020,4,26,4/26/2020,22,21.016,100.293,1.217,596.2237537,0.734223735
4/26/2020 22:00,2020,4,26,4/26/2020,23,20.689,99.427,1.216,596.2651943,0.734274768
4/26/2020 23:00,2020,4,26,4/26/2020,24,17.643,100.835,1.203,557.4957424,0.686531866
4/27/2020 0:00,2020,4,27,4/27/2020,1,18.776,100.936,1.212,518.7262841,0.638788957
4/27/2020 1:00,2020,4,27,4/27/2020,2,16.223,100.39,1.174,518.7677056,0.638839966
4/27/2020 2:00,2020,4,27,4/27/2020,3,15.933,100.533,1.169,518.8091207,0.638890967
4/27/2020 3:00,2020,4,27,4/27/2020,4,14.568,101.036,1.141,518.8505294,0.63894196
4/27/2020 4:00,2020,4,27,4/27/2020,5,11.689,100.676,1.084,518.8919317,0.638992945
4/27/2020 5:00,2020,4,27,4/27/2020,6,12.228,100.509,1.095,518.9333276,0.639043922
4/27/2020 6:00,2020,4,27,4/27/2020,7,10.634,101.173,1.08,518.9747169,0.639094892
4/27/2020 7:00,2020,4,27,4/27/2020,8,9.913,102.003,1.08,549.1063963,0.67620075
4/27/2020 8:00,2020,4,27,4/27/2020,9,8.006,103.183,1.08,621.7921746,0.765710139
4/27/2020 9:00,2020,4,27,4/27/2020,10,7.861,101.822,1.08,694.4779464,0.855219519
4/27/2020 10:00,2020,4,27,4/27/2020,11,10.747,102.982,1.08,724.6096062,0.892325353
4/27/2020 11:00,2020,4,27,4/27/2020,12,11.192,101.693,1.08,724.6509629,0.892376282
4/27/2020 12:00,2020,4,27,4/27/2020,13,12.091,101.18,1.092,724.692313,0.892427203
4/27/2020 13:00,2020,4,27,4/27/2020,14,12.952,103.709,1.109,724.7336565,0.892478116
4/27/2020 14:00,2020,4,27,4/27/2020,15,14.668,100.18,1.143,724.7749934,0.892529021
4/27/2020 15:00,2020,4,27,4/27/2020,16,16.392,100.825,1.178,724.8163236,0.892579917
4/27/2020 16:00,2020,4,27,4/27/2020,17,14.838,103.036,1.147,724.8576472,0.892630805
4/27/2020 17:00,2020,4,27,4/27/2020,18,16.641,101.84,1.183,724.898964,0.892681685
4/27/2020 18:00,2020,4,27,4/27/2020,19,19.585,101.373,1.214,724.9402741,0.892732557
4/27/2020 19:00,2020,4,27,4/27/2020,20,20.557,101.02,1.216,661.0577651,0.814064013
4/27/2020 20:00,2020,4,27,4/27/2020,21,20.592,98.006,1.216,597.1752493,0.735395461
4/27/2020 21:00,2020,4,27,4/27/2020,22,20.883,100.088,1.216,597.2165392,0.735446308
4/27/2020 22:00,2020,4,27,4/27/2020,23,21.225,99.819,1.217,597.2578222,0.735497146
4/27/2020 23:00,2020,4,27,4/27/2020,24,18.729,99.123,1.212,558.4882123,0.68775405
4/28/2020 0:00,2020,4,28,4/28/2020,1,18.601,100.976,1.211,519.7185955,0.640010946
4/28/2020 1:00,2020,4,28,4/28/2020,2,17.09,99.937,1.192,519.759858,0.640061759
4/28/2020 2:00,2020,4,28,4/28/2020,3,17.344,100.06,1.197,519.8011136,0.640112563
4/28/2020 3:00,2020,4,28,4/28/2020,4,14.681,100.818,1.144,519.8423622,0.640163359
4/28/2020 4:00,2020,4,28,4/28/2020,5,13.773,100.068,1.125,519.8836039,0.640214147
4/28/2020 5:00,2020,4,28,4/28/2020,6,11.882,99.108,1.088,519.9248387,0.640264925
4/28/2020 6:00,2020,4,28,4/28/2020,7,11.366,100.093,1.08,519.9660665,0.640315696
4/28/2020 7:00,2020,4,28,4/28/2020,8,11.766,100.272,1.085,550.0975838,0.677421354
4/28/2020 8:00,2020,4,28,4/28/2020,9,9.658,101.925,1.08,622.7831995,0.766930543
4/28/2020 9:00,2020,4,28,4/28/2020,10,7.894,101.11,1.08,695.4688082,0.856439723
4/28/2020 10:00,2020,4,28,4/28/2020,11,8.18,101.829,1.08,725.6003044,0.893545355
4/28/2020 11:00,2020,4,28,4/28/2020,12,8.883,101.135,1.08,725.6414969,0.893596082
4/28/2020 12:00,2020,4,28,4/28/2020,13,11.596,99.972,1.082,725.6826824,0.8936468
4/28/2020 13:00,2020,4,28,4/28/2020,14,11.826,101.325,1.087,725.7238608,0.89369751
4/28/2020 14:00,2020,4,28,4/28/2020,15,12.994,100.875,1.11,725.765032,0.89374821
4/28/2020 15:00,2020,4,28,4/28/2020,16,14.602,102.245,1.142,725.8061961,0.893798902
4/28/2020 16:00,2020,4,28,4/28/2020,17,16.842,102.418,1.187,725.8473529,0.893849585
4/28/2020 17:00,2020,4,28,4/28/2020,18,17.726,99.918,1.205,725.8885026,0.893900259
4/28/2020 18:00,2020,4,28,4/28/2020,19,19.58,102.141,1.214,725.929645,0.893950924
4/28/2020 19:00,2020,4,28,4/28/2020,20,20.26,102.337,1.215,662.0469678,0.815282173
4/28/2020 20:00,2020,4,28,4/28/2020,21,20.625,99.433,1.216,598.1642833,0.736613414
4/28/2020 21:00,2020,4,28,4/28/2020,22,21.177,99.587,1.217,598.2054039,0.736664052
4/28/2020 22:00,2020,4,28,4/28/2020,23,20.36,102.53,1.215,598.2465172,0.736714681
4/28/2020 23:00,2020,4,28,4/28/2020,24,20.196,99.781,1.215,559.4767371,0.688971376
4/29/2020 0:00,2020,4,29,4/29/2020,1,18.853,99.399,1.212,520.7069496,0.641228061
4/29/2020 1:00,2020,4,29,4/29/2020,2,17.231,100.486,1.195,520.7480408,0.641278663
4/29/2020 2:00,2020,4,29,4/29/2020,3,15.448,99.256,1.159,520.7891246,0.641329256
4/29/2020 3:00,2020,4,29,4/29/2020,4,14.76,99.944,1.145,520.830201,0.64137984
4/29/2020 4:00,2020,4,29,4/29/2020,5,14.093,101.944,1.132,520.8712699,0.641430414
4/29/2020 5:00,2020,4,29,4/29/2020,6,10.954,98.275,1.08,520.9123314,0.64148098
4/29/2020 6:00,2020,4,29,4/29/2020,7,11.545,99.015,1.081,520.9533854,0.641531536
4/29/2020 7:00,2020,4,29,4/29/2020,8,10.267,99.506,1.08,551.0847284,0.67863698
4/29/2020 8:00,2020,4,29,4/29/2020,9,10.883,99.529,1.08,623.7701693,0.768145953
4/29/2020 9:00,2020,4,29,4/29/2020,10,9.086,101.505,1.08,696.4556026,0.857654917
4/29/2020 10:00,2020,4,29,4/29/2020,11,9.859,99.467,1.08,726.586923,0.894760333
4/29/2020 11:00,2020,4,29,4/29/2020,12,9.045,98.55,1.08,726.6279392,0.894810843
4/29/2020 12:00,2020,4,29,4/29/2020,13,11.407,99.906,1.08,726.6689479,0.894861344
4/29/2020 13:00,2020,4,29,4/29/2020,14,12.607,101.176,1.102,726.7099489,0.894911835
4/29/2020 14:00,2020,4,29,4/29/2020,15,15.32,98.929,1.156,726.7509423,0.894962316
4/29/2020 15:00,2020,4,29,4/29/2020,16,14.945,98.046,1.149,726.7919279,0.895012788
4/29/2020 16:00,2020,4,29,4/29/2020,17,15.987,100.261,1.17,726.8329059,0.895063251
4/29/2020 17:00,2020,4,29,4/29/2020,18,17.986,100.339,1.21,726.8738762,0.895113704
4/29/2020 18:00,2020,4,29,4/29/2020,19,19.051,100.077,1.212,726.9148387,0.895164148
4/29/2020 19:00,2020,4,29,4/29/2020,20,19.917,100.581,1.214,663.0319811,0.816495175
4/29/2020 20:00,2020,4,29,4/29/2020,21,19.948,99.597,1.214,599.1491158,0.737826192
4/29/2020 21:00,2020,4,29,4/29/2020,22,20.478,98.96,1.216,599.190055,0.737876607
4/29/2020 22:00,2020,4,29,4/29/2020,23,21.312,98.474,1.217,599.2309863,0.737927012
4/29/2020 23:00,2020,4,29,4/29/2020,24,19.644,100.134,1.214,560.4610238,0.690183482
4/30/2020 0:00,2020,4,30,4/30/2020,1,19.003,100.908,1.212,521.6910534,0.642439942
4/30/2020 1:00,2020,4,30,4/30/2020,2,18.468,99.694,1.211,521.7319611,0.642490318
4/30/2020 2:00,2020,4,30,4/30/2020,3,16.33,99.326,1.177,521.772861,0.642540685
4/30/2020 3:00,2020,4,30,4/30/2020,4,13.846,99.246,1.127,521.813753,0.642591042
4/30/2020 4:00,2020,4,30,4/30/2020,5,14.641,101.351,1.143,521.854637,0.642641388
4/30/2020 5:00,2020,4,30,4/30/2020,6,11.076,100.042,1.08,521.895513,0.642691725
4/30/2020 6:00,2020,4,30,4/30/2020,7,10.113,99.97,1.08,521.936381,0.642742053
4/30/2020 7:00,2020,4,30,4/30/2020,8,10.364,100.772,1.08,552.0675376,0.679847267
4/30/2020 8:00,2020,4,30,4/30/2020,9,8.626,101.968,1.08,624.7527915,0.76935601
4/30/2020 9:00,2020,4,30,4/30/2020,10,8.265,101.011,1.08,697.4380373,0.858864743
4/30/2020 10:00,2020,4,30,4/30/2020,11,8.744,100.238,1.08,727.5691697,0.895969928
4/30/2020 11:00,2020,4,30,4/30/2020,12,10.347,101.031,1.08,727.6099975,0.896020205
4/30/2020 12:00,2020,4,30,4/30/2020,13,10.958,100.209,1.08,727.6508171,0.896070473
4/30/2020 13:00,2020,4,30,4/30/2020,14,11.789,99.878,1.086,727.6916287,0.896120731
4/30/2020 14:00,2020,4,30,4/30/2020,15,15.152,100.958,1.153,727.732432,0.896170978
4/30/2020 15:00,2020,4,30,4/30/2020,16,15.448,100.046,1.159,727.7732272,0.896221216
4/30/2020 16:00,2020,4,30,4/30/2020,17,16.284,101.192,1.176,727.8140142,0.896271443
4/30/2020 17:00,2020,4,30,4/30/2020,18,17.081,100.741,1.192,727.8547929,0.89632166
4/30/2020 18:00,2020,4,30,4/30/2020,19,19.178,100.812,1.213,727.8955634,0.896371867
4/30/2020 19:00,2020,4,30,4/30/2020,20,20.297,100.481,1.215,664.0125133,0.817702657
4/30/2020 20:00,2020,4,30,4/30/2020,21,19.253,100.042,1.213,600.1294549,0.739033437
4/30/2020 21:00,2020,4,30,4/30/2020,22,21.638,100.611,1.218,600.1702006,0.739083614
4/30/2020 22:00,2020,4,30,4/30/2020,23,20.627,100.815,1.216,600.2109379,0.73913378
4/30/2020 23:00,2020,4,30,4/30/2020,24,20.096,99.288,1.215,561.4407808,0.69139001
5/1/2020 0:00,2020,5,1,5/1/2020,1,22.305,100.998,1.22,519.426287,0.639650981
5/1/2020 1:00,2020,5,1,5/1/2020,2,20.443,98.374,1.215,519.4669992,0.639701116
5/1/2020 2:00,2020,5,1,5/1/2020,3,18.005,100.172,1.21,519.507703,0.639751241
5/1/2020 3:00,2020,5,1,5/1/2020,4,18.366,99.89,1.211,519.5483984,0.639801355
5/1/2020 4:00,2020,5,1,5/1/2020,5,16.817,99.206,1.186,519.5890853,0.63985146
5/1/2020 5:00,2020,5,1,5/1/2020,6,13.7,100.18,1.124,519.6297638,0.639901553
5/1/2020 6:00,2020,5,1,5/1/2020,7,13.036,99.921,1.111,519.6704337,0.639951637
5/1/2020 7:00,2020,5,1,5/1/2020,8,10.989,100.279,1.08,549.4126564,0.676577896
5/1/2020 8:00,2020,5,1,5/1/2020,9,12.983,101.61,1.11,621.1592213,0.764930684
5/1/2020 9:00,2020,5,1,5/1/2020,10,11.106,102.807,1.08,692.9057776,0.853283461
5/1/2020 10:00,2020,5,1,5/1/2020,11,12.019,103.112,1.09,722.6479746,0.889909689
5/1/2020 11:00,2020,5,1,5/1/2020,12,11.83,102.488,1.087,722.6886018,0.88995972
5/1/2020 12:00,2020,5,1,5/1/2020,13,13.502,101.592,1.12,722.7292204,0.89000974
5/1/2020 13:00,2020,5,1,5/1/2020,14,14.655,102.044,1.143,722.7698303,0.890059749
5/1/2020 14:00,2020,5,1,5/1/2020,15,17.035,101.42,1.191,722.8104316,0.890109748
5/1/2020 15:00,2020,5,1,5/1/2020,16,16.462,101.668,1.179,722.8510241,0.890159736
5/1/2020 16:00,2020,5,1,5/1/2020,17,17.931,100.563,1.209,722.891608,0.890209713
5/1/2020 17:00,2020,5,1,5/1/2020,18,20.756,100.872,1.216,722.9321832,0.89025968
5/1/2020 18:00,2020,5,1,5/1/2020,19,21.489,101.62,1.218,722.9727496,0.890309635
5/1/2020 19:00,2020,5,1,5/1/2020,20,22.375,101.737,1.22,659.9153239,0.812657146
5/1/2020 20:00,2020,5,1,5/1/2020,21,22.727,100.388,1.229,596.8578894,0.735004646
5/1/2020 21:00,2020,5,1,5/1/2020,22,23.655,99.895,1.264,596.8984295,0.735054569
5/1/2020 22:00,2020,5,1,5/1/2020,23,22.675,98.099,1.227,596.9389607,0.735104482
5/1/2020 23:00,2020,5,1,5/1/2020,24,21.832,98.523,1.219,558.6699932,0.687977905
5/2/2020 0:00,2020,5,2,5/2/2020,1,21.614,101.607,1.218,520.4010168,0.640851318
5/2/2020 1:00,2020,5,2,5/2/2020,2,18.343,99.537,1.211,520.4415214,0.640901198
5/2/2020 2:00,2020,5,2,5/2/2020,3,18.104,101.339,1.21,520.4820171,0.640951067
5/2/2020 3:00,2020,5,2,5/2/2020,4,17.559,98.843,1.201,520.5225039,0.641000924
5/2/2020 4:00,2020,5,2,5/2/2020,5,16.414,100.036,1.178,520.5629817,0.641050771
5/2/2020 5:00,2020,5,2,5/2/2020,6,14.142,100.649,1.133,520.6034505,0.641100606
5/2/2020 6:00,2020,5,2,5/2/2020,7,12.662,97.845,1.103,520.6439104,0.641150431
5/2/2020 7:00,2020,5,2,5/2/2020,8,11.361,99.11,1.08,550.3859224,0.677776431
5/2/2020 8:00,2020,5,2,5/2/2020,9,11.681,102.206,1.084,622.1322762,0.766128959
5/2/2020 9:00,2020,5,2,5/2/2020,10,10.959,100.258,1.08,693.8786209,0.854481476
5/2/2020 10:00,2020,5,2,5/2/2020,11,10.375,101.64,1.08,723.6206058,0.891107442
5/2/2020 11:00,2020,5,2,5/2/2020,12,13.009,100.994,1.11,723.6610203,0.891157211
5/2/2020 12:00,2020,5,2,5/2/2020,13,14.285,102.184,1.136,723.7014258,0.891206969
5/2/2020 13:00,2020,5,2,5/2/2020,14,15.602,101.675,1.162,723.7418221,0.891256715
5/2/2020 14:00,2020,5,2,5/2/2020,15,16.505,101.963,1.18,723.7822092,0.89130645
5/2/2020 15:00,2020,5,2,5/2/2020,16,17.352,102.422,1.197,723.8225872,0.891356174
5/2/2020 16:00,2020,5,2,5/2/2020,17,19.168,102.2,1.213,723.8629559,0.891405886
5/2/2020 17:00,2020,5,2,5/2/2020,18,19.664,103.019,1.214,723.9033154,0.891455587
5/2/2020 18:00,2020,5,2,5/2/2020,19,19.942,103.347,1.214,723.9436657,0.891505277
5/2/2020 19:00,2020,5,2,5/2/2020,20,21.86,103.56,1.219,660.8860234,0.813852521
5/2/2020 20:00,2020,5,2,5/2/2020,21,21.03,99.631,1.217,597.8283718,0.736199753
5/2/2020 21:00,2020,5,2,5/2/2020,22,23.353,98.769,1.252,597.8686942,0.736249408
5/2/2020 22:00,2020,5,2,5/2/2020,23,23.275,100.527,1.249,597.9090073,0.736299052
5/2/2020 23:00,2020,5,2,5/2/2020,24,24.068,100.753,1.279,559.6398212,0.689172207
5/3/2020 0:00,2020,5,3,5/3/2020,1,21.577,99.373,1.218,521.3706257,0.64204535
5/3/2020 1:00,2020,5,3,5/3/2020,2,19.045,101.171,1.212,521.4109107,0.642094959
5/3/2020 2:00,2020,5,3,5/3/2020,3,18.561,98.143,1.211,521.4511863,0.642144556
5/3/2020 3:00,2020,5,3,5/3/2020,4,17.357,100.838,1.197,521.4914524,0.642194142
5/3/2020 4:00,2020,5,3,5/3/2020,5,16.411,99.422,1.178,521.5317091,0.642243717
5/3/2020 5:00,2020,5,3,5/3/2020,6,14.661,98.403,1.143,521.5719564,0.642293279
5/3/2020 6:00,2020,5,3,5/3/2020,7,13.75,97.985,1.125,521.6121941,0.642342831
5/3/2020 7:00,2020,5,3,5/3/2020,8,12.25,98.567,1.095,551.3539835,0.678968556
5/3/2020 8:00,2020,5,3,5/3/2020,9,11.845,104.102,1.087,623.1001142,0.76732081
5/3/2020 9:00,2020,5,3,5/3/2020,10,10.458,101.631,1.08,694.8462353,0.855673051
5/3/2020 10:00,2020,5,3,5/3/2020,11,11.607,104.168,1.082,724.5879961,0.892298742
5/3/2020 11:00,2020,5,3,5/3/2020,12,12.577,102.594,1.102,724.628186,0.892348234
5/3/2020 12:00,2020,5,3,5/3/2020,13,13.639,102.357,1.123,724.6683664,0.892397714
5/3/2020 13:00,2020,5,3,5/3/2020,14,13.616,102.718,1.122,724.7085371,0.892447183
5/3/2020 14:00,2020,5,3,5/3/2020,15,16.681,100.696,1.184,724.7486981,0.892496639
5/3/2020 15:00,2020,5,3,5/3/2020,16,18.08,102.585,1.21,724.7888495,0.892546084
5/3/2020 16:00,2020,5,3,5/3/2020,17,18.953,102.868,1.212,724.8289911,0.892595517
5/3/2020 17:00,2020,5,3,5/3/2020,18,20.039,101.878,1.215,724.8691231,0.892644937
5/3/2020 18:00,2020,5,3,5/3/2020,19,21.778,102.886,1.218,724.9092453,0.892694346
5/3/2020 19:00,2020,5,3,5/3/2020,20,22.29,101.07,1.22,661.8513744,0.815041309
5/3/2020 20:00,2020,5,3,5/3/2020,21,23.599,99.338,1.262,598.7934937,0.737388259
5/3/2020 21:00,2020,5,3,5/3/2020,22,22.897,102.453,1.235,598.8335866,0.737437632
5/3/2020 22:00,2020,5,3,5/3/2020,23,22.547,99.879,1.222,598.8736696,0.737486992
5/3/2020 23:00,2020,5,3,5/3/2020,24,21.414,97.547,1.218,560.6042529,0.690359863
5/4/2020 0:00,2020,5,4,5/4/2020,1,22.698,101.472,1.227,522.3348264,0.643232721
5/4/2020 1:00,2020,5,4,5/4/2020,2,20.218,100.272,1.215,522.3748798,0.643282045
5/4/2020 2:00,2020,5,4,5/4/2020,3,19.652,100.083,1.214,522.4149233,0.643331357
5/4/2020 3:00,2020,5,4,5/4/2020,4,15.408,101.033,1.158,522.4549569,0.643380656
5/4/2020 4:00,2020,5,4,5/4/2020,5,16.106,99.944,1.172,522.4949806,0.643429944
5/4/2020 5:00,2020,5,4,5/4/2020,6,14.072,99.977,1.131,522.5349943,0.643479219
5/4/2020 6:00,2020,5,4,5/4/2020,7,12.787,99.856,1.106,522.574998,0.643528482
5/4/2020 7:00,2020,5,4,5/4/2020,8,14.615,99.756,1.142,552.3165529,0.680153919
5/4/2020 8:00,2020,5,4,5/4/2020,9,9.088,101.564,1.08,624.0624485,0.768505883
5/4/2020 9:00,2020,5,4,5/4/2020,10,13.058,101.694,1.111,695.8083341,0.856857834
5/4/2020 10:00,2020,5,4,5/4/2020,11,12.181,100.203,1.094,725.5498589,0.893483234
5/4/2020 11:00,2020,5,4,5/4/2020,12,10.631,100.957,1.08,725.5898123,0.893532435
5/4/2020 12:00,2020,5,4,5/4/2020,13,13.875,102.048,1.128,725.6297556,0.893581623
5/4/2020 13:00,2020,5,4,5/4/2020,14,14.997,101.301,1.15,725.6696888,0.893630799
5/4/2020 14:00,2020,5,4,5/4/2020,15,15.999,101.019,1.17,725.7096119,0.893679963
5/4/2020 15:00,2020,5,4,5/4/2020,16,16.861,102.635,1.187,725.7495248,0.893729114
5/4/2020 16:00,2020,5,4,5/4/2020,17,17.878,102.266,1.208,725.7894274,0.893778252
5/4/2020 17:00,2020,5,4,5/4/2020,18,19.676,102.759,1.214,725.8293199,0.893827378
5/4/2020 18:00,2020,5,4,5/4/2020,19,21.31,100.491,1.217,725.8692021,0.893876491
5/4/2020 19:00,2020,5,4,5/4/2020,20,23.87,102.242,1.272,662.8110908,0.816223158
5/4/2020 20:00,2020,5,4,5/4/2020,21,22.981,99.673,1.238,599.7529692,0.738569811
5/4/2020 21:00,2020,5,4,5/4/2020,22,23.862,100.664,1.271,599.7928206,0.738618887
5/4/2020 22:00,2020,5,4,5/4/2020,23,24.587,99.01,1.299,599.8326617,0.738667949
5/4/2020 23:00,2020,5,4,5/4/2020,24,22.655,99.178,1.226,561.5630025,0.691540521
5/5/2020 0:00,2020,5,5,5/5/2020,1,21.847,99.416,1.219,523.293333,0.64441308
5/5/2020 1:00,2020,5,5,5/5/2020,2,20.725,100.407,1.216,523.3331431,0.644462105
5/5/2020 2:00,2020,5,5,5/5/2020,3,19.519,99.895,1.213,523.3729427,0.644511116
5/5/2020 3:00,2020,5,5,5/5/2020,4,17.178,100.413,1.194,523.4127319,0.644560115
5/5/2020 4:00,2020,5,5,5/5/2020,5,16.727,99.982,1.185,523.4525106,0.644609101
5/5/2020 5:00,2020,5,5,5/5/2020,6,14.689,100.641,1.144,523.4922789,0.644658074
5/5/2020 6:00,2020,5,5,5/5/2020,7,12.825,98.913,1.106,523.5320367,0.644707034
5/5/2020 7:00,2020,5,5,5/5/2020,8,11.244,101.001,1.08,553.2733452,0.681332167
5/5/2020 8:00,2020,5,5,5/5/2020,9,12.519,100.728,1.1,625.018994,0.769683827
5/5/2020 9:00,2020,5,5,5/5/2020,10,11.324,101.46,1.08,696.7646322,0.858035474
5/5/2020 10:00,2020,5,5,5/5/2020,11,11.649,100.06,1.083,726.5059091,0.894660568
5/5/2020 11:00,2020,5,5,5/5/2020,12,12.061,100.642,1.091,726.5456142,0.894709464
5/5/2020 12:00,2020,5,5,5/5/2020,13,12.908,101.204,1.108,726.5853087,0.894758346
5/5/2020 13:00,2020,5,5,5/5/2020,14,13.265,104.123,1.115,726.6249926,0.894807215
5/5/2020 14:00,2020,5,5,5/5/2020,15,15.485,102.865,1.16,726.6646658,0.89485607
5/5/2020 15:00,2020,5,5,5/5/2020,16,18.241,103.079,1.211,726.7043284,0.894904913
5/5/2020 16:00,2020,5,5,5/5/2020,17,18.408,102.559,1.211,726.7439802,0.894953743
5/5/2020 17:00,2020,5,5,5/5/2020,18,20.318,101.141,1.215,726.7836214,0.895002559
5/5/2020 18:00,2020,5,5,5/5/2020,19,20.752,101.313,1.216,726.8232518,0.895051362
5/5/2020 19:00,2020,5,5,5/5/2020,20,22.9,102.1,1.235,663.7648882,0.817397718
5/5/2020 20:00,2020,5,5,5/5/2020,21,23.402,101.665,1.254,600.7065138,0.73974406
5/5/2020 21:00,2020,5,5,5/5/2020,22,23.652,99.757,1.264,600.746112,0.739792824
5/5/2020 22:00,2020,5,5,5/5/2020,23,23.123,98.972,1.244,600.7856993,0.739841574
5/5/2020 23:00,2020,5,5,5/5/2020,24,21.832,101.142,1.219,562.5157859,0.692713833
5/6/2020 0:00,2020,5,6,5/6/2020,1,22.293,98.332,1.22,524.2458617,0.645586078
5/6/2020 1:00,2020,5,6,5/6/2020,2,20.558,99.062,1.216,524.2854165,0.645634788
5/6/2020 2:00,2020,5,6,5/6/2020,3,19.021,101.209,1.212,524.3249604,0.645683485
5/6/2020 3:00,2020,5,6,5/6/2020,4,18.743,100.311,1.212,524.3644934,0.645732168
5/6/2020 4:00,2020,5,6,5/6/2020,5,13.837,98.925,1.127,524.4040155,0.645780838
5/6/2020 5:00,2020,5,6,5/6/2020,6,14.24,99.069,1.135,524.4435266,0.645829494
5/6/2020 6:00,2020,5,6,5/6/2020,7,14.504,99.624,1.14,524.4830267,0.645878137
5/6/2020 7:00,2020,5,6,5/6/2020,8,12.734,100.85,1.105,554.2240771,0.682502952
5/6/2020 8:00,2020,5,6,5/6/2020,9,11.462,100.442,1.08,625.9694672,0.770854294
5/6/2020 9:00,2020,5,6,5/6/2020,10,11.179,100.749,1.08,697.7148463,0.859205621
5/6/2020 10:00,2020,5,6,5/6/2020,11,10.693,99.818,1.08,727.4558636,0.895830396
5/6/2020 11:00,2020,5,6,5/6/2020,12,11.788,100.323,1.086,727.4953085,0.895878971
5/6/2020 12:00,2020,5,6,5/6/2020,13,14.846,98.831,1.147,727.5347424,0.895927532
5/6/2020 13:00,2020,5,6,5/6/2020,14,14.058,99.295,1.131,727.5741652,0.89597608
5/6/2020 14:00,2020,5,6,5/6/2020,15,15.82,100.934,1.166,727.6135769,0.896024613
5/6/2020 15:00,2020,5,6,5/6/2020,16,16.946,100.319,1.189,727.6529773,0.896073133
5/6/2020 16:00,2020,5,6,5/6/2020,17,18.275,99.999,1.211,727.6923667,0.896121639
5/6/2020 17:00,2020,5,6,5/6/2020,18,21.64,100.158,1.218,727.7317448,0.896170132
5/6/2020 18:00,2020,5,6,5/6/2020,19,21.171,101.168,1.217,727.7711117,0.896218611
5/6/2020 19:00,2020,5,6,5/6/2020,20,24.512,100.994,1.296,664.7124841,0.818564641
5/6/2020 20:00,2020,5,6,5/6/2020,21,22.075,99.048,1.219,601.6538452,0.740910658
5/6/2020 21:00,2020,5,6,5/6/2020,22,22.792,100.831,1.231,601.6931783,0.740959095
5/6/2020 22:00,2020,5,6,5/6/2020,23,23.499,100.28,1.258,601.7325002,0.741007518
5/6/2020 23:00,2020,5,6,5/6/2020,24,23.297,98.628,1.25,563.4623208,0.693879449
5/7/2020 0:00,2020,5,7,5/7/2020,1,21.364,100.853,1.217,525.1921301,0.646751367
5/7/2020 1:00,2020,5,7,5/7/2020,2,20.49,101.545,1.216,525.231418,0.646799748
5/7/2020 2:00,2020,5,7,5/7/2020,3,19.278,100.648,1.213,525.2706945,0.646848115
5/7/2020 3:00,2020,5,7,5/7/2020,4,17.615,100.322,1.202,525.3099595,0.646896469
5/7/2020 4:00,2020,5,7,5/7/2020,5,15.375,100.674,1.157,525.3492132,0.646944808
5/7/2020 5:00,2020,5,7,5/7/2020,6,15.125,98.531,1.152,525.3884554,0.646993133
5/7/2020 6:00,2020,5,7,5/7/2020,7,13.215,101.638,1.114,525.4276862,0.647041444
5/7/2020 7:00,2020,5,7,5/7/2020,8,11.013,99.179,1.08,555.1684667,0.683665927
5/7/2020 8:00,2020,5,7,5/7/2020,9,11.419,100.137,1.08,626.9135865,0.772016936
5/7/2020 9:00,2020,5,7,5/7/2020,10,11.912,100.175,1.088,698.6586947,0.86036793
5/7/2020 10:00,2020,5,7,5/7/2020,11,11.086,101.151,1.08,728.3994407,0.896992371
5/7/2020 11:00,2020,5,7,5/7/2020,12,11.575,99.684,1.081,728.4386139,0.897040611
5/7/2020 12:00,2020,5,7,5/7/2020,13,14.116,98.026,1.132,728.4777755,0.897088836
5/7/2020 13:00,2020,5,7,5/7/2020,14,15.625,98.894,1.163,728.5169255,0.897137048
5/7/2020 14:00,2020,5,7,5/7/2020,15,16.708,102.672,1.184,728.5560638,0.897185245
5/7/2020 15:00,2020,5,7,5/7/2020,16,17.334,99.194,1.197,728.5951906,0.897233428
5/7/2020 16:00,2020,5,7,5/7/2020,17,19.097,98.562,1.212,728.6343057,0.897281597
5/7/2020 17:00,2020,5,7,5/7/2020,18,21.163,98.252,1.217,728.6734091,0.897329751
5/7/2020 18:00,2020,5,7,5/7/2020,19,21.425,100.171,1.218,728.7125008,0.897377891
5/7/2020 19:00,2020,5,7,5/7/2020,20,21.127,100.863,1.217,665.6535975,0.819723582
5/7/2020 20:00,2020,5,7,5/7/2020,21,24.946,98.482,1.312,602.5946824,0.742069258
5/7/2020 21:00,2020,5,7,5/7/2020,22,23.013,99.344,1.239,602.6337389,0.742117355
5/7/2020 22:00,2020,5,7,5/7/2020,23,23.352,98.465,1.252,602.6727836,0.742165437
5/7/2020 23:00,2020,5,7,5/7/2020,24,22.55,100.009,1.222,564.4023267,0.695037026
5/8/2020 0:00,2020,5,8,5/8/2020,1,21.951,98.967,1.219,526.1318579,0.647908601
5/8/2020 1:00,2020,5,8,5/8/2020,2,20.156,99.46,1.215,526.1708672,0.647956639
5/8/2020 2:00,2020,5,8,5/8/2020,3,20.222,101.386,1.215,526.2098646,0.648004663
5/8/2020 3:00,2020,5,8,5/8/2020,4,16.764,100.592,1.185,526.2488501,0.648052672
5/8/2020 4:00,2020,5,8,5/8/2020,5,15.369,100.902,1.157,526.2878237,0.648100666
5/8/2020 5:00,2020,5,8,5/8/2020,6,14.791,98.357,1.146,526.3267854,0.648148646
5/8/2020 6:00,2020,5,8,5/8/2020,7,12.56,99.795,1.101,526.3657352,0.648196611
5/8/2020 7:00,2020,5,8,5/8/2020,8,12.846,101.434,1.107,556.1062342,0.684820747
5/8/2020 8:00,2020,5,8,5/8/2020,9,9.611,101.865,1.08,627.851072,0.773171408
5/8/2020 9:00,2020,5,8,5/8/2020,10,12.507,102.379,1.1,699.5958978,0.861522055
5/8/2020 10:00,2020,5,8,5/8/2020,11,11.978,103.516,1.09,729.3363609,0.898146147
5/8/2020 11:00,2020,5,8,5/8/2020,12,11.124,102.612,1.08,729.3752506,0.898194038
5/8/2020 12:00,2020,5,8,5/8/2020,13,13.835,100.616,1.127,729.4141284,0.898241914
5/8/2020 13:00,2020,5,8,5/8/2020,14,14.486,101.365,1.14,729.452994,0.898289776
5/8/2020 14:00,2020,5,8,5/8/2020,15,15.671,101.785,1.163,729.4918475,0.898337622
5/8/2020 15:00,2020,5,8,5/8/2020,16,18.811,101.054,1.212,729.5306889,0.898385454
5/8/2020 16:00,2020,5,8,5/8/2020,17,18.06,102.258,1.21,729.5695182,0.89843327
5/8/2020 17:00,2020,5,8,5/8/2020,18,19.806,102.087,1.214,729.6083353,0.898481072
5/8/2020 18:00,2020,5,8,5/8/2020,19,20.79,100.933,1.216,729.6471402,0.898528859
5/8/2020 19:00,2020,5,8,5/8/2020,20,21.663,102.957,1.218,666.5879497,0.820874196
5/8/2020 20:00,2020,5,8,5/8/2020,21,24.196,100.615,1.284,603.5287468,0.743219518
5/8/2020 21:00,2020,5,8,5/8/2020,22,22.132,100.075,1.219,603.5675151,0.74326726
5/8/2020 22:00,2020,5,8,5/8/2020,23,23.317,102.061,1.251,603.6062711,0.743314986
5/8/2020 23:00,2020,5,8,5/8/2020,24,20.874,99.058,1.216,565.335525,0.696186219
5/9/2020 0:00,2020,5,9,5/9/2020,1,22.357,99.682,1.22,527.0647666,0.649057437
5/9/2020 1:00,2020,5,9,5/9/2020,2,19.675,100.011,1.214,527.1034857,0.649105118
5/9/2020 2:00,2020,5,9,5/9/2020,3,18.193,101.266,1.21,527.1421925,0.649152784
5/9/2020 3:00,2020,5,9,5/9/2020,4,18.35,100.198,1.211,527.1808869,0.649200435
5/9/2020 4:00,2020,5,9,5/9/2020,5,16.358,100.752,1.177,527.2195689,0.64924807
5/9/2020 5:00,2020,5,9,5/9/2020,6,14.244,100.282,1.135,527.2582386,0.64929569
5/9/2020 6:00,2020,5,9,5/9/2020,7,12.039,99.038,1.091,527.2968958,0.649343295
5/9/2020 7:00,2020,5,9,5/9/2020,8,12.428,100.393,1.099,557.0371018,0.68596707
5/9/2020 8:00,2020,5,9,5/9/2020,9,12.31,102.707,1.096,628.7816461,0.77431737
5/9/2020 9:00,2020,5,9,5/9/2020,10,10.034,102.982,1.08,700.5261779,0.862667654
5/9/2020 10:00,2020,5,9,5/9/2020,11,12.135,102.187,1.093,730.2663465,0.899291384
5/9/2020 11:00,2020,5,9,5/9/2020,12,12.684,100.912,1.104,730.3049414,0.899338912
5/9/2020 12:00,2020,5,9,5/9/2020,13,14.5,101.268,1.14,730.3435237,0.899386425
5/9/2020 13:00,2020,5,9,5/9/2020,14,13.633,101.306,1.123,730.3820934,0.899433921
5/9/2020 14:00,2020,5,9,5/9/2020,15,15.918,101.269,1.168,730.4206506,0.899481403
5/9/2020 15:00,2020,5,9,5/9/2020,16,17.495,101.711,1.2,730.4591951,0.899528869
5/9/2020 16:00,2020,5,9,5/9/2020,17,18.04,102.34,1.21,730.4977271,0.899576319
5/9/2020 17:00,2020,5,9,5/9/2020,18,19.981,100.74,1.214,730.5362464,0.899623754
5/9/2020 18:00,2020,5,9,5/9/2020,19,21.834,101.401,1.219,730.574753,0.899671173
5/9/2020 19:00,2020,5,9,5/9/2020,20,22.545,101.806,1.222,667.5152637,0.822016143
5/9/2020 20:00,2020,5,9,5/9/2020,21,23.201,101.951,1.246,604.4557617,0.744361097
5/9/2020 21:00,2020,5,9,5/9/2020,22,24.174,99.193,1.283,604.4942302,0.744408469
5/9/2020 22:00,2020,5,9,5/9/2020,23,23.558,100.287,1.26,604.532686,0.744455826
5/9/2020 23:00,2020,5,9,5/9/2020,24,21.593,99.841,1.218,566.2616392,0.697326689
5/10/2020 0:00,2020,5,10,5/10/2020,1,21.444,100.023,1.218,527.9905797,0.650197536
5/10/2020 1:00,2020,5,10,5/10/2020,2,21.954,99.647,1.219,528.0289972,0.650244846
5/10/2020 2:00,2020,5,10,5/10/2020,3,19.583,100.548,1.214,528.0674019,0.650292139
5/10/2020 3:00,2020,5,10,5/10/2020,4,16.92,101.702,1.188,528.1057937,0.650339417
5/10/2020 4:00,2020,5,10,5/10/2020,5,15.389,100.166,1.158,528.1441727,0.650386679
5/10/2020 5:00,2020,5,10,5/10/2020,6,13.667,99.76,1.123,528.1825388,0.650433926
5/10/2020 6:00,2020,5,10,5/10/2020,7,13.61,101.768,1.122,528.2208921,0.650481156
5/10/2020 7:00,2020,5,10,5/10/2020,8,12.781,101.683,1.106,557.9607936,0.687104557
5/10/2020 8:00,2020,5,10,5/10/2020,9,11.604,101.093,1.082,629.705033,0.775454481
5/10/2020 9:00,2020,5,10,5/10/2020,10,11.076,100.593,1.08,701.4492594,0.863804389
5/10/2020 10:00,2020,5,10,5/10/2020,11,12.067,101.708,1.091,731.1891221,0.900427742
5/10/2020 11:00,2020,5,10,5/10/2020,12,11.275,101.875,1.08,731.2274105,0.900474893
5/10/2020 12:00,2020,5,10,5/10/2020,13,13.532,102.274,1.121,731.265686,0.900522027
5/10/2020 13:00,2020,5,10,5/10/2020,14,14.365,101.657,1.137,731.3039484,0.900569146
5/10/2020 14:00,2020,5,10,5/10/2020,15,16.387,102.638,1.178,731.3421978,0.900616248
5/10/2020 15:00,2020,5,10,5/10/2020,16,16.043,104.51,1.171,731.3804341,0.900663335
5/10/2020 16:00,2020,5,10,5/10/2020,17,19.667,99.102,1.214,731.4186573,0.900710405
5/10/2020 17:00,2020,5,10,5/10/2020,18,20.694,101.643,1.216,731.4568674,0.900757459
5/10/2020 18:00,2020,5,10,5/10/2020,19,21.491,100.426,1.218,731.4950643,0.900804497
5/10/2020 19:00,2020,5,10,5/10/2020,20,22.761,101.201,1.23,668.4352648,0.823149084
5/10/2020 20:00,2020,5,10,5/10/2020,21,22.15,100.864,1.219,605.3754521,0.745493656
5/10/2020 21:00,2020,5,10,5/10/2020,22,23.545,100.128,1.259,605.4136096,0.745540645
5/10/2020 22:00,2020,5,10,5/10/2020,23,24.548,99.49,1.297,605.4517538,0.745587618
5/10/2020 23:00,2020,5,10,5/10/2020,24,23.495,99.863,1.258,567.180395,0.698458097
5/11/2020 0:00,2020,5,11,5/11/2020,1,21.647,100.347,1.218,528.9090229,0.651328559
5/11/2020 1:00,2020,5,11,5/11/2020,2,19.981,100.771,1.214,528.9471274,0.651375483
5/11/2020 2:00,2020,5,11,5/11/2020,3,18.09,97.496,1.21,528.9852186,0.651422391
5/11/2020 3:00,2020,5,11,5/11/2020,4,18.352,99.416,1.211,529.0232965,0.651469282
5/11/2020 4:00,2020,5,11,5/11/2020,5,14.797,99.535,1.146,529.0613611,0.651516157
5/11/2020 5:00,2020,5,11,5/11/2020,6,14.154,100.473,1.133,529.0994123,0.651563016
5/11/2020 6:00,2020,5,11,5/11/2020,7,13.243,99.07,1.115,529.1374502,0.651609858
5/11/2020 7:00,2020,5,11,5/11/2020,8,10.935,101.722,1.08,558.8770359,0.68823287
5/11/2020 8:00,2020,5,11,5/11/2020,9,12.401,101.637,1.098,630.6209589,0.776582404
5/11/2020 9:00,2020,5,11,5/11/2020,10,11.616,103.013,1.082,702.3648686,0.864931922
5/11/2020 10:00,2020,5,11,5/11/2020,11,11.429,102.18,1.08,732.104414,0.901554885
5/11/2020 11:00,2020,5,11,5/11/2020,12,11,103.27,1.08,732.1423848,0.901601644
5/11/2020 12:00,2020,5,11,5/11/2020,13,13.1,103.648,1.112,732.180342,0.901648387
5/11/2020 13:00,2020,5,11,5/11/2020,14,14.372,100.59,1.137,732.2182858,0.901695113
5/11/2020 14:00,2020,5,11,5/11/2020,15,16.606,101.957,1.182,732.256216,0.901741822
5/11/2020 15:00,2020,5,11,5/11/2020,16,19.021,101.628,1.212,732.2941327,0.901788515
5/11/2020 16:00,2020,5,11,5/11/2020,17,18.21,102.795,1.21,732.3320359,0.901835191
5/11/2020 17:00,2020,5,11,5/11/2020,18,20.145,102.82,1.215,732.3699254,0.901881851
5/11/2020 18:00,2020,5,11,5/11/2020,19,21.674,102.783,1.218,732.4078014,0.901928493
5/11/2020 19:00,2020,5,11,5/11/2020,20,22.188,103.626,1.219,669.3476804,0.824272685
5/11/2020 20:00,2020,5,11,5/11/2020,21,23.368,98.418,1.253,606.2875458,0.74661686
5/11/2020 21:00,2020,5,11,5/11/2020,22,22.767,100.248,1.23,606.3253808,0.746663452
5/11/2020 22:00,2020,5,11,5/11/2020,23,23.789,99.926,1.269,606.3632022,0.746710027
5/11/2020 23:00,2020,5,11,5/11/2020,24,23.555,101.989,1.26,568.09152,0.699580108
5/12/2020 0:00,2020,5,12,5/12/2020,1,21.861,99.871,1.219,529.819824,0.652450171
5/12/2020 1:00,2020,5,12,5/12/2020,2,20.007,100.967,1.214,529.8576042,0.652496696
5/12/2020 2:00,2020,5,12,5/12/2020,3,18.833,100.167,1.212,529.8953707,0.652543204
5/12/2020 3:00,2020,5,12,5/12/2020,4,16.612,100.708,1.182,529.9331234,0.652589695
5/12/2020 4:00,2020,5,12,5/12/2020,5,15.72,98.43,1.164,529.9708623,0.652636168
5/12/2020 5:00,2020,5,12,5/12/2020,6,14.632,100.664,1.143,530.0085873,0.652682625
5/12/2020 6:00,2020,5,12,5/12/2020,7,13.702,101.099,1.124,530.0462986,0.652729065
5/12/2020 7:00,2020,5,12,5/12/2020,8,11.623,98.591,1.082,559.7855572,0.689351674
5/12/2020 8:00,2020,5,12,5/12/2020,9,10.78,102.617,1.08,631.5291527,0.777700805
5/12/2020 9:00,2020,5,12,5/12/2020,10,12.26,101.678,1.095,703.2727343,0.86604992
5/12/2020 10:00,2020,5,12,5/12/2020,11,11.741,102.547,1.085,733.0119512,0.902672477
5/12/2020 11:00,2020,5,12,5/12/2020,12,14.309,102.337,1.136,733.049593,0.902718832
5/12/2020 12:00,2020,5,12,5/12/2020,13,13.204,101.032,1.114,733.0872208,0.902765169
5/12/2020 13:00,2020,5,12,5/12/2020,14,15.611,102.81,1.162,733.1248347,0.902811489
5/12/2020 14:00,2020,5,12,5/12/2020,15,17.121,102.668,1.192,733.1624345,0.902857791
5/12/2020 15:00,2020,5,12,5/12/2020,16,17.279,101.352,1.196,733.2000204,0.902904077
5/12/2020 16:00,2020,5,12,5/12/2020,17,18.153,103.217,1.21,733.2375922,0.902950345
5/12/2020 17:00,2020,5,12,5/12/2020,18,20.802,102.766,1.216,733.27515,0.902996595
5/12/2020 18:00,2020,5,12,5/12/2020,19,22.287,104.214,1.22,733.3126938,0.903042829
5/12/2020 19:00,2020,5,12,5/12/2020,20,23.231,103.38,1.248,670.2522401,0.825386611
5/12/2020 20:00,2020,5,12,5/12/2020,21,22.397,99.239,1.22,607.1917723,0.747730375
5/12/2020 21:00,2020,5,12,5/12/2020,22,22.982,99.734,1.238,607.2292737,0.747776557
5/12/2020 22:00,2020,5,12,5/12/2020,23,22.414,99.953,1.22,607.266761,0.747822721
5/12/2020 23:00,2020,5,12,5/12/2020,24,23.495,99.215,1.258,568.9947442,0.700692389
5/13/2020 0:00,2020,5,13,5/13/2020,1,20.715,101.676,1.216,530.7227132,0.65356204
5/13/2020 1:00,2020,5,13,5/13/2020,2,20.843,100.675,1.216,530.760158,0.653608152
5/13/2020 2:00,2020,5,13,5/13/2020,3,17.961,100.371,1.209,530.7975885,0.653654246
5/13/2020 3:00,2020,5,13,5/13/2020,4,17.142,101.628,1.193,530.8350047,0.653700322
5/13/2020 4:00,2020,5,13,5/13/2020,5,14.833,100.773,1.147,530.8724067,0.653746381
5/13/2020 5:00,2020,5,13,5/13/2020,6,13.73,100.284,1.125,530.9097945,0.653792423
5/13/2020 6:00,2020,5,13,5/13/2020,7,12.9,100.309,1.108,530.9471679,0.653838447
5/13/2020 7:00,2020,5,13,5/13/2020,8,11.812,100.114,1.086,560.6860883,0.690460639
5/13/2020 8:00,2020,5,13,5/13/2020,9,13.003,100.422,1.11,632.429345,0.778809353
5/13/2020 9:00,2020,5,13,5/13/2020,10,10.281,98.182,1.08,704.1725874,0.86715805
5/13/2020 10:00,2020,5,13,5/13/2020,11,12.241,99.242,1.095,733.9114647,0.903780189
5/13/2020 11:00,2020,5,13,5/13/2020,12,12.822,99.447,1.106,733.9487663,0.903826125
5/13/2020 12:00,2020,5,13,5/13/2020,13,14.271,99.382,1.135,733.9860536,0.903872042
5/13/2020 13:00,2020,5,13,5/13/2020,14,14.219,99.801,1.134,734.0233264,0.903917942
5/13/2020 14:00,2020,5,13,5/13/2020,15,16.152,99.843,1.173,734.0605848,0.903963824
5/13/2020 15:00,2020,5,13,5/13/2020,16,18.757,98.593,1.212,734.0978286,0.904009689
5/13/2020 16:00,2020,5,13,5/13/2020,17,19.042,100.513,1.212,734.1350581,0.904055535
5/13/2020 17:00,2020,5,13,5/13/2020,18,20.37,99.495,1.215,734.1722729,0.904101363
5/13/2020 18:00,2020,5,13,5/13/2020,19,21.806,99.836,1.218,734.2094733,0.904147174
5/13/2020 19:00,2020,5,13,5/13/2020,20,23.059,99.115,1.241,671.1486758,0.826490533
5/13/2020 20:00,2020,5,13,5/13/2020,21,23.801,100.522,1.269,608.0878637,0.748833873
5/13/2020 21:00,2020,5,13,5/13/2020,22,24.301,98.928,1.288,608.1250204,0.74887963
5/13/2020 22:00,2020,5,13,5/13/2020,23,22.912,98.296,1.236,608.1621625,0.748925369
5/13/2020 23:00,2020,5,13,5/13/2020,24,22.562,101.204,1.222,569.8898001,0.701794612
5/14/2020 0:00,2020,5,14,5/14/2020,1,23.163,100.426,1.245,531.617423,0.654663837
5/14/2020 1:00,2020,5,14,5/14/2020,2,18.793,101.386,1.212,531.6545211,0.654709521
5/14/2020 2:00,2020,5,14,5/14/2020,3,17.881,100.504,1.208,531.6916046,0.654755188
5/14/2020 3:00,2020,5,14,5/14/2020,4,17.57,99.756,1.201,531.7286733,0.654800837
5/14/2020 4:00,2020,5,14,5/14/2020,5,16.645,99.907,1.183,531.7657274,0.654846467
5/14/2020 5:00,2020,5,14,5/14/2020,6,14.624,100.922,1.142,531.8027667,0.654892079
5/14/2020 6:00,2020,5,14,5/14/2020,7,14.237,99.627,1.135,531.8397912,0.654937674
5/14/2020 7:00,2020,5,14,5/14/2020,8,11.798,100.535,1.086,561.5783623,0.691559436
5/14/2020 8:00,2020,5,14,5/14/2020,9,10.886,99.25,1.08,633.3212692,0.779907719
5/14/2020 9:00,2020,5,14,5/14/2020,10,11.074,99.483,1.08,705.0641613,0.868255984
5/14/2020 10:00,2020,5,14,5/14/2020,11,11.841,100.246,1.087,734.8026879,0.904877692
5/14/2020 11:00,2020,5,14,5/14/2020,12,12.445,100.119,1.099,734.8396384,0.904923195
5/14/2020 12:00,2020,5,14,5/14/2020,13,12.14,100.181,1.093,734.876574,0.90496868
5/14/2020 13:00,2020,5,14,5/14/2020,14,12.738,98.441,1.105,734.9134947,0.905014146
5/14/2020 14:00,2020,5,14,5/14/2020,15,16.09,100.531,1.172,734.9504005,0.905059594
5/14/2020 15:00,2020,5,14,5/14/2020,16,18.684,99.859,1.212,734.9872914,0.905105023
5/14/2020 16:00,2020,5,14,5/14/2020,17,19.009,99.598,1.212,735.0241674,0.905150435
5/14/2020 17:00,2020,5,14,5/14/2020,18,21.298,100.416,1.217,735.0610283,0.905195827
5/14/2020 18:00,2020,5,14,5/14/2020,19,21.567,98.833,1.218,735.0978743,0.905241201
5/14/2020 19:00,2020,5,14,5/14/2020,20,21.918,100.276,1.219,672.036722,0.827584123
5/14/2020 20:00,2020,5,14,5/14/2020,21,24.443,99.152,1.293,608.9755546,0.749927026
5/14/2020 21:00,2020,5,14,5/14/2020,22,23.429,100.487,1.255,609.0123555,0.749972345
5/14/2020 22:00,2020,5,14,5/14/2020,23,22.395,100.071,1.22,609.0491414,0.750017645
5/14/2020 23:00,2020,5,14,5/14/2020,24,21.975,100.583,1.219,570.7764223,0.702886449
5/15/2020 0:00,2020,5,15,5/15/2020,1,22.911,99.021,1.236,532.5036881,0.655755234
5/15/2020 1:00,2020,5,15,5/15/2020,2,19.482,99.134,1.213,532.5404287,0.655800478
5/15/2020 2:00,2020,5,15,5/15/2020,3,17.994,100.576,1.21,532.5771541,0.655845704
5/15/2020 3:00,2020,5,15,5/15/2020,4,16.671,100.3,1.183,532.6138644,0.655890911
5/15/2020 4:00,2020,5,15,5/15/2020,5,15.636,101.201,1.163,532.6505595,0.6559361
5/15/2020 5:00,2020,5,15,5/15/2020,6,13.791,99.861,1.126,532.6872394,0.655981269
5/15/2020 6:00,2020,5,15,5/15/2020,7,14.357,100.3,1.137,532.7239041,0.65602642
5/15/2020 7:00,2020,5,15,5/15/2020,8,12.512,99.069,1.1,562.4621148,0.692647739
5/15/2020 8:00,2020,5,15,5/15/2020,9,10.155,101.307,1.08,634.204661,0.780995578
5/15/2020 9:00,2020,5,15,5/15/2020,10,9.689,100.948,1.08,705.9471919,0.869343398
5/15/2020 10:00,2020,5,15,5/15/2020,11,12.65,102.216,1.103,735.6853568,0.905964661
5/15/2020 11:00,2020,5,15,5/15/2020,12,10.867,102.103,1.08,735.7219451,0.906009718
5/15/2020 12:00,2020,5,15,5/15/2020,13,11.4,101.591,1.08,735.7585182,0.906054756
5/15/2020 13:00,2020,5,15,5/15/2020,14,14.19,103.987,1.134,735.7950759,0.906099775
5/15/2020 14:00,2020,5,15,5/15/2020,15,16.14,100.763,1.173,735.8316182,0.906144775
5/15/2020 15:00,2020,5,15,5/15/2020,16,16.189,100.201,1.174,735.8681451,0.906189757
5/15/2020 16:00,2020,5,15,5/15/2020,17,19.25,101.664,1.213,735.9046567,0.906234719
5/15/2020 17:00,2020,5,15,5/15/2020,18,19.806,100.854,1.214,735.9411528,0.906279662
5/15/2020 18:00,2020,5,15,5/15/2020,19,21.743,100.432,1.218,735.9776335,0.906324587
5/15/2020 19:00,2020,5,15,5/15/2020,20,23.247,102.088,1.248,672.9161154,0.828667058
5/15/2020 20:00,2020,5,15,5/15/2020,21,23.777,99.306,1.268,609.8545819,0.75100951
5/15/2020 21:00,2020,5,15,5/15/2020,22,23.089,99.674,1.242,609.8910161,0.751054377
5/15/2020 22:00,2020,5,15,5/15/2020,23,23.32,98.08,1.251,609.9274349,0.751099225
5/15/2020 23:00,2020,5,15,5/15/2020,24,23.042,97.623,1.24,571.6543482,0.703967576
5/16/2020 0:00,2020,5,16,5/16/2020,1,22.824,101.077,1.232,533.381246,0.656835908
5/16/2020 1:00,2020,5,16,5/16/2020,2,20.491,100.543,1.216,533.4176181,0.656880699
5/16/2020 2:00,2020,5,16,5/16/2020,3,20.367,99.273,1.215,533.4539746,0.65692547
5/16/2020 3:00,2020,5,16,5/16/2020,4,16.726,99.535,1.185,533.4903155,0.656970223
5/16/2020 4:00,2020,5,16,5/16/2020,5,16.576,100.653,1.182,533.5266408,0.657014956
5/16/2020 5:00,2020,5,16,5/16/2020,6,14.704,99.46,1.144,533.5629505,0.65705967
5/16/2020 6:00,2020,5,16,5/16/2020,7,14.825,98.629,1.147,533.5992445,0.657104364
5/16/2020 7:00,2020,5,16,5/16/2020,8,11.897,100.733,1.088,563.337084,0.693725226
5/16/2020 8:00,2020,5,16,5/16/2020,9,10.252,101.719,1.08,635.0792586,0.782072607
5/16/2020 9:00,2020,5,16,5/16/2020,10,11.566,101.589,1.081,706.8214174,0.870419969
5/16/2020 10:00,2020,5,16,5/16/2020,11,10.959,101.889,1.08,736.5592098,0.907040773
5/16/2020 11:00,2020,5,16,5/16/2020,12,12.633,100.935,1.103,736.5954252,0.907085371
5/16/2020 12:00,2020,5,16,5/16/2020,13,11.921,99.808,1.088,736.6316248,0.907129949
5/16/2020 13:00,2020,5,16,5/16/2020,14,14.124,102.825,1.132,736.6678086,0.907174508
5/16/2020 14:00,2020,5,16,5/16/2020,15,15.679,100.53,1.164,736.7039766,0.907219047
5/16/2020 15:00,2020,5,16,5/16/2020,16,17.795,101.534,1.206,736.7401288,0.907263567
5/16/2020 16:00,2020,5,16,5/16/2020,17,19.608,102.633,1.214,736.7762651,0.907308067
5/16/2020 17:00,2020,5,16,5/16/2020,18,20.062,101.996,1.215,736.8123856,0.907352548
5/16/2020 18:00,2020,5,16,5/16/2020,19,21.314,102.638,1.217,736.8484902,0.907397009
5/16/2020 19:00,2020,5,16,5/16/2020,20,22.264,104.175,1.219,673.7865955,0.829739017
5/16/2020 20:00,2020,5,16,5/16/2020,21,23.646,99.898,1.263,610.724685,0.752081004
5/16/2020 21:00,2020,5,16,5/16/2020,22,23.803,100.733,1.269,610.7607418,0.752125407
5/16/2020 22:00,2020,5,16,5/16/2020,23,22.77,99.607,1.23,610.7967826,0.75216979
5/16/2020 23:00,2020,5,16,5/16/2020,24,22.383,100.197,1.22,572.5233176,0.705037675
5/17/2020 0:00,2020,5,17,5/17/2020,1,22.294,99.293,1.22,534.2498367,0.65790554
5/17/2020 1:00,2020,5,17,5/17/2020,2,19.853,99.308,1.214,534.2858295,0.657949864
5/17/2020 2:00,2020,5,17,5/17/2020,3,18.055,98.065,1.21,534.3218063,0.657994168
5/17/2020 3:00,2020,5,17,5/17/2020,4,17.644,100.244,1.203,534.3577671,0.658038452
5/17/2020 4:00,2020,5,17,5/17/2020,5,15.098,99.665,1.152,534.3937118,0.658082716
5/17/2020 5:00,2020,5,17,5/17/2020,6,14.341,100.648,1.137,534.4296404,0.658126961
5/17/2020 6:00,2020,5,17,5/17/2020,7,12.888,98.514,1.108,534.465553,0.658171185
5/17/2020 7:00,2020,5,17,5/17/2020,8,10.564,100.942,1.08,564.2030106,0.694791577
5/17/2020 8:00,2020,5,17,5/17/2020,9,11.516,102.486,1.08,635.9448028,0.783138487
5/17/2020 9:00,2020,5,17,5/17/2020,10,11.996,102.829,1.09,707.6865788,0.871485378
5/17/2020 10:00,2020,5,17,5/17/2020,11,10.24,102.444,1.08,737.4239879,0.90810571
5/17/2020 11:00,2020,5,17,5/17/2020,12,11.098,102.572,1.08,737.4598196,0.908149835
5/17/2020 12:00,2020,5,17,5/17/2020,13,12.411,103.169,1.098,737.4956351,0.90819394
5/17/2020 13:00,2020,5,17,5/17/2020,14,13.593,102.768,1.122,737.5314343,0.908238025
5/17/2020 14:00,2020,5,17,5/17/2020,15,15.041,103.117,1.151,737.5672173,0.90828209
5/17/2020 15:00,2020,5,17,5/17/2020,16,16.973,100.788,1.189,737.602984,0.908326136
5/17/2020 16:00,2020,5,17,5/17/2020,17,19.751,102.1,1.214,737.6387344,0.908370161
5/17/2020 17:00,2020,5,17,5/17/2020,18,20.43,103.159,1.215,737.6744686,0.908414166
5/17/2020 18:00,2020,5,17,5/17/2020,19,20.768,100.858,1.216,737.7101863,0.908458151
5/17/2020 19:00,2020,5,17,5/17/2020,20,22.736,102.957,1.229,674.6479044,0.830799681
5/17/2020 20:00,2020,5,17,5/17/2020,21,23.561,98.702,1.26,611.5856062,0.753141192
5/17/2020 21:00,2020,5,17,5/17/2020,22,23.186,99.858,1.246,611.6212748,0.753185116
5/17/2020 22:00,2020,5,17,5/17/2020,23,23.255,100.991,1.249,611.6569271,0.75322902
5/17/2020 23:00,2020,5,17,5/17/2020,24,22.388,99.532,1.22,573.3830731,0.706096426
5/18/2020 0:00,2020,5,18,5/18/2020,1,21.913,98.968,1.219,535.1092026,0.658963812
5/18/2020 1:00,2020,5,18,5/18/2020,2,19.55,100.212,1.213,535.1448056,0.659007656
5/18/2020 2:00,2020,5,18,5/18/2020,3,17.67,99.39,1.203,535.1803921,0.659051479
5/18/2020 3:00,2020,5,18,5/18/2020,4,17.126,101.38,1.193,535.2159621,0.659095282
5/18/2020 4:00,2020,5,18,5/18/2020,5,15.561,99.415,1.161,535.2515155,0.659139064
5/18/2020 5:00,2020,5,18,5/18/2020,6,13.284,100.882,1.116,535.2870525,0.659182826
5/18/2020 6:00,2020,5,18,5/18/2020,7,12.498,99.962,1.1,535.3225729,0.659226568
5/18/2020 7:00,2020,5,18,5/18/2020,8,12.035,98.676,1.091,565.059638,0.695846476
5/18/2020 8:00,2020,5,18,5/18/2020,9,12.675,102.36,1.103,636.8010372,0.784192903
5/18/2020 9:00,2020,5,18,5/18/2020,10,11.018,101.609,1.08,708.5424198,0.872539309
5/18/2020 10:00,2020,5,18,5/18/2020,11,12.042,102.833,1.091,738.279435,0.909159156
5/18/2020 11:00,2020,5,18,5/18/2020,12,13.186,101.624,1.114,738.3148724,0.909202795
5/18/2020 12:00,2020,5,18,5/18/2020,13,13.949,100.67,1.129,738.3502931,0.909246414
5/18/2020 13:00,2020,5,18,5/18/2020,14,14.154,100.809,1.133,738.3856971,0.909290013
5/18/2020 14:00,2020,5,18,5/18/2020,15,16.74,100.792,1.185,738.4210845,0.909333591
5/18/2020 15:00,2020,5,18,5/18/2020,16,17.971,103.296,1.209,738.4564551,0.909377148
5/18/2020 16:00,2020,5,18,5/18/2020,17,19.753,102.193,1.214,738.491809,0.909420685
5/18/2020 17:00,2020,5,18,5/18/2020,18,20.344,102.531,1.215,738.5271462,0.909464201
5/18/2020 18:00,2020,5,18,5/18/2020,19,22.577,103.04,1.223,738.5624666,0.909507697
5/18/2020 19:00,2020,5,18,5/18/2020,20,22.9,101.873,1.235,675.4997868,0.831848737
5/18/2020 20:00,2020,5,18,5/18/2020,21,23.904,100.809,1.273,612.4370903,0.754189757
5/18/2020 21:00,2020,5,18,5/18/2020,22,22.938,100.911,1.237,612.4723603,0.754233191
5/18/2020 22:00,2020,5,18,5/18/2020,23,22.483,100.027,1.22,612.5076134,0.754276604
5/18/2020 23:00,2020,5,18,5/18/2020,24,23.855,100.126,1.271,574.2333598,0.707143518
5/19/2020 0:00,2020,5,19,5/19/2020,1,21.304,99.171,1.217,535.9590893,0.660010411
5/19/2020 1:00,2020,5,19,5/19/2020,2,20.727,99.813,1.216,535.9942918,0.660053761
5/19/2020 2:00,2020,5,19,5/19/2020,3,20.51,98.841,1.216,536.0294774,0.660097091
5/19/2020 3:00,2020,5,19,5/19/2020,4,17.713,101.081,1.204,536.0646461,0.660140399
5/19/2020 4:00,2020,5,19,5/19/2020,5,16.536,98.794,1.181,536.0997978,0.660183687
5/19/2020 5:00,2020,5,19,5/19/2020,6,15.11,98.865,1.152,536.1349325,0.660226954
5/19/2020 6:00,2020,5,19,5/19/2020,7,13.135,99.87,1.113,536.1700503,0.6602702
5/19/2020 7:00,2020,5,19,5/19/2020,8,13.131,100.689,1.113,565.9067123,0.696889612
5/19/2020 8:00,2020,5,19,5/19/2020,9,12.108,100.936,1.092,637.647708,0.785235541
5/19/2020 9:00,2020,5,19,5/19/2020,10,12.043,101.428,1.091,709.3886866,0.87358145
5/19/2020 10:00,2020,5,19,5/19/2020,11,12.168,102.483,1.093,739.1252975,0.910200799
5/19/2020 11:00,2020,5,19,5/19/2020,12,11.521,102.546,1.08,739.1603301,0.91024394
5/19/2020 12:00,2020,5,19,5/19/2020,13,13.74,101.327,1.125,739.1953455,0.91028706
5/19/2020 13:00,2020,5,19,5/19/2020,14,13.083,100.441,1.112,739.2303439,0.910330159
5/19/2020 14:00,2020,5,19,5/19/2020,15,16.719,102.156,1.184,739.2653251,0.910373237
5/19/2020 15:00,2020,5,19,5/19/2020,16,17.695,102.963,1.204,739.3002892,0.910416293
5/19/2020 16:00,2020,5,19,5/19/2020,17,17.93,102.314,1.209,739.3352361,0.910459329
5/19/2020 17:00,2020,5,19,5/19/2020,18,20.576,101.571,1.216,739.3701658,0.910502344
5/19/2020 18:00,2020,5,19,5/19/2020,19,21.484,100.334,1.218,739.4050784,0.910545337
5/19/2020 19:00,2020,5,19,5/19/2020,20,23.481,101.189,1.257,676.3419903,0.832885875
5/19/2020 20:00,2020,5,19,5/19/2020,21,23.694,99.339,1.265,613.2788851,0.755226391
5/19/2020 21:00,2020,5,19,5/19/2020,22,23.025,98.665,1.24,613.3137459,0.755269321
5/19/2020 22:00,2020,5,19,5/19/2020,23,23.604,100.127,1.262,613.3485895,0.755312229
5/19/2020 23:00,2020,5,19,5/19/2020,24,22.076,99.497,1.219,575.0739258,0.708178638
5/20/2020 0:00,2020,5,20,5/20/2020,1,22.751,99.626,1.229,536.7992449,0.661045026
5/20/2020 1:00,2020,5,20,5/20/2020,2,20.045,99.679,1.215,536.8340365,0.66108787
5/20/2020 2:00,2020,5,20,5/20/2020,3,19.827,101.41,1.214,536.8688108,0.661130693
5/20/2020 3:00,2020,5,20,5/20/2020,4,16.418,101.606,1.178,536.9035677,0.661173495
5/20/2020 4:00,2020,5,20,5/20/2020,5,13.88,100.116,1.128,536.9383072,0.661216275
5/20/2020 5:00,2020,5,20,5/20/2020,6,14.096,98.616,1.132,536.9730293,0.661259034
5/20/2020 6:00,2020,5,20,5/20/2020,7,13.757,101.014,1.125,537.0077341,0.661301771
5/20/2020 7:00,2020,5,20,5/20/2020,8,11.717,99.818,1.084,566.7439826,0.697920674
5/20/2020 8:00,2020,5,20,5/20/2020,9,11.249,99.056,1.08,638.4845644,0.786266094
5/20/2020 9:00,2020,5,20,5/20/2020,10,10.463,98.527,1.08,710.2251287,0.874611492
5/20/2020 10:00,2020,5,20,5/20/2020,11,11.165,99.415,1.08,739.9613248,0.91123033
5/20/2020 11:00,2020,5,20,5/20/2020,12,11.541,99.158,1.081,739.9959421,0.91127296
5/20/2020 12:00,2020,5,20,5/20/2020,13,12.982,99.859,1.11,740.030542,0.911315568
5/20/2020 13:00,2020,5,20,5/20/2020,14,15.7,99.734,1.164,740.0651243,0.911358155
5/20/2020 14:00,2020,5,20,5/20/2020,15,15.454,99.029,1.159,740.099689,0.91140072
5/20/2020 15:00,2020,5,20,5/20/2020,16,16.365,101.26,1.177,740.1342362,0.911443263
5/20/2020 16:00,2020,5,20,5/20/2020,17,17.428,99.613,1.199,740.1687658,0.911485785
5/20/2020 17:00,2020,5,20,5/20/2020,18,21.615,101.153,1.218,740.2032777,0.911528285
5/20/2020 18:00,2020,5,20,5/20/2020,19,22.751,99.559,1.229,740.237772,0.911570763
5/20/2020 19:00,2020,5,20,5/20/2020,20,22.999,100.968,1.239,677.1742654,0.833910785
5/20/2020 20:00,2020,5,20,5/20/2020,21,24.372,98.115,1.291,614.1107411,0.756250786
5/20/2020 21:00,2020,5,20,5/20/2020,22,22.423,99.388,1.22,614.1451824,0.756293199
5/20/2020 22:00,2020,5,20,5/20/2020,23,22.583,98.343,1.223,614.179606,0.75633559
5/20/2020 23:00,2020,5,20,5/20/2020,24,23.091,99.083,1.242,575.9045221,0.709201481
5/21/2020 0:00,2020,5,21,5/21/2020,1,22.768,101.068,1.23,537.6294204,0.662067351
5/21/2020 1:00,2020,5,21,5/21/2020,2,22.261,99.187,1.219,537.6637908,0.662109677
5/21/2020 2:00,2020,5,21,5/21/2020,3,18.709,100.539,1.212,537.6981434,0.662151981
5/21/2020 3:00,2020,5,21,5/21/2020,4,18.664,100.458,1.211,537.7324783,0.662194262
5/21/2020 4:00,2020,5,21,5/21/2020,5,16.024,99.853,1.17,537.7667953,0.662236522
5/21/2020 5:00,2020,5,21,5/21/2020,6,14.694,100.367,1.144,537.8010946,0.66227876
5/21/2020 6:00,2020,5,21,5/21/2020,7,13.484,99.935,1.12,537.8353759,0.662320976
5/21/2020 7:00,2020,5,21,5/21/2020,8,11.847,99.695,1.087,567.5712007,0.698939357
5/21/2020 8:00,2020,5,21,5/21/2020,9,10.831,99.318,1.08,639.3113583,0.787284255
5/21/2020 9:00,2020,5,21,5/21/2020,10,11.518,101.455,1.08,711.051498,0.87562913
5/21/2020 10:00,2020,5,21,5/21/2020,11,12.425,98.217,1.099,740.7872691,0.912247445
5/21/2020 11:00,2020,5,21,5/21/2020,12,11.446,98.643,1.08,740.821461,0.912289551
5/21/2020 12:00,2020,5,21,5/21/2020,13,14.334,99.458,1.137,740.855635,0.912331634
5/21/2020 13:00,2020,5,21,5/21/2020,14,15.268,100.565,1.155,740.889791,0.912373696
5/21/2020 14:00,2020,5,21,5/21/2020,15,16.137,99.988,1.173,740.923929,0.912415736
5/21/2020 15:00,2020,5,21,5/21/2020,16,17.676,100.057,1.204,740.958049,0.912457753
5/21/2020 16:00,2020,5,21,5/21/2020,17,19.686,100.491,1.214,740.992151,0.912499748
5/21/2020 17:00,2020,5,21,5/21/2020,18,20.57,101.207,1.216,741.0262349,0.912541721
5/21/2020 18:00,2020,5,21,5/21/2020,19,21.336,99.433,1.217,741.0603008,0.912583672
5/21/2020 19:00,2020,5,21,5/21/2020,20,21.399,101.998,1.218,677.9963653,0.834923166
5/21/2020 20:00,2020,5,21,5/21/2020,21,24.945,99.818,1.312,614.9324118,0.757262638
5/21/2020 21:00,2020,5,21,5/21/2020,22,22.258,99.7,1.219,614.9664234,0.757304522
5/21/2020 22:00,2020,5,21,5/21/2020,23,23.424,99.799,1.255,615.0004169,0.757346383
5/21/2020 23:00,2020,5,21,5/21/2020,24,24.139,100.886,1.282,576.7249024,0.710211744
5/22/2020 0:00,2020,5,22,5/22/2020,1,21.545,99.513,1.218,538.4493697,0.663077083
5/22/2020 1:00,2020,5,22,5/22/2020,2,21.025,100.613,1.217,538.4833088,0.663118878
5/22/2020 2:00,2020,5,22,5/22/2020,3,19.875,99.486,1.214,538.5172296,0.66316065
5/22/2020 3:00,2020,5,22,5/22/2020,4,18.456,99.08,1.211,538.5511323,0.663202399
5/22/2020 4:00,2020,5,22,5/22/2020,5,13.526,99.056,1.121,538.5850167,0.663244127
5/22/2020 5:00,2020,5,22,5/22/2020,6,13.164,99.624,1.113,538.6188828,0.663285831
5/22/2020 6:00,2020,5,22,5/22/2020,7,13.364,100.849,1.117,538.6527307,0.663327513
5/22/2020 7:00,2020,5,22,5/22/2020,8,12.744,101.219,1.105,568.3881216,0.69994536
5/22/2020 8:00,2020,5,22,5/22/2020,9,11.546,102.545,1.081,640.1278449,0.788289723
5/22/2020 9:00,2020,5,22,5/22/2020,10,10.426,100.867,1.08,711.8675498,0.876634063
5/22/2020 10:00,2020,5,22,5/22/2020,11,11.607,101.551,1.082,741.6028857,0.913251841
5/22/2020 11:00,2020,5,22,5/22/2020,12,13.341,103.742,1.117,741.636642,0.913293411
5/22/2020 12:00,2020,5,22,5/22/2020,13,13.6,103.055,1.122,741.67038,0.913334958
5/22/2020 13:00,2020,5,22,5/22/2020,14,15.267,102.387,1.155,741.7040996,0.913376482
5/22/2020 14:00,2020,5,22,5/22/2020,15,16.689,101.525,1.184,741.7378007,0.913417983
5/22/2020 15:00,2020,5,22,5/22/2020,16,17.531,104.18,1.201,741.7714835,0.913459462
5/22/2020 16:00,2020,5,22,5/22/2020,17,18.671,101.821,1.211,741.8051478,0.913500918
5/22/2020 17:00,2020,5,22,5/22/2020,18,20.046,101.151,1.215,741.8387936,0.913542352
5/22/2020 18:00,2020,5,22,5/22/2020,19,21.639,101.489,1.218,741.872421,0.913583762
5/22/2020 19:00,2020,5,22,5/22/2020,20,23.403,101.726,1.254,678.8080466,0.835922716
5/22/2020 20:00,2020,5,22,5/22/2020,21,22.761,101.275,1.23,615.7436537,0.758261647
5/22/2020 21:00,2020,5,22,5/22/2020,22,24.416,100.047,1.292,615.7772255,0.758302989
5/22/2020 22:00,2020,5,22,5/22/2020,23,25.49,100.711,1.333,615.8107789,0.758344309
5/22/2020 23:00,2020,5,22,5/22/2020,24,22.736,99.553,1.229,577.5348237,0.711209127
5/23/2020 0:00,2020,5,23,5/23/2020,1,21.312,99.52,1.217,539.2588501,0.664073923
5/23/2020 1:00,2020,5,23,5/23/2020,2,20.153,99.904,1.215,539.2923477,0.664115174
5/23/2020 2:00,2020,5,23,5/23/2020,3,19.899,98.794,1.214,539.3258267,0.664156402
5/23/2020 3:00,2020,5,23,5/23/2020,4,17.858,102.454,1.207,539.359287,0.664197607
5/23/2020 4:00,2020,5,23,5/23/2020,5,17.267,101.238,1.195,539.3927287,0.664238789
5/23/2020 5:00,2020,5,23,5/23/2020,6,14,100.989,1.13,539.4261518,0.664279948
5/23/2020 6:00,2020,5,23,5/23/2020,7,13.802,101.162,1.126,539.4595562,0.664321084
5/23/2020 7:00,2020,5,23,5/23/2020,8,11.818,99.464,1.086,569.1945031,0.700938384
5/23/2020 8:00,2020,5,23,5/23/2020,9,11.121,104.038,1.08,640.933782,0.789282199
5/23/2020 9:00,2020,5,23,5/23/2020,10,10.264,100.726,1.08,712.6730422,0.877625992
5/23/2020 10:00,2020,5,23,5/23/2020,11,11.946,101.993,1.089,742.407933,0.914243222
5/23/2020 11:00,2020,5,23,5/23/2020,12,12.7,101.813,1.104,742.4412437,0.914284243
5/23/2020 12:00,2020,5,23,5/23/2020,13,13.426,102.925,1.119,742.4745356,0.91432524
5/23/2020 13:00,2020,5,23,5/23/2020,14,16.263,101.937,1.175,742.5078088,0.914366215
5/23/2020 14:00,2020,5,23,5/23/2020,15,16.601,101.277,1.182,742.5410631,0.914407166
5/23/2020 15:00,2020,5,23,5/23/2020,16,17.699,102.417,1.204,742.5742986,0.914448094
5/23/2020 16:00,2020,5,23,5/23/2020,17,18.958,103.743,1.212,742.6075153,0.914488999
5/23/2020 17:00,2020,5,23,5/23/2020,18,20.668,102.858,1.216,742.6407131,0.914529881
5/23/2020 18:00,2020,5,23,5/23/2020,19,22.502,102.817,1.22,742.673892,0.914570739
5/23/2020 19:00,2020,5,23,5/23/2020,20,23.424,100.797,1.255,679.6090686,0.83690914
5/23/2020 20:00,2020,5,23,5/23/2020,21,20.452,98.954,1.215,616.5442264,0.759247518
5/23/2020 21:00,2020,5,23,5/23/2020,22,21.713,101.123,1.218,616.5773485,0.759288306
5/23/2020 22:00,2020,5,23,5/23/2020,23,23.763,100.875,1.268,616.6104517,0.759329071
5/23/2020 23:00,2020,5,23,5/23/2020,24,23.918,99.249,1.274,578.3340461,0.712193335
5/24/2020 0:00,2020,5,24,5/24/2020,1,21.394,100.24,1.218,540.0576215,0.665057576
5/24/2020 1:00,2020,5,24,5/24/2020,2,20.735,99.165,1.216,540.0906677,0.665098271
5/24/2020 2:00,2020,5,24,5/24/2020,3,18.152,100.261,1.21,540.1236949,0.665138942
5/24/2020 3:00,2020,5,24,5/24/2020,4,16.918,100.336,1.188,540.1567031,0.66517959
5/24/2020 4:00,2020,5,24,5/24/2020,5,16.88,99.094,1.188,540.1896922,0.665220215
5/24/2020 5:00,2020,5,24,5/24/2020,6,14.566,99.809,1.141,540.2226623,0.665260816
5/24/2020 6:00,2020,5,24,5/24/2020,7,13.598,100.344,1.122,540.2556132,0.665301394
5/24/2020 7:00,2020,5,24,5/24/2020,8,11.699,98.445,1.084,569.9901063,0.701918135
5/24/2020 8:00,2020,5,24,5/24/2020,9,12.463,101.538,1.099,641.728931,0.790261391
5/24/2020 9:00,2020,5,24,5/24/2020,10,11.303,102.289,1.08,713.4677366,0.878604623
5/24/2020 10:00,2020,5,24,5/24/2020,11,12.191,101.387,1.094,743.2021723,0.915221293
5/24/2020 11:00,2020,5,24,5/24/2020,12,12.213,102.321,1.094,743.2350275,0.915261753
5/24/2020 12:00,2020,5,24,5/24/2020,13,12.83,100.799,1.107,743.2678636,0.91530219
5/24/2020 13:00,2020,5,24,5/24/2020,14,15.136,101.969,1.153,743.3006805,0.915342602
5/24/2020 14:00,2020,5,24,5/24/2020,15,15.008,102.705,1.15,743.3334781,0.915382991
5/24/2020 15:00,2020,5,24,5/24/2020,16,18.552,100.659,1.211,743.3662565,0.915423356
5/24/2020 16:00,2020,5,24,5/24/2020,17,20.178,101.004,1.215,743.3990157,0.915463698
5/24/2020 17:00,2020,5,24,5/24/2020,18,20.043,102.772,1.215,743.4317556,0.915504015
5/24/2020 18:00,2020,5,24,5/24/2020,19,21.253,102.26,1.217,743.4644762,0.915544309
5/24/2020 19:00,2020,5,24,5/24/2020,20,22.038,99.712,1.219,680.3991941,0.837882145
5/24/2020 20:00,2020,5,24,5/24/2020,21,23.243,100.947,1.248,617.3338927,0.760219958
5/24/2020 21:00,2020,5,24,5/24/2020,22,23.939,100.421,1.274,617.3665554,0.76026018
5/24/2020 22:00,2020,5,24,5/24/2020,23,23.638,100.619,1.263,617.3991986,0.760300379
5/24/2020 23:00,2020,5,24,5/24/2020,24,22.202,99.153,1.219,579.1223326,0.713164076
5/25/2020 0:00,2020,5,25,5/25/2020,1,20.058,99.257,1.215,540.8454472,0.666027749
5/25/2020 1:00,2020,5,25,5/25/2020,2,21.117,100.626,1.217,540.8780323,0.666067876
5/25/2020 2:00,2020,5,25,5/25/2020,3,19.349,99.345,1.213,540.910598,0.666107979
5/25/2020 3:00,2020,5,25,5/25/2020,4,18.542,100.088,1.211,540.9431442,0.666148058
5/25/2020 4:00,2020,5,25,5/25/2020,5,16.681,98.72,1.184,540.9756709,0.666188114
5/25/2020 5:00,2020,5,25,5/25/2020,6,13.653,100.334,1.123,541.0081782,0.666228145
5/25/2020 6:00,2020,5,25,5/25/2020,7,13.081,101.251,1.112,541.040666,0.666268152
5/25/2020 7:00,2020,5,25,5/25/2020,8,12.166,99.172,1.093,570.7746955,0.702884322
5/25/2020 8:00,2020,5,25,5/25/2020,9,10.452,102.534,1.08,642.5130562,0.791227007
5/25/2020 9:00,2020,5,25,5/25/2020,10,11.488,101.34,1.08,714.2513974,0.879569668
5/25/2020 10:00,2020,5,25,5/25/2020,11,12.095,103.993,1.092,743.9853683,0.916185765
5/25/2020 11:00,2020,5,25,5/25/2020,12,13.11,102.223,1.112,744.0177583,0.916225652
5/25/2020 12:00,2020,5,25,5/25/2020,13,13.426,102.746,1.119,744.0501288,0.916265515
5/25/2020 13:00,2020,5,25,5/25/2020,14,13.302,102.305,1.116,744.0824797,0.916305354
5/25/2020 14:00,2020,5,25,5/25/2020,15,16.483,103.334,1.18,744.1148109,0.916345168
5/25/2020 15:00,2020,5,25,5/25/2020,16,18.173,102.372,1.21,744.1471225,0.916384959
5/25/2020 16:00,2020,5,25,5/25/2020,17,19.68,102.438,1.214,744.1794145,0.916424725
5/25/2020 17:00,2020,5,25,5/25/2020,18,19.334,103.261,1.213,744.2116868,0.916464467
5/25/2020 18:00,2020,5,25,5/25/2020,19,21.671,101.56,1.218,744.2439393,0.916504185
5/25/2020 19:00,2020,5,25,5/25/2020,20,23.073,101.198,1.242,681.1781889,0.838841444
5/25/2020 20:00,2020,5,25,5/25/2020,21,24.412,99.965,1.292,618.1124187,0.761178679
5/25/2020 21:00,2020,5,25,5/25/2020,22,22.845,99.967,1.233,618.1446121,0.761218323
5/25/2020 22:00,2020,5,25,5/25/2020,23,23.598,101.197,1.261,618.1767857,0.761257944
5/25/2020 23:00,2020,5,25,5/25/2020,24,24.937,98.296,1.312,579.8994497,0.714121062
5/26/2020 0:00,2020,5,26,5/26/2020,1,22.56,100.327,1.222,541.6220939,0.666984156
5/26/2020 1:00,2020,5,26,5/26/2020,2,20.859,101.88,1.216,541.6542082,0.667023703
5/26/2020 2:00,2020,5,26,5/26/2020,3,19.802,100.377,1.214,541.6863026,0.667063226
5/26/2020 3:00,2020,5,26,5/26/2020,4,17.882,102.031,1.208,541.7183772,0.667102724
5/26/2020 4:00,2020,5,26,5/26/2020,5,16.091,100.005,1.172,541.750432,0.667142198
5/26/2020 5:00,2020,5,26,5/26/2020,6,13.958,99.165,1.129,541.7824669,0.667181648
5/26/2020 6:00,2020,5,26,5/26/2020,7,12.065,97.136,1.091,541.8144818,0.667221073
5/26/2020 7:00,2020,5,26,5/26/2020,8,13.172,102.1,1.113,571.5480381,0.70383666
5/26/2020 8:00,2020,5,26,5/26/2020,9,11.617,100.947,1.082,643.2859253,0.792178762
5/26/2020 9:00,2020,5,26,5/26/2020,10,10.959,100.297,1.08,715.0237924,0.880520839
5/26/2020 10:00,2020,5,26,5/26/2020,11,11.753,102.806,1.085,744.7572889,0.917136352
5/26/2020 11:00,2020,5,26,5/26/2020,12,12.388,99.607,1.098,744.7892042,0.917175655
5/26/2020 12:00,2020,5,26,5/26/2020,13,13.655,101.204,1.123,744.8210995,0.917214932
5/26/2020 13:00,2020,5,26,5/26/2020,14,15.015,100.412,1.15,744.8529748,0.917254185
5/26/2020 14:00,2020,5,26,5/26/2020,15,15.341,102.063,1.157,744.88483,0.917293414
5/26/2020 15:00,2020,5,26,5/26/2020,16,16.83,101.642,1.187,744.9166652,0.917332617
5/26/2020 16:00,2020,5,26,5/26/2020,17,18.699,99.485,1.212,744.9484804,0.917371796
5/26/2020 17:00,2020,5,26,5/26/2020,18,19.856,101.812,1.214,744.9802755,0.917410951
5/26/2020 18:00,2020,5,26,5/26/2020,19,22.423,101.812,1.22,745.0120505,0.91745008
5/26/2020 19:00,2020,5,26,5/26/2020,20,21.963,102.425,1.219,681.9458221,0.839786751
5/26/2020 20:00,2020,5,26,5/26/2020,21,23.196,98.46,1.246,618.8795736,0.762123397
5/26/2020 21:00,2020,5,26,5/26/2020,22,22.509,100.645,1.22,618.9112882,0.762162452
5/26/2020 22:00,2020,5,26,5/26/2020,23,21.243,101.312,1.217,618.9429827,0.762201482
5/26/2020 23:00,2020,5,26,5/26/2020,24,22.928,100.746,1.236,580.6651672,0.71506401
5/27/2020 0:00,2020,5,27,5/27/2020,1,23.042,98.962,1.24,542.3873314,0.667926513
5/27/2020 1:00,2020,5,27,5/27/2020,2,20.299,101.158,1.215,542.4189654,0.667965468
5/27/2020 2:00,2020,5,27,5/27/2020,3,19.379,101.593,1.213,542.4505791,0.668004399
5/27/2020 3:00,2020,5,27,5/27/2020,4,17.972,99.136,1.209,542.4821726,0.668043305
5/27/2020 4:00,2020,5,27,5/27/2020,5,16.019,99.288,1.17,542.5137458,0.668082186
5/27/2020 5:00,2020,5,27,5/27/2020,6,12.957,101.92,1.109,542.5452988,0.668121043
5/27/2020 6:00,2020,5,27,5/27/2020,7,13.338,99.496,1.117,542.5768315,0.668159874
5/27/2020 7:00,2020,5,27,5/27/2020,8,12.483,100.252,1.1,572.3099051,0.704774866
5/27/2020 8:00,2020,5,27,5/27/2020,9,11.499,100.834,1.08,644.0473091,0.793116373
5/27/2020 9:00,2020,5,27,5/27/2020,10,11.05,101.573,1.08,715.7846928,0.881457855
5/27/2020 10:00,2020,5,27,5/27/2020,11,11.4,98.451,1.08,745.5177055,0.918072772
5/27/2020 11:00,2020,5,27,5/27/2020,12,11.045,99.945,1.08,745.5491365,0.918111478
5/27/2020 12:00,2020,5,27,5/27/2020,13,12.663,100.753,1.103,745.5805471,0.918150159
5/27/2020 13:00,2020,5,27,5/27/2020,14,15.469,100.262,1.159,745.6119374,0.918188815
5/27/2020 14:00,2020,5,27,5/27/2020,15,15.292,99.397,1.156,745.6433072,0.918227445
5/27/2020 15:00,2020,5,27,5/27/2020,16,17.89,100.814,1.208,745.6746566,0.918266051
5/27/2020 16:00,2020,5,27,5/27/2020,17,18.549,99.09,1.211,745.7059856,0.918304631
5/27/2020 17:00,2020,5,27,5/27/2020,18,20.721,99.19,1.216,745.7372941,0.918343186
5/27/2020 18:00,2020,5,27,5/27/2020,19,21.947,99.262,1.219,745.7685821,0.918381716
5/27/2020 19:00,2020,5,27,5/27/2020,20,22.493,100.344,1.22,682.7018663,0.840717786
5/27/2020 20:00,2020,5,27,5/27/2020,21,23.307,100.306,1.25,619.63513,0.763053832
5/27/2020 21:00,2020,5,27,5/27/2020,22,23.375,99.89,1.253,619.6663565,0.763092286
5/27/2020 22:00,2020,5,27,5/27/2020,23,23.307,101.11,1.25,619.6975625,0.763130714
5/27/2020 23:00,2020,5,27,5/27/2020,24,20.569,100.206,1.216,581.419258,0.71599264
5/28/2020 0:00,2020,5,28,5/28/2020,1,23.455,100.251,1.256,543.140933,0.66885454
5/28/2020 1:00,2020,5,28,5/28/2020,2,19.505,98.82,1.213,543.1720772,0.668892893
5/28/2020 2:00,2020,5,28,5/28/2020,3,19.524,100.264,1.213,543.2032008,0.66893122
5/28/2020 3:00,2020,5,28,5/28/2020,4,16.063,99.983,1.171,543.2343038,0.668969522
5/28/2020 4:00,2020,5,28,5/28/2020,5,14.61,101.412,1.142,543.2653862,0.669007799
5/28/2020 5:00,2020,5,28,5/28/2020,6,14.425,101.146,1.139,543.2964479,0.66904605
5/28/2020 6:00,2020,5,28,5/28/2020,7,13.251,99.641,1.115,543.327489,0.669084276
5/28/2020 7:00,2020,5,28,5/28/2020,8,12.27,97.887,1.095,573.0600706,0.705698663
5/28/2020 8:00,2020,5,28,5/28/2020,9,10.79,98.442,1.08,644.7969822,0.794039563
5/28/2020 9:00,2020,5,28,5/28/2020,10,10.054,101.018,1.08,716.5338731,0.882380438
5/28/2020 10:00,2020,5,28,5/28/2020,11,11.577,99.701,1.082,746.2663926,0.918994748
5/28/2020 11:00,2020,5,28,5/28/2020,12,12.375,99.975,1.098,746.29733,0.919032846
5/28/2020 12:00,2020,5,28,5/28/2020,13,12.786,99.353,1.106,746.3282467,0.919070919
5/28/2020 13:00,2020,5,28,5/28/2020,14,13.666,100.588,1.123,746.3591426,0.919108966
5/28/2020 14:00,2020,5,28,5/28/2020,15,16.688,102.163,1.184,746.3900178,0.919146987
5/28/2020 15:00,2020,5,28,5/28/2020,16,16.78,101.993,1.186,746.4208721,0.919184983
5/28/2020 16:00,2020,5,28,5/28/2020,17,19.151,99.896,1.213,746.4517055,0.919222953
5/28/2020 17:00,2020,5,28,5/28/2020,18,21.922,98.987,1.219,746.4825182,0.919260897
5/28/2020 18:00,2020,5,28,5/28/2020,19,22.569,98.993,1.223,746.5133099,0.919298816
5/28/2020 19:00,2020,5,28,5/28/2020,20,23.392,98.837,1.254,683.4460975,0.841634275
5/28/2020 20:00,2020,5,28,5/28/2020,21,22.462,101.173,1.22,620.3788642,0.763969708
5/28/2020 21:00,2020,5,28,5/28/2020,22,24.774,100.704,1.306,620.4095933,0.76400755
5/28/2020 22:00,2020,5,28,5/28/2020,23,22.462,101.052,1.22,620.4403015,0.764045365
5/28/2020 23:00,2020,5,28,5/28/2020,24,22.37,99.939,1.22,582.1614988,0.716906677
5/29/2020 0:00,2020,5,29,5/29/2020,1,21.453,102.062,1.218,543.8826752,0.669767964
5/29/2020 1:00,2020,5,29,5/29/2020,2,19.311,100.405,1.213,543.9133205,0.669805702
5/29/2020 2:00,2020,5,29,5/29/2020,3,17.696,100.589,1.204,543.9439449,0.669843415
5/29/2020 3:00,2020,5,29,5/29/2020,4,18.551,100.571,1.211,543.9745482,0.669881101
5/29/2020 4:00,2020,5,29,5/29/2020,5,15.986,101.817,1.17,544.0051305,0.669918762
5/29/2020 5:00,2020,5,29,5/29/2020,6,14.886,98.038,1.148,544.0356917,0.669956397
5/29/2020 6:00,2020,5,29,5/29/2020,7,13.628,98.255,1.123,544.0662319,0.669994006
5/29/2020 7:00,2020,5,29,5/29/2020,8,13.531,100.624,1.121,573.7983123,0.706607775
5/29/2020 8:00,2020,5,29,5/29/2020,9,12.49,103.292,1.1,645.5347224,0.794948058
5/29/2020 9:00,2020,5,29,5/29/2020,10,10.97,103.266,1.08,717.2711113,0.883288315
5/29/2020 10:00,2020,5,29,5/29/2020,11,11.68,102.612,1.084,747.0031284,0.919902006
5/29/2020 11:00,2020,5,29,5/29/2020,12,12.637,100.84,1.103,747.0335631,0.919939485
5/29/2020 12:00,2020,5,29,5/29/2020,13,11.201,102.042,1.08,747.0639767,0.919976938
5/29/2020 13:00,2020,5,29,5/29/2020,14,13.208,102.247,1.114,747.0943691,0.920014365
5/29/2020 14:00,2020,5,29,5/29/2020,15,17.147,102.128,1.193,747.1247404,0.920051766
5/29/2020 15:00,2020,5,29,5/29/2020,16,17.56,100.838,1.201,747.1550904,0.920089141
5/29/2020 16:00,2020,5,29,5/29/2020,17,18.494,101.324,1.211,747.1854193,0.92012649
5/29/2020 17:00,2020,5,29,5/29/2020,18,20.05,101.98,1.215,747.2157269,0.920163812
5/29/2020 18:00,2020,5,29,5/29/2020,19,21.709,103.567,1.218,747.2460133,0.920201109
5/29/2020 19:00,2020,5,29,5/29/2020,20,21.954,101.639,1.219,684.1782951,0.842535945
5/29/2020 20:00,2020,5,29,5/29/2020,21,22.581,102.272,1.223,621.1105557,0.764870754
5/29/2020 21:00,2020,5,29,5/29/2020,22,23.243,99.96,1.248,621.1407783,0.764907972
5/29/2020 22:00,2020,5,29,5/29/2020,23,23.249,100.886,1.248,621.1709796,0.764945164
5/29/2020 23:00,2020,5,29,5/29/2020,24,22.333,100.969,1.22,582.8916697,0.717805851
5/30/2020 0:00,2020,5,30,5/30/2020,1,22.49,101.743,1.22,544.6123384,0.670666512
5/30/2020 1:00,2020,5,30,5/30/2020,2,20.576,99.531,1.216,544.6424757,0.670703625
5/30/2020 2:00,2020,5,30,5/30/2020,3,17.879,100.173,1.208,544.6725917,0.670740712
5/30/2020 3:00,2020,5,30,5/30/2020,4,16.24,100.782,1.175,544.7026862,0.670777772
5/30/2020 4:00,2020,5,30,5/30/2020,5,14.432,100.079,1.139,544.7327594,0.670814806
5/30/2020 5:00,2020,5,30,5/30/2020,6,14.033,99.366,1.131,544.7628111,0.670851813
5/30/2020 6:00,2020,5,30,5/30/2020,7,12.589,100.758,1.102,544.7928415,0.670888794
5/30/2020 7:00,2020,5,30,5/30/2020,8,13.05,99.459,1.111,574.5244116,0.707501935
5/30/2020 8:00,2020,5,30,5/30/2020,9,11.944,102.324,1.089,646.260311,0.795841589
5/30/2020 9:00,2020,5,30,5/30/2020,10,11.278,101.039,1.08,717.9961889,0.884181216
5/30/2020 10:00,2020,5,30,5/30/2020,11,12.518,103.711,1.1,747.7276946,0.920794278
5/30/2020 11:00,2020,5,30,5/30/2020,12,10.993,102.016,1.08,747.7576176,0.920831127
5/30/2020 12:00,2020,5,30,5/30/2020,13,13.379,103.297,1.118,747.7875191,0.92086795
5/30/2020 13:00,2020,5,30,5/30/2020,14,15.715,102.08,1.164,747.817399,0.920904745
5/30/2020 14:00,2020,5,30,5/30/2020,15,16.334,102.273,1.177,747.8472574,0.920941515
5/30/2020 15:00,2020,5,30,5/30/2020,16,16.507,100.466,1.18,747.8770942,0.920978257
5/30/2020 16:00,2020,5,30,5/30/2020,17,20.49,101.02,1.216,747.9069094,0.921014974
5/30/2020 17:00,2020,5,30,5/30/2020,18,19.976,102.491,1.214,747.9367031,0.921051663
5/30/2020 18:00,2020,5,30,5/30/2020,19,21.494,101.99,1.218,747.9664751,0.921088326
5/30/2020 19:00,2020,5,30,5/30/2020,20,22.571,101.105,1.223,684.8982422,0.843422528
5/30/2020 20:00,2020,5,30,5/30/2020,21,23.692,100.789,1.265,621.8299877,0.765756704
5/30/2020 21:00,2020,5,30,5/30/2020,22,23.593,98.453,1.261,621.8596948,0.765793287
5/30/2020 22:00,2020,5,30,5/30/2020,23,23.168,99.418,1.245,621.8893803,0.765829843
5/30/2020 23:00,2020,5,30,5/30/2020,24,22.087,100.452,1.219,583.6095542,0.718689895
5/31/2020 0:00,2020,5,31,5/31/2020,1,20.485,100.824,1.216,545.3297063,0.67154992
5/31/2020 1:00,2020,5,31,5/31/2020,2,20.22,100.19,1.215,545.3593267,0.671586396
5/31/2020 2:00,2020,5,31,5/31/2020,3,20.039,99.547,1.215,545.3889253,0.671622845
5/31/2020 3:00,2020,5,31,5/31/2020,4,17.536,99.45,1.201,545.4185022,0.671659268
5/31/2020 4:00,2020,5,31,5/31/2020,5,14.737,99.087,1.145,545.4480573,0.671695664
5/31/2020 5:00,2020,5,31,5/31/2020,6,14.051,100.024,1.131,545.4775907,0.671732033
5/31/2020 6:00,2020,5,31,5/31/2020,7,14.06,102.03,1.131,545.5071022,0.671768375
5/31/2020 7:00,2020,5,31,5/31/2020,8,12.661,99.16,1.103,575.2381532,0.708380877
5/31/2020 8:00,2020,5,31,5/31/2020,9,11.845,100.978,1.087,646.9735331,0.796719891
5/31/2020 9:00,2020,5,31,5/31/2020,10,11.13,102.567,1.08,718.7088911,0.885058878
5/31/2020 10:00,2020,5,31,5/31/2020,11,10.673,100.201,1.08,748.4398766,0.9216713
5/31/2020 11:00,2020,5,31,5/31/2020,12,12.658,101.304,1.103,748.4692789,0.921707507
5/31/2020 12:00,2020,5,31,5/31/2020,13,13.166,102.279,1.113,748.4986594,0.921743688
5/31/2020 13:00,2020,5,31,5/31/2020,14,13.98,104.277,1.13,748.528018,0.921779842
5/31/2020 14:00,2020,5,31,5/31/2020,15,15.386,102.673,1.158,748.5573547,0.921815969
5/31/2020 15:00,2020,5,31,5/31/2020,16,17.331,102.727,1.197,748.5866694,0.921852069
5/31/2020 16:00,2020,5,31,5/31/2020,17,18.66,101.671,1.211,748.6159622,0.921888141
5/31/2020 17:00,2020,5,31,5/31/2020,18,19.891,102.87,1.214,748.645233,0.921924187
5/31/2020 18:00,2020,5,31,5/31/2020,19,20.515,102.882,1.216,748.6744819,0.921960206
5/31/2020 19:00,2020,5,31,5/31/2020,20,25.146,101.983,1.32,685.6057254,0.844293763
5/31/2020 20:00,2020,5,31,5/31/2020,21,21.823,100.556,1.218,622.536947,0.766627294
5/31/2020 21:00,2020,5,31,5/31/2020,22,24.342,99.11,1.29,622.5661299,0.766663231
5/31/2020 22:00,2020,5,31,5/31/2020,23,24.432,100.275,1.293,622.5952907,0.766699141
5/31/2020 23:00,2020,5,31,5/31/2020,24,23.006,99.695,1.239,584.3149396,0.719558546
6/1/2020 0:00,2020,6,1,6/1/2020,1,25.131,100.34,1.319,570.1989322,0.702175295
6/1/2020 1:00,2020,6,1,6/1/2020,2,22.691,100.593,1.227,570.2280268,0.702211123
6/1/2020 2:00,2020,6,1,6/1/2020,3,20.828,99.197,1.216,570.2570994,0.702246925
6/1/2020 3:00,2020,6,1,6/1/2020,4,18.627,99.708,1.211,570.2861498,0.702282699
6/1/2020 4:00,2020,6,1,6/1/2020,5,17.64,101.745,1.203,570.3151781,0.702318446
6/1/2020 5:00,2020,6,1,6/1/2020,6,16.035,98.992,1.171,570.3441843,0.702354166
6/1/2020 6:00,2020,6,1,6/1/2020,7,15.441,99.49,1.159,570.3731683,0.702389859
6/1/2020 7:00,2020,6,1,6/1/2020,8,14.14,99.502,1.133,602.9990646,0.742567237
6/1/2020 8:00,2020,6,1,6/1/2020,9,14.741,101.773,1.145,681.7239654,0.839513544
6/1/2020 9:00,2020,6,1,6/1/2020,10,13.716,102.885,1.124,760.448844,0.936459823
6/1/2020 10:00,2020,6,1,6/1/2020,11,13.414,99.295,1.118,793.0746737,0.976637119
6/1/2020 11:00,2020,6,1,6/1/2020,12,12.653,102.582,1.103,793.1035467,0.976672675
6/1/2020 12:00,2020,6,1,6/1/2020,13,15.303,102.276,1.156,793.1323975,0.976708204
6/1/2020 13:00,2020,6,1,6/1/2020,14,16.591,102.38,1.182,793.1612261,0.976743705
6/1/2020 14:00,2020,6,1,6/1/2020,15,17.231,102.427,1.195,793.1900323,0.976779179
6/1/2020 15:00,2020,6,1,6/1/2020,16,18.354,103.213,1.211,793.2188163,0.976814625
6/1/2020 16:00,2020,6,1,6/1/2020,17,20.682,102.276,1.216,793.247578,0.976850044
6/1/2020 17:00,2020,6,1,6/1/2020,18,23.911,102.283,1.273,793.2763173,0.976885435
6/1/2020 18:00,2020,6,1,6/1/2020,19,24.031,101.451,1.278,793.3050343,0.976920799
6/1/2020 19:00,2020,6,1,6/1/2020,20,25.142,102.024,1.32,724.0848162,0.891679097
6/1/2020 20:00,2020,6,1,6/1/2020,21,24.134,100.864,1.282,654.8645757,0.806437368
6/1/2020 21:00,2020,6,1,6/1/2020,22,26.106,99.671,1.356,654.8932257,0.80647265
6/1/2020 22:00,2020,6,1,6/1/2020,23,26.743,100.736,1.38,654.9218532,0.806507903
6/1/2020 23:00,2020,6,1,6/1/2020,24,26.175,100.48,1.359,612.9064756,0.754767785
6/2/2020 0:00,2020,6,2,6/2/2020,1,24.921,99.024,1.311,570.8910756,0.703027639
6/2/2020 1:00,2020,6,2,6/2/2020,2,23.118,100.334,1.243,570.9196359,0.70306281
6/2/2020 2:00,2020,6,2,6/2/2020,3,21.392,99.104,1.218,570.9481737,0.703097953
6/2/2020 3:00,2020,6,2,6/2/2020,4,18.371,99.048,1.211,570.9766891,0.703133069
6/2/2020 4:00,2020,6,2,6/2/2020,5,18.402,99.809,1.211,571.005182,0.703168156
6/2/2020 5:00,2020,6,2,6/2/2020,6,17.888,99.975,1.208,571.0336524,0.703203216
6/2/2020 6:00,2020,6,2,6/2/2020,7,15.452,98.849,1.159,571.0621003,0.703238249
6/2/2020 7:00,2020,6,2,6/2/2020,8,14.397,98.569,1.138,603.6874601,0.743414967
6/2/2020 8:00,2020,6,2,6/2/2020,9,13.36,100.603,1.117,682.4118241,0.840360612
6/2/2020 9:00,2020,6,2,6/2/2020,10,14.148,102.935,1.133,761.1361655,0.93730623
6/2/2020 10:00,2020,6,2,6/2/2020,11,13.597,102.361,1.122,793.7614577,0.977482864
6/2/2020 11:00,2020,6,2,6/2/2020,12,14.528,103.081,1.141,793.7897928,0.977517758
6/2/2020 12:00,2020,6,2,6/2/2020,13,15.595,101.557,1.162,793.8181054,0.977552623
6/2/2020 13:00,2020,6,2,6/2/2020,14,15.5,102.14,1.16,793.8463953,0.977587461
6/2/2020 14:00,2020,6,2,6/2/2020,15,18.678,103.189,1.212,793.8746626,0.977622271
6/2/2020 15:00,2020,6,2,6/2/2020,16,19.256,101.381,1.213,793.9029073,0.977657053
6/2/2020 16:00,2020,6,2,6/2/2020,17,20.168,101.591,1.215,793.9311293,0.977691807
6/2/2020 17:00,2020,6,2,6/2/2020,18,22.576,104.111,1.223,793.9593287,0.977726534
6/2/2020 18:00,2020,6,2,6/2/2020,19,24.345,101.592,1.29,793.9875053,0.977761232
6/2/2020 19:00,2020,6,2,6/2/2020,20,24.381,103.034,1.291,724.7667465,0.892518865
6/2/2020 20:00,2020,6,2,6/2/2020,21,26.969,100.74,1.389,655.545965,0.80727647
6/2/2020 21:00,2020,6,2,6/2/2020,22,26.105,100.104,1.356,655.5740735,0.807311084
6/2/2020 22:00,2020,6,2,6/2/2020,23,25.34,100.168,1.327,655.6021593,0.807345671
6/2/2020 23:00,2020,6,2,6/2/2020,24,24.181,100.161,1.284,613.5862396,0.755604885
6/3/2020 0:00,2020,6,3,6/3/2020,1,23.894,100.433,1.273,571.5702971,0.703864071
6/3/2020 1:00,2020,6,3,6/3/2020,2,23.681,99.36,1.265,571.5983146,0.703898573
6/3/2020 2:00,2020,6,3,6/3/2020,3,21.106,100.341,1.217,571.6263093,0.703933048
6/3/2020 3:00,2020,6,3,6/3/2020,4,20.015,100.364,1.214,571.6542812,0.703967494
6/3/2020 4:00,2020,6,3,6/3/2020,5,17.706,100.19,1.204,571.6822302,0.704001912
6/3/2020 5:00,2020,6,3,6/3/2020,6,15.179,98.771,1.154,571.7101564,0.704036302
6/3/2020 6:00,2020,6,3,6/3/2020,7,14.587,99.331,1.142,571.7380598,0.704070664
6/3/2020 7:00,2020,6,3,6/3/2020,8,13.767,99.619,1.125,604.3628747,0.74424671
6/3/2020 8:00,2020,6,3,6/3/2020,9,15.314,99.603,1.156,683.0866934,0.841191684
6/3/2020 9:00,2020,6,3,6/3/2020,10,14.675,100.102,1.144,761.8104893,0.93813663
6/3/2020 10:00,2020,6,3,6/3/2020,11,13.928,98.91,1.129,794.4352355,0.978312592
6/3/2020 11:00,2020,6,3,6/3/2020,12,13.329,100.491,1.117,794.4630244,0.978346813
6/3/2020 12:00,2020,6,3,6/3/2020,13,13.305,99.808,1.116,794.4907903,0.978381006
6/3/2020 13:00,2020,6,3,6/3/2020,14,15.748,100.722,1.165,794.5185332,0.97841517
6/3/2020 14:00,2020,6,3,6/3/2020,15,17.767,99.347,1.205,794.5462532,0.978449306
6/3/2020 15:00,2020,6,3,6/3/2020,16,21.352,101.092,1.217,794.5739502,0.978483414
6/3/2020 16:00,2020,6,3,6/3/2020,17,20.443,98.879,1.215,794.6016243,0.978517493
6/3/2020 17:00,2020,6,3,6/3/2020,18,22.321,100.621,1.22,794.6292753,0.978551544
6/3/2020 18:00,2020,6,3,6/3/2020,19,23.933,100.212,1.274,794.6569032,0.978585567
6/3/2020 19:00,2020,6,3,6/3/2020,20,24.867,100.735,1.309,725.4355954,0.893342523
6/3/2020 20:00,2020,6,3,6/3/2020,21,27.165,100.707,1.393,656.2142644,0.808099452
6/3/2020 21:00,2020,6,3,6/3/2020,22,25.802,99.562,1.345,656.2418232,0.808133389
6/3/2020 22:00,2020,6,3,6/3/2020,23,26.246,99.823,1.362,656.269359,0.808167298
6/3/2020 23:00,2020,6,3,6/3/2020,24,26.333,100.844,1.365,614.2528888,0.756425835
6/4/2020 0:00,2020,6,4,6/4/2020,1,24.318,99.439,1.289,572.2363956,0.704684343
6/4/2020 1:00,2020,6,4,6/4/2020,2,22.594,99.727,1.224,572.2638619,0.704718166
6/4/2020 2:00,2020,6,4,6/4/2020,3,22.431,101.302,1.22,572.2913052,0.704751961
6/4/2020 3:00,2020,6,4,6/4/2020,4,19.416,99.674,1.213,572.3187253,0.704785728
6/4/2020 4:00,2020,6,4,6/4/2020,5,17.505,99.722,1.2,572.3461222,0.704819466
6/4/2020 5:00,2020,6,4,6/4/2020,6,15.992,100.169,1.17,572.3734959,0.704853176
6/4/2020 6:00,2020,6,4,6/4/2020,7,15.372,100.699,1.157,572.4008465,0.704886857
6/4/2020 7:00,2020,6,4,6/4/2020,8,15.234,99.29,1.155,605.0251082,0.745062222
6/4/2020 8:00,2020,6,4,6/4/2020,9,13.174,102.438,1.113,683.7483735,0.842006515
6/4/2020 9:00,2020,6,4,6/4/2020,10,13.274,97.817,1.115,762.4716155,0.938950778
6/4/2020 10:00,2020,6,4,6/4/2020,11,14.331,99.992,1.137,795.0958075,0.979126058
6/4/2020 11:00,2020,6,4,6/4/2020,12,13.88,99.453,1.128,795.1230419,0.979159596
6/4/2020 12:00,2020,6,4,6/4/2020,13,16.273,100.233,1.175,795.1502529,0.979193105
6/4/2020 13:00,2020,6,4,6/4/2020,14,17.194,101.151,1.194,795.1774407,0.979226586
6/4/2020 14:00,2020,6,4,6/4/2020,15,18.683,99.126,1.212,795.2046052,0.979260038
6/4/2020 15:00,2020,6,4,6/4/2020,16,19.739,100.71,1.214,795.2317463,0.979293461
6/4/2020 16:00,2020,6,4,6/4/2020,17,20.77,100.199,1.216,795.2588641,0.979326855
6/4/2020 17:00,2020,6,4,6/4/2020,18,22.965,99.36,1.238,795.2859585,0.979360221
6/4/2020 18:00,2020,6,4,6/4/2020,19,23.666,99.891,1.264,795.3130296,0.979393558
6/4/2020 19:00,2020,6,4,6/4/2020,20,25.277,100.11,1.325,726.0911645,0.894149828
6/4/2020 20:00,2020,6,4,6/4/2020,21,25.709,98.757,1.341,656.869276,0.80890607
6/4/2020 21:00,2020,6,4,6/4/2020,22,27.248,99.939,1.395,656.896277,0.808939321
6/4/2020 22:00,2020,6,4,6/4/2020,23,26.19,100.513,1.359,656.9232544,0.808972542
6/4/2020 23:00,2020,6,4,6/4/2020,24,27.008,98.611,1.39,614.9062257,0.757230391
6/5/2020 0:00,2020,6,5,6/5/2020,1,23.884,98.851,1.272,572.8891736,0.70548821
6/5/2020 1:00,2020,6,5,6/5/2020,2,23.209,101.24,1.247,572.9160807,0.705521345
6/5/2020 2:00,2020,6,5,6/5/2020,3,21.3,99.785,1.217,572.9429644,0.705554451
6/5/2020 3:00,2020,6,5,6/5/2020,4,19.895,98.04,1.214,572.9698245,0.705587529
6/5/2020 4:00,2020,6,5,6/5/2020,5,17.72,100.62,1.204,572.9966612,0.705620577
6/5/2020 5:00,2020,6,5,6/5/2020,6,18.417,99.611,1.211,573.0234744,0.705653596
6/5/2020 6:00,2020,6,5,6/5/2020,7,14.783,101.329,1.146,573.050264,0.705686586
6/5/2020 7:00,2020,6,5,6/5/2020,8,12.954,99.742,1.109,605.6739645,0.745861261
6/5/2020 8:00,2020,6,5,6/5/2020,9,14.193,104.298,1.134,684.3966681,0.842804862
6/5/2020 9:00,2020,6,5,6/5/2020,10,13.704,102.009,1.124,763.1193482,0.939748433
6/5/2020 10:00,2020,6,5,6/5/2020,11,14.95,102.862,1.149,795.742978,0.979923021
6/5/2020 11:00,2020,6,5,6/5/2020,12,13.943,102.167,1.129,795.7696498,0.979955866
6/5/2020 12:00,2020,6,5,6/5/2020,13,16.579,101.067,1.182,795.7962979,0.979988682
6/5/2020 13:00,2020,6,5,6/5/2020,14,17.787,100.018,1.206,795.8229224,0.980021469
6/5/2020 14:00,2020,6,5,6/5/2020,15,17.439,101.182,1.199,795.8495233,0.980054227
6/5/2020 15:00,2020,6,5,6/5/2020,16,19.58,101.92,1.214,795.8761005,0.980086955
6/5/2020 16:00,2020,6,5,6/5/2020,17,21.15,100.932,1.217,795.9026541,0.980119655
6/5/2020 17:00,2020,6,5,6/5/2020,18,25.167,102.456,1.321,795.9291839,0.980152325
6/5/2020 18:00,2020,6,5,6/5/2020,19,25.33,101.537,1.327,795.9556901,0.980184966
6/5/2020 19:00,2020,6,5,6/5/2020,20,25.1,99.771,1.318,726.7332598,0.894940541
6/5/2020 20:00,2020,6,5,6/5/2020,21,26.152,100.846,1.358,657.5108057,0.809696086
6/5/2020 21:00,2020,6,5,6/5/2020,22,26.546,100.627,1.373,657.5372407,0.80972864
6/5/2020 22:00,2020,6,5,6/5/2020,23,26.079,100.552,1.355,657.563652,0.809761164
6/5/2020 23:00,2020,6,5,6/5/2020,24,23.889,100.558,1.272,615.5460567,0.758018315
6/6/2020 0:00,2020,6,6,6/6/2020,1,23.607,100.113,1.262,573.5284377,0.706275436
6/6/2020 1:00,2020,6,6,6/6/2020,2,21.321,99.875,1.217,573.5547776,0.706307873
6/6/2020 2:00,2020,6,6,6/6/2020,3,20.111,99.9,1.215,573.5810937,0.70634028
6/6/2020 3:00,2020,6,6,6/6/2020,4,20.445,98.596,1.215,573.607386,0.706372658
6/6/2020 4:00,2020,6,6,6/6/2020,5,17.766,99.823,1.205,573.6336545,0.706405006
6/6/2020 5:00,2020,6,6,6/6/2020,6,16.463,100.238,1.179,573.6598991,0.706437325
6/6/2020 6:00,2020,6,6,6/6/2020,7,16.307,101.144,1.176,573.6861198,0.706469615
6/6/2020 7:00,2020,6,6,6/6/2020,8,14.212,100.432,1.134,606.3092511,0.746643589
6/6/2020 8:00,2020,6,6,6/6/2020,9,14.827,104.06,1.147,685.0313853,0.843586488
6/6/2020 9:00,2020,6,6,6/6/2020,10,13.335,100.94,1.117,763.7534956,0.940529358
6/6/2020 10:00,2020,6,6,6/6/2020,11,13.97,99.15,1.129,796.3765552,0.980703244
6/6/2020 11:00,2020,6,6,6/6/2020,12,13.439,100.832,1.119,796.4026564,0.980735386
6/6/2020 12:00,2020,6,6,6/6/2020,13,14.66,104.172,1.143,796.4287338,0.980767499
6/6/2020 13:00,2020,6,6,6/6/2020,14,17.347,102.156,1.197,796.4547872,0.980799583
6/6/2020 14:00,2020,6,6,6/6/2020,15,18.288,101.903,1.211,796.4808166,0.980831637
6/6/2020 15:00,2020,6,6,6/6/2020,16,20.454,101.238,1.215,796.506822,0.980863661
6/6/2020 16:00,2020,6,6,6/6/2020,17,22.46,101.22,1.22,796.5328034,0.980895656
6/6/2020 17:00,2020,6,6,6/6/2020,18,23.959,101.327,1.275,796.5587609,0.980927622
6/6/2020 18:00,2020,6,6,6/6/2020,19,24.176,102.029,1.283,796.5846943,0.980959558
6/6/2020 19:00,2020,6,6,6/6/2020,20,26.403,101.582,1.367,727.3616908,0.895714427
6/6/2020 20:00,2020,6,6,6/6/2020,21,26.886,99.146,1.386,658.1386634,0.810469266
6/6/2020 21:00,2020,6,6,6/6/2020,22,25.98,99.736,1.351,658.1645247,0.810501113
6/6/2020 22:00,2020,6,6,6/6/2020,23,24.859,98.879,1.309,658.1903618,0.81053293
6/6/2020 23:00,2020,6,6,6/6/2020,24,24.794,101.148,1.307,616.1721922,0.758789374
6/7/2020 0:00,2020,6,7,6/7/2020,1,25.013,99.228,1.315,574.1539984,0.707045787
6/7/2020 1:00,2020,6,7,6/7/2020,2,23.131,102.216,1.244,574.1797633,0.707077516
6/7/2020 2:00,2020,6,7,6/7/2020,3,20.684,100.567,1.216,574.2055041,0.707109214
6/7/2020 3:00,2020,6,7,6/7/2020,4,20.65,99.341,1.216,574.2312207,0.707140883
6/7/2020 4:00,2020,6,7,6/7/2020,5,18.261,99.498,1.211,574.2569132,0.707172523
6/7/2020 5:00,2020,6,7,6/7/2020,6,16.561,99.295,1.181,574.2825815,0.707204132
6/7/2020 6:00,2020,6,7,6/7/2020,7,15.853,98.83,1.167,574.3082257,0.707235712
6/7/2020 7:00,2020,6,7,6/7/2020,8,13.815,98.526,1.126,606.93078,0.747408975
6/7/2020 8:00,2020,6,7,6/7/2020,9,13.44,101.497,1.119,685.6523369,0.844351163
6/7/2020 9:00,2020,6,7,6/7/2020,10,13.217,101.604,1.114,764.3738696,0.941293322
6/7/2020 10:00,2020,6,7,6/7/2020,11,14.123,103.703,1.132,796.9963513,0.981466496
6/7/2020 11:00,2020,6,7,6/7/2020,12,14.6,103.637,1.142,797.0218743,0.981497926
6/7/2020 12:00,2020,6,7,6/7/2020,13,13.961,101.912,1.129,797.0473731,0.981529327
6/7/2020 13:00,2020,6,7,6/7/2020,14,16.948,103.623,1.189,797.0728476,0.981560698
6/7/2020 14:00,2020,6,7,6/7/2020,15,18.748,101.718,1.212,797.0982979,0.981592038
6/7/2020 15:00,2020,6,7,6/7/2020,16,19.206,102.717,1.213,797.1237238,0.981623349
6/7/2020 16:00,2020,6,7,6/7/2020,17,22.864,102.692,1.234,797.1491254,0.98165463
6/7/2020 17:00,2020,6,7,6/7/2020,18,22.659,101.917,1.226,797.1745027,0.981685881
6/7/2020 18:00,2020,6,7,6/7/2020,19,24.01,102.044,1.277,797.1998557,0.981717102
6/7/2020 19:00,2020,6,7,6/7/2020,20,24.492,102.065,1.295,727.9762715,0.896471256
6/7/2020 20:00,2020,6,7,6/7/2020,21,25.546,100.033,1.335,658.752663,0.81122538
6/7/2020 21:00,2020,6,7,6/7/2020,22,26.811,98.001,1.383,658.7779428,0.811256511
6/7/2020 22:00,2020,6,7,6/7/2020,23,25.973,98.492,1.351,658.8031983,0.811287612
6/7/2020 23:00,2020,6,7,6/7/2020,24,22.978,100.166,1.238,616.7844466,0.759543338
6/8/2020 0:00,2020,6,8,6/8/2020,1,24.108,99.449,1.281,574.7656705,0.707799035
6/8/2020 1:00,2020,6,8,6/8/2020,2,22.094,99.886,1.219,574.7908528,0.707830046
6/8/2020 2:00,2020,6,8,6/8/2020,3,21.93,101.008,1.219,574.8160106,0.707861027
6/8/2020 3:00,2020,6,8,6/8/2020,4,20.6,98.952,1.216,574.8411439,0.707891977
6/8/2020 4:00,2020,6,8,6/8/2020,5,18.073,101.237,1.21,574.8662528,0.707922898
6/8/2020 5:00,2020,6,8,6/8/2020,6,16.895,99.972,1.188,574.8913372,0.707953788
6/8/2020 6:00,2020,6,8,6/8/2020,7,13.769,98.889,1.125,574.9163971,0.707984648
6/8/2020 7:00,2020,6,8,6/8/2020,8,14.468,99.959,1.139,607.5383669,0.748157192
6/8/2020 8:00,2020,6,8,6/8/2020,9,13.019,102.906,1.11,686.259339,0.84509866
6/8/2020 9:00,2020,6,8,6/8/2020,10,14.296,101.822,1.136,764.9802865,0.942040098
6/8/2020 10:00,2020,6,8,6/8/2020,11,14.178,100.257,1.134,797.6021827,0.982212551
6/8/2020 11:00,2020,6,8,6/8/2020,12,14.21,100.839,1.134,797.62712,0.98224326
6/8/2020 12:00,2020,6,8,6/8/2020,13,15.676,101.966,1.164,797.6520326,0.982273939
6/8/2020 13:00,2020,6,8,6/8/2020,14,16.857,102.717,1.187,797.6769208,0.982304587
6/8/2020 14:00,2020,6,8,6/8/2020,15,17.747,104.224,1.205,797.7017843,0.982335206
6/8/2020 15:00,2020,6,8,6/8/2020,16,19.173,101.793,1.213,797.7266232,0.982365794
6/8/2020 16:00,2020,6,8,6/8/2020,17,22.674,103.319,1.227,797.7514374,0.982396351
6/8/2020 17:00,2020,6,8,6/8/2020,18,22.01,100.3,1.219,797.7762271,0.982426879
6/8/2020 18:00,2020,6,8,6/8/2020,19,25.279,102.807,1.325,797.8009921,0.982457376
6/8/2020 19:00,2020,6,8,6/8/2020,20,25.175,102.769,1.321,728.5768196,0.897210805
6/8/2020 20:00,2020,6,8,6/8/2020,21,26.06,98.881,1.355,659.3526225,0.811964204
6/8/2020 21:00,2020,6,8,6/8/2020,22,25.897,99.963,1.348,659.3773135,0.81199461
6/8/2020 22:00,2020,6,8,6/8/2020,23,25.378,99.383,1.329,659.4019798,0.812024985
6/8/2020 23:00,2020,6,8,6/8/2020,24,25.932,99.488,1.35,617.3826386,0.760279986
6/9/2020 0:00,2020,6,9,6/9/2020,1,25.086,100.389,1.318,575.3632727,0.708534956
6/9/2020 1:00,2020,6,9,6/9/2020,2,23.032,100.802,1.24,575.3878648,0.70856524
6/9/2020 2:00,2020,6,9,6/9/2020,3,21.245,99.251,1.217,575.4124322,0.708595494
6/9/2020 3:00,2020,6,9,6/9/2020,4,18.738,99.21,1.212,575.4369748,0.708625717
6/9/2020 4:00,2020,6,9,6/9/2020,5,16.738,98.863,1.185,575.4614926,0.70865591
6/9/2020 5:00,2020,6,9,6/9/2020,6,16.227,101.088,1.175,575.4859857,0.708686072
6/9/2020 6:00,2020,6,9,6/9/2020,7,16.212,99.984,1.174,575.5104539,0.708716204
6/9/2020 7:00,2020,6,9,6/9/2020,8,16.486,101.116,1.18,608.1318318,0.748888018
6/9/2020 8:00,2020,6,9,6/9/2020,9,13.446,101.708,1.119,686.8522116,0.845828757
6/9/2020 9:00,2020,6,9,6/9/2020,10,12.978,103.43,1.11,765.5725665,0.942769465
6/9/2020 10:00,2020,6,9,6/9/2020,11,11.632,101.278,1.083,798.1938699,0.982941188
6/9/2020 11:00,2020,6,9,6/9/2020,12,14.055,103.693,1.131,798.218214,0.982971167
6/9/2020 12:00,2020,6,9,6/9/2020,13,16.234,102.929,1.175,798.2425332,0.983001115
6/9/2020 13:00,2020,6,9,6/9/2020,14,15.793,101.794,1.166,798.2668275,0.983031032
6/9/2020 14:00,2020,6,9,6/9/2020,15,16.697,103.269,1.184,798.2910969,0.983060919
6/9/2020 15:00,2020,6,9,6/9/2020,16,20.522,101.652,1.216,798.3153414,0.983090775
6/9/2020 16:00,2020,6,9,6/9/2020,17,20.506,103.298,1.216,798.339561,0.9831206
6/9/2020 17:00,2020,6,9,6/9/2020,18,22.848,103.494,1.233,798.3637556,0.983150395
6/9/2020 18:00,2020,6,9,6/9/2020,19,24.53,102.362,1.297,798.3879253,0.983180159
6/9/2020 19:00,2020,6,9,6/9/2020,20,24.645,100.325,1.301,729.1631573,0.897932854
6/9/2020 20:00,2020,6,9,6/9/2020,21,25.897,100.311,1.348,659.9383643,0.812685519
6/9/2020 21:00,2020,6,9,6/9/2020,22,24.964,100.452,1.313,659.962459,0.812715191
6/9/2020 22:00,2020,6,9,6/9/2020,23,24.648,99.37,1.301,659.9865288,0.812744832
6/9/2020 23:00,2020,6,9,6/9/2020,24,26.583,99.728,1.374,617.9665908,0.760999098
6/10/2020 0:00,2020,6,10,6/10/2020,1,25.177,98.748,1.321,575.9466278,0.709253333
6/10/2020 1:00,2020,6,10,6/10/2020,2,23.212,100.125,1.247,575.9706225,0.709282881
6/10/2020 2:00,2020,6,10,6/10/2020,3,21.37,101.243,1.217,575.9945922,0.709312399
6/10/2020 3:00,2020,6,10,6/10/2020,4,19.205,97.486,1.213,576.0185368,0.709341886
6/10/2020 4:00,2020,6,10,6/10/2020,5,18.34,99.927,1.211,576.0424563,0.709371342
6/10/2020 5:00,2020,6,10,6/10/2020,6,16.518,100.825,1.18,576.0663508,0.709400767
6/10/2020 6:00,2020,6,10,6/10/2020,7,15.23,100.189,1.155,576.0902201,0.709430161
6/10/2020 7:00,2020,6,10,6/10/2020,8,13.912,100.392,1.128,608.7109988,0.749601237
6/10/2020 8:00,2020,6,10,6/10/2020,9,12.868,101.573,1.107,687.4307791,0.846541238
6/10/2020 9:00,2020,6,10,6/10/2020,10,13.36,99.669,1.117,766.1505342,0.943481208
6/10/2020 10:00,2020,6,10,6/10/2020,11,13.267,99.086,1.115,798.7712375,0.983652191
6/10/2020 11:00,2020,6,10,6/10/2020,12,13.423,100.041,1.118,798.7949812,0.98368143
6/10/2020 12:00,2020,6,10,6/10/2020,13,15.382,99.317,1.158,798.8186997,0.983710639
6/10/2020 13:00,2020,6,10,6/10/2020,14,16.533,100.103,1.181,798.842393,0.983739816
6/10/2020 14:00,2020,6,10,6/10/2020,15,16.467,100.647,1.179,798.8660612,0.983768962
6/10/2020 15:00,2020,6,10,6/10/2020,16,19.643,100.099,1.214,798.8897041,0.983798078
6/10/2020 16:00,2020,6,10,6/10/2020,17,23.231,100.657,1.248,798.9133218,0.983827162
6/10/2020 17:00,2020,6,10,6/10/2020,18,21.538,98.304,1.218,798.9369143,0.983856215
6/10/2020 18:00,2020,6,10,6/10/2020,19,23.734,100.26,1.267,798.9604815,0.983885237
6/10/2020 19:00,2020,6,10,6/10/2020,20,24.17,100.701,1.283,729.7351107,0.89863719
6/10/2020 20:00,2020,6,10,6/10/2020,21,26.551,100.61,1.373,660.5097146,0.813389113
6/10/2020 21:00,2020,6,10,6/10/2020,22,25.886,101.946,1.348,660.5332061,0.813418041
6/10/2020 22:00,2020,6,10,6/10/2020,23,25.961,98.649,1.351,660.5566722,0.813446939
6/10/2020 23:00,2020,6,10,6/10/2020,24,24.739,99.516,1.305,618.5361303,0.761700461
6/11/2020 0:00,2020,6,11,6/11/2020,1,23.437,98.368,1.255,576.5155631,0.709953952
6/11/2020 1:00,2020,6,11,6/11/2020,2,22.286,101.236,1.22,576.5389533,0.709982756
6/11/2020 2:00,2020,6,11,6/11/2020,3,21.119,100.944,1.217,576.5623181,0.710011529
6/11/2020 3:00,2020,6,11,6/11/2020,4,20.591,100.743,1.216,576.5856576,0.71004027
6/11/2020 4:00,2020,6,11,6/11/2020,5,16.634,101.218,1.183,576.6089718,0.710068981
6/11/2020 5:00,2020,6,11,6/11/2020,6,16.866,102.037,1.187,576.6322605,0.71009766
6/11/2020 6:00,2020,6,11,6/11/2020,7,16.472,103.323,1.179,576.6555239,0.710126308
6/11/2020 7:00,2020,6,11,6/11/2020,8,15.405,99.943,1.158,609.2756963,0.750296638
6/11/2020 8:00,2020,6,11,6/11/2020,9,13.766,99.963,1.125,687.99487,0.847235891
6/11/2020 9:00,2020,6,11,6/11/2020,10,12.661,99.243,1.103,766.7140183,0.944175114
6/11/2020 10:00,2020,6,11,6/11/2020,11,14.314,99.642,1.136,799.3341144,0.98434535
6/11/2020 11:00,2020,6,11,6/11/2020,12,15.707,100.256,1.164,799.3572507,0.984373841
6/11/2020 12:00,2020,6,11,6/11/2020,13,16.039,99.262,1.171,799.3803615,0.984402301
6/11/2020 13:00,2020,6,11,6/11/2020,14,15.483,99.939,1.16,799.4034468,0.98443073
6/11/2020 14:00,2020,6,11,6/11/2020,15,17.556,100.737,1.201,799.4265067,0.984459127
6/11/2020 15:00,2020,6,11,6/11/2020,16,19.229,101.203,1.213,799.449541,0.984487493
6/11/2020 16:00,2020,6,11,6/11/2020,17,22.381,99.458,1.22,799.4725499,0.984515827
6/11/2020 17:00,2020,6,11,6/11/2020,18,21.886,99.626,1.219,799.4955332,0.98454413
6/11/2020 18:00,2020,6,11,6/11/2020,19,25.934,101.542,1.35,799.518491,0.984572401
6/11/2020 19:00,2020,6,11,6/11/2020,20,26.55,99.834,1.373,730.2925105,0.899323604
6/11/2020 20:00,2020,6,11,6/11/2020,21,25.4,99.288,1.33,661.0665044,0.814074775
6/11/2020 21:00,2020,6,11,6/11/2020,22,25.669,99.912,1.34,661.0893855,0.814102952
6/11/2020 22:00,2020,6,11,6/11/2020,23,25.932,99.215,1.35,661.112241,0.814131098
6/11/2020 23:00,2020,6,11,6/11/2020,24,24.571,99.414,1.298,619.0910882,0.762383868
6/12/2020 0:00,2020,6,12,6/12/2020,1,24.949,101.328,1.313,577.0699098,0.710636606
6/12/2020 1:00,2020,6,12,6/12/2020,2,23.283,99.672,1.25,577.0926886,0.710664657
6/12/2020 2:00,2020,6,12,6/12/2020,3,21.812,98.64,1.218,577.1154417,0.710692677
6/12/2020 3:00,2020,6,12,6/12/2020,4,21.575,99.519,1.218,577.1381692,0.710720665
6/12/2020 4:00,2020,6,12,6/12/2020,5,18.819,100.387,1.212,577.160871,0.710748621
6/12/2020 5:00,2020,6,12,6/12/2020,6,15.411,100.197,1.158,577.1835472,0.710776546
6/12/2020 6:00,2020,6,12,6/12/2020,7,15.496,101.206,1.16,577.2061977,0.710804439
6/12/2020 7:00,2020,6,12,6/12/2020,8,15.67,100.179,1.163,609.825757,0.750974013
6/12/2020 8:00,2020,6,12,6/12/2020,9,13.086,102.448,1.112,688.5443173,0.847912512
6/12/2020 9:00,2020,6,12,6/12/2020,10,12.979,102.974,1.11,767.2628518,0.944850979
6/12/2020 10:00,2020,6,12,6/12/2020,11,13.199,102.45,1.114,799.882334,0.985020458
6/12/2020 11:00,2020,6,12,6/12/2020,12,13.771,103.073,1.125,799.9048559,0.985048193
6/12/2020 12:00,2020,6,12,6/12/2020,13,15.928,101.342,1.169,799.9273522,0.985075896
6/12/2020 13:00,2020,6,12,6/12/2020,14,16.486,101.621,1.18,799.9498227,0.985103568
6/12/2020 14:00,2020,6,12,6/12/2020,15,17.18,101.881,1.194,799.9722674,0.985131207
6/12/2020 15:00,2020,6,12,6/12/2020,16,19.233,100.889,1.213,799.9946863,0.985158815
6/12/2020 16:00,2020,6,12,6/12/2020,17,21.099,103.712,1.217,800.0170795,0.985186392
6/12/2020 17:00,2020,6,12,6/12/2020,18,22.104,101.994,1.219,800.0394468,0.985213936
6/12/2020 18:00,2020,6,12,6/12/2020,19,24.869,102.076,1.31,800.0617884,0.985241449
6/12/2020 19:00,2020,6,12,6/12/2020,20,24.49,104.112,1.295,730.8351913,0.899991892
6/12/2020 20:00,2020,6,12,6/12/2020,21,26.744,99.641,1.38,661.6085684,0.814742303
6/12/2020 21:00,2020,6,12,6/12/2020,22,27.11,100.099,1.392,661.6308325,0.814769721
6/12/2020 22:00,2020,6,12,6/12/2020,23,25.349,100.07,1.328,661.6530706,0.814797106
6/12/2020 23:00,2020,6,12,6/12/2020,24,24.596,98.865,1.299,619.6313002,0.763049115
6/13/2020 0:00,2020,6,13,6/13/2020,1,25.097,102.209,1.318,577.6095039,0.711301093
6/13/2020 1:00,2020,6,13,6/13/2020,2,24.589,99.204,1.299,577.6316644,0.711328383
6/13/2020 2:00,2020,6,13,6/13/2020,3,22.411,100.318,1.22,577.6537991,0.71135564
6/13/2020 3:00,2020,6,13,6/13/2020,4,19.765,99.127,1.214,577.6759078,0.711382866
6/13/2020 4:00,2020,6,13,6/13/2020,5,18.599,99.287,1.211,577.6979906,0.71141006
6/13/2020 5:00,2020,6,13,6/13/2020,6,18.197,99.715,1.21,577.7200475,0.711437222
6/13/2020 6:00,2020,6,13,6/13/2020,7,14.602,100.239,1.142,577.7420784,0.711464353
6/13/2020 7:00,2020,6,13,6/13/2020,8,13.517,100.167,1.12,610.3610178,0.751633164
6/13/2020 8:00,2020,6,13,6/13/2020,9,14.654,103.102,1.143,689.078958,0.848570899
6/13/2020 9:00,2020,6,13,6/13/2020,10,13.89,103.788,1.128,767.7968721,0.945508601
6/13/2020 10:00,2020,6,13,6/13/2020,11,13.344,102.558,1.117,800.4157336,0.985677317
6/13/2020 11:00,2020,6,13,6/13/2020,12,14.68,101.327,1.144,800.4376346,0.985704287
6/13/2020 12:00,2020,6,13,6/13/2020,13,14.712,102.173,1.144,800.4595096,0.985731225
6/13/2020 13:00,2020,6,13,6/13/2020,14,15.347,101.487,1.157,800.4813586,0.985758131
6/13/2020 14:00,2020,6,13,6/13/2020,15,17.522,103.452,1.2,800.5031815,0.985785005
6/13/2020 15:00,2020,6,13,6/13/2020,16,19.86,102.124,1.214,800.5249784,0.985811847
6/13/2020 16:00,2020,6,13,6/13/2020,17,21.966,99.847,1.219,800.5467493,0.985838657
6/13/2020 17:00,2020,6,13,6/13/2020,18,23.125,102.478,1.244,800.568494,0.985865435
6/13/2020 18:00,2020,6,13,6/13/2020,19,24.903,102.345,1.311,800.5902127,0.98589218
6/13/2020 19:00,2020,6,13,6/13/2020,20,25.337,103.025,1.327,731.3629925,0.900641856
6/13/2020 20:00,2020,6,13,6/13/2020,21,26.392,96.464,1.367,662.1357462,0.8153915
6/13/2020 21:00,2020,6,13,6/13/2020,22,26.081,97.915,1.355,662.1573865,0.815418149
6/13/2020 22:00,2020,6,13,6/13/2020,23,26.003,99.05,1.352,662.1790008,0.815444766
6/13/2020 23:00,2020,6,13,6/13/2020,24,24.868,101.052,1.309,620.1566061,0.763696007
6/14/2020 0:00,2020,6,14,6/14/2020,1,24.175,101.12,1.283,578.1341853,0.711947215
6/14/2020 1:00,2020,6,14,6/14/2020,2,21.806,98.716,1.218,578.1557211,0.711973736
6/14/2020 2:00,2020,6,14,6/14/2020,3,22.65,100.377,1.226,578.1772307,0.712000224
6/14/2020 3:00,2020,6,14,6/14/2020,4,20.771,102.132,1.216,578.1987141,0.71202668
6/14/2020 4:00,2020,6,14,6/14/2020,5,18.377,99.572,1.211,578.2201714,0.712053103
6/14/2020 5:00,2020,6,14,6/14/2020,6,15.514,98.734,1.16,578.2416024,0.712079495
6/14/2020 6:00,2020,6,14,6/14/2020,7,15.679,99.983,1.164,578.2630072,0.712105854
6/14/2020 7:00,2020,6,14,6/14/2020,8,14.672,100.759,1.143,610.8813202,0.752273894
6/14/2020 8:00,2020,6,14,6/14/2020,9,15.774,103.326,1.165,689.5986337,0.849210857
6/14/2020 9:00,2020,6,14,6/14/2020,10,14.02,101.832,1.13,768.315921,0.946147788
6/14/2020 10:00,2020,6,14,6/14/2020,11,13.463,102.598,1.119,800.9341553,0.986315731
6/14/2020 11:00,2020,6,14,6/14/2020,12,13.679,102.441,1.124,800.9554288,0.986341928
6/14/2020 12:00,2020,6,14,6/14/2020,13,15.212,100.219,1.154,800.9766761,0.986368093
6/14/2020 13:00,2020,6,14,6/14/2020,14,16.146,102.926,1.173,800.9978971,0.986394226
6/14/2020 14:00,2020,6,14,6/14/2020,15,19.298,101.307,1.213,801.0190918,0.986420326
6/14/2020 15:00,2020,6,14,6/14/2020,16,20.562,101.785,1.216,801.0402602,0.986446394
6/14/2020 16:00,2020,6,14,6/14/2020,17,20.697,101.345,1.216,801.0614023,0.98647243
6/14/2020 17:00,2020,6,14,6/14/2020,18,22.372,101.833,1.22,801.082518,0.986498433
6/14/2020 18:00,2020,6,14,6/14/2020,19,24.583,102.355,1.299,801.1036074,0.986524404
6/14/2020 19:00,2020,6,14,6/14/2020,20,26.678,101.051,1.378,731.8757576,0.901273304
6/14/2020 20:00,2020,6,14,6/14/2020,21,25.882,99.669,1.348,662.6478814,0.816022172
6/14/2020 21:00,2020,6,14,6/14/2020,22,26.245,99.262,1.361,662.6688917,0.816048046
6/14/2020 22:00,2020,6,14,6/14/2020,23,24.428,100.719,1.293,662.6898756,0.816073886
6/14/2020 23:00,2020,6,14,6/14/2020,24,25.073,101.524,1.317,620.6668503,0.76432435
6/15/2020 0:00,2020,6,15,6/15/2020,1,23.555,98.747,1.26,578.6437986,0.712574782
6/15/2020 1:00,2020,6,15,6/15/2020,2,20.887,98.3,1.216,578.6647032,0.712600525
6/15/2020 2:00,2020,6,15,6/15/2020,3,20.961,98.822,1.217,578.6855814,0.712626236
6/15/2020 3:00,2020,6,15,6/15/2020,4,18.227,99.592,1.211,578.7064332,0.712651914
6/15/2020 4:00,2020,6,15,6/15/2020,5,17.595,98.944,1.202,578.7272585,0.712677559
6/15/2020 5:00,2020,6,15,6/15/2020,6,16.324,100.135,1.176,578.7480574,0.712703172
6/15/2020 6:00,2020,6,15,6/15/2020,7,15.248,99.654,1.155,578.7688297,0.712728752
6/15/2020 7:00,2020,6,15,6/15/2020,8,12.339,98.727,1.097,611.38651,0.752896013
6/15/2020 8:00,2020,6,15,6/15/2020,9,14.093,100.218,1.132,690.1031906,0.849832197
6/15/2020 9:00,2020,6,15,6/15/2020,10,13.995,101.537,1.13,768.8198446,0.946768348
6/15/2020 10:00,2020,6,15,6/15/2020,11,12.495,103.031,1.1,801.4374454,0.986935511
6/15/2020 11:00,2020,6,15,6/15/2020,12,13.684,101.026,1.124,801.4580852,0.986960928
6/15/2020 12:00,2020,6,15,6/15/2020,13,15.49,102.412,1.16,801.4786985,0.986986312
6/15/2020 13:00,2020,6,15,6/15/2020,14,16.899,102.849,1.188,801.4992852,0.987011664
6/15/2020 14:00,2020,6,15,6/15/2020,15,16.947,101.605,1.189,801.5198454,0.987036983
6/15/2020 15:00,2020,6,15,6/15/2020,16,20.441,101.244,1.215,801.540379,0.987062269
6/15/2020 16:00,2020,6,15,6/15/2020,17,21.066,101.964,1.217,801.560886,0.987087522
6/15/2020 17:00,2020,6,15,6/15/2020,18,23.165,101.896,1.245,801.5813664,0.987112743
6/15/2020 18:00,2020,6,15,6/15/2020,19,22.662,101.183,1.226,801.6018203,0.987137931
6/15/2020 19:00,2020,6,15,6/15/2020,20,26.271,102.987,1.362,732.3733347,0.901886049
6/15/2020 20:00,2020,6,15,6/15/2020,21,24.841,100.043,1.308,663.1448224,0.816634134
6/15/2020 21:00,2020,6,15,6/15/2020,22,25.955,99.341,1.351,663.1651964,0.816659223
6/15/2020 22:00,2020,6,15,6/15/2020,23,27.297,100.591,1.396,663.1855437,0.81668428
6/15/2020 23:00,2020,6,15,6/15/2020,24,25.204,101,1.322,621.1618816,0.76493396
6/16/2020 0:00,2020,6,16,6/16/2020,1,24.038,102.058,1.278,579.1381928,0.713183607
6/16/2020 1:00,2020,6,16,6/16/2020,2,23.069,99.829,1.242,579.1584601,0.713208565
6/16/2020 2:00,2020,6,16,6/16/2020,3,21.559,100.872,1.218,579.1787007,0.713233491
6/16/2020 3:00,2020,6,16,6/16/2020,4,20.421,99.913,1.215,579.1989146,0.713258383
6/16/2020 4:00,2020,6,16,6/16/2020,5,16.528,98.122,1.181,579.2191018,0.713283243
6/16/2020 5:00,2020,6,16,6/16/2020,6,15.286,102.777,1.156,579.2392623,0.71330807
6/16/2020 6:00,2020,6,16,6/16/2020,7,16.002,100.08,1.17,579.2593961,0.713332864
6/16/2020 7:00,2020,6,16,6/16/2020,8,14.388,99.329,1.138,611.8764375,0.753499338
6/16/2020 8:00,2020,6,16,6/16/2020,9,13.286,100.353,1.116,690.5924789,0.850434734
6/16/2020 9:00,2020,6,16,6/16/2020,10,12.594,101.753,1.102,769.3084936,0.947370098
6/16/2020 10:00,2020,6,16,6/16/2020,11,14.66,102.849,1.143,801.9254548,0.987536473
6/16/2020 11:00,2020,6,16,6/16/2020,12,14.12,101.607,1.132,801.9454547,0.987561102
6/16/2020 12:00,2020,6,16,6/16/2020,13,16.844,99.865,1.187,801.9654279,0.987585698
6/16/2020 13:00,2020,6,16,6/16/2020,14,16.494,102.325,1.18,801.9853743,0.987610261
6/16/2020 14:00,2020,6,16,6/16/2020,15,17.55,100.538,1.201,802.0052938,0.987634791
6/16/2020 15:00,2020,6,16,6/16/2020,16,19.017,101.545,1.212,802.0251866,0.987659288
6/16/2020 16:00,2020,6,16,6/16/2020,17,22.151,101.538,1.219,802.0450525,0.987683752
6/16/2020 17:00,2020,6,16,6/16/2020,18,23.671,104.207,1.264,802.0648915,0.987708183
6/16/2020 18:00,2020,6,16,6/16/2020,19,23.568,101.784,1.26,802.0847037,0.987732581
6/16/2020 19:00,2020,6,16,6/16/2020,20,26.206,101.332,1.36,732.8555763,0.902479909
6/16/2020 20:00,2020,6,16,6/16/2020,21,26.829,100.247,1.384,663.6264219,0.817227203
6/16/2020 21:00,2020,6,16,6/16/2020,22,25.608,99.638,1.337,663.6461535,0.817251501
6/16/2020 22:00,2020,6,16,6/16/2020,23,25.962,98.371,1.351,663.6658582,0.817275767
6/16/2020 23:00,2020,6,16,6/16/2020,24,26.302,100.967,1.364,621.6415533,0.765524655
6/17/2020 0:00,2020,6,17,6/17/2020,1,24.898,100.959,1.311,579.6172214,0.71377351
6/17/2020 1:00,2020,6,17,6/17/2020,2,23.816,100.266,1.27,579.6368453,0.713797676
6/17/2020 2:00,2020,6,17,6/17/2020,3,20.409,98.676,1.215,579.6564423,0.713821809
6/17/2020 3:00,2020,6,17,6/17/2020,4,19.261,99.184,1.213,579.6760124,0.713845909
6/17/2020 4:00,2020,6,17,6/17/2020,5,17.919,99.527,1.208,579.6955555,0.713869975
6/17/2020 5:00,2020,6,17,6/17/2020,6,16.799,99.496,1.186,579.7150717,0.713894008
6/17/2020 6:00,2020,6,17,6/17/2020,7,15.132,100.101,1.153,579.7345609,0.713918008
6/17/2020 7:00,2020,6,17,6/17/2020,8,14.342,99.633,1.137,612.3509575,0.754083689
6/17/2020 8:00,2020,6,17,6/17/2020,9,13.686,99.116,1.124,691.0663539,0.851018291
6/17/2020 9:00,2020,6,17,6/17/2020,10,13.946,101.555,1.129,769.7817232,0.94795286
6/17/2020 10:00,2020,6,17,6/17/2020,11,13.92,99.878,1.128,802.3980388,0.98811844
6/17/2020 11:00,2020,6,17,6/17/2020,12,13.613,99.382,1.122,802.417393,0.988142274
6/17/2020 12:00,2020,6,17,6/17/2020,13,15.898,101.844,1.168,802.4367201,0.988166074
6/17/2020 13:00,2020,6,17,6/17/2020,14,17.058,101.578,1.191,802.4560202,0.988189841
6/17/2020 14:00,2020,6,17,6/17/2020,15,18.762,98.26,1.212,802.4752933,0.988213575
6/17/2020 15:00,2020,6,17,6/17/2020,16,19.214,99.914,1.213,802.4945393,0.988237276
6/17/2020 16:00,2020,6,17,6/17/2020,17,20.034,99.439,1.215,802.5137582,0.988260943
6/17/2020 17:00,2020,6,17,6/17/2020,18,23.409,101.303,1.254,802.53295,0.988284577
6/17/2020 18:00,2020,6,17,6/17/2020,19,23.787,99.525,1.269,802.5521147,0.988308178
6/17/2020 19:00,2020,6,17,6/17/2020,20,24.154,100.865,1.282,733.3223395,0.903054707
6/17/2020 20:00,2020,6,17,6/17/2020,21,25.434,99.993,1.331,664.0925372,0.817801203
6/17/2020 21:00,2020,6,17,6/17/2020,22,26.833,99.256,1.384,664.1116206,0.817824704
6/17/2020 22:00,2020,6,17,6/17/2020,23,26.558,100.205,1.373,664.1306769,0.817848171
6/17/2020 23:00,2020,6,17,6/17/2020,24,26.388,100.675,1.367,622.1057232,0.76609626
6/18/2020 0:00,2020,6,18,6/18/2020,1,24.835,100.015,1.308,580.0807424,0.714344316
6/18/2020 1:00,2020,6,18,6/18/2020,2,22.78,101.051,1.231,580.0997172,0.714367683
6/18/2020 2:00,2020,6,18,6/18/2020,3,21.808,100.602,1.218,580.1186648,0.714391016
6/18/2020 3:00,2020,6,18,6/18/2020,4,19.628,99.144,1.214,580.1375852,0.714414315
6/18/2020 4:00,2020,6,18,6/18/2020,5,16.997,99.68,1.19,580.1564785,0.714437582
6/18/2020 5:00,2020,6,18,6/18/2020,6,17.505,100.449,1.2,580.1753445,0.714460814
6/18/2020 6:00,2020,6,18,6/18/2020,7,14.895,100.967,1.148,580.1941834,0.714484014
6/18/2020 7:00,2020,6,18,6/18/2020,8,15.61,99.527,1.162,612.8099294,0.754648893
6/18/2020 8:00,2020,6,18,6/18/2020,9,14.351,100.112,1.137,691.524675,0.851582693
6/18/2020 9:00,2020,6,18,6/18/2020,10,12.214,101.27,1.094,770.2393933,0.94851646
6/18/2020 10:00,2020,6,18,6/18/2020,11,14.031,99.414,1.131,802.8550576,0.988681239
6/18/2020 11:00,2020,6,18,6/18/2020,12,14.251,101.126,1.135,802.8737602,0.98870427
6/18/2020 12:00,2020,6,18,6/18/2020,13,15.245,100.244,1.155,802.8924356,0.988727268
6/18/2020 13:00,2020,6,18,6/18/2020,14,15.964,99.627,1.169,802.9110837,0.988750232
6/18/2020 14:00,2020,6,18,6/18/2020,15,18.226,102.314,1.211,802.9297045,0.988773163
6/18/2020 15:00,2020,6,18,6/18/2020,16,21.197,99.799,1.217,802.948298,0.98879606
6/18/2020 16:00,2020,6,18,6/18/2020,17,20.79,99.411,1.216,802.9668642,0.988818924
6/18/2020 17:00,2020,6,18,6/18/2020,18,21.884,99.414,1.219,802.9854031,0.988841754
6/18/2020 18:00,2020,6,18,6/18/2020,19,24.126,101.016,1.281,803.0039147,0.98886455
6/18/2020 19:00,2020,6,18,6/18/2020,20,25.951,100.576,1.35,733.7734861,0.903610275
6/18/2020 20:00,2020,6,18,6/18/2020,21,26.065,101.347,1.355,664.5430302,0.818355966
6/18/2020 21:00,2020,6,18,6/18/2020,22,26.285,98.908,1.363,664.5614597,0.818378661
6/18/2020 22:00,2020,6,18,6/18/2020,23,26.415,98.706,1.368,664.5798618,0.818401323
6/18/2020 23:00,2020,6,18,6/18/2020,24,25.195,101.483,1.322,622.5542539,0.766648606
6/19/2020 0:00,2020,6,19,6/19/2020,1,24.443,99.43,1.293,580.5286185,0.714895856
6/19/2020 1:00,2020,6,19,6/19/2020,2,22.674,99.014,1.227,580.5469385,0.714918416
6/19/2020 2:00,2020,6,19,6/19/2020,3,22.232,101.019,1.219,580.5652311,0.714940943
6/19/2020 3:00,2020,6,19,6/19/2020,4,21.255,100.782,1.217,580.5834963,0.714963436
6/19/2020 4:00,2020,6,19,6/19/2020,5,15.678,99.46,1.164,580.6017341,0.714985895
6/19/2020 5:00,2020,6,19,6/19/2020,6,16.489,98.111,1.18,580.6199444,0.71500832
6/19/2020 6:00,2020,6,19,6/19/2020,7,16.065,98.978,1.171,580.6381274,0.715030711
6/19/2020 7:00,2020,6,19,6/19/2020,8,13.541,99.035,1.121,613.2532172,0.755194782
6/19/2020 8:00,2020,6,19,6/19/2020,9,14.807,103.269,1.146,691.9673064,0.852127775
6/19/2020 9:00,2020,6,19,6/19/2020,10,12.638,102.725,1.103,770.6813681,0.949060733
6/19/2020 10:00,2020,6,19,6/19/2020,11,13.344,101.132,1.117,803.2963755,0.989224703
6/19/2020 11:00,2020,6,19,6/19/2020,12,15.854,101.829,1.167,803.3144211,0.989246925
6/19/2020 12:00,2020,6,19,6/19/2020,13,15.534,101.903,1.161,803.3324392,0.989269113
6/19/2020 13:00,2020,6,19,6/19/2020,14,15.975,102.816,1.17,803.3504298,0.989291268
6/19/2020 14:00,2020,6,19,6/19/2020,15,18.433,99.703,1.211,803.3683928,0.989313389
6/19/2020 15:00,2020,6,19,6/19/2020,16,18.574,103.097,1.211,803.3863284,0.989335476
6/19/2020 16:00,2020,6,19,6/19/2020,17,20.755,102.821,1.216,803.4042364,0.989357529
6/19/2020 17:00,2020,6,19,6/19/2020,18,23.58,102.905,1.261,803.4221168,0.989379548
6/19/2020 18:00,2020,6,19,6/19/2020,19,24.541,102.699,1.297,803.4399697,0.989401533
6/19/2020 19:00,2020,6,19,6/19/2020,20,24.868,103.532,1.309,734.2088823,0.904146446
6/19/2020 20:00,2020,6,19,6/19/2020,21,26.308,99.069,1.364,664.9777673,0.818891326
6/19/2020 21:00,2020,6,19,6/19/2020,22,25.947,101.198,1.35,664.9955375,0.818913209
6/19/2020 22:00,2020,6,19,6/19/2020,23,26.077,101.374,1.355,665.0132801,0.818935058
6/19/2020 23:00,2020,6,19,6/19/2020,24,26.462,101.008,1.37,622.9870123,0.76718153
6/20/2020 0:00,2020,6,20,6/20/2020,1,24.549,100.504,1.297,580.960717,0.715427967
6/20/2020 1:00,2020,6,20,6/20/2020,2,23.789,100.222,1.269,580.9783768,0.715449714
6/20/2020 2:00,2020,6,20,6/20/2020,3,22.029,99.275,1.219,580.996009,0.715471427
6/20/2020 3:00,2020,6,20,6/20/2020,4,20.228,99.964,1.215,581.0136135,0.715493106
6/20/2020 4:00,2020,6,20,6/20/2020,5,17.568,98.85,1.201,581.0311904,0.715514752
6/20/2020 5:00,2020,6,20,6/20/2020,6,16.887,98.75,1.188,581.0487397,0.715536363
6/20/2020 6:00,2020,6,20,6/20/2020,7,14.855,101.039,1.147,581.0662612,0.71555794
6/20/2020 7:00,2020,6,20,6/20/2020,8,14.932,99.828,1.149,613.6806896,0.755721196
6/20/2020 8:00,2020,6,20,6/20/2020,9,13.499,102.44,1.12,692.394117,0.852653373
6/20/2020 9:00,2020,6,20,6/20/2020,10,14.254,102.096,1.135,771.1075167,0.949585517
6/20/2020 10:00,2020,6,20,6/20/2020,11,13.836,102.646,1.127,803.721862,0.989748671
6/20/2020 11:00,2020,6,20,6/20/2020,12,15.733,102.056,1.165,803.7392451,0.989770077
6/20/2020 12:00,2020,6,20,6/20/2020,13,15.77,101.494,1.165,803.7566006,0.98979145
6/20/2020 13:00,2020,6,20,6/20/2020,14,16.176,102.964,1.174,803.7739283,0.989812788
6/20/2020 14:00,2020,6,20,6/20/2020,15,16.696,102.349,1.184,803.7912283,0.989834092
6/20/2020 15:00,2020,6,20,6/20/2020,16,19.895,102.419,1.214,803.8085005,0.989855362
6/20/2020 16:00,2020,6,20,6/20/2020,17,21.752,100.818,1.218,803.825745,0.989876598
6/20/2020 17:00,2020,6,20,6/20/2020,18,23.579,102.787,1.261,803.8429617,0.9898978
6/20/2020 18:00,2020,6,20,6/20/2020,19,24.519,101.033,1.296,803.8601507,0.989918967
6/20/2020 19:00,2020,6,20,6/20/2020,20,25.595,103.102,1.337,734.6283991,0.904663063
6/20/2020 20:00,2020,6,20,6/20/2020,21,26.081,99.639,1.355,665.3966197,0.819407125
6/20/2020 21:00,2020,6,20,6/20/2020,22,27.619,98.785,1.402,665.4137253,0.819428189
6/20/2020 22:00,2020,6,20,6/20/2020,23,25.582,101.146,1.336,665.4308032,0.81944922
6/20/2020 23:00,2020,6,20,6/20/2020,24,23.952,101.548,1.275,623.4038704,0.767694872
6/21/2020 0:00,2020,6,21,6/21/2020,1,24.369,99.178,1.291,581.3769098,0.71594049
6/21/2020 1:00,2020,6,21,6/21/2020,2,23.473,102.185,1.257,581.3939042,0.715961418
6/21/2020 2:00,2020,6,21,6/21/2020,3,23.425,100.827,1.255,581.4108707,0.715982311
6/21/2020 3:00,2020,6,21,6/21/2020,4,19.462,98.348,1.213,581.4278093,0.716003171
6/21/2020 4:00,2020,6,21,6/21/2020,5,18.849,98.967,1.212,581.4447202,0.716023996
6/21/2020 5:00,2020,6,21,6/21/2020,6,16.453,101.695,1.179,581.4616031,0.716044786
6/21/2020 6:00,2020,6,21,6/21/2020,7,14.859,99.577,1.147,581.4784582,0.716065542
6/21/2020 7:00,2020,6,21,6/21/2020,8,15.079,98.958,1.152,614.0922198,0.756227978
6/21/2020 8:00,2020,6,21,6/21/2020,9,15.64,100.619,1.163,692.8049803,0.853159334
6/21/2020 9:00,2020,6,21,6/21/2020,10,12.248,100.827,1.095,771.5177128,0.950090656
6/21/2020 10:00,2020,6,21,6/21/2020,11,12.712,102.678,1.104,804.1313908,0.990252988
6/21/2020 11:00,2020,6,21,6/21/2020,12,13.987,101.486,1.13,804.1481063,0.990273572
6/21/2020 12:00,2020,6,21,6/21/2020,13,15.281,101.914,1.156,804.164794,0.990294122
6/21/2020 13:00,2020,6,21,6/21/2020,14,16.468,100.733,1.179,804.1814537,0.990314638
6/21/2020 14:00,2020,6,21,6/21/2020,15,18.972,102.477,1.212,804.1980855,0.990335119
6/21/2020 15:00,2020,6,21,6/21/2020,16,19.268,101.758,1.213,804.2146894,0.990355566
6/21/2020 16:00,2020,6,21,6/21/2020,17,21.104,101.188,1.217,804.2312652,0.990375979
6/21/2020 17:00,2020,6,21,6/21/2020,18,23.526,101.261,1.259,804.2478132,0.990396357
6/21/2020 18:00,2020,6,21,6/21/2020,19,24.125,102.171,1.281,804.2643331,0.9904167
6/21/2020 19:00,2020,6,21,6/21/2020,20,25.574,102.274,1.336,735.0319123,0.905159972
6/21/2020 20:00,2020,6,21,6/21/2020,21,25.657,101.082,1.339,665.7994634,0.819903209
6/21/2020 21:00,2020,6,21,6/21/2020,22,27.331,100.941,1.397,665.8158994,0.819923449
6/21/2020 22:00,2020,6,21,6/21/2020,23,26.307,97.892,1.364,665.8323073,0.819943655
6/21/2020 23:00,2020,6,21,6/21/2020,24,25.536,98.905,1.335,623.8047045,0.768188482
6/22/2020 0:00,2020,6,22,6/22/2020,1,24.264,99.453,1.287,581.7770736,0.716433274
6/22/2020 1:00,2020,6,22,6/22/2020,2,22.615,100.265,1.224,581.7933975,0.716453377
6/22/2020 2:00,2020,6,22,6/22/2020,3,21.251,99.638,1.217,581.8096933,0.716473444
6/22/2020 3:00,2020,6,22,6/22/2020,4,18.871,100.555,1.212,581.8259611,0.716493477
6/22/2020 4:00,2020,6,22,6/22/2020,5,17.74,99.102,1.205,581.8422008,0.716513476
6/22/2020 5:00,2020,6,22,6/22/2020,6,15.875,100.959,1.167,581.8584125,0.71653344
6/22/2020 6:00,2020,6,22,6/22/2020,7,15.195,99.427,1.154,581.8745961,0.716553369
6/22/2020 7:00,2020,6,22,6/22/2020,8,13.805,99.9,1.126,614.487686,0.756714977
6/22/2020 8:00,2020,6,22,6/22/2020,9,12.005,103.182,1.09,693.1997745,0.853645506
6/22/2020 9:00,2020,6,22,6/22/2020,10,13.737,100.047,1.125,771.911835,0.950576
6/22/2020 10:00,2020,6,22,6/22/2020,11,14.7,102.523,1.144,804.5248406,0.990737504
6/22/2020 11:00,2020,6,22,6/22/2020,12,15.625,102.671,1.162,804.5408836,0.99075726
6/22/2020 12:00,2020,6,22,6/22/2020,13,16.016,100.15,1.17,804.5568986,0.990776982
6/22/2020 13:00,2020,6,22,6/22/2020,14,16.84,101.479,1.187,804.5728854,0.990796669
6/22/2020 14:00,2020,6,22,6/22/2020,15,17.405,100.449,1.198,804.588844,0.990816322
6/22/2020 15:00,2020,6,22,6/22/2020,16,19.315,101.221,1.213,804.6047746,0.990835939
6/22/2020 16:00,2020,6,22,6/22/2020,17,23.019,101.233,1.24,804.6206769,0.990855522
6/22/2020 17:00,2020,6,22,6/22/2020,18,23.404,100.483,1.254,804.6365511,0.990875071
6/22/2020 18:00,2020,6,22,6/22/2020,19,24.905,99.238,1.311,804.6523971,0.990894584
6/22/2020 19:00,2020,6,22,6/22/2020,20,25.869,101.724,1.347,735.4193021,0.905637026
6/22/2020 20:00,2020,6,22,6/22/2020,21,25.564,99.595,1.336,666.186179,0.820379433
6/22/2020 21:00,2020,6,22,6/22/2020,22,27.977,100.378,1.41,666.2019404,0.820398842
6/22/2020 22:00,2020,6,22,6/22/2020,23,25.267,98.994,1.325,666.2176736,0.820418217
6/22/2020 23:00,2020,6,22,6/22/2020,24,26.204,100.008,1.36,624.1893959,0.768662213
6/23/2020 0:00,2020,6,23,6/23/2020,1,23.76,98.295,1.268,582.1610899,0.716906174
6/23/2020 1:00,2020,6,23,6/23/2020,2,23.759,101.2,1.268,582.1767384,0.716925444
6/23/2020 2:00,2020,6,23,6/23/2020,3,22.972,99.606,1.238,582.1923588,0.71694468
6/23/2020 3:00,2020,6,23,6/23/2020,4,21.478,100.104,1.218,582.2079508,0.716963881
6/23/2020 4:00,2020,6,23,6/23/2020,5,16.304,100.948,1.176,582.2235146,0.716983047
6/23/2020 5:00,2020,6,23,6/23/2020,6,16.609,100.228,1.182,582.2390502,0.717002179
6/23/2020 6:00,2020,6,23,6/23/2020,7,14.683,101.105,1.144,582.2545575,0.717021275
6/23/2020 7:00,2020,6,23,6/23/2020,8,14.306,99.88,1.136,614.8669709,0.75718205
6/23/2020 8:00,2020,6,23,6/23/2020,9,14.252,103.063,1.135,693.5783827,0.854111745
6/23/2020 9:00,2020,6,23,6/23/2020,10,14.142,102.026,1.133,772.2897663,0.951041406
6/23/2020 10:00,2020,6,23,6/23/2020,11,13.661,102.126,1.123,804.9020948,0.991202076
6/23/2020 11:00,2020,6,23,6/23/2020,12,12.97,100.852,1.109,804.9174606,0.991220999
6/23/2020 12:00,2020,6,23,6/23/2020,13,15.647,101.142,1.163,804.9327981,0.991239886
6/23/2020 13:00,2020,6,23,6/23/2020,14,15.919,100.011,1.168,804.9481072,0.991258739
6/23/2020 14:00,2020,6,23,6/23/2020,15,18.908,101.69,1.212,804.963388,0.991277556
6/23/2020 15:00,2020,6,23,6/23/2020,16,20.042,100.709,1.215,804.9786405,0.991296339
6/23/2020 16:00,2020,6,23,6/23/2020,17,20.542,100.183,1.216,804.9938646,0.991315087
6/23/2020 17:00,2020,6,23,6/23/2020,18,25.603,101.306,1.337,805.0090604,0.9913338
6/23/2020 18:00,2020,6,23,6/23/2020,19,24.856,102.56,1.309,805.0242277,0.991352478
6/23/2020 19:00,2020,6,23,6/23/2020,20,25.244,102.634,1.324,735.790454,0.906094083
6/23/2020 20:00,2020,6,23,6/23/2020,21,26.212,99.519,1.36,666.5566518,0.820835654
6/23/2020 21:00,2020,6,23,6/23/2020,22,25.218,98.613,1.323,666.571734,0.820854227
6/23/2020 22:00,2020,6,23,6/23/2020,23,25.858,101.078,1.347,666.5867879,0.820872765
6/23/2020 23:00,2020,6,23,6/23/2020,24,25.32,101.488,1.327,624.5578305,0.769115924
6/24/2020 0:00,2020,6,24,6/24/2020,1,24.609,100.087,1.3,582.5288448,0.717359048
6/24/2020 1:00,2020,6,24,6/24/2020,2,21.489,98.931,1.218,582.5438134,0.717377481
6/24/2020 2:00,2020,6,24,6/24/2020,3,21.579,99.83,1.218,582.5587536,0.717395879
6/24/2020 3:00,2020,6,24,6/24/2020,4,20.801,100.459,1.216,582.5736653,0.717414243
6/24/2020 4:00,2020,6,24,6/24/2020,5,16.531,98.178,1.181,582.5885486,0.717432571
6/24/2020 5:00,2020,6,24,6/24/2020,6,16.113,98.908,1.172,582.6034034,0.717450864
6/24/2020 6:00,2020,6,24,6/24/2020,7,15.977,102.6,1.17,582.6182298,0.717469122
6/24/2020 7:00,2020,6,24,6/24/2020,8,13.272,101.461,1.115,615.2299621,0.757629058
6/24/2020 8:00,2020,6,24,6/24/2020,9,15.865,100.759,1.167,693.9406927,0.854557915
6/24/2020 9:00,2020,6,24,6/24/2020,10,13.259,99.699,1.115,772.6513948,0.951486736
6/24/2020 10:00,2020,6,24,6/24/2020,11,14.54,100.222,1.141,805.2630417,0.991646567
6/24/2020 11:00,2020,6,24,6/24/2020,12,14.209,100.047,1.134,805.2777257,0.99166465
6/24/2020 12:00,2020,6,24,6/24/2020,13,14.085,100.259,1.132,805.2923811,0.991682697
6/24/2020 13:00,2020,6,24,6/24/2020,14,16.237,100.254,1.175,805.3070081,0.99170071
6/24/2020 14:00,2020,6,24,6/24/2020,15,18.039,100.306,1.21,805.3216065,0.991718687
6/24/2020 15:00,2020,6,24,6/24/2020,16,19.697,99.277,1.214,805.3361764,0.991736629
6/24/2020 16:00,2020,6,24,6/24/2020,17,20.584,100.699,1.216,805.3507177,0.991754536
6/24/2020 17:00,2020,6,24,6/24/2020,18,23.113,100.162,1.243,805.3652306,0.991772408
6/24/2020 18:00,2020,6,24,6/24/2020,19,23.86,98.075,1.271,805.3797148,0.991790245
6/24/2020 19:00,2020,6,24,6/24/2020,20,24.128,99.368,1.282,736.1452578,0.906531009
6/24/2020 20:00,2020,6,24,6/24/2020,21,25.454,98.424,1.332,666.9107721,0.821271738
6/24/2020 21:00,2020,6,24,6/24/2020,22,26.384,98.816,1.367,666.9251707,0.821289469
6/24/2020 22:00,2020,6,24,6/24/2020,23,26.483,98.39,1.37,666.9395407,0.821307165
6/24/2020 23:00,2020,6,24,6/24/2020,24,24.581,100.99,1.299,624.9098993,0.769549482
6/25/2020 0:00,2020,6,25,6/25/2020,1,24.724,98.777,1.304,582.8802293,0.717791763
6/25/2020 1:00,2020,6,25,6/25/2020,2,22.757,98.616,1.23,582.8945136,0.717809353
6/25/2020 2:00,2020,6,25,6/25/2020,3,22.983,99.771,1.238,582.9087692,0.717826908
6/25/2020 3:00,2020,6,25,6/25/2020,4,19.336,100.702,1.213,582.9229961,0.717844428
6/25/2020 4:00,2020,6,25,6/25/2020,5,18.27,98.523,1.211,582.9371945,0.717861913
6/25/2020 5:00,2020,6,25,6/25/2020,6,17.208,101.628,1.194,582.9513642,0.717879362
6/25/2020 6:00,2020,6,25,6/25/2020,7,15.632,99.883,1.163,582.9655053,0.717896777
6/25/2020 7:00,2020,6,25,6/25/2020,8,14.467,99.891,1.139,615.5765522,0.758055869
6/25/2020 8:00,2020,6,25,6/25/2020,9,13.533,100.348,1.121,694.2865971,0.854983881
6/25/2020 9:00,2020,6,25,6/25/2020,10,12.602,99.701,1.102,772.9966134,0.951911858
6/25/2020 10:00,2020,6,25,6/25/2020,11,12.969,101.925,1.109,805.6075743,0.992070844
6/25/2020 11:00,2020,6,25,6/25/2020,12,15.632,99.843,1.163,805.6215721,0.992088081
6/25/2020 12:00,2020,6,25,6/25/2020,13,14.313,100.33,1.136,805.6355412,0.992105284
6/25/2020 13:00,2020,6,25,6/25/2020,14,15.707,98.765,1.164,805.6494816,0.992122451
6/25/2020 14:00,2020,6,25,6/25/2020,15,18.34,101.143,1.211,805.6633933,0.992139583
6/25/2020 15:00,2020,6,25,6/25/2020,16,18.227,98.8,1.211,805.6772763,0.992156679
6/25/2020 16:00,2020,6,25,6/25/2020,17,21.14,97.783,1.217,805.6911306,0.99217374
6/25/2020 17:00,2020,6,25,6/25/2020,18,23.871,99.978,1.272,805.7049562,0.992190765
6/25/2020 18:00,2020,6,25,6/25/2020,19,23.755,100.24,1.267,805.718753,0.992207756
6/25/2020 19:00,2020,6,25,6/25/2020,20,25.564,99.733,1.336,736.4836084,0.906947673
6/25/2020 20:00,2020,6,25,6/25/2020,21,24.629,99.739,1.3,667.248435,0.821687555
6/25/2020 21:00,2020,6,25,6/25/2020,22,26.645,100.157,1.377,667.2621456,0.821704439
6/25/2020 22:00,2020,6,25,6/25/2020,23,25.456,101.66,1.332,667.2758275,0.821721288
6/25/2020 23:00,2020,6,25,6/25/2020,24,24.693,99.267,1.303,625.2454979,0.769962757
6/26/2020 0:00,2020,6,26,6/26/2020,1,24.191,99.508,1.284,583.2151394,0.71820419
6/26/2020 1:00,2020,6,26,6/26/2020,2,22.1,99.155,1.219,583.228735,0.718220933
6/26/2020 2:00,2020,6,26,6/26/2020,3,22.838,98.482,1.233,583.2423018,0.71823764
6/26/2020 3:00,2020,6,26,6/26/2020,4,19.906,99.948,1.214,583.2558399,0.718254311
6/26/2020 4:00,2020,6,26,6/26/2020,5,19.505,98.641,1.213,583.2693491,0.718270947
6/26/2020 5:00,2020,6,26,6/26/2020,6,16.576,101.313,1.182,583.2828295,0.718287548
6/26/2020 6:00,2020,6,26,6/26/2020,7,15.604,101.472,1.162,583.2962811,0.718304113
6/26/2020 7:00,2020,6,26,6/26/2020,8,13.663,100.027,1.123,615.9066383,0.758462355
6/26/2020 8:00,2020,6,26,6/26/2020,9,12.501,101.767,1.1,694.6159934,0.855389518
6/26/2020 9:00,2020,6,26,6/26/2020,10,12.789,101.299,1.106,773.3253197,0.952316645
6/26/2020 10:00,2020,6,26,6/26/2020,11,12.197,101.802,1.094,805.9355904,0.992474782
6/26/2020 11:00,2020,6,26,6/26/2020,12,14.088,102.074,1.132,805.9488979,0.992491169
6/26/2020 12:00,2020,6,26,6/26/2020,13,16.768,101.983,1.185,805.9621765,0.992507521
6/26/2020 13:00,2020,6,26,6/26/2020,14,16.14,103.503,1.173,805.9754263,0.992523838
6/26/2020 14:00,2020,6,26,6/26/2020,15,18.771,101.331,1.212,805.9886471,0.992540119
6/26/2020 15:00,2020,6,26,6/26/2020,16,21.049,101.53,1.217,806.0018392,0.992556364
6/26/2020 16:00,2020,6,26,6/26/2020,17,22.136,102.414,1.219,806.0150023,0.992572574
6/26/2020 17:00,2020,6,26,6/26/2020,18,23.228,102.163,1.248,806.0281365,0.992588748
6/26/2020 18:00,2020,6,26,6/26/2020,19,24.83,102.013,1.308,806.0412419,0.992604887
6/26/2020 19:00,2020,6,26,6/26/2020,20,26.584,99.518,1.374,736.8054056,0.907343952
6/26/2020 20:00,2020,6,26,6/26/2020,21,26.838,101.216,1.384,667.5695403,0.822082982
6/26/2020 21:00,2020,6,26,6/26/2020,22,26.219,100.81,1.361,667.582559,0.822099014
6/26/2020 22:00,2020,6,26,6/26/2020,23,25.38,100.685,1.329,667.5955487,0.82211501
6/26/2020 23:00,2020,6,26,6/26/2020,24,24.755,98.654,1.305,625.5645267,0.770355627
6/27/2020 0:00,2020,6,27,6/27/2020,1,24.313,98.47,1.288,583.5334758,0.718596208
6/27/2020 1:00,2020,6,27,6/27/2020,2,24.508,101.509,1.296,583.5463788,0.718612097
6/27/2020 2:00,2020,6,27,6/27/2020,3,22.194,98.438,1.219,583.5592528,0.718627951
6/27/2020 3:00,2020,6,27,6/27/2020,4,19.515,100.905,1.213,583.5720978,0.718643769
6/27/2020 4:00,2020,6,27,6/27/2020,5,18.159,101.205,1.21,583.5849139,0.718659551
6/27/2020 5:00,2020,6,27,6/27/2020,6,15.728,98.951,1.165,583.597701,0.718675298
6/27/2020 6:00,2020,6,27,6/27/2020,7,16.505,101.556,1.18,583.6104591,0.718691009
6/27/2020 7:00,2020,6,27,6/27/2020,8,14.013,99.139,1.13,616.2201227,0.758848398
6/27/2020 8:00,2020,6,27,6/27/2020,9,15.828,102.029,1.167,694.9287841,0.855774706
6/27/2020 9:00,2020,6,27,6/27/2020,10,12.37,101.943,1.097,773.6374164,0.952700979
6/27/2020 10:00,2020,6,27,6/27/2020,11,14.354,102.066,1.137,806.246993,0.99285826
6/27/2020 11:00,2020,6,27,6/27/2020,12,13.54,103.616,1.121,806.2596062,0.992873793
6/27/2020 12:00,2020,6,27,6/27/2020,13,14.612,102.023,1.142,806.2721904,0.99288929
6/27/2020 13:00,2020,6,27,6/27/2020,14,15.983,101.897,1.17,806.2847455,0.992904751
6/27/2020 14:00,2020,6,27,6/27/2020,15,17.74,102.548,1.205,806.2972717,0.992920176
6/27/2020 15:00,2020,6,27,6/27/2020,16,18.62,102.418,1.211,806.3097688,0.992935566
6/27/2020 16:00,2020,6,27,6/27/2020,17,21.098,104.038,1.217,806.3222369,0.99295092
6/27/2020 17:00,2020,6,27,6/27/2020,18,23.541,99.652,1.259,806.3346759,0.992966238
6/27/2020 18:00,2020,6,27,6/27/2020,19,23.516,101.152,1.258,806.3470859,0.99298152
6/27/2020 19:00,2020,6,27,6/27/2020,20,26.334,102.926,1.365,737.110554,0.907719729
6/27/2020 20:00,2020,6,27,6/27/2020,21,24.485,98.983,1.295,667.8739931,0.822457903
6/27/2020 21:00,2020,6,27,6/27/2020,22,24.953,99.334,1.313,667.8863158,0.822473078
6/27/2020 22:00,2020,6,27,6/27/2020,23,25.897,101.619,1.348,667.8986096,0.822488217
6/27/2020 23:00,2020,6,27,6/27/2020,24,25.076,99.934,1.317,625.8668914,0.770727976
6/28/2020 0:00,2020,6,28,6/28/2020,1,23.719,100.184,1.266,583.8351442,0.718967699
6/28/2020 1:00,2020,6,28,6/28/2020,2,23.048,101.575,1.241,583.8473507,0.718982731
6/28/2020 2:00,2020,6,28,6/28/2020,3,20.414,101.417,1.215,583.859528,0.718997727
6/28/2020 3:00,2020,6,28,6/28/2020,4,19.59,98.714,1.214,583.8716763,0.719012687
6/28/2020 4:00,2020,6,28,6/28/2020,5,18.153,101.431,1.21,583.8837954,0.719027611
6/28/2020 5:00,2020,6,28,6/28/2020,6,15.356,99.386,1.157,583.8958854,0.719042499
6/28/2020 6:00,2020,6,28,6/28/2020,7,15.452,99.357,1.159,583.9079463,0.719057352
6/28/2020 7:00,2020,6,28,6/28/2020,8,14.694,100.429,1.144,616.5169125,0.759213882
6/28/2020 8:00,2020,6,28,6/28/2020,9,14.516,103.224,1.14,695.2248763,0.856139331
6/28/2020 9:00,2020,6,28,6/28/2020,10,11.861,103.221,1.087,773.9328109,0.953064744
6/28/2020 10:00,2020,6,28,6/28/2020,11,13.866,103.537,1.127,806.5416897,0.993221167
6/28/2020 11:00,2020,6,28,6/28/2020,12,14.932,103.778,1.149,806.5536049,0.99323584
6/28/2020 12:00,2020,6,28,6/28/2020,13,15.388,101.967,1.158,806.5654909,0.993250477
6/28/2020 13:00,2020,6,28,6/28/2020,14,17.412,101.111,1.198,806.5773478,0.993265078
6/28/2020 14:00,2020,6,28,6/28/2020,15,18.484,100.633,1.211,806.5891754,0.993279643
6/28/2020 15:00,2020,6,28,6/28/2020,16,17.959,101.405,1.209,806.6009739,0.993294172
6/28/2020 16:00,2020,6,28,6/28/2020,17,22.393,102.181,1.22,806.6127432,0.993308666
6/28/2020 17:00,2020,6,28,6/28/2020,18,22.777,102.515,1.23,806.6244834,0.993323123
6/28/2020 18:00,2020,6,28,6/28/2020,19,23.534,102.291,1.259,806.6361943,0.993337545
6/28/2020 19:00,2020,6,28,6/28/2020,20,25.013,102.578,1.315,737.3989632,0.908074893
6/28/2020 20:00,2020,6,28,6/28/2020,21,25.163,100.207,1.321,668.1617029,0.822812205
6/28/2020 21:00,2020,6,28,6/28/2020,22,26.882,101.471,1.386,668.1733262,0.822826518
6/28/2020 22:00,2020,6,28,6/28/2020,23,25.64,100.579,1.339,668.1849203,0.822840796
6/28/2020 23:00,2020,6,28,6/28/2020,24,26.25,99.675,1.362,626.1525023,0.771079693
6/29/2020 0:00,2020,6,29,6/29/2020,1,23.015,99.145,1.239,584.1200552,0.719318555
6/29/2020 1:00,2020,6,29,6/29/2020,2,23.41,101.021,1.254,584.1315615,0.719332724
6/29/2020 2:00,2020,6,29,6/29/2020,3,22.224,101.189,1.219,584.1430387,0.719346858
6/29/2020 3:00,2020,6,29,6/29/2020,4,18.852,98.956,1.212,584.1544865,0.719360955
6/29/2020 4:00,2020,6,29,6/29/2020,5,16.717,99.184,1.184,584.1659051,0.719375017
6/29/2020 5:00,2020,6,29,6/29/2020,6,16.962,99.563,1.189,584.1772945,0.719389042
6/29/2020 6:00,2020,6,29,6/29/2020,7,12.557,98.233,1.101,584.1886546,0.719403032
6/29/2020 7:00,2020,6,29,6/29/2020,8,15.094,99.702,1.152,616.7969198,0.759558699
6/29/2020 8:00,2020,6,29,6/29/2020,9,13.708,104.017,1.124,695.5041824,0.856483284
6/29/2020 9:00,2020,6,29,6/29/2020,10,13.365,103.503,1.117,774.2114158,0.953407834
6/29/2020 10:00,2020,6,29,6/29/2020,11,13.644,103.099,1.123,806.8195932,0.993563393
6/29/2020 11:00,2020,6,29,6/29/2020,12,14.256,103.879,1.135,806.8308068,0.993577202
6/29/2020 12:00,2020,6,29,6/29/2020,13,15.313,101.327,1.156,806.8419912,0.993590975
6/29/2020 13:00,2020,6,29,6/29/2020,14,17.419,102.313,1.198,806.8531462,0.993604712
6/29/2020 14:00,2020,6,29,6/29/2020,15,17.973,100.811,1.209,806.8642719,0.993618413
6/29/2020 15:00,2020,6,29,6/29/2020,16,20.112,102.932,1.215,806.8753683,0.993632077
6/29/2020 16:00,2020,6,29,6/29/2020,17,20.999,100.983,1.217,806.8864354,0.993645706
6/29/2020 17:00,2020,6,29,6/29/2020,18,22.504,102.346,1.22,806.8974731,0.993659298
6/29/2020 18:00,2020,6,29,6/29/2020,19,24.162,101.054,1.283,806.9084815,0.993672855
6/29/2020 19:00,2020,6,29,6/29/2020,20,26.081,101.48,1.355,737.6705477,0.908409337
6/29/2020 20:00,2020,6,29,6/29/2020,21,25.466,101.425,1.332,668.4325846,0.823145784
6/29/2020 21:00,2020,6,29,6/29/2020,22,26.77,99.55,1.381,668.443505,0.823159232
6/29/2020 22:00,2020,6,29,6/29/2020,23,27.032,100.683,1.391,668.454396,0.823172644
6/29/2020 23:00,2020,6,29,6/29/2020,24,25.646,99.184,1.339,626.4212748,0.771410675
6/30/2020 0:00,2020,6,30,6/30/2020,1,25.373,100.971,1.329,584.3881243,0.71964867
6/30/2020 1:00,2020,6,30,6/30/2020,2,23.226,100.794,1.247,584.3989271,0.719661974
6/30/2020 2:00,2020,6,30,6/30/2020,3,21.221,99.856,1.217,584.4097006,0.719675241
6/30/2020 3:00,2020,6,30,6/30/2020,4,20.382,99.111,1.215,584.4204447,0.719688471
6/30/2020 4:00,2020,6,30,6/30/2020,5,17.337,98.101,1.197,584.4311594,0.719701666
6/30/2020 5:00,2020,6,30,6/30/2020,6,15.766,100.512,1.165,584.4418447,0.719714825
6/30/2020 6:00,2020,6,30,6/30/2020,7,13.976,100.621,1.13,584.4525006,0.719727947
6/30/2020 7:00,2020,6,30,6/30/2020,8,12.344,102.246,1.097,617.0600615,0.759882746
6/30/2020 8:00,2020,6,30,6/30/2020,9,12.983,102.489,1.11,695.7666197,0.856806465
6/30/2020 9:00,2020,6,30,6/30/2020,10,12.878,101.815,1.108,774.4731485,0.953730147
6/30/2020 10:00,2020,6,30,6/30/2020,11,13.728,101.708,1.125,807.0806211,0.993884837
6/30/2020 11:00,2020,6,30,6/30/2020,12,12.235,101.58,1.095,807.0911299,0.993897778
6/30/2020 12:00,2020,6,30,6/30/2020,13,15.324,101.124,1.156,807.1016092,0.993910683
6/30/2020 13:00,2020,6,30,6/30/2020,14,15.316,101.506,1.156,807.1120591,0.993923552
6/30/2020 14:00,2020,6,30,6/30/2020,15,17.152,101.032,1.193,807.1224796,0.993936384
6/30/2020 15:00,2020,6,30,6/30/2020,16,19.845,101.244,1.214,807.1328706,0.99394918
6/30/2020 16:00,2020,6,30,6/30/2020,17,21.485,102.242,1.218,807.1432321,0.99396194
6/30/2020 17:00,2020,6,30,6/30/2020,18,24.46,99.531,1.294,807.1535642,0.993974663
6/30/2020 18:00,2020,6,30,6/30/2020,19,24.322,104.193,1.289,807.1638668,0.993987351
6/30/2020 19:00,2020,6,30,6/30/2020,20,24.262,103.117,1.287,737.9252271,0.908722964
6/30/2020 20:00,2020,6,30,6/30/2020,21,26.293,100.757,1.363,668.686558,0.823458541
6/30/2020 21:00,2020,6,30,6/30/2020,22,27.052,100.573,1.391,668.6967721,0.823471119
6/30/2020 22:00,2020,6,30,6/30/2020,23,26.835,100.141,1.384,668.7069568,0.823483661
6/30/2020 23:00,2020,6,30,6/30/2020,24,25.594,100.048,1.337,626.6731292,0.771720823
7/1/2020 0:00,2020,7,1,7/1/2020,1,27.555,100.643,1.401,586.3525208,0.72206774
7/1/2020 1:00,2020,7,1,7/1/2020,2,24.873,100.415,1.31,586.362617,0.722080172
7/1/2020 2:00,2020,7,1,7/1/2020,3,23.413,100.629,1.254,586.3726836,0.722092569
7/1/2020 3:00,2020,7,1,7/1/2020,4,19.44,99.872,1.213,586.3827207,0.722104929
7/1/2020 4:00,2020,7,1,7/1/2020,5,18.554,99.247,1.211,586.3927284,0.722117253
7/1/2020 5:00,2020,7,1,7/1/2020,6,18.972,101.085,1.212,586.4027064,0.722129541
7/1/2020 6:00,2020,7,1,7/1/2020,7,17.983,100.086,1.21,586.412655,0.722141792
7/1/2020 7:00,2020,7,1,7/1/2020,8,16.35,99.818,1.177,619.2247898,0.762548515
7/1/2020 8:00,2020,7,1,7/1/2020,9,14.956,100.65,1.149,698.4262335,0.860081664
7/1/2020 9:00,2020,7,1,7/1/2020,10,14.303,98.822,1.136,777.6276477,0.957614776
7/1/2020 10:00,2020,7,1,7/1/2020,11,14.636,99.935,1.143,810.4396938,0.99802139
7/1/2020 11:00,2020,7,1,7/1/2020,12,15.482,99.082,1.16,810.4494946,0.998033459
7/1/2020 12:00,2020,7,1,7/1/2020,13,17.01,99.614,1.19,810.4592659,0.998045492
7/1/2020 13:00,2020,7,1,7/1/2020,14,17.498,99.144,1.2,810.4690075,0.998057488
7/1/2020 14:00,2020,7,1,7/1/2020,15,20.332,101.121,1.215,810.4787196,0.998069448
7/1/2020 15:00,2020,7,1,7/1/2020,16,21.709,100.086,1.218,810.4884022,0.998081372
7/1/2020 16:00,2020,7,1,7/1/2020,17,22.712,99.631,1.228,810.4980551,0.998093259
7/1/2020 17:00,2020,7,1,7/1/2020,18,23.994,99.136,1.276,810.5076784,0.99810511
7/1/2020 18:00,2020,7,1,7/1/2020,19,26.483,99.901,1.37,810.5172722,0.998116924
7/1/2020 19:00,2020,7,1,7/1/2020,20,26.105,100.039,1.356,740.8418239,0.912314627
7/1/2020 20:00,2020,7,1,7/1/2020,21,25.94,100.831,1.35,671.166346,0.826512293
7/1/2020 21:00,2020,7,1,7/1/2020,22,28.281,99.931,1.416,671.1758509,0.826523998
7/1/2020 22:00,2020,7,1,7/1/2020,23,28.771,101.217,1.425,671.1853263,0.826535666
7/1/2020 23:00,2020,7,1,7/1/2020,24,26.643,99.028,1.377,628.8860144,0.774445895
7/2/2020 0:00,2020,7,2,7/2/2020,1,25.077,99.29,1.317,586.5866729,0.722356088
7/2/2020 1:00,2020,7,2,7/2/2020,2,22.975,99.756,1.238,586.5960594,0.722367647
7/2/2020 2:00,2020,7,2,7/2/2020,3,23.434,100.944,1.255,586.6054162,0.722379169
7/2/2020 3:00,2020,7,2,7/2/2020,4,19.88,98.973,1.214,586.6147434,0.722390655
7/2/2020 4:00,2020,7,2,7/2/2020,5,18.937,100.232,1.212,586.624041,0.722402105
7/2/2020 5:00,2020,7,2,7/2/2020,6,17.109,99.223,1.192,586.6333089,0.722413518
7/2/2020 6:00,2020,7,2,7/2/2020,7,16.8,100.146,1.186,586.6425471,0.722424894
7/2/2020 7:00,2020,7,2,7/2/2020,8,14.776,98.971,1.146,619.4539715,0.762830743
7/2/2020 8:00,2020,7,2,7/2/2020,9,13.483,100.004,1.12,698.6547047,0.860363016
7/2/2020 9:00,2020,7,2,7/2/2020,10,13.131,100.867,1.113,777.8554082,0.957895253
7/2/2020 10:00,2020,7,2,7/2/2020,11,13.243,100.993,1.115,810.6667436,0.998300992
7/2/2020 11:00,2020,7,2,7/2/2020,12,15.474,100.888,1.159,810.6758336,0.998312186
7/2/2020 12:00,2020,7,2,7/2/2020,13,17.188,102.829,1.194,810.6848938,0.998323343
7/2/2020 13:00,2020,7,2,7/2/2020,14,17.229,99.629,1.195,810.6939244,0.998334464
7/2/2020 14:00,2020,7,2,7/2/2020,15,19.923,99.201,1.214,810.7029252,0.998345548
7/2/2020 15:00,2020,7,2,7/2/2020,16,21.695,100.184,1.218,810.7118964,0.998356596
7/2/2020 16:00,2020,7,2,7/2/2020,17,22.874,100.293,1.234,810.7208379,0.998367607
7/2/2020 17:00,2020,7,2,7/2/2020,18,23.94,99.917,1.274,810.7297497,0.998378581
7/2/2020 18:00,2020,7,2,7/2/2020,19,25.489,100.36,1.333,810.7386317,0.998389519
7/2/2020 19:00,2020,7,2,7/2/2020,20,26.436,99.354,1.369,741.0624716,0.912586345
7/2/2020 20:00,2020,7,2,7/2/2020,21,27.44,99.462,1.399,671.3862818,0.826783134
7/2/2020 21:00,2020,7,2,7/2/2020,22,27.276,100.791,1.396,671.3950747,0.826793962
7/2/2020 22:00,2020,7,2,7/2/2020,23,27.982,99.562,1.41,671.4038379,0.826804754
7/2/2020 23:00,2020,7,2,7/2/2020,24,27.781,98.246,1.406,629.1038138,0.774714106
7/3/2020 0:00,2020,7,3,7/3/2020,1,25.456,100.296,1.332,586.80376,0.722623421
7/3/2020 1:00,2020,7,3,7/3/2020,2,24.942,99.309,1.312,586.812434,0.722634103
7/3/2020 2:00,2020,7,3,7/3/2020,3,24.045,100.291,1.278,586.8210782,0.722644748
7/3/2020 3:00,2020,7,3,7/3/2020,4,21.29,100.353,1.217,586.8296927,0.722655356
7/3/2020 4:00,2020,7,3,7/3/2020,5,20.1,98.561,1.215,586.8382774,0.722665928
7/3/2020 5:00,2020,7,3,7/3/2020,6,18.231,98.67,1.211,586.8468324,0.722676463
7/3/2020 6:00,2020,7,3,7/3/2020,7,15.827,100.491,1.167,586.8553577,0.722686961
7/3/2020 7:00,2020,7,3,7/3/2020,8,15.778,99.762,1.166,619.6660689,0.763091931
7/3/2020 8:00,2020,7,3,7/3/2020,9,15.177,102.748,1.154,698.8660888,0.860623327
7/3/2020 9:00,2020,7,3,7/3/2020,10,14.443,102.103,1.139,778.066079,0.958154685
7/3/2020 10:00,2020,7,3,7/3/2020,11,14.092,101.633,1.132,810.8767009,0.998559545
7/3/2020 11:00,2020,7,3,7/3/2020,12,15.383,102.584,1.158,810.8850773,0.99856986
7/3/2020 12:00,2020,7,3,7/3/2020,13,16.657,101.88,1.183,810.8934239,0.998580139
7/3/2020 13:00,2020,7,3,7/3/2020,14,17.36,100.119,1.197,810.9017406,0.99859038
7/3/2020 14:00,2020,7,3,7/3/2020,15,18.805,102.668,1.212,810.9100276,0.998600586
7/3/2020 15:00,2020,7,3,7/3/2020,16,22.233,103.157,1.219,810.9182848,0.998610754
7/3/2020 16:00,2020,7,3,7/3/2020,17,23.692,102.15,1.265,810.9265122,0.998620886
7/3/2020 17:00,2020,7,3,7/3/2020,18,23.757,102.388,1.267,810.9347097,0.99863098
7/3/2020 18:00,2020,7,3,7/3/2020,19,26.277,100.948,1.363,810.9428775,0.998641039
7/3/2020 19:00,2020,7,3,7/3/2020,20,25.8,100.859,1.345,741.2660029,0.912836985
7/3/2020 20:00,2020,7,3,7/3/2020,21,27.656,101.547,1.403,671.5890986,0.827032894
7/3/2020 21:00,2020,7,3,7/3/2020,22,27.285,99.063,1.396,671.5971769,0.827042842
7/3/2020 22:00,2020,7,3,7/3/2020,23,27.463,99.23,1.399,671.6052253,0.827052754
7/3/2020 23:00,2020,7,3,7/3/2020,24,27.73,99.5,1.405,629.3044864,0.774961225
7/4/2020 0:00,2020,7,4,7/4/2020,1,26.909,101.224,1.387,587.0037176,0.72286966
7/4/2020 1:00,2020,7,4,7/4/2020,2,24.24,98.772,1.286,587.0116765,0.722879461
7/4/2020 2:00,2020,7,4,7/4/2020,3,21.902,100.278,1.219,587.0196056,0.722889226
7/4/2020 3:00,2020,7,4,7/4/2020,4,19.695,99.782,1.214,587.0275049,0.722898953
7/4/2020 4:00,2020,7,4,7/4/2020,5,20.549,99.9,1.216,587.0353743,0.722908644
7/4/2020 5:00,2020,7,4,7/4/2020,6,18.098,98.834,1.21,587.0432138,0.722918298
7/4/2020 6:00,2020,7,4,7/4/2020,7,17.099,99.165,1.192,587.0510235,0.722927915
7/4/2020 7:00,2020,7,4,7/4/2020,8,15.479,100.409,1.16,619.8610191,0.763332004
7/4/2020 8:00,2020,7,4,7/4/2020,9,14.453,101.264,1.139,699.0603232,0.860862518
7/4/2020 9:00,2020,7,4,7/4/2020,10,14.718,100.143,1.144,778.2595976,0.958392995
7/4/2020 10:00,2020,7,4,7/4/2020,11,14.679,102.465,1.144,811.0695035,0.998796973
7/4/2020 11:00,2020,7,4,7/4/2020,12,14.69,101.799,1.144,811.0771638,0.998806407
7/4/2020 12:00,2020,7,4,7/4/2020,13,15.83,101.43,1.167,811.0847942,0.998815803
7/4/2020 13:00,2020,7,4,7/4/2020,14,19.285,101.95,1.213,811.0923948,0.998825163
7/4/2020 14:00,2020,7,4,7/4/2020,15,19.277,102.342,1.213,811.0999654,0.998834486
7/4/2020 15:00,2020,7,4,7/4/2020,16,20.939,103.206,1.217,811.1075061,0.998843772
7/4/2020 16:00,2020,7,4,7/4/2020,17,23.783,101.372,1.268,811.1150169,0.998853021
7/4/2020 17:00,2020,7,4,7/4/2020,18,23.271,101.752,1.249,811.1224979,0.998862233
7/4/2020 18:00,2020,7,4,7/4/2020,19,25.797,102.146,1.345,811.1299489,0.998871409
7/4/2020 19:00,2020,7,4,7/4/2020,20,25.734,100.941,1.342,741.4523575,0.913066472
7/4/2020 20:00,2020,7,4,7/4/2020,21,29.117,98.092,1.432,671.7747362,0.827261499
7/4/2020 21:00,2020,7,4,7/4/2020,22,27.342,99.416,1.397,671.7820975,0.827270564
7/4/2020 22:00,2020,7,4,7/4/2020,23,26.333,101.013,1.365,671.7894288,0.827279592
7/4/2020 23:00,2020,7,4,7/4/2020,24,25.293,100.05,1.326,629.4879726,0.775187181
7/5/2020 0:00,2020,7,5,7/5/2020,1,25.793,99.04,1.344,587.1864865,0.723094732
7/5/2020 1:00,2020,7,5,7/5/2020,2,24.367,100.396,1.291,587.1937281,0.72310365
7/5/2020 2:00,2020,7,5,7/5/2020,3,22.274,100.23,1.219,587.2009397,0.723112531
7/5/2020 3:00,2020,7,5,7/5/2020,4,20.323,100.467,1.215,587.2081213,0.723121375
7/5/2020 4:00,2020,7,5,7/5/2020,5,20.894,99.285,1.216,587.215273,0.723130182
7/5/2020 5:00,2020,7,5,7/5/2020,6,18.047,100.401,1.21,587.2223948,0.723138952
7/5/2020 6:00,2020,7,5,7/5/2020,7,17.852,99.235,1.207,587.2294866,0.723147685
7/5/2020 7:00,2020,7,5,7/5/2020,8,13.822,100.009,1.126,620.0387642,0.76355089
7/5/2020 8:00,2020,7,5,7/5/2020,9,14.732,102.454,1.145,699.2373504,0.861080519
7/5/2020 9:00,2020,7,5,7/5/2020,10,15.205,101.723,1.154,778.4359065,0.958610112
7/5/2020 10:00,2020,7,5,7/5/2020,11,15.69,103.558,1.164,811.2450943,0.999013206
7/5/2020 11:00,2020,7,5,7/5/2020,12,14.958,102.797,1.149,811.2520362,0.999021754
7/5/2020 12:00,2020,7,5,7/5/2020,13,17.458,101.516,1.199,811.2589482,0.999030266
7/5/2020 13:00,2020,7,5,7/5/2020,14,17.372,103.071,1.197,811.2658303,0.999038741
7/5/2020 14:00,2020,7,5,7/5/2020,15,20.14,101.461,1.215,811.2726823,0.999047179
7/5/2020 15:00,2020,7,5,7/5/2020,16,21.161,101.567,1.217,811.2795043,0.99905558
7/5/2020 16:00,2020,7,5,7/5/2020,17,22.628,102.517,1.225,811.2862964,0.999063944
7/5/2020 17:00,2020,7,5,7/5/2020,18,23.53,102.649,1.259,811.2930584,0.999072271
7/5/2020 18:00,2020,7,5,7/5/2020,19,25.736,102.792,1.342,811.2997905,0.999080562
7/5/2020 19:00,2020,7,5,7/5/2020,20,27.425,104.303,1.398,741.6214801,0.91327474
7/5/2020 20:00,2020,7,5,7/5/2020,21,28.21,99.148,1.414,671.9431397,0.82746888
7/5/2020 21:00,2020,7,5,7/5/2020,22,27.665,100.822,1.403,671.9497817,0.82747706
7/5/2020 22:00,2020,7,5,7/5/2020,23,26.973,103.356,1.389,671.9563938,0.827485202
7/5/2020 23:00,2020,7,5,7/5/2020,24,27.405,98.663,1.398,629.6542182,0.775391905
7/6/2020 0:00,2020,7,6,7/6/2020,1,28.511,100.96,1.42,587.3520127,0.72329857
7/6/2020 1:00,2020,7,6,7/6/2020,2,25.602,101.657,1.337,587.3585347,0.723306602
7/6/2020 2:00,2020,7,6,7/6/2020,3,22.12,100.463,1.219,587.3650266,0.723314597
7/6/2020 3:00,2020,7,6,7/6/2020,4,20.579,100.927,1.216,587.3714886,0.723322554
7/6/2020 4:00,2020,7,6,7/6/2020,5,19.397,99.056,1.213,587.3779205,0.723330475
7/6/2020 5:00,2020,7,6,7/6/2020,6,18.351,98.552,1.211,587.3843223,0.723338358
7/6/2020 6:00,2020,7,6,7/6/2020,7,16.108,99.148,1.172,587.3906942,0.723346205
7/6/2020 7:00,2020,7,6,7/6/2020,8,16.439,100.947,1.179,620.1992517,0.763748523
7/6/2020 8:00,2020,7,6,7/6/2020,9,14.356,101.278,1.137,699.3971177,0.861277266
7/6/2020 9:00,2020,7,6,7/6/2020,10,15.598,100.394,1.162,778.5949537,0.958805971
7/6/2020 10:00,2020,7,6,7/6/2020,11,14.065,102.426,1.131,811.4034211,0.999208178
7/6/2020 11:00,2020,7,6,7/6/2020,12,16.008,101.629,1.17,811.4096427,0.99921584
7/6/2020 12:00,2020,7,6,7/6/2020,13,15.879,102.935,1.168,811.4158342,0.999223464
7/6/2020 13:00,2020,7,6,7/6/2020,14,16.442,102.566,1.179,811.4219957,0.999231052
7/6/2020 14:00,2020,7,6,7/6/2020,15,19.677,102.666,1.214,811.4281271,0.999238603
7/6/2020 15:00,2020,7,6,7/6/2020,16,20.635,102.266,1.216,811.4342285,0.999246116
7/6/2020 16:00,2020,7,6,7/6/2020,17,22.19,102.563,1.219,811.4402997,0.999253593
7/6/2020 17:00,2020,7,6,7/6/2020,18,22.974,102.351,1.238,811.4463409,0.999261032
7/6/2020 18:00,2020,7,6,7/6/2020,19,26.084,102.463,1.355,811.4523521,0.999268435
7/6/2020 19:00,2020,7,6,7/6/2020,20,27.437,102.012,1.399,741.7733206,0.913461725
7/6/2020 20:00,2020,7,6,7/6/2020,21,27.366,99.619,1.397,672.0942591,0.827654978
7/6/2020 21:00,2020,7,6,7/6/2020,22,27.219,100.857,1.394,672.10018,0.827662269
7/6/2020 22:00,2020,7,6,7/6/2020,23,27.215,101.884,1.394,672.1060708,0.827669523
7/6/2020 23:00,2020,7,6,7/6/2020,24,27.592,99.616,1.402,629.8031739,0.775575337
7/7/2020 0:00,2020,7,7,7/7/2020,1,24.989,100.251,1.314,587.5002469,0.723481115
7/7/2020 1:00,2020,7,7,7/7/2020,2,24.732,99.6,1.304,587.5060474,0.723488258
7/7/2020 2:00,2020,7,7,7/7/2020,3,22.575,100.497,1.223,587.5118178,0.723495364
7/7/2020 3:00,2020,7,7,7/7/2020,4,21.968,98.18,1.219,587.5175581,0.723502433
7/7/2020 4:00,2020,7,7,7/7/2020,5,20.186,101.865,1.215,587.5232683,0.723509464
7/7/2020 5:00,2020,7,7,7/7/2020,6,17.638,101.359,1.203,587.5289484,0.723516459
7/7/2020 6:00,2020,7,7,7/7/2020,7,15.823,98.939,1.166,587.5345984,0.723523417
7/7/2020 7:00,2020,7,7,7/7/2020,8,15.367,101.118,1.157,620.342434,0.763924846
7/7/2020 8:00,2020,7,7,7/7/2020,9,14.501,101.629,1.14,699.539578,0.861452699
7/7/2020 9:00,2020,7,7,7/7/2020,10,13.582,100.953,1.122,778.7366919,0.958980516
7/7/2020 10:00,2020,7,7,7/7/2020,11,14.044,101.41,1.131,811.5444372,0.999381833
7/7/2020 11:00,2020,7,7,7/7/2020,12,15.481,101.428,1.16,811.5499365,0.999388606
7/7/2020 12:00,2020,7,7,7/7/2020,13,16.663,102.534,1.183,811.5554058,0.999395341
7/7/2020 13:00,2020,7,7,7/7/2020,14,18.42,102.373,1.211,811.5608449,0.999402039
7/7/2020 14:00,2020,7,7,7/7/2020,15,19.985,103.5,1.214,811.5662538,0.9994087
7/7/2020 15:00,2020,7,7,7/7/2020,16,20.871,102.591,1.216,811.5716327,0.999415323
7/7/2020 16:00,2020,7,7,7/7/2020,17,22.196,101.384,1.219,811.5769814,0.99942191
7/7/2020 17:00,2020,7,7,7/7/2020,18,23.915,102.063,1.273,811.5822999,0.99942846
7/7/2020 18:00,2020,7,7,7/7/2020,19,27.476,102.151,1.4,811.5875883,0.999434972
7/7/2020 19:00,2020,7,7,7/7/2020,20,27.179,102.099,1.394,741.9078341,0.913627372
7/7/2020 20:00,2020,7,7,7/7/2020,21,27.911,98.563,1.408,672.2280497,0.827819735
7/7/2020 21:00,2020,7,7,7/7/2020,22,28.434,100.957,1.419,672.2332477,0.827826136
7/7/2020 22:00,2020,7,7,7/7/2020,23,26.799,102.123,1.382,672.2384155,0.8278325
7/7/2020 23:00,2020,7,7,7/7/2020,24,26.034,98.767,1.354,629.9347955,0.775737424
7/8/2020 0:00,2020,7,8,7/8/2020,1,26.669,99.38,1.378,587.6311454,0.72364231
7/8/2020 1:00,2020,7,8,7/8/2020,2,24.807,99.218,1.307,587.6362227,0.723648563
7/8/2020 2:00,2020,7,8,7/8/2020,3,23.505,100.894,1.258,587.6412698,0.723654778
7/8/2020 3:00,2020,7,8,7/8/2020,4,20.346,99.763,1.215,587.6462868,0.723660956
7/8/2020 4:00,2020,7,8,7/8/2020,5,19.449,100.051,1.213,587.6512736,0.723667097
7/8/2020 5:00,2020,7,8,7/8/2020,6,16.084,100.235,1.172,587.6562302,0.723673201
7/8/2020 6:00,2020,7,8,7/8/2020,7,16.345,98.983,1.177,587.6611566,0.723679268
7/8/2020 7:00,2020,7,8,7/8/2020,8,16.926,99.823,1.189,620.4682687,0.764079806
7/8/2020 8:00,2020,7,8,7/8/2020,9,15.257,100.228,1.155,699.664689,0.861606768
7/8/2020 9:00,2020,7,8,7/8/2020,10,15.036,100.744,1.151,778.8610792,0.959133693
7/8/2020 10:00,2020,7,8,7/8/2020,11,14.856,101.199,1.147,811.6681007,0.99953412
7/8/2020 11:00,2020,7,8,7/8/2020,12,15.374,99.969,1.157,811.6728762,0.99954
7/8/2020 12:00,2020,7,8,7/8/2020,13,15.42,100.241,1.158,811.6776215,0.999545844
7/8/2020 13:00,2020,7,8,7/8/2020,14,17.733,101.262,1.205,811.6823366,0.999551651
7/8/2020 14:00,2020,7,8,7/8/2020,15,19.515,100.271,1.213,811.6870215,0.99955742
7/8/2020 15:00,2020,7,8,7/8/2020,16,21.48,100.08,1.218,811.6916762,0.999563152
7/8/2020 16:00,2020,7,8,7/8/2020,17,23.571,98.374,1.26,811.6963008,0.999568847
7/8/2020 17:00,2020,7,8,7/8/2020,18,23.635,100.289,1.263,811.7008951,0.999574505
7/8/2020 18:00,2020,7,8,7/8/2020,19,26.056,99.83,1.354,811.7054592,0.999580125
7/8/2020 19:00,2020,7,8,7/8/2020,20,26.241,101.666,1.361,742.0249806,0.913771633
7/8/2020 20:00,2020,7,8,7/8/2020,21,27.466,99.26,1.399,672.3444718,0.827963104
7/8/2020 21:00,2020,7,8,7/8/2020,22,27.978,99.788,1.41,672.3489453,0.827968613
7/8/2020 22:00,2020,7,8,7/8/2020,23,30.331,99.895,1.457,672.3533886,0.827974084
7/8/2020 23:00,2020,7,8,7/8/2020,24,28.567,100.564,1.421,630.049044,0.775878116
7/9/2020 0:00,2020,7,9,7/9/2020,1,25.592,100.159,1.337,587.7446693,0.72378211
7/9/2020 1:00,2020,7,9,7/9/2020,2,24.818,98.442,1.308,587.7490219,0.72378747
7/9/2020 2:00,2020,7,9,7/9/2020,3,23.784,100.218,1.269,587.7533443,0.723792793
7/9/2020 3:00,2020,7,9,7/9/2020,4,21.527,99.966,1.218,587.7576364,0.723798079
7/9/2020 4:00,2020,7,9,7/9/2020,5,19.206,101.592,1.213,587.7618983,0.723803327
7/9/2020 5:00,2020,7,9,7/9/2020,6,17.994,100.288,1.21,587.76613,0.723808538
7/9/2020 6:00,2020,7,9,7/9/2020,7,16.099,99.306,1.172,587.7703314,0.723813712
7/9/2020 7:00,2020,7,9,7/9/2020,8,15.409,102.75,1.158,620.5767184,0.764213357
7/9/2020 8:00,2020,7,9,7/9/2020,9,14.744,101.412,1.145,699.7724136,0.861739426
7/9/2020 9:00,2020,7,9,7/9/2020,10,14.014,101.294,1.13,778.9680786,0.959265458
7/9/2020 10:00,2020,7,9,7/9/2020,11,13.657,98.358,1.123,811.7743749,0.999664992
7/9/2020 11:00,2020,7,9,7/9/2020,12,15.061,101.096,1.151,811.7784251,0.999669979
7/9/2020 12:00,2020,7,9,7/9/2020,13,15.128,99.918,1.153,811.7824451,0.99967493
7/9/2020 13:00,2020,7,9,7/9/2020,14,17.656,100.208,1.203,811.7864349,0.999679843
7/9/2020 14:00,2020,7,9,7/9/2020,15,19.794,99.892,1.214,811.7903944,0.999684719
7/9/2020 15:00,2020,7,9,7/9/2020,16,23.068,100.789,1.241,811.7943236,0.999689558
7/9/2020 16:00,2020,7,9,7/9/2020,17,22.121,99.306,1.219,811.7982226,0.999694359
7/9/2020 17:00,2020,7,9,7/9/2020,18,24.921,99.567,1.311,811.8020913,0.999699123
7/9/2020 18:00,2020,7,9,7/9/2020,19,24.643,100.217,1.301,811.8059298,0.99970385
7/9/2020 19:00,2020,7,9,7/9/2020,20,27.653,101.124,1.403,742.1247255,0.913894464
7/9/2020 20:00,2020,7,9,7/9/2020,21,26.843,100.563,1.384,672.443491,0.828085041
7/9/2020 21:00,2020,7,9,7/9/2020,22,27.908,100.359,1.408,672.4472387,0.828089657
7/9/2020 22:00,2020,7,9,7/9/2020,23,26.74,100.313,1.38,672.4509561,0.828094234
7/9/2020 23:00,2020,7,9,7/9/2020,24,26.294,98.669,1.363,630.1458856,0.775997372
7/10/2020 0:00,2020,7,10,7/10/2020,1,25.176,99.786,1.321,587.8407849,0.723900472
7/10/2020 1:00,2020,7,10,7/10/2020,2,23.059,100.099,1.241,587.8444115,0.723904938
7/10/2020 2:00,2020,7,10,7/10/2020,3,22.205,98.606,1.219,587.8480079,0.723909367
7/10/2020 3:00,2020,7,10,7/10/2020,4,20.19,100.233,1.215,587.8515739,0.723913759
7/10/2020 4:00,2020,7,10,7/10/2020,5,18.876,98.728,1.212,587.8551097,0.723918113
7/10/2020 5:00,2020,7,10,7/10/2020,6,17.05,99.8,1.191,587.8586152,0.72392243
7/10/2020 6:00,2020,7,10,7/10/2020,7,16.742,100.588,1.185,587.8620904,0.723926709
7/10/2020 7:00,2020,7,10,7/10/2020,8,15.635,98.69,1.163,620.6677511,0.76432546
7/10/2020 8:00,2020,7,10,7/10/2020,9,14.248,102.119,1.135,699.86272,0.861850635
7/10/2020 9:00,2020,7,10,7/10/2020,10,15.611,102.029,1.162,779.0576586,0.959375772
7/10/2020 10:00,2020,7,10,7/10/2020,11,13.856,101.818,1.127,811.8632284,0.999774411
7/10/2020 11:00,2020,7,10,7/10/2020,12,14.098,100.737,1.132,811.8665522,0.999778504
7/10/2020 12:00,2020,7,10,7/10/2020,13,15.696,101.242,1.164,811.8698457,0.99978256
7/10/2020 13:00,2020,7,10,7/10/2020,14,17.769,101.327,1.205,811.8731089,0.999786578
7/10/2020 14:00,2020,7,10,7/10/2020,15,20.405,100.043,1.215,811.8763417,0.99979056
7/10/2020 15:00,2020,7,10,7/10/2020,16,21.089,101.86,1.217,811.8795443,0.999794503
7/10/2020 16:00,2020,7,10,7/10/2020,17,22.866,101.913,1.234,811.8827166,0.99979841
7/10/2020 17:00,2020,7,10,7/10/2020,18,24.079,102.24,1.28,811.8858586,0.999802279
7/10/2020 18:00,2020,7,10,7/10/2020,19,26.978,102.936,1.389,811.8889703,0.999806111
7/10/2020 19:00,2020,7,10,7/10/2020,20,26.876,103.074,1.385,742.2070392,0.91399583
7/10/2020 20:00,2020,7,10,7/10/2020,21,28.319,99.995,1.416,672.5250778,0.828185512
7/10/2020 21:00,2020,7,10,7/10/2020,22,28.008,100.984,1.41,672.5280986,0.828189232
7/10/2020 22:00,2020,7,10,7/10/2020,23,27.717,99.322,1.404,672.531089,0.828192915
7/10/2020 23:00,2020,7,10,7/10/2020,24,28.732,99.705,1.425,630.2252916,0.776095157
7/11/2020 0:00,2020,7,11,7/11/2020,1,25.202,101.192,1.322,587.9194639,0.723997362
7/11/2020 1:00,2020,7,11,7/11/2020,2,24.67,100.269,1.302,587.9223634,0.724000933
7/11/2020 2:00,2020,7,11,7/11/2020,3,21.976,98.729,1.219,587.9252326,0.724004466
7/11/2020 3:00,2020,7,11,7/11/2020,4,21.418,101.267,1.218,587.9280715,0.724007962
7/11/2020 4:00,2020,7,11,7/11/2020,5,18.359,100.012,1.211,587.9308801,0.724011421
7/11/2020 5:00,2020,7,11,7/11/2020,6,18.619,99.589,1.211,587.9336584,0.724014842
7/11/2020 6:00,2020,7,11,7/11/2020,7,16.577,101.377,1.182,587.9364063,0.724018226
7/11/2020 7:00,2020,7,11,7/11/2020,8,14.964,99.094,1.149,620.7413397,0.764416081
7/11/2020 8:00,2020,7,11,7/11/2020,9,14.68,100.518,1.144,699.9355813,0.86194036
7/11/2020 9:00,2020,7,11,7/11/2020,10,16.339,102.432,1.177,779.1297925,0.959464602
7/11/2020 10:00,2020,7,11,7/11/2020,11,13.36,100.79,1.117,811.9346349,0.999862345
7/11/2020 11:00,2020,7,11,7/11/2020,12,15.861,102.815,1.167,811.9372312,0.999865542
7/11/2020 12:00,2020,7,11,7/11/2020,13,18.103,102.867,1.21,811.9397972,0.999868702
7/11/2020 13:00,2020,7,11,7/11/2020,14,17.275,102.303,1.195,811.9423329,0.999871825
7/11/2020 14:00,2020,7,11,7/11/2020,15,17.81,102.008,1.206,811.9448382,0.99987491
7/11/2020 15:00,2020,7,11,7/11/2020,16,20.607,101.173,1.216,811.9473132,0.999877958
7/11/2020 16:00,2020,7,11,7/11/2020,17,21.912,101.647,1.219,811.9497578,0.999880968
7/11/2020 17:00,2020,7,11,7/11/2020,18,25.285,102.559,1.325,811.9521721,0.999883941
7/11/2020 18:00,2020,7,11,7/11/2020,19,25.851,101.294,1.347,811.9545561,0.999886877
7/11/2020 19:00,2020,7,11,7/11/2020,20,28.042,103.457,1.411,742.2718973,0.9140757
7/11/2020 20:00,2020,7,11,7/11/2020,21,27.887,101.534,1.408,672.5892081,0.828264486
7/11/2020 21:00,2020,7,11,7/11/2020,22,28.384,102.396,1.418,672.5915011,0.82826731
7/11/2020 22:00,2020,7,11,7/11/2020,23,25.593,100.735,1.337,672.5937637,0.828270096
7/11/2020 23:00,2020,7,11,7/11/2020,24,26.412,100.299,1.368,630.2872385,0.776171442
7/12/2020 0:00,2020,7,12,7/12/2020,1,25.562,101.502,1.336,587.9806828,0.724072751
7/12/2020 1:00,2020,7,12,7/12/2020,2,25.313,97.567,1.326,587.9828544,0.724075425
7/12/2020 2:00,2020,7,12,7/12/2020,3,22.812,100.146,1.232,587.9849957,0.724078062
7/12/2020 3:00,2020,7,12,7/12/2020,4,19.752,100.61,1.214,587.9871066,0.724080661
7/12/2020 4:00,2020,7,12,7/12/2020,5,19.719,98.54,1.214,587.9891871,0.724083223
7/12/2020 5:00,2020,7,12,7/12/2020,6,16.83,99.945,1.187,587.9912373,0.724085748
7/12/2020 6:00,2020,7,12,7/12/2020,7,17.092,99.248,1.192,587.9932572,0.724088235
7/12/2020 7:00,2020,7,12,7/12/2020,8,15.611,98.81,1.162,620.7974625,0.764485194
7/12/2020 8:00,2020,7,12,7/12/2020,9,14.32,101.179,1.136,699.9909759,0.862008576
7/12/2020 9:00,2020,7,12,7/12/2020,10,15.067,100.72,1.151,779.1844589,0.959531921
7/12/2020 10:00,2020,7,12,7/12/2020,11,14.939,101.945,1.149,811.9885732,0.999928768
7/12/2020 11:00,2020,7,12,7/12/2020,12,14.565,99.615,1.141,811.9904413,0.999931068
7/12/2020 12:00,2020,7,12,7/12/2020,13,16.473,104.102,1.179,811.992279,0.999933331
7/12/2020 13:00,2020,7,12,7/12/2020,14,18.955,102.679,1.212,811.9940864,0.999935557
7/12/2020 14:00,2020,7,12,7/12/2020,15,20.868,101.677,1.216,811.9958634,0.999937745
7/12/2020 15:00,2020,7,12,7/12/2020,16,19.87,100.037,1.214,811.99761,0.999939896
7/12/2020 16:00,2020,7,12,7/12/2020,17,21.735,103.144,1.218,811.9993263,0.99994201
7/12/2020 17:00,2020,7,12,7/12/2020,18,24.669,100.254,1.302,812.0010123,0.999944086
7/12/2020 18:00,2020,7,12,7/12/2020,19,25.075,101.601,1.317,812.0026679,0.999946125
7/12/2020 19:00,2020,7,12,7/12/2020,20,26.739,103.396,1.38,742.3192806,0.914134051
7/12/2020 20:00,2020,7,12,7/12/2020,21,26.589,100.047,1.374,672.635863,0.828321939
7/12/2020 21:00,2020,7,12,7/12/2020,22,28.449,100.046,1.419,672.6374275,0.828323866
7/12/2020 22:00,2020,7,12,7/12/2020,23,27.605,101.909,1.402,672.6389616,0.828325755
7/12/2020 23:00,2020,7,12,7/12/2020,24,26.362,100.11,1.366,630.3317078,0.776226204
7/13/2020 0:00,2020,7,13,7/13/2020,1,25.697,99.637,1.341,588.0244236,0.724126615
7/13/2020 1:00,2020,7,13,7/13/2020,2,23.782,99.699,1.268,588.0258666,0.724128392
7/13/2020 2:00,2020,7,13,7/13/2020,3,23.021,98.242,1.24,588.0272793,0.724130132
7/13/2020 3:00,2020,7,13,7/13/2020,4,21.027,100.301,1.217,588.0286616,0.724131834
7/13/2020 4:00,2020,7,13,7/13/2020,5,19.718,98.909,1.214,588.0300135,0.724133499
7/13/2020 5:00,2020,7,13,7/13/2020,6,18.511,100.388,1.211,588.031335,0.724135127
7/13/2020 6:00,2020,7,13,7/13/2020,7,15.44,97.773,1.159,588.0326262,0.724136717
7/13/2020 7:00,2020,7,13,7/13/2020,8,16.844,101.216,1.187,620.8361028,0.764532778
7/13/2020 8:00,2020,7,13,7/13/2020,9,15.974,102.928,1.169,700.0288875,0.862055263
7/13/2020 9:00,2020,7,13,7/13/2020,10,15.212,102.294,1.154,779.2216418,0.95957771
7/13/2020 10:00,2020,7,13,7/13/2020,11,15.314,101.144,1.156,812.0250273,0.999973659
7/13/2020 11:00,2020,7,13,7/13/2020,12,16.415,101.969,1.178,812.0261666,0.999975062
7/13/2020 12:00,2020,7,13,7/13/2020,13,17.322,101.097,1.196,812.0272755,0.999976428
7/13/2020 13:00,2020,7,13,7/13/2020,14,16.682,100.292,1.184,812.0283541,0.999977756
7/13/2020 14:00,2020,7,13,7/13/2020,15,20.099,103.016,1.215,812.0294022,0.999979047
7/13/2020 15:00,2020,7,13,7/13/2020,16,21.423,102.397,1.218,812.0304201,0.9999803
7/13/2020 16:00,2020,7,13,7/13/2020,17,22.703,100.581,1.228,812.0314075,0.999981516
7/13/2020 17:00,2020,7,13,7/13/2020,18,23.943,102.635,1.275,812.0323645,0.999982695
7/13/2020 18:00,2020,7,13,7/13/2020,19,25.265,102.515,1.324,812.0332912,0.999983836
7/13/2020 19:00,2020,7,13,7/13/2020,20,27.027,100.388,1.391,742.349175,0.914170864
7/13/2020 20:00,2020,7,13,7/13/2020,21,26.975,101.025,1.389,672.6650285,0.828357855
7/13/2020 21:00,2020,7,13,7/13/2020,22,28.407,100.385,1.418,672.665864,0.828358884
7/13/2020 22:00,2020,7,13,7/13/2020,23,26.665,101.244,1.377,672.6666692,0.828359876
7/13/2020 23:00,2020,7,13,7/13/2020,24,27.002,100.857,1.39,630.3586864,0.776259427
7/14/2020 0:00,2020,7,14,7/14/2020,1,26.136,99.626,1.357,588.0506732,0.724158941
7/14/2020 1:00,2020,7,14,7/14/2020,2,24.342,100.514,1.29,588.0513873,0.72415982
7/14/2020 2:00,2020,7,14,7/14/2020,3,23.756,99.819,1.267,588.0520709,0.724160662
7/14/2020 3:00,2020,7,14,7/14/2020,4,20.39,98.744,1.215,588.0527242,0.724161466
7/14/2020 4:00,2020,7,14,7/14/2020,5,19.131,100.157,1.213,588.053347,0.724162233
7/14/2020 5:00,2020,7,14,7/14/2020,6,18.339,99.209,1.211,588.0539395,0.724162963
7/14/2020 6:00,2020,7,14,7/14/2020,7,16.758,98.687,1.185,588.0545016,0.724163655
7/14/2020 7:00,2020,7,14,7/14/2020,8,16.359,99.137,1.177,620.8572492,0.764558818
7/14/2020 8:00,2020,7,14,7/14/2020,9,13.742,101.427,1.125,700.0493048,0.862080406
7/14/2020 9:00,2020,7,14,7/14/2020,10,14.918,99.908,1.148,779.24133,0.959601956
7/14/2020 10:00,2020,7,14,7/14/2020,11,13.279,102.244,1.116,812.0439863,0.999997007
7/14/2020 11:00,2020,7,14,7/14/2020,12,16.065,101.388,1.171,812.0443965,0.999997512
7/14/2020 12:00,2020,7,14,7/14/2020,13,17.397,102.14,1.198,812.0447763,0.999997979
7/14/2020 13:00,2020,7,14,7/14/2020,14,19.153,101.358,1.213,812.0451258,0.99999841
7/14/2020 14:00,2020,7,14,7/14/2020,15,20.327,102.559,1.215,812.0454448,0.999998803
7/14/2020 15:00,2020,7,14,7/14/2020,16,20.583,102.617,1.216,812.0457335,0.999999158
7/14/2020 16:00,2020,7,14,7/14/2020,17,21.859,102.552,1.219,812.0459917,0.999999476
7/14/2020 17:00,2020,7,14,7/14/2020,18,24.652,102.893,1.301,812.0462196,0.999999757
7/14/2020 18:00,2020,7,14,7/14/2020,19,25.938,102.736,1.35,812.0464171,1
7/14/2020 19:00,2020,7,14,7/14/2020,20,27.391,102.782,1.398,742.3615718,0.91418613
7/14/2020 20:00,2020,7,14,7/14/2020,21,27.088,100.497,1.392,672.676696,0.828372223
7/14/2020 21:00,2020,7,14,7/14/2020,22,27.453,99.841,1.399,672.6768024,0.828372354
7/14/2020 22:00,2020,7,14,7/14/2020,23,25.634,100.116,1.338,672.6768784,0.828372448
7/14/2020 23:00,2020,7,14,7/14/2020,24,25.875,99.837,1.348,630.3681664,0.776271101
7/15/2020 0:00,2020,7,15,7/15/2020,1,26.24,99.669,1.361,588.059424,0.724169717
7/15/2020 1:00,2020,7,15,7/15/2020,2,23.957,98.902,1.275,588.0594088,0.724169698
7/15/2020 2:00,2020,7,15,7/15/2020,3,22.687,100.512,1.227,588.0593632,0.724169642
7/15/2020 3:00,2020,7,15,7/15/2020,4,19.929,99.95,1.214,588.0592873,0.724169548
7/15/2020 4:00,2020,7,15,7/15/2020,5,18.023,101.284,1.21,588.0591809,0.724169418
7/15/2020 5:00,2020,7,15,7/15/2020,6,16.463,99.227,1.179,588.0590442,0.724169249
7/15/2020 6:00,2020,7,15,7/15/2020,7,16.149,100.045,1.173,588.0588771,0.724169043
7/15/2020 7:00,2020,7,15,7/15/2020,8,16.36,101.197,1.177,620.8608953,0.764563309
7/15/2020 8:00,2020,7,15,7/15/2020,9,14.119,100.345,1.132,700.0522217,0.862083998
7/15/2020 9:00,2020,7,15,7/15/2020,10,15.172,99.222,1.153,779.2435177,0.95960465
7/15/2020 10:00,2020,7,15,7/15/2020,11,14.162,99.877,1.133,812.0454448,0.999998803
7/15/2020 11:00,2020,7,15,7/15/2020,12,15.936,101.43,1.169,812.0451258,0.99999841
7/15/2020 12:00,2020,7,15,7/15/2020,13,15.962,100.286,1.169,812.0447763,0.999997979
7/15/2020 13:00,2020,7,15,7/15/2020,14,17.56,100.078,1.201,812.0443965,0.999997512
7/15/2020 14:00,2020,7,15,7/15/2020,15,19.503,100.876,1.213,812.0439863,0.999997007
7/15/2020 15:00,2020,7,15,7/15/2020,16,20.376,98.448,1.215,812.0435458,0.999996464
7/15/2020 16:00,2020,7,15,7/15/2020,17,23.67,101.146,1.264,812.0430748,0.999995884
7/15/2020 17:00,2020,7,15,7/15/2020,18,24.387,99.46,1.291,812.0425735,0.999995267
7/15/2020 18:00,2020,7,15,7/15/2020,19,25.344,100.535,1.327,812.0420417,0.999994612
7/15/2020 19:00,2020,7,15,7/15/2020,20,27.272,98.744,1.395,742.3564671,0.914179844
7/15/2020 20:00,2020,7,15,7/15/2020,21,27.205,100.059,1.394,672.6708622,0.828365039
7/15/2020 21:00,2020,7,15,7/15/2020,22,27.666,99.466,1.403,672.6702393,0.828364272
7/15/2020 22:00,2020,7,15,7/15/2020,23,27.072,98.078,1.391,672.669586,0.828363468
7/15/2020 23:00,2020,7,15,7/15/2020,24,26.897,100.907,1.386,630.3601448,0.776261223
7/16/2020 0:00,2020,7,16,7/16/2020,1,25.747,102.494,1.343,588.0506732,0.724158941
7/16/2020 1:00,2020,7,16,7/16/2020,2,23.373,100.467,1.253,588.0499288,0.724158024
7/16/2020 2:00,2020,7,16,7/16/2020,3,24.088,100.039,1.28,588.0491541,0.72415707
7/16/2020 3:00,2020,7,16,7/16/2020,4,20.273,100.263,1.215,588.0483489,0.724156078
7/16/2020 4:00,2020,7,16,7/16/2020,5,19.157,98.29,1.213,588.0475134,0.724155049
7/16/2020 5:00,2020,7,16,7/16/2020,6,16.928,98.736,1.189,588.0466474,0.724153983
7/16/2020 6:00,2020,7,16,7/16/2020,7,16.374,100.246,1.177,588.0457511,0.724152879
7/16/2020 7:00,2020,7,16,7/16/2020,8,15.619,98.413,1.162,620.8470403,0.764546247
7/16/2020 8:00,2020,7,16,7/16/2020,9,14.878,100.97,1.148,700.0376374,0.862066038
7/16/2020 9:00,2020,7,16,7/16/2020,10,15.03,100.149,1.151,779.2282043,0.959585792
7/16/2020 10:00,2020,7,16,7/16/2020,11,14.569,100.929,1.141,812.0294022,0.999979047
7/16/2020 11:00,2020,7,16,7/16/2020,12,16.469,99.971,1.179,812.0283541,0.999977756
7/16/2020 12:00,2020,7,16,7/16/2020,13,17.044,99.407,1.191,812.0272755,0.999976428
7/16/2020 13:00,2020,7,16,7/16/2020,14,17.21,99.994,1.194,812.0261666,0.999975062
7/16/2020 14:00,2020,7,16,7/16/2020,15,20.534,99.605,1.216,812.0250273,0.999973659
7/16/2020 15:00,2020,7,16,7/16/2020,16,20.993,100.151,1.217,812.0238576,0.999972219
7/16/2020 16:00,2020,7,16,7/16/2020,17,23.149,100.306,1.245,812.0226575,0.999970741
7/16/2020 17:00,2020,7,16,7/16/2020,18,23.691,98.846,1.265,812.0214271,0.999969226
7/16/2020 18:00,2020,7,16,7/16/2020,19,26.488,98.527,1.371,812.0201663,0.999967673
7/16/2020 19:00,2020,7,16,7/16/2020,20,25.087,100.927,1.318,742.3338626,0.914152008
7/16/2020 20:00,2020,7,16,7/16/2020,21,26.984,99.739,1.389,672.6475286,0.828336305
7/16/2020 21:00,2020,7,16,7/16/2020,22,27.343,100.336,1.397,672.6461767,0.82833464
7/16/2020 22:00,2020,7,16,7/16/2020,23,26.325,100.436,1.364,672.6447944,0.828332938
7/16/2020 23:00,2020,7,16,7/16/2020,24,26.176,100.646,1.359,630.3346242,0.776229795
7/17/2020 0:00,2020,7,17,7/17/2020,1,26.973,100.238,1.389,588.0244236,0.724126615
7/17/2020 1:00,2020,7,17,7/17/2020,2,26.005,99.688,1.352,588.0229502,0.724124801
7/17/2020 2:00,2020,7,17,7/17/2020,3,22.884,100.514,1.234,588.0214465,0.724122949
7/17/2020 3:00,2020,7,17,7/17/2020,4,20.971,100.84,1.217,588.0199123,0.72412106
7/17/2020 4:00,2020,7,17,7/17/2020,5,18.571,99.87,1.211,588.0183478,0.724119133
7/17/2020 5:00,2020,7,17,7/17/2020,6,16.416,99.506,1.178,588.016753,0.724117169
7/17/2020 6:00,2020,7,17,7/17/2020,7,16.168,98.877,1.173,588.0151278,0.724115168
7/17/2020 7:00,2020,7,17,7/17/2020,8,16.306,100.985,1.176,620.815688,0.764507638
7/17/2020 8:00,2020,7,17,7/17/2020,9,14.364,102.63,1.137,700.0055563,0.862026531
7/17/2020 9:00,2020,7,17,7/17/2020,10,13.639,101.532,1.123,779.1953943,0.959545388
7/17/2020 10:00,2020,7,17,7/17/2020,11,14.492,102.135,1.14,811.9958634,0.999937745
7/17/2020 11:00,2020,7,17,7/17/2020,12,14.875,102.399,1.148,811.9940864,0.999935557
7/17/2020 12:00,2020,7,17,7/17/2020,13,18.262,101.943,1.211,811.992279,0.999933331
7/17/2020 13:00,2020,7,17,7/17/2020,14,18.562,101.961,1.211,811.9904413,0.999931068
7/17/2020 14:00,2020,7,17,7/17/2020,15,19.273,102.725,1.213,811.9885732,0.999928768
7/17/2020 15:00,2020,7,17,7/17/2020,16,22.118,102.733,1.219,811.9866747,0.99992643
7/17/2020 16:00,2020,7,17,7/17/2020,17,22.801,102.09,1.231,811.9847459,0.999924055
7/17/2020 17:00,2020,7,17,7/17/2020,18,24.621,102.333,1.3,811.9827868,0.999921642
7/17/2020 18:00,2020,7,17,7/17/2020,19,25.024,100.865,1.315,811.9807973,0.999919192
7/17/2020 19:00,2020,7,17,7/17/2020,20,25.179,100.644,1.321,742.2937649,0.914102629
7/17/2020 20:00,2020,7,17,7/17/2020,21,28.207,99.375,1.414,672.6067023,0.828286029
7/17/2020 21:00,2020,7,17,7/17/2020,22,26.937,99.774,1.388,672.6046217,0.828283467
7/17/2020 22:00,2020,7,17,7/17/2020,23,28.675,99.682,1.423,672.6025108,0.828280867
7/17/2020 23:00,2020,7,17,7/17/2020,24,26.859,101.57,1.385,630.291612,0.776176828
7/18/2020 0:00,2020,7,18,7/18/2020,1,26.757,99.27,1.381,587.9806828,0.724072751
7/18/2020 1:00,2020,7,18,7/18/2020,2,23.707,99.072,1.266,587.9784809,0.724070039
7/18/2020 2:00,2020,7,18,7/18/2020,3,22.992,99.489,1.239,587.9762486,0.72406729
7/18/2020 3:00,2020,7,18,7/18/2020,4,22.204,99.507,1.219,587.973986,0.724064504
7/18/2020 4:00,2020,7,18,7/18/2020,5,19.613,100.651,1.214,587.971693,0.72406168
7/18/2020 5:00,2020,7,18,7/18/2020,6,17.786,100.239,1.206,587.9693697,0.724058819
7/18/2020 6:00,2020,7,18,7/18/2020,7,14.54,99.837,1.141,587.9670161,0.724055921
7/18/2020 7:00,2020,7,18,7/18/2020,8,14.919,99.629,1.148,620.7668479,0.764447493
7/18/2020 8:00,2020,7,18,7/18/2020,9,14.805,102.831,1.146,699.9559878,0.86196549
7/18/2020 9:00,2020,7,18,7/18/2020,10,15.695,103.158,1.164,779.1450974,0.959483449
7/18/2020 10:00,2020,7,18,7/18/2020,11,15.434,103.109,1.159,811.9448382,0.99987491
7/18/2020 11:00,2020,7,18,7/18/2020,12,14.434,102.809,1.139,811.9423329,0.999871825
7/18/2020 12:00,2020,7,18,7/18/2020,13,16.134,100.986,1.173,811.9397972,0.999868702
7/18/2020 13:00,2020,7,18,7/18/2020,14,18.142,101.241,1.21,811.9372312,0.999865542
7/18/2020 14:00,2020,7,18,7/18/2020,15,19.747,103.104,1.214,811.9346349,0.999862345
7/18/2020 15:00,2020,7,18,7/18/2020,16,20.133,101.831,1.215,811.9320083,0.99985911
7/18/2020 16:00,2020,7,18,7/18/2020,17,22.838,102.264,1.233,811.9293513,0.999855838
7/18/2020 17:00,2020,7,18,7/18/2020,18,25.032,99.702,1.316,811.926664,0.999852529
7/18/2020 18:00,2020,7,18,7/18/2020,19,26.717,103.059,1.379,811.9239464,0.999849183
7/18/2020 19:00,2020,7,18,7/18/2020,20,26.67,103.711,1.378,742.236186,0.914031723
7/18/2020 20:00,2020,7,18,7/18/2020,21,25.871,98.819,1.347,672.5483952,0.828214226
7/18/2020 21:00,2020,7,18,7/18/2020,22,27.871,100.357,1.407,672.5455867,0.828210768
7/18/2020 22:00,2020,7,18,7/18/2020,23,27.496,100.856,1.4,672.5427478,0.828207272
7/18/2020 23:00,2020,7,18,7/18/2020,24,27.145,101.308,1.393,630.231121,0.776102336
7/19/2020 0:00,2020,7,19,7/19/2020,1,26.563,99.74,1.373,587.9194639,0.723997362
7/19/2020 1:00,2020,7,19,7/19/2020,2,23.163,101.004,1.245,587.9165341,0.723993754
7/19/2020 2:00,2020,7,19,7/19/2020,3,23.225,99.927,1.247,587.9135739,0.723990109
7/19/2020 3:00,2020,7,19,7/19/2020,4,21.643,99.356,1.218,587.9105834,0.723986426
7/19/2020 4:00,2020,7,19,7/19/2020,5,18.926,101.753,1.212,587.9075627,0.723982706
7/19/2020 5:00,2020,7,19,7/19/2020,6,17.883,99.29,1.208,587.9045116,0.723978949
7/19/2020 6:00,2020,7,19,7/19/2020,7,16.784,100.03,1.186,587.9014302,0.723975154
7/19/2020 7:00,2020,7,19,7/19/2020,8,16.73,98.188,1.185,620.7005343,0.764365831
7/19/2020 8:00,2020,7,19,7/19/2020,9,15.23,100.263,1.155,699.8889466,0.861882932
7/19/2020 9:00,2020,7,19,7/19/2020,10,13.333,100.864,1.117,779.0773285,0.959399995
7/19/2020 10:00,2020,7,19,7/19/2020,11,12.655,102.153,1.103,811.8763417,0.99979056
7/19/2020 11:00,2020,7,19,7/19/2020,12,16.295,102.138,1.176,811.8731089,0.999786578
7/19/2020 12:00,2020,7,19,7/19/2020,13,16.908,102.243,1.188,811.8698457,0.99978256
7/19/2020 13:00,2020,7,19,7/19/2020,14,15.659,101.944,1.163,811.8665522,0.999778504
7/19/2020 14:00,2020,7,19,7/19/2020,15,18.187,102.91,1.21,811.8632284,0.999774411
7/19/2020 15:00,2020,7,19,7/19/2020,16,21.844,103.281,1.219,811.8598744,0.999770281
7/19/2020 16:00,2020,7,19,7/19/2020,17,22.7,100.661,1.228,811.85649,0.999766113
7/19/2020 17:00,2020,7,19,7/19/2020,18,25.271,100.461,1.325,811.8530754,0.999761908
7/19/2020 18:00,2020,7,19,7/19/2020,19,23.589,101.822,1.261,811.8496305,0.999757666
7/19/2020 19:00,2020,7,19,7/19/2020,20,27.031,101.38,1.391,742.1611428,0.913939311
7/19/2020 20:00,2020,7,19,7/19/2020,21,26.7,101.49,1.379,672.4726248,0.828120918
7/19/2020 21:00,2020,7,19,7/19/2020,22,28.192,100.072,1.414,672.4690891,0.828116564
7/19/2020 22:00,2020,7,19,7/19/2020,23,26.239,99.783,1.361,672.465523,0.828112173
7/19/2020 23:00,2020,7,19,7/19/2020,24,26.782,99.042,1.382,630.1531691,0.776006341
7/20/2020 0:00,2020,7,20,7/20/2020,1,25.345,99.499,1.327,587.8407849,0.723900472
7/20/2020 1:00,2020,7,20,7/20/2020,2,24.524,99.455,1.296,587.8371281,0.723895969
7/20/2020 2:00,2020,7,20,7/20/2020,3,24,99.481,1.277,587.8334409,0.723891429
7/20/2020 3:00,2020,7,20,7/20/2020,4,22.273,99.278,1.219,587.8297235,0.723886851
7/20/2020 4:00,2020,7,20,7/20/2020,5,18.525,98.131,1.211,587.8259758,0.723882236
7/20/2020 5:00,2020,7,20,7/20/2020,6,16.899,99.399,1.188,587.8221979,0.723877583
7/20/2020 6:00,2020,7,20,7/20/2020,7,15.866,100.655,1.167,587.8183897,0.723872894
7/20/2020 7:00,2020,7,20,7/20/2020,8,13.423,100.849,1.118,620.616767,0.764262675
7/20/2020 8:00,2020,7,20,7/20/2020,9,16.092,103.04,1.172,699.8044525,0.861778881
7/20/2020 9:00,2020,7,20,7/20/2020,10,15.992,104.195,1.17,778.9921078,0.959295049
7/20/2020 10:00,2020,7,20,7/20/2020,11,15.203,101.674,1.154,811.7903944,0.999684719
7/20/2020 11:00,2020,7,20,7/20/2020,12,15.596,101.585,1.162,811.7864349,0.999679843
7/20/2020 12:00,2020,7,20,7/20/2020,13,15.894,103.088,1.168,811.7824451,0.99967493
7/20/2020 13:00,2020,7,20,7/20/2020,14,16.946,102.368,1.189,811.7784251,0.999669979
7/20/2020 14:00,2020,7,20,7/20/2020,15,19.031,101.151,1.212,811.7743749,0.999664992
7/20/2020 15:00,2020,7,20,7/20/2020,16,20.823,104.438,1.216,811.7702944,0.999659967
7/20/2020 16:00,2020,7,20,7/20/2020,17,23.011,100.747,1.239,811.7661837,0.999654905
7/20/2020 17:00,2020,7,20,7/20/2020,18,24.139,101.295,1.282,811.7620427,0.999649805
7/20/2020 18:00,2020,7,20,7/20/2020,19,26.438,102.603,1.369,811.7578715,0.999644669
7/20/2020 19:00,2020,7,20,7/20/2020,20,26.745,101.833,1.38,742.0686576,0.913825419
7/20/2020 20:00,2020,7,20,7/20/2020,21,26.418,99.411,1.368,672.3794134,0.828006133
7/20/2020 21:00,2020,7,20,7/20/2020,22,27.713,101.007,1.404,672.3751515,0.828000884
7/20/2020 22:00,2020,7,20,7/20/2020,23,26.497,101.213,1.371,672.3708594,0.827995599
7/20/2020 23:00,2020,7,20,7/20/2020,24,26.541,100.237,1.373,630.0577795,0.775888873
7/21/2020 0:00,2020,7,21,7/21/2020,1,26.164,99.294,1.358,587.7446693,0.72378211
7/21/2020 1:00,2020,7,21,7/21/2020,2,24.583,98.845,1.299,587.7402865,0.723776713
7/21/2020 2:00,2020,7,21,7/21/2020,3,22.614,99.852,1.224,587.7358734,0.723771278
7/21/2020 3:00,2020,7,21,7/21/2020,4,21.098,100.082,1.217,587.7314302,0.723765807
7/21/2020 4:00,2020,7,21,7/21/2020,5,20.308,100.15,1.215,587.7269567,0.723760298
7/21/2020 5:00,2020,7,21,7/21/2020,6,17.214,101.531,1.194,587.722453,0.723754752
7/21/2020 6:00,2020,7,21,7/21/2020,7,16.499,100.579,1.18,587.7179191,0.723749168
7/21/2020 7:00,2020,7,21,7/21/2020,8,15.435,102.489,1.159,620.5155708,0.764138056
7/21/2020 8:00,2020,7,21,7/21/2020,9,14.883,103.982,1.148,699.7025307,0.861653369
7/21/2020 9:00,2020,7,21,7/21/2020,10,13.779,102.259,1.126,778.8894605,0.959168644
7/21/2020 10:00,2020,7,21,7/21/2020,11,12.855,101.764,1.107,811.6870215,0.99955742
7/21/2020 11:00,2020,7,21,7/21/2020,12,14.461,101.82,1.139,811.6823366,0.999551651
7/21/2020 12:00,2020,7,21,7/21/2020,13,15.389,103.452,1.158,811.6776215,0.999545844
7/21/2020 13:00,2020,7,21,7/21/2020,14,17.029,101.908,1.191,811.6728762,0.99954
7/21/2020 14:00,2020,7,21,7/21/2020,15,21.097,101.884,1.217,811.6681007,0.99953412
7/21/2020 15:00,2020,7,21,7/21/2020,16,20.624,101.887,1.216,811.663295,0.999528202
7/21/2020 16:00,2020,7,21,7/21/2020,17,23.083,99.541,1.242,811.6584591,0.999522246
7/21/2020 17:00,2020,7,21,7/21/2020,18,24.225,101.517,1.285,811.653593,0.999516254
7/21/2020 18:00,2020,7,21,7/21/2020,19,26.025,102.624,1.353,811.6486967,0.999510225
7/21/2020 19:00,2020,7,21,7/21/2020,20,28.051,103.637,1.411,741.9587578,0.913690082
7/21/2020 20:00,2020,7,21,7/21/2020,21,27.644,101.103,1.403,672.2687887,0.827869903
7/21/2020 21:00,2020,7,21,7/21/2020,22,27.441,99.547,1.399,672.2638019,0.827863762
7/21/2020 22:00,2020,7,21,7/21/2020,23,26.775,100.315,1.381,672.258785,0.827857584
7/21/2020 23:00,2020,7,21,7/21/2020,24,26.589,99.383,1.374,629.9449803,0.775749966
7/22/2020 0:00,2020,7,22,7/22/2020,1,27.281,101.004,1.396,587.6311454,0.72364231
7/22/2020 1:00,2020,7,22,7/22/2020,2,24.498,98.137,1.295,587.6260379,0.723636021
7/22/2020 2:00,2020,7,22,7/22/2020,3,22.852,97.874,1.233,587.6209003,0.723629694
7/22/2020 3:00,2020,7,22,7/22/2020,4,19.739,99.989,1.214,587.6157325,0.72362333
7/22/2020 4:00,2020,7,22,7/22/2020,5,18.56,99.139,1.211,587.6105346,0.723616929
7/22/2020 5:00,2020,7,22,7/22/2020,6,18.688,100.899,1.212,587.6053065,0.723610491
7/22/2020 6:00,2020,7,22,7/22/2020,7,15.686,100.506,1.164,587.6000482,0.723604016
7/22/2020 7:00,2020,7,22,7/22/2020,8,15.289,100.523,1.156,620.3969756,0.763992011
7/22/2020 8:00,2020,7,22,7/22/2020,9,15.753,100.453,1.165,699.5832113,0.861506432
7/22/2020 9:00,2020,7,22,7/22/2020,10,14.637,101.915,1.143,778.7694169,0.959020815
7/22/2020 10:00,2020,7,22,7/22/2020,11,14.555,97.126,1.141,811.5662538,0.9994087
7/22/2020 11:00,2020,7,22,7/22/2020,12,15.683,99.297,1.164,811.5608449,0.999402039
7/22/2020 12:00,2020,7,22,7/22/2020,13,16.749,99.932,1.185,811.5554058,0.999395341
7/22/2020 13:00,2020,7,22,7/22/2020,14,17.826,99.79,1.207,811.5499365,0.999388606
7/22/2020 14:00,2020,7,22,7/22/2020,15,19.669,100.295,1.214,811.5444372,0.999381833
7/22/2020 15:00,2020,7,22,7/22/2020,16,21.898,99.47,1.219,811.5389077,0.999375024
7/22/2020 16:00,2020,7,22,7/22/2020,17,21.961,99.071,1.219,811.5333481,0.999368178
7/22/2020 17:00,2020,7,22,7/22/2020,18,24.627,98.923,1.3,811.5277583,0.999361294
7/22/2020 18:00,2020,7,22,7/22/2020,19,26.11,99.274,1.356,811.5221385,0.999354374
7/22/2020 19:00,2020,7,22,7/22/2020,20,26.359,99.083,1.366,741.831476,0.91353334
7/22/2020 20:00,2020,7,22,7/22/2020,21,26.833,101.044,1.384,672.1407835,0.82771227
7/22/2020 21:00,2020,7,22,7/22/2020,22,27.216,99.713,1.394,672.1350733,0.827705238
7/22/2020 22:00,2020,7,22,7/22/2020,23,27,100.534,1.39,672.129333,0.827698169
7/22/2020 23:00,2020,7,22,7/22/2020,24,26.957,100.325,1.388,629.814805,0.775589661
7/23/2020 0:00,2020,7,23,7/23/2020,1,26.087,100.743,1.356,587.5002469,0.723481115
7/23/2020 1:00,2020,7,23,7/23/2020,2,24.575,100.777,1.298,587.4944163,0.723473934
7/23/2020 2:00,2020,7,23,7/23/2020,3,23.895,98.392,1.273,587.4885556,0.723466717
7/23/2020 3:00,2020,7,23,7/23/2020,4,21.375,101.465,1.218,587.4826649,0.723459463
7/23/2020 4:00,2020,7,23,7/23/2020,5,20.424,100.762,1.215,587.476744,0.723452172
7/23/2020 5:00,2020,7,23,7/23/2020,6,17.141,99.352,1.193,587.470793,0.723444843
7/23/2020 6:00,2020,7,23,7/23/2020,7,16.317,99.192,1.176,587.464812,0.723437478
7/23/2020 7:00,2020,7,23,7/23/2020,8,15.633,99.984,1.163,620.2610167,0.763824584
7/23/2020 8:00,2020,7,23,7/23/2020,9,15.858,100.707,1.167,699.4465297,0.861338114
7/23/2020 9:00,2020,7,23,7/23/2020,10,14.886,100.674,1.148,778.6320127,0.958851608
7/23/2020 10:00,2020,7,23,7/23/2020,11,12.843,100.338,1.107,811.4281271,0.999238603
7/23/2020 11:00,2020,7,23,7/23/2020,12,15.579,100.626,1.162,811.4219957,0.999231052
7/23/2020 12:00,2020,7,23,7/23/2020,13,15.824,99.657,1.166,811.4158342,0.999223464
7/23/2020 13:00,2020,7,23,7/23/2020,14,15.56,101.583,1.161,811.4096427,0.99921584
7/23/2020 14:00,2020,7,23,7/23/2020,15,19.021,100.293,1.212,811.4034211,0.999208178
7/23/2020 15:00,2020,7,23,7/23/2020,16,20.543,99.086,1.216,811.3971695,0.99920048
7/23/2020 16:00,2020,7,23,7/23/2020,17,22.416,98.472,1.22,811.3908878,0.999192744
7/23/2020 17:00,2020,7,23,7/23/2020,18,24.899,100.172,1.311,811.384576,0.999184971
7/23/2020 18:00,2020,7,23,7/23/2020,19,26.72,98.915,1.379,811.3782342,0.999177162
7/23/2020 19:00,2020,7,23,7/23/2020,20,26.271,101.322,1.362,741.6868499,0.91335524
7/23/2020 20:00,2020,7,23,7/23/2020,21,27.236,99.47,1.395,671.9954356,0.827533281
7/23/2020 21:00,2020,7,23,7/23/2020,22,27.506,100.489,1.4,671.9890037,0.82752536
7/23/2020 22:00,2020,7,23,7/23/2020,23,27.818,98.889,1.406,671.9825418,0.827517402
7/23/2020 23:00,2020,7,23,7/23/2020,24,26.944,98.858,1.388,629.6672922,0.775408005
7/24/2020 0:00,2020,7,24,7/24/2020,1,25.131,101.038,1.319,587.3520127,0.72329857
7/24/2020 1:00,2020,7,24,7/24/2020,2,24.703,100.515,1.303,587.3454607,0.723290502
7/24/2020 2:00,2020,7,24,7/24/2020,3,23.628,99.783,1.263,587.3388786,0.723282396
7/24/2020 3:00,2020,7,24,7/24/2020,4,20.074,101.677,1.215,587.3322666,0.723274254
7/24/2020 4:00,2020,7,24,7/24/2020,5,19.605,99.338,1.214,587.3256246,0.723266075
7/24/2020 5:00,2020,7,24,7/24/2020,6,16.776,100.029,1.186,587.3189525,0.723257858
7/24/2020 6:00,2020,7,24,7/24/2020,7,16.988,100.917,1.19,587.3122504,0.723249605
7/24/2020 7:00,2020,7,24,7/24/2020,8,16.461,100.455,1.179,620.1077342,0.763635823
7/24/2020 8:00,2020,7,24,7/24/2020,9,15.624,99.998,1.162,699.2925263,0.861148466
7/24/2020 9:00,2020,7,24,7/24/2020,10,13.884,102.761,1.128,778.4772885,0.958661072
7/24/2020 10:00,2020,7,24,7/24/2020,11,14.883,102.63,1.148,811.2726823,0.999047179
7/24/2020 11:00,2020,7,24,7/24/2020,12,14.313,102.894,1.136,811.2658303,0.999038741
7/24/2020 12:00,2020,7,24,7/24/2020,13,17.526,100.273,1.201,811.2589482,0.999030266
7/24/2020 13:00,2020,7,24,7/24/2020,14,19.058,101.996,1.212,811.2520362,0.999021754
7/24/2020 14:00,2020,7,24,7/24/2020,15,18.645,101.846,1.211,811.2450943,0.999013206
7/24/2020 15:00,2020,7,24,7/24/2020,16,21.026,100.888,1.217,811.2381223,0.99900462
7/24/2020 16:00,2020,7,24,7/24/2020,17,22.715,102.273,1.228,811.2311204,0.998995997
7/24/2020 17:00,2020,7,24,7/24/2020,18,25.148,102.762,1.32,811.2240885,0.998987338
7/24/2020 18:00,2020,7,24,7/24/2020,19,24.722,101.042,1.304,811.2170267,0.998978642
7/24/2020 19:00,2020,7,24,7/24/2020,20,27.865,101.463,1.407,741.5249224,0.913155833
7/24/2020 20:00,2020,7,24,7/24/2020,21,27.645,100.498,1.403,671.8327882,0.827332987
7/24/2020 21:00,2020,7,24,7/24/2020,22,28.732,100.668,1.425,671.8256365,0.82732418
7/24/2020 22:00,2020,7,24,7/24/2020,23,26.566,100.22,1.374,671.8184548,0.827315336
7/24/2020 23:00,2020,7,24,7/24/2020,24,26.463,100.552,1.37,629.5024857,0.775205053
7/25/2020 0:00,2020,7,25,7/25/2020,1,25.355,100.756,1.328,587.1864865,0.723094732
7/25/2020 1:00,2020,7,25,7/25/2020,2,23.526,102.675,1.259,587.1792151,0.723085778
7/25/2020 2:00,2020,7,25,7/25/2020,3,22.843,101.124,1.233,587.1719137,0.723076786
7/25/2020 3:00,2020,7,25,7/25/2020,4,21.875,98.906,1.219,587.1645823,0.723067758
7/25/2020 4:00,2020,7,25,7/25/2020,5,19.232,100.648,1.213,587.1572211,0.723058693
7/25/2020 5:00,2020,7,25,7/25/2020,6,16.546,101.526,1.181,587.1498299,0.723049591
7/25/2020 6:00,2020,7,25,7/25/2020,7,16.996,100.541,1.19,587.1424088,0.723040452
7/25/2020 7:00,2020,7,25,7/25/2020,8,16.659,101.242,1.183,619.9371736,0.763425785
7/25/2020 8:00,2020,7,25,7/25/2020,9,14.926,102.091,1.149,699.1212469,0.860937543
7/25/2020 9:00,2020,7,25,7/25/2020,10,14.606,103.78,1.142,778.3052903,0.958449263
7/25/2020 10:00,2020,7,25,7/25/2020,11,14.542,102.203,1.141,811.0999654,0.998834486
7/25/2020 11:00,2020,7,25,7/25/2020,12,12.89,102.136,1.108,811.0923948,0.998825163
7/25/2020 12:00,2020,7,25,7/25/2020,13,16.541,99.978,1.181,811.0847942,0.998815803
7/25/2020 13:00,2020,7,25,7/25/2020,14,16.979,99.756,1.19,811.0771638,0.998806407
7/25/2020 14:00,2020,7,25,7/25/2020,15,19.382,102.002,1.213,811.0695035,0.998796973
7/25/2020 15:00,2020,7,25,7/25/2020,16,20.038,99.837,1.215,811.0618133,0.998787503
7/25/2020 16:00,2020,7,25,7/25/2020,17,22.881,102.118,1.234,811.0540933,0.998777996
7/25/2020 17:00,2020,7,25,7/25/2020,18,23.744,103.046,1.267,811.0463434,0.998768452
7/25/2020 18:00,2020,7,25,7/25/2020,19,26.798,101.884,1.382,811.0385635,0.998758872
7/25/2020 19:00,2020,7,25,7/25/2020,20,27.258,101.508,1.395,741.3457414,0.912935179
7/25/2020 20:00,2020,7,25,7/25/2020,21,27.15,100.133,1.393,671.6528894,0.82711145
7/25/2020 21:00,2020,7,25,7/25/2020,22,26.484,100.899,1.37,671.64502,0.827101759
7/25/2020 22:00,2020,7,25,7/25/2020,23,27.478,99.932,1.4,671.6371208,0.827092031
7/25/2020 23:00,2020,7,25,7/25/2020,24,27.777,98.691,1.406,629.3204341,0.774980864
7/26/2020 0:00,2020,7,26,7/26/2020,1,26.45,101.303,1.369,587.0037176,0.72286966
7/26/2020 1:00,2020,7,26,7/26/2020,2,22.961,99.797,1.237,586.9957288,0.722859822
7/26/2020 2:00,2020,7,26,7/26/2020,3,22.181,98.629,1.219,586.9877102,0.722849948
7/26/2020 3:00,2020,7,26,7/26/2020,4,20.998,100.461,1.217,586.9796617,0.722840036
7/26/2020 4:00,2020,7,26,7/26/2020,5,19.636,100.747,1.214,586.9715834,0.722830088
7/26/2020 5:00,2020,7,26,7/26/2020,6,18.015,99.4,1.21,586.9634753,0.722820104
7/26/2020 6:00,2020,7,26,7/26/2020,7,17.596,98.967,1.202,586.9553374,0.722810082
7/26/2020 7:00,2020,7,26,7/26/2020,8,15.764,100.338,1.165,619.7493854,0.763194532
7/26/2020 8:00,2020,7,26,7/26/2020,9,14.656,101.86,1.143,698.9327421,0.860705407
7/26/2020 9:00,2020,7,26,7/26/2020,10,13.747,100.397,1.125,778.116069,0.958216245
7/26/2020 10:00,2020,7,26,7/26/2020,11,14.61,103.202,1.142,810.9100276,0.998600586
7/26/2020 11:00,2020,7,26,7/26/2020,12,15.756,101.905,1.165,810.9017406,0.99859038
7/26/2020 12:00,2020,7,26,7/26/2020,13,16.625,101.051,1.183,810.8934239,0.998580139
7/26/2020 13:00,2020,7,26,7/26/2020,14,15.882,102.229,1.168,810.8850773,0.99856986
7/26/2020 14:00,2020,7,26,7/26/2020,15,18.785,101.606,1.212,810.8767009,0.998559545
7/26/2020 15:00,2020,7,26,7/26/2020,16,19.401,101.329,1.213,810.8682948,0.998549193
7/26/2020 16:00,2020,7,26,7/26/2020,17,22.783,101.513,1.231,810.8598589,0.998538805
7/26/2020 17:00,2020,7,26,7/26/2020,18,24.84,102.525,1.308,810.8513932,0.99852838
7/26/2020 18:00,2020,7,26,7/26/2020,19,23.471,101.13,1.257,810.8428977,0.998517918
7/26/2020 19:00,2020,7,26,7/26/2020,20,27.491,102.825,1.4,741.14936,0.912693344
7/26/2020 20:00,2020,7,26,7/26/2020,21,29.246,100.818,1.435,671.4557926,0.826868734
7/26/2020 21:00,2020,7,26,7/26/2020,22,28.019,99.253,1.41,671.4472078,0.826858162
7/26/2020 22:00,2020,7,26,7/26/2020,23,27.928,99.257,1.409,671.4385933,0.826847554
7/26/2020 23:00,2020,7,26,7/26/2020,24,26.903,100.115,1.386,629.1211915,0.774735506
7/27/2020 0:00,2020,7,27,7/27/2020,1,25.572,99.681,1.336,586.80376,0.722623421
7/27/2020 1:00,2020,7,27,7/27/2020,2,24.612,101.183,1.3,586.7950562,0.722612703
7/27/2020 2:00,2020,7,27,7/27/2020,3,22.852,99.873,1.233,586.7863228,0.722601948
7/27/2020 3:00,2020,7,27,7/27/2020,4,20.282,98.352,1.215,586.7775596,0.722591156
7/27/2020 4:00,2020,7,27,7/27/2020,5,20.152,98.022,1.215,586.7687667,0.722580328
7/27/2020 5:00,2020,7,27,7/27/2020,6,16.885,98.682,1.188,586.759944,0.722569464
7/27/2020 6:00,2020,7,27,7/27/2020,7,15.862,98.759,1.167,586.7510917,0.722558562
7/27/2020 7:00,2020,7,27,7/27/2020,8,16.506,100.876,1.18,619.5444254,0.762942133
7/27/2020 8:00,2020,7,27,7/27/2020,9,15.096,100.987,1.152,698.7270679,0.860452128
7/27/2020 9:00,2020,7,27,7/27/2020,10,13.007,103.188,1.11,777.9096806,0.957962087
7/27/2020 10:00,2020,7,27,7/27/2020,11,14.877,102.188,1.148,810.7029252,0.998345548
7/27/2020 11:00,2020,7,27,7/27/2020,12,16.064,101.394,1.171,810.6939244,0.998334464
7/27/2020 12:00,2020,7,27,7/27/2020,13,16.667,100.378,1.183,810.6848938,0.998323343
7/27/2020 13:00,2020,7,27,7/27/2020,14,18.953,102.014,1.212,810.6758336,0.998312186
7/27/2020 14:00,2020,7,27,7/27/2020,15,19.502,101.898,1.213,810.6667436,0.998300992
7/27/2020 15:00,2020,7,27,7/27/2020,16,20.583,100.391,1.216,810.657624,0.998289761
7/27/2020 16:00,2020,7,27,7/27/2020,17,23.646,101.298,1.263,810.6484748,0.998278494
7/27/2020 17:00,2020,7,27,7/27/2020,18,24.632,100.943,1.301,810.6392958,0.998267191
7/27/2020 18:00,2020,7,27,7/27/2020,19,26.057,102.468,1.354,810.6300872,0.998255851
7/27/2020 19:00,2020,7,27,7/27/2020,20,26.377,101.593,1.366,740.9358365,0.912430399
7/27/2020 20:00,2020,7,27,7/27/2020,21,28.679,99.864,1.424,671.2415561,0.826604911
7/27/2020 21:00,2020,7,27,7/27/2020,22,29.206,99.687,1.434,671.2322586,0.826593461
7/27/2020 22:00,2020,7,27,7/27/2020,23,25.944,99.925,1.35,671.2229314,0.826581975
7/27/2020 23:00,2020,7,27,7/27/2020,24,26.331,100.098,1.365,628.904817,0.77446905
7/28/2020 0:00,2020,7,28,7/28/2020,1,24.911,99.095,1.311,586.5866729,0.722356088
7/28/2020 1:00,2020,7,28,7/28/2020,2,23.701,101.027,1.265,586.5772568,0.722344492
7/28/2020 2:00,2020,7,28,7/28/2020,3,22.673,100.109,1.227,586.5678111,0.72233286
7/28/2020 3:00,2020,7,28,7/28/2020,4,20.67,102.666,1.216,586.5583358,0.722321192
7/28/2020 4:00,2020,7,28,7/28/2020,5,20.641,99.34,1.216,586.5488308,0.722309487
7/28/2020 5:00,2020,7,28,7/28/2020,6,17.722,100.988,1.204,586.5392963,0.722297745
7/28/2020 6:00,2020,7,28,7/28/2020,7,15.39,98.738,1.158,586.5297321,0.722285968
7/28/2020 7:00,2020,7,28,7/28/2020,8,15.128,99.457,1.153,619.3223542,0.762668662
7/28/2020 8:00,2020,7,28,7/28/2020,9,14.335,100.501,1.137,698.5042851,0.860177781
7/28/2020 9:00,2020,7,28,7/28/2020,10,13.968,101.622,1.129,777.6861864,0.957686864
7/28/2020 10:00,2020,7,28,7/28/2020,11,15.234,102.091,1.155,810.4787196,0.998069448
7/28/2020 11:00,2020,7,28,7/28/2020,12,16.485,101.78,1.18,810.4690075,0.998057488
7/28/2020 12:00,2020,7,28,7/28/2020,13,15.343,100.013,1.157,810.4592659,0.998045492
7/28/2020 13:00,2020,7,28,7/28/2020,14,17.868,102.716,1.207,810.4494946,0.998033459
7/28/2020 14:00,2020,7,28,7/28/2020,15,20.755,102.905,1.216,810.4396938,0.99802139
7/28/2020 15:00,2020,7,28,7/28/2020,16,21.701,99.628,1.218,810.4298635,0.998009284
7/28/2020 16:00,2020,7,28,7/28/2020,17,23.018,102.885,1.24,810.4200035,0.997997142
7/28/2020 17:00,2020,7,28,7/28/2020,18,25.226,100.98,1.323,810.4101141,0.997984964
7/28/2020 18:00,2020,7,28,7/28/2020,19,25.904,103.341,1.349,810.4001951,0.997972749
7/28/2020 19:00,2020,7,28,7/28/2020,20,26.388,102.068,1.367,740.705234,0.912146422
7/28/2020 20:00,2020,7,28,7/28/2020,21,26.604,99.897,1.375,671.0102435,0.826320059
7/28/2020 21:00,2020,7,28,7/28/2020,22,27.739,98.602,1.405,671.0002359,0.826307735
7/28/2020 22:00,2020,7,28,7/28/2020,23,25.906,101.161,1.349,670.9901988,0.826295375
7/28/2020 23:00,2020,7,28,7/28/2020,24,27.204,98.258,1.394,628.6713745,0.774181575
7/29/2020 0:00,2020,7,29,7/29/2020,1,24.02,99.292,1.277,586.3525208,0.72206774
7/29/2020 1:00,2020,7,29,7/29/2020,2,23.829,99.487,1.27,586.3423951,0.72205527
7/29/2020 2:00,2020,7,29,7/29/2020,3,23.023,100.424,1.24,586.33224,0.722042765
7/29/2020 3:00,2020,7,29,7/29/2020,4,20.916,100.023,1.216,586.3220553,0.722030223
7/29/2020 4:00,2020,7,29,7/29/2020,5,19.126,98.192,1.213,586.3118411,0.722017644
7/29/2020 5:00,2020,7,29,7/29/2020,6,18.684,100.009,1.212,586.3015975,0.72200503
7/29/2020 6:00,2020,7,29,7/29/2020,7,17.168,100.506,1.193,586.2913244,0.721992379
7/29/2020 7:00,2020,7,29,7/29/2020,8,14.627,101.624,1.143,619.0832376,0.7623742
7/29/2020 8:00,2020,7,29,7/29/2020,9,14.955,98.607,1.149,698.2644597,0.859882446
7/29/2020 9:00,2020,7,29,7/29/2020,10,13.569,101.083,1.121,777.4456525,0.957390657
7/29/2020 10:00,2020,7,29,7/29/2020,11,13.894,100.373,1.128,810.2374773,0.997772369
7/29/2020 11:00,2020,7,29,7/29/2020,12,14.873,100.545,1.147,810.2270568,0.997759537
7/29/2020 12:00,2020,7,29,7/29/2020,13,16.154,99.982,1.173,810.2166069,0.997746668
7/29/2020 13:00,2020,7,29,7/29/2020,14,18.244,100.31,1.211,810.2061276,0.997733763
7/29/2020 14:00,2020,7,29,7/29/2020,15,19.68,101.645,1.214,810.1956188,0.997720822
7/29/2020 15:00,2020,7,29,7/29/2020,16,20.107,99.369,1.215,810.1850806,0.997707845
7/29/2020 16:00,2020,7,29,7/29/2020,17,23.443,101.675,1.256,810.1745129,0.997694831
7/29/2020 17:00,2020,7,29,7/29/2020,18,25.976,100.693,1.351,810.1639159,0.997681781
7/29/2020 18:00,2020,7,29,7/29/2020,19,26.211,101.183,1.36,810.1532894,0.997668695
7/29/2020 19:00,2020,7,29,7/29/2020,20,28.522,98.303,1.42,740.457621,0.911841497
7/29/2020 20:00,2020,7,29,7/29/2020,21,26.874,100.354,1.385,670.7619233,0.826014264
7/29/2020 21:00,2020,7,29,7/29/2020,22,27.499,99.405,1.4,670.7512086,0.826001069
7/29/2020 22:00,2020,7,29,7/29/2020,23,26.847,100.266,1.384,670.7404645,0.825987838
7/29/2020 23:00,2020,7,29,7/29/2020,24,25.905,99.592,1.349,628.4209334,0.773873168
7/30/2020 0:00,2020,7,30,7/30/2020,1,27.118,101.786,1.392,586.101373,0.721758462
7/30/2020 1:00,2020,7,30,7/30/2020,2,23.072,99.483,1.242,586.0905407,0.721745122
7/30/2020 2:00,2020,7,30,7/30/2020,3,22.715,98.74,1.228,586.0796791,0.721731747
7/30/2020 3:00,2020,7,30,7/30/2020,4,20.974,99.544,1.217,586.0687881,0.721718335
7/30/2020 4:00,2020,7,30,7/30/2020,5,19.078,100.164,1.212,586.0578678,0.721704887
7/30/2020 5:00,2020,7,30,7/30/2020,6,17.633,99.637,1.203,586.0469181,0.721691403
7/30/2020 6:00,2020,7,30,7/30/2020,7,16.281,101.119,1.176,586.0359391,0.721677883
7/30/2020 7:00,2020,7,30,7/30/2020,8,14.866,99.243,1.147,618.8271465,0.762058835
7/30/2020 8:00,2020,7,30,7/30/2020,9,13.946,100.539,1.129,698.007663,0.859566212
7/30/2020 9:00,2020,7,30,7/30/2020,10,13.783,98.492,1.126,777.1881502,0.957073554
7/30/2020 10:00,2020,7,30,7/30/2020,11,13.428,99.686,1.119,809.9792696,0.997454397
7/30/2020 11:00,2020,7,30,7/30/2020,12,14.656,99.753,1.143,809.9681439,0.997440696
7/30/2020 12:00,2020,7,30,7/30/2020,13,17.404,100.063,1.198,809.9569888,0.99742696
7/30/2020 13:00,2020,7,30,7/30/2020,14,17.771,99.632,1.205,809.9458045,0.997413186
7/30/2020 14:00,2020,7,30,7/30/2020,15,18.815,101.335,1.212,809.9345908,0.997399377
7/30/2020 15:00,2020,7,30,7/30/2020,16,20.633,98.918,1.216,809.9233479,0.997385532
7/30/2020 16:00,2020,7,30,7/30/2020,17,23.265,98.476,1.249,809.9120757,0.997371651
7/30/2020 17:00,2020,7,30,7/30/2020,18,23.26,100.857,1.249,809.9007741,0.997357734
7/30/2020 18:00,2020,7,30,7/30/2020,19,25.88,98.785,1.348,809.8894433,0.99734378
7/30/2020 19:00,2020,7,30,7/30/2020,20,26.324,100.587,1.364,740.1930708,0.911515715
7/30/2020 20:00,2020,7,30,7/30/2020,21,27.908,98.271,1.408,670.496669,0.825687614
7/30/2020 21:00,2020,7,30,7/30/2020,22,27.971,99.901,1.409,670.4852504,0.825673553
7/30/2020 22:00,2020,7,30,7/30/2020,23,28.815,100.546,1.426,670.4738025,0.825659455
7/30/2020 23:00,2020,7,30,7/30/2020,24,27.511,100.745,1.4,628.1535678,0.773543919
7/31/2020 0:00,2020,7,31,7/31/2020,1,25.289,99.656,1.325,585.8333039,0.721428346
7/31/2020 1:00,2020,7,31,7/31/2020,2,25.266,102.098,1.324,585.8217683,0.721414141
7/31/2020 2:00,2020,7,31,7/31/2020,3,22.495,100.776,1.22,585.8102034,0.721399899
7/31/2020 3:00,2020,7,31,7/31/2020,4,22.9,100.95,1.235,585.7986094,0.721385622
7/31/2020 4:00,2020,7,31,7/31/2020,5,19.247,99.682,1.213,585.7869861,0.721371308
7/31/2020 5:00,2020,7,31,7/31/2020,6,15.166,99.596,1.153,585.7753336,0.721356958
7/31/2020 6:00,2020,7,31,7/31/2020,7,17.117,99.922,1.192,585.7636518,0.721342573
7/31/2020 7:00,2020,7,31,7/31/2020,8,16.063,102.319,1.171,618.5541567,0.76172266
7/31/2020 8:00,2020,7,31,7/31/2020,9,15.788,103.45,1.166,697.7339709,0.859229172
7/31/2020 9:00,2020,7,31,7/31/2020,10,14.837,100.398,1.147,776.9137558,0.956735649
7/31/2020 10:00,2020,7,31,7/31/2020,11,14.409,99.585,1.138,809.7041731,0.997115628
7/31/2020 11:00,2020,7,31,7/31/2020,12,15.19,101.025,1.154,809.6923454,0.997101063
7/31/2020 12:00,2020,7,31,7/31/2020,13,17.584,101.951,1.202,809.6804886,0.997086461
7/31/2020 13:00,2020,7,31,7/31/2020,14,16.396,100.666,1.178,809.6686025,0.997071824
7/31/2020 14:00,2020,7,31,7/31/2020,15,19.373,102.522,1.213,809.6566874,0.997057151
7/31/2020 15:00,2020,7,31,7/31/2020,16,21.687,101.681,1.218,809.644743,0.997042442
7/31/2020 16:00,2020,7,31,7/31/2020,17,23.132,102.256,1.244,809.6327695,0.997027697
7/31/2020 17:00,2020,7,31,7/31/2020,18,23.946,104.532,1.275,809.6207669,0.997012917
7/31/2020 18:00,2020,7,31,7/31/2020,19,26.836,101.292,1.384,809.6087351,0.9969981
7/31/2020 19:00,2020,7,31,7/31/2020,20,25.423,102.344,1.33,739.9116618,0.911169172
7/31/2020 20:00,2020,7,31,7/31/2020,21,27.432,102.13,1.399,670.2145593,0.825340209
7/31/2020 21:00,2020,7,31,7/31/2020,22,27.619,98.806,1.402,670.2024401,0.825325284
7/31/2020 22:00,2020,7,31,7/31/2020,23,27.534,100.843,1.401,670.1902919,0.825310324
7/31/2020 23:00,2020,7,31,7/31/2020,24,27.65,99.213,1.403,627.869357,0.773193926
8/1/2020 0:00,2020,8,1,8/1/2020,1,24.602,98.721,1.299,556.7979087,0.685672514
8/1/2020 1:00,2020,8,1,8/1/2020,2,24.55,100.754,1.297,556.7856732,0.685657447
8/1/2020 2:00,2020,8,1,8/1/2020,3,23.339,100.718,1.252,556.7734085,0.685642344
8/1/2020 3:00,2020,8,1,8/1/2020,4,20.96,99.562,1.217,556.7611148,0.685627204
8/1/2020 4:00,2020,8,1,8/1/2020,5,20.102,100.459,1.215,556.748792,0.685612029
8/1/2020 5:00,2020,8,1,8/1/2020,6,16.74,102.03,1.185,556.7364401,0.685596819
8/1/2020 6:00,2020,8,1,8/1/2020,7,16.133,99.44,1.173,556.7240592,0.685581572
8/1/2020 7:00,2020,8,1,8/1/2020,8,17.149,101.051,1.193,586.0689834,0.721718575
8/1/2020 8:00,2020,8,1,8/1/2020,9,13.65,100.164,1.123,656.9314185,0.808982596
8/1/2020 9:00,2020,8,1,8/1/2020,10,15.774,101.411,1.165,727.7938246,0.896246581
8/1/2020 10:00,2020,8,1,8/1/2020,11,14.131,100.444,1.133,757.1386616,0.932383477
8/1/2020 11:00,2020,8,1,8/1/2020,12,14.536,101.524,1.141,757.1261355,0.932368051
8/1/2020 12:00,2020,8,1,8/1/2020,13,16.055,101.68,1.171,757.1135804,0.93235259
8/1/2020 13:00,2020,8,1,8/1/2020,14,16.544,102.442,1.181,757.1009962,0.932337093
8/1/2020 14:00,2020,8,1,8/1/2020,15,18.412,101.859,1.211,757.088383,0.932321561
8/1/2020 15:00,2020,8,1,8/1/2020,16,20.553,101.596,1.216,757.0757408,0.932305992
8/1/2020 16:00,2020,8,1,8/1/2020,17,23.851,102.386,1.271,757.0630696,0.932290388
8/1/2020 17:00,2020,8,1,8/1/2020,18,24.17,102.742,1.283,757.0503694,0.932274749
8/1/2020 18:00,2020,8,1,8/1/2020,19,27.839,101.47,1.407,757.0376403,0.932259073
8/1/2020 19:00,2020,8,1,8/1/2020,20,27.712,101.951,1.404,694.6581747,0.855441463
8/1/2020 20:00,2020,8,1,8/1/2020,21,26.133,102.133,1.357,632.2786802,0.778623816
8/1/2020 21:00,2020,8,1,8/1/2020,22,27.093,98.608,1.392,632.2658641,0.778608034
8/1/2020 22:00,2020,8,1,8/1/2020,23,27.571,100.517,1.401,632.2530191,0.778592216
8/1/2020 23:00,2020,8,1,8/1/2020,24,26.686,98.453,1.378,594.3746442,0.731946637
8/2/2020 0:00,2020,8,2,8/2/2020,1,25.717,99.106,1.342,556.4962403,0.685301023
8/2/2020 1:00,2020,8,2,8/2/2020,2,23.983,100.437,1.276,556.4833085,0.685285098
8/2/2020 2:00,2020,8,2,8/2/2020,3,23.913,101.701,1.273,556.4703477,0.685269137
8/2/2020 3:00,2020,8,2,8/2/2020,4,20.496,101.167,1.216,556.4573579,0.685253141
8/2/2020 4:00,2020,8,2,8/2/2020,5,18.578,99.486,1.211,556.4443393,0.685237109
8/2/2020 5:00,2020,8,2,8/2/2020,6,18.531,100.324,1.211,556.4312917,0.685221042
8/2/2020 6:00,2020,8,2,8/2/2020,7,16.664,101.383,1.183,556.4182153,0.685204938
8/2/2020 7:00,2020,8,2,8/2/2020,8,14.758,101.017,1.145,585.762444,0.721341086
8/2/2020 8:00,2020,8,2,8/2/2020,9,15.123,100.721,1.152,656.624184,0.80860425
8/2/2020 9:00,2020,8,2,8/2/2020,10,14.68,102.052,1.144,727.485895,0.895867379
8/2/2020 10:00,2020,8,2,8/2/2020,11,14.743,101.058,1.145,756.8300371,0.932003419
8/2/2020 11:00,2020,8,2,8/2/2020,12,15.364,102.21,1.157,756.8168162,0.931987138
8/2/2020 12:00,2020,8,2,8/2/2020,13,17.907,103.914,1.208,756.8035665,0.931970822
8/2/2020 13:00,2020,8,2,8/2/2020,14,18.975,103.368,1.212,756.7902879,0.931954469
8/2/2020 14:00,2020,8,2,8/2/2020,15,20.009,102.493,1.214,756.7769804,0.931938082
8/2/2020 15:00,2020,8,2,8/2/2020,16,22.197,102.088,1.219,756.7636441,0.931921659
8/2/2020 16:00,2020,8,2,8/2/2020,17,22.324,100.728,1.22,756.750279,0.9319052
8/2/2020 17:00,2020,8,2,8/2/2020,18,23.728,102.377,1.266,756.736885,0.931888706
8/2/2020 18:00,2020,8,2,8/2/2020,19,26.785,101.1,1.382,756.7234622,0.931872177
8/2/2020 19:00,2020,8,2,8/2/2020,20,24.675,102.567,1.302,694.3433032,0.855053712
8/2/2020 20:00,2020,8,2,8/2/2020,21,26.995,100.326,1.39,631.9631154,0.778235212
8/2/2020 21:00,2020,8,2,8/2/2020,22,27.324,100.827,1.396,631.9496062,0.778218576
8/2/2020 22:00,2020,8,2,8/2/2020,23,27.403,100.229,1.398,631.9360682,0.778201904
8/2/2020 23:00,2020,8,2,8/2/2020,24,26.305,100.865,1.364,594.0570004,0.731555473
8/3/2020 0:00,2020,8,3,8/3/2020,1,27.281,99.586,1.396,556.1779039,0.684909005
8/3/2020 1:00,2020,8,3,8/3/2020,2,24.073,101.252,1.279,556.1642796,0.684892228
8/3/2020 2:00,2020,8,3,8/3/2020,3,24.112,100.259,1.281,556.1506264,0.684875414
8/3/2020 3:00,2020,8,3,8/3/2020,4,18.974,99.125,1.212,556.1369446,0.684858566
8/3/2020 4:00,2020,8,3,8/3/2020,5,19.822,97.814,1.214,556.1232339,0.684841682
8/3/2020 5:00,2020,8,3,8/3/2020,6,17.004,99.702,1.19,556.1094945,0.684824762
8/3/2020 6:00,2020,8,3,8/3/2020,7,15.914,101.366,1.168,556.0957264,0.684807807
8/3/2020 7:00,2020,8,3,8/3/2020,8,14.755,100.816,1.145,585.4392637,0.720943103
8/3/2020 8:00,2020,8,3,8/3/2020,9,13.078,98.759,1.112,656.3003123,0.808205416
8/3/2020 9:00,2020,8,3,8/3/2020,10,15.665,102.588,1.163,727.1613322,0.895467693
8/3/2020 10:00,2020,8,3,8/3/2020,11,16.113,103.018,1.172,756.5047833,0.931602883
8/3/2020 11:00,2020,8,3,8/3/2020,12,14.126,103.2,1.133,756.4908715,0.931585751
8/3/2020 12:00,2020,8,3,8/3/2020,13,17.709,101.273,1.204,756.4769311,0.931568584
8/3/2020 13:00,2020,8,3,8/3/2020,14,18.698,101.531,1.212,756.462962,0.931551382
8/3/2020 14:00,2020,8,3,8/3/2020,15,19.761,103.552,1.214,756.4489642,0.931534144
8/3/2020 15:00,2020,8,3,8/3/2020,16,20.241,101.893,1.215,756.4349378,0.931516871
8/3/2020 16:00,2020,8,3,8/3/2020,17,22.901,101.496,1.235,756.4208827,0.931499563
8/3/2020 17:00,2020,8,3,8/3/2020,18,25.903,100.614,1.349,756.4067989,0.931482219
8/3/2020 18:00,2020,8,3,8/3/2020,19,26.016,102.553,1.353,756.3926864,0.931464841
8/3/2020 19:00,2020,8,3,8/3/2020,20,26.508,101.564,1.371,694.0118379,0.854645527
8/3/2020 20:00,2020,8,3,8/3/2020,21,27.386,99.528,1.398,631.6309608,0.777826178
8/3/2020 21:00,2020,8,3,8/3/2020,22,27.794,99.208,1.406,631.6167625,0.777808693
8/3/2020 22:00,2020,8,3,8/3/2020,23,27.057,99.382,1.391,631.6025355,0.777791173
8/3/2020 23:00,2020,8,3,8/3/2020,24,26.381,99.457,1.367,593.722779,0.731143893
8/4/2020 0:00,2020,8,4,8/4/2020,1,25.973,99.903,1.351,555.8429938,0.684496578
8/4/2020 1:00,2020,8,4,8/4/2020,2,26.527,101.068,1.372,555.828681,0.684478953
8/4/2020 2:00,2020,8,4,8/4/2020,3,22.915,100.378,1.236,555.8143396,0.684461292
8/4/2020 3:00,2020,8,4,8/4/2020,4,20.366,100.399,1.215,555.7999696,0.684443596
8/4/2020 4:00,2020,8,4,8/4/2020,5,19.2,100.297,1.213,555.785571,0.684425864
8/4/2020 5:00,2020,8,4,8/4/2020,6,19.304,99.437,1.213,555.7711439,0.684408098
8/4/2020 6:00,2020,8,4,8/4/2020,7,15.752,100.166,1.165,555.7566882,0.684390296
8/4/2020 7:00,2020,8,4,8/4/2020,8,15.387,101.577,1.158,585.099538,0.720524745
8/4/2020 8:00,2020,8,4,8/4/2020,9,14.648,102.471,1.143,655.9598994,0.807786212
8/4/2020 9:00,2020,8,4,8/4/2020,10,14.779,101.093,1.146,726.8202322,0.895047644
8/4/2020 10:00,2020,8,4,8/4/2020,11,14.128,101.758,1.133,756.1629965,0.931181987
8/4/2020 11:00,2020,8,4,8/4/2020,12,14.664,99.629,1.143,756.148398,0.93116401
8/4/2020 12:00,2020,8,4,8/4/2020,13,16.449,102.266,1.179,756.1337711,0.931145997
8/4/2020 13:00,2020,8,4,8/4/2020,14,17.77,102.78,1.205,756.1191156,0.93112795
8/4/2020 14:00,2020,8,4,8/4/2020,15,20.48,104.003,1.216,756.1044317,0.931109867
8/4/2020 15:00,2020,8,4,8/4/2020,16,21.642,102.096,1.218,756.0897192,0.931091749
8/4/2020 16:00,2020,8,4,8/4/2020,17,24.266,101.888,1.287,756.0749783,0.931073597
8/4/2020 17:00,2020,8,4,8/4/2020,18,23.895,103.743,1.273,756.0602088,0.931055409
8/4/2020 18:00,2020,8,4,8/4/2020,19,26.164,102.018,1.358,756.0454109,0.931037186
8/4/2020 19:00,2020,8,4,8/4/2020,20,27.212,102.946,1.394,693.6638771,0.854217028
8/4/2020 20:00,2020,8,4,8/4/2020,21,28.65,100.7,1.423,631.2823149,0.777396835
8/4/2020 21:00,2020,8,4,8/4/2020,22,26.908,100.397,1.387,631.2674316,0.777378507
8/4/2020 22:00,2020,8,4,8/4/2020,23,26.362,101.74,1.366,631.2525199,0.777360144
8/4/2020 23:00,2020,8,4,8/4/2020,24,25.099,101.097,1.318,593.3720788,0.730712021
8/5/2020 0:00,2020,8,5,8/5/2020,1,26.798,100.117,1.382,555.4916093,0.684063863
8/5/2020 1:00,2020,8,5,8/5/2020,2,23.937,102.912,1.274,555.4766123,0.684045395
8/5/2020 2:00,2020,8,5,8/5/2020,3,22.956,101.168,1.237,555.4615868,0.684026892
8/5/2020 3:00,2020,8,5,8/5/2020,4,21.852,101.555,1.219,555.446533,0.684008354
8/5/2020 4:00,2020,8,5,8/5/2020,5,18.41,101.028,1.211,555.4314507,0.683989781
8/5/2020 5:00,2020,8,5,8/5/2020,6,15.954,99.527,1.169,555.4163401,0.683971173
8/5/2020 6:00,2020,8,5,8/5/2020,7,16.009,103.318,1.17,555.4012011,0.68395253
8/5/2020 7:00,2020,8,5,8/5/2020,8,14.235,101.368,1.135,584.7433678,0.720086137
8/5/2020 8:00,2020,8,5,8/5/2020,9,14.217,99.955,1.134,655.6030463,0.807346763
8/5/2020 9:00,2020,8,5,8/5/2020,10,16.503,101.807,1.18,726.4626963,0.894607354
8/5/2020 10:00,2020,8,5,8/5/2020,11,14.613,98.302,1.142,755.804778,0.930740857
8/5/2020 11:00,2020,8,5,8/5/2020,12,15.99,98.118,1.17,755.7894972,0.930722039
8/5/2020 12:00,2020,8,5,8/5/2020,13,16.484,98.542,1.18,755.774188,0.930703187
8/5/2020 13:00,2020,8,5,8/5/2020,14,18.674,100.467,1.211,755.7588506,0.930684299
8/5/2020 14:00,2020,8,5,8/5/2020,15,19.926,99.816,1.214,755.7434848,0.930665377
8/5/2020 15:00,2020,8,5,8/5/2020,16,20.797,99.486,1.216,755.7280907,0.93064642
8/5/2020 16:00,2020,8,5,8/5/2020,17,23.558,99.627,1.26,755.7126683,0.930627428
8/5/2020 17:00,2020,8,5,8/5/2020,18,23.673,100.227,1.264,755.6972176,0.930608401
8/5/2020 18:00,2020,8,5,8/5/2020,19,25.568,101.157,1.336,755.6817386,0.930589339
8/5/2020 19:00,2020,8,5,8/5/2020,20,27.317,100.542,1.396,693.2995239,0.853768343
8/5/2020 20:00,2020,8,5,8/5/2020,21,26.789,100.461,1.382,630.917281,0.776947312
8/5/2020 21:00,2020,8,5,8/5/2020,22,26.39,99.921,1.367,630.9017171,0.776928146
8/5/2020 22:00,2020,8,5,8/5/2020,23,28.785,101.918,1.426,630.8861251,0.776908945
8/5/2020 23:00,2020,8,5,8/5/2020,24,25.084,98.768,1.318,593.0050038,0.730259984
8/6/2020 0:00,2020,8,6,8/6/2020,1,25.153,97.074,1.32,555.1238544,0.683610989
8/6/2020 1:00,2020,8,6,8/6/2020,2,25.738,100.781,1.342,555.1081776,0.683591684
8/6/2020 2:00,2020,8,6,8/6/2020,3,21.756,99.61,1.218,555.0924726,0.683572344
8/6/2020 3:00,2020,8,6,8/6/2020,4,21.641,100.332,1.218,555.0767394,0.683552969
8/6/2020 4:00,2020,8,6,8/6/2020,5,19.09,100.288,1.212,555.0609779,0.683533559
8/6/2020 5:00,2020,8,6,8/6/2020,6,17.165,101.564,1.193,555.0451883,0.683514115
8/6/2020 6:00,2020,8,6,8/6/2020,7,15.911,99.642,1.168,555.0293705,0.683494636
8/6/2020 7:00,2020,8,6,8/6/2020,8,15.772,100.751,1.165,584.3708586,0.719627408
8/6/2020 8:00,2020,8,6,8/6/2020,9,14.722,98.583,1.144,655.2298586,0.806887198
8/6/2020 9:00,2020,8,6,8/6/2020,10,15.035,98.206,1.151,726.0888304,0.894146954
8/6/2020 10:00,2020,8,6,8/6/2020,11,15.302,100.478,1.156,755.430234,0.930279622
8/6/2020 11:00,2020,8,6,8/6/2020,12,15.842,99.357,1.167,755.4142754,0.93025997
8/6/2020 12:00,2020,8,6,8/6/2020,13,18.393,99.343,1.211,755.3982885,0.930240283
8/6/2020 13:00,2020,8,6,8/6/2020,14,17.515,98.757,1.2,755.3822736,0.930220561
8/6/2020 14:00,2020,8,6,8/6/2020,15,19.245,101.21,1.213,755.3662305,0.930200805
8/6/2020 15:00,2020,8,6,8/6/2020,16,20.9,100.748,1.216,755.3501594,0.930181014
8/6/2020 16:00,2020,8,6,8/6/2020,17,22.293,98.83,1.22,755.3340601,0.930161188
8/6/2020 17:00,2020,8,6,8/6/2020,18,24.614,101.24,1.3,755.3179327,0.930141328
8/6/2020 18:00,2020,8,6,8/6/2020,19,26.075,99.71,1.355,755.3017772,0.930121433
8/6/2020 19:00,2020,8,6,8/6/2020,20,26.105,99.327,1.356,692.9188862,0.853299604
8/6/2020 20:00,2020,8,6,8/6/2020,21,27.89,99.7,1.408,630.5359672,0.77647774
8/6/2020 21:00,2020,8,6,8/6/2020,22,27.719,99.989,1.404,630.5197274,0.776457742
8/6/2020 22:00,2020,8,6,8/6/2020,23,29.162,100.244,1.433,630.5034597,0.776437709
8/6/2020 23:00,2020,8,6,8/6/2020,24,25.899,101.126,1.348,592.6216629,0.729787917
8/7/2020 0:00,2020,8,7,8/7/2020,1,25.647,101.069,1.339,554.7398381,0.68313809
8/7/2020 1:00,2020,8,7,8/7/2020,2,26.046,99.893,1.354,554.7234862,0.683117953
8/7/2020 2:00,2020,8,7,8/7/2020,3,23.433,101.857,1.255,554.7071063,0.683097782
8/7/2020 3:00,2020,8,7,8/7/2020,4,21.775,101.579,1.218,554.6906983,0.683077576
8/7/2020 4:00,2020,8,7,8/7/2020,5,19,99.748,1.212,554.6742624,0.683057336
8/7/2020 5:00,2020,8,7,8/7/2020,6,17.678,100.94,1.204,554.6577984,0.683037061
8/7/2020 6:00,2020,8,7,8/7/2020,7,16.185,100.313,1.174,554.6413064,0.683016752
8/7/2020 7:00,2020,8,7,8/7/2020,8,14.702,99.656,1.144,583.9821206,0.719148694
8/7/2020 8:00,2020,8,7,8/7/2020,9,14.335,102.602,1.137,654.8404469,0.806407655
8/7/2020 9:00,2020,8,7,8/7/2020,10,15.27,101.46,1.155,725.6987452,0.893666581
8/7/2020 10:00,2020,8,7,8/7/2020,11,15.171,100.881,1.153,755.0394755,0.92979842
8/7/2020 11:00,2020,8,7,8/7/2020,12,15.601,102.719,1.162,755.0228437,0.929777939
8/7/2020 12:00,2020,8,7,8/7/2020,13,16.03,101.096,1.171,755.006184,0.929757423
8/7/2020 13:00,2020,8,7,8/7/2020,14,18.838,102.846,1.212,754.9894963,0.929736873
8/7/2020 14:00,2020,8,7,8/7/2020,15,19.559,102.531,1.213,754.9727807,0.929716288
8/7/2020 15:00,2020,8,7,8/7/2020,16,21.876,102.291,1.219,754.9560372,0.929695669
8/7/2020 16:00,2020,8,7,8/7/2020,17,21.828,101.865,1.219,754.9392658,0.929675016
8/7/2020 17:00,2020,8,7,8/7/2020,18,23.562,100.42,1.26,754.9224665,0.929654328
8/7/2020 18:00,2020,8,7,8/7/2020,19,24.995,101.082,1.314,754.9056393,0.929633606
8/7/2020 19:00,2020,8,7,8/7/2020,20,26.807,101.51,1.383,692.5220768,0.85281095
8/7/2020 20:00,2020,8,7,8/7/2020,21,27.954,99.572,1.409,630.1384865,0.77598826
8/7/2020 21:00,2020,8,7,8/7/2020,22,27.786,97.748,1.406,630.1215757,0.775967435
8/7/2020 22:00,2020,8,7,8/7/2020,23,27.525,97.552,1.401,630.104637,0.775946576
8/7/2020 23:00,2020,8,7,8/7/2020,24,26.364,99.546,1.366,592.2221696,0.729295958
8/8/2020 0:00,2020,8,8,8/8/2020,1,24.115,98.754,1.281,554.3396743,0.682645305
8/8/2020 1:00,2020,8,8,8/8/2020,2,24.627,99.432,1.3,554.3226521,0.682624343
8/8/2020 2:00,2020,8,8,8/8/2020,3,23.561,99.945,1.26,554.3056021,0.682603347
8/8/2020 3:00,2020,8,8,8/8/2020,4,21.16,100.187,1.217,554.2885243,0.682582316
8/8/2020 4:00,2020,8,8,8/8/2020,5,19.459,99.808,1.213,554.2714187,0.682561251
8/8/2020 5:00,2020,8,8,8/8/2020,6,16.955,99.535,1.189,554.2542853,0.682540152
8/8/2020 6:00,2020,8,8,8/8/2020,7,14.876,100.941,1.148,554.2371241,0.682519019
8/8/2020 7:00,2020,8,8,8/8/2020,8,15.816,100.545,1.166,583.5772692,0.718650137
8/8/2020 8:00,2020,8,8,8/8/2020,9,16.514,102.131,1.18,654.4349267,0.805908274
8/8/2020 9:00,2020,8,8,8/8/2020,10,15.518,101.469,1.16,725.2925564,0.893166377
8/8/2020 10:00,2020,8,8,8/8/2020,11,16.573,101.886,1.181,754.6326182,0.929297393
8/8/2020 11:00,2020,8,8,8/8/2020,12,15.515,100.181,1.16,754.6153183,0.929276089
8/8/2020 12:00,2020,8,8,8/8/2020,13,18.11,103.166,1.21,754.5979905,0.92925475
8/8/2020 13:00,2020,8,8,8/8/2020,14,17.427,100.076,1.199,754.5806351,0.929233378
8/8/2020 14:00,2020,8,8,8/8/2020,15,20.888,101.677,1.216,754.5632519,0.929211971
8/8/2020 15:00,2020,8,8,8/8/2020,16,22.708,102.417,1.228,754.5458411,0.92919053
8/8/2020 16:00,2020,8,8,8/8/2020,17,22.92,100.938,1.236,754.5284025,0.929169056
8/8/2020 17:00,2020,8,8,8/8/2020,18,26.182,101.786,1.359,754.5109363,0.929147547
8/8/2020 18:00,2020,8,8,8/8/2020,19,26.674,102.92,1.378,754.4934424,0.929126004
8/8/2020 19:00,2020,8,8,8/8/2020,20,26.435,102.433,1.369,692.1092134,0.852302527
8/8/2020 20:00,2020,8,8,8/8/2020,21,27.044,100.34,1.391,629.7249567,0.775479016
8/8/2020 21:00,2020,8,8,8/8/2020,22,27.169,99.68,1.393,629.7073798,0.775457371
8/8/2020 22:00,2020,8,8,8/8/2020,23,27.456,99.681,1.399,629.6897753,0.775435692
8/8/2020 23:00,2020,8,8,8/8/2020,24,25.877,99.423,1.348,591.8066422,0.728784254
8/9/2020 0:00,2020,8,9,8/9/2020,1,26.203,98.172,1.36,553.9234815,0.682132782
8/9/2020 1:00,2020,8,9,8/9/2020,2,23.562,101.248,1.26,553.9057941,0.682111001
8/9/2020 2:00,2020,8,9,8/9/2020,3,22.837,102.192,1.233,553.888079,0.682089185
8/9/2020 3:00,2020,8,9,8/9/2020,4,21.598,99.861,1.218,553.8703364,0.682067336
8/9/2020 4:00,2020,8,9,8/9/2020,5,19.623,99.295,1.214,553.8525662,0.682045453
8/9/2020 5:00,2020,8,9,8/9/2020,6,17.858,100.239,1.207,553.8347684,0.682023536
8/9/2020 6:00,2020,8,9,8/9/2020,7,15.821,102.121,1.166,553.8169431,0.682001584
8/9/2020 7:00,2020,8,9,8/9/2020,8,17.48,99.971,1.2,583.1564243,0.718131885
8/9/2020 8:00,2020,8,9,8/9/2020,9,14.528,102.377,1.141,654.013418,0.805389205
8/9/2020 9:00,2020,8,9,8/9/2020,10,13.918,100.801,1.128,724.8703842,0.89264649
8/9/2020 10:00,2020,8,9,8/9/2020,11,15.052,101.879,1.151,754.2097828,0.928776689
8/9/2020 11:00,2020,8,9,8/9/2020,12,15.095,101.998,1.152,754.1918197,0.928754568
8/9/2020 12:00,2020,8,9,8/9/2020,13,17.184,102.991,1.194,754.1738292,0.928732414
8/9/2020 13:00,2020,8,9,8/9/2020,14,18.676,100.417,1.212,754.1558111,0.928710225
8/9/2020 14:00,2020,8,9,8/9/2020,15,20.336,103.06,1.215,754.1377655,0.928688003
8/9/2020 15:00,2020,8,9,8/9/2020,16,23.086,102.364,1.242,754.1196925,0.928665747
8/9/2020 16:00,2020,8,9,8/9/2020,17,23.09,101.629,1.242,754.1015919,0.928643457
8/9/2020 17:00,2020,8,9,8/9/2020,18,23.667,101.337,1.264,754.0834639,0.928621133
8/9/2020 18:00,2020,8,9,8/9/2020,19,25.823,103.162,1.346,754.0653085,0.928598775
8/9/2020 19:00,2020,8,9,8/9/2020,20,27.097,101.022,1.392,691.6804182,0.851774484
8/9/2020 20:00,2020,8,9,8/9/2020,21,26.932,98.823,1.387,629.2955004,0.774950159
8/9/2020 21:00,2020,8,9,8/9/2020,22,27.784,99.722,1.406,629.2772626,0.7749277
8/9/2020 22:00,2020,8,9,8/9/2020,23,25.609,100.051,1.337,629.2589974,0.774905208
8/9/2020 23:00,2020,8,9,8/9/2020,24,26.304,100.314,1.364,591.3752039,0.728252956
8/10/2020 0:00,2020,8,10,8/10/2020,1,25.875,100.161,1.347,553.491383,0.681600671
8/10/2020 1:00,2020,8,10,8/10/2020,2,23.177,101.243,1.246,553.4730356,0.681578077
8/10/2020 2:00,2020,8,10,8/10/2020,3,21.722,97.871,1.218,553.4546608,0.681555449
8/10/2020 3:00,2020,8,10,8/10/2020,4,20.718,101.588,1.216,553.4362586,0.681532788
8/10/2020 4:00,2020,8,10,8/10/2020,5,19.071,100.639,1.212,553.4178291,0.681510093
8/10/2020 5:00,2020,8,10,8/10/2020,6,18.939,98.985,1.212,553.3993722,0.681487364
8/10/2020 6:00,2020,8,10,8/10/2020,7,17.078,101.045,1.192,553.380888,0.681464601
8/10/2020 7:00,2020,8,10,8/10/2020,8,14.393,101.999,1.138,582.7197106,0.717594091
8/10/2020 8:00,2020,8,10,8/10/2020,9,14.503,102.517,1.14,653.5760459,0.8048506
8/10/2020 9:00,2020,8,10,8/10/2020,10,14.544,103.019,1.141,724.4323539,0.892107075
8/10/2020 10:00,2020,8,10,8/10/2020,11,15.927,102.192,1.169,753.7710945,0.928236464
8/10/2020 11:00,2020,8,10,8/10/2020,12,15.646,102.378,1.163,753.7524737,0.928213533
8/10/2020 12:00,2020,8,10,8/10/2020,13,16.012,101.878,1.17,753.7338256,0.928190569
8/10/2020 13:00,2020,8,10,8/10/2020,14,19.637,101.497,1.214,753.7151502,0.928167571
8/10/2020 14:00,2020,8,10,8/10/2020,15,19.348,101.816,1.213,753.6964476,0.928144539
8/10/2020 15:00,2020,8,10,8/10/2020,16,20.55,101.423,1.216,753.6777177,0.928121474
8/10/2020 16:00,2020,8,10,8/10/2020,17,23.342,103.184,1.252,753.6589605,0.928098375
8/10/2020 17:00,2020,8,10,8/10/2020,18,24.492,102.352,1.295,753.6401761,0.928075243
8/10/2020 18:00,2020,8,10,8/10/2020,19,26.308,102.068,1.364,753.6213645,0.928052078
8/10/2020 19:00,2020,8,10,8/10/2020,20,27.255,100.007,1.395,691.2358183,0.851226979
8/10/2020 20:00,2020,8,10,8/10/2020,21,28.054,100.194,1.411,628.8502448,0.774401846
8/10/2020 21:00,2020,8,10,8/10/2020,22,28.704,99.19,1.424,628.8313516,0.77437858
8/10/2020 22:00,2020,8,10,8/10/2020,23,26.299,99.858,1.364,628.8124311,0.774355281
8/10/2020 23:00,2020,8,10,8/10/2020,24,27.42,99.769,1.398,590.9279826,0.727702223
8/11/2020 0:00,2020,8,11,8/11/2020,1,24.876,99.632,1.31,553.0435069,0.681049131
8/11/2020 1:00,2020,8,11,8/11/2020,2,24.016,102.131,1.277,553.0245049,0.681025731
8/11/2020 2:00,2020,8,11,8/11/2020,3,23.094,99.637,1.242,553.0054758,0.681002298
8/11/2020 3:00,2020,8,11,8/11/2020,4,21.669,98.177,1.218,552.9864196,0.680978831
8/11/2020 4:00,2020,8,11,8/11/2020,5,20.497,101.286,1.216,552.9673362,0.68095533
8/11/2020 5:00,2020,8,11,8/11/2020,6,18.236,98.711,1.211,552.9482257,0.680931796
8/11/2020 6:00,2020,8,11,8/11/2020,7,16.693,100.188,1.184,552.929088,0.680908229
8/11/2020 7:00,2020,8,11,8/11/2020,8,15.803,100.794,1.166,582.2672574,0.717036915
8/11/2020 8:00,2020,8,11,8/11/2020,9,16.194,102.43,1.174,653.1229398,0.804292619
8/11/2020 9:00,2020,8,11,8/11/2020,10,14.215,103.13,1.134,723.9785951,0.891548291
8/11/2020 10:00,2020,8,11,8/11/2020,11,15.521,103.136,1.16,753.3166833,0.927676876
8/11/2020 11:00,2020,8,11,8/11/2020,12,14.9,102.115,1.148,753.2974102,0.927653142
8/11/2020 12:00,2020,8,11,8/11/2020,13,17.455,103.714,1.199,753.2781101,0.927629375
8/11/2020 13:00,2020,8,11,8/11/2020,14,17.649,102.406,1.203,753.258783,0.927605574
8/11/2020 14:00,2020,8,11,8/11/2020,15,18.902,101.81,1.212,753.2394288,0.92758174
8/11/2020 15:00,2020,8,11,8/11/2020,16,20.021,103.919,1.214,753.2200476,0.927557873
8/11/2020 16:00,2020,8,11,8/11/2020,17,23.03,100.816,1.24,753.2006394,0.927533973
8/11/2020 17:00,2020,8,11,8/11/2020,18,25.805,100.423,1.345,753.1812042,0.927510039
8/11/2020 18:00,2020,8,11,8/11/2020,19,26.434,103.423,1.369,753.161742,0.927486072
8/11/2020 19:00,2020,8,11,8/11/2020,20,27.861,102.875,1.407,690.7755454,0.850660173
8/11/2020 20:00,2020,8,11,8/11/2020,21,28.146,98.969,1.413,628.3893219,0.77383424
8/11/2020 21:00,2020,8,11,8/11/2020,22,27.91,100.377,1.408,628.3697787,0.773810173
8/11/2020 22:00,2020,8,11,8/11/2020,23,27.97,100.329,1.409,628.3502087,0.773786074
8/11/2020 23:00,2020,8,11,8/11/2020,24,25.979,99.562,1.351,590.4651107,0.727132216
8/12/2020 0:00,2020,8,12,8/12/2020,1,26.064,100.253,1.355,552.5799858,0.680478325
8/12/2020 1:00,2020,8,12,8/12/2020,2,25.53,100.699,1.334,552.560335,0.680454126
8/12/2020 2:00,2020,8,12,8/12/2020,3,22.57,101.348,1.223,552.5406572,0.680429894
8/12/2020 3:00,2020,8,12,8/12/2020,4,21.97,100.071,1.219,552.5209525,0.680405628
8/12/2020 4:00,2020,8,12,8/12/2020,5,20.412,100.767,1.215,552.5012209,0.680381329
8/12/2020 5:00,2020,8,12,8/12/2020,6,18.743,100.178,1.212,552.4814624,0.680356998
8/12/2020 6:00,2020,8,12,8/12/2020,7,18.186,99.913,1.21,552.4616771,0.680332633
8/12/2020 7:00,2020,8,12,8/12/2020,8,16.14,101.261,1.173,581.799199,0.716460521
8/12/2020 8:00,2020,8,12,8/12/2020,9,15.515,98.873,1.16,652.6542341,0.803715429
8/12/2020 9:00,2020,8,12,8/12/2020,10,14.796,99.699,1.146,723.5092424,0.890970303
8/12/2020 10:00,2020,8,12,8/12/2020,11,13.855,99.3,1.127,752.8466838,0.927098092
8/12/2020 11:00,2020,8,12,8/12/2020,12,14.668,100.392,1.143,752.8267642,0.927073562
8/12/2020 12:00,2020,8,12,8/12/2020,13,16.455,98.771,1.179,752.8068179,0.927048999
8/12/2020 13:00,2020,8,12,8/12/2020,14,17.876,100.556,1.208,752.7868447,0.927024403
8/12/2020 14:00,2020,8,12,8/12/2020,15,19.711,100.777,1.214,752.7668447,0.926999773
8/12/2020 15:00,2020,8,12,8/12/2020,16,21.657,100.09,1.218,752.746818,0.926975111
8/12/2020 16:00,2020,8,12,8/12/2020,17,22.524,100.706,1.221,752.7267645,0.926950416
8/12/2020 17:00,2020,8,12,8/12/2020,18,23.658,101.832,1.264,752.7066842,0.926925688
8/12/2020 18:00,2020,8,12,8/12/2020,19,25.909,99.294,1.349,752.6865772,0.926900927
8/12/2020 19:00,2020,8,12,8/12/2020,20,28.093,99.482,1.412,690.299736,0.850074234
8/12/2020 20:00,2020,8,12,8/12/2020,21,27.962,100.869,1.409,627.9128681,0.773247508
8/12/2020 21:00,2020,8,12,8/12/2020,22,28.608,100.529,1.422,627.8926809,0.773222648
8/12/2020 22:00,2020,8,12,8/12/2020,23,27.571,101.738,1.401,627.872467,0.773197755
8/12/2020 23:00,2020,8,12,8/12/2020,24,25.339,99.719,1.327,589.9867255,0.726543105
8/13/2020 0:00,2020,8,13,8/13/2020,1,26.245,100.004,1.361,552.1009573,0.679888422
8/13/2020 1:00,2020,8,13,8/13/2020,2,24.271,98.448,1.287,552.0806633,0.679863431
8/13/2020 2:00,2020,8,13,8/13/2020,3,23.81,101.428,1.269,552.0603426,0.679838407
8/13/2020 3:00,2020,8,13,8/13/2020,4,22.97,98.818,1.238,552.0399953,0.67981335
8/13/2020 4:00,2020,8,13,8/13/2020,5,18.965,100.381,1.212,552.0196214,0.679788261
8/13/2020 5:00,2020,8,13,8/13/2020,6,17.875,100.605,1.207,551.9992208,0.679763138
8/13/2020 6:00,2020,8,13,8/13/2020,7,16.585,98.744,1.182,551.9787936,0.679737983
8/13/2020 7:00,2020,8,13,8/13/2020,8,15.29,99.114,1.156,581.3156739,0.715865081
8/13/2020 8:00,2020,8,13,8/13/2020,9,14.483,100.011,1.14,652.1700677,0.803119198
8/13/2020 9:00,2020,8,13,8/13/2020,10,15.377,99.337,1.158,723.0244348,0.890373284
8/13/2020 10:00,2020,8,13,8/13/2020,11,15.184,99.475,1.154,752.3612354,0.926500283
8/13/2020 11:00,2020,8,13,8/13/2020,12,13.847,99.964,1.127,752.3406752,0.926474964
8/13/2020 12:00,2020,8,13,8/13/2020,13,16.242,99.217,1.175,752.3200884,0.926449612
8/13/2020 13:00,2020,8,13,8/13/2020,14,17.982,101.349,1.21,752.2994752,0.926424228
8/13/2020 14:00,2020,8,13,8/13/2020,15,18.39,98.819,1.211,752.2788353,0.926398811
8/13/2020 15:00,2020,8,13,8/13/2020,16,20.897,98.743,1.216,752.258169,0.926373361
8/13/2020 16:00,2020,8,13,8/13/2020,17,22.479,100.981,1.22,752.2374761,0.926347879
8/13/2020 17:00,2020,8,13,8/13/2020,18,24.688,99.813,1.303,752.2167567,0.926322364
8/13/2020 18:00,2020,8,13,8/13/2020,19,25.49,100.025,1.333,752.1960108,0.926296816
8/13/2020 19:00,2020,8,13,8/13/2020,20,25.922,99.746,1.349,689.8085311,0.849469336
8/13/2020 20:00,2020,8,13,8/13/2020,21,27.143,100.014,1.393,627.4210248,0.772641824
8/13/2020 21:00,2020,8,13,8/13/2020,22,28.964,100.364,1.429,627.4001995,0.772616178
8/13/2020 22:00,2020,8,13,8/13/2020,23,26.859,100.536,1.385,627.3793478,0.7725905
8/13/2020 23:00,2020,8,13,8/13/2020,24,28.582,102.123,1.422,589.4929686,0.725935065
8/14/2020 0:00,2020,8,14,8/14/2020,1,24.838,99.668,1.308,551.6065631,0.679279597
8/14/2020 1:00,2020,8,14,8/14/2020,2,22.988,100.68,1.238,551.585632,0.679253821
8/14/2020 2:00,2020,8,14,8/14/2020,3,23.237,100.228,1.248,551.5646745,0.679228013
8/14/2020 3:00,2020,8,14,8/14/2020,4,21.857,99.218,1.219,551.5436907,0.679202172
8/14/2020 4:00,2020,8,14,8/14/2020,5,20.404,99.742,1.215,551.5226804,0.679176299
8/14/2020 5:00,2020,8,14,8/14/2020,6,17.702,99.683,1.204,551.5016437,0.679150393
8/14/2020 6:00,2020,8,14,8/14/2020,7,17.295,99.939,1.196,551.4805807,0.679124455
8/14/2020 7:00,2020,8,14,8/14/2020,8,14.781,99.4,1.146,580.8168255,0.71525077
8/14/2020 8:00,2020,8,14,8/14/2020,9,15.445,101.835,1.159,651.6705839,0.802504106
8/14/2020 9:00,2020,8,14,8/14/2020,10,14.471,101.508,1.139,722.5243161,0.889757409
8/14/2020 10:00,2020,8,14,8/14/2020,11,15.132,101.961,1.153,751.8604818,0.925883627
8/14/2020 11:00,2020,8,14,8/14/2020,12,16.441,100.872,1.179,751.8392871,0.925857526
8/14/2020 12:00,2020,8,14,8/14/2020,13,18.09,100.968,1.21,751.8180661,0.925831394
8/14/2020 13:00,2020,8,14,8/14/2020,14,17.697,103.361,1.204,751.7968188,0.925805229
8/14/2020 14:00,2020,8,14,8/14/2020,15,19.277,100.547,1.213,751.7755452,0.925779031
8/14/2020 15:00,2020,8,14,8/14/2020,16,21.099,104.356,1.217,751.7542454,0.925752801
8/14/2020 16:00,2020,8,14,8/14/2020,17,21.811,101.174,1.218,751.7329193,0.925726539
8/14/2020 17:00,2020,8,14,8/14/2020,18,25.756,102.484,1.343,751.7115669,0.925700245
8/14/2020 18:00,2020,8,14,8/14/2020,19,25.793,101.792,1.344,751.6901883,0.925673918
8/14/2020 19:00,2020,8,14,8/14/2020,20,27.091,100.719,1.392,689.3020761,0.848845659
8/14/2020 20:00,2020,8,14,8/14/2020,21,27.132,99.561,1.393,626.9139377,0.772017368
8/14/2020 21:00,2020,8,14,8/14/2020,22,26.283,100.556,1.363,626.8924804,0.771990944
8/14/2020 22:00,2020,8,14,8/14/2020,23,27.812,100.879,1.406,626.870997,0.771964488
8/14/2020 23:00,2020,8,14,8/14/2020,24,27.445,99.476,1.399,588.9839865,0.725308276
8/15/2020 0:00,2020,8,15,8/15/2020,1,24.805,97.148,1.307,551.0969498,0.67865203
8/15/2020 1:00,2020,8,15,8/15/2020,2,26.216,100.817,1.36,551.0753878,0.678625478
8/15/2020 2:00,2020,8,15,8/15/2020,3,23.6,100.455,1.262,551.0537997,0.678598893
8/15/2020 3:00,2020,8,15,8/15/2020,4,20.01,100.143,1.214,551.0321855,0.678572276
8/15/2020 4:00,2020,8,15,8/15/2020,5,19.12,101.024,1.212,551.0105451,0.678545627
8/15/2020 5:00,2020,8,15,8/15/2020,6,17.566,101.227,1.201,550.9888786,0.678518945
8/15/2020 6:00,2020,8,15,8/15/2020,7,16.005,101.792,1.17,550.9671861,0.678492232
8/15/2020 7:00,2020,8,15,8/15/2020,8,15.008,99.953,1.15,580.3028015,0.714617772
8/15/2020 8:00,2020,8,15,8/15/2020,9,15.149,102.272,1.153,651.1559309,0.801870333
8/15/2020 9:00,2020,8,15,8/15/2020,10,13.095,100.864,1.112,722.0090343,0.889122862
8/15/2020 10:00,2020,8,15,8/15/2020,11,14.963,101.627,1.149,751.3445715,0.925248306
8/15/2020 11:00,2020,8,15,8/15/2020,12,14.81,102.365,1.146,751.3227486,0.925221432
8/15/2020 12:00,2020,8,15,8/15/2020,13,16.963,102.245,1.189,751.3008996,0.925194525
8/15/2020 13:00,2020,8,15,8/15/2020,14,18.83,103.67,1.212,751.2790246,0.925167587
8/15/2020 14:00,2020,8,15,8/15/2020,15,20.878,102.069,1.216,751.2571236,0.925140617
8/15/2020 15:00,2020,8,15,8/15/2020,16,21.026,103.114,1.217,751.2351965,0.925113615
8/15/2020 16:00,2020,8,15,8/15/2020,17,22.642,100.899,1.225,751.2132435,0.925086581
8/15/2020 17:00,2020,8,15,8/15/2020,18,23.789,102.258,1.269,751.1912645,0.925059515
8/15/2020 18:00,2020,8,15,8/15/2020,19,26.935,101.847,1.388,751.1692595,0.925032416
8/15/2020 19:00,2020,8,15,8/15/2020,20,26.484,102.697,1.37,688.7805212,0.848203387
8/15/2020 20:00,2020,8,15,8/15/2020,21,27.786,97.902,1.406,626.3917569,0.771374325
8/15/2020 21:00,2020,8,15,8/15/2020,22,27.573,100.302,1.401,626.3696741,0.771347131
8/15/2020 22:00,2020,8,15,8/15/2020,23,26.886,100.924,1.386,626.3475654,0.771319905
8/15/2020 23:00,2020,8,15,8/15/2020,24,26.232,99.878,1.361,588.4599298,0.724662922
8/16/2020 0:00,2020,8,16,8/16/2020,1,25.922,100.074,1.349,550.5722684,0.678005908
8/16/2020 1:00,2020,8,16,8/16/2020,2,25.089,100.068,1.318,550.5500819,0.677978586
8/16/2020 2:00,2020,8,16,8/16/2020,3,24.087,99.516,1.28,550.5278696,0.677951233
8/16/2020 3:00,2020,8,16,8/16/2020,4,21.588,99.478,1.218,550.5056314,0.677923847
8/16/2020 4:00,2020,8,16,8/16/2020,5,20.732,99.064,1.216,550.4833674,0.67789643
8/16/2020 5:00,2020,8,16,8/16/2020,6,17.508,99.02,1.2,550.4610775,0.677868981
8/16/2020 6:00,2020,8,16,8/16/2020,7,16.316,100.543,1.176,550.4387617,0.6778415
8/16/2020 7:00,2020,8,16,8/16/2020,8,16.79,99.818,1.186,579.7737543,0.713966273
8/16/2020 8:00,2020,8,16,8/16/2020,9,15.911,102.632,1.168,650.6262611,0.801218068
8/16/2020 9:00,2020,8,16,8/16/2020,10,15.642,101.471,1.163,721.4787422,0.88846983
8/16/2020 10:00,2020,8,16,8/16/2020,11,14.771,102.134,1.145,750.8136574,0.924594508
8/16/2020 11:00,2020,8,16,8/16/2020,12,15.368,100.253,1.157,750.7912126,0.924566868
8/16/2020 12:00,2020,8,16,8/16/2020,13,17.515,101.302,1.2,750.7687422,0.924539197
8/16/2020 13:00,2020,8,16,8/16/2020,14,17.591,101.866,1.202,750.7462459,0.924511494
8/16/2020 14:00,2020,8,16,8/16/2020,15,18.262,101.555,1.211,750.7237239,0.924483759
8/16/2020 15:00,2020,8,16,8/16/2020,16,21.244,101.55,1.217,750.7011762,0.924455992
8/16/2020 16:00,2020,8,16,8/16/2020,17,22.639,102.659,1.225,750.6786028,0.924428194
8/16/2020 17:00,2020,8,16,8/16/2020,18,25.941,101.588,1.35,750.6560037,0.924400364
8/16/2020 18:00,2020,8,16,8/16/2020,19,25.147,102.026,1.32,750.6333788,0.924372503
8/16/2020 19:00,2020,8,16,8/16/2020,20,25.951,102.364,1.35,688.2440209,0.84754271
8/16/2020 20:00,2020,8,16,8/16/2020,21,27.671,100.926,1.403,625.8546374,0.770712886
8/16/2020 21:00,2020,8,16,8/16/2020,22,27.851,99.617,1.407,625.8319355,0.770684929
8/16/2020 22:00,2020,8,16,8/16/2020,23,27.721,99.813,1.404,625.809208,0.770656941
8/16/2020 23:00,2020,8,16,8/16/2020,24,25.957,98.735,1.351,587.920954,0.723999197
8/17/2020 0:00,2020,8,17,8/17/2020,1,25.272,99.378,1.325,550.0326743,0.677341421
8/17/2020 1:00,2020,8,17,8/17/2020,2,25.266,100.744,1.325,550.00987,0.677313339
8/17/2020 2:00,2020,8,17,8/17/2020,3,23.589,99.227,1.261,549.98704,0.677285225
8/17/2020 3:00,2020,8,17,8/17/2020,4,22.301,99.218,1.22,549.9641844,0.677257079
8/17/2020 4:00,2020,8,17,8/17/2020,5,19.385,99.508,1.213,549.9413033,0.677228902
8/17/2020 5:00,2020,8,17,8/17/2020,6,18.85,100.885,1.212,549.9183966,0.677200693
8/17/2020 6:00,2020,8,17,8/17/2020,7,16.082,100.117,1.172,549.8954643,0.677172453
8/17/2020 7:00,2020,8,17,8/17/2020,8,16.097,99.69,1.172,579.2298407,0.713296467
8/17/2020 8:00,2020,8,17,8/17/2020,9,14.945,102.45,1.149,650.0817315,0.800547503
8/17/2020 9:00,2020,8,17,8/17/2020,10,16.244,103.062,1.175,720.9335969,0.887798507
8/17/2020 10:00,2020,8,17,8/17/2020,11,14.582,103.107,1.142,750.2678967,0.923922427
8/17/2020 11:00,2020,8,17,8/17/2020,12,15.309,100.673,1.156,750.2448368,0.92389403
8/17/2020 12:00,2020,8,17,8/17/2020,13,15.445,102.711,1.159,750.2217515,0.923865601
8/17/2020 13:00,2020,8,17,8/17/2020,14,17.204,101.554,1.194,750.1986407,0.923837141
8/17/2020 14:00,2020,8,17,8/17/2020,15,19.358,101.925,1.213,750.1755044,0.92380865
8/17/2020 15:00,2020,8,17,8/17/2020,16,21.037,102.132,1.217,750.1523427,0.923780127
8/17/2020 16:00,2020,8,17,8/17/2020,17,21.68,102.364,1.218,750.1291556,0.923751573
8/17/2020 17:00,2020,8,17,8/17/2020,18,23.876,101.833,1.272,750.105943,0.923722988
8/17/2020 18:00,2020,8,17,8/17/2020,19,25.341,101.968,1.327,750.082705,0.923694372
8/17/2020 19:00,2020,8,17,8/17/2020,20,24.851,103.235,1.309,687.6927342,0.846863824
8/17/2020 20:00,2020,8,17,8/17/2020,21,26.251,100.574,1.362,625.3027381,0.770033245
8/17/2020 21:00,2020,8,17,8/17/2020,22,26.855,100.601,1.385,625.2794239,0.770004535
8/17/2020 22:00,2020,8,17,8/17/2020,23,26.949,100.867,1.388,625.2560844,0.769975794
8/17/2020 23:00,2020,8,17,8/17/2020,24,25.749,97.809,1.343,587.3672187,0.723317296
8/18/2020 0:00,2020,8,18,8/18/2020,1,26.926,97.695,1.387,549.4783275,0.676658767
8/18/2020 1:00,2020,8,18,8/18/2020,2,24.431,99.766,1.293,549.454912,0.676629932
8/18/2020 2:00,2020,8,18,8/18/2020,3,23.902,99.828,1.273,549.4314712,0.676601066
8/18/2020 3:00,2020,8,18,8/18/2020,4,21.019,100.418,1.217,549.408005,0.676572168
8/18/2020 4:00,2020,8,18,8/18/2020,5,18.018,100.3,1.21,549.3845136,0.676543239
8/18/2020 5:00,2020,8,18,8/18/2020,6,18.217,101.572,1.21,549.3609969,0.67651428
8/18/2020 6:00,2020,8,18,8/18/2020,7,17.68,101.236,1.204,549.3374549,0.676485289
8/18/2020 7:00,2020,8,18,8/18/2020,8,16.674,100.661,1.183,578.6712218,0.712608552
8/18/2020 8:00,2020,8,18,8/18/2020,9,16.514,101.192,1.18,649.5225035,0.799858838
8/18/2020 9:00,2020,8,18,8/18/2020,10,14.302,100.493,1.136,720.37376,0.887109092
8/18/2020 10:00,2020,8,18,8/18/2020,11,14.837,102.125,1.147,749.7074511,0.923232263
8/18/2020 11:00,2020,8,18,8/18/2020,12,16.098,102.503,1.172,749.683783,0.923203116
8/18/2020 12:00,2020,8,18,8/18/2020,13,16.014,101.885,1.17,749.6600897,0.923173939
8/18/2020 13:00,2020,8,18,8/18/2020,14,16.478,101.206,1.18,749.6363711,0.923144731
8/18/2020 14:00,2020,8,18,8/18/2020,15,19.877,102.577,1.214,749.6126275,0.923115491
8/18/2020 15:00,2020,8,18,8/18/2020,16,21.264,102.182,1.217,749.5888586,0.923086221
8/18/2020 16:00,2020,8,18,8/18/2020,17,22.21,102.38,1.219,749.5650646,0.92305692
8/18/2020 17:00,2020,8,18,8/18/2020,18,25.03,100.959,1.316,749.5412455,0.923027588
8/18/2020 18:00,2020,8,18,8/18/2020,19,26.514,100.747,1.372,749.5174013,0.922998225
8/18/2020 19:00,2020,8,18,8/18/2020,20,27.867,100.218,1.407,687.1268245,0.846166931
8/18/2020 20:00,2020,8,18,8/18/2020,21,28.342,100.458,1.417,624.7362227,0.769335606
8/18/2020 21:00,2020,8,18,8/18/2020,22,27.912,99.131,1.408,624.7123031,0.76930615
8/18/2020 22:00,2020,8,18,8/18/2020,23,27.606,101.055,1.402,624.6883585,0.769276664
8/18/2020 23:00,2020,8,18,8/18/2020,24,26.611,102.042,1.375,586.7988879,0.722617421
8/19/2020 0:00,2020,8,19,8/19/2020,1,26.241,99.032,1.361,548.9093923,0.675958148
8/19/2020 1:00,2020,8,19,8/19/2020,2,24.714,99.103,1.304,548.8853725,0.675928569
8/19/2020 2:00,2020,8,19,8/19/2020,3,23.325,99.908,1.251,548.8613278,0.675898959
8/19/2020 3:00,2020,8,19,8/19/2020,4,20.969,99.584,1.217,548.837258,0.675869318
8/19/2020 4:00,2020,8,19,8/19/2020,5,19.17,101.507,1.213,548.8131632,0.675839646
8/19/2020 5:00,2020,8,19,8/19/2020,6,16.878,99.239,1.188,548.7890434,0.675809944
8/19/2020 6:00,2020,8,19,8/19/2020,7,17.12,101.293,1.192,548.7648987,0.67578021
8/19/2020 7:00,2020,8,19,8/19/2020,8,14.508,100.473,1.14,578.0980631,0.711902732
8/19/2020 8:00,2020,8,19,8/19/2020,9,14.673,99.801,1.143,648.9487427,0.799152276
8/19/2020 9:00,2020,8,19,8/19/2020,10,14.857,100.351,1.147,719.7993973,0.886401789
8/19/2020 10:00,2020,8,19,8/19/2020,11,14.51,99.596,1.14,749.1324869,0.922524219
8/19/2020 11:00,2020,8,19,8/19/2020,12,15.921,101.553,1.168,749.1082175,0.922494332
8/19/2020 12:00,2020,8,19,8/19/2020,13,16.113,99.928,1.172,749.0839231,0.922464415
8/19/2020 13:00,2020,8,19,8/19/2020,14,18.269,98.997,1.211,749.0596039,0.922434467
8/19/2020 14:00,2020,8,19,8/19/2020,15,19.204,99.973,1.213,749.0352599,0.922404488
8/19/2020 15:00,2020,8,19,8/19/2020,16,19.542,99.584,1.213,749.0108909,0.922374479
8/19/2020 16:00,2020,8,19,8/19/2020,17,23.096,98.487,1.243,748.9864971,0.922344439
8/19/2020 17:00,2020,8,19,8/19/2020,18,23.229,98.596,1.248,748.9620785,0.922314369
8/19/2020 18:00,2020,8,19,8/19/2020,19,26.555,98.569,1.373,748.9376351,0.922284268
8/19/2020 19:00,2020,8,19,8/19/2020,20,27.319,99.555,1.396,686.5464594,0.845452236
8/19/2020 20:00,2020,8,19,8/19/2020,21,27.598,100.232,1.402,624.155259,0.768620175
8/19/2020 21:00,2020,8,19,8/19/2020,22,29.378,99.657,1.438,624.1307411,0.768589982
8/19/2020 22:00,2020,8,19,8/19/2020,23,27.491,102.669,1.4,624.1061985,0.768559759
8/19/2020 23:00,2020,8,19,8/19/2020,24,27.27,98.694,1.395,586.2161302,0.72189978
8/20/2020 0:00,2020,8,20,8/20/2020,1,25.071,100.593,1.317,548.3260372,0.675239772
8/20/2020 1:00,2020,8,20,8/20/2020,2,23.706,101.515,1.266,548.3014203,0.675209457
8/20/2020 2:00,2020,8,20,8/20/2020,3,24.078,98.255,1.28,548.2767787,0.675179112
8/20/2020 3:00,2020,8,20,8/20/2020,4,20.735,99.285,1.216,548.2521124,0.675148736
8/20/2020 4:00,2020,8,20,8/20/2020,5,20.449,101.114,1.215,548.2274215,0.675118331
8/20/2020 5:00,2020,8,20,8/20/2020,6,17.753,101.211,1.205,548.2027058,0.675087894
8/20/2020 6:00,2020,8,20,8/20/2020,7,17.185,97.757,1.194,548.1779654,0.675057428
8/20/2020 7:00,2020,8,20,8/20/2020,8,17.146,100.38,1.193,577.5105346,0.711179216
8/20/2020 8:00,2020,8,20,8/20/2020,9,13.328,100.119,1.117,648.3606191,0.798428028
8/20/2020 9:00,2020,8,20,8/20/2020,10,15.604,101.016,1.162,719.210679,0.885676808
8/20/2020 10:00,2020,8,20,8/20/2020,11,16.222,100.283,1.174,748.5431742,0.921798506
8/20/2020 11:00,2020,8,20,8/20/2020,12,16.67,101.067,1.183,748.5183107,0.921767888
8/20/2020 12:00,2020,8,20,8/20/2020,13,17.649,100.014,1.203,748.4934226,0.921737239
8/20/2020 13:00,2020,8,20,8/20/2020,14,18.695,100.165,1.212,748.4685099,0.92170656
8/20/2020 14:00,2020,8,20,8/20/2020,15,19.125,99.758,1.213,748.4435727,0.921675851
8/20/2020 15:00,2020,8,20,8/20/2020,16,21.256,99.324,1.217,748.4186109,0.921645112
8/20/2020 16:00,2020,8,20,8/20/2020,17,22.849,98.989,1.233,748.3936245,0.921614342
8/20/2020 17:00,2020,8,20,8/20/2020,18,24.518,98.619,1.296,748.3686136,0.921583542
8/20/2020 18:00,2020,8,20,8/20/2020,19,26.675,99.241,1.378,748.3435782,0.921552712
8/20/2020 19:00,2020,8,20,8/20/2020,20,26.669,100.242,1.377,685.9518109,0.844719953
8/20/2020 20:00,2020,8,20,8/20/2020,21,25.742,100.58,1.342,623.5600191,0.767887163
8/20/2020 21:00,2020,8,20,8/20/2020,22,28.11,101.2,1.412,623.5349102,0.767856242
8/20/2020 22:00,2020,8,20,8/20/2020,23,27.179,100.187,1.394,623.5097769,0.767825291
8/20/2020 23:00,2020,8,20,8/20/2020,24,27.617,100.219,1.402,585.6191182,0.721164586
8/21/2020 0:00,2020,8,21,8/21/2020,1,25.961,98.984,1.351,547.728435,0.67450385
8/21/2020 1:00,2020,8,21,8/21/2020,2,23.678,99.347,1.265,547.7032283,0.674472809
8/21/2020 2:00,2020,8,21,8/21/2020,3,22.474,101.516,1.22,547.6779973,0.674441738
8/21/2020 3:00,2020,8,21,8/21/2020,4,21.211,100.44,1.217,547.6527418,0.674410637
8/21/2020 4:00,2020,8,21,8/21/2020,5,18.652,99.18,1.211,547.6274619,0.674379506
8/21/2020 5:00,2020,8,21,8/21/2020,6,18.009,100.497,1.21,547.6021576,0.674348345
8/21/2020 6:00,2020,8,21,8/21/2020,7,15.729,97.619,1.165,547.576829,0.674317154
8/21/2020 7:00,2020,8,21,8/21/2020,8,15.26,98.329,1.155,576.9088102,0.710438219
8/21/2020 8:00,2020,8,21,8/21/2020,9,14.071,102.899,1.131,647.7583071,0.797686306
8/21/2020 9:00,2020,8,21,8/21/2020,10,14.149,101.475,1.133,718.6077797,0.884934364
8/21/2020 10:00,2020,8,21,8/21/2020,11,13.922,101.659,1.128,747.9396878,0.921055339
8/21/2020 11:00,2020,8,21,8/21/2020,12,15.657,102.086,1.163,747.9142376,0.921023998
8/21/2020 12:00,2020,8,21,8/21/2020,13,16.459,102.07,1.179,747.8887631,0.920992627
8/21/2020 13:00,2020,8,21,8/21/2020,14,18.689,103.156,1.212,747.8632643,0.920961227
8/21/2020 14:00,2020,8,21,8/21/2020,15,19.692,99.702,1.214,747.8377413,0.920929796
8/21/2020 15:00,2020,8,21,8/21/2020,16,20.734,102.276,1.216,747.812194,0.920898336
8/21/2020 16:00,2020,8,21,8/21/2020,17,23.215,100.963,1.247,747.7866225,0.920866845
8/21/2020 17:00,2020,8,21,8/21/2020,18,25.692,102.259,1.341,747.7610267,0.920835325
8/21/2020 18:00,2020,8,21,8/21/2020,19,26.9,100.114,1.386,747.7354068,0.920803776
8/21/2020 19:00,2020,8,21,8/21/2020,20,26.165,102.409,1.358,685.3430553,0.843970296
8/21/2020 20:00,2020,8,21,8/21/2020,21,27.089,101.961,1.392,622.9506795,0.767136787
8/21/2020 21:00,2020,8,21,8/21/2020,22,30.212,99.764,1.454,622.9249871,0.767105148
8/21/2020 22:00,2020,8,21,8/21/2020,23,26.823,99.026,1.383,622.8992704,0.767073479
8/21/2020 23:00,2020,8,21,8/21/2020,24,27.059,102.788,1.391,585.0080287,0.720412056
8/22/2020 0:00,2020,8,22,8/22/2020,1,25.851,98.308,1.347,547.1167629,0.673750603
8/22/2020 1:00,2020,8,22,8/22/2020,2,24.002,99.85,1.277,547.0909739,0.673718845
8/22/2020 2:00,2020,8,22,8/22/2020,3,24.202,101.582,1.284,547.0651608,0.673687057
8/22/2020 3:00,2020,8,22,8/22/2020,4,21.237,100.726,1.217,547.0393236,0.673655239
8/22/2020 4:00,2020,8,22,8/22/2020,5,18.498,98.688,1.211,547.0134623,0.673623392
8/22/2020 5:00,2020,8,22,8/22/2020,6,17.926,100.79,1.209,546.987577,0.673591516
8/22/2020 6:00,2020,8,22,8/22/2020,7,16.621,101.476,1.182,546.9616676,0.673559609
8/22/2020 7:00,2020,8,22,8/22/2020,8,16.58,101.3,1.182,576.2930683,0.709679959
8/22/2020 8:00,2020,8,22,8/22/2020,9,15.589,101.601,1.162,647.1419851,0.796927333
8/22/2020 9:00,2020,8,22,8/22/2020,10,15.085,101.495,1.152,717.9908778,0.884174676
8/22/2020 10:00,2020,8,22,8/22/2020,11,16.332,101.981,1.177,747.3222065,0.920294937
8/22/2020 11:00,2020,8,22,8/22/2020,12,15.847,102.622,1.167,747.2961771,0.920262883
8/22/2020 12:00,2020,8,22,8/22/2020,13,16.829,100.684,1.187,747.2701238,0.9202308
8/22/2020 13:00,2020,8,22,8/22/2020,14,18.201,99.787,1.21,747.2440464,0.920198686
8/22/2020 14:00,2020,8,22,8/22/2020,15,18.025,101.635,1.21,747.2179452,0.920166544
8/22/2020 15:00,2020,8,22,8/22/2020,16,20.177,103.337,1.215,747.19182,0.920134372
8/22/2020 16:00,2020,8,22,8/22/2020,17,23.224,101.949,1.247,747.1656709,0.92010217
8/22/2020 17:00,2020,8,22,8/22/2020,18,24.317,103.154,1.289,747.1394978,0.920069939
8/22/2020 18:00,2020,8,22,8/22/2020,19,25.415,103.149,1.33,747.113301,0.920037679
8/22/2020 19:00,2020,8,22,8/22/2020,20,27.109,102.514,1.392,684.7203728,0.84320349
8/22/2020 20:00,2020,8,22,8/22/2020,21,28.808,101.419,1.426,622.3274208,0.766369271
8/22/2020 21:00,2020,8,22,8/22/2020,22,28.962,101.108,1.429,622.3011523,0.766336923
8/22/2020 22:00,2020,8,22,8/22/2020,23,25.958,100.104,1.351,622.27486,0.766304545
8/22/2020 23:00,2020,8,22,8/22/2020,24,27.529,99.745,1.401,584.383043,0.719642413
8/23/2020 0:00,2020,8,23,8/23/2020,1,25.371,100.36,1.328,546.4912021,0.672980252
8/23/2020 1:00,2020,8,23,8/23/2020,2,25.136,101.451,1.32,546.4648384,0.672947786
8/23/2020 2:00,2020,8,23,8/23/2020,3,21.776,101.146,1.218,546.4384509,0.672915291
8/23/2020 3:00,2020,8,23,8/23/2020,4,21.244,100.592,1.217,546.4120397,0.672882766
8/23/2020 4:00,2020,8,23,8/23/2020,5,19.932,101.64,1.214,546.3856047,0.672850213
8/23/2020 5:00,2020,8,23,8/23/2020,6,19.219,100.381,1.213,546.3591459,0.67281763
8/23/2020 6:00,2020,8,23,8/23/2020,7,16.838,98.696,1.187,546.3326635,0.672785018
8/23/2020 7:00,2020,8,23,8/23/2020,8,15.107,99.119,1.152,575.6634914,0.708904663
8/23/2020 8:00,2020,8,23,8/23/2020,9,15.249,101.611,1.155,646.5118357,0.796151331
8/23/2020 9:00,2020,8,23,8/23/2020,10,12.927,101.494,1.109,717.3601564,0.88339797
8/23/2020 10:00,2020,8,23,8/23/2020,11,14.458,102.633,1.139,746.6909133,0.919517527
8/23/2020 11:00,2020,8,23,8/23/2020,12,16.831,100.492,1.187,746.6643124,0.919484769
8/23/2020 12:00,2020,8,23,8/23/2020,13,17.491,100.615,1.2,746.6376879,0.919451982
8/23/2020 13:00,2020,8,23,8/23/2020,14,19.296,102.503,1.213,746.6110397,0.919419166
8/23/2020 14:00,2020,8,23,8/23/2020,15,20.932,102.1,1.217,746.584368,0.919386321
8/23/2020 15:00,2020,8,23,8/23/2020,16,22.768,103.088,1.23,746.5576726,0.919353447
8/23/2020 16:00,2020,8,23,8/23/2020,17,24.014,100.722,1.277,746.5309537,0.919320544
8/23/2020 17:00,2020,8,23,8/23/2020,18,23.741,101.717,1.267,746.5042112,0.919287611
8/23/2020 18:00,2020,8,23,8/23/2020,19,25.706,103.54,1.341,746.4774451,0.91925465
8/23/2020 19:00,2020,8,23,8/23/2020,20,26.877,102.004,1.385,684.0839481,0.84241976
8/23/2020 20:00,2020,8,23,8/23/2020,21,28.153,97.719,1.413,621.6904275,0.765584841
8/23/2020 21:00,2020,8,23,8/23/2020,22,28.007,99.668,1.41,621.6635909,0.765551793
8/23/2020 22:00,2020,8,23,8/23/2020,23,26.738,99.462,1.38,621.6367307,0.765518716
8/23/2020 23:00,2020,8,23,8/23/2020,24,27.496,99.659,1.4,583.7443461,0.718855885
8/24/2020 0:00,2020,8,24,8/24/2020,1,25.762,97.456,1.343,545.851938,0.672193026
8/24/2020 1:00,2020,8,24,8/24/2020,2,24.543,102.758,1.297,545.8250074,0.672159862
8/24/2020 2:00,2020,8,24,8/24/2020,3,23.584,98.979,1.261,545.7980534,0.672126669
8/24/2020 3:00,2020,8,24,8/24/2020,4,20.775,99.89,1.216,545.7710759,0.672093447
8/24/2020 4:00,2020,8,24,8/24/2020,5,20.401,98.353,1.215,545.744075,0.672060197
8/24/2020 5:00,2020,8,24,8/24/2020,6,17.232,100.244,1.195,545.7170507,0.672026918
8/24/2020 6:00,2020,8,24,8/24/2020,7,16.932,100.925,1.189,545.690003,0.67199361
8/24/2020 7:00,2020,8,24,8/24/2020,8,15.999,99.903,1.17,575.020266,0.708112558
8/24/2020 8:00,2020,8,24,8/24/2020,9,14.681,101.903,1.144,645.8680458,0.795358531
8/24/2020 9:00,2020,8,24,8/24/2020,10,14.262,101.01,1.135,716.7158022,0.882604476
8/24/2020 10:00,2020,8,24,8/24/2020,11,16.09,102.032,1.172,746.0459951,0.918723338
8/24/2020 11:00,2020,8,24,8/24/2020,12,16.814,102.854,1.186,746.0188307,0.918689886
8/24/2020 12:00,2020,8,24,8/24/2020,13,17.266,100.861,1.195,745.9916429,0.918656406
8/24/2020 13:00,2020,8,24,8/24/2020,14,18.198,102.521,1.21,745.9644318,0.918622897
8/24/2020 14:00,2020,8,24,8/24/2020,15,20.966,102.273,1.217,745.9371975,0.918589359
8/24/2020 15:00,2020,8,24,8/24/2020,16,21.257,102.894,1.217,745.9099399,0.918555792
8/24/2020 16:00,2020,8,24,8/24/2020,17,24.524,102.339,1.296,745.882659,0.918522197
8/24/2020 17:00,2020,8,24,8/24/2020,18,26.025,100.238,1.353,745.8553549,0.918488573
8/24/2020 18:00,2020,8,24,8/24/2020,19,27.49,102.315,1.4,745.8280276,0.918454921
8/24/2020 19:00,2020,8,24,8/24/2020,20,27.323,100.649,1.396,683.4339696,0.84161934
8/24/2020 20:00,2020,8,24,8/24/2020,21,26.179,100.616,1.359,621.0398885,0.764783731
8/24/2020 21:00,2020,8,24,8/24/2020,22,27.412,100.42,1.398,621.0124916,0.764749993
8/24/2020 22:00,2020,8,24,8/24/2020,23,26.685,99.513,1.378,620.9850715,0.764716226
8/24/2020 23:00,2020,8,24,8/24/2020,24,27.44,99.592,1.399,583.0921273,0.718052706
8/25/2020 0:00,2020,8,25,8/25/2020,1,26.384,99.704,1.367,545.19916,0.671389158
8/25/2020 1:00,2020,8,25,8/25/2020,2,24.032,100.961,1.278,545.1716705,0.671355306
8/25/2020 2:00,2020,8,25,8/25/2020,3,23.244,99.654,1.248,545.1441579,0.671321425
8/25/2020 3:00,2020,8,25,8/25/2020,4,23.619,99.734,1.262,545.1166222,0.671287516
8/25/2020 4:00,2020,8,25,8/25/2020,5,21.126,99.698,1.217,545.0890634,0.671253578
8/25/2020 5:00,2020,8,25,8/25/2020,6,17.743,100.665,1.205,545.0614815,0.671219613
8/25/2020 6:00,2020,8,25,8/25/2020,7,16.503,99.888,1.18,545.0338766,0.671185618
8/25/2020 7:00,2020,8,25,8/25/2020,8,16.164,101.066,1.173,574.3635827,0.707303881
8/25/2020 8:00,2020,8,25,8/25/2020,9,16.164,103.029,1.173,645.2108059,0.794549169
8/25/2020 9:00,2020,8,25,8/25/2020,10,15.305,100.69,1.156,716.0580061,0.881794428
8/25/2020 10:00,2020,8,25,8/25/2020,11,13.206,101.028,1.114,745.3876432,0.917912606
8/25/2020 11:00,2020,8,25,8/25/2020,12,15.836,102.973,1.167,745.3599232,0.91787847
8/25/2020 12:00,2020,8,25,8/25/2020,13,17.092,102.191,1.192,745.3321803,0.917844306
8/25/2020 13:00,2020,8,25,8/25/2020,14,17.573,104.11,1.201,745.3044143,0.917810114
8/25/2020 14:00,2020,8,25,8/25/2020,15,18.228,102.639,1.211,745.2766255,0.917775893
8/25/2020 15:00,2020,8,25,8/25/2020,16,21.291,103.228,1.217,745.2488137,0.917741644
8/25/2020 16:00,2020,8,25,8/25/2020,17,24.129,102.262,1.282,745.220979,0.917707367
8/25/2020 17:00,2020,8,25,8/25/2020,18,23.888,101.97,1.272,745.1931214,0.917673061
8/25/2020 18:00,2020,8,25,8/25/2020,19,25.35,102.89,1.328,745.1652409,0.917638728
8/25/2020 19:00,2020,8,25,8/25/2020,20,26.383,101.85,1.367,682.7706301,0.840802466
8/25/2020 20:00,2020,8,25,8/25/2020,21,26.858,100.448,1.385,620.3759965,0.763966177
8/25/2020 21:00,2020,8,25,8/25/2020,22,27.58,101.209,1.402,620.3480475,0.763931759
8/25/2020 22:00,2020,8,25,8/25/2020,23,27.758,100.273,1.405,620.3200756,0.763897312
8/25/2020 23:00,2020,8,25,8/25/2020,24,27.342,99.903,1.397,582.42658,0.717233113
8/26/2020 0:00,2020,8,26,8/26/2020,1,25.494,99.064,1.333,544.5330616,0.670568886
8/26/2020 1:00,2020,8,26,8/26/2020,2,23.989,100.526,1.276,544.5050213,0.670534356
8/26/2020 2:00,2020,8,26,8/26/2020,3,22.003,100.974,1.219,544.4769583,0.670499798
8/26/2020 3:00,2020,8,26,8/26/2020,4,21.837,100.445,1.219,544.4488725,0.670465211
8/26/2020 4:00,2020,8,26,8/26/2020,5,19.34,99.291,1.213,544.4207639,0.670430597
8/26/2020 5:00,2020,8,26,8/26/2020,6,17.214,98.849,1.194,544.3926327,0.670395954
8/26/2020 6:00,2020,8,26,8/26/2020,7,17.472,100.517,1.199,544.3644787,0.670361284
8/26/2020 7:00,2020,8,26,8/26/2020,8,14.878,101.506,1.148,573.6936361,0.706478871
8/26/2020 8:00,2020,8,26,8/26/2020,9,14.769,101.711,1.145,644.540311,0.793723484
8/26/2020 9:00,2020,8,26,8/26/2020,10,13.596,98.828,1.122,715.3869631,0.880968068
8/26/2020 10:00,2020,8,26,8/26/2020,11,14.195,100.909,1.134,744.7160526,0.917085572
8/26/2020 11:00,2020,8,26,8/26/2020,12,15.872,99.672,1.167,744.6877853,0.917050762
8/26/2020 12:00,2020,8,26,8/26/2020,13,16.424,100.143,1.178,744.6594953,0.917015924
8/26/2020 13:00,2020,8,26,8/26/2020,14,17.922,99.19,1.208,744.6311828,0.916981058
8/26/2020 14:00,2020,8,26,8/26/2020,15,20.617,100.619,1.216,744.6028476,0.916946165
8/26/2020 15:00,2020,8,26,8/26/2020,16,20.32,100.677,1.215,744.5744899,0.916911243
8/26/2020 16:00,2020,8,26,8/26/2020,17,22.583,98.514,1.223,744.5461096,0.916876294
8/26/2020 17:00,2020,8,26,8/26/2020,18,23.362,98.502,1.253,744.5177068,0.916841317
8/26/2020 18:00,2020,8,26,8/26/2020,19,24.502,99.189,1.296,744.4892814,0.916806313
8/26/2020 19:00,2020,8,26,8/26/2020,20,25.862,101.102,1.347,682.0941261,0.839969381
8/26/2020 20:00,2020,8,26,8/26/2020,21,26.789,98.323,1.382,619.6989483,0.763132421
8/26/2020 21:00,2020,8,26,8/26/2020,22,28.169,101.014,1.413,619.6704554,0.763097333
8/26/2020 22:00,2020,8,26,8/26/2020,23,27.636,100.168,1.403,619.64194,0.763062218
8/26/2020 23:00,2020,8,26,8/26/2020,24,26.79,99.366,1.382,581.7479013,0.71639735
8/27/2020 0:00,2020,8,27,8/27/2020,1,26.545,100.419,1.373,543.85384,0.669732454
8/27/2020 1:00,2020,8,27,8/27/2020,2,23.165,101.134,1.245,543.8252573,0.669697256
8/27/2020 2:00,2020,8,27,8/27/2020,3,23.697,101.184,1.265,543.7966522,0.66966203
8/27/2020 3:00,2020,8,27,8/27/2020,4,20.475,100.195,1.216,543.7680246,0.669626776
8/27/2020 4:00,2020,8,27,8/27/2020,5,18.541,98.929,1.211,543.7393747,0.669591495
8/27/2020 5:00,2020,8,27,8/27/2020,6,17.836,100.961,1.207,543.7107024,0.669556187
8/27/2020 6:00,2020,8,27,8/27/2020,7,16.175,98.631,1.173,543.6820077,0.66952085
8/27/2020 7:00,2020,8,27,8/27/2020,8,17.144,101.424,1.193,573.0106248,0.705637772
8/27/2020 8:00,2020,8,27,8/27/2020,9,16.602,98.049,1.182,643.8567596,0.79288172
8/27/2020 9:00,2020,8,27,8/27/2020,10,14.742,100.083,1.145,714.7028721,0.880125639
8/27/2020 10:00,2020,8,27,8/27/2020,11,14.553,101.09,1.141,744.0314223,0.916242479
8/27/2020 11:00,2020,8,27,8/27/2020,12,16.459,100.202,1.179,744.002616,0.916207005
8/27/2020 12:00,2020,8,27,8/27/2020,13,16.372,101.941,1.177,743.9737875,0.916171504
8/27/2020 13:00,2020,8,27,8/27/2020,14,17.002,100.497,1.19,743.9449367,0.916135976
8/27/2020 14:00,2020,8,27,8/27/2020,15,19.698,98.305,1.214,743.9160637,0.91610042
8/27/2020 15:00,2020,8,27,8/27/2020,16,20.927,102.477,1.217,743.8871684,0.916064837
8/27/2020 16:00,2020,8,27,8/27/2020,17,23.299,100.846,1.25,743.8582509,0.916029226
8/27/2020 17:00,2020,8,27,8/27/2020,18,25.104,100.673,1.318,743.8293113,0.915993588
8/27/2020 18:00,2020,8,27,8/27/2020,19,26.715,99.905,1.379,743.8003494,0.915957923
8/27/2020 19:00,2020,8,27,8/27/2020,20,25.937,101.736,1.35,681.404658,0.839120331
8/27/2020 20:00,2020,8,27,8/27/2020,21,28.128,99.572,1.413,619.0089445,0.762282711
8/27/2020 21:00,2020,8,27,8/27/2020,22,27.261,100.491,1.395,618.9799161,0.762246964
8/27/2020 22:00,2020,8,27,8/27/2020,23,28.484,101.159,1.42,618.9508657,0.76221119
8/27/2020 23:00,2020,8,27,8/27/2020,24,27.332,99.307,1.397,581.0562922,0.715545663
8/28/2020 0:00,2020,8,28,8/28/2020,1,25.224,99.4,1.323,543.1616967,0.66888011
8/28/2020 1:00,2020,8,28,8/28/2020,2,23.907,99.207,1.273,543.13258,0.668844254
8/28/2020 2:00,2020,8,28,8/28/2020,3,22.404,99.072,1.22,543.1034412,0.668808371
8/28/2020 3:00,2020,8,28,8/28/2020,4,20.679,100.014,1.216,543.0742804,0.66877246
8/28/2020 4:00,2020,8,28,8/28/2020,5,20.33,101.364,1.215,543.0450975,0.668736523
8/28/2020 5:00,2020,8,28,8/28/2020,6,16.675,99.295,1.183,543.0158927,0.668700558
8/28/2020 6:00,2020,8,28,8/28/2020,7,17.21,100.365,1.194,542.9866658,0.668664567
8/28/2020 7:00,2020,8,28,8/28/2020,8,15.418,100.28,1.158,572.314751,0.704780834
8/28/2020 8:00,2020,8,28,8/28/2020,9,14.778,101.978,1.146,643.1603544,0.792024127
8/28/2020 9:00,2020,8,28,8/28/2020,10,14.117,102.304,1.132,714.0059358,0.879267392
8/28/2020 10:00,2020,8,28,8/28/2020,11,13.175,100.602,1.113,743.3339552,0.915383578
8/28/2020 11:00,2020,8,28,8/28/2020,12,16.752,101.791,1.185,743.3046185,0.915347452
8/28/2020 12:00,2020,8,28,8/28/2020,13,15.511,101.273,1.16,743.2752599,0.915311298
8/28/2020 13:00,2020,8,28,8/28/2020,14,17.275,101.5,1.195,743.2458794,0.915275117
8/28/2020 14:00,2020,8,28,8/28/2020,15,19.817,101.242,1.214,743.2164771,0.915238909
8/28/2020 15:00,2020,8,28,8/28/2020,16,21.363,100.45,1.217,743.1870528,0.915202675
8/28/2020 16:00,2020,8,28,8/28/2020,17,23.774,102.37,1.268,743.1576068,0.915166413
8/28/2020 17:00,2020,8,28,8/28/2020,18,24.42,104.055,1.293,743.1281388,0.915130125
8/28/2020 18:00,2020,8,28,8/28/2020,19,25.222,102.3,1.323,743.0986491,0.915093809
8/28/2020 19:00,2020,8,28,8/28/2020,20,26.59,103.91,1.375,680.7024302,0.838255567
8/28/2020 20:00,2020,8,28,8/28/2020,21,26.853,99.573,1.384,618.3061894,0.761417299
8/28/2020 21:00,2020,8,28,8/28/2020,22,26.349,99.888,1.365,618.2766343,0.761380903
8/28/2020 22:00,2020,8,28,8/28/2020,23,28.124,100.284,1.412,618.2470574,0.76134448
8/28/2020 23:00,2020,8,28,8/28/2020,24,28.232,98.024,1.415,580.3519579,0.714678306
8/29/2020 0:00,2020,8,29,8/29/2020,1,26.143,100.433,1.358,542.4568366,0.668012105
8/29/2020 1:00,2020,8,29,8/29/2020,2,25.327,99.544,1.327,542.4271946,0.667975602
8/29/2020 2:00,2020,8,29,8/29/2020,3,21.04,100.329,1.217,542.3975308,0.667939073
8/29/2020 3:00,2020,8,29,8/29/2020,4,21.417,98.954,1.218,542.3678453,0.667902516
8/29/2020 4:00,2020,8,29,8/29/2020,5,22.038,101.502,1.219,542.3381382,0.667865933
8/29/2020 5:00,2020,8,29,8/29/2020,6,16.787,99.851,1.186,542.3084094,0.667829324
8/29/2020 6:00,2020,8,29,8/29/2020,7,17.281,100.056,1.196,542.278659,0.667792687
8/29/2020 7:00,2020,8,29,8/29/2020,8,14.922,98.753,1.148,571.6062211,0.70390831
8/29/2020 8:00,2020,8,29,8/29/2020,9,14.809,101.103,1.146,642.4513016,0.791150959
8/29/2020 9:00,2020,8,29,8/29/2020,10,13.805,101.225,1.126,713.2963606,0.878393581
8/29/2020 10:00,2020,8,29,8/29/2020,11,14.798,102.438,1.146,742.6238579,0.914509124
8/29/2020 11:00,2020,8,29,8/29/2020,12,14.36,102.834,1.137,742.5939995,0.914472355
8/29/2020 12:00,2020,8,29,8/29/2020,13,16.865,101.03,1.187,742.5641196,0.914435559
8/29/2020 13:00,2020,8,29,8/29/2020,14,16.257,101.623,1.175,742.5342181,0.914398737
8/29/2020 14:00,2020,8,29,8/29/2020,15,19.06,101.281,1.212,742.5042951,0.914361888
8/29/2020 15:00,2020,8,29,8/29/2020,16,23.151,101.589,1.245,742.4743507,0.914325013
8/29/2020 16:00,2020,8,29,8/29/2020,17,23.221,100.596,1.247,742.4443847,0.914288111
8/29/2020 17:00,2020,8,29,8/29/2020,18,24.556,101.107,1.298,742.4143973,0.914251183
8/29/2020 18:00,2020,8,29,8/29/2020,19,25.279,102.664,1.325,742.3843884,0.914214228
8/29/2020 19:00,2020,8,29,8/29/2020,20,27.2,101.693,1.394,679.9876506,0.837375347
8/29/2020 20:00,2020,8,29,8/29/2020,21,27.137,101.88,1.393,617.5908915,0.76053644
8/29/2020 21:00,2020,8,29,8/29/2020,22,29.38,100.402,1.438,617.5608183,0.760499407
8/29/2020 22:00,2020,8,29,8/29/2020,23,28.385,99.377,1.418,617.5307238,0.760462346
8/29/2020 23:00,2020,8,29,8/29/2020,24,28.444,100.048,1.419,579.6351069,0.713795535
8/30/2020 0:00,2020,8,30,8/30/2020,1,25.856,99.963,1.347,541.7394687,0.667128698
8/30/2020 1:00,2020,8,30,8/30/2020,2,24.278,99.732,1.287,541.7093101,0.667091559
8/30/2020 2:00,2020,8,30,8/30/2020,3,23.523,101.421,1.259,541.6791301,0.667054393
8/30/2020 3:00,2020,8,30,8/30/2020,4,20.308,97.69,1.215,541.6489288,0.667017202
8/30/2020 4:00,2020,8,30,8/30/2020,5,18.463,100.699,1.211,541.6187062,0.666979984
8/30/2020 5:00,2020,8,30,8/30/2020,6,17.929,101.478,1.209,541.5884623,0.66694274
8/30/2020 6:00,2020,8,30,8/30/2020,7,16.578,101.461,1.182,541.5581972,0.66690547
8/30/2020 7:00,2020,8,30,8/30/2020,8,15.055,99.513,1.151,570.8852449,0.703020459
8/30/2020 8:00,2020,8,30,8/30/2020,9,15.783,102.431,1.166,641.7298115,0.790262475
8/30/2020 9:00,2020,8,30,8/30/2020,10,14.08,103.252,1.132,712.5743568,0.877504465
8/30/2020 10:00,2020,8,30,8/30/2020,11,14.909,101.21,1.148,741.9013409,0.913619376
8/30/2020 11:00,2020,8,30,8/30/2020,12,15.513,103.051,1.16,741.8709696,0.913581975
8/30/2020 12:00,2020,8,30,8/30/2020,13,16.779,101.971,1.186,741.8405772,0.913544548
8/30/2020 13:00,2020,8,30,8/30/2020,14,17.804,101.996,1.206,741.8101636,0.913507095
8/30/2020 14:00,2020,8,30,8/30/2020,15,19.605,103.536,1.214,741.7797289,0.913469616
8/30/2020 15:00,2020,8,30,8/30/2020,16,21.056,101.821,1.217,741.749273,0.913432111
8/30/2020 16:00,2020,8,30,8/30/2020,17,24.874,102.594,1.31,741.7187961,0.91339458
8/30/2020 17:00,2020,8,30,8/30/2020,18,24.722,102.687,1.304,741.688298,0.913357023
8/30/2020 18:00,2020,8,30,8/30/2020,19,26.395,100.999,1.367,741.6577789,0.91331944
8/30/2020 19:00,2020,8,30,8/30/2020,20,27.456,102.81,1.399,679.2605312,0.836479931
8/30/2020 20:00,2020,8,30,8/30/2020,21,26.956,100.571,1.388,616.8632626,0.759640397
8/30/2020 21:00,2020,8,30,8/30/2020,22,27.739,99.534,1.405,616.8326803,0.759602736
8/30/2020 22:00,2020,8,30,8/30/2020,23,28.336,100.139,1.417,616.802077,0.759565049
8/30/2020 23:00,2020,8,30,8/30/2020,24,26.695,100.564,1.378,578.9059517,0.712897612
8/31/2020 0:00,2020,8,31,8/31/2020,1,26.445,99.193,1.369,541.0098055,0.666230149
8/31/2020 1:00,2020,8,31,8/31/2020,2,25.766,100.289,1.343,540.9791392,0.666192385
8/31/2020 2:00,2020,8,31,8/31/2020,3,22.769,100.229,1.23,540.948452,0.666154595
8/31/2020 3:00,2020,8,31,8/31/2020,4,20.564,98.605,1.216,540.9177438,0.666116779
8/31/2020 4:00,2020,8,31,8/31/2020,5,19.178,101.001,1.213,540.8870147,0.666078938
8/31/2020 5:00,2020,8,31,8/31/2020,6,18.171,99.427,1.21,540.8562647,0.66604107
8/31/2020 6:00,2020,8,31,8/31/2020,7,15.585,99.301,1.162,540.8254938,0.666003177
8/31/2020 7:00,2020,8,31,8/31/2020,8,16.589,100.696,1.182,570.1520362,0.702117544
8/31/2020 8:00,2020,8,31,8/31/2020,9,14.762,100.812,1.145,640.9960977,0.789358938
8/31/2020 9:00,2020,8,31,8/31/2020,10,14.694,101.523,1.144,711.8401385,0.876600307
8/31/2020 10:00,2020,8,31,8/31/2020,11,15.044,101.233,1.151,741.1666183,0.912714597
8/31/2020 11:00,2020,8,31,8/31/2020,12,14.777,101.606,1.146,741.1357431,0.912676576
8/31/2020 12:00,2020,8,31,8/31/2020,13,15.807,101.403,1.166,741.1048472,0.912638529
8/31/2020 13:00,2020,8,31,8/31/2020,14,18.138,102.199,1.21,741.0739305,0.912600456
8/31/2020 14:00,2020,8,31,8/31/2020,15,19.241,104.505,1.213,741.0429931,0.912562358
8/31/2020 15:00,2020,8,31,8/31/2020,16,22.155,103.596,1.219,741.0120349,0.912524234
8/31/2020 16:00,2020,8,31,8/31/2020,17,22.418,103.133,1.22,740.9810559,0.912486085
8/31/2020 17:00,2020,8,31,8/31/2020,18,25.225,101.947,1.323,740.9500563,0.91244791
8/31/2020 18:00,2020,8,31,8/31/2020,19,25.808,101.855,1.345,740.9190359,0.91240971
8/31/2020 19:00,2020,8,31,8/31/2020,20,28.103,100.82,1.412,678.5212874,0.835569585
8/31/2020 20:00,2020,8,31,8/31/2020,21,26.829,99.586,1.384,616.1235183,0.758729434
8/31/2020 21:00,2020,8,31,8/31/2020,22,27.89,99.254,1.408,616.092436,0.758691157
8/31/2020 22:00,2020,8,31,8/31/2020,23,27.727,100.489,1.405,616.0613329,0.758652855
8/31/2020 23:00,2020,8,31,8/31/2020,24,25.81,99.53,1.345,578.1647084,0.711984803
9/1/2020 0:00,2020,9,1,9/1/2020,1,25.481,99.262,1.333,558.0270045,0.687186093
9/1/2020 1:00,2020,9,1,9/1/2020,2,23.564,100.65,1.26,557.9958397,0.687147715
9/1/2020 2:00,2020,9,1,9/1/2020,3,21.699,99.399,1.218,557.9646543,0.687109311
9/1/2020 3:00,2020,9,1,9/1/2020,4,20.016,100.381,1.214,557.9334483,0.687070882
9/1/2020 4:00,2020,9,1,9/1/2020,5,20.102,98.412,1.215,557.9022218,0.687032428
9/1/2020 5:00,2020,9,1,9/1/2020,6,16.587,100.693,1.182,557.8709748,0.686993949
9/1/2020 6:00,2020,9,1,9/1/2020,7,16.157,98.351,1.173,557.8397073,0.686955444
9/1/2020 7:00,2020,9,1,9/1/2020,8,14.792,99.66,1.146,589.2936289,0.725689587
9/1/2020 8:00,2020,9,1,9/1/2020,9,14.41,103.542,1.138,665.2743405,0.819256543
9/1/2020 9:00,2020,9,1,9/1/2020,10,14.32,99.172,1.136,741.2550316,0.912823474
9/1/2020 10:00,2020,9,1,9/1/2020,11,12.636,102.867,1.103,772.7088918,0.951557541
9/1/2020 11:00,2020,9,1,9/1/2020,12,14.993,100.246,1.15,772.677522,0.95151891
9/1/2020 12:00,2020,9,1,9/1/2020,13,16.73,102.638,1.185,772.6461318,0.951480255
9/1/2020 13:00,2020,9,1,9/1/2020,14,16.504,98.925,1.18,772.6147211,0.951441574
9/1/2020 14:00,2020,9,1,9/1/2020,15,16.963,104.253,1.189,772.5832901,0.951402868
9/1/2020 15:00,2020,9,1,9/1/2020,16,21.717,101.016,1.218,772.5518387,0.951364137
9/1/2020 16:00,2020,9,1,9/1/2020,17,21.039,102.517,1.217,772.520367,0.951325381
9/1/2020 17:00,2020,9,1,9/1/2020,18,24.327,102.77,1.289,772.4888749,0.9512866
9/1/2020 18:00,2020,9,1,9/1/2020,19,24.973,101.177,1.313,772.4573625,0.951247793
9/1/2020 19:00,2020,9,1,9/1/2020,20,24.251,103.38,1.286,705.5386646,0.868840315
9/1/2020 20:00,2020,9,1,9/1/2020,21,28.131,100.921,1.413,638.6199465,0.786432811
9/1/2020 21:00,2020,9,1,9/1/2020,22,25.881,99.527,1.348,638.5883733,0.78639393
9/1/2020 22:00,2020,9,1,9/1/2020,23,25.683,100.138,1.34,638.5567798,0.786355024
9/1/2020 23:00,2020,9,1,9/1/2020,24,23.438,99.919,1.255,597.9151015,0.736306557
9/2/2020 0:00,2020,9,2,9/2/2020,1,24.696,101.256,1.303,557.273403,0.686258065
9/2/2020 1:00,2020,9,2,9/2/2020,2,23.702,100.57,1.265,557.2417488,0.686219084
9/2/2020 2:00,2020,9,2,9/2/2020,3,22.165,100.054,1.219,557.2100745,0.686180079
9/2/2020 3:00,2020,9,2,9/2/2020,4,19.011,100.734,1.212,557.17838,0.686141048
9/2/2020 4:00,2020,9,2,9/2/2020,5,18.157,100.006,1.21,557.1466654,0.686101993
9/2/2020 5:00,2020,9,2,9/2/2020,6,16.227,98.247,1.175,557.1149306,0.686062913
9/2/2020 6:00,2020,9,2,9/2/2020,7,14.136,100.291,1.133,557.0831757,0.686023808
9/2/2020 7:00,2020,9,2,9/2/2020,8,13.905,100.593,1.128,588.5366103,0.724757351
9/2/2020 8:00,2020,9,2,9/2/2020,9,14.573,101.925,1.141,664.5168353,0.818323708
9/2/2020 9:00,2020,9,2,9/2/2020,10,13.112,100.509,1.112,740.4970402,0.911890041
9/2/2020 10:00,2020,9,2,9/2/2020,11,14.122,100.256,1.132,771.9504147,0.950623509
9/2/2020 11:00,2020,9,2,9/2/2020,12,15.192,101.589,1.154,771.9185594,0.950584281
9/2/2020 12:00,2020,9,2,9/2/2020,13,14.333,99.29,1.137,771.8866841,0.950545028
9/2/2020 13:00,2020,9,2,9/2/2020,14,16.891,101.875,1.188,771.8547888,0.95050575
9/2/2020 14:00,2020,9,2,9/2/2020,15,19.08,101.099,1.212,771.8228735,0.950466448
9/2/2020 15:00,2020,9,2,9/2/2020,16,21.095,101.245,1.217,771.7909383,0.950427121
9/2/2020 16:00,2020,9,2,9/2/2020,17,22.149,100.448,1.219,771.7589831,0.950387769
9/2/2020 17:00,2020,9,2,9/2/2020,18,22.69,99.057,1.227,771.7270079,0.950348393
9/2/2020 18:00,2020,9,2,9/2/2020,19,25.402,101.055,1.33,771.6950129,0.950308993
9/2/2020 19:00,2020,9,2,9/2/2020,20,26.065,99.484,1.355,704.7758327,0.86790092
9/2/2020 20:00,2020,9,2,9/2/2020,21,25.291,98.485,1.325,637.8566327,0.785492823
9/2/2020 21:00,2020,9,2,9/2/2020,22,28.725,100.613,1.425,637.8245779,0.785453349
9/2/2020 22:00,2020,9,2,9/2/2020,23,26.738,99.149,1.38,637.7925033,0.785413851
9/2/2020 23:00,2020,9,2,9/2/2020,24,26.065,100.196,1.355,597.1503443,0.735364792
9/3/2020 0:00,2020,9,3,9/3/2020,1,24.934,101.639,1.312,556.5081655,0.685315708
9/3/2020 1:00,2020,9,3,9/3/2020,2,23.796,99.668,1.269,556.4760314,0.685276137
9/3/2020 2:00,2020,9,3,9/3/2020,3,21.69,97.758,1.218,556.4438775,0.68523654
9/3/2020 3:00,2020,9,3,9/3/2020,4,20.378,101.571,1.215,556.4117039,0.68519692
9/3/2020 4:00,2020,9,3,9/3/2020,5,17.851,100.526,1.207,556.3795105,0.685157275
9/3/2020 5:00,2020,9,3,9/3/2020,6,17.188,102.111,1.194,556.3472973,0.685117606
9/3/2020 6:00,2020,9,3,9/3/2020,7,15.12,97.168,1.152,556.3150645,0.685077913
9/3/2020 7:00,2020,9,3,9/3/2020,8,14.494,98.642,1.14,587.7680215,0.723810867
9/3/2020 8:00,2020,9,3,9/3/2020,9,13.453,99.642,1.119,663.7477694,0.817376637
9/3/2020 9:00,2020,9,3,9/3/2020,10,14.207,100.24,1.134,739.7274975,0.910942382
9/3/2020 10:00,2020,9,3,9/3/2020,11,13.341,99.877,1.117,771.1803956,0.949675264
9/3/2020 11:00,2020,9,3,9/3/2020,12,14.386,98.625,1.138,771.1480643,0.949635449
9/3/2020 12:00,2020,9,3,9/3/2020,13,16.401,100.056,1.178,771.1157134,0.949595611
9/3/2020 13:00,2020,9,3,9/3/2020,14,17.162,98.83,1.193,771.083343,0.949555748
9/3/2020 14:00,2020,9,3,9/3/2020,15,18.493,99.489,1.211,771.0509529,0.949515861
9/3/2020 15:00,2020,9,3,9/3/2020,16,18.252,99.754,1.211,771.0185432,0.94947595
9/3/2020 16:00,2020,9,3,9/3/2020,17,20.935,99.919,1.217,770.986114,0.949436015
9/3/2020 17:00,2020,9,3,9/3/2020,18,22.966,101.742,1.238,770.9536653,0.949396055
9/3/2020 18:00,2020,9,3,9/3/2020,19,23.694,101.318,1.265,770.921197,0.949356072
9/3/2020 19:00,2020,9,3,9/3/2020,20,24.795,100.274,1.307,704.0015441,0.866947417
9/3/2020 20:00,2020,9,3,9/3/2020,21,26.689,101.879,1.378,637.0818716,0.784538738
9/3/2020 21:00,2020,9,3,9/3/2020,22,26.603,99.839,1.375,637.0493449,0.784498683
9/3/2020 22:00,2020,9,3,9/3/2020,23,26.175,98.134,1.359,637.0167986,0.784458604
9/3/2020 23:00,2020,9,3,9/3/2020,24,26.493,99.19,1.371,596.3741684,0.734408965
9/4/2020 0:00,2020,9,4,9/4/2020,1,24.13,100.59,1.282,555.7315188,0.684359301
9/4/2020 1:00,2020,9,4,9/4/2020,2,24.497,101.372,1.295,555.6989143,0.68431915
9/4/2020 2:00,2020,9,4,9/4/2020,3,22.909,100.877,1.235,555.6662904,0.684278976
9/4/2020 3:00,2020,9,4,9/4/2020,4,20.296,99.012,1.215,555.6336471,0.684238777
9/4/2020 4:00,2020,9,4,9/4/2020,5,17.608,101.616,1.202,555.6009845,0.684198554
9/4/2020 5:00,2020,9,4,9/4/2020,6,16.77,100.716,1.185,555.5683026,0.684158308
9/4/2020 6:00,2020,9,4,9/4/2020,7,15.678,100.059,1.164,555.5356013,0.684118038
9/4/2020 7:00,2020,9,4,9/4/2020,8,15.391,99.209,1.158,586.9880903,0.722850416
9/4/2020 8:00,2020,9,4,9/4/2020,9,13.948,103.541,1.129,662.9673706,0.816415609
9/4/2020 9:00,2020,9,4,9/4/2020,10,13.733,102.428,1.125,738.9466315,0.909980779
9/4/2020 10:00,2020,9,4,9/4/2020,11,13.819,101.202,1.126,770.3990628,0.948713086
9/4/2020 11:00,2020,9,4,9/4/2020,12,14.792,101.137,1.146,770.3662651,0.948672698
9/4/2020 12:00,2020,9,4,9/4/2020,13,14.947,101.649,1.149,770.3334482,0.948632285
9/4/2020 13:00,2020,9,4,9/4/2020,14,17.499,100.626,1.2,770.3006122,0.948591849
9/4/2020 14:00,2020,9,4,9/4/2020,15,17.622,100.302,1.202,770.2677569,0.948551389
9/4/2020 15:00,2020,9,4,9/4/2020,16,20.244,101.385,1.215,770.2348824,0.948510906
9/4/2020 16:00,2020,9,4,9/4/2020,17,21.885,102.757,1.219,770.2019888,0.948470398
9/4/2020 17:00,2020,9,4,9/4/2020,18,24.288,100.33,1.288,770.1690761,0.948429868
9/4/2020 18:00,2020,9,4,9/4/2020,19,25.055,101.428,1.317,770.1361442,0.948389314
9/4/2020 19:00,2020,9,4,9/4/2020,20,27.281,101.645,1.396,703.2160281,0.865980088
9/4/2020 20:00,2020,9,4,9/4/2020,21,27.733,97.386,1.405,636.2958929,0.78357084
9/4/2020 21:00,2020,9,4,9/4/2020,22,26.088,97.9,1.356,636.2629038,0.783530215
9/4/2020 22:00,2020,9,4,9/4/2020,23,26.172,99.686,1.359,636.2298956,0.783489567
9/4/2020 23:00,2020,9,4,9/4/2020,24,24.766,100.362,1.306,595.5868038,0.733439359
9/5/2020 0:00,2020,9,5,9/5/2020,1,24.675,101.154,1.302,554.943693,0.683389128
9/5/2020 1:00,2020,9,5,9/5/2020,2,22.56,101.075,1.222,554.9106278,0.68334841
9/5/2020 2:00,2020,9,5,9/5/2020,3,21.811,101.22,1.218,554.8775435,0.683307668
9/5/2020 3:00,2020,9,5,9/5/2020,4,19.998,99.291,1.214,554.8444403,0.683266903
9/5/2020 4:00,2020,9,5,9/5/2020,5,19.48,100.71,1.213,554.8113182,0.683226114
9/5/2020 5:00,2020,9,5,9/5/2020,6,16.184,100.739,1.174,554.7781771,0.683185302
9/5/2020 6:00,2020,9,5,9/5/2020,7,14.987,99.676,1.15,554.7450171,0.683144467
9/5/2020 7:00,2020,9,5,9/5/2020,8,15.615,100.77,1.162,586.1970478,0.721876281
9/5/2020 8:00,2020,9,5,9/5/2020,9,13.483,102.939,1.12,662.1758702,0.815440911
9/5/2020 9:00,2020,9,5,9/5/2020,10,12.566,99.665,1.101,738.1546736,0.909005517
9/5/2020 10:00,2020,9,5,9/5/2020,11,14.491,103.001,1.14,769.6066478,0.947737262
9/5/2020 11:00,2020,9,5,9/5/2020,12,15.299,102.061,1.156,769.5733934,0.94769631
9/5/2020 12:00,2020,9,5,9/5/2020,13,15.468,101.613,1.159,769.5401203,0.947655336
9/5/2020 13:00,2020,9,5,9/5/2020,14,16.248,102.875,1.175,769.5068283,0.947614338
9/5/2020 14:00,2020,9,5,9/5/2020,15,19.264,102.985,1.213,769.4735176,0.947573318
9/5/2020 15:00,2020,9,5,9/5/2020,16,20.173,100.444,1.215,769.4401881,0.947532274
9/5/2020 16:00,2020,9,5,9/5/2020,17,21.415,102.351,1.218,769.4068399,0.947491207
9/5/2020 17:00,2020,9,5,9/5/2020,18,22.527,100.326,1.221,769.3734729,0.947450117
9/5/2020 18:00,2020,9,5,9/5/2020,19,23.906,100.854,1.273,769.3400872,0.947409004
9/5/2020 19:00,2020,9,5,9/5/2020,20,25.368,102.801,1.328,702.4195176,0.86499922
9/5/2020 20:00,2020,9,5,9/5/2020,21,26.626,99.214,1.376,635.4989294,0.782589414
9/5/2020 21:00,2020,9,5,9/5/2020,22,26.289,99.105,1.363,635.4654877,0.782548232
9/5/2020 22:00,2020,9,5,9/5/2020,23,24.829,99.508,1.308,635.4320273,0.782507027
9/5/2020 23:00,2020,9,5,9/5/2020,24,26.709,100.922,1.379,594.7884838,0.732456263
9/6/2020 0:00,2020,9,6,9/6/2020,1,24.768,98.459,1.306,554.1449216,0.682405476
9/6/2020 1:00,2020,9,6,9/6/2020,2,22.188,98.657,1.219,554.1114054,0.682364202
9/6/2020 2:00,2020,9,6,9/6/2020,3,20.935,100.741,1.217,554.0778706,0.682322905
9/6/2020 3:00,2020,9,6,9/6/2020,4,18.061,98.601,1.21,554.0443173,0.682281586
9/6/2020 4:00,2020,9,6,9/6/2020,5,18.945,98.656,1.212,554.0107455,0.682240244
9/6/2020 5:00,2020,9,6,9/6/2020,6,16.332,100.166,1.177,553.9771551,0.682198879
9/6/2020 6:00,2020,9,6,9/6/2020,7,16.274,101.178,1.175,553.9435462,0.682157491
9/6/2020 7:00,2020,9,6,9/6/2020,8,15.077,99.049,1.152,585.3951284,0.720888752
9/6/2020 8:00,2020,9,6,9/6/2020,9,12.858,103.27,1.107,661.3735027,0.81445283
9/6/2020 9:00,2020,9,6,9/6/2020,10,13.96,101.044,1.129,737.3518585,0.908016885
9/6/2020 10:00,2020,9,6,9/6/2020,11,14.32,100.874,1.136,768.8033854,0.946748079
9/6/2020 11:00,2020,9,6,9/6/2020,12,15.266,102.432,1.155,768.7696842,0.946706577
9/6/2020 12:00,2020,9,6,9/6/2020,13,15.803,101.414,1.166,768.7359646,0.946665053
9/6/2020 13:00,2020,9,6,9/6/2020,14,17.795,102.954,1.206,768.7022267,0.946623506
9/6/2020 14:00,2020,9,6,9/6/2020,15,18.925,103.218,1.212,768.6684704,0.946581937
9/6/2020 15:00,2020,9,6,9/6/2020,16,20.722,102.155,1.216,768.6346957,0.946540345
9/6/2020 16:00,2020,9,6,9/6/2020,17,19.895,104.174,1.214,768.6009027,0.94649873
9/6/2020 17:00,2020,9,6,9/6/2020,18,23.383,102.43,1.253,768.5670914,0.946457093
9/6/2020 18:00,2020,9,6,9/6/2020,19,24.687,102.347,1.303,768.5332617,0.946415433
9/6/2020 19:00,2020,9,6,9/6/2020,20,26.433,101.036,1.369,701.6122487,0.864005103
9/6/2020 20:00,2020,9,6,9/6/2020,21,26.044,101.541,1.354,634.6912173,0.781594751
9/6/2020 21:00,2020,9,6,9/6/2020,22,26.236,99.187,1.361,634.6573329,0.781553024
9/6/2020 22:00,2020,9,6,9/6/2020,23,27.641,102.071,1.403,634.6234303,0.781511274
9/6/2020 23:00,2020,9,6,9/6/2020,24,25.452,100.017,1.332,593.9794449,0.731459966
9/7/2020 0:00,2020,9,7,9/7/2020,1,24.376,100.642,1.291,553.3354413,0.681408636
9/7/2020 1:00,2020,9,7,9/7/2020,2,22.402,100.732,1.22,553.3014841,0.681366819
9/7/2020 2:00,2020,9,7,9/7/2020,3,20.185,99.946,1.215,553.2675087,0.68132498
9/7/2020 3:00,2020,9,7,9/7/2020,4,19.99,100.312,1.214,553.2335152,0.681283118
9/7/2020 4:00,2020,9,7,9/7/2020,5,17.37,99.544,1.197,553.1995036,0.681241234
9/7/2020 5:00,2020,9,7,9/7/2020,6,17.807,100.983,1.206,553.1654738,0.681199328
9/7/2020 6:00,2020,9,7,9/7/2020,7,15.867,99.899,1.167,553.131426,0.6811574
9/7/2020 7:00,2020,9,7,9/7/2020,8,14.56,98.656,1.141,584.5825697,0.719888121
9/7/2020 8:00,2020,9,7,9/7/2020,9,13.286,102.212,1.116,660.5605059,0.81345166
9/7/2020 9:00,2020,9,7,9/7/2020,10,13.695,100.927,1.124,736.538424,0.907015176
9/7/2020 10:00,2020,9,7,9/7/2020,11,14.289,99.949,1.136,767.9895136,0.945745831
9/7/2020 11:00,2020,9,7,9/7/2020,12,13.972,101.829,1.129,767.9553756,0.945703792
9/7/2020 12:00,2020,9,7,9/7/2020,13,16.116,100.544,1.172,767.9212196,0.94566173
9/7/2020 13:00,2020,9,7,9/7/2020,14,17.449,101.354,1.199,767.8870456,0.945619646
9/7/2020 14:00,2020,9,7,9/7/2020,15,18.517,101.391,1.211,767.8528537,0.94557754
9/7/2020 15:00,2020,9,7,9/7/2020,16,20.439,102.355,1.215,767.8186439,0.945535412
9/7/2020 16:00,2020,9,7,9/7/2020,17,22.884,102.603,1.235,767.7844161,0.945493262
9/7/2020 17:00,2020,9,7,9/7/2020,18,21.805,102.212,1.218,767.7501705,0.94545109
9/7/2020 18:00,2020,9,7,9/7/2020,19,25.144,102.39,1.32,767.715907,0.945408896
9/7/2020 19:00,2020,9,7,9/7/2020,20,25.187,100.804,1.322,700.7944604,0.862998033
9/7/2020 20:00,2020,9,7,9/7/2020,21,25.784,99.365,1.344,633.872996,0.780587147
9/7/2020 21:00,2020,9,7,9/7/2020,22,27.244,100.585,1.395,633.838679,0.780544887
9/7/2020 22:00,2020,9,7,9/7/2020,23,28.133,99.234,1.413,633.8043441,0.780502605
9/7/2020 23:00,2020,9,7,9/7/2020,24,26.225,99.281,1.361,593.1599269,0.730450765
9/8/2020 0:00,2020,9,8,9/8/2020,1,24.611,100.493,1.3,552.5154919,0.680398904
9/8/2020 1:00,2020,9,8,9/8/2020,2,22.648,100.863,1.226,552.4811037,0.680356556
9/8/2020 2:00,2020,9,8,9/8/2020,3,22.257,99.719,1.219,552.4466978,0.680314187
9/8/2020 3:00,2020,9,8,9/8/2020,4,18.58,98.455,1.211,552.4122742,0.680271795
9/8/2020 4:00,2020,9,8,9/8/2020,5,18.714,100.041,1.212,552.3778329,0.680229382
9/8/2020 5:00,2020,9,8,9/8/2020,6,16.094,100.793,1.172,552.3433739,0.680186948
9/8/2020 6:00,2020,9,8,9/8/2020,7,14.802,99.044,1.146,552.3088972,0.680144491
9/8/2020 7:00,2020,9,8,9/8/2020,8,13.348,99.953,1.117,583.7596125,0.718874685
9/8/2020 8:00,2020,9,8,9/8/2020,9,14.274,100.998,1.135,659.7371206,0.812437697
9/8/2020 9:00,2020,9,8,9/8/2020,10,13.877,102.347,1.128,735.7146112,0.906000686
9/8/2020 10:00,2020,9,8,9/8/2020,11,14.465,100.928,1.139,767.1652737,0.944730815
9/8/2020 11:00,2020,9,8,9/8/2020,12,14,100.973,1.13,767.1307089,0.94468825
9/8/2020 12:00,2020,9,8,9/8/2020,13,16.02,99.776,1.17,767.0961266,0.944645664
9/8/2020 13:00,2020,9,8,9/8/2020,14,18.593,102.862,1.211,767.0615268,0.944603055
9/8/2020 14:00,2020,9,8,9/8/2020,15,18.786,101.418,1.212,767.0269094,0.944560426
9/8/2020 15:00,2020,9,8,9/8/2020,16,20.801,102.242,1.216,766.9922745,0.944517774
9/8/2020 16:00,2020,9,8,9/8/2020,17,21.579,100.791,1.218,766.9576222,0.944475101
9/8/2020 17:00,2020,9,8,9/8/2020,18,22.869,102.462,1.234,766.9229524,0.944432407
9/8/2020 18:00,2020,9,8,9/8/2020,19,24.508,101.41,1.296,766.8882651,0.944389691
9/8/2020 19:00,2020,9,8,9/8/2020,20,25.886,100.601,1.348,699.9663952,0.861978306
9/8/2020 20:00,2020,9,8,9/8/2020,21,26.061,98.871,1.355,633.0445079,0.7795669
9/8/2020 21:00,2020,9,8,9/8/2020,22,26.184,99.388,1.359,633.0097684,0.77952412
9/8/2020 22:00,2020,9,8,9/8/2020,23,27.083,99.529,1.392,632.9750115,0.779481318
9/8/2020 23:00,2020,9,8,9/8/2020,24,24.691,99.067,1.303,592.3301726,0.729428959
9/9/2020 0:00,2020,9,9,9/9/2020,1,24.016,100.002,1.277,551.6853164,0.679376578
9/9/2020 1:00,2020,9,9,9/9/2020,2,23.394,98.301,1.254,551.6505075,0.679333713
9/9/2020 2:00,2020,9,9,9/9/2020,3,20.989,101.61,1.217,551.6156813,0.679290826
9/9/2020 3:00,2020,9,9,9/9/2020,4,20.373,100.11,1.215,551.5808377,0.679247917
9/9/2020 4:00,2020,9,9,9/9/2020,5,19.675,99.983,1.214,551.5459769,0.679204988
9/9/2020 5:00,2020,9,9,9/9/2020,6,16.836,100.203,1.187,551.5110988,0.679162037
9/9/2020 6:00,2020,9,9,9/9/2020,7,16.293,99.932,1.176,551.4762035,0.679119065
9/9/2020 7:00,2020,9,9,9/9/2020,8,14.418,100.108,1.138,582.9265006,0.717848744
9/9/2020 8:00,2020,9,9,9/9/2020,9,14.243,100.404,1.135,658.903591,0.811411241
9/9/2020 9:00,2020,9,9,9/9/2020,10,13.626,98.452,1.123,734.8806642,0.904973717
9/9/2020 10:00,2020,9,9,9/9/2020,11,14.863,98.651,1.147,766.3309097,0.943703332
9/9/2020 11:00,2020,9,9,9/9/2020,12,14.627,100.68,1.143,766.2959285,0.943660254
9/9/2020 12:00,2020,9,9,9/9/2020,13,15.755,98.086,1.165,766.2609302,0.943617155
9/9/2020 13:00,2020,9,9,9/9/2020,14,15.692,99.311,1.164,766.2259147,0.943574035
9/9/2020 14:00,2020,9,9,9/9/2020,15,17.925,100.429,1.208,766.1908821,0.943530894
9/9/2020 15:00,2020,9,9,9/9/2020,16,21.29,99.222,1.217,766.1558325,0.943487732
9/9/2020 16:00,2020,9,9,9/9/2020,17,21.257,100.98,1.217,766.1207658,0.943444549
9/9/2020 17:00,2020,9,9,9/9/2020,18,24.939,99.235,1.312,766.0856821,0.943401345
9/9/2020 18:00,2020,9,9,9/9/2020,19,23.187,99.425,1.246,766.0505813,0.94335812
9/9/2020 19:00,2020,9,9,9/9/2020,20,27.486,102.242,1.4,699.1282984,0.860946226
9/9/2020 20:00,2020,9,9,9/9/2020,21,26.064,101.797,1.355,632.2059985,0.778534312
9/9/2020 21:00,2020,9,9,9/9/2020,22,25.369,99.376,1.328,632.1708468,0.778491024
9/9/2020 22:00,2020,9,9,9/9/2020,23,25.084,100.188,1.318,632.1356781,0.778447715
9/9/2020 23:00,2020,9,9,9/9/2020,24,26.156,100.307,1.358,591.490428,0.72839485
9/10/2020 0:00,2020,9,10,9/10/2020,1,26.106,100.403,1.356,550.8451609,0.678341963
9/10/2020 1:00,2020,9,10,9/10/2020,2,23.333,99.692,1.251,550.8099415,0.678298592
9/10/2020 2:00,2020,9,10,9/10/2020,3,22.179,100.933,1.219,550.7747052,0.6782552
9/10/2020 3:00,2020,9,10,9/10/2020,4,19.076,99.248,1.212,550.7394521,0.678211787
9/10/2020 4:00,2020,9,10,9/10/2020,5,19.331,99.365,1.213,550.7041821,0.678168354
9/10/2020 5:00,2020,9,10,9/10/2020,6,18.94,101.884,1.212,550.6688953,0.6781249
9/10/2020 6:00,2020,9,10,9/10/2020,7,16.283,100.91,1.176,550.6335917,0.678081425
9/10/2020 7:00,2020,9,10,9/10/2020,8,14.274,98.615,1.135,582.083481,0.716810602
9/10/2020 8:00,2020,9,10,9/10/2020,9,14.238,98.832,1.135,658.0601639,0.810372597
9/10/2020 9:00,2020,9,10,9/10/2020,10,13.865,99.563,1.127,734.0368301,0.903934572
9/10/2020 10:00,2020,9,10,9/10/2020,11,13.871,99.726,1.127,765.4866691,0.942663686
9/10/2020 11:00,2020,9,10,9/10/2020,12,14.104,98.951,1.132,765.4512818,0.942620108
9/10/2020 12:00,2020,9,10,9/10/2020,13,16.3,101.977,1.176,765.4158777,0.94257651
9/10/2020 13:00,2020,9,10,9/10/2020,14,17.44,100.135,1.199,765.380457,0.942532891
9/10/2020 14:00,2020,9,10,9/10/2020,15,18.716,97.894,1.212,765.3450196,0.942489251
9/10/2020 15:00,2020,9,10,9/10/2020,16,21.168,100.139,1.217,765.3095656,0.942445591
9/10/2020 16:00,2020,9,10,9/10/2020,17,21.317,100.769,1.217,765.274095,0.942401911
9/10/2020 17:00,2020,9,10,9/10/2020,18,23.818,100.09,1.27,765.2386077,0.94235821
9/10/2020 18:00,2020,9,10,9/10/2020,19,24.894,99.081,1.31,765.2031039,0.942314488
9/10/2020 19:00,2020,9,10,9/10/2020,20,27.479,99.251,1.4,698.2804183,0.859902099
9/10/2020 20:00,2020,9,10,9/10/2020,21,26.077,99.154,1.355,631.3577162,0.777489689
9/10/2020 21:00,2020,9,10,9/10/2020,22,25.923,101.707,1.349,631.3221628,0.777445906
9/10/2020 22:00,2020,9,10,9/10/2020,23,26.273,101.393,1.363,631.2865928,0.777402103
9/10/2020 23:00,2020,9,10,9/10/2020,24,25.674,99.326,1.34,590.6409417,0.727348744
9/11/2020 0:00,2020,9,11,9/11/2020,1,25.638,100.739,1.339,549.9952742,0.677295365
9/11/2020 1:00,2020,9,11,9/11/2020,2,23.994,99.214,1.276,549.9596548,0.677251501
9/11/2020 2:00,2020,9,11,9/11/2020,3,22.383,99.44,1.22,549.9240189,0.677207617
9/11/2020 3:00,2020,9,11,9/11/2020,4,19.428,100.197,1.213,549.8883666,0.677163713
9/11/2020 4:00,2020,9,11,9/11/2020,5,17.388,100.333,1.198,549.852698,0.677119788
9/11/2020 5:00,2020,9,11,9/11/2020,6,16.355,98.436,1.177,549.8170129,0.677075844
9/11/2020 6:00,2020,9,11,9/11/2020,7,15.919,100.678,1.168,549.7813115,0.677031879
9/11/2020 7:00,2020,9,11,9/11/2020,8,14.826,100.161,1.147,581.2308033,0.715760566
9/11/2020 8:00,2020,9,11,9/11/2020,9,13.624,101.397,1.122,657.2070893,0.809322073
9/11/2020 9:00,2020,9,11,9/11/2020,10,13.941,101.661,1.129,733.183359,0.902883559
9/11/2020 10:00,2020,9,11,9/11/2020,11,13.1,101.638,1.112,764.632802,0.941612186
9/11/2020 11:00,2020,9,11,9/11/2020,12,13.847,102.807,1.127,764.597019,0.941568121
9/11/2020 12:00,2020,9,11,9/11/2020,13,15.654,102.908,1.163,764.5612197,0.941524036
9/11/2020 13:00,2020,9,11,9/11/2020,14,16.195,102.295,1.174,764.5254043,0.94147993
9/11/2020 14:00,2020,9,11,9/11/2020,15,18.27,103.503,1.211,764.4895726,0.941435805
9/11/2020 15:00,2020,9,11,9/11/2020,16,21.15,101.553,1.217,764.4537247,0.94139166
9/11/2020 16:00,2020,9,11,9/11/2020,17,21.834,101.558,1.219,764.4178606,0.941347495
9/11/2020 17:00,2020,9,11,9/11/2020,18,23.797,100.436,1.269,764.3819804,0.94130331
9/11/2020 18:00,2020,9,11,9/11/2020,19,23.808,102.962,1.269,764.346084,0.941259105
9/11/2020 19:00,2020,9,11,9/11/2020,20,25.678,102.539,1.34,697.4230063,0.858846233
9/11/2020 20:00,2020,9,11,9/11/2020,21,26.47,98.754,1.37,630.4999125,0.776433341
9/11/2020 21:00,2020,9,11,9/11/2020,22,25.254,99.923,1.324,630.4639678,0.776389076
9/11/2020 22:00,2020,9,11,9/11/2020,23,26.727,99.552,1.38,630.428007,0.776344792
9/11/2020 23:00,2020,9,11,9/11/2020,24,26.318,99.247,1.364,589.7819656,0.726290952
9/12/2020 0:00,2020,9,12,9/12/2020,1,26.021,100.896,1.353,549.1359082,0.676237093
9/12/2020 1:00,2020,9,12,9/12/2020,2,22.476,98.487,1.22,549.0998993,0.676192749
9/12/2020 2:00,2020,9,12,9/12/2020,3,21.084,100.085,1.217,549.0638744,0.676148386
9/12/2020 3:00,2020,9,12,9/12/2020,4,19.878,100.031,1.214,549.0278336,0.676104003
9/12/2020 4:00,2020,9,12,9/12/2020,5,18.141,99.786,1.21,548.9917768,0.676059601
9/12/2020 5:00,2020,9,12,9/12/2020,6,18.012,98.785,1.21,548.955704,0.676015179
9/12/2020 6:00,2020,9,12,9/12/2020,7,17.432,101.328,1.199,548.9196153,0.675970737
9/12/2020 7:00,2020,9,12,9/12/2020,8,13.974,99.658,1.129,580.3687204,0.714698948
9/12/2020 8:00,2020,9,12,9/12/2020,9,13.26,101.151,1.115,656.34462,0.808259979
9/12/2020 9:00,2020,9,12,9/12/2020,10,14.17,105.196,1.133,732.3205038,0.90182099
9/12/2020 10:00,2020,9,12,9/12/2020,11,14.093,101.945,1.132,763.7695613,0.940549142
9/12/2020 11:00,2020,9,12,9/12/2020,12,13.135,101.476,1.113,763.7333932,0.940504603
9/12/2020 12:00,2020,9,12,9/12/2020,13,15.52,101.968,1.16,763.6972094,0.940460044
9/12/2020 13:00,2020,9,12,9/12/2020,14,15.904,102.324,1.168,763.6610098,0.940415466
9/12/2020 14:00,2020,9,12,9/12/2020,15,18.23,102.658,1.211,763.6247944,0.940370868
9/12/2020 15:00,2020,9,12,9/12/2020,16,21.116,101.543,1.217,763.5885633,0.940326251
9/12/2020 16:00,2020,9,12,9/12/2020,17,22.716,100.078,1.228,763.5523164,0.940281615
9/12/2020 17:00,2020,9,12,9/12/2020,18,23.724,101.268,1.266,763.5160538,0.940236959
9/12/2020 18:00,2020,9,12,9/12/2020,19,24.011,100.378,1.277,763.4797755,0.940192284
9/12/2020 19:00,2020,9,12,9/12/2020,20,26.979,100.657,1.389,696.5563163,0.857778942
9/12/2020 20:00,2020,9,12,9/12/2020,21,27.24,99.971,1.395,629.6328415,0.77536558
9/12/2020 21:00,2020,9,12,9/12/2020,22,26.3,100.833,1.364,629.5965162,0.775320847
9/12/2020 22:00,2020,9,12,9/12/2020,23,25.141,100.98,1.32,629.5601753,0.775276095
9/12/2020 23:00,2020,9,12,9/12/2020,24,26.348,100.335,1.365,588.9137542,0.725221788
9/13/2020 0:00,2020,9,13,9/13/2020,1,26.086,99.195,1.355,548.2673176,0.675167461
9/13/2020 1:00,2020,9,13,9/13/2020,2,23.589,98.632,1.261,548.2309299,0.675122651
9/13/2020 2:00,2020,9,13,9/13/2020,3,21.642,99.849,1.218,548.1945267,0.675077822
9/13/2020 3:00,2020,9,13,9/13/2020,4,20.934,100.352,1.217,548.1581079,0.675032974
9/13/2020 4:00,2020,9,13,9/13/2020,5,20.205,100.633,1.215,548.1216736,0.674988107
9/13/2020 5:00,2020,9,13,9/13/2020,6,16.35,98.962,1.177,548.0852239,0.67494322
9/13/2020 6:00,2020,9,13,9/13/2020,7,14.807,100.096,1.146,548.0487587,0.674898315
9/13/2020 7:00,2020,9,13,9/13/2020,8,14.432,99.966,1.139,579.4974876,0.713626063
9/13/2020 8:00,2020,9,13,9/13/2020,9,12.938,103.589,1.109,655.4730116,0.807186631
9/13/2020 9:00,2020,9,13,9/13/2020,10,13.939,101.348,1.129,731.4485201,0.90074718
9/13/2020 10:00,2020,9,13,9/13/2020,11,13.316,101.18,1.116,762.8972028,0.939474871
9/13/2020 11:00,2020,9,13,9/13/2020,12,14.942,102.833,1.149,762.8606605,0.939429871
9/13/2020 12:00,2020,9,13,9/13/2020,13,16.898,101.898,1.188,762.8241028,0.939384851
9/13/2020 13:00,2020,9,13,9/13/2020,14,17.755,102.917,1.205,762.7875298,0.939339813
9/13/2020 14:00,2020,9,13,9/13/2020,15,19.044,101.281,1.212,762.7509414,0.939294756
9/13/2020 15:00,2020,9,13,9/13/2020,16,20.115,103.865,1.215,762.7143378,0.93924968
9/13/2020 16:00,2020,9,13,9/13/2020,17,21.663,100.956,1.218,762.6777188,0.939204586
9/13/2020 17:00,2020,9,13,9/13/2020,18,22.423,101.827,1.22,762.6410846,0.939159472
9/13/2020 18:00,2020,9,13,9/13/2020,19,23.204,102.771,1.247,762.6044351,0.93911434
9/13/2020 19:00,2020,9,13,9/13/2020,20,26.887,100.464,1.386,695.6806052,0.856700541
9/13/2020 20:00,2020,9,13,9/13/2020,21,26.12,99.167,1.357,628.7567602,0.774286724
9/13/2020 21:00,2020,9,13,9/13/2020,22,27.313,100.387,1.396,628.7200651,0.774241536
9/13/2020 22:00,2020,9,13,9/13/2020,23,27.483,98.693,1.4,628.6833548,0.774196329
9/13/2020 23:00,2020,9,13,9/13/2020,24,27.035,100.94,1.391,588.0365648,0.724141567
9/14/2020 0:00,2020,9,14,9/14/2020,1,24.962,99.523,1.313,547.3897597,0.674086786
9/14/2020 1:00,2020,9,14,9/14/2020,2,23.255,100.222,1.249,547.353004,0.674041523
9/14/2020 2:00,2020,9,14,9/14/2020,3,21.43,99.795,1.218,547.3162332,0.673996242
9/14/2020 3:00,2020,9,14,9/14/2020,4,20.483,100.654,1.216,547.2794473,0.673950941
9/14/2020 4:00,2020,9,14,9/14/2020,5,19.741,99.783,1.214,547.2426464,0.673905623
9/14/2020 5:00,2020,9,14,9/14/2020,6,16.288,100.726,1.176,547.2058304,0.673860285
9/14/2020 6:00,2020,9,14,9/14/2020,7,15.014,98.654,1.15,547.1689995,0.67381493
9/14/2020 7:00,2020,9,14,9/14/2020,8,16.162,101.173,1.173,578.6173631,0.712542228
9/14/2020 8:00,2020,9,14,9/14/2020,9,14.114,104.114,1.132,654.5925222,0.806102346
9/14/2020 9:00,2020,9,14,9/14/2020,10,13.284,100.672,1.116,730.5676664,0.899662447
9/14/2020 10:00,2020,9,14,9/14/2020,11,13.927,102.708,1.129,762.0159852,0.938389689
9/14/2020 11:00,2020,9,14,9/14/2020,12,15.257,102.363,1.155,761.9790793,0.938344241
9/14/2020 12:00,2020,9,14,9/14/2020,13,14.497,101.482,1.14,761.9421586,0.938298775
9/14/2020 13:00,2020,9,14,9/14/2020,14,16.54,103.123,1.181,761.905223,0.938253291
9/14/2020 14:00,2020,9,14,9/14/2020,15,19.248,102.229,1.213,761.8682725,0.938207788
9/14/2020 15:00,2020,9,14,9/14/2020,16,19.323,102.523,1.213,761.8313072,0.938162266
9/14/2020 16:00,2020,9,14,9/14/2020,17,22.658,101.875,1.226,761.794327,0.938116727
9/14/2020 17:00,2020,9,14,9/14/2020,18,22.953,102.622,1.237,761.757332,0.938071169
9/14/2020 18:00,2020,9,14,9/14/2020,19,25.015,102.936,1.315,761.7203223,0.938025593
9/14/2020 19:00,2020,9,14,9/14/2020,20,26.186,101.004,1.359,694.7961326,0.855611352
9/14/2020 20:00,2020,9,14,9/14/2020,21,26.837,99.44,1.384,627.8719281,0.773197092
9/14/2020 21:00,2020,9,14,9/14/2020,22,25.014,99.707,1.315,627.834874,0.773151461
9/14/2020 22:00,2020,9,14,9/14/2020,23,25.736,100.364,1.342,627.7978053,0.773105813
9/14/2020 23:00,2020,9,14,9/14/2020,24,26.814,99.449,1.383,587.1506572,0.72305061
9/15/2020 0:00,2020,9,15,9/15/2020,1,24.294,97.466,1.288,546.5034945,0.672995389
9/15/2020 1:00,2020,9,15,9/15/2020,2,22.492,97.865,1.22,546.4663817,0.672949686
9/15/2020 2:00,2020,9,15,9/15/2020,3,20.728,99.66,1.216,546.4292543,0.672903966
9/15/2020 3:00,2020,9,15,9/15/2020,4,18.978,100.056,1.212,546.3921122,0.672858227
9/15/2020 4:00,2020,9,15,9/15/2020,5,19.591,99.565,1.214,546.3549555,0.67281247
9/15/2020 5:00,2020,9,15,9/15/2020,6,18.326,101.041,1.211,546.3177843,0.672766695
9/15/2020 6:00,2020,9,15,9/15/2020,7,14.195,101.237,1.134,546.2805985,0.672720902
9/15/2020 7:00,2020,9,15,9/15/2020,8,15.24,98.664,1.155,577.7286077,0.711447764
9/15/2020 8:00,2020,9,15,9/15/2020,9,13.208,103.928,1.114,653.7034129,0.805007447
9/15/2020 9:00,2020,9,15,9/15/2020,10,14.011,100.994,1.13,729.6782036,0.898567112
9/15/2020 10:00,2020,9,15,9/15/2020,11,14.4,100.417,1.138,761.1261694,0.93729392
9/15/2020 11:00,2020,9,15,9/15/2020,12,14.383,101.729,1.138,761.088911,0.937248038
9/15/2020 12:00,2020,9,15,9/15/2020,13,14.25,103.66,1.135,761.0516382,0.937202138
9/15/2020 13:00,2020,9,15,9/15/2020,14,18.911,101.979,1.212,761.014351,0.93715622
9/15/2020 14:00,2020,9,15,9/15/2020,15,19.841,101.966,1.214,760.9770493,0.937110285
9/15/2020 15:00,2020,9,15,9/15/2020,16,19.884,102.676,1.214,760.9397333,0.937064332
9/15/2020 16:00,2020,9,15,9/15/2020,17,20.797,101.884,1.216,760.9024028,0.937018361
9/15/2020 17:00,2020,9,15,9/15/2020,18,24.879,101.675,1.31,760.865058,0.936972373
9/15/2020 18:00,2020,9,15,9/15/2020,19,23.761,102.42,1.268,760.8276989,0.936926366
9/15/2020 19:00,2020,9,15,9/15/2020,20,26.962,102.541,1.389,693.9031603,0.854511695
9/15/2020 20:00,2020,9,15,9/15/2020,21,27.186,101.847,1.394,626.9786074,0.772097006
9/15/2020 21:00,2020,9,15,9/15/2020,22,25.68,100.626,1.34,626.9412054,0.772050947
9/15/2020 22:00,2020,9,15,9/15/2020,23,26.039,101.106,1.354,626.9037892,0.772004871
9/15/2020 23:00,2020,9,15,9/15/2020,24,26.249,99.719,1.362,586.2562941,0.72194924
9/16/2020 0:00,2020,9,16,9/16/2020,1,24.409,101.045,1.292,545.6087848,0.671893593
9/16/2020 1:00,2020,9,16,9/16/2020,2,22.191,99.565,1.219,545.5713259,0.671847464
9/16/2020 2:00,2020,9,16,9/16/2020,3,20.003,101.032,1.214,545.5338528,0.671801317
9/16/2020 3:00,2020,9,16,9/16/2020,4,18.916,101.605,1.212,545.4963655,0.671755153
9/16/2020 4:00,2020,9,16,9/16/2020,5,19.057,100.59,1.212,545.4588641,0.671708972
9/16/2020 5:00,2020,9,16,9/16/2020,6,16.507,100.709,1.18,545.4213485,0.671662773
9/16/2020 6:00,2020,9,16,9/16/2020,7,15.292,99.804,1.156,545.3838189,0.671616557
9/16/2020 7:00,2020,9,16,9/16/2020,8,15.73,101.033,1.165,576.8314848,0.710342996
9/16/2020 8:00,2020,9,16,9/16/2020,9,14.611,100.146,1.142,652.8059471,0.803902257
9/16/2020 9:00,2020,9,16,9/16/2020,10,13.951,100.849,1.129,728.7803954,0.8974615
9/16/2020 10:00,2020,9,16,9/16/2020,11,12.846,101.633,1.107,760.2280192,0.936187887
9/16/2020 11:00,2020,9,16,9/16/2020,12,14.105,100.197,1.132,760.1904193,0.936141584
9/16/2020 12:00,2020,9,16,9/16/2020,13,14.802,98.494,1.146,760.1528054,0.936095264
9/16/2020 13:00,2020,9,16,9/16/2020,14,15.634,100.495,1.163,760.1151776,0.936048927
9/16/2020 14:00,2020,9,16,9/16/2020,15,18.637,100.829,1.211,760.0775358,0.936002573
9/16/2020 15:00,2020,9,16,9/16/2020,16,20.485,99.112,1.216,760.0398801,0.935956202
9/16/2020 16:00,2020,9,16,9/16/2020,17,21.774,101.704,1.218,760.0022105,0.935909813
9/16/2020 17:00,2020,9,16,9/16/2020,18,23.594,97.834,1.261,759.964527,0.935863407
9/16/2020 18:00,2020,9,16,9/16/2020,19,25.387,99.789,1.329,759.9268296,0.935816985
9/16/2020 19:00,2020,9,16,9/16/2020,20,26.582,100.267,1.374,693.0019532,0.853401897
9/16/2020 20:00,2020,9,16,9/16/2020,21,26.616,99.372,1.375,626.0770629,0.770986793
9/16/2020 21:00,2020,9,16,9/16/2020,22,27.283,99.238,1.396,626.0393241,0.770940319
9/16/2020 22:00,2020,9,16,9/16/2020,23,25.592,102.396,1.337,626.0015714,0.770893828
9/16/2020 23:00,2020,9,16,9/16/2020,24,25.921,98.743,1.349,585.3537404,0.720837785
9/17/2020 0:00,2020,9,17,9/17/2020,1,24.641,99.202,1.301,544.7058956,0.670781724
9/17/2020 1:00,2020,9,17,9/17/2020,2,23.22,100.455,1.247,544.6681016,0.670735182
9/17/2020 2:00,2020,9,17,9/17/2020,3,21.967,99.51,1.219,544.630294,0.670688624
9/17/2020 3:00,2020,9,17,9/17/2020,4,20.56,99.945,1.216,544.5924726,0.670642048
9/17/2020 4:00,2020,9,17,9/17/2020,5,18.959,99.409,1.212,544.5546376,0.670595456
9/17/2020 5:00,2020,9,17,9/17/2020,6,17.763,99.851,1.205,544.5167889,0.670548847
9/17/2020 6:00,2020,9,17,9/17/2020,7,15.32,98.268,1.156,544.4789265,0.670502221
9/17/2020 7:00,2020,9,17,9/17/2020,8,15.693,100.654,1.164,575.9262602,0.709228251
9/17/2020 8:00,2020,9,17,9/17/2020,9,13.028,99.003,1.111,651.9003908,0.802787103
9/17/2020 9:00,2020,9,17,9/17/2020,10,13.742,100.967,1.125,727.8745077,0.896345938
9/17/2020 10:00,2020,9,17,9/17/2020,11,12.88,100.904,1.108,759.3218007,0.935071918
9/17/2020 11:00,2020,9,17,9/17/2020,12,15.53,99.347,1.161,759.2838704,0.935025208
9/17/2020 12:00,2020,9,17,9/17/2020,13,16.942,101.753,1.189,759.2459267,0.934978482
9/17/2020 13:00,2020,9,17,9/17/2020,14,16.904,99.441,1.188,759.2079694,0.93493174
9/17/2020 14:00,2020,9,17,9/17/2020,15,18.005,100.133,1.21,759.1699986,0.93488498
9/17/2020 15:00,2020,9,17,9/17/2020,16,19.221,99.503,1.213,759.1320144,0.934838204
9/17/2020 16:00,2020,9,17,9/17/2020,17,21.95,99.932,1.219,759.0940168,0.934791412
9/17/2020 17:00,2020,9,17,9/17/2020,18,23.252,99.517,1.248,759.0560057,0.934744603
9/17/2020 18:00,2020,9,17,9/17/2020,19,25.625,100.889,1.338,759.0179812,0.934697777
9/17/2020 19:00,2020,9,17,9/17/2020,20,27.117,100.439,1.392,692.0927782,0.852282288
9/17/2020 20:00,2020,9,17,9/17/2020,21,26.903,100.794,1.386,625.1675618,0.769866782
9/17/2020 21:00,2020,9,17,9/17/2020,22,26.931,100.127,1.387,625.1294972,0.769819907
9/17/2020 22:00,2020,9,17,9/17/2020,23,27.032,97.698,1.391,625.0914193,0.769773016
9/17/2020 23:00,2020,9,17,9/17/2020,24,26.407,100.597,1.368,584.4432635,0.719716572
9/18/2020 0:00,2020,9,18,9/18/2020,1,25.574,98.969,1.336,543.7950944,0.669660112
9/18/2020 1:00,2020,9,18,9/18/2020,2,24.605,98.485,1.3,543.7569766,0.669613171
9/18/2020 2:00,2020,9,18,9/18/2020,3,21.659,98.597,1.218,543.7188456,0.669566215
9/18/2020 3:00,2020,9,18,9/18/2020,4,19.753,99.112,1.214,543.6807014,0.669519242
9/18/2020 4:00,2020,9,18,9/18/2020,5,17.966,100.025,1.209,543.6425439,0.669472252
9/18/2020 5:00,2020,9,18,9/18/2020,6,17.976,99.698,1.21,543.6043733,0.669425247
9/18/2020 6:00,2020,9,18,9/18/2020,7,16.227,99.787,1.175,543.5661895,0.669378225
9/18/2020 7:00,2020,9,18,9/18/2020,8,16.36,100.674,1.177,575.0132021,0.70810386
9/18/2020 8:00,2020,9,18,9/18/2020,9,13.813,100.811,1.126,650.9870121,0.801662317
9/18/2020 9:00,2020,9,18,9/18/2020,10,13.436,102.504,1.119,726.960809,0.895220758
9/18/2020 10:00,2020,9,18,9/18/2020,11,14.509,100.438,1.14,758.4077824,0.933946344
9/18/2020 11:00,2020,9,18,9/18/2020,12,15.3,103.536,1.156,758.369533,0.933899241
9/18/2020 12:00,2020,9,18,9/18/2020,13,16.245,101.266,1.175,758.3312706,0.933852123
9/18/2020 13:00,2020,9,18,9/18/2020,14,17.637,101.366,1.203,758.2929951,0.933804988
9/18/2020 14:00,2020,9,18,9/18/2020,15,17.999,100.969,1.21,758.2547067,0.933757838
9/18/2020 15:00,2020,9,18,9/18/2020,16,20.713,103.334,1.216,758.2164052,0.933710671
9/18/2020 16:00,2020,9,18,9/18/2020,17,22.04,102.215,1.219,758.1780908,0.933663489
9/18/2020 17:00,2020,9,18,9/18/2020,18,24.739,102.994,1.305,758.1397634,0.93361629
9/18/2020 18:00,2020,9,18,9/18/2020,19,23.758,101.248,1.268,758.1014231,0.933569076
9/18/2020 19:00,2020,9,18,9/18/2020,20,25.247,100.028,1.324,691.1759047,0.851153198
9/18/2020 20:00,2020,9,18,9/18/2020,21,27.434,100.862,1.399,624.2503734,0.768737304
9/18/2020 21:00,2020,9,18,9/18/2020,22,27.101,98.377,1.392,624.2119944,0.768690042
9/18/2020 22:00,2020,9,18,9/18/2020,23,27.866,101.124,1.407,624.1736025,0.768642764
9/18/2020 23:00,2020,9,18,9/18/2020,24,25.662,100.858,1.339,583.5251333,0.718585934
9/19/2020 0:00,2020,9,19,9/19/2020,1,25.497,100.739,1.333,542.8766512,0.668529089
9/19/2020 1:00,2020,9,19,9/19/2020,2,22.499,99.719,1.22,542.8382209,0.668481763
9/19/2020 2:00,2020,9,19,9/19/2020,3,21.786,99.964,1.218,542.7997778,0.668434422
9/19/2020 3:00,2020,9,19,9/19/2020,4,21.514,100.594,1.218,542.761322,0.668387066
9/19/2020 4:00,2020,9,19,9/19/2020,5,19.845,100.637,1.214,542.7228534,0.668339693
9/19/2020 5:00,2020,9,19,9/19/2020,6,16.91,98.84,1.188,542.6843722,0.668292305
9/19/2020 6:00,2020,9,19,9/19/2020,7,14.838,100.317,1.147,542.6458782,0.668244902
9/19/2020 7:00,2020,9,19,9/19/2020,8,14.812,98.019,1.146,574.0925812,0.706970155
9/19/2020 8:00,2020,9,19,9/19/2020,9,14.388,101.33,1.138,650.066082,0.800528231
9/19/2020 9:00,2020,9,19,9/19/2020,10,14.998,101.336,1.15,726.0395701,0.894086292
9/19/2020 10:00,2020,9,19,9/19/2020,11,14.985,101.643,1.15,757.4862352,0.932811498
9/19/2020 11:00,2020,9,19,9/19/2020,12,12.683,99.478,1.104,757.447678,0.932764017
9/19/2020 12:00,2020,9,19,9/19/2020,13,15.568,103.348,1.161,757.4091083,0.93271652
9/19/2020 13:00,2020,9,19,9/19/2020,14,17.863,100.795,1.207,757.370526,0.932669008
9/19/2020 14:00,2020,9,19,9/19/2020,15,18.237,102.527,1.211,757.3319312,0.93262148
9/19/2020 15:00,2020,9,19,9/19/2020,16,20.34,101.505,1.215,757.2933238,0.932573936
9/19/2020 16:00,2020,9,19,9/19/2020,17,22.364,103.445,1.22,757.2547039,0.932526378
9/19/2020 17:00,2020,9,19,9/19/2020,18,24.664,101.799,1.302,757.2160716,0.932478804
9/19/2020 18:00,2020,9,19,9/19/2020,19,24.776,102.407,1.306,757.1774268,0.932431214
9/19/2020 19:00,2020,9,19,9/19/2020,20,27.1,102.336,1.392,690.2516044,0.850014962
9/19/2020 20:00,2020,9,19,9/19/2020,21,26.196,100.145,1.36,623.3257696,0.767598694
9/19/2020 21:00,2020,9,19,9/19/2020,22,27.851,101.363,1.407,623.2870876,0.767551059
9/19/2020 22:00,2020,9,19,9/19/2020,23,26.418,100.036,1.368,623.2483932,0.767503409
9/19/2020 23:00,2020,9,19,9/19/2020,24,25.605,100.302,1.337,582.5996218,0.717446207
9/20/2020 0:00,2020,9,20,9/20/2020,1,25.138,97.929,1.32,541.9508381,0.66738899
9/20/2020 1:00,2020,9,20,9/20/2020,2,23.774,100.089,1.268,541.9121067,0.667341294
9/20/2020 2:00,2020,9,20,9/20/2020,3,21.911,98.751,1.219,541.8733629,0.667293583
9/20/2020 3:00,2020,9,20,9/20/2020,4,20.087,99.175,1.215,541.8346069,0.667245856
9/20/2020 4:00,2020,9,20,9/20/2020,5,18.198,98.679,1.21,541.7958386,0.667198115
9/20/2020 5:00,2020,9,20,9/20/2020,6,17.524,100.422,1.2,541.7570581,0.667150358
9/20/2020 6:00,2020,9,20,9/20/2020,7,15.462,99.771,1.159,541.7182654,0.667102587
9/20/2020 7:00,2020,9,20,9/20/2020,8,14.748,100.279,1.145,573.1646701,0.705827472
9/20/2020 8:00,2020,9,20,9/20/2020,9,14.01,102.235,1.13,649.1378731,0.799385182
9/20/2020 9:00,2020,9,20,9/20/2020,10,15.159,101.738,1.153,725.1110639,0.892942877
9/20/2020 10:00,2020,9,20,9/20/2020,11,14.597,103.288,1.142,756.5574321,0.931667718
9/20/2020 11:00,2020,9,20,9/20/2020,12,14.63,100.641,1.143,756.5185786,0.931619871
9/20/2020 12:00,2020,9,20,9/20/2020,13,14.934,101.481,1.149,756.479713,0.93157201
9/20/2020 13:00,2020,9,20,9/20/2020,14,17.237,102.147,1.195,756.4408353,0.931524134
9/20/2020 14:00,2020,9,20,9/20/2020,15,18.122,100.103,1.21,756.4019455,0.931476243
9/20/2020 15:00,2020,9,20,9/20/2020,16,20.041,101.785,1.215,756.3630437,0.931428337
9/20/2020 16:00,2020,9,20,9/20/2020,17,22.158,102.264,1.219,756.3241299,0.931380416
9/20/2020 17:00,2020,9,20,9/20/2020,18,23.736,100.564,1.267,756.285204,0.931332481
9/20/2020 18:00,2020,9,20,9/20/2020,19,24.397,103.203,1.292,756.2462662,0.93128453
9/20/2020 19:00,2020,9,20,9/20/2020,20,26.819,102.55,1.383,689.3201513,0.848867918
9/20/2020 20:00,2020,9,20,9/20/2020,21,25.309,100.533,1.326,622.3940244,0.766451291
9/20/2020 21:00,2020,9,20,9/20/2020,22,27.465,99.72,1.399,622.3550508,0.766403296
9/20/2020 22:00,2020,9,20,9/20/2020,23,27.225,98.586,1.395,622.3160653,0.766355287
9/20/2020 23:00,2020,9,20,9/20/2020,24,27.181,99.936,1.394,581.6670033,0.716297728
9/21/2020 0:00,2020,9,21,9/21/2020,1,25.311,100.738,1.326,541.0179295,0.666240153
9/21/2020 1:00,2020,9,21,9/21/2020,2,23.301,100.222,1.25,540.9789084,0.666192101
9/21/2020 2:00,2020,9,21,9/21/2020,3,22.278,100.706,1.22,540.9398754,0.666144033
9/21/2020 3:00,2020,9,21,9/21/2020,4,20.316,100.437,1.215,540.9008307,0.666095951
9/21/2020 4:00,2020,9,21,9/21/2020,5,18.713,99.486,1.212,540.8617742,0.666047855
9/21/2020 5:00,2020,9,21,9/21/2020,6,17.172,99.495,1.193,540.822706,0.665999744
9/21/2020 6:00,2020,9,21,9/21/2020,7,14.799,99.963,1.146,540.783626,0.665951619
9/21/2020 7:00,2020,9,21,9/21/2020,8,15.347,101.509,1.157,572.2297439,0.704676151
9/21/2020 8:00,2020,9,21,9/21/2020,9,12.963,102.964,1.109,648.2026606,0.798233508
9/21/2020 9:00,2020,9,21,9/21/2020,10,12.544,102.758,1.101,724.1755656,0.891790851
9/21/2020 10:00,2020,9,21,9/21/2020,11,12.331,100.534,1.097,755.6216485,0.930515341
9/21/2020 11:00,2020,9,21,9/21/2020,12,13.595,101.296,1.122,755.5825101,0.930467143
9/21/2020 12:00,2020,9,21,9/21/2020,13,14.915,102.87,1.148,755.5433601,0.930418932
9/21/2020 13:00,2020,9,21,9/21/2020,14,16.556,102.561,1.181,755.5041985,0.930370706
9/21/2020 14:00,2020,9,21,9/21/2020,15,18.122,101.217,1.21,755.4650253,0.930322466
9/21/2020 15:00,2020,9,21,9/21/2020,16,20.963,102.316,1.217,755.4258406,0.930274212
9/21/2020 16:00,2020,9,21,9/21/2020,17,22.657,101.543,1.226,755.3866443,0.930225943
9/21/2020 17:00,2020,9,21,9/21/2020,18,22.598,102.372,1.224,755.3474365,0.93017766
9/21/2020 18:00,2020,9,21,9/21/2020,19,25.365,101.531,1.328,755.3082172,0.930129364
9/21/2020 19:00,2020,9,21,9/21/2020,20,25.305,101.231,1.326,688.3818213,0.847712405
9/21/2020 20:00,2020,9,21,9/21/2020,21,27.416,97.882,1.398,621.4554139,0.765295432
9/21/2020 21:00,2020,9,21,9/21/2020,22,26.195,101.913,1.36,621.4161602,0.765247093
9/21/2020 22:00,2020,9,21,9/21/2020,23,26.195,98.655,1.36,621.3768951,0.76519874
9/21/2020 23:00,2020,9,21,9/21/2020,24,25.133,99.863,1.319,580.7275541,0.715140837
9/22/2020 0:00,2020,9,22,9/22/2020,1,24.938,99.291,1.312,540.0782017,0.665082919
9/22/2020 1:00,2020,9,22,9/22/2020,2,22.609,99.942,1.224,540.0389025,0.665034524
9/22/2020 2:00,2020,9,22,9/22/2020,3,21.931,99.514,1.219,539.9995919,0.664986115
9/22/2020 3:00,2020,9,22,9/22/2020,4,21.297,99.039,1.217,539.9602701,0.664937692
9/22/2020 4:00,2020,9,22,9/22/2020,5,19.602,99.281,1.214,539.9209369,0.664889255
9/22/2020 5:00,2020,9,22,9/22/2020,6,17.358,99.533,1.197,539.8815925,0.664840804
9/22/2020 6:00,2020,9,22,9/22/2020,7,15.755,99.94,1.165,539.8422368,0.664792339
9/22/2020 7:00,2020,9,22,9/22/2020,8,13.826,100.677,1.127,571.2880796,0.703516532
9/22/2020 8:00,2020,9,22,9/22/2020,9,13.931,101.908,1.129,647.2607216,0.797073551
9/22/2020 9:00,2020,9,22,9/22/2020,10,14.782,102.685,1.146,723.2333523,0.890630556
9/22/2020 10:00,2020,9,22,9/22/2020,11,13.995,101.514,1.13,754.6791615,0.929354709
9/22/2020 11:00,2020,9,22,9/22/2020,12,14.251,102.263,1.135,754.6397498,0.929306175
9/22/2020 12:00,2020,9,22,9/22/2020,13,15.285,103.79,1.156,754.6003271,0.929257628
9/22/2020 13:00,2020,9,22,9/22/2020,14,17.19,102.41,1.194,754.5608932,0.929209066
9/22/2020 14:00,2020,9,22,9/22/2020,15,18.873,101.866,1.212,754.5214482,0.929160492
9/22/2020 15:00,2020,9,22,9/22/2020,16,20.975,104.105,1.217,754.4819921,0.929111903
9/22/2020 16:00,2020,9,22,9/22/2020,17,20.648,102.286,1.216,754.442525,0.929063301
9/22/2020 17:00,2020,9,22,9/22/2020,18,23.652,101.454,1.264,754.4030469,0.929014686
9/22/2020 18:00,2020,9,22,9/22/2020,19,24.819,101.684,1.308,754.3635577,0.928966056
9/22/2020 19:00,2020,9,22,9/22/2020,20,26.642,101.213,1.376,687.4368924,0.846548766
9/22/2020 20:00,2020,9,22,9/22/2020,21,25.75,99.915,1.343,620.5102161,0.764131462
9/22/2020 21:00,2020,9,22,9/22/2020,22,27.069,99.55,1.391,620.4706941,0.764082793
9/22/2020 22:00,2020,9,22,9/22/2020,23,26.139,98.81,1.357,620.4311611,0.764034109
9/22/2020 23:00,2020,9,22,9/22/2020,24,25.636,100.208,1.338,579.7815526,0.713975877
9/23/2020 0:00,2020,9,23,9/23/2020,1,24.479,99.965,1.295,539.1319333,0.663917631
9/23/2020 1:00,2020,9,23,9/23/2020,2,23.108,99.581,1.243,539.0923676,0.663868907
9/23/2020 2:00,2020,9,23,9/23/2020,3,22.214,102.556,1.219,539.0527911,0.663820171
9/23/2020 3:00,2020,9,23,9/23/2020,4,19.578,100.162,1.214,539.0132038,0.66377142
9/23/2020 4:00,2020,9,23,9/23/2020,5,17.178,100.377,1.194,538.9736056,0.663722657
9/23/2020 5:00,2020,9,23,9/23/2020,6,16.976,101.976,1.19,538.9339967,0.66367388
9/23/2020 6:00,2020,9,23,9/23/2020,7,16.153,101.629,1.173,538.894377,0.66362509
9/23/2020 7:00,2020,9,23,9/23/2020,8,13.7,99.778,1.124,570.3399562,0.70234896
9/23/2020 8:00,2020,9,23,9/23/2020,9,12.912,101.373,1.108,646.3123351,0.795905655
9/23/2020 9:00,2020,9,23,9/23/2020,10,13.758,101.364,1.125,722.2847034,0.889462336
9/23/2020 10:00,2020,9,23,9/23/2020,11,14.117,100.202,1.132,753.7302504,0.928186166
9/23/2020 11:00,2020,9,23,9/23/2020,12,14.985,99.026,1.15,753.6905772,0.92813731
9/23/2020 12:00,2020,9,23,9/23/2020,13,17.137,99.394,1.193,753.6508933,0.928088441
9/23/2020 13:00,2020,9,23,9/23/2020,14,17.096,99.798,1.192,753.6111988,0.928039559
9/23/2020 14:00,2020,9,23,9/23/2020,15,19.442,98.774,1.213,753.5714937,0.927990664
9/23/2020 15:00,2020,9,23,9/23/2020,16,20.323,100.527,1.215,753.5317781,0.927941756
9/23/2020 16:00,2020,9,23,9/23/2020,17,22.325,102.867,1.22,753.4920518,0.927892835
9/23/2020 17:00,2020,9,23,9/23/2020,18,23.879,100.721,1.272,753.452315,0.9278439
9/23/2020 18:00,2020,9,23,9/23/2020,19,25.681,101.009,1.34,753.4125677,0.927794953
9/23/2020 19:00,2020,9,23,9/23/2020,20,24.831,100.031,1.308,686.4856447,0.845377346
9/23/2020 20:00,2020,9,23,9/23/2020,21,25.737,101.277,1.342,619.5587113,0.762959725
9/23/2020 21:00,2020,9,23,9/23/2020,22,26.071,99.084,1.355,619.5189325,0.762910739
9/23/2020 22:00,2020,9,23,9/23/2020,23,25.776,98.855,1.344,619.4791433,0.762861741
9/23/2020 23:00,2020,9,23,9/23/2020,24,25.511,100.11,1.334,578.8292792,0.712803193
9/24/2020 0:00,2020,9,24,9/24/2020,1,25.559,102.072,1.336,538.1794046,0.662744633
9/24/2020 1:00,2020,9,24,9/24/2020,2,23.226,101.06,1.247,538.1395842,0.662695596
9/24/2020 2:00,2020,9,24,9/24/2020,3,21.65,100.683,1.218,538.0997534,0.662646546
9/24/2020 3:00,2020,9,24,9/24/2020,4,21,100.362,1.217,538.0599124,0.662597483
9/24/2020 4:00,2020,9,24,9/24/2020,5,17.678,100.785,1.204,538.020061,0.662548408
9/24/2020 5:00,2020,9,24,9/24/2020,6,15.581,100.072,1.162,537.9801993,0.66249932
9/24/2020 6:00,2020,9,24,9/24/2020,7,15.487,100.244,1.16,537.9403273,0.66245022
9/24/2020 7:00,2020,9,24,9/24/2020,8,13.096,101.141,1.112,569.3856547,0.701173779
9/24/2020 8:00,2020,9,24,9/24/2020,9,12.73,100.798,1.105,645.3577823,0.794730164
9/24/2020 9:00,2020,9,24,9/24/2020,10,14.52,99.967,1.14,721.3298998,0.888286537
9/24/2020 10:00,2020,9,24,9/24/2020,11,13.987,99.401,1.13,752.7751965,0.927010058
9/24/2020 11:00,2020,9,24,9/24/2020,12,14.306,100.128,1.136,752.7352735,0.926960895
9/24/2020 12:00,2020,9,24,9/24/2020,13,16.236,99.661,1.175,752.6953403,0.926911719
9/24/2020 13:00,2020,9,24,9/24/2020,14,17.074,96.032,1.191,752.6553969,0.92686253
9/24/2020 14:00,2020,9,24,9/24/2020,15,19.052,100.152,1.212,752.6154435,0.926813329
9/24/2020 15:00,2020,9,24,9/24/2020,16,20.142,99.143,1.215,752.5754799,0.926764116
9/24/2020 16:00,2020,9,24,9/24/2020,17,21.223,99.501,1.217,752.5355063,0.92671489
9/24/2020 17:00,2020,9,24,9/24/2020,18,24.139,101.284,1.282,752.4955227,0.926665652
9/24/2020 18:00,2020,9,24,9/24/2020,19,24.769,99.367,1.306,752.455529,0.926616402
9/24/2020 19:00,2020,9,24,9/24/2020,20,26.01,98.423,1.353,685.5283601,0.844198491
9/24/2020 20:00,2020,9,24,9/24/2020,21,26.292,101.153,1.363,618.6011813,0.761780568
9/24/2020 21:00,2020,9,24,9/24/2020,22,27.74,99.408,1.405,618.5611576,0.761731281
9/24/2020 22:00,2020,9,24,9/24/2020,23,25.527,100.41,1.334,618.521124,0.761681981
9/24/2020 23:00,2020,9,24,9/24/2020,24,25.131,100.724,1.319,577.8710159,0.711623134
9/25/2020 0:00,2020,9,25,9/25/2020,1,24.348,99.139,1.29,537.2208979,0.661564273
9/25/2020 1:00,2020,9,25,9/25/2020,2,22.166,99.337,1.219,537.1808346,0.661514937
9/25/2020 2:00,2020,9,25,9/25/2020,3,21.368,100.104,1.217,537.1407614,0.661465589
9/25/2020 3:00,2020,9,25,9/25/2020,4,19.901,100.612,1.214,537.1006784,0.661416228
9/25/2020 4:00,2020,9,25,9/25/2020,5,17.9,100.745,1.208,537.0605855,0.661366856
9/25/2020 5:00,2020,9,25,9/25/2020,6,17.313,99.995,1.196,537.0204829,0.661317471
9/25/2020 6:00,2020,9,25,9/25/2020,7,16.77,100.265,1.185,536.9803704,0.661268074
9/25/2020 7:00,2020,9,25,9/25/2020,8,14.563,101.309,1.141,568.4254579,0.699991338
9/25/2020 8:00,2020,9,25,9/25/2020,9,14.718,102.016,1.144,644.397346,0.793547428
9/25/2020 9:00,2020,9,25,9/25/2020,10,11.537,100.696,1.081,720.3692245,0.887103507
9/25/2020 10:00,2020,9,25,9/25/2020,11,13.831,102.066,1.127,751.8142827,0.925826735
9/25/2020 11:00,2020,9,25,9/25/2020,12,14.868,100.872,1.147,751.7741217,0.925777278
9/25/2020 12:00,2020,9,25,9/25/2020,13,15.777,103.453,1.166,751.733951,0.92572781
9/25/2020 13:00,2020,9,25,9/25/2020,14,16.977,102.64,1.19,751.6937707,0.925678329
9/25/2020 14:00,2020,9,25,9/25/2020,15,18.775,101.776,1.212,751.6535807,0.925628837
9/25/2020 15:00,2020,9,25,9/25/2020,16,21.894,101.918,1.219,751.6133811,0.925579333
9/25/2020 16:00,2020,9,25,9/25/2020,17,22.249,103.95,1.219,751.573172,0.925529817
9/25/2020 17:00,2020,9,25,9/25/2020,18,23.367,101.323,1.253,751.5329533,0.92548029
9/25/2020 18:00,2020,9,25,9/25/2020,19,23.351,102.624,1.252,751.4927251,0.92543075
9/25/2020 19:00,2020,9,25,9/25/2020,20,26.273,103.119,1.363,684.5653222,0.843012552
9/25/2020 20:00,2020,9,25,9/25/2020,21,26.97,100.215,1.389,617.6379098,0.760594341
9/25/2020 21:00,2020,9,25,9/25/2020,22,27.443,99.882,1.399,617.5976531,0.760544767
9/25/2020 22:00,2020,9,25,9/25/2020,23,26.993,101.379,1.39,617.557387,0.760495181
9/25/2020 23:00,2020,9,25,9/25/2020,24,26.057,99.325,1.354,576.9070468,0.710436047
9/26/2020 0:00,2020,9,26,9/26/2020,1,24.815,101.31,1.307,536.2566973,0.660376902
9/26/2020 1:00,2020,9,26,9/26/2020,2,22.916,99.488,1.236,536.2164029,0.660327281
9/26/2020 2:00,2020,9,26,9/26/2020,3,23.445,99.434,1.256,536.1760991,0.660277649
9/26/2020 3:00,2020,9,26,9/26/2020,4,22.032,99.249,1.219,536.135786,0.660228005
9/26/2020 4:00,2020,9,26,9/26/2020,5,19.288,101.304,1.213,536.0954636,0.66017835
9/26/2020 5:00,2020,9,26,9/26/2020,6,15.862,99.593,1.167,536.0551319,0.660128683
9/26/2020 6:00,2020,9,26,9/26/2020,7,15.765,100.805,1.165,536.0147909,0.660079005
9/26/2020 7:00,2020,9,26,9/26/2020,8,13.722,99.836,1.124,567.4596502,0.698801987
9/26/2020 8:00,2020,9,26,9/26/2020,9,13.925,99.999,1.129,643.4313108,0.792357798
9/26/2020 9:00,2020,9,26,9/26/2020,10,12.741,102.35,1.105,719.4029622,0.885913597
9/26/2020 10:00,2020,9,26,9/26/2020,11,14.62,100.632,1.142,750.8477938,0.924636545
9/26/2020 11:00,2020,9,26,9/26/2020,12,14.508,102.884,1.14,750.8074067,0.92458681
9/26/2020 12:00,2020,9,26,9/26/2020,13,15.284,101.054,1.156,750.7670104,0.924537064
9/26/2020 13:00,2020,9,26,9/26/2020,14,16.58,102.652,1.182,750.726605,0.924487307
9/26/2020 14:00,2020,9,26,9/26/2020,15,19.297,101.086,1.213,750.6861904,0.924437538
9/26/2020 15:00,2020,9,26,9/26/2020,16,18.455,101.383,1.211,750.6457668,0.924387758
9/26/2020 16:00,2020,9,26,9/26/2020,17,21.692,101.999,1.218,750.605334,0.924337967
9/26/2020 17:00,2020,9,26,9/26/2020,18,22.007,100.679,1.219,750.5648922,0.924288164
9/26/2020 18:00,2020,9,26,9/26/2020,19,24.218,100.59,1.285,750.5244414,0.924238351
9/26/2020 19:00,2020,9,26,9/26/2020,20,25.419,102.385,1.33,683.5968164,0.841819879
9/26/2020 20:00,2020,9,26,9/26/2020,21,28.337,100.359,1.417,616.6691824,0.759401395
9/26/2020 21:00,2020,9,26,9/26/2020,22,26.874,99.333,1.385,616.6287046,0.759351549
9/26/2020 22:00,2020,9,26,9/26/2020,23,27.591,100.911,1.402,616.5882178,0.759301691
9/26/2020 23:00,2020,9,26,9/26/2020,24,25.517,101.544,1.334,575.9376575,0.709242286
9/27/2020 0:00,2020,9,27,9/27/2020,1,25.164,100.646,1.321,535.2870884,0.659182871
9/27/2020 1:00,2020,9,27,9/27/2020,2,22.89,98.148,1.235,535.2465749,0.65913298
9/27/2020 2:00,2020,9,27,9/27/2020,3,20.902,101.953,1.216,535.2060525,0.659083078
9/27/2020 3:00,2020,9,27,9/27/2020,4,21.04,101.647,1.217,535.1655213,0.659033166
9/27/2020 4:00,2020,9,27,9/27/2020,5,19.63,99.991,1.214,535.1249812,0.658983243
9/27/2020 5:00,2020,9,27,9/27/2020,6,17.887,99.873,1.208,535.0844324,0.658933309
9/27/2020 6:00,2020,9,27,9/27/2020,7,16.687,100.062,1.184,535.0438747,0.658883364
9/27/2020 7:00,2020,9,27,9/27/2020,8,14.092,98.106,1.132,566.4885179,0.69760608
9/27/2020 8:00,2020,9,27,9/27/2020,9,14.396,103.174,1.138,642.4599629,0.791161625
9/27/2020 9:00,2020,9,27,9/27/2020,10,13.19,102.612,1.114,718.4313991,0.884717159
9/27/2020 10:00,2020,9,27,9/27/2020,11,14.608,100.366,1.142,749.8760162,0.923439843
9/27/2020 11:00,2020,9,27,9/27/2020,12,14.995,100.224,1.15,749.8354149,0.923389845
9/27/2020 12:00,2020,9,27,9/27/2020,13,16.459,101.317,1.179,749.794805,0.923339835
9/27/2020 13:00,2020,9,27,9/27/2020,14,17.601,100.46,1.202,749.7541864,0.923289815
9/27/2020 14:00,2020,9,27,9/27/2020,15,18.629,99.063,1.211,749.7135593,0.923239785
9/27/2020 15:00,2020,9,27,9/27/2020,16,19.845,101.934,1.214,749.6729235,0.923189743
9/27/2020 16:00,2020,9,27,9/27/2020,17,22.214,101.262,1.219,749.6322791,0.923139692
9/27/2020 17:00,2020,9,27,9/27/2020,18,22.712,98.882,1.228,749.5916262,0.923089629
9/27/2020 18:00,2020,9,27,9/27/2020,19,24.74,102.27,1.305,749.5509648,0.923039557
9/27/2020 19:00,2020,9,27,9/27/2020,20,26.363,102.794,1.366,682.6231296,0.840620826
9/27/2020 20:00,2020,9,27,9/27/2020,21,26.5,101.121,1.371,615.695286,0.758202084
9/27/2020 21:00,2020,9,27,9/27/2020,22,26.895,102.466,1.386,615.6545991,0.75815198
9/27/2020 22:00,2020,9,27,9/27/2020,23,27.397,99.532,1.398,615.6139037,0.758101865
9/27/2020 23:00,2020,9,27,9/27/2020,24,26.277,101.24,1.363,574.9631353,0.708042204
9/28/2020 0:00,2020,9,28,9/28/2020,1,24.51,100.704,1.296,534.3123585,0.657982533
9/28/2020 1:00,2020,9,28,9/28/2020,2,23.181,100.645,1.246,534.2716379,0.657932387
9/28/2020 2:00,2020,9,28,9/28/2020,3,21.703,100.569,1.218,534.2309089,0.657882231
9/28/2020 3:00,2020,9,28,9/28/2020,4,19.947,98.278,1.214,534.1901716,0.657832065
9/28/2020 4:00,2020,9,28,9/28/2020,5,18.973,101.182,1.212,534.1494259,0.657781889
9/28/2020 5:00,2020,9,28,9/28/2020,6,18.084,101.478,1.21,534.108672,0.657731702
9/28/2020 6:00,2020,9,28,9/28/2020,7,15.913,101.208,1.168,534.0679097,0.657681505
9/28/2020 7:00,2020,9,28,9/28/2020,8,14.377,100.01,1.138,565.5123488,0.69640397
9/28/2020 8:00,2020,9,28,9/28/2020,9,14.232,103.353,1.135,641.4835902,0.789959264
9/28/2020 9:00,2020,9,28,9/28/2020,10,12.186,101.448,1.094,717.4548233,0.883514548
9/28/2020 10:00,2020,9,28,9/28/2020,11,13.363,101.775,1.117,748.8992378,0.922236983
9/28/2020 11:00,2020,9,28,9/28/2020,12,13.976,102.721,1.13,748.8584344,0.922186735
9/28/2020 12:00,2020,9,28,9/28/2020,13,16.604,102.17,1.182,748.8176229,0.922136478
9/28/2020 13:00,2020,9,28,9/28/2020,14,15.063,102.695,1.151,748.7768033,0.92208621
9/28/2020 14:00,2020,9,28,9/28/2020,15,19.718,102.351,1.214,748.7359755,0.922035933
9/28/2020 15:00,2020,9,28,9/28/2020,16,20.83,101.997,1.216,748.6951396,0.921985645
9/28/2020 16:00,2020,9,28,9/28/2020,17,21.86,102.445,1.219,748.6542957,0.921935347
9/28/2020 17:00,2020,9,28,9/28/2020,18,23.895,102.185,1.273,748.6134437,0.92188504
9/28/2020 18:00,2020,9,28,9/28/2020,19,23.737,102.05,1.267,748.5725837,0.921834723
9/28/2020 19:00,2020,9,28,9/28/2020,20,25.445,101.973,1.331,681.6445505,0.839415748
9/28/2020 20:00,2020,9,28,9/28/2020,21,26.638,99.946,1.376,614.7165093,0.756996763
9/28/2020 21:00,2020,9,28,9/28/2020,22,26.222,99.613,1.361,614.6756253,0.756946416
9/28/2020 22:00,2020,9,28,9/28/2020,23,25.785,100.054,1.344,614.6347333,0.75689606
9/28/2020 23:00,2020,9,28,9/28/2020,24,25.708,100.944,1.341,573.9837689,0.706836157
9/29/2020 0:00,2020,9,29,9/29/2020,1,24.958,98.565,1.313,533.3327965,0.656776245
9/29/2020 1:00,2020,9,29,9/29/2020,2,24.817,100.857,1.308,533.2918809,0.656725859
9/29/2020 2:00,2020,9,29,9/29/2020,3,21.454,100.228,1.218,533.2509574,0.656675463
9/29/2020 3:00,2020,9,29,9/29/2020,4,20.054,99.153,1.215,533.210026,0.656625058
9/29/2020 4:00,2020,9,29,9/29/2020,5,18.077,100.264,1.21,533.1690868,0.656574643
9/29/2020 5:00,2020,9,29,9/29/2020,6,18.172,99.452,1.21,533.1281398,0.656524219
9/29/2020 6:00,2020,9,29,9/29/2020,7,16.23,99.271,1.175,533.087185,0.656473785
9/29/2020 7:00,2020,9,29,9/29/2020,8,13.976,97.617,1.13,564.5314321,0.695196014
9/29/2020 8:00,2020,9,29,9/29/2020,9,14.351,102.309,1.137,640.502482,0.788751072
9/29/2020 9:00,2020,9,29,9/29/2020,10,14.713,100.511,1.144,716.4735241,0.882306121
9/29/2020 10:00,2020,9,29,9/29/2020,11,15.24,103.986,1.155,747.917748,0.921028321
9/29/2020 11:00,2020,9,29,9/29/2020,12,14.907,102.658,1.148,747.8767547,0.920977839
9/29/2020 12:00,2020,9,29,9/29/2020,13,15.441,101.279,1.159,747.8357537,0.920927348
9/29/2020 13:00,2020,9,29,9/29/2020,14,17.426,104.47,1.199,747.794745,0.920876848
9/29/2020 14:00,2020,9,29,9/29/2020,15,17.656,100.368,1.203,747.7537288,0.920826338
9/29/2020 15:00,2020,9,29,9/29/2020,16,19.492,102.136,1.213,747.7127049,0.920775819
9/29/2020 16:00,2020,9,29,9/29/2020,17,22.083,102.6,1.219,747.6716735,0.920725291
9/29/2020 17:00,2020,9,29,9/29/2020,18,24.704,102.091,1.303,747.6306345,0.920674753
9/29/2020 18:00,2020,9,29,9/29/2020,19,24.389,101.077,1.291,747.589588,0.920624206
9/29/2020 19:00,2020,9,29,9/29/2020,20,26.276,100.29,1.363,680.6613689,0.838205002
9/29/2020 20:00,2020,9,29,9/29/2020,21,25.179,99.253,1.321,613.7331422,0.755785789
9/29/2020 21:00,2020,9,29,9/29/2020,22,26.762,100.554,1.381,613.6920733,0.755735215
9/29/2020 22:00,2020,9,29,9/29/2020,23,26.637,99.488,1.376,613.6509969,0.755684631
9/29/2020 23:00,2020,9,29,9/29/2020,24,25.589,99.374,1.337,572.9998485,0.705624502
9/30/2020 0:00,2020,9,30,9/30/2020,1,24.68,100.103,1.302,532.3486927,0.655564364
9/30/2020 1:00,2020,9,30,9/30/2020,2,22.879,98.613,1.234,532.3075942,0.655513753
9/30/2020 2:00,2020,9,30,9/30/2020,3,21.888,99.213,1.219,532.2664882,0.655463132
9/30/2020 3:00,2020,9,30,9/30/2020,4,20.973,100.52,1.217,532.2253749,0.655412503
9/30/2020 4:00,2020,9,30,9/30/2020,5,16.968,99.476,1.189,532.1842543,0.655361865
9/30/2020 5:00,2020,9,30,9/30/2020,6,16.565,99.691,1.181,532.1431264,0.655311218
9/30/2020 6:00,2020,9,30,9/30/2020,7,16.042,99.597,1.171,532.1019913,0.655260562
9/30/2020 7:00,2020,9,30,9/30/2020,8,13.791,99.543,1.126,563.5460585,0.693982569
9/30/2020 8:00,2020,9,30,9/30/2020,9,12.614,100.966,1.102,639.5169289,0.787537406
9/30/2020 9:00,2020,9,30,9/30/2020,10,14.121,100.38,1.132,715.4877922,0.881092235
9/30/2020 10:00,2020,9,30,9/30/2020,11,16.394,100.908,1.178,746.9318378,0.919814215
9/30/2020 11:00,2020,9,30,9/30/2020,12,14.082,98.675,1.132,746.8906666,0.919763515
9/30/2020 12:00,2020,9,30,9/30/2020,13,14.869,100.002,1.147,746.8494882,0.919712805
9/30/2020 13:00,2020,9,30,9/30/2020,14,16.432,100.295,1.179,746.8083027,0.919662087
9/30/2020 14:00,2020,9,30,9/30/2020,15,18.214,99.745,1.21,746.7671101,0.91961136
9/30/2020 15:00,2020,9,30,9/30/2020,16,20.971,100.418,1.217,746.7259105,0.919560624
9/30/2020 16:00,2020,9,30,9/30/2020,17,21.053,100.218,1.217,746.6847037,0.91950988
9/30/2020 17:00,2020,9,30,9/30/2020,18,24.8,98.093,1.307,746.64349,0.919459127
9/30/2020 18:00,2020,9,30,9/30/2020,19,24.709,99.695,1.303,746.6022692,0.919408366
9/30/2020 19:00,2020,9,30,9/30/2020,20,25.572,100.001,1.336,679.6738762,0.836988948
9/30/2020 20:00,2020,9,30,9/30/2020,21,27.161,100.823,1.393,612.7454763,0.754569521
9/30/2020 21:00,2020,9,30,9/30/2020,22,27.011,100.195,1.39,612.7042345,0.754518734
9/30/2020 22:00,2020,9,30,9/30/2020,23,26.657,99.093,1.377,612.6629859,0.754467938
9/30/2020 23:00,2020,9,30,9/30/2020,24,24.806,101.158,1.307,572.0116657,0.704407597
10/1/2020 0:00,2020,10,1,10/1/2020,1,21.26,99.283,1.217,521.501794,0.642206878
10/1/2020 1:00,2020,10,1,10/1/2020,2,20.671,100.114,1.216,521.4605246,0.642156056
10/1/2020 2:00,2020,10,1,10/1/2020,3,19.141,99.235,1.213,521.4192484,0.642105226
10/1/2020 3:00,2020,10,1,10/1/2020,4,16.172,100.705,1.173,521.3779654,0.642054388
10/1/2020 4:00,2020,10,1,10/1/2020,5,15.59,101.278,1.162,521.3366756,0.642003541
10/1/2020 5:00,2020,10,1,10/1/2020,6,14.36,100.203,1.137,521.295379,0.641952686
10/1/2020 6:00,2020,10,1,10/1/2020,7,15.137,99.18,1.153,521.2540757,0.641901823
10/1/2020 7:00,2020,10,1,10/1/2020,8,12.601,99.715,1.102,551.5167248,0.679168965
10/1/2020 8:00,2020,10,1,10/1/2020,9,11.991,100.799,1.09,624.6356374,0.76921174
10/1/2020 9:00,2020,10,1,10/1/2020,10,11.962,98.945,1.089,697.7545433,0.859254506
10/1/2020 10:00,2020,10,1,10/1/2020,11,11.462,99.937,1.08,728.0171724,0.896521624
10/1/2020 11:00,2020,10,1,10/1/2020,12,12.553,100.15,1.101,727.9758355,0.896470719
10/1/2020 12:00,2020,10,1,10/1/2020,13,12.389,100.969,1.098,727.934492,0.896419806
10/1/2020 13:00,2020,10,1,10/1/2020,14,14.711,100.057,1.144,727.8931419,0.896368885
10/1/2020 14:00,2020,10,1,10/1/2020,15,15.878,101.011,1.168,727.8517852,0.896317956
10/1/2020 15:00,2020,10,1,10/1/2020,16,16.388,99.948,1.178,727.8104219,0.896267019
10/1/2020 16:00,2020,10,1,10/1/2020,17,19.395,101.099,1.213,727.769052,0.896216074
10/1/2020 17:00,2020,10,1,10/1/2020,18,19.946,102.168,1.214,727.7276757,0.896165121
10/1/2020 18:00,2020,10,1,10/1/2020,19,20.479,102.111,1.216,727.6862928,0.89611416
10/1/2020 19:00,2020,10,1,10/1/2020,20,23.206,99.853,1.247,663.267186,0.816784819
10/1/2020 20:00,2020,10,1,10/1/2020,21,23.655,100.85,1.264,598.8480727,0.737455471
10/1/2020 21:00,2020,10,1,10/1/2020,22,22.86,99.566,1.234,598.8066704,0.737404486
10/1/2020 22:00,2020,10,1,10/1/2020,23,23.1,101.118,1.243,598.7652617,0.737353492
10/1/2020 23:00,2020,10,1,10/1/2020,24,22.775,99.981,1.23,559.6373753,0.689169195
10/2/2020 0:00,2020,10,2,10/2/2020,1,20.303,98.539,1.215,520.5094826,0.640984889
10/2/2020 1:00,2020,10,2,10/2/2020,2,19.766,98.182,1.214,520.4680547,0.640933872
10/2/2020 2:00,2020,10,2,10/2/2020,3,18.376,100.592,1.211,520.4266205,0.640882848
10/2/2020 3:00,2020,10,2,10/2/2020,4,16.824,100.672,1.186,520.38518,0.640831816
10/2/2020 4:00,2020,10,2,10/2/2020,5,16.478,100.023,1.18,520.3437332,0.640780776
10/2/2020 5:00,2020,10,2,10/2/2020,6,14.291,100.472,1.136,520.3022801,0.640729728
10/2/2020 6:00,2020,10,2,10/2/2020,7,14.212,100.933,1.134,520.2608208,0.640678673
10/2/2020 7:00,2020,10,2,10/2/2020,8,11.328,99.234,1.08,550.5233145,0.677945623
10/2/2020 8:00,2020,10,2,10/2/2020,9,11.064,101.663,1.08,623.6420722,0.767988207
10/2/2020 9:00,2020,10,2,10/2/2020,10,11.755,102.515,1.085,696.7608237,0.858030784
10/2/2020 10:00,2020,10,2,10/2/2020,11,12.076,104.412,1.092,727.0232988,0.895297711
10/2/2020 11:00,2020,10,2,10/2/2020,12,12.239,100.703,1.095,726.9818085,0.895246618
10/2/2020 12:00,2020,10,2,10/2/2020,13,13.376,103.227,1.118,726.9403121,0.895195517
10/2/2020 13:00,2020,10,2,10/2/2020,14,16.475,102.084,1.18,726.8988096,0.895144408
10/2/2020 14:00,2020,10,2,10/2/2020,15,16.439,101.792,1.179,726.857301,0.895093292
10/2/2020 15:00,2020,10,2,10/2/2020,16,17.684,103.776,1.204,726.8157864,0.895042169
10/2/2020 16:00,2020,10,2,10/2/2020,17,19.442,102.151,1.213,726.7742657,0.894991038
10/2/2020 17:00,2020,10,2,10/2/2020,18,20.096,100.562,1.215,726.732739,0.8949399
10/2/2020 18:00,2020,10,2,10/2/2020,19,20.647,101.315,1.216,726.6912063,0.894888754
10/2/2020 19:00,2020,10,2,10/2/2020,20,22.95,98.971,1.237,662.2719502,0.815559229
10/2/2020 20:00,2020,10,2,10/2/2020,21,23.496,100.222,1.258,597.8526881,0.736229698
10/2/2020 21:00,2020,10,2,10/2/2020,22,22.067,98.293,1.219,597.8111375,0.73617853
10/2/2020 22:00,2020,10,2,10/2/2020,23,22.102,100.063,1.219,597.769581,0.736127355
10/2/2020 23:00,2020,10,2,10/2/2020,24,21.858,100.622,1.219,558.6415474,0.687942876
10/3/2020 0:00,2020,10,3,10/3/2020,1,21.329,100.154,1.217,519.5135078,0.639758389
10/3/2020 1:00,2020,10,3,10/3/2020,2,20.134,98.997,1.215,519.4719338,0.639707193
10/3/2020 2:00,2020,10,3,10/3/2020,3,19.633,99.798,1.214,519.4303538,0.639655989
10/3/2020 3:00,2020,10,3,10/3/2020,4,17.556,98.992,1.201,519.3887681,0.639604778
10/3/2020 4:00,2020,10,3,10/3/2020,5,14.521,99.57,1.14,519.3471766,0.63955356
10/3/2020 5:00,2020,10,3,10/3/2020,6,14.627,101.152,1.143,519.3055793,0.639502334
10/3/2020 6:00,2020,10,3,10/3/2020,7,12.841,98.819,1.107,519.2639763,0.639451102
10/3/2020 7:00,2020,10,3,10/3/2020,8,11.609,99.49,1.082,549.5263269,0.676717876
10/3/2020 8:00,2020,10,3,10/3/2020,9,10.991,102.482,1.08,622.6449419,0.766760285
10/3/2020 9:00,2020,10,3,10/3/2020,10,9.886,103.141,1.08,695.7635512,0.856802686
10/3/2020 10:00,2020,10,3,10/3/2020,11,13.136,103.25,1.113,726.0258847,0.894069439
10/3/2020 11:00,2020,10,3,10/3/2020,12,13.7,101.514,1.124,725.9842534,0.894018172
10/3/2020 12:00,2020,10,3,10/3/2020,13,11.702,104.301,1.084,725.9426164,0.893966898
10/3/2020 13:00,2020,10,3,10/3/2020,14,13.399,102.749,1.118,725.9009738,0.893915617
10/3/2020 14:00,2020,10,3,10/3/2020,15,15.306,101.319,1.156,725.8593256,0.893864329
10/3/2020 15:00,2020,10,3,10/3/2020,16,16.948,102.075,1.189,725.8176719,0.893813034
10/3/2020 16:00,2020,10,3,10/3/2020,17,19.644,100.254,1.214,725.7760126,0.893761732
10/3/2020 17:00,2020,10,3,10/3/2020,18,19.928,102.131,1.214,725.7343479,0.893710424
10/3/2020 18:00,2020,10,3,10/3/2020,19,20.853,102.798,1.216,725.6926777,0.893659109
10/3/2020 19:00,2020,10,3,10/3/2020,20,22.927,100.594,1.236,661.2732846,0.814329416
10/3/2020 20:00,2020,10,3,10/3/2020,21,22.969,100.128,1.238,596.853886,0.734999716
10/3/2020 21:00,2020,10,3,10/3/2020,22,21.866,100.048,1.219,596.8121995,0.734948381
10/3/2020 22:00,2020,10,3,10/3/2020,23,23.007,100.104,1.239,596.7705075,0.734897039
10/3/2020 23:00,2020,10,3,10/3/2020,24,23.057,100.509,1.241,557.6423389,0.686712394
10/4/2020 0:00,2020,10,4,10/4/2020,1,22.015,101.487,1.219,518.5141649,0.638527742
10/4/2020 1:00,2020,10,4,10/4/2020,2,20.24,99.128,1.215,518.4724569,0.63847638
10/4/2020 2:00,2020,10,4,10/4/2020,3,19.507,99.573,1.213,518.4307436,0.638425012
10/4/2020 3:00,2020,10,4,10/4/2020,4,17.463,98.758,1.199,518.389025,0.638373637
10/4/2020 4:00,2020,10,4,10/4/2020,5,16.188,99.253,1.174,518.3473011,0.638322256
10/4/2020 5:00,2020,10,4,10/4/2020,6,14.759,99.684,1.145,518.305572,0.638270869
10/4/2020 6:00,2020,10,4,10/4/2020,7,15.199,99.429,1.154,518.2638376,0.638219475
10/4/2020 7:00,2020,10,4,10/4/2020,8,13.089,100.709,1.112,548.5260573,0.675486088
10/4/2020 8:00,2020,10,4,10/4/2020,9,11.854,99.805,1.087,621.644542,0.765528335
10/4/2020 9:00,2020,10,4,10/4/2020,10,11.339,101.613,1.08,694.7630216,0.855570577
10/4/2020 10:00,2020,10,4,10/4/2020,11,10.858,101.408,1.08,725.0252258,0.892837171
10/4/2020 11:00,2020,10,4,10/4/2020,12,12.679,102.036,1.104,724.9834656,0.892785745
10/4/2020 12:00,2020,10,4,10/4/2020,13,12.484,101.439,1.1,724.9417003,0.892734313
10/4/2020 13:00,2020,10,4,10/4/2020,14,14.891,101.143,1.148,724.89993,0.892682875
10/4/2020 14:00,2020,10,4,10/4/2020,15,15.93,100.3,1.169,724.8581546,0.89263143
10/4/2020 15:00,2020,10,4,10/4/2020,16,15.619,102.25,1.162,724.8163742,0.892579979
10/4/2020 16:00,2020,10,4,10/4/2020,17,18.68,102.193,1.212,724.7745887,0.892528522
10/4/2020 17:00,2020,10,4,10/4/2020,18,20.402,102.071,1.215,724.7327983,0.892477059
10/4/2020 18:00,2020,10,4,10/4/2020,19,22.483,101.269,1.22,724.6910029,0.89242559
10/4/2020 19:00,2020,10,4,10/4/2020,20,22.761,103.147,1.23,660.2714851,0.813095743
10/4/2020 20:00,2020,10,4,10/4/2020,21,23.179,99.828,1.246,595.8519625,0.733765891
10/4/2020 21:00,2020,10,4,10/4/2020,22,23.014,100.273,1.239,595.8101523,0.733714403
10/4/2020 22:00,2020,10,4,10/4/2020,23,24.219,100.43,1.285,595.7683372,0.73366291
10/4/2020 23:00,2020,10,4,10/4/2020,24,21.996,100.139,1.219,556.640046,0.685478113
10/5/2020 0:00,2020,10,5,10/5/2020,1,20.94,99.314,1.217,517.51175,0.637293311
10/5/2020 1:00,2020,10,5,10/5/2020,2,20.929,100.716,1.217,517.4699204,0.6372418
10/5/2020 2:00,2020,10,5,10/5/2020,3,19.99,99.174,1.214,517.428086,0.637190283
10/5/2020 3:00,2020,10,5,10/5/2020,4,16.233,99.84,1.175,517.3862469,0.63713876
10/5/2020 4:00,2020,10,5,10/5/2020,5,15.664,99.504,1.163,517.344403,0.637087231
10/5/2020 5:00,2020,10,5,10/5/2020,6,15.07,99.627,1.151,517.3025544,0.637035696
10/5/2020 6:00,2020,10,5,10/5/2020,7,13.752,100.858,1.125,517.260701,0.636984155
10/5/2020 7:00,2020,10,5,10/5/2020,8,11.968,98.628,1.089,547.5228022,0.674250622
10/5/2020 8:00,2020,10,5,10/5/2020,9,10.398,103.468,1.08,620.641169,0.764292725
10/5/2020 9:00,2020,10,5,10/5/2020,10,11.223,103.622,1.08,693.7595311,0.854334822
10/5/2020 10:00,2020,10,5,10/5/2020,11,12.367,101.851,1.097,724.0216184,0.891601272
10/5/2020 11:00,2020,10,5,10/5/2020,12,11.763,101.219,1.085,723.9797418,0.891549703
10/5/2020 12:00,2020,10,5,10/5/2020,13,14.421,102.198,1.138,723.9378607,0.891498128
10/5/2020 13:00,2020,10,5,10/5/2020,14,15.067,101.006,1.151,723.895975,0.891446547
10/5/2020 14:00,2020,10,5,10/5/2020,15,17.367,100.113,1.197,723.8540847,0.891394961
10/5/2020 15:00,2020,10,5,10/5/2020,16,18.561,101.678,1.211,723.81219,0.89134337
10/5/2020 16:00,2020,10,5,10/5/2020,17,19.286,103.977,1.213,723.7702907,0.891291773
10/5/2020 17:00,2020,10,5,10/5/2020,18,19.632,102.742,1.214,723.728387,0.89124017
10/5/2020 18:00,2020,10,5,10/5/2020,19,22.025,102.598,1.219,723.6864788,0.891188562
10/5/2020 19:00,2020,10,5,10/5/2020,20,22.051,100.899,1.219,659.2668487,0.811858577
10/5/2020 20:00,2020,10,5,10/5/2020,21,22.985,100.669,1.238,594.8472143,0.732528587
10/5/2020 21:00,2020,10,5,10/5/2020,22,22.811,100.301,1.232,594.8052929,0.732476962
10/5/2020 22:00,2020,10,5,10/5/2020,23,23.281,100.765,1.249,594.7633671,0.732425333
10/5/2020 23:00,2020,10,5,10/5/2020,24,22.406,100.05,1.22,555.6349657,0.684240401
10/6/2020 0:00,2020,10,6,10/6/2020,1,21.417,98.226,1.218,516.50656,0.636055463
10/6/2020 1:00,2020,10,6,10/6/2020,2,19.371,101.089,1.213,516.4646212,0.636003817
10/6/2020 2:00,2020,10,6,10/6/2020,3,18.62,101.107,1.211,516.4226782,0.635952166
10/6/2020 3:00,2020,10,6,10/6/2020,4,16.133,99.937,1.173,516.3807309,0.63590051
10/6/2020 4:00,2020,10,6,10/6/2020,5,16.044,99.677,1.171,516.3387794,0.635848849
10/6/2020 5:00,2020,10,6,10/6/2020,6,14.68,98.454,1.144,516.2968237,0.635797182
10/6/2020 6:00,2020,10,6,10/6/2020,7,13.65,100.805,1.123,516.2548638,0.63574551
10/6/2020 7:00,2020,10,6,10/6/2020,8,11.597,101.798,1.082,546.5168589,0.673011847
10/6/2020 8:00,2020,10,6,10/6/2020,9,11.008,101.625,1.08,619.6351201,0.763053819
10/6/2020 9:00,2020,10,6,10/6/2020,10,12.922,100.829,1.108,692.7533772,0.853095787
10/6/2020 10:00,2020,10,6,10/6/2020,11,13.289,101.459,1.116,723.01536,0.890362108
10/6/2020 11:00,2020,10,6,10/6/2020,12,10.283,104.102,1.08,722.9733794,0.890310411
10/6/2020 12:00,2020,10,6,10/6/2020,13,12.945,102.967,1.109,722.9313948,0.890258709
10/6/2020 13:00,2020,10,6,10/6/2020,14,14.022,101.37,1.13,722.8894061,0.890207002
10/6/2020 14:00,2020,10,6,10/6/2020,15,16.362,101.873,1.177,722.8474135,0.890155289
10/6/2020 15:00,2020,10,6,10/6/2020,16,18.047,104.764,1.21,722.8054168,0.890103572
10/6/2020 16:00,2020,10,6,10/6/2020,17,17.366,103.622,1.197,722.7634161,0.89005185
10/6/2020 17:00,2020,10,6,10/6/2020,18,20.186,102.159,1.215,722.7214115,0.890000123
10/6/2020 18:00,2020,10,6,10/6/2020,19,21.233,103.382,1.217,722.6794029,0.889948392
10/6/2020 19:00,2020,10,6,10/6/2020,20,21.645,101.749,1.218,658.2596731,0.810618284
10/6/2020 20:00,2020,10,6,10/6/2020,21,22.498,99.034,1.22,593.8399393,0.731288171
10/6/2020 21:00,2020,10,6,10/6/2020,22,22.604,100.173,1.224,593.7979191,0.731236425
10/6/2020 22:00,2020,10,6,10/6/2020,23,24.689,99.564,1.303,593.755895,0.731184674
10/6/2020 23:00,2020,10,6,10/6/2020,24,23.327,99.253,1.251,554.6273958,0.682999622
10/7/2020 0:00,2020,10,7,10/7/2020,1,22.089,100.953,1.219,515.4988928,0.634814565
10/7/2020 1:00,2020,10,7,10/7/2020,2,20.535,100.718,1.216,515.4568573,0.6347628
10/7/2020 2:00,2020,10,7,10/7/2020,3,19.785,98.238,1.214,515.4148181,0.63471103
10/7/2020 3:00,2020,10,7,10/7/2020,4,18.344,99.873,1.211,515.3727751,0.634659256
10/7/2020 4:00,2020,10,7,10/7/2020,5,14.189,99.607,1.134,515.3307284,0.634607478
10/7/2020 5:00,2020,10,7,10/7/2020,6,14.698,99.999,1.144,515.288678,0.634555694
10/7/2020 6:00,2020,10,7,10/7/2020,7,13.523,99.829,1.12,515.2466239,0.634503907
10/7/2020 7:00,2020,10,7,10/7/2020,8,12.854,100.824,1.107,545.5085255,0.671770128
10/7/2020 8:00,2020,10,7,10/7/2020,9,12.316,98.875,1.096,618.6266936,0.761811986
10/7/2020 9:00,2020,10,7,10/7/2020,10,11.993,100.651,1.09,691.7448581,0.851853839
10/7/2020 10:00,2020,10,7,10/7/2020,11,11.31,100.294,1.08,722.0067488,0.889120047
10/7/2020 11:00,2020,10,7,10/7/2020,12,11.506,99.144,1.08,721.9646767,0.889068237
10/7/2020 12:00,2020,10,7,10/7/2020,13,13.442,98.907,1.119,721.922601,0.889016423
10/7/2020 13:00,2020,10,7,10/7/2020,14,14.852,100.19,1.147,721.8805218,0.888964604
10/7/2020 14:00,2020,10,7,10/7/2020,15,16.123,98.809,1.172,721.8384391,0.888912781
10/7/2020 15:00,2020,10,7,10/7/2020,16,16.89,100.973,1.188,721.796353,0.888860954
10/7/2020 16:00,2020,10,7,10/7/2020,17,16.972,100.403,1.189,721.7542633,0.888809122
10/7/2020 17:00,2020,10,7,10/7/2020,18,20.608,97.903,1.216,721.7121703,0.888757287
10/7/2020 18:00,2020,10,7,10/7/2020,19,20.672,100.596,1.216,721.6700738,0.888705447
10/7/2020 19:00,2020,10,7,10/7/2020,20,22.636,99.737,1.225,657.2502565,0.809375231
10/7/2020 20:00,2020,10,7,10/7/2020,21,23.984,98.981,1.276,592.8304359,0.730045011
10/7/2020 21:00,2020,10,7,10/7/2020,22,22.906,100.739,1.235,592.7883293,0.729993159
10/7/2020 22:00,2020,10,7,10/7/2020,23,23.34,101.035,1.252,592.7462194,0.729941302
10/7/2020 23:00,2020,10,7,10/7/2020,24,21.984,98.925,1.219,553.6176349,0.681756145
10/8/2020 0:00,2020,10,8,10/8/2020,1,21.465,99.191,1.218,514.4890471,0.633570983
10/8/2020 1:00,2020,10,8,10/8/2020,2,19.956,101.316,1.214,514.4469273,0.633519115
10/8/2020 2:00,2020,10,8,10/8/2020,3,20.104,99.16,1.215,514.4048043,0.633467242
10/8/2020 3:00,2020,10,8,10/8/2020,4,18.663,98.281,1.211,514.3626781,0.633415365
10/8/2020 4:00,2020,10,8,10/8/2020,5,16.268,100.378,1.175,514.3205487,0.633363485
10/8/2020 5:00,2020,10,8,10/8/2020,6,13.63,100.539,1.123,514.278416,0.6333116
10/8/2020 6:00,2020,10,8,10/8/2020,7,13.55,100.249,1.121,514.2362803,0.633259712
10/8/2020 7:00,2020,10,8,10/8/2020,8,12.895,99.436,1.108,544.4981007,0.670525833
10/8/2020 8:00,2020,10,8,10/8/2020,9,11.562,99.526,1.081,617.6161881,0.760567592
10/8/2020 9:00,2020,10,8,10/8/2020,10,10.654,98.922,1.08,690.7342725,0.850609347
10/8/2020 10:00,2020,10,8,10/8/2020,11,10.901,98.59,1.08,720.9960836,0.887875457
10/8/2020 11:00,2020,10,8,10/8/2020,12,11.595,101.759,1.082,720.9539324,0.887823549
10/8/2020 12:00,2020,10,8,10/8/2020,13,12.895,98.516,1.108,720.9117782,0.887771638
10/8/2020 13:00,2020,10,8,10/8/2020,14,13.929,100.049,1.129,720.8696209,0.887719724
10/8/2020 14:00,2020,10,8,10/8/2020,15,16.596,100.313,1.182,720.8274607,0.887667805
10/8/2020 15:00,2020,10,8,10/8/2020,16,17.276,98.011,1.196,720.7852975,0.887615883
10/8/2020 16:00,2020,10,8,10/8/2020,17,18.765,99.128,1.212,720.7431314,0.887563957
10/8/2020 17:00,2020,10,8,10/8/2020,18,20.36,100.716,1.215,720.7009624,0.887512028
10/8/2020 18:00,2020,10,8,10/8/2020,19,21.971,100.274,1.219,720.6587905,0.887460095
10/8/2020 19:00,2020,10,8,10/8/2020,20,23.46,100.374,1.256,656.2388983,0.808129787
10/8/2020 20:00,2020,10,8,10/8/2020,21,22.329,100.157,1.22,591.8190032,0.728799476
10/8/2020 21:00,2020,10,8,10/8/2020,22,22.55,100.045,1.222,591.7768228,0.728747532
10/8/2020 22:00,2020,10,8,10/8/2020,23,23.229,97.243,1.248,591.7346395,0.728695586
10/8/2020 23:00,2020,10,8,10/8/2020,24,23.303,100.671,1.25,552.6059821,0.680510338
10/9/2020 0:00,2020,10,9,10/9/2020,1,20.73,101.012,1.216,513.477322,0.632325088
10/9/2020 1:00,2020,10,9,10/9/2020,2,21.481,101.348,1.218,513.4351304,0.632273131
10/9/2020 2:00,2020,10,9,10/9/2020,3,17.91,98.509,1.208,513.3929361,0.63222117
10/9/2020 3:00,2020,10,9,10/9/2020,4,17.971,102.502,1.209,513.3507392,0.632169206
10/9/2020 4:00,2020,10,9,10/9/2020,5,15.898,98.438,1.168,513.3085395,0.632117239
10/9/2020 5:00,2020,10,9,10/9/2020,6,13.36,99.839,1.117,513.2663372,0.632065269
10/9/2020 6:00,2020,10,9,10/9/2020,7,13.252,101.789,1.115,513.2241322,0.632013296
10/9/2020 7:00,2020,10,9,10/9/2020,8,11.984,99.158,1.09,543.4858839,0.669279332
10/9/2020 8:00,2020,10,9,10/9/2020,9,10.708,102.773,1.08,616.6039032,0.759321007
10/9/2020 9:00,2020,10,9,10/9/2020,10,11.361,101.694,1.08,689.7219199,0.849362678
10/9/2020 10:00,2020,10,9,10/9/2020,11,12.037,101.585,1.091,719.9836639,0.886628706
10/9/2020 11:00,2020,10,9,10/9/2020,12,12.865,103.344,1.107,719.9414461,0.886576716
10/9/2020 12:00,2020,10,9,10/9/2020,13,12.628,101.552,1.103,719.8992258,0.886524724
10/9/2020 13:00,2020,10,9,10/9/2020,14,13.388,101.583,1.118,719.857003,0.886472728
10/9/2020 14:00,2020,10,9,10/9/2020,15,16.746,103.162,1.185,719.8147778,0.88642073
10/9/2020 15:00,2020,10,9,10/9/2020,16,18.002,103.833,1.21,719.7725501,0.886368728
10/9/2020 16:00,2020,10,9,10/9/2020,17,19.576,102.057,1.214,719.73032,0.886316724
10/9/2020 17:00,2020,10,9,10/9/2020,18,20.571,101.711,1.216,719.6880875,0.886264716
10/9/2020 18:00,2020,10,9,10/9/2020,19,20.363,101.201,1.215,719.6458526,0.886212706
10/9/2020 19:00,2020,10,9,10/9/2020,20,23.194,100.316,1.246,655.225898,0.806882321
10/9/2020 20:00,2020,10,9,10/9/2020,21,24.145,102.397,1.282,590.805941,0.727551934
10/9/2020 21:00,2020,10,9,10/9/2020,22,22.455,99.922,1.22,590.7636992,0.727499915
10/9/2020 22:00,2020,10,9,10/9/2020,23,24.646,98.788,1.301,590.721455,0.727447893
10/9/2020 23:00,2020,10,9,10/9/2020,24,22.393,101.239,1.22,551.5927373,0.679262571
10/10/2020 0:00,2020,10,10,10/10/2020,1,21.655,99.596,1.218,512.4640174,0.631077247
10/10/2020 1:00,2020,10,10,10/10/2020,2,19.72,101.477,1.214,512.4217665,0.631025217
10/10/2020 2:00,2020,10,10,10/10/2020,3,19.173,99.982,1.213,512.3795135,0.630973184
10/10/2020 3:00,2020,10,10,10/10/2020,4,16.878,99.796,1.188,512.3372582,0.630921149
10/10/2020 4:00,2020,10,10,10/10/2020,5,15.71,100.418,1.164,512.2950008,0.63086911
10/10/2020 5:00,2020,10,10,10/10/2020,6,14.701,97.839,1.144,512.2527413,0.63081707
10/10/2020 6:00,2020,10,10,10/10/2020,7,13.007,99.277,1.11,512.2104796,0.630765026
10/10/2020 7:00,2020,10,10,10/10/2020,8,12.366,100.197,1.097,542.4721751,0.668030994
10/10/2020 8:00,2020,10,10,10/10/2020,9,11.778,100.869,1.086,615.5901388,0.7580726
10/10/2020 9:00,2020,10,10,10/10/2020,10,12.545,101.92,1.101,688.7081004,0.848114204
10/10/2020 10:00,2020,10,10,10/10/2020,11,10.485,102.899,1.08,718.9697898,0.885380164
10/10/2020 11:00,2020,10,10,10/10/2020,12,10.669,101.617,1.08,718.9275179,0.885328108
10/10/2020 12:00,2020,10,10,10/10/2020,13,11.997,102.191,1.09,718.885244,0.885276049
10/10/2020 13:00,2020,10,10,10/10/2020,14,14.527,100.892,1.141,718.8429682,0.885223988
10/10/2020 14:00,2020,10,10,10/10/2020,15,15.952,103.066,1.169,718.8006904,0.885171925
10/10/2020 15:00,2020,10,10,10/10/2020,16,17.909,101.496,1.208,718.7584107,0.88511986
10/10/2020 16:00,2020,10,10,10/10/2020,17,19.092,102.516,1.212,718.7161292,0.885067792
10/10/2020 17:00,2020,10,10,10/10/2020,18,19.329,103.105,1.213,718.6738457,0.885015721
10/10/2020 18:00,2020,10,10,10/10/2020,19,21.139,103.262,1.217,718.6315604,0.884963649
10/10/2020 19:00,2020,10,10,10/10/2020,20,22.328,102.423,1.22,654.2115559,0.805633203
10/10/2020 20:00,2020,10,10,10/10/2020,21,23.435,99.299,1.255,589.7915495,0.726302754
10/10/2020 21:00,2020,10,10,10/10/2020,22,22.974,99.744,1.238,589.7492588,0.726250675
10/10/2020 22:00,2020,10,10,10/10/2020,23,23.533,99.957,1.259,589.7069663,0.726198594
10/10/2020 23:00,2020,10,10,10/10/2020,24,21.668,100.728,1.218,550.5782008,0.678013213
10/11/2020 0:00,2020,10,11,10/11/2020,1,21.183,100.987,1.217,511.4494335,0.629827831
10/11/2020 1:00,2020,10,11,10/11/2020,2,21.15,99.926,1.217,511.4071359,0.629775743
10/11/2020 2:00,2020,10,11,10/11/2020,3,17.983,99.272,1.21,511.3648365,0.629723653
10/11/2020 3:00,2020,10,11,10/11/2020,4,17.943,98.852,1.209,511.3225356,0.629671562
10/11/2020 4:00,2020,10,11,10/11/2020,5,15.563,100.494,1.161,511.2802329,0.629619468
10/11/2020 5:00,2020,10,11,10/11/2020,6,14.702,99.082,1.144,511.2379287,0.629567372
10/11/2020 6:00,2020,10,11,10/11/2020,7,13.85,98.948,1.127,511.1956229,0.629515274
10/11/2020 7:00,2020,10,11,10/11/2020,8,12.764,100.26,1.105,541.4572748,0.666781188
10/11/2020 8:00,2020,10,11,10/11/2020,9,11.766,101.46,1.085,614.5751953,0.756822741
10/11/2020 9:00,2020,10,11,10/11/2020,10,11.375,100.747,1.08,687.6931143,0.846864292
10/11/2020 10:00,2020,10,11,10/11/2020,11,12.049,100.775,1.091,717.9547616,0.8841302
10/11/2020 11:00,2020,10,11,10/11/2020,12,12.215,100.361,1.094,717.9124481,0.884078093
10/11/2020 12:00,2020,10,11,10/11/2020,13,12.84,102.527,1.107,717.8701332,0.884025984
10/11/2020 13:00,2020,10,11,10/11/2020,14,14.849,102.496,1.147,717.8278169,0.883973874
10/11/2020 14:00,2020,10,11,10/11/2020,15,17.023,103.112,1.19,717.7854991,0.883921761
10/11/2020 15:00,2020,10,11,10/11/2020,16,17.169,103.298,1.193,717.74318,0.883869647
10/11/2020 16:00,2020,10,11,10/11/2020,17,17.821,102.246,1.206,717.7008594,0.883817531
10/11/2020 17:00,2020,10,11,10/11/2020,18,19.258,101.573,1.213,717.6585375,0.883765413
10/11/2020 18:00,2020,10,11,10/11/2020,19,22.214,102.763,1.219,717.6162143,0.883713294
10/11/2020 19:00,2020,10,11,10/11/2020,20,22.123,101.222,1.219,653.1961724,0.804382802
10/11/2020 20:00,2020,10,11,10/11/2020,21,22.197,99.265,1.219,588.7761292,0.725052308
10/11/2020 21:00,2020,10,11,10/11/2020,22,23.713,99.781,1.266,588.7338021,0.725000184
10/11/2020 22:00,2020,10,11,10/11/2020,23,23.455,101.18,1.256,588.6914738,0.724948059
10/11/2020 23:00,2020,10,11,10/11/2020,24,22.243,100.447,1.219,549.562673,0.676762635
10/12/2020 0:00,2020,10,12,10/12/2020,1,21.329,100.961,1.217,510.433871,0.62857721
10/12/2020 1:00,2020,10,12,10/12/2020,2,20.831,99.367,1.216,510.3915391,0.62852508
10/12/2020 2:00,2020,10,12,10/12/2020,3,19.078,100.238,1.212,510.3492061,0.628472948
10/12/2020 3:00,2020,10,12,10/12/2020,4,17.734,97.885,1.205,510.3068719,0.628420816
10/12/2020 4:00,2020,10,12,10/12/2020,5,15.503,100.633,1.16,510.2645366,0.628368682
10/12/2020 5:00,2020,10,12,10/12/2020,6,14.726,100.76,1.145,510.2222002,0.628316546
10/12/2020 6:00,2020,10,12,10/12/2020,7,13.298,100.195,1.116,510.1798627,0.628264409
10/12/2020 7:00,2020,10,12,10/12/2020,8,12.886,100.294,1.108,540.4414835,0.665530285
10/12/2020 8:00,2020,10,12,10/12/2020,9,12.271,100.557,1.095,613.5593734,0.7555718
10/12/2020 9:00,2020,10,12,10/12/2020,10,10.525,102.111,1.08,686.6772623,0.845613315
10/12/2020 10:00,2020,10,12,10/12/2020,11,12.649,102.53,1.103,716.9388801,0.882879186
10/12/2020 11:00,2020,10,12,10/12/2020,12,11.651,103.89,1.083,716.8965376,0.882827043
10/12/2020 12:00,2020,10,12,10/12/2020,13,13.374,102.189,1.117,716.8541942,0.882774899
10/12/2020 13:00,2020,10,12,10/12/2020,14,14.375,103.072,1.137,716.8118499,0.882722754
10/12/2020 14:00,2020,10,12,10/12/2020,15,15.723,101.994,1.164,716.7695047,0.882670608
10/12/2020 15:00,2020,10,12,10/12/2020,16,17.534,101.495,1.201,716.7271586,0.882618461
10/12/2020 16:00,2020,10,12,10/12/2020,17,19.435,100.254,1.213,716.6848117,0.882566312
10/12/2020 17:00,2020,10,12,10/12/2020,18,19.981,101.757,1.214,716.6424639,0.882514163
10/12/2020 18:00,2020,10,12,10/12/2020,19,20.508,101.427,1.216,716.6001153,0.882462012
10/12/2020 19:00,2020,10,12,10/12/2020,20,23.094,101.812,1.242,652.1800486,0.80313149
10/12/2020 20:00,2020,10,12,10/12/2020,21,22.96,100.145,1.237,587.759981,0.723800966
10/12/2020 21:00,2020,10,12,10/12/2020,22,21.874,101.179,1.219,587.7176302,0.723748813
10/12/2020 22:00,2020,10,12,10/12/2020,23,24.353,100.047,1.29,587.6752786,0.723696658
10/12/2020 23:00,2020,10,12,10/12/2020,24,21.207,99.62,1.217,548.546455,0.675511207
10/13/2020 0:00,2020,10,13,10/13/2020,1,20.321,100.362,1.215,509.4176308,0.627325754
10/13/2020 1:00,2020,10,13,10/13/2020,2,20.65,99.285,1.216,509.3752772,0.627273597
10/13/2020 2:00,2020,10,13,10/13/2020,3,19,99.762,1.212,509.332923,0.62722144
10/13/2020 3:00,2020,10,13,10/13/2020,4,17.607,98.72,1.202,509.2905681,0.627169282
10/13/2020 4:00,2020,10,13,10/13/2020,5,17.707,100.698,1.204,509.2482127,0.627117123
10/13/2020 5:00,2020,10,13,10/13/2020,6,14.658,99.55,1.143,509.2058567,0.627064963
10/13/2020 6:00,2020,10,13,10/13/2020,7,13.635,100.02,1.123,509.1635001,0.627012803
10/13/2020 7:00,2020,10,13,10/13/2020,8,12.388,101.01,1.098,539.4251023,0.664278656
10/13/2020 8:00,2020,10,13,10/13/2020,9,11.37,102.143,1.08,612.5429742,0.754320149
10/13/2020 9:00,2020,10,13,10/13/2020,10,11.958,99.97,1.089,685.6608456,0.844361641
10/13/2020 10:00,2020,10,13,10/13/2020,11,12.132,101.818,1.093,715.9224464,0.881627492
10/13/2020 11:00,2020,10,13,10/13/2020,12,12.406,103.625,1.098,715.8800874,0.881575329
10/13/2020 12:00,2020,10,13,10/13/2020,13,13.086,102.311,1.112,715.8377281,0.881523165
10/13/2020 13:00,2020,10,13,10/13/2020,14,14.532,102.619,1.141,715.7953683,0.881471001
10/13/2020 14:00,2020,10,13,10/13/2020,15,16.478,100.664,1.18,715.7530082,0.881418837
10/13/2020 15:00,2020,10,13,10/13/2020,16,17.525,101.967,1.2,715.7106477,0.881366671
10/13/2020 16:00,2020,10,13,10/13/2020,17,17.868,101.704,1.207,715.6682869,0.881314506
10/13/2020 17:00,2020,10,13,10/13/2020,18,20.297,101.158,1.215,715.6259258,0.88126234
10/13/2020 18:00,2020,10,13,10/13/2020,19,20.172,101.512,1.215,715.5835645,0.881210174
10/13/2020 19:00,2020,10,13,10/13/2020,20,23.305,101.637,1.25,651.1634854,0.801879636
10/13/2020 20:00,2020,10,13,10/13/2020,21,22.172,98.816,1.219,586.7434061,0.722549098
10/13/2020 21:00,2020,10,13,10/13/2020,22,22.587,99.898,1.223,586.701044,0.722496931
10/13/2020 22:00,2020,10,13,10/13/2020,23,22.728,100.58,1.229,586.6586817,0.722444763
10/13/2020 23:00,2020,10,13,10/13/2020,24,23.358,98.166,1.252,547.5298479,0.674259299
10/14/2020 0:00,2020,10,14,10/14/2020,1,20.387,97.551,1.215,508.401014,0.626073834
10/14/2020 1:00,2020,10,14,10/14/2020,2,20.786,100.879,1.216,508.3586513,0.626021666
10/14/2020 2:00,2020,10,14,10/14/2020,3,18.937,100.153,1.212,508.3162884,0.625969498
10/14/2020 3:00,2020,10,14,10/14/2020,4,15.773,99.987,1.165,508.2739254,0.62591733
10/14/2020 4:00,2020,10,14,10/14/2020,5,14.809,100.144,1.146,508.2315624,0.625865162
10/14/2020 5:00,2020,10,14,10/14/2020,6,14.575,99.64,1.142,508.1891994,0.625812994
10/14/2020 6:00,2020,10,14,10/14/2020,7,13.665,100.977,1.123,508.1468363,0.625760825
10/14/2020 7:00,2020,10,14,10/14/2020,8,13.604,99.324,1.122,538.4084325,0.663026671
10/14/2020 8:00,2020,10,14,10/14/2020,9,11.54,100.778,1.081,611.5262989,0.753068157
10/14/2020 9:00,2020,10,14,10/14/2020,10,11.92,100.891,1.088,684.6441653,0.843109644
10/14/2020 10:00,2020,10,14,10/14/2020,11,10.778,98.214,1.08,714.9057616,0.880375489
10/14/2020 11:00,2020,10,14,10/14/2020,12,12.618,99.385,1.102,714.8633987,0.880323321
10/14/2020 12:00,2020,10,14,10/14/2020,13,14.684,99.223,1.144,714.821036,0.880271153
10/14/2020 13:00,2020,10,14,10/14/2020,14,13.391,100.611,1.118,714.7786734,0.880218985
10/14/2020 14:00,2020,10,14,10/14/2020,15,15.925,99.008,1.168,714.7363109,0.880166818
10/14/2020 15:00,2020,10,14,10/14/2020,16,17.388,100.821,1.198,714.6939486,0.88011465
10/14/2020 16:00,2020,10,14,10/14/2020,17,18.532,99.783,1.211,714.6515865,0.880062483
10/14/2020 17:00,2020,10,14,10/14/2020,18,19.992,99.114,1.214,714.6092246,0.880010317
10/14/2020 18:00,2020,10,14,10/14/2020,19,22.359,100.615,1.22,714.566863,0.87995815
10/14/2020 19:00,2020,10,14,10/14/2020,20,21.812,101.302,1.218,650.1467842,0.800627612
10/14/2020 20:00,2020,10,14,10/14/2020,21,23.423,98.971,1.255,585.7267056,0.721297075
10/14/2020 21:00,2020,10,14,10/14/2020,22,22.84,99.139,1.233,585.6843448,0.72124491
10/14/2020 22:00,2020,10,14,10/14/2020,23,23.203,99.94,1.247,585.6419844,0.721192745
10/14/2020 23:00,2020,10,14,10/14/2020,24,21.4,99.395,1.218,546.513153,0.673007283
10/15/2020 0:00,2020,10,15,10/15/2020,1,21.713,100.888,1.218,507.3843219,0.624821822
10/15/2020 1:00,2020,10,15,10/15/2020,2,20.903,98.932,1.216,507.3419626,0.624769658
10/15/2020 2:00,2020,10,15,10/15/2020,3,18.921,101.251,1.212,507.2996036,0.624717495
10/15/2020 3:00,2020,10,15,10/15/2020,4,17.877,99.333,1.208,507.2572451,0.624665332
10/15/2020 4:00,2020,10,15,10/15/2020,5,14.973,101.08,1.149,507.2148871,0.62461317
10/15/2020 5:00,2020,10,15,10/15/2020,6,13.406,102.024,1.118,507.1725295,0.624561009
10/15/2020 6:00,2020,10,15,10/15/2020,7,13.988,100.552,1.13,507.1301724,0.624508848
10/15/2020 7:00,2020,10,15,10/15/2020,8,12.975,100.633,1.11,537.3917752,0.661774701
10/15/2020 8:00,2020,10,15,10/15/2020,9,11.507,100.607,1.08,610.5096486,0.751816196
10/15/2020 9:00,2020,10,15,10/15/2020,10,10.751,98.738,1.08,683.6275226,0.841857692
10/15/2020 10:00,2020,10,15,10/15/2020,11,11.476,99.461,1.08,713.889127,0.879123548
10/15/2020 11:00,2020,10,15,10/15/2020,12,11.973,100.498,1.089,713.8467728,0.87907139
10/15/2020 12:00,2020,10,15,10/15/2020,13,13.815,100.136,1.126,713.8044192,0.879019234
10/15/2020 13:00,2020,10,15,10/15/2020,14,14.354,99.723,1.137,713.7620663,0.878967078
10/15/2020 14:00,2020,10,15,10/15/2020,15,15.454,100.28,1.159,713.719714,0.878914923
10/15/2020 15:00,2020,10,15,10/15/2020,16,17.346,99.47,1.197,713.6773624,0.878862769
10/15/2020 16:00,2020,10,15,10/15/2020,17,18.758,100.725,1.212,713.6350115,0.878810615
10/15/2020 17:00,2020,10,15,10/15/2020,18,19.982,99.422,1.214,713.5926614,0.878758463
10/15/2020 18:00,2020,10,15,10/15/2020,19,21.343,101.106,1.217,713.5503121,0.878706312
10/15/2020 19:00,2020,10,15,10/15/2020,20,21.229,101.04,1.217,649.1302461,0.79937579
10/15/2020 20:00,2020,10,15,10/15/2020,21,23.942,98.614,1.274,584.7101809,0.720045269
10/15/2020 21:00,2020,10,15,10/15/2020,22,23.772,99.486,1.268,584.667834,0.719993121
10/15/2020 22:00,2020,10,15,10/15/2020,23,22.917,98.538,1.236,584.6254879,0.719940973
10/15/2020 23:00,2020,10,15,10/15/2020,24,23.167,100.429,1.245,545.4966714,0.67175553
10/16/2020 0:00,2020,10,16,10/16/2020,1,21.375,100.973,1.217,506.3678558,0.623570088
10/16/2020 1:00,2020,10,16,10/16/2020,2,21.279,98.838,1.217,506.3255124,0.623517944
10/16/2020 2:00,2020,10,16,10/16/2020,3,18.631,100.24,1.211,506.2831699,0.623465801
10/16/2020 3:00,2020,10,16,10/16/2020,4,18.077,101.221,1.21,506.2408284,0.623413659
10/16/2020 4:00,2020,10,16,10/16/2020,5,15.529,100.23,1.161,506.1984879,0.623361519
10/16/2020 5:00,2020,10,16,10/16/2020,6,15.923,100.485,1.168,506.1561484,0.623309379
10/16/2020 6:00,2020,10,16,10/16/2020,7,12.983,98.935,1.11,506.1138099,0.623257241
10/16/2020 7:00,2020,10,16,10/16/2020,8,12.63,99.835,1.103,536.3754317,0.660523118
10/16/2020 8:00,2020,10,16,10/16/2020,9,11.333,102.682,1.08,609.4933247,0.750564638
10/16/2020 9:00,2020,10,16,10/16/2020,10,11.544,101.99,1.081,682.6112189,0.840606158
10/16/2020 10:00,2020,10,16,10/16/2020,11,10.746,103.24,1.08,712.8728439,0.877872039
10/16/2020 11:00,2020,10,16,10/16/2020,12,12.625,100.797,1.103,712.8305109,0.877819908
10/16/2020 12:00,2020,10,16,10/16/2020,13,14.118,102.345,1.132,712.788179,0.877767778
10/16/2020 13:00,2020,10,16,10/16/2020,14,15.045,102.06,1.151,712.7458483,0.877715649
10/16/2020 14:00,2020,10,16,10/16/2020,15,16.126,100.558,1.173,712.7035187,0.877663522
10/16/2020 15:00,2020,10,16,10/16/2020,16,17.412,101.106,1.198,712.6611904,0.877611397
10/16/2020 16:00,2020,10,16,10/16/2020,17,19.613,102.063,1.214,712.6188634,0.877559273
10/16/2020 17:00,2020,10,16,10/16/2020,18,20.551,101.827,1.216,712.5765376,0.877507151
10/16/2020 18:00,2020,10,16,10/16/2020,19,21.433,101.732,1.218,712.5342131,0.87745503
10/16/2020 19:00,2020,10,16,10/16/2020,20,21.889,101.007,1.219,648.1141724,0.798124539
10/16/2020 20:00,2020,10,16,10/16/2020,21,22.938,102.83,1.237,583.6941332,0.71879405
10/16/2020 21:00,2020,10,16,10/16/2020,22,23.735,101.106,1.267,583.6518126,0.718741934
10/16/2020 22:00,2020,10,16,10/16/2020,23,22.322,99.651,1.22,583.6094935,0.71868982
10/16/2020 23:00,2020,10,16,10/16/2020,24,21.311,102.315,1.217,544.4807044,0.670504411
10/17/2020 0:00,2020,10,17,10/17/2020,1,22.468,101.55,1.22,505.3519168,0.622319003
10/17/2020 1:00,2020,10,17,10/17/2020,2,20.001,100.673,1.214,505.3096019,0.622266894
10/17/2020 2:00,2020,10,17,10/17/2020,3,18.689,99.355,1.212,505.2672884,0.622214787
10/17/2020 3:00,2020,10,17,10/17/2020,4,16.853,99.703,1.187,505.2249765,0.622162682
10/17/2020 4:00,2020,10,17,10/17/2020,5,16.185,100.703,1.174,505.182666,0.622110578
10/17/2020 5:00,2020,10,17,10/17/2020,6,15.155,99.948,1.153,505.1403571,0.622058476
10/17/2020 6:00,2020,10,17,10/17/2020,7,13.321,99.614,1.116,505.0980497,0.622006377
10/17/2020 7:00,2020,10,17,10/17/2020,8,13.129,100.241,1.113,535.3597031,0.659272293
10/17/2020 8:00,2020,10,17,10/17/2020,9,11.069,101.882,1.08,608.4776284,0.749313851
10/17/2020 9:00,2020,10,17,10/17/2020,10,12.014,102.956,1.09,681.5955552,0.839355412
10/17/2020 10:00,2020,10,17,10/17/2020,11,12.789,101.463,1.106,711.8572135,0.876621334
10/17/2020 11:00,2020,10,17,10/17/2020,12,13.706,102.332,1.124,711.8149141,0.876569244
10/17/2020 12:00,2020,10,17,10/17/2020,13,13.88,101.329,1.128,711.7726165,0.876517156
10/17/2020 13:00,2020,10,17,10/17/2020,14,15.266,102.79,1.155,711.7303205,0.876465071
10/17/2020 14:00,2020,10,17,10/17/2020,15,16.079,101.148,1.172,711.6880263,0.876412987
10/17/2020 15:00,2020,10,17,10/17/2020,16,16.305,103.56,1.176,711.6457338,0.876360906
10/17/2020 16:00,2020,10,17,10/17/2020,17,19.204,101.883,1.213,711.6034431,0.876308827
10/17/2020 17:00,2020,10,17,10/17/2020,18,20.874,102.45,1.216,711.5611541,0.87625675
10/17/2020 18:00,2020,10,17,10/17/2020,19,21.407,102.319,1.218,711.518867,0.876204675
10/17/2020 19:00,2020,10,17,10/17/2020,20,22.201,102.505,1.219,647.0988643,0.796874231
10/17/2020 20:00,2020,10,17,10/17/2020,21,23.318,100.046,1.251,582.6788634,0.71754379
10/17/2020 21:00,2020,10,17,10/17/2020,22,23.987,100.162,1.276,582.6365818,0.717491722
10/17/2020 22:00,2020,10,17,10/17/2020,23,21.459,99.043,1.218,582.5943022,0.717439656
10/17/2020 23:00,2020,10,17,10/17/2020,24,22.334,99.9,1.22,543.4655531,0.669254296
10/18/2020 0:00,2020,10,18,10/18/2020,1,22.28,98.497,1.22,504.336806,0.621068938
10/18/2020 1:00,2020,10,18,10/18/2020,2,18.926,98.727,1.212,504.2945321,0.62101688
10/18/2020 2:00,2020,10,18,10/18/2020,3,18.869,99.824,1.212,504.2522602,0.620964824
10/18/2020 3:00,2020,10,18,10/18/2020,4,17.175,100.497,1.193,504.2099904,0.62091277
10/18/2020 4:00,2020,10,18,10/18/2020,5,15.215,101.951,1.154,504.1677225,0.620860719
10/18/2020 5:00,2020,10,18,10/18/2020,6,14.541,98.885,1.141,504.1254567,0.620808671
10/18/2020 6:00,2020,10,18,10/18/2020,7,11.889,100.612,1.088,504.083193,0.620756625
10/18/2020 7:00,2020,10,18,10/18/2020,8,11.042,101.036,1.08,534.3448906,0.658022595
10/18/2020 8:00,2020,10,18,10/18/2020,9,10.621,100.416,1.08,607.4628605,0.748064209
10/18/2020 9:00,2020,10,18,10/18/2020,10,11.307,101.203,1.08,680.5808325,0.838105825
10/18/2020 10:00,2020,10,18,10/18/2020,11,11.504,101.873,1.08,710.8425365,0.875371803
10/18/2020 11:00,2020,10,18,10/18/2020,12,11.998,101.068,1.09,710.8002835,0.87531977
10/18/2020 12:00,2020,10,18,10/18/2020,13,13.378,102.109,1.118,710.7580326,0.87526774
10/18/2020 13:00,2020,10,18,10/18/2020,14,13.292,101.324,1.116,710.7157839,0.875215713
10/18/2020 14:00,2020,10,18,10/18/2020,15,15.634,102.277,1.163,710.6735375,0.875163688
10/18/2020 15:00,2020,10,18,10/18/2020,16,19.665,103.349,1.214,710.6312934,0.875111667
10/18/2020 16:00,2020,10,18,10/18/2020,17,19.705,101.975,1.214,710.5890515,0.875059648
10/18/2020 17:00,2020,10,18,10/18/2020,18,19.066,101.258,1.212,710.546812,0.875007631
10/18/2020 18:00,2020,10,18,10/18/2020,19,22.819,101.171,1.232,710.5045748,0.874955618
10/18/2020 19:00,2020,10,18,10/18/2020,20,21.889,100.676,1.219,646.0846225,0.795625236
10/18/2020 20:00,2020,10,18,10/18/2020,21,22.996,101.241,1.239,581.6646726,0.716294857
10/18/2020 21:00,2020,10,18,10/18/2020,22,23.966,100.773,1.275,581.6224425,0.716242853
10/18/2020 22:00,2020,10,18,10/18/2020,23,22.861,99.656,1.234,581.5802148,0.716190851
10/18/2020 23:00,2020,10,18,10/18/2020,24,22.275,99.76,1.22,542.4515183,0.668005556
10/19/2020 0:00,2020,10,19,10/19/2020,1,22.562,99.635,1.222,503.3228242,0.619820263
10/19/2020 1:00,2020,10,19,10/19/2020,2,20.923,99.915,1.216,503.2806039,0.619768271
10/19/2020 2:00,2020,10,19,10/19/2020,3,18.953,99.505,1.212,503.2383861,0.619716282
10/19/2020 3:00,2020,10,19,10/19/2020,4,15.97,98.785,1.169,503.1961708,0.619664295
10/19/2020 4:00,2020,10,19,10/19/2020,5,15.794,98.914,1.166,503.1539581,0.619612312
10/19/2020 5:00,2020,10,19,10/19/2020,6,14.723,99.34,1.144,503.1117479,0.619560332
10/19/2020 6:00,2020,10,19,10/19/2020,7,14.228,99.225,1.135,503.0695404,0.619508355
10/19/2020 7:00,2020,10,19,10/19/2020,8,12.317,101.817,1.096,533.3312947,0.656774395
10/19/2020 8:00,2020,10,19,10/19/2020,9,11.895,99.516,1.088,606.4493218,0.74681608
10/19/2020 9:00,2020,10,19,10/19/2020,10,10.647,100.293,1.08,679.5673516,0.836857767
10/19/2020 10:00,2020,10,19,10/19/2020,11,12.644,103.162,1.103,709.8291138,0.874123817
10/19/2020 11:00,2020,10,19,10/19/2020,12,12.53,102.304,1.101,709.7869196,0.874071857
10/19/2020 12:00,2020,10,19,10/19/2020,13,13.064,102.321,1.111,709.744728,0.8740199
10/19/2020 13:00,2020,10,19,10/19/2020,14,14.72,102.296,1.144,709.7025392,0.873967946
10/19/2020 14:00,2020,10,19,10/19/2020,15,15.853,102.238,1.167,709.6603531,0.873915996
10/19/2020 15:00,2020,10,19,10/19/2020,16,17.456,104.287,1.199,709.6181698,0.873864049
10/19/2020 16:00,2020,10,19,10/19/2020,17,18.484,100.587,1.211,709.5759894,0.873812105
10/19/2020 17:00,2020,10,19,10/19/2020,18,20.453,102.548,1.215,709.5338117,0.873760165
10/19/2020 18:00,2020,10,19,10/19/2020,19,22.343,101.741,1.22,709.4916369,0.873708229
10/19/2020 19:00,2020,10,19,10/19/2020,20,23.512,102.406,1.258,645.0717476,0.794377925
10/19/2020 20:00,2020,10,19,10/19/2020,21,23.178,98.359,1.246,580.6518611,0.715047624
10/19/2020 21:00,2020,10,19,10/19/2020,22,24.535,99.632,1.297,580.609695,0.714995698
10/19/2020 22:00,2020,10,19,10/19/2020,23,23.478,98.222,1.257,580.5675319,0.714943776
10/19/2020 23:00,2020,10,19,10/19/2020,24,21.912,99.422,1.219,541.4389004,0.666758561
10/20/2020 0:00,2020,10,20,10/20/2020,1,21.89,100.408,1.219,502.3102718,0.618573349
10/20/2020 1:00,2020,10,20,10/20/2020,2,20.706,99.829,1.216,502.2681176,0.618521438
10/20/2020 2:00,2020,10,20,10/20/2020,3,20.267,100.66,1.215,502.2259664,0.618469531
10/20/2020 3:00,2020,10,20,10/20/2020,4,18.727,98.979,1.212,502.1838183,0.618417627
10/20/2020 4:00,2020,10,20,10/20/2020,5,15.513,99.501,1.16,502.1416732,0.618365727
10/20/2020 5:00,2020,10,20,10/20/2020,6,13.209,99.632,1.114,502.0995312,0.618313831
10/20/2020 6:00,2020,10,20,10/20/2020,7,12.146,97.126,1.093,502.0573923,0.618261939
10/20/2020 7:00,2020,10,20,10/20/2020,8,12.41,99.952,1.098,532.3192158,0.655528064
10/20/2020 8:00,2020,10,20,10/20/2020,9,13.31,102.504,1.116,605.4373126,0.745569834
10/20/2020 9:00,2020,10,20,10/20/2020,10,11.512,102.325,1.08,678.5554127,0.835611608
10/20/2020 10:00,2020,10,20,10/20/2020,11,10.45,103.318,1.08,708.8172457,0.872877745
10/20/2020 11:00,2020,10,20,10/20/2020,12,12.597,103.346,1.102,708.7751227,0.872825873
10/20/2020 12:00,2020,10,20,10/20/2020,13,13.76,101.48,1.125,708.7330029,0.872774004
10/20/2020 13:00,2020,10,20,10/20/2020,14,13.989,102.768,1.13,708.6908864,0.872722139
10/20/2020 14:00,2020,10,20,10/20/2020,15,15.927,102.678,1.169,708.6487732,0.872670279
10/20/2020 15:00,2020,10,20,10/20/2020,16,17.485,101.109,1.2,708.6066633,0.872618422
10/20/2020 16:00,2020,10,20,10/20/2020,17,16.761,102.06,1.185,708.5645567,0.87256657
10/20/2020 17:00,2020,10,20,10/20/2020,18,20.676,101.104,1.216,708.5224535,0.872514721
10/20/2020 18:00,2020,10,20,10/20/2020,19,21.47,102.156,1.218,708.4803536,0.872462877
10/20/2020 19:00,2020,10,20,10/20/2020,20,22.636,102.8,1.225,644.0605397,0.793132666
10/20/2020 20:00,2020,10,20,10/20/2020,21,23.047,100.416,1.241,579.6407292,0.713802459
10/20/2020 21:00,2020,10,20,10/20/2020,22,22.639,100.337,1.225,579.5986396,0.713750627
10/20/2020 22:00,2020,10,20,10/20/2020,23,23.796,99.24,1.269,579.5565534,0.7136988
10/20/2020 23:00,2020,10,20,10/20/2020,24,22.533,99.748,1.221,540.4279995,0.66551368
10/21/2020 0:00,2020,10,21,10/21/2020,1,21.15,101.513,1.217,501.299449,0.617328565
10/21/2020 1:00,2020,10,21,10/21/2020,2,20.762,98.594,1.216,501.2573733,0.61727675
10/21/2020 2:00,2020,10,21,10/21/2020,3,18.731,99.427,1.212,501.2153012,0.61722494
10/21/2020 3:00,2020,10,21,10/21/2020,4,16.697,99.711,1.184,501.1732327,0.617173135
10/21/2020 4:00,2020,10,21,10/21/2020,5,15.819,100.35,1.166,501.1311677,0.617121333
10/21/2020 5:00,2020,10,21,10/21/2020,6,14.415,100,1.138,501.0891064,0.617069537
10/21/2020 6:00,2020,10,21,10/21/2020,7,13.483,99.172,1.12,501.0470486,0.617017744
10/21/2020 7:00,2020,10,21,10/21/2020,8,11.638,99.795,1.083,531.3089538,0.65428397
10/21/2020 8:00,2020,10,21,10/21/2020,9,11.697,101.335,1.084,604.4271329,0.744325842
10/21/2020 9:00,2020,10,21,10/21/2020,10,10.337,100.867,1.08,677.5453156,0.834367718
10/21/2020 10:00,2020,10,21,10/21/2020,11,11.973,101.227,1.089,707.8072319,0.871633957
10/21/2020 11:00,2020,10,21,10/21/2020,12,10.655,100.473,1.08,707.7651927,0.871582188
10/21/2020 12:00,2020,10,21,10/21/2020,13,13.13,99.537,1.113,707.7231572,0.871530423
10/21/2020 13:00,2020,10,21,10/21/2020,14,14.548,98.507,1.141,707.6811255,0.871478662
10/21/2020 14:00,2020,10,21,10/21/2020,15,14.908,99.576,1.148,707.6390976,0.871426907
10/21/2020 15:00,2020,10,21,10/21/2020,16,15.398,99.827,1.158,707.5970735,0.871375156
10/21/2020 16:00,2020,10,21,10/21/2020,17,19.876,100.81,1.214,707.5550533,0.87132341
10/21/2020 17:00,2020,10,21,10/21/2020,18,18.974,98.973,1.212,707.5130369,0.871271669
10/21/2020 18:00,2020,10,21,10/21/2020,19,20.558,100.648,1.216,707.4710245,0.871219932
10/21/2020 19:00,2020,10,21,10/21/2020,20,21.361,102.48,1.217,643.0512985,0.791889829
10/21/2020 20:00,2020,10,21,10/21/2020,21,24.265,99.647,1.287,578.6315765,0.712559731
10/21/2020 21:00,2020,10,21,10/21/2020,22,23.353,100.205,1.252,578.5895758,0.712508009
10/21/2020 22:00,2020,10,21,10/21/2020,23,23.889,99.291,1.272,578.5475791,0.712456292
10/21/2020 23:00,2020,10,21,10/21/2020,24,22.216,99.202,1.219,539.4191151,0.664271283
10/22/2020 0:00,2020,10,22,10/22/2020,1,20.678,98.622,1.216,500.2906552,0.616086279
10/22/2020 1:00,2020,10,22,10/22/2020,2,20.799,98.74,1.216,500.2486706,0.616034576
10/22/2020 2:00,2020,10,22,10/22/2020,3,19.055,101.719,1.212,500.20669,0.615982879
10/22/2020 3:00,2020,10,22,10/22/2020,4,17.054,99.868,1.191,500.1647135,0.615931187
10/22/2020 4:00,2020,10,22,10/22/2020,5,15.107,99.917,1.152,500.1227411,0.6158795
10/22/2020 5:00,2020,10,22,10/22/2020,6,14.779,99.963,1.146,500.0807729,0.615827818
10/22/2020 6:00,2020,10,22,10/22/2020,7,13.187,100.104,1.114,500.0388088,0.615776141
10/22/2020 7:00,2020,10,22,10/22/2020,8,12.584,100.774,1.102,530.3008082,0.653042482
10/22/2020 8:00,2020,10,22,10/22/2020,9,11.472,98.552,1.08,603.4190819,0.74308447
10/22/2020 9:00,2020,10,22,10/22/2020,10,11.201,98.73,1.08,676.5373598,0.833126464
10/22/2020 10:00,2020,10,22,10/22/2020,11,10.465,101.268,1.08,706.7993718,0.870392821
10/22/2020 11:00,2020,10,22,10/22/2020,12,10.935,100.879,1.08,706.7574288,0.87034117
10/22/2020 12:00,2020,10,22,10/22/2020,13,12.829,99.543,1.107,706.71549,0.870289524
10/22/2020 13:00,2020,10,22,10/22/2020,14,15.089,98.593,1.152,706.6735556,0.870237884
10/22/2020 14:00,2020,10,22,10/22/2020,15,15.788,99.17,1.166,706.6316255,0.870186249
10/22/2020 15:00,2020,10,22,10/22/2020,16,16.191,99.218,1.174,706.5896997,0.870134619
10/22/2020 16:00,2020,10,22,10/22/2020,17,20.906,101.381,1.216,706.5477783,0.870082994
10/22/2020 17:00,2020,10,22,10/22/2020,18,21.771,98.978,1.218,706.5058613,0.870031375
10/22/2020 18:00,2020,10,22,10/22/2020,19,21.413,101.45,1.218,706.4639486,0.869979762
10/22/2020 19:00,2020,10,22,10/22/2020,20,21.721,98.831,1.218,642.044323,0.790649782
10/22/2020 20:00,2020,10,22,10/22/2020,21,23.473,99.783,1.257,577.6247019,0.711319808
10/22/2020 21:00,2020,10,22,10/22/2020,22,24.231,99.881,1.285,577.5828026,0.711268211
10/22/2020 22:00,2020,10,22,10/22/2020,23,22.597,98.392,1.224,577.5409079,0.71121662
10/22/2020 23:00,2020,10,22,10/22/2020,24,22.944,102.007,1.237,538.4125463,0.663031737
10/23/2020 0:00,2020,10,23,10/23/2020,1,19.963,101.578,1.214,499.2841893,0.614846859
10/23/2020 1:00,2020,10,23,10/23/2020,2,19.497,100.258,1.213,499.2423082,0.614795285
10/23/2020 2:00,2020,10,23,10/23/2020,3,19.84,100.06,1.214,499.2004316,0.614743715
10/23/2020 3:00,2020,10,23,10/23/2020,4,16.897,98.786,1.188,499.1585596,0.614692152
10/23/2020 4:00,2020,10,23,10/23/2020,5,15.788,100.695,1.166,499.1166923,0.614640594
10/23/2020 5:00,2020,10,23,10/23/2020,6,14.018,100.542,1.13,499.0748296,0.614589042
10/23/2020 6:00,2020,10,23,10/23/2020,7,13.282,99.689,1.116,499.0329716,0.614537496
10/23/2020 7:00,2020,10,23,10/23/2020,8,13.289,100.2,1.116,529.2950775,0.651803969
10/23/2020 8:00,2020,10,23,10/23/2020,9,13.443,104.857,1.119,602.4134583,0.741846089
10/23/2020 9:00,2020,10,23,10/23/2020,10,9.278,103.165,1.08,675.5318439,0.831888214
10/23/2020 10:00,2020,10,23,10/23/2020,11,10.128,102.177,1.08,705.793964,0.869154705
10/23/2020 11:00,2020,10,23,10/23/2020,12,11.787,102.908,1.086,705.7521296,0.869103188
10/23/2020 12:00,2020,10,23,10/23/2020,13,13.788,102.062,1.126,705.7103,0.869051676
10/23/2020 13:00,2020,10,23,10/23/2020,14,13.729,101.266,1.125,705.6684753,0.869000171
10/23/2020 14:00,2020,10,23,10/23/2020,15,15.38,102.309,1.158,705.6266554,0.868948671
10/23/2020 15:00,2020,10,23,10/23/2020,16,17.042,104.123,1.191,705.5848403,0.868897178
10/23/2020 16:00,2020,10,23,10/23/2020,17,17.391,101.049,1.198,705.5430301,0.868845691
10/23/2020 17:00,2020,10,23,10/23/2020,18,19.685,102.856,1.214,705.5012249,0.868794209
10/23/2020 18:00,2020,10,23,10/23/2020,19,20.622,101.715,1.216,705.4594245,0.868742734
10/23/2020 19:00,2020,10,23,10/23/2020,20,22.65,103.084,1.226,641.0399117,0.789412893
10/23/2020 20:00,2020,10,23,10/23/2020,21,22.585,99.331,1.223,576.6204038,0.710083059
10/23/2020 21:00,2020,10,23,10/23/2020,22,23.279,99.392,1.249,576.5786184,0.710031602
10/23/2020 22:00,2020,10,23,10/23/2020,23,22.991,100.553,1.239,576.536838,0.709980151
10/23/2020 23:00,2020,10,23,10/23/2020,24,23.566,100.058,1.26,537.4085913,0.66179541
10/24/2020 0:00,2020,10,24,10/24/2020,1,21.822,100.536,1.218,498.2803497,0.613610674
10/24/2020 1:00,2020,10,24,10/24/2020,2,21.458,99.253,1.218,498.2385844,0.613559242
10/24/2020 2:00,2020,10,24,10/24/2020,3,20.767,100.336,1.216,498.1968242,0.613507816
10/24/2020 3:00,2020,10,24,10/24/2020,4,18.558,100,1.211,498.1550692,0.613456397
10/24/2020 4:00,2020,10,24,10/24/2020,5,14.943,100.695,1.149,498.1133193,0.613404984
10/24/2020 5:00,2020,10,24,10/24/2020,6,13.86,99.347,1.127,498.0715745,0.613353577
10/24/2020 6:00,2020,10,24,10/24/2020,7,12.99,99.759,1.11,498.029835,0.613302176
10/24/2020 7:00,2020,10,24,10/24/2020,8,11.905,100.723,1.088,528.2920599,0.650568796
10/24/2020 8:00,2020,10,24,10/24/2020,9,11.241,101.759,1.08,601.4105602,0.740611063
10/24/2020 9:00,2020,10,24,10/24/2020,10,11.959,102.116,1.089,674.5290657,0.830653336
10/24/2020 10:00,2020,10,24,10/24/2020,11,11.126,101.16,1.08,704.7913064,0.867919975
10/24/2020 11:00,2020,10,24,10/24/2020,12,11.57,103.233,1.081,704.7495931,0.867868607
10/24/2020 12:00,2020,10,24,10/24/2020,13,13.679,101.894,1.124,704.7078851,0.867817246
10/24/2020 13:00,2020,10,24,10/24/2020,14,13.934,102.706,1.129,704.6661824,0.867765891
10/24/2020 14:00,2020,10,24,10/24/2020,15,14.991,101.29,1.15,704.6244851,0.867714542
10/24/2020 15:00,2020,10,24,10/24/2020,16,18.033,102.135,1.21,704.5827931,0.8676632
10/24/2020 16:00,2020,10,24,10/24/2020,17,18.2,102.159,1.21,704.5411066,0.867611865
10/24/2020 17:00,2020,10,24,10/24/2020,18,19.257,101.495,1.213,704.4994254,0.867560537
10/24/2020 18:00,2020,10,24,10/24/2020,19,21.964,103.219,1.219,704.4577497,0.867509215
10/24/2020 19:00,2020,10,24,10/24/2020,20,22.31,102.022,1.22,640.0383621,0.788179528
10/24/2020 20:00,2020,10,24,10/24/2020,21,22.858,100.602,1.234,575.6189799,0.708849849
10/24/2020 21:00,2020,10,24,10/24/2020,22,23.419,99.908,1.255,575.5773207,0.708798547
10/24/2020 22:00,2020,10,24,10/24/2020,23,24.483,99.647,1.295,575.535667,0.708747252
10/24/2020 23:00,2020,10,24,10/24/2020,24,22.844,100.233,1.233,536.4075475,0.660562668
10/25/2020 0:00,2020,10,25,10/25/2020,1,20.053,100.661,1.215,497.2794336,0.61237809
10/25/2020 1:00,2020,10,25,10/25/2020,2,21.156,101.015,1.217,497.2377966,0.612326815
10/25/2020 2:00,2020,10,25,10/25/2020,3,18.761,100.499,1.212,497.1961653,0.612275548
10/25/2020 3:00,2020,10,25,10/25/2020,4,18.187,100.575,1.21,497.1545395,0.612224288
10/25/2020 4:00,2020,10,25,10/25/2020,5,15.855,98.986,1.167,497.1129194,0.612173035
10/25/2020 5:00,2020,10,25,10/25/2020,6,14.87,99.421,1.147,497.071305,0.612121788
10/25/2020 6:00,2020,10,25,10/25/2020,7,11.185,99.351,1.08,497.0296962,0.612070549
10/25/2020 7:00,2020,10,25,10/25/2020,8,11.948,98.631,1.089,527.2920525,0.64933733
10/25/2020 8:00,2020,10,25,10/25/2020,9,10.456,102.103,1.08,600.4106847,0.73937976
10/25/2020 9:00,2020,10,25,10/25/2020,10,11.363,102.615,1.08,673.5293226,0.829422196
10/25/2020 10:00,2020,10,25,10/25/2020,11,10.943,102.699,1.08,703.7916962,0.866688999
10/25/2020 11:00,2020,10,25,10/25/2020,12,13.585,102.767,1.122,703.7501162,0.866637795
10/25/2020 12:00,2020,10,25,10/25/2020,13,13.384,101.861,1.118,703.7085421,0.866586598
10/25/2020 13:00,2020,10,25,10/25/2020,14,14.101,102.251,1.132,703.6669739,0.866535409
10/25/2020 14:00,2020,10,25,10/25/2020,15,16.278,102.266,1.176,703.6254115,0.866484226
10/25/2020 15:00,2020,10,25,10/25/2020,16,17.457,103.105,1.199,703.583855,0.866433051
10/25/2020 16:00,2020,10,25,10/25/2020,17,19.968,101.133,1.214,703.5423045,0.866381884
10/25/2020 17:00,2020,10,25,10/25/2020,18,20.295,102.263,1.215,703.5007598,0.866330723
10/25/2020 18:00,2020,10,25,10/25/2020,19,21.336,100.162,1.217,703.4592212,0.86627957
10/25/2020 19:00,2020,10,25,10/25/2020,20,23.595,99.879,1.261,639.039971,0.786950053
10/25/2020 20:00,2020,10,25,10/25/2020,21,24.061,98.545,1.279,574.6207269,0.707620543
10/25/2020 21:00,2020,10,25,10/25/2020,22,24.449,99.038,1.294,574.5792062,0.707569412
10/25/2020 22:00,2020,10,25,10/25/2020,23,23.739,100.827,1.267,574.5376916,0.707518289
10/25/2020 23:00,2020,10,25,10/25/2020,24,22.282,99.511,1.22,535.4097117,0.659333876
10/26/2020 0:00,2020,10,26,10/26/2020,1,21.626,100.511,1.218,496.2817379,0.611149471
10/26/2020 1:00,2020,10,26,10/26/2020,2,19.782,98.703,1.214,496.2402415,0.61109837
10/26/2020 2:00,2020,10,26,10/26/2020,3,18.897,98.424,1.212,496.1987512,0.611047276
10/26/2020 3:00,2020,10,26,10/26/2020,4,17.126,98.499,1.193,496.1572671,0.61099619
10/26/2020 4:00,2020,10,26,10/26/2020,5,16.338,100.916,1.177,496.1157891,0.610945112
10/26/2020 5:00,2020,10,26,10/26/2020,6,13.55,100.187,1.121,496.0743173,0.610894041
10/26/2020 6:00,2020,10,26,10/26/2020,7,13.632,99.525,1.123,496.0328518,0.610842978
10/26/2020 7:00,2020,10,26,10/26/2020,8,12.616,98.366,1.102,526.2953517,0.648109936
10/26/2020 8:00,2020,10,26,10/26/2020,9,11.386,101.559,1.08,599.4141281,0.738152543
10/26/2020 9:00,2020,10,26,10/26/2020,10,11.518,103.33,1.08,672.5329107,0.828195158
10/26/2020 10:00,2020,10,26,10/26/2020,11,10.792,100.503,1.08,702.7954295,0.865462139
10/26/2020 11:00,2020,10,26,10/26/2020,12,12.904,102.306,1.108,702.7539953,0.865411115
10/26/2020 12:00,2020,10,26,10/26/2020,13,13.335,102.666,1.117,702.7125674,0.865360098
10/26/2020 13:00,2020,10,26,10/26/2020,14,14.967,102.271,1.149,702.6711459,0.86530909
10/26/2020 14:00,2020,10,26,10/26/2020,15,15.006,101.593,1.15,702.6297308,0.865258089
10/26/2020 15:00,2020,10,26,10/26/2020,16,17.621,103.974,1.202,702.5883221,0.865207096
10/26/2020 16:00,2020,10,26,10/26/2020,17,19.339,102.506,1.213,702.5469198,0.865156111
10/26/2020 17:00,2020,10,26,10/26/2020,18,19.575,102.48,1.214,702.505524,0.865105133
10/26/2020 18:00,2020,10,26,10/26/2020,19,21.319,101.967,1.217,702.4641346,0.865054164
10/26/2020 19:00,2020,10,26,10/26/2020,20,21.59,103.248,1.218,638.0450343,0.785724832
10/26/2020 20:00,2020,10,26,10/26/2020,21,22.615,101.397,1.224,573.6259405,0.706395507
10/26/2020 21:00,2020,10,26,10/26/2020,22,23.445,100.249,1.256,573.5845707,0.706344562
10/26/2020 22:00,2020,10,26,10/26/2020,23,21.902,97.992,1.219,573.5432074,0.706293625
10/26/2020 23:00,2020,10,26,10/26/2020,24,21.589,100.13,1.218,534.4153794,0.658109399
10/27/2020 0:00,2020,10,27,10/27/2020,1,23.22,99.919,1.247,495.287558,0.609925181
10/27/2020 1:00,2020,10,27,10/27/2020,2,20.447,100.321,1.215,495.2462145,0.609874268
10/27/2020 2:00,2020,10,27,10/27/2020,3,19.776,99.706,1.214,495.2048776,0.609823364
10/27/2020 3:00,2020,10,27,10/27/2020,4,15.891,100.947,1.168,495.1635474,0.609772467
10/27/2020 4:00,2020,10,27,10/27/2020,5,15.571,99.378,1.161,495.1222239,0.609721579
10/27/2020 5:00,2020,10,27,10/27/2020,6,12.559,100.83,1.101,495.080907,0.609670699
10/27/2020 6:00,2020,10,27,10/27/2020,7,13.724,98.758,1.124,495.0395969,0.609619828
10/27/2020 7:00,2020,10,27,10/27/2020,8,11.553,103.123,1.081,525.3022528,0.646886978
10/27/2020 8:00,2020,10,27,10/27/2020,9,13.068,99.837,1.111,598.4211857,0.736929778
10/27/2020 9:00,2020,10,27,10/27/2020,10,10.647,102.215,1.08,671.5401253,0.826972586
10/27/2020 10:00,2020,10,27,10/27/2020,11,9.984,103.697,1.08,701.8028015,0.864239761
10/27/2020 11:00,2020,10,27,10/27/2020,12,12.63,101.235,1.103,701.7615254,0.864188931
10/27/2020 12:00,2020,10,27,10/27/2020,13,13.604,101.144,1.122,701.720256,0.86413811
10/27/2020 13:00,2020,10,27,10/27/2020,14,15.313,102.376,1.156,701.6789936,0.864087297
10/27/2020 14:00,2020,10,27,10/27/2020,15,16.242,102.677,1.175,701.637738,0.864036492
10/27/2020 15:00,2020,10,27,10/27/2020,16,18.979,101.278,1.212,701.5964893,0.863985697
10/27/2020 16:00,2020,10,27,10/27/2020,17,19.948,101.711,1.214,701.5552476,0.863934909
10/27/2020 17:00,2020,10,27,10/27/2020,18,19.911,100.34,1.214,701.5140129,0.86388413
10/27/2020 18:00,2020,10,27,10/27/2020,19,20.975,102.049,1.217,701.4727851,0.86383336
10/27/2020 19:00,2020,10,27,10/27/2020,20,23.561,102.413,1.26,637.0538468,0.784504227
10/27/2020 20:00,2020,10,27,10/27/2020,21,23.425,99.846,1.255,572.6349157,0.705175103
10/27/2020 21:00,2020,10,27,10/27/2020,22,23.725,99.053,1.266,572.5937089,0.705124358
10/27/2020 22:00,2020,10,27,10/27/2020,23,24.244,100.065,1.286,572.5525092,0.705073623
10/27/2020 23:00,2020,10,27,10/27/2020,24,22.39,101.073,1.22,533.4248454,0.656889599
10/28/2020 0:00,2020,10,28,10/28/2020,1,21.057,100.153,1.217,494.2971886,0.608705584
10/28/2020 1:00,2020,10,28,10/28/2020,2,21.432,100.391,1.218,494.2560102,0.608654875
10/28/2020 2:00,2020,10,28,10/28/2020,3,17.962,99.855,1.209,494.214839,0.608604174
10/28/2020 3:00,2020,10,28,10/28/2020,4,16.881,100.648,1.188,494.173675,0.608553482
10/28/2020 4:00,2020,10,28,10/28/2020,5,14.565,100.111,1.141,494.1325181,0.608502799
10/28/2020 5:00,2020,10,28,10/28/2020,6,15.743,100.502,1.165,494.0913685,0.608452125
10/28/2020 6:00,2020,10,28,10/28/2020,7,12.837,100.298,1.107,494.050226,0.60840146
10/28/2020 7:00,2020,10,28,10/28/2020,8,12.627,99.046,1.103,524.3130501,0.645668818
10/28/2020 8:00,2020,10,28,10/28/2020,9,12.823,99.318,1.106,597.4321517,0.735711825
10/28/2020 9:00,2020,10,28,10/28/2020,10,10.639,100.009,1.08,670.5512605,0.825754842
10/28/2020 10:00,2020,10,28,10/28/2020,11,11.038,100.723,1.08,700.8141065,0.863022226
10/28/2020 11:00,2020,10,28,10/28/2020,12,11.68,103.031,1.084,700.7730006,0.862971606
10/28/2020 12:00,2020,10,28,10/28/2020,13,14.29,100.007,1.136,700.731902,0.862920995
10/28/2020 13:00,2020,10,28,10/28/2020,14,13.846,100.964,1.127,700.6908108,0.862870393
10/28/2020 14:00,2020,10,28,10/28/2020,15,15.7,99.421,1.164,700.649727,0.8628198
10/28/2020 15:00,2020,10,28,10/28/2020,16,17.501,99.554,1.2,700.6086506,0.862769216
10/28/2020 16:00,2020,10,28,10/28/2020,17,18.155,99.114,1.21,700.5675816,0.862718641
10/28/2020 17:00,2020,10,28,10/28/2020,18,20.568,101.347,1.216,700.5265202,0.862668076
10/28/2020 18:00,2020,10,28,10/28/2020,19,22.559,98.798,1.222,700.4854662,0.86261752
10/28/2020 19:00,2020,10,28,10/28/2020,20,23.273,100.92,1.249,636.0667023,0.783288601
10/28/2020 20:00,2020,10,28,10/28/2020,21,24.018,100.728,1.277,571.6479459,0.703959692
10/28/2020 21:00,2020,10,28,10/28/2020,22,24.442,100.703,1.293,571.6069145,0.703909164
10/28/2020 22:00,2020,10,28,10/28/2020,23,23.417,99.191,1.255,571.5658906,0.703858645
10/28/2020 23:00,2020,10,28,10/28/2020,24,22.184,100.559,1.219,532.4384031,0.655674838
10/29/2020 0:00,2020,10,29,10/29/2020,1,21.669,100.147,1.218,493.3109231,0.607491041
10/29/2020 1:00,2020,10,29,10/29/2020,2,21.763,100.315,1.218,493.2699221,0.60744055
10/29/2020 2:00,2020,10,29,10/29/2020,3,19.283,100.43,1.213,493.2289288,0.607390068
10/29/2020 3:00,2020,10,29,10/29/2020,4,15.885,100.983,1.168,493.1879431,0.607339596
10/29/2020 4:00,2020,10,29,10/29/2020,5,15.645,100.04,1.163,493.1469651,0.607289134
10/29/2020 5:00,2020,10,29,10/29/2020,6,14.262,99.662,1.135,493.1059948,0.60723868
10/29/2020 6:00,2020,10,29,10/29/2020,7,11.728,99.734,1.085,493.0650323,0.607188237
10/29/2020 7:00,2020,10,29,10/29/2020,8,11.945,101.309,1.089,523.3280368,0.644455816
10/29/2020 8:00,2020,10,29,10/29/2020,9,12.197,98.97,1.094,596.4473192,0.734499047
10/29/2020 9:00,2020,10,29,10/29/2020,10,12.093,101.05,1.092,669.5666095,0.824542286
10/29/2020 10:00,2020,10,29,10/29/2020,11,11.653,99.465,1.083,699.8296374,0.861809895
10/29/2020 11:00,2020,10,29,10/29/2020,12,11.926,100.359,1.089,699.7887139,0.861759499
10/29/2020 12:00,2020,10,29,10/29/2020,13,13.404,99.778,1.118,699.7477982,0.861709113
10/29/2020 13:00,2020,10,29,10/29/2020,14,15,99.773,1.15,699.7068904,0.861658737
10/29/2020 14:00,2020,10,29,10/29/2020,15,15.085,100.013,1.152,699.6659905,0.861608371
10/29/2020 15:00,2020,10,29,10/29/2020,16,16.608,99.136,1.182,699.6250986,0.861558014
10/29/2020 16:00,2020,10,29,10/29/2020,17,18.299,99.507,1.211,699.5842146,0.861507667
10/29/2020 17:00,2020,10,29,10/29/2020,18,20.632,100.318,1.216,699.5433386,0.86145733
10/29/2020 18:00,2020,10,29,10/29/2020,19,21.692,100.303,1.218,699.5024705,0.861407003
10/29/2020 19:00,2020,10,29,10/29/2020,20,23.237,101.959,1.248,635.0838931,0.782078314
10/29/2020 20:00,2020,10,29,10/29/2020,21,22.57,99.306,1.223,570.6653237,0.702749636
10/29/2020 21:00,2020,10,29,10/29/2020,22,23.948,100.369,1.275,570.6244798,0.702699338
10/29/2020 22:00,2020,10,29,10/29/2020,23,23.953,100.922,1.275,570.5836439,0.70264905
10/29/2020 23:00,2020,10,29,10/29/2020,24,21.792,99.081,1.218,531.4563448,0.654465476
10/30/2020 0:00,2020,10,30,10/30/2020,1,22.073,97.511,1.219,492.3290539,0.606281911
10/30/2020 1:00,2020,10,30,10/30/2020,2,19.247,100.049,1.213,492.2882424,0.606231654
10/30/2020 2:00,2020,10,30,10/30/2020,3,18.755,98.461,1.212,492.247439,0.606181406
10/30/2020 3:00,2020,10,30,10/30/2020,4,16.704,101.143,1.184,492.2066438,0.606131169
10/30/2020 4:00,2020,10,30,10/30/2020,5,15.308,99.823,1.156,492.1658569,0.606080941
10/30/2020 5:00,2020,10,30,10/30/2020,6,14.957,99.474,1.149,492.1250781,0.606030724
10/30/2020 6:00,2020,10,30,10/30/2020,7,11.994,99.497,1.09,492.0843076,0.605980517
10/30/2020 7:00,2020,10,30,10/30/2020,8,11.539,100.637,1.081,522.3475046,0.643248334
10/30/2020 8:00,2020,10,30,10/30/2020,9,11.761,102.492,1.085,595.4669801,0.733291801
10/30/2020 9:00,2020,10,30,10/30/2020,10,12.222,102.581,1.094,668.5864639,0.82333528
10/30/2020 10:00,2020,10,30,10/30/2020,11,10.722,102.654,1.08,698.8496858,0.860603127
10/30/2020 11:00,2020,10,30,10/30/2020,12,11.99,103.476,1.09,698.8089568,0.860552971
10/30/2020 12:00,2020,10,30,10/30/2020,13,13.949,100.496,1.129,698.7682362,0.860502825
10/30/2020 13:00,2020,10,30,10/30/2020,14,14.798,101.915,1.146,698.727524,0.86045269
10/30/2020 14:00,2020,10,30,10/30/2020,15,15.698,102.678,1.164,698.6868202,0.860402565
10/30/2020 15:00,2020,10,30,10/30/2020,16,16.998,101.908,1.19,698.6461248,0.86035245
10/30/2020 16:00,2020,10,30,10/30/2020,17,18.011,100.83,1.21,698.6054379,0.860302346
10/30/2020 17:00,2020,10,30,10/30/2020,18,20.384,100.407,1.215,698.5647594,0.860252252
10/30/2020 18:00,2020,10,30,10/30/2020,19,20.758,102.206,1.216,698.5240895,0.860202169
10/30/2020 19:00,2020,10,30,10/30/2020,20,22.619,100.43,1.224,634.1057106,0.780873725
10/30/2020 20:00,2020,10,30,10/30/2020,21,22.994,100.381,1.239,569.6873403,0.701545291
10/30/2020 21:00,2020,10,30,10/30/2020,22,23.553,99.45,1.26,569.6466959,0.70149524
10/30/2020 22:00,2020,10,30,10/30/2020,23,23.254,99.644,1.248,569.6060601,0.701445198
10/30/2020 23:00,2020,10,30,10/30/2020,24,22.059,98.969,1.219,530.4789616,0.653261871
10/31/2020 0:00,2020,10,31,10/31/2020,1,21.839,102.121,1.219,491.3518718,0.605078554
10/31/2020 1:00,2020,10,31,10/31/2020,2,20.882,101.104,1.216,491.3112619,0.605028545
10/31/2020 2:00,2020,10,31,10/31/2020,3,18.43,99.478,1.211,491.2706606,0.604978546
10/31/2020 3:00,2020,10,31,10/31/2020,4,18.066,100.838,1.21,491.230068,0.604928558
10/31/2020 4:00,2020,10,31,10/31/2020,5,16.099,99.571,1.172,491.1894842,0.604878581
10/31/2020 5:00,2020,10,31,10/31/2020,6,15.54,100.959,1.161,491.148909,0.604828614
10/31/2020 6:00,2020,10,31,10/31/2020,7,14.133,101.29,1.133,491.1083426,0.604778658
10/31/2020 7:00,2020,10,31,10/31/2020,8,11.084,100.54,1.08,521.3717442,0.642046727
10/31/2020 8:00,2020,10,31,10/31/2020,9,12.383,101.829,1.098,594.4914248,0.732090447
10/31/2020 9:00,2020,10,31,10/31/2020,10,11.071,99.657,1.08,667.6111142,0.822134179
10/31/2020 10:00,2020,10,31,10/31/2020,11,10.863,101.229,1.08,697.8745423,0.85940228
10/31/2020 11:00,2020,10,31,10/31/2020,12,12.515,103.681,1.1,697.8340199,0.859352378
10/31/2020 12:00,2020,10,31,10/31/2020,13,12.832,102.178,1.107,697.7935064,0.859302488
10/31/2020 13:00,2020,10,31,10/31/2020,14,14.649,101.478,1.143,697.7530018,0.859252608
10/31/2020 14:00,2020,10,31,10/31/2020,15,14.648,101.637,1.143,697.7125061,0.859202739
10/31/2020 15:00,2020,10,31,10/31/2020,16,16.312,101.855,1.176,697.6720193,0.859152882
10/31/2020 16:00,2020,10,31,10/31/2020,17,19.559,101.597,1.213,697.6315415,0.859103035
10/31/2020 17:00,2020,10,31,10/31/2020,18,20.228,101.611,1.215,697.5910727,0.859053199
10/31/2020 18:00,2020,10,31,10/31/2020,19,21.459,102.487,1.218,697.5506128,0.859003375
10/31/2020 19:00,2020,10,31,10/31/2020,20,23.619,101.783,1.262,633.1324446,0.77967519
10/31/2020 20:00,2020,10,31,10/31/2020,21,22.426,99.627,1.22,568.7142854,0.700347016
10/31/2020 21:00,2020,10,31,10/31/2020,22,23.553,100.57,1.26,568.6738526,0.700297225
10/31/2020 22:00,2020,10,31,10/31/2020,23,21.966,99.405,1.219,568.633429,0.700247445
10/31/2020 23:00,2020,10,31,10/31/2020,24,22.529,101.626,1.221,529.5065431,0.65206438
11/1/2020 0:00,2020,11,1,11/1/2020,1,16.344,100.235,1.177,479.6091349,0.590617882
11/1/2020 1:00,2020,11,1,11/1/2020,2,15.696,101.712,1.164,479.5687386,0.590568136
11/1/2020 2:00,2020,11,1,11/1/2020,3,13.548,99.595,1.121,479.5283515,0.590518401
11/1/2020 3:00,2020,11,1,11/1/2020,4,13.574,100.628,1.121,479.4879735,0.590468677
11/1/2020 4:00,2020,11,1,11/1/2020,5,10.302,100.769,1.08,479.4476048,0.590418965
11/1/2020 5:00,2020,11,1,11/1/2020,6,9.547,100.958,1.08,479.4072453,0.590369264
11/1/2020 6:00,2020,11,1,11/1/2020,7,9.117,100.491,1.08,479.366895,0.590319574
11/1/2020 7:00,2020,11,1,11/1/2020,8,9.186,98.972,1.08,508.3399887,0.625998684
11/1/2020 8:00,2020,11,1,11/1/2020,9,8.541,101.338,1.08,578.3442844,0.712205943
11/1/2020 9:00,2020,11,1,11/1/2020,10,8.256,103.096,1.08,648.3485895,0.798413214
11/1/2020 10:00,2020,11,1,11/1/2020,11,8.745,102.294,1.08,677.3217111,0.834092358
11/1/2020 11:00,2020,11,1,11/1/2020,12,9.211,103.594,1.08,677.2814074,0.834042726
11/1/2020 12:00,2020,11,1,11/1/2020,13,7.977,104.852,1.08,677.241113,0.833993105
11/1/2020 13:00,2020,11,1,11/1/2020,14,10.208,102.339,1.08,677.200828,0.833943496
11/1/2020 14:00,2020,11,1,11/1/2020,15,11.621,103.51,1.082,677.1605524,0.833893898
11/1/2020 15:00,2020,11,1,11/1/2020,16,15.154,101.277,1.153,677.1202863,0.833844312
11/1/2020 16:00,2020,11,1,11/1/2020,17,14.108,102.349,1.132,677.0800296,0.833794738
11/1/2020 17:00,2020,11,1,11/1/2020,18,15.372,102.528,1.157,677.0397823,0.833745175
11/1/2020 18:00,2020,11,1,11/1/2020,19,16.382,101.25,1.178,676.9995446,0.833695624
11/1/2020 19:00,2020,11,1,11/1/2020,20,18.355,102.384,1.211,615.3231888,0.757743863
11/1/2020 20:00,2020,11,1,11/1/2020,21,17.543,99.39,1.201,553.6468425,0.681792113
11/1/2020 21:00,2020,11,1,11/1/2020,22,17.923,101.816,1.208,553.6066334,0.681742597
11/1/2020 22:00,2020,11,1,11/1/2020,23,17.326,100.068,1.197,553.5664338,0.681693093
11/1/2020 23:00,2020,11,1,11/1/2020,24,16.73,101.914,1.185,516.1043093,0.635560109
11/2/2020 0:00,2020,11,2,11/2/2020,1,15.825,98.871,1.166,478.6421943,0.589427136
11/2/2020 1:00,2020,11,2,11/2/2020,2,15.395,100.36,1.158,478.6020236,0.589377668
11/2/2020 2:00,2020,11,2,11/2/2020,3,14.189,98.728,1.134,478.5618626,0.589328211
11/2/2020 3:00,2020,11,2,11/2/2020,4,14.361,99.418,1.137,478.5217112,0.589278767
11/2/2020 4:00,2020,11,2,11/2/2020,5,10.685,99.56,1.08,478.4815696,0.589229334
11/2/2020 5:00,2020,11,2,11/2/2020,6,8.919,100.733,1.08,478.4414376,0.589179913
11/2/2020 6:00,2020,11,2,11/2/2020,7,8.01,100.241,1.08,478.4013154,0.589130505
11/2/2020 7:00,2020,11,2,11/2/2020,8,8.374,100.575,1.08,507.3746377,0.624809896
11/2/2020 8:00,2020,11,2,11/2/2020,9,9.065,102.641,1.08,577.3791625,0.711017437
11/2/2020 9:00,2020,11,2,11/2/2020,10,8.492,104.147,1.08,647.3836972,0.79722499
11/2/2020 10:00,2020,11,2,11/2/2020,11,8.977,101.626,1.08,676.3570488,0.832904418
11/2/2020 11:00,2020,11,2,11/2/2020,12,6.837,103.067,1.08,676.3169757,0.83285507
11/2/2020 12:00,2020,11,2,11/2/2020,13,10.316,101.987,1.08,676.2769123,0.832805734
11/2/2020 13:00,2020,11,2,11/2/2020,14,8.7,102.13,1.08,676.2368589,0.83275641
11/2/2020 14:00,2020,11,2,11/2/2020,15,11.809,101.682,1.086,676.1968154,0.832707098
11/2/2020 15:00,2020,11,2,11/2/2020,16,12.698,102.426,1.104,676.1567818,0.832657798
11/2/2020 16:00,2020,11,2,11/2/2020,17,13.617,102.439,1.122,676.1167581,0.832608511
11/2/2020 17:00,2020,11,2,11/2/2020,18,14.965,103.437,1.149,676.0767444,0.832559236
11/2/2020 18:00,2020,11,2,11/2/2020,19,15.852,103.24,1.167,676.0367407,0.832509973
11/2/2020 19:00,2020,11,2,11/2/2020,20,16.691,100.43,1.184,614.3606195,0.7565585
11/2/2020 20:00,2020,11,2,11/2/2020,21,17.43,100.852,1.199,552.6845082,0.68060704
11/2/2020 21:00,2020,11,2,11/2/2020,22,18.676,98.924,1.212,552.6445346,0.680557814
11/2/2020 22:00,2020,11,2,11/2/2020,23,17.635,99.838,1.203,552.6045711,0.680508601
11/2/2020 23:00,2020,11,2,11/2/2020,24,15.839,100.138,1.167,515.142683,0.634375908
11/3/2020 0:00,2020,11,3,11/3/2020,1,18.166,100.085,1.21,477.6808051,0.588243227
11/3/2020 1:00,2020,11,3,11/3/2020,2,13.966,99.655,1.129,477.6408719,0.588194051
11/3/2020 2:00,2020,11,3,11/3/2020,3,14.135,100.716,1.133,477.6009488,0.588144888
11/3/2020 3:00,2020,11,3,11/3/2020,4,12.498,99.992,1.1,477.5610359,0.588095737
11/3/2020 4:00,2020,11,3,11/3/2020,5,11.792,100.034,1.086,477.5211333,0.588046598
11/3/2020 5:00,2020,11,3,11/3/2020,6,10.873,101.405,1.08,477.4812408,0.587997472
11/3/2020 6:00,2020,11,3,11/3/2020,7,10.051,99.378,1.08,477.4413586,0.587948359
11/3/2020 7:00,2020,11,3,11/3/2020,8,9.064,100.448,1.08,506.4149213,0.623628047
11/3/2020 8:00,2020,11,3,11/3/2020,9,7.525,100.734,1.08,576.4196871,0.709835885
11/3/2020 9:00,2020,11,3,11/3/2020,10,6.34,101.542,1.08,646.4244632,0.796043735
11/3/2020 10:00,2020,11,3,11/3/2020,11,6.967,102.992,1.08,675.3980568,0.831723461
11/3/2020 11:00,2020,11,3,11/3/2020,12,9.13,101.104,1.08,675.3582261,0.831674411
11/3/2020 12:00,2020,11,3,11/3/2020,13,10.142,101.733,1.08,675.3184057,0.831625374
11/3/2020 13:00,2020,11,3,11/3/2020,14,9.622,101.687,1.08,675.2785957,0.83157635
11/3/2020 14:00,2020,11,3,11/3/2020,15,12.979,101.145,1.11,675.238796,0.831527339
11/3/2020 15:00,2020,11,3,11/3/2020,16,14.712,102.229,1.144,675.1990068,0.83147834
11/3/2020 16:00,2020,11,3,11/3/2020,17,14.736,101.808,1.145,675.1592281,0.831429354
11/3/2020 17:00,2020,11,3,11/3/2020,18,15.043,100.775,1.151,675.1194598,0.831380381
11/3/2020 18:00,2020,11,3,11/3/2020,19,16.89,103.403,1.188,675.079702,0.831331421
11/3/2020 19:00,2020,11,3,11/3/2020,20,18.228,103.177,1.211,613.4038271,0.755380252
11/3/2020 20:00,2020,11,3,11/3/2020,21,17.557,98.679,1.201,551.7279627,0.679429096
11/3/2020 21:00,2020,11,3,11/3/2020,22,18.541,100.442,1.211,551.6882365,0.679380174
11/3/2020 22:00,2020,11,3,11/3/2020,23,17.744,101.19,1.205,551.6485208,0.679331266
11/3/2020 23:00,2020,11,3,11/3/2020,24,17.758,100.383,1.205,514.1868811,0.633198879
11/4/2020 0:00,2020,11,4,11/4/2020,1,16.862,98.715,1.187,476.725252,0.587066505
11/4/2020 1:00,2020,11,4,11/4/2020,2,14.785,99.999,1.146,476.6855681,0.587017636
11/4/2020 2:00,2020,11,4,11/4/2020,3,15.011,99.981,1.15,476.6458949,0.58696878
11/4/2020 3:00,2020,11,4,11/4/2020,4,12.729,99.498,1.105,476.6062323,0.586919937
11/4/2020 4:00,2020,11,4,11/4/2020,5,12.338,99.948,1.097,476.5665805,0.586871108
11/4/2020 5:00,2020,11,4,11/4/2020,6,10.627,99.703,1.08,476.5269393,0.586822291
11/4/2020 6:00,2020,11,4,11/4/2020,7,9.02,100.235,1.08,476.4873089,0.586773488
11/4/2020 7:00,2020,11,4,11/4/2020,8,9.618,102.237,1.08,505.4611238,0.622453487
11/4/2020 8:00,2020,11,4,11/4/2020,9,8.075,100,1.08,575.4661424,0.708661636
11/4/2020 9:00,2020,11,4,11/4/2020,10,7.957,99.479,1.08,645.4711718,0.794869798
11/4/2020 10:00,2020,11,4,11/4/2020,11,8.326,100.654,1.08,674.4450191,0.830549837
11/4/2020 11:00,2020,11,4,11/4/2020,12,9.12,100.992,1.08,674.4054426,0.8305011
11/4/2020 12:00,2020,11,4,11/4/2020,13,8.414,99.972,1.08,674.365877,0.830452377
11/4/2020 13:00,2020,11,4,11/4/2020,14,10.098,101.492,1.08,674.3263222,0.830403667
11/4/2020 14:00,2020,11,4,11/4/2020,15,12.073,100.545,1.091,674.2867783,0.83035497
11/4/2020 15:00,2020,11,4,11/4/2020,16,12.793,99.733,1.106,674.2472453,0.830306287
11/4/2020 16:00,2020,11,4,11/4/2020,17,13.81,98.952,1.126,674.2077232,0.830257617
11/4/2020 17:00,2020,11,4,11/4/2020,18,14.919,98.771,1.148,674.1682121,0.830208961
11/4/2020 18:00,2020,11,4,11/4/2020,19,16.444,101.972,1.179,674.128712,0.830160318
11/4/2020 19:00,2020,11,4,11/4/2020,20,18.578,101.232,1.211,612.4530953,0.754209467
11/4/2020 20:00,2020,11,4,11/4/2020,21,17.9,100.148,1.208,550.7774895,0.678258629
11/4/2020 21:00,2020,11,4,11/4/2020,22,17.919,99.266,1.208,550.7380224,0.678210027
11/4/2020 22:00,2020,11,4,11/4/2020,23,17.693,98.992,1.204,550.6985664,0.678161438
11/4/2020 23:00,2020,11,4,11/4/2020,24,16.632,100.164,1.183,513.2371868,0.632029372
11/5/2020 0:00,2020,11,5,11/5/2020,1,17.407,100.292,1.198,475.7758183,0.585897318
11/5/2020 1:00,2020,11,5,11/5/2020,2,15.623,100.087,1.162,475.7363955,0.585848771
11/5/2020 2:00,2020,11,5,11/5/2020,3,14.389,98.75,1.138,475.6969839,0.585800237
11/5/2020 3:00,2020,11,5,11/5/2020,4,12.877,99.893,1.108,475.6575834,0.585751717
11/5/2020 4:00,2020,11,5,11/5/2020,5,11.34,100.595,1.08,475.618194,0.585703211
11/5/2020 5:00,2020,11,5,11/5/2020,6,10.785,99.015,1.08,475.5788159,0.585654719
11/5/2020 6:00,2020,11,5,11/5/2020,7,8.832,99.71,1.08,475.539449,0.58560624
11/5/2020 7:00,2020,11,5,11/5/2020,8,8.508,100.581,1.08,504.513528,0.621286564
11/5/2020 8:00,2020,11,5,11/5/2020,9,8.642,101.728,1.08,574.5188111,0.707495038
11/5/2020 9:00,2020,11,5,11/5/2020,10,7.364,101.314,1.08,644.5241055,0.793703527
11/5/2020 10:00,2020,11,5,11/5/2020,11,8.475,100.968,1.08,673.4982183,0.829383892
11/5/2020 11:00,2020,11,5,11/5/2020,12,8.801,99.674,1.08,673.4589078,0.829335483
11/5/2020 12:00,2020,11,5,11/5/2020,13,9.57,99.833,1.08,673.4196086,0.829287088
11/5/2020 13:00,2020,11,5,11/5/2020,14,10.89,100.317,1.08,673.3803207,0.829238707
11/5/2020 14:00,2020,11,5,11/5/2020,15,11.722,102.377,1.084,673.3410442,0.829190339
11/5/2020 15:00,2020,11,5,11/5/2020,16,12.777,100.885,1.106,673.3017792,0.829141986
11/5/2020 16:00,2020,11,5,11/5/2020,17,14.74,99.182,1.145,673.2625255,0.829093647
11/5/2020 17:00,2020,11,5,11/5/2020,18,14.635,99.453,1.143,673.2232833,0.829045322
11/5/2020 18:00,2020,11,5,11/5/2020,19,16.54,99.565,1.181,673.1840525,0.828997011
11/5/2020 19:00,2020,11,5,11/5/2020,20,16.886,100.735,1.188,611.5087056,0.753046492
11/5/2020 20:00,2020,11,5,11/5/2020,21,16.899,98.962,1.188,549.8333703,0.677095987
11/5/2020 21:00,2020,11,5,11/5/2020,22,18.422,98.303,1.211,549.794174,0.677047718
11/5/2020 22:00,2020,11,5,11/5/2020,23,18.043,100.543,1.21,549.7549892,0.676999464
11/5/2020 23:00,2020,11,5,11/5/2020,24,17.286,101.317,1.196,512.2938815,0.630867732
11/6/2020 0:00,2020,11,6,11/6/2020,1,15.9,101.582,1.168,474.8327852,0.584736014
11/6/2020 1:00,2020,11,6,11/6/2020,2,13.466,100.257,1.119,474.7936352,0.584687803
11/6/2020 2:00,2020,11,6,11/6/2020,3,15.98,100.835,1.17,474.7544969,0.584639605
11/6/2020 3:00,2020,11,6,11/6/2020,4,12.358,99.513,1.097,474.7153701,0.584591422
11/6/2020 4:00,2020,11,6,11/6/2020,5,11.781,100.544,1.086,474.676255,0.584543254
11/6/2020 5:00,2020,11,6,11/6/2020,6,11.239,100.716,1.08,474.6371516,0.5844951
11/6/2020 6:00,2020,11,6,11/6/2020,7,8.46,100.088,1.08,474.5980599,0.58444696
11/6/2020 7:00,2020,11,6,11/6/2020,8,8.963,98.932,1.08,503.5724146,0.620127623
11/6/2020 8:00,2020,11,6,11/6/2020,9,7.605,100.553,1.08,573.5779738,0.706336438
11/6/2020 9:00,2020,11,6,11/6/2020,10,7.862,101.732,1.08,643.5835448,0.792545267
11/6/2020 10:00,2020,11,6,11/6/2020,11,7.903,100.914,1.08,672.5579348,0.828225974
11/6/2020 11:00,2020,11,6,11/6/2020,12,8.317,101.187,1.08,672.5189019,0.828177907
11/6/2020 12:00,2020,11,6,11/6/2020,13,9.134,100.272,1.08,672.4798808,0.828129854
11/6/2020 13:00,2020,11,6,11/6/2020,14,11.073,101.7,1.08,672.4408715,0.828081816
11/6/2020 14:00,2020,11,6,11/6/2020,15,11.929,102.132,1.089,672.4018741,0.828033792
11/6/2020 15:00,2020,11,6,11/6/2020,16,13.113,101.873,1.112,672.3628886,0.827985783
11/6/2020 16:00,2020,11,6,11/6/2020,17,15.969,101.279,1.169,672.323915,0.827937789
11/6/2020 17:00,2020,11,6,11/6/2020,18,16.043,103.121,1.171,672.2849533,0.827889809
11/6/2020 18:00,2020,11,6,11/6/2020,19,16.665,102.733,1.183,672.2460035,0.827841844
11/6/2020 19:00,2020,11,6,11/6/2020,20,17.62,102.823,1.202,610.5709381,0.751891672
11/6/2020 20:00,2020,11,6,11/6/2020,21,19.673,102.129,1.214,548.8958847,0.675941514
11/6/2020 21:00,2020,11,6,11/6/2020,22,16.939,100.697,1.189,548.8569709,0.675893593
11/6/2020 22:00,2020,11,6,11/6/2020,23,18.212,100.111,1.21,548.818069,0.675845687
11/6/2020 23:00,2020,11,6,11/6/2020,24,17.152,98.504,1.193,511.3572447,0.629714304
11/7/2020 0:00,2020,11,7,11/7/2020,1,17.33,100.873,1.197,473.8964323,0.583582936
11/7/2020 1:00,2020,11,7,11/7/2020,2,15.486,101.448,1.16,473.8575667,0.583535075
11/7/2020 2:00,2020,11,7,11/7/2020,3,13.472,100.656,1.119,473.8187132,0.583487228
11/7/2020 3:00,2020,11,7,11/7/2020,4,12.706,99.132,1.104,473.7798718,0.583439397
11/7/2020 4:00,2020,11,7,11/7/2020,5,10.684,97.868,1.08,473.7410425,0.58339158
11/7/2020 5:00,2020,11,7,11/7/2020,6,10.474,100.768,1.08,473.7022254,0.583343779
11/7/2020 6:00,2020,11,7,11/7/2020,7,7.519,100.007,1.08,473.6634205,0.583295992
11/7/2020 7:00,2020,11,7,11/7/2020,8,8.718,100.054,1.08,502.6380624,0.618977009
11/7/2020 8:00,2020,11,7,11/7/2020,9,7.056,101.319,1.08,572.6439094,0.705186178
11/7/2020 9:00,2020,11,7,11/7/2020,10,8.884,101.036,1.08,642.6497686,0.791395362
11/7/2020 10:00,2020,11,7,11/7/2020,11,9.484,102.098,1.08,671.6244473,0.827076425
11/7/2020 11:00,2020,11,7,11/7/2020,12,7.211,102.667,1.08,671.5857036,0.827028713
11/7/2020 12:00,2020,11,7,11/7/2020,13,7.498,103.148,1.08,671.5469721,0.826981017
11/7/2020 13:00,2020,11,7,11/7/2020,14,9.912,102.455,1.08,671.508253,0.826933336
11/7/2020 14:00,2020,11,7,11/7/2020,15,11.959,99.108,1.089,671.4695462,0.826885671
11/7/2020 15:00,2020,11,7,11/7/2020,16,14.44,101.883,1.139,671.4308518,0.82683802
11/7/2020 16:00,2020,11,7,11/7/2020,17,14.447,103.237,1.139,671.3921698,0.826790385
11/7/2020 17:00,2020,11,7,11/7/2020,18,14.602,101.623,1.142,671.3535001,0.826742765
11/7/2020 18:00,2020,11,7,11/7/2020,19,16.495,102.476,1.18,671.3148429,0.82669516
11/7/2020 19:00,2020,11,7,11/7/2020,20,16.826,101.999,1.187,609.6400705,0.750745349
11/7/2020 20:00,2020,11,7,11/7/2020,21,17.279,98.134,1.196,547.9653106,0.674795552
11/7/2020 21:00,2020,11,7,11/7/2020,22,17.583,99.871,1.202,547.9266907,0.674747994
11/7/2020 22:00,2020,11,7,11/7/2020,23,17.746,100.409,1.205,547.8880834,0.67470045
11/7/2020 23:00,2020,11,7,11/7/2020,24,17.589,99.573,1.202,510.427554,0.62856943
11/8/2020 0:00,2020,11,8,11/8/2020,1,16.796,100.046,1.186,472.967037,0.582438426
11/8/2020 1:00,2020,11,8,11/8/2020,2,15.399,99.512,1.158,472.9284673,0.582390929
11/8/2020 2:00,2020,11,8,11/8/2020,3,14.902,101.6,1.148,472.8899101,0.582343448
11/8/2020 3:00,2020,11,8,11/8/2020,4,12.679,98.805,1.104,472.8513656,0.582295982
11/8/2020 4:00,2020,11,8,11/8/2020,5,12.481,99.988,1.1,472.8128336,0.582248531
11/8/2020 5:00,2020,11,8,11/8/2020,6,10.962,100.874,1.08,472.7743143,0.582201096
11/8/2020 6:00,2020,11,8,11/8/2020,7,8.965,100.767,1.08,472.7358077,0.582153677
11/8/2020 7:00,2020,11,8,11/8/2020,8,8.185,99.284,1.08,501.7107484,0.617835062
11/8/2020 8:00,2020,11,8,11/8/2020,9,7.375,101.75,1.08,571.7168946,0.7040446
11/8/2020 9:00,2020,11,8,11/8/2020,10,8.626,100.924,1.08,641.7230535,0.790254153
11/8/2020 10:00,2020,11,8,11/8/2020,11,8.424,100.774,1.08,670.6980324,0.825935585
11/8/2020 11:00,2020,11,8,11/8/2020,12,8.144,100.878,1.08,670.6595893,0.825888244
11/8/2020 12:00,2020,11,8,11/8/2020,13,8.798,100.839,1.08,670.621159,0.825840919
11/8/2020 13:00,2020,11,8,11/8/2020,14,11.481,102.554,1.08,670.5827415,0.825793609
11/8/2020 14:00,2020,11,8,11/8/2020,15,11.801,102.006,1.086,670.5443368,0.825746315
11/8/2020 15:00,2020,11,8,11/8/2020,16,12.719,103.943,1.104,670.505945,0.825699037
11/8/2020 16:00,2020,11,8,11/8/2020,17,12.606,102.268,1.102,670.467566,0.825651775
11/8/2020 17:00,2020,11,8,11/8/2020,18,15.134,102.669,1.153,670.4291999,0.825604529
11/8/2020 18:00,2020,11,8,11/8/2020,19,16.77,101.875,1.185,670.3908466,0.825557299
11/8/2020 19:00,2020,11,8,11/8/2020,20,17.204,102.356,1.194,608.7163787,0.749607862
11/8/2020 20:00,2020,11,8,11/8/2020,21,16.782,97.962,1.186,547.0419238,0.673658441
11/8/2020 21:00,2020,11,8,11/8/2020,22,17.304,99.669,1.196,547.0036093,0.673611259
11/8/2020 22:00,2020,11,8,11/8/2020,23,16.897,99.854,1.188,546.9653079,0.673564092
11/8/2020 23:00,2020,11,8,11/8/2020,24,17.562,99.37,1.201,509.5050848,0.62743345
11/9/2020 0:00,2020,11,9,11/9/2020,1,15.286,100.312,1.156,472.0448747,0.581302823
11/9/2020 1:00,2020,11,9,11/9/2020,2,15.619,100.602,1.162,472.0066123,0.581255705
11/9/2020 2:00,2020,11,9,11/9/2020,3,13.725,100.155,1.124,471.9683629,0.581208602
11/9/2020 3:00,2020,11,9,11/9/2020,4,12.256,99.902,1.095,471.9301266,0.581161516
11/9/2020 4:00,2020,11,9,11/9/2020,5,11.312,100.2,1.08,471.8919034,0.581114446
11/9/2020 5:00,2020,11,9,11/9/2020,6,9.682,100.922,1.08,471.8536933,0.581067391
11/9/2020 6:00,2020,11,9,11/9/2020,7,8.667,99.871,1.08,471.8154964,0.581020354
11/9/2020 7:00,2020,11,9,11/9/2020,8,8.842,100.846,1.08,500.7907473,0.61670212
11/9/2020 8:00,2020,11,9,11/9/2020,9,7.959,102.401,1.08,570.7972041,0.702912041
11/9/2020 9:00,2020,11,9,11/9/2020,10,6.802,102.339,1.08,640.8036742,0.789121977
11/9/2020 10:00,2020,11,9,11/9/2020,11,7.532,102.18,1.08,669.7789646,0.824803793
11/9/2020 11:00,2020,11,9,11/9/2020,12,8.813,103.434,1.08,669.7408336,0.824756836
11/9/2020 12:00,2020,11,9,11/9/2020,13,9.468,102.661,1.08,669.7027158,0.824709896
11/9/2020 13:00,2020,11,9,11/9/2020,14,9.337,101.156,1.08,669.6646113,0.824662971
11/9/2020 14:00,2020,11,9,11/9/2020,15,13.021,100.789,1.11,669.6265201,0.824616064
11/9/2020 15:00,2020,11,9,11/9/2020,16,12.581,101.811,1.102,669.5884422,0.824569172
11/9/2020 16:00,2020,11,9,11/9/2020,17,14.06,102.602,1.131,669.5503776,0.824522298
11/9/2020 17:00,2020,11,9,11/9/2020,18,15.17,101.348,1.153,669.5123264,0.824475439
11/9/2020 18:00,2020,11,9,11/9/2020,19,16.358,102.882,1.177,669.4742885,0.824428597
11/9/2020 19:00,2020,11,9,11/9/2020,20,17.262,102.433,1.195,607.8001364,0.748479549
11/9/2020 20:00,2020,11,9,11/9/2020,21,18.538,99.455,1.211,546.1259978,0.672530518
11/9/2020 21:00,2020,11,9,11/9/2020,22,17.88,98.816,1.208,546.0880001,0.672483726
11/9/2020 22:00,2020,11,9,11/9/2020,23,18.344,101.267,1.211,546.0500159,0.67243695
11/9/2020 23:00,2020,11,9,11/9/2020,24,16.562,100.243,1.181,508.5901105,0.626306699
11/10/2020 0:00,2020,11,10,11/10/2020,1,16.203,98.763,1.174,471.1302187,0.580176464
11/10/2020 1:00,2020,11,10,11/10/2020,2,14.454,99.363,1.139,471.0922749,0.580129738
11/10/2020 2:00,2020,11,10,11/10/2020,3,15.301,99.903,1.156,471.0543447,0.580083028
11/10/2020 3:00,2020,11,10,11/10/2020,4,13.923,102.263,1.128,471.016428,0.580036335
11/10/2020 4:00,2020,11,10,11/10/2020,5,11.705,101.822,1.084,470.9785248,0.579989659
11/10/2020 5:00,2020,11,10,11/10/2020,6,9.013,98.835,1.08,470.9406353,0.579943
11/10/2020 6:00,2020,11,10,11/10/2020,7,10.311,100.466,1.08,470.9027593,0.579896357
11/10/2020 7:00,2020,11,10,11/10/2020,8,7.802,99.09,1.08,499.8783317,0.61557852
11/10/2020 8:00,2020,11,10,11/10/2020,9,7.456,103.375,1.08,569.8851105,0.701788837
11/10/2020 9:00,2020,11,10,11/10/2020,10,7.582,102.614,1.08,639.891903,0.78799917
11/10/2020 10:00,2020,11,10,11/10/2020,11,7.019,100.646,1.08,668.8675163,0.823681383
11/10/2020 11:00,2020,11,10,11/10/2020,12,7.321,101.235,1.08,668.8297086,0.823634825
11/10/2020 12:00,2020,11,10,11/10/2020,13,8.594,101.917,1.08,668.7919147,0.823588283
11/10/2020 13:00,2020,11,10,11/10/2020,14,10.122,101.482,1.08,668.7541345,0.823541759
11/10/2020 14:00,2020,11,10,11/10/2020,15,11.749,102.425,1.085,668.716368,0.823495251
11/10/2020 15:00,2020,11,10,11/10/2020,16,13.858,100.425,1.127,668.6786153,0.82344876
11/10/2020 16:00,2020,11,10,11/10/2020,17,15.028,102.83,1.151,668.6408764,0.823402286
11/10/2020 17:00,2020,11,10,11/10/2020,18,17.46,100.825,1.199,668.6031514,0.823355829
11/10/2020 18:00,2020,11,10,11/10/2020,19,16.229,100.137,1.175,668.5654401,0.82330939
11/10/2020 19:00,2020,11,10,11/10/2020,20,17.69,101.982,1.204,606.8916152,0.747360745
11/10/2020 20:00,2020,11,10,11/10/2020,21,16.978,101.403,1.19,545.2178041,0.671412117
11/10/2020 21:00,2020,11,10,11/10/2020,22,19.471,100.096,1.213,545.1801344,0.671365729
11/10/2020 22:00,2020,11,10,11/10/2020,23,17.847,100.941,1.207,545.1424787,0.671319357
11/10/2020 23:00,2020,11,10,11/10/2020,24,16.978,99.072,1.19,507.6829023,0.625189511
11/11/2020 0:00,2020,11,11,11/11/2020,1,17.494,100.056,1.2,470.2233399,0.579059682
11/11/2020 1:00,2020,11,11,11/11/2020,2,14.31,100.095,1.136,470.185726,0.579013362
11/11/2020 2:00,2020,11,11,11/11/2020,3,14.119,99.402,1.132,470.1481262,0.578967059
11/11/2020 3:00,2020,11,11,11/11/2020,4,13.358,100.214,1.117,470.1105403,0.578920774
11/11/2020 4:00,2020,11,11,11/11/2020,5,12.374,100.002,1.097,470.0729685,0.578874506
11/11/2020 5:00,2020,11,11,11/11/2020,6,9.136,100.582,1.08,470.0354107,0.578828255
11/11/2020 6:00,2020,11,11,11/11/2020,7,9.339,98.702,1.08,469.9978669,0.578782022
11/11/2020 7:00,2020,11,11,11/11/2020,8,7.65,99.987,1.08,498.973772,0.614464594
11/11/2020 8:00,2020,11,11,11/11/2020,9,7.939,98.078,1.08,568.980884,0.700675321
11/11/2020 9:00,2020,11,11,11/11/2020,10,7.715,99.735,1.08,638.9880101,0.786886065
11/11/2020 10:00,2020,11,11,11/11/2020,11,7.653,99.688,1.08,667.9639575,0.82256869
11/11/2020 11:00,2020,11,11,11/11/2020,12,8.817,99.206,1.08,667.9264844,0.822522543
11/11/2020 12:00,2020,11,11,11/11/2020,13,10.203,100.161,1.08,667.8890255,0.822476414
11/11/2020 13:00,2020,11,11,11/11/2020,14,9.82,99.325,1.08,667.8515807,0.822430303
11/11/2020 14:00,2020,11,11,11/11/2020,15,12.179,99.141,1.094,667.8141502,0.822384209
11/11/2020 15:00,2020,11,11,11/11/2020,16,13.82,98.872,1.126,667.776734,0.822338132
11/11/2020 16:00,2020,11,11,11/11/2020,17,14.21,98.835,1.134,667.739332,0.822292073
11/11/2020 17:00,2020,11,11,11/11/2020,18,13.809,100.924,1.126,667.7019442,0.822246032
11/11/2020 18:00,2020,11,11,11/11/2020,19,15.788,98.73,1.166,667.6645708,0.822200008
11/11/2020 19:00,2020,11,11,11/11/2020,20,17.739,99.996,1.205,605.9910841,0.74625178
11/11/2020 20:00,2020,11,11,11/11/2020,21,17.34,100.825,1.197,544.3176117,0.670303569
11/11/2020 21:00,2020,11,11,11/11/2020,22,17.795,100.186,1.206,544.2802813,0.670257598
11/11/2020 22:00,2020,11,11,11/11/2020,23,18.642,98.343,1.211,544.2429652,0.670211645
11/11/2020 23:00,2020,11,11,11/11/2020,24,18.088,98.971,1.21,506.783729,0.624082218
11/12/2020 0:00,2020,11,12,11/12/2020,1,16.399,98.805,1.178,469.3245071,0.577952808
11/12/2020 1:00,2020,11,12,11/12/2020,2,15.114,99.535,1.152,469.2872343,0.577906908
11/12/2020 2:00,2020,11,12,11/12/2020,3,14.314,100.414,1.136,469.2499759,0.577861026
11/12/2020 3:00,2020,11,12,11/12/2020,4,14.103,99.361,1.132,469.2127321,0.577815162
11/12/2020 4:00,2020,11,12,11/12/2020,5,11.152,98.906,1.08,469.1755027,0.577769316
11/12/2020 5:00,2020,11,12,11/12/2020,6,10.909,100.295,1.08,469.1382878,0.577723487
11/12/2020 6:00,2020,11,12,11/12/2020,7,9.848,99.527,1.08,469.1010874,0.577677676
11/12/2020 7:00,2020,11,12,11/12/2020,8,9.201,100.746,1.08,498.0773363,0.613360672
11/12/2020 8:00,2020,11,12,11/12/2020,9,8.497,100.508,1.08,568.0847925,0.699571823
11/12/2020 9:00,2020,11,12,11/12/2020,10,8.374,100.215,1.08,638.0922633,0.785782992
11/12/2020 10:00,2020,11,12,11/12/2020,11,9.021,100.168,1.08,667.068556,0.821466042
11/12/2020 11:00,2020,11,12,11/12/2020,12,7.776,99.042,1.08,667.0314285,0.821420321
11/12/2020 12:00,2020,11,12,11/12/2020,13,8.73,99.661,1.08,666.9943157,0.821374618
11/12/2020 13:00,2020,11,12,11/12/2020,14,10.979,100.711,1.08,666.9572176,0.821328933
11/12/2020 14:00,2020,11,12,11/12/2020,15,12.884,101.6,1.108,666.9201341,0.821283267
11/12/2020 15:00,2020,11,12,11/12/2020,16,12.72,99.839,1.104,666.8830654,0.821237618
11/12/2020 16:00,2020,11,12,11/12/2020,17,13.133,101.748,1.113,666.8460113,0.821191988
11/12/2020 17:00,2020,11,12,11/12/2020,18,14.49,98.874,1.14,666.808972,0.821146375
11/12/2020 18:00,2020,11,12,11/12/2020,19,16.5,98.934,1.18,666.7719475,0.821100781
11/12/2020 19:00,2020,11,12,11/12/2020,20,16.766,101.078,1.185,605.0988101,0.745152983
11/12/2020 20:00,2020,11,12,11/12/2020,21,17.507,100.367,1.2,543.4256875,0.669205203
11/12/2020 21:00,2020,11,12,11/12/2020,22,18.645,100.041,1.211,543.3887074,0.669159664
11/12/2020 22:00,2020,11,12,11/12/2020,23,18.346,99.675,1.211,543.351742,0.669114142
11/12/2020 23:00,2020,11,12,11/12/2020,24,17.145,100.632,1.193,505.8928569,0.622985147
11/13/2020 0:00,2020,11,13,11/13/2020,1,16.758,98.546,1.185,468.4339867,0.576856171
11/13/2020 1:00,2020,11,13,11/13/2020,2,15.369,101.625,1.157,468.397066,0.576810705
11/13/2020 2:00,2020,11,13,11/13/2020,3,13.86,99.84,1.127,468.3601602,0.576765257
11/13/2020 3:00,2020,11,13,11/13/2020,4,14.324,100.863,1.136,468.3232693,0.576719827
11/13/2020 4:00,2020,11,13,11/13/2020,5,10.44,99.415,1.08,468.2863933,0.576674416
11/13/2020 5:00,2020,11,13,11/13/2020,6,9.166,99.427,1.08,468.2495324,0.576629023
11/13/2020 6:00,2020,11,13,11/13/2020,7,8.775,100.317,1.08,468.2126864,0.576583649
11/13/2020 7:00,2020,11,13,11/13/2020,8,7.377,100.259,1.08,497.1892901,0.612267082
11/13/2020 8:00,2020,11,13,11/13/2020,9,7.737,100.247,1.08,567.1971016,0.69847867
11/13/2020 9:00,2020,11,13,11/13/2020,10,9.381,103.744,1.08,637.2049282,0.784690277
11/13/2020 10:00,2020,11,13,11/13/2020,11,8.63,103.308,1.08,666.1815771,0.820373766
11/13/2020 11:00,2020,11,13,11/13/2020,12,9.135,102.631,1.08,666.1448063,0.820328484
11/13/2020 12:00,2020,11,13,11/13/2020,13,9.423,102.071,1.08,666.1080506,0.820283221
11/13/2020 13:00,2020,11,13,11/13/2020,14,9.046,101.205,1.08,666.07131,0.820237977
11/13/2020 14:00,2020,11,13,11/13/2020,15,9.947,103.768,1.08,666.0345846,0.820192751
11/13/2020 15:00,2020,11,13,11/13/2020,16,13.62,102.523,1.122,665.9978743,0.820147544
11/13/2020 16:00,2020,11,13,11/13/2020,17,13.749,102.692,1.125,665.9611792,0.820102355
11/13/2020 17:00,2020,11,13,11/13/2020,18,15.024,101.585,1.15,665.9244993,0.820057185
11/13/2020 18:00,2020,11,13,11/13/2020,19,16.39,102.747,1.178,665.8878346,0.820012034
11/13/2020 19:00,2020,11,13,11/13/2020,20,16.153,101.609,1.173,604.2150576,0.74406468
11/13/2020 20:00,2020,11,13,11/13/2020,21,17.403,100.084,1.198,542.5422957,0.668117344
11/13/2020 21:00,2020,11,13,11/13/2020,22,17.153,100.757,1.193,542.5056768,0.66807225
11/13/2020 22:00,2020,11,13,11/13/2020,23,18.365,99.19,1.211,542.4690731,0.668027174
11/13/2020 23:00,2020,11,13,11/13/2020,24,18.247,99.531,1.211,505.0105502,0.621898625
11/14/2020 0:00,2020,11,14,11/14/2020,1,17.717,100.106,1.204,467.5520425,0.575770095
11/14/2020 1:00,2020,11,14,11/14/2020,2,15.25,102.043,1.155,467.5154848,0.575725076
11/14/2020 2:00,2020,11,14,11/14/2020,3,13.772,99.71,1.125,467.4789425,0.575680075
11/14/2020 3:00,2020,11,14,11/14/2020,4,14.312,100.596,1.136,467.4424156,0.575635094
11/14/2020 4:00,2020,11,14,11/14/2020,5,12.22,99.753,1.094,467.405904,0.575590131
11/14/2020 5:00,2020,11,14,11/14/2020,6,10.597,99.512,1.08,467.3694079,0.575545188
11/14/2020 6:00,2020,11,14,11/14/2020,7,9.843,98.822,1.08,467.3329272,0.575500264
11/14/2020 7:00,2020,11,14,11/14/2020,8,8.245,99.881,1.08,496.3098966,0.611184147
11/14/2020 8:00,2020,11,14,11/14/2020,9,8.277,102.085,1.08,566.3180744,0.697396186
11/14/2020 9:00,2020,11,14,11/14/2020,10,9.875,102.61,1.08,636.3262676,0.783608245
11/14/2020 10:00,2020,11,14,11/14/2020,11,9.338,103.037,1.08,665.3032836,0.819292185
11/14/2020 11:00,2020,11,14,11/14/2020,12,8.475,102.006,1.08,665.2668804,0.819247356
11/14/2020 12:00,2020,11,14,11/14/2020,13,9.615,102.572,1.08,665.2304927,0.819202546
11/14/2020 13:00,2020,11,14,11/14/2020,14,10.098,102.826,1.08,665.1941206,0.819157756
11/14/2020 14:00,2020,11,14,11/14/2020,15,11.484,101.007,1.08,665.1577641,0.819112984
11/14/2020 15:00,2020,11,14,11/14/2020,16,13.052,102.344,1.111,665.1214232,0.819068232
11/14/2020 16:00,2020,11,14,11/14/2020,17,13.959,99.988,1.129,665.0850979,0.819023499
11/14/2020 17:00,2020,11,14,11/14/2020,18,16.413,101.24,1.178,665.0487882,0.818978785
11/14/2020 18:00,2020,11,14,11/14/2020,19,16.333,103.92,1.177,665.0124942,0.818934091
11/14/2020 19:00,2020,11,14,11/14/2020,20,17.076,101.884,1.192,603.3400884,0.742987193
11/14/2020 20:00,2020,11,14,11/14/2020,21,17.072,101.273,1.191,541.6676982,0.667040315
11/14/2020 21:00,2020,11,14,11/14/2020,22,17.898,101.171,1.208,541.6314513,0.666995679
11/14/2020 22:00,2020,11,14,11/14/2020,23,16.591,100.411,1.182,541.5952201,0.666951062
11/14/2020 23:00,2020,11,14,11/14/2020,24,16.523,100.12,1.18,504.1370701,0.620822972
11/15/2020 0:00,2020,11,15,11/15/2020,1,17.924,101.142,1.208,466.6789359,0.574694902
11/15/2020 1:00,2020,11,15,11/15/2020,2,15.356,101.308,1.157,466.6427521,0.574650343
11/15/2020 2:00,2020,11,15,11/15/2020,3,14.525,100.805,1.141,466.6065841,0.574605804
11/15/2020 3:00,2020,11,15,11/15/2020,4,13.009,98.972,1.11,466.5704319,0.574561284
11/15/2020 4:00,2020,11,15,11/15/2020,5,10.613,101.071,1.08,466.5342956,0.574516783
11/15/2020 5:00,2020,11,15,11/15/2020,6,9.807,100.15,1.08,466.4981751,0.574472303
11/15/2020 6:00,2020,11,15,11/15/2020,7,8.948,101.817,1.08,466.4620705,0.574427841
11/15/2020 7:00,2020,11,15,11/15/2020,8,7.503,100.349,1.08,495.4394165,0.610112188
11/15/2020 8:00,2020,11,15,11/15/2020,9,8.02,103.18,1.08,565.4479713,0.696324692
11/15/2020 9:00,2020,11,15,11/15/2020,10,7.143,102.517,1.08,635.456542,0.782537215
11/15/2020 10:00,2020,11,15,11/15/2020,11,8.013,102.218,1.08,664.4339358,0.818221621
11/15/2020 11:00,2020,11,15,11/15/2020,12,9.101,103.353,1.08,664.3979109,0.818177258
11/15/2020 12:00,2020,11,15,11/15/2020,13,9.855,103.293,1.08,664.361902,0.818132915
11/15/2020 13:00,2020,11,15,11/15/2020,14,10.682,101.575,1.08,664.3259092,0.818088591
11/15/2020 14:00,2020,11,15,11/15/2020,15,10.704,103.167,1.08,664.2899324,0.818044287
11/15/2020 15:00,2020,11,15,11/15/2020,16,11.693,102.91,1.084,664.2539716,0.818000003
11/15/2020 16:00,2020,11,15,11/15/2020,17,14.114,103.029,1.132,664.2180269,0.817955739
11/15/2020 17:00,2020,11,15,11/15/2020,18,15.517,101.967,1.16,664.1820983,0.817911494
11/15/2020 18:00,2020,11,15,11/15/2020,19,16.722,100.475,1.184,664.1461857,0.817867269
11/15/2020 19:00,2020,11,15,11/15/2020,20,16.097,102.017,1.172,602.4741618,0.741920842
11/15/2020 20:00,2020,11,15,11/15/2020,21,18.759,100.628,1.212,540.8021539,0.665974435
11/15/2020 21:00,2020,11,15,11/15/2020,22,18.758,100.637,1.212,540.7662899,0.66593027
11/15/2020 22:00,2020,11,15,11/15/2020,23,16.963,99.889,1.189,540.730442,0.665886125
11/15/2020 23:00,2020,11,15,11/15/2020,24,17.278,99.434,1.196,503.2726757,0.619758508
11/16/2020 0:00,2020,11,16,11/16/2020,1,16.112,102.231,1.172,465.8149256,0.57363091
11/16/2020 1:00,2020,11,16,11/16/2020,2,14.636,101.291,1.143,465.7791264,0.573586825
11/16/2020 2:00,2020,11,16,11/16/2020,3,14.19,99.322,1.134,465.7433434,0.57354276
11/16/2020 3:00,2020,11,16,11/16/2020,4,12.615,99.474,1.102,465.7075767,0.573498715
11/16/2020 4:00,2020,11,16,11/16/2020,5,11.832,97.979,1.087,465.6718263,0.57345469
11/16/2020 5:00,2020,11,16,11/16/2020,6,10.997,99.67,1.08,465.6360921,0.573410685
11/16/2020 6:00,2020,11,16,11/16/2020,7,10.598,100.486,1.08,465.6003744,0.5733667
11/16/2020 7:00,2020,11,16,11/16/2020,8,8.39,100.278,1.08,494.5781076,0.609051524
11/16/2020 8:00,2020,11,16,11/16/2020,9,8.325,101.547,1.08,564.5870501,0.695264505
11/16/2020 9:00,2020,11,16,11/16/2020,10,7.417,103.818,1.08,634.5960089,0.781477506
11/16/2020 10:00,2020,11,16,11/16/2020,11,10.277,102.926,1.08,663.5737913,0.81716239
11/16/2020 11:00,2020,11,16,11/16/2020,12,8.308,103.383,1.08,663.5381555,0.817118506
11/16/2020 12:00,2020,11,16,11/16/2020,13,9.735,101.544,1.08,663.5025361,0.817074643
11/16/2020 13:00,2020,11,16,11/16/2020,14,11.27,103.389,1.08,663.4669331,0.817030799
11/16/2020 14:00,2020,11,16,11/16/2020,15,11.898,103.181,1.088,663.4313466,0.816986976
11/16/2020 15:00,2020,11,16,11/16/2020,16,12.949,99.819,1.109,663.3957766,0.816943173
11/16/2020 16:00,2020,11,16,11/16/2020,17,12.501,99.366,1.1,663.3602232,0.81689939
11/16/2020 17:00,2020,11,16,11/16/2020,18,15.875,101.905,1.167,663.3246862,0.816855628
11/16/2020 18:00,2020,11,16,11/16/2020,19,16.239,102.367,1.175,663.2891658,0.816811886
11/16/2020 19:00,2020,11,16,11/16/2020,20,16.139,100.767,1.173,601.6175344,0.740865943
11/16/2020 20:00,2020,11,16,11/16/2020,21,18.53,100.247,1.211,539.9459196,0.66492002
11/16/2020 21:00,2020,11,16,11/16/2020,22,17.757,100.413,1.205,539.9104489,0.664876339
11/16/2020 22:00,2020,11,16,11/16/2020,23,18.789,98.53,1.212,539.8749949,0.664832679
11/16/2020 23:00,2020,11,16,11/16/2020,24,16.14,99.613,1.173,502.4176229,0.618705547
11/17/2020 0:00,2020,11,17,11/17/2020,1,16.946,99.997,1.189,464.9602676,0.572578436
11/17/2020 1:00,2020,11,17,11/17/2020,2,15.197,99.93,1.154,464.9248636,0.572534838
11/17/2020 2:00,2020,11,17,11/17/2020,3,14.283,100.665,1.136,464.8894762,0.57249126
11/17/2020 3:00,2020,11,17,11/17/2020,4,11.838,99.804,1.087,464.8541056,0.572447702
11/17/2020 4:00,2020,11,17,11/17/2020,5,11.643,99.391,1.083,464.8187517,0.572404165
11/17/2020 5:00,2020,11,17,11/17/2020,6,10.502,101.967,1.08,464.7834145,0.572360649
11/17/2020 6:00,2020,11,17,11/17/2020,7,8.552,100.14,1.08,464.7480941,0.572317154
11/17/2020 7:00,2020,11,17,11/17/2020,8,8.174,100.061,1.08,493.7262252,0.608002467
11/17/2020 8:00,2020,11,17,11/17/2020,9,8.65,102.342,1.08,563.7355659,0.694215939
11/17/2020 9:00,2020,11,17,11/17/2020,10,8.454,103.58,1.08,633.7449235,0.780429431
11/17/2020 10:00,2020,11,17,11/17/2020,11,7.375,100.974,1.08,662.723105,0.816114807
11/17/2020 11:00,2020,11,17,11/17/2020,12,8.386,101.228,1.08,662.6878688,0.816071415
11/17/2020 12:00,2020,11,17,11/17/2020,13,9.61,102.886,1.08,662.6526494,0.816028044
11/17/2020 13:00,2020,11,17,11/17/2020,14,10.047,103.414,1.08,662.6174469,0.815984694
11/17/2020 14:00,2020,11,17,11/17/2020,15,11.765,101.807,1.085,662.5822613,0.815941364
11/17/2020 15:00,2020,11,17,11/17/2020,16,11.706,100.698,1.084,662.5470926,0.815898055
11/17/2020 16:00,2020,11,17,11/17/2020,17,13.849,103.058,1.127,662.5119409,0.815854768
11/17/2020 17:00,2020,11,17,11/17/2020,18,16.752,100.967,1.185,662.4768062,0.815811501
11/17/2020 18:00,2020,11,17,11/17/2020,19,16.887,102.834,1.188,662.4416884,0.815768255
11/17/2020 19:00,2020,11,17,11/17/2020,20,16.429,101.757,1.179,600.7704601,0.739822807
11/17/2020 20:00,2020,11,17,11/17/2020,21,17.134,100.691,1.193,539.0992487,0.663877381
11/17/2020 21:00,2020,11,17,11/17/2020,22,17.821,99.977,1.206,539.064182,0.663834198
11/17/2020 22:00,2020,11,17,11/17/2020,23,18.33,101.698,1.211,539.0291324,0.663791036
11/17/2020 23:00,2020,11,17,11/17/2020,24,17.906,99.987,1.208,501.5721652,0.617664403
11/18/2020 0:00,2020,11,18,11/18/2020,1,17.129,101.732,1.193,464.1152152,0.571537791
11/18/2020 1:00,2020,11,18,11/18/2020,2,14.98,100.424,1.15,464.0802168,0.571494692
11/18/2020 2:00,2020,11,18,11/18/2020,3,13.952,100.391,1.129,464.0452356,0.571451614
11/18/2020 3:00,2020,11,18,11/18/2020,4,13.413,101.451,1.118,464.0102715,0.571408557
11/18/2020 4:00,2020,11,18,11/18/2020,5,12.284,98.987,1.096,463.9753246,0.571365521
11/18/2020 5:00,2020,11,18,11/18/2020,6,9.446,99.073,1.08,463.9403949,0.571322507
11/18/2020 6:00,2020,11,18,11/18/2020,7,9.463,99.072,1.08,463.9054823,0.571279514
11/18/2020 7:00,2020,11,18,11/18/2020,8,9.51,100.382,1.08,492.8840217,0.60696533
11/18/2020 8:00,2020,11,18,11/18/2020,9,7.335,100.805,1.08,562.8937712,0.693179305
11/18/2020 9:00,2020,11,18,11/18/2020,10,7.709,100.587,1.08,632.9035379,0.779393301
11/18/2020 10:00,2020,11,18,11/18/2020,11,7.78,100.805,1.08,661.882129,0.815079181
11/18/2020 11:00,2020,11,18,11/18/2020,12,7.852,100.496,1.08,661.8473027,0.815036294
11/18/2020 12:00,2020,11,18,11/18/2020,13,9.266,99.786,1.08,661.8124938,0.814993429
11/18/2020 13:00,2020,11,18,11/18/2020,14,9.606,101.266,1.08,661.7777022,0.814950584
11/18/2020 14:00,2020,11,18,11/18/2020,15,10.412,99.18,1.08,661.7429279,0.814907761
11/18/2020 15:00,2020,11,18,11/18/2020,16,12.604,100.702,1.102,661.708171,0.81486496
11/18/2020 16:00,2020,11,18,11/18/2020,17,15.228,98.395,1.155,661.6734315,0.81482218
11/18/2020 17:00,2020,11,18,11/18/2020,18,16.371,98.401,1.177,661.6387094,0.814779421
11/18/2020 18:00,2020,11,18,11/18/2020,19,16.674,99.652,1.183,661.6040046,0.814736683
11/18/2020 19:00,2020,11,18,11/18/2020,20,17.447,101.543,1.199,599.9331898,0.738791745
11/18/2020 20:00,2020,11,18,11/18/2020,21,17.512,100.634,1.2,538.2623924,0.662846829
11/18/2020 21:00,2020,11,18,11/18/2020,22,17.673,101.777,1.203,538.22774,0.662804156
11/18/2020 22:00,2020,11,18,11/18/2020,23,17.795,98.666,1.206,538.1931051,0.662761504
11/18/2020 23:00,2020,11,18,11/18/2020,24,16.32,100.635,1.176,500.7365532,0.616635383
11/19/2020 0:00,2020,11,19,11/19/2020,1,16.23,100.667,1.175,463.2800187,0.570509282
11/19/2020 1:00,2020,11,19,11/19/2020,2,15.517,100.638,1.16,463.2454364,0.570466696
11/19/2020 2:00,2020,11,19,11/19/2020,3,14.499,100.832,1.14,463.2108717,0.570424131
11/19/2020 3:00,2020,11,19,11/19/2020,4,12.786,100.048,1.106,463.1763245,0.570381587
11/19/2020 4:00,2020,11,19,11/19/2020,5,11.806,99.546,1.086,463.1417949,0.570339066
11/19/2020 5:00,2020,11,19,11/19/2020,6,9.343,100.268,1.08,463.107283,0.570296566
11/19/2020 6:00,2020,11,19,11/19/2020,7,8.807,99.696,1.08,463.0727887,0.570254088
11/19/2020 7:00,2020,11,19,11/19/2020,8,9.142,100.714,1.08,492.0517467,0.60594042
11/19/2020 8:00,2020,11,19,11/19/2020,9,6.429,100.428,1.08,562.0619152,0.692154911
11/19/2020 9:00,2020,11,19,11/19/2020,10,7.603,100.08,1.08,632.0721014,0.778369423
11/19/2020 10:00,2020,11,19,11/19/2020,11,7.847,100.773,1.08,661.0511124,0.814055821
11/19/2020 11:00,2020,11,19,11/19/2020,12,7.822,98.756,1.08,661.0167065,0.814013451
11/19/2020 12:00,2020,11,19,11/19/2020,13,8.463,99.575,1.08,660.9823183,0.813971104
11/19/2020 13:00,2020,11,19,11/19/2020,14,11.192,100.593,1.08,660.9479479,0.813928778
11/19/2020 14:00,2020,11,19,11/19/2020,15,11.409,99.426,1.08,660.9135953,0.813886474
11/19/2020 15:00,2020,11,19,11/19/2020,16,13.511,101.204,1.12,660.8792604,0.813844192
11/19/2020 16:00,2020,11,19,11/19/2020,17,15.296,99.475,1.156,660.8449434,0.813801932
11/19/2020 17:00,2020,11,19,11/19/2020,18,14.399,100.371,1.138,660.8106441,0.813759694
11/19/2020 18:00,2020,11,19,11/19/2020,19,15.231,100.57,1.155,660.7763628,0.813717478
11/19/2020 19:00,2020,11,19,11/19/2020,20,16.623,98.978,1.182,599.1059716,0.737773062
11/19/2020 20:00,2020,11,19,11/19/2020,21,18.621,98.854,1.211,537.4355984,0.661828668
11/19/2020 21:00,2020,11,19,11/19/2020,22,17.868,100.887,1.207,537.4013707,0.661786518
11/19/2020 22:00,2020,11,19,11/19/2020,23,16.932,100.057,1.189,537.3671608,0.66174439
11/19/2020 23:00,2020,11,19,11/19/2020,24,18.077,99.436,1.21,499.9110343,0.615618792
11/20/2020 0:00,2020,11,20,11/20/2020,1,16.418,98.246,1.178,462.4549257,0.569493216
11/20/2020 1:00,2020,11,20,11/20/2020,2,15.574,99.313,1.161,462.4207697,0.569451154
11/20/2020 2:00,2020,11,20,11/20/2020,3,14.383,100.314,1.138,462.3866317,0.569409115
11/20/2020 3:00,2020,11,20,11/20/2020,4,13.075,101.083,1.111,462.3525117,0.569367098
11/20/2020 4:00,2020,11,20,11/20/2020,5,12.239,101.905,1.095,462.3184097,0.569325103
11/20/2020 5:00,2020,11,20,11/20/2020,6,10.217,99.804,1.08,462.2843258,0.56928313
11/20/2020 6:00,2020,11,20,11/20/2020,7,9.434,99.874,1.08,462.2502599,0.569241179
11/20/2020 7:00,2020,11,20,11/20/2020,8,8.532,101.413,1.08,491.2296467,0.604928039
11/20/2020 8:00,2020,11,20,11/20/2020,9,8.99,100.663,1.08,561.2402445,0.691143059
11/20/2020 9:00,2020,11,20,11/20/2020,10,8.169,101.052,1.08,631.2508604,0.777358101
11/20/2020 10:00,2020,11,20,11/20/2020,11,8.147,102.492,1.08,660.2303015,0.813045027
11/20/2020 11:00,2020,11,20,11/20/2020,12,9.942,103.301,1.08,660.1963262,0.813003188
11/20/2020 12:00,2020,11,20,11/20/2020,13,8.918,101.452,1.08,660.162369,0.812961371
11/20/2020 13:00,2020,11,20,11/20/2020,14,11.109,100.456,1.08,660.1284299,0.812919577
11/20/2020 14:00,2020,11,20,11/20/2020,15,11.205,101.264,1.08,660.0945091,0.812877805
11/20/2020 15:00,2020,11,20,11/20/2020,16,12.479,101.118,1.1,660.0606064,0.812836055
11/20/2020 16:00,2020,11,20,11/20/2020,17,14.866,102.739,1.147,660.026722,0.812794328
11/20/2020 17:00,2020,11,20,11/20/2020,18,15.32,101.601,1.156,659.9928559,0.812752623
11/20/2020 18:00,2020,11,20,11/20/2020,19,18.426,101.947,1.211,659.959008,0.812710941
11/20/2020 19:00,2020,11,20,11/20/2020,20,17.342,101.39,1.197,598.2890508,0.736767059
11/20/2020 20:00,2020,11,20,11/20/2020,21,17.468,99.038,1.199,536.6191119,0.6608232
11/20/2020 21:00,2020,11,20,11/20/2020,22,17.947,100.523,1.209,536.5853189,0.660781585
11/20/2020 22:00,2020,11,20,11/20/2020,23,17.903,100.467,1.208,536.5515442,0.660739993
11/20/2020 23:00,2020,11,20,11/20/2020,24,15.182,99.342,1.154,499.0958533,0.614614932
11/21/2020 0:00,2020,11,21,11/21/2020,1,16.806,100.855,1.186,461.6401807,0.568489893
11/21/2020 1:00,2020,11,21,11/21/2020,2,14.588,98.771,1.142,461.6064611,0.568448369
11/21/2020 2:00,2020,11,21,11/21/2020,3,14.139,99.192,1.133,461.57276,0.568406867
11/21/2020 3:00,2020,11,21,11/21/2020,4,12.991,99.931,1.11,461.5390772,0.568365388
11/21/2020 4:00,2020,11,21,11/21/2020,5,11.467,99.841,1.08,461.5054129,0.568323932
11/21/2020 5:00,2020,11,21,11/21/2020,6,10.965,97.691,1.08,461.4717671,0.568282499
11/21/2020 6:00,2020,11,21,11/21/2020,7,9.581,98.404,1.08,461.4381397,0.568241088
11/21/2020 7:00,2020,11,21,11/21/2020,8,9.282,98.869,1.08,490.4179655,0.603928489
11/21/2020 8:00,2020,11,21,11/21/2020,9,8.028,102.591,1.08,560.4290026,0.690144049
11/21/2020 9:00,2020,11,21,11/21/2020,10,7.41,103.273,1.08,630.4400582,0.776359633
11/21/2020 10:00,2020,11,21,11/21/2020,11,8.741,99.821,1.08,659.4199396,0.812047102
11/21/2020 11:00,2020,11,21,11/21/2020,12,9.074,102.023,1.08,659.3864048,0.812005805
11/21/2020 12:00,2020,11,21,11/21/2020,13,10.097,100.914,1.08,659.3528886,0.811964531
11/21/2020 13:00,2020,11,21,11/21/2020,14,10.61,101.209,1.08,659.319391,0.811923281
11/21/2020 14:00,2020,11,21,11/21/2020,15,10.183,102.683,1.08,659.2859121,0.811882053
11/21/2020 15:00,2020,11,21,11/21/2020,16,12.749,100.735,1.105,659.2524517,0.811840848
11/21/2020 16:00,2020,11,21,11/21/2020,17,14.474,104.179,1.139,659.21901,0.811799666
11/21/2020 17:00,2020,11,21,11/21/2020,18,14.69,101.952,1.144,659.1855869,0.811758507
11/21/2020 18:00,2020,11,21,11/21/2020,19,17.657,102.119,1.203,659.1521825,0.811717371
11/21/2020 19:00,2020,11,21,11/21/2020,20,17.404,102.209,1.198,597.4826693,0.735774035
11/21/2020 20:00,2020,11,21,11/21/2020,21,17.484,99.303,1.2,535.8131747,0.659830723
11/21/2020 21:00,2020,11,21,11/21/2020,22,18.046,100.111,1.21,535.7798265,0.659789656
11/21/2020 22:00,2020,11,21,11/21/2020,23,17.285,99.061,1.196,535.746497,0.659748612
11/21/2020 23:00,2020,11,21,11/21/2020,24,16.736,100.25,1.185,498.2912516,0.6136241
11/22/2020 0:00,2020,11,22,11/22/2020,1,16.418,100.4,1.178,460.8360251,0.56749961
11/22/2020 1:00,2020,11,22,11/22/2020,2,14.624,100.67,1.142,460.8027519,0.567458636
11/22/2020 2:00,2020,11,22,11/22/2020,3,13.799,100.577,1.126,460.7694976,0.567417684
11/22/2020 3:00,2020,11,22,11/22/2020,4,11.778,98.894,1.086,460.7362621,0.567376756
11/22/2020 4:00,2020,11,22,11/22/2020,5,12.085,100.757,1.092,460.7030454,0.567335851
11/22/2020 5:00,2020,11,22,11/22/2020,6,10.35,99.959,1.08,460.6698476,0.56729497
11/22/2020 6:00,2020,11,22,11/22/2020,7,9.5,99.113,1.08,460.6366687,0.567254111
11/22/2020 7:00,2020,11,22,11/22/2020,8,7.496,100.381,1.08,489.6169434,0.602942065
11/22/2020 8:00,2020,11,22,11/22/2020,9,7.567,102.075,1.08,559.6284299,0.689158179
11/22/2020 9:00,2020,11,22,11/22/2020,10,5.742,102.259,1.08,629.6399352,0.775374316
11/22/2020 10:00,2020,11,22,11/22/2020,11,7.092,103.153,1.08,658.6202667,0.811062339
11/22/2020 11:00,2020,11,22,11/22/2020,12,8.429,101.898,1.08,658.5871825,0.811021598
11/22/2020 12:00,2020,11,22,11/22/2020,13,9.39,101.77,1.08,658.5541172,0.810980879
11/22/2020 13:00,2020,11,22,11/22/2020,14,9.566,100.781,1.08,658.521071,0.810940184
11/22/2020 14:00,2020,11,22,11/22/2020,15,11.557,102.84,1.081,658.4880438,0.810899513
11/22/2020 15:00,2020,11,22,11/22/2020,16,13.532,103.374,1.121,658.4550356,0.810858864
11/22/2020 16:00,2020,11,22,11/22/2020,17,15.051,101.465,1.151,658.4220465,0.81081824
11/22/2020 17:00,2020,11,22,11/22/2020,18,14.966,102.451,1.149,658.3890764,0.810777639
11/22/2020 18:00,2020,11,22,11/22/2020,19,16.708,101.766,1.184,658.3561255,0.810737061
11/22/2020 19:00,2020,11,22,11/22/2020,20,16.654,102.034,1.183,596.687066,0.734794284
11/22/2020 20:00,2020,11,22,11/22/2020,21,16.71,98.775,1.184,535.0180257,0.658851532
11/22/2020 21:00,2020,11,22,11/22/2020,22,19.116,97.627,1.212,534.9851321,0.658811025
11/22/2020 22:00,2020,11,22,11/22/2020,23,16.771,100.19,1.185,534.9522577,0.658770541
11/22/2020 23:00,2020,11,22,11/22/2020,24,15.809,98.969,1.166,497.4974678,0.612646589
11/23/2020 0:00,2020,11,23,11/23/2020,1,15.689,99.998,1.164,460.0426971,0.566522661
11/23/2020 1:00,2020,11,23,11/23/2020,2,15.081,100.603,1.152,460.0098802,0.566482248
11/23/2020 2:00,2020,11,23,11/23/2020,3,13.813,100.642,1.126,459.9770826,0.56644186
11/23/2020 3:00,2020,11,23,11/23/2020,4,11.935,100.2,1.089,459.9443042,0.566401494
11/23/2020 4:00,2020,11,23,11/23/2020,5,12.039,100.641,1.091,459.911545,0.566361153
11/23/2020 5:00,2020,11,23,11/23/2020,6,8.32,100.104,1.08,459.8788051,0.566320835
11/23/2020 6:00,2020,11,23,11/23/2020,7,9.264,100.71,1.08,459.8460845,0.566280541
11/23/2020 7:00,2020,11,23,11/23/2020,8,9.533,99.262,1.08,488.826818,0.601969059
11/23/2020 8:00,2020,11,23,11/23/2020,9,7.974,102.259,1.08,558.8387635,0.688185739
11/23/2020 9:00,2020,11,23,11/23/2020,10,7.418,103.504,1.08,628.8507284,0.774402442
11/23/2020 10:00,2020,11,23,11/23/2020,11,7.735,101.104,1.08,657.8315198,0.810091032
11/23/2020 11:00,2020,11,23,11/23/2020,12,8.438,100.097,1.08,657.798896,0.810050857
11/23/2020 12:00,2020,11,23,11/23/2020,13,9.834,101.08,1.08,657.7662915,0.810010706
11/23/2020 13:00,2020,11,23,11/23/2020,14,9.299,101.806,1.08,657.7337064,0.809970579
11/23/2020 14:00,2020,11,23,11/23/2020,15,10.678,102.386,1.08,657.7011407,0.809930475
11/23/2020 15:00,2020,11,23,11/23/2020,16,12.108,102.954,1.092,657.6685945,0.809890396
11/23/2020 16:00,2020,11,23,11/23/2020,17,13.298,103.08,1.116,657.6360678,0.809850341
11/23/2020 17:00,2020,11,23,11/23/2020,18,16.383,102.553,1.178,657.6035605,0.80981031
11/23/2020 18:00,2020,11,23,11/23/2020,19,16.597,100.55,1.182,657.5710727,0.809770302
11/23/2020 19:00,2020,11,23,11/23/2020,20,18.94,102.835,1.212,595.9024768,0.733828097
11/23/2020 20:00,2020,11,23,11/23/2020,21,17.629,100.946,1.203,534.2339005,0.657885915
11/23/2020 21:00,2020,11,23,11/23/2020,22,17.764,98.555,1.205,534.2014713,0.65784598
11/23/2020 22:00,2020,11,23,11/23/2020,23,16.968,99.125,1.189,534.1690617,0.657806069
11/23/2020 23:00,2020,11,23,11/23/2020,24,16.695,99.364,1.184,496.714737,0.61168269
11/24/2020 0:00,2020,11,24,11/24/2020,1,17.034,101.068,1.191,459.2604319,0.565559335
11/24/2020 1:00,2020,11,24,11/24/2020,2,17.311,101.499,1.196,459.228081,0.565519497
11/24/2020 2:00,2020,11,24,11/24/2020,3,13.889,99.233,1.128,459.1957498,0.565479682
11/24/2020 3:00,2020,11,24,11/24/2020,4,12.1,98.807,1.092,459.1634382,0.565439892
11/24/2020 4:00,2020,11,24,11/24/2020,5,11.839,99.003,1.087,459.1311462,0.565400126
11/24/2020 5:00,2020,11,24,11/24/2020,6,9.803,101.566,1.08,459.0988739,0.565360384
11/24/2020 6:00,2020,11,24,11/24/2020,7,9.749,99.233,1.08,459.0666214,0.565320666
11/24/2020 7:00,2020,11,24,11/24/2020,8,7.627,102.108,1.08,488.0478232,0.601009761
11/24/2020 8:00,2020,11,24,11/24/2020,9,9.129,102.56,1.08,558.0602376,0.687227018
11/24/2020 9:00,2020,11,24,11/24/2020,10,8.038,100.646,1.08,628.0726717,0.773444299
11/24/2020 10:00,2020,11,24,11/24/2020,11,8.212,101.279,1.08,657.0539327,0.809133467
11/24/2020 11:00,2020,11,24,11/24/2020,12,8.063,101.946,1.08,657.0217788,0.809093871
11/24/2020 12:00,2020,11,24,11/24/2020,13,8.686,102.226,1.08,656.9896448,0.809054299
11/24/2020 13:00,2020,11,24,11/24/2020,14,8.626,101.652,1.08,656.9575305,0.809014752
11/24/2020 14:00,2020,11,24,11/24/2020,15,11.139,102.43,1.08,656.9254361,0.808975229
11/24/2020 15:00,2020,11,24,11/24/2020,16,12.289,104.07,1.096,656.8933615,0.80893573
11/24/2020 16:00,2020,11,24,11/24/2020,17,14.872,100.343,1.147,656.8613067,0.808896256
11/24/2020 17:00,2020,11,24,11/24/2020,18,15.804,101.368,1.166,656.8292718,0.808856807
11/24/2020 18:00,2020,11,24,11/24/2020,19,15.719,101.353,1.164,656.7972569,0.808817382
11/24/2020 19:00,2020,11,24,11/24/2020,20,15.734,102.269,1.165,595.1291342,0.732875759
11/24/2020 20:00,2020,11,24,11/24/2020,21,17.691,99.146,1.204,533.4610315,0.656934161
11/24/2020 21:00,2020,11,24,11/24/2020,22,18.883,101.142,1.212,533.4290763,0.656894809
11/24/2020 22:00,2020,11,24,11/24/2020,23,18.171,100.503,1.21,533.397141,0.656855482
11/24/2020 23:00,2020,11,24,11/24/2020,24,17.014,98.872,1.19,495.9432911,0.610732688
11/25/2020 0:00,2020,11,25,11/25/2020,1,16.74,100.394,1.185,458.4894612,0.564609918
11/25/2020 1:00,2020,11,25,11/25/2020,2,15.08,99.455,1.152,458.4575859,0.564570665
11/25/2020 2:00,2020,11,25,11/25/2020,3,15.005,99.731,1.15,458.4257307,0.564531437
11/25/2020 3:00,2020,11,25,11/25/2020,4,14.332,99.813,1.137,458.3938955,0.564492233
11/25/2020 4:00,2020,11,25,11/25/2020,5,12.043,100.199,1.091,458.3620803,0.564453054
11/25/2020 5:00,2020,11,25,11/25/2020,6,9.454,101.119,1.08,458.3302852,0.5644139
11/25/2020 6:00,2020,11,25,11/25/2020,7,7.939,99.661,1.08,458.2985102,0.56437477
11/25/2020 7:00,2020,11,25,11/25/2020,8,8.614,99.417,1.08,487.28019,0.600064454
11/25/2020 8:00,2020,11,25,11/25/2020,9,8.038,100.132,1.08,557.2930827,0.6862823
11/25/2020 9:00,2020,11,25,11/25/2020,10,7.929,99.053,1.08,627.3059955,0.77250017
11/25/2020 10:00,2020,11,25,11/25/2020,11,5.825,99.082,1.08,656.2877357,0.808189928
11/25/2020 11:00,2020,11,25,11/25/2020,12,8.396,101.234,1.08,656.2560614,0.808150923
11/25/2020 12:00,2020,11,25,11/25/2020,13,9,99.335,1.08,656.2244073,0.808111942
11/25/2020 13:00,2020,11,25,11/25/2020,14,10.559,102.019,1.08,656.1927733,0.808072986
11/25/2020 14:00,2020,11,25,11/25/2020,15,11.987,98.351,1.09,656.1611596,0.808034055
11/25/2020 15:00,2020,11,25,11/25/2020,16,12.565,99.783,1.101,656.1295661,0.807995149
11/25/2020 16:00,2020,11,25,11/25/2020,17,12.822,99.989,1.106,656.0979929,0.807956268
11/25/2020 17:00,2020,11,25,11/25/2020,18,14.841,101.384,1.147,656.0664399,0.807917412
11/25/2020 18:00,2020,11,25,11/25/2020,19,17.364,100.879,1.197,656.0349072,0.807878581
11/25/2020 19:00,2020,11,25,11/25/2020,20,17.057,99.02,1.191,594.3672673,0.731937553
11/25/2020 20:00,2020,11,25,11/25/2020,21,17.86,99.873,1.207,532.6996476,0.655996549
11/25/2020 21:00,2020,11,25,11/25/2020,22,18.926,99.908,1.212,532.6681759,0.655957793
11/25/2020 22:00,2020,11,25,11/25/2020,23,18.378,99.333,1.211,532.6367245,0.655919062
11/25/2020 23:00,2020,11,25,11/25/2020,24,18.201,99.669,1.21,495.1833588,0.609796864
11/26/2020 0:00,2020,11,26,11/26/2020,1,17.189,99.07,1.194,457.7300136,0.563674691
11/26/2020 1:00,2020,11,26,11/26/2020,2,14.465,100.17,1.139,457.6986233,0.563636036
11/26/2020 2:00,2020,11,26,11/26/2020,3,13.512,99.691,1.12,457.6672535,0.563597405
11/26/2020 3:00,2020,11,26,11/26/2020,4,13.429,98.837,1.119,457.6359041,0.5635588
11/26/2020 4:00,2020,11,26,11/26/2020,5,11.623,100.619,1.082,457.6045751,0.563520219
11/26/2020 5:00,2020,11,26,11/26/2020,6,10.382,100.908,1.08,457.5732666,0.563481664
11/26/2020 6:00,2020,11,26,11/26/2020,7,9.422,101.653,1.08,457.5419786,0.563443134
11/26/2020 7:00,2020,11,26,11/26/2020,8,9.368,100.884,1.08,486.5241457,0.599133418
11/26/2020 8:00,2020,11,26,11/26/2020,9,6.381,101.047,1.08,556.5375262,0.685351865
11/26/2020 9:00,2020,11,26,11/26/2020,10,7.613,100.33,1.08,626.5509272,0.771570336
11/26/2020 10:00,2020,11,26,11/26/2020,11,7.882,101.465,1.08,655.533156,0.807260696
11/26/2020 11:00,2020,11,26,11/26/2020,12,9.328,101.285,1.08,655.5019706,0.807222293
11/26/2020 12:00,2020,11,26,11/26/2020,13,9.944,98.655,1.08,655.4708057,0.807183914
11/26/2020 13:00,2020,11,26,11/26/2020,14,10.388,100.062,1.08,655.4396615,0.807145562
11/26/2020 14:00,2020,11,26,11/26/2020,15,10.963,100.766,1.08,655.4085379,0.807107234
11/26/2020 15:00,2020,11,26,11/26/2020,16,12.816,100.321,1.106,655.3774349,0.807068932
11/26/2020 16:00,2020,11,26,11/26/2020,17,16.285,99.632,1.176,655.3463525,0.807030656
11/26/2020 17:00,2020,11,26,11/26/2020,18,16.134,99.223,1.173,655.3152908,0.806992405
11/26/2020 18:00,2020,11,26,11/26/2020,19,17.011,101.106,1.19,655.2842497,0.806954179
11/26/2020 19:00,2020,11,26,11/26/2020,20,17.963,100.392,1.209,593.6171018,0.731013756
11/26/2020 20:00,2020,11,26,11/26/2020,21,17.404,100.981,1.198,531.9499745,0.655073359
11/26/2020 21:00,2020,11,26,11/26/2020,22,18.369,100.855,1.211,531.9189956,0.65503521
11/26/2020 22:00,2020,11,26,11/26/2020,23,19.532,100.076,1.213,531.8880374,0.654997087
11/26/2020 23:00,2020,11,26,11/26/2020,24,17.808,99.783,1.206,494.4351653,0.608875496
11/27/2020 0:00,2020,11,27,11/27/2020,1,15.622,100.931,1.162,456.982314,0.562753932
11/27/2020 1:00,2020,11,27,11/27/2020,2,15.729,100.672,1.165,456.9514181,0.562715885
11/27/2020 2:00,2020,11,27,11/27/2020,3,14.677,99.986,1.144,456.9205429,0.562677863
11/27/2020 3:00,2020,11,27,11/27/2020,4,13.541,99.597,1.121,456.8896886,0.562639868
11/27/2020 4:00,2020,11,27,11/27/2020,5,11.864,98.654,1.087,456.8588552,0.562601898
11/27/2020 5:00,2020,11,27,11/27/2020,6,10.967,98.089,1.08,456.8280425,0.562563953
11/27/2020 6:00,2020,11,27,11/27/2020,7,10.538,99.789,1.08,456.7972508,0.562526034
11/27/2020 7:00,2020,11,27,11/27/2020,8,9.732,98.882,1.08,485.7799145,0.59821693
11/27/2020 8:00,2020,11,27,11/27/2020,9,7.985,101.49,1.08,555.7937921,0.684435988
11/27/2020 9:00,2020,11,27,11/27/2020,10,8.377,102.847,1.08,625.8076905,0.770655072
11/27/2020 10:00,2020,11,27,11/27/2020,11,6.653,100.745,1.08,654.790417,0.806346045
11/27/2020 11:00,2020,11,27,11/27/2020,12,7.881,101.77,1.08,654.7597297,0.806308255
11/27/2020 12:00,2020,11,27,11/27/2020,13,8.782,101.026,1.08,654.7290635,0.806270491
11/27/2020 13:00,2020,11,27,11/27/2020,14,10.243,101.697,1.08,654.6984182,0.806232753
11/27/2020 14:00,2020,11,27,11/27/2020,15,10.49,99.985,1.08,654.6677938,0.80619504
11/27/2020 15:00,2020,11,27,11/27/2020,16,12.936,101.491,1.109,654.6371905,0.806157353
11/27/2020 16:00,2020,11,27,11/27/2020,17,13.47,100.341,1.119,654.6066082,0.806119693
11/27/2020 17:00,2020,11,27,11/27/2020,18,14.34,101.173,1.137,654.576047,0.806082058
11/27/2020 18:00,2020,11,27,11/27/2020,19,14.819,101.751,1.146,654.5455068,0.806044449
11/27/2020 19:00,2020,11,27,11/27/2020,20,16.791,102.373,1.186,592.87886,0.730104644
11/27/2020 20:00,2020,11,27,11/27/2020,21,18.006,99.89,1.21,531.2122344,0.654164864
11/27/2020 21:00,2020,11,27,11/27/2020,22,18.294,100.601,1.211,531.1817574,0.654127333
11/27/2020 22:00,2020,11,27,11/27/2020,23,18.22,99.062,1.21,531.1513015,0.654089828
11/27/2020 23:00,2020,11,27,11/27/2020,24,17.154,100.518,1.193,493.6989322,0.607968857
11/28/2020 0:00,2020,11,28,11/28/2020,1,16.691,100.075,1.184,456.246584,0.561847912
11/28/2020 1:00,2020,11,28,11/28/2020,2,15.229,99.371,1.155,456.2161916,0.561810485
11/28/2020 2:00,2020,11,28,11/28/2020,3,13.752,100.828,1.125,456.1858203,0.561773084
11/28/2020 3:00,2020,11,28,11/28/2020,4,11.834,99.688,1.087,456.1554703,0.561735709
11/28/2020 4:00,2020,11,28,11/28/2020,5,10.937,98.885,1.08,456.1251414,0.561698361
11/28/2020 5:00,2020,11,28,11/28/2020,6,9.582,100.136,1.08,456.0948338,0.561661038
11/28/2020 6:00,2020,11,28,11/28/2020,7,9.907,101.411,1.08,456.0645474,0.561623742
11/28/2020 7:00,2020,11,28,11/28/2020,8,7.852,100.222,1.08,485.0477169,0.59731526
11/28/2020 8:00,2020,11,28,11/28/2020,9,8.473,101.133,1.08,555.0621006,0.683534942
11/28/2020 9:00,2020,11,28,11/28/2020,10,7.512,101.729,1.08,625.0765055,0.76975465
11/28/2020 10:00,2020,11,28,11/28/2020,11,9.025,101.584,1.08,654.0597389,0.805446247
11/28/2020 11:00,2020,11,28,11/28/2020,12,7.572,103.21,1.08,654.0295589,0.805409081
11/28/2020 12:00,2020,11,28,11/28/2020,13,8.168,100.838,1.08,653.9994003,0.805371942
11/28/2020 13:00,2020,11,28,11/28/2020,14,10.919,100.68,1.08,653.969263,0.80533483
11/28/2020 14:00,2020,11,28,11/28/2020,15,11.958,101.117,1.089,653.939147,0.805297743
11/28/2020 15:00,2020,11,28,11/28/2020,16,12.793,100.564,1.106,653.9090525,0.805260683
11/28/2020 16:00,2020,11,28,11/28/2020,17,14.503,101.432,1.14,653.8789793,0.805223649
11/28/2020 17:00,2020,11,28,11/28/2020,18,15.089,102.456,1.152,653.8489276,0.805186642
11/28/2020 18:00,2020,11,28,11/28/2020,19,16.394,103.752,1.178,653.8188972,0.805149661
11/28/2020 19:00,2020,11,28,11/28/2020,20,15.66,102.627,1.163,592.1527608,0.729210484
11/28/2020 20:00,2020,11,28,11/28/2020,21,17.93,100.994,1.209,530.4866457,0.653271333
11/28/2020 21:00,2020,11,28,11/28/2020,22,17.131,99.417,1.193,530.4566798,0.653234432
11/28/2020 22:00,2020,11,28,11/28/2020,23,19.486,99.19,1.213,530.4267353,0.653197556
11/28/2020 23:00,2020,11,28,11/28/2020,24,18.579,99.766,1.211,492.9748777,0.607077215
11/29/2020 0:00,2020,11,29,11/29/2020,1,14.854,100.9,1.147,455.5230416,0.560956901
11/29/2020 1:00,2020,11,29,11/29/2020,2,14.786,99.19,1.146,455.4931617,0.560920105
11/29/2020 2:00,2020,11,29,11/29/2020,3,13.76,99.509,1.125,455.4633033,0.560883336
11/29/2020 3:00,2020,11,29,11/29/2020,4,12.029,101.064,1.091,455.4334665,0.560846593
11/29/2020 4:00,2020,11,29,11/29/2020,5,11.618,100.99,1.082,455.4036513,0.560809877
11/29/2020 5:00,2020,11,29,11/29/2020,6,10.212,99.411,1.08,455.3738576,0.560773187
11/29/2020 6:00,2020,11,29,11/29/2020,7,10.089,101.185,1.08,455.3440856,0.560736524
11/29/2020 7:00,2020,11,29,11/29/2020,8,10.052,99.591,1.08,484.3277698,0.596428677
11/29/2020 8:00,2020,11,29,11/29/2020,9,6.784,103.268,1.08,554.3426686,0.682648993
11/29/2020 9:00,2020,11,29,11/29/2020,10,8.766,101.419,1.08,624.357589,0.768869335
11/29/2020 10:00,2020,11,29,11/29/2020,11,7.599,101.859,1.08,653.3413382,0.804561567
11/29/2020 11:00,2020,11,29,11/29/2020,12,8.914,102.914,1.08,653.3116744,0.804525038
11/29/2020 12:00,2020,11,29,11/29/2020,13,10.479,100.221,1.08,653.2820324,0.804488535
11/29/2020 13:00,2020,11,29,11/29/2020,14,10.745,103.479,1.08,653.252412,0.804452059
11/29/2020 14:00,2020,11,29,11/29/2020,15,11.849,103.384,1.087,653.2228134,0.804415609
11/29/2020 15:00,2020,11,29,11/29/2020,16,12.72,102.35,1.104,653.1932365,0.804379187
11/29/2020 16:00,2020,11,29,11/29/2020,17,15.055,102.844,1.151,653.1636814,0.804342791
11/29/2020 17:00,2020,11,29,11/29/2020,18,15.069,101.274,1.151,653.134148,0.804306422
11/29/2020 18:00,2020,11,29,11/29/2020,19,17.033,103.937,1.191,653.1046365,0.80427008
11/29/2020 19:00,2020,11,29,11/29/2020,20,17.916,101.482,1.208,591.4390192,0.728331542
11/29/2020 20:00,2020,11,29,11/29/2020,21,17.374,98.723,1.197,529.7734237,0.652393031
11/29/2020 21:00,2020,11,29,11/29/2020,22,19.17,99.172,1.213,529.7439776,0.65235677
11/29/2020 22:00,2020,11,29,11/29/2020,23,18.243,101.16,1.211,529.7145534,0.652320535
11/29/2020 23:00,2020,11,29,11/29/2020,24,17.374,102.141,1.197,492.2632164,0.606200835
11/30/2020 0:00,2020,11,30,11/30/2020,1,16.399,100.268,1.178,454.8119013,0.560081162
11/30/2020 1:00,2020,11,30,11/30/2020,2,15.657,98.815,1.163,454.7825427,0.560045009
11/30/2020 2:00,2020,11,30,11/30/2020,3,13.879,101.219,1.128,454.753206,0.560008882
11/30/2020 3:00,2020,11,30,11/30/2020,4,11.869,98.632,1.087,454.7238913,0.559972782
11/30/2020 4:00,2020,11,30,11/30/2020,5,11.197,100.161,1.08,454.6945985,0.559936709
11/30/2020 5:00,2020,11,30,11/30/2020,6,12.649,100.549,1.103,454.6653277,0.559900663
11/30/2020 6:00,2020,11,30,11/30/2020,7,9.475,100.234,1.08,454.6360788,0.559864645
11/30/2020 7:00,2020,11,30,11/30/2020,8,7.603,100.617,1.08,483.6202866,0.595557442
11/30/2020 8:00,2020,11,30,11/30/2020,9,7.684,103.118,1.08,553.6357093,0.681778403
11/30/2020 9:00,2020,11,30,11/30/2020,10,7.749,103.049,1.08,623.6511539,0.767999391
11/30/2020 10:00,2020,11,30,11/30/2020,11,8.719,102.88,1.08,652.6354278,0.803692269
11/30/2020 11:00,2020,11,30,11/30/2020,12,8.347,99.332,1.08,652.606289,0.803656386
11/30/2020 12:00,2020,11,30,11/30/2020,13,8.87,101.538,1.08,652.5771723,0.80362053
11/30/2020 13:00,2020,11,30,11/30/2020,14,9.414,101.611,1.08,652.5480776,0.803584701
11/30/2020 14:00,2020,11,30,11/30/2020,15,11.751,102.364,1.085,652.5190051,0.8035489
11/30/2020 15:00,2020,11,30,11/30/2020,16,12.311,102.243,1.096,652.4899547,0.803513125
11/30/2020 16:00,2020,11,30,11/30/2020,17,13.173,100.735,1.113,652.4609264,0.803477378
11/30/2020 17:00,2020,11,30,11/30/2020,18,15.715,102.09,1.164,652.4319202,0.803441659
11/30/2020 18:00,2020,11,30,11/30/2020,19,16.202,100.488,1.174,652.4029362,0.803405966
11/30/2020 19:00,2020,11,30,11/30/2020,20,17.731,102.535,1.205,590.7378467,0.727468079
11/30/2020 20:00,2020,11,30,11/30/2020,21,18.101,102.817,1.21,529.0727795,0.651530218
11/30/2020 21:00,2020,11,30,11/30/2020,22,17.682,99.007,1.204,529.043862,0.651494608
11/30/2020 22:00,2020,11,30,11/30/2020,23,18.062,98.713,1.21,529.0149667,0.651459024
11/30/2020 23:00,2020,11,30,11/30/2020,24,18.692,99.648,1.212,491.5641591,0.605339977
12/1/2020 0:00,2020,12,1,12/1/2020,1,12.275,101.443,1.096,483.034337,0.59483587
12/1/2020 1:00,2020,12,1,12/1/2020,2,11.616,101.988,1.082,483.0055084,0.594800369
12/1/2020 2:00,2020,12,1,12/1/2020,3,11.233,99.652,1.08,482.9767022,0.594764895
12/1/2020 3:00,2020,12,1,12/1/2020,4,10.252,100.372,1.08,482.9479182,0.594729449
12/1/2020 4:00,2020,12,1,12/1/2020,5,9.338,99.311,1.08,482.9191565,0.59469403
12/1/2020 5:00,2020,12,1,12/1/2020,6,7.055,101.03,1.08,482.8904172,0.594658639
12/1/2020 6:00,2020,12,1,12/1/2020,7,7.582,99.114,1.08,482.8617002,0.594623275
12/1/2020 7:00,2020,12,1,12/1/2020,8,6.319,98.791,1.08,515.3117486,0.634584105
12/1/2020 8:00,2020,12,1,12/1/2020,9,5.591,100.323,1.08,593.6936985,0.731108082
12/1/2020 9:00,2020,12,1,12/1/2020,10,4.272,100.396,1.08,672.0756708,0.827632087
12/1/2020 10:00,2020,12,1,12/1/2020,11,6.475,101.763,1.08,704.5257864,0.867592999
12/1/2020 11:00,2020,12,1,12/1/2020,12,5.432,101.602,1.08,704.4971812,0.867557773
12/1/2020 12:00,2020,12,1,12/1/2020,13,6.077,101.547,1.08,704.4685985,0.867522575
12/1/2020 13:00,2020,12,1,12/1/2020,14,8.197,102.154,1.08,704.4400382,0.867487404
12/1/2020 14:00,2020,12,1,12/1/2020,15,9.011,102.289,1.08,704.4115004,0.867452261
12/1/2020 15:00,2020,12,1,12/1/2020,16,10.196,101.211,1.08,704.382985,0.867417145
12/1/2020 16:00,2020,12,1,12/1/2020,17,13.017,100.41,1.11,704.3544921,0.867382057
12/1/2020 17:00,2020,12,1,12/1/2020,18,11.611,102.545,1.082,704.3260217,0.867346997
12/1/2020 18:00,2020,12,1,12/1/2020,19,14.101,103.317,1.132,704.2975738,0.867311965
12/1/2020 19:00,2020,12,1,12/1/2020,20,14.135,103.134,1.133,635.2713211,0.782309124
12/1/2020 20:00,2020,12,1,12/1/2020,21,16.269,99.407,1.175,566.2450909,0.69730631
12/1/2020 21:00,2020,12,1,12/1/2020,22,14.805,98.919,1.146,566.2167106,0.697271361
12/1/2020 22:00,2020,12,1,12/1/2020,23,14.231,101.296,1.135,566.1883529,0.69723644
12/1/2020 23:00,2020,12,1,12/1/2020,24,13.735,100.925,1.125,524.2684797,0.645613931
12/2/2020 0:00,2020,12,2,12/2/2020,1,12.939,101.723,1.109,482.3486291,0.59399145
12/2/2020 1:00,2020,12,2,12/2/2020,2,11.509,100.032,1.08,482.3203392,0.593956613
12/2/2020 2:00,2020,12,2,12/2/2020,3,12.285,100.852,1.096,482.2920719,0.593921803
12/2/2020 3:00,2020,12,2,12/2/2020,4,9.593,99.532,1.08,482.2638272,0.593887021
12/2/2020 4:00,2020,12,2,12/2/2020,5,8.705,100.104,1.08,482.2356052,0.593852266
12/2/2020 5:00,2020,12,2,12/2/2020,6,7.84,99.969,1.08,482.2074058,0.59381754
12/2/2020 6:00,2020,12,2,12/2/2020,7,7.179,100.234,1.08,482.1792291,0.593782842
12/2/2020 7:00,2020,12,2,12/2/2020,8,6.681,101.089,1.08,514.6298183,0.633744337
12/2/2020 8:00,2020,12,2,12/2/2020,9,6.924,99.162,1.08,593.0123093,0.730268981
12/2/2020 9:00,2020,12,2,12/2/2020,10,5.2,100.421,1.08,671.3948229,0.826793652
12/2/2020 10:00,2020,12,2,12/2/2020,11,5.968,100.909,1.08,703.8454803,0.866755231
12/2/2020 11:00,2020,12,2,12/2/2020,12,4.852,98.345,1.08,703.8174172,0.866720673
12/2/2020 12:00,2020,12,2,12/2/2020,13,6.296,99.73,1.08,703.789377,0.866686143
12/2/2020 13:00,2020,12,2,12/2/2020,14,7.762,99.382,1.08,703.7613595,0.86665164
12/2/2020 14:00,2020,12,2,12/2/2020,15,8.638,101.139,1.08,703.7333648,0.866617166
12/2/2020 15:00,2020,12,2,12/2/2020,16,10.896,100.474,1.08,703.7053929,0.86658272
12/2/2020 16:00,2020,12,2,12/2/2020,17,11.592,99.698,1.082,703.6774438,0.866548302
12/2/2020 17:00,2020,12,2,12/2/2020,18,12.482,99.253,1.1,703.6495176,0.866513912
12/2/2020 18:00,2020,12,2,12/2/2020,19,12.77,98.748,1.105,703.6216143,0.86647955
12/2/2020 19:00,2020,12,2,12/2/2020,20,13.783,98.713,1.126,634.5959065,0.78147738
12/2/2020 20:00,2020,12,2,12/2/2020,21,14.633,99.478,1.143,565.5702215,0.696475238
12/2/2020 21:00,2020,12,2,12/2/2020,22,16.164,101.006,1.173,565.5423868,0.696440961
12/2/2020 22:00,2020,12,2,12/2/2020,23,14.635,100.248,1.143,565.514575,0.696406712
12/2/2020 23:00,2020,12,2,12/2/2020,24,13.47,101.366,1.119,523.5952482,0.644784876
12/3/2020 0:00,2020,12,3,12/3/2020,1,13.947,99.982,1.129,481.6759442,0.593163068
12/3/2020 1:00,2020,12,3,12/3/2020,2,12.369,98.553,1.097,481.6482013,0.593128904
12/3/2020 2:00,2020,12,3,12/3/2020,3,9.524,100.966,1.08,481.6204813,0.593094768
12/3/2020 3:00,2020,12,3,12/3/2020,4,9.401,100.607,1.08,481.5927842,0.59306066
12/3/2020 4:00,2020,12,3,12/3/2020,5,8.855,99.852,1.08,481.5651102,0.593026581
12/3/2020 5:00,2020,12,3,12/3/2020,6,7.457,99.039,1.08,481.5374592,0.59299253
12/3/2020 6:00,2020,12,3,12/3/2020,7,7.032,99.233,1.08,481.5098313,0.592958507
12/3/2020 7:00,2020,12,3,12/3/2020,8,6.452,99.189,1.08,513.9609695,0.632920679
12/3/2020 8:00,2020,12,3,12/3/2020,9,5.239,99.419,1.08,592.3440098,0.729445999
12/3/2020 9:00,2020,12,3,12/3/2020,10,6.185,100.516,1.08,670.7270732,0.825971347
12/3/2020 10:00,2020,12,3,12/3/2020,11,7.084,100.921,1.08,703.1782806,0.865933604
12/3/2020 11:00,2020,12,3,12/3/2020,12,7.213,99.511,1.08,703.150768,0.865899723
12/3/2020 12:00,2020,12,3,12/3/2020,13,7.198,101.614,1.08,703.1232785,0.865865871
12/3/2020 13:00,2020,12,3,12/3/2020,14,8.464,99.37,1.08,703.0958121,0.865832048
12/3/2020 14:00,2020,12,3,12/3/2020,15,9.406,100.994,1.08,703.0683689,0.865798252
12/3/2020 15:00,2020,12,3,12/3/2020,16,9.232,99.085,1.08,703.0409488,0.865764486
12/3/2020 16:00,2020,12,3,12/3/2020,17,10.931,100.207,1.08,703.0135519,0.865730748
12/3/2020 17:00,2020,12,3,12/3/2020,18,11.749,99.747,1.085,702.9861781,0.865697038
12/3/2020 18:00,2020,12,3,12/3/2020,19,13.262,101.469,1.115,702.9588276,0.865663357
12/3/2020 19:00,2020,12,3,12/3/2020,20,14.819,100.416,1.146,633.9336729,0.780661868
12/3/2020 20:00,2020,12,3,12/3/2020,21,13.896,100.203,1.128,564.9085415,0.695660408
12/3/2020 21:00,2020,12,3,12/3/2020,22,13.384,98.594,1.118,564.8812606,0.695626812
12/3/2020 22:00,2020,12,3,12/3/2020,23,14.219,99.018,1.134,564.854003,0.695593246
12/3/2020 23:00,2020,12,3,12/3/2020,24,15.03,97.853,1.151,522.9352306,0.643972093
12/4/2020 0:00,2020,12,4,12/4/2020,1,12.412,99.951,1.098,481.0164816,0.592350968
12/4/2020 1:00,2020,12,4,12/4/2020,2,12.34,98.779,1.097,480.9892938,0.592317488
12/4/2020 2:00,2020,12,4,12/4/2020,3,10.009,100.598,1.08,480.9621293,0.592284036
12/4/2020 3:00,2020,12,4,12/4/2020,4,9.454,100.034,1.08,480.9349882,0.592250613
12/4/2020 4:00,2020,12,4,12/4/2020,5,8.389,98.976,1.08,480.9078704,0.592217218
12/4/2020 5:00,2020,12,4,12/4/2020,6,8.746,101.584,1.08,480.8807759,0.592183853
12/4/2020 6:00,2020,12,4,12/4/2020,7,6.214,100.96,1.08,480.8537049,0.592150516
12/4/2020 7:00,2020,12,4,12/4/2020,8,7.257,99.876,1.08,513.3054003,0.632113374
12/4/2020 8:00,2020,12,4,12/4/2020,9,6.69,100.565,1.08,591.6889982,0.72863938
12/4/2020 9:00,2020,12,4,12/4/2020,10,4.866,100.629,1.08,670.0726195,0.825165416
12/4/2020 10:00,2020,12,4,12/4/2020,11,6.152,101.262,1.08,702.5243852,0.86512836
12/4/2020 11:00,2020,12,4,12/4/2020,12,5.232,103.616,1.08,702.4974311,0.865095167
12/4/2020 12:00,2020,12,4,12/4/2020,13,7.337,102.596,1.08,702.4705005,0.865062003
12/4/2020 13:00,2020,12,4,12/4/2020,14,8.815,102.291,1.08,702.4435934,0.865028868
12/4/2020 14:00,2020,12,4,12/4/2020,15,8.562,102.77,1.08,702.4167097,0.864995762
12/4/2020 15:00,2020,12,4,12/4/2020,16,10.062,102.945,1.08,702.3898495,0.864962685
12/4/2020 16:00,2020,12,4,12/4/2020,17,9.431,100.991,1.08,702.3630129,0.864929637
12/4/2020 17:00,2020,12,4,12/4/2020,18,13.307,102.175,1.116,702.3361997,0.864896618
12/4/2020 18:00,2020,12,4,12/4/2020,19,12.214,101.757,1.094,702.3094101,0.864863628
12/4/2020 19:00,2020,12,4,12/4/2020,20,13.833,103.257,1.127,633.2848167,0.77986283
12/4/2020 20:00,2020,12,4,12/4/2020,21,14.553,99.325,1.141,564.2602468,0.694862061
12/4/2020 21:00,2020,12,4,12/4/2020,22,15.275,101.255,1.156,564.2335279,0.694829158
12/4/2020 22:00,2020,12,4,12/4/2020,23,14.095,100.292,1.132,564.2068325,0.694796283
12/4/2020 23:00,2020,12,4,12/4/2020,24,14.46,99.975,1.139,522.2886227,0.643175823
12/5/2020 0:00,2020,12,5,12/5/2020,1,12.843,99.625,1.107,480.3704366,0.591555392
12/5/2020 1:00,2020,12,5,12/5/2020,2,11.075,100.427,1.08,480.3438121,0.591522605
12/5/2020 2:00,2020,12,5,12/5/2020,3,12.133,97.669,1.093,480.3172112,0.591489847
12/5/2020 3:00,2020,12,5,12/5/2020,4,9.693,97.668,1.08,480.290634,0.591457119
12/5/2020 4:00,2020,12,5,12/5/2020,5,8.31,99.465,1.08,480.2640804,0.591424419
12/5/2020 5:00,2020,12,5,12/5/2020,6,7.306,102.005,1.08,480.2375505,0.591391749
12/5/2020 6:00,2020,12,5,12/5/2020,7,5.455,100.697,1.08,480.2110444,0.591359107
12/5/2020 7:00,2020,12,5,12/5/2020,8,6.318,100.297,1.08,512.6633051,0.631322661
12/5/2020 8:00,2020,12,5,12/5/2020,9,4.757,101.068,1.08,591.0474685,0.727849364
12/5/2020 9:00,2020,12,5,12/5/2020,10,6.618,102.957,1.08,669.4316557,0.824376097
12/5/2020 10:00,2020,12,5,12/5/2020,11,5.546,101.893,1.08,701.8839876,0.864339738
12/5/2020 11:00,2020,12,5,12/5/2020,12,6.987,99.63,1.08,701.8576001,0.864307243
12/5/2020 12:00,2020,12,5,12/5/2020,13,5.927,101.268,1.08,701.8312364,0.864274777
12/5/2020 13:00,2020,12,5,12/5/2020,14,7.376,101.801,1.08,701.8048965,0.864242341
12/5/2020 14:00,2020,12,5,12/5/2020,15,9.568,100.477,1.08,701.7785804,0.864209934
12/5/2020 15:00,2020,12,5,12/5/2020,16,10.929,103.063,1.08,701.7522881,0.864177556
12/5/2020 16:00,2020,12,5,12/5/2020,17,12.07,102.003,1.091,701.7260196,0.864145207
12/5/2020 17:00,2020,12,5,12/5/2020,18,12.58,101.113,1.102,701.699775,0.864112888
12/5/2020 18:00,2020,12,5,12/5/2020,19,12.204,101.675,1.094,701.6735542,0.864080599
12/5/2020 19:00,2020,12,5,12/5/2020,20,14.59,104.4,1.142,632.64953,0.779080502
12/5/2020 20:00,2020,12,5,12/5/2020,21,13.416,98.999,1.118,563.6255297,0.694080434
12/5/2020 21:00,2020,12,5,12/5/2020,22,13.941,100.345,1.129,563.5993806,0.694048233
12/5/2020 22:00,2020,12,5,12/5/2020,23,14.826,99.212,1.147,563.5732554,0.69401606
12/5/2020 23:00,2020,12,5,12/5/2020,24,13.342,100.227,1.117,521.6556161,0.642396303
12/6/2020 0:00,2020,12,6,12/6/2020,1,12.777,99.23,1.106,479.7380007,0.590776575
12/6/2020 1:00,2020,12,6,12/6/2020,2,11.995,97.871,1.09,479.7119473,0.590744491
12/6/2020 2:00,2020,12,6,12/6/2020,3,11.877,99.168,1.088,479.6859179,0.590712437
12/6/2020 3:00,2020,12,6,12/6/2020,4,10.65,100.426,1.08,479.6599125,0.590680412
12/6/2020 4:00,2020,12,6,12/6/2020,5,10.608,99.462,1.08,479.6339311,0.590648417
12/6/2020 5:00,2020,12,6,12/6/2020,6,8.189,101.134,1.08,479.6079736,0.590616452
12/6/2020 6:00,2020,12,6,12/6/2020,7,7.642,99.573,1.08,479.5820402,0.590584516
12/6/2020 7:00,2020,12,6,12/6/2020,8,5.445,99.323,1.08,512.034874,0.630548776
12/6/2020 8:00,2020,12,6,12/6/2020,9,6.4,101.528,1.08,590.4196109,0.727076185
12/6/2020 9:00,2020,12,6,12/6/2020,10,6.487,101.433,1.08,668.8043718,0.823603624
12/6/2020 10:00,2020,12,6,12/6/2020,11,6.234,100.994,1.08,701.2572777,0.863567972
12/6/2020 11:00,2020,12,6,12/6/2020,12,4.682,102.119,1.08,701.2314646,0.863536184
12/6/2020 12:00,2020,12,6,12/6/2020,13,5.554,100.397,1.08,701.2056756,0.863504426
12/6/2020 13:00,2020,12,6,12/6/2020,14,7.292,101.043,1.08,701.1799107,0.863472698
12/6/2020 14:00,2020,12,6,12/6/2020,15,8.982,101.931,1.08,701.15417,0.863440999
12/6/2020 15:00,2020,12,6,12/6/2020,16,9.215,103.044,1.08,701.1284533,0.86340933
12/6/2020 16:00,2020,12,6,12/6/2020,17,11.498,101.683,1.08,701.1027608,0.863377691
12/6/2020 17:00,2020,12,6,12/6/2020,18,12.05,102.273,1.091,701.0770925,0.863346082
12/6/2020 18:00,2020,12,6,12/6/2020,19,13.507,103.3,1.12,701.0514484,0.863314502
12/6/2020 19:00,2020,12,6,12/6/2020,20,14.107,102.519,1.132,632.0280011,0.778315116
12/6/2020 20:00,2020,12,6,12/6/2020,21,13.643,100.944,1.123,563.004578,0.693315759
12/6/2020 21:00,2020,12,6,12/6/2020,22,14.844,99.313,1.147,562.9790065,0.693284269
12/6/2020 22:00,2020,12,6,12/6/2020,23,14.79,99.695,1.146,562.9534592,0.693252808
12/6/2020 23:00,2020,12,6,12/6/2020,24,13.403,100.318,1.118,521.0363982,0.641633763
12/7/2020 0:00,2020,12,7,12/7/2020,1,13.037,99.886,1.111,479.1193614,0.590014747
12/7/2020 1:00,2020,12,7,12/7/2020,2,11.752,98.444,1.085,479.0938869,0.589983376
12/7/2020 2:00,2020,12,7,12/7/2020,3,10.734,99.128,1.08,479.0684366,0.589952035
12/7/2020 3:00,2020,12,7,12/7/2020,4,9.695,100.308,1.08,479.0430107,0.589920724
12/7/2020 4:00,2020,12,7,12/7/2020,5,9.424,99.053,1.08,479.0176091,0.589889443
12/7/2020 5:00,2020,12,7,12/7/2020,6,6.335,97.975,1.08,478.9922318,0.589858192
12/7/2020 6:00,2020,12,7,12/7/2020,7,7.567,101.216,1.08,478.9668788,0.589826971
12/7/2020 7:00,2020,12,7,12/7/2020,8,7.01,100.324,1.08,511.4202933,0.629791946
12/7/2020 8:00,2020,12,7,12/7/2020,9,5.932,100.991,1.08,589.8056113,0.726320071
12/7/2020 9:00,2020,12,7,12/7/2020,10,6.136,103.22,1.08,668.1909536,0.822848226
12/7/2020 10:00,2020,12,7,12/7/2020,11,6.624,101.729,1.08,700.6444413,0.862813291
12/7/2020 11:00,2020,12,7,12/7/2020,12,4.991,102.643,1.08,700.6192102,0.86278222
12/7/2020 12:00,2020,12,7,12/7/2020,13,5.978,102.457,1.08,700.5940035,0.862751179
12/7/2020 13:00,2020,12,7,12/7/2020,14,8.674,101.725,1.08,700.5688213,0.862720168
12/7/2020 14:00,2020,12,7,12/7/2020,15,9.512,103.615,1.08,700.5436635,0.862689187
12/7/2020 15:00,2020,12,7,12/7/2020,16,10.779,99.674,1.08,700.5185301,0.862658236
12/7/2020 16:00,2020,12,7,12/7/2020,17,9.917,102.792,1.08,700.4934213,0.862627316
12/7/2020 17:00,2020,12,7,12/7/2020,18,13.163,101.87,1.113,700.4683369,0.862596426
12/7/2020 18:00,2020,12,7,12/7/2020,19,11.276,101.773,1.08,700.4432769,0.862565565
12/7/2020 19:00,2020,12,7,12/7/2020,20,14.904,100.608,1.148,631.4204142,0.777566899
12/7/2020 20:00,2020,12,7,12/7/2020,21,15.053,100.49,1.151,562.397576,0.692568262
12/7/2020 21:00,2020,12,7,12/7/2020,22,14.493,99.348,1.14,562.3725896,0.692537493
12/7/2020 22:00,2020,12,7,12/7/2020,23,13.353,100.37,1.117,562.3476278,0.692506753
12/7/2020 23:00,2020,12,7,12/7/2020,24,14.911,100.434,1.148,520.4311526,0.640888429
12/8/2020 0:00,2020,12,8,12/8/2020,1,13.387,100.729,1.118,478.5147018,0.589270135
12/8/2020 1:00,2020,12,8,12/8/2020,2,11.635,100.091,1.083,478.4898137,0.589239486
12/8/2020 2:00,2020,12,8,12/8/2020,3,11.277,99.638,1.08,478.4649502,0.589208868
12/8/2020 3:00,2020,12,8,12/8/2020,4,9.529,101.252,1.08,478.4401113,0.58917828
12/8/2020 4:00,2020,12,8,12/8/2020,5,8.348,100.163,1.08,478.4152971,0.589147722
12/8/2020 5:00,2020,12,8,12/8/2020,6,6.047,98.946,1.08,478.3905074,0.589117195
12/8/2020 6:00,2020,12,8,12/8/2020,7,7.651,99.494,1.08,478.3657424,0.589086698
12/8/2020 7:00,2020,12,8,12/8/2020,8,4.531,98.514,1.08,510.8197452,0.629052397
12/8/2020 8:00,2020,12,8,12/8/2020,9,6.318,102.584,1.08,589.2056517,0.725581247
12/8/2020 9:00,2020,12,8,12/8/2020,10,6.604,100.594,1.08,667.591583,0.822110127
12/8/2020 10:00,2020,12,8,12/8/2020,11,4.216,101.173,1.08,700.0456598,0.862075917
12/8/2020 11:00,2020,12,8,12/8/2020,12,6.66,102.379,1.08,700.0210182,0.862045572
12/8/2020 12:00,2020,12,8,12/8/2020,13,6.802,102.739,1.08,699.9964014,0.862015258
12/8/2020 13:00,2020,12,8,12/8/2020,14,6.569,101.049,1.08,699.9718093,0.861984973
12/8/2020 14:00,2020,12,8,12/8/2020,15,9.339,101.862,1.08,699.9472419,0.86195472
12/8/2020 15:00,2020,12,8,12/8/2020,16,9.984,101.94,1.08,699.9226993,0.861924497
12/8/2020 16:00,2020,12,8,12/8/2020,17,11.659,102.104,1.083,699.8981814,0.861894304
12/8/2020 17:00,2020,12,8,12/8/2020,18,12.258,100.714,1.095,699.8736884,0.861864142
12/8/2020 18:00,2020,12,8,12/8/2020,19,13.568,103.114,1.121,699.8492201,0.86183401
12/8/2020 19:00,2020,12,8,12/8/2020,20,14.98,102.412,1.15,630.8269493,0.776836072
12/8/2020 20:00,2020,12,8,12/8/2020,21,13.816,100.865,1.126,561.8047034,0.691838165
12/8/2020 21:00,2020,12,8,12/8/2020,22,14.203,100.43,1.134,561.7803096,0.691808125
12/8/2020 22:00,2020,12,8,12/8/2020,23,13.996,99.578,1.13,561.7559407,0.691778116
12/8/2020 23:00,2020,12,8,12/8/2020,24,13.512,99.961,1.12,519.8400586,0.640160522
12/9/2020 0:00,2020,12,9,12/9/2020,1,13.742,98.926,1.125,477.9242013,0.588542959
12/9/2020 1:00,2020,12,9,12/9/2020,2,12.407,100.528,1.098,477.899907,0.588513042
12/9/2020 2:00,2020,12,9,12/9/2020,3,10.755,101.018,1.08,477.8756376,0.588483155
12/9/2020 3:00,2020,12,9,12/9/2020,4,9.111,98.655,1.08,477.8513931,0.588453299
12/9/2020 4:00,2020,12,9,12/9/2020,5,8.991,100.114,1.08,477.8271735,0.588423474
12/9/2020 5:00,2020,12,9,12/9/2020,6,8.263,100.949,1.08,477.8029788,0.588393679
12/9/2020 6:00,2020,12,9,12/9/2020,7,8.098,99.781,1.08,477.7788091,0.588363915
12/9/2020 7:00,2020,12,9,12/9/2020,8,6.212,102.394,1.08,510.2334076,0.628330348
12/9/2020 8:00,2020,12,9,12/9/2020,9,5.333,99.83,1.08,588.61991,0.724859931
12/9/2020 9:00,2020,12,9,12/9/2020,10,3.598,100.951,1.08,667.0064374,0.821389545
12/9/2020 10:00,2020,12,9,12/9/2020,11,4.891,101.601,1.08,699.4611108,0.86135607
12/9/2020 11:00,2020,12,9,12/9/2020,12,5.437,100.289,1.08,699.437066,0.86132646
12/9/2020 12:00,2020,12,9,12/9/2020,13,7.448,100.435,1.08,699.4130462,0.861296881
12/9/2020 13:00,2020,12,9,12/9/2020,14,7.647,100.541,1.08,699.3890515,0.861267332
12/9/2020 14:00,2020,12,9,12/9/2020,15,10.03,100.851,1.08,699.3650819,0.861237815
12/9/2020 15:00,2020,12,9,12/9/2020,16,9.845,99.957,1.08,699.3411373,0.861208328
12/9/2020 16:00,2020,12,9,12/9/2020,17,11.124,101.563,1.08,699.3172177,0.861178872
12/9/2020 17:00,2020,12,9,12/9/2020,18,11.17,100.404,1.08,699.2933233,0.861149447
12/9/2020 18:00,2020,12,9,12/9/2020,19,12.314,99.452,1.096,699.2694539,0.861120053
12/9/2020 19:00,2020,12,9,12/9/2020,20,13.59,100.532,1.122,630.2477823,0.776122853
12/9/2020 20:00,2020,12,9,12/9/2020,21,14.399,100.523,1.138,561.2261359,0.691125684
12/9/2020 21:00,2020,12,9,12/9/2020,22,14.428,100.022,1.139,561.2023419,0.691096383
12/9/2020 22:00,2020,12,9,12/9/2020,23,14.233,99.914,1.135,561.1785731,0.691067113
12/9/2020 23:00,2020,12,9,12/9/2020,24,14.303,99.032,1.136,519.2632913,0.639450258
12/10/2020 0:00,2020,12,10,12/10/2020,1,12.754,100.212,1.105,477.3480348,0.587833435
12/10/2020 1:00,2020,12,10,12/10/2020,2,10.726,100.139,1.08,477.3243415,0.587804258
12/10/2020 2:00,2020,12,10,12/10/2020,3,10.605,101.016,1.08,477.3006733,0.587775111
12/10/2020 3:00,2020,12,10,12/10/2020,4,9.026,99.567,1.08,477.2770304,0.587745996
12/10/2020 4:00,2020,12,10,12/10/2020,5,7.926,100.844,1.08,477.2534127,0.587716912
12/10/2020 5:00,2020,12,10,12/10/2020,6,8.246,99.437,1.08,477.2298202,0.587687859
12/10/2020 6:00,2020,12,10,12/10/2020,7,6.766,99.45,1.08,477.206253,0.587658837
12/10/2020 7:00,2020,12,10,12/10/2020,8,6.59,100.417,1.08,509.6614541,0.627626012
12/10/2020 8:00,2020,12,10,12/10/2020,9,6.487,100.425,1.08,588.0485596,0.724156338
12/10/2020 9:00,2020,12,10,12/10/2020,10,5.006,99.198,1.08,666.4356904,0.820686695
12/10/2020 10:00,2020,12,10,12/10/2020,11,5.305,100.394,1.08,698.8909674,0.860653963
12/10/2020 11:00,2020,12,10,12/10/2020,12,5.731,99.289,1.08,698.8675265,0.860625097
12/10/2020 12:00,2020,12,10,12/10/2020,13,6.159,99.347,1.08,698.844111,0.860596262
12/10/2020 13:00,2020,12,10,12/10/2020,14,7.473,99.925,1.08,698.8207208,0.860567458
12/10/2020 14:00,2020,12,10,12/10/2020,15,9.065,100.383,1.08,698.7973559,0.860538685
12/10/2020 15:00,2020,12,10,12/10/2020,16,11.577,100.871,1.082,698.7740164,0.860509943
12/10/2020 16:00,2020,12,10,12/10/2020,17,11.351,99.409,1.08,698.7507023,0.860481233
12/10/2020 17:00,2020,12,10,12/10/2020,18,12.502,99.899,1.1,698.7274135,0.860452554
12/10/2020 18:00,2020,12,10,12/10/2020,19,13.249,97.959,1.115,698.7041501,0.860423906
12/10/2020 19:00,2020,12,10,12/10/2020,20,14.796,98.979,1.146,629.6830848,0.775427453
12/10/2020 20:00,2020,12,10,12/10/2020,21,14.869,100.561,1.147,560.6620449,0.690431031
12/10/2020 21:00,2020,12,10,12/10/2020,22,14.468,101.17,1.139,560.6388578,0.690402477
12/10/2020 22:00,2020,12,10,12/10/2020,23,14.593,101.053,1.142,560.6156961,0.690373954
12/10/2020 23:00,2020,12,10,12/10/2020,24,13.014,99.625,1.11,518.7010218,0.638757848
12/11/2020 0:00,2020,12,11,12/11/2020,1,12.297,100.396,1.096,476.786373,0.587141773
12/11/2020 1:00,2020,12,11,12/11/2020,2,12.764,100.634,1.105,476.7632877,0.587113344
12/11/2020 2:00,2020,12,11,12/11/2020,3,9.542,99.943,1.08,476.7402278,0.587084947
12/11/2020 3:00,2020,12,11,12/11/2020,4,11.055,99.801,1.08,476.7171935,0.587056581
12/11/2020 4:00,2020,12,11,12/11/2020,5,7.435,101.122,1.08,476.6941846,0.587028247
12/11/2020 5:00,2020,12,11,12/11/2020,6,7.783,100.932,1.08,476.6712013,0.586999944
12/11/2020 6:00,2020,12,11,12/11/2020,7,6.237,98.466,1.08,476.6482435,0.586971672
12/11/2020 7:00,2020,12,11,12/11/2020,8,4.465,99.056,1.08,509.1040544,0.626939598
12/11/2020 8:00,2020,12,11,12/11/2020,9,4.573,103.178,1.08,587.4917699,0.723470675
12/11/2020 9:00,2020,12,11,12/11/2020,10,4.909,102.037,1.08,665.879511,0.820001784
12/11/2020 10:00,2020,12,11,12/11/2020,11,6.499,101.981,1.08,698.3353986,0.859969804
12/11/2020 11:00,2020,12,11,12/11/2020,12,5.743,100.645,1.08,698.3125686,0.85994169
12/11/2020 12:00,2020,12,11,12/11/2020,13,7.973,102.29,1.08,698.2897642,0.859913608
12/11/2020 13:00,2020,12,11,12/11/2020,14,7.807,100.647,1.08,698.2669855,0.859885557
12/11/2020 14:00,2020,12,11,12/11/2020,15,8.009,102.774,1.08,698.2442324,0.859857537
12/11/2020 15:00,2020,12,11,12/11/2020,16,10.382,102.994,1.08,698.2215049,0.859829549
12/11/2020 16:00,2020,12,11,12/11/2020,17,12.483,101.339,1.1,698.198803,0.859801593
12/11/2020 17:00,2020,12,11,12/11/2020,18,12.56,101.891,1.101,698.1761268,0.859773668
12/11/2020 18:00,2020,12,11,12/11/2020,19,12.151,102.914,1.093,698.1534763,0.859745775
12/11/2020 19:00,2020,12,11,12/11/2020,20,12.711,104.064,1.104,629.1330242,0.774750077
12/11/2020 20:00,2020,12,11,12/11/2020,21,11.986,101.744,1.09,560.1125977,0.68975441
12/11/2020 21:00,2020,12,11,12/11/2020,22,15.752,101.131,1.165,560.0900243,0.689726612
12/11/2020 22:00,2020,12,11,12/11/2020,23,14.045,99.008,1.131,560.0674766,0.689698846
12/11/2020 23:00,2020,12,11,12/11/2020,24,13.782,99.861,1.126,518.1534166,0.638083496
12/12/2020 0:00,2020,12,12,12/12/2020,1,13.014,100.287,1.11,476.2393823,0.586468178
12/12/2020 1:00,2020,12,12,12/12/2020,2,12.459,100.825,1.099,476.2169118,0.586440506
12/12/2020 2:00,2020,12,12,12/12/2020,3,11.136,100.821,1.08,476.1944671,0.586412866
12/12/2020 3:00,2020,12,12,12/12/2020,4,10.019,100.788,1.08,476.1720482,0.586385258
12/12/2020 4:00,2020,12,12,12/12/2020,5,8.101,101.851,1.08,476.149655,0.586357682
12/12/2020 5:00,2020,12,12,12/12/2020,6,7.138,100.85,1.08,476.1272877,0.586330138
12/12/2020 6:00,2020,12,12,12/12/2020,7,7.354,99.864,1.08,476.1049461,0.586302625
12/12/2020 7:00,2020,12,12,12/12/2020,8,5.52,99.406,1.08,508.5613735,0.62627131
12/12/2020 8:00,2020,12,12,12/12/2020,9,6.455,103.49,1.08,586.9497058,0.722803147
12/12/2020 9:00,2020,12,12,12/12/2020,10,6.167,102.651,1.08,665.338064,0.819335016
12/12/2020 10:00,2020,12,12,12/12/2020,11,4.805,102.025,1.08,697.794569,0.859303796
12/12/2020 11:00,2020,12,12,12/12/2020,12,5.509,102.588,1.08,697.7723566,0.859276443
12/12/2020 12:00,2020,12,12,12/12/2020,13,7.666,102.598,1.08,697.7501702,0.859249121
12/12/2020 13:00,2020,12,12,12/12/2020,14,7.388,102.543,1.08,697.7280096,0.859221831
12/12/2020 14:00,2020,12,12,12/12/2020,15,9.197,101.659,1.08,697.705875,0.859194573
12/12/2020 15:00,2020,12,12,12/12/2020,16,9.599,102.157,1.08,697.6837662,0.859167347
12/12/2020 16:00,2020,12,12,12/12/2020,17,11.537,100.244,1.081,697.6616834,0.859140153
12/12/2020 17:00,2020,12,12,12/12/2020,18,11.41,101.147,1.08,697.6396266,0.859112991
12/12/2020 18:00,2020,12,12,12/12/2020,19,11.899,103.36,1.088,697.6175956,0.859085861
12/12/2020 19:00,2020,12,12,12/12/2020,20,13.139,101.938,1.113,628.5977633,0.774090926
12/12/2020 20:00,2020,12,12,12/12/2020,21,14.374,100.545,1.137,559.577957,0.689096024
12/12/2020 21:00,2020,12,12,12/12/2020,22,14.325,99.344,1.136,559.556004,0.689068989
12/12/2020 22:00,2020,12,12,12/12/2020,23,14.039,99.162,1.131,559.534077,0.689041987
12/12/2020 23:00,2020,12,12,12/12/2020,24,12.674,101.08,1.103,517.6206379,0.637427402
12/13/2020 0:00,2020,12,13,12/13/2020,1,12.992,98.309,1.11,475.7072249,0.585812849
12/13/2020 1:00,2020,12,13,12/13/2020,2,11.879,100.573,1.088,475.6853759,0.585785943
12/13/2020 2:00,2020,12,13,12/13/2020,3,10.609,101.374,1.08,475.663553,0.585759069
12/13/2020 3:00,2020,12,13,12/13/2020,4,10.33,99.625,1.08,475.6417561,0.585732227
12/13/2020 4:00,2020,12,13,12/13/2020,5,9.144,98.278,1.08,475.6199852,0.585705417
12/13/2020 5:00,2020,12,13,12/13/2020,6,7.457,99.148,1.08,475.5982405,0.585678639
12/13/2020 6:00,2020,12,13,12/13/2020,7,5.98,98.475,1.08,475.5765218,0.585651893
12/13/2020 7:00,2020,12,13,12/13/2020,8,5.317,99.355,1.08,508.0335724,0.625621346
12/13/2020 8:00,2020,12,13,12/13/2020,9,5.92,101.009,1.08,586.4225281,0.72215395
12/13/2020 9:00,2020,12,13,12/13/2020,10,5.251,100.867,1.08,664.8115099,0.818686587
12/13/2020 10:00,2020,12,13,12/13/2020,11,5.818,102.905,1.08,697.2686388,0.858656136
12/13/2020 11:00,2020,12,13,12/13/2020,12,5.983,105.008,1.08,697.2470507,0.858629551
12/13/2020 12:00,2020,12,13,12/13/2020,13,7.578,101.757,1.08,697.2254888,0.858602999
12/13/2020 13:00,2020,12,13,12/13/2020,14,7.064,102.296,1.08,697.203953,0.858576478
12/13/2020 14:00,2020,12,13,12/13/2020,15,8.928,100.505,1.08,697.1824434,0.85854999
12/13/2020 15:00,2020,12,13,12/13/2020,16,10.472,101.541,1.08,697.1609599,0.858523534
12/13/2020 16:00,2020,12,13,12/13/2020,17,11.133,105.761,1.08,697.1395027,0.85849711
12/13/2020 17:00,2020,12,13,12/13/2020,18,11.139,103.443,1.08,697.1180717,0.858470719
12/13/2020 18:00,2020,12,13,12/13/2020,19,13.073,101.286,1.111,697.0966668,0.85844436
12/13/2020 19:00,2020,12,13,12/13/2020,20,13.859,103.397,1.127,628.0774609,0.773450197
12/13/2020 20:00,2020,12,13,12/13/2020,21,14.294,100.803,1.136,559.0582812,0.688456065
12/13/2020 21:00,2020,12,13,12/13/2020,22,14.672,99.369,1.143,559.0369551,0.688429803
12/13/2020 22:00,2020,12,13,12/13/2020,23,14.45,99.753,1.139,559.0156553,0.688403573
12/13/2020 23:00,2020,12,13,12/13/2020,24,13.959,100.079,1.129,517.1028437,0.636789761
12/14/2020 0:00,2020,12,14,12/14/2020,1,14.082,100.294,1.132,475.1900584,0.585175981
12/14/2020 1:00,2020,12,14,12/14/2020,2,12.22,99.358,1.094,475.1688374,0.585149848
12/14/2020 2:00,2020,12,14,12/14/2020,3,11.774,100.324,1.085,475.1476427,0.585123747
12/14/2020 3:00,2020,12,14,12/14/2020,4,9.696,100.151,1.08,475.1264743,0.585097679
12/14/2020 4:00,2020,12,14,12/14/2020,5,9.702,99.377,1.08,475.1053322,0.585071644
12/14/2020 5:00,2020,12,14,12/14/2020,6,8.228,100.879,1.08,475.0842165,0.585045641
12/14/2020 6:00,2020,12,14,12/14/2020,7,7.013,99.231,1.08,475.0631271,0.58501967
12/14/2020 7:00,2020,12,14,12/14/2020,8,6.215,99.674,1.08,507.5208073,0.624989898
12/14/2020 8:00,2020,12,14,12/14/2020,9,5.254,101.851,1.08,585.9103928,0.721523278
12/14/2020 9:00,2020,12,14,12/14/2020,10,5.099,100.317,1.08,664.3000047,0.818056691
12/14/2020 10:00,2020,12,14,12/14/2020,11,6.861,101.73,1.08,696.757764,0.858027016
12/14/2020 11:00,2020,12,14,12/14/2020,12,5.606,101.538,1.08,696.7368065,0.858001208
12/14/2020 12:00,2020,12,14,12/14/2020,13,5.528,101.384,1.08,696.7158755,0.857975432
12/14/2020 13:00,2020,12,14,12/14/2020,14,6.738,101.037,1.08,696.6949708,0.857949689
12/14/2020 14:00,2020,12,14,12/14/2020,15,8.413,102.009,1.08,696.6740926,0.857923978
12/14/2020 15:00,2020,12,14,12/14/2020,16,10.782,102.277,1.08,696.6532409,0.8578983
12/14/2020 16:00,2020,12,14,12/14/2020,17,9.987,100.601,1.08,696.6324155,0.857872655
12/14/2020 17:00,2020,12,14,12/14/2020,18,13.363,100.632,1.117,696.6116167,0.857847042
12/14/2020 18:00,2020,12,14,12/14/2020,19,13.204,101.099,1.114,696.5908443,0.857821461
12/14/2020 19:00,2020,12,14,12/14/2020,20,13.276,102.604,1.116,627.5722711,0.772828077
12/14/2020 20:00,2020,12,14,12/14/2020,21,12.525,99.324,1.1,558.5537244,0.687834725
12/14/2020 21:00,2020,12,14,12/14/2020,22,13.073,100.174,1.111,558.5330315,0.687809243
12/14/2020 22:00,2020,12,14,12/14/2020,23,13.796,102.77,1.126,558.5123652,0.687783793
12/14/2020 23:00,2020,12,14,12/14/2020,24,13.862,101.288,1.127,516.6001873,0.636170761
12/15/2020 0:00,2020,12,15,12/15/2020,1,11.433,100.369,1.08,474.688036,0.584557762
12/15/2020 1:00,2020,12,15,12/15/2020,2,12.34,101.272,1.097,474.6674493,0.58453241
12/15/2020 2:00,2020,12,15,12/15/2020,3,10.551,98.442,1.08,474.6468891,0.584507091
12/15/2020 3:00,2020,12,15,12/15/2020,4,10.054,100.541,1.08,474.6263555,0.584481805
12/15/2020 4:00,2020,12,15,12/15/2020,5,9.8,101.003,1.08,474.6058485,0.584456551
12/15/2020 5:00,2020,12,15,12/15/2020,6,9.062,100.299,1.08,474.5853681,0.584431331
12/15/2020 6:00,2020,12,15,12/15/2020,7,7.009,98.947,1.08,474.5649142,0.584406143
12/15/2020 7:00,2020,12,15,12/15/2020,8,5.07,102.108,1.08,507.0232302,0.624377153
12/15/2020 8:00,2020,12,15,12/15/2020,9,4.081,102.478,1.08,585.4134518,0.720911317
12/15/2020 9:00,2020,12,15,12/15/2020,10,5.346,101.708,1.08,663.8037001,0.817445513
12/15/2020 10:00,2020,12,15,12/15/2020,11,6.069,100.627,1.08,696.2620959,0.857416622
12/15/2020 11:00,2020,12,15,12/15/2020,12,4.829,102.991,1.08,696.2417753,0.857391598
12/15/2020 12:00,2020,12,15,12/15/2020,13,4.872,100.663,1.08,696.2214813,0.857366607
12/15/2020 13:00,2020,12,15,12/15/2020,14,7.091,102.093,1.08,696.201214,0.857341649
12/15/2020 14:00,2020,12,15,12/15/2020,15,8.383,102.209,1.08,696.1809734,0.857316723
12/15/2020 15:00,2020,12,15,12/15/2020,16,10.274,101.163,1.08,696.1607594,0.857291831
12/15/2020 16:00,2020,12,15,12/15/2020,17,11.043,102.24,1.08,696.1405722,0.857266971
12/15/2020 17:00,2020,12,15,12/15/2020,18,11.383,101.217,1.08,696.1204117,0.857242144
12/15/2020 18:00,2020,12,15,12/15/2020,19,13.539,101.778,1.121,696.100278,0.85721735
12/15/2020 19:00,2020,12,15,12/15/2020,20,12.68,100.809,1.104,627.0823436,0.772224753
12/15/2020 20:00,2020,12,15,12/15/2020,21,13.519,100.395,1.12,558.064436,0.687232188
12/15/2020 21:00,2020,12,15,12/15/2020,22,13.65,101.586,1.123,558.0443825,0.687207493
12/15/2020 22:00,2020,12,15,12/15/2020,23,14.142,101.124,1.133,558.0243558,0.687182831
12/15/2020 23:00,2020,12,15,12/15/2020,24,15.518,100.217,1.16,516.1128178,0.635570587
12/16/2020 0:00,2020,12,16,12/16/2020,1,12.717,100.532,1.104,474.2013066,0.583958376
12/16/2020 1:00,2020,12,16,12/16/2020,2,12.485,99.829,1.1,474.1813602,0.583933812
12/16/2020 2:00,2020,12,16,12/16/2020,3,12.619,98.979,1.102,474.1614407,0.583909282
12/16/2020 3:00,2020,12,16,12/16/2020,4,11.694,100.929,1.084,474.1415479,0.583884785
12/16/2020 4:00,2020,12,16,12/16/2020,5,7.613,97.672,1.08,474.121682,0.583860321
12/16/2020 5:00,2020,12,16,12/16/2020,6,7.453,98.576,1.08,474.101843,0.58383589
12/16/2020 6:00,2020,12,16,12/16/2020,7,6.624,100.425,1.08,474.0820308,0.583811493
12/16/2020 7:00,2020,12,16,12/16/2020,8,5.183,101.531,1.08,506.5409886,0.623783294
12/16/2020 8:00,2020,12,16,12/16/2020,9,5.62,99.851,1.08,584.9318523,0.720318248
12/16/2020 9:00,2020,12,16,12/16/2020,10,6.523,99.46,1.08,663.3227429,0.816853235
12/16/2020 10:00,2020,12,16,12/16/2020,11,5.339,98.023,1.08,695.7817814,0.856825135
12/16/2020 11:00,2020,12,16,12/16/2020,12,7.225,100.082,1.08,695.7621036,0.856800903
12/16/2020 12:00,2020,12,16,12/16/2020,13,6.962,100.069,1.08,695.7424527,0.856776704
12/16/2020 13:00,2020,12,16,12/16/2020,14,8.317,102.719,1.08,695.7228287,0.856752538
12/16/2020 14:00,2020,12,16,12/16/2020,15,9.634,101.022,1.08,695.7032317,0.856728405
12/16/2020 15:00,2020,12,16,12/16/2020,16,11.629,100.448,1.083,695.6836616,0.856704305
12/16/2020 16:00,2020,12,16,12/16/2020,17,9.95,97.901,1.08,695.6641185,0.856680239
12/16/2020 17:00,2020,12,16,12/16/2020,18,12.695,99.042,1.104,695.6446023,0.856656205
12/16/2020 18:00,2020,12,16,12/16/2020,19,12.938,99.599,1.109,695.6251132,0.856632205
12/16/2020 19:00,2020,12,16,12/16/2020,20,13.848,99.467,1.127,626.6078236,0.771640402
12/16/2020 20:00,2020,12,16,12/16/2020,21,14.146,98.567,1.133,557.5905611,0.686648632
12/16/2020 21:00,2020,12,16,12/16/2020,22,12.723,101.206,1.104,557.5711529,0.686624731
12/16/2020 22:00,2020,12,16,12/16/2020,23,13.223,100.575,1.114,557.5517717,0.686600864
12/16/2020 23:00,2020,12,16,12/16/2020,24,13.282,97.496,1.116,515.6408795,0.634989415
12/17/2020 0:00,2020,12,17,12/17/2020,1,13.723,100.659,1.124,473.7300143,0.583378
12/17/2020 1:00,2020,12,17,12/17/2020,2,12.02,101.833,1.09,473.7107143,0.583354232
12/17/2020 2:00,2020,12,17,12/17/2020,3,11.458,98.811,1.08,473.6914412,0.583330498
12/17/2020 3:00,2020,12,17,12/17/2020,4,9.956,101.243,1.08,473.6721952,0.583306798
12/17/2020 4:00,2020,12,17,12/17/2020,5,8.805,100.461,1.08,473.6529763,0.583283131
12/17/2020 5:00,2020,12,17,12/17/2020,6,6.509,101.287,1.08,473.6337845,0.583259497
12/17/2020 6:00,2020,12,17,12/17/2020,7,7.73,100.555,1.08,473.6146198,0.583235896
12/17/2020 7:00,2020,12,17,12/17/2020,8,6.128,101.096,1.08,506.0742253,0.623208495
12/17/2020 8:00,2020,12,17,12/17/2020,9,6.002,100.729,1.08,584.465737,0.719744247
12/17/2020 9:00,2020,12,17,12/17/2020,10,4.617,97.533,1.08,662.8572758,0.816280033
12/17/2020 10:00,2020,12,17,12/17/2020,11,5.468,99.41,1.08,695.3169627,0.856252731
12/17/2020 11:00,2020,12,17,12/17/2020,12,5.832,99.148,1.08,695.2979336,0.856229298
12/17/2020 12:00,2020,12,17,12/17/2020,13,6.744,100.856,1.08,695.2789317,0.856205898
12/17/2020 13:00,2020,12,17,12/17/2020,14,8.515,100.307,1.08,695.2599569,0.856182531
12/17/2020 14:00,2020,12,17,12/17/2020,15,8.416,99.926,1.08,695.2410093,0.856159198
12/17/2020 15:00,2020,12,17,12/17/2020,16,10.341,102.308,1.08,695.2220888,0.856135898
12/17/2020 16:00,2020,12,17,12/17/2020,17,11.607,98.835,1.082,695.2031956,0.856112632
12/17/2020 17:00,2020,12,17,12/17/2020,18,12.755,99.813,1.105,695.1843295,0.856089399
12/17/2020 18:00,2020,12,17,12/17/2020,19,12.034,100.529,1.091,695.1654907,0.8560662
12/17/2020 19:00,2020,12,17,12/17/2020,20,15.114,99.934,1.152,626.1488517,0.771075198
12/17/2020 20:00,2020,12,17,12/17/2020,21,14.224,98.148,1.134,557.13224,0.686084229
12/17/2020 21:00,2020,12,17,12/17/2020,22,13.154,99.6,1.113,557.1134829,0.68606113
12/17/2020 22:00,2020,12,17,12/17/2020,23,13.255,99.73,1.115,557.094753,0.686038065
12/17/2020 23:00,2020,12,17,12/17/2020,24,12.767,98.327,1.105,515.1845123,0.634427419
12/18/2020 0:00,2020,12,18,12/18/2020,1,12.389,99.755,1.098,473.2742989,0.582816806
12/18/2020 1:00,2020,12,18,12/18/2020,2,12.307,100.753,1.096,473.2556508,0.582793841
12/18/2020 2:00,2020,12,18,12/18/2020,3,10.302,99.72,1.08,473.23703,0.582770911
12/18/2020 3:00,2020,12,18,12/18/2020,4,10.533,100.795,1.08,473.2184365,0.582748014
12/18/2020 4:00,2020,12,18,12/18/2020,5,7.692,98.71,1.08,473.1998703,0.58272515
12/18/2020 5:00,2020,12,18,12/18/2020,6,7.456,98.872,1.08,473.1813314,0.58270232
12/18/2020 6:00,2020,12,18,12/18/2020,7,7.735,99.206,1.08,473.1628198,0.582679524
12/18/2020 7:00,2020,12,18,12/18/2020,8,6.722,100.112,1.08,505.6230788,0.622652927
12/18/2020 8:00,2020,12,18,12/18/2020,9,5.415,102.182,1.08,584.0152441,0.719189484
12/18/2020 9:00,2020,12,18,12/18/2020,10,5.386,102.576,1.08,662.4074368,0.815726075
12/18/2020 10:00,2020,12,18,12/18/2020,11,5.452,100.997,1.08,694.8677777,0.85569958
12/18/2020 11:00,2020,12,18,12/18/2020,12,5.214,101.711,1.08,694.849403,0.855676952
12/18/2020 12:00,2020,12,18,12/18/2020,13,7.985,103.02,1.08,694.8310556,0.855654358
12/18/2020 13:00,2020,12,18,12/18/2020,14,6.816,101.859,1.08,694.8127355,0.855631797
12/18/2020 14:00,2020,12,18,12/18/2020,15,9.28,102.156,1.08,694.7944429,0.855609271
12/18/2020 15:00,2020,12,18,12/18/2020,16,8.028,102.476,1.08,694.7761777,0.855586778
12/18/2020 16:00,2020,12,18,12/18/2020,17,12.218,103.197,1.094,694.75794,0.855564319
12/18/2020 17:00,2020,12,18,12/18/2020,18,11.309,102.259,1.08,694.7397296,0.855541894
12/18/2020 18:00,2020,12,18,12/18/2020,19,11.71,101.868,1.084,694.7215467,0.855519502
12/18/2020 19:00,2020,12,18,12/18/2020,20,13.233,101.897,1.115,625.7055639,0.770529308
12/18/2020 20:00,2020,12,18,12/18/2020,21,14.039,101.061,1.131,556.6896086,0.685539148
12/18/2020 21:00,2020,12,18,12/18/2020,22,14.548,102.388,1.141,556.671508,0.685516858
12/18/2020 22:00,2020,12,18,12/18/2020,23,14.074,100.141,1.131,556.653435,0.685494601
12/18/2020 23:00,2020,12,18,12/18/2020,24,13.921,102.171,1.128,514.7438514,0.633884764
12/19/2020 0:00,2020,12,19,12/19/2020,1,14.046,102,1.131,472.8342953,0.58227496
12/19/2020 1:00,2020,12,19,12/19/2020,2,13.6,100.183,1.122,472.8163047,0.582252806
12/19/2020 2:00,2020,12,19,12/19/2020,3,9.393,100.566,1.08,472.7983417,0.582230685
12/19/2020 3:00,2020,12,19,12/19/2020,4,9.292,99.035,1.08,472.7804061,0.582208598
12/19/2020 4:00,2020,12,19,12/19/2020,5,9.164,101.236,1.08,472.7624981,0.582186545
12/19/2020 5:00,2020,12,19,12/19/2020,6,7.072,99.908,1.08,472.7446177,0.582164526
12/19/2020 6:00,2020,12,19,12/19/2020,7,8.316,100.454,1.08,472.7267648,0.582142541
12/19/2020 7:00,2020,12,19,12/19/2020,8,6.767,100.724,1.08,505.1876826,0.622116756
12/19/2020 8:00,2020,12,19,12/19/2020,9,6.143,101.692,1.08,583.580507,0.718654125
12/19/2020 9:00,2020,12,19,12/19/2020,10,5.4,102.574,1.08,661.973359,0.815191527
12/19/2020 10:00,2020,12,19,12/19/2020,11,6.382,102.579,1.08,694.4343595,0.855165844
12/19/2020 11:00,2020,12,19,12/19/2020,12,6.718,100.618,1.08,694.4166445,0.855144029
12/19/2020 12:00,2020,12,19,12/19/2020,13,7.125,103.648,1.08,694.3989571,0.855122247
12/19/2020 13:00,2020,12,19,12/19/2020,14,8.785,101.875,1.08,694.3812973,0.8551005
12/19/2020 14:00,2020,12,19,12/19/2020,15,9.296,102.489,1.08,694.3636651,0.855078787
12/19/2020 15:00,2020,12,19,12/19/2020,16,9.022,100.481,1.08,694.3460606,0.855057107
12/19/2020 16:00,2020,12,19,12/19/2020,17,10.294,102.649,1.08,694.3284837,0.855035462
12/19/2020 17:00,2020,12,19,12/19/2020,18,12.888,102.506,1.108,694.3109344,0.855013851
12/19/2020 18:00,2020,12,19,12/19/2020,19,13.035,101.321,1.111,694.2934128,0.854992274
12/19/2020 19:00,2020,12,19,12/19/2020,20,13.846,102.434,1.127,625.2780916,0.770002894
12/19/2020 20:00,2020,12,19,12/19/2020,21,13.805,101.182,1.126,556.262798,0.685013549
12/19/2020 21:00,2020,12,19,12/19/2020,22,15.378,99.477,1.158,556.2453594,0.684992074
12/19/2020 22:00,2020,12,19,12/19/2020,23,14.139,102.957,1.133,556.2279486,0.684970633
12/19/2020 23:00,2020,12,19,12/19/2020,24,14.273,100.815,1.135,514.3190274,0.633361612
12/20/2020 0:00,2020,12,20,12/20/2020,1,13.124,99.718,1.112,472.4101339,0.581752624
12/20/2020 1:00,2020,12,20,12/20/2020,2,11.645,100.324,1.083,472.3928062,0.581731286
12/20/2020 2:00,2020,12,20,12/20/2020,3,11.151,101.956,1.08,472.3755062,0.581709981
12/20/2020 3:00,2020,12,20,12/20/2020,4,9.903,100.215,1.08,472.358234,0.581688711
12/20/2020 4:00,2020,12,20,12/20/2020,5,8.756,99.478,1.08,472.3409895,0.581667476
12/20/2020 5:00,2020,12,20,12/20/2020,6,8.092,100.557,1.08,472.3237727,0.581646274
12/20/2020 6:00,2020,12,20,12/20/2020,7,5.861,101.095,1.08,472.3065838,0.581625106
12/20/2020 7:00,2020,12,20,12/20/2020,8,5.348,98.545,1.08,504.7681657,0.621600139
12/20/2020 8:00,2020,12,20,12/20/2020,9,5.779,103.378,1.08,583.1616545,0.718138326
12/20/2020 9:00,2020,12,20,12/20/2020,10,5.52,101.186,1.08,661.5551711,0.814676547
12/20/2020 10:00,2020,12,20,12/20/2020,11,5.305,102.976,1.08,694.0168364,0.854651682
12/20/2020 11:00,2020,12,20,12/20/2020,12,5.578,103.115,1.08,693.9997864,0.854630686
12/20/2020 12:00,2020,12,20,12/20/2020,13,7.437,102.332,1.08,693.9827643,0.854609724
12/20/2020 13:00,2020,12,20,12/20/2020,14,6.72,102.618,1.08,693.9657699,0.854588796
12/20/2020 14:00,2020,12,20,12/20/2020,15,7.767,102.493,1.08,693.9488034,0.854567902
12/20/2020 15:00,2020,12,20,12/20/2020,16,10.687,100.908,1.08,693.9318647,0.854547043
12/20/2020 16:00,2020,12,20,12/20/2020,17,10.058,101.504,1.08,693.9149539,0.854526218
12/20/2020 17:00,2020,12,20,12/20/2020,18,13.049,103.161,1.111,693.8980709,0.854505428
12/20/2020 18:00,2020,12,20,12/20/2020,19,13.641,102.311,1.123,693.8812159,0.854484671
12/20/2020 19:00,2020,12,20,12/20/2020,20,14.192,102.656,1.134,624.8665613,0.769496113
12/20/2020 20:00,2020,12,20,12/20/2020,21,14.454,99.604,1.139,555.8519347,0.684507588
12/20/2020 21:00,2020,12,20,12/20/2020,22,14.487,101.34,1.14,555.8351633,0.684486935
12/20/2020 22:00,2020,12,20,12/20/2020,23,14.949,98.359,1.149,555.8184198,0.684466316
12/20/2020 23:00,2020,12,20,12/20/2020,24,14.803,100.546,1.146,513.9101662,0.632858117
12/21/2020 0:00,2020,12,21,12/21/2020,1,11.537,99.633,1.081,472.0019405,0.581249951
12/21/2020 1:00,2020,12,21,12/21/2020,2,12.218,102.386,1.094,471.9852808,0.581229436
12/21/2020 2:00,2020,12,21,12/21/2020,3,10.502,101.232,1.08,471.968649,0.581208954
12/21/2020 3:00,2020,12,21,12/21/2020,4,10.744,100.695,1.08,471.9520451,0.581188507
12/21/2020 4:00,2020,12,21,12/21/2020,5,8.753,99.63,1.08,471.9354692,0.581168095
12/21/2020 5:00,2020,12,21,12/21/2020,6,7.636,100.087,1.08,471.9189213,0.581147717
12/21/2020 6:00,2020,12,21,12/21/2020,7,5.684,98.181,1.08,471.9024014,0.581127373
12/21/2020 7:00,2020,12,21,12/21/2020,8,5.858,99.042,1.08,504.3646526,0.62110323
12/21/2020 8:00,2020,12,21,12/21/2020,9,6.828,102.136,1.08,582.7588108,0.717642241
12/21/2020 9:00,2020,12,21,12/21/2020,10,6.076,101.775,1.08,661.1529971,0.814181287
12/21/2020 10:00,2020,12,21,12/21/2020,11,4.955,102.322,1.08,693.6153323,0.854157247
12/21/2020 11:00,2020,12,21,12/21/2020,12,6.743,102.029,1.08,693.5989523,0.854137076
12/21/2020 12:00,2020,12,21,12/21/2020,13,6.687,102.294,1.08,693.5826004,0.854116939
12/21/2020 13:00,2020,12,21,12/21/2020,14,8.286,101.327,1.08,693.5662766,0.854096837
12/21/2020 14:00,2020,12,21,12/21/2020,15,9.406,101.926,1.08,693.5499807,0.85407677
12/21/2020 15:00,2020,12,21,12/21/2020,16,11.405,100.67,1.08,693.5337129,0.854056737
12/21/2020 16:00,2020,12,21,12/21/2020,17,10.979,101.123,1.08,693.5174732,0.854036738
12/21/2020 17:00,2020,12,21,12/21/2020,18,12.138,101.939,1.093,693.5012616,0.854016774
12/21/2020 18:00,2020,12,21,12/21/2020,19,12.661,101.905,1.103,693.485078,0.853996845
12/21/2020 19:00,2020,12,21,12/21/2020,20,13.517,102.528,1.12,624.4710952,0.769009113
12/21/2020 20:00,2020,12,21,12/21/2020,21,14.617,101.68,1.142,555.4571405,0.684021416
12/21/2020 21:00,2020,12,21,12/21/2020,22,13.953,98.38,1.129,555.4410412,0.684001591
12/21/2020 22:00,2020,12,21,12/21/2020,23,13.573,100.423,1.121,555.42497,0.6839818
12/21/2020 23:00,2020,12,21,12/21/2020,24,14.623,101.21,1.142,513.5173889,0.632374428
12/22/2020 0:00,2020,12,22,12/22/2020,1,14.34,102.206,1.137,471.6098359,0.580767092
12/22/2020 1:00,2020,12,22,12/22/2020,2,13.053,99.521,1.111,471.5938491,0.580747405
12/22/2020 2:00,2020,12,22,12/22/2020,3,12.53,100.326,1.101,471.5778905,0.580727752
12/22/2020 3:00,2020,12,22,12/22/2020,4,10.141,98.296,1.08,471.5619599,0.580708134
12/22/2020 4:00,2020,12,22,12/22/2020,5,10.216,100.93,1.08,471.5460576,0.580688551
12/22/2020 5:00,2020,12,22,12/22/2020,6,7.783,98.822,1.08,471.5301834,0.580669003
12/22/2020 6:00,2020,12,22,12/22/2020,7,5.209,99.77,1.08,471.5143374,0.580649489
12/22/2020 7:00,2020,12,22,12/22/2020,8,6.41,101.086,1.08,503.9772627,0.620626176
12/22/2020 8:00,2020,12,22,12/22/2020,9,5.293,101.056,1.08,582.3720953,0.717166018
12/22/2020 9:00,2020,12,22,12/22/2020,10,5.867,100.511,1.08,660.766956,0.813705894
12/22/2020 10:00,2020,12,22,12/22/2020,11,5.414,101.445,1.08,693.229966,0.853682685
12/22/2020 11:00,2020,12,22,12/22/2020,12,5.406,102.442,1.08,693.214261,0.853663345
12/22/2020 12:00,2020,12,22,12/22/2020,13,6.747,101.965,1.08,693.1985842,0.85364404
12/22/2020 13:00,2020,12,22,12/22/2020,14,8.189,103.137,1.08,693.1829356,0.853624769
12/22/2020 14:00,2020,12,22,12/22/2020,15,9.733,101.702,1.08,693.1673153,0.853605534
12/22/2020 15:00,2020,12,22,12/22/2020,16,9.544,102.34,1.08,693.1517232,0.853586333
12/22/2020 16:00,2020,12,22,12/22/2020,17,11.318,100.712,1.08,693.1361594,0.853567167
12/22/2020 17:00,2020,12,22,12/22/2020,18,11.621,100.173,1.082,693.1206239,0.853548035
12/22/2020 18:00,2020,12,22,12/22/2020,19,12.632,103.105,1.103,693.1051166,0.853528939
12/22/2020 19:00,2020,12,22,12/22/2020,20,13.855,101.958,1.127,624.0918103,0.76854204
12/22/2020 20:00,2020,12,22,12/22/2020,21,14.44,98.814,1.139,555.0785322,0.683555177
12/22/2020 21:00,2020,12,22,12/22/2020,22,13.855,99.831,1.127,555.0631098,0.683536185
12/22/2020 22:00,2020,12,22,12/22/2020,23,15.497,100.32,1.16,555.0477157,0.683517228
12/22/2020 23:00,2020,12,22,12/22/2020,24,13.34,100.419,1.117,513.1408119,0.63191069
12/23/2020 0:00,2020,12,23,12/23/2020,1,12.898,99.907,1.108,471.2339364,0.580304188
12/23/2020 1:00,2020,12,23,12/23/2020,2,13.53,99.263,1.121,471.2186273,0.580285335
12/23/2020 2:00,2020,12,23,12/23/2020,3,9.52,98.688,1.08,471.2033465,0.580266517
12/23/2020 3:00,2020,12,23,12/23/2020,4,10.224,98.758,1.08,471.188094,0.580247735
12/23/2020 4:00,2020,12,23,12/23/2020,5,8.476,100.009,1.08,471.1728699,0.580228987
12/23/2020 5:00,2020,12,23,12/23/2020,6,7.271,101.007,1.08,471.1576741,0.580210274
12/23/2020 6:00,2020,12,23,12/23/2020,7,6.583,98.653,1.08,471.1425068,0.580191596
12/23/2020 7:00,2020,12,23,12/23/2020,8,4.348,99.714,1.08,503.6061109,0.620169119
12/23/2020 8:00,2020,12,23,12/23/2020,9,4.487,100.086,1.08,582.0016225,0.716709797
12/23/2020 9:00,2020,12,23,12/23/2020,10,5.06,98.784,1.08,660.3971624,0.813250509
12/23/2020 10:00,2020,12,23,12/23/2020,11,5.725,102.812,1.08,692.8608517,0.853228137
12/23/2020 11:00,2020,12,23,12/23/2020,12,5.681,100.284,1.08,692.8458263,0.853209634
12/23/2020 12:00,2020,12,23,12/23/2020,13,6.74,101.039,1.08,692.8308293,0.853191166
12/23/2020 13:00,2020,12,23,12/23/2020,14,6.772,99.221,1.08,692.8158607,0.853172733
12/23/2020 14:00,2020,12,23,12/23/2020,15,7.986,100.028,1.08,692.8009205,0.853154334
12/23/2020 15:00,2020,12,23,12/23/2020,16,8.606,99.178,1.08,692.7860088,0.853135971
12/23/2020 16:00,2020,12,23,12/23/2020,17,10.195,99.297,1.08,692.7711255,0.853117643
12/23/2020 17:00,2020,12,23,12/23/2020,18,12.049,100.749,1.091,692.7562706,0.85309935
12/23/2020 18:00,2020,12,23,12/23/2020,19,14.267,100.962,1.135,692.7414443,0.853081092
12/23/2020 19:00,2020,12,23,12/23/2020,20,13.843,99.563,1.127,623.728819,0.768095032
12/23/2020 20:00,2020,12,23,12/23/2020,21,13.677,101.217,1.124,554.7162223,0.683109008
12/23/2020 21:00,2020,12,23,12/23/2020,22,15.697,97.86,1.164,554.7014813,0.683090855
12/23/2020 22:00,2020,12,23,12/23/2020,23,15.063,99.075,1.151,554.6867688,0.683072737
12/23/2020 23:00,2020,12,23,12/23/2020,24,14.64,100.2,1.143,512.7805469,0.631467039
12/24/2020 0:00,2020,12,24,12/24/2020,1,12.237,100.355,1.095,470.8743534,0.579861377
12/24/2020 1:00,2020,12,24,12/24/2020,2,12.702,98.643,1.104,470.8597264,0.579843364
12/24/2020 2:00,2020,12,24,12/24/2020,3,11.262,99.298,1.08,470.845128,0.579825387
12/24/2020 3:00,2020,12,24,12/24/2020,4,11.359,101.212,1.08,470.8305581,0.579807445
12/24/2020 4:00,2020,12,24,12/24/2020,5,7.789,97.421,1.08,470.8160167,0.579789538
12/24/2020 5:00,2020,12,24,12/24/2020,6,7.517,101.663,1.08,470.8015039,0.579771666
12/24/2020 6:00,2020,12,24,12/24/2020,7,6.937,99.786,1.08,470.7870197,0.579753829
12/24/2020 7:00,2020,12,24,12/24/2020,8,7.171,101.259,1.08,503.2513071,0.619732193
12/24/2020 8:00,2020,12,24,12/24/2020,9,6.16,98.993,1.08,581.6475021,0.716273713
12/24/2020 9:00,2020,12,24,12/24/2020,10,6.399,100.473,1.08,660.0437258,0.812815268
12/24/2020 10:00,2020,12,24,12/24/2020,11,4.992,99.389,1.08,692.5080989,0.852793737
12/24/2020 11:00,2020,12,24,12/24/2020,12,5.813,99.432,1.08,692.4937575,0.852776076
12/24/2020 12:00,2020,12,24,12/24/2020,13,7.703,101.382,1.08,692.4794447,0.852758451
12/24/2020 13:00,2020,12,24,12/24/2020,14,7.794,100.04,1.08,692.4651605,0.85274086
12/24/2020 14:00,2020,12,24,12/24/2020,15,8.244,100.178,1.08,692.4509049,0.852723305
12/24/2020 15:00,2020,12,24,12/24/2020,16,9.96,100.682,1.08,692.4366779,0.852705785
12/24/2020 16:00,2020,12,24,12/24/2020,17,10.432,99.954,1.08,692.4224796,0.852688301
12/24/2020 17:00,2020,12,24,12/24/2020,18,10.881,98.49,1.08,692.4083098,0.852670851
12/24/2020 18:00,2020,12,24,12/24/2020,19,13.286,99.873,1.116,692.3941687,0.852653437
12/24/2020 19:00,2020,12,24,12/24/2020,20,13.476,101.379,1.12,623.382229,0.767668222
12/24/2020 20:00,2020,12,24,12/24/2020,21,13.925,99.682,1.128,554.3703179,0.682683041
12/24/2020 21:00,2020,12,24,12/24/2020,22,15.085,100.763,1.152,554.3562627,0.682665733
12/24/2020 22:00,2020,12,24,12/24/2020,23,14.01,99.604,1.13,554.3422363,0.68264846
12/24/2020 23:00,2020,12,24,12/24/2020,24,13.403,99.72,1.118,512.4367005,0.631043607
12/25/2020 0:00,2020,12,25,12/25/2020,1,13.893,98.792,1.128,470.5311933,0.57943879
12/25/2020 1:00,2020,12,25,12/25/2020,2,12.624,101.067,1.102,470.5172529,0.579421623
12/25/2020 2:00,2020,12,25,12/25/2020,3,11.28,100.262,1.08,470.5033412,0.579404491
12/25/2020 3:00,2020,12,25,12/25/2020,4,9.636,99.044,1.08,470.4894582,0.579387395
12/25/2020 4:00,2020,12,25,12/25/2020,5,8.939,101.675,1.08,470.4756039,0.579370334
12/25/2020 5:00,2020,12,25,12/25/2020,6,8.143,98.402,1.08,470.4617783,0.579353308
12/25/2020 6:00,2020,12,25,12/25/2020,7,6.248,99.624,1.08,470.4479814,0.579336318
12/25/2020 7:00,2020,12,25,12/25/2020,8,7.061,99.543,1.08,502.9129565,0.619315529
12/25/2020 8:00,2020,12,25,12/25/2020,9,4.479,101.025,1.08,581.3098393,0.715857896
12/25/2020 9:00,2020,12,25,12/25/2020,10,4.709,102.108,1.08,659.7067508,0.812400297
12/25/2020 10:00,2020,12,25,12/25/2020,11,6.217,103.132,1.08,692.1718121,0.852379615
12/25/2020 11:00,2020,12,25,12/25/2020,12,5.083,100.919,1.08,692.158159,0.852362801
12/25/2020 12:00,2020,12,25,12/25/2020,13,6.444,102.063,1.08,692.1445346,0.852346024
12/25/2020 13:00,2020,12,25,12/25/2020,14,8.12,101.499,1.08,692.130939,0.852329281
12/25/2020 14:00,2020,12,25,12/25/2020,15,9.858,101.487,1.08,692.1173722,0.852312574
12/25/2020 15:00,2020,12,25,12/25/2020,16,10.879,103.623,1.08,692.1038342,0.852295903
12/25/2020 16:00,2020,12,25,12/25/2020,17,10.984,101.224,1.08,692.090325,0.852279267
12/25/2020 17:00,2020,12,25,12/25/2020,18,11.731,100.731,1.085,692.0768446,0.852262666
12/25/2020 18:00,2020,12,25,12/25/2020,19,12.595,101.234,1.102,692.063393,0.852246101
12/25/2020 19:00,2020,12,25,12/25/2020,20,12.084,100.573,1.092,623.0521428,0.767261735
12/25/2020 20:00,2020,12,25,12/25/2020,21,13.253,101.13,1.115,554.0409215,0.682277404
12/25/2020 21:00,2020,12,25,12/25/2020,22,14.974,99.443,1.149,554.0275564,0.682260946
12/25/2020 22:00,2020,12,25,12/25/2020,23,14.323,99.163,1.136,554.0142201,0.682244522
12/25/2020 23:00,2020,12,25,12/25/2020,24,11.758,100.483,1.085,512.1093746,0.63064052
12/26/2020 0:00,2020,12,26,12/26/2020,1,12.997,101.529,1.11,470.204558,0.579036553
12/26/2020 1:00,2020,12,26,12/26/2020,2,11.22,98.656,1.08,470.1913082,0.579020236
12/26/2020 2:00,2020,12,26,12/26/2020,3,10.663,99.188,1.08,470.1780874,0.579003955
12/26/2020 3:00,2020,12,26,12/26/2020,4,9.982,99.554,1.08,470.1648953,0.57898771
12/26/2020 4:00,2020,12,26,12/26/2020,5,8.672,100.994,1.08,470.1517322,0.5789715
12/26/2020 5:00,2020,12,26,12/26/2020,6,10.079,99.967,1.08,470.1385979,0.578955326
12/26/2020 6:00,2020,12,26,12/26/2020,7,5.934,98.191,1.08,470.1254926,0.578939187
12/26/2020 7:00,2020,12,26,12/26/2020,8,5.32,100.696,1.08,502.5911593,0.61891925
12/26/2020 8:00,2020,12,26,12/26/2020,9,6.256,103.227,1.08,580.9887339,0.715462468
12/26/2020 9:00,2020,12,26,12/26/2020,10,5.907,101.169,1.08,659.3863375,0.812005722
12/26/2020 10:00,2020,12,26,12/26/2020,11,5.116,101.246,1.08,691.8520909,0.851985892
12/26/2020 11:00,2020,12,26,12/26/2020,12,5.192,103.446,1.08,691.8391301,0.851969931
12/26/2020 12:00,2020,12,26,12/26/2020,13,7.791,100.82,1.08,691.8261982,0.851954006
12/26/2020 13:00,2020,12,26,12/26/2020,14,8.8,102.965,1.08,691.8132953,0.851938117
12/26/2020 14:00,2020,12,26,12/26/2020,15,9.692,101.306,1.08,691.8004213,0.851922263
12/26/2020 15:00,2020,12,26,12/26/2020,16,10.336,102.423,1.08,691.7875763,0.851906445
12/26/2020 16:00,2020,12,26,12/26/2020,17,12.509,100.296,1.1,691.7747602,0.851890662
12/26/2020 17:00,2020,12,26,12/26/2020,18,10.446,101.943,1.08,691.7619731,0.851874916
12/26/2020 18:00,2020,12,26,12/26/2020,19,12.201,102.78,1.094,691.7492149,0.851859204
12/26/2020 19:00,2020,12,26,12/26/2020,20,12.823,101.438,1.106,622.7386584,0.766875692
12/26/2020 20:00,2020,12,26,12/26/2020,21,15.547,102.081,1.161,553.7281309,0.681892216
12/26/2020 21:00,2020,12,26,12/26/2020,22,13.903,100.262,1.128,553.7154597,0.681876612
12/26/2020 22:00,2020,12,26,12/26/2020,23,12.415,99.222,1.098,553.7028175,0.681861044
12/26/2020 23:00,2020,12,26,12/26/2020,24,13.827,99.783,1.127,511.7986663,0.630257896
12/27/2020 0:00,2020,12,27,12/27/2020,1,13.592,100.298,1.122,469.8945441,0.578654784
12/27/2020 1:00,2020,12,27,12/27/2020,2,11.954,98.151,1.089,469.881989,0.578639323
12/27/2020 2:00,2020,12,27,12/27/2020,3,10.588,100.751,1.08,469.8694628,0.578623897
12/27/2020 3:00,2020,12,27,12/27/2020,4,10.989,99.938,1.08,469.8569657,0.578608508
12/27/2020 4:00,2020,12,27,12/27/2020,5,9.12,98.482,1.08,469.8444976,0.578593154
12/27/2020 5:00,2020,12,27,12/27/2020,6,8.347,101.135,1.08,469.8320586,0.578577836
12/27/2020 6:00,2020,12,27,12/27/2020,7,6.097,99.389,1.08,469.8196486,0.578562553
12/27/2020 7:00,2020,12,27,12/27/2020,8,5.219,98.594,1.08,502.2860109,0.618543473
12/27/2020 8:00,2020,12,27,12/27/2020,9,5.212,102.224,1.08,580.6842812,0.715087548
12/27/2020 9:00,2020,12,27,12/27/2020,10,6.902,102.001,1.08,659.0825806,0.811631659
12/27/2020 10:00,2020,12,27,12/27/2020,11,5.762,102.227,1.08,691.54903,0.851612685
12/27/2020 11:00,2020,12,27,12/27/2020,12,6.179,101.236,1.08,691.5367654,0.851597582
12/27/2020 12:00,2020,12,27,12/27/2020,13,7.716,103.094,1.08,691.5245298,0.851582515
12/27/2020 13:00,2020,12,27,12/27/2020,14,7.388,101.463,1.08,691.5123234,0.851567483
12/27/2020 14:00,2020,12,27,12/27/2020,15,8.552,101.874,1.08,691.500146,0.851552487
12/27/2020 15:00,2020,12,27,12/27/2020,16,11.147,102.53,1.08,691.4879978,0.851537527
12/27/2020 16:00,2020,12,27,12/27/2020,17,11.274,102.24,1.08,691.4758786,0.851522603
12/27/2020 17:00,2020,12,27,12/27/2020,18,12.041,101.722,1.091,691.4637886,0.851507714
12/27/2020 18:00,2020,12,27,12/27/2020,19,13.196,101.237,1.114,691.4517277,0.851492862
12/27/2020 19:00,2020,12,27,12/27/2020,20,14.118,102.065,1.132,622.4418686,0.766510209
12/27/2020 20:00,2020,12,27,12/27/2020,21,15.135,99.705,1.153,553.4320387,0.681527591
12/27/2020 21:00,2020,12,27,12/27/2020,22,14.797,101.041,1.146,553.4200652,0.681512846
12/27/2020 22:00,2020,12,27,12/27/2020,23,14.257,98.465,1.135,553.4081208,0.681498137
12/27/2020 23:00,2020,12,27,12/27/2020,24,13.859,100.655,1.127,511.5046676,0.629895849
12/28/2020 0:00,2020,12,28,12/28/2020,1,13.64,99.318,1.123,469.6012436,0.578293597
12/28/2020 1:00,2020,12,28,12/28/2020,2,12.464,100.88,1.099,469.5893867,0.578278996
12/28/2020 2:00,2020,12,28,12/28/2020,3,9.414,100.654,1.08,469.5775591,0.578264431
12/28/2020 3:00,2020,12,28,12/28/2020,4,11.571,99.822,1.081,469.5657606,0.578249901
12/28/2020 4:00,2020,12,28,12/28/2020,5,8.176,99.894,1.08,469.5539913,0.578235408
12/28/2020 5:00,2020,12,28,12/28/2020,6,7.159,99.759,1.08,469.5422511,0.57822095
12/28/2020 6:00,2020,12,28,12/28/2020,7,6.607,99.792,1.08,469.5305402,0.578206529
12/28/2020 7:00,2020,12,28,12/28/2020,8,6.075,100.057,1.08,501.9976017,0.618188309
12/28/2020 8:00,2020,12,28,12/28/2020,9,6.463,102.393,1.08,580.3965713,0.714733246
12/28/2020 9:00,2020,12,28,12/28/2020,10,5.07,101.991,1.08,658.7955703,0.811278218
12/28/2020 10:00,2020,12,28,12/28/2020,11,4.981,101.412,1.08,691.2627193,0.851260106
12/28/2020 11:00,2020,12,28,12/28/2020,12,5.471,101.35,1.08,691.2511545,0.851245865
12/28/2020 12:00,2020,12,28,12/28/2020,13,6.237,102.276,1.08,691.2396189,0.851231659
12/28/2020 13:00,2020,12,28,12/28/2020,14,7.189,102.269,1.08,691.2281125,0.851217489
12/28/2020 14:00,2020,12,28,12/28/2020,15,9.357,103.913,1.08,691.2166354,0.851203356
12/28/2020 15:00,2020,12,28,12/28/2020,16,8.88,103.158,1.08,691.2051875,0.851189258
12/28/2020 16:00,2020,12,28,12/28/2020,17,12.211,102.923,1.094,691.1937689,0.851175197
12/28/2020 17:00,2020,12,28,12/28/2020,18,12.061,102.8,1.091,691.1823796,0.851161171
12/28/2020 18:00,2020,12,28,12/28/2020,19,12.566,102.36,1.101,691.1710195,0.851147182
12/28/2020 19:00,2020,12,28,12/28/2020,20,14.737,101.847,1.145,622.1618614,0.766165392
12/28/2020 20:00,2020,12,28,12/28/2020,21,13.551,100.751,1.121,553.1527325,0.681183638
12/28/2020 21:00,2020,12,28,12/28/2020,22,14.709,99.147,1.144,553.1414603,0.681169757
12/28/2020 22:00,2020,12,28,12/28/2020,23,14.939,100.36,1.149,553.1302173,0.681155911
12/28/2020 23:00,2020,12,28,12/28/2020,24,13.893,98.011,1.128,511.2274657,0.629554487
12/29/2020 0:00,2020,12,29,12/29/2020,1,13.294,100.534,1.116,469.3247433,0.577953099
12/29/2020 1:00,2020,12,29,12/29/2020,2,12.783,99.64,1.106,469.3135883,0.577939362
12/29/2020 2:00,2020,12,29,12/29/2020,3,10.707,100.923,1.08,469.3024626,0.577925661
12/29/2020 3:00,2020,12,29,12/29/2020,4,9.616,98.88,1.08,469.2913662,0.577911997
12/29/2020 4:00,2020,12,29,12/29/2020,5,8.112,100.517,1.08,469.2802991,0.577898368
12/29/2020 5:00,2020,12,29,12/29/2020,6,9.034,100.371,1.08,469.2692614,0.577884775
12/29/2020 6:00,2020,12,29,12/29/2020,7,8.241,99.747,1.08,469.258253,0.577871219
12/29/2020 7:00,2020,12,29,12/29/2020,8,6.465,101.373,1.08,501.7260171,0.617853865
12/29/2020 8:00,2020,12,29,12/29/2020,9,7.185,101.012,1.08,580.1256896,0.714399667
12/29/2020 9:00,2020,12,29,12/29/2020,10,5.668,103.135,1.08,658.5253915,0.810945505
12/29/2020 10:00,2020,12,29,12/29/2020,11,6.731,101.135,1.08,690.9932436,0.850928259
12/29/2020 11:00,2020,12,29,12/29/2020,12,6.702,100.971,1.08,690.982382,0.850914883
12/29/2020 12:00,2020,12,29,12/29/2020,13,6.274,101.78,1.08,690.9715498,0.850901544
12/29/2020 13:00,2020,12,29,12/29/2020,14,8.165,101.618,1.08,690.9607469,0.85088824
12/29/2020 14:00,2020,12,29,12/29/2020,15,8.243,101.851,1.08,690.9499734,0.850874973
12/29/2020 15:00,2020,12,29,12/29/2020,16,8.98,102.685,1.08,690.9392294,0.850861742
12/29/2020 16:00,2020,12,29,12/29/2020,17,11.631,101.817,1.083,690.9285147,0.850848548
12/29/2020 17:00,2020,12,29,12/29/2020,18,11.174,102.027,1.08,690.9178294,0.850835389
12/29/2020 18:00,2020,12,29,12/29/2020,19,13.42,101.867,1.118,690.9071735,0.850822267
12/29/2020 19:00,2020,12,29,12/29/2020,20,14.627,102.049,1.143,621.8987197,0.765841344
12/29/2020 20:00,2020,12,29,12/29/2020,21,13.495,102.135,1.12,552.8902953,0.680860458
12/29/2020 21:00,2020,12,29,12/29/2020,22,13.557,100.236,1.121,552.8797276,0.680847444
12/29/2020 22:00,2020,12,29,12/29/2020,23,15.227,101.087,1.155,552.8691894,0.680834467
12/29/2020 23:00,2020,12,29,12/29/2020,24,12.453,101.925,1.099,510.9671426,0.629233911
12/30/2020 0:00,2020,12,30,12/30/2020,1,13.799,99.624,1.126,469.0651252,0.577633391
12/30/2020 1:00,2020,12,30,12/30/2020,2,11.4,101,1.08,469.0546753,0.577620522
12/30/2020 2:00,2020,12,30,12/30/2020,3,10.386,101.158,1.08,469.0442549,0.57760769
12/30/2020 3:00,2020,12,30,12/30/2020,4,9.446,100.363,1.08,469.0338639,0.577594894
12/30/2020 4:00,2020,12,30,12/30/2020,5,9.004,100.189,1.08,469.0235024,0.577582134
12/30/2020 5:00,2020,12,30,12/30/2020,6,8.118,101.788,1.08,469.0131703,0.57756941
12/30/2020 6:00,2020,12,30,12/30/2020,7,5.878,100.39,1.08,469.0028677,0.577556723
12/30/2020 7:00,2020,12,30,12/30/2020,8,6.268,99.348,1.08,501.4713377,0.617540238
12/30/2020 8:00,2020,12,30,12/30/2020,9,5.017,101.46,1.08,579.8717163,0.714086909
12/30/2020 9:00,2020,12,30,12/30/2020,10,4.553,101.185,1.08,658.2721243,0.810633617
12/30/2020 10:00,2020,12,30,12/30/2020,11,3.802,100.606,1.08,690.7406828,0.850617241
12/30/2020 11:00,2020,12,30,12/30/2020,12,7.182,100.447,1.08,690.7305276,0.850604735
12/30/2020 12:00,2020,12,30,12/30/2020,13,6.691,100.091,1.08,690.720402,0.850592266
12/30/2020 13:00,2020,12,30,12/30/2020,14,7.274,100.192,1.08,690.7103058,0.850579833
12/30/2020 14:00,2020,12,30,12/30/2020,15,9.242,99.035,1.08,690.7002392,0.850567436
12/30/2020 15:00,2020,12,30,12/30/2020,16,9.031,99.537,1.08,690.690202,0.850555076
12/30/2020 16:00,2020,12,30,12/30/2020,17,9.885,98.68,1.08,690.6801944,0.850542752
12/30/2020 17:00,2020,12,30,12/30/2020,18,11.729,101.122,1.085,690.6702163,0.850530464
12/30/2020 18:00,2020,12,30,12/30/2020,19,13.247,99.685,1.115,690.6602678,0.850518213
12/30/2020 19:00,2020,12,30,12/30/2020,20,13.356,100.135,1.117,621.6525215,0.765538162
12/30/2020 20:00,2020,12,30,12/30/2020,21,14.784,99.708,1.146,552.6448047,0.680558147
12/30/2020 21:00,2020,12,30,12/30/2020,22,12.906,98.945,1.108,552.6349447,0.680546005
12/30/2020 22:00,2020,12,30,12/30/2020,23,14.042,100.803,1.131,552.6251144,0.680533899
12/30/2020 23:00,2020,12,30,12/30/2020,24,15.393,99.639,1.158,510.7237755,0.628934215
12/31/2020 0:00,2020,12,31,12/31/2020,1,13.333,99.049,1.117,468.8224663,0.577334567
12/31/2020 1:00,2020,12,31,12/31/2020,2,11.225,102.279,1.08,468.8127246,0.57732257
12/31/2020 2:00,2020,12,31,12/31/2020,3,10.384,99.78,1.08,468.8030125,0.57731061
12/31/2020 3:00,2020,12,31,12/31/2020,4,9.261,97.676,1.08,468.79333,0.577298686
12/31/2020 4:00,2020,12,31,12/31/2020,5,8.805,99.736,1.08,468.7836771,0.577286799
12/31/2020 5:00,2020,12,31,12/31/2020,6,6.956,98.048,1.08,468.7740537,0.577274949
12/31/2020 6:00,2020,12,31,12/31/2020,7,6.095,98.547,1.08,468.7644599,0.577263134
12/31/2020 7:00,2020,12,31,12/31/2020,8,6.001,99.708,1.08,501.2336389,0.617247522
12/31/2020 8:00,2020,12,31,12/31/2020,9,7.069,98.327,1.08,579.6347266,0.713795067
12/31/2020 9:00,2020,12,31,12/31/2020,10,5.53,99.197,1.08,658.0358438,0.810342648
12/31/2020 10:00,2020,12,31,12/31/2020,11,5.134,99.648,1.08,690.5051116,0.850327145
12/31/2020 11:00,2020,12,31,12/31/2020,12,7.52,100.443,1.08,690.4956659,0.850315513
12/31/2020 12:00,2020,12,31,12/31/2020,13,6.599,98.934,1.08,690.4862498,0.850303918
12/31/2020 13:00,2020,12,31,12/31/2020,14,7.601,99.188,1.08,690.4768634,0.850292359
12/31/2020 14:00,2020,12,31,12/31/2020,15,8,99.096,1.08,690.4675065,0.850280836
12/31/2020 15:00,2020,12,31,12/31/2020,16,9.89,100.236,1.08,690.4581793,0.85026935
12/31/2020 16:00,2020,12,31,12/31/2020,17,9.815,99.994,1.08,690.4488818,0.850257901
12/31/2020 17:00,2020,12,31,12/31/2020,18,12.443,100.624,1.099,690.4396139,0.850246488
12/31/2020 18:00,2020,12,31,12/31/2020,19,13.018,100.484,1.11,690.4303756,0.850235111
12/31/2020 19:00,2020,12,31,12/31/2020,20,14.373,98.813,1.137,621.4233397,0.765255934
12/31/2020 20:00,2020,12,31,12/31/2020,21,14.543,100.396,1.141,552.4163334,0.680276794
12/31/2020 21:00,2020,12,31,12/31/2020,22,14.09,99.528,1.132,552.4071842,0.680265527
12/31/2020 22:00,2020,12,31,12/31/2020,23,13.506,97.992,1.12,552.3980646,0.680254297
12/31/2020 23:00,2020,12,31,12/31/2020,24,13.727,99.905,1.125,510.4974366,0.628655488
