datetime,1_A_Wind,3_C_Wind,3_C_Wind_1,3_C_Wind_2,1_A_Wind_Cand,2_B_Wind_Cand,3_C_Wind_Cand
2007-01-01 00:00:00,3.93,7.59,10.63,3.5500000000000003,3.02,8.36,1.24
2007-01-01 01:00:00,5.13,17.61,10.49,3.0700000000000003,2.42,6.96,2.13
2007-01-01 02:00:00,5.5200000000000005,19.98,11.53,2.18,2.28,6.34,5.47
2007-01-01 03:00:00,4.65,19.3,10.05,1.7,1.79,7.71,7.16
2007-01-01 04:00:00,4.99,18.63,7.3,1.01,0.26,9.83,1.56
2007-01-01 05:00:00,5.28,16.02,7.390000000000001,3.79,1.26,8.6,5.59
2007-01-01 06:00:00,5.33,14.08,10.19,4.13,2.24,11.42,3.82
2007-01-01 07:00:00,5.55,12.58,5.96,5.55,2.76,9.43,4.19
2007-01-01 08:00:00,6.8500000000000005,9.66,9.99,9.0,3.15,6.45,10.14
2007-01-01 09:00:00,6.13,5.58,4.44,11.06,3.91,6.640000000000001,4.1
2007-01-01 10:00:00,4.84,3.5,4.58,8.540000000000001,5.18,6.5600000000000005,7.38
2007-01-01 11:00:00,2.9,3.23,3.91,7.35,6.69,4.33,6.69
2007-01-01 12:00:00,1.94,4.94,1.49,9.24,7.71,2.28,5.55
2007-01-01 13:00:00,1.78,3.1,1.59,11.74,8.290000000000001,1.45,8.43
2007-01-01 14:00:00,2.82,2.31,2.31,13.84,9.02,1.69,2.74
2007-01-01 15:00:00,5.04,1.25,3.28,17.81,10.05,3.28,8.46
2007-01-01 16:00:00,5.6000000000000005,2.43,2.05,16.62,9.63,4.14,5.11
2007-01-01 17:00:00,5.01,0.89,1.29,17.990000000000002,8.91,6.58,3.97
2007-01-01 18:00:00,4.36,1.29,1.27,15.68,10.2,4.39,4.13
2007-01-01 19:00:00,5.95,1.97,2.0,15.67,7.9,3.38,4.3500000000000005
2007-01-01 20:00:00,5.59,2.01,4.1,14.13,6.86,3.56,3.1
2007-01-01 21:00:00,4.51,1.01,7.27,15.7,8.15,4.46,4.64
2007-01-01 22:00:00,4.53,0.62,6.68,19.3,8.17,4.51,5.25
2007-01-01 23:00:00,4.8,6.66,8.15,17.89,7.59,6.99,3.48
2007-01-02 00:00:00,7.09,10.51,10.02,16.5,8.28,2.74,4.33
2007-01-02 01:00:00,6.42,6.5200000000000005,11.27,16.61,9.03,5.29,5.47
2007-01-02 02:00:00,5.73,4.72,8.14,18.57,11.9,9.5,6.41
2007-01-02 03:00:00,6.36,7.72,7.23,15.67,11.66,8.69,10.1
2007-01-02 04:00:00,9.25,8.69,6.82,10.56,12.3,3.25,12.5
2007-01-02 05:00:00,13.43,9.06,7.01,16.06,10.41,3.12,12.92
2007-01-02 06:00:00,14.91,7.12,10.13,17.38,10.85,5.11,6.76
2007-01-02 07:00:00,13.1,4.04,10.73,21.57,8.9,5.49,2.47
2007-01-02 08:00:00,13.31,2.88,11.4,19.06,6.23,8.26,1.35
2007-01-02 09:00:00,9.91,1.6,11.49,18.31,5.74,8.870000000000001,1.67
2007-01-02 10:00:00,12.77,7.07,7.95,18.54,5.65,8.69,1.48
2007-01-02 11:00:00,10.06,3.59,3.36,19.44,6.19,8.86,1.8
2007-01-02 12:00:00,10.21,0.8300000000000001,2.47,18.81,7.640000000000001,8.3,3.31
2007-01-02 13:00:00,11.29,0.49,5.16,19.82,7.890000000000001,9.42,3.41
2007-01-02 14:00:00,11.85,0.25,6.2,17.91,8.77,11.22,4.19
2007-01-02 15:00:00,13.71,0.55,6.58,15.87,8.620000000000001,10.2,2.64
2007-01-02 16:00:00,14.91,0.95,1.46,13.0,7.7,7.79,1.94
2007-01-02 17:00:00,11.36,0.78,0.48,12.4,6.29,4.47,2.15
2007-01-02 18:00:00,9.24,0.19,0.89,14.04,6.36,2.0,1.19
2007-01-02 19:00:00,8.51,0.51,1.07,13.02,6.1000000000000005,1.16,0.33
2007-01-02 20:00:00,8.89,0.47,1.86,14.96,5.98,1.54,0.9
2007-01-02 21:00:00,8.83,1.56,3.35,14.47,6.01,1.65,2.91
2007-01-02 22:00:00,6.91,0.89,3.41,11.27,5.71,1.24,3.76
2007-01-02 23:00:00,3.27,1.54,2.75,12.57,5.34,1.38,3.0500000000000003
2007-01-03 00:00:00,4.08,0.99,1.86,13.09,5.93,0.8200000000000001,2.43
2007-01-03 01:00:00,5.8100000000000005,0.98,2.04,9.24,6.87,2.3000000000000003,2.65
2007-01-03 02:00:00,4.98,0.68,2.44,10.34,6.97,2.26,2.66
2007-01-03 03:00:00,4.91,0.5,2.19,8.06,6.67,2.02,1.83
2007-01-03 04:00:00,4.0,1.43,0.6,4.99,6.76,1.13,0.7000000000000001
2007-01-03 05:00:00,4.19,0.94,1.8,4.59,7.03,1.7,0.49
2007-01-03 06:00:00,4.29,1.19,1.25,2.39,7.32,2.69,0.41
2007-01-03 07:00:00,5.44,1.4,1.57,2.15,6.94,3.79,0.37
2007-01-03 08:00:00,4.8100000000000005,1.15,1.14,2.95,6.26,3.58,0.26
2007-01-03 09:00:00,3.95,0.43,0.96,1.45,7.18,2.41,0.36
2007-01-03 10:00:00,3.16,0.81,0.39,0.85,5.3500000000000005,1.99,0.16
2007-01-03 11:00:00,1.75,1.34,0.38,1.37,4.43,1.36,0.72
2007-01-03 12:00:00,0.58,1.41,0.39,1.78,3.16,0.36,0.79
2007-01-03 13:00:00,0.8200000000000001,1.18,0.54,1.71,4.74,1.01,0.66
2007-01-03 14:00:00,0.84,0.68,0.18,1.17,7.1000000000000005,0.6,0.98
2007-01-03 15:00:00,1.2,0.2,0.29,0.98,5.87,1.3,1.42
2007-01-03 16:00:00,2.22,1.3,0.13,1.16,5.66,1.82,1.11
2007-01-03 17:00:00,3.11,1.27,0.58,1.17,2.93,1.41,0.65
2007-01-03 18:00:00,2.57,1.3,1.04,1.13,1.59,2.4,0.63
2007-01-03 19:00:00,1.37,1.49,0.5,1.76,1.97,3.33,0.61
2007-01-03 20:00:00,1.11,1.65,0.37,2.04,2.16,5.01,0.65
2007-01-03 21:00:00,1.78,1.5,0.19,1.98,1.9,6.36,1.94
2007-01-03 22:00:00,3.82,1.68,1.47,2.24,2.32,6.76,2.42
2007-01-03 23:00:00,5.8,2.08,12.96,3.34,2.81,8.59,1.65
2007-01-04 00:00:00,6.32,11.35,15.23,3.98,3.71,9.49,4.58
2007-01-04 01:00:00,5.8100000000000005,15.85,13.86,3.93,2.89,9.37,6.74
2007-01-04 02:00:00,6.22,16.5,12.52,4.25,2.76,9.3,8.870000000000001
2007-01-04 03:00:00,6.97,17.0,12.92,3.9,2.92,6.94,8.02
2007-01-04 04:00:00,7.29,18.22,14.21,2.95,2.8000000000000003,6.54,7.32
2007-01-04 05:00:00,7.09,18.5,14.83,2.94,3.21,6.34,7.48
2007-01-04 06:00:00,6.95,18.49,14.9,2.29,3.51,8.4,7.99
2007-01-04 07:00:00,7.78,18.34,12.72,1.59,3.5,7.92,9.13
2007-01-04 08:00:00,7.54,18.93,13.17,2.92,3.52,8.620000000000001,7.52
2007-01-04 09:00:00,5.63,19.62,14.84,3.84,3.92,7.43,5.21
2007-01-04 10:00:00,7.61,18.96,15.69,5.9,3.96,7.5,4.89
2007-01-04 11:00:00,9.21,16.97,15.61,4.8100000000000005,3.92,8.1,4.61
2007-01-04 12:00:00,9.7,15.72,15.26,4.42,3.1,8.45,4.34
2007-01-04 13:00:00,9.89,15.05,14.39,7.27,3.21,9.05,4.3
2007-01-04 14:00:00,10.27,15.75,12.6,7.61,4.09,9.9,2.74
2007-01-04 15:00:00,9.75,16.91,12.16,7.29,5.1000000000000005,10.36,6.92
2007-01-04 16:00:00,9.39,17.21,11.09,6.93,5.61,10.09,7.67
2007-01-04 17:00:00,8.94,15.73,9.57,7.99,5.0200000000000005,8.89,9.85
2007-01-04 18:00:00,9.73,9.92,10.3,2.37,5.33,8.56,9.53
2007-01-04 19:00:00,10.92,5.69,11.27,10.61,6.2700000000000005,9.84,9.05
2007-01-04 20:00:00,11.84,7.66,11.06,10.61,7.22,11.39,10.25
2007-01-04 21:00:00,13.11,9.97,9.56,11.3,7.640000000000001,11.48,11.8
2007-01-04 22:00:00,14.26,13.6,8.25,15.43,7.86,11.92,11.15
2007-01-04 23:00:00,14.53,7.97,10.08,14.28,8.47,11.26,11.13
2007-01-05 00:00:00,15.69,13.02,8.8,15.28,8.65,12.08,11.79
2007-01-05 01:00:00,17.1,17.93,12.52,13.79,9.46,14.08,13.89
2007-01-05 02:00:00,19.37,15.47,10.87,14.85,10.95,14.45,11.49
2007-01-05 03:00:00,20.51,14.65,12.59,15.32,11.57,11.28,9.26
2007-01-05 04:00:00,20.63,15.69,9.96,15.54,10.76,14.14,4.5200000000000005
2007-01-05 05:00:00,19.78,7.42,8.77,15.1,14.39,12.83,8.97
2007-01-05 06:00:00,17.41,18.64,13.68,15.24,14.8,15.4,7.87
2007-01-05 07:00:00,17.34,20.95,10.54,13.19,13.35,7.81,6.98
2007-01-05 08:00:00,19.6,23.23,8.120000000000001,12.44,14.69,9.38,3.79
2007-01-05 09:00:00,21.27,22.86,7.640000000000001,10.46,14.24,10.53,6.73
2007-01-05 10:00:00,21.23,17.650000000000002,9.43,16.04,9.98,9.19,19.88
2007-01-05 11:00:00,17.150000000000002,15.49,7.1000000000000005,21.79,10.87,6.99,18.55
2007-01-05 12:00:00,7.31,11.14,4.61,25.2,14.9,6.83,16.2
2007-01-05 13:00:00,14.0,7.79,6.95,24.41,12.65,4.78,11.0
2007-01-05 14:00:00,14.41,9.76,4.22,23.28,15.53,4.26,11.42
2007-01-05 15:00:00,12.47,3.14,7.25,23.59,13.26,7.57,12.19
2007-01-05 16:00:00,11.61,9.39,10.68,21.96,15.28,8.11,9.71
2007-01-05 17:00:00,10.39,17.37,20.27,21.2,15.64,13.17,13.13
2007-01-05 18:00:00,8.61,20.5,20.76,21.8,16.28,14.99,15.96
2007-01-05 19:00:00,14.79,19.23,20.36,23.24,16.03,16.61,19.33
2007-01-05 20:00:00,14.26,19.41,20.05,23.96,15.88,17.68,21.18
2007-01-05 21:00:00,14.44,18.38,18.51,22.37,17.12,19.67,20.54
2007-01-05 22:00:00,15.06,16.71,17.68,22.82,17.98,17.85,19.61
2007-01-05 23:00:00,16.07,15.37,15.28,22.53,17.96,15.22,18.38
2007-01-06 00:00:00,14.82,15.93,10.97,21.44,17.76,9.88,18.87
2007-01-06 01:00:00,17.13,15.68,13.23,24.66,16.73,3.26,4.88
2007-01-06 02:00:00,18.35,12.52,10.87,26.34,17.98,6.94,1.64
2007-01-06 03:00:00,19.02,13.3,5.86,27.4,16.330000000000002,7.03,2.44
2007-01-06 04:00:00,18.92,2.71,11.23,25.6,15.98,9.27,3.14
2007-01-06 05:00:00,18.68,7.4,5.5200000000000005,25.84,15.67,9.49,2.86
2007-01-06 06:00:00,15.98,5.66,4.41,23.64,14.99,8.23,9.95
2007-01-06 07:00:00,12.56,1.42,6.67,23.99,14.98,11.84,7.71
2007-01-06 08:00:00,15.57,0.88,6.0,23.99,13.7,10.05,7.42
2007-01-06 09:00:00,17.92,1.02,6.74,21.74,13.9,9.0,4.74
2007-01-06 10:00:00,16.86,0.99,5.15,18.52,15.47,8.52,2.85
2007-01-06 11:00:00,13.81,2.47,4.7,17.91,15.65,7.2,2.58
2007-01-06 12:00:00,13.77,3.2,4.03,15.29,14.2,7.24,2.66
2007-01-06 13:00:00,14.22,3.84,2.88,9.93,13.78,7.57,3.4
2007-01-06 14:00:00,12.5,4.37,3.35,7.0600000000000005,12.95,6.99,3.75
2007-01-06 15:00:00,10.31,4.0200000000000005,2.84,8.25,12.45,6.07,1.76
2007-01-06 16:00:00,9.33,4.08,1.7,6.49,11.13,6.26,0.26
2007-01-06 17:00:00,8.51,1.97,0.72,1.5,8.75,5.15,1.05
2007-01-06 18:00:00,8.35,1.99,1.12,0.33,9.29,3.39,1.75
2007-01-06 19:00:00,6.97,2.28,0.67,1.19,9.55,1.42,1.94
2007-01-06 20:00:00,6.92,2.44,0.93,1.33,8.09,0.8200000000000001,1.97
2007-01-06 21:00:00,5.09,1.8,0.92,0.73,7.75,1.54,1.5
2007-01-06 22:00:00,4.9,1.81,0.51,0.78,8.83,1.81,1.31
2007-01-06 23:00:00,5.28,1.46,0.67,0.17,8.55,2.3000000000000003,1.02
2007-01-07 00:00:00,6.76,1.9,0.71,2.04,7.98,2.68,1.52
2007-01-07 01:00:00,5.95,1.69,0.77,4.0600000000000005,9.43,2.18,1.98
2007-01-07 02:00:00,5.37,2.97,5.28,6.21,11.83,0.92,1.67
2007-01-07 03:00:00,5.92,3.33,4.46,9.05,11.65,0.8,9.16
2007-01-07 04:00:00,5.78,3.43,3.49,8.39,12.34,3.09,6.8100000000000005
2007-01-07 05:00:00,6.48,2.39,3.12,9.83,10.85,5.95,6.84
2007-01-07 06:00:00,6.72,2.09,3.9,12.08,11.33,7.0600000000000005,5.7
2007-01-07 07:00:00,7.31,4.08,3.67,10.47,10.99,8.950000000000001,8.64
2007-01-07 08:00:00,7.75,2.38,2.52,11.91,11.4,6.13,10.51
2007-01-07 09:00:00,7.25,2.64,3.87,14.84,11.8,8.31,10.36
2007-01-07 10:00:00,8.700000000000001,1.67,5.66,16.7,11.64,5.47,8.55
2007-01-07 11:00:00,7.87,0.45,6.99,17.400000000000002,14.8,5.0600000000000005,6.86
2007-01-07 12:00:00,7.8,1.49,7.91,15.43,11.04,4.38,6.49
2007-01-07 13:00:00,6.63,1.0,9.77,16.26,9.66,6.84,6.38
2007-01-07 14:00:00,8.700000000000001,0.56,7.77,17.11,11.47,8.73,6.8500000000000005
2007-01-07 15:00:00,7.91,2.74,6.04,16.41,10.13,8.2,7.08
2007-01-07 16:00:00,7.87,3.84,6.84,17.62,10.7,7.34,7.22
2007-01-07 17:00:00,8.040000000000001,3.6,7.74,16.94,7.13,6.87,6.71
2007-01-07 18:00:00,9.36,3.11,5.73,15.22,6.92,7.91,5.83
2007-01-07 19:00:00,9.45,1.67,6.13,15.67,8.42,7.7,5.7700000000000005
2007-01-07 20:00:00,9.71,0.73,9.47,15.25,7.77,7.97,7.2
2007-01-07 21:00:00,8.22,1.46,9.41,12.9,6.67,8.790000000000001,6.74
2007-01-07 22:00:00,5.76,1.22,9.14,10.7,6.3500000000000005,9.67,5.8
2007-01-07 23:00:00,6.78,1.92,7.34,10.25,5.34,10.35,4.87
2007-01-08 00:00:00,8.0,0.41,7.83,11.54,7.25,11.37,5.95
2007-01-08 01:00:00,8.51,0.34,9.58,13.27,9.02,11.35,6.87
2007-01-08 02:00:00,7.59,1.88,9.06,14.97,11.59,11.45,7.04
2007-01-08 03:00:00,7.09,1.06,7.84,15.12,9.28,10.97,7.13
2007-01-08 04:00:00,8.71,2.77,6.890000000000001,15.85,11.2,11.4,5.39
2007-01-08 05:00:00,9.6,3.08,7.12,15.08,7.51,11.08,5.55
2007-01-08 06:00:00,10.53,2.07,6.6000000000000005,14.46,5.66,11.07,6.9
2007-01-08 07:00:00,9.97,1.42,6.5200000000000005,13.86,5.9,10.26,6.91
2007-01-08 08:00:00,9.24,1.73,6.2700000000000005,13.95,4.71,9.82,6.28
2007-01-08 09:00:00,9.33,2.08,6.2700000000000005,15.66,7.98,9.41,6.19
2007-01-08 10:00:00,9.12,2.02,5.5,16.88,7.25,8.44,6.42
2007-01-08 11:00:00,8.59,2.63,5.4,17.53,8.13,8.75,5.2
2007-01-08 12:00:00,8.620000000000001,2.08,4.9,18.85,8.25,8.94,5.51
2007-01-08 13:00:00,8.4,1.27,5.13,19.08,6.68,8.0,6.12
2007-01-08 14:00:00,8.51,0.36,5.04,17.84,8.39,7.65,6.32
2007-01-08 15:00:00,8.17,0.19,4.48,18.66,9.02,8.63,5.78
2007-01-08 16:00:00,7.73,1.5,3.83,18.64,8.28,9.32,5.41
2007-01-08 17:00:00,7.36,2.2,2.5,19.08,7.31,7.78,3.7
2007-01-08 18:00:00,7.92,1.38,2.68,17.62,6.78,7.23,2.49
2007-01-08 19:00:00,7.54,0.11,2.33,16.98,7.07,6.91,2.72
2007-01-08 20:00:00,7.34,1.07,2.75,17.95,6.3100000000000005,7.17,3.61
2007-01-08 21:00:00,7.31,1.5,3.6,16.16,6.13,7.43,3.92
2007-01-08 22:00:00,6.5,1.73,3.33,15.94,5.79,8.26,3.62
2007-01-08 23:00:00,6.82,1.77,3.33,15.36,6.0600000000000005,8.38,2.94
2007-01-09 00:00:00,7.0,1.61,3.77,15.19,8.11,9.52,3.72
2007-01-09 01:00:00,7.0,0.98,3.35,16.37,9.57,10.85,5.8
2007-01-09 02:00:00,6.86,1.59,3.18,16.9,9.27,11.89,7.45
2007-01-09 03:00:00,6.7,1.68,2.85,16.93,8.71,9.95,5.84
2007-01-09 04:00:00,6.7700000000000005,1.07,2.48,15.71,8.290000000000001,10.9,5.71
2007-01-09 05:00:00,6.5,1.94,1.62,14.83,7.52,9.59,4.16
2007-01-09 06:00:00,6.49,1.48,2.84,14.66,4.43,9.1,3.56
2007-01-09 07:00:00,6.3100000000000005,1.7,2.18,14.19,4.12,8.76,3.63
2007-01-09 08:00:00,6.53,1.23,2.04,13.35,5.3100000000000005,8.08,3.25
2007-01-09 09:00:00,5.91,0.94,1.72,13.12,4.94,7.29,3.3200000000000003
2007-01-09 10:00:00,5.17,0.75,0.95,12.93,4.62,6.3100000000000005,2.82
2007-01-09 11:00:00,5.29,0.63,0.41,12.9,2.96,4.92,2.54
2007-01-09 12:00:00,4.93,0.43,0.78,11.13,2.51,2.79,2.57
2007-01-09 13:00:00,4.8100000000000005,0.37,0.52,10.0,2.88,1.76,2.49
2007-01-09 14:00:00,4.43,0.64,0.36,10.5,4.11,1.55,2.13
2007-01-09 15:00:00,4.08,0.92,0.63,7.7,4.65,1.92,1.71
2007-01-09 16:00:00,3.73,0.66,0.7000000000000001,6.8100000000000005,5.21,2.56,1.56
2007-01-09 17:00:00,3.35,0.72,0.22,5.59,5.41,1.94,1.83
2007-01-09 18:00:00,2.99,0.65,0.31,5.59,4.66,1.53,1.3
2007-01-09 19:00:00,2.84,0.41,0.31,4.57,5.2700000000000005,1.76,0.68
2007-01-09 20:00:00,2.88,0.74,0.43,2.9,5.44,2.5500000000000003,0.72
2007-01-09 21:00:00,2.92,1.09,0.45,2.72,4.93,2.5500000000000003,1.09
2007-01-09 22:00:00,2.74,0.27,0.32,2.21,7.33,1.78,1.53
2007-01-09 23:00:00,2.01,0.35,0.13,2.6,5.74,0.8,1.5
2007-01-10 00:00:00,2.36,0.56,0.25,1.08,5.43,0.59,0.6900000000000001
2007-01-10 01:00:00,1.93,1.04,0.51,0.59,5.53,1.13,0.36
2007-01-10 02:00:00,1.25,0.7000000000000001,1.02,0.74,3.92,0.34,0.95
2007-01-10 03:00:00,0.86,0.92,1.55,0.55,2.88,0.92,1.11
2007-01-10 04:00:00,0.99,1.23,2.12,1.49,3.18,1.68,1.17
2007-01-10 05:00:00,1.06,1.62,1.48,1.23,3.2,1.14,1.21
2007-01-10 06:00:00,1.93,0.91,0.6900000000000001,1.75,2.37,0.95,1.2
2007-01-10 07:00:00,3.5700000000000003,0.92,0.61,1.12,1.96,0.32,1.21
2007-01-10 08:00:00,2.8000000000000003,0.56,0.87,1.92,1.34,2.66,1.69
2007-01-10 09:00:00,5.55,0.8300000000000001,0.92,2.37,1.2,3.02,1.54
2007-01-10 10:00:00,5.58,0.88,0.99,2.51,1.95,3.12,1.26
2007-01-10 11:00:00,4.3100000000000005,1.05,1.15,2.42,3.1,4.5,1.3
2007-01-10 12:00:00,1.87,1.61,1.05,2.99,3.5500000000000003,4.17,1.68
2007-01-10 13:00:00,0.56,2.1,0.9,3.54,4.25,4.3100000000000005,0.48
2007-01-10 14:00:00,0.63,2.25,0.64,3.24,3.25,4.3100000000000005,1.58
2007-01-10 15:00:00,1.68,0.64,0.38,3.11,3.45,4.14,1.43
2007-01-10 16:00:00,3.03,1.22,0.43,3.5500000000000003,3.26,5.42,1.03
2007-01-10 17:00:00,3.87,1.93,0.93,4.11,2.43,5.7,1.41
2007-01-10 18:00:00,9.09,1.15,2.1,3.19,1.39,5.7,1.67
2007-01-10 19:00:00,10.97,1.73,4.4,2.64,3.08,7.28,1.45
2007-01-10 20:00:00,11.45,1.51,8.74,3.14,4.61,9.84,10.84
2007-01-10 21:00:00,15.02,4.76,9.8,8.11,4.79,11.15,10.75
2007-01-10 22:00:00,16.02,8.72,10.03,10.58,4.09,12.17,10.83
2007-01-10 23:00:00,16.13,9.17,10.06,8.99,4.79,13.1,11.61
2007-01-11 00:00:00,16.75,11.27,10.14,10.26,5.18,15.01,10.89
2007-01-11 01:00:00,16.580000000000002,10.34,9.49,9.02,5.87,14.53,11.69
2007-01-11 02:00:00,17.12,9.0,10.61,8.59,6.36,14.18,9.73
2007-01-11 03:00:00,17.25,6.88,10.8,11.09,7.86,13.84,9.61
2007-01-11 04:00:00,17.55,5.26,11.06,12.48,9.63,12.91,8.99
2007-01-11 05:00:00,17.650000000000002,4.01,11.72,12.2,9.68,13.31,9.54
2007-01-11 06:00:00,17.85,2.35,11.36,10.63,9.82,13.77,9.92
2007-01-11 07:00:00,18.43,2.6,10.46,11.81,9.2,15.05,10.62
2007-01-11 08:00:00,18.74,1.71,10.07,13.57,8.31,15.52,11.88
2007-01-11 09:00:00,19.49,1.05,9.89,12.4,7.73,16.66,11.04
2007-01-11 10:00:00,19.57,2.36,9.51,13.01,8.36,15.08,10.75
2007-01-11 11:00:00,20.15,3.1,9.93,12.24,8.78,12.62,10.63
2007-01-11 12:00:00,20.23,5.87,10.16,10.93,8.44,14.16,9.17
2007-01-11 13:00:00,20.62,7.08,10.87,9.67,7.07,14.15,9.12
2007-01-11 14:00:00,21.8,9.8,10.98,11.01,7.53,14.01,10.7
2007-01-11 15:00:00,22.7,8.8,10.7,9.16,8.1,13.06,11.92
2007-01-11 16:00:00,23.93,9.86,10.26,8.28,7.17,15.14,11.86
2007-01-11 17:00:00,22.95,17.52,9.35,7.71,6.43,13.97,11.67
2007-01-11 18:00:00,21.0,18.57,10.21,10.29,6.98,14.87,12.08
2007-01-11 19:00:00,19.44,17.87,10.49,10.66,7.1000000000000005,15.56,11.72
2007-01-11 20:00:00,18.52,18.88,10.43,11.81,7.42,15.48,10.15
2007-01-11 21:00:00,18.32,19.16,11.64,11.98,8.02,16.12,9.99
2007-01-11 22:00:00,18.71,18.04,11.43,15.03,8.21,16.97,9.59
2007-01-11 23:00:00,19.41,16.55,8.6,15.57,11.31,16.990000000000002,9.5
2007-01-12 00:00:00,19.39,14.41,11.13,14.89,11.78,17.71,10.59
2007-01-12 01:00:00,20.62,13.72,11.31,13.5,10.72,17.77,9.05
2007-01-12 02:00:00,23.15,13.47,12.42,11.33,10.01,16.490000000000002,10.87
2007-01-12 03:00:00,23.52,9.78,13.64,12.48,10.02,12.56,12.43
2007-01-12 04:00:00,24.86,11.4,13.23,10.62,7.6,14.01,12.29
2007-01-12 05:00:00,25.55,10.47,12.61,10.25,10.33,15.74,11.8
2007-01-12 06:00:00,25.65,8.25,12.19,9.57,13.03,14.31,11.11
2007-01-12 07:00:00,26.5,2.72,10.69,10.55,12.67,12.92,10.43
2007-01-12 08:00:00,26.1,2.37,10.48,11.82,15.54,11.17,8.77
2007-01-12 09:00:00,26.21,8.94,10.03,11.2,15.34,8.97,8.69
2007-01-12 10:00:00,26.35,12.85,8.99,9.3,12.7,8.76,8.41
2007-01-12 11:00:00,26.49,13.04,3.06,12.45,13.93,7.04,4.07
2007-01-12 12:00:00,26.56,12.83,2.94,14.01,14.21,7.31,1.75
2007-01-12 13:00:00,24.93,10.18,2.96,13.45,10.09,6.3100000000000005,1.22
2007-01-12 14:00:00,25.25,9.6,3.88,13.11,9.88,8.18,1.64
2007-01-12 15:00:00,24.1,8.620000000000001,4.62,13.36,7.6,7.13,2.92
2007-01-12 16:00:00,22.11,4.11,1.43,12.16,5.17,5.4,1.38
2007-01-12 17:00:00,24.21,2.36,1.57,11.84,5.84,4.25,2.54
2007-01-12 18:00:00,23.74,4.87,1.71,10.81,4.76,3.82,3.77
2007-01-12 19:00:00,25.0,1.72,1.28,10.11,5.67,3.66,2.72
2007-01-12 20:00:00,25.47,2.33,0.4,7.62,7.48,4.0600000000000005,1.3
2007-01-12 21:00:00,23.57,3.15,1.4,6.6000000000000005,7.67,5.61,3.09
2007-01-12 22:00:00,20.24,2.8000000000000003,3.84,5.63,6.63,5.96,4.3100000000000005
2007-01-12 23:00:00,13.32,3.48,3.85,5.72,5.72,5.2,5.41
2007-01-13 00:00:00,7.71,4.21,5.5,5.78,6.19,4.76,7.84
2007-01-13 01:00:00,9.7,5.6000000000000005,8.620000000000001,9.27,6.01,5.37,7.63
2007-01-13 02:00:00,11.71,2.56,8.42,10.45,6.43,6.17,7.22
2007-01-13 03:00:00,11.46,4.08,10.97,12.63,8.950000000000001,4.69,6.5
2007-01-13 04:00:00,10.26,3.52,9.03,12.88,8.870000000000001,3.61,7.22
2007-01-13 05:00:00,8.52,7.36,1.93,12.85,9.98,6.5,7.11
2007-01-13 06:00:00,7.49,6.96,2.51,12.45,11.13,5.45,8.9
2007-01-13 07:00:00,8.08,11.32,2.58,12.56,10.94,6.21,2.91
2007-01-13 08:00:00,3.78,12.82,4.68,12.75,10.2,6.44,3.77
2007-01-13 09:00:00,2.64,13.95,3.16,12.91,10.23,6.71,5.24
2007-01-13 10:00:00,2.6,13.19,5.6000000000000005,12.51,9.09,5.75,6.5
2007-01-13 11:00:00,3.44,11.52,6.68,13.39,8.5,4.97,6.0200000000000005
2007-01-13 12:00:00,3.08,12.53,8.02,12.92,8.290000000000001,4.24,5.84
2007-01-13 13:00:00,2.86,11.77,8.58,13.12,8.45,4.75,7.7
2007-01-13 14:00:00,3.45,11.88,10.07,13.43,9.4,5.62,7.6
2007-01-13 15:00:00,3.67,11.09,9.2,14.1,9.59,5.19,7.37
2007-01-13 16:00:00,3.89,8.22,5.17,14.14,8.040000000000001,4.58,7.36
2007-01-13 17:00:00,5.11,7.01,5.39,12.18,8.73,4.49,6.79
2007-01-13 18:00:00,6.01,5.78,6.54,11.19,9.11,3.92,6.92
2007-01-13 19:00:00,6.42,4.84,7.31,10.93,9.56,4.7,6.82
2007-01-13 20:00:00,6.12,3.6,6.99,10.29,10.31,5.15,5.48
2007-01-13 21:00:00,5.24,2.95,6.36,9.51,10.73,4.26,4.97
2007-01-13 22:00:00,4.41,1.98,6.51,8.56,11.19,4.15,4.83
2007-01-13 23:00:00,3.82,1.57,5.9,9.68,11.72,3.24,4.47
2007-01-14 00:00:00,3.14,1.46,5.73,10.12,11.65,3.47,3.75
2007-01-14 01:00:00,2.91,1.78,4.57,12.16,12.37,3.16,2.91
2007-01-14 02:00:00,2.76,1.03,4.01,11.0,13.22,4.18,2.71
2007-01-14 03:00:00,4.22,0.36,2.22,10.65,15.89,3.29,2.42
2007-01-14 04:00:00,2.5500000000000003,0.61,1.19,10.82,14.46,2.67,2.3000000000000003
2007-01-14 05:00:00,2.01,0.28,0.42,11.01,14.41,0.91,2.01
2007-01-14 06:00:00,0.8,0.62,0.39,8.45,14.78,0.76,1.68
2007-01-14 07:00:00,2.81,0.5700000000000001,0.26,4.61,13.68,0.33,1.69
2007-01-14 08:00:00,3.0500000000000003,0.42,0.44,2.93,12.25,1.5,1.03
2007-01-14 09:00:00,3.9,0.75,0.33,3.21,12.88,2.42,0.52
2007-01-14 10:00:00,3.64,1.1,0.61,2.61,11.94,3.5500000000000003,0.39
2007-01-14 11:00:00,2.51,1.01,0.43,1.5,12.28,3.77,0.51
2007-01-14 12:00:00,0.99,1.17,0.54,1.64,12.39,2.89,0.5700000000000001
2007-01-14 13:00:00,1.02,1.47,0.45,1.61,11.51,2.25,0.52
2007-01-14 14:00:00,1.15,1.45,0.07,1.25,11.24,1.72,0.08
2007-01-14 15:00:00,0.59,1.74,0.4,1.16,10.23,2.41,1.21
2007-01-14 16:00:00,0.81,1.54,1.32,1.54,7.19,2.69,1.46
2007-01-14 17:00:00,1.27,0.99,1.43,2.62,5.8,2.74,2.08
2007-01-14 18:00:00,1.96,1.48,1.9,2.87,5.3100000000000005,3.08,2.33
2007-01-14 19:00:00,2.72,1.66,2.37,4.17,4.58,3.26,2.5
2007-01-14 20:00:00,3.25,1.56,3.01,5.87,4.18,3.46,3.12
2007-01-14 21:00:00,3.14,2.19,3.76,7.53,4.12,3.69,3.85
2007-01-14 22:00:00,2.81,1.65,4.32,8.68,4.08,4.28,4.6000000000000005
2007-01-14 23:00:00,2.22,1.97,4.93,10.4,4.5200000000000005,6.3500000000000005,4.36
2007-01-15 00:00:00,1.82,3.77,6.34,11.51,5.49,8.11,5.09
2007-01-15 01:00:00,1.81,6.34,6.46,11.72,6.640000000000001,5.99,5.92
2007-01-15 02:00:00,2.39,4.01,5.53,12.18,7.140000000000001,5.73,9.19
2007-01-15 03:00:00,3.53,3.1,5.33,12.04,9.67,4.08,8.86
2007-01-15 04:00:00,3.27,4.05,5.18,11.35,7.48,4.41,7.23
2007-01-15 05:00:00,2.98,3.77,5.18,12.54,6.65,4.0200000000000005,7.72
2007-01-15 06:00:00,3.08,3.3200000000000003,5.08,14.77,6.48,4.32,6.67
2007-01-15 07:00:00,2.85,3.19,5.26,14.43,5.63,3.87,8.040000000000001
2007-01-15 08:00:00,3.0500000000000003,4.25,5.29,16.32,6.25,3.66,7.24
2007-01-15 09:00:00,4.74,2.29,6.78,17.26,7.74,3.54,8.47
2007-01-15 10:00:00,6.140000000000001,0.33,6.25,17.62,8.93,7.24,7.55
2007-01-15 11:00:00,5.61,0.61,6.73,19.25,10.78,6.890000000000001,6.61
2007-01-15 12:00:00,7.07,0.92,6.28,20.21,9.99,4.59,6.16
2007-01-15 13:00:00,7.28,1.27,6.03,20.06,10.46,5.67,5.51
2007-01-15 14:00:00,7.71,1.1,6.12,19.67,10.88,5.74,5.34
2007-01-15 15:00:00,9.21,1.56,5.97,21.15,10.9,6.44,4.75
2007-01-15 16:00:00,8.78,1.93,6.47,19.94,8.290000000000001,7.43,4.03
2007-01-15 17:00:00,8.97,1.67,6.32,18.37,8.51,7.52,3.82
2007-01-15 18:00:00,8.78,1.32,8.69,16.96,8.96,7.08,4.8100000000000005
2007-01-15 19:00:00,8.97,0.96,8.11,16.75,8.33,6.18,6.22
2007-01-15 20:00:00,8.58,1.11,8.38,17.43,8.92,6.34,5.15
2007-01-15 21:00:00,8.08,1.51,7.58,17.39,9.42,7.05,6.5200000000000005
2007-01-15 22:00:00,7.8,0.43,8.06,17.31,9.77,6.29,6.7
2007-01-15 23:00:00,7.12,0.95,7.28,18.31,9.48,6.67,5.22
2007-01-16 00:00:00,8.59,2.12,7.81,19.85,9.81,7.37,5.3100000000000005
2007-01-16 01:00:00,8.72,3.92,9.13,20.27,13.28,8.700000000000001,5.88
2007-01-16 02:00:00,9.96,5.5200000000000005,8.76,20.81,11.8,9.78,5.46
2007-01-16 03:00:00,11.04,2.8000000000000003,5.08,21.13,9.46,10.29,5.08
2007-01-16 04:00:00,11.06,2.22,5.03,19.53,7.33,10.27,5.8500000000000005
2007-01-16 05:00:00,10.49,3.18,5.08,21.37,6.92,9.66,4.8500000000000005
2007-01-16 06:00:00,10.3,3.45,4.68,20.38,4.87,8.5,3.99
2007-01-16 07:00:00,9.73,3.34,5.24,18.93,4.82,7.96,3.84
2007-01-16 08:00:00,9.78,2.89,5.55,19.45,5.7700000000000005,8.06,3.41
2007-01-16 09:00:00,9.96,0.61,6.05,19.64,4.98,10.32,2.68
2007-01-16 10:00:00,9.73,0.25,5.65,18.44,5.25,10.91,3.91
2007-01-16 11:00:00,10.19,0.56,5.3500000000000005,17.14,5.39,9.37,4.63
2007-01-16 12:00:00,10.39,0.53,5.59,17.07,5.62,10.99,4.5200000000000005
2007-01-16 13:00:00,9.72,1.13,6.37,17.55,6.140000000000001,9.82,4.95
2007-01-16 14:00:00,9.87,0.92,6.22,15.99,5.5600000000000005,10.81,5.6000000000000005
2007-01-16 15:00:00,8.36,0.52,6.09,15.34,5.26,10.78,5.8100000000000005
2007-01-16 16:00:00,8.8,0.37,5.53,15.78,4.88,8.28,4.95
2007-01-16 17:00:00,7.75,0.64,3.93,15.38,4.39,7.35,3.83
2007-01-16 18:00:00,6.71,0.99,3.81,14.26,4.73,7.140000000000001,3.73
2007-01-16 19:00:00,5.7700000000000005,1.03,3.24,14.27,4.91,7.140000000000001,3.59
2007-01-16 20:00:00,5.33,0.39,3.97,12.71,4.97,6.11,3.73
2007-01-16 21:00:00,4.8100000000000005,0.43,3.97,9.59,5.21,5.47,3.2
2007-01-16 22:00:00,4.57,0.47,3.0,7.08,5.67,3.96,3.04
2007-01-16 23:00:00,3.9,0.46,2.81,6.79,5.7700000000000005,4.78,2.25
2007-01-17 00:00:00,3.95,0.51,2.0,6.3500000000000005,6.87,5.05,2.05
2007-01-17 01:00:00,3.67,1.06,1.65,6.640000000000001,8.09,5.01,2.22
2007-01-17 02:00:00,2.8000000000000003,1.2,1.72,5.29,9.62,4.62,2.21
2007-01-17 03:00:00,2.25,1.21,1.32,2.08,7.34,4.74,1.67
2007-01-17 04:00:00,1.58,0.94,1.98,1.43,7.640000000000001,4.41,1.95
2007-01-17 05:00:00,1.72,0.79,1.21,2.48,6.12,4.49,2.11
2007-01-17 06:00:00,1.98,2.21,0.52,1.48,3.97,4.61,0.98
2007-01-17 07:00:00,1.98,0.43,0.26,1.69,4.37,4.3500000000000005,0.37
2007-01-17 08:00:00,1.58,0.78,0.6,3.26,4.93,4.67,0.31
2007-01-17 09:00:00,1.03,0.8200000000000001,1.02,3.35,4.8500000000000005,5.67,0.32
2007-01-17 10:00:00,1.66,0.78,0.96,3.12,4.14,5.98,0.56
2007-01-17 11:00:00,3.34,0.32,0.99,3.03,4.94,5.82,1.63
2007-01-17 12:00:00,3.29,0.63,0.93,3.92,4.72,5.9,3.71
2007-01-17 13:00:00,2.68,1.62,1.22,5.11,4.12,6.28,4.3500000000000005
2007-01-17 14:00:00,3.33,2.82,1.84,5.82,3.8,6.97,6.78
2007-01-17 15:00:00,2.22,7.4,0.89,6.93,3.88,7.31,8.15
2007-01-17 16:00:00,0.98,7.15,1.13,7.92,3.74,6.34,6.78
2007-01-17 17:00:00,0.81,6.63,0.79,7.69,2.76,5.78,7.73
2007-01-17 18:00:00,1.61,5.98,1.51,7.75,3.19,6.44,8.56
2007-01-17 19:00:00,1.97,8.35,4.26,8.6,3.85,7.67,8.96
2007-01-17 20:00:00,2.03,8.44,5.3,9.22,3.97,7.87,8.51
2007-01-17 21:00:00,2.6,8.85,7.95,9.75,3.97,8.59,9.51
2007-01-17 22:00:00,2.2,8.1,8.96,9.62,3.89,9.17,10.94
2007-01-17 23:00:00,1.18,7.55,8.58,9.82,4.1,8.57,10.89
2007-01-18 00:00:00,1.18,7.1000000000000005,7.85,11.08,4.19,9.7,11.21
2007-01-18 01:00:00,1.21,6.88,10.9,12.03,2.91,8.27,10.93
2007-01-18 02:00:00,1.64,8.3,10.12,12.62,4.08,7.32,10.35
2007-01-18 03:00:00,2.51,8.53,7.33,12.67,2.32,8.0,11.38
2007-01-18 04:00:00,3.04,7.76,6.95,13.73,1.81,8.51,12.0
2007-01-18 05:00:00,3.5500000000000003,7.22,4.94,14.15,1.21,8.5,11.92
2007-01-18 06:00:00,4.48,5.8,4.59,15.42,3.06,7.390000000000001,12.69
2007-01-18 07:00:00,5.42,5.53,3.43,15.41,3.78,5.41,10.3
2007-01-18 08:00:00,5.14,5.51,3.48,15.51,3.86,4.9,7.74
2007-01-18 09:00:00,5.59,5.22,2.11,15.77,3.54,5.68,6.93
2007-01-18 10:00:00,6.13,4.65,1.57,16.43,4.33,4.82,5.72
2007-01-18 11:00:00,6.16,4.36,1.19,16.71,4.5600000000000005,4.19,5.05
2007-01-18 12:00:00,6.79,3.37,1.13,17.14,4.97,4.63,4.34
2007-01-18 13:00:00,7.37,2.95,1.29,18.69,5.11,3.81,3.54
2007-01-18 14:00:00,7.29,5.98,1.24,18.57,5.13,3.21,3.26
2007-01-18 15:00:00,7.54,4.5200000000000005,0.99,17.75,5.3100000000000005,3.09,2.58
2007-01-18 16:00:00,7.33,1.54,0.91,16.66,5.45,2.16,2.76
2007-01-18 17:00:00,7.27,1.1,1.93,15.83,4.13,2.18,2.52
2007-01-18 18:00:00,7.78,0.78,1.37,16.82,4.15,2.53,1.86
2007-01-18 19:00:00,7.77,0.77,1.77,15.85,5.0600000000000005,3.2,0.96
2007-01-18 20:00:00,8.42,2.5500000000000003,2.0,15.4,5.09,3.54,2.26
2007-01-18 21:00:00,8.82,6.04,3.04,15.39,7.9,7.46,4.73
2007-01-18 22:00:00,9.93,6.23,11.04,15.65,6.88,8.16,5.39
2007-01-18 23:00:00,10.23,7.53,9.21,15.44,6.11,6.54,5.7700000000000005
2007-01-19 00:00:00,6.93,5.87,9.59,16.43,5.96,3.42,8.19
2007-01-19 01:00:00,7.71,6.0600000000000005,6.44,17.81,4.15,8.06,6.37
2007-01-19 02:00:00,8.99,8.13,9.46,17.44,3.68,10.71,5.67
2007-01-19 03:00:00,10.75,7.63,3.42,17.67,2.15,12.14,6.33
2007-01-19 04:00:00,8.26,8.38,3.24,18.17,2.98,10.41,6.11
2007-01-19 05:00:00,8.47,7.05,1.91,18.09,4.1,8.49,6.8500000000000005
2007-01-19 06:00:00,8.23,5.34,1.63,17.41,5.15,7.5,7.56
2007-01-19 07:00:00,8.09,5.76,2.05,17.52,7.49,4.55,7.52
2007-01-19 08:00:00,7.930000000000001,5.99,2.69,17.21,6.3500000000000005,5.11,6.96
2007-01-19 09:00:00,7.48,5.9,3.0,16.98,4.47,5.46,6.26
2007-01-19 10:00:00,7.66,5.29,3.6,17.62,3.3000000000000003,5.08,5.58
2007-01-19 11:00:00,7.74,3.2,4.39,17.28,2.93,6.18,4.95
2007-01-19 12:00:00,7.72,1.76,4.73,18.19,3.14,5.78,5.37
2007-01-19 13:00:00,7.32,1.25,5.9,17.82,3.49,6.19,5.62
2007-01-19 14:00:00,7.65,1.13,5.3100000000000005,18.02,4.13,4.76,4.68
2007-01-19 15:00:00,7.66,0.77,4.53,17.3,3.36,3.88,3.46
2007-01-19 16:00:00,7.13,0.5,2.98,16.29,0.53,2.42,3.29
2007-01-19 17:00:00,8.21,1.16,1.3,13.92,1.88,1.52,2.24
2007-01-19 18:00:00,12.66,2.54,1.94,11.61,3.79,1.18,2.02
2007-01-19 19:00:00,7.85,1.97,1.98,12.23,3.51,1.35,0.77
2007-01-19 20:00:00,9.7,1.96,1.67,12.25,3.22,1.59,0.09
2007-01-19 21:00:00,10.96,1.33,1.19,12.68,3.63,5.13,0.23
2007-01-19 22:00:00,8.65,0.52,1.36,12.65,4.3,5.54,0.91
2007-01-19 23:00:00,10.25,0.88,1.22,13.02,4.95,4.47,0.89
2007-01-20 00:00:00,8.3,1.67,2.15,12.88,3.04,2.05,2.69
2007-01-20 01:00:00,8.58,1.74,1.55,10.57,8.21,1.17,1.32
2007-01-20 02:00:00,9.4,0.64,1.21,9.82,4.76,0.42,1.0
2007-01-20 03:00:00,7.5,2.21,0.35,9.52,1.45,0.45,1.03
2007-01-20 04:00:00,7.09,2.04,0.63,9.1,3.0,0.99,1.1
2007-01-20 05:00:00,6.140000000000001,1.61,1.01,7.4,1.27,2.22,0.58
2007-01-20 06:00:00,5.89,1.78,1.15,6.88,1.57,1.95,0.22
2007-01-20 07:00:00,5.66,1.98,2.47,8.94,1.05,1.21,1.14
2007-01-20 08:00:00,2.26,1.45,1.98,8.44,1.01,2.32,1.03
2007-01-20 09:00:00,2.2,0.6900000000000001,0.85,7.4,1.84,3.51,0.87
2007-01-20 10:00:00,3.53,0.67,0.6900000000000001,7.77,2.51,2.87,1.34
2007-01-20 11:00:00,3.86,0.47,0.94,5.47,3.04,1.81,0.37
2007-01-20 12:00:00,3.27,0.77,1.32,2.98,3.21,0.87,0.73
2007-01-20 13:00:00,2.97,1.21,1.42,1.15,3.86,1.73,0.54
2007-01-20 14:00:00,3.16,1.96,1.05,1.81,3.45,1.95,0.29
2007-01-20 15:00:00,3.39,1.93,1.07,2.1,1.67,1.32,1.09
2007-01-20 16:00:00,3.11,1.94,0.44,1.82,1.21,1.65,2.07
2007-01-20 17:00:00,1.33,0.75,0.43,1.15,2.84,1.94,1.71
2007-01-20 18:00:00,0.97,1.09,0.56,1.34,3.85,3.19,1.29
2007-01-20 19:00:00,1.05,1.86,0.36,1.64,3.87,4.32,1.56
2007-01-20 20:00:00,1.14,2.25,0.73,2.21,3.95,5.33,2.67
2007-01-20 21:00:00,2.02,3.03,2.5,2.06,3.9,5.6000000000000005,3.21
2007-01-20 22:00:00,4.38,1.92,5.82,1.86,4.08,5.91,6.23
2007-01-20 23:00:00,6.05,5.04,8.45,1.39,4.45,5.2,10.85
2007-01-21 00:00:00,6.49,13.28,7.73,4.08,4.63,6.91,11.18
2007-01-21 01:00:00,3.22,13.56,11.46,4.98,3.95,6.97,8.64
2007-01-21 02:00:00,2.98,13.74,12.85,3.8,4.72,6.5600000000000005,8.68
2007-01-21 03:00:00,1.9,14.91,12.45,3.29,5.05,6.96,5.41
2007-01-21 04:00:00,1.22,13.78,12.97,3.11,3.96,6.66,6.1000000000000005
2007-01-21 05:00:00,1.07,12.56,12.96,2.53,2.86,6.91,7.29
2007-01-21 06:00:00,1.48,7.61,10.41,1.62,2.89,6.53,6.5
2007-01-21 07:00:00,0.95,6.21,7.26,4.61,2.91,7.48,6.29
2007-01-21 08:00:00,1.0,7.55,7.09,10.29,4.15,6.92,4.4
2007-01-21 09:00:00,0.42,8.45,6.18,12.99,5.24,5.98,6.17
2007-01-21 10:00:00,1.64,6.2700000000000005,7.26,16.18,5.89,4.62,11.91
2007-01-21 11:00:00,4.28,1.88,4.12,15.86,7.67,2.69,12.07
2007-01-21 12:00:00,5.51,1.61,4.54,18.27,9.1,3.9,9.02
2007-01-21 13:00:00,3.66,4.2,4.7,19.31,10.23,6.72,8.870000000000001
2007-01-21 14:00:00,3.69,1.92,7.0,21.97,10.58,7.91,7.19
2007-01-21 15:00:00,6.13,2.79,7.140000000000001,22.52,10.1,5.14,5.57
2007-01-21 16:00:00,7.19,2.1,9.41,22.91,9.17,6.95,6.73
2007-01-21 17:00:00,4.11,10.07,11.14,22.7,8.45,8.55,6.21
2007-01-21 18:00:00,4.29,16.16,13.79,22.62,9.09,8.52,6.78
2007-01-21 19:00:00,4.61,12.58,12.51,19.07,11.19,9.38,11.91
2007-01-21 20:00:00,5.48,12.53,15.92,18.65,12.47,9.07,13.93
2007-01-21 21:00:00,12.85,13.21,13.76,18.14,13.93,8.73,13.51
2007-01-21 22:00:00,13.14,13.66,14.34,16.63,14.89,9.53,12.23
2007-01-21 23:00:00,14.55,12.62,15.07,17.990000000000002,14.59,8.96,14.08
2007-01-22 00:00:00,11.77,8.53,13.43,17.89,13.57,7.35,8.25
2007-01-22 01:00:00,11.29,4.98,13.9,18.73,14.82,2.65,5.49
2007-01-22 02:00:00,13.76,1.85,11.76,19.98,15.5,6.04,6.53
2007-01-22 03:00:00,11.87,5.41,11.28,20.65,15.07,3.34,2.74
2007-01-22 04:00:00,17.87,6.2,10.36,21.36,13.58,1.76,2.09
2007-01-22 05:00:00,14.19,2.8000000000000003,11.98,19.89,13.19,5.47,3.68
2007-01-22 06:00:00,14.19,1.36,11.84,14.97,13.57,4.07,2.13
2007-01-22 07:00:00,15.74,1.46,10.83,10.12,13.14,5.55,4.86
2007-01-22 08:00:00,16.46,1.57,9.28,14.37,13.58,2.84,3.99
2007-01-22 09:00:00,15.57,0.6,8.15,17.44,14.26,3.25,3.49
2007-01-22 10:00:00,16.91,0.55,6.45,19.83,13.94,3.78,3.81
2007-01-22 11:00:00,16.14,2.59,4.64,19.27,12.89,5.41,3.0
2007-01-22 12:00:00,16.080000000000002,2.14,1.94,17.51,12.69,6.24,2.62
2007-01-22 13:00:00,14.43,0.96,2.38,19.84,13.36,6.2,2.88
2007-01-22 14:00:00,11.79,1.51,4.0,19.4,13.38,5.65,2.65
2007-01-22 15:00:00,9.34,1.01,3.45,19.1,11.37,4.96,0.7000000000000001
2007-01-22 16:00:00,9.2,1.97,2.81,18.74,8.49,8.91,0.78
2007-01-22 17:00:00,9.97,3.0500000000000003,2.52,17.23,8.35,8.65,1.18
2007-01-22 18:00:00,11.55,1.5,2.85,15.52,8.68,6.37,1.73
2007-01-22 19:00:00,12.01,0.7000000000000001,2.48,15.56,7.98,5.5600000000000005,1.68
2007-01-22 20:00:00,11.62,0.89,1.68,15.3,7.42,4.75,3.96
2007-01-22 21:00:00,10.8,0.86,1.75,11.94,6.58,4.76,5.43
2007-01-22 22:00:00,10.63,0.6,2.15,9.92,5.87,4.8100000000000005,4.88
2007-01-22 23:00:00,10.09,0.92,2.88,8.08,5.8100000000000005,5.11,4.22
2007-01-23 00:00:00,10.29,1.84,2.85,6.5200000000000005,5.3100000000000005,4.79,3.77
2007-01-23 01:00:00,12.81,1.09,2.66,8.790000000000001,8.48,5.93,4.19
2007-01-23 02:00:00,10.24,0.28,4.57,9.01,12.99,4.09,4.66
2007-01-23 03:00:00,10.35,2.17,4.9,10.65,10.13,4.38,5.65
2007-01-23 04:00:00,9.21,0.36,5.19,11.78,9.0,2.1,6.29
2007-01-23 05:00:00,8.47,1.58,4.95,11.55,5.51,0.13,6.95
2007-01-23 06:00:00,7.59,1.86,3.56,13.63,4.14,0.5700000000000001,5.68
2007-01-23 07:00:00,6.71,0.35,1.34,12.5,4.0600000000000005,2.88,4.86
2007-01-23 08:00:00,5.41,0.18,1.45,11.63,4.6000000000000005,3.36,4.1
2007-01-23 09:00:00,6.15,1.08,1.61,14.42,6.2700000000000005,3.2,3.51
2007-01-23 10:00:00,5.5,0.72,1.66,14.02,6.29,3.5,2.97
2007-01-23 11:00:00,5.82,0.07,1.53,13.63,4.26,3.75,2.79
2007-01-23 12:00:00,5.87,0.2,1.46,13.53,6.66,3.39,3.37
2007-01-23 13:00:00,6.68,0.68,1.5,13.5,7.74,3.0700000000000003,3.26
2007-01-23 14:00:00,7.52,1.14,1.25,13.32,7.54,3.86,2.61
2007-01-23 15:00:00,5.92,0.68,0.8300000000000001,14.09,5.97,4.15,2.43
2007-01-23 16:00:00,5.88,1.19,0.45,14.59,5.01,4.19,2.58
2007-01-23 17:00:00,5.88,0.61,0.52,13.86,2.75,3.47,1.46
2007-01-23 18:00:00,6.23,0.38,0.56,13.56,2.46,3.0700000000000003,0.8200000000000001
2007-01-23 19:00:00,5.9,0.66,0.6900000000000001,10.93,2.73,2.66,0.48
2007-01-23 20:00:00,5.01,1.06,0.8200000000000001,8.370000000000001,3.36,1.78,0.3
2007-01-23 21:00:00,4.2,1.11,0.5700000000000001,8.96,3.12,0.49,0.34
2007-01-23 22:00:00,4.26,1.17,0.6900000000000001,9.1,2.62,2.79,0.29
2007-01-23 23:00:00,3.34,0.75,0.93,10.25,2.89,1.8,0.37
2007-01-24 00:00:00,5.41,0.72,1.35,12.23,3.53,4.49,0.89
2007-01-24 01:00:00,6.71,0.7000000000000001,0.96,13.24,3.86,4.14,1.37
2007-01-24 02:00:00,7.04,1.79,0.85,14.02,4.5,4.42,1.57
2007-01-24 03:00:00,7.13,1.69,1.09,13.32,4.88,3.96,2.23
2007-01-24 04:00:00,7.27,1.85,0.51,13.06,4.74,4.78,2.48
2007-01-24 05:00:00,7.28,1.72,0.39,11.98,4.61,5.49,2.44
2007-01-24 06:00:00,7.75,0.5700000000000001,0.35,13.43,4.0600000000000005,4.42,3.5
2007-01-24 07:00:00,8.46,0.33,1.02,13.03,3.75,3.31,3.69
2007-01-24 08:00:00,9.06,0.18,1.37,13.78,3.63,3.61,4.46
2007-01-24 09:00:00,8.870000000000001,0.27,1.01,15.56,4.34,4.97,5.4
2007-01-24 10:00:00,7.46,0.59,1.86,15.81,4.91,5.49,5.51
2007-01-24 11:00:00,7.04,1.3,2.24,15.63,4.53,6.37,5.41
2007-01-24 12:00:00,6.93,1.24,1.87,15.98,4.22,7.4,4.22
2007-01-24 13:00:00,7.01,1.31,1.03,15.28,4.01,8.5,4.26
2007-01-24 14:00:00,6.45,0.84,0.84,14.7,4.75,8.77,3.11
2007-01-24 15:00:00,5.9,0.44,0.6900000000000001,14.01,5.0,6.63,5.18
2007-01-24 16:00:00,6.38,0.4,0.41,13.88,3.88,5.03,5.73
2007-01-24 17:00:00,5.84,0.25,0.44,14.35,2.35,4.57,3.25
2007-01-24 18:00:00,5.58,0.34,0.63,11.88,1.85,4.5200000000000005,2.2
2007-01-24 19:00:00,5.76,0.72,1.53,8.44,2.46,5.1000000000000005,3.1
2007-01-24 20:00:00,5.73,0.44,2.59,8.11,2.38,5.16,4.0
2007-01-24 21:00:00,5.49,0.49,3.58,7.87,2.24,5.51,4.72
2007-01-24 22:00:00,4.86,0.78,5.19,6.75,2.22,5.8500000000000005,4.4
2007-01-24 23:00:00,4.51,1.23,3.39,6.05,2.03,7.0600000000000005,4.15
2007-01-25 00:00:00,4.65,0.96,5.59,6.32,1.59,8.790000000000001,2.94
2007-01-25 01:00:00,4.1,1.43,4.8100000000000005,7.42,2.06,10.2,2.4
2007-01-25 02:00:00,4.03,5.08,3.51,5.21,2.32,10.87,2.78
2007-01-25 03:00:00,4.15,2.26,3.34,4.73,2.48,10.78,3.17
2007-01-25 04:00:00,4.12,1.42,3.0,6.59,2.95,10.51,4.0200000000000005
2007-01-25 05:00:00,3.82,1.11,2.82,7.65,4.68,10.25,5.05
2007-01-25 06:00:00,3.97,2.18,2.48,7.44,4.45,9.91,5.3100000000000005
2007-01-25 07:00:00,4.62,2.8000000000000003,1.83,5.5200000000000005,4.5,9.16,5.49
2007-01-25 08:00:00,4.41,2.07,1.22,4.37,4.7,8.28,6.26
2007-01-25 09:00:00,4.32,4.28,1.11,3.21,4.51,7.59,5.8500000000000005
2007-01-25 10:00:00,4.23,5.37,0.73,2.59,4.22,7.640000000000001,5.01
2007-01-25 11:00:00,4.11,5.51,0.75,2.65,3.08,7.04,4.07
2007-01-25 12:00:00,4.22,3.68,0.38,3.34,2.93,5.69,3.94
2007-01-25 13:00:00,4.08,2.84,0.67,3.81,5.49,5.33,3.94
2007-01-25 14:00:00,3.89,2.29,0.7000000000000001,3.91,7.35,5.15,3.41
2007-01-25 15:00:00,3.95,1.41,0.9,3.98,5.99,4.87,3.38
2007-01-25 16:00:00,4.04,0.86,1.1,4.07,3.0700000000000003,4.8,3.68
2007-01-25 17:00:00,4.48,0.61,0.6900000000000001,4.0200000000000005,2.1,4.58,2.88
2007-01-25 18:00:00,4.75,1.04,0.14,3.74,3.16,4.73,3.64
2007-01-25 19:00:00,5.0600000000000005,1.13,0.23,3.87,4.37,4.0600000000000005,3.81
2007-01-25 20:00:00,4.91,1.04,1.64,3.85,4.14,3.97,3.79
2007-01-25 21:00:00,4.97,1.01,1.51,3.1,4.08,3.87,3.91
2007-01-25 22:00:00,4.66,1.0,1.36,2.86,4.3500000000000005,3.73,3.71
2007-01-25 23:00:00,3.86,1.08,1.1,2.74,4.8,4.03,2.91
2007-01-26 00:00:00,3.19,0.93,1.09,2.92,3.94,4.82,0.93
2007-01-26 01:00:00,3.18,0.79,1.9,2.86,3.66,3.99,0.43
2007-01-26 02:00:00,3.16,2.42,2.1,2.08,3.86,3.73,1.01
2007-01-26 03:00:00,2.82,1.21,1.7,2.53,6.13,3.69,1.07
2007-01-26 04:00:00,2.95,1.19,2.05,2.43,6.88,2.4,1.5
2007-01-26 05:00:00,2.25,0.3,2.4,2.28,8.09,1.2,1.17
2007-01-26 06:00:00,1.67,0.91,2.65,2.68,7.49,0.37,1.3
2007-01-26 07:00:00,1.34,1.1,2.61,2.26,7.7,1.32,1.91
2007-01-26 08:00:00,1.03,0.71,2.22,2.21,9.05,1.16,1.81
2007-01-26 09:00:00,1.16,0.81,1.19,2.15,6.93,0.2,1.81
2007-01-26 10:00:00,1.61,1.41,0.74,1.86,7.3,0.63,1.86
2007-01-26 11:00:00,1.89,1.03,0.52,1.95,4.4,1.13,1.77
2007-01-26 12:00:00,2.02,0.84,0.63,2.04,3.0500000000000003,0.78,1.23
2007-01-26 13:00:00,2.14,0.77,0.9,2.07,6.05,0.33,0.8300000000000001
2007-01-26 14:00:00,1.97,1.12,0.92,1.93,5.84,0.13,1.08
2007-01-26 15:00:00,2.63,1.21,0.5700000000000001,1.87,5.04,0.24,0.8
2007-01-26 16:00:00,2.88,1.1,0.39,1.86,5.18,0.98,0.72
2007-01-26 17:00:00,2.86,0.68,0.85,1.78,4.5200000000000005,0.43,0.97
2007-01-26 18:00:00,2.73,0.92,0.77,1.96,3.83,0.29,0.46
2007-01-26 19:00:00,2.62,1.27,1.18,2.24,3.43,0.74,1.37
2007-01-26 20:00:00,2.69,1.87,1.5,2.23,3.19,1.17,4.25
2007-01-26 21:00:00,2.14,4.69,7.81,2.85,3.01,2.16,7.99
2007-01-26 22:00:00,2.6,8.15,9.45,3.66,3.59,2.37,8.51
2007-01-26 23:00:00,4.36,9.28,10.07,5.08,3.47,4.07,8.620000000000001
2007-01-27 00:00:00,6.3500000000000005,9.58,9.65,5.91,4.47,6.390000000000001,8.08
2007-01-27 01:00:00,8.64,11.31,6.72,6.07,5.1000000000000005,4.08,9.6
2007-01-27 02:00:00,9.81,10.46,8.07,7.21,4.57,1.35,7.56
2007-01-27 03:00:00,9.39,9.29,8.81,6.32,4.54,0.41,5.22
2007-01-27 04:00:00,9.23,5.8100000000000005,8.45,4.93,5.0,0.96,5.28
2007-01-27 05:00:00,9.62,7.1000000000000005,7.72,5.7,5.18,0.56,5.97
2007-01-27 06:00:00,10.21,6.93,7.01,6.1000000000000005,5.54,1.3,7.05
2007-01-27 07:00:00,11.52,9.8,6.9,5.1000000000000005,6.140000000000001,1.41,7.38
2007-01-27 08:00:00,12.98,11.08,6.44,4.5200000000000005,5.64,1.61,7.31
2007-01-27 09:00:00,13.72,10.91,6.93,4.7700000000000005,5.5,2.01,7.69
2007-01-27 10:00:00,13.66,10.33,7.3,4.16,5.79,1.44,8.14
2007-01-27 11:00:00,12.98,9.37,6.17,2.73,5.89,1.47,7.6
2007-01-27 12:00:00,12.3,8.64,4.03,3.9,6.01,0.96,7.21
2007-01-27 13:00:00,12.14,8.14,3.92,2.87,5.86,0.5,6.99
2007-01-27 14:00:00,11.8,8.15,2.47,3.3000000000000003,4.8,0.44,6.69
2007-01-27 15:00:00,11.36,5.3,1.88,1.7,5.93,0.19,7.0200000000000005
2007-01-27 16:00:00,10.91,2.59,1.33,1.58,5.73,0.61,6.65
2007-01-27 17:00:00,9.85,1.77,0.77,1.63,4.63,1.04,5.94
2007-01-27 18:00:00,9.39,5.83,1.21,2.2,4.57,2.0,5.22
2007-01-27 19:00:00,8.78,6.44,0.5700000000000001,2.85,5.36,2.37,5.8100000000000005
2007-01-27 20:00:00,8.35,5.98,2.37,3.68,6.04,1.73,6.47
2007-01-27 21:00:00,8.27,6.19,6.08,4.96,6.49,1.48,6.66
2007-01-27 22:00:00,8.59,6.86,6.5200000000000005,4.75,7.22,1.39,7.5
2007-01-27 23:00:00,8.790000000000001,7.390000000000001,7.0600000000000005,4.62,7.41,1.83,7.890000000000001
2007-01-28 00:00:00,9.33,7.46,7.57,5.04,6.75,4.09,7.140000000000001
2007-01-28 01:00:00,10.72,8.98,7.74,4.25,6.53,3.4,5.37
2007-01-28 02:00:00,11.88,8.53,6.3100000000000005,5.01,6.45,2.0,4.82
2007-01-28 03:00:00,12.68,7.01,7.25,7.82,5.36,1.4,5.97
2007-01-28 04:00:00,13.41,5.19,4.65,4.0,4.39,2.47,7.01
2007-01-28 05:00:00,12.83,0.79,3.51,3.7,3.45,1.91,7.12
2007-01-28 06:00:00,11.95,1.9,2.9,3.24,4.29,1.47,5.54
2007-01-28 07:00:00,9.96,2.16,1.25,2.87,3.78,0.63,5.51
2007-01-28 08:00:00,9.0,1.55,1.11,2.57,3.59,1.32,3.84
2007-01-28 09:00:00,7.58,1.72,1.36,0.37,3.43,0.55,2.47
2007-01-28 10:00:00,6.74,3.2,1.78,2.71,3.54,1.14,3.11
2007-01-28 11:00:00,5.79,2.47,1.57,4.2700000000000005,3.98,1.72,1.5
2007-01-28 12:00:00,5.53,4.33,1.44,6.390000000000001,4.18,2.33,0.7000000000000001
2007-01-28 13:00:00,5.16,4.5200000000000005,0.78,7.47,3.96,3.65,3.22
2007-01-28 14:00:00,4.78,3.84,1.31,6.66,4.64,4.57,7.56
2007-01-28 15:00:00,4.72,5.4,0.88,7.0200000000000005,6.19,4.94,6.79
2007-01-28 16:00:00,3.16,5.19,0.85,6.62,5.44,4.25,7.51
2007-01-28 17:00:00,2.89,4.08,1.03,6.37,3.79,5.11,5.57
2007-01-28 18:00:00,2.68,6.890000000000001,1.07,6.3100000000000005,4.39,4.76,6.8500000000000005
2007-01-28 19:00:00,2.5500000000000003,7.65,1.39,6.32,4.75,5.98,6.36
2007-01-28 20:00:00,2.38,7.72,3.36,6.8100000000000005,4.55,5.42,6.5600000000000005
2007-01-28 21:00:00,2.34,5.91,3.5700000000000003,7.26,4.36,6.73,6.65
2007-01-28 22:00:00,1.99,6.7,4.62,8.13,4.19,6.57,5.97
2007-01-28 23:00:00,1.47,8.18,4.01,7.49,3.79,7.19,6.07
2007-01-29 00:00:00,0.8300000000000001,8.48,6.79,6.93,2.91,6.71,7.31
2007-01-29 01:00:00,1.3,7.97,8.98,8.45,2.21,7.07,8.81
2007-01-29 02:00:00,1.55,7.57,8.870000000000001,8.61,2.16,7.15,11.13
2007-01-29 03:00:00,1.8,7.07,9.54,8.33,2.02,6.890000000000001,13.04
2007-01-29 04:00:00,2.17,6.25,10.46,8.78,2.17,8.040000000000001,12.19
2007-01-29 05:00:00,2.15,6.74,7.79,8.6,1.34,6.86,12.34
2007-01-29 06:00:00,2.01,7.0200000000000005,7.47,9.03,2.33,6.8500000000000005,12.52
2007-01-29 07:00:00,1.88,7.1000000000000005,5.64,9.49,2.12,7.25,11.86
2007-01-29 08:00:00,1.83,6.9,6.5600000000000005,9.68,2.54,7.43,11.22
2007-01-29 09:00:00,1.67,7.01,5.1000000000000005,10.47,0.96,6.79,9.99
2007-01-29 10:00:00,1.46,6.96,3.19,11.05,1.21,6.91,9.81
2007-01-29 11:00:00,1.32,6.84,3.44,10.85,2.11,6.37,9.86
2007-01-29 12:00:00,1.22,6.88,3.79,11.45,2.44,6.98,10.64
2007-01-29 13:00:00,1.68,7.31,2.98,11.98,2.16,6.43,10.39
2007-01-29 14:00:00,2.19,7.38,3.82,12.3,2.19,6.97,9.23
2007-01-29 15:00:00,2.5500000000000003,7.07,4.2700000000000005,12.47,2.3000000000000003,7.35,8.67
2007-01-29 16:00:00,2.45,5.39,3.35,12.39,2.54,7.79,7.52
2007-01-29 17:00:00,2.96,6.5,2.38,11.05,2.35,7.36,7.86
2007-01-29 18:00:00,3.47,8.03,3.44,11.34,2.96,9.87,7.45
2007-01-29 19:00:00,4.08,8.65,4.96,10.92,3.2,10.25,7.7
2007-01-29 20:00:00,4.25,8.43,7.15,10.73,3.01,10.05,8.700000000000001
2007-01-29 21:00:00,4.24,8.55,8.31,10.66,2.93,9.4,8.68
2007-01-29 22:00:00,3.98,8.44,8.07,10.21,3.03,9.35,10.15
2007-01-29 23:00:00,3.85,8.09,8.94,10.08,3.35,9.01,9.08
2007-01-30 00:00:00,2.84,7.98,7.99,9.32,3.89,8.59,7.78
2007-01-30 01:00:00,2.24,7.09,7.59,9.7,3.66,9.25,9.4
2007-01-30 02:00:00,2.45,6.09,9.35,10.25,3.72,8.42,11.63
2007-01-30 03:00:00,1.44,6.59,8.6,9.63,3.78,8.4,10.42
2007-01-30 04:00:00,2.23,6.390000000000001,3.6,8.94,3.42,7.640000000000001,11.13
2007-01-30 05:00:00,2.2,6.1000000000000005,1.84,9.17,3.3200000000000003,5.89,10.68
2007-01-30 06:00:00,2.47,5.72,1.09,9.45,4.29,3.3200000000000003,9.92
2007-01-30 07:00:00,2.29,6.82,1.65,10.14,7.37,2.41,9.21
2007-01-30 08:00:00,2.38,7.98,2.48,10.18,4.33,1.94,8.36
2007-01-30 09:00:00,2.38,8.03,3.13,9.61,2.69,1.74,8.97
2007-01-30 10:00:00,2.14,7.7,1.94,9.62,2.46,0.88,8.88
2007-01-30 11:00:00,1.64,6.78,1.1,9.66,2.35,1.17,9.04
2007-01-30 12:00:00,1.48,6.3,0.85,8.86,4.94,0.81,8.8
2007-01-30 13:00:00,1.52,6.71,0.53,7.97,8.11,0.77,8.13
2007-01-30 14:00:00,2.2,4.84,0.8300000000000001,6.32,7.78,0.6900000000000001,7.5
2007-01-30 15:00:00,4.45,4.09,1.45,4.92,7.32,0.8300000000000001,7.38
2007-01-30 16:00:00,6.53,4.37,1.43,3.99,6.640000000000001,0.76,5.39
2007-01-30 17:00:00,5.92,2.39,1.17,3.08,6.53,0.96,2.67
2007-01-30 18:00:00,6.75,1.67,0.93,1.66,7.24,1.97,2.35
2007-01-30 19:00:00,7.54,1.28,1.08,2.3000000000000003,8.16,1.36,1.91
2007-01-30 20:00:00,8.05,1.33,0.86,3.09,8.68,2.01,1.49
2007-01-30 21:00:00,6.95,1.71,0.78,3.68,6.15,4.21,1.83
2007-01-30 22:00:00,7.94,1.9,0.92,3.44,7.62,4.72,2.75
2007-01-30 23:00:00,10.55,2.26,9.3,3.15,5.26,6.05,6.19
2007-01-31 00:00:00,13.15,3.37,8.25,4.2700000000000005,4.88,5.89,8.8
2007-01-31 01:00:00,13.63,9.76,6.74,4.84,5.62,3.82,8.27
2007-01-31 02:00:00,14.0,11.62,7.35,4.18,5.8100000000000005,3.39,6.4
2007-01-31 03:00:00,13.39,12.31,8.03,6.0600000000000005,6.34,4.98,5.82
2007-01-31 04:00:00,13.44,12.69,6.83,7.12,5.79,4.29,4.7700000000000005
2007-01-31 05:00:00,12.96,11.19,7.890000000000001,3.09,4.36,4.1,3.68
2007-01-31 06:00:00,13.25,11.23,6.92,3.3200000000000003,5.22,5.61,4.86
2007-01-31 07:00:00,12.38,10.53,6.93,3.63,4.76,5.65,2.84
2007-01-31 08:00:00,11.29,11.08,6.28,4.09,7.66,5.15,1.72
2007-01-31 09:00:00,11.28,11.27,6.62,4.08,8.15,5.92,1.45
2007-01-31 10:00:00,10.65,10.81,6.96,4.08,8.620000000000001,5.86,1.02
2007-01-31 11:00:00,9.81,10.54,5.09,4.05,8.08,6.44,1.33
2007-01-31 12:00:00,10.0,10.99,6.03,3.74,9.18,7.32,1.18
2007-01-31 13:00:00,10.26,11.45,4.66,3.87,9.58,6.98,1.18
2007-01-31 14:00:00,8.85,10.56,4.18,4.16,8.94,7.07,2.6
2007-01-31 15:00:00,7.79,10.2,5.51,3.18,8.25,6.28,1.23
2007-01-31 16:00:00,5.76,9.6,2.88,3.01,7.57,6.96,2.32
2007-01-31 17:00:00,5.0600000000000005,8.01,1.86,2.57,6.0200000000000005,6.49,2.27
2007-01-31 18:00:00,4.98,6.41,1.6,2.94,5.11,6.69,2.3000000000000003
2007-01-31 19:00:00,6.26,7.01,1.57,3.85,5.22,6.58,1.88
2007-01-31 20:00:00,7.77,6.37,1.41,3.33,5.14,6.5200000000000005,1.18
2007-01-31 21:00:00,9.6,6.390000000000001,3.21,3.22,6.03,6.44,0.96
2007-01-31 22:00:00,11.05,6.0200000000000005,6.13,3.36,6.19,6.6000000000000005,4.95
2007-01-31 23:00:00,9.41,8.66,6.96,3.81,5.97,6.13,8.11
2007-02-01 00:00:00,9.43,11.6,8.66,4.01,5.8500000000000005,6.72,5.72
2007-02-01 01:00:00,9.18,13.17,8.18,4.26,6.03,5.3500000000000005,3.93
2007-02-01 02:00:00,9.8,14.03,8.76,3.96,6.67,5.88,6.2700000000000005
2007-02-01 03:00:00,10.52,14.84,9.67,3.15,9.41,6.25,4.44
2007-02-01 04:00:00,9.88,14.69,8.48,3.19,10.07,6.59,2.05
2007-02-01 05:00:00,9.47,15.13,6.87,2.23,10.54,7.16,2.68
2007-02-01 06:00:00,9.03,15.66,7.91,1.59,10.68,7.87,0.79
2007-02-01 07:00:00,9.94,14.24,7.38,2.48,10.54,8.27,1.8
2007-02-01 08:00:00,11.13,12.95,7.55,1.3,10.32,8.3,2.34
2007-02-01 09:00:00,10.63,9.7,6.69,2.25,10.18,8.75,3.0
2007-02-01 10:00:00,12.74,9.17,4.17,3.16,11.09,8.34,1.1
2007-02-01 11:00:00,14.1,10.54,4.16,2.23,11.8,8.97,1.61
2007-02-01 12:00:00,14.93,13.77,4.4,2.65,12.01,8.69,0.6
2007-02-01 13:00:00,14.13,14.13,5.75,3.29,11.04,8.89,3.46
2007-02-01 14:00:00,13.75,12.71,6.49,1.78,9.9,9.51,5.54
2007-02-01 15:00:00,13.69,8.56,5.59,1.26,8.41,8.84,4.44
2007-02-01 16:00:00,12.35,2.57,4.3100000000000005,1.26,9.86,8.120000000000001,2.47
2007-02-01 17:00:00,9.74,2.58,3.52,0.48,9.88,7.11,2.44
2007-02-01 18:00:00,5.65,2.39,2.67,1.19,9.78,6.84,2.79
2007-02-01 19:00:00,5.01,2.53,1.95,2.35,9.26,6.32,2.1
2007-02-01 20:00:00,3.73,3.14,1.4,3.0,8.09,5.19,2.4
2007-02-01 21:00:00,3.56,2.39,1.04,3.78,7.57,4.57,2.08
2007-02-01 22:00:00,6.41,0.84,3.49,4.37,7.2,4.7,2.32
2007-02-01 23:00:00,6.2700000000000005,8.66,7.11,4.18,6.78,5.2,3.92
2007-02-02 00:00:00,6.43,11.58,8.61,3.58,6.88,5.3100000000000005,1.65
2007-02-02 01:00:00,1.81,13.94,8.18,4.45,7.27,5.05,7.12
2007-02-02 02:00:00,0.72,13.61,9.78,4.9,6.3,4.5600000000000005,3.48
2007-02-02 03:00:00,0.47,12.43,7.77,3.0500000000000003,6.8100000000000005,7.16,5.29
2007-02-02 04:00:00,1.57,11.6,5.82,1.99,7.67,7.68,5.41
2007-02-02 05:00:00,1.33,9.2,5.53,1.85,7.53,7.09,1.8
2007-02-02 06:00:00,1.25,4.76,5.83,2.48,7.73,5.95,1.28
2007-02-02 07:00:00,1.35,0.66,3.37,1.51,7.86,5.4,1.45
2007-02-02 08:00:00,2.45,1.53,3.19,1.93,6.25,4.46,0.5
2007-02-02 09:00:00,3.44,1.69,2.0,3.31,5.42,3.67,3.58
2007-02-02 10:00:00,3.36,0.92,2.77,4.33,6.44,2.58,3.69
2007-02-02 11:00:00,3.97,0.66,1.8,7.13,5.43,0.47,3.34
2007-02-02 12:00:00,4.67,0.96,0.43,8.78,4.87,1.11,3.3000000000000003
2007-02-02 13:00:00,4.67,0.8,0.15,7.95,5.43,1.81,4.57
2007-02-02 14:00:00,4.24,0.77,1.14,8.94,5.59,4.5,6.0200000000000005
2007-02-02 15:00:00,3.5500000000000003,0.89,0.25,8.040000000000001,6.61,4.78,5.45
2007-02-02 16:00:00,3.52,1.56,0.92,7.67,6.16,4.15,3.65
2007-02-02 17:00:00,3.64,1.87,0.8300000000000001,7.25,6.08,4.1,2.5500000000000003
2007-02-02 18:00:00,3.84,1.47,0.81,5.87,7.23,4.74,3.74
2007-02-02 19:00:00,4.18,1.1,1.81,5.7700000000000005,7.79,4.3500000000000005,3.5500000000000003
2007-02-02 20:00:00,4.14,0.98,1.88,4.5200000000000005,8.82,4.0,3.38
2007-02-02 21:00:00,4.15,0.68,2.11,3.56,8.41,3.61,2.84
2007-02-02 22:00:00,3.48,0.45,2.5500000000000003,2.8000000000000003,8.08,3.68,2.54
2007-02-02 23:00:00,2.58,0.49,2.5500000000000003,2.23,8.02,3.63,2.25
2007-02-03 00:00:00,1.63,0.31,2.98,2.42,7.78,3.85,2.34
2007-02-03 01:00:00,1.8,0.23,4.36,1.45,8.51,4.97,2.4
2007-02-03 02:00:00,2.53,0.91,4.89,1.54,9.12,5.45,2.1
2007-02-03 03:00:00,3.35,1.33,3.24,1.28,8.56,5.23,2.73
2007-02-03 04:00:00,3.77,0.88,2.3000000000000003,1.73,8.22,5.04,2.94
2007-02-03 05:00:00,3.45,0.28,1.04,1.82,6.65,4.9,2.92
2007-02-03 06:00:00,3.22,0.6900000000000001,1.41,1.66,7.74,4.71,2.83
2007-02-03 07:00:00,4.11,1.29,0.8300000000000001,1.63,6.51,4.19,3.48
2007-02-03 08:00:00,5.33,1.33,0.52,1.92,5.61,3.81,4.21
2007-02-03 09:00:00,5.94,0.26,0.73,2.15,6.13,3.77,3.87
2007-02-03 10:00:00,6.65,1.41,0.3,2.25,6.46,3.65,4.11
2007-02-03 11:00:00,7.2,1.71,0.31,1.02,6.08,3.87,3.92
2007-02-03 12:00:00,6.87,1.55,0.7000000000000001,1.07,5.19,4.0,3.06
2007-02-03 13:00:00,6.47,0.85,0.47,0.79,5.04,4.48,2.63
2007-02-03 14:00:00,6.04,0.65,0.27,1.43,4.91,4.42,2.26
2007-02-03 15:00:00,5.64,0.64,0.49,1.96,5.07,3.72,2.6
2007-02-03 16:00:00,5.43,0.71,0.81,3.5,4.46,2.4,2.51
2007-02-03 17:00:00,5.36,0.37,0.6,2.9,4.3100000000000005,2.7,1.67
2007-02-03 18:00:00,5.12,0.97,0.68,3.35,5.5200000000000005,3.82,1.12
2007-02-03 19:00:00,5.44,1.17,0.37,4.13,6.22,3.54,1.14
2007-02-03 20:00:00,5.28,1.11,0.74,4.76,5.5600000000000005,3.5700000000000003,1.47
2007-02-03 21:00:00,5.19,1.17,1.29,5.1000000000000005,5.12,3.5700000000000003,1.81
2007-02-03 22:00:00,4.58,1.14,1.16,4.79,4.9,3.63,2.14
2007-02-03 23:00:00,3.63,0.75,1.08,3.85,4.44,3.6,2.01
2007-02-04 00:00:00,4.69,0.51,0.42,2.04,4.51,4.11,1.92
2007-02-04 01:00:00,5.2700000000000005,0.58,0.38,1.69,4.7700000000000005,4.53,2.22
2007-02-04 02:00:00,4.88,1.32,0.36,1.01,5.84,4.41,1.58
2007-02-04 03:00:00,4.3500000000000005,1.1,0.85,0.84,5.11,4.38,1.7
2007-02-04 04:00:00,3.94,0.45,0.72,1.07,4.84,4.0600000000000005,2.22
2007-02-04 05:00:00,3.62,0.48,1.05,1.68,5.15,2.76,2.54
2007-02-04 06:00:00,3.94,0.49,0.58,2.58,5.2700000000000005,0.76,2.52
2007-02-04 07:00:00,3.8,0.38,0.85,3.5500000000000003,4.97,0.42,4.16
2007-02-04 08:00:00,3.73,0.42,0.76,4.82,3.85,0.56,3.5500000000000003
2007-02-04 09:00:00,3.95,0.42,0.7000000000000001,6.66,3.78,1.09,3.87
2007-02-04 10:00:00,3.44,1.78,0.76,7.25,3.84,1.85,4.2700000000000005
2007-02-04 11:00:00,4.07,1.68,0.79,6.99,4.5200000000000005,2.38,4.95
2007-02-04 12:00:00,4.33,1.53,0.96,10.26,5.58,2.83,3.78
2007-02-04 13:00:00,4.22,0.81,0.8200000000000001,11.1,3.49,3.09,2.78
2007-02-04 14:00:00,4.64,0.44,0.51,11.41,3.13,3.94,2.54
2007-02-04 15:00:00,5.42,0.33,0.55,11.4,4.03,4.03,2.37
2007-02-04 16:00:00,4.7700000000000005,0.45,0.85,12.42,4.83,3.86,3.64
2007-02-04 17:00:00,4.0200000000000005,0.55,0.49,12.3,5.53,5.39,2.93
2007-02-04 18:00:00,4.57,0.45,0.45,10.74,5.08,7.0200000000000005,3.09
2007-02-04 19:00:00,5.58,0.54,0.93,11.14,5.62,6.78,3.14
2007-02-04 20:00:00,5.0200000000000005,1.1,1.33,11.53,5.36,5.45,3.77
2007-02-04 21:00:00,5.0600000000000005,1.74,1.63,11.99,5.45,4.75,3.77
2007-02-04 22:00:00,4.74,1.52,4.1,11.23,4.92,4.34,4.21
2007-02-04 23:00:00,4.25,1.12,4.19,11.12,4.82,3.81,3.42
2007-02-05 00:00:00,5.2,1.55,4.7700000000000005,11.76,4.32,3.87,3.3200000000000003
2007-02-05 01:00:00,5.18,1.39,4.25,12.08,5.0600000000000005,5.13,3.74
2007-02-05 02:00:00,4.75,3.76,3.71,12.44,6.09,5.72,4.48
2007-02-05 03:00:00,5.0600000000000005,2.94,3.29,12.2,6.140000000000001,6.1000000000000005,5.97
2007-02-05 04:00:00,5.2,1.71,3.38,11.91,5.73,6.95,6.25
2007-02-05 05:00:00,5.18,0.77,2.29,12.44,5.29,8.370000000000001,6.65
2007-02-05 06:00:00,5.89,0.27,1.82,13.34,4.07,8.13,6.71
2007-02-05 07:00:00,6.3100000000000005,0.6900000000000001,2.92,13.64,3.03,7.87,6.99
2007-02-05 08:00:00,6.38,1.07,2.85,13.23,2.91,7.15,7.49
2007-02-05 09:00:00,6.48,1.57,1.81,15.13,3.18,7.21,7.37
2007-02-05 10:00:00,5.78,1.76,1.52,14.25,2.6,8.31,7.890000000000001
2007-02-05 11:00:00,5.59,3.19,1.39,13.14,2.78,8.78,7.46
2007-02-05 12:00:00,5.2700000000000005,3.61,1.21,13.78,3.86,9.19,6.21
2007-02-05 13:00:00,4.99,3.71,1.53,13.74,4.43,9.35,6.32
2007-02-05 14:00:00,5.04,1.39,1.69,14.84,3.69,8.58,6.62
2007-02-05 15:00:00,4.37,0.31,0.55,14.52,4.03,8.57,6.99
2007-02-05 16:00:00,4.21,0.28,0.65,14.53,3.65,8.05,5.42
2007-02-05 17:00:00,3.68,0.81,1.23,13.78,2.4,8.52,3.33
2007-02-05 18:00:00,3.67,0.45,0.99,12.47,1.67,7.84,4.01
2007-02-05 19:00:00,4.71,0.74,2.02,11.82,2.33,7.52,5.13
2007-02-05 20:00:00,4.3100000000000005,1.79,4.08,11.38,2.84,8.18,5.53
2007-02-05 21:00:00,4.03,2.67,4.84,8.52,3.16,8.18,5.7
2007-02-05 22:00:00,3.5700000000000003,2.69,4.92,6.84,2.71,8.36,4.32
2007-02-05 23:00:00,3.39,3.4,5.13,6.8500000000000005,2.21,9.36,4.28
2007-02-06 00:00:00,3.81,4.11,5.11,7.79,0.8200000000000001,9.05,4.18
2007-02-06 01:00:00,3.37,5.66,4.59,7.46,2.1,7.24,4.29
2007-02-06 02:00:00,2.54,3.37,3.86,6.12,2.38,5.95,4.75
2007-02-06 03:00:00,1.96,2.45,1.33,6.2,2.54,5.78,6.2700000000000005
2007-02-06 04:00:00,1.6,2.01,1.05,5.46,2.11,5.44,4.3100000000000005
2007-02-06 05:00:00,1.51,2.21,1.29,4.68,2.33,5.01,4.32
2007-02-06 06:00:00,1.64,1.3,2.01,3.33,4.13,4.57,4.33
2007-02-06 07:00:00,1.61,0.62,1.4,2.35,5.62,4.29,4.66
2007-02-06 08:00:00,1.72,0.78,0.75,1.85,4.71,4.14,4.3500000000000005
2007-02-06 09:00:00,1.62,1.44,0.59,1.69,5.17,3.93,4.17
2007-02-06 10:00:00,1.74,2.28,0.43,1.43,5.11,3.75,3.75
2007-02-06 11:00:00,1.88,1.67,0.41,1.35,5.2,3.5500000000000003,2.64
2007-02-06 12:00:00,2.17,1.22,0.23,1.61,5.28,3.3000000000000003,1.72
2007-02-06 13:00:00,2.28,0.64,0.44,1.91,4.9,3.03,1.61
2007-02-06 14:00:00,1.83,0.45,0.56,2.36,4.96,2.99,1.32
2007-02-06 15:00:00,2.15,0.59,0.96,2.9,5.39,3.21,1.34
2007-02-06 16:00:00,2.47,1.19,1.23,3.39,5.3500000000000005,3.39,1.46
2007-02-06 17:00:00,2.58,0.99,0.9,3.34,3.48,3.79,0.9
2007-02-06 18:00:00,2.91,0.8300000000000001,0.38,3.23,3.26,3.82,1.2
2007-02-06 19:00:00,3.09,1.11,0.87,3.02,3.94,3.67,1.72
2007-02-06 20:00:00,2.97,1.4,1.41,3.2,4.08,3.5,1.5
2007-02-06 21:00:00,2.73,1.92,1.33,2.99,3.8,2.83,1.03
2007-02-06 22:00:00,2.15,2.62,0.9,3.53,3.52,1.31,1.75
2007-02-06 23:00:00,2.42,3.26,0.46,3.94,3.24,0.3,3.03
2007-02-07 00:00:00,4.57,4.2700000000000005,3.62,4.66,3.64,2.89,6.8100000000000005
2007-02-07 01:00:00,8.61,3.81,7.7,4.72,3.3000000000000003,4.44,7.92
2007-02-07 02:00:00,9.11,6.0200000000000005,6.75,5.15,2.82,1.5,5.19
2007-02-07 03:00:00,9.03,4.33,6.99,3.74,2.83,0.3,4.26
2007-02-07 04:00:00,9.84,2.59,9.0,3.34,3.51,1.36,5.19
2007-02-07 05:00:00,10.74,3.84,10.21,4.09,3.81,0.95,5.74
2007-02-07 06:00:00,10.67,2.13,9.98,2.18,4.25,0.62,5.37
2007-02-07 07:00:00,11.06,1.05,8.58,4.78,4.54,1.32,5.18
2007-02-07 08:00:00,11.36,1.5,3.78,5.0,4.95,0.97,5.07
2007-02-07 09:00:00,11.43,0.98,3.03,5.32,5.37,0.8,5.57
2007-02-07 10:00:00,10.97,1.17,2.8000000000000003,5.0200000000000005,5.95,0.52,4.71
2007-02-07 11:00:00,10.37,1.97,1.52,4.96,6.33,0.15,3.67
2007-02-07 12:00:00,10.45,2.17,0.73,4.16,6.6000000000000005,1.24,3.38
2007-02-07 13:00:00,9.93,1.32,1.48,3.72,5.93,2.4,3.2
2007-02-07 14:00:00,9.85,0.14,1.46,3.93,4.97,2.11,3.38
2007-02-07 15:00:00,8.34,1.24,1.54,4.95,3.64,1.73,3.23
2007-02-07 16:00:00,7.63,1.19,0.92,3.75,3.59,1.57,3.34
2007-02-07 17:00:00,7.41,1.01,0.79,2.93,3.18,2.19,3.43
2007-02-07 18:00:00,7.21,4.86,0.66,3.17,3.69,2.69,5.0200000000000005
2007-02-07 19:00:00,6.96,7.19,0.93,3.81,4.28,2.49,5.8100000000000005
2007-02-07 20:00:00,7.930000000000001,8.55,3.5500000000000003,4.92,4.69,1.49,6.41
2007-02-07 21:00:00,8.120000000000001,8.91,7.61,5.83,4.37,1.71,6.75
2007-02-07 22:00:00,8.4,8.44,8.59,7.21,4.8100000000000005,2.87,7.47
2007-02-07 23:00:00,9.56,6.37,8.540000000000001,7.42,5.45,8.69,7.390000000000001
2007-02-08 00:00:00,12.18,6.72,7.78,7.24,5.64,8.3,5.8500000000000005
2007-02-08 01:00:00,13.88,11.19,7.68,7.9,5.8500000000000005,5.73,6.44
2007-02-08 02:00:00,15.68,12.32,8.66,9.47,6.0200000000000005,4.4,5.38
2007-02-08 03:00:00,16.22,12.83,9.61,9.47,6.0600000000000005,4.0,7.03
2007-02-08 04:00:00,15.64,11.84,8.67,7.32,6.8100000000000005,3.04,5.2
2007-02-08 05:00:00,14.53,7.68,7.71,8.51,6.94,2.73,6.29
2007-02-08 06:00:00,14.27,8.75,9.71,9.45,6.8500000000000005,5.21,7.04
2007-02-08 07:00:00,13.44,9.98,8.94,7.26,6.2,5.72,7.17
2007-02-08 08:00:00,12.68,9.91,1.26,3.56,6.09,5.11,5.2700000000000005
2007-02-08 09:00:00,12.3,7.11,2.81,3.49,3.86,5.0600000000000005,3.65
2007-02-08 10:00:00,12.53,1.48,1.5,6.03,1.57,2.5,4.7700000000000005
2007-02-08 11:00:00,12.62,1.11,1.07,8.790000000000001,0.17,2.26,6.5600000000000005
2007-02-08 12:00:00,11.96,2.63,0.8,7.72,0.8,0.44,4.8
2007-02-08 13:00:00,9.95,0.96,0.76,4.17,0.62,1.07,4.8
2007-02-08 14:00:00,9.54,0.94,0.88,1.97,1.11,0.44,5.12
2007-02-08 15:00:00,9.44,0.75,0.55,3.31,0.74,0.98,4.88
2007-02-08 16:00:00,9.17,1.2,0.61,4.19,1.32,1.94,5.13
2007-02-08 17:00:00,8.120000000000001,1.18,0.96,3.11,1.14,1.91,3.42
2007-02-08 18:00:00,8.66,1.03,1.29,2.22,1.67,2.11,3.37
2007-02-08 19:00:00,7.61,0.8,1.57,1.75,2.5,1.88,3.01
2007-02-08 20:00:00,7.22,1.79,1.24,1.72,4.09,2.13,3.08
2007-02-08 21:00:00,8.01,1.89,0.97,2.51,4.74,2.17,4.69
2007-02-08 22:00:00,7.96,2.29,0.97,3.74,4.8100000000000005,2.15,5.6000000000000005
2007-02-08 23:00:00,7.07,3.99,5.86,4.6000000000000005,4.0200000000000005,1.37,6.5600000000000005
2007-02-09 00:00:00,6.95,6.09,6.48,4.97,3.38,0.8,6.53
2007-02-09 01:00:00,12.36,7.01,5.92,4.1,3.98,0.94,7.21
2007-02-09 02:00:00,12.42,3.23,5.23,3.84,4.48,0.58,5.65
2007-02-09 03:00:00,12.23,3.2,6.92,3.14,4.32,1.54,6.18
2007-02-09 04:00:00,12.11,3.25,6.91,4.92,4.29,0.87,7.09
2007-02-09 05:00:00,12.12,7.07,8.620000000000001,5.08,5.84,0.8200000000000001,8.64
2007-02-09 06:00:00,12.16,8.19,8.82,4.17,5.84,1.21,9.14
2007-02-09 07:00:00,12.07,7.0,7.640000000000001,5.83,4.68,1.17,8.64
2007-02-09 08:00:00,11.71,5.29,6.32,5.82,4.64,1.69,7.61
2007-02-09 09:00:00,11.35,5.3100000000000005,5.91,5.2,4.28,1.02,8.07
2007-02-09 10:00:00,8.99,4.25,5.07,4.45,4.14,0.7000000000000001,8.25
2007-02-09 11:00:00,8.97,2.81,5.32,5.68,3.31,0.79,8.63
2007-02-09 12:00:00,7.11,0.55,3.53,7.47,3.08,0.63,6.49
2007-02-09 13:00:00,5.79,0.44,0.81,7.84,2.4,0.79,6.63
2007-02-09 14:00:00,4.96,1.21,0.59,7.83,2.84,1.25,3.08
2007-02-09 15:00:00,4.8,1.64,1.18,6.32,2.85,1.01,3.87
2007-02-09 16:00:00,3.06,2.58,1.05,4.04,2.75,1.91,3.43
2007-02-09 17:00:00,1.5,2.12,0.47,3.92,2.72,2.45,2.28
2007-02-09 18:00:00,0.97,1.93,0.49,3.64,3.37,2.99,2.87
2007-02-09 19:00:00,2.33,1.1,1.2,4.22,3.9,3.1,3.47
2007-02-09 20:00:00,3.72,3.12,1.84,4.19,4.29,2.8000000000000003,3.85
2007-02-09 21:00:00,4.33,3.68,5.99,4.89,4.5600000000000005,1.96,4.79
2007-02-09 22:00:00,5.08,3.0700000000000003,7.26,5.99,4.32,1.26,7.18
2007-02-09 23:00:00,4.63,6.4,7.4,7.17,4.5200000000000005,3.16,7.71
2007-02-10 00:00:00,5.75,8.55,7.390000000000001,6.3100000000000005,4.22,4.36,6.8
2007-02-10 01:00:00,8.6,11.76,8.24,4.7,4.62,1.65,6.8100000000000005
2007-02-10 02:00:00,9.7,11.48,8.33,5.15,3.93,2.21,8.61
2007-02-10 03:00:00,9.89,10.08,7.6,4.71,4.94,2.69,7.98
2007-02-10 04:00:00,9.45,3.96,7.890000000000001,4.18,4.5200000000000005,3.4,3.14
2007-02-10 05:00:00,8.81,1.64,7.37,2.45,4.87,1.6,7.33
2007-02-10 06:00:00,8.65,1.93,6.82,2.15,4.6000000000000005,0.64,5.12
2007-02-10 07:00:00,7.97,2.89,5.17,2.01,4.14,1.07,3.29
2007-02-10 08:00:00,7.38,0.37,1.63,1.6,3.39,1.58,2.94
2007-02-10 09:00:00,5.17,1.43,0.9,2.21,1.22,1.22,2.54
2007-02-10 10:00:00,4.65,1.29,0.68,2.27,0.79,0.27,2.8000000000000003
2007-02-10 11:00:00,3.78,1.62,0.97,2.7,1.01,0.65,3.56
2007-02-10 12:00:00,2.77,1.09,1.12,3.42,1.17,2.05,4.0600000000000005
2007-02-10 13:00:00,3.44,0.92,0.52,4.15,1.19,1.43,3.01
2007-02-10 14:00:00,3.14,1.07,1.21,4.2,1.57,1.35,2.95
2007-02-10 15:00:00,3.15,0.86,1.53,3.78,2.19,2.06,3.44
2007-02-10 16:00:00,2.63,0.65,1.62,3.43,3.21,3.4,4.13
2007-02-10 17:00:00,0.6,0.2,1.29,2.27,3.3200000000000003,3.5500000000000003,4.66
2007-02-10 18:00:00,0.64,0.45,0.58,1.72,3.66,3.42,6.01
2007-02-10 19:00:00,1.68,2.39,1.1,3.42,3.99,3.23,5.88
2007-02-10 20:00:00,3.02,5.72,3.5,4.37,4.24,5.16,7.24
2007-02-10 21:00:00,3.71,9.56,6.5600000000000005,6.61,4.23,3.44,7.61
2007-02-10 22:00:00,3.78,9.49,6.25,7.57,4.19,1.15,8.53
2007-02-10 23:00:00,3.81,8.52,8.05,8.040000000000001,3.97,1.03,7.84
2007-02-11 00:00:00,5.82,8.56,7.94,7.86,4.49,1.33,6.38
2007-02-11 01:00:00,9.41,8.48,6.9,8.57,5.16,2.56,4.9
2007-02-11 02:00:00,10.81,6.47,2.72,8.11,4.5600000000000005,2.96,6.18
2007-02-11 03:00:00,10.72,3.34,4.14,6.99,4.8100000000000005,3.03,5.01
2007-02-11 04:00:00,11.44,2.99,6.8500000000000005,5.03,5.4,2.48,5.18
2007-02-11 05:00:00,11.52,2.28,6.58,5.63,6.88,3.36,6.05
2007-02-11 06:00:00,11.97,4.05,4.22,6.65,7.0200000000000005,5.39,6.18
2007-02-11 07:00:00,11.82,5.4,3.91,6.44,6.93,6.19,5.18
2007-02-11 08:00:00,12.09,3.31,0.96,8.620000000000001,7.27,5.16,4.97
2007-02-11 09:00:00,11.84,3.52,1.86,9.0,7.0600000000000005,3.63,4.62
2007-02-11 10:00:00,12.84,3.74,1.96,8.68,6.49,3.92,5.9
2007-02-11 11:00:00,13.92,5.2700000000000005,3.23,11.34,5.86,5.71,5.66
2007-02-11 12:00:00,13.68,6.82,4.8,9.96,5.43,7.01,2.34
2007-02-11 13:00:00,14.08,8.6,5.36,13.35,4.3500000000000005,7.22,2.95
2007-02-11 14:00:00,13.42,7.25,5.25,12.36,4.3500000000000005,6.57,4.05
2007-02-11 15:00:00,13.32,6.66,7.890000000000001,9.3,4.76,8.21,7.15
2007-02-11 16:00:00,14.16,6.13,7.11,8.77,3.72,6.42,5.33
2007-02-11 17:00:00,12.95,8.21,7.56,10.9,3.73,9.56,6.2700000000000005
2007-02-11 18:00:00,14.76,12.08,8.88,12.32,4.15,9.79,6.17
2007-02-11 19:00:00,16.37,12.05,9.83,9.58,5.47,11.27,6.17
2007-02-11 20:00:00,16.69,13.68,9.46,9.77,7.09,11.59,7.73
2007-02-11 21:00:00,17.72,12.11,9.05,9.99,7.07,12.77,9.78
2007-02-11 22:00:00,17.45,15.55,9.6,12.64,7.85,12.63,9.7
2007-02-11 23:00:00,16.93,16.35,9.39,13.66,8.65,12.6,9.92
2007-02-12 00:00:00,17.73,17.71,8.93,12.98,8.53,12.5,9.85
2007-02-12 01:00:00,17.72,21.25,8.49,10.55,8.39,12.61,8.85
2007-02-12 02:00:00,16.95,23.06,10.24,10.19,10.26,9.99,9.1
2007-02-12 03:00:00,16.63,22.09,10.69,4.8100000000000005,10.53,8.17,8.23
2007-02-12 04:00:00,14.81,22.37,10.33,6.640000000000001,11.83,9.33,8.19
2007-02-12 05:00:00,10.52,20.2,11.73,7.9,10.43,9.36,7.22
2007-02-12 06:00:00,5.44,16.32,10.38,8.63,9.56,9.59,9.81
2007-02-12 07:00:00,4.37,10.29,9.1,6.33,9.6,9.01,8.35
2007-02-12 08:00:00,5.25,5.84,9.41,2.96,8.66,9.97,6.37
2007-02-12 09:00:00,9.57,6.28,10.65,2.82,7.57,10.46,6.59
2007-02-12 10:00:00,9.53,11.21,10.79,3.46,7.27,9.24,7.46
2007-02-12 11:00:00,9.63,11.81,11.64,4.39,6.6000000000000005,8.370000000000001,5.26
2007-02-12 12:00:00,9.88,11.31,9.8,4.0600000000000005,5.88,8.8,5.96
2007-02-12 13:00:00,6.6000000000000005,14.05,9.47,4.8100000000000005,5.5600000000000005,7.05,7.57
2007-02-12 14:00:00,2.27,13.99,10.86,4.28,4.94,7.37,8.24
2007-02-12 15:00:00,1.65,10.21,8.66,3.45,5.03,7.2,6.25
2007-02-12 16:00:00,1.51,1.39,7.890000000000001,3.09,3.18,6.63,5.87
2007-02-12 17:00:00,1.89,3.04,9.09,3.02,2.23,6.78,6.54
2007-02-12 18:00:00,2.27,1.92,8.9,2.06,1.93,7.05,7.23
2007-02-12 19:00:00,3.12,0.92,9.05,3.09,2.18,7.390000000000001,7.930000000000001
2007-02-12 20:00:00,4.58,2.76,10.08,4.75,4.01,8.41,9.65
2007-02-12 21:00:00,3.26,8.82,11.19,5.62,4.13,9.23,11.25
2007-02-12 22:00:00,3.34,11.4,10.57,6.11,4.91,9.34,10.97
2007-02-12 23:00:00,4.17,12.46,10.33,8.94,5.33,8.78,10.82
2007-02-13 00:00:00,10.6,14.69,8.88,10.03,5.7700000000000005,8.47,9.67
2007-02-13 01:00:00,13.11,16.07,7.17,8.83,5.98,9.2,7.930000000000001
2007-02-13 02:00:00,14.24,16.41,10.46,8.89,7.54,9.52,8.39
2007-02-13 03:00:00,14.52,14.92,9.87,8.3,7.23,9.16,7.18
2007-02-13 04:00:00,15.39,13.01,10.61,5.7700000000000005,5.94,12.18,7.0
2007-02-13 05:00:00,16.82,13.11,9.96,6.12,6.94,11.05,8.56
2007-02-13 06:00:00,16.42,13.31,9.31,6.63,7.47,10.93,10.64
2007-02-13 07:00:00,16.09,11.62,9.55,4.92,7.52,11.83,6.66
2007-02-13 08:00:00,16.39,13.97,11.33,4.96,7.85,7.73,7.13
2007-02-13 09:00:00,16.52,13.67,11.21,5.65,8.44,8.46,9.03
2007-02-13 10:00:00,16.78,11.26,11.61,4.17,9.1,8.72,9.72
2007-02-13 11:00:00,16.61,6.16,10.97,3.95,10.69,10.02,10.35
2007-02-13 12:00:00,18.27,11.69,9.42,4.76,10.33,10.63,8.5
2007-02-13 13:00:00,19.14,16.15,4.37,6.29,9.11,10.61,5.72
2007-02-13 14:00:00,17.78,16.36,8.07,5.41,8.65,9.36,3.38
2007-02-13 15:00:00,17.03,15.42,8.76,5.0600000000000005,10.08,8.88,3.53
2007-02-13 16:00:00,17.95,12.56,7.34,6.05,10.18,10.26,2.66
2007-02-13 17:00:00,19.41,14.13,6.59,6.25,9.73,10.39,9.82
2007-02-13 18:00:00,19.6,13.92,3.0700000000000003,6.13,8.07,9.15,13.35
2007-02-13 19:00:00,20.3,13.6,6.8500000000000005,6.28,7.86,9.0,12.45
2007-02-13 20:00:00,20.01,13.41,6.34,7.15,7.27,8.39,11.18
2007-02-13 21:00:00,19.97,13.46,6.75,7.58,6.72,7.75,10.46
2007-02-13 22:00:00,20.07,15.09,7.25,7.77,5.55,4.86,11.26
2007-02-13 23:00:00,18.66,15.74,8.47,7.56,8.02,9.25,12.91
2007-02-14 00:00:00,18.64,17.06,8.55,7.38,8.040000000000001,8.59,14.21
2007-02-14 01:00:00,18.02,17.59,6.83,7.49,7.03,10.34,16.64
2007-02-14 02:00:00,15.53,18.8,8.22,10.7,7.51,3.3200000000000003,13.95
2007-02-14 03:00:00,13.66,17.43,8.67,11.05,9.78,9.56,12.16
2007-02-14 04:00:00,13.81,15.91,8.45,10.57,9.84,7.85,14.44
2007-02-14 05:00:00,12.72,14.1,4.71,8.73,11.71,6.45,14.08
2007-02-14 06:00:00,10.67,15.37,4.5200000000000005,10.35,12.76,5.51,11.23
2007-02-14 07:00:00,10.91,14.44,5.04,9.84,11.92,5.32,10.93
2007-02-14 08:00:00,11.3,13.91,4.11,10.58,11.15,5.69,7.8
2007-02-14 09:00:00,10.75,13.44,4.5200000000000005,15.38,10.94,4.8500000000000005,7.9
2007-02-14 10:00:00,11.52,13.07,3.3200000000000003,16.61,11.76,6.2,7.16
2007-02-14 11:00:00,13.14,13.55,0.97,16.3,11.5,7.07,5.91
2007-02-14 12:00:00,10.36,11.41,1.94,14.01,10.13,6.390000000000001,8.58
2007-02-14 13:00:00,7.72,10.22,1.59,12.43,10.44,5.5600000000000005,2.98
2007-02-14 14:00:00,6.71,10.04,1.57,11.93,10.86,4.47,0.74
2007-02-14 15:00:00,5.82,7.34,1.09,12.79,11.71,3.79,1.68
2007-02-14 16:00:00,5.5200000000000005,3.96,0.95,16.14,11.34,1.8,1.43
2007-02-14 17:00:00,4.5,3.0500000000000003,0.48,15.65,11.48,2.6,0.87
2007-02-14 18:00:00,6.2700000000000005,2.84,1.98,14.74,11.99,4.43,3.22
2007-02-14 19:00:00,7.82,8.24,2.81,12.6,11.14,6.04,4.44
2007-02-14 20:00:00,8.71,7.94,2.43,10.89,10.06,5.8500000000000005,3.82
2007-02-14 21:00:00,8.2,8.41,2.5500000000000003,10.38,10.0,5.98,5.19
2007-02-14 22:00:00,11.97,5.03,2.56,10.53,11.07,7.34,4.93
2007-02-14 23:00:00,12.39,7.65,2.15,9.95,10.33,6.08,5.2700000000000005
2007-02-15 00:00:00,11.13,10.36,6.53,9.0,12.55,4.65,8.07
2007-02-15 01:00:00,9.09,13.27,5.99,8.98,13.25,4.1,11.36
2007-02-15 02:00:00,6.17,13.68,5.88,8.96,13.89,2.22,12.88
2007-02-15 03:00:00,5.74,12.85,7.140000000000001,8.61,13.66,1.16,13.37
2007-02-15 04:00:00,4.21,10.72,2.35,6.24,15.1,1.86,13.28
2007-02-15 05:00:00,5.32,9.23,2.04,5.75,14.14,3.02,11.0
2007-02-15 06:00:00,4.79,8.65,1.88,4.05,15.02,2.39,10.14
2007-02-15 07:00:00,5.82,4.22,1.92,3.64,14.03,2.84,4.97
2007-02-15 08:00:00,6.3500000000000005,3.49,2.75,5.37,13.99,3.5700000000000003,1.52
2007-02-15 09:00:00,5.5200000000000005,3.68,3.86,3.87,13.46,3.86,0.99
2007-02-15 10:00:00,3.86,2.91,3.23,3.61,12.1,4.82,0.32
2007-02-15 11:00:00,3.33,3.11,1.98,1.43,10.56,5.41,1.08
2007-02-15 12:00:00,4.75,1.72,1.55,1.62,9.42,5.87,1.99
2007-02-15 13:00:00,5.4,2.76,1.03,0.85,8.99,5.25,2.08
2007-02-15 14:00:00,3.42,1.86,0.8300000000000001,2.1,9.46,4.41,0.71
2007-02-15 15:00:00,4.46,1.13,1.02,2.05,9.41,4.16,0.85
2007-02-15 16:00:00,3.95,2.11,1.39,2.34,8.24,3.44,2.01
2007-02-15 17:00:00,3.98,2.0,1.08,2.02,8.58,2.84,1.59
2007-02-15 18:00:00,4.65,1.6,0.37,2.83,8.75,2.51,1.87
2007-02-15 19:00:00,6.08,1.49,1.19,4.54,8.32,2.01,1.45
2007-02-15 20:00:00,5.08,1.4,0.85,5.37,9.08,2.07,0.99
2007-02-15 21:00:00,5.88,0.93,0.42,5.29,8.97,1.25,1.1
2007-02-15 22:00:00,5.69,0.28,0.8300000000000001,5.53,9.87,1.02,0.48
2007-02-15 23:00:00,4.73,0.47,0.84,4.95,11.62,0.8,4.07
2007-02-16 00:00:00,3.54,5.9,0.77,4.7700000000000005,9.0,3.02,6.78
2007-02-16 01:00:00,4.25,7.04,3.23,5.36,12.68,3.01,4.32
2007-02-16 02:00:00,5.94,3.96,3.13,7.75,14.98,1.42,4.1
2007-02-16 03:00:00,5.53,5.3,4.03,8.55,14.52,0.85,9.45
2007-02-16 04:00:00,4.8,8.620000000000001,3.89,8.86,12.65,2.84,11.57
2007-02-16 05:00:00,7.1000000000000005,6.890000000000001,4.15,11.11,10.73,2.59,10.64
2007-02-16 06:00:00,7.63,9.23,3.67,12.79,8.24,5.5,10.75
2007-02-16 07:00:00,6.58,9.41,2.64,15.37,6.12,5.14,9.19
2007-02-16 08:00:00,7.46,7.29,1.37,14.8,4.29,5.34,9.54
2007-02-16 09:00:00,7.86,6.92,1.12,13.72,3.39,4.14,8.58
2007-02-16 10:00:00,7.35,7.27,0.59,13.93,3.3000000000000003,2.43,6.95
2007-02-16 11:00:00,7.42,7.46,0.94,10.74,5.78,1.6,6.9
2007-02-16 12:00:00,6.97,8.73,0.92,8.64,5.24,0.4,7.61
2007-02-16 13:00:00,6.19,8.9,0.45,12.48,7.68,0.81,7.98
2007-02-16 14:00:00,5.76,7.2,0.65,11.76,6.87,1.17,8.73
2007-02-16 15:00:00,5.82,7.33,0.5,11.66,6.24,2.27,8.790000000000001
2007-02-16 16:00:00,5.33,7.58,0.27,11.28,4.57,2.42,7.9
2007-02-16 17:00:00,4.86,4.34,0.73,10.62,5.14,3.35,6.96
2007-02-16 18:00:00,5.2700000000000005,4.07,0.76,8.69,5.24,4.17,6.3
2007-02-16 19:00:00,6.1000000000000005,3.8,1.88,9.98,4.86,4.96,6.69
2007-02-16 20:00:00,6.54,4.79,3.23,9.07,5.26,4.82,6.69
2007-02-16 21:00:00,6.92,4.65,5.97,9.92,5.2,5.72,7.41
2007-02-16 22:00:00,6.3500000000000005,5.79,5.36,10.58,6.49,6.3500000000000005,7.75
2007-02-16 23:00:00,5.75,5.08,7.82,12.76,7.140000000000001,7.53,6.71
2007-02-17 00:00:00,5.3100000000000005,5.84,8.43,11.92,7.27,6.42,7.84
2007-02-17 01:00:00,5.95,6.74,8.120000000000001,12.92,8.370000000000001,7.29,6.3500000000000005
2007-02-17 02:00:00,6.4,4.2700000000000005,9.32,15.36,9.98,6.44,8.620000000000001
2007-02-17 03:00:00,6.68,5.97,6.54,15.85,11.76,4.82,8.08
2007-02-17 04:00:00,6.44,6.3100000000000005,5.57,18.33,10.18,4.2700000000000005,10.64
2007-02-17 05:00:00,6.9,6.75,4.74,18.84,8.27,4.96,10.34
2007-02-17 06:00:00,6.68,6.47,5.76,18.53,4.79,5.43,10.14
2007-02-17 07:00:00,7.32,6.59,6.37,17.87,6.79,5.97,7.19
2007-02-17 08:00:00,8.370000000000001,4.72,6.7,19.65,6.28,6.46,7.58
2007-02-17 09:00:00,8.42,4.65,4.8,19.7,4.26,6.04,7.17
2007-02-17 10:00:00,8.59,3.34,6.32,19.13,3.81,6.37,8.68
2007-02-17 11:00:00,7.45,1.99,4.59,18.09,3.72,5.76,6.41
2007-02-17 12:00:00,8.16,3.56,4.83,17.580000000000002,4.39,5.73,5.63
2007-02-17 13:00:00,8.45,2.76,5.7700000000000005,18.09,6.04,9.82,4.72
2007-02-17 14:00:00,7.32,2.53,4.95,18.41,4.74,9.14,4.24
2007-02-17 15:00:00,8.040000000000001,1.56,6.5200000000000005,16.71,4.66,8.59,4.19
2007-02-17 16:00:00,7.140000000000001,1.84,5.14,15.71,4.72,8.47,2.36
2007-02-17 17:00:00,6.55,1.95,2.74,13.58,4.3500000000000005,10.1,2.31
2007-02-17 18:00:00,6.54,3.84,6.26,13.39,4.79,10.83,6.82
2007-02-17 19:00:00,6.63,6.1000000000000005,8.85,11.61,5.51,10.03,7.09
2007-02-17 20:00:00,6.59,6.8500000000000005,8.66,11.78,5.76,10.51,9.49
2007-02-17 21:00:00,6.34,7.46,8.61,11.02,5.37,10.3,9.3
2007-02-17 22:00:00,5.91,7.62,7.62,9.88,6.46,9.92,8.46
2007-02-17 23:00:00,5.76,6.09,7.16,8.84,6.6000000000000005,9.64,8.22
2007-02-18 00:00:00,5.2700000000000005,5.4,6.1000000000000005,7.72,7.88,8.84,6.58
2007-02-18 01:00:00,4.0200000000000005,5.38,6.21,6.95,8.55,9.0,7.9
2007-02-18 02:00:00,3.94,3.84,5.8,6.54,8.2,8.33,7.41
2007-02-18 03:00:00,4.19,3.76,2.69,6.73,9.1,7.37,6.7
2007-02-18 04:00:00,3.86,3.68,1.07,7.04,7.23,6.22,6.41
2007-02-18 05:00:00,2.77,3.14,0.95,6.24,7.98,6.0600000000000005,5.76
2007-02-18 06:00:00,2.54,2.62,1.43,4.96,9.11,5.76,4.7
2007-02-18 07:00:00,1.93,2.65,1.57,5.04,8.19,5.3100000000000005,4.21
2007-02-18 08:00:00,1.73,1.54,0.99,3.84,8.96,5.4,3.74
2007-02-18 09:00:00,1.56,1.03,1.0,2.97,9.34,5.1000000000000005,3.5
2007-02-18 10:00:00,1.72,0.68,1.09,2.29,11.1,4.64,2.91
2007-02-18 11:00:00,2.66,0.13,1.22,1.84,11.65,3.78,2.75
2007-02-18 12:00:00,4.83,0.59,0.98,2.4,11.27,3.27,1.99
2007-02-18 13:00:00,6.97,1.22,0.95,2.37,9.24,2.52,1.51
2007-02-18 14:00:00,8.73,2.21,0.87,2.8000000000000003,9.11,1.74,1.43
2007-02-18 15:00:00,11.83,2.04,0.3,2.85,6.98,1.32,1.05
2007-02-18 16:00:00,11.99,1.4,0.7000000000000001,2.9,5.3100000000000005,2.16,0.53
2007-02-18 17:00:00,13.33,1.42,0.28,2.93,3.3000000000000003,3.23,0.27
2007-02-18 18:00:00,12.64,1.8,0.7000000000000001,3.86,5.44,6.3100000000000005,0.5700000000000001
2007-02-18 19:00:00,16.72,3.16,0.91,5.15,5.88,9.49,3.5700000000000003
2007-02-18 20:00:00,16.19,6.24,0.45,5.5200000000000005,5.8500000000000005,10.32,3.29
2007-02-18 21:00:00,16.61,7.7,2.03,5.97,5.89,12.68,8.58
2007-02-18 22:00:00,16.1,9.14,8.28,6.55,5.92,11.58,8.58
2007-02-18 23:00:00,17.080000000000002,9.66,8.66,7.390000000000001,5.5200000000000005,11.82,9.23
2007-02-19 00:00:00,17.34,10.56,9.0,12.34,7.22,13.83,9.27
2007-02-19 01:00:00,18.22,10.71,8.84,11.79,9.1,16.240000000000002,6.890000000000001
2007-02-19 02:00:00,17.240000000000002,10.76,8.39,10.97,13.06,16.54,6.93
2007-02-19 03:00:00,16.91,9.27,8.93,10.24,13.07,16.43,9.05
2007-02-19 04:00:00,16.990000000000002,9.02,9.92,11.51,13.06,16.330000000000002,9.89
2007-02-19 05:00:00,18.76,5.86,10.51,8.07,12.65,16.22,9.31
2007-02-19 06:00:00,19.89,7.1000000000000005,11.49,9.38,12.0,15.1,9.87
2007-02-19 07:00:00,20.56,10.41,8.53,7.81,13.57,12.48,10.42
2007-02-19 08:00:00,21.21,9.5,9.63,6.98,15.32,10.64,10.38
2007-02-19 09:00:00,21.13,9.52,10.08,6.82,12.24,13.33,9.06
2007-02-19 10:00:00,23.98,6.54,9.85,7.0,13.99,13.96,9.66
2007-02-19 11:00:00,21.85,2.25,9.91,5.13,9.35,12.62,9.05
2007-02-19 12:00:00,21.7,7.85,7.48,6.93,9.37,6.65,8.66
2007-02-19 13:00:00,22.28,12.01,6.88,6.47,8.53,5.47,8.57
2007-02-19 14:00:00,20.87,10.19,4.21,4.16,5.8100000000000005,3.42,4.59
2007-02-19 15:00:00,20.73,6.46,6.62,3.61,5.3500000000000005,2.8000000000000003,2.34
2007-02-19 16:00:00,18.77,7.98,2.8000000000000003,3.89,7.16,7.16,2.69
2007-02-19 17:00:00,17.82,5.97,1.39,4.84,6.6000000000000005,6.65,2.86
2007-02-19 18:00:00,17.78,2.86,1.18,6.8,7.63,8.18,1.98
2007-02-19 19:00:00,15.81,5.25,0.97,10.79,7.94,8.76,4.23
2007-02-19 20:00:00,17.81,5.61,4.92,13.31,8.05,9.53,8.03
2007-02-19 21:00:00,15.45,3.41,4.45,16.37,10.18,9.01,6.5600000000000005
2007-02-19 22:00:00,16.69,1.06,6.8100000000000005,13.39,8.34,9.24,6.19
2007-02-19 23:00:00,14.96,1.64,5.5200000000000005,10.19,6.3100000000000005,6.48,3.39
2007-02-20 00:00:00,14.0,5.69,2.71,8.38,6.3100000000000005,3.66,2.27
2007-02-20 01:00:00,13.77,10.95,2.43,7.61,6.82,2.95,5.15
2007-02-20 02:00:00,13.18,11.92,7.09,10.57,5.5,5.89,0.75
2007-02-20 03:00:00,12.48,10.59,7.45,9.43,7.01,4.26,1.62
2007-02-20 04:00:00,11.34,9.56,5.91,8.02,5.88,3.43,2.99
2007-02-20 05:00:00,10.19,10.5,7.09,5.3100000000000005,7.58,4.8,0.62
2007-02-20 06:00:00,9.95,9.67,5.0600000000000005,6.8500000000000005,5.82,4.28,1.03
2007-02-20 07:00:00,6.3500000000000005,8.16,2.49,7.2,5.74,5.18,1.09
2007-02-20 08:00:00,2.95,2.52,3.03,4.15,5.69,4.91,1.66
2007-02-20 09:00:00,1.49,3.31,3.48,1.86,7.07,4.32,1.55
2007-02-20 10:00:00,1.47,3.68,3.65,2.32,6.5600000000000005,3.8,1.09
2007-02-20 11:00:00,0.72,1.92,1.29,1.63,6.94,2.79,1.9
2007-02-20 12:00:00,0.94,2.15,0.93,1.93,6.8100000000000005,1.18,1.88
2007-02-20 13:00:00,1.6,2.4,0.31,2.02,6.0200000000000005,0.55,2.03
2007-02-20 14:00:00,1.45,1.05,0.66,1.85,5.22,2.09,2.39
2007-02-20 15:00:00,1.56,1.77,1.36,1.93,4.46,2.78,2.01
2007-02-20 16:00:00,1.39,1.32,1.09,1.85,4.05,3.0,1.48
2007-02-20 17:00:00,2.11,0.99,0.88,2.03,4.07,2.03,1.25
2007-02-20 18:00:00,1.83,1.24,0.32,2.59,3.35,2.19,1.53
2007-02-20 19:00:00,2.66,1.3,0.8300000000000001,3.27,3.56,2.83,2.11
2007-02-20 20:00:00,3.09,1.81,3.48,4.33,3.72,3.16,2.05
2007-02-20 21:00:00,2.93,2.31,4.72,4.5200000000000005,3.54,3.14,5.15
2007-02-20 22:00:00,3.01,1.13,6.03,4.28,3.53,3.24,6.640000000000001
2007-02-20 23:00:00,3.04,3.89,7.5,4.43,3.61,3.8,6.12
2007-02-21 00:00:00,2.81,10.29,7.8,5.14,3.67,4.57,8.4
2007-02-21 01:00:00,3.19,10.99,7.31,5.13,3.89,6.12,8.870000000000001
2007-02-21 02:00:00,3.34,12.57,7.61,4.15,4.37,5.12,8.92
2007-02-21 03:00:00,1.73,8.24,7.42,4.58,3.1,4.73,7.18
2007-02-21 04:00:00,0.92,4.12,5.76,5.91,2.51,5.43,4.99
2007-02-21 05:00:00,0.6900000000000001,0.87,4.45,5.98,1.98,5.69,2.78
2007-02-21 06:00:00,0.43,1.75,5.01,4.3,1.19,5.53,3.17
2007-02-21 07:00:00,1.32,2.27,5.68,3.1,0.38,2.93,1.94
2007-02-21 08:00:00,1.22,2.16,5.65,3.01,0.12,2.17,2.41
2007-02-21 09:00:00,1.66,2.07,4.24,2.67,0.62,1.89,1.4
2007-02-21 10:00:00,1.0,3.26,2.41,2.92,1.17,2.37,2.86
2007-02-21 11:00:00,0.6900000000000001,4.0600000000000005,2.4,2.64,1.3,3.2,2.78
2007-02-21 12:00:00,0.46,3.11,1.85,2.56,1.17,3.0700000000000003,2.58
2007-02-21 13:00:00,0.59,2.62,0.43,2.44,1.43,3.66,2.81
2007-02-21 14:00:00,0.42,3.35,0.81,2.41,1.81,4.34,3.25
2007-02-21 15:00:00,1.24,3.34,0.51,2.47,2.33,4.62,2.78
2007-02-21 16:00:00,1.28,1.48,0.81,2.56,1.76,4.19,3.4
2007-02-21 17:00:00,1.79,0.88,1.72,2.4,2.43,4.33,2.32
2007-02-21 18:00:00,1.57,1.34,1.19,3.2,2.95,4.13,2.59
2007-02-21 19:00:00,1.97,1.66,0.37,4.08,2.39,3.74,2.88
2007-02-21 20:00:00,2.88,1.89,1.07,4.76,2.26,3.85,3.7
2007-02-21 21:00:00,2.93,2.72,1.5,4.51,2.32,3.89,4.13
2007-02-21 22:00:00,2.92,3.23,5.19,4.89,2.54,3.28,5.12
2007-02-21 23:00:00,2.91,3.96,7.140000000000001,5.41,2.66,3.0500000000000003,6.13
2007-02-22 00:00:00,2.94,4.29,7.87,5.87,2.75,3.15,6.82
2007-02-22 01:00:00,3.13,7.69,7.38,7.53,2.33,5.79,7.16
2007-02-22 02:00:00,3.89,8.45,8.33,8.75,3.2,3.26,7.97
2007-02-22 03:00:00,5.65,8.01,10.11,9.9,3.7,3.52,4.93
2007-02-22 04:00:00,7.59,6.26,12.21,7.61,3.42,2.35,7.09
2007-02-22 05:00:00,10.28,6.28,8.82,6.36,3.09,0.76,5.78
2007-02-22 06:00:00,12.99,8.58,10.07,4.73,3.21,1.92,5.87
2007-02-22 07:00:00,14.77,12.66,10.75,5.22,3.44,4.62,8.06
2007-02-22 08:00:00,16.44,13.54,10.99,5.11,4.79,5.05,10.1
2007-02-22 09:00:00,17.67,11.73,9.23,9.28,5.51,5.65,7.96
2007-02-22 10:00:00,18.42,15.42,8.870000000000001,9.27,6.0600000000000005,6.2,8.75
2007-02-22 11:00:00,19.07,14.11,8.85,4.47,6.17,3.17,11.33
2007-02-22 12:00:00,19.47,13.35,4.1,4.84,6.15,3.24,14.25
2007-02-22 13:00:00,18.51,12.81,3.86,7.77,5.8100000000000005,4.23,11.64
2007-02-22 14:00:00,17.2,13.15,8.59,9.05,5.64,4.38,11.71
2007-02-22 15:00:00,16.02,11.68,11.05,7.92,5.45,5.03,11.31
2007-02-22 16:00:00,15.67,11.44,3.83,8.08,5.58,7.09,9.74
2007-02-22 17:00:00,13.4,11.63,1.53,9.05,5.43,9.56,9.36
2007-02-22 18:00:00,14.54,12.15,8.870000000000001,9.7,5.95,10.55,8.88
2007-02-22 19:00:00,15.75,14.28,11.14,11.84,7.140000000000001,11.4,9.94
2007-02-22 20:00:00,17.16,12.85,12.71,10.33,8.28,13.82,10.45
2007-02-22 21:00:00,19.74,13.19,12.59,11.08,8.86,14.65,12.64
2007-02-22 22:00:00,20.86,14.53,13.48,12.56,8.620000000000001,15.18,11.48
2007-02-22 23:00:00,22.65,15.62,12.52,12.88,9.03,14.11,11.4
2007-02-23 00:00:00,20.57,12.94,9.92,13.87,9.1,14.83,11.29
2007-02-23 01:00:00,17.400000000000002,11.95,9.34,15.81,9.47,16.65,9.53
2007-02-23 02:00:00,19.21,10.59,11.66,16.91,5.75,18.83,5.71
2007-02-23 03:00:00,19.43,6.15,13.16,17.7,8.05,16.65,6.99
2007-02-23 04:00:00,19.97,17.95,12.45,15.43,9.47,14.07,9.98
2007-02-23 05:00:00,19.55,15.45,9.75,10.59,9.56,11.96,7.04
2007-02-23 06:00:00,19.79,9.67,10.27,12.2,6.65,12.43,6.67
2007-02-23 07:00:00,18.99,17.85,9.94,12.78,14.91,11.6,7.99
2007-02-23 08:00:00,15.28,16.46,9.04,11.4,17.71,8.92,9.23
2007-02-23 09:00:00,21.99,8.040000000000001,11.92,8.2,15.93,9.72,8.72
2007-02-23 10:00:00,26.21,3.73,11.12,11.18,19.59,12.01,8.4
2007-02-23 11:00:00,23.8,13.91,11.96,12.15,19.06,11.43,9.14
2007-02-23 12:00:00,26.22,15.07,10.39,12.4,15.9,12.64,9.16
2007-02-23 13:00:00,23.88,14.39,8.99,12.27,11.26,10.21,9.58
2007-02-23 14:00:00,27.55,14.63,6.96,13.17,12.87,11.44,8.48
2007-02-23 15:00:00,27.0,15.42,11.47,12.82,9.53,13.09,6.5
2007-02-23 16:00:00,25.91,16.76,10.14,11.81,7.65,13.14,8.59
2007-02-23 17:00:00,24.66,16.09,9.09,11.18,8.64,12.02,10.08
2007-02-23 18:00:00,22.58,15.31,8.41,9.16,9.97,12.26,10.53
2007-02-23 19:00:00,22.66,18.77,10.49,8.51,9.59,12.7,10.61
2007-02-23 20:00:00,21.56,19.02,10.16,5.3,9.89,12.92,8.43
2007-02-23 21:00:00,19.29,19.5,9.97,4.71,9.06,12.93,8.23
2007-02-23 22:00:00,17.21,19.33,10.5,5.98,12.03,12.67,6.34
2007-02-23 23:00:00,15.0,19.75,10.03,5.39,13.87,13.0,11.07
2007-02-24 00:00:00,17.36,20.83,7.11,5.3100000000000005,13.32,11.86,11.91
2007-02-24 01:00:00,12.88,20.59,9.42,4.3100000000000005,11.89,11.17,13.57
2007-02-24 02:00:00,10.59,20.17,3.53,5.95,11.76,10.09,15.99
2007-02-24 03:00:00,8.0,18.06,6.43,3.12,12.38,6.87,2.21
2007-02-24 04:00:00,8.85,16.38,9.1,2.72,14.23,7.640000000000001,3.41
2007-02-24 05:00:00,9.32,15.21,9.52,3.56,16.080000000000002,8.71,11.47
2007-02-24 06:00:00,7.31,14.18,6.18,4.49,15.62,7.21,15.48
2007-02-24 07:00:00,5.93,12.62,5.11,6.42,13.77,6.1000000000000005,15.16
2007-02-24 08:00:00,1.92,11.74,2.01,6.74,12.7,5.14,15.27
2007-02-24 09:00:00,2.01,11.03,0.46,6.5200000000000005,12.09,5.08,11.34
2007-02-24 10:00:00,2.65,5.41,1.44,5.8,12.49,4.1,9.11
2007-02-24 11:00:00,2.85,3.85,1.2,7.140000000000001,12.04,1.8,3.27
2007-02-24 12:00:00,3.39,2.18,2.25,7.8,10.4,0.72,0.75
2007-02-24 13:00:00,3.44,2.89,2.33,4.8,10.41,1.03,1.0
2007-02-24 14:00:00,3.4,2.66,3.06,5.0600000000000005,10.4,1.83,0.59
2007-02-24 15:00:00,2.43,1.17,2.91,3.46,9.87,2.42,4.3
2007-02-24 16:00:00,3.0,0.18,1.3,1.89,9.63,2.66,2.32
2007-02-24 17:00:00,3.35,1.03,1.33,0.67,8.91,2.49,1.77
2007-02-24 18:00:00,4.17,1.31,1.93,0.91,8.81,3.43,2.64
2007-02-24 19:00:00,4.13,2.44,1.61,1.69,8.27,3.65,2.39
2007-02-24 20:00:00,3.88,2.4,1.26,1.88,8.22,3.19,1.89
2007-02-24 21:00:00,3.54,2.5500000000000003,0.75,2.42,8.290000000000001,2.38,1.13
2007-02-24 22:00:00,2.85,2.83,0.43,2.16,8.47,1.43,1.07
2007-02-24 23:00:00,2.54,3.34,0.73,3.31,9.22,1.25,1.99
2007-02-25 00:00:00,2.07,4.68,1.11,4.54,8.870000000000001,1.01,2.08
2007-02-25 01:00:00,1.59,2.57,1.19,6.11,8.77,2.18,2.53
2007-02-25 02:00:00,0.31,4.92,5.82,5.42,9.12,3.13,3.75
2007-02-25 03:00:00,0.54,6.75,6.03,5.28,8.69,5.05,5.0200000000000005
2007-02-25 04:00:00,1.58,1.17,7.57,5.13,7.75,5.9,8.13
2007-02-25 05:00:00,1.76,1.74,7.99,3.88,6.65,6.11,6.78
2007-02-25 06:00:00,5.5600000000000005,2.53,8.18,5.87,6.83,6.41,8.58
2007-02-25 07:00:00,6.34,2.85,8.26,10.41,5.36,6.890000000000001,10.39
2007-02-25 08:00:00,7.58,9.02,8.58,8.13,4.8500000000000005,8.23,9.03
2007-02-25 09:00:00,8.93,14.75,9.68,8.45,4.33,10.91,8.91
2007-02-25 10:00:00,10.0,13.64,9.36,7.52,2.93,8.41,8.31
2007-02-25 11:00:00,10.51,10.57,8.68,9.16,1.74,8.89,8.040000000000001
2007-02-25 12:00:00,10.79,7.62,9.24,10.45,0.73,9.92,7.7
2007-02-25 13:00:00,11.49,4.5200000000000005,10.85,11.54,0.66,10.85,9.04
2007-02-25 14:00:00,13.48,3.13,11.07,10.86,1.71,10.24,9.15
2007-02-25 15:00:00,14.35,7.54,9.83,11.33,3.87,10.61,8.97
2007-02-25 16:00:00,14.9,9.95,8.98,9.73,4.6000000000000005,10.75,4.79
2007-02-25 17:00:00,14.83,10.64,9.77,10.57,4.0600000000000005,11.33,8.71
2007-02-25 18:00:00,15.92,9.58,9.98,11.36,4.13,11.48,8.96
2007-02-25 19:00:00,17.32,8.25,9.93,12.02,5.0200000000000005,10.9,9.46
2007-02-25 20:00:00,17.92,7.28,9.6,13.22,5.48,10.93,11.03
2007-02-25 21:00:00,18.12,6.8,10.36,15.6,7.0,11.12,12.05
2007-02-25 22:00:00,18.85,7.28,10.21,14.71,6.72,12.37,10.47
2007-02-25 23:00:00,19.22,8.0,9.71,14.19,6.55,13.44,10.06
2007-02-26 00:00:00,19.63,8.040000000000001,9.34,12.38,8.370000000000001,14.25,8.06
2007-02-26 01:00:00,19.81,9.26,8.11,11.69,10.33,14.5,8.52
2007-02-26 02:00:00,20.6,7.74,8.540000000000001,12.2,11.39,13.02,10.62
2007-02-26 03:00:00,20.82,8.55,8.11,6.48,13.97,12.21,11.66
2007-02-26 04:00:00,21.49,9.16,11.01,6.43,15.82,9.91,11.57
2007-02-26 05:00:00,22.25,9.93,11.13,6.46,14.8,9.45,9.42
2007-02-26 06:00:00,22.29,7.12,12.93,6.640000000000001,9.37,9.82,9.17
2007-02-26 07:00:00,22.09,7.78,13.9,8.52,6.93,8.47,9.38
2007-02-26 08:00:00,22.46,7.29,14.12,6.01,5.7700000000000005,9.35,10.4
2007-02-26 09:00:00,22.77,9.7,13.64,3.69,6.8100000000000005,8.57,11.16
2007-02-26 10:00:00,22.97,11.53,12.37,7.95,7.43,9.87,11.96
2007-02-26 11:00:00,23.13,8.120000000000001,10.47,7.29,6.23,9.65,12.34
2007-02-26 12:00:00,22.85,11.4,9.6,7.48,6.21,9.57,12.49
2007-02-26 13:00:00,21.72,15.43,10.25,8.77,3.99,9.64,12.28
2007-02-26 14:00:00,20.49,17.22,10.1,8.870000000000001,2.75,9.2,12.22
2007-02-26 15:00:00,19.02,17.93,9.49,6.95,0.95,9.29,11.34
2007-02-26 16:00:00,18.05,17.43,7.49,6.07,1.66,8.86,10.08
2007-02-26 17:00:00,16.27,16.44,7.9,9.14,1.42,9.41,9.73
2007-02-26 18:00:00,14.56,15.83,8.32,11.33,1.75,9.65,9.48
2007-02-26 19:00:00,13.32,15.62,8.21,13.53,6.49,10.1,9.3
2007-02-26 20:00:00,13.36,15.07,8.98,14.38,5.82,9.52,9.16
2007-02-26 21:00:00,13.82,14.08,9.4,13.73,4.39,10.55,8.25
2007-02-26 22:00:00,14.44,13.78,10.38,14.86,3.49,10.91,8.61
2007-02-26 23:00:00,14.24,13.05,10.87,15.63,5.46,12.65,9.42
2007-02-27 00:00:00,13.5,12.63,11.75,15.1,5.88,12.67,9.31
2007-02-27 01:00:00,13.16,11.11,10.91,9.8,6.96,15.06,9.18
2007-02-27 02:00:00,13.61,9.71,11.29,9.72,6.17,15.37,8.92
2007-02-27 03:00:00,14.84,7.61,11.84,9.06,4.68,16.77,8.15
2007-02-27 04:00:00,14.67,6.41,10.76,8.52,7.71,18.17,8.91
2007-02-27 05:00:00,14.81,4.07,10.57,11.51,14.7,19.29,5.95
2007-02-27 06:00:00,15.05,2.71,13.27,14.67,14.84,19.72,7.63
2007-02-27 07:00:00,16.37,2.04,12.79,16.1,12.77,21.33,6.34
2007-02-27 08:00:00,20.22,5.55,7.18,12.74,12.72,21.84,12.74
2007-02-27 09:00:00,24.1,7.09,6.34,12.17,14.96,20.8,10.85
2007-02-27 10:00:00,25.46,9.19,4.21,13.23,14.07,22.24,10.27
2007-02-27 11:00:00,25.25,7.73,3.39,14.59,12.67,21.92,10.0
2007-02-27 12:00:00,25.84,9.05,4.86,18.16,13.56,21.91,11.51
2007-02-27 13:00:00,27.69,11.2,12.13,16.12,13.91,20.24,12.14
2007-02-27 14:00:00,29.33,15.97,9.01,11.46,8.84,18.26,9.38
2007-02-27 15:00:00,29.56,17.38,10.42,11.0,8.47,14.05,10.25
2007-02-27 16:00:00,30.31,17.080000000000002,11.83,15.49,9.52,15.4,8.790000000000001
2007-02-27 17:00:00,30.09,14.36,10.34,14.66,10.92,16.330000000000002,11.01
2007-02-27 18:00:00,29.01,11.53,9.34,14.74,12.85,16.26,10.32
2007-02-27 19:00:00,30.39,8.96,12.05,13.89,13.16,15.6,9.06
2007-02-27 20:00:00,31.32,8.78,8.49,16.330000000000002,11.88,17.22,8.18
2007-02-27 21:00:00,32.12,8.11,10.67,15.98,10.45,16.32,7.78
2007-02-27 22:00:00,32.78,7.73,9.84,15.35,12.25,16.2,10.0
2007-02-27 23:00:00,32.3,6.61,10.27,14.52,12.31,16.53,9.7
2007-02-28 00:00:00,32.58,5.05,10.31,14.77,10.29,14.41,8.8
2007-02-28 01:00:00,31.36,4.38,10.55,14.07,10.37,13.04,10.93
2007-02-28 02:00:00,29.98,7.5,7.88,14.73,9.55,15.26,7.29
2007-02-28 03:00:00,31.42,9.15,9.54,15.43,9.04,16.01,7.49
2007-02-28 04:00:00,30.98,5.8,9.77,15.6,11.34,16.53,7.43
2007-02-28 05:00:00,31.3,8.77,9.79,16.34,15.5,15.59,7.79
2007-02-28 06:00:00,30.22,9.95,8.0,13.21,12.81,14.17,7.9
2007-02-28 07:00:00,30.88,9.51,8.44,14.43,10.89,13.1,8.01
2007-02-28 08:00:00,31.4,10.97,9.25,15.99,9.62,9.87,8.27
2007-02-28 09:00:00,32.42,8.22,8.51,13.86,10.63,9.62,7.98
2007-02-28 10:00:00,31.09,7.94,8.36,12.86,9.98,8.26,9.75
2007-02-28 11:00:00,30.88,9.48,10.89,13.32,8.66,11.9,8.1
2007-02-28 12:00:00,30.48,15.67,10.68,13.56,6.79,9.41,7.43
2007-02-28 13:00:00,30.15,13.54,11.19,8.86,7.0200000000000005,12.97,7.65
2007-02-28 14:00:00,29.33,15.09,12.54,11.58,6.33,10.9,7.32
2007-02-28 15:00:00,28.82,13.99,9.56,13.46,8.700000000000001,9.65,3.87
2007-02-28 16:00:00,27.52,13.76,6.91,15.71,8.58,11.91,9.48
2007-02-28 17:00:00,30.08,11.74,8.89,16.330000000000002,7.74,13.93,10.38
2007-02-28 18:00:00,29.13,10.44,10.28,12.18,8.290000000000001,14.54,9.84
2007-02-28 19:00:00,15.78,10.52,10.78,11.84,7.85,12.99,9.04
2007-02-28 20:00:00,14.62,11.9,9.57,12.2,10.1,13.1,9.03
2007-02-28 21:00:00,15.64,16.240000000000002,10.28,7.77,10.2,13.46,8.290000000000001
2007-02-28 22:00:00,14.71,18.39,10.87,5.57,11.55,13.37,9.52
2007-02-28 23:00:00,13.83,18.3,11.04,9.61,13.85,12.82,9.75
2007-03-01 00:00:00,14.11,17.94,9.66,11.3,11.9,12.77,7.73
2007-03-01 01:00:00,14.73,19.39,8.93,9.16,10.56,11.64,7.3
2007-03-01 02:00:00,15.14,20.5,7.4,9.18,9.87,9.09,10.56
2007-03-01 03:00:00,14.93,20.23,7.82,8.76,11.13,9.01,15.7
2007-03-01 04:00:00,13.7,19.27,6.5200000000000005,9.49,12.73,10.14,18.47
2007-03-01 05:00:00,11.22,18.16,4.47,6.1000000000000005,14.29,9.94,16.96
2007-03-01 06:00:00,8.43,15.59,4.6000000000000005,4.91,15.01,8.950000000000001,4.14
2007-03-01 07:00:00,9.12,15.38,7.7,3.72,13.45,10.43,2.75
2007-03-01 08:00:00,6.96,15.35,10.54,3.01,11.66,10.33,5.46
2007-03-01 09:00:00,6.7,16.12,9.61,2.5,10.72,9.8,6.1000000000000005
2007-03-01 10:00:00,5.8100000000000005,16.0,8.58,1.73,9.45,7.78,5.98
2007-03-01 11:00:00,4.84,15.84,6.86,1.59,8.700000000000001,6.46,9.27
2007-03-01 12:00:00,4.21,10.87,5.44,2.14,8.15,6.54,8.69
2007-03-01 13:00:00,5.49,10.66,2.92,3.16,6.9,5.82,5.34
2007-03-01 14:00:00,3.84,12.19,1.37,3.17,6.51,5.44,1.43
2007-03-01 15:00:00,1.21,11.53,1.42,3.0500000000000003,5.97,4.8,2.5500000000000003
2007-03-01 16:00:00,1.36,9.85,1.5,2.14,5.8,4.42,3.71
2007-03-01 17:00:00,1.72,8.72,0.54,2.0,5.58,4.3,3.96
2007-03-01 18:00:00,2.16,7.04,0.63,1.08,5.2,4.23,4.19
2007-03-01 19:00:00,2.69,5.3,0.34,1.67,5.04,3.96,3.16
2007-03-01 20:00:00,2.65,4.8500000000000005,2.59,1.54,4.39,3.35,1.4
2007-03-01 21:00:00,2.64,5.51,6.140000000000001,1.29,4.83,3.84,1.59
2007-03-01 22:00:00,2.4,7.87,7.27,1.22,5.4,4.15,5.74
2007-03-01 23:00:00,1.81,9.97,8.24,2.13,5.96,3.74,9.89
2007-03-02 00:00:00,1.58,12.38,8.950000000000001,2.54,6.16,4.43,10.71
2007-03-02 01:00:00,0.76,15.72,4.6000000000000005,2.58,6.48,4.64,11.04
2007-03-02 02:00:00,0.65,16.67,4.79,2.78,6.96,3.72,2.81
2007-03-02 03:00:00,1.18,17.0,6.53,3.56,7.59,7.15,3.69
2007-03-02 04:00:00,3.75,17.42,8.13,3.65,7.78,8.45,1.4
2007-03-02 05:00:00,3.58,17.52,4.5200000000000005,4.22,8.99,5.82,2.69
2007-03-02 06:00:00,4.41,16.55,5.07,5.23,9.78,5.93,4.57
2007-03-02 07:00:00,3.92,15.02,5.03,5.9,9.24,6.7700000000000005,5.37
2007-03-02 08:00:00,2.2,13.63,5.24,6.98,10.0,6.19,7.09
2007-03-02 09:00:00,1.78,12.69,6.47,7.58,9.84,5.66,11.25
2007-03-02 10:00:00,1.02,11.29,1.39,7.99,10.13,4.84,9.22
2007-03-02 11:00:00,1.68,9.52,1.12,7.98,10.22,4.38,9.61
2007-03-02 12:00:00,2.5,7.4,0.5,9.56,10.52,3.0700000000000003,11.09
2007-03-02 13:00:00,3.87,4.24,1.55,13.39,9.8,1.33,11.12
2007-03-02 14:00:00,5.74,3.59,3.78,13.46,9.87,0.35,10.67
2007-03-02 15:00:00,6.58,6.140000000000001,3.04,10.73,9.25,2.78,9.18
2007-03-02 16:00:00,8.78,3.45,1.77,11.13,8.58,5.55,9.13
2007-03-02 17:00:00,7.65,2.34,3.46,11.96,10.08,7.0600000000000005,7.7
2007-03-02 18:00:00,9.99,3.29,4.21,12.75,10.34,8.55,6.65
2007-03-02 19:00:00,9.64,4.43,6.53,10.82,11.36,7.53,5.7
2007-03-02 20:00:00,10.39,3.19,5.96,11.47,11.84,7.140000000000001,5.24
2007-03-02 21:00:00,9.68,3.63,6.47,10.52,11.89,6.54,4.75
2007-03-02 22:00:00,9.45,2.54,6.72,9.73,12.2,5.96,4.89
2007-03-02 23:00:00,10.49,1.59,6.140000000000001,8.91,12.16,5.5600000000000005,4.82
2007-03-03 00:00:00,11.5,1.77,5.66,8.31,12.56,4.8500000000000005,4.7
2007-03-03 01:00:00,10.04,1.54,5.38,7.01,12.64,4.21,4.97
2007-03-03 02:00:00,10.4,2.45,5.12,6.54,12.92,3.33,7.45
2007-03-03 03:00:00,9.39,4.17,5.47,6.16,13.65,2.17,7.56
2007-03-03 04:00:00,7.82,2.82,4.44,5.9,13.89,2.42,6.890000000000001
2007-03-03 05:00:00,8.700000000000001,2.14,2.61,5.23,12.81,2.59,6.6000000000000005
2007-03-03 06:00:00,7.82,1.66,2.09,6.0200000000000005,9.98,2.82,5.78
2007-03-03 07:00:00,8.58,5.16,3.23,8.48,7.79,3.0700000000000003,6.65
2007-03-03 08:00:00,7.67,6.65,5.57,11.66,8.6,4.01,7.21
2007-03-03 09:00:00,6.78,7.4,6.94,12.51,8.28,4.83,10.41
2007-03-03 10:00:00,7.67,6.61,5.3100000000000005,10.22,9.43,5.2700000000000005,11.21
2007-03-03 11:00:00,8.5,5.01,6.5,10.97,9.45,6.74,11.69
2007-03-03 12:00:00,8.66,4.44,6.05,13.9,9.67,9.74,11.04
2007-03-03 13:00:00,8.34,5.13,6.45,13.61,8.25,10.16,12.87
2007-03-03 14:00:00,7.41,5.38,7.65,11.73,8.370000000000001,11.73,11.72
2007-03-03 15:00:00,8.02,4.72,5.5600000000000005,11.54,7.08,12.43,10.54
2007-03-03 16:00:00,7.53,1.98,5.74,13.04,5.14,11.88,7.73
2007-03-03 17:00:00,8.43,1.85,8.83,13.77,5.8500000000000005,10.99,7.3
2007-03-03 18:00:00,9.58,2.53,10.08,13.29,6.66,10.93,8.91
2007-03-03 19:00:00,11.8,7.28,9.85,12.3,7.13,10.99,9.31
2007-03-03 20:00:00,11.01,6.78,10.08,11.91,6.55,11.33,10.19
2007-03-03 21:00:00,10.44,6.86,11.06,12.35,10.28,11.84,9.82
2007-03-03 22:00:00,10.49,7.22,9.95,12.18,9.27,12.0,10.13
2007-03-03 23:00:00,10.21,7.51,9.81,12.5,9.05,12.66,9.78
2007-03-04 00:00:00,10.56,7.25,10.22,12.25,7.74,12.87,9.51
2007-03-04 01:00:00,8.91,6.48,10.38,12.51,3.94,12.65,9.96
2007-03-04 02:00:00,8.11,4.34,9.89,12.77,3.82,13.15,11.19
2007-03-04 03:00:00,9.08,4.14,9.14,12.48,11.73,13.15,7.57
2007-03-04 04:00:00,10.49,2.14,8.040000000000001,13.64,9.18,14.57,7.25
2007-03-04 05:00:00,8.53,0.8,8.4,12.23,11.01,13.36,7.44
2007-03-04 06:00:00,9.33,0.86,6.41,11.17,10.93,13.07,7.98
2007-03-04 07:00:00,9.3,0.94,6.01,11.93,8.47,14.58,7.57
2007-03-04 08:00:00,8.47,0.86,6.3,11.89,7.13,15.6,8.0
2007-03-04 09:00:00,8.3,1.68,6.5200000000000005,11.66,7.640000000000001,16.68,9.09
2007-03-04 10:00:00,7.03,3.37,5.69,10.77,10.23,17.38,9.7
2007-03-04 11:00:00,6.88,2.96,4.7700000000000005,11.92,12.09,17.43,9.72
2007-03-04 12:00:00,7.67,2.14,5.37,11.07,10.32,17.09,10.45
2007-03-04 13:00:00,7.82,1.91,3.8,10.58,9.4,17.04,9.19
2007-03-04 14:00:00,7.7,2.43,2.96,9.5,9.98,16.98,8.73
2007-03-04 15:00:00,6.94,2.91,3.02,10.11,8.540000000000001,15.73,7.72
2007-03-04 16:00:00,7.33,2.93,2.67,10.42,6.98,13.61,8.19
2007-03-04 17:00:00,6.65,4.16,3.35,10.19,7.18,14.65,7.58
2007-03-04 18:00:00,6.2,5.42,5.44,9.25,8.38,14.83,7.87
2007-03-04 19:00:00,6.49,6.55,7.78,8.94,8.4,14.17,8.040000000000001
2007-03-04 20:00:00,6.78,6.890000000000001,8.15,8.08,7.27,13.56,8.77
2007-03-04 21:00:00,6.2,6.59,8.790000000000001,7.73,7.59,12.96,9.01
2007-03-04 22:00:00,6.04,6.38,8.55,7.32,7.640000000000001,12.56,8.33
2007-03-04 23:00:00,5.3500000000000005,6.5200000000000005,7.59,7.1000000000000005,7.82,11.94,7.78
2007-03-05 00:00:00,4.25,6.71,7.37,6.32,7.43,10.94,6.91
2007-03-05 01:00:00,3.92,7.0600000000000005,7.26,6.3500000000000005,7.15,10.08,6.49
2007-03-05 02:00:00,4.0200000000000005,6.890000000000001,7.52,6.74,6.72,9.78,7.45
2007-03-05 03:00:00,4.17,2.84,8.700000000000001,6.2,6.97,9.67,6.44
2007-03-05 04:00:00,4.83,3.06,8.71,6.0600000000000005,5.51,9.67,7.95
2007-03-05 05:00:00,4.42,4.0200000000000005,8.94,6.44,15.93,9.44,7.7
2007-03-05 06:00:00,3.94,6.640000000000001,3.3000000000000003,6.47,8.81,9.55,7.13
2007-03-05 07:00:00,4.22,4.44,4.45,7.28,11.5,9.89,7.41
2007-03-05 08:00:00,3.42,2.66,3.31,11.9,12.25,9.64,7.46
2007-03-05 09:00:00,4.3500000000000005,4.6000000000000005,1.81,7.12,11.22,8.78,7.41
2007-03-05 10:00:00,4.66,4.7,1.22,6.8100000000000005,9.65,7.79,6.73
2007-03-05 11:00:00,4.54,4.89,0.72,5.94,8.700000000000001,7.65,7.19
2007-03-05 12:00:00,4.3500000000000005,5.63,0.48,5.64,9.63,6.9,7.04
2007-03-05 13:00:00,3.82,5.04,0.62,5.6000000000000005,9.86,6.07,6.890000000000001
2007-03-05 14:00:00,3.47,5.59,0.52,5.7700000000000005,10.97,4.5,4.7
2007-03-05 15:00:00,2.9,5.0600000000000005,0.78,6.0200000000000005,10.92,2.32,4.25
2007-03-05 16:00:00,2.47,2.8000000000000003,0.93,5.54,8.35,0.42,2.49
2007-03-05 17:00:00,3.22,2.33,0.73,4.7,8.34,1.07,2.98
2007-03-05 18:00:00,3.59,2.16,0.46,5.0200000000000005,7.79,2.57,4.24
2007-03-05 19:00:00,3.39,1.81,1.84,4.11,7.46,3.9,4.0
2007-03-05 20:00:00,3.56,0.77,2.63,3.82,7.16,3.68,3.5500000000000003
2007-03-05 21:00:00,3.35,0.47,2.12,4.26,5.98,3.31,2.87
2007-03-05 22:00:00,3.21,0.44,1.38,3.67,5.16,3.38,2.08
2007-03-05 23:00:00,2.54,1.29,0.72,3.5,5.34,3.47,1.57
2007-03-06 00:00:00,1.55,1.97,0.21,3.7,4.97,4.07,1.1
2007-03-06 01:00:00,1.21,2.1,0.33,3.5700000000000003,5.0200000000000005,5.59,1.68
2007-03-06 02:00:00,2.3000000000000003,2.25,0.97,3.33,5.26,6.3500000000000005,1.68
2007-03-06 03:00:00,2.49,2.81,2.48,3.14,4.79,5.8100000000000005,2.15
2007-03-06 04:00:00,2.45,1.75,3.27,2.22,4.46,3.88,1.36
2007-03-06 05:00:00,1.32,2.08,3.53,2.0,4.0600000000000005,2.56,1.61
2007-03-06 06:00:00,0.58,1.13,4.2,1.29,3.35,1.59,2.25
2007-03-06 07:00:00,0.94,0.79,4.47,0.96,3.31,0.25,0.94
2007-03-06 08:00:00,0.88,1.17,3.76,1.18,3.63,0.89,0.5
2007-03-06 09:00:00,1.0,2.07,2.28,1.43,4.46,1.39,1.4
2007-03-06 10:00:00,0.94,1.87,1.62,1.88,5.4,1.6,0.8300000000000001
2007-03-06 11:00:00,0.98,1.91,0.58,2.45,3.96,2.5,2.21
2007-03-06 12:00:00,1.01,2.5,1.49,3.14,3.89,2.78,2.11
2007-03-06 13:00:00,1.27,2.8000000000000003,1.02,1.93,3.41,2.58,0.42
2007-03-06 14:00:00,1.58,2.13,1.5,2.56,3.85,1.67,1.9
2007-03-06 15:00:00,1.48,3.17,0.45,2.7,4.4,1.58,1.33
2007-03-06 16:00:00,1.32,2.02,0.35,0.74,3.58,0.87,1.24
2007-03-06 17:00:00,1.9,2.03,0.47,2.08,3.15,0.19,1.36
2007-03-06 18:00:00,1.79,1.77,0.92,1.93,3.5700000000000003,3.58,1.19
2007-03-06 19:00:00,1.97,1.69,1.33,1.83,3.03,4.51,1.61
2007-03-06 20:00:00,2.75,2.79,0.74,2.33,2.66,4.83,2.35
2007-03-06 21:00:00,2.84,3.5700000000000003,1.23,3.24,2.52,4.2,3.31
2007-03-06 22:00:00,2.52,2.61,5.4,4.15,2.09,6.7,4.15
2007-03-06 23:00:00,1.86,7.03,7.54,4.45,1.36,8.69,6.8500000000000005
2007-03-07 00:00:00,0.87,9.86,7.75,4.97,1.2,8.39,7.4
2007-03-07 01:00:00,1.03,11.7,7.88,6.45,2.6,8.11,8.97
2007-03-07 02:00:00,2.62,11.25,6.75,5.93,5.05,7.59,4.67
2007-03-07 03:00:00,3.3000000000000003,11.41,7.29,4.33,3.94,4.57,5.0200000000000005
2007-03-07 04:00:00,5.13,5.93,6.32,3.95,2.01,5.22,5.53
2007-03-07 05:00:00,5.58,1.31,5.3500000000000005,3.31,1.44,5.86,6.32
2007-03-07 06:00:00,3.98,1.86,5.01,2.27,1.05,6.46,4.29
2007-03-07 07:00:00,3.11,2.51,6.25,2.81,0.86,8.2,1.92
2007-03-07 08:00:00,1.47,4.39,2.58,3.74,2.02,4.44,0.93
2007-03-07 09:00:00,6.25,5.0200000000000005,2.26,3.01,2.45,3.71,1.18
2007-03-07 10:00:00,5.8,1.83,2.77,2.2,2.73,0.45,1.6
2007-03-07 11:00:00,7.97,2.2,1.88,2.26,3.13,0.68,0.55
2007-03-07 12:00:00,4.5,2.5,1.96,2.62,3.51,1.72,1.07
2007-03-07 13:00:00,3.27,2.04,1.19,3.36,3.41,4.71,0.6
2007-03-07 14:00:00,3.48,0.88,0.44,2.79,3.46,4.44,1.06
2007-03-07 15:00:00,2.37,2.15,0.8200000000000001,2.06,3.47,3.15,1.88
2007-03-07 16:00:00,1.58,1.97,0.89,1.77,2.58,1.94,3.17
2007-03-07 17:00:00,1.93,1.03,0.94,2.31,3.43,2.87,3.47
2007-03-07 18:00:00,2.41,1.43,4.3,2.18,3.73,3.78,4.15
2007-03-07 19:00:00,2.8000000000000003,1.62,5.18,6.6000000000000005,3.42,4.18,3.81
2007-03-07 20:00:00,3.13,6.8100000000000005,7.03,7.47,3.4,6.140000000000001,5.12
2007-03-07 21:00:00,3.38,7.33,8.66,6.54,3.1,6.1000000000000005,5.95
2007-03-07 22:00:00,3.0700000000000003,8.88,9.1,7.67,2.54,7.36,6.63
2007-03-07 23:00:00,2.51,10.97,9.35,8.620000000000001,3.34,8.03,5.76
2007-03-08 00:00:00,0.81,12.35,8.290000000000001,9.6,3.35,9.89,5.47
2007-03-08 01:00:00,5.99,13.4,10.62,9.38,3.27,10.2,7.35
2007-03-08 02:00:00,6.78,15.19,9.75,9.53,5.62,8.91,2.8000000000000003
2007-03-08 03:00:00,6.3,16.02,9.74,9.45,5.57,6.29,1.93
2007-03-08 04:00:00,7.930000000000001,16.69,9.92,11.39,6.22,8.27,4.58
2007-03-08 05:00:00,10.3,14.47,10.38,11.51,7.42,8.84,8.01
2007-03-08 06:00:00,11.13,4.26,10.54,12.11,7.95,7.04,9.35
2007-03-08 07:00:00,10.31,2.87,10.67,12.16,8.13,9.22,9.87
2007-03-08 08:00:00,8.99,4.24,11.38,12.36,8.58,9.37,9.37
2007-03-08 09:00:00,8.93,6.73,9.81,11.04,9.51,9.62,10.01
2007-03-08 10:00:00,10.79,8.85,7.41,11.06,8.67,8.48,9.19
2007-03-08 11:00:00,11.93,6.43,5.0,10.64,8.03,8.83,7.97
2007-03-08 12:00:00,11.74,3.98,5.04,8.81,8.370000000000001,8.84,8.69
2007-03-08 13:00:00,11.3,3.25,5.04,5.09,8.16,9.44,5.61
2007-03-08 14:00:00,10.6,2.93,5.22,1.87,7.61,8.51,2.75
2007-03-08 15:00:00,9.23,2.53,6.2,2.66,7.69,9.22,2.85
2007-03-08 16:00:00,6.93,2.17,2.74,1.68,6.18,9.48,1.37
2007-03-08 17:00:00,3.15,5.97,1.36,0.79,5.21,9.4,1.18
2007-03-08 18:00:00,2.9,3.42,2.2,1.75,4.45,7.51,1.35
2007-03-08 19:00:00,3.66,2.26,3.99,1.67,4.07,5.82,2.25
2007-03-08 20:00:00,3.2,1.92,3.5700000000000003,3.2,4.17,6.04,1.93
2007-03-08 21:00:00,3.6,1.67,4.73,2.26,4.48,6.390000000000001,2.0
2007-03-08 22:00:00,4.59,1.82,4.59,1.93,5.1000000000000005,6.45,2.48
2007-03-08 23:00:00,2.74,0.71,5.86,1.54,5.99,6.04,2.94
2007-03-09 00:00:00,3.96,6.9,7.63,2.16,6.21,5.71,7.140000000000001
2007-03-09 01:00:00,4.7,10.36,6.87,2.99,6.4,5.86,8.46
2007-03-09 02:00:00,4.08,12.05,7.03,0.85,6.21,4.34,2.87
2007-03-09 03:00:00,4.1,12.64,7.72,0.91,5.37,6.58,0.31
2007-03-09 04:00:00,3.8,12.31,6.95,1.48,5.74,4.79,0.48
2007-03-09 05:00:00,2.84,10.46,6.65,1.59,6.4,4.61,1.42
2007-03-09 06:00:00,2.78,8.14,4.94,1.68,6.6000000000000005,5.75,2.68
2007-03-09 07:00:00,3.77,7.57,2.19,1.86,7.01,6.12,3.3200000000000003
2007-03-09 08:00:00,5.64,5.61,1.08,2.4,6.8100000000000005,6.03,2.96
2007-03-09 09:00:00,5.08,4.37,0.27,2.0,7.87,3.92,2.36
2007-03-09 10:00:00,3.16,2.46,0.98,1.43,8.42,3.08,3.09
2007-03-09 11:00:00,2.29,2.03,1.27,1.52,7.24,3.1,3.11
2007-03-09 12:00:00,2.11,1.52,1.16,1.57,5.5,3.68,2.27
2007-03-09 13:00:00,1.05,1.85,1.64,1.61,5.04,2.07,3.37
2007-03-09 14:00:00,0.59,2.71,1.8,1.72,4.74,2.6,1.8
2007-03-09 15:00:00,1.17,3.46,1.36,1.76,4.05,1.89,1.88
2007-03-09 16:00:00,1.03,2.41,0.51,1.75,3.0700000000000003,2.09,1.44
2007-03-09 17:00:00,1.58,1.99,0.64,2.0,2.98,2.24,1.12
2007-03-09 18:00:00,1.46,1.93,0.63,1.89,2.19,2.88,1.95
2007-03-09 19:00:00,2.62,2.28,0.89,2.47,1.6,3.46,2.65
2007-03-09 20:00:00,3.3000000000000003,2.39,1.13,3.12,3.16,2.99,2.03
2007-03-09 21:00:00,3.27,1.69,1.44,3.71,3.56,3.9,1.55
2007-03-09 22:00:00,2.5500000000000003,3.06,5.3100000000000005,4.14,3.0500000000000003,4.76,2.89
2007-03-09 23:00:00,2.44,12.17,7.13,4.41,4.03,6.47,4.97
2007-03-10 00:00:00,1.45,15.28,9.77,5.78,4.4,6.5,2.21
2007-03-10 01:00:00,2.07,18.43,12.04,6.78,4.68,6.0200000000000005,1.86
2007-03-10 02:00:00,4.69,18.49,8.13,6.57,6.47,6.17,5.09
2007-03-10 03:00:00,3.89,19.28,6.47,7.3,6.8100000000000005,9.14,5.7
2007-03-10 04:00:00,3.89,19.35,5.86,5.4,5.23,9.63,2.54
2007-03-10 05:00:00,1.76,18.3,4.72,3.58,5.3,8.3,3.63
2007-03-10 06:00:00,2.01,19.04,5.39,4.47,5.37,7.61,2.05
2007-03-10 07:00:00,3.23,19.65,4.3,5.82,5.43,8.26,1.63
2007-03-10 08:00:00,3.27,18.73,2.37,6.01,5.25,8.47,1.92
2007-03-10 09:00:00,4.61,17.82,2.42,7.0600000000000005,3.67,6.59,1.21
2007-03-10 10:00:00,4.8,16.43,3.63,8.91,1.38,5.9,2.17
2007-03-10 11:00:00,5.63,14.83,2.51,11.35,0.72,6.66,6.640000000000001
2007-03-10 12:00:00,6.0200000000000005,13.24,1.57,12.19,1.55,5.87,7.68
2007-03-10 13:00:00,5.37,10.68,0.84,11.53,1.75,5.73,8.22
2007-03-10 14:00:00,5.65,5.73,0.95,11.36,3.6,5.11,6.97
2007-03-10 15:00:00,4.46,3.63,1.26,10.97,2.68,2.5500000000000003,6.11
2007-03-10 16:00:00,4.2,2.15,1.59,10.91,2.38,0.84,6.390000000000001
2007-03-10 17:00:00,3.64,6.58,2.85,12.67,2.59,0.35,5.75
2007-03-10 18:00:00,3.93,3.37,4.95,11.83,3.14,2.19,6.72
2007-03-10 19:00:00,4.55,3.67,6.23,10.43,3.67,3.3200000000000003,6.36
2007-03-10 20:00:00,5.29,3.96,6.29,9.84,4.01,3.77,5.53
2007-03-10 21:00:00,6.61,3.95,5.8100000000000005,10.11,5.19,4.32,4.88
2007-03-10 22:00:00,6.0,3.87,6.45,9.86,5.88,4.21,5.39
2007-03-10 23:00:00,5.0,4.2700000000000005,6.83,9.88,7.16,4.18,6.09
2007-03-11 00:00:00,3.71,4.75,7.38,10.72,7.85,6.2,6.08
2007-03-11 01:00:00,3.93,5.14,7.49,11.76,7.42,7.22,5.32
2007-03-11 02:00:00,5.11,4.62,8.44,14.27,8.96,8.82,7.73
2007-03-11 03:00:00,4.69,4.05,5.3100000000000005,13.8,12.57,6.99,7.56
2007-03-11 04:00:00,4.44,3.42,2.53,13.64,12.6,4.83,8.05
2007-03-11 05:00:00,5.04,3.75,1.07,14.34,11.75,3.92,8.33
2007-03-11 06:00:00,4.51,5.4,1.84,13.87,10.61,4.68,9.05
2007-03-11 07:00:00,5.5,5.5600000000000005,2.73,11.62,10.4,4.03,7.5
2007-03-11 08:00:00,6.26,4.5,2.58,13.89,12.66,4.14,6.0200000000000005
2007-03-11 09:00:00,6.15,3.87,2.52,15.61,12.72,5.22,5.24
2007-03-11 10:00:00,6.23,2.62,2.49,13.14,11.6,7.07,4.75
2007-03-11 11:00:00,5.3500000000000005,1.25,1.18,14.18,11.02,7.27,5.0
2007-03-11 12:00:00,4.82,1.06,1.2,15.36,11.76,6.4,5.9
2007-03-11 13:00:00,4.22,0.68,1.32,16.04,13.38,6.79,5.41
2007-03-11 14:00:00,5.36,0.64,2.31,16.94,10.59,8.11,5.1000000000000005
2007-03-11 15:00:00,5.54,0.94,2.95,15.65,6.640000000000001,8.67,3.35
2007-03-11 16:00:00,6.46,1.77,3.56,12.77,5.59,8.34,2.79
2007-03-11 17:00:00,6.17,1.04,2.66,14.53,4.15,9.81,4.42
2007-03-11 18:00:00,6.88,2.01,5.8500000000000005,13.47,5.64,8.78,5.98
2007-03-11 19:00:00,7.34,3.23,7.390000000000001,12.05,6.5200000000000005,8.36,5.95
2007-03-11 20:00:00,7.46,4.48,7.2,11.22,6.18,7.930000000000001,5.87
2007-03-11 21:00:00,7.65,5.46,6.63,10.77,6.48,6.88,6.73
2007-03-11 22:00:00,8.13,5.48,7.13,10.78,5.65,7.31,6.62
2007-03-11 23:00:00,7.19,5.25,7.37,9.51,5.1000000000000005,7.22,7.56
2007-03-12 00:00:00,6.7,5.21,6.1000000000000005,9.28,4.71,8.03,6.3
2007-03-12 01:00:00,4.59,6.88,4.28,9.26,5.8500000000000005,8.120000000000001,5.33
2007-03-12 02:00:00,4.72,7.76,7.9,9.99,6.58,7.54,6.95
2007-03-12 03:00:00,5.15,3.47,6.8500000000000005,11.02,10.84,6.68,7.8
2007-03-12 04:00:00,6.79,1.69,2.04,11.17,7.33,6.94,7.33
2007-03-12 05:00:00,6.8100000000000005,3.25,1.38,11.28,5.46,7.85,7.46
2007-03-12 06:00:00,6.55,2.48,1.5,11.1,5.2,7.79,8.11
2007-03-12 07:00:00,4.38,4.2,2.52,11.17,8.84,7.2,7.44
2007-03-12 08:00:00,5.84,1.81,1.89,11.87,9.46,7.5,4.8500000000000005
2007-03-12 09:00:00,6.37,0.17,1.39,11.59,7.09,8.24,6.08
2007-03-12 10:00:00,6.0200000000000005,1.63,0.44,11.0,6.21,6.93,6.08
2007-03-12 11:00:00,5.32,1.75,0.2,11.56,3.97,6.18,5.41
2007-03-12 12:00:00,5.69,2.05,0.47,10.85,4.26,4.86,4.7
2007-03-12 13:00:00,5.54,1.18,0.72,10.46,6.25,4.5,3.33
2007-03-12 14:00:00,4.96,0.6,1.06,10.77,4.34,2.81,3.23
2007-03-12 15:00:00,4.21,1.2,0.74,9.44,5.13,3.01,2.98
2007-03-12 16:00:00,3.98,0.67,0.7000000000000001,8.9,4.58,2.98,1.95
2007-03-12 17:00:00,3.74,1.0,0.37,7.88,4.3,3.37,2.59
2007-03-12 18:00:00,4.03,1.33,0.5700000000000001,4.75,4.17,3.88,3.76
2007-03-12 19:00:00,3.88,1.18,1.1,3.58,3.64,3.49,3.52
2007-03-12 20:00:00,3.78,1.04,1.11,3.13,3.03,3.45,3.42
2007-03-12 21:00:00,3.85,0.61,1.8,2.7,2.66,3.45,2.16
2007-03-12 22:00:00,3.28,0.42,1.46,2.95,2.18,3.45,1.37
2007-03-12 23:00:00,2.78,1.01,0.89,2.72,1.88,2.53,1.35
2007-03-13 00:00:00,1.88,1.76,0.5,2.04,1.96,2.1,1.77
2007-03-13 01:00:00,0.52,1.87,1.01,2.61,1.46,3.85,1.87
2007-03-13 02:00:00,0.9,5.42,1.87,1.52,1.28,2.17,1.68
2007-03-13 03:00:00,3.14,10.19,6.84,1.48,1.82,1.08,2.86
2007-03-13 04:00:00,2.84,12.24,6.23,1.41,1.3,0.27,4.59
2007-03-13 05:00:00,3.66,11.52,4.88,1.54,1.23,1.55,3.03
2007-03-13 06:00:00,4.94,11.63,6.21,1.84,1.82,3.86,5.0200000000000005
2007-03-13 07:00:00,4.07,10.61,5.57,2.9,1.82,5.5600000000000005,3.13
2007-03-13 08:00:00,2.99,8.81,3.54,2.81,3.03,5.58,1.95
2007-03-13 09:00:00,2.49,6.7,3.12,2.66,3.92,5.89,0.79
2007-03-13 10:00:00,3.14,5.61,3.68,2.58,4.59,5.65,0.67
2007-03-13 11:00:00,4.46,2.64,3.42,1.82,4.9,6.09,0.18
2007-03-13 12:00:00,4.78,2.65,2.2,1.19,5.16,5.82,1.74
2007-03-13 13:00:00,5.71,2.5500000000000003,1.99,0.73,5.28,6.41,1.94
2007-03-13 14:00:00,5.74,2.42,1.49,0.6,5.32,5.92,1.59
2007-03-13 15:00:00,6.4,2.61,1.12,0.77,6.37,6.11,2.4
2007-03-13 16:00:00,5.75,3.0,1.83,0.8,0.68,6.3100000000000005,2.02
2007-03-13 17:00:00,5.01,2.71,0.55,0.6,1.7,6.67,0.81
2007-03-13 18:00:00,5.26,3.06,1.08,1.3,3.4,6.94,1.6
2007-03-13 19:00:00,5.14,2.81,3.91,2.27,5.0,6.92,2.1
2007-03-13 20:00:00,5.73,1.87,6.97,2.85,5.23,8.24,4.29
2007-03-13 21:00:00,6.42,4.95,8.4,2.82,5.62,7.36,7.13
2007-03-13 22:00:00,8.26,10.59,9.7,4.34,5.39,6.92,9.04
2007-03-13 23:00:00,9.45,13.82,10.21,5.15,5.88,8.69,9.49
2007-03-14 00:00:00,10.04,15.63,10.2,6.2,6.0600000000000005,9.23,9.03
2007-03-14 01:00:00,10.91,17.32,11.14,9.64,5.8,9.76,10.32
2007-03-14 02:00:00,9.97,17.13,11.88,9.02,8.31,9.88,10.8
2007-03-14 03:00:00,10.24,8.82,11.31,9.15,9.09,11.19,10.0
2007-03-14 04:00:00,9.98,9.22,12.15,5.61,9.82,10.24,7.46
2007-03-14 05:00:00,9.01,6.46,10.46,5.04,9.52,9.16,9.63
2007-03-14 06:00:00,8.290000000000001,6.97,10.09,2.7,9.99,8.69,10.41
2007-03-14 07:00:00,6.8,7.46,10.61,3.24,9.26,8.950000000000001,11.12
2007-03-14 08:00:00,6.67,7.22,11.3,4.0,9.05,8.38,9.42
2007-03-14 09:00:00,5.01,7.62,9.93,3.6,8.73,8.31,7.930000000000001
2007-03-14 10:00:00,4.9,8.45,8.2,4.57,7.26,8.26,7.52
2007-03-14 11:00:00,4.89,5.91,7.76,5.0600000000000005,5.51,7.640000000000001,7.96
2007-03-14 12:00:00,4.3500000000000005,3.39,8.16,5.8500000000000005,6.83,7.31,7.87
2007-03-14 13:00:00,4.32,2.81,6.7700000000000005,5.04,6.78,7.34,6.640000000000001
2007-03-14 14:00:00,3.99,1.7,5.33,4.58,5.44,7.29,6.8500000000000005
2007-03-14 15:00:00,4.76,2.58,4.64,3.02,5.2700000000000005,7.33,5.65
2007-03-14 16:00:00,5.5,4.8100000000000005,3.51,2.51,3.31,7.1000000000000005,2.56
2007-03-14 17:00:00,3.42,10.43,4.19,2.38,2.64,6.59,0.88
2007-03-14 18:00:00,2.9,12.59,4.32,2.04,2.19,7.19,1.58
2007-03-14 19:00:00,2.79,12.98,5.16,2.26,1.64,7.13,2.32
2007-03-14 20:00:00,2.87,13.35,7.140000000000001,2.74,3.2,7.0200000000000005,0.77
2007-03-14 21:00:00,2.76,14.72,9.67,3.09,3.6,7.26,4.7
2007-03-14 22:00:00,2.67,15.22,10.77,3.66,2.51,8.15,8.58
2007-03-14 23:00:00,3.24,16.72,10.84,2.82,4.78,7.97,11.33
2007-03-15 00:00:00,2.5,18.8,11.12,9.23,5.24,8.33,8.45
2007-03-15 01:00:00,4.87,20.2,11.92,9.05,5.93,7.69,6.46
2007-03-15 02:00:00,5.71,20.69,12.61,8.52,8.34,6.75,5.34
2007-03-15 03:00:00,6.15,20.62,12.56,3.2,7.4,7.71,6.65
2007-03-15 04:00:00,5.67,18.37,12.1,3.72,5.4,8.15,6.98
2007-03-15 05:00:00,5.69,17.01,12.13,1.8,6.22,8.23,6.0600000000000005
2007-03-15 06:00:00,6.65,14.15,11.29,1.22,7.640000000000001,8.85,4.7
2007-03-15 07:00:00,7.98,10.09,9.94,1.02,7.6,7.25,4.23
2007-03-15 08:00:00,7.58,6.5,8.6,1.53,5.5200000000000005,6.3500000000000005,3.78
2007-03-15 09:00:00,6.8100000000000005,14.44,7.7,2.21,5.18,7.51,2.5
2007-03-15 10:00:00,6.44,14.82,5.57,3.0700000000000003,4.46,7.33,2.97
2007-03-15 11:00:00,6.45,13.19,4.09,5.74,3.54,6.63,1.93
2007-03-15 12:00:00,6.86,10.53,2.48,8.81,3.06,6.55,0.98
2007-03-15 13:00:00,7.23,7.24,1.57,11.48,3.9,5.66,0.93
2007-03-15 14:00:00,7.09,5.82,0.5700000000000001,11.6,3.65,5.48,3.24
2007-03-15 15:00:00,5.55,4.92,0.54,11.76,3.1,4.29,3.72
2007-03-15 16:00:00,4.39,2.41,1.13,12.14,2.31,2.77,4.07
2007-03-15 17:00:00,3.52,1.91,1.62,11.26,2.37,2.05,5.3500000000000005
2007-03-15 18:00:00,3.15,3.89,2.69,10.76,2.62,1.03,5.8500000000000005
2007-03-15 19:00:00,3.28,5.21,5.14,9.44,2.53,4.66,6.3100000000000005
2007-03-15 20:00:00,3.95,5.59,5.5600000000000005,8.24,2.82,5.75,5.98
2007-03-15 21:00:00,4.33,5.57,6.5,7.22,3.03,7.88,6.32
2007-03-15 22:00:00,4.3100000000000005,4.49,6.0,6.45,3.15,7.69,6.24
2007-03-15 23:00:00,4.0600000000000005,5.99,6.54,6.75,3.43,8.18,6.34
2007-03-16 00:00:00,3.13,5.24,6.2,7.01,3.5700000000000003,7.91,5.97
2007-03-16 01:00:00,2.06,7.97,6.34,7.0200000000000005,4.82,8.08,7.03
2007-03-16 02:00:00,2.54,6.23,7.98,6.62,5.58,6.05,8.01
2007-03-16 03:00:00,2.26,4.25,3.36,7.23,4.7700000000000005,5.71,10.23
2007-03-16 04:00:00,2.14,5.08,1.19,7.76,4.76,6.01,9.27
2007-03-16 05:00:00,2.33,6.47,0.92,7.18,5.15,4.96,7.22
2007-03-16 06:00:00,1.88,6.5600000000000005,1.25,7.1000000000000005,6.38,5.82,5.42
2007-03-16 07:00:00,1.93,7.12,1.25,8.290000000000001,6.59,4.6000000000000005,7.28
2007-03-16 08:00:00,2.07,7.0,0.87,8.88,6.75,4.7,7.86
2007-03-16 09:00:00,2.06,6.49,0.88,8.31,6.24,4.3100000000000005,7.16
2007-03-16 10:00:00,1.91,6.22,0.59,8.34,6.8500000000000005,4.45,6.97
2007-03-16 11:00:00,2.27,6.13,0.65,6.6000000000000005,5.87,3.79,7.18
2007-03-16 12:00:00,2.38,5.62,0.55,6.73,4.7700000000000005,4.11,7.0200000000000005
2007-03-16 13:00:00,2.4,5.01,0.79,9.39,3.53,4.21,6.96
2007-03-16 14:00:00,2.67,5.89,1.22,10.47,4.44,4.54,6.42
2007-03-16 15:00:00,2.73,3.76,1.16,10.28,4.44,4.61,6.390000000000001
2007-03-16 16:00:00,3.03,1.12,0.44,8.78,3.98,3.44,4.46
2007-03-16 17:00:00,3.3000000000000003,0.32,0.49,8.620000000000001,3.0700000000000003,4.03,5.1000000000000005
2007-03-16 18:00:00,3.76,1.48,1.17,8.31,3.97,4.28,4.26
2007-03-16 19:00:00,3.73,2.11,1.94,6.01,4.78,4.0,3.28
2007-03-16 20:00:00,3.78,1.67,2.76,3.75,5.61,5.26,3.39
2007-03-16 21:00:00,3.85,0.96,2.8000000000000003,3.28,4.82,4.41,3.31
2007-03-16 22:00:00,3.53,2.44,0.98,2.96,4.14,4.0,2.78
2007-03-16 23:00:00,3.27,2.52,1.67,2.78,3.78,3.66,2.06
2007-03-17 00:00:00,2.86,2.89,2.6,2.61,3.6,3.31,1.64
2007-03-17 01:00:00,2.28,2.29,6.72,3.49,2.21,4.16,2.51
2007-03-17 02:00:00,1.77,3.82,8.81,2.96,3.2,2.04,7.65
2007-03-17 03:00:00,0.9,5.2700000000000005,7.45,2.59,2.93,1.0,5.41
2007-03-17 04:00:00,0.9,3.64,5.45,2.06,2.72,1.98,3.02
2007-03-17 05:00:00,0.68,0.74,5.18,1.59,4.88,3.58,3.8
2007-03-17 06:00:00,0.8200000000000001,2.51,6.47,1.37,5.16,4.43,4.8500000000000005
2007-03-17 07:00:00,2.03,4.71,5.58,1.75,4.87,3.31,1.12
2007-03-17 08:00:00,2.28,7.36,3.92,1.91,4.88,4.28,0.59
2007-03-17 09:00:00,2.58,5.92,2.08,1.91,5.11,5.0200000000000005,1.07
2007-03-17 10:00:00,2.65,5.14,2.51,0.36,4.99,4.17,2.02
2007-03-17 11:00:00,2.22,4.47,2.31,0.7000000000000001,4.19,3.65,0.46
2007-03-17 12:00:00,1.46,3.58,0.98,0.38,3.64,3.97,2.16
2007-03-17 13:00:00,1.8,2.5,0.77,0.48,3.69,4.3500000000000005,2.96
2007-03-17 14:00:00,2.3000000000000003,1.99,1.24,1.05,3.63,4.84,2.15
2007-03-17 15:00:00,1.64,2.45,1.67,1.5,3.92,4.3100000000000005,1.96
2007-03-17 16:00:00,1.13,2.04,1.48,1.71,3.02,3.66,1.43
2007-03-17 17:00:00,1.5,1.29,0.67,1.29,3.02,3.61,1.55
2007-03-17 18:00:00,2.68,1.41,0.28,2.15,3.42,3.65,2.19
2007-03-17 19:00:00,2.21,1.74,0.42,2.84,2.57,3.3200000000000003,2.13
2007-03-17 20:00:00,1.65,3.02,2.05,3.35,1.72,2.49,2.31
2007-03-17 21:00:00,3.52,3.73,5.92,3.11,1.57,3.83,2.63
2007-03-17 22:00:00,2.81,4.22,8.01,3.76,1.47,7.0600000000000005,7.07
2007-03-17 23:00:00,10.43,4.5,8.78,5.48,1.17,8.51,7.99
2007-03-18 00:00:00,10.78,10.6,8.84,5.71,6.57,9.95,9.24
2007-03-18 01:00:00,12.92,13.68,9.67,7.61,8.11,12.0,7.34
2007-03-18 02:00:00,14.57,15.84,10.75,11.68,9.63,11.92,6.76
2007-03-18 03:00:00,16.27,15.93,10.6,2.12,9.58,13.01,7.86
2007-03-18 04:00:00,16.61,15.47,10.97,2.88,10.04,11.43,6.75
2007-03-18 05:00:00,17.05,11.6,9.91,2.78,11.11,9.27,8.13
2007-03-18 06:00:00,18.07,12.72,10.06,3.71,11.67,8.74,6.0600000000000005
2007-03-18 07:00:00,18.4,14.33,10.88,5.07,12.27,8.48,5.83
2007-03-18 08:00:00,18.4,10.63,12.1,4.9,12.38,8.69,7.26
2007-03-18 09:00:00,18.79,8.46,12.09,5.87,12.32,7.57,6.8100000000000005
2007-03-18 10:00:00,18.72,8.4,11.62,7.09,11.65,8.63,6.55
2007-03-18 11:00:00,18.62,7.09,11.76,6.0200000000000005,12.01,8.16,6.21
2007-03-18 12:00:00,18.19,7.19,12.04,6.46,10.71,7.52,8.2
2007-03-18 13:00:00,17.52,7.83,11.72,3.78,9.22,7.36,8.620000000000001
2007-03-18 14:00:00,16.580000000000002,7.7,9.77,3.56,1.92,7.930000000000001,8.34
2007-03-18 15:00:00,15.96,8.2,6.7,4.28,1.97,7.61,4.6000000000000005
2007-03-18 16:00:00,13.64,8.51,5.68,2.35,1.21,7.1000000000000005,2.74
2007-03-18 17:00:00,12.59,12.73,5.8100000000000005,2.39,2.31,8.790000000000001,2.2
2007-03-18 18:00:00,12.47,10.77,6.86,3.23,2.57,8.97,0.54
2007-03-18 19:00:00,12.61,8.39,9.9,5.13,6.38,9.07,1.3
2007-03-18 20:00:00,12.95,8.61,11.43,4.86,7.56,8.950000000000001,6.43
2007-03-18 21:00:00,12.67,9.98,12.51,4.29,8.66,8.4,10.14
2007-03-18 22:00:00,12.7,12.95,12.06,4.37,8.47,7.82,10.47
2007-03-18 23:00:00,12.98,15.13,12.82,4.6000000000000005,8.66,8.44,9.36
2007-03-19 00:00:00,12.98,17.16,13.29,4.08,8.1,9.57,7.59
2007-03-19 01:00:00,14.2,19.84,12.71,9.33,7.35,8.55,9.22
2007-03-19 02:00:00,14.5,21.2,14.26,6.16,7.36,8.69,10.14
2007-03-19 03:00:00,13.85,21.46,14.16,3.19,8.74,9.16,9.6
2007-03-19 04:00:00,13.16,21.42,13.28,3.63,7.25,8.77,6.54
2007-03-19 05:00:00,11.75,20.89,12.11,3.11,5.8500000000000005,8.6,6.5600000000000005
2007-03-19 06:00:00,10.13,20.4,10.78,4.2700000000000005,5.37,8.28,2.19
2007-03-19 07:00:00,8.89,20.12,10.28,3.03,5.89,7.86,1.79
2007-03-19 08:00:00,8.31,19.71,9.6,3.64,6.11,7.28,2.62
2007-03-19 09:00:00,8.03,17.59,8.78,4.26,6.15,7.03,3.92
2007-03-19 10:00:00,8.01,15.29,8.55,3.78,5.95,6.5,4.04
2007-03-19 11:00:00,7.6,15.11,7.79,3.49,6.6000000000000005,6.5600000000000005,3.92
2007-03-19 12:00:00,7.69,14.18,7.65,3.31,5.3,6.53,3.02
2007-03-19 13:00:00,8.19,11.28,6.8500000000000005,2.97,5.04,6.57,3.45
2007-03-19 14:00:00,7.7,6.11,5.78,2.85,6.01,6.9,3.39
2007-03-19 15:00:00,6.57,4.5,5.95,2.92,6.42,7.32,2.74
2007-03-19 16:00:00,2.19,4.37,4.0,1.71,5.58,6.86,1.8
2007-03-19 17:00:00,2.46,1.74,4.57,1.64,5.45,6.53,2.48
2007-03-19 18:00:00,2.88,2.45,5.33,2.42,5.73,6.5200000000000005,2.84
2007-03-19 19:00:00,3.7,1.25,5.72,2.84,5.41,5.86,2.41
2007-03-19 20:00:00,3.72,5.57,7.890000000000001,3.46,5.5,6.7700000000000005,1.72
2007-03-19 21:00:00,2.54,11.33,10.79,3.86,5.5600000000000005,7.16,0.74
2007-03-19 22:00:00,3.04,14.92,12.34,6.08,5.32,7.17,5.62
2007-03-19 23:00:00,2.51,16.1,12.09,6.92,5.91,7.12,3.79
2007-03-20 00:00:00,7.07,16.36,12.62,8.65,6.51,7.390000000000001,10.91
2007-03-20 01:00:00,10.53,17.82,11.69,8.31,6.78,7.69,8.700000000000001
2007-03-20 02:00:00,10.68,18.46,12.3,6.58,7.7,7.84,9.44
2007-03-20 03:00:00,10.45,18.56,12.21,4.91,7.55,8.23,9.86
2007-03-20 04:00:00,11.23,15.34,12.09,5.86,6.83,8.07,9.43
2007-03-20 05:00:00,12.25,12.62,11.29,7.56,7.24,8.22,7.85
2007-03-20 06:00:00,12.64,10.7,12.19,7.930000000000001,7.32,9.54,7.2
2007-03-20 07:00:00,12.79,9.67,12.02,6.86,9.28,9.85,8.23
2007-03-20 08:00:00,12.77,6.48,11.66,6.6000000000000005,9.48,9.7,8.07
2007-03-20 09:00:00,12.82,9.02,11.22,6.8500000000000005,10.16,8.75,8.950000000000001
2007-03-20 10:00:00,12.94,9.63,10.88,9.09,10.37,9.14,9.58
2007-03-20 11:00:00,12.86,8.96,10.84,9.08,10.23,9.05,8.57
2007-03-20 12:00:00,11.87,7.48,10.82,8.65,10.38,7.75,8.08
2007-03-20 13:00:00,12.08,7.1000000000000005,10.63,8.49,10.37,7.05,7.98
2007-03-20 14:00:00,8.620000000000001,6.32,8.46,7.33,9.09,7.53,7.09
2007-03-20 15:00:00,9.62,2.95,6.08,4.6000000000000005,5.5600000000000005,6.36,6.91
2007-03-20 16:00:00,11.38,2.99,5.01,3.6,4.79,4.32,6.61
2007-03-20 17:00:00,11.73,2.77,5.54,4.79,4.62,8.120000000000001,6.57
2007-03-20 18:00:00,11.24,8.120000000000001,8.22,6.3,4.99,8.120000000000001,8.540000000000001
2007-03-20 19:00:00,12.38,8.75,9.93,8.040000000000001,2.92,9.55,9.32
2007-03-20 20:00:00,14.1,10.05,10.49,9.3,4.5200000000000005,12.2,9.52
2007-03-20 21:00:00,16.75,10.41,11.56,9.19,5.28,13.96,10.45
2007-03-20 22:00:00,19.25,11.08,12.68,10.08,6.69,14.57,10.73
2007-03-20 23:00:00,21.33,10.06,10.35,11.28,7.21,14.76,10.4
2007-03-21 00:00:00,22.83,6.79,11.77,12.4,8.67,14.17,9.87
2007-03-21 01:00:00,23.82,9.29,11.27,12.4,7.83,13.39,9.47
2007-03-21 02:00:00,24.86,8.93,11.78,10.32,8.24,18.41,9.57
2007-03-21 03:00:00,25.03,11.2,12.5,14.55,11.98,19.63,9.07
2007-03-21 04:00:00,24.7,6.79,9.74,11.2,9.75,18.77,9.04
2007-03-21 05:00:00,23.65,8.58,12.29,8.97,12.48,17.18,12.75
2007-03-21 06:00:00,22.96,10.85,10.16,13.1,13.44,15.8,11.14
2007-03-21 07:00:00,22.9,7.59,8.39,11.57,14.96,14.11,11.44
2007-03-21 08:00:00,25.36,6.41,9.17,13.1,14.1,12.06,11.28
2007-03-21 09:00:00,26.29,3.97,11.2,7.76,16.05,12.67,10.43
2007-03-21 10:00:00,25.32,3.42,10.39,4.14,16.830000000000002,13.43,10.13
2007-03-21 11:00:00,24.51,3.74,12.31,5.15,15.66,12.04,9.07
2007-03-21 12:00:00,24.11,3.33,10.52,5.0600000000000005,10.58,7.640000000000001,7.67
2007-03-21 13:00:00,19.93,5.37,8.97,5.61,11.81,8.6,4.9
2007-03-21 14:00:00,18.75,8.1,8.370000000000001,5.05,11.54,10.17,3.58
2007-03-21 15:00:00,16.46,8.19,6.5200000000000005,2.89,9.87,9.06,2.26
2007-03-21 16:00:00,14.62,4.3,4.57,2.25,7.640000000000001,7.82,1.68
2007-03-21 17:00:00,11.75,3.42,3.0,1.19,5.91,6.49,2.04
2007-03-21 18:00:00,7.54,4.95,1.17,4.83,4.2,5.72,0.36
2007-03-21 19:00:00,2.43,6.2,1.2,6.5600000000000005,2.32,3.52,4.24
2007-03-21 20:00:00,2.61,4.8100000000000005,2.98,7.4,1.83,2.22,6.51
2007-03-21 21:00:00,3.16,7.42,4.37,7.23,4.34,2.33,5.5
2007-03-21 22:00:00,2.34,6.28,4.5,8.3,4.38,4.3,8.290000000000001
2007-03-21 23:00:00,4.13,5.45,6.5200000000000005,9.86,5.07,7.78,11.1
2007-03-22 00:00:00,1.83,10.52,5.03,10.76,4.96,5.8,7.82
2007-03-22 01:00:00,4.7700000000000005,9.13,7.63,9.34,4.46,5.36,8.45
2007-03-22 02:00:00,1.86,7.9,4.99,13.61,4.99,3.66,7.0
2007-03-22 03:00:00,1.82,9.7,4.7,10.38,5.97,2.37,10.82
2007-03-22 04:00:00,2.92,13.23,5.76,12.58,5.0,1.23,12.65
2007-03-22 05:00:00,3.7,16.04,3.65,11.91,5.16,0.62,13.97
2007-03-22 06:00:00,3.2,14.1,5.86,14.3,5.39,2.33,12.2
2007-03-22 07:00:00,3.34,13.72,5.67,14.86,5.15,5.14,13.16
2007-03-22 08:00:00,3.46,15.98,4.94,14.63,5.74,3.47,12.13
2007-03-22 09:00:00,3.01,13.02,5.84,15.12,3.53,5.5200000000000005,15.63
2007-03-22 10:00:00,3.9,13.11,5.76,14.76,3.54,5.72,15.34
2007-03-22 11:00:00,4.95,13.35,5.47,15.06,3.63,3.71,15.24
2007-03-22 12:00:00,5.67,12.73,5.98,15.98,6.58,3.82,14.58
2007-03-22 13:00:00,6.04,11.97,6.2700000000000005,15.61,7.59,3.49,13.75
2007-03-22 14:00:00,6.3,12.44,6.3500000000000005,14.75,6.66,2.43,13.39
2007-03-22 15:00:00,6.390000000000001,12.5,4.95,12.24,4.16,1.81,13.26
2007-03-22 16:00:00,7.97,13.18,5.3500000000000005,13.01,7.140000000000001,2.98,13.43
2007-03-22 17:00:00,9.87,11.71,7.32,13.13,7.81,4.8500000000000005,11.51
2007-03-22 18:00:00,9.77,11.32,10.1,11.61,7.84,7.38,11.37
2007-03-22 19:00:00,9.77,9.87,10.03,10.42,7.35,7.67,10.6
2007-03-22 20:00:00,8.620000000000001,9.48,9.86,10.25,6.140000000000001,8.790000000000001,10.07
2007-03-22 21:00:00,7.95,9.15,9.13,9.79,9.2,9.09,9.7
2007-03-22 22:00:00,7.29,8.4,8.15,10.07,9.53,7.9,8.950000000000001
2007-03-22 23:00:00,7.4,7.29,7.94,10.85,6.43,8.88,8.67
2007-03-23 00:00:00,7.55,6.99,9.17,11.08,8.18,10.12,9.05
2007-03-23 01:00:00,9.18,6.7,8.370000000000001,11.04,10.86,10.73,8.65
2007-03-23 02:00:00,6.97,9.8,11.18,12.27,8.5,6.65,11.86
2007-03-23 03:00:00,10.4,8.55,10.71,11.48,5.9,8.91,11.36
2007-03-23 04:00:00,6.43,7.48,8.96,11.36,4.76,8.36,12.07
2007-03-23 05:00:00,7.27,8.5,6.6000000000000005,11.0,5.05,8.2,13.39
2007-03-23 06:00:00,5.25,8.63,2.56,9.71,3.96,6.84,13.69
2007-03-23 07:00:00,2.22,9.96,4.21,9.56,5.8,5.07,2.46
2007-03-23 08:00:00,1.98,5.36,8.44,11.54,4.53,4.07,1.64
2007-03-23 09:00:00,1.83,8.120000000000001,8.1,12.04,7.52,1.83,3.54
2007-03-23 10:00:00,3.66,8.48,3.47,12.02,5.26,1.29,2.81
2007-03-23 11:00:00,4.1,8.32,2.5500000000000003,12.13,4.6000000000000005,4.05,2.52
2007-03-23 12:00:00,3.99,8.67,1.64,12.53,0.27,4.71,3.59
2007-03-23 13:00:00,2.49,8.32,2.26,13.72,2.16,3.87,0.81
2007-03-23 14:00:00,2.15,4.3500000000000005,3.19,14.92,2.33,4.57,1.61
2007-03-23 15:00:00,2.74,0.6900000000000001,3.26,13.79,0.54,4.94,1.66
2007-03-23 16:00:00,1.62,1.78,1.79,12.78,0.4,4.2700000000000005,2.37
2007-03-23 17:00:00,3.08,1.3,0.61,11.0,1.0,4.29,1.4
2007-03-23 18:00:00,3.63,2.75,0.8,7.97,0.6900000000000001,3.3000000000000003,1.42
2007-03-23 19:00:00,1.88,3.21,1.17,6.8100000000000005,0.52,3.0,5.87
2007-03-23 20:00:00,2.28,0.81,1.31,6.42,3.01,5.39,6.53
2007-03-23 21:00:00,2.35,1.71,4.2,6.3500000000000005,4.54,6.34,6.66
2007-03-23 22:00:00,2.68,3.98,7.140000000000001,5.83,3.24,6.08,6.13
2007-03-23 23:00:00,0.68,7.75,11.2,7.15,6.09,6.2,8.09
2007-03-24 00:00:00,4.75,11.54,11.8,7.98,5.16,5.09,8.92
2007-03-24 01:00:00,5.5600000000000005,14.49,11.72,7.930000000000001,4.89,4.3,10.9
2007-03-24 02:00:00,5.94,14.89,12.02,9.04,8.120000000000001,6.3100000000000005,3.53
2007-03-24 03:00:00,7.36,15.05,10.65,7.57,4.33,7.54,1.95
2007-03-24 04:00:00,7.890000000000001,14.88,9.92,9.63,2.46,8.07,2.74
2007-03-24 05:00:00,7.43,13.34,10.84,11.58,5.8500000000000005,8.620000000000001,2.66
2007-03-24 06:00:00,7.15,12.45,9.23,7.75,6.21,8.66,4.07
2007-03-24 07:00:00,6.18,12.68,9.17,9.27,6.76,8.61,2.98
2007-03-24 08:00:00,5.03,9.83,5.67,9.96,7.6,8.14,3.33
2007-03-24 09:00:00,4.39,4.75,5.7700000000000005,9.58,7.63,7.91,4.44
2007-03-24 10:00:00,3.61,0.73,5.12,7.73,8.1,6.2,5.83
2007-03-24 11:00:00,3.23,1.17,5.59,8.35,7.12,6.140000000000001,6.2700000000000005
2007-03-24 12:00:00,2.18,0.56,3.3000000000000003,8.13,5.16,6.21,3.0700000000000003
2007-03-24 13:00:00,3.4,0.59,2.28,6.73,4.25,6.09,0.67
2007-03-24 14:00:00,4.63,0.41,1.8,6.140000000000001,3.99,5.04,2.02
2007-03-24 15:00:00,3.94,0.66,0.81,5.65,3.16,4.29,2.46
2007-03-24 16:00:00,3.3000000000000003,1.09,0.38,5.75,2.43,3.39,1.86
2007-03-24 17:00:00,1.8,1.52,0.76,5.25,2.2,2.52,2.44
2007-03-24 18:00:00,2.89,1.45,1.29,4.79,3.1,1.96,3.26
2007-03-24 19:00:00,3.39,1.46,0.72,3.33,3.4,1.55,1.89
2007-03-24 20:00:00,4.53,2.15,0.92,2.11,3.85,2.05,1.42
2007-03-24 21:00:00,4.1,1.71,0.3,0.86,3.42,2.87,1.41
2007-03-24 22:00:00,4.55,2.15,1.14,2.95,3.66,2.84,1.72
2007-03-24 23:00:00,3.96,3.27,7.35,2.82,2.34,2.71,6.42
2007-03-25 00:00:00,4.0600000000000005,3.8,8.56,2.59,2.35,5.92,7.72
2007-03-25 01:00:00,3.83,11.57,8.76,2.42,2.46,4.29,9.38
2007-03-25 02:00:00,3.88,13.71,11.13,4.98,3.53,3.82,9.17
2007-03-25 03:00:00,2.91,14.67,10.03,6.8,4.63,5.8,6.33
2007-03-25 04:00:00,2.73,14.93,8.9,6.84,5.26,4.79,9.36
2007-03-25 05:00:00,1.56,13.57,8.71,6.08,4.24,5.86,6.66
2007-03-25 06:00:00,1.13,2.81,9.06,4.16,2.5500000000000003,4.46,5.79
2007-03-25 07:00:00,0.75,1.93,7.21,4.54,1.75,4.71,6.12
2007-03-25 08:00:00,0.42,2.56,6.67,4.43,2.78,4.29,3.1
2007-03-25 09:00:00,0.34,2.59,7.68,3.47,3.39,4.25,1.91
2007-03-25 10:00:00,0.08,1.74,6.75,3.44,3.43,3.95,1.17
2007-03-25 11:00:00,0.79,2.58,5.92,3.23,3.19,2.63,1.34
2007-03-25 12:00:00,0.94,2.47,4.72,3.26,3.51,1.87,1.35
2007-03-25 13:00:00,0.95,3.34,4.29,3.3000000000000003,3.47,1.39,1.18
2007-03-25 14:00:00,0.98,2.26,4.26,3.11,3.85,0.43,1.19
2007-03-25 15:00:00,1.05,1.91,2.79,2.9,3.34,0.28,1.25
2007-03-25 16:00:00,1.32,1.51,1.24,2.49,3.51,0.47,0.81
2007-03-25 17:00:00,1.79,2.31,3.79,3.11,3.15,0.8200000000000001,0.89
2007-03-25 18:00:00,2.97,2.99,3.89,4.22,3.15,1.26,1.55
2007-03-25 19:00:00,3.38,1.82,4.47,5.57,3.11,1.68,1.46
2007-03-25 20:00:00,3.43,3.93,5.84,6.0200000000000005,3.09,2.69,1.97
2007-03-25 21:00:00,3.68,8.9,7.08,6.19,3.25,4.8,3.9
2007-03-25 22:00:00,3.28,11.62,8.58,6.21,2.47,5.44,5.15
2007-03-25 23:00:00,3.03,13.05,9.43,6.18,2.43,6.12,5.5
2007-03-26 00:00:00,2.27,15.49,10.14,7.01,1.94,6.140000000000001,4.6000000000000005
2007-03-26 01:00:00,1.43,16.84,9.62,9.98,1.43,7.18,7.83
2007-03-26 02:00:00,1.83,17.84,10.6,9.35,1.24,7.29,6.69
2007-03-26 03:00:00,1.48,17.11,10.58,6.66,1.18,6.71,7.24
2007-03-26 04:00:00,1.98,12.38,10.43,5.34,2.1,7.33,7.99
2007-03-26 05:00:00,3.49,9.21,9.38,6.22,3.0,7.96,6.65
2007-03-26 06:00:00,3.03,7.9,8.74,6.6000000000000005,3.14,8.15,6.59
2007-03-26 07:00:00,5.19,5.22,9.24,5.84,2.49,7.47,5.72
2007-03-26 08:00:00,4.7700000000000005,8.57,9.77,4.0200000000000005,1.64,8.19,3.26
2007-03-26 09:00:00,4.14,10.98,8.6,3.79,1.73,7.44,3.24
2007-03-26 10:00:00,4.38,9.8,7.83,3.92,2.9,6.5,4.05
2007-03-26 11:00:00,4.4,8.86,7.0,4.21,3.86,6.43,2.48
2007-03-26 12:00:00,4.71,6.96,6.25,3.81,2.94,5.59,2.31
2007-03-26 13:00:00,3.61,5.15,8.76,3.5,3.13,6.33,2.08
2007-03-26 14:00:00,4.51,2.83,8.700000000000001,2.56,3.14,5.4,2.44
2007-03-26 15:00:00,4.36,2.76,7.0600000000000005,4.11,2.91,5.13,3.09
2007-03-26 16:00:00,2.11,3.48,7.87,3.75,3.73,6.46,2.9
2007-03-26 17:00:00,2.29,2.07,9.18,7.53,3.94,7.33,6.36
2007-03-26 18:00:00,6.09,4.67,10.49,8.49,4.73,8.48,10.45
2007-03-26 19:00:00,10.15,10.93,10.93,10.11,4.93,9.31,11.71
2007-03-26 20:00:00,11.98,14.21,10.43,11.14,5.17,10.19,11.86
2007-03-26 21:00:00,13.02,14.17,10.48,12.99,5.76,11.52,10.95
2007-03-26 22:00:00,14.29,15.04,11.21,13.98,6.0200000000000005,12.18,9.58
2007-03-26 23:00:00,15.46,15.07,12.9,14.93,6.58,14.93,11.19
2007-03-27 00:00:00,16.53,15.13,13.57,14.94,7.04,15.06,11.18
2007-03-27 01:00:00,17.68,13.04,12.76,14.05,7.86,15.23,9.34
2007-03-27 02:00:00,17.96,10.65,13.56,10.91,7.67,14.3,8.65
2007-03-27 03:00:00,18.26,5.55,13.79,8.68,9.53,15.59,8.620000000000001
2007-03-27 04:00:00,18.06,7.33,12.73,10.41,12.68,13.05,10.63
2007-03-27 05:00:00,17.76,3.28,11.98,12.44,13.36,12.64,10.68
2007-03-27 06:00:00,17.89,8.64,10.53,11.36,13.47,14.91,9.97
2007-03-27 07:00:00,21.08,10.41,11.36,8.28,12.13,16.16,10.14
2007-03-27 08:00:00,22.53,7.640000000000001,12.35,6.86,12.37,17.63,10.31
2007-03-27 09:00:00,21.78,23.43,12.5,12.05,12.88,17.78,8.89
2007-03-27 10:00:00,23.48,22.26,11.26,10.9,13.2,15.77,10.88
2007-03-27 11:00:00,26.28,16.26,13.1,9.84,13.98,15.7,10.02
2007-03-27 12:00:00,27.36,12.21,11.34,9.58,16.2,11.62,9.56
2007-03-27 13:00:00,28.64,11.86,11.23,9.31,15.1,14.79,10.27
2007-03-27 14:00:00,26.88,15.53,10.67,14.82,12.4,12.41,2.45
2007-03-27 15:00:00,26.3,18.27,8.950000000000001,11.76,9.36,15.03,11.19
2007-03-27 16:00:00,25.19,17.46,10.15,14.66,12.71,12.28,11.92
2007-03-27 17:00:00,23.87,16.07,13.2,16.93,12.06,13.95,15.75
2007-03-27 18:00:00,25.29,17.37,14.29,14.76,11.29,16.56,11.87
2007-03-27 19:00:00,25.65,24.8,16.490000000000002,14.88,12.9,18.64,14.61
2007-03-27 20:00:00,23.32,26.88,16.09,15.05,13.34,13.12,17.59
2007-03-27 21:00:00,24.12,26.09,16.72,10.5,14.34,17.28,19.12
2007-03-27 22:00:00,25.66,25.93,18.96,14.44,15.29,15.03,20.2
2007-03-27 23:00:00,23.22,25.51,18.49,15.41,16.86,14.38,20.33
2007-03-28 00:00:00,19.61,24.64,17.63,8.18,16.6,13.6,20.99
2007-03-28 01:00:00,15.31,24.64,15.45,17.13,16.36,12.59,19.17
2007-03-28 02:00:00,18.14,22.21,14.81,15.22,13.0,9.02,22.22
2007-03-28 03:00:00,18.41,22.57,12.56,14.16,15.67,9.24,22.87
2007-03-28 04:00:00,21.63,20.14,14.96,13.23,16.17,8.22,22.56
2007-03-28 05:00:00,21.88,19.39,6.8,14.06,14.08,8.5,21.45
2007-03-28 06:00:00,20.97,19.18,7.45,14.2,14.63,6.86,20.65
2007-03-28 07:00:00,18.08,18.1,4.13,15.78,14.7,8.72,16.79
2007-03-28 08:00:00,16.17,17.48,1.86,15.4,14.43,8.2,17.650000000000002
2007-03-28 09:00:00,12.21,17.91,2.73,12.53,14.33,6.94,0.66
2007-03-28 10:00:00,10.7,14.18,3.04,12.2,13.75,6.66,2.26
2007-03-28 11:00:00,10.46,15.5,1.48,11.79,13.08,7.05,0.8300000000000001
2007-03-28 12:00:00,13.43,13.02,2.65,10.64,12.05,8.33,4.75
2007-03-28 13:00:00,10.57,11.33,5.37,8.46,12.84,7.16,1.96
2007-03-28 14:00:00,10.07,6.0200000000000005,4.64,7.890000000000001,11.17,5.87,1.75
2007-03-28 15:00:00,10.24,9.28,2.73,7.29,9.01,5.54,9.52
2007-03-28 16:00:00,7.56,9.23,1.83,7.42,8.3,5.23,12.99
2007-03-28 17:00:00,6.13,4.9,2.67,7.26,6.8,5.29,11.77
2007-03-28 18:00:00,4.33,4.54,3.41,7.81,6.19,5.18,8.77
2007-03-28 19:00:00,3.15,4.65,3.0,12.48,6.05,5.8,6.11
2007-03-28 20:00:00,3.5700000000000003,5.64,3.43,15.35,6.33,5.62,5.58
2007-03-28 21:00:00,3.4,9.64,4.13,13.94,7.82,6.37,6.3
2007-03-28 22:00:00,2.66,12.36,5.45,11.44,8.76,6.49,5.94
2007-03-28 23:00:00,4.29,12.97,4.75,12.63,8.27,6.03,6.3
2007-03-29 00:00:00,5.05,13.18,7.28,14.82,9.3,6.17,9.23
2007-03-29 01:00:00,4.9,15.52,5.3100000000000005,14.7,8.11,5.3500000000000005,11.53
2007-03-29 02:00:00,4.94,14.98,6.2700000000000005,13.99,8.33,5.76,12.4
2007-03-29 03:00:00,6.97,13.61,2.89,15.35,7.97,6.61,11.36
2007-03-29 04:00:00,6.3100000000000005,12.36,4.12,13.18,10.25,7.46,10.36
2007-03-29 05:00:00,6.75,10.13,3.41,14.81,9.63,4.23,5.75
2007-03-29 06:00:00,6.32,7.49,3.59,15.49,9.14,4.6000000000000005,4.59
2007-03-29 07:00:00,7.51,6.37,1.86,15.42,11.43,8.22,8.03
2007-03-29 08:00:00,8.540000000000001,3.0500000000000003,0.75,14.64,12.02,5.78,6.26
2007-03-29 09:00:00,6.7700000000000005,1.01,0.37,13.96,8.31,11.45,4.7
2007-03-29 10:00:00,6.58,1.33,1.37,14.12,9.02,6.45,4.76
2007-03-29 11:00:00,4.54,1.0,0.35,14.51,9.7,2.79,5.66
2007-03-29 12:00:00,7.28,1.74,0.74,13.36,8.68,3.74,7.08
2007-03-29 13:00:00,4.3500000000000005,0.52,0.44,14.26,9.23,2.62,6.74
2007-03-29 14:00:00,5.5600000000000005,1.01,0.72,10.24,9.11,3.42,4.4
2007-03-29 15:00:00,6.640000000000001,5.42,0.98,11.58,8.6,3.34,5.28
2007-03-29 16:00:00,5.15,4.54,0.8,8.96,8.370000000000001,3.99,4.03
2007-03-29 17:00:00,5.69,5.75,1.85,6.65,8.63,4.91,2.02
2007-03-29 18:00:00,6.03,6.28,4.97,6.3100000000000005,9.62,5.78,2.26
2007-03-29 19:00:00,5.15,5.87,4.01,6.86,10.15,4.59,2.96
2007-03-29 20:00:00,4.34,3.14,2.25,8.91,10.73,2.91,2.21
2007-03-29 21:00:00,3.33,0.95,0.54,9.56,11.11,2.31,2.02
2007-03-29 22:00:00,3.86,1.84,0.23,11.41,11.72,3.84,1.32
2007-03-29 23:00:00,4.21,2.87,0.66,14.2,11.73,4.44,1.28
2007-03-30 00:00:00,4.41,6.38,1.58,14.21,13.78,5.24,3.1
2007-03-30 01:00:00,4.07,9.2,7.1000000000000005,14.28,12.9,3.74,5.93
2007-03-30 02:00:00,2.5500000000000003,7.77,8.040000000000001,12.34,11.88,3.3000000000000003,7.36
2007-03-30 03:00:00,3.26,3.5700000000000003,4.46,13.67,12.75,9.04,4.2700000000000005
2007-03-30 04:00:00,7.48,4.45,6.92,14.63,13.16,8.42,9.7
2007-03-30 05:00:00,7.0,2.98,3.15,12.66,14.09,6.83,8.56
2007-03-30 06:00:00,7.33,2.35,6.7,11.66,15.49,8.02,7.01
2007-03-30 07:00:00,8.92,4.08,5.72,10.53,15.31,5.4,8.84
2007-03-30 08:00:00,6.23,5.15,5.18,10.99,13.46,6.22,5.03
2007-03-30 09:00:00,6.2,0.42,3.78,10.41,11.5,5.47,5.16
2007-03-30 10:00:00,3.88,1.74,1.15,9.01,9.79,5.15,4.9
2007-03-30 11:00:00,4.46,2.8000000000000003,0.56,10.23,9.88,6.23,5.19
2007-03-30 12:00:00,3.3200000000000003,3.24,1.42,10.9,9.21,5.32,3.72
2007-03-30 13:00:00,3.0500000000000003,3.54,0.46,10.19,8.41,4.28,3.1
2007-03-30 14:00:00,3.0500000000000003,3.04,0.43,8.370000000000001,8.31,4.2,3.15
2007-03-30 15:00:00,2.1,1.92,0.41,6.5,8.0,3.85,2.45
2007-03-30 16:00:00,2.41,2.22,0.65,7.1000000000000005,9.74,4.03,1.38
2007-03-30 17:00:00,2.96,2.5500000000000003,1.26,5.09,10.77,3.75,1.23
2007-03-30 18:00:00,3.52,2.95,1.44,3.15,9.56,3.43,1.84
2007-03-30 19:00:00,4.01,2.28,1.49,2.11,9.03,2.62,1.49
2007-03-30 20:00:00,4.13,2.26,0.8300000000000001,2.01,8.98,2.51,1.56
2007-03-30 21:00:00,3.37,3.37,0.85,3.38,9.05,2.06,2.86
2007-03-30 22:00:00,2.89,4.59,1.5,4.18,9.46,4.98,4.32
2007-03-30 23:00:00,2.2,5.62,3.8,4.05,9.34,4.71,6.49
2007-03-31 00:00:00,2.58,10.2,5.03,4.96,9.76,4.07,7.03
2007-03-31 01:00:00,2.11,13.53,7.77,5.76,9.24,2.76,3.24
2007-03-31 02:00:00,3.94,15.22,9.41,6.7,9.63,2.84,8.07
2007-03-31 03:00:00,4.37,15.32,9.32,4.42,10.58,3.02,6.0600000000000005
2007-03-31 04:00:00,7.75,16.32,8.16,2.84,11.87,6.94,7.57
2007-03-31 05:00:00,6.71,14.09,6.83,2.45,11.63,7.9,4.73
2007-03-31 06:00:00,5.37,12.34,6.69,3.01,10.76,7.1000000000000005,2.66
2007-03-31 07:00:00,2.84,4.96,7.38,3.61,9.72,6.84,1.97
2007-03-31 08:00:00,1.21,2.61,6.7,2.73,6.95,7.11,4.42
2007-03-31 09:00:00,0.36,2.2,4.5,2.01,6.83,7.42,3.11
2007-03-31 10:00:00,1.18,1.97,3.28,2.5500000000000003,4.95,7.24,2.22
2007-03-31 11:00:00,1.34,2.17,3.09,1.53,2.51,6.72,2.15
2007-03-31 12:00:00,0.47,2.85,2.95,1.19,3.15,6.53,2.02
2007-03-31 13:00:00,0.75,3.23,2.41,0.94,4.0600000000000005,5.9,2.13
2007-03-31 14:00:00,0.31,2.69,1.91,0.65,3.38,5.53,1.95
2007-03-31 15:00:00,0.58,2.76,1.79,0.96,3.21,4.62,2.1
2007-03-31 16:00:00,1.25,2.14,0.73,1.08,2.74,4.13,1.84
2007-03-31 17:00:00,2.12,1.96,0.8,1.7,3.19,4.39,2.11
2007-03-31 18:00:00,3.48,2.23,0.74,2.96,3.22,3.86,1.86
2007-03-31 19:00:00,4.18,2.48,1.31,3.31,2.84,3.89,2.0
2007-03-31 20:00:00,4.37,2.74,2.2,3.27,2.54,4.0200000000000005,2.16
2007-03-31 21:00:00,4.03,1.11,5.41,3.17,2.53,4.39,4.3100000000000005
2007-03-31 22:00:00,3.69,7.22,7.6,3.08,2.51,4.8500000000000005,5.7700000000000005
2007-03-31 23:00:00,3.31,11.37,8.790000000000001,3.95,2.5,5.34,6.58
2007-04-01 00:00:00,2.3000000000000003,14.29,10.06,5.21,2.79,6.13,5.67
2007-04-01 01:00:00,1.52,17.62,10.51,5.61,4.25,7.35,8.68
2007-04-01 02:00:00,0.98,18.68,12.3,7.73,5.71,7.03,8.49
2007-04-01 03:00:00,3.22,18.65,11.15,7.53,5.28,7.91,8.15
2007-04-01 04:00:00,7.22,11.6,9.63,3.76,4.58,6.74,8.14
2007-04-01 05:00:00,8.45,9.11,8.77,3.24,6.42,7.07,8.01
2007-04-01 06:00:00,7.59,10.41,7.21,3.12,6.92,7.29,7.0
2007-04-01 07:00:00,6.91,14.44,7.26,5.5200000000000005,6.140000000000001,7.01,6.59
2007-04-01 08:00:00,5.23,14.65,5.99,3.76,5.29,6.98,5.24
2007-04-01 09:00:00,4.76,11.51,5.16,2.14,5.33,8.22,3.85
2007-04-01 10:00:00,3.62,6.890000000000001,5.98,1.59,4.75,7.83,4.17
2007-04-01 11:00:00,3.23,6.67,5.71,2.2,3.77,7.88,2.86
2007-04-01 12:00:00,3.23,4.98,5.29,2.7,1.93,8.21,3.33
2007-04-01 13:00:00,3.42,3.61,5.63,2.51,2.61,8.59,3.94
2007-04-01 14:00:00,3.3000000000000003,2.79,6.76,2.07,2.07,8.120000000000001,4.2
2007-04-01 15:00:00,2.68,2.66,4.25,1.63,3.18,6.4,2.91
2007-04-01 16:00:00,1.93,2.29,1.88,0.86,2.25,6.34,2.02
2007-04-01 17:00:00,1.4,2.41,1.46,1.02,2.44,6.29,2.21
2007-04-01 18:00:00,2.34,2.84,1.52,1.94,3.25,5.58,2.31
2007-04-01 19:00:00,3.6,2.44,2.04,2.39,4.5600000000000005,4.99,1.61
2007-04-01 20:00:00,3.3000000000000003,1.89,3.84,3.38,4.7700000000000005,4.53,0.66
2007-04-01 21:00:00,3.3000000000000003,6.41,7.28,3.96,4.43,4.43,5.04
2007-04-01 22:00:00,3.5,10.77,8.34,5.51,4.25,6.390000000000001,6.0600000000000005
2007-04-01 23:00:00,1.27,13.28,9.22,6.28,4.89,6.19,6.0600000000000005
2007-04-02 00:00:00,1.31,15.54,10.22,8.18,5.33,7.68,3.82
2007-04-02 01:00:00,5.58,18.52,9.6,9.77,5.44,8.1,7.0200000000000005
2007-04-02 02:00:00,10.51,19.63,11.79,8.53,5.97,7.640000000000001,9.97
2007-04-02 03:00:00,11.7,19.85,10.9,7.66,6.390000000000001,9.12,9.55
2007-04-02 04:00:00,12.61,17.64,10.39,6.58,7.03,7.56,9.74
2007-04-02 05:00:00,13.18,14.2,11.19,5.49,7.77,8.32,8.53
2007-04-02 06:00:00,13.99,11.6,10.96,4.7700000000000005,8.64,10.21,6.91
2007-04-02 07:00:00,14.65,12.23,10.81,4.23,8.38,10.54,6.42
2007-04-02 08:00:00,14.48,13.19,11.41,3.94,7.91,10.99,7.43
2007-04-02 09:00:00,14.2,12.94,12.12,3.96,8.51,11.33,9.34
2007-04-02 10:00:00,13.88,12.45,11.55,4.57,9.0,10.37,9.21
2007-04-02 11:00:00,13.6,11.45,9.37,4.64,8.77,10.39,7.65
2007-04-02 12:00:00,13.21,9.96,7.97,3.71,7.66,9.77,5.3
2007-04-02 13:00:00,12.67,4.37,5.68,4.17,7.24,10.0,5.4
2007-04-02 14:00:00,11.98,2.61,4.57,4.45,7.140000000000001,9.82,5.74
2007-04-02 15:00:00,11.1,4.29,4.0600000000000005,3.31,6.24,9.86,4.13
2007-04-02 16:00:00,9.6,11.57,5.54,2.43,4.36,9.65,3.08
2007-04-02 17:00:00,5.28,12.9,6.84,4.0200000000000005,5.13,9.16,3.82
2007-04-02 18:00:00,3.62,13.49,8.290000000000001,4.99,5.91,9.09,4.75
2007-04-02 19:00:00,5.72,14.09,10.17,4.46,6.24,9.49,0.49
2007-04-02 20:00:00,7.71,12.68,11.43,4.24,6.7,8.42,8.2
2007-04-02 21:00:00,9.32,11.97,11.78,4.32,6.96,7.890000000000001,6.57
2007-04-02 22:00:00,10.27,13.19,11.48,5.62,7.58,7.26,4.46
2007-04-02 23:00:00,10.93,14.74,11.05,7.21,8.18,8.55,4.36
2007-04-03 00:00:00,10.47,16.65,11.34,8.02,8.2,8.33,5.62
2007-04-03 01:00:00,11.19,18.07,11.87,8.42,8.4,8.28,8.92
2007-04-03 02:00:00,12.09,19.02,10.18,5.13,9.32,9.34,6.98
2007-04-03 03:00:00,12.12,17.81,9.94,4.61,8.290000000000001,10.12,5.08
2007-04-03 04:00:00,12.17,15.8,9.78,4.55,10.22,10.03,5.18
2007-04-03 05:00:00,12.48,15.97,8.790000000000001,2.53,9.65,9.27,6.12
2007-04-03 06:00:00,12.67,10.09,7.140000000000001,3.97,8.86,9.6,4.0600000000000005
2007-04-03 07:00:00,12.83,6.0200000000000005,5.3100000000000005,2.61,9.89,9.35,4.8500000000000005
2007-04-03 08:00:00,12.66,2.02,6.74,1.8,9.94,7.98,2.88
2007-04-03 09:00:00,11.9,1.71,7.95,3.91,10.02,7.65,4.73
2007-04-03 10:00:00,11.17,1.61,4.17,3.19,9.94,7.71,4.65
2007-04-03 11:00:00,9.47,3.69,3.88,2.74,9.07,8.06,3.16
2007-04-03 12:00:00,8.21,5.62,3.04,1.88,7.41,8.26,2.42
2007-04-03 13:00:00,5.62,5.83,4.42,0.59,3.41,8.59,2.29
2007-04-03 14:00:00,4.61,5.5,4.58,2.3000000000000003,3.49,8.51,2.06
2007-04-03 15:00:00,3.02,0.98,3.53,2.04,3.41,7.31,2.02
2007-04-03 16:00:00,1.38,2.03,1.29,2.23,3.63,6.43,1.83
2007-04-03 17:00:00,1.7,1.58,1.55,3.12,4.07,5.7700000000000005,2.36
2007-04-03 18:00:00,2.5500000000000003,1.18,0.56,3.84,4.76,4.84,1.32
2007-04-03 19:00:00,3.52,1.73,0.34,3.42,6.0,4.29,1.26
2007-04-03 20:00:00,4.32,2.05,0.77,3.54,6.390000000000001,3.92,1.26
2007-04-03 21:00:00,4.43,1.68,0.74,2.9,6.34,4.14,0.55
2007-04-03 22:00:00,4.74,1.38,0.48,2.07,6.48,4.0200000000000005,1.86
2007-04-03 23:00:00,3.65,4.34,6.98,2.33,6.49,4.55,7.11
2007-04-04 00:00:00,3.3200000000000003,10.76,8.74,3.14,5.94,4.55,1.97
2007-04-04 01:00:00,0.95,12.78,8.9,3.16,5.26,4.91,4.9
2007-04-04 02:00:00,1.63,14.83,9.05,4.87,5.15,3.35,2.84
2007-04-04 03:00:00,1.9,14.8,7.86,5.04,5.4,6.59,2.02
2007-04-04 04:00:00,1.44,14.35,6.78,3.41,5.48,6.94,1.9
2007-04-04 05:00:00,1.99,12.52,6.7700000000000005,2.18,5.65,7.57,1.81
2007-04-04 06:00:00,2.86,12.41,4.96,2.03,6.04,6.69,1.3
2007-04-04 07:00:00,1.5,12.99,5.98,1.88,5.15,6.08,2.69
2007-04-04 08:00:00,1.31,7.37,5.67,2.19,4.62,6.22,2.27
2007-04-04 09:00:00,1.19,7.61,6.3500000000000005,2.21,3.9,5.97,2.37
2007-04-04 10:00:00,1.27,4.91,4.54,2.93,3.16,5.78,2.15
2007-04-04 11:00:00,1.48,2.86,4.34,3.52,2.2,6.11,2.66
2007-04-04 12:00:00,1.09,2.95,4.68,3.08,0.59,6.2700000000000005,2.68
2007-04-04 13:00:00,1.29,2.87,3.86,2.58,1.24,5.84,2.43
2007-04-04 14:00:00,1.18,3.02,1.94,1.45,1.43,5.44,2.5500000000000003
2007-04-04 15:00:00,0.89,3.16,1.12,0.7000000000000001,1.73,4.92,2.76
2007-04-04 16:00:00,1.73,1.6,1.36,0.52,1.84,4.64,1.68
2007-04-04 17:00:00,2.31,1.42,0.85,1.65,2.44,4.15,1.96
2007-04-04 18:00:00,3.31,1.5,1.04,3.23,3.31,3.08,1.26
2007-04-04 19:00:00,3.63,1.44,1.31,3.26,3.96,2.66,2.2
2007-04-04 20:00:00,4.19,1.58,1.5,3.26,3.56,2.1,1.72
2007-04-04 21:00:00,4.76,1.91,1.64,3.25,3.4,2.27,2.32
2007-04-04 22:00:00,4.36,2.61,1.18,2.8000000000000003,3.41,2.28,2.71
2007-04-04 23:00:00,3.37,0.89,8.46,3.83,3.68,1.96,6.17
2007-04-05 00:00:00,3.47,5.37,8.02,3.46,3.1,4.2,8.19
2007-04-05 01:00:00,3.29,8.01,7.22,3.73,3.83,3.79,8.25
2007-04-05 02:00:00,2.23,12.52,9.41,3.56,4.78,4.48,5.39
2007-04-05 03:00:00,2.0,12.95,10.2,3.7,5.53,7.79,6.34
2007-04-05 04:00:00,1.83,11.93,10.23,4.89,4.96,8.22,5.4
2007-04-05 05:00:00,0.77,5.5600000000000005,8.99,4.45,2.94,7.77,0.9
2007-04-05 06:00:00,0.34,8.76,8.03,2.09,3.25,6.8100000000000005,1.08
2007-04-05 07:00:00,0.71,8.23,6.37,2.25,3.21,6.15,1.76
2007-04-05 08:00:00,0.74,8.290000000000001,5.07,2.37,3.67,5.09,1.82
2007-04-05 09:00:00,0.63,7.53,3.21,1.92,3.5500000000000003,3.3200000000000003,2.58
2007-04-05 10:00:00,0.68,4.98,3.77,1.25,3.36,1.71,2.91
2007-04-05 11:00:00,0.73,2.05,3.26,1.86,3.08,1.76,1.73
2007-04-05 12:00:00,0.3,2.29,3.42,1.9,3.24,1.37,0.37
2007-04-05 13:00:00,0.27,2.91,2.83,4.1,2.87,0.36,1.23
2007-04-05 14:00:00,1.03,1.64,1.71,4.72,3.18,1.09,1.91
2007-04-05 15:00:00,1.31,1.11,0.37,5.32,3.17,0.7000000000000001,1.91
2007-04-05 16:00:00,2.22,2.29,0.29,6.24,2.01,1.22,0.58
2007-04-05 17:00:00,2.66,0.59,0.41,6.22,2.57,3.5700000000000003,2.56
2007-04-05 18:00:00,3.5500000000000003,1.8,0.38,5.69,2.78,4.58,4.38
2007-04-05 19:00:00,5.08,1.67,0.11,5.98,3.48,6.01,2.61
2007-04-05 20:00:00,4.98,0.38,0.38,7.22,3.5500000000000003,7.45,2.42
2007-04-05 21:00:00,4.41,5.13,0.64,7.28,3.42,7.930000000000001,2.95
2007-04-05 22:00:00,2.69,5.42,4.41,6.94,3.78,7.83,3.39
2007-04-05 23:00:00,7.79,4.96,9.32,6.86,3.64,2.88,7.13
2007-04-06 00:00:00,4.43,3.54,9.45,6.53,4.11,7.07,7.87
2007-04-06 01:00:00,5.18,11.27,9.63,5.57,4.57,6.55,8.97
2007-04-06 02:00:00,7.59,11.94,7.69,6.91,5.8,3.0500000000000003,6.93
2007-04-06 03:00:00,6.5,13.05,10.23,5.37,5.95,5.51,1.62
2007-04-06 04:00:00,9.56,3.15,10.19,3.79,3.71,3.56,7.16
2007-04-06 05:00:00,9.19,5.0200000000000005,8.75,2.38,3.69,5.55,7.43
2007-04-06 06:00:00,8.55,7.23,10.75,3.84,3.62,7.49,6.62
2007-04-06 07:00:00,8.82,3.46,9.81,1.67,2.36,6.71,3.41
2007-04-06 08:00:00,8.66,2.88,8.63,0.27,2.1,7.1000000000000005,2.06
2007-04-06 09:00:00,8.8,3.0700000000000003,5.1000000000000005,2.81,1.57,6.58,1.64
2007-04-06 10:00:00,8.19,3.72,2.94,4.62,1.95,5.91,1.15
2007-04-06 11:00:00,7.31,3.3000000000000003,4.43,7.2,0.97,5.44,0.71
2007-04-06 12:00:00,4.8500000000000005,3.92,3.48,8.01,0.49,4.48,0.92
2007-04-06 13:00:00,3.29,4.61,2.89,8.82,0.93,4.7,0.8200000000000001
2007-04-06 14:00:00,2.62,4.88,3.01,9.57,1.12,5.0200000000000005,1.28
2007-04-06 15:00:00,2.12,0.75,3.79,8.91,3.81,5.01,0.81
2007-04-06 16:00:00,2.22,0.85,2.01,8.620000000000001,3.08,6.0600000000000005,2.26
2007-04-06 17:00:00,2.51,0.86,1.61,7.37,3.74,5.99,1.27
2007-04-06 18:00:00,2.51,2.09,1.64,7.12,3.7,5.71,2.06
2007-04-06 19:00:00,3.63,2.3000000000000003,2.68,6.66,4.78,4.93,2.45
2007-04-06 20:00:00,2.74,2.12,4.26,6.73,5.3,4.64,1.83
2007-04-06 21:00:00,2.57,3.33,7.390000000000001,6.86,5.23,4.97,2.06
2007-04-06 22:00:00,3.54,18.35,9.67,7.82,5.68,6.5200000000000005,8.67
2007-04-06 23:00:00,6.32,13.55,10.89,7.65,5.18,7.25,6.24
2007-04-07 00:00:00,5.17,7.57,5.48,15.51,5.78,16.1,2.69
2007-04-07 01:00:00,8.33,13.64,5.89,10.45,6.5,10.79,8.68
2007-04-07 02:00:00,10.76,5.3500000000000005,6.34,6.36,8.57,7.25,6.73
2007-04-07 03:00:00,11.75,15.62,10.65,11.04,9.49,7.03,3.04
2007-04-07 04:00:00,10.91,17.29,8.96,10.24,9.58,4.51,4.79
2007-04-07 05:00:00,12.1,18.8,8.120000000000001,10.05,9.46,9.73,6.41
2007-04-07 06:00:00,11.17,20.91,9.79,8.0,8.76,9.13,3.15
2007-04-07 07:00:00,10.84,20.21,11.56,6.41,8.540000000000001,6.95,1.73
2007-04-07 08:00:00,11.96,21.35,11.85,7.16,8.72,6.93,2.93
2007-04-07 09:00:00,10.79,21.6,11.59,5.68,7.81,7.51,4.18
2007-04-07 10:00:00,9.67,20.37,10.1,6.1000000000000005,7.16,5.88,3.25
2007-04-07 11:00:00,8.08,17.09,7.47,4.96,5.66,6.0200000000000005,3.51
2007-04-07 12:00:00,8.01,16.64,7.930000000000001,3.56,5.68,5.51,6.01
2007-04-07 13:00:00,7.8,15.6,7.92,3.43,4.17,5.15,4.23
2007-04-07 14:00:00,6.890000000000001,15.76,8.78,3.34,2.28,5.74,3.82
2007-04-07 15:00:00,4.83,15.84,6.07,2.08,3.74,6.0600000000000005,2.81
2007-04-07 16:00:00,3.86,15.68,6.37,1.37,4.42,6.5200000000000005,3.38
2007-04-07 17:00:00,1.95,15.64,6.63,2.14,5.6000000000000005,8.120000000000001,2.19
2007-04-07 18:00:00,3.01,14.77,7.44,3.2,6.49,8.41,1.76
2007-04-07 19:00:00,3.17,16.31,9.03,4.84,7.49,8.99,1.81
2007-04-07 20:00:00,2.87,17.81,11.23,6.62,8.120000000000001,9.2,5.92
2007-04-07 21:00:00,3.35,19.01,12.51,8.43,8.11,9.77,12.53
2007-04-07 22:00:00,5.98,19.93,13.3,9.01,8.55,9.86,13.44
2007-04-07 23:00:00,10.92,21.17,13.02,10.71,9.05,9.56,13.51
2007-04-08 00:00:00,11.38,22.38,13.27,10.24,9.68,10.57,5.73
2007-04-08 01:00:00,12.62,24.72,12.37,9.07,10.35,10.46,8.38
2007-04-08 02:00:00,13.74,26.22,13.26,6.3500000000000005,10.34,11.33,10.13
2007-04-08 03:00:00,14.0,26.39,12.89,5.39,11.73,9.78,10.02
2007-04-08 04:00:00,13.58,26.13,12.59,4.95,11.34,10.34,11.7
2007-04-08 05:00:00,13.64,25.28,13.71,3.0700000000000003,9.8,10.75,12.79
2007-04-08 06:00:00,14.02,24.59,14.95,4.16,9.48,11.01,12.13
2007-04-08 07:00:00,14.03,25.0,15.35,4.9,12.15,13.16,12.83
2007-04-08 08:00:00,13.68,25.66,14.69,5.04,13.18,12.64,11.41
2007-04-08 09:00:00,13.28,25.36,12.71,5.23,13.46,12.56,10.4
2007-04-08 10:00:00,13.46,24.31,14.19,5.71,13.04,11.39,11.07
2007-04-08 11:00:00,13.35,21.74,14.12,6.71,12.46,10.03,10.26
2007-04-08 12:00:00,12.91,21.59,13.32,4.47,10.71,9.59,9.53
2007-04-08 13:00:00,12.56,17.64,10.29,4.37,9.79,9.88,8.59
2007-04-08 14:00:00,13.43,5.07,10.54,4.2700000000000005,8.75,10.22,7.0600000000000005
2007-04-08 15:00:00,10.93,13.87,9.77,2.8000000000000003,8.58,8.71,4.29
2007-04-08 16:00:00,4.29,13.75,10.09,2.59,8.870000000000001,9.63,1.49
2007-04-08 17:00:00,4.03,11.77,10.52,2.41,9.34,10.13,1.49
2007-04-08 18:00:00,4.3100000000000005,11.37,11.74,2.53,10.29,9.28,2.29
2007-04-08 19:00:00,4.12,11.94,13.1,3.33,10.17,9.61,1.48
2007-04-08 20:00:00,1.11,12.78,14.86,4.66,9.65,9.99,6.93
2007-04-08 21:00:00,7.76,15.72,13.49,5.46,9.71,9.87,9.89
2007-04-08 22:00:00,11.15,20.54,14.14,6.8500000000000005,9.12,10.09,11.65
2007-04-08 23:00:00,12.7,24.34,15.03,8.01,9.34,11.49,14.54
2007-04-09 00:00:00,13.22,26.05,13.61,7.66,9.25,11.63,14.37
2007-04-09 01:00:00,13.47,28.12,12.2,10.52,9.03,10.13,14.48
2007-04-09 02:00:00,13.73,25.26,9.01,8.33,8.16,10.36,15.09
2007-04-09 03:00:00,13.35,10.93,7.930000000000001,3.86,8.040000000000001,10.97,13.97
2007-04-09 04:00:00,14.2,10.01,6.8,4.18,8.44,12.25,14.3
2007-04-09 05:00:00,13.82,23.2,7.52,6.2,7.34,11.42,17.36
2007-04-09 06:00:00,12.79,23.17,7.13,2.73,9.87,11.7,15.46
2007-04-09 07:00:00,12.4,23.03,9.43,3.01,8.94,13.47,13.75
2007-04-09 08:00:00,12.26,23.38,10.81,3.45,9.01,12.06,17.07
2007-04-09 09:00:00,12.01,23.01,12.92,1.76,8.94,11.18,14.59
2007-04-09 10:00:00,11.53,23.96,15.72,1.44,8.4,9.43,6.49
2007-04-09 11:00:00,11.29,25.43,15.28,2.19,6.68,9.21,9.06
2007-04-09 12:00:00,10.81,25.45,14.15,2.01,5.64,8.43,8.49
2007-04-09 13:00:00,11.69,18.97,12.16,1.64,4.66,6.46,7.35
2007-04-09 14:00:00,11.27,20.25,10.78,2.33,4.3,7.79,6.96
2007-04-09 15:00:00,9.49,13.39,10.3,2.11,4.29,6.76,6.2
2007-04-09 16:00:00,8.09,13.91,9.37,1.95,4.66,9.32,1.15
2007-04-09 17:00:00,5.0,19.25,10.47,4.23,4.15,10.07,2.28
2007-04-09 18:00:00,2.67,20.62,11.68,6.49,4.63,11.63,1.73
2007-04-09 19:00:00,2.74,21.23,13.41,9.78,5.11,13.19,1.76
2007-04-09 20:00:00,3.73,22.06,13.88,10.54,5.61,13.87,4.7700000000000005
2007-04-09 21:00:00,4.55,23.0,13.27,11.47,5.84,13.71,6.87
2007-04-09 22:00:00,7.88,24.75,13.22,11.95,6.41,13.81,8.32
2007-04-09 23:00:00,11.04,25.75,12.85,12.63,6.0200000000000005,13.14,9.57
2007-04-10 00:00:00,12.82,26.35,12.84,11.9,5.87,12.37,6.16
2007-04-10 01:00:00,14.28,26.34,14.49,10.73,8.34,12.52,6.07
2007-04-10 02:00:00,14.37,24.82,14.73,7.5,8.48,11.4,6.2
2007-04-10 03:00:00,13.2,25.5,14.4,5.48,8.92,12.25,7.78
2007-04-10 04:00:00,12.08,24.53,14.73,3.65,8.5,12.67,10.79
2007-04-10 05:00:00,11.95,22.93,17.330000000000002,2.67,10.81,12.64,14.06
2007-04-10 06:00:00,12.9,22.1,16.7,4.5600000000000005,11.41,12.35,13.33
2007-04-10 07:00:00,13.84,21.0,15.94,8.15,11.91,10.68,12.39
2007-04-10 08:00:00,14.25,20.3,14.55,8.290000000000001,11.26,10.23,10.3
2007-04-10 09:00:00,16.36,19.39,12.15,7.2,10.23,10.3,6.48
2007-04-10 10:00:00,12.78,19.28,11.76,6.7,10.05,8.620000000000001,6.44
2007-04-10 11:00:00,11.25,19.1,11.58,4.99,14.07,8.39,6.5600000000000005
2007-04-10 12:00:00,10.18,18.09,11.85,1.5,11.83,8.55,4.94
2007-04-10 13:00:00,8.83,17.57,9.9,1.0,11.28,7.88,8.23
2007-04-10 14:00:00,6.93,16.580000000000002,6.79,1.41,11.12,7.24,6.63
2007-04-10 15:00:00,5.23,14.32,3.14,2.14,9.2,7.01,2.95
2007-04-10 16:00:00,4.16,12.76,4.08,1.91,7.04,8.2,5.74
2007-04-10 17:00:00,2.54,11.92,4.33,2.58,6.19,7.75,9.76
2007-04-10 18:00:00,3.58,11.6,5.44,2.62,6.11,8.38,10.97
2007-04-10 19:00:00,4.08,11.76,6.23,3.02,5.73,8.32,10.31
2007-04-10 20:00:00,4.05,12.97,7.0200000000000005,2.75,5.63,7.22,8.01
2007-04-10 21:00:00,4.97,12.96,8.4,2.35,6.95,7.86,5.0200000000000005
2007-04-10 22:00:00,3.96,13.04,9.61,2.62,7.01,10.07,4.48
2007-04-10 23:00:00,3.31,11.99,9.39,3.43,7.53,12.15,5.46
2007-04-11 00:00:00,8.63,7.8,10.55,3.46,6.12,11.96,7.79
2007-04-11 01:00:00,9.24,6.24,11.96,8.07,6.97,11.08,8.74
2007-04-11 02:00:00,12.27,7.36,11.98,2.39,5.92,12.13,8.49
2007-04-11 03:00:00,12.54,7.27,9.76,1.03,3.51,15.72,6.5
2007-04-11 04:00:00,12.8,9.54,8.56,1.67,4.37,15.84,8.27
2007-04-11 05:00:00,13.29,18.1,11.23,4.33,6.05,14.79,9.41
2007-04-11 06:00:00,13.99,19.39,11.22,3.19,7.86,14.84,9.92
2007-04-11 07:00:00,15.01,19.11,10.97,2.45,8.790000000000001,14.0,7.56
2007-04-11 08:00:00,15.9,19.09,5.66,3.2,9.8,11.5,4.54
2007-04-11 09:00:00,16.19,18.95,4.2,2.87,9.65,9.98,4.39
2007-04-11 10:00:00,16.19,18.36,3.66,3.24,8.43,8.96,4.05
2007-04-11 11:00:00,15.85,18.04,3.42,3.11,5.6000000000000005,6.97,4.44
2007-04-11 12:00:00,15.1,17.31,3.91,3.43,4.38,8.040000000000001,5.23
2007-04-11 13:00:00,14.33,17.03,4.11,2.39,3.89,9.18,6.93
2007-04-11 14:00:00,12.92,15.88,5.64,0.74,4.03,7.890000000000001,8.41
2007-04-11 15:00:00,11.43,14.12,4.3100000000000005,2.41,2.59,7.04,5.48
2007-04-11 16:00:00,10.73,11.09,7.03,3.09,2.86,9.57,8.26
2007-04-11 17:00:00,10.42,6.53,9.98,7.53,2.45,10.2,9.38
2007-04-11 18:00:00,11.22,5.15,11.37,10.0,3.22,10.67,10.94
2007-04-11 19:00:00,11.2,6.69,10.79,14.88,5.33,10.11,11.18
2007-04-11 20:00:00,11.61,6.9,11.94,14.88,6.96,11.11,11.32
2007-04-11 21:00:00,15.98,4.86,12.49,16.68,8.89,11.18,11.46
2007-04-11 22:00:00,22.9,4.83,12.91,19.18,10.72,13.47,12.67
2007-04-11 23:00:00,26.89,10.45,13.79,19.37,11.2,15.24,12.22
2007-04-12 00:00:00,27.34,11.42,14.73,16.93,12.37,16.080000000000002,9.54
2007-04-12 01:00:00,29.25,5.5200000000000005,11.78,18.08,14.52,12.85,14.03
2007-04-12 02:00:00,30.43,6.09,11.06,20.05,16.44,15.16,6.17
2007-04-12 03:00:00,30.05,11.06,9.38,17.490000000000002,16.52,14.5,3.93
2007-04-12 04:00:00,28.67,6.68,6.23,12.89,15.16,16.73,6.86
2007-04-12 05:00:00,27.33,11.45,10.53,12.15,12.59,16.89,5.36
2007-04-12 06:00:00,27.56,7.9,11.85,12.74,15.72,13.77,7.15
2007-04-12 07:00:00,26.36,11.1,11.0,11.46,11.9,11.28,5.3
2007-04-12 08:00:00,23.37,13.3,15.4,11.0,13.99,13.77,8.15
2007-04-12 09:00:00,22.74,7.9,11.69,11.1,15.36,15.72,8.33
2007-04-12 10:00:00,23.75,6.37,10.24,10.66,9.29,13.0,6.07
2007-04-12 11:00:00,23.53,6.83,8.15,7.24,14.08,12.59,10.1
2007-04-12 12:00:00,20.69,13.96,9.35,4.36,12.84,11.67,9.2
2007-04-12 13:00:00,20.48,15.0,10.93,2.69,12.72,11.3,10.07
2007-04-12 14:00:00,20.63,21.63,10.09,4.8100000000000005,8.45,11.64,8.89
2007-04-12 15:00:00,21.71,23.72,11.04,10.21,8.120000000000001,12.98,9.59
2007-04-12 16:00:00,24.89,22.57,12.55,18.09,9.6,13.71,11.03
2007-04-12 17:00:00,27.76,21.0,11.34,17.55,12.38,14.16,11.69
2007-04-12 18:00:00,28.78,23.87,14.07,9.05,9.52,14.97,13.1
2007-04-12 19:00:00,27.4,22.86,17.080000000000002,14.91,8.9,15.42,18.93
2007-04-12 20:00:00,27.9,20.81,17.39,10.45,7.48,13.68,22.16
2007-04-12 21:00:00,24.9,17.96,15.01,13.79,8.85,12.12,20.59
2007-04-12 22:00:00,21.75,14.24,12.91,12.21,10.97,10.54,17.39
2007-04-12 23:00:00,18.34,15.46,13.44,17.3,6.4,10.1,15.87
2007-04-13 00:00:00,14.82,16.91,13.39,18.82,11.44,11.45,12.67
2007-04-13 01:00:00,15.26,18.21,12.73,17.45,11.37,12.18,12.83
2007-04-13 02:00:00,14.32,18.45,13.14,17.61,9.94,10.46,15.45
2007-04-13 03:00:00,16.240000000000002,16.66,14.21,17.18,14.8,8.68,17.11
2007-04-13 04:00:00,16.56,15.51,5.63,18.11,15.8,9.05,15.67
2007-04-13 05:00:00,16.18,15.23,9.71,19.04,11.4,9.09,14.16
2007-04-13 06:00:00,16.79,13.04,4.14,19.28,11.97,9.25,13.43
2007-04-13 07:00:00,16.240000000000002,10.17,1.06,21.09,12.87,8.66,13.36
2007-04-13 08:00:00,15.49,4.25,1.34,21.31,12.16,8.620000000000001,12.43
2007-04-13 09:00:00,14.76,4.18,1.48,21.06,14.17,7.35,12.02
2007-04-13 10:00:00,14.2,3.0,3.77,19.0,16.31,8.28,11.81
2007-04-13 11:00:00,11.45,3.0500000000000003,4.07,16.8,15.42,5.73,10.78
2007-04-13 12:00:00,9.48,1.98,2.88,15.55,14.65,3.83,10.63
2007-04-13 13:00:00,7.04,1.19,2.83,15.15,12.78,7.76,10.56
2007-04-13 14:00:00,8.96,1.75,5.22,15.21,11.07,10.06,8.51
2007-04-13 15:00:00,7.74,3.34,4.54,13.91,10.73,7.97,7.27
2007-04-13 16:00:00,9.8,3.3200000000000003,5.12,12.56,9.96,8.28,9.5
2007-04-13 17:00:00,9.42,8.06,5.58,14.26,9.35,7.41,8.96
2007-04-13 18:00:00,9.35,5.73,6.24,12.26,9.83,6.24,8.3
2007-04-13 19:00:00,9.46,4.53,5.76,11.81,8.950000000000001,6.07,5.91
2007-04-13 20:00:00,7.07,4.04,4.93,10.49,8.5,5.39,4.09
2007-04-13 21:00:00,5.48,2.61,3.28,8.5,9.36,4.54,2.64
2007-04-13 22:00:00,5.12,2.66,2.37,7.07,9.54,3.74,1.92
2007-04-13 23:00:00,4.16,1.56,1.13,5.76,9.28,2.81,1.71
2007-04-14 00:00:00,4.82,1.08,0.41,4.42,9.74,1.7,1.96
2007-04-14 01:00:00,4.01,6.8,1.24,3.04,9.93,1.31,3.09
2007-04-14 02:00:00,2.31,11.5,4.83,1.92,10.89,1.47,3.13
2007-04-14 03:00:00,3.27,12.16,8.17,0.8,10.56,0.39,2.11
2007-04-14 04:00:00,3.89,10.73,8.06,1.29,10.97,0.92,0.38
2007-04-14 05:00:00,3.83,10.17,6.71,2.19,11.5,2.0,3.13
2007-04-14 06:00:00,4.0600000000000005,8.94,6.09,2.76,10.73,1.49,1.14
2007-04-14 07:00:00,1.54,4.0200000000000005,3.6,2.43,8.39,4.03,0.44
2007-04-14 08:00:00,1.57,3.63,1.56,2.38,6.21,4.1,1.59
2007-04-14 09:00:00,2.35,2.05,1.01,2.57,6.34,3.49,0.76
2007-04-14 10:00:00,2.82,2.12,0.47,2.49,4.79,3.09,2.16
2007-04-14 11:00:00,3.24,1.18,1.33,2.95,3.34,2.41,4.08
2007-04-14 12:00:00,4.11,0.96,0.91,3.63,3.31,1.37,3.83
2007-04-14 13:00:00,4.49,0.45,0.9,3.34,3.43,1.46,4.24
2007-04-14 14:00:00,4.43,1.11,2.41,4.24,3.64,1.72,4.13
2007-04-14 15:00:00,5.25,0.98,2.29,5.75,4.0200000000000005,0.22,6.0200000000000005
2007-04-14 16:00:00,5.68,0.86,7.43,4.64,3.65,1.91,6.98
2007-04-14 17:00:00,7.1000000000000005,9.18,7.97,7.16,4.5,3.54,8.120000000000001
2007-04-14 18:00:00,8.68,10.28,8.950000000000001,8.290000000000001,5.32,11.55,10.53
2007-04-14 19:00:00,9.7,10.5,11.1,8.22,5.69,13.41,9.61
2007-04-14 20:00:00,10.93,11.28,14.42,9.79,6.78,15.08,10.43
2007-04-14 21:00:00,13.98,10.98,13.46,11.5,7.23,13.8,10.86
2007-04-14 22:00:00,15.86,9.72,13.06,11.93,7.88,14.3,11.65
2007-04-14 23:00:00,16.240000000000002,8.55,12.43,14.27,7.77,12.65,11.63
2007-04-15 00:00:00,15.7,12.38,11.29,15.06,7.53,9.97,9.61
2007-04-15 01:00:00,15.49,11.89,10.2,15.15,9.59,9.19,10.01
2007-04-15 02:00:00,17.17,13.64,7.69,14.51,10.03,7.18,8.68
2007-04-15 03:00:00,20.7,16.43,8.91,13.06,9.97,6.34,7.21
2007-04-15 04:00:00,20.91,18.26,9.48,13.64,11.02,7.25,7.78
2007-04-15 05:00:00,22.44,16.580000000000002,9.78,12.35,9.92,8.25,8.040000000000001
2007-04-15 06:00:00,22.99,16.77,10.08,12.57,8.950000000000001,9.25,7.65
2007-04-15 07:00:00,22.75,16.39,12.1,12.47,10.04,8.5,9.12
2007-04-15 08:00:00,23.51,18.66,12.95,11.48,10.14,10.35,7.23
2007-04-15 09:00:00,23.27,19.65,13.68,8.4,10.75,8.8,9.78
2007-04-15 10:00:00,23.55,21.34,10.3,8.02,12.42,10.32,8.52
2007-04-15 11:00:00,23.13,21.12,11.69,8.06,11.69,11.47,2.08
2007-04-15 12:00:00,23.08,21.05,9.89,5.99,11.78,9.08,6.26
2007-04-15 13:00:00,24.59,22.07,9.47,4.89,10.23,10.32,5.68
2007-04-15 14:00:00,25.49,15.05,8.35,11.72,9.56,9.75,8.73
2007-04-15 15:00:00,24.17,16.12,7.49,11.0,7.46,9.83,2.02
2007-04-15 16:00:00,23.86,15.19,6.4,9.75,7.18,9.96,4.67
2007-04-15 17:00:00,23.15,13.25,6.76,7.45,6.37,9.94,6.08
2007-04-15 18:00:00,20.36,12.92,6.62,5.44,6.0,12.68,13.56
2007-04-15 19:00:00,18.65,12.41,4.64,6.43,7.98,10.02,12.68
2007-04-15 20:00:00,17.42,11.88,6.8100000000000005,8.69,9.26,9.97,12.52
2007-04-15 21:00:00,18.11,11.97,6.2700000000000005,5.55,10.61,10.24,12.81
2007-04-15 22:00:00,19.02,12.25,6.99,2.88,10.82,7.640000000000001,12.69
2007-04-15 23:00:00,18.79,9.77,11.19,7.75,9.56,4.43,17.63
2007-04-16 00:00:00,16.91,8.370000000000001,9.45,11.86,10.7,5.83,11.92
2007-04-16 01:00:00,17.080000000000002,14.86,6.23,11.54,8.49,11.18,12.5
2007-04-16 02:00:00,15.84,14.87,6.41,10.42,9.22,11.35,10.46
2007-04-16 03:00:00,16.38,14.81,5.38,9.18,10.0,9.2,4.09
2007-04-16 04:00:00,15.78,13.55,6.74,8.120000000000001,10.21,8.07,7.91
2007-04-16 05:00:00,14.6,11.18,8.81,9.91,9.45,8.28,11.3
2007-04-16 06:00:00,14.19,8.870000000000001,7.1000000000000005,7.41,8.370000000000001,8.06,12.41
2007-04-16 07:00:00,14.1,10.74,5.53,9.58,6.5200000000000005,9.36,10.79
2007-04-16 08:00:00,12.22,7.21,2.2,12.33,8.39,7.29,1.89
2007-04-16 09:00:00,9.21,8.11,4.79,10.55,6.8,6.99,2.22
2007-04-16 10:00:00,8.8,8.15,4.32,14.57,7.83,4.61,2.06
2007-04-16 11:00:00,9.15,8.31,4.54,13.1,7.2,4.11,1.19
2007-04-16 12:00:00,10.2,7.84,5.63,14.8,6.8,4.01,0.63
2007-04-16 13:00:00,8.88,4.78,3.92,16.77,6.55,3.26,1.75
2007-04-16 14:00:00,8.01,4.97,3.26,14.97,5.9,2.22,2.39
2007-04-16 15:00:00,6.94,1.57,0.96,11.74,4.48,3.22,0.76
2007-04-16 16:00:00,6.47,4.86,0.4,12.41,4.05,3.5,1.32
2007-04-16 17:00:00,6.94,9.7,4.14,12.78,3.95,3.02,1.05
2007-04-16 18:00:00,7.140000000000001,8.47,3.81,11.48,3.31,4.86,0.72
2007-04-16 19:00:00,5.93,9.8,5.13,11.75,3.54,5.32,2.76
2007-04-16 20:00:00,6.2,9.01,6.68,9.96,4.03,7.53,2.2
2007-04-16 21:00:00,7.96,8.02,6.83,8.94,3.27,7.54,2.97
2007-04-16 22:00:00,6.62,7.45,5.64,7.36,4.23,7.36,4.84
2007-04-16 23:00:00,6.2,6.46,4.84,7.35,4.22,5.74,5.21
2007-04-17 00:00:00,5.0200000000000005,5.8500000000000005,3.35,5.8500000000000005,5.68,4.05,2.08
2007-04-17 01:00:00,6.46,10.97,10.46,3.97,5.72,2.7,7.86
2007-04-17 02:00:00,6.59,14.68,9.77,2.12,6.65,2.88,6.08
2007-04-17 03:00:00,7.22,15.2,9.13,1.2,7.640000000000001,2.14,2.52
2007-04-17 04:00:00,6.16,15.41,10.2,2.38,6.62,7.21,1.88
2007-04-17 05:00:00,2.78,15.78,10.51,4.82,5.95,6.16,0.45
2007-04-17 06:00:00,4.08,14.4,10.14,3.53,8.290000000000001,6.88,1.46
2007-04-17 07:00:00,4.21,11.04,8.71,5.07,8.24,7.48,5.07
2007-04-17 08:00:00,5.03,5.4,9.42,4.2,8.08,7.38,5.01
2007-04-17 09:00:00,4.97,1.87,8.620000000000001,3.44,8.24,6.58,4.29
2007-04-17 10:00:00,6.05,2.77,8.25,3.34,8.67,7.23,3.39
2007-04-17 11:00:00,6.23,2.98,8.34,4.83,8.97,8.2,3.77
2007-04-17 12:00:00,6.45,2.91,7.83,5.0600000000000005,9.52,8.51,2.51
2007-04-17 13:00:00,7.09,3.73,6.6000000000000005,3.42,9.71,8.18,1.82
2007-04-17 14:00:00,5.15,4.98,4.48,3.5,7.74,7.51,0.96
2007-04-17 15:00:00,3.14,4.51,7.49,3.98,5.7700000000000005,9.0,1.62
2007-04-17 16:00:00,2.15,1.47,8.53,3.43,3.85,10.03,2.37
2007-04-17 17:00:00,2.04,11.32,9.07,5.57,2.8000000000000003,9.88,3.92
2007-04-17 18:00:00,3.85,13.96,10.47,8.77,3.44,9.97,9.72
2007-04-17 19:00:00,1.69,14.8,10.2,9.73,2.66,8.94,12.04
2007-04-17 20:00:00,3.03,12.26,10.36,9.78,5.0600000000000005,9.25,11.07
2007-04-17 21:00:00,3.39,8.18,10.34,11.19,5.76,10.48,9.71
2007-04-17 22:00:00,9.77,6.17,10.5,13.33,6.58,10.17,9.06
2007-04-17 23:00:00,12.03,5.94,11.34,12.65,7.390000000000001,11.68,8.86
2007-04-18 00:00:00,12.02,4.8,12.88,14.29,8.540000000000001,12.3,8.66
2007-04-18 01:00:00,13.32,2.75,12.55,15.05,9.25,12.59,8.93
2007-04-18 02:00:00,14.14,6.83,12.77,15.04,9.0,12.47,9.65
2007-04-18 03:00:00,15.19,5.55,12.01,14.76,10.51,12.39,9.9
2007-04-18 04:00:00,15.7,5.95,11.49,13.5,11.37,13.08,11.44
2007-04-18 05:00:00,16.05,4.29,13.6,11.41,12.68,11.46,12.7
2007-04-18 06:00:00,16.75,0.91,13.85,13.27,13.62,11.43,6.41
2007-04-18 07:00:00,17.02,1.18,13.21,12.05,12.88,16.25,1.79
2007-04-18 08:00:00,17.25,6.61,13.58,9.5,14.27,16.69,10.03
2007-04-18 09:00:00,17.71,4.95,14.55,8.88,13.53,14.21,12.94
2007-04-18 10:00:00,18.13,0.65,14.9,11.07,16.54,15.04,12.76
2007-04-18 11:00:00,18.25,8.97,15.0,11.97,15.98,14.65,12.46
2007-04-18 12:00:00,18.15,7.56,14.46,11.94,14.23,12.22,11.39
2007-04-18 13:00:00,18.62,12.94,14.52,10.17,13.1,9.67,9.18
2007-04-18 14:00:00,17.72,14.1,9.41,12.95,10.49,9.71,5.89
2007-04-18 15:00:00,15.2,14.44,4.97,11.49,6.22,11.33,6.48
2007-04-18 16:00:00,13.21,13.25,5.59,13.56,5.1000000000000005,12.06,3.5
2007-04-18 17:00:00,13.32,10.7,5.33,11.91,6.36,13.19,10.29
2007-04-18 18:00:00,14.05,10.81,8.67,12.22,6.22,12.89,10.12
2007-04-18 19:00:00,14.14,10.43,10.92,7.88,7.140000000000001,14.19,8.96
2007-04-18 20:00:00,14.13,12.38,10.47,8.1,8.36,13.46,9.65
2007-04-18 21:00:00,15.21,14.4,10.84,7.56,9.13,12.49,10.69
2007-04-18 22:00:00,15.99,15.64,11.9,7.73,10.16,12.13,12.57
2007-04-18 23:00:00,13.14,15.78,10.89,6.17,10.19,10.55,14.33
2007-04-19 00:00:00,6.36,16.45,11.22,5.74,10.95,9.75,16.23
2007-04-19 01:00:00,5.8500000000000005,16.66,11.01,8.15,10.68,9.54,17.25
2007-04-19 02:00:00,8.38,18.85,8.41,8.86,10.74,9.52,18.75
2007-04-19 03:00:00,6.55,17.18,7.51,10.23,11.64,6.3500000000000005,17.97
2007-04-19 04:00:00,2.84,15.5,3.3200000000000003,10.55,13.21,6.04,16.79
2007-04-19 05:00:00,1.68,15.23,2.2,8.370000000000001,13.45,6.03,15.68
2007-04-19 06:00:00,3.6,13.42,2.95,8.31,14.42,4.34,14.66
2007-04-19 07:00:00,2.84,11.52,3.23,7.62,14.11,3.72,12.82
2007-04-19 08:00:00,4.98,10.27,2.45,8.83,12.63,2.32,4.3
2007-04-19 09:00:00,4.67,8.5,2.01,10.95,11.8,1.45,5.67
2007-04-19 10:00:00,3.3000000000000003,4.82,1.15,11.66,10.45,0.77,5.24
2007-04-19 11:00:00,3.62,3.3200000000000003,1.81,9.7,9.31,0.37,3.15
2007-04-19 12:00:00,3.43,2.05,1.4,8.8,9.38,0.33,4.6000000000000005
2007-04-19 13:00:00,3.17,0.6900000000000001,1.71,7.41,9.52,0.65,4.5600000000000005
2007-04-19 14:00:00,4.05,0.6,2.02,6.28,9.02,0.63,2.5500000000000003
2007-04-19 15:00:00,5.46,0.58,1.17,4.69,7.94,0.68,1.32
2007-04-19 16:00:00,4.43,0.47,0.84,3.47,7.31,2.14,1.59
2007-04-19 17:00:00,4.07,1.32,0.96,0.91,6.43,3.76,1.37
2007-04-19 18:00:00,3.68,2.35,1.07,2.44,5.34,3.02,1.71
2007-04-19 19:00:00,3.08,3.52,0.28,2.67,3.45,1.32,2.5500000000000003
2007-04-19 20:00:00,2.98,4.41,1.39,4.34,2.84,1.59,2.69
2007-04-19 21:00:00,3.04,4.58,1.37,5.63,2.82,2.74,3.45
2007-04-19 22:00:00,3.63,7.91,7.84,6.5,2.17,6.7,3.85
2007-04-19 23:00:00,4.54,10.48,11.31,7.25,2.9,9.52,7.38
2007-04-20 00:00:00,7.23,12.52,10.64,8.36,3.41,11.19,8.93
2007-04-20 01:00:00,9.57,13.7,10.33,7.9,3.66,12.63,9.33
2007-04-20 02:00:00,12.52,13.52,11.26,8.26,4.92,13.65,9.3
2007-04-20 03:00:00,13.72,12.49,10.17,9.63,4.97,13.19,8.13
2007-04-20 04:00:00,14.79,10.53,8.35,10.05,5.97,10.46,8.1
2007-04-20 05:00:00,14.41,7.95,6.98,8.31,6.36,5.48,7.94
2007-04-20 06:00:00,14.31,4.01,4.97,8.15,6.29,5.48,8.01
2007-04-20 07:00:00,14.04,7.58,9.89,8.47,7.12,4.64,7.33
2007-04-20 08:00:00,13.94,8.73,9.11,9.2,7.73,7.38,7.87
2007-04-20 09:00:00,14.47,9.42,10.36,8.55,7.65,6.0200000000000005,7.26
2007-04-20 10:00:00,15.05,9.49,7.47,8.28,9.03,3.85,5.72
2007-04-20 11:00:00,15.55,9.94,5.68,8.51,7.94,6.140000000000001,7.05
2007-04-20 12:00:00,14.77,10.27,4.8500000000000005,8.06,7.36,4.39,7.28
2007-04-20 13:00:00,16.85,11.49,5.04,7.85,7.55,5.63,8.31
2007-04-20 14:00:00,16.04,8.77,4.89,6.48,5.25,6.29,7.69
2007-04-20 15:00:00,16.47,9.19,4.08,7.21,4.05,7.56,7.84
2007-04-20 16:00:00,15.09,9.39,5.94,8.47,3.81,9.27,6.8500000000000005
2007-04-20 17:00:00,16.13,8.83,5.76,8.9,5.24,9.49,7.12
2007-04-20 18:00:00,16.43,8.72,6.26,8.06,7.21,10.19,6.33
2007-04-20 19:00:00,17.81,10.1,4.96,7.68,8.120000000000001,9.18,6.73
2007-04-20 20:00:00,19.94,9.42,11.04,6.71,7.94,8.72,9.06
2007-04-20 21:00:00,21.23,9.03,8.620000000000001,5.91,7.33,9.78,8.85
2007-04-20 22:00:00,21.4,11.08,7.33,5.01,6.58,9.96,5.28
2007-04-20 23:00:00,20.18,7.25,4.93,5.49,5.86,8.05,4.37
2007-04-21 00:00:00,22.15,9.01,4.39,9.5,7.09,9.09,2.73
2007-04-21 01:00:00,21.01,7.4,6.79,9.86,6.58,1.51,3.21
2007-04-21 02:00:00,17.52,5.75,8.15,7.55,5.47,7.91,4.8
2007-04-21 03:00:00,18.71,9.0,6.95,5.49,10.92,7.09,6.49
2007-04-21 04:00:00,19.91,13.44,7.34,4.5,14.02,8.19,5.8500000000000005
2007-04-21 05:00:00,18.73,14.04,7.97,5.49,13.58,7.390000000000001,6.58
2007-04-21 06:00:00,17.04,14.11,8.66,6.41,12.54,7.13,4.63
2007-04-21 07:00:00,15.92,14.08,8.58,5.62,10.7,6.4,4.9
2007-04-21 08:00:00,13.78,13.75,8.790000000000001,5.8100000000000005,10.2,6.640000000000001,3.0500000000000003
2007-04-21 09:00:00,12.17,13.78,7.54,5.61,8.63,7.33,2.69
2007-04-21 10:00:00,10.39,13.31,6.2700000000000005,4.83,6.03,7.42,2.13
2007-04-21 11:00:00,10.54,13.28,7.17,3.93,7.49,7.24,1.97
2007-04-21 12:00:00,10.8,13.46,5.99,3.74,6.5200000000000005,6.55,1.74
2007-04-21 13:00:00,12.09,10.96,5.55,3.81,7.84,6.21,2.65
2007-04-21 14:00:00,9.59,9.81,4.8100000000000005,3.08,4.1,6.22,2.87
2007-04-21 15:00:00,7.16,7.2,1.61,2.32,1.18,5.69,2.43
2007-04-21 16:00:00,5.3,2.07,1.64,2.22,1.94,5.65,1.98
2007-04-21 17:00:00,3.93,2.5500000000000003,3.38,2.71,2.0,5.45,1.46
2007-04-21 18:00:00,3.54,2.25,4.53,3.11,1.89,5.26,1.8
2007-04-21 19:00:00,4.3500000000000005,0.85,6.32,4.91,2.04,4.79,3.1
2007-04-21 20:00:00,2.9,6.390000000000001,8.040000000000001,4.65,2.36,4.58,7.97
2007-04-21 21:00:00,2.27,9.5,9.09,6.13,3.21,6.18,9.07
2007-04-21 22:00:00,1.53,11.88,9.42,7.11,3.8,6.42,10.02
2007-04-21 23:00:00,4.08,12.51,9.97,9.34,5.07,8.15,9.49
2007-04-22 00:00:00,2.65,13.91,10.92,11.42,4.8500000000000005,9.38,8.950000000000001
2007-04-22 01:00:00,3.18,15.7,11.66,11.25,4.82,9.33,8.02
2007-04-22 02:00:00,6.18,17.0,10.8,12.21,4.84,8.65,10.2
2007-04-22 03:00:00,7.47,17.82,11.68,12.07,5.57,9.82,10.46
2007-04-22 04:00:00,8.78,16.990000000000002,11.69,8.65,6.13,9.09,10.07
2007-04-22 05:00:00,5.51,9.29,12.84,6.46,6.3100000000000005,8.52,9.0
2007-04-22 06:00:00,5.76,10.82,11.92,4.68,6.63,8.35,11.63
2007-04-22 07:00:00,6.41,14.06,11.75,4.12,4.63,7.34,11.35
2007-04-22 08:00:00,7.32,10.88,11.71,8.4,3.61,8.53,11.46
2007-04-22 09:00:00,7.85,6.22,11.28,11.49,2.91,8.72,10.17
2007-04-22 10:00:00,7.57,3.61,11.05,11.93,3.5700000000000003,7.9,9.94
2007-04-22 11:00:00,7.5,3.47,9.85,11.74,4.32,8.63,10.8
2007-04-22 12:00:00,8.3,2.5,8.64,8.28,5.05,7.91,9.19
2007-04-22 13:00:00,9.9,2.39,8.47,7.640000000000001,5.07,7.09,6.57
2007-04-22 14:00:00,9.62,2.75,6.8500000000000005,6.32,5.08,6.5600000000000005,5.3
2007-04-22 15:00:00,7.82,9.43,8.370000000000001,4.7700000000000005,5.49,9.38,5.51
2007-04-22 16:00:00,5.93,9.96,11.18,11.94,5.58,10.03,6.43
2007-04-22 17:00:00,5.14,10.53,11.49,13.13,5.08,10.04,7.33
2007-04-22 18:00:00,6.15,9.52,11.32,13.85,5.28,10.13,7.43
2007-04-22 19:00:00,7.7,9.27,11.87,15.2,5.8100000000000005,10.64,10.37
2007-04-22 20:00:00,11.6,11.62,11.79,15.94,6.32,11.66,11.51
2007-04-22 21:00:00,12.56,11.81,14.15,14.81,7.37,14.06,10.51
2007-04-22 22:00:00,13.08,8.620000000000001,14.1,14.81,8.26,16.240000000000002,12.96
2007-04-22 23:00:00,13.36,7.84,15.05,13.39,8.63,17.62,11.69
2007-04-23 00:00:00,14.26,9.91,14.63,13.08,8.8,17.38,10.82
2007-04-23 01:00:00,14.62,5.5600000000000005,14.64,13.06,9.65,17.17,10.0
2007-04-23 02:00:00,15.37,6.03,13.81,13.05,10.18,17.42,8.290000000000001
2007-04-23 03:00:00,14.78,6.94,11.67,12.95,8.88,16.6,10.39
2007-04-23 04:00:00,13.68,6.36,10.54,10.81,13.21,15.16,7.82
2007-04-23 05:00:00,12.15,6.22,9.14,8.99,13.06,12.94,11.78
2007-04-23 06:00:00,10.84,10.4,10.43,9.22,15.12,12.51,9.76
2007-04-23 07:00:00,9.4,13.28,9.99,8.96,16.79,10.83,6.21
2007-04-23 08:00:00,10.49,10.86,10.73,6.21,16.45,12.2,3.89
2007-04-23 09:00:00,16.02,12.24,10.35,6.24,16.39,10.1,1.28
2007-04-23 10:00:00,17.53,17.7,9.28,5.37,13.49,9.74,1.82
2007-04-23 11:00:00,17.69,16.85,9.48,6.5200000000000005,9.42,7.890000000000001,1.84
2007-04-23 12:00:00,17.72,16.79,8.86,8.46,7.76,10.57,2.04
2007-04-23 13:00:00,17.13,17.18,9.26,10.26,7.32,9.5,1.38
2007-04-23 14:00:00,16.16,15.61,5.79,9.01,9.5,6.79,3.35
2007-04-23 15:00:00,16.59,13.52,3.94,7.43,12.13,8.17,0.86
2007-04-23 16:00:00,13.34,11.82,3.77,7.35,11.35,7.68,10.96
2007-04-23 17:00:00,6.91,8.31,2.3000000000000003,8.14,10.17,7.13,8.540000000000001
2007-04-23 18:00:00,6.42,4.73,2.69,9.33,8.36,6.140000000000001,5.62
2007-04-23 19:00:00,6.99,3.65,3.45,7.96,7.5,5.79,3.94
2007-04-23 20:00:00,6.49,5.38,3.52,6.24,7.16,5.2700000000000005,2.79
2007-04-23 21:00:00,4.8,7.59,4.33,7.88,7.19,5.49,3.56
2007-04-23 22:00:00,4.13,9.76,6.12,7.1000000000000005,7.46,5.44,4.14
2007-04-23 23:00:00,3.94,12.31,9.15,8.73,8.56,6.17,3.79
2007-04-24 00:00:00,3.92,14.29,9.81,11.27,9.1,7.17,8.34
2007-04-24 01:00:00,5.5200000000000005,16.330000000000002,9.38,12.33,8.47,7.62,9.98
2007-04-24 02:00:00,5.19,17.3,8.06,10.58,7.47,7.03,7.5
2007-04-24 03:00:00,5.51,17.35,7.22,10.97,7.32,7.01,5.73
2007-04-24 04:00:00,4.54,16.72,8.22,7.9,10.33,7.54,4.0200000000000005
2007-04-24 05:00:00,3.62,15.67,9.52,10.06,11.74,7.3,3.6
2007-04-24 06:00:00,4.48,14.77,8.68,7.68,12.56,8.9,2.58
2007-04-24 07:00:00,4.2,14.23,4.63,7.83,11.62,8.51,2.87
2007-04-24 08:00:00,3.88,13.93,4.22,7.92,13.77,7.59,1.51
2007-04-24 09:00:00,3.9,12.99,5.04,8.27,12.1,6.6000000000000005,1.12
2007-04-24 10:00:00,3.58,9.36,4.88,7.79,12.16,6.5,1.94
2007-04-24 11:00:00,2.9,6.93,3.56,7.26,11.49,4.68,0.86
2007-04-24 12:00:00,2.78,6.41,2.63,5.94,10.46,4.71,1.02
2007-04-24 13:00:00,2.69,4.14,2.56,5.15,8.92,4.13,0.6
2007-04-24 14:00:00,1.58,4.58,2.7,6.5200000000000005,7.19,3.58,2.18
2007-04-24 15:00:00,0.6,0.96,2.05,5.24,6.28,3.18,0.85
2007-04-24 16:00:00,2.67,0.96,1.04,4.59,7.1000000000000005,2.86,1.21
2007-04-24 17:00:00,2.93,3.58,0.52,3.97,7.92,1.77,3.82
2007-04-24 18:00:00,3.15,2.85,1.56,3.18,8.77,1.0,3.49
2007-04-24 19:00:00,3.95,2.52,2.33,3.22,9.16,1.72,2.71
2007-04-24 20:00:00,4.13,2.39,1.96,2.36,9.7,1.09,2.12
2007-04-24 21:00:00,4.38,1.79,1.9,2.2,9.37,1.32,1.47
2007-04-24 22:00:00,4.2,0.87,0.76,2.67,8.88,2.73,1.17
2007-04-24 23:00:00,3.65,7.42,0.6900000000000001,3.76,9.26,2.74,1.2
2007-04-25 00:00:00,2.93,10.31,1.45,3.37,10.28,4.04,7.17
2007-04-25 01:00:00,2.35,12.08,8.96,2.57,10.44,3.77,5.62
2007-04-25 02:00:00,1.95,15.33,9.96,2.7,9.27,4.79,9.44
2007-04-25 03:00:00,5.73,16.01,8.34,1.88,10.57,3.89,4.89
2007-04-25 04:00:00,4.74,15.92,8.69,2.26,11.26,8.08,3.2
2007-04-25 05:00:00,3.35,15.81,8.74,1.75,11.73,9.15,1.71
2007-04-25 06:00:00,1.59,15.65,7.8,1.32,9.53,6.33,0.9
2007-04-25 07:00:00,1.75,14.92,7.25,1.47,8.66,5.91,1.67
2007-04-25 08:00:00,1.21,13.45,6.38,2.37,7.85,5.49,2.28
2007-04-25 09:00:00,0.98,11.96,6.2,3.29,7.57,4.94,1.95
2007-04-25 10:00:00,0.95,10.58,5.83,3.25,6.99,4.71,2.19
2007-04-25 11:00:00,0.44,6.59,5.91,2.93,6.21,5.11,2.17
2007-04-25 12:00:00,0.56,4.66,3.91,2.81,5.6000000000000005,5.36,2.64
2007-04-25 13:00:00,0.23,4.28,3.98,2.13,7.04,4.69,2.5500000000000003
2007-04-25 14:00:00,0.5700000000000001,2.64,3.68,1.96,7.77,4.5600000000000005,2.45
2007-04-25 15:00:00,1.87,2.77,2.23,1.09,6.0,4.1,2.28
2007-04-25 16:00:00,2.79,2.52,1.56,0.66,6.13,3.78,1.17
2007-04-25 17:00:00,3.22,2.59,1.03,2.34,5.75,2.76,1.9
2007-04-25 18:00:00,4.0600000000000005,2.61,1.32,3.06,4.33,2.61,1.95
2007-04-25 19:00:00,4.36,3.2,2.88,3.51,3.5500000000000003,3.11,3.41
2007-04-25 20:00:00,4.01,4.79,6.57,5.12,2.87,4.76,4.98
2007-04-25 21:00:00,3.99,4.24,7.43,5.61,2.71,8.24,6.51
2007-04-25 22:00:00,2.84,9.79,8.55,6.0200000000000005,2.97,7.98,8.23
2007-04-25 23:00:00,4.32,13.17,9.07,6.76,2.93,8.85,8.36
2007-04-26 00:00:00,10.53,16.490000000000002,9.76,8.61,4.05,11.15,6.78
2007-04-26 01:00:00,11.05,17.95,11.11,12.28,4.34,11.31,5.09
2007-04-26 02:00:00,11.41,20.36,11.95,10.03,4.83,11.76,9.9
2007-04-26 03:00:00,12.19,20.8,12.16,9.62,4.4,12.38,8.84
2007-04-26 04:00:00,13.06,20.86,12.28,7.57,4.8,10.24,9.24
2007-04-26 05:00:00,13.83,20.91,11.93,7.51,4.94,10.32,9.61
2007-04-26 06:00:00,14.26,20.75,11.67,6.2700000000000005,6.890000000000001,11.6,9.49
2007-04-26 07:00:00,14.4,19.1,10.72,5.3,9.58,8.19,9.74
2007-04-26 08:00:00,14.26,13.83,11.94,4.96,9.67,8.43,10.84
2007-04-26 09:00:00,14.26,14.31,12.31,6.0200000000000005,8.9,9.74,9.99
2007-04-26 10:00:00,13.73,17.92,11.22,4.62,8.91,9.29,4.64
2007-04-26 11:00:00,11.56,16.73,8.1,2.61,8.1,7.21,6.3100000000000005
2007-04-26 12:00:00,7.03,16.93,7.87,4.21,8.17,6.7,4.64
2007-04-26 13:00:00,4.67,16.0,8.73,8.09,7.17,8.78,3.1
2007-04-26 14:00:00,2.24,12.85,4.71,11.11,5.0200000000000005,7.81,1.83
2007-04-26 15:00:00,2.03,9.65,2.71,11.16,1.66,5.91,4.95
2007-04-26 16:00:00,2.79,4.75,2.76,11.33,2.75,5.9,8.45
2007-04-26 17:00:00,3.58,9.72,3.89,12.05,3.12,3.8,9.0
2007-04-26 18:00:00,4.3,8.1,4.4,10.1,3.16,2.18,10.42
2007-04-26 19:00:00,5.1000000000000005,8.370000000000001,8.33,8.83,3.6,1.56,8.18
2007-04-26 20:00:00,5.55,7.78,6.45,8.41,3.3200000000000003,4.21,8.42
2007-04-26 21:00:00,5.87,6.9,7.58,7.31,3.3000000000000003,6.03,8.2
2007-04-26 22:00:00,5.98,6.97,6.78,7.22,2.9,7.2,7.82
2007-04-26 23:00:00,6.46,6.7700000000000005,6.36,6.79,2.74,6.73,6.78
2007-04-27 00:00:00,6.41,4.23,6.0,5.58,1.87,5.07,9.23
2007-04-27 01:00:00,5.43,9.74,7.79,4.93,1.4,6.74,12.1
2007-04-27 02:00:00,4.33,14.6,8.3,5.49,0.95,6.87,13.49
2007-04-27 03:00:00,3.33,14.12,7.68,6.34,4.62,5.32,9.88
2007-04-27 04:00:00,3.19,13.77,8.4,8.21,5.8,1.75,11.21
2007-04-27 05:00:00,3.77,13.36,9.01,8.57,5.63,7.37,10.39
2007-04-27 06:00:00,3.5700000000000003,12.79,9.13,10.34,5.5,9.03,8.51
2007-04-27 07:00:00,3.48,12.53,8.21,9.45,5.32,7.84,3.7
2007-04-27 08:00:00,3.42,11.62,5.82,9.35,6.68,6.12,2.22
2007-04-27 09:00:00,3.21,8.97,5.7700000000000005,9.29,5.4,5.63,1.76
2007-04-27 10:00:00,2.77,6.640000000000001,3.22,9.62,5.62,6.05,2.09
2007-04-27 11:00:00,3.27,5.71,4.12,9.89,6.05,4.98,3.53
2007-04-27 12:00:00,3.76,2.4,3.92,9.66,5.97,3.76,6.38
2007-04-27 13:00:00,3.86,1.62,2.39,9.49,5.76,2.38,6.25
2007-04-27 14:00:00,4.59,0.74,3.82,8.59,6.11,0.38,5.19
2007-04-27 15:00:00,4.93,1.4,1.76,8.64,5.04,1.64,3.87
2007-04-27 16:00:00,5.83,1.97,0.6900000000000001,7.56,4.33,3.49,4.15
2007-04-27 17:00:00,7.26,3.78,2.26,6.67,3.95,5.59,5.03
2007-04-27 18:00:00,6.82,3.92,3.17,5.78,3.13,8.06,5.75
2007-04-27 19:00:00,7.88,4.6000000000000005,3.54,5.82,3.51,8.24,4.65
2007-04-27 20:00:00,8.99,3.91,3.39,5.62,2.95,7.34,3.76
2007-04-27 21:00:00,8.56,3.04,3.77,5.49,2.74,6.22,2.76
2007-04-27 22:00:00,7.47,3.2,3.11,4.9,2.37,5.65,2.43
2007-04-27 23:00:00,6.26,3.1,3.69,5.07,2.79,5.14,2.54
2007-04-28 00:00:00,5.5,3.29,3.12,4.91,2.07,4.79,1.31
2007-04-28 01:00:00,4.55,3.1,3.53,4.61,1.07,5.15,2.56
2007-04-28 02:00:00,3.68,10.86,2.5500000000000003,4.0600000000000005,0.8,4.78,10.62
2007-04-28 03:00:00,1.51,11.25,6.2700000000000005,3.01,2.11,4.5200000000000005,11.2
2007-04-28 04:00:00,1.62,11.29,4.96,1.58,6.0600000000000005,1.9,11.71
2007-04-28 05:00:00,0.66,11.04,3.0500000000000003,2.03,5.65,1.72,11.56
2007-04-28 06:00:00,0.47,10.13,2.72,2.28,8.24,1.81,3.2
2007-04-28 07:00:00,1.18,7.74,3.16,1.14,9.95,1.99,2.22
2007-04-28 08:00:00,1.4,7.1000000000000005,4.1,1.06,10.46,4.09,0.98
2007-04-28 09:00:00,1.6,7.72,4.86,2.12,9.81,4.0,0.65
2007-04-28 10:00:00,1.95,9.17,4.68,2.68,9.33,3.83,0.92
2007-04-28 11:00:00,2.07,8.94,3.34,2.61,8.16,3.86,3.45
2007-04-28 12:00:00,2.66,6.74,2.11,3.06,6.78,3.98,3.9
2007-04-28 13:00:00,3.27,5.07,1.43,4.32,7.01,4.14,3.23
2007-04-28 14:00:00,3.49,2.89,0.88,4.3500000000000005,5.5,4.22,0.59
2007-04-28 15:00:00,3.22,1.12,0.56,3.48,3.37,4.03,2.08
2007-04-28 16:00:00,3.37,1.35,0.3,1.63,2.73,3.65,1.14
2007-04-28 17:00:00,4.09,1.67,0.59,1.86,3.01,2.98,1.15
2007-04-28 18:00:00,4.44,1.87,1.6,2.57,3.36,2.66,1.72
2007-04-28 19:00:00,4.61,2.01,1.08,2.69,4.68,2.49,1.88
2007-04-28 20:00:00,4.37,2.43,0.25,3.03,3.27,2.34,2.13
2007-04-28 21:00:00,4.95,2.39,1.63,3.28,2.05,2.24,2.32
2007-04-28 22:00:00,4.63,2.72,4.44,3.99,2.2,2.73,2.76
2007-04-28 23:00:00,4.6000000000000005,3.46,8.24,3.96,2.38,3.17,8.19
2007-04-29 00:00:00,4.48,8.84,9.18,4.8,2.7,7.1000000000000005,8.91
2007-04-29 01:00:00,4.83,12.23,8.76,4.75,3.89,9.07,7.91
2007-04-29 02:00:00,4.97,13.95,11.73,6.21,5.59,10.49,8.02
2007-04-29 03:00:00,10.17,14.72,9.98,10.75,7.43,10.9,5.36
2007-04-29 04:00:00,10.61,16.3,7.54,10.72,9.05,6.0600000000000005,4.04
2007-04-29 05:00:00,9.74,18.56,9.63,9.2,7.4,6.95,10.93
2007-04-29 06:00:00,8.31,17.66,9.01,6.91,7.24,5.0,6.8500000000000005
2007-04-29 07:00:00,7.57,16.35,8.55,8.23,7.96,5.69,4.12
2007-04-29 08:00:00,6.8,16.240000000000002,9.3,5.84,6.7,7.45,1.95
2007-04-29 09:00:00,5.28,15.89,8.68,6.34,6.61,6.88,1.61
2007-04-29 10:00:00,7.85,12.92,9.23,5.74,7.32,5.29,2.33
2007-04-29 11:00:00,6.92,13.97,7.0200000000000005,4.92,9.82,5.38,1.73
2007-04-29 12:00:00,7.61,3.38,4.8,5.03,11.13,5.55,1.71
2007-04-29 13:00:00,6.53,5.66,3.64,5.12,10.01,5.39,2.57
2007-04-29 14:00:00,6.45,5.72,3.89,3.64,7.51,5.2700000000000005,2.24
2007-04-29 15:00:00,3.12,2.58,1.99,3.89,6.3100000000000005,5.07,2.29
2007-04-29 16:00:00,2.9,2.82,1.05,2.47,7.41,5.14,2.78
2007-04-29 17:00:00,3.34,5.55,1.16,3.47,7.78,4.68,2.24
2007-04-29 18:00:00,4.7,7.36,3.3200000000000003,5.69,6.76,4.8100000000000005,0.93
2007-04-29 19:00:00,3.98,7.930000000000001,5.86,6.44,6.04,5.07,5.37
2007-04-29 20:00:00,4.55,8.74,6.86,7.7,4.67,5.3,6.62
2007-04-29 21:00:00,4.23,10.39,7.3,7.82,3.75,4.86,7.0
2007-04-29 22:00:00,3.6,12.34,8.15,8.86,4.18,6.74,7.21
2007-04-29 23:00:00,4.3100000000000005,13.84,8.56,9.38,3.38,7.12,7.77
2007-04-30 00:00:00,3.64,14.72,8.44,11.17,4.15,8.08,9.04
2007-04-30 01:00:00,7.05,14.51,7.82,12.61,4.48,8.11,9.79
2007-04-30 02:00:00,8.26,14.5,7.69,12.84,5.95,7.57,5.41
2007-04-30 03:00:00,8.78,15.13,9.27,13.21,9.63,7.4,6.18
2007-04-30 04:00:00,10.0,15.13,8.84,13.11,9.8,6.66,6.83
2007-04-30 05:00:00,11.14,12.49,11.98,13.75,10.35,7.6,6.5200000000000005
2007-04-30 06:00:00,11.56,13.63,11.39,12.58,9.4,7.2,8.76
2007-04-30 07:00:00,11.27,17.07,11.3,12.63,8.72,7.65,9.19
2007-04-30 08:00:00,11.58,8.71,10.74,11.93,8.92,9.23,9.44
2007-04-30 09:00:00,11.0,2.53,11.99,11.51,10.61,7.76,10.11
2007-04-30 10:00:00,11.58,2.61,12.01,10.58,8.950000000000001,8.44,10.14
2007-04-30 11:00:00,10.88,3.8,10.32,10.26,6.96,8.8,10.13
2007-04-30 12:00:00,10.12,5.39,9.31,8.68,7.97,8.38,10.04
2007-04-30 13:00:00,9.53,6.49,8.9,5.89,6.33,7.99,10.26
2007-04-30 14:00:00,10.04,3.99,8.120000000000001,5.6000000000000005,1.69,7.52,7.86
2007-04-30 15:00:00,8.68,2.7,1.71,2.88,0.62,7.35,3.88
2007-04-30 16:00:00,8.18,10.7,2.26,4.7700000000000005,0.98,7.77,0.94
2007-04-30 17:00:00,7.62,14.87,5.01,6.0,1.32,8.08,3.18
2007-04-30 18:00:00,4.19,14.69,8.870000000000001,6.23,3.4,8.540000000000001,2.84
2007-04-30 19:00:00,4.55,14.29,9.88,7.33,4.59,9.62,4.54
2007-04-30 20:00:00,4.36,14.08,10.86,7.38,5.08,10.13,10.91
2007-04-30 21:00:00,3.97,14.62,10.56,8.33,5.17,9.97,11.6
2007-04-30 22:00:00,4.26,15.15,10.52,8.97,5.61,9.45,11.34
2007-04-30 23:00:00,4.33,15.94,10.22,9.02,6.11,8.290000000000001,11.85
2007-05-01 00:00:00,3.5700000000000003,18.12,9.17,10.46,6.61,8.16,11.86
2007-05-01 01:00:00,5.64,19.39,9.1,10.48,7.01,8.22,8.08
2007-05-01 02:00:00,6.01,21.17,8.39,10.07,7.72,6.58,9.57
2007-05-01 03:00:00,7.82,21.83,10.1,9.02,8.6,7.0,9.53
2007-05-01 04:00:00,7.03,19.64,10.9,9.13,10.24,6.62,9.49
2007-05-01 05:00:00,2.63,19.46,11.57,10.08,9.81,7.58,8.41
2007-05-01 06:00:00,1.97,18.85,11.63,9.31,8.97,7.23,8.1
2007-05-01 07:00:00,1.7,16.990000000000002,11.91,7.0600000000000005,8.58,6.29,8.19
2007-05-01 08:00:00,0.59,10.84,11.99,6.8,9.41,5.64,8.91
2007-05-01 09:00:00,1.74,6.890000000000001,12.46,8.03,9.55,6.0,9.29
2007-05-01 10:00:00,0.97,7.84,12.62,8.24,9.01,5.76,9.82
2007-05-01 11:00:00,1.53,10.14,12.86,8.18,8.55,6.5200000000000005,9.9
2007-05-01 12:00:00,2.19,6.71,12.42,6.84,7.44,5.97,10.37
2007-05-01 13:00:00,2.95,4.15,10.89,5.2,7.04,8.63,10.0
2007-05-01 14:00:00,4.08,8.33,6.26,7.08,6.91,9.56,5.54
2007-05-01 15:00:00,6.640000000000001,7.6,5.25,6.53,5.9,7.13,2.03
2007-05-01 16:00:00,7.74,12.61,5.2,6.83,6.34,7.81,2.7
2007-05-01 17:00:00,6.96,15.38,6.390000000000001,8.48,6.46,8.700000000000001,3.33
2007-05-01 18:00:00,7.94,15.28,8.5,9.73,4.87,9.16,2.77
2007-05-01 19:00:00,6.57,14.95,9.82,11.09,4.78,9.4,9.34
2007-05-01 20:00:00,4.32,14.23,10.02,11.77,4.78,8.03,10.63
2007-05-01 21:00:00,5.72,16.5,9.69,12.01,5.86,7.86,10.55
2007-05-01 22:00:00,6.32,18.64,9.95,11.85,5.87,8.31,11.02
2007-05-01 23:00:00,4.95,20.5,9.91,13.64,6.2700000000000005,11.15,11.36
2007-05-02 00:00:00,8.3,20.74,10.14,14.32,6.890000000000001,12.78,13.39
2007-05-02 01:00:00,11.91,21.99,9.71,14.54,6.29,11.71,11.25
2007-05-02 02:00:00,16.52,23.76,10.69,11.19,6.37,11.39,9.78
2007-05-02 03:00:00,17.88,22.2,11.29,10.39,7.53,11.46,11.33
2007-05-02 04:00:00,19.12,9.75,11.54,11.26,7.62,10.95,12.78
2007-05-02 05:00:00,19.0,5.76,12.55,11.95,7.6,10.13,11.98
2007-05-02 06:00:00,19.34,8.32,13.22,11.15,7.09,9.35,10.68
2007-05-02 07:00:00,18.21,4.61,11.02,9.91,11.02,10.35,11.44
2007-05-02 08:00:00,17.52,3.88,14.45,8.99,9.65,11.13,12.49
2007-05-02 09:00:00,17.09,3.59,15.98,7.5,11.66,8.19,10.76
2007-05-02 10:00:00,16.55,8.78,13.31,6.59,11.71,10.02,8.32
2007-05-02 11:00:00,15.67,7.67,11.1,5.66,8.89,7.38,8.23
2007-05-02 12:00:00,15.57,7.43,10.94,5.3,5.44,9.41,10.05
2007-05-02 13:00:00,15.99,5.55,12.12,3.9,4.86,7.34,8.9
2007-05-02 14:00:00,15.33,3.86,10.1,3.28,3.53,5.99,7.57
2007-05-02 15:00:00,13.88,3.2,8.58,4.32,2.15,8.27,7.24
2007-05-02 16:00:00,12.41,10.18,8.88,7.19,1.21,8.1,8.86
2007-05-02 17:00:00,13.76,14.25,9.8,12.87,3.87,7.09,9.68
2007-05-02 18:00:00,13.51,14.84,8.51,11.03,4.69,9.46,8.42
2007-05-02 19:00:00,14.81,15.94,8.21,13.07,5.5600000000000005,9.59,8.77
2007-05-02 20:00:00,16.75,15.62,9.67,15.43,5.5200000000000005,9.93,9.15
2007-05-02 21:00:00,17.56,14.46,11.92,15.44,5.3,12.86,9.51
2007-05-02 22:00:00,17.53,12.03,11.25,16.56,6.23,16.05,10.13
2007-05-02 23:00:00,17.63,10.38,10.62,17.19,6.8100000000000005,17.68,9.94
2007-05-03 00:00:00,17.97,8.5,10.88,17.1,9.15,18.16,11.39
2007-05-03 01:00:00,18.89,6.83,11.21,17.18,9.42,18.08,11.98
2007-05-03 02:00:00,20.07,4.72,9.49,14.52,8.98,18.23,7.97
2007-05-03 03:00:00,20.13,1.05,9.21,14.12,14.81,15.96,7.2
2007-05-03 04:00:00,19.85,2.66,8.58,14.88,16.88,14.59,5.0600000000000005
2007-05-03 05:00:00,17.68,1.79,9.48,14.81,19.5,13.97,8.34
2007-05-03 06:00:00,17.6,8.89,12.58,12.42,17.23,12.92,10.14
2007-05-03 07:00:00,16.740000000000002,8.81,14.4,11.62,14.79,12.68,11.18
2007-05-03 08:00:00,16.91,13.86,13.96,8.74,10.12,13.66,10.57
2007-05-03 09:00:00,17.51,16.67,13.51,10.91,10.21,13.84,11.61
2007-05-03 10:00:00,18.07,16.19,13.35,8.58,11.08,14.98,10.51
2007-05-03 11:00:00,18.41,11.46,13.26,4.9,11.61,13.73,11.69
2007-05-03 12:00:00,18.43,6.51,11.91,4.42,15.11,12.63,12.36
2007-05-03 13:00:00,18.06,9.6,10.04,6.09,13.65,10.65,10.99
2007-05-03 14:00:00,16.87,19.01,10.38,8.03,10.42,12.06,9.68
2007-05-03 15:00:00,13.42,18.32,9.59,4.83,8.73,12.01,9.67
2007-05-03 16:00:00,9.22,17.91,9.95,4.8100000000000005,7.52,11.07,5.96
2007-05-03 17:00:00,3.22,18.1,9.81,5.44,5.7700000000000005,10.54,6.3500000000000005
2007-05-03 18:00:00,3.3000000000000003,18.64,9.02,4.94,5.1000000000000005,9.88,5.17
2007-05-03 19:00:00,5.8,16.76,9.59,4.87,4.0200000000000005,9.69,5.16
2007-05-03 20:00:00,4.3,15.9,10.6,5.76,4.39,11.09,5.67
2007-05-03 21:00:00,4.43,16.56,11.62,8.06,5.21,12.17,7.17
2007-05-03 22:00:00,4.36,19.24,12.02,9.23,5.51,10.13,10.15
2007-05-03 23:00:00,6.12,21.65,11.95,10.59,4.68,10.35,11.18
2007-05-04 00:00:00,12.48,23.84,12.38,9.55,5.32,10.79,11.69
2007-05-04 01:00:00,13.77,24.04,13.9,11.21,5.3500000000000005,11.68,11.74
2007-05-04 02:00:00,15.52,24.35,14.98,11.24,6.73,11.56,11.76
2007-05-04 03:00:00,17.2,23.9,14.4,12.82,4.79,14.51,10.71
2007-05-04 04:00:00,18.39,23.16,13.23,9.34,9.15,14.02,10.01
2007-05-04 05:00:00,18.77,22.89,12.85,8.48,8.89,16.84,9.92
2007-05-04 06:00:00,18.96,20.84,12.65,6.37,11.1,14.28,10.34
2007-05-04 07:00:00,19.14,17.62,12.09,5.92,11.11,15.65,10.69
2007-05-04 08:00:00,19.06,16.01,11.74,7.27,10.58,16.490000000000002,9.63
2007-05-04 09:00:00,19.39,13.52,11.03,8.65,9.81,15.05,9.95
2007-05-04 10:00:00,19.47,11.7,11.36,5.45,9.1,14.48,9.25
2007-05-04 11:00:00,19.38,13.29,12.39,3.74,9.56,14.12,9.89
2007-05-04 12:00:00,19.13,11.48,12.45,2.75,7.79,13.74,9.27
2007-05-04 13:00:00,18.76,11.27,11.47,3.53,3.73,14.98,7.76
2007-05-04 14:00:00,18.07,10.09,6.67,3.93,4.9,14.9,3.06
2007-05-04 15:00:00,17.32,10.7,7.8,14.48,3.46,15.62,10.74
2007-05-04 16:00:00,16.98,11.92,11.78,13.56,2.02,15.43,11.5
2007-05-04 17:00:00,17.62,10.6,14.93,14.73,1.93,15.38,12.65
2007-05-04 18:00:00,18.16,10.88,14.94,18.73,5.13,16.75,14.83
2007-05-04 19:00:00,18.48,13.91,13.83,18.33,6.61,16.21,15.68
2007-05-04 20:00:00,19.57,15.16,12.39,21.17,8.92,13.93,16.59
2007-05-04 21:00:00,20.65,15.45,12.76,21.93,9.75,14.3,17.41
2007-05-04 22:00:00,20.73,13.27,15.12,17.91,11.02,15.64,17.12
2007-05-04 23:00:00,20.98,10.19,15.52,18.81,12.76,16.580000000000002,16.85
2007-05-05 00:00:00,20.58,4.3,11.47,16.37,12.71,17.21,14.79
2007-05-05 01:00:00,20.83,5.91,10.03,13.98,12.99,17.68,6.65
2007-05-05 02:00:00,20.81,8.3,15.17,11.26,12.78,18.62,2.33
2007-05-05 03:00:00,21.06,11.85,10.26,10.4,11.88,17.97,8.63
2007-05-05 04:00:00,21.18,17.73,6.0200000000000005,11.28,12.95,12.95,8.01
2007-05-05 05:00:00,22.09,4.63,8.27,9.72,11.95,9.7,1.73
2007-05-05 06:00:00,21.48,11.49,4.71,8.88,7.35,7.63,7.17
2007-05-05 07:00:00,22.21,12.48,6.17,8.040000000000001,7.49,7.97,5.01
2007-05-05 08:00:00,17.67,9.8,5.73,7.140000000000001,14.29,7.95,8.15
2007-05-05 09:00:00,4.98,15.34,9.9,7.35,13.17,8.35,9.0
2007-05-05 10:00:00,4.23,15.21,8.75,7.58,12.98,6.44,12.24
2007-05-05 11:00:00,6.63,14.2,7.42,8.92,11.21,6.8500000000000005,20.29
2007-05-05 12:00:00,7.63,14.48,5.25,10.31,10.87,6.54,20.45
2007-05-05 13:00:00,6.0200000000000005,13.75,1.9,8.89,9.77,6.75,16.34
2007-05-05 14:00:00,4.46,12.34,1.08,5.32,7.35,6.4,13.69
2007-05-05 15:00:00,7.47,10.69,0.98,12.36,7.55,6.44,12.52
2007-05-05 16:00:00,5.84,5.4,6.0200000000000005,12.76,8.58,6.13,12.53
2007-05-05 17:00:00,3.75,3.81,2.52,12.07,8.700000000000001,5.18,10.25
2007-05-05 18:00:00,2.86,4.88,2.64,12.01,9.15,7.9,7.73
2007-05-05 19:00:00,2.83,5.76,2.61,13.03,10.04,7.15,6.58
2007-05-05 20:00:00,3.09,6.66,3.13,13.86,10.44,7.59,5.54
2007-05-05 21:00:00,3.9,7.930000000000001,4.38,14.54,9.97,7.71,6.3100000000000005
2007-05-05 22:00:00,4.75,10.81,4.51,15.1,10.83,7.61,7.52
2007-05-05 23:00:00,5.28,12.42,9.17,14.94,11.37,10.16,8.58
2007-05-06 00:00:00,2.63,14.31,11.6,16.25,10.74,9.99,10.56
2007-05-06 01:00:00,2.39,14.35,13.94,15.69,12.06,11.51,12.13
2007-05-06 02:00:00,5.9,14.06,12.39,14.73,10.42,9.9,11.36
2007-05-06 03:00:00,7.44,16.93,10.47,14.34,9.93,10.85,10.08
2007-05-06 04:00:00,9.7,11.54,11.14,16.1,11.87,9.84,9.96
2007-05-06 05:00:00,10.41,4.96,12.83,16.52,9.6,14.0,8.99
2007-05-06 06:00:00,10.78,4.01,11.28,16.990000000000002,11.2,10.46,10.08
2007-05-06 07:00:00,11.45,4.01,6.58,15.86,11.22,7.66,9.08
2007-05-06 08:00:00,11.01,1.45,4.88,18.11,10.53,3.19,8.57
2007-05-06 09:00:00,12.91,2.89,6.0600000000000005,18.56,10.76,2.17,7.85
2007-05-06 10:00:00,10.79,3.28,6.01,19.32,11.57,0.55,4.94
2007-05-06 11:00:00,9.4,1.11,6.86,17.21,11.75,0.38,2.24
2007-05-06 12:00:00,9.29,5.9,7.27,16.87,11.19,1.84,2.06
2007-05-06 13:00:00,8.84,5.3,7.44,16.01,10.79,3.46,2.36
2007-05-06 14:00:00,7.34,4.46,6.38,15.47,7.640000000000001,4.75,3.2
2007-05-06 15:00:00,7.44,2.73,4.64,13.37,7.13,3.35,4.12
2007-05-06 16:00:00,8.15,13.13,3.39,13.47,6.69,4.57,9.4
2007-05-06 17:00:00,8.48,9.27,6.2,13.68,5.8,5.37,10.45
2007-05-06 18:00:00,8.68,6.38,6.98,12.35,5.44,7.38,8.19
2007-05-06 19:00:00,10.35,5.84,8.35,10.63,6.3,6.65,8.61
2007-05-06 20:00:00,9.43,5.5200000000000005,8.23,9.79,6.05,6.78,7.35
2007-05-06 21:00:00,7.66,6.62,7.33,10.3,5.62,7.4,8.27
2007-05-06 22:00:00,7.4,5.75,6.45,10.01,5.34,6.890000000000001,6.73
2007-05-06 23:00:00,7.79,5.39,5.53,9.78,4.94,6.3500000000000005,5.5
2007-05-07 00:00:00,8.61,6.03,6.13,9.12,4.67,5.47,4.59
2007-05-07 01:00:00,9.12,5.71,4.99,8.45,4.12,5.22,7.03
2007-05-07 02:00:00,8.94,5.5,6.69,7.99,2.62,4.95,8.82
2007-05-07 03:00:00,6.54,8.19,11.36,9.14,4.39,6.29,10.07
2007-05-07 04:00:00,7.390000000000001,7.34,8.9,11.62,4.14,5.01,11.04
2007-05-07 05:00:00,6.7,5.42,7.37,13.53,4.38,5.41,9.65
2007-05-07 06:00:00,5.59,2.96,3.16,13.12,3.24,3.99,9.73
2007-05-07 07:00:00,5.98,4.21,4.67,13.78,3.13,2.13,10.71
2007-05-07 08:00:00,6.78,9.97,2.53,13.89,3.25,1.08,12.72
2007-05-07 09:00:00,7.29,6.26,1.26,14.45,3.7,3.63,15.5
2007-05-07 10:00:00,6.59,6.42,1.05,13.36,3.33,10.02,16.35
2007-05-07 11:00:00,7.71,8.89,1.6,11.33,3.6,6.16,17.88
2007-05-07 12:00:00,9.02,10.56,1.94,11.2,4.2700000000000005,3.47,17.57
2007-05-07 13:00:00,8.34,11.07,0.36,10.61,3.75,2.81,16.47
2007-05-07 14:00:00,8.620000000000001,8.540000000000001,2.33,11.21,3.46,2.37,12.52
2007-05-07 15:00:00,8.46,6.140000000000001,0.89,12.74,2.69,3.39,7.890000000000001
2007-05-07 16:00:00,10.99,5.29,2.26,14.19,3.18,6.88,8.65
2007-05-07 17:00:00,10.6,4.87,3.59,13.47,4.45,8.26,8.07
2007-05-07 18:00:00,11.08,5.22,6.38,13.77,4.25,8.1,7.52
2007-05-07 19:00:00,11.58,6.7,8.72,13.53,4.51,7.85,7.390000000000001
2007-05-07 20:00:00,10.75,6.21,8.46,12.88,4.4,6.640000000000001,6.79
2007-05-07 21:00:00,10.49,5.95,8.25,12.51,3.85,6.54,6.15
2007-05-07 22:00:00,10.3,5.9,7.56,11.76,4.74,5.89,5.63
2007-05-07 23:00:00,9.99,5.48,6.55,10.14,4.75,6.79,5.91
2007-05-08 00:00:00,10.13,6.57,7.19,8.89,4.45,6.26,5.62
2007-05-08 01:00:00,9.08,6.71,7.18,8.59,4.99,5.72,5.09
2007-05-08 02:00:00,8.43,6.5200000000000005,8.3,8.47,6.41,7.31,5.94
2007-05-08 03:00:00,6.75,2.24,7.19,9.03,7.38,5.74,3.91
2007-05-08 04:00:00,4.4,1.86,4.6000000000000005,8.040000000000001,7.390000000000001,3.74,7.67
2007-05-08 05:00:00,5.37,3.78,5.11,7.59,6.74,5.18,6.0600000000000005
2007-05-08 06:00:00,5.12,5.69,2.83,7.38,7.38,4.8,5.22
2007-05-08 07:00:00,4.9,4.9,2.08,7.71,6.890000000000001,5.18,8.73
2007-05-08 08:00:00,5.48,5.04,1.42,7.78,5.8500000000000005,4.6000000000000005,7.77
2007-05-08 09:00:00,5.51,3.74,0.66,7.17,5.78,2.32,8.05
2007-05-08 10:00:00,4.96,3.82,2.44,5.97,3.5500000000000003,2.57,9.23
2007-05-08 11:00:00,4.47,6.72,1.83,7.79,3.12,3.09,3.61
2007-05-08 12:00:00,3.86,7.8,1.19,7.95,2.57,1.53,4.86
2007-05-08 13:00:00,4.29,5.8100000000000005,1.16,7.0200000000000005,4.14,2.21,2.33
2007-05-08 14:00:00,4.25,4.51,1.93,6.59,4.3100000000000005,0.59,1.71
2007-05-08 15:00:00,4.32,1.98,1.54,7.68,3.85,0.95,2.36
2007-05-08 16:00:00,4.64,1.76,1.15,6.01,3.5500000000000003,0.75,3.61
2007-05-08 17:00:00,4.64,2.56,1.18,4.5600000000000005,4.4,2.98,4.22
2007-05-08 18:00:00,5.2,1.78,2.61,4.04,2.97,4.37,6.63
2007-05-08 19:00:00,4.76,2.16,6.09,3.7,2.75,4.5600000000000005,5.29
2007-05-08 20:00:00,4.5200000000000005,3.88,5.93,3.92,2.86,4.26,4.6000000000000005
2007-05-08 21:00:00,4.68,3.56,4.82,4.48,2.82,4.29,3.6
2007-05-08 22:00:00,4.19,2.73,3.33,4.26,2.59,4.14,2.53
2007-05-08 23:00:00,3.73,2.25,2.3000000000000003,3.47,1.84,3.45,1.97
2007-05-09 00:00:00,3.38,1.93,1.21,2.98,2.52,3.11,1.5
2007-05-09 01:00:00,3.0700000000000003,8.14,0.92,2.84,2.42,3.26,1.84
2007-05-09 02:00:00,4.3500000000000005,12.35,9.62,1.51,4.38,2.32,10.11
2007-05-09 03:00:00,1.64,12.83,8.63,0.64,5.8100000000000005,3.0500000000000003,4.16
2007-05-09 04:00:00,6.57,12.49,8.36,1.24,5.48,1.21,4.54
2007-05-09 05:00:00,7.94,12.53,6.51,1.65,5.44,0.58,4.16
2007-05-09 06:00:00,6.97,12.03,6.48,2.51,5.3,5.86,4.43
2007-05-09 07:00:00,6.08,4.5200000000000005,5.8,1.85,4.84,5.72,3.98
2007-05-09 08:00:00,5.39,1.94,5.75,2.46,5.28,5.03,3.75
2007-05-09 09:00:00,4.38,2.27,5.59,1.88,4.17,4.67,2.12
2007-05-09 10:00:00,3.92,3.1,5.72,1.9,5.46,4.5200000000000005,2.21
2007-05-09 11:00:00,3.73,6.0600000000000005,6.88,3.01,4.95,4.28,1.7
2007-05-09 12:00:00,3.7,6.15,5.3,3.08,3.58,4.53,0.53
2007-05-09 13:00:00,3.8,5.4,5.23,3.22,3.45,4.99,0.13
2007-05-09 14:00:00,3.42,2.87,3.81,3.77,1.68,5.48,1.4
2007-05-09 15:00:00,2.33,3.02,2.24,3.46,1.8,5.78,3.2
2007-05-09 16:00:00,2.8000000000000003,3.54,0.61,2.93,1.65,5.21,2.1
2007-05-09 17:00:00,2.72,3.73,1.91,3.26,1.89,5.64,3.42
2007-05-09 18:00:00,3.53,2.4,5.84,5.4,1.57,4.5,5.39
2007-05-09 19:00:00,4.49,4.7,7.48,6.65,1.8,3.98,6.13
2007-05-09 20:00:00,4.84,5.66,8.11,6.48,1.98,5.71,7.96
2007-05-09 21:00:00,4.5600000000000005,8.08,8.84,5.63,3.08,7.63,8.15
2007-05-09 22:00:00,4.3500000000000005,9.63,9.26,6.79,3.0700000000000003,7.57,8.23
2007-05-09 23:00:00,3.9,9.62,9.94,7.25,3.39,7.72,8.97
2007-05-10 00:00:00,9.33,10.34,10.64,8.85,2.47,10.07,8.84
2007-05-10 01:00:00,7.66,11.55,10.89,10.28,3.69,10.9,8.94
2007-05-10 02:00:00,5.08,10.21,9.52,10.8,5.43,11.87,7.390000000000001
2007-05-10 03:00:00,4.19,9.23,7.390000000000001,11.49,5.91,12.01,8.69
2007-05-10 04:00:00,7.34,6.5600000000000005,7.0,12.75,6.26,7.23,8.83
2007-05-10 05:00:00,8.290000000000001,4.95,7.75,12.09,9.21,8.24,9.27
2007-05-10 06:00:00,9.78,12.38,7.88,11.89,9.47,8.42,9.34
2007-05-10 07:00:00,9.66,13.48,8.5,12.3,8.46,8.61,2.08
2007-05-10 08:00:00,10.33,14.13,7.99,9.9,6.96,8.46,0.65
2007-05-10 09:00:00,10.79,13.7,7.05,9.34,8.81,8.49,0.71
2007-05-10 10:00:00,10.8,12.01,7.2,7.28,8.72,8.76,2.0
2007-05-10 11:00:00,10.57,9.87,6.32,6.04,8.89,8.24,3.58
2007-05-10 12:00:00,9.79,3.77,6.29,5.73,8.81,7.82,2.74
2007-05-10 13:00:00,8.48,1.98,3.49,4.92,7.83,6.86,4.07
2007-05-10 14:00:00,7.59,2.4,0.72,4.57,5.74,5.64,2.42
2007-05-10 15:00:00,5.55,2.08,0.91,3.75,4.28,6.0200000000000005,1.6
2007-05-10 16:00:00,1.59,1.33,0.73,2.84,3.08,4.38,2.35
2007-05-10 17:00:00,4.55,1.6,0.29,2.38,1.6,2.86,4.04
2007-05-10 18:00:00,5.25,3.5,2.3000000000000003,5.0200000000000005,3.61,2.67,3.23
2007-05-10 19:00:00,5.99,5.46,5.44,5.65,4.63,1.46,6.0200000000000005
2007-05-10 20:00:00,5.68,6.19,6.44,7.09,4.89,2.82,7.17
2007-05-10 21:00:00,5.51,7.51,7.86,7.79,5.26,6.0200000000000005,7.82
2007-05-10 22:00:00,5.33,8.040000000000001,9.15,7.33,4.92,11.09,8.120000000000001
2007-05-10 23:00:00,7.17,8.31,9.71,4.17,4.8100000000000005,11.14,7.88
2007-05-11 00:00:00,10.07,8.45,9.96,9.16,4.51,11.83,7.930000000000001
2007-05-11 01:00:00,9.52,8.96,9.33,9.66,5.25,11.7,8.19
2007-05-11 02:00:00,10.85,5.3100000000000005,7.67,10.82,5.45,5.61,7.99
2007-05-11 03:00:00,11.17,11.8,10.76,9.73,4.86,5.58,7.26
2007-05-11 04:00:00,11.65,11.65,8.27,8.48,7.890000000000001,13.07,4.11
2007-05-11 05:00:00,10.92,11.98,6.5,7.52,7.97,11.27,4.53
2007-05-11 06:00:00,10.65,12.74,6.5,6.140000000000001,7.51,9.41,4.32
2007-05-11 07:00:00,10.84,13.63,9.5,5.55,7.88,8.94,1.54
2007-05-11 08:00:00,10.81,11.63,7.99,4.78,7.69,8.33,2.39
2007-05-11 09:00:00,10.31,4.03,6.87,4.6000000000000005,5.37,8.34,1.14
2007-05-11 10:00:00,9.92,2.47,4.44,4.15,2.95,7.38,3.13
2007-05-11 11:00:00,8.58,1.78,4.32,3.44,1.76,6.3500000000000005,3.26
2007-05-11 12:00:00,7.56,0.6,0.96,3.81,1.21,5.2,1.41
2007-05-11 13:00:00,3.8,1.08,0.65,2.88,0.68,4.2,1.84
2007-05-11 14:00:00,3.74,1.21,0.8,2.69,1.89,4.14,3.75
2007-05-11 15:00:00,0.68,0.87,0.62,1.92,2.04,3.13,2.81
2007-05-11 16:00:00,1.96,1.09,1.56,2.11,2.42,2.96,2.34
2007-05-11 17:00:00,2.68,1.4,3.45,2.15,3.41,3.45,3.13
2007-05-11 18:00:00,2.08,2.26,3.96,2.87,4.11,3.42,3.8
2007-05-11 19:00:00,5.3100000000000005,3.69,5.37,4.32,4.71,3.45,5.71
2007-05-11 20:00:00,5.53,5.07,6.59,4.9,5.65,4.86,6.61
2007-05-11 21:00:00,6.44,6.04,7.61,5.0,5.86,7.94,7.46
2007-05-11 22:00:00,6.69,7.0600000000000005,8.92,5.76,6.12,8.3,7.96
2007-05-11 23:00:00,6.5200000000000005,8.18,10.09,6.4,6.21,9.21,8.21
2007-05-12 00:00:00,9.5,8.51,10.15,6.37,6.18,7.76,8.82
2007-05-12 01:00:00,12.13,6.7700000000000005,8.08,6.97,5.87,6.7,8.950000000000001
2007-05-12 02:00:00,13.53,12.51,7.41,8.94,7.77,4.13,10.65
2007-05-12 03:00:00,14.43,12.42,10.01,9.22,9.46,4.83,9.9
2007-05-12 04:00:00,14.81,9.51,12.55,7.69,9.36,10.66,10.53
2007-05-12 05:00:00,14.22,4.25,12.41,6.29,8.35,10.55,9.43
2007-05-12 06:00:00,13.33,6.7700000000000005,10.84,6.23,8.9,9.92,6.09
2007-05-12 07:00:00,12.49,7.930000000000001,10.96,6.16,6.04,9.47,7.18
2007-05-12 08:00:00,9.8,10.03,8.82,4.99,5.0,8.73,3.24
2007-05-12 09:00:00,8.46,6.54,9.3,4.87,3.98,8.49,1.78
2007-05-12 10:00:00,6.26,6.61,7.75,4.55,3.84,8.88,2.47
2007-05-12 11:00:00,3.61,4.39,9.07,3.29,3.27,8.42,1.46
2007-05-12 12:00:00,1.98,3.0700000000000003,7.65,2.99,2.39,6.4,0.76
2007-05-12 13:00:00,0.78,2.15,5.16,2.08,1.76,5.69,1.62
2007-05-12 14:00:00,1.43,1.93,3.65,1.1,1.57,5.91,1.63
2007-05-12 15:00:00,1.07,3.2,2.68,1.76,2.41,5.74,1.44
2007-05-12 16:00:00,2.1,3.31,4.57,2.3000000000000003,3.11,5.29,2.07
2007-05-12 17:00:00,2.39,3.14,4.98,3.1,3.52,4.75,2.2
2007-05-12 18:00:00,2.48,2.13,5.19,5.15,4.3500000000000005,4.47,2.37
2007-05-12 19:00:00,2.43,1.01,6.71,5.69,4.98,4.55,4.5
2007-05-12 20:00:00,2.74,2.33,7.94,5.94,5.59,5.87,7.0
2007-05-12 21:00:00,0.62,8.64,8.97,7.31,5.91,8.53,8.99
2007-05-12 22:00:00,2.49,10.91,9.6,7.86,6.87,9.76,11.02
2007-05-12 23:00:00,1.87,12.92,10.76,8.74,7.68,9.09,9.38
2007-05-13 00:00:00,9.6,14.55,11.44,9.68,8.16,9.37,7.12
2007-05-13 01:00:00,10.57,16.66,11.84,10.9,8.05,9.38,6.5600000000000005
2007-05-13 02:00:00,12.24,19.43,10.47,9.8,8.02,9.08,7.390000000000001
2007-05-13 03:00:00,13.08,19.94,11.1,8.56,8.14,9.09,8.49
2007-05-13 04:00:00,13.22,20.43,11.04,8.92,6.83,8.2,8.01
2007-05-13 05:00:00,12.88,20.37,11.37,10.25,6.7,8.97,5.83
2007-05-13 06:00:00,13.04,20.1,11.31,9.67,5.62,9.64,6.3500000000000005
2007-05-13 07:00:00,12.51,19.06,10.49,9.37,3.81,8.75,6.26
2007-05-13 08:00:00,11.08,17.400000000000002,11.02,10.25,4.68,8.82,5.68
2007-05-13 09:00:00,9.49,15.5,10.38,10.12,5.78,9.85,4.91
2007-05-13 10:00:00,7.52,8.03,8.790000000000001,8.16,5.28,11.1,3.8
2007-05-13 11:00:00,5.8,5.64,6.09,6.13,5.63,10.75,2.87
2007-05-13 12:00:00,5.5200000000000005,6.13,4.93,5.94,5.47,9.29,3.0
2007-05-13 13:00:00,3.64,6.83,4.8,6.0,4.83,8.86,3.51
2007-05-13 14:00:00,2.49,6.49,4.07,2.13,4.55,8.540000000000001,2.38
2007-05-13 15:00:00,1.81,6.99,3.9,2.42,3.99,8.08,1.75
2007-05-13 16:00:00,1.91,3.64,4.23,2.14,4.21,8.57,2.17
2007-05-13 17:00:00,2.48,1.82,4.29,1.91,4.0,7.77,1.49
2007-05-13 18:00:00,2.56,2.05,5.29,2.3000000000000003,5.1000000000000005,5.84,0.87
2007-05-13 19:00:00,2.74,4.73,6.19,2.9,5.75,4.84,3.18
2007-05-13 20:00:00,2.44,8.44,7.37,3.91,6.92,5.34,6.78
2007-05-13 21:00:00,1.72,10.39,8.17,4.7,8.25,6.3100000000000005,5.3500000000000005
2007-05-13 22:00:00,6.94,11.73,9.3,5.7700000000000005,8.040000000000001,6.8500000000000005,6.21
2007-05-13 23:00:00,9.72,13.72,9.97,6.95,8.17,7.44,5.73
2007-05-14 00:00:00,9.31,15.26,10.53,8.41,8.13,7.05,5.11
2007-05-14 01:00:00,8.47,16.65,10.27,9.61,7.92,7.61,2.34
2007-05-14 02:00:00,8.96,18.88,9.99,8.99,6.96,6.2700000000000005,3.5700000000000003
2007-05-14 03:00:00,9.67,18.64,10.1,8.66,7.09,8.82,5.84
2007-05-14 04:00:00,9.37,18.38,9.45,7.140000000000001,7.36,10.18,3.17
2007-05-14 05:00:00,7.83,17.51,8.31,6.67,7.63,10.31,3.15
2007-05-14 06:00:00,6.78,16.31,8.61,6.1000000000000005,6.9,10.31,2.41
2007-05-14 07:00:00,4.91,16.43,6.83,4.09,4.25,9.78,2.03
2007-05-14 08:00:00,3.86,15.65,6.0,4.01,2.91,9.86,2.13
2007-05-14 09:00:00,3.45,13.25,5.28,4.49,4.0,8.69,2.08
2007-05-14 10:00:00,3.1,13.17,5.98,2.93,3.56,7.52,3.27
2007-05-14 11:00:00,2.74,10.63,6.26,2.64,1.64,5.95,1.81
2007-05-14 12:00:00,2.15,6.44,5.93,4.28,1.7,6.42,1.85
2007-05-14 13:00:00,1.61,6.48,3.72,8.15,2.33,5.68,3.91
2007-05-14 14:00:00,0.26,1.83,2.73,8.34,2.4,5.48,6.0200000000000005
2007-05-14 15:00:00,1.21,0.92,1.27,9.78,2.82,4.46,6.05
2007-05-14 16:00:00,2.45,1.03,0.58,10.68,3.14,3.7,5.43
2007-05-14 17:00:00,3.48,1.68,2.13,10.7,3.58,1.43,4.89
2007-05-14 18:00:00,3.95,2.86,2.58,10.53,3.83,2.5500000000000003,6.11
2007-05-14 19:00:00,4.8,6.49,4.7700000000000005,8.24,4.0,5.0,6.45
2007-05-14 20:00:00,4.24,5.93,3.22,5.9,3.91,5.55,6.3500000000000005
2007-05-14 21:00:00,4.36,4.93,3.56,5.12,3.84,6.76,4.75
2007-05-14 22:00:00,4.72,4.8100000000000005,4.23,4.3500000000000005,4.4,5.79,4.58
2007-05-14 23:00:00,3.16,3.45,8.14,4.19,4.0200000000000005,4.89,5.15
2007-05-15 00:00:00,5.62,3.76,9.25,4.46,4.03,3.18,9.28
2007-05-15 01:00:00,1.72,0.79,9.84,4.61,4.55,6.8500000000000005,6.62
2007-05-15 02:00:00,2.53,13.21,11.18,4.26,6.37,5.74,7.88
2007-05-15 03:00:00,1.86,14.8,11.96,3.67,7.47,4.98,7.27
2007-05-15 04:00:00,3.75,14.42,11.17,3.45,7.17,8.38,7.82
2007-05-15 05:00:00,5.04,13.4,10.42,1.92,6.2700000000000005,7.87,3.68
2007-05-15 06:00:00,3.96,11.24,10.17,1.68,5.59,6.57,2.33
2007-05-15 07:00:00,2.51,8.13,8.61,1.62,5.4,6.29,2.69
2007-05-15 08:00:00,2.89,4.69,7.38,2.04,3.78,5.38,2.25
2007-05-15 09:00:00,3.73,4.19,7.47,1.73,1.58,4.11,1.8
2007-05-15 10:00:00,4.8,2.16,5.82,2.18,0.91,3.88,2.28
2007-05-15 11:00:00,5.22,2.06,4.37,1.44,3.5,2.97,1.31
2007-05-15 12:00:00,4.24,2.42,3.73,0.38,2.81,2.21,1.39
2007-05-15 13:00:00,3.0700000000000003,2.43,3.09,1.83,1.65,1.3,1.34
2007-05-15 14:00:00,2.08,2.51,2.76,2.94,0.85,0.45,1.9
2007-05-15 15:00:00,1.87,2.05,1.97,3.98,1.63,0.33,1.49
2007-05-15 16:00:00,3.3000000000000003,1.93,1.4,3.31,2.4,0.96,1.49
2007-05-15 17:00:00,3.52,1.51,0.4,4.14,3.87,1.43,1.31
2007-05-15 18:00:00,3.96,1.83,0.72,5.6000000000000005,4.37,3.02,2.33
2007-05-15 19:00:00,4.58,3.02,0.15,6.48,4.92,2.94,2.82
2007-05-15 20:00:00,4.89,3.97,0.79,6.76,4.8,1.1,3.5
2007-05-15 21:00:00,4.8100000000000005,3.83,6.68,6.25,4.67,3.33,3.93
2007-05-15 22:00:00,4.23,2.83,8.07,5.53,4.58,5.01,7.1000000000000005
2007-05-15 23:00:00,4.04,2.86,9.45,4.92,4.42,5.43,7.99
2007-05-16 00:00:00,4.37,10.85,9.6,4.73,4.18,6.5200000000000005,9.61
2007-05-16 01:00:00,4.82,13.11,8.96,4.79,4.6000000000000005,6.09,9.43
2007-05-16 02:00:00,4.75,16.05,11.44,7.52,6.03,4.47,6.42
2007-05-16 03:00:00,2.78,16.72,11.17,5.36,7.91,5.93,6.0600000000000005
2007-05-16 04:00:00,1.52,16.71,10.86,4.41,8.22,7.61,1.45
2007-05-16 05:00:00,1.88,16.32,10.38,3.2,7.390000000000001,10.26,1.08
2007-05-16 06:00:00,1.62,16.04,9.94,3.01,5.1000000000000005,7.21,1.94
2007-05-16 07:00:00,1.62,16.22,8.03,2.73,2.61,7.51,1.97
2007-05-16 08:00:00,0.62,15.54,9.0,3.39,1.54,6.2700000000000005,2.14
2007-05-16 09:00:00,0.31,15.14,8.790000000000001,2.92,0.7000000000000001,5.53,1.92
2007-05-16 10:00:00,0.87,12.92,7.97,2.1,2.64,4.69,2.31
2007-05-16 11:00:00,0.52,5.44,5.93,1.05,2.61,3.0500000000000003,2.63
2007-05-16 12:00:00,0.28,4.4,4.61,0.51,2.65,3.2,2.51
2007-05-16 13:00:00,0.86,2.91,3.41,1.96,3.24,3.21,1.86
2007-05-16 14:00:00,0.91,1.56,2.49,1.93,3.59,2.88,2.51
2007-05-16 15:00:00,1.52,2.76,1.62,1.85,4.21,2.57,1.94
2007-05-16 16:00:00,2.76,2.96,1.47,2.36,4.11,3.0700000000000003,2.16
2007-05-16 17:00:00,4.17,2.37,1.07,2.67,5.11,2.36,1.82
2007-05-16 18:00:00,3.2,1.97,0.8200000000000001,3.85,5.4,1.47,1.26
2007-05-16 19:00:00,3.81,2.44,0.33,3.39,5.91,1.28,1.33
2007-05-16 20:00:00,4.69,2.85,1.04,5.4,5.93,1.36,2.71
2007-05-16 21:00:00,4.67,2.76,5.59,5.51,5.54,2.9,4.49
2007-05-16 22:00:00,4.2700000000000005,2.4,7.5,5.15,5.3100000000000005,5.17,7.0200000000000005
2007-05-16 23:00:00,2.09,10.23,8.45,5.26,5.33,6.8100000000000005,8.33
2007-05-17 00:00:00,0.3,12.04,9.49,4.38,5.32,6.54,7.8
2007-05-17 01:00:00,1.48,13.24,9.75,3.94,4.01,6.41,7.67
2007-05-17 02:00:00,3.27,16.26,9.64,4.51,4.97,5.33,2.86
2007-05-17 03:00:00,4.3100000000000005,17.97,10.36,7.31,4.22,7.38,2.8000000000000003
2007-05-17 04:00:00,4.04,17.51,10.66,3.54,3.19,6.8500000000000005,2.77
2007-05-17 05:00:00,4.78,17.41,10.1,1.83,2.56,8.64,1.96
2007-05-17 06:00:00,3.75,17.080000000000002,8.74,2.18,4.2,7.87,2.4
2007-05-17 07:00:00,4.3,15.74,7.61,2.37,3.11,6.9,2.37
2007-05-17 08:00:00,3.09,15.27,7.61,2.74,1.24,6.21,2.63
2007-05-17 09:00:00,2.67,14.25,8.83,2.19,4.61,5.38,1.8
2007-05-17 10:00:00,2.74,12.75,6.09,1.84,4.41,5.11,2.04
2007-05-17 11:00:00,3.44,13.21,5.19,1.96,4.22,4.99,2.61
2007-05-17 12:00:00,2.74,10.09,7.44,2.26,3.06,5.03,2.34
2007-05-17 13:00:00,3.35,5.86,5.9,1.73,2.86,4.54,2.42
2007-05-17 14:00:00,2.17,5.45,4.71,0.61,4.83,3.9,2.05
2007-05-17 15:00:00,2.39,1.92,1.75,1.89,3.35,3.39,1.31
2007-05-17 16:00:00,2.44,3.83,0.8300000000000001,2.22,2.56,4.36,2.3000000000000003
2007-05-17 17:00:00,3.49,3.03,1.19,3.72,2.07,2.44,2.22
2007-05-17 18:00:00,4.3500000000000005,3.09,1.44,4.11,2.71,2.66,2.15
2007-05-17 19:00:00,4.4,3.3000000000000003,1.87,5.33,3.19,2.46,2.41
2007-05-17 20:00:00,5.19,3.49,3.81,4.76,4.3100000000000005,2.3000000000000003,4.05
2007-05-17 21:00:00,4.54,3.36,7.31,5.22,4.84,6.4,6.76
2007-05-17 22:00:00,4.71,4.01,8.5,5.28,5.51,7.76,8.370000000000001
2007-05-17 23:00:00,2.51,8.8,8.870000000000001,5.14,6.23,6.72,8.790000000000001
2007-05-18 00:00:00,7.33,12.49,9.56,5.17,5.71,7.97,8.950000000000001
2007-05-18 01:00:00,2.17,14.12,10.54,5.71,5.73,7.61,9.2
2007-05-18 02:00:00,3.66,16.75,10.74,9.99,6.7,7.85,7.12
2007-05-18 03:00:00,2.36,17.87,9.92,11.08,8.18,7.37,0.53
2007-05-18 04:00:00,2.34,17.63,10.58,9.61,8.68,9.03,1.58
2007-05-18 05:00:00,2.07,16.46,10.24,5.92,11.13,9.84,2.62
2007-05-18 06:00:00,2.35,16.8,10.17,4.03,8.26,10.81,2.46
2007-05-18 07:00:00,1.61,15.88,6.41,3.24,3.47,10.01,1.64
2007-05-18 08:00:00,1.0,16.34,7.82,3.06,3.78,9.09,1.3
2007-05-18 09:00:00,0.81,15.62,5.95,2.74,3.22,8.32,2.24
2007-05-18 10:00:00,0.8300000000000001,13.79,7.85,4.58,3.51,6.87,2.83
2007-05-18 11:00:00,0.94,13.78,9.87,3.6,3.72,5.46,2.25
2007-05-18 12:00:00,1.31,13.53,8.3,2.18,3.29,5.45,1.95
2007-05-18 13:00:00,1.36,9.63,6.07,1.95,3.01,5.7,2.1
2007-05-18 14:00:00,1.43,2.96,4.64,1.63,2.7,5.0600000000000005,2.3000000000000003
2007-05-18 15:00:00,1.08,2.58,1.51,0.77,1.88,4.21,1.38
2007-05-18 16:00:00,1.79,2.97,1.98,1.64,2.72,4.65,1.71
2007-05-18 17:00:00,3.06,3.24,1.22,2.23,4.03,4.09,1.71
2007-05-18 18:00:00,4.83,2.99,0.77,3.45,4.04,3.5700000000000003,1.15
2007-05-18 19:00:00,4.9,3.02,1.66,3.79,5.05,3.72,2.44
2007-05-18 20:00:00,4.4,1.86,4.49,3.3200000000000003,5.37,3.5500000000000003,5.16
2007-05-18 21:00:00,4.48,3.7,7.04,4.17,5.73,4.05,6.62
2007-05-18 22:00:00,4.37,7.08,8.19,4.76,6.29,5.69,7.04
2007-05-18 23:00:00,2.58,10.73,8.2,5.03,6.26,8.02,6.82
2007-05-19 00:00:00,7.33,13.11,9.84,5.74,5.76,7.7,5.2700000000000005
2007-05-19 01:00:00,4.61,14.96,11.62,4.98,5.71,6.72,5.3500000000000005
2007-05-19 02:00:00,6.16,18.16,10.97,9.47,6.46,8.07,2.54
2007-05-19 03:00:00,5.41,20.06,10.56,10.37,7.81,8.41,0.7000000000000001
2007-05-19 04:00:00,2.33,20.87,9.29,9.5,8.76,9.74,2.31
2007-05-19 05:00:00,1.39,20.75,9.28,5.04,8.950000000000001,12.07,1.93
2007-05-19 06:00:00,2.53,20.88,9.73,2.91,6.38,10.88,1.61
2007-05-19 07:00:00,1.76,20.52,9.09,3.74,6.8100000000000005,9.0,1.52
2007-05-19 08:00:00,0.13,20.81,9.82,3.37,6.71,7.97,1.71
2007-05-19 09:00:00,0.88,20.87,10.29,2.83,4.87,7.09,1.55
2007-05-19 10:00:00,0.32,20.41,7.36,3.63,2.57,6.65,2.02
2007-05-19 11:00:00,0.68,17.490000000000002,9.31,3.5700000000000003,0.31,6.96,1.86
2007-05-19 12:00:00,0.6,15.57,8.790000000000001,3.04,2.21,6.23,2.04
2007-05-19 13:00:00,0.48,13.81,8.15,3.36,1.07,7.140000000000001,1.77
2007-05-19 14:00:00,0.17,12.15,3.42,1.99,2.74,6.74,2.87
2007-05-19 15:00:00,1.1,11.62,2.37,0.21,2.42,6.32,2.03
2007-05-19 16:00:00,2.48,7.18,1.31,1.53,2.46,6.48,1.73
2007-05-19 17:00:00,2.22,3.39,1.3,1.82,2.59,5.4,1.11
2007-05-19 18:00:00,4.11,0.23,1.89,2.82,3.73,4.45,1.35
2007-05-19 19:00:00,4.63,1.39,2.18,3.92,3.79,3.44,0.15
2007-05-19 20:00:00,4.55,2.24,2.13,4.32,3.9,2.89,1.39
2007-05-19 21:00:00,4.88,3.02,5.88,3.8,4.33,3.34,5.21
2007-05-19 22:00:00,5.1000000000000005,8.08,7.62,4.59,4.51,4.2,6.38
2007-05-19 23:00:00,4.15,12.07,9.17,4.5200000000000005,4.41,6.13,6.49
2007-05-20 00:00:00,3.67,14.28,10.69,4.21,5.68,7.16,5.54
2007-05-20 01:00:00,1.88,16.48,10.86,4.07,5.71,6.8500000000000005,3.31
2007-05-20 02:00:00,1.3,18.58,10.75,8.52,7.04,7.22,5.1000000000000005
2007-05-20 03:00:00,4.34,20.04,10.74,9.99,8.67,8.86,0.47
2007-05-20 04:00:00,1.06,20.16,9.7,10.15,8.98,9.4,0.86
2007-05-20 05:00:00,1.2,20.07,6.84,3.33,7.28,12.94,0.79
2007-05-20 06:00:00,1.77,19.07,7.73,3.0700000000000003,6.23,9.63,2.15
2007-05-20 07:00:00,1.73,18.32,9.39,2.51,6.5200000000000005,7.26,2.57
2007-05-20 08:00:00,0.85,18.56,8.59,2.95,5.5200000000000005,6.88,1.81
2007-05-20 09:00:00,1.53,17.76,7.29,3.43,5.0200000000000005,6.82,2.47
2007-05-20 10:00:00,0.9,18.1,9.88,4.13,4.71,6.5200000000000005,2.27
2007-05-20 11:00:00,0.91,18.63,9.84,3.78,4.57,6.54,2.31
2007-05-20 12:00:00,0.4,16.86,9.5,3.87,4.22,7.43,0.74
2007-05-20 13:00:00,1.66,10.07,5.63,4.0,2.39,7.24,3.35
2007-05-20 14:00:00,1.77,9.32,4.04,4.75,0.8,6.54,3.33
2007-05-20 15:00:00,2.26,11.88,2.68,3.47,2.73,7.140000000000001,1.47
2007-05-20 16:00:00,2.49,10.58,2.53,2.02,4.82,7.58,2.01
2007-05-20 17:00:00,3.22,9.83,2.51,2.87,5.67,6.2700000000000005,1.69
2007-05-20 18:00:00,4.1,9.72,3.31,6.46,6.37,3.96,1.49
2007-05-20 19:00:00,4.47,9.63,5.51,8.34,7.03,4.68,3.56
2007-05-20 20:00:00,5.15,11.2,8.870000000000001,8.91,7.77,6.7,6.54
2007-05-20 21:00:00,4.3100000000000005,13.47,9.56,10.14,7.96,7.46,6.99
2007-05-20 22:00:00,3.0,15.78,10.9,10.9,7.66,9.26,7.03
2007-05-20 23:00:00,5.89,18.19,12.01,10.78,7.91,10.19,6.91
2007-05-21 00:00:00,4.63,20.48,13.09,13.1,7.67,11.0,5.28
2007-05-21 01:00:00,5.23,21.54,13.52,13.29,7.890000000000001,10.84,3.84
2007-05-21 02:00:00,9.53,22.16,11.36,11.87,7.48,10.02,10.82
2007-05-21 03:00:00,9.85,23.66,12.67,11.26,9.02,8.89,9.81
2007-05-21 04:00:00,10.2,23.33,12.6,11.42,9.03,9.19,9.14
2007-05-21 05:00:00,9.53,19.74,12.73,5.59,8.65,8.77,8.64
2007-05-21 06:00:00,7.930000000000001,15.96,12.67,6.32,7.17,8.42,8.46
2007-05-21 07:00:00,6.57,17.01,13.82,7.41,7.42,8.26,10.79
2007-05-21 08:00:00,6.03,19.88,13.45,7.34,7.88,10.16,10.34
2007-05-21 09:00:00,5.47,23.88,11.8,7.2,9.91,9.05,11.38
2007-05-21 10:00:00,3.95,19.7,13.05,4.9,9.92,9.84,11.76
2007-05-21 11:00:00,3.71,20.05,12.99,5.48,9.97,9.54,11.43
2007-05-21 12:00:00,5.41,8.94,13.21,3.34,7.92,9.03,10.45
2007-05-21 13:00:00,4.5,13.19,6.38,5.03,8.38,9.99,6.43
2007-05-21 14:00:00,6.17,13.43,8.620000000000001,4.41,7.04,8.89,4.32
2007-05-21 15:00:00,7.0600000000000005,16.88,7.66,2.66,7.390000000000001,7.07,4.28
2007-05-21 16:00:00,5.34,14.41,6.82,1.83,9.2,7.05,3.06
2007-05-21 17:00:00,8.08,12.09,7.17,1.93,10.33,7.55,4.28
2007-05-21 18:00:00,7.56,9.98,7.45,1.46,9.85,7.75,3.99
2007-05-21 19:00:00,10.73,10.0,8.77,2.34,8.540000000000001,7.46,2.4
2007-05-21 20:00:00,11.73,11.61,10.67,4.21,8.96,7.15,5.46
2007-05-21 21:00:00,12.43,14.29,13.14,5.44,8.81,6.8,5.11
2007-05-21 22:00:00,12.58,16.66,14.77,6.57,8.790000000000001,7.78,5.26
2007-05-21 23:00:00,13.13,18.43,14.24,9.13,8.39,8.53,5.3500000000000005
2007-05-22 00:00:00,12.65,20.06,14.39,11.08,9.02,9.89,8.040000000000001
2007-05-22 01:00:00,11.97,22.0,13.93,10.59,9.19,9.63,11.22
2007-05-22 02:00:00,13.04,23.83,13.74,9.67,9.96,9.18,7.0200000000000005
2007-05-22 03:00:00,13.76,24.8,14.72,5.42,10.14,8.040000000000001,8.49
2007-05-22 04:00:00,14.09,24.52,14.85,4.93,9.68,8.120000000000001,6.86
2007-05-22 05:00:00,13.02,23.57,13.31,3.78,9.67,8.02,4.76
2007-05-22 06:00:00,10.79,22.8,13.8,3.16,9.26,7.36,3.53
2007-05-22 07:00:00,8.55,21.16,14.2,2.58,9.48,7.48,5.29
2007-05-22 08:00:00,6.88,19.7,13.88,1.21,9.41,7.74,4.24
2007-05-22 09:00:00,3.46,18.03,11.46,4.25,9.31,7.0200000000000005,5.32
2007-05-22 10:00:00,3.64,14.33,11.87,7.25,10.32,6.84,3.2
2007-05-22 11:00:00,4.6000000000000005,15.04,6.79,11.85,10.41,5.87,4.69
2007-05-22 12:00:00,8.45,13.16,5.74,14.31,6.74,5.42,6.49
2007-05-22 13:00:00,6.96,6.53,5.57,10.43,5.95,5.1000000000000005,2.58
2007-05-22 14:00:00,4.23,5.62,4.49,11.71,7.23,4.28,1.4
2007-05-22 15:00:00,3.82,3.91,3.12,9.84,7.75,3.81,1.22
2007-05-22 16:00:00,3.89,1.94,2.11,7.73,6.72,3.25,0.66
2007-05-22 17:00:00,3.44,1.92,0.72,5.15,7.12,1.97,0.31
2007-05-22 18:00:00,3.63,2.39,0.31,4.49,6.41,1.5,2.79
2007-05-22 19:00:00,3.31,2.94,1.55,1.83,6.7,2.12,3.96
2007-05-22 20:00:00,3.6,7.29,8.51,3.14,6.7700000000000005,4.78,3.64
2007-05-22 21:00:00,3.15,10.1,10.55,4.29,6.72,5.21,3.62
2007-05-22 22:00:00,0.52,13.65,12.02,6.47,6.34,7.05,8.63
2007-05-22 23:00:00,3.42,17.14,11.47,6.84,7.12,6.16,10.73
2007-05-23 00:00:00,2.33,19.54,12.13,9.98,7.96,7.71,4.3100000000000005
2007-05-23 01:00:00,5.41,19.17,11.24,10.04,9.48,9.09,9.51
2007-05-23 02:00:00,7.59,21.26,11.17,11.09,9.44,8.23,8.77
2007-05-23 03:00:00,8.89,20.79,12.14,5.98,9.2,10.86,8.53
2007-05-23 04:00:00,6.51,6.4,11.85,7.0200000000000005,8.99,9.87,2.88
2007-05-23 05:00:00,5.21,10.72,9.95,6.44,8.46,9.91,3.31
2007-05-23 06:00:00,4.63,17.240000000000002,8.57,3.83,6.8100000000000005,11.61,1.92
2007-05-23 07:00:00,5.01,16.48,9.42,5.49,6.0,11.76,3.04
2007-05-23 08:00:00,4.95,11.61,6.83,15.78,6.6000000000000005,6.8,3.6
2007-05-23 09:00:00,4.63,4.78,4.5,18.34,6.11,5.46,1.01
2007-05-23 10:00:00,10.5,2.28,1.01,17.19,7.28,4.66,1.3
2007-05-23 11:00:00,11.19,3.11,2.92,17.59,6.13,3.0700000000000003,1.97
2007-05-23 12:00:00,7.35,1.08,6.96,18.64,5.37,1.88,2.13
2007-05-23 13:00:00,4.48,5.08,11.37,19.06,3.26,2.63,1.76
2007-05-23 14:00:00,5.39,12.71,7.83,17.92,2.11,6.86,5.66
2007-05-23 15:00:00,6.0600000000000005,14.29,6.21,18.32,2.32,8.41,8.73
2007-05-23 16:00:00,6.2700000000000005,10.43,8.74,17.59,2.12,7.07,11.14
2007-05-23 17:00:00,7.57,10.49,10.06,15.69,1.44,6.34,9.67
2007-05-23 18:00:00,8.83,7.28,7.72,13.47,1.51,5.9,8.370000000000001
2007-05-23 19:00:00,8.24,8.06,8.19,11.7,2.06,5.76,8.48
2007-05-23 20:00:00,7.9,6.45,7.99,10.43,2.98,4.7700000000000005,7.59
2007-05-23 21:00:00,7.55,5.51,6.2,9.46,3.3000000000000003,5.13,6.49
2007-05-23 22:00:00,7.24,4.46,6.08,7.84,4.22,5.37,5.37
2007-05-23 23:00:00,6.32,4.0200000000000005,6.53,6.7700000000000005,4.87,5.66,4.68
2007-05-24 00:00:00,6.08,3.16,5.4,6.16,5.12,5.26,4.44
2007-05-24 01:00:00,5.87,3.03,4.6000000000000005,5.66,4.28,5.71,3.75
2007-05-24 02:00:00,4.98,3.33,4.97,5.43,4.7700000000000005,6.44,4.39
2007-05-24 03:00:00,2.71,1.78,5.04,4.61,6.58,6.1000000000000005,4.75
2007-05-24 04:00:00,2.22,0.76,3.44,4.38,6.47,4.57,2.88
2007-05-24 05:00:00,2.17,2.07,2.2,4.82,4.94,2.13,2.8000000000000003
2007-05-24 06:00:00,3.0500000000000003,0.89,3.96,4.33,6.23,2.24,1.94
2007-05-24 07:00:00,3.34,1.71,3.62,4.78,6.08,2.32,2.81
2007-05-24 08:00:00,3.7,1.76,2.98,5.26,5.49,2.33,3.64
2007-05-24 09:00:00,3.43,2.25,2.5500000000000003,4.46,3.72,1.68,5.43
2007-05-24 10:00:00,3.02,1.64,2.41,2.19,2.98,2.2,5.01
2007-05-24 11:00:00,2.83,1.54,1.66,2.22,2.26,3.16,2.96
2007-05-24 12:00:00,2.87,1.19,1.49,3.25,1.67,3.2,3.91
2007-05-24 13:00:00,2.64,0.48,2.32,6.22,4.5600000000000005,3.44,3.13
2007-05-24 14:00:00,2.98,0.17,1.61,6.3100000000000005,3.52,2.54,3.31
2007-05-24 15:00:00,3.06,1.38,0.71,5.9,1.81,2.18,1.22
2007-05-24 16:00:00,3.83,1.71,1.4,4.26,5.3100000000000005,3.29,2.16
2007-05-24 17:00:00,4.33,1.96,2.14,2.77,6.0,3.76,2.67
2007-05-24 18:00:00,4.3500000000000005,3.21,1.2,2.45,5.58,2.97,2.58
2007-05-24 19:00:00,4.57,2.33,0.61,2.5500000000000003,5.07,2.09,2.44
2007-05-24 20:00:00,5.59,2.39,0.58,3.1,4.72,2.12,1.92
2007-05-24 21:00:00,5.04,2.73,1.9,2.58,4.09,2.18,1.75
2007-05-24 22:00:00,4.41,2.68,7.79,3.12,3.72,3.81,2.41
2007-05-24 23:00:00,4.22,3.51,8.43,3.8,3.3200000000000003,6.92,7.45
2007-05-25 00:00:00,4.5,4.48,9.88,3.78,3.4,7.21,9.44
2007-05-25 01:00:00,3.18,9.46,10.73,3.41,4.39,7.73,9.29
2007-05-25 02:00:00,3.33,11.95,10.51,4.3500000000000005,4.21,5.26,7.99
2007-05-25 03:00:00,7.45,13.16,10.82,5.16,4.7700000000000005,6.9,8.22
2007-05-25 04:00:00,7.26,13.8,10.21,10.17,5.68,9.01,6.54
2007-05-25 05:00:00,5.96,14.74,8.8,7.76,6.46,7.92,6.75
2007-05-25 06:00:00,3.19,12.56,9.27,1.93,6.99,6.78,8.69
2007-05-25 07:00:00,3.8,5.12,9.69,1.86,6.08,4.65,5.51
2007-05-25 08:00:00,4.44,4.92,8.88,1.97,5.84,3.92,3.6
2007-05-25 09:00:00,3.58,3.35,6.0200000000000005,3.09,2.98,4.6000000000000005,2.33
2007-05-25 10:00:00,2.48,5.64,2.99,3.11,1.9,4.67,1.04
2007-05-25 11:00:00,1.68,6.23,3.02,2.96,1.27,4.75,2.26
2007-05-25 12:00:00,2.03,6.3500000000000005,1.45,1.78,2.0,4.67,3.13
2007-05-25 13:00:00,1.77,8.950000000000001,1.34,0.74,3.96,4.54,2.03
2007-05-25 14:00:00,0.85,3.8,1.6,0.45,4.4,4.17,1.97
2007-05-25 15:00:00,1.43,1.78,0.99,0.6900000000000001,3.34,4.34,1.38
2007-05-25 16:00:00,3.15,1.21,0.48,1.18,2.86,3.74,1.86
2007-05-25 17:00:00,3.92,1.5,1.39,2.4,2.94,3.01,0.84
2007-05-25 18:00:00,4.53,1.56,0.79,3.24,4.23,2.27,0.93
2007-05-25 19:00:00,5.67,2.06,0.49,3.33,4.49,1.96,2.0
2007-05-25 20:00:00,5.75,3.28,1.19,3.31,4.86,2.45,2.56
2007-05-25 21:00:00,5.3,3.89,4.45,2.86,5.29,2.98,2.96
2007-05-25 22:00:00,4.9,4.34,8.13,3.25,5.37,7.04,7.0600000000000005
2007-05-25 23:00:00,5.51,4.54,9.36,4.0200000000000005,5.6000000000000005,6.86,8.53
2007-05-26 00:00:00,7.69,9.17,9.76,4.3100000000000005,5.74,8.11,9.78
2007-05-26 01:00:00,5.01,12.14,9.87,3.81,5.71,7.73,9.27
2007-05-26 02:00:00,7.44,13.36,10.88,4.2700000000000005,5.98,7.44,7.0600000000000005
2007-05-26 03:00:00,5.37,15.39,11.75,9.75,7.22,9.49,9.44
2007-05-26 04:00:00,4.87,14.97,11.16,4.67,7.890000000000001,7.37,8.06
2007-05-26 05:00:00,5.46,9.35,10.49,4.22,8.38,7.07,6.23
2007-05-26 06:00:00,5.82,5.93,9.67,3.67,9.58,7.32,6.45
2007-05-26 07:00:00,5.49,9.98,8.85,4.59,6.74,5.8,5.97
2007-05-26 08:00:00,6.24,6.7700000000000005,6.75,4.43,6.16,6.34,4.46
2007-05-26 09:00:00,5.53,6.57,6.16,4.59,5.91,5.89,1.36
2007-05-26 10:00:00,5.71,3.4,5.58,4.24,6.36,6.12,1.96
2007-05-26 11:00:00,4.72,3.93,5.07,3.96,6.16,5.19,1.46
2007-05-26 12:00:00,2.43,2.12,3.63,3.81,6.33,3.88,1.84
2007-05-26 13:00:00,3.76,2.72,4.32,2.89,6.32,3.13,0.93
2007-05-26 14:00:00,2.26,2.24,2.64,2.06,5.92,2.65,1.64
2007-05-26 15:00:00,1.94,2.28,1.67,1.63,5.14,2.66,1.68
2007-05-26 16:00:00,3.09,3.0,1.79,2.11,4.49,1.86,2.45
2007-05-26 17:00:00,3.94,2.16,1.69,2.75,4.61,1.6,3.12
2007-05-26 18:00:00,5.08,2.93,2.11,3.78,5.5200000000000005,1.82,3.89
2007-05-26 19:00:00,5.22,3.5500000000000003,5.91,4.54,5.8100000000000005,2.01,5.3100000000000005
2007-05-26 20:00:00,4.63,4.11,7.61,4.68,5.87,5.0600000000000005,6.69
2007-05-26 21:00:00,5.3100000000000005,4.94,8.32,5.07,5.7,8.16,7.76
2007-05-26 22:00:00,6.69,6.5200000000000005,9.81,5.33,5.48,10.05,10.19
2007-05-26 23:00:00,7.92,7.03,11.19,5.42,5.28,9.98,11.42
2007-05-27 00:00:00,8.73,10.07,12.0,6.05,5.22,11.27,10.34
2007-05-27 01:00:00,8.5,12.38,11.91,5.79,5.38,11.09,9.94
2007-05-27 02:00:00,10.06,15.56,12.43,11.54,5.5200000000000005,11.62,9.11
2007-05-27 03:00:00,9.98,16.51,12.1,9.49,6.75,10.78,8.77
2007-05-27 04:00:00,10.22,16.830000000000002,11.48,8.18,7.69,7.75,6.84
2007-05-27 05:00:00,10.37,12.2,10.57,4.34,8.77,7.1000000000000005,6.41
2007-05-27 06:00:00,11.3,5.2700000000000005,10.88,3.99,5.63,7.54,7.12
2007-05-27 07:00:00,11.04,2.66,8.63,3.87,4.58,8.13,4.64
2007-05-27 08:00:00,10.14,1.69,8.6,3.97,5.11,7.01,2.01
2007-05-27 09:00:00,9.25,2.15,7.63,3.71,5.3,6.55,1.25
2007-05-27 10:00:00,9.31,2.73,7.25,4.23,5.58,5.89,2.71
2007-05-27 11:00:00,7.4,1.99,6.5,3.21,5.96,5.28,2.46
2007-05-27 12:00:00,8.21,2.13,5.57,2.88,5.62,5.57,2.33
2007-05-27 13:00:00,7.61,1.89,5.9,2.6,5.58,4.97,2.54
2007-05-27 14:00:00,7.4,3.04,4.97,2.13,5.29,4.24,2.24
2007-05-27 15:00:00,5.62,3.06,5.07,2.17,4.6000000000000005,4.45,2.0
2007-05-27 16:00:00,4.42,2.89,7.0,3.3200000000000003,4.95,4.43,2.7
2007-05-27 17:00:00,3.58,2.88,7.62,5.45,5.57,4.44,2.37
2007-05-27 18:00:00,4.68,1.29,8.620000000000001,6.3,6.18,5.36,7.49
2007-05-27 19:00:00,6.05,1.88,9.81,7.07,6.55,5.83,10.0
2007-05-27 20:00:00,8.19,6.21,10.79,7.62,6.57,9.05,10.92
2007-05-27 21:00:00,9.7,8.13,11.91,7.86,6.45,9.34,11.94
2007-05-27 22:00:00,10.74,10.72,12.43,8.91,6.07,10.89,12.06
2007-05-27 23:00:00,11.37,11.89,12.67,10.11,5.91,11.0,12.31
2007-05-28 00:00:00,12.23,13.07,12.43,12.06,5.94,10.76,11.55
2007-05-28 01:00:00,12.86,13.3,12.3,13.03,6.0600000000000005,10.37,11.04
2007-05-28 02:00:00,13.57,14.03,12.09,12.13,6.97,9.35,9.56
2007-05-28 03:00:00,13.64,6.68,12.3,11.01,7.96,9.31,10.69
2007-05-28 04:00:00,13.04,5.37,12.09,9.62,8.82,7.65,9.85
2007-05-28 05:00:00,13.03,5.59,12.27,8.77,8.74,7.59,6.0200000000000005
2007-05-28 06:00:00,12.8,4.71,12.61,8.81,11.02,7.85,5.5600000000000005
2007-05-28 07:00:00,12.58,4.57,11.88,7.86,7.95,7.87,5.79
2007-05-28 08:00:00,12.73,5.8,11.93,6.82,6.54,8.16,5.93
2007-05-28 09:00:00,11.84,2.91,11.66,6.73,5.88,8.56,7.41
2007-05-28 10:00:00,11.29,2.01,12.06,5.67,5.65,8.59,7.68
2007-05-28 11:00:00,10.76,2.28,12.05,4.04,5.88,8.34,7.47
2007-05-28 12:00:00,11.0,4.94,11.14,2.91,6.26,7.25,7.890000000000001
2007-05-28 13:00:00,10.24,4.24,10.57,3.22,6.83,6.61,7.41
2007-05-28 14:00:00,9.95,2.57,7.52,1.74,6.86,6.3,5.5
2007-05-28 15:00:00,9.52,1.49,7.58,1.84,6.62,5.88,5.23
2007-05-28 16:00:00,9.49,2.61,8.0,3.62,6.3100000000000005,7.18,4.9
2007-05-28 17:00:00,9.14,1.44,8.68,5.44,7.04,7.22,4.99
2007-05-28 18:00:00,9.66,0.64,9.2,5.23,7.58,8.05,6.36
2007-05-28 19:00:00,10.13,1.21,9.85,5.76,7.38,10.17,8.41
2007-05-28 20:00:00,10.66,4.76,11.03,6.73,7.48,9.42,10.2
2007-05-28 21:00:00,11.22,6.4,12.04,7.37,7.48,10.85,11.59
2007-05-28 22:00:00,11.99,8.69,13.1,7.69,6.98,11.17,12.52
2007-05-28 23:00:00,13.15,10.86,13.58,9.12,7.49,11.47,12.74
2007-05-29 00:00:00,13.07,13.22,13.86,10.77,7.33,11.58,12.6
2007-05-29 01:00:00,12.94,14.82,13.48,11.49,6.9,10.34,11.53
2007-05-29 02:00:00,13.15,17.14,13.41,9.67,7.42,9.01,11.36
2007-05-29 03:00:00,12.73,18.8,13.57,6.37,8.03,9.04,9.87
2007-05-29 04:00:00,12.26,16.39,12.68,5.03,9.68,8.17,6.55
2007-05-29 05:00:00,11.5,15.15,11.5,4.74,8.34,7.96,8.56
2007-05-29 06:00:00,10.95,8.77,11.01,3.51,10.62,7.73,6.33
2007-05-29 07:00:00,10.28,5.08,9.52,4.07,9.56,7.28,6.95
2007-05-29 08:00:00,9.15,4.72,7.77,6.11,7.96,7.1000000000000005,4.71
2007-05-29 09:00:00,9.01,3.86,8.03,7.86,6.84,7.24,3.58
2007-05-29 10:00:00,5.62,1.84,6.76,5.39,6.79,8.2,2.32
2007-05-29 11:00:00,4.38,1.26,8.24,4.88,6.87,8.620000000000001,3.09
2007-05-29 12:00:00,3.13,2.29,7.81,3.13,6.72,7.97,3.22
2007-05-29 13:00:00,1.42,2.41,5.87,3.14,5.41,7.05,2.56
2007-05-29 14:00:00,0.6,2.32,3.6,2.28,3.6,6.67,2.15
2007-05-29 15:00:00,2.03,1.42,2.91,3.23,2.81,6.44,2.56
2007-05-29 16:00:00,1.93,1.25,2.53,5.49,4.19,6.9,1.7
2007-05-29 17:00:00,2.5500000000000003,1.5,1.46,5.78,4.7700000000000005,5.37,1.27
2007-05-29 18:00:00,3.58,1.97,1.1,7.5,5.3100000000000005,3.62,4.1
2007-05-29 19:00:00,3.94,2.47,0.42,6.9,5.43,3.0500000000000003,4.26
2007-05-29 20:00:00,3.79,1.19,5.67,6.2,5.55,3.49,4.51
2007-05-29 21:00:00,1.67,2.79,7.32,4.92,4.99,5.8100000000000005,6.21
2007-05-29 22:00:00,0.97,3.8,8.98,3.88,5.0600000000000005,6.74,7.58
2007-05-29 23:00:00,1.72,3.33,10.85,4.0,4.96,7.37,9.17
2007-05-30 00:00:00,5.5600000000000005,9.87,11.8,3.8,4.95,7.51,10.51
2007-05-30 01:00:00,6.78,12.03,11.44,3.46,5.18,7.03,9.88
2007-05-30 02:00:00,4.26,13.0,12.55,6.3100000000000005,5.2700000000000005,6.17,10.17
2007-05-30 03:00:00,3.47,15.02,13.02,7.84,6.8500000000000005,7.33,9.63
2007-05-30 04:00:00,4.49,13.28,12.07,6.75,8.290000000000001,7.59,7.28
2007-05-30 05:00:00,6.18,11.84,11.52,5.3100000000000005,6.83,7.5,8.07
2007-05-30 06:00:00,6.0600000000000005,10.14,10.93,4.57,5.48,7.33,8.120000000000001
2007-05-30 07:00:00,5.13,9.61,10.61,3.62,6.79,6.58,5.71
2007-05-30 08:00:00,3.44,6.88,9.25,4.71,4.2,5.98,1.93
2007-05-30 09:00:00,2.94,5.46,6.84,4.78,2.52,5.95,1.95
2007-05-30 10:00:00,1.31,2.66,5.26,4.0200000000000005,2.09,6.55,2.15
2007-05-30 11:00:00,1.35,1.9,5.17,2.8000000000000003,1.87,7.17,1.62
2007-05-30 12:00:00,0.86,1.87,4.7700000000000005,2.85,0.74,7.0,1.89
2007-05-30 13:00:00,0.56,2.5,4.59,2.76,1.23,6.73,1.68
2007-05-30 14:00:00,0.88,2.93,4.67,2.34,1.54,5.29,1.64
2007-05-30 15:00:00,1.63,2.63,3.97,0.68,1.79,4.45,1.91
2007-05-30 16:00:00,2.16,2.62,4.3500000000000005,1.85,1.86,3.75,3.0500000000000003
2007-05-30 17:00:00,2.88,2.82,4.0200000000000005,2.57,3.6,2.8000000000000003,2.98
2007-05-30 18:00:00,4.15,2.67,5.7700000000000005,3.33,4.15,2.69,3.7
2007-05-30 19:00:00,3.63,3.0,7.11,4.15,4.65,3.52,6.74
2007-05-30 20:00:00,2.67,3.86,8.4,4.09,4.45,5.19,8.74
2007-05-30 21:00:00,7.9,5.5600000000000005,9.59,4.44,4.21,7.75,9.5
2007-05-30 22:00:00,2.74,7.890000000000001,10.52,5.3100000000000005,4.17,8.13,9.88
2007-05-30 23:00:00,7.99,7.2,11.14,5.4,4.69,10.02,10.65
2007-05-31 00:00:00,9.16,9.87,11.43,5.32,4.98,9.51,10.56
2007-05-31 01:00:00,9.78,12.97,11.76,10.16,5.2700000000000005,9.0,10.37
2007-05-31 02:00:00,10.13,15.52,12.73,11.45,6.11,8.89,8.43
2007-05-31 03:00:00,10.52,16.97,11.79,9.53,7.09,8.39,10.71
2007-05-31 04:00:00,10.97,17.07,11.15,7.98,8.68,7.71,10.03
2007-05-31 05:00:00,11.6,17.11,10.44,4.22,8.61,8.790000000000001,6.46
2007-05-31 06:00:00,12.19,15.82,10.51,3.5,9.4,8.76,4.28
2007-05-31 07:00:00,11.51,15.31,10.9,3.41,9.24,7.87,2.17
2007-05-31 08:00:00,10.6,14.53,9.92,4.07,8.56,7.07,1.12
2007-05-31 09:00:00,8.69,16.34,7.82,4.86,7.930000000000001,7.63,1.41
2007-05-31 10:00:00,7.48,14.54,7.09,4.9,6.87,7.52,1.27
2007-05-31 11:00:00,7.21,12.28,7.34,5.29,5.5600000000000005,7.99,2.02
2007-05-31 12:00:00,5.69,6.07,6.34,5.18,5.08,7.79,3.91
2007-05-31 13:00:00,5.13,5.18,4.67,4.44,3.68,7.11,3.82
2007-05-31 14:00:00,3.63,2.8000000000000003,4.34,3.39,3.62,6.97,2.53
2007-05-31 15:00:00,2.43,0.98,2.99,1.44,0.92,6.28,1.93
2007-05-31 16:00:00,3.0,3.28,2.37,1.23,2.58,6.19,1.91
2007-05-31 17:00:00,3.33,3.01,2.42,1.78,2.25,5.5,2.0
2007-05-31 18:00:00,2.67,2.92,3.09,2.53,2.5500000000000003,4.5600000000000005,2.18
2007-05-31 19:00:00,3.0700000000000003,2.33,3.3000000000000003,2.86,2.85,3.3200000000000003,2.91
2007-05-31 20:00:00,4.07,2.04,6.16,3.0700000000000003,2.43,3.71,6.78
2007-05-31 21:00:00,4.73,1.6,7.03,3.28,2.63,6.07,5.25
2007-05-31 22:00:00,4.8,6.94,8.94,3.69,2.65,6.1000000000000005,8.4
2007-05-31 23:00:00,2.99,10.13,9.99,3.5,3.31,6.8100000000000005,9.28
2007-06-01 00:00:00,7.6,12.77,10.77,3.33,4.5,6.36,7.6
2007-06-01 01:00:00,7.77,14.42,11.77,3.18,4.14,7.69,6.01
2007-06-01 02:00:00,8.88,16.78,11.55,10.6,7.09,8.2,1.72
2007-06-01 03:00:00,8.98,17.81,10.54,10.75,8.89,8.16,1.44
2007-06-01 04:00:00,8.53,16.8,10.65,9.9,10.12,8.33,1.72
2007-06-01 05:00:00,8.42,16.56,9.11,3.98,10.05,8.52,1.52
2007-06-01 06:00:00,8.18,15.53,8.52,2.79,9.45,8.21,2.46
2007-06-01 07:00:00,7.38,14.72,7.34,3.4,6.98,7.65,2.13
2007-06-01 08:00:00,7.22,10.48,6.41,3.42,5.96,7.45,2.97
2007-06-01 09:00:00,6.61,6.37,6.3,3.16,4.46,7.19,2.51
2007-06-01 10:00:00,5.91,3.97,5.49,3.03,5.0600000000000005,7.09,2.32
2007-06-01 11:00:00,4.8,2.83,5.3,2.37,4.5600000000000005,6.87,2.38
2007-06-01 12:00:00,3.89,2.49,5.44,2.86,3.1,6.5600000000000005,2.49
2007-06-01 13:00:00,2.17,2.87,4.29,2.62,1.4,6.47,1.99
2007-06-01 14:00:00,0.97,3.06,3.5700000000000003,1.56,1.47,6.3500000000000005,2.59
2007-06-01 15:00:00,0.59,3.93,1.76,0.78,2.76,5.93,2.39
2007-06-01 16:00:00,1.68,3.59,2.06,0.72,3.12,5.26,3.0
2007-06-01 17:00:00,1.61,3.0500000000000003,2.12,1.29,3.45,4.73,3.19
2007-06-01 18:00:00,2.95,3.14,2.72,2.12,3.31,3.97,3.83
2007-06-01 19:00:00,3.86,3.0500000000000003,4.65,2.84,4.03,3.69,3.98
2007-06-01 20:00:00,3.9,3.18,6.07,3.25,3.7,3.92,5.26
2007-06-01 21:00:00,3.24,3.72,7.140000000000001,4.38,4.92,5.83,6.04
2007-06-01 22:00:00,2.16,4.8500000000000005,7.74,5.0600000000000005,5.04,7.5,7.94
2007-06-01 23:00:00,6.96,5.99,9.48,5.92,6.07,9.79,9.41
2007-06-02 00:00:00,7.18,6.97,9.95,6.3500000000000005,6.890000000000001,10.1,9.72
2007-06-02 01:00:00,4.99,10.25,9.41,6.53,8.07,7.66,9.24
2007-06-02 02:00:00,4.07,13.13,9.11,9.18,8.67,8.58,9.31
2007-06-02 03:00:00,5.18,14.33,10.03,8.56,9.02,10.34,7.11
2007-06-02 04:00:00,5.42,13.93,8.19,6.8100000000000005,9.74,8.51,5.29
2007-06-02 05:00:00,3.99,12.77,8.33,5.55,9.79,8.18,3.19
2007-06-02 06:00:00,2.85,12.34,8.09,4.54,10.13,9.38,3.4
2007-06-02 07:00:00,3.37,12.47,7.31,4.0200000000000005,10.94,8.15,4.05
2007-06-02 08:00:00,4.09,10.53,8.870000000000001,2.92,9.79,7.41,3.99
2007-06-02 09:00:00,2.47,9.8,7.86,3.59,7.36,7.7,0.37
2007-06-02 10:00:00,2.52,14.11,8.19,4.66,7.26,6.91,3.19
2007-06-02 11:00:00,2.51,4.83,6.99,3.38,8.57,6.93,5.38
2007-06-02 12:00:00,3.9,2.67,6.37,2.78,5.4,6.03,3.85
2007-06-02 13:00:00,4.32,2.38,5.58,3.2,6.38,5.86,3.02
2007-06-02 14:00:00,2.14,2.98,5.21,3.18,6.28,7.43,2.51
2007-06-02 15:00:00,0.89,2.03,2.83,1.76,5.66,6.43,1.82
2007-06-02 16:00:00,1.26,3.89,1.64,3.17,4.74,6.58,2.43
2007-06-02 17:00:00,2.31,2.1,2.35,2.1,4.8100000000000005,5.2700000000000005,3.02
2007-06-02 18:00:00,3.53,2.39,3.37,2.29,5.39,4.64,4.0200000000000005
2007-06-02 19:00:00,3.5500000000000003,2.89,4.28,1.86,5.66,4.46,4.86
2007-06-02 20:00:00,1.8,2.1,6.73,3.25,6.8100000000000005,4.3100000000000005,7.27
2007-06-02 21:00:00,1.8,4.69,7.81,3.14,6.45,6.29,9.05
2007-06-02 22:00:00,1.29,10.6,9.36,4.2,6.87,5.92,6.13
2007-06-02 23:00:00,6.78,13.7,11.46,5.15,6.88,6.43,3.3000000000000003
2007-06-03 00:00:00,5.2700000000000005,16.12,11.55,6.69,7.54,7.55,4.78
2007-06-03 01:00:00,7.96,17.7,11.52,11.3,6.62,8.45,3.71
2007-06-03 02:00:00,10.77,19.25,10.21,10.62,6.96,8.19,8.58
2007-06-03 03:00:00,10.62,19.94,10.88,9.0,8.86,8.3,9.27
2007-06-03 04:00:00,8.55,19.7,10.33,3.5500000000000003,8.96,8.63,7.45
2007-06-03 05:00:00,5.37,16.27,9.34,4.41,7.6,8.45,6.3
2007-06-03 06:00:00,5.68,10.96,8.63,3.2,7.68,8.120000000000001,5.6000000000000005
2007-06-03 07:00:00,2.69,7.25,8.55,2.73,7.52,7.3,5.01
2007-06-03 08:00:00,2.48,4.14,6.38,3.42,6.47,7.35,3.75
2007-06-03 09:00:00,2.98,2.17,5.28,4.57,4.53,7.32,4.0
2007-06-03 10:00:00,4.29,1.25,5.15,4.91,3.77,6.79,2.59
2007-06-03 11:00:00,4.16,1.77,4.0200000000000005,5.07,2.59,6.0200000000000005,2.16
2007-06-03 12:00:00,4.22,1.14,3.2,5.55,1.08,5.71,2.09
2007-06-03 13:00:00,3.88,0.96,2.71,5.87,0.25,5.76,1.95
2007-06-03 14:00:00,3.51,1.6,2.36,5.57,2.51,4.82,1.78
2007-06-03 15:00:00,2.91,1.59,1.66,3.23,1.67,4.15,1.14
2007-06-03 16:00:00,2.3000000000000003,2.1,2.16,0.72,1.31,4.83,1.45
2007-06-03 17:00:00,1.5,2.24,1.99,1.5,1.9,5.96,1.45
2007-06-03 18:00:00,1.9,2.7,4.16,2.59,3.56,5.58,1.51
2007-06-03 19:00:00,2.1,9.2,5.55,3.9,4.34,5.23,6.0200000000000005
2007-06-03 20:00:00,3.09,11.04,7.56,6.78,4.46,5.39,6.5600000000000005
2007-06-03 21:00:00,2.82,12.77,9.59,7.84,3.46,5.72,7.24
2007-06-03 22:00:00,3.08,14.04,10.33,6.99,4.42,7.26,8.11
2007-06-03 23:00:00,2.54,15.24,10.44,10.99,5.82,7.83,8.290000000000001
2007-06-04 00:00:00,2.26,18.69,10.87,12.35,6.5200000000000005,8.27,9.05
2007-06-04 01:00:00,3.19,18.91,10.22,13.7,7.24,8.56,9.49
2007-06-04 02:00:00,3.29,20.58,9.16,11.37,6.59,7.32,8.3
2007-06-04 03:00:00,3.25,21.8,9.36,9.08,8.52,7.12,7.28
2007-06-04 04:00:00,4.41,21.64,10.53,8.94,8.43,6.99,7.46
2007-06-04 05:00:00,5.48,20.81,11.81,5.63,8.540000000000001,7.79,9.21
2007-06-04 06:00:00,5.84,19.09,11.88,6.23,8.9,9.05,9.94
2007-06-04 07:00:00,4.36,17.150000000000002,12.58,4.87,8.88,8.84,10.74
2007-06-04 08:00:00,5.89,11.57,12.33,4.68,9.09,8.2,9.15
2007-06-04 09:00:00,4.62,11.12,12.89,4.57,7.47,9.59,10.14
2007-06-04 10:00:00,5.59,8.69,10.43,4.54,6.94,9.84,9.32
2007-06-04 11:00:00,5.11,8.76,6.92,3.99,6.2700000000000005,9.02,8.66
2007-06-04 12:00:00,5.47,7.42,4.05,3.45,4.98,7.930000000000001,3.94
2007-06-04 13:00:00,5.16,10.24,4.3100000000000005,3.0500000000000003,4.25,7.66,1.72
2007-06-04 14:00:00,4.87,11.05,3.61,3.22,3.04,7.930000000000001,2.73
2007-06-04 15:00:00,4.18,12.99,0.46,3.81,2.51,6.69,0.35
2007-06-04 16:00:00,2.69,12.03,0.95,3.88,1.83,8.790000000000001,2.18
2007-06-04 17:00:00,1.19,12.18,4.66,4.49,2.58,7.42,1.15
2007-06-04 18:00:00,1.57,12.66,8.55,4.96,2.31,8.07,1.47
2007-06-04 19:00:00,3.75,13.14,9.85,7.49,4.8,7.41,7.58
2007-06-04 20:00:00,4.07,14.32,9.4,8.63,5.0600000000000005,7.3,9.1
2007-06-04 21:00:00,3.6,15.47,9.27,10.06,5.17,7.98,9.65
2007-06-04 22:00:00,4.05,17.91,9.4,11.48,6.54,9.49,9.29
2007-06-04 23:00:00,2.72,18.19,9.57,13.12,7.66,12.36,9.15
2007-06-05 00:00:00,4.2,16.5,9.14,14.17,8.22,13.24,8.84
2007-06-05 01:00:00,8.370000000000001,14.19,8.790000000000001,14.41,7.85,12.93,8.63
2007-06-05 02:00:00,11.76,6.07,8.67,11.05,8.76,13.9,5.99
2007-06-05 03:00:00,13.47,2.25,9.6,11.44,9.96,13.93,8.84
2007-06-05 04:00:00,13.79,2.97,9.52,11.91,10.07,13.34,8.34
2007-06-05 05:00:00,14.06,3.08,9.61,15.95,10.12,8.43,9.08
2007-06-05 06:00:00,14.34,1.95,9.99,16.35,9.92,8.47,7.94
2007-06-05 07:00:00,14.62,3.19,10.64,16.17,11.15,8.66,9.39
2007-06-05 08:00:00,14.5,3.2,10.87,15.47,11.52,9.43,9.07
2007-06-05 09:00:00,14.39,1.86,10.96,14.77,11.01,10.32,10.38
2007-06-05 10:00:00,15.15,4.25,9.26,13.94,10.92,10.73,10.05
2007-06-05 11:00:00,14.41,5.89,8.620000000000001,12.95,10.72,10.38,6.67
2007-06-05 12:00:00,15.1,7.5,8.19,11.31,11.42,10.16,6.18
2007-06-05 13:00:00,14.55,8.1,8.84,10.12,11.52,10.17,5.5600000000000005
2007-06-05 14:00:00,14.24,9.24,7.21,8.290000000000001,8.84,9.2,3.0500000000000003
2007-06-05 15:00:00,13.95,18.79,9.67,6.91,7.930000000000001,10.93,7.0600000000000005
2007-06-05 16:00:00,14.69,18.61,10.86,9.85,8.120000000000001,11.75,10.53
2007-06-05 17:00:00,16.2,17.0,11.06,12.05,8.55,12.34,8.67
2007-06-05 18:00:00,17.27,15.67,11.48,13.91,9.36,13.32,9.56
2007-06-05 19:00:00,20.54,15.09,12.34,15.49,10.04,14.61,11.13
2007-06-05 20:00:00,23.15,14.71,12.72,16.3,9.82,15.81,10.9
2007-06-05 21:00:00,24.16,12.57,13.81,17.8,9.66,18.44,9.39
2007-06-05 22:00:00,24.1,11.47,14.62,17.93,10.34,17.81,10.37
2007-06-05 23:00:00,23.17,11.58,14.33,18.24,11.55,17.16,11.42
2007-06-06 00:00:00,20.9,14.22,14.96,17.81,11.62,17.41,14.24
2007-06-06 01:00:00,19.27,17.16,14.67,18.64,10.08,17.89,14.14
2007-06-06 02:00:00,18.24,13.5,12.45,19.9,12.34,19.15,13.37
2007-06-06 03:00:00,17.8,7.0,12.06,17.46,12.05,18.76,9.79
2007-06-06 04:00:00,16.94,0.24,12.31,16.96,17.16,15.33,7.05
2007-06-06 05:00:00,16.47,5.96,11.33,15.72,18.89,12.1,6.44
2007-06-06 06:00:00,16.67,6.13,14.18,16.29,17.330000000000002,13.47,11.15
2007-06-06 07:00:00,16.55,11.89,14.65,16.31,18.21,14.79,10.36
2007-06-06 08:00:00,15.91,12.51,14.86,13.15,17.76,14.7,12.41
2007-06-06 09:00:00,16.03,8.92,13.76,13.05,20.33,15.62,11.9
2007-06-06 10:00:00,18.55,8.040000000000001,12.59,13.13,17.21,15.93,8.51
2007-06-06 11:00:00,18.52,3.25,12.16,6.63,13.26,14.38,6.62
2007-06-06 12:00:00,18.94,12.91,10.2,7.4,13.36,13.39,7.03
2007-06-06 13:00:00,20.08,14.77,10.43,6.32,11.92,13.92,3.14
2007-06-06 14:00:00,19.61,13.61,9.3,4.92,9.76,13.32,3.98
2007-06-06 15:00:00,17.72,13.48,8.43,9.33,8.71,13.51,1.61
2007-06-06 16:00:00,16.39,12.16,8.74,11.09,10.63,15.65,2.97
2007-06-06 17:00:00,16.48,11.66,9.76,10.7,10.54,16.61,3.27
2007-06-06 18:00:00,17.3,11.55,10.04,11.82,10.69,16.9,7.95
2007-06-06 19:00:00,15.43,12.07,10.83,11.21,11.86,17.330000000000002,9.79
2007-06-06 20:00:00,14.31,12.77,11.2,11.75,11.46,17.51,10.74
2007-06-06 21:00:00,14.13,13.81,11.57,11.65,9.61,17.82,11.22
2007-06-06 22:00:00,14.79,14.65,11.75,12.12,8.0,18.65,11.49
2007-06-06 23:00:00,15.91,16.15,12.12,12.34,8.16,18.81,11.54
2007-06-07 00:00:00,16.14,18.81,12.15,12.41,8.5,19.03,10.84
2007-06-07 01:00:00,17.330000000000002,22.27,12.85,12.02,9.03,20.0,10.07
2007-06-07 02:00:00,17.17,25.63,13.61,11.98,8.58,17.8,9.22
2007-06-07 03:00:00,17.19,24.59,15.43,8.08,9.92,12.89,5.38
2007-06-07 04:00:00,16.81,23.04,15.23,10.07,13.17,11.34,7.95
2007-06-07 05:00:00,17.11,20.69,10.7,7.140000000000001,13.81,12.46,18.94
2007-06-07 06:00:00,15.84,17.92,11.41,6.74,14.71,11.18,19.78
2007-06-07 07:00:00,14.02,16.72,7.9,9.27,13.98,9.42,18.71
2007-06-07 08:00:00,12.74,14.86,7.55,7.38,11.99,6.24,16.5
2007-06-07 09:00:00,12.46,13.34,3.67,10.87,13.19,5.99,10.84
2007-06-07 10:00:00,8.2,12.13,1.1,10.21,9.65,4.43,10.08
2007-06-07 11:00:00,9.63,11.23,1.08,14.32,8.58,4.49,1.2
2007-06-07 12:00:00,10.69,6.99,3.04,11.31,10.38,2.75,0.64
2007-06-07 13:00:00,8.69,4.46,0.6900000000000001,9.3,8.48,2.51,1.95
2007-06-07 14:00:00,2.45,3.31,0.46,10.37,8.42,2.41,3.16
2007-06-07 15:00:00,3.37,2.08,0.89,10.63,8.47,1.32,4.88
2007-06-07 16:00:00,4.13,2.33,0.84,11.96,6.9,2.78,4.86
2007-06-07 17:00:00,5.18,5.89,3.67,11.11,6.3,4.84,7.71
2007-06-07 18:00:00,5.45,3.89,5.62,10.1,5.13,4.6000000000000005,6.51
2007-06-07 19:00:00,5.3500000000000005,3.95,4.19,7.41,4.43,4.42,4.72
2007-06-07 20:00:00,4.71,2.31,3.16,4.84,3.86,3.22,3.89
2007-06-07 21:00:00,3.93,1.03,2.88,3.8,3.09,3.96,2.63
2007-06-07 22:00:00,3.84,0.78,2.39,3.25,2.46,2.95,1.41
2007-06-07 23:00:00,3.0500000000000003,0.6900000000000001,1.61,2.22,3.21,2.54,2.14
2007-06-08 00:00:00,2.66,1.0,0.92,0.33,3.27,2.16,1.44
2007-06-08 01:00:00,2.51,8.58,0.29,2.51,3.53,2.11,0.91
2007-06-08 02:00:00,2.2,11.59,8.03,2.07,3.69,2.4,9.26
2007-06-08 03:00:00,0.28,13.9,10.04,1.59,4.59,4.05,2.91
2007-06-08 04:00:00,1.14,14.59,8.34,1.77,5.3500000000000005,3.89,3.3200000000000003
2007-06-08 05:00:00,0.89,15.34,8.4,2.65,4.72,4.28,2.23
2007-06-08 06:00:00,0.54,14.97,7.97,2.83,3.59,7.77,0.62
2007-06-08 07:00:00,1.86,14.3,6.67,2.74,2.76,7.45,0.47
2007-06-08 08:00:00,1.74,13.16,5.15,2.18,1.97,6.53,1.8
2007-06-08 09:00:00,2.31,11.08,4.64,1.94,1.44,5.87,2.28
2007-06-08 10:00:00,2.64,10.45,3.98,1.86,0.51,5.3500000000000005,2.23
2007-06-08 11:00:00,2.84,7.41,2.95,1.56,0.31,4.63,2.68
2007-06-08 12:00:00,2.76,5.73,2.53,1.22,1.42,3.89,2.82
2007-06-08 13:00:00,3.0700000000000003,4.48,2.91,0.61,1.86,2.77,1.91
2007-06-08 14:00:00,2.61,1.23,2.4,0.97,1.71,1.82,0.8300000000000001
2007-06-08 15:00:00,3.09,1.64,1.47,1.5,1.7,1.1,0.56
2007-06-08 16:00:00,3.36,1.1,0.49,2.24,2.43,1.05,1.19
2007-06-08 17:00:00,3.97,1.48,0.73,3.95,3.61,2.0,1.81
2007-06-08 18:00:00,4.59,2.03,1.74,3.42,4.32,4.15,2.01
2007-06-08 19:00:00,4.79,3.18,0.74,4.67,4.99,3.34,3.37
2007-06-08 20:00:00,4.72,3.0,1.24,5.04,5.4,3.72,3.67
2007-06-08 21:00:00,4.5,2.6,2.18,4.15,5.79,3.43,2.72
2007-06-08 22:00:00,4.7,3.13,6.2,3.73,5.24,3.29,3.81
2007-06-08 23:00:00,4.34,1.71,6.88,3.9,5.18,2.8000000000000003,6.0600000000000005
2007-06-09 00:00:00,4.5,3.74,8.11,3.2,4.39,7.42,6.84
2007-06-09 01:00:00,3.83,11.82,8.72,3.23,4.57,7.09,7.69
2007-06-09 02:00:00,1.52,13.45,9.03,3.08,3.95,5.5200000000000005,7.56
2007-06-09 03:00:00,2.16,15.71,10.11,3.71,3.89,6.57,6.8500000000000005
2007-06-09 04:00:00,2.01,15.71,9.72,3.79,3.74,7.85,2.66
2007-06-09 05:00:00,2.44,14.92,8.540000000000001,7.09,3.06,8.22,2.16
2007-06-09 06:00:00,2.4,14.87,7.0200000000000005,4.21,1.77,9.07,4.36
2007-06-09 07:00:00,2.71,14.65,5.65,2.72,2.06,7.22,2.05
2007-06-09 08:00:00,3.7,14.72,6.890000000000001,1.68,2.05,6.74,1.5
2007-06-09 09:00:00,3.14,14.22,6.59,1.72,1.64,6.54,1.2
2007-06-09 10:00:00,3.19,13.62,6.61,2.07,1.36,5.29,1.18
2007-06-09 11:00:00,3.38,12.73,7.16,1.53,1.07,4.63,0.6900000000000001
2007-06-09 12:00:00,4.03,10.68,5.5600000000000005,2.87,2.19,4.2700000000000005,0.77
2007-06-09 13:00:00,5.48,7.43,3.65,5.36,2.41,4.04,0.88
2007-06-09 14:00:00,3.99,3.92,2.09,5.53,1.84,4.21,0.68
2007-06-09 15:00:00,2.1,1.07,1.43,4.89,1.78,3.19,0.92
2007-06-09 16:00:00,2.74,1.73,0.89,4.45,3.0500000000000003,2.4,2.0
2007-06-09 17:00:00,3.45,2.5,1.17,4.72,4.3500000000000005,0.86,3.42
2007-06-09 18:00:00,4.63,3.4,1.82,6.13,6.13,4.34,4.45
2007-06-09 19:00:00,5.25,2.38,3.49,4.8500000000000005,6.890000000000001,4.65,5.79
2007-06-09 20:00:00,4.97,1.99,4.21,4.46,7.12,6.08,5.45
2007-06-09 21:00:00,5.16,4.36,3.69,4.01,6.37,5.38,4.1
2007-06-09 22:00:00,4.0,3.15,1.54,3.5500000000000003,5.68,5.39,4.34
2007-06-09 23:00:00,4.68,2.8000000000000003,2.89,2.98,5.26,4.05,5.46
2007-06-10 00:00:00,3.33,11.26,9.5,2.17,4.5,3.89,10.66
2007-06-10 01:00:00,2.63,13.53,10.87,2.74,3.99,0.6,12.43
2007-06-10 02:00:00,1.86,16.73,8.96,2.73,4.4,5.48,13.3
2007-06-10 03:00:00,0.94,17.66,9.21,2.93,5.87,8.91,14.98
2007-06-10 04:00:00,0.35,17.59,8.72,3.06,5.45,6.73,15.53
2007-06-10 05:00:00,1.03,17.66,9.02,2.21,5.15,7.18,15.48
2007-06-10 06:00:00,1.22,17.6,8.01,1.81,5.57,6.37,16.34
2007-06-10 07:00:00,1.21,17.53,7.15,1.4,5.16,5.48,16.27
2007-06-10 08:00:00,1.78,17.03,7.38,0.99,4.59,5.18,16.13
2007-06-10 09:00:00,2.34,16.97,7.640000000000001,0.99,4.24,5.68,14.05
2007-06-10 10:00:00,2.26,16.07,8.35,1.51,4.2,5.11,6.76
2007-06-10 11:00:00,3.39,15.62,7.8,1.47,4.61,5.51,2.33
2007-06-10 12:00:00,2.87,15.0,6.23,0.73,5.15,5.48,1.54
2007-06-10 13:00:00,2.6,12.38,4.57,1.31,5.09,5.08,3.52
2007-06-10 14:00:00,2.84,8.73,2.66,1.64,5.44,3.88,3.21
2007-06-10 15:00:00,2.89,6.5200000000000005,1.24,1.79,5.0600000000000005,3.58,1.99
2007-06-10 16:00:00,3.3200000000000003,1.66,1.7,2.13,5.89,3.15,2.33
2007-06-10 17:00:00,3.5700000000000003,3.25,1.1,3.03,6.5200000000000005,1.21,1.06
2007-06-10 18:00:00,3.73,3.06,0.47,3.58,7.05,1.74,0.6900000000000001
2007-06-10 19:00:00,4.38,3.56,0.8200000000000001,4.26,7.65,1.51,1.64
2007-06-10 20:00:00,4.87,3.5700000000000003,1.17,5.83,7.61,2.93,2.66
2007-06-10 21:00:00,4.8,3.76,6.390000000000001,5.9,7.53,6.91,4.94
2007-06-10 22:00:00,4.17,8.18,8.81,6.640000000000001,7.09,8.8,9.24
2007-06-10 23:00:00,3.64,12.21,10.14,6.24,6.72,8.65,9.13
2007-06-11 00:00:00,3.25,14.59,11.34,6.95,5.87,9.8,9.45
2007-06-11 01:00:00,5.5600000000000005,16.330000000000002,11.67,7.12,5.71,10.5,9.59
2007-06-11 02:00:00,3.18,17.16,10.78,10.76,5.87,11.14,5.36
2007-06-11 03:00:00,2.58,17.830000000000002,10.73,11.05,6.29,9.25,8.370000000000001
2007-06-11 04:00:00,4.62,18.33,11.11,10.23,6.890000000000001,8.91,8.14
2007-06-11 05:00:00,4.25,14.97,11.2,7.390000000000001,6.34,7.59,8.84
2007-06-11 06:00:00,3.1,10.5,11.32,6.12,7.92,7.84,9.78
2007-06-11 07:00:00,5.1000000000000005,8.040000000000001,11.16,6.3100000000000005,6.98,8.28,9.83
2007-06-11 08:00:00,6.5200000000000005,7.33,11.0,6.4,6.45,8.49,9.49
2007-06-11 09:00:00,6.8500000000000005,4.43,10.65,7.1000000000000005,5.48,7.58,7.72
2007-06-11 10:00:00,6.08,2.4,9.1,6.45,6.55,6.78,6.890000000000001
2007-06-11 11:00:00,5.28,2.54,8.620000000000001,5.54,6.8,6.57,3.11
2007-06-11 12:00:00,3.8,2.27,5.2,5.19,9.36,6.5600000000000005,1.24
2007-06-11 13:00:00,2.48,1.87,6.36,3.14,9.58,6.01,1.33
2007-06-11 14:00:00,1.03,1.31,4.14,3.23,7.890000000000001,3.71,1.36
2007-06-11 15:00:00,0.95,0.98,7.140000000000001,3.59,7.7,1.77,1.87
2007-06-11 16:00:00,2.15,3.42,7.640000000000001,4.74,8.23,2.48,1.89
2007-06-11 17:00:00,2.71,2.48,7.84,6.21,7.79,2.32,2.98
2007-06-11 18:00:00,2.83,1.8,7.58,7.24,7.44,1.96,4.75
2007-06-11 19:00:00,3.74,0.53,8.32,7.54,7.81,4.28,8.73
2007-06-11 20:00:00,3.88,3.76,9.14,7.01,7.890000000000001,4.01,9.28
2007-06-11 21:00:00,7.140000000000001,5.58,9.9,7.140000000000001,8.06,8.83,10.04
2007-06-11 22:00:00,8.33,7.45,10.79,7.36,7.91,10.23,10.47
2007-06-11 23:00:00,9.6,10.52,11.81,7.390000000000001,7.84,11.38,9.45
2007-06-12 00:00:00,10.19,13.0,12.08,7.48,7.74,11.6,10.41
2007-06-12 01:00:00,10.53,14.62,12.24,9.22,7.42,10.82,8.05
2007-06-12 02:00:00,9.71,16.97,10.62,11.94,7.890000000000001,10.23,7.07
2007-06-12 03:00:00,7.68,18.11,11.16,8.83,8.28,8.63,8.38
2007-06-12 04:00:00,5.79,18.21,10.91,9.01,8.31,5.89,7.35
2007-06-12 05:00:00,4.39,18.23,10.21,5.05,5.8100000000000005,8.47,5.89
2007-06-12 06:00:00,4.5200000000000005,16.97,9.69,4.37,4.38,8.55,5.72
2007-06-12 07:00:00,3.86,14.97,8.44,4.4,4.72,7.37,4.71
2007-06-12 08:00:00,2.19,13.56,9.45,3.41,5.76,6.43,2.96
2007-06-12 09:00:00,2.16,8.01,8.89,3.04,6.2,6.5200000000000005,1.93
2007-06-12 10:00:00,1.38,5.3,6.0600000000000005,2.84,5.51,5.15,2.5500000000000003
2007-06-12 11:00:00,2.81,4.34,5.6000000000000005,2.84,5.54,5.46,1.7
2007-06-12 12:00:00,1.94,5.01,3.38,1.81,5.44,4.41,1.73
2007-06-12 13:00:00,0.6900000000000001,1.77,2.26,1.94,6.87,2.26,1.91
2007-06-12 14:00:00,0.51,2.08,2.54,1.48,6.640000000000001,0.62,1.69
2007-06-12 15:00:00,1.04,1.73,1.29,1.92,4.25,1.11,1.21
2007-06-12 16:00:00,2.64,2.15,0.38,2.08,4.76,1.96,1.26
2007-06-12 17:00:00,3.52,2.01,0.76,3.13,5.86,3.96,1.19
2007-06-12 18:00:00,3.91,1.97,0.92,4.09,5.88,3.7,2.06
2007-06-12 19:00:00,4.24,3.0500000000000003,0.62,2.78,5.53,2.07,1.86
2007-06-12 20:00:00,4.3,3.44,1.33,3.92,5.17,2.06,3.12
2007-06-12 21:00:00,5.59,3.5,2.12,3.96,4.89,1.59,2.25
2007-06-12 22:00:00,5.54,3.34,6.09,4.01,4.73,0.49,3.23
2007-06-12 23:00:00,5.04,3.29,7.55,3.2,3.86,5.65,6.79
2007-06-13 00:00:00,5.01,3.06,8.39,3.02,3.03,6.09,7.25
2007-06-13 01:00:00,4.47,12.49,9.05,3.02,3.11,6.93,8.14
2007-06-13 02:00:00,3.91,14.5,8.07,3.48,2.88,7.28,7.88
2007-06-13 03:00:00,3.63,15.96,10.31,5.51,4.32,6.8100000000000005,7.35
2007-06-13 04:00:00,2.71,15.82,9.69,6.41,4.32,3.5500000000000003,2.3000000000000003
2007-06-13 05:00:00,1.37,15.13,7.86,7.930000000000001,3.75,6.24,0.44
2007-06-13 06:00:00,1.0,13.21,7.390000000000001,1.75,3.63,6.98,0.66
2007-06-13 07:00:00,1.0,12.8,6.38,1.07,3.2,6.2700000000000005,1.37
2007-06-13 08:00:00,1.62,13.24,6.4,1.19,4.5,6.38,1.37
2007-06-13 09:00:00,2.51,13.18,6.36,2.03,4.09,5.91,0.93
2007-06-13 10:00:00,2.62,12.22,5.66,2.41,3.46,4.95,0.85
2007-06-13 11:00:00,2.21,11.34,4.13,2.47,2.8000000000000003,4.0200000000000005,0.75
2007-06-13 12:00:00,2.13,9.34,3.69,1.79,2.73,3.08,1.31
2007-06-13 13:00:00,2.3000000000000003,4.89,3.34,1.56,2.74,2.07,1.4
2007-06-13 14:00:00,2.84,1.41,2.17,1.29,2.76,1.45,2.4
2007-06-13 15:00:00,4.04,2.82,1.12,1.19,2.91,1.3,1.96
2007-06-13 16:00:00,4.58,2.18,0.49,1.38,1.97,1.8,1.11
2007-06-13 17:00:00,5.11,2.01,1.04,2.65,1.43,0.73,0.77
2007-06-13 18:00:00,5.58,2.24,1.62,3.77,1.48,4.53,1.73
2007-06-13 19:00:00,5.98,3.26,2.54,3.67,1.69,4.44,2.96
2007-06-13 20:00:00,5.51,2.92,2.98,4.37,1.4,5.15,2.84
2007-06-13 21:00:00,5.1000000000000005,2.49,2.08,5.08,2.3000000000000003,4.89,3.44
2007-06-13 22:00:00,5.08,2.26,1.87,4.95,2.28,4.41,2.86
2007-06-13 23:00:00,4.61,3.0500000000000003,6.3100000000000005,4.55,1.74,4.25,3.49
2007-06-14 00:00:00,4.07,2.48,8.65,4.5600000000000005,2.33,3.18,8.73
2007-06-14 01:00:00,3.12,10.63,8.9,4.23,2.43,5.34,6.94
2007-06-14 02:00:00,1.91,14.14,9.22,3.42,4.18,5.82,2.68
2007-06-14 03:00:00,0.97,16.4,10.91,3.94,7.83,3.08,1.72
2007-06-14 04:00:00,1.18,15.86,10.02,3.6,8.68,6.58,1.79
2007-06-14 05:00:00,2.16,14.8,8.4,2.58,9.38,6.41,2.07
2007-06-14 06:00:00,4.57,15.06,7.99,1.78,9.88,6.66,1.39
2007-06-14 07:00:00,2.0,14.33,7.87,2.21,8.99,4.86,2.28
2007-06-14 08:00:00,1.01,12.75,7.57,3.09,8.31,4.98,2.1
2007-06-14 09:00:00,0.63,13.7,6.390000000000001,3.16,6.5600000000000005,4.75,1.74
2007-06-14 10:00:00,0.49,11.8,6.13,3.88,6.140000000000001,4.53,1.19
2007-06-14 11:00:00,0.96,6.99,4.73,4.13,5.0200000000000005,5.09,1.57
2007-06-14 12:00:00,1.65,5.5200000000000005,3.76,2.92,3.83,5.1000000000000005,1.3
2007-06-14 13:00:00,1.78,1.87,3.2,2.22,2.94,4.65,2.02
2007-06-14 14:00:00,2.31,1.65,2.5,1.71,1.68,4.4,2.43
2007-06-14 15:00:00,2.84,2.1,1.53,0.75,0.94,3.84,2.02
2007-06-14 16:00:00,4.04,2.06,1.18,0.63,4.46,4.0200000000000005,1.7
2007-06-14 17:00:00,4.71,1.7,1.19,1.62,2.98,2.95,1.06
2007-06-14 18:00:00,5.0600000000000005,2.28,0.91,2.87,2.68,2.36,1.19
2007-06-14 19:00:00,5.21,3.1,0.59,4.55,4.3,2.84,2.58
2007-06-14 20:00:00,5.5,4.22,3.69,5.71,4.11,4.18,3.02
2007-06-14 21:00:00,6.15,4.7700000000000005,7.92,6.49,3.94,7.96,7.15
2007-06-14 22:00:00,6.18,5.32,9.17,6.34,4.65,8.8,8.09
2007-06-14 23:00:00,8.8,9.09,9.88,5.43,4.5,8.14,8.97
2007-06-15 00:00:00,5.72,11.36,10.4,5.69,4.87,9.75,9.57
2007-06-15 01:00:00,8.51,12.56,10.72,5.5,5.53,10.02,8.73
2007-06-15 02:00:00,9.26,14.94,10.7,12.92,6.99,11.27,8.19
2007-06-15 03:00:00,9.68,16.54,10.95,11.28,10.33,12.74,8.620000000000001
2007-06-15 04:00:00,10.05,17.3,11.21,9.28,10.9,6.5600000000000005,9.46
2007-06-15 05:00:00,10.46,14.73,10.38,7.0200000000000005,11.37,7.34,7.53
2007-06-15 06:00:00,11.31,12.67,9.85,3.49,11.51,6.67,7.82
2007-06-15 07:00:00,11.4,13.54,10.33,4.39,10.57,7.95,9.14
2007-06-15 08:00:00,11.66,8.27,10.57,4.72,9.46,8.76,8.790000000000001
2007-06-15 09:00:00,11.57,4.96,9.93,4.29,10.32,9.42,8.35
2007-06-15 10:00:00,11.69,3.34,7.97,4.3100000000000005,9.22,8.75,6.51
2007-06-15 11:00:00,11.57,2.33,8.47,4.1,8.31,8.35,6.99
2007-06-15 12:00:00,11.15,2.07,7.99,4.15,8.66,7.62,6.8100000000000005
2007-06-15 13:00:00,10.77,1.59,7.58,4.05,6.46,7.46,7.7
2007-06-15 14:00:00,10.49,2.21,6.13,3.74,5.83,6.32,4.3500000000000005
2007-06-15 15:00:00,8.94,3.31,6.84,2.86,4.29,6.51,5.14
2007-06-15 16:00:00,3.6,2.69,7.46,3.65,3.44,6.92,4.97
2007-06-15 17:00:00,2.69,2.14,8.120000000000001,5.11,4.82,7.16,5.6000000000000005
2007-06-15 18:00:00,6.26,0.98,8.8,5.92,5.59,9.42,7.28
2007-06-15 19:00:00,7.99,5.62,9.32,6.24,6.0600000000000005,9.17,9.92
2007-06-15 20:00:00,10.03,7.17,10.34,7.42,6.12,9.38,11.7
2007-06-15 21:00:00,11.14,7.69,11.04,7.67,6.05,10.54,11.37
2007-06-15 22:00:00,12.77,9.33,11.98,7.98,6.54,11.39,11.84
2007-06-15 23:00:00,13.71,12.0,11.9,8.85,6.82,11.97,11.69
2007-06-16 00:00:00,14.74,13.92,12.32,10.63,7.33,11.23,11.19
2007-06-16 01:00:00,15.25,15.16,12.27,12.6,7.33,11.69,10.8
2007-06-16 02:00:00,15.97,15.67,11.42,12.97,6.55,12.8,10.58
2007-06-16 03:00:00,15.94,15.59,12.38,11.11,6.59,13.4,9.59
2007-06-16 04:00:00,16.23,12.18,12.37,9.07,7.08,14.58,6.7700000000000005
2007-06-16 05:00:00,16.72,12.26,12.68,6.84,9.34,13.39,7.73
2007-06-16 06:00:00,16.96,13.72,12.44,6.43,7.54,12.41,7.54
2007-06-16 07:00:00,16.990000000000002,14.08,12.15,6.08,7.25,11.08,8.24
2007-06-16 08:00:00,16.95,12.14,12.64,6.99,8.65,9.05,9.95
2007-06-16 09:00:00,16.18,9.25,12.86,6.48,7.8,9.87,10.94
2007-06-16 10:00:00,15.9,6.8100000000000005,13.51,6.9,5.83,10.2,10.25
2007-06-16 11:00:00,15.78,3.56,12.91,6.32,6.82,9.8,10.71
2007-06-16 12:00:00,15.49,4.4,12.9,6.140000000000001,7.18,9.96,8.98
2007-06-16 13:00:00,15.75,5.1000000000000005,12.34,7.01,6.99,9.6,8.870000000000001
2007-06-16 14:00:00,16.97,4.01,10.1,5.91,6.1000000000000005,8.46,7.01
2007-06-16 15:00:00,15.05,10.79,10.22,5.26,6.37,8.33,7.1000000000000005
2007-06-16 16:00:00,15.37,13.91,10.98,7.75,7.01,8.22,9.86
2007-06-16 17:00:00,14.3,13.8,10.74,9.01,7.66,8.51,10.47
2007-06-16 18:00:00,14.01,13.45,10.46,10.21,7.73,8.3,9.86
2007-06-16 19:00:00,14.47,14.67,10.7,11.11,7.61,8.78,9.45
2007-06-16 20:00:00,15.05,15.62,10.85,12.44,7.63,9.71,9.68
2007-06-16 21:00:00,15.59,16.63,10.93,13.32,7.41,10.64,10.03
2007-06-16 22:00:00,15.31,16.96,11.47,14.7,8.71,11.73,9.79
2007-06-16 23:00:00,16.4,17.27,11.76,14.11,9.09,13.27,9.58
2007-06-17 00:00:00,16.740000000000002,18.45,13.21,14.48,9.23,14.17,9.82
2007-06-17 01:00:00,17.96,19.13,12.87,15.45,10.63,14.56,9.86
2007-06-17 02:00:00,18.67,20.91,12.36,13.91,9.26,15.36,10.96
2007-06-17 03:00:00,19.36,20.23,14.04,11.55,9.95,16.26,11.18
2007-06-17 04:00:00,19.44,20.62,14.22,8.88,12.13,15.85,8.9
2007-06-17 05:00:00,19.61,21.82,13.08,7.73,11.35,15.14,12.63
2007-06-17 06:00:00,20.24,18.94,12.56,7.28,12.68,14.47,11.46
2007-06-17 07:00:00,19.88,17.52,13.67,6.87,13.66,12.4,9.04
2007-06-17 08:00:00,20.14,11.73,13.73,5.44,14.39,11.96,9.32
2007-06-17 09:00:00,20.58,13.68,13.3,4.89,14.97,11.35,8.39
2007-06-17 10:00:00,20.36,6.46,12.78,3.88,14.3,9.81,9.34
2007-06-17 11:00:00,20.63,4.6000000000000005,12.75,4.3,14.59,10.21,8.47
2007-06-17 12:00:00,20.4,5.78,11.87,4.71,12.54,10.5,5.65
2007-06-17 13:00:00,19.71,5.4,8.4,6.26,14.21,10.03,5.07
2007-06-17 14:00:00,18.74,4.55,6.23,4.09,9.89,9.52,4.49
2007-06-17 15:00:00,17.64,2.36,7.12,3.84,10.14,10.26,4.24
2007-06-17 16:00:00,16.72,2.26,8.03,2.5,9.75,9.78,3.17
2007-06-17 17:00:00,16.45,2.16,7.640000000000001,1.57,8.88,8.65,3.23
2007-06-17 18:00:00,13.8,1.78,7.32,4.45,8.32,8.040000000000001,3.3200000000000003
2007-06-17 19:00:00,13.6,2.25,7.9,5.21,9.38,7.79,2.62
2007-06-17 20:00:00,14.81,2.23,9.58,3.39,9.04,7.19,3.04
2007-06-17 21:00:00,14.25,4.96,10.32,2.59,8.32,6.3500000000000005,2.87
2007-06-17 22:00:00,14.07,9.49,11.25,3.98,9.68,7.36,2.32
2007-06-17 23:00:00,14.92,13.34,11.34,3.92,9.84,8.36,6.36
2007-06-18 00:00:00,15.31,15.68,11.54,5.74,9.92,8.28,4.42
2007-06-18 01:00:00,15.23,17.42,11.84,8.370000000000001,8.5,9.24,4.0
2007-06-18 02:00:00,15.79,19.51,10.23,11.49,10.28,9.3,8.8
2007-06-18 03:00:00,16.01,19.59,10.57,8.63,8.48,9.22,8.56
2007-06-18 04:00:00,16.580000000000002,19.06,10.82,5.8,9.77,9.39,7.640000000000001
2007-06-18 05:00:00,16.57,18.69,10.28,3.46,8.620000000000001,8.93,6.29
2007-06-18 06:00:00,15.87,17.71,9.66,2.51,8.89,8.52,4.09
2007-06-18 07:00:00,15.53,13.67,8.84,3.87,9.34,8.23,1.26
2007-06-18 08:00:00,15.27,10.86,7.68,3.7,8.77,8.64,2.89
2007-06-18 09:00:00,14.69,6.36,7.65,2.69,9.39,7.85,2.35
2007-06-18 10:00:00,13.59,2.64,5.7700000000000005,3.67,8.2,7.59,2.53
2007-06-18 11:00:00,12.85,1.84,5.78,3.51,6.15,7.78,2.36
2007-06-18 12:00:00,11.25,2.26,6.26,2.36,5.99,7.930000000000001,2.02
2007-06-18 13:00:00,10.32,3.21,5.55,1.96,5.71,7.38,2.46
2007-06-18 14:00:00,9.97,3.16,4.23,1.66,4.14,7.03,2.19
2007-06-18 15:00:00,8.540000000000001,2.66,3.45,0.55,2.53,6.32,2.48
2007-06-18 16:00:00,8.290000000000001,2.18,3.01,1.64,2.35,5.84,2.72
2007-06-18 17:00:00,8.52,1.52,3.25,2.76,4.08,4.79,3.34
2007-06-18 18:00:00,8.120000000000001,2.13,3.61,2.64,5.23,3.28,3.09
2007-06-18 19:00:00,9.08,2.22,5.0,3.65,5.6000000000000005,2.66,4.12
2007-06-18 20:00:00,10.12,3.33,7.37,4.48,5.41,3.79,5.55
2007-06-18 21:00:00,10.35,3.31,8.43,3.46,6.3,5.22,6.71
2007-06-18 22:00:00,10.82,5.8100000000000005,9.55,4.94,6.8500000000000005,7.0200000000000005,7.52
2007-06-18 23:00:00,11.77,8.05,10.38,5.28,7.27,8.75,9.23
2007-06-19 00:00:00,12.65,9.27,10.82,6.36,7.22,10.36,9.49
2007-06-19 01:00:00,12.86,7.04,10.92,6.24,6.87,9.32,9.92
2007-06-19 02:00:00,13.27,10.4,11.24,10.55,6.55,7.95,10.38
2007-06-19 03:00:00,13.11,12.79,11.28,8.700000000000001,6.36,6.08,9.95
2007-06-19 04:00:00,12.15,12.37,11.04,6.11,6.41,4.97,10.25
2007-06-19 05:00:00,12.25,5.04,10.78,4.82,7.6,4.59,9.08
2007-06-19 06:00:00,12.6,5.08,9.53,4.01,12.53,3.67,7.96
2007-06-19 07:00:00,12.53,5.0,9.7,4.25,9.99,2.66,8.16
2007-06-19 08:00:00,12.41,4.97,8.67,5.58,9.25,3.26,8.26
2007-06-19 09:00:00,11.63,2.75,7.4,6.82,8.700000000000001,3.72,8.68
2007-06-19 10:00:00,10.7,1.08,6.48,6.16,8.15,3.77,9.05
2007-06-19 11:00:00,10.2,0.52,4.9,5.08,7.23,1.47,8.3
2007-06-19 12:00:00,9.76,1.74,4.41,5.0600000000000005,5.53,1.1,7.84
2007-06-19 13:00:00,9.63,1.2,4.37,5.14,5.07,1.21,6.83
2007-06-19 14:00:00,8.52,1.48,3.0700000000000003,4.76,5.39,0.51,5.64
2007-06-19 15:00:00,8.03,1.07,1.71,3.79,4.9,1.34,4.7
2007-06-19 16:00:00,5.39,0.11,1.46,4.01,4.99,0.31,5.32
2007-06-19 17:00:00,5.08,4.89,2.74,5.4,5.65,1.44,6.09
2007-06-19 18:00:00,4.82,6.5200000000000005,6.58,6.12,5.8500000000000005,2.69,6.7700000000000005
2007-06-19 19:00:00,6.0,7.07,8.040000000000001,6.23,6.05,7.43,7.76
2007-06-19 20:00:00,6.61,8.09,8.48,6.33,6.19,9.02,8.42
2007-06-19 21:00:00,7.68,8.8,9.04,6.74,6.16,9.9,8.69
2007-06-19 22:00:00,8.6,9.25,9.45,6.8,6.01,10.43,8.92
2007-06-19 23:00:00,9.15,9.88,9.85,7.140000000000001,4.58,11.86,9.34
2007-06-20 00:00:00,9.87,10.81,9.7,9.12,5.3,12.06,9.49
2007-06-20 01:00:00,11.51,11.09,9.25,9.94,4.8500000000000005,11.27,9.25
2007-06-20 02:00:00,11.47,8.66,8.91,10.95,5.43,11.73,9.63
2007-06-20 03:00:00,12.54,6.2,7.76,10.99,5.69,11.64,6.890000000000001
2007-06-20 04:00:00,11.73,7.92,5.66,10.5,6.12,11.12,8.32
2007-06-20 05:00:00,12.08,8.17,6.28,8.19,6.5,8.870000000000001,8.35
2007-06-20 06:00:00,11.48,8.47,6.66,7.0,6.43,9.89,8.84
2007-06-20 07:00:00,11.43,8.58,6.29,6.2,7.35,9.82,9.36
2007-06-20 08:00:00,11.39,9.21,6.17,6.87,7.12,7.03,9.75
2007-06-20 09:00:00,11.4,8.98,6.24,6.38,6.92,5.63,9.08
2007-06-20 10:00:00,11.08,8.18,6.13,5.69,6.79,6.3500000000000005,8.18
2007-06-20 11:00:00,11.62,6.86,8.14,4.5200000000000005,6.96,6.7,8.11
2007-06-20 12:00:00,11.5,5.25,7.86,6.9,7.0600000000000005,7.65,7.36
2007-06-20 13:00:00,11.88,3.44,7.04,9.16,7.43,7.54,7.09
2007-06-20 14:00:00,11.14,1.67,6.41,7.43,6.82,7.84,6.01
2007-06-20 15:00:00,10.46,1.66,4.72,6.01,6.2700000000000005,9.03,4.33
2007-06-20 16:00:00,9.9,6.43,5.21,7.67,5.49,8.69,4.95
2007-06-20 17:00:00,8.870000000000001,7.32,6.97,8.63,3.86,8.28,5.24
2007-06-20 18:00:00,8.28,7.59,7.79,8.870000000000001,3.92,8.39,7.640000000000001
2007-06-20 19:00:00,8.53,5.89,8.92,9.49,3.28,9.42,8.26
2007-06-20 20:00:00,8.33,4.95,9.43,10.18,3.58,9.83,8.89
2007-06-20 21:00:00,9.49,6.3500000000000005,9.69,10.45,4.08,10.5,8.86
2007-06-20 22:00:00,9.78,7.86,9.97,10.52,4.58,12.07,9.06
2007-06-20 23:00:00,11.77,8.92,10.36,11.01,4.93,12.05,9.2
2007-06-21 00:00:00,13.2,11.51,10.28,11.33,5.09,12.53,9.42
2007-06-21 01:00:00,13.61,12.74,10.86,12.14,6.1000000000000005,12.3,7.58
2007-06-21 02:00:00,13.97,15.33,10.67,11.62,7.23,11.88,10.06
2007-06-21 03:00:00,12.56,17.73,11.76,10.17,8.51,11.93,10.01
2007-06-21 04:00:00,12.12,17.41,11.54,8.4,8.72,7.640000000000001,8.290000000000001
2007-06-21 05:00:00,12.2,17.85,9.81,4.7700000000000005,12.3,9.05,7.01
2007-06-21 06:00:00,8.97,15.41,10.81,4.63,11.83,9.73,6.5
2007-06-21 07:00:00,6.36,5.55,9.31,4.79,9.8,8.9,2.99
2007-06-21 08:00:00,5.19,8.89,6.05,4.8500000000000005,10.13,7.8,1.53
2007-06-21 09:00:00,5.5,7.930000000000001,6.3100000000000005,4.25,9.97,7.21,1.54
2007-06-21 10:00:00,6.41,7.84,7.82,5.62,9.8,8.22,1.53
2007-06-21 11:00:00,3.18,6.57,7.03,4.19,10.03,8.15,3.35
2007-06-21 12:00:00,3.5500000000000003,10.14,8.370000000000001,2.39,10.09,7.86,2.74
2007-06-21 13:00:00,3.68,9.78,5.26,1.88,8.620000000000001,8.66,2.26
2007-06-21 14:00:00,6.04,10.84,3.83,3.88,6.2,9.07,3.4
2007-06-21 15:00:00,0.92,8.74,2.64,1.69,4.22,6.43,1.5
2007-06-21 16:00:00,2.46,3.28,2.58,0.88,2.01,7.32,2.2
2007-06-21 17:00:00,2.5500000000000003,0.5700000000000001,2.0,0.79,3.41,6.2,1.75
2007-06-21 18:00:00,2.97,1.28,2.87,0.55,3.95,6.44,1.47
2007-06-21 19:00:00,3.87,1.1,4.14,1.48,3.66,5.8100000000000005,1.21
2007-06-21 20:00:00,4.09,0.5,6.0600000000000005,1.29,4.13,5.47,0.53
2007-06-21 21:00:00,4.18,5.24,8.370000000000001,2.75,3.63,5.34,4.97
2007-06-21 22:00:00,4.54,11.6,10.72,3.0500000000000003,4.51,5.96,4.48
2007-06-21 23:00:00,3.49,14.78,11.54,3.12,4.5,6.25,9.3
2007-06-22 00:00:00,3.33,16.41,10.81,2.96,4.83,6.140000000000001,10.39
2007-06-22 01:00:00,8.33,18.74,9.64,3.94,5.19,7.36,12.82
2007-06-22 02:00:00,8.59,20.31,9.82,4.74,5.65,7.57,13.36
2007-06-22 03:00:00,9.36,20.89,10.18,7.5,6.1000000000000005,7.23,7.77
2007-06-22 04:00:00,10.17,21.16,10.59,7.48,6.22,8.040000000000001,8.63
2007-06-22 05:00:00,10.0,20.73,10.32,5.45,6.53,11.14,8.53
2007-06-22 06:00:00,10.19,19.97,10.17,2.07,7.1000000000000005,9.09,2.83
2007-06-22 07:00:00,8.97,19.57,10.01,2.25,8.17,8.78,2.64
2007-06-22 08:00:00,6.38,19.46,9.37,3.61,6.79,7.95,1.8
2007-06-22 09:00:00,3.31,18.4,9.63,3.18,6.44,7.54,1.13
2007-06-22 10:00:00,3.06,17.55,9.41,2.87,4.55,7.09,1.88
2007-06-22 11:00:00,2.06,16.61,7.25,2.77,3.34,7.36,2.43
2007-06-22 12:00:00,2.7,14.75,6.8500000000000005,2.81,3.12,6.8,2.41
2007-06-22 13:00:00,1.93,11.87,6.41,3.04,1.25,6.87,2.65
2007-06-22 14:00:00,1.5,7.81,3.1,2.36,0.58,6.63,2.98
2007-06-22 15:00:00,1.92,2.79,1.46,1.56,2.24,5.92,2.11
2007-06-22 16:00:00,2.33,0.86,1.33,0.37,3.46,5.47,2.07
2007-06-22 17:00:00,4.66,2.16,1.52,0.62,3.91,4.67,1.4
2007-06-22 18:00:00,5.24,1.81,1.7,2.56,5.1000000000000005,3.94,1.85
2007-06-22 19:00:00,5.53,2.16,1.26,3.47,5.92,2.77,1.58
2007-06-22 20:00:00,5.33,3.2,1.39,3.88,6.21,2.22,2.41
2007-06-22 21:00:00,4.7700000000000005,1.21,1.93,3.64,6.41,2.5,4.08
2007-06-22 22:00:00,4.79,9.44,8.52,3.58,6.63,2.74,5.74
2007-06-22 23:00:00,2.92,11.98,9.02,4.7700000000000005,6.58,7.69,6.5
2007-06-23 00:00:00,7.21,14.6,11.4,5.38,7.71,7.82,5.93
2007-06-23 01:00:00,6.37,17.150000000000002,11.62,5.76,7.16,7.43,3.74
2007-06-23 02:00:00,6.41,19.58,10.73,5.13,7.07,8.0,5.55
2007-06-23 03:00:00,6.01,20.76,11.0,10.58,7.4,9.33,2.5
2007-06-23 04:00:00,5.89,21.11,10.59,8.8,11.34,8.34,3.58
2007-06-23 05:00:00,5.8,21.67,11.1,2.11,9.9,10.11,2.87
2007-06-23 06:00:00,4.87,21.51,10.97,3.23,7.75,11.04,2.13
2007-06-23 07:00:00,4.83,21.05,11.59,3.63,5.99,10.42,2.1
2007-06-23 08:00:00,4.11,20.46,11.67,3.29,5.61,8.370000000000001,2.26
2007-06-23 09:00:00,2.0,17.46,12.53,4.73,5.83,9.19,5.5600000000000005
2007-06-23 10:00:00,0.9,18.92,11.58,5.08,5.41,9.64,9.38
2007-06-23 11:00:00,0.67,15.34,9.39,4.88,7.03,9.84,10.82
2007-06-23 12:00:00,0.93,7.52,9.92,4.0,6.91,9.25,5.91
2007-06-23 13:00:00,1.44,12.72,8.4,2.29,5.5,8.17,4.92
2007-06-23 14:00:00,1.93,14.21,5.3500000000000005,2.43,4.44,7.26,3.7
2007-06-23 15:00:00,2.89,11.79,3.2,1.96,6.17,6.3,2.34
2007-06-23 16:00:00,2.76,9.72,3.56,2.58,6.74,6.05,2.02
2007-06-23 17:00:00,3.65,6.79,4.8100000000000005,4.04,7.1000000000000005,5.4,2.56
2007-06-23 18:00:00,4.7700000000000005,4.05,6.08,5.28,6.140000000000001,5.5600000000000005,2.81
2007-06-23 19:00:00,4.76,2.91,7.98,6.46,6.2,8.870000000000001,1.56
2007-06-23 20:00:00,4.2,8.31,9.34,6.7700000000000005,6.84,10.46,7.48
2007-06-23 21:00:00,4.63,14.58,12.87,7.140000000000001,6.86,9.9,8.46
2007-06-23 22:00:00,9.5,17.39,13.94,6.78,7.26,11.04,7.890000000000001
2007-06-23 23:00:00,9.61,19.6,14.25,7.61,7.55,10.68,13.53
2007-06-24 00:00:00,9.41,21.09,14.3,9.81,7.32,9.88,15.11
2007-06-24 01:00:00,8.86,21.81,12.5,11.57,7.5,10.02,5.15
2007-06-24 02:00:00,7.57,22.34,11.99,9.48,7.41,9.84,9.07
2007-06-24 03:00:00,7.63,23.18,13.06,7.09,8.38,7.97,10.23
2007-06-24 04:00:00,6.28,23.59,13.65,8.28,8.24,8.47,9.44
2007-06-24 05:00:00,3.2,23.13,13.61,4.61,6.34,7.930000000000001,10.03
2007-06-24 06:00:00,2.35,23.56,13.72,5.01,7.28,7.32,10.24
2007-06-24 07:00:00,1.89,21.7,13.88,5.33,7.4,8.66,10.18
2007-06-24 08:00:00,2.5,19.08,14.3,4.71,9.59,8.75,10.78
2007-06-24 09:00:00,2.86,18.89,14.69,4.16,7.81,6.93,11.33
2007-06-24 10:00:00,2.29,12.67,14.28,3.85,7.54,6.62,11.57
2007-06-24 11:00:00,2.29,9.37,9.92,4.2700000000000005,7.640000000000001,7.79,10.26
2007-06-24 12:00:00,2.07,6.3500000000000005,6.53,4.3100000000000005,7.26,9.31,8.85
2007-06-24 13:00:00,4.03,4.23,5.32,5.33,7.82,9.67,5.55
2007-06-24 14:00:00,3.19,4.92,4.96,5.91,6.9,9.26,3.52
2007-06-24 15:00:00,3.34,9.52,6.68,3.75,6.43,8.55,2.45
2007-06-24 16:00:00,2.77,13.5,7.47,6.5600000000000005,5.87,8.14,3.62
2007-06-24 17:00:00,3.09,12.53,8.43,8.26,5.7,8.13,7.12
2007-06-24 18:00:00,3.39,13.29,9.01,9.6,6.0600000000000005,8.5,9.15
2007-06-24 19:00:00,3.06,14.87,8.69,10.5,5.8100000000000005,8.22,8.92
2007-06-24 20:00:00,4.37,16.28,8.9,13.16,6.57,9.43,9.26
2007-06-24 21:00:00,4.98,17.19,9.04,14.46,6.48,10.83,8.99
2007-06-24 22:00:00,4.8,18.7,9.29,15.23,6.38,12.63,8.46
2007-06-24 23:00:00,7.24,19.82,9.77,15.71,6.18,13.91,8.64
2007-06-25 00:00:00,10.14,20.61,10.82,15.2,6.65,14.06,8.59
2007-06-25 01:00:00,11.98,21.18,11.53,13.62,6.98,13.04,5.71
2007-06-25 02:00:00,13.8,21.51,10.53,10.89,6.6000000000000005,12.96,11.37
2007-06-25 03:00:00,14.6,22.06,11.38,9.94,6.63,12.52,10.5
2007-06-25 04:00:00,14.69,22.03,12.65,7.96,6.96,9.9,9.58
2007-06-25 05:00:00,14.6,19.53,12.24,5.04,7.0,9.82,6.140000000000001
2007-06-25 06:00:00,15.15,16.71,9.61,4.78,10.74,10.8,6.74
2007-06-25 07:00:00,14.98,13.25,7.32,4.69,9.72,12.3,7.81
2007-06-25 08:00:00,14.82,8.83,9.43,7.140000000000001,10.44,11.13,5.75
2007-06-25 09:00:00,14.28,10.1,8.81,8.58,10.39,10.01,4.47
2007-06-25 10:00:00,14.09,10.1,8.040000000000001,2.6,10.3,9.5,5.58
2007-06-25 11:00:00,13.67,10.83,9.52,4.65,10.5,9.39,3.28
2007-06-25 12:00:00,13.53,12.83,6.72,6.17,9.45,9.55,2.52
2007-06-25 13:00:00,13.83,4.45,5.41,4.0600000000000005,7.61,8.82,2.8000000000000003
2007-06-25 14:00:00,13.11,3.44,2.69,3.01,6.97,8.66,1.98
2007-06-25 15:00:00,9.49,0.85,1.62,2.18,5.54,8.05,2.61
2007-06-25 16:00:00,2.9,2.77,1.48,2.38,4.97,8.53,1.72
2007-06-25 17:00:00,6.76,1.52,1.3,5.22,4.95,8.13,1.73
2007-06-25 18:00:00,6.96,1.49,0.42,3.94,5.08,7.19,1.94
2007-06-25 19:00:00,0.48,1.84,0.7000000000000001,3.08,4.58,7.08,2.59
2007-06-25 20:00:00,6.18,1.46,1.05,1.62,4.64,5.61,2.37
2007-06-25 21:00:00,9.2,1.31,2.47,2.5,4.57,5.5,3.27
2007-06-25 22:00:00,8.92,2.69,6.5600000000000005,3.18,5.09,5.15,6.67
2007-06-25 23:00:00,7.96,8.5,7.68,3.74,5.34,5.58,7.56
2007-06-26 00:00:00,9.88,11.98,8.51,2.82,5.0600000000000005,6.28,9.15
2007-06-26 01:00:00,10.89,13.06,8.870000000000001,4.73,5.0200000000000005,5.74,6.0200000000000005
2007-06-26 02:00:00,10.86,15.66,9.38,5.74,5.8,6.05,0.96
2007-06-26 03:00:00,11.6,16.48,9.3,8.790000000000001,6.51,6.88,5.48
2007-06-26 04:00:00,11.66,15.73,10.5,9.44,6.44,6.83,3.44
2007-06-26 05:00:00,12.54,14.35,10.36,8.43,5.66,6.91,2.53
2007-06-26 06:00:00,13.11,12.45,9.67,2.38,5.5200000000000005,6.72,1.99
2007-06-26 07:00:00,13.43,12.79,7.74,2.52,5.65,7.3,2.44
2007-06-26 08:00:00,13.7,11.17,7.07,2.97,5.44,7.05,1.26
2007-06-26 09:00:00,14.52,8.11,5.96,4.41,5.83,6.95,1.88
2007-06-26 10:00:00,14.03,4.64,3.49,3.11,6.04,8.0,0.78
2007-06-26 11:00:00,14.37,2.19,2.36,2.74,4.87,6.67,1.99
2007-06-26 12:00:00,16.14,2.53,2.09,1.77,4.8100000000000005,7.01,2.17
2007-06-26 13:00:00,16.81,2.38,1.64,1.42,4.21,7.33,1.4
2007-06-26 14:00:00,15.61,3.41,2.03,1.57,3.5500000000000003,7.58,1.29
2007-06-26 15:00:00,14.56,2.85,2.63,1.73,2.33,7.21,1.44
2007-06-26 16:00:00,14.84,2.89,6.5,2.68,1.21,6.79,2.26
2007-06-26 17:00:00,12.26,2.88,5.84,3.19,3.0700000000000003,6.98,2.22
2007-06-26 18:00:00,9.82,2.58,5.86,3.44,5.38,6.96,3.76
2007-06-26 19:00:00,9.61,2.14,6.6000000000000005,5.92,5.29,8.58,5.72
2007-06-26 20:00:00,9.97,4.97,8.13,6.45,6.22,9.97,7.48
2007-06-26 21:00:00,11.84,6.04,8.88,7.36,6.76,9.83,8.23
2007-06-26 22:00:00,12.96,9.37,9.69,9.07,7.43,10.55,8.07
2007-06-26 23:00:00,14.43,11.01,10.3,9.31,7.15,10.8,8.05
2007-06-27 00:00:00,17.57,12.71,11.37,10.4,7.08,10.7,7.34
2007-06-27 01:00:00,16.4,13.06,11.29,11.32,7.29,9.83,8.4
2007-06-27 02:00:00,17.95,15.0,11.22,12.61,6.99,9.37,8.700000000000001
2007-06-27 03:00:00,17.06,16.28,11.98,11.53,7.82,8.73,11.29
2007-06-27 04:00:00,17.54,11.59,11.38,12.23,8.950000000000001,7.25,6.55
2007-06-27 05:00:00,15.46,7.83,10.5,10.85,9.8,8.44,4.44
2007-06-27 06:00:00,16.02,12.05,10.68,9.17,8.61,8.13,8.6
2007-06-27 07:00:00,15.8,3.75,11.35,9.43,5.67,7.92,7.69
2007-06-27 08:00:00,15.35,2.01,10.16,9.01,7.16,9.8,4.43
2007-06-27 09:00:00,16.19,4.03,11.09,7.65,8.05,7.6,5.47
2007-06-27 10:00:00,15.14,3.46,10.26,5.8100000000000005,8.51,7.78,4.78
2007-06-27 11:00:00,15.8,2.14,6.59,4.93,7.12,9.6,6.04
2007-06-27 12:00:00,15.82,4.03,6.0600000000000005,4.34,7.36,10.35,5.61
2007-06-27 13:00:00,16.17,2.4,5.38,3.75,8.26,9.85,2.95
2007-06-27 14:00:00,14.38,3.15,4.75,2.52,5.3,8.73,1.6
2007-06-27 15:00:00,13.5,6.07,4.38,3.0,3.31,9.07,2.38
2007-06-27 16:00:00,10.13,1.99,5.3,2.78,4.75,8.93,1.9
2007-06-27 17:00:00,8.620000000000001,1.88,5.61,2.89,5.42,8.65,2.14
2007-06-27 18:00:00,9.81,1.8,5.93,3.31,5.84,8.89,1.23
2007-06-27 19:00:00,9.77,1.53,6.66,3.24,6.44,8.84,0.24
2007-06-27 20:00:00,9.74,5.12,8.4,4.8500000000000005,6.45,8.93,1.72
2007-06-27 21:00:00,11.19,8.41,10.05,5.42,7.09,8.82,5.8
2007-06-27 22:00:00,13.22,12.16,10.71,5.94,7.61,8.33,7.24
2007-06-27 23:00:00,12.62,15.24,11.48,8.76,7.65,8.73,7.38
2007-06-28 00:00:00,13.63,17.23,10.85,10.0,7.48,8.98,5.0200000000000005
2007-06-28 01:00:00,12.87,18.05,11.23,10.68,7.24,8.84,5.65
2007-06-28 02:00:00,14.48,19.97,10.35,10.43,6.82,8.24,9.6
2007-06-28 03:00:00,14.41,21.34,11.6,8.73,7.58,8.03,9.56
2007-06-28 04:00:00,14.51,22.11,12.37,8.09,8.43,8.41,6.38
2007-06-28 05:00:00,14.56,22.01,11.53,6.41,7.96,8.0,6.93
2007-06-28 06:00:00,13.81,21.97,11.13,5.5200000000000005,9.99,8.82,4.34
2007-06-28 07:00:00,13.11,22.07,11.27,5.87,8.47,7.35,4.76
2007-06-28 08:00:00,12.63,21.6,11.56,5.13,7.58,8.08,1.88
2007-06-28 09:00:00,11.67,18.53,8.69,5.3100000000000005,6.74,9.9,1.66
2007-06-28 10:00:00,7.45,18.99,9.99,5.73,6.2,11.77,4.99
2007-06-28 11:00:00,6.92,11.33,8.73,5.6000000000000005,4.47,10.39,2.11
2007-06-28 12:00:00,4.64,11.98,6.7700000000000005,3.96,4.11,10.64,2.29
2007-06-28 13:00:00,2.74,9.99,7.6,2.68,4.2700000000000005,8.46,5.5
2007-06-28 14:00:00,3.13,9.61,4.68,4.7,4.15,8.66,2.46
2007-06-28 15:00:00,2.89,12.52,3.91,2.23,4.55,7.72,3.29
2007-06-28 16:00:00,2.0,11.9,3.68,1.06,3.94,8.09,2.37
2007-06-28 17:00:00,1.17,7.59,3.78,2.09,5.34,8.17,2.9
2007-06-28 18:00:00,3.4,5.5,4.6000000000000005,3.17,5.5,7.22,2.17
2007-06-28 19:00:00,3.77,5.37,7.43,3.25,6.0200000000000005,6.75,2.44
2007-06-28 20:00:00,3.18,8.2,8.94,3.93,6.12,6.73,0.65
2007-06-28 21:00:00,4.78,12.4,9.27,5.19,6.41,6.61,5.5200000000000005
2007-06-28 22:00:00,3.76,15.54,10.03,6.03,6.0200000000000005,6.32,6.41
2007-06-28 23:00:00,8.6,17.43,10.99,6.5,6.05,6.76,5.03
2007-06-29 00:00:00,10.41,19.02,12.46,10.1,6.43,9.09,1.53
2007-06-29 01:00:00,10.27,20.18,12.68,9.89,6.65,9.13,6.98
2007-06-29 02:00:00,10.24,21.77,12.0,8.97,7.07,8.56,9.96
2007-06-29 03:00:00,10.84,21.91,10.33,5.86,8.09,8.42,8.88
2007-06-29 04:00:00,10.64,22.01,11.42,5.07,8.56,9.53,9.6
2007-06-29 05:00:00,6.97,19.89,10.16,5.23,7.16,9.01,8.72
2007-06-29 06:00:00,5.51,15.49,9.46,4.14,6.38,8.540000000000001,7.81
2007-06-29 07:00:00,2.87,19.35,8.77,4.08,4.83,9.01,6.05
2007-06-29 08:00:00,2.0,19.7,8.27,4.09,5.3,8.75,4.96
2007-06-29 09:00:00,3.16,15.64,6.7,4.26,5.22,8.15,5.45
2007-06-29 10:00:00,2.64,14.02,7.890000000000001,5.05,4.96,9.19,6.09
2007-06-29 11:00:00,4.94,7.42,7.59,3.95,5.49,7.65,3.7
2007-06-29 12:00:00,4.82,7.12,7.390000000000001,5.13,5.28,7.57,1.82
2007-06-29 13:00:00,3.4,4.45,5.7700000000000005,5.14,3.53,7.58,3.03
2007-06-29 14:00:00,3.84,3.52,4.2,3.44,3.41,6.98,2.67
2007-06-29 15:00:00,0.94,6.37,1.66,2.08,2.64,7.33,2.7
2007-06-29 16:00:00,2.9,6.8,2.67,2.41,2.67,7.55,1.88
2007-06-29 17:00:00,2.76,7.79,4.1,2.64,3.83,7.31,1.65
2007-06-29 18:00:00,2.7,9.38,6.390000000000001,4.0600000000000005,4.93,5.92,3.85
2007-06-29 19:00:00,3.64,10.79,7.12,5.94,5.11,5.39,6.91
2007-06-29 20:00:00,5.66,12.03,7.32,6.8100000000000005,4.88,6.49,6.96
2007-06-29 21:00:00,1.26,13.61,8.1,8.28,4.96,6.78,6.78
2007-06-29 22:00:00,4.5,14.28,8.45,8.85,4.95,7.53,7.31
2007-06-29 23:00:00,4.65,15.44,9.23,11.25,4.8500000000000005,6.97,7.24
2007-06-30 00:00:00,4.58,16.75,10.15,11.12,4.97,7.45,6.99
2007-06-30 01:00:00,4.88,19.86,10.27,12.15,5.3100000000000005,8.700000000000001,5.21
2007-06-30 02:00:00,7.4,20.56,11.87,9.7,6.45,8.03,10.2
2007-06-30 03:00:00,8.74,21.04,12.49,7.35,8.25,6.09,9.24
2007-06-30 04:00:00,8.120000000000001,18.88,12.85,6.67,8.77,8.77,8.61
2007-06-30 05:00:00,7.140000000000001,20.54,12.22,7.25,8.85,7.8,8.92
2007-06-30 06:00:00,5.95,21.82,10.59,7.94,7.17,7.63,10.14
2007-06-30 07:00:00,5.91,15.53,6.04,7.58,7.29,8.02,10.15
2007-06-30 08:00:00,3.74,14.2,7.01,6.72,5.69,7.0,8.51
2007-06-30 09:00:00,3.24,14.21,6.11,5.2,6.42,7.52,7.63
2007-06-30 10:00:00,3.45,14.53,8.75,4.82,7.35,8.18,8.08
2007-06-30 11:00:00,2.12,12.06,9.07,5.8100000000000005,6.0200000000000005,11.44,6.23
2007-06-30 12:00:00,2.36,11.2,7.78,4.87,6.26,11.13,4.99
2007-06-30 13:00:00,0.74,8.4,5.53,1.72,6.32,7.92,2.15
2007-06-30 14:00:00,1.58,13.17,3.52,2.81,5.25,7.18,2.39
2007-06-30 15:00:00,2.1,8.66,1.1,1.63,3.91,6.04,1.12
2007-06-30 16:00:00,0.73,9.56,2.83,2.96,2.78,6.54,1.25
2007-06-30 17:00:00,2.63,8.21,4.71,3.44,3.56,6.09,1.91
2007-06-30 18:00:00,3.85,9.92,5.05,4.03,4.04,7.51,2.26
2007-06-30 19:00:00,5.19,12.23,6.42,5.5600000000000005,4.39,8.75,2.27
2007-06-30 20:00:00,3.49,14.31,7.87,5.86,4.49,8.8,4.0600000000000005
2007-06-30 21:00:00,4.49,15.75,10.33,6.2,5.22,8.77,4.46
2007-06-30 22:00:00,3.98,16.990000000000002,11.34,6.69,5.5200000000000005,8.3,3.15
2007-06-30 23:00:00,4.61,18.31,11.14,9.32,5.48,8.69,8.23
2007-07-01 00:00:00,2.46,19.42,12.61,10.89,5.39,8.18,9.57
2007-07-01 01:00:00,6.1000000000000005,20.47,11.66,10.12,5.66,8.8,6.96
2007-07-01 02:00:00,4.3500000000000005,22.1,10.41,6.51,6.2,8.43,6.37
2007-07-01 03:00:00,4.63,23.5,9.44,4.54,6.9,8.74,8.18
2007-07-01 04:00:00,6.3500000000000005,22.68,9.56,4.2,6.9,8.51,8.52
2007-07-01 05:00:00,5.71,21.88,8.27,5.01,6.97,11.65,6.28
2007-07-01 06:00:00,4.87,22.41,7.99,3.68,7.62,11.32,4.48
2007-07-01 07:00:00,5.71,20.85,7.35,3.0700000000000003,7.95,8.950000000000001,6.17
2007-07-01 08:00:00,5.93,19.84,7.85,3.89,8.44,9.21,4.6000000000000005
2007-07-01 09:00:00,5.84,21.08,7.15,5.36,8.65,9.46,2.64
2007-07-01 10:00:00,6.08,18.52,9.01,5.68,8.790000000000001,9.33,5.68
2007-07-01 11:00:00,6.23,11.84,7.16,3.63,7.99,9.46,4.2
2007-07-01 12:00:00,6.65,7.0,5.15,3.79,7.15,8.74,2.52
2007-07-01 13:00:00,6.19,7.53,3.0500000000000003,3.41,6.42,7.88,2.86
2007-07-01 14:00:00,8.41,10.51,1.62,2.36,5.34,7.53,2.77
2007-07-01 15:00:00,6.2,7.75,1.28,2.46,3.15,6.79,1.43
2007-07-01 16:00:00,3.08,10.45,1.4,1.29,2.84,6.68,1.81
2007-07-01 17:00:00,2.59,10.15,2.06,1.65,4.3100000000000005,6.26,2.22
2007-07-01 18:00:00,2.61,10.03,2.95,2.24,4.71,5.86,2.03
2007-07-01 19:00:00,4.3100000000000005,12.35,4.86,2.99,5.3500000000000005,5.88,2.52
2007-07-01 20:00:00,5.0,13.89,6.26,2.94,5.68,6.37,2.84
2007-07-01 21:00:00,4.13,14.91,7.8,4.95,6.6000000000000005,6.22,1.3
2007-07-01 22:00:00,4.26,16.01,9.45,6.19,6.51,5.88,3.01
2007-07-01 23:00:00,2.97,17.36,10.55,6.82,6.49,7.21,3.38
2007-07-02 00:00:00,3.08,18.67,11.62,7.640000000000001,7.03,6.8500000000000005,11.27
2007-07-02 01:00:00,3.68,20.1,10.46,10.58,7.43,8.040000000000001,4.51
2007-07-02 02:00:00,3.74,21.12,9.87,8.39,7.69,8.24,6.82
2007-07-02 03:00:00,6.8,21.94,10.96,7.12,8.38,7.32,9.98
2007-07-02 04:00:00,7.84,22.59,11.55,5.91,7.97,7.94,10.8
2007-07-02 05:00:00,7.17,22.44,11.27,5.01,8.57,10.62,11.82
2007-07-02 06:00:00,6.2700000000000005,22.31,12.08,6.11,8.64,8.32,12.12
2007-07-02 07:00:00,6.45,21.63,12.45,4.94,7.73,9.28,11.27
2007-07-02 08:00:00,6.640000000000001,19.2,11.71,6.4,6.43,10.25,7.85
2007-07-02 09:00:00,6.8100000000000005,20.56,10.46,6.8500000000000005,6.73,11.42,7.07
2007-07-02 10:00:00,7.23,18.99,9.4,6.8500000000000005,5.26,10.56,5.95
2007-07-02 11:00:00,7.22,16.490000000000002,7.88,4.58,5.0,9.56,5.61
2007-07-02 12:00:00,7.19,12.31,7.140000000000001,2.26,6.36,9.94,4.21
2007-07-02 13:00:00,7.03,7.52,6.16,3.39,6.72,7.46,3.31
2007-07-02 14:00:00,6.8,8.26,4.41,2.76,5.69,7.55,2.96
2007-07-02 15:00:00,5.84,4.45,4.29,2.13,2.1,7.29,2.27
2007-07-02 16:00:00,4.45,11.4,3.17,1.78,5.33,7.35,1.73
2007-07-02 17:00:00,5.44,13.04,3.24,1.71,4.68,7.05,2.58
2007-07-02 18:00:00,4.4,14.15,3.79,2.68,2.89,7.17,3.25
2007-07-02 19:00:00,2.8000000000000003,14.43,5.18,4.91,5.5,6.63,2.81
2007-07-02 20:00:00,3.0500000000000003,15.39,7.37,6.19,5.05,7.75,1.4
2007-07-02 21:00:00,3.44,15.74,9.27,6.99,5.32,7.01,1.59
2007-07-02 22:00:00,5.4,17.03,10.89,8.15,5.26,8.14,3.62
2007-07-02 23:00:00,4.38,17.96,11.58,9.7,5.44,8.9,6.3500000000000005
2007-07-03 00:00:00,6.8100000000000005,19.38,12.01,10.11,5.46,8.9,10.31
2007-07-03 01:00:00,7.69,21.41,11.2,9.94,5.37,9.46,7.2
2007-07-03 02:00:00,8.1,21.52,11.23,7.5,6.76,11.09,8.19
2007-07-03 03:00:00,8.77,22.11,11.87,5.69,7.07,11.78,7.71
2007-07-03 04:00:00,9.5,22.3,11.82,4.68,8.22,10.06,9.79
2007-07-03 05:00:00,9.7,20.86,11.95,5.45,8.11,8.92,6.890000000000001
2007-07-03 06:00:00,9.89,17.44,11.7,4.33,7.67,8.74,8.41
2007-07-03 07:00:00,9.52,15.38,9.99,5.18,8.11,8.870000000000001,4.86
2007-07-03 08:00:00,8.47,19.91,9.49,4.21,7.88,11.08,1.65
2007-07-03 09:00:00,7.87,18.54,8.75,1.83,7.22,10.84,2.95
2007-07-03 10:00:00,7.18,18.77,7.69,1.52,10.22,9.48,3.6
2007-07-03 11:00:00,7.930000000000001,17.66,7.48,3.84,8.72,8.28,1.03
2007-07-03 12:00:00,7.23,17.51,7.09,4.08,7.91,6.99,2.9
2007-07-03 13:00:00,5.69,16.1,5.41,2.5500000000000003,7.13,7.1000000000000005,1.29
2007-07-03 14:00:00,6.4,12.75,3.59,2.96,7.32,7.51,2.15
2007-07-03 15:00:00,4.21,9.04,2.64,2.66,6.9,6.46,2.34
2007-07-03 16:00:00,4.26,5.17,1.93,4.61,4.86,6.16,2.46
2007-07-03 17:00:00,3.6,2.19,1.83,5.96,2.51,6.7,1.56
2007-07-03 18:00:00,2.57,0.76,1.69,5.08,3.53,5.88,1.56
2007-07-03 19:00:00,3.01,1.89,1.42,4.91,2.01,5.33,1.02
2007-07-03 20:00:00,3.0,2.23,0.8,3.92,0.71,4.8100000000000005,0.55
2007-07-03 21:00:00,3.5500000000000003,2.44,1.35,2.85,1.55,4.55,0.96
2007-07-03 22:00:00,3.81,1.91,1.53,2.3000000000000003,0.42,4.03,1.24
2007-07-03 23:00:00,2.91,6.22,1.91,2.57,3.61,4.54,1.76
2007-07-04 00:00:00,2.99,11.05,8.25,2.36,4.73,3.84,2.44
2007-07-04 01:00:00,1.36,12.42,10.35,2.09,4.99,3.96,4.63
2007-07-04 02:00:00,3.0700000000000003,15.39,9.91,1.15,5.94,4.55,8.790000000000001
2007-07-04 03:00:00,1.39,16.82,11.15,1.57,7.640000000000001,4.39,1.9
2007-07-04 04:00:00,1.99,16.64,10.39,2.48,8.51,8.51,1.41
2007-07-04 05:00:00,3.23,16.92,10.61,3.48,8.83,8.6,1.56
2007-07-04 06:00:00,2.66,17.0,9.88,7.61,8.58,8.49,1.32
2007-07-04 07:00:00,2.33,16.03,9.47,2.91,8.13,8.96,2.67
2007-07-04 08:00:00,2.89,14.39,9.18,2.31,8.19,8.73,2.25
2007-07-04 09:00:00,3.09,14.44,7.98,3.16,7.33,8.47,2.33
2007-07-04 10:00:00,2.95,12.84,8.22,2.93,7.34,7.69,2.54
2007-07-04 11:00:00,3.74,6.2,7.25,2.86,7.18,7.11,1.99
2007-07-04 12:00:00,3.74,3.24,4.7700000000000005,2.68,6.3100000000000005,6.66,3.3200000000000003
2007-07-04 13:00:00,3.6,3.02,5.19,2.21,5.6000000000000005,6.0200000000000005,3.65
2007-07-04 14:00:00,2.12,1.74,4.2,2.76,4.99,5.73,3.39
2007-07-04 15:00:00,2.09,2.61,2.26,2.19,4.63,4.78,2.35
2007-07-04 16:00:00,1.6,2.11,0.84,0.97,1.93,4.48,1.93
2007-07-04 17:00:00,2.44,1.91,0.42,1.02,3.14,4.11,2.17
2007-07-04 18:00:00,4.11,1.57,0.45,1.18,1.95,3.68,0.71
2007-07-04 19:00:00,4.38,2.0,0.6900000000000001,2.65,1.72,3.12,0.81
2007-07-04 20:00:00,4.3100000000000005,2.62,0.63,3.12,1.64,2.77,1.47
2007-07-04 21:00:00,4.43,2.61,0.43,3.0,2.32,3.12,1.51
2007-07-04 22:00:00,4.01,2.03,1.02,2.48,1.74,4.65,2.37
2007-07-04 23:00:00,3.39,2.44,6.5200000000000005,4.12,3.58,4.2,3.52
2007-07-05 00:00:00,2.97,2.77,7.25,4.33,4.64,5.42,6.54
2007-07-05 01:00:00,1.79,7.78,7.3,3.3200000000000003,4.83,5.8500000000000005,7.3
2007-07-05 02:00:00,5.54,11.33,8.49,2.83,6.63,5.93,7.640000000000001
2007-07-05 03:00:00,2.51,13.52,9.75,6.84,8.620000000000001,5.7,3.24
2007-07-05 04:00:00,5.25,14.07,9.27,8.06,8.98,6.63,2.64
2007-07-05 05:00:00,5.29,14.29,9.62,10.62,8.870000000000001,6.7,0.56
2007-07-05 06:00:00,4.8100000000000005,13.25,9.52,9.41,7.62,7.56,0.98
2007-07-05 07:00:00,3.46,8.51,7.67,5.24,8.02,7.46,1.08
2007-07-05 08:00:00,3.12,10.67,5.16,3.7,7.35,6.95,0.99
2007-07-05 09:00:00,2.95,7.7,3.99,3.96,6.53,7.01,1.78
2007-07-05 10:00:00,4.3500000000000005,5.8500000000000005,3.5700000000000003,3.33,3.83,6.33,2.19
2007-07-05 11:00:00,5.03,3.36,1.97,4.69,2.26,6.34,3.03
2007-07-05 12:00:00,3.21,3.83,1.58,5.0200000000000005,1.03,5.94,2.95
2007-07-05 13:00:00,2.9,1.64,1.8,4.46,4.39,5.76,2.52
2007-07-05 14:00:00,1.42,1.42,0.8300000000000001,4.84,1.9,5.83,2.72
2007-07-05 15:00:00,0.78,1.48,0.44,5.66,1.14,5.49,1.83
2007-07-05 16:00:00,1.62,1.73,1.08,4.58,2.38,5.11,0.98
2007-07-05 17:00:00,3.77,2.0,0.94,3.94,2.51,4.5200000000000005,1.52
2007-07-05 18:00:00,3.13,6.76,1.44,4.48,6.21,4.54,1.05
2007-07-05 19:00:00,3.46,5.92,1.19,4.63,5.76,4.74,0.74
2007-07-05 20:00:00,4.08,6.03,3.42,3.68,6.26,3.36,4.33
2007-07-05 21:00:00,4.08,6.87,7.1000000000000005,3.84,6.17,2.98,4.96
2007-07-05 22:00:00,4.96,8.15,7.78,3.58,5.5600000000000005,2.26,6.09
2007-07-05 23:00:00,3.46,10.78,9.69,4.65,5.17,5.21,6.82
2007-07-06 00:00:00,2.13,13.28,10.61,5.63,6.43,7.11,6.640000000000001
2007-07-06 01:00:00,1.89,14.62,10.49,6.16,6.51,8.52,6.86
2007-07-06 02:00:00,3.59,16.35,9.96,11.88,6.75,6.45,7.81
2007-07-06 03:00:00,3.86,16.94,10.15,11.71,7.3,6.8100000000000005,9.3
2007-07-06 04:00:00,2.44,17.240000000000002,10.76,12.67,9.05,7.17,4.82
2007-07-06 05:00:00,2.97,17.330000000000002,10.67,11.91,9.73,6.84,4.92
2007-07-06 06:00:00,3.2,17.21,10.83,10.78,6.97,6.25,3.82
2007-07-06 07:00:00,3.28,15.92,10.8,10.78,4.92,5.23,2.7
2007-07-06 08:00:00,2.14,13.67,10.33,5.41,1.72,6.23,4.89
2007-07-06 09:00:00,1.46,7.15,8.73,3.65,4.86,6.94,3.84
2007-07-06 10:00:00,3.22,6.34,5.9,1.7,3.72,6.09,4.12
2007-07-06 11:00:00,1.78,2.67,3.5500000000000003,3.52,2.09,6.45,5.3
2007-07-06 12:00:00,0.8,2.22,4.3500000000000005,1.95,2.17,5.66,4.74
2007-07-06 13:00:00,1.59,2.33,4.87,2.22,2.82,3.79,4.12
2007-07-06 14:00:00,2.12,0.97,0.96,2.06,2.31,4.9,3.94
2007-07-06 15:00:00,2.3000000000000003,2.59,1.28,3.04,2.44,4.91,4.82
2007-07-06 16:00:00,2.08,4.2700000000000005,2.14,3.51,5.01,4.08,2.44
2007-07-06 17:00:00,3.24,3.63,2.03,2.05,6.49,3.0700000000000003,3.08
2007-07-06 18:00:00,4.44,4.23,3.85,3.0500000000000003,6.11,4.53,5.26
2007-07-06 19:00:00,4.03,5.79,7.52,3.54,6.98,4.86,7.1000000000000005
2007-07-06 20:00:00,4.12,4.86,9.34,4.76,5.51,3.79,9.0
2007-07-06 21:00:00,3.69,8.26,10.6,5.98,5.8100000000000005,3.45,9.98
2007-07-06 22:00:00,7.27,6.49,11.01,6.62,5.8,6.11,10.08
2007-07-06 23:00:00,8.4,7.73,11.37,6.87,5.87,8.41,10.46
2007-07-07 00:00:00,7.75,8.81,11.8,10.06,5.51,9.79,10.72
2007-07-07 01:00:00,7.37,10.58,12.57,11.86,6.0200000000000005,10.22,9.55
2007-07-07 02:00:00,5.68,12.2,13.21,12.43,5.4,9.77,9.03
2007-07-07 03:00:00,4.7700000000000005,13.09,11.31,11.73,5.3100000000000005,9.35,7.94
2007-07-07 04:00:00,6.16,12.93,11.46,9.87,7.930000000000001,9.49,8.620000000000001
2007-07-07 05:00:00,5.93,12.22,11.06,9.23,10.37,9.26,9.09
2007-07-07 06:00:00,6.55,8.03,10.71,6.65,12.8,8.65,7.0
2007-07-07 07:00:00,6.09,7.28,9.97,5.87,12.96,7.46,7.47
2007-07-07 08:00:00,3.61,5.72,9.8,6.8100000000000005,13.74,6.7,7.43
2007-07-07 09:00:00,3.46,6.07,9.6,6.92,12.7,6.78,6.69
2007-07-07 10:00:00,3.54,3.88,7.98,6.45,11.1,6.67,5.9
2007-07-07 11:00:00,5.22,1.71,5.24,6.34,9.2,5.65,5.11
2007-07-07 12:00:00,3.28,1.9,5.37,5.33,7.19,6.0600000000000005,4.73
2007-07-07 13:00:00,4.63,0.56,2.81,5.8,6.45,6.26,4.99
2007-07-07 14:00:00,0.91,0.18,0.63,4.7700000000000005,6.19,5.78,4.61
2007-07-07 15:00:00,1.23,0.6,2.36,3.27,5.1000000000000005,4.38,2.73
2007-07-07 16:00:00,1.43,0.72,3.75,4.58,6.21,5.82,4.64
2007-07-07 17:00:00,1.61,3.22,8.5,6.61,5.84,5.28,5.87
2007-07-07 18:00:00,1.94,6.18,7.83,7.1000000000000005,6.8500000000000005,7.34,7.21
2007-07-07 19:00:00,3.25,7.390000000000001,8.26,8.73,6.55,8.16,9.07
2007-07-07 20:00:00,8.3,6.74,9.36,10.36,6.640000000000001,9.26,9.04
2007-07-07 21:00:00,9.36,7.59,10.62,11.15,6.88,9.81,9.65
2007-07-07 22:00:00,8.71,10.37,10.37,11.76,7.13,11.26,10.34
2007-07-07 23:00:00,11.71,11.8,10.8,12.18,7.88,12.11,9.4
2007-07-08 00:00:00,11.52,13.26,10.44,12.27,8.36,12.4,8.93
2007-07-08 01:00:00,11.32,14.13,10.51,12.22,8.75,11.76,8.67
2007-07-08 02:00:00,12.79,15.77,10.78,11.62,8.83,11.26,8.64
2007-07-08 03:00:00,13.13,17.400000000000002,11.93,11.63,10.23,10.49,9.87
2007-07-08 04:00:00,13.81,17.28,11.85,10.56,12.59,8.77,10.04
2007-07-08 05:00:00,12.32,8.69,11.0,10.57,14.66,6.86,9.45
2007-07-08 06:00:00,12.11,2.94,11.39,4.83,13.57,7.43,7.25
2007-07-08 07:00:00,11.35,4.8,11.58,4.78,13.86,7.92,5.92
2007-07-08 08:00:00,10.45,4.2700000000000005,11.66,4.7,13.51,6.3,6.7
2007-07-08 09:00:00,7.96,4.0600000000000005,11.75,5.33,13.33,7.61,6.93
2007-07-08 10:00:00,8.94,2.37,11.73,4.87,13.47,7.12,7.1000000000000005
2007-07-08 11:00:00,4.2700000000000005,4.1,8.32,3.9,9.91,6.95,7.5
2007-07-08 12:00:00,6.03,4.01,5.83,3.7,9.09,6.83,4.63
2007-07-08 13:00:00,8.98,3.0,6.05,3.81,9.41,6.23,3.78
2007-07-08 14:00:00,6.34,1.93,4.45,3.22,7.66,5.51,5.94
2007-07-08 15:00:00,4.95,1.32,4.33,3.5,6.5600000000000005,5.63,4.89
2007-07-08 16:00:00,2.43,0.86,6.58,4.8,6.69,7.31,4.22
2007-07-08 17:00:00,4.36,2.09,6.640000000000001,6.42,7.19,8.4,4.82
2007-07-08 18:00:00,2.62,4.97,7.62,6.67,7.29,5.42,7.0
2007-07-08 19:00:00,0.99,6.09,8.63,7.07,8.13,3.94,7.71
2007-07-08 20:00:00,6.83,7.86,9.49,7.26,7.5,6.71,8.53
2007-07-08 21:00:00,8.97,7.99,9.65,7.62,7.43,10.08,8.63
2007-07-08 22:00:00,9.52,8.32,9.95,7.82,8.08,11.97,9.02
2007-07-08 23:00:00,10.35,9.23,10.24,8.73,7.96,11.35,9.84
2007-07-09 00:00:00,10.74,6.7700000000000005,10.47,9.03,8.19,10.42,9.94
2007-07-09 01:00:00,10.78,11.2,10.87,9.59,8.45,9.24,10.27
2007-07-09 02:00:00,11.45,12.38,10.95,9.26,9.03,8.3,9.28
2007-07-09 03:00:00,11.85,14.04,11.19,8.1,8.3,8.23,9.61
2007-07-09 04:00:00,11.08,13.54,10.52,6.15,10.48,7.95,9.21
2007-07-09 05:00:00,11.34,9.14,10.27,4.99,11.36,8.870000000000001,7.58
2007-07-09 06:00:00,11.32,4.48,9.98,7.11,12.81,8.41,6.4
2007-07-09 07:00:00,11.5,4.55,9.48,6.65,12.79,8.15,7.32
2007-07-09 08:00:00,10.45,1.9,9.09,6.88,12.58,8.75,8.86
2007-07-09 09:00:00,11.18,2.34,8.14,5.73,11.62,8.72,7.68
2007-07-09 10:00:00,12.83,2.38,7.95,5.4,9.5,8.6,11.04
2007-07-09 11:00:00,11.52,1.08,7.59,5.07,9.2,7.99,8.71
2007-07-09 12:00:00,10.71,1.01,5.93,5.0600000000000005,8.9,7.11,10.46
2007-07-09 13:00:00,10.06,0.74,4.12,4.25,8.14,4.49,9.13
2007-07-09 14:00:00,10.86,1.2,4.17,4.09,8.22,4.87,6.21
2007-07-09 15:00:00,7.7,1.33,2.29,2.16,6.2700000000000005,3.23,5.74
2007-07-09 16:00:00,4.46,0.89,3.52,1.22,6.65,2.82,4.76
2007-07-09 17:00:00,2.52,0.55,5.64,1.86,7.26,2.2,4.22
2007-07-09 18:00:00,2.1,1.96,6.13,2.58,6.7,2.26,6.05
2007-07-09 19:00:00,2.14,5.78,6.99,2.53,6.95,2.39,6.88
2007-07-09 20:00:00,1.25,6.63,7.17,5.33,6.55,4.1,6.88
2007-07-09 21:00:00,2.22,7.17,8.86,4.7700000000000005,5.76,3.46,7.91
2007-07-09 22:00:00,5.53,7.12,9.2,4.75,6.15,5.28,8.43
2007-07-09 23:00:00,5.57,8.01,9.31,5.59,6.49,6.67,8.8
2007-07-10 00:00:00,9.24,9.4,9.44,6.34,6.48,6.83,9.33
2007-07-10 01:00:00,9.18,9.63,8.27,6.67,6.8,8.08,9.0
2007-07-10 02:00:00,7.7,8.120000000000001,7.4,7.75,8.46,9.02,8.86
2007-07-10 03:00:00,9.35,10.65,8.51,8.51,10.12,8.69,8.9
2007-07-10 04:00:00,10.42,7.85,9.19,7.98,9.53,9.21,9.77
2007-07-10 05:00:00,9.9,5.84,8.89,5.58,8.91,8.3,8.73
2007-07-10 06:00:00,7.08,4.17,10.46,6.1000000000000005,8.6,7.01,8.07
2007-07-10 07:00:00,4.62,9.05,9.78,4.86,8.370000000000001,7.03,8.41
2007-07-10 08:00:00,2.45,2.09,8.97,5.1000000000000005,8.93,7.9,5.74
2007-07-10 09:00:00,6.13,2.36,9.58,5.4,9.74,7.22,5.29
2007-07-10 10:00:00,5.37,1.08,9.2,4.73,8.4,6.69,5.84
2007-07-10 11:00:00,7.07,1.33,8.370000000000001,4.47,8.82,5.58,8.66
2007-07-10 12:00:00,3.15,1.55,7.59,4.82,8.76,4.01,7.4
2007-07-10 13:00:00,4.6000000000000005,0.7000000000000001,7.68,3.12,7.52,3.77,9.95
2007-07-10 14:00:00,6.6000000000000005,1.03,6.16,4.3100000000000005,5.53,3.73,8.5
2007-07-10 15:00:00,1.45,0.68,6.3100000000000005,2.0,7.43,3.81,6.58
2007-07-10 16:00:00,2.02,0.59,4.8100000000000005,1.68,6.07,3.11,5.63
2007-07-10 17:00:00,2.4,0.45,1.61,2.23,7.88,3.45,5.88
2007-07-10 18:00:00,4.21,1.3,5.25,3.21,8.51,2.43,7.42
2007-07-10 19:00:00,3.0,2.79,9.43,4.34,8.85,4.86,9.66
2007-07-10 20:00:00,2.59,7.9,8.76,5.74,6.09,4.7700000000000005,9.14
2007-07-10 21:00:00,7.33,8.07,10.14,6.49,9.92,3.44,8.06
2007-07-10 22:00:00,6.38,7.7,8.81,7.05,5.23,6.5200000000000005,8.68
2007-07-10 23:00:00,2.25,10.46,9.54,6.24,4.89,6.42,6.49
2007-07-11 00:00:00,5.5,2.35,12.15,6.43,5.92,12.87,12.37
2007-07-11 01:00:00,4.78,12.11,10.73,9.37,5.01,3.66,10.77
2007-07-11 02:00:00,5.67,10.67,8.51,10.3,3.78,4.97,9.51
2007-07-11 03:00:00,7.34,6.55,9.64,10.51,2.92,5.84,10.41
2007-07-11 04:00:00,8.23,7.11,8.78,5.96,4.46,3.44,8.48
2007-07-11 05:00:00,9.51,7.65,9.11,6.17,8.16,3.77,7.83
2007-07-11 06:00:00,10.95,3.73,10.07,5.62,8.57,7.7,4.78
2007-07-11 07:00:00,11.52,7.23,8.5,4.75,8.040000000000001,6.97,7.31
2007-07-11 08:00:00,11.76,7.640000000000001,7.5,3.98,4.24,8.25,8.98
2007-07-11 09:00:00,10.76,4.2700000000000005,7.37,4.0600000000000005,5.03,8.39,7.85
2007-07-11 10:00:00,11.78,3.81,8.66,5.97,7.26,7.19,8.63
2007-07-11 11:00:00,10.64,3.16,8.99,5.76,4.43,4.6000000000000005,8.68
2007-07-11 12:00:00,10.06,1.02,7.63,6.72,5.36,1.9,8.96
2007-07-11 13:00:00,9.77,0.73,6.99,6.36,3.81,0.21,8.42
2007-07-11 14:00:00,8.52,0.96,4.84,4.47,0.5,1.81,4.84
2007-07-11 15:00:00,9.77,0.35,5.7,4.46,1.9,1.29,5.72
2007-07-11 16:00:00,9.46,4.9,5.58,3.67,4.26,3.87,6.28
2007-07-11 17:00:00,8.41,5.87,6.72,4.11,4.32,4.6000000000000005,4.94
2007-07-11 18:00:00,9.03,6.3100000000000005,8.34,5.61,4.41,3.94,7.15
2007-07-11 19:00:00,9.77,6.82,9.56,5.8100000000000005,4.64,4.24,7.52
2007-07-11 20:00:00,10.3,7.22,9.77,5.16,4.55,2.8000000000000003,8.02
2007-07-11 21:00:00,10.92,7.57,9.63,6.19,4.65,8.13,8.22
2007-07-11 22:00:00,11.72,8.01,9.93,6.48,5.57,10.07,8.85
2007-07-11 23:00:00,12.96,8.65,11.89,5.16,6.23,10.12,9.88
2007-07-12 00:00:00,13.69,10.68,12.81,6.97,5.9,9.99,10.43
2007-07-12 01:00:00,14.16,12.16,12.35,9.2,6.47,10.79,9.83
2007-07-12 02:00:00,14.4,13.47,12.27,10.42,7.41,11.0,8.66
2007-07-12 03:00:00,14.64,15.0,12.2,8.41,7.63,9.02,9.86
2007-07-12 04:00:00,14.61,14.34,10.82,5.76,8.41,9.18,8.790000000000001
2007-07-12 05:00:00,13.64,11.91,10.51,4.65,9.57,8.21,6.76
2007-07-12 06:00:00,14.18,10.58,9.72,3.45,6.65,8.92,5.25
2007-07-12 07:00:00,14.11,10.43,8.89,3.25,6.29,7.85,3.79
2007-07-12 08:00:00,11.62,11.02,9.13,4.28,7.59,8.03,1.14
2007-07-12 09:00:00,9.81,7.390000000000001,7.86,5.75,7.140000000000001,9.28,0.86
2007-07-12 10:00:00,11.6,5.33,7.12,3.41,5.91,9.01,1.9
2007-07-12 11:00:00,8.540000000000001,5.45,7.8,3.56,6.07,7.34,2.75
2007-07-12 12:00:00,8.51,2.21,5.4,3.04,4.97,7.47,1.69
2007-07-12 13:00:00,7.59,2.15,5.58,1.86,5.41,6.97,3.18
2007-07-12 14:00:00,8.11,3.47,5.28,1.33,4.13,5.87,2.83
2007-07-12 15:00:00,6.5600000000000005,3.39,4.94,0.72,2.73,6.7,0.8
2007-07-12 16:00:00,2.56,3.31,4.39,1.44,1.52,6.58,2.21
2007-07-12 17:00:00,3.52,2.85,3.78,2.2,3.18,6.74,2.46
2007-07-12 18:00:00,3.84,2.63,3.61,2.69,4.46,5.51,2.66
2007-07-12 19:00:00,4.3,2.23,5.3100000000000005,3.21,4.65,4.57,2.34
2007-07-12 20:00:00,3.79,1.65,6.3,4.11,5.0200000000000005,4.73,3.48
2007-07-12 21:00:00,3.97,0.93,7.62,4.0600000000000005,4.97,5.8,6.65
2007-07-12 22:00:00,3.81,8.700000000000001,8.66,4.46,6.28,7.51,9.34
2007-07-12 23:00:00,1.76,10.51,9.6,4.36,7.37,7.62,11.17
2007-07-13 00:00:00,8.94,13.36,10.5,5.65,8.16,8.46,7.68
2007-07-13 01:00:00,8.23,14.04,10.68,5.63,9.04,8.21,5.95
2007-07-13 02:00:00,9.38,16.22,10.47,11.16,9.48,8.81,2.96
2007-07-13 03:00:00,11.35,17.94,10.56,9.04,9.87,8.61,8.33
2007-07-13 04:00:00,10.84,18.18,10.47,6.95,10.59,8.63,3.52
2007-07-13 05:00:00,9.8,18.64,10.26,6.69,10.39,8.6,1.62
2007-07-13 06:00:00,8.13,17.6,9.11,4.97,9.58,7.8,2.44
2007-07-13 07:00:00,5.69,17.77,7.78,4.68,9.35,7.81,2.18
2007-07-13 08:00:00,3.78,16.91,7.28,4.7,8.89,9.53,1.26
2007-07-13 09:00:00,2.47,16.32,6.97,4.4,8.08,8.49,2.51
2007-07-13 10:00:00,1.99,15.55,6.42,4.0200000000000005,8.88,7.26,1.99
2007-07-13 11:00:00,2.84,12.72,7.03,4.1,8.08,6.72,1.8
2007-07-13 12:00:00,1.82,8.84,5.92,4.0600000000000005,8.52,6.08,2.46
2007-07-13 13:00:00,1.52,4.95,4.97,3.37,6.75,6.22,1.99
2007-07-13 14:00:00,1.02,2.16,3.24,1.78,3.2,5.95,2.56
2007-07-13 15:00:00,1.42,3.18,2.0,0.9,0.93,5.17,1.47
2007-07-13 16:00:00,2.29,2.61,1.58,1.0,0.96,4.55,1.48
2007-07-13 17:00:00,3.9,2.8000000000000003,1.12,2.15,5.24,3.66,2.26
2007-07-13 18:00:00,4.32,2.52,1.32,3.45,5.05,3.0,2.21
2007-07-13 19:00:00,4.76,2.21,0.36,3.69,5.15,3.45,2.57
2007-07-13 20:00:00,4.57,2.44,1.12,4.29,5.82,2.93,2.48
2007-07-13 21:00:00,4.47,2.29,5.99,5.08,5.93,3.29,6.34
2007-07-13 22:00:00,4.28,2.35,6.7,5.88,6.3100000000000005,3.89,6.7700000000000005
2007-07-13 23:00:00,4.48,4.39,7.33,5.7700000000000005,6.29,8.45,7.99
2007-07-14 00:00:00,4.09,9.23,8.48,6.0200000000000005,6.6000000000000005,8.82,8.44
2007-07-14 01:00:00,3.5700000000000003,11.79,8.64,6.45,6.79,8.41,7.35
2007-07-14 02:00:00,2.09,14.62,9.18,5.04,7.33,7.79,5.01
2007-07-14 03:00:00,1.8,15.95,7.98,7.79,8.2,7.57,3.6
2007-07-14 04:00:00,1.78,15.55,8.5,7.42,10.07,8.55,1.53
2007-07-14 05:00:00,0.92,14.37,9.76,7.640000000000001,11.12,10.39,1.36
2007-07-14 06:00:00,1.3,12.63,6.390000000000001,5.22,9.89,9.23,2.14
2007-07-14 07:00:00,0.64,11.73,7.52,4.0,9.52,8.36,2.4
2007-07-14 08:00:00,1.43,8.290000000000001,5.88,4.62,8.72,7.94,2.3000000000000003
2007-07-14 09:00:00,0.38,7.78,7.25,4.11,8.66,7.18,1.69
2007-07-14 10:00:00,0.53,4.22,6.61,3.5700000000000003,7.57,7.1000000000000005,2.7
2007-07-14 11:00:00,0.97,4.84,6.43,3.25,7.7,7.19,2.56
2007-07-14 12:00:00,0.8200000000000001,5.09,4.6000000000000005,3.01,8.38,6.3,2.39
2007-07-14 13:00:00,1.34,3.1,6.75,2.4,8.78,5.41,1.3
2007-07-14 14:00:00,1.95,2.97,2.76,1.98,8.2,3.0500000000000003,1.43
2007-07-14 15:00:00,1.62,3.06,0.24,1.98,8.11,3.54,0.34
2007-07-14 16:00:00,2.32,3.13,0.76,2.25,7.77,2.33,1.45
2007-07-14 17:00:00,2.85,2.89,1.8,3.01,6.74,2.95,2.91
2007-07-14 18:00:00,4.14,3.24,2.22,4.33,5.8,1.24,3.41
2007-07-14 19:00:00,4.86,3.61,4.82,5.01,5.33,2.72,3.5500000000000003
2007-07-14 20:00:00,4.86,5.23,6.3100000000000005,5.2,5.72,3.94,6.390000000000001
2007-07-14 21:00:00,4.1,5.45,7.09,4.75,5.97,6.65,7.22
2007-07-14 22:00:00,3.49,6.5200000000000005,7.72,4.57,5.3100000000000005,8.46,7.47
2007-07-14 23:00:00,2.33,7.49,9.54,5.29,6.09,6.97,8.08
2007-07-15 00:00:00,1.48,8.9,9.95,6.18,6.23,8.28,8.75
2007-07-15 01:00:00,3.16,11.82,8.870000000000001,5.17,7.74,7.52,8.43
2007-07-15 02:00:00,6.19,13.59,9.66,4.49,8.06,6.8,7.56
2007-07-15 03:00:00,8.77,14.8,10.77,9.41,8.55,6.78,7.98
2007-07-15 04:00:00,10.3,14.53,10.52,10.14,9.56,8.48,9.12
2007-07-15 05:00:00,9.97,12.88,10.84,9.31,9.92,8.1,5.44
2007-07-15 06:00:00,9.77,13.44,9.12,7.07,9.64,8.31,5.11
2007-07-15 07:00:00,9.6,14.92,9.25,2.61,10.24,9.23,1.34
2007-07-15 08:00:00,9.59,13.69,9.42,2.8000000000000003,11.27,8.15,0.46
2007-07-15 09:00:00,6.87,13.15,6.79,3.87,9.88,7.32,2.11
2007-07-15 10:00:00,6.36,11.15,6.5600000000000005,3.47,9.59,6.96,2.16
2007-07-15 11:00:00,6.08,9.57,6.3,4.97,7.79,8.01,2.32
2007-07-15 12:00:00,6.49,4.73,4.49,4.36,8.03,8.02,2.21
2007-07-15 13:00:00,4.71,3.33,4.26,2.72,7.6,7.67,2.08
2007-07-15 14:00:00,2.64,2.79,2.45,2.22,3.41,6.62,1.34
2007-07-15 15:00:00,2.29,2.51,1.67,1.5,4.13,5.42,2.01
2007-07-15 16:00:00,2.06,4.17,2.37,2.26,3.92,5.04,2.65
2007-07-15 17:00:00,2.34,2.88,4.11,2.89,4.63,3.38,2.0
2007-07-15 18:00:00,2.48,2.77,4.5600000000000005,3.36,4.96,2.88,2.01
2007-07-15 19:00:00,2.34,2.21,6.05,3.81,5.23,3.76,3.38
2007-07-15 20:00:00,6.49,5.39,7.62,4.66,5.3,6.57,7.57
2007-07-15 21:00:00,7.05,4.61,8.49,5.16,4.87,8.33,8.53
2007-07-15 22:00:00,8.48,4.59,9.57,5.44,5.32,8.08,8.870000000000001
2007-07-15 23:00:00,10.24,7.85,10.85,5.3500000000000005,5.32,8.84,9.29
2007-07-16 00:00:00,11.11,10.75,11.24,5.51,5.36,9.97,9.67
2007-07-16 01:00:00,11.19,13.73,11.53,5.57,6.140000000000001,9.74,6.55
2007-07-16 02:00:00,12.14,16.09,9.64,11.18,6.140000000000001,10.15,4.0200000000000005
2007-07-16 03:00:00,11.72,15.8,10.49,10.43,6.5200000000000005,7.68,8.35
2007-07-16 04:00:00,10.9,15.2,9.42,8.53,7.16,7.2,5.8100000000000005
2007-07-16 05:00:00,10.03,14.98,9.78,5.04,8.43,9.21,2.21
2007-07-16 06:00:00,10.91,14.61,8.85,3.76,9.45,9.52,1.8
2007-07-16 07:00:00,10.9,14.39,9.01,3.83,9.08,8.22,1.34
2007-07-16 08:00:00,10.24,14.08,4.3500000000000005,3.25,5.61,9.11,2.59
2007-07-16 09:00:00,9.95,14.09,7.7,2.46,3.27,8.59,1.98
2007-07-16 10:00:00,8.9,13.54,7.07,1.66,2.68,7.69,1.39
2007-07-16 11:00:00,6.87,9.83,6.25,2.44,1.83,6.76,1.31
2007-07-16 12:00:00,9.45,5.62,4.36,3.02,2.18,8.83,1.48
2007-07-16 13:00:00,8.22,2.37,4.54,2.59,1.03,8.620000000000001,3.18
2007-07-16 14:00:00,8.22,1.76,4.45,0.97,0.32,7.01,1.09
2007-07-16 15:00:00,7.390000000000001,3.17,4.89,1.45,2.53,7.33,0.86
2007-07-16 16:00:00,3.82,2.75,3.68,2.23,2.21,6.5600000000000005,1.31
2007-07-16 17:00:00,1.87,3.3000000000000003,4.98,3.38,2.92,4.8,1.32
2007-07-16 18:00:00,3.73,1.47,6.19,4.9,3.91,4.78,2.18
2007-07-16 19:00:00,5.92,1.57,7.42,5.62,4.39,6.96,4.96
2007-07-16 20:00:00,7.46,5.0,8.98,6.48,4.75,9.96,7.12
2007-07-16 21:00:00,8.2,5.95,10.02,7.28,4.6000000000000005,9.28,8.66
2007-07-16 22:00:00,9.0,7.63,10.5,7.42,5.75,9.77,8.96
2007-07-16 23:00:00,11.8,11.17,10.64,7.79,6.16,10.26,9.65
2007-07-17 00:00:00,12.98,12.92,10.8,9.2,7.41,9.66,8.01
2007-07-17 01:00:00,13.58,13.8,11.09,9.97,7.96,10.11,6.6000000000000005
2007-07-17 02:00:00,13.2,16.17,10.63,11.58,8.41,10.8,4.16
2007-07-17 03:00:00,13.22,16.69,11.17,9.55,8.41,10.36,9.26
2007-07-17 04:00:00,13.14,17.01,11.0,8.53,8.83,9.57,8.63
2007-07-17 05:00:00,13.44,17.28,9.77,7.41,9.93,9.01,6.74
2007-07-17 06:00:00,14.5,18.39,10.23,6.17,9.49,9.92,5.87
2007-07-17 07:00:00,14.38,18.24,10.52,6.09,9.96,9.75,1.33
2007-07-17 08:00:00,14.36,17.46,11.28,4.58,7.53,9.0,1.19
2007-07-17 09:00:00,13.68,13.94,10.47,4.96,6.37,8.72,0.78
2007-07-17 10:00:00,11.51,9.16,9.05,3.84,4.83,9.49,2.9
2007-07-17 11:00:00,10.8,6.25,6.7700000000000005,4.71,2.84,9.48,2.33
2007-07-17 12:00:00,8.86,5.15,4.11,1.82,1.18,9.2,2.43
2007-07-17 13:00:00,7.3,5.62,4.55,3.36,2.41,8.870000000000001,2.41
2007-07-17 14:00:00,6.5,4.86,3.8,3.36,2.32,8.82,1.83
2007-07-17 15:00:00,3.33,1.33,4.64,3.21,2.05,8.14,1.71
2007-07-17 16:00:00,1.31,3.06,6.05,3.29,3.56,7.0600000000000005,1.9
2007-07-17 17:00:00,1.62,2.43,7.35,4.65,4.5600000000000005,4.33,2.75
2007-07-17 18:00:00,2.46,1.93,7.8,5.98,4.64,3.69,4.5600000000000005
2007-07-17 19:00:00,1.98,1.15,8.290000000000001,5.97,5.59,4.3500000000000005,6.42
2007-07-17 20:00:00,2.44,5.88,9.41,6.6000000000000005,6.32,8.36,7.73
2007-07-17 21:00:00,2.86,6.63,9.88,7.28,6.69,9.8,8.870000000000001
2007-07-17 22:00:00,8.46,7.640000000000001,10.88,8.63,7.31,10.45,9.4
2007-07-17 23:00:00,8.96,11.36,11.51,9.77,7.6,11.77,9.6
2007-07-18 00:00:00,10.33,12.03,10.91,10.28,7.45,11.0,10.2
2007-07-18 01:00:00,11.28,13.26,10.07,10.53,7.58,9.58,8.45
2007-07-18 02:00:00,12.0,15.15,8.74,11.77,7.0200000000000005,8.38,7.33
2007-07-18 03:00:00,13.08,15.1,10.9,11.39,9.65,7.88,10.04
2007-07-18 04:00:00,12.85,13.93,13.37,10.5,10.61,8.290000000000001,9.88
2007-07-18 05:00:00,12.18,12.6,12.78,8.22,10.32,8.27,9.33
2007-07-18 06:00:00,12.41,9.53,10.92,7.55,11.02,9.31,6.57
2007-07-18 07:00:00,11.28,11.79,9.04,6.8100000000000005,10.67,9.8,5.45
2007-07-18 08:00:00,11.25,14.7,8.45,5.57,9.26,9.82,5.92
2007-07-18 09:00:00,10.33,14.26,7.25,5.8100000000000005,7.930000000000001,9.89,6.5600000000000005
2007-07-18 10:00:00,7.41,15.31,4.64,4.75,7.8,9.61,6.78
2007-07-18 11:00:00,5.99,15.2,3.83,4.18,7.140000000000001,9.11,5.8100000000000005
2007-07-18 12:00:00,6.8500000000000005,10.89,2.81,4.17,6.44,8.72,4.8100000000000005
2007-07-18 13:00:00,3.19,8.35,2.21,3.27,5.3100000000000005,8.26,4.75
2007-07-18 14:00:00,3.12,4.44,1.67,3.39,5.18,7.16,3.08
2007-07-18 15:00:00,1.41,1.36,5.47,2.91,5.19,6.04,2.9
2007-07-18 16:00:00,2.23,2.48,7.0600000000000005,4.76,5.2,6.66,4.55
2007-07-18 17:00:00,2.33,1.24,8.75,6.8500000000000005,5.0,8.2,6.86
2007-07-18 18:00:00,4.05,1.32,10.22,7.97,6.04,8.55,7.9
2007-07-18 19:00:00,4.37,6.95,8.8,9.81,6.5200000000000005,9.57,7.42
2007-07-18 20:00:00,3.46,9.07,8.01,10.19,7.17,8.69,7.930000000000001
2007-07-18 21:00:00,5.9,10.71,8.61,10.44,7.13,9.17,8.26
2007-07-18 22:00:00,5.34,11.25,9.63,11.61,7.08,9.36,9.05
2007-07-18 23:00:00,6.09,12.54,10.11,12.11,7.74,9.82,8.93
2007-07-19 00:00:00,1.35,13.53,9.6,12.55,7.61,10.07,7.69
2007-07-19 01:00:00,7.54,13.13,10.06,12.7,7.41,10.06,7.140000000000001
2007-07-19 02:00:00,8.26,13.89,10.34,11.45,7.29,8.42,6.23
2007-07-19 03:00:00,8.59,15.09,10.07,11.59,7.5,6.91,6.82
2007-07-19 04:00:00,8.950000000000001,15.81,9.11,12.13,8.56,8.13,7.98
2007-07-19 05:00:00,9.52,16.240000000000002,7.76,10.47,8.64,8.81,7.75
2007-07-19 06:00:00,9.77,17.09,8.66,10.35,7.49,8.870000000000001,5.43
2007-07-19 07:00:00,9.57,17.34,9.42,7.68,7.21,10.93,4.73
2007-07-19 08:00:00,8.99,17.11,12.07,4.6000000000000005,4.69,12.25,2.35
2007-07-19 09:00:00,7.56,17.62,10.62,5.42,3.62,12.72,2.52
2007-07-19 10:00:00,6.74,17.8,11.68,5.05,3.45,11.66,5.14
2007-07-19 11:00:00,6.36,17.14,9.03,5.33,3.93,10.82,2.58
2007-07-19 12:00:00,4.2,13.85,8.47,5.37,4.3100000000000005,10.37,3.73
2007-07-19 13:00:00,3.95,7.79,8.94,4.86,2.83,9.27,1.44
2007-07-19 14:00:00,3.56,4.25,5.26,4.64,0.65,8.1,1.72
2007-07-19 15:00:00,0.74,1.55,5.22,3.44,2.75,7.31,2.82
2007-07-19 16:00:00,2.06,2.85,4.08,4.08,2.38,6.94,2.75
2007-07-19 17:00:00,2.91,2.26,2.71,6.21,6.12,6.09,3.52
2007-07-19 18:00:00,3.21,2.97,5.96,6.63,5.74,4.69,5.42
2007-07-19 19:00:00,4.33,7.85,7.34,7.32,7.23,7.46,6.42
2007-07-19 20:00:00,4.41,6.83,8.26,7.27,6.76,6.18,7.27
2007-07-19 21:00:00,6.5200000000000005,7.4,8.89,7.43,6.92,9.96,7.51
2007-07-19 22:00:00,8.14,8.15,9.03,7.58,6.96,9.88,7.76
2007-07-19 23:00:00,8.870000000000001,6.3100000000000005,9.12,8.85,6.61,10.53,7.98
2007-07-20 00:00:00,9.96,11.58,8.99,9.13,7.08,11.08,8.44
2007-07-20 01:00:00,11.62,13.36,8.44,9.58,7.01,10.04,7.97
2007-07-20 02:00:00,12.13,14.42,6.57,10.61,8.35,8.19,5.43
2007-07-20 03:00:00,12.0,15.28,7.27,9.39,8.69,6.66,4.46
2007-07-20 04:00:00,11.0,16.39,9.6,8.040000000000001,9.94,7.25,6.67
2007-07-20 05:00:00,10.66,16.28,9.45,6.93,9.98,8.08,5.84
2007-07-20 06:00:00,10.45,16.330000000000002,9.38,6.62,9.44,8.98,3.12
2007-07-20 07:00:00,9.01,15.32,8.02,7.640000000000001,9.88,7.42,1.82
2007-07-20 08:00:00,8.47,12.03,5.41,6.67,10.02,7.04,1.91
2007-07-20 09:00:00,5.51,7.47,5.3,5.78,9.35,8.290000000000001,1.57
2007-07-20 10:00:00,4.51,8.53,8.42,5.95,11.61,8.120000000000001,2.18
2007-07-20 11:00:00,5.73,6.63,8.99,4.93,10.54,7.61,1.36
2007-07-20 12:00:00,7.24,6.4,6.78,3.24,8.870000000000001,7.73,1.21
2007-07-20 13:00:00,3.56,5.54,6.08,2.64,7.22,6.37,1.19
2007-07-20 14:00:00,2.24,2.14,3.25,2.23,6.45,6.5200000000000005,1.79
2007-07-20 15:00:00,3.26,3.5700000000000003,1.65,1.17,6.18,4.5,2.25
2007-07-20 16:00:00,2.57,2.5500000000000003,1.97,2.14,6.1000000000000005,4.7,2.58
2007-07-20 17:00:00,2.03,1.75,2.14,2.76,5.59,3.5500000000000003,2.71
2007-07-20 18:00:00,3.97,4.26,5.38,6.5200000000000005,6.29,5.37,4.3500000000000005
2007-07-20 19:00:00,5.07,7.07,7.19,7.97,5.83,4.54,5.47
2007-07-20 20:00:00,4.8100000000000005,6.45,8.36,8.98,5.69,6.36,7.63
2007-07-20 21:00:00,4.5,7.26,9.98,8.23,5.84,10.73,7.390000000000001
2007-07-20 22:00:00,2.44,7.66,10.23,7.36,6.6000000000000005,10.59,8.34
2007-07-20 23:00:00,7.6,6.59,9.61,8.23,7.43,11.07,8.58
2007-07-21 00:00:00,3.2,9.67,9.76,9.23,6.5600000000000005,10.1,8.55
2007-07-21 01:00:00,5.75,12.5,9.46,9.67,6.95,9.17,8.34
2007-07-21 02:00:00,5.93,13.61,7.34,10.22,8.78,9.87,6.38
2007-07-21 03:00:00,5.3100000000000005,14.22,9.39,9.58,10.29,7.74,4.39
2007-07-21 04:00:00,3.59,15.28,9.68,7.86,11.25,8.17,6.29
2007-07-21 05:00:00,3.84,15.79,9.46,7.6,9.93,9.81,5.21
2007-07-21 06:00:00,3.35,15.86,9.01,7.88,9.35,10.22,3.93
2007-07-21 07:00:00,1.68,15.99,7.81,7.43,9.81,10.25,1.06
2007-07-21 08:00:00,2.41,15.96,8.05,6.63,9.73,9.5,0.8200000000000001
2007-07-21 09:00:00,1.06,15.66,7.92,5.65,10.13,9.35,1.8
2007-07-21 10:00:00,1.69,12.44,7.28,6.74,11.3,9.12,1.75
2007-07-21 11:00:00,1.43,5.84,6.83,5.5600000000000005,11.02,9.1,1.59
2007-07-21 12:00:00,1.2,5.87,4.83,4.98,9.36,7.8,1.1
2007-07-21 13:00:00,1.7,2.72,1.66,2.83,8.19,5.76,2.73
2007-07-21 14:00:00,2.09,3.42,1.47,2.66,7.48,3.78,2.61
2007-07-21 15:00:00,2.52,2.97,1.55,2.69,6.390000000000001,2.4,1.5
2007-07-21 16:00:00,2.03,3.1,0.1,2.32,6.17,1.7,1.41
2007-07-21 17:00:00,3.35,1.73,1.58,4.32,6.63,1.79,3.41
2007-07-21 18:00:00,4.0200000000000005,2.83,3.62,5.29,6.3,1.47,3.93
2007-07-21 19:00:00,4.08,5.59,6.44,6.01,5.91,2.72,4.83
2007-07-21 20:00:00,5.08,7.08,7.83,7.62,5.4,3.08,6.88
2007-07-21 21:00:00,4.8500000000000005,7.3,9.19,6.8500000000000005,5.44,5.87,7.75
2007-07-21 22:00:00,4.25,6.99,9.92,6.3100000000000005,4.4,7.76,8.370000000000001
2007-07-21 23:00:00,4.47,7.36,10.16,6.3100000000000005,5.41,8.22,8.65
2007-07-22 00:00:00,2.27,11.15,10.28,6.8500000000000005,5.71,9.6,8.44
2007-07-22 01:00:00,1.83,13.0,9.78,9.12,6.58,8.76,7.73
2007-07-22 02:00:00,5.44,15.5,9.66,9.77,6.140000000000001,7.53,4.3
2007-07-22 03:00:00,3.73,16.77,9.98,9.84,7.9,7.27,5.98
2007-07-22 04:00:00,2.91,16.76,9.47,8.8,6.19,9.06,5.41
2007-07-22 05:00:00,2.72,16.88,9.08,3.97,6.93,8.51,3.2
2007-07-22 06:00:00,2.28,16.43,9.8,4.11,8.31,7.930000000000001,1.86
2007-07-22 07:00:00,1.16,13.68,8.94,4.3100000000000005,9.92,8.05,1.42
2007-07-22 08:00:00,0.42,10.1,9.03,4.78,8.52,8.05,1.62
2007-07-22 09:00:00,2.4,12.89,7.17,4.7700000000000005,8.65,7.930000000000001,1.78
2007-07-22 10:00:00,1.06,10.21,5.39,4.22,6.98,8.040000000000001,1.4
2007-07-22 11:00:00,1.32,9.2,4.29,4.21,3.15,7.78,2.18
2007-07-22 12:00:00,1.04,3.72,2.91,4.72,1.55,7.78,2.34
2007-07-22 13:00:00,0.8200000000000001,3.92,2.74,4.43,3.78,6.66,2.91
2007-07-22 14:00:00,0.15,2.26,1.28,4.39,3.15,5.8,3.38
2007-07-22 15:00:00,1.37,2.62,0.34,3.42,2.81,4.9,1.41
2007-07-22 16:00:00,2.73,3.12,0.92,2.61,2.0,3.8,1.83
2007-07-22 17:00:00,4.44,3.4,1.04,2.83,1.28,3.54,1.6
2007-07-22 18:00:00,3.99,2.87,1.38,3.51,2.01,2.87,1.89
2007-07-22 19:00:00,5.48,2.14,3.92,3.97,3.79,2.31,2.91
2007-07-22 20:00:00,5.69,1.31,6.25,4.05,3.61,3.44,4.93
2007-07-22 21:00:00,5.01,4.88,7.36,4.13,3.77,7.11,6.4
2007-07-22 22:00:00,4.62,6.13,8.15,4.1,3.49,6.54,7.79
2007-07-22 23:00:00,5.41,11.03,8.97,4.12,3.19,5.42,8.91
2007-07-23 00:00:00,5.73,13.08,9.61,4.5,5.07,4.7700000000000005,8.040000000000001
2007-07-23 01:00:00,4.22,14.65,10.21,3.93,2.86,3.52,5.78
2007-07-23 02:00:00,4.29,16.78,10.14,4.82,4.83,0.63,2.79
2007-07-23 03:00:00,5.1000000000000005,17.6,10.07,8.85,2.89,6.5,6.7700000000000005
2007-07-23 04:00:00,4.23,17.92,10.2,4.11,1.57,4.25,4.09
2007-07-23 05:00:00,2.69,17.73,9.09,6.03,1.95,6.93,2.17
2007-07-23 06:00:00,1.18,16.13,8.59,4.14,7.11,7.140000000000001,1.9
2007-07-23 07:00:00,1.1,15.27,6.9,3.02,8.44,5.78,1.68
2007-07-23 08:00:00,0.62,17.04,7.78,4.5200000000000005,7.85,5.92,2.08
2007-07-23 09:00:00,0.87,16.830000000000002,5.4,4.26,7.49,5.23,1.39
2007-07-23 10:00:00,0.67,12.3,1.7,2.96,6.69,4.59,3.73
2007-07-23 11:00:00,1.32,8.47,5.08,3.78,6.15,4.88,2.34
2007-07-23 12:00:00,2.87,10.9,3.17,3.39,5.49,8.14,9.46
2007-07-23 13:00:00,3.43,8.57,4.19,5.69,3.99,6.3100000000000005,4.19
2007-07-23 14:00:00,1.01,1.68,5.32,4.75,2.81,5.8100000000000005,3.8
2007-07-23 15:00:00,2.64,7.140000000000001,3.12,4.62,2.42,3.89,5.6000000000000005
2007-07-23 16:00:00,3.06,3.35,0.87,3.88,2.41,0.92,4.86
2007-07-23 17:00:00,3.91,1.76,1.2,2.63,2.09,1.49,1.13
2007-07-23 18:00:00,4.83,2.0,1.03,3.43,1.73,7.16,0.51
2007-07-23 19:00:00,5.09,1.5,0.5700000000000001,4.26,2.24,6.09,0.85
2007-07-23 20:00:00,4.1,3.34,1.04,4.36,6.58,3.2,1.53
2007-07-23 21:00:00,3.37,3.89,3.85,5.04,4.54,6.33,3.06
2007-07-23 22:00:00,3.74,8.57,8.45,6.05,2.98,2.7,3.67
2007-07-23 23:00:00,3.85,12.2,9.8,5.15,6.3100000000000005,4.29,7.68
2007-07-24 00:00:00,5.14,15.31,10.76,5.8,3.81,7.31,6.22
2007-07-24 01:00:00,8.19,16.71,11.2,7.45,2.64,9.22,6.1000000000000005
2007-07-24 02:00:00,8.24,18.04,9.44,8.23,1.9,9.13,8.52
2007-07-24 03:00:00,6.83,17.98,8.84,8.82,16.36,6.44,3.01
2007-07-24 04:00:00,5.7,17.12,8.34,7.48,13.17,8.6,4.23
2007-07-24 05:00:00,5.86,16.02,9.23,6.640000000000001,9.57,6.23,3.13
2007-07-24 06:00:00,4.48,14.47,9.21,4.39,9.98,7.28,2.5
2007-07-24 07:00:00,5.44,10.56,8.18,2.74,9.52,6.82,2.84
2007-07-24 08:00:00,4.87,9.62,7.3,2.67,6.45,6.12,1.87
2007-07-24 09:00:00,2.79,11.08,5.83,3.2,6.37,4.59,2.02
2007-07-24 10:00:00,2.62,10.67,5.08,2.75,6.1000000000000005,3.83,2.54
2007-07-24 11:00:00,1.34,9.75,5.19,2.07,5.53,3.86,2.92
2007-07-24 12:00:00,1.2,8.69,3.4,2.27,6.23,3.93,2.6
2007-07-24 13:00:00,1.82,6.88,2.76,2.5500000000000003,5.6000000000000005,2.91,3.0700000000000003
2007-07-24 14:00:00,2.99,1.21,2.41,3.13,2.29,1.08,2.33
2007-07-24 15:00:00,2.15,2.19,2.05,3.04,1.38,1.55,1.28
2007-07-24 16:00:00,3.6,1.83,0.78,3.24,2.78,1.05,1.27
2007-07-24 17:00:00,4.2700000000000005,1.9,1.25,3.71,2.11,1.48,0.99
2007-07-24 18:00:00,4.8100000000000005,2.35,1.01,4.5200000000000005,1.61,3.14,2.05
2007-07-24 19:00:00,7.09,3.04,2.39,5.8500000000000005,2.33,3.33,3.06
2007-07-24 20:00:00,8.84,3.89,7.92,5.95,4.7700000000000005,5.66,6.99
2007-07-24 21:00:00,6.66,6.09,8.99,6.69,5.08,6.04,8.01
2007-07-24 22:00:00,5.97,8.1,9.71,5.72,4.66,7.78,8.56
2007-07-24 23:00:00,6.21,9.64,10.35,5.68,2.71,9.59,8.86
2007-07-25 00:00:00,5.57,10.38,10.3,5.29,2.52,12.87,9.4
2007-07-25 01:00:00,2.75,12.67,10.9,8.5,1.53,12.93,8.51
2007-07-25 02:00:00,7.2,12.06,10.22,10.73,2.92,10.89,8.76
2007-07-25 03:00:00,2.16,12.92,9.76,9.49,4.71,9.45,8.25
2007-07-25 04:00:00,1.83,12.32,9.46,9.18,3.82,9.81,8.950000000000001
2007-07-25 05:00:00,1.86,6.19,8.82,8.8,3.01,7.29,8.66
2007-07-25 06:00:00,3.0,3.52,9.13,5.96,2.99,6.59,6.69
2007-07-25 07:00:00,1.64,5.33,8.36,5.66,1.47,6.32,5.95
2007-07-25 08:00:00,1.8,6.58,6.69,5.68,0.8200000000000001,7.24,7.51
2007-07-25 09:00:00,1.93,3.69,7.34,4.88,4.93,5.86,4.59
2007-07-25 10:00:00,1.28,5.26,6.12,5.8500000000000005,7.85,4.66,0.73
2007-07-25 11:00:00,1.1,3.72,3.62,4.7,5.7700000000000005,4.5,2.16
2007-07-25 12:00:00,2.0,2.14,2.4,4.3,5.19,3.3000000000000003,2.32
2007-07-25 13:00:00,1.88,3.2,1.48,4.37,4.99,2.54,1.39
2007-07-25 14:00:00,0.98,2.91,1.02,2.97,3.72,1.19,1.17
2007-07-25 15:00:00,3.31,2.86,0.73,2.5500000000000003,4.0,0.79,1.55
2007-07-25 16:00:00,3.2,3.83,0.58,2.86,2.74,1.46,2.32
2007-07-25 17:00:00,4.17,4.39,1.82,5.76,0.6900000000000001,1.54,2.87
2007-07-25 18:00:00,5.43,2.43,2.28,5.6000000000000005,3.16,2.37,4.24
2007-07-25 19:00:00,4.42,4.5200000000000005,5.58,5.71,3.36,2.08,5.61
2007-07-25 20:00:00,4.72,5.8500000000000005,7.43,5.76,1.23,4.05,6.58
2007-07-25 21:00:00,5.75,6.47,8.99,5.3100000000000005,2.85,7.88,8.09
2007-07-25 22:00:00,5.82,8.700000000000001,9.56,5.46,3.16,7.930000000000001,8.88
2007-07-25 23:00:00,3.98,8.86,10.22,5.8100000000000005,6.05,8.51,9.33
2007-07-26 00:00:00,2.09,9.98,11.7,5.78,5.68,11.4,9.89
2007-07-26 01:00:00,2.46,11.51,11.33,8.39,5.23,12.73,10.06
2007-07-26 02:00:00,3.34,14.43,11.01,11.04,4.69,12.34,9.66
2007-07-26 03:00:00,7.09,15.54,10.94,8.36,2.67,2.93,8.06
2007-07-26 04:00:00,4.32,15.87,9.76,6.0,1.28,4.58,9.2
2007-07-26 05:00:00,3.03,15.12,9.74,8.25,5.53,7.09,9.73
2007-07-26 06:00:00,1.0,12.87,9.58,7.17,6.83,5.13,7.640000000000001
2007-07-26 07:00:00,1.04,10.98,10.36,5.68,6.36,6.24,7.59
2007-07-26 08:00:00,1.12,4.53,10.23,5.2,6.19,6.21,6.8100000000000005
2007-07-26 09:00:00,1.55,5.86,8.94,4.2700000000000005,6.01,5.46,1.61
2007-07-26 10:00:00,0.43,2.48,8.120000000000001,4.26,5.76,5.5,1.72
2007-07-26 11:00:00,1.17,5.71,4.72,4.03,4.76,5.0200000000000005,0.98
2007-07-26 12:00:00,2.15,4.03,4.34,3.89,3.48,4.54,1.3
2007-07-26 13:00:00,1.86,3.08,6.0,3.35,2.73,4.2,1.85
2007-07-26 14:00:00,0.71,1.17,4.0600000000000005,2.92,3.0,2.33,1.76
2007-07-26 15:00:00,1.32,2.63,4.54,1.79,4.63,2.43,1.1
2007-07-26 16:00:00,2.37,2.24,5.25,2.5500000000000003,3.99,1.95,1.82
2007-07-26 17:00:00,3.14,2.73,4.82,2.97,4.21,1.71,2.49
2007-07-26 18:00:00,4.28,2.7,5.26,4.47,4.23,2.08,2.06
2007-07-26 19:00:00,5.51,2.18,5.7,5.0,3.85,2.69,6.01
2007-07-26 20:00:00,3.65,2.58,6.63,5.0,3.56,4.82,6.8
2007-07-26 21:00:00,1.9,4.14,8.08,4.82,3.34,7.61,8.18
2007-07-26 22:00:00,3.5500000000000003,7.57,9.2,4.73,3.03,7.0200000000000005,9.07
2007-07-26 23:00:00,1.86,8.92,9.38,5.8100000000000005,3.2,6.58,9.43
2007-07-27 00:00:00,3.17,11.57,10.36,5.33,3.22,9.49,9.2
2007-07-27 01:00:00,4.15,13.31,11.22,4.96,3.65,11.87,8.67
2007-07-27 02:00:00,6.53,15.73,10.63,11.26,4.43,12.97,9.1
2007-07-27 03:00:00,8.040000000000001,16.68,10.07,11.73,10.67,12.25,10.46
2007-07-27 04:00:00,8.41,16.31,9.75,9.6,7.61,9.22,9.63
2007-07-27 05:00:00,9.39,14.26,10.03,2.93,6.390000000000001,10.98,8.88
2007-07-27 06:00:00,10.14,12.43,9.93,4.07,5.59,7.57,8.76
2007-07-27 07:00:00,8.34,10.88,9.88,4.6000000000000005,6.25,7.52,6.890000000000001
2007-07-27 08:00:00,6.38,9.54,9.07,4.46,4.3500000000000005,6.73,5.53
2007-07-27 09:00:00,4.82,6.55,9.23,4.18,2.59,6.38,2.76
2007-07-27 10:00:00,4.8500000000000005,8.47,7.17,4.15,2.08,5.78,1.44
2007-07-27 11:00:00,3.36,10.3,5.53,3.99,2.96,6.17,2.29
2007-07-27 12:00:00,2.1,4.5600000000000005,4.43,3.44,2.99,6.37,2.0
2007-07-27 13:00:00,1.43,3.82,2.98,2.5500000000000003,3.31,6.05,1.93
2007-07-27 14:00:00,1.87,1.7,3.0,2.1,4.25,5.08,2.84
2007-07-27 15:00:00,1.67,2.51,2.45,1.45,4.41,4.54,2.24
2007-07-27 16:00:00,2.05,2.62,2.08,1.75,4.51,4.44,1.89
2007-07-27 17:00:00,3.01,2.27,3.65,2.54,4.22,4.22,1.82
2007-07-27 18:00:00,3.18,2.48,4.38,2.93,4.61,3.69,2.32
2007-07-27 19:00:00,3.98,2.4,5.86,3.65,4.61,4.03,2.59
2007-07-27 20:00:00,5.5600000000000005,2.37,7.09,4.26,4.73,6.0600000000000005,7.1000000000000005
2007-07-27 21:00:00,4.82,4.73,8.31,4.3500000000000005,4.82,8.35,9.42
2007-07-27 22:00:00,3.83,7.63,9.38,4.32,4.76,7.04,9.94
2007-07-27 23:00:00,6.53,9.81,10.12,5.21,4.87,7.75,9.42
2007-07-28 00:00:00,10.67,12.32,10.88,4.82,4.75,9.93,7.75
2007-07-28 01:00:00,9.95,14.83,12.03,8.42,3.86,9.54,9.26
2007-07-28 02:00:00,9.2,16.06,11.44,12.22,4.68,9.65,7.56
2007-07-28 03:00:00,9.93,17.21,11.22,12.1,4.49,9.45,8.2
2007-07-28 04:00:00,10.22,17.59,10.75,10.01,4.22,9.85,7.32
2007-07-28 05:00:00,10.68,17.330000000000002,10.6,7.5,10.25,9.92,6.16
2007-07-28 06:00:00,10.41,16.62,11.17,3.15,10.06,8.89,7.45
2007-07-28 07:00:00,9.28,14.76,11.28,3.54,9.28,7.68,6.54
2007-07-28 08:00:00,7.57,14.86,11.0,3.52,8.39,6.71,6.34
2007-07-28 09:00:00,5.36,11.75,9.62,3.1,6.34,6.74,5.8500000000000005
2007-07-28 10:00:00,4.4,12.24,9.79,2.83,2.74,6.94,4.4
2007-07-28 11:00:00,4.2,7.31,8.76,3.42,3.12,6.7,3.71
2007-07-28 12:00:00,4.15,7.71,6.3100000000000005,2.85,2.1,6.9,2.94
2007-07-28 13:00:00,4.54,7.47,5.95,4.48,1.73,6.92,3.13
2007-07-28 14:00:00,3.77,7.9,4.71,4.2700000000000005,3.08,5.99,2.52
2007-07-28 15:00:00,3.15,7.18,3.1,1.96,2.27,5.46,2.16
2007-07-28 16:00:00,3.16,0.73,3.27,1.22,4.14,5.91,2.62
2007-07-28 17:00:00,2.65,2.22,4.04,2.14,5.0,5.82,1.86
2007-07-28 18:00:00,3.03,2.25,3.81,2.5,2.95,6.4,1.18
2007-07-28 19:00:00,2.86,2.63,5.7,3.37,3.79,6.3500000000000005,5.57
2007-07-28 20:00:00,1.72,2.4,8.43,4.0200000000000005,4.4,6.57,3.84
2007-07-28 21:00:00,3.61,0.68,9.91,4.09,4.63,7.18,1.5
2007-07-28 22:00:00,8.51,9.38,11.19,4.15,4.25,7.59,6.28
2007-07-28 23:00:00,12.05,13.0,11.98,4.22,4.8,7.87,6.62
2007-07-29 00:00:00,11.03,15.52,12.86,5.08,5.34,8.58,5.25
2007-07-29 01:00:00,9.99,16.740000000000002,12.58,8.72,4.45,8.61,7.43
2007-07-29 02:00:00,8.09,18.47,11.41,9.57,4.13,9.09,9.41
2007-07-29 03:00:00,8.34,18.71,11.77,10.09,7.52,8.26,3.4
2007-07-29 04:00:00,7.81,18.97,10.97,8.92,7.5,8.19,2.16
2007-07-29 05:00:00,7.17,19.14,11.07,2.95,8.2,7.84,4.53
2007-07-29 06:00:00,5.2,18.49,10.59,3.16,5.93,7.36,5.05
2007-07-29 07:00:00,2.44,17.66,10.71,2.98,6.8500000000000005,7.7,2.76
2007-07-29 08:00:00,1.46,16.64,9.7,3.35,7.74,8.25,1.68
2007-07-29 09:00:00,2.06,14.1,6.62,3.56,7.49,7.16,2.33
2007-07-29 10:00:00,1.01,14.06,7.19,1.6,6.22,7.81,1.9
2007-07-29 11:00:00,1.04,9.76,7.78,2.62,4.97,7.0600000000000005,3.46
2007-07-29 12:00:00,1.36,7.03,5.26,2.87,4.1,7.07,5.05
2007-07-29 13:00:00,1.94,5.47,4.99,2.63,5.26,6.75,3.75
2007-07-29 14:00:00,1.75,5.55,3.25,1.24,5.15,6.42,2.84
2007-07-29 15:00:00,2.16,6.26,2.56,1.26,5.28,5.16,2.24
2007-07-29 16:00:00,2.34,1.28,2.79,3.18,4.7,3.62,2.48
2007-07-29 17:00:00,2.66,2.67,2.5500000000000003,4.24,3.77,2.96,1.93
2007-07-29 18:00:00,2.95,2.56,2.62,4.7700000000000005,2.59,1.75,1.34
2007-07-29 19:00:00,3.42,2.67,3.6,4.47,1.77,1.92,2.63
2007-07-29 20:00:00,3.86,2.58,6.5,5.33,1.94,3.18,4.61
2007-07-29 21:00:00,3.78,0.94,8.58,6.51,1.93,1.5,2.85
2007-07-29 22:00:00,3.74,9.56,10.28,6.7,1.84,4.98,1.86
2007-07-29 23:00:00,5.89,14.15,11.01,6.5200000000000005,1.64,7.43,4.18
2007-07-30 00:00:00,4.87,16.25,12.73,5.83,1.87,6.7,4.0600000000000005
2007-07-30 01:00:00,2.86,18.12,13.02,5.73,1.7,5.62,10.88
2007-07-30 02:00:00,7.42,20.02,11.78,9.06,2.94,6.62,5.87
2007-07-30 03:00:00,5.3500000000000005,20.28,12.28,8.47,6.13,7.2,2.46
2007-07-30 04:00:00,3.42,20.26,11.26,7.390000000000001,4.05,7.57,1.96
2007-07-30 05:00:00,2.29,19.46,10.64,4.89,2.54,7.81,2.42
2007-07-30 06:00:00,2.28,16.47,11.35,3.73,4.96,7.66,2.59
2007-07-30 07:00:00,1.54,16.830000000000002,10.25,3.58,3.66,7.19,1.75
2007-07-30 08:00:00,2.27,14.13,8.66,3.38,0.87,7.26,2.29
2007-07-30 09:00:00,1.65,13.86,6.33,3.65,2.59,7.12,1.31
2007-07-30 10:00:00,1.71,12.83,4.11,3.11,2.51,6.71,1.68
2007-07-30 11:00:00,0.61,11.68,4.68,3.5700000000000003,0.61,6.5,2.86
2007-07-30 12:00:00,1.96,10.3,3.5700000000000003,1.75,0.48,6.3100000000000005,2.23
2007-07-30 13:00:00,0.15,4.19,1.85,1.29,1.44,6.09,3.62
2007-07-30 14:00:00,0.88,4.79,2.38,1.37,1.48,5.62,1.9
2007-07-30 15:00:00,0.99,1.41,2.01,2.56,1.54,4.13,2.47
2007-07-30 16:00:00,2.21,2.73,3.24,2.33,2.35,3.88,2.11
2007-07-30 17:00:00,3.23,3.03,2.44,3.27,3.23,3.12,1.94
2007-07-30 18:00:00,4.12,2.41,2.68,4.33,3.77,2.26,1.23
2007-07-30 19:00:00,4.43,1.68,4.3500000000000005,4.22,5.14,2.65,3.47
2007-07-30 20:00:00,5.45,4.8,6.03,6.34,4.61,4.72,6.11
2007-07-30 21:00:00,2.3000000000000003,8.31,8.81,6.74,5.5,6.49,2.04
2007-07-30 22:00:00,8.97,10.5,10.71,6.3100000000000005,5.7700000000000005,3.71,5.11
2007-07-30 23:00:00,6.16,13.04,11.96,6.38,5.32,1.82,6.5200000000000005
2007-07-31 00:00:00,3.47,15.21,12.14,5.92,5.14,6.47,5.2
2007-07-31 01:00:00,7.76,16.2,12.22,5.16,4.92,5.9,6.45
2007-07-31 02:00:00,7.97,18.33,10.94,8.93,3.67,6.61,10.62
2007-07-31 03:00:00,4.39,18.74,10.33,6.12,11.81,6.72,9.9
2007-07-31 04:00:00,0.94,18.24,9.71,6.23,9.95,7.47,8.94
2007-07-31 05:00:00,2.0,13.99,9.07,3.59,6.12,6.99,7.65
2007-07-31 06:00:00,1.48,7.31,8.01,3.16,9.45,6.57,4.28
2007-07-31 07:00:00,1.22,4.48,7.38,2.0,9.38,5.71,1.69
2007-07-31 08:00:00,0.45,3.08,7.05,2.93,10.26,5.59,2.12
2007-07-31 09:00:00,0.66,2.36,5.17,2.44,9.1,4.86,1.83
2007-07-31 10:00:00,0.94,2.86,6.75,2.82,8.08,4.93,2.17
2007-07-31 11:00:00,1.64,2.29,6.2,3.08,7.25,3.51,1.65
2007-07-31 12:00:00,2.03,2.67,4.34,2.38,7.12,3.52,1.82
2007-07-31 13:00:00,2.15,0.95,4.99,2.17,7.19,0.37,2.24
2007-07-31 14:00:00,2.09,2.44,5.22,3.59,6.97,1.15,2.28
2007-07-31 15:00:00,2.44,1.84,2.91,4.5200000000000005,7.640000000000001,1.58,1.04
2007-07-31 16:00:00,1.88,1.71,1.78,4.65,7.38,3.4,1.03
2007-07-31 17:00:00,3.14,1.32,1.49,4.44,6.8500000000000005,3.45,0.74
2007-07-31 18:00:00,3.3000000000000003,1.94,1.46,4.64,5.91,2.15,1.59
2007-07-31 19:00:00,4.17,1.96,0.92,5.04,5.16,1.73,1.54
2007-07-31 20:00:00,4.8500000000000005,1.67,0.58,4.51,5.28,3.63,1.06
2007-07-31 21:00:00,5.04,1.71,5.05,3.64,5.0200000000000005,6.0,3.3000000000000003
2007-07-31 22:00:00,4.44,1.33,7.57,3.01,4.36,8.2,6.49
2007-07-31 23:00:00,4.38,2.91,8.96,3.77,4.93,6.9,8.620000000000001
2007-08-01 00:00:00,2.26,11.02,10.42,3.62,5.0,8.05,11.11
2007-08-01 01:00:00,4.96,13.64,11.14,3.5500000000000003,5.74,7.41,6.67
2007-08-01 02:00:00,3.23,16.23,10.68,2.88,8.01,7.48,10.81
2007-08-01 03:00:00,3.19,17.240000000000002,10.85,4.93,7.63,7.3,8.85
2007-08-01 04:00:00,2.61,17.01,10.57,3.99,8.870000000000001,6.63,9.18
2007-08-01 05:00:00,3.13,15.8,10.46,4.29,9.42,6.5200000000000005,7.51
2007-08-01 06:00:00,2.69,10.67,9.64,2.49,7.79,5.91,6.12
2007-08-01 07:00:00,2.83,6.67,8.950000000000001,1.05,6.99,5.68,5.45
2007-08-01 08:00:00,4.09,4.66,8.0,2.25,4.38,5.47,4.71
2007-08-01 09:00:00,3.72,3.13,6.29,2.35,5.86,5.62,2.81
2007-08-01 10:00:00,2.44,2.07,5.96,1.35,6.03,5.79,2.56
2007-08-01 11:00:00,1.65,1.49,5.86,1.64,6.0200000000000005,5.45,2.04
2007-08-01 12:00:00,0.87,1.84,4.75,1.79,5.19,4.55,2.01
2007-08-01 13:00:00,2.16,1.69,3.43,2.21,4.37,3.42,1.59
2007-08-01 14:00:00,1.42,2.28,3.17,2.06,3.78,2.05,1.76
2007-08-01 15:00:00,2.01,2.07,1.96,1.46,3.86,0.9,1.74
2007-08-01 16:00:00,1.73,1.98,1.21,2.02,3.86,1.38,2.23
2007-08-01 17:00:00,3.29,1.83,0.78,3.56,3.5700000000000003,2.89,1.79
2007-08-01 18:00:00,3.51,2.09,0.71,5.55,4.03,3.47,1.52
2007-08-01 19:00:00,4.26,2.41,0.66,4.64,5.17,3.19,0.98
2007-08-01 20:00:00,3.0,2.8000000000000003,0.43,4.0,2.37,2.28,1.15
2007-08-01 21:00:00,0.8200000000000001,2.21,1.5,3.75,4.1,1.1,1.44
2007-08-01 22:00:00,11.26,1.3,6.23,2.9,7.53,5.07,6.25
2007-08-01 23:00:00,5.65,0.53,8.68,2.71,1.85,5.67,8.1
2007-08-02 00:00:00,2.11,6.33,10.03,2.51,2.8000000000000003,6.47,9.74
2007-08-02 01:00:00,5.64,11.92,10.9,3.36,7.61,6.47,6.9
2007-08-02 02:00:00,6.15,13.74,9.7,2.91,5.91,6.53,10.27
2007-08-02 03:00:00,5.37,14.9,8.81,2.75,2.87,1.72,8.28
2007-08-02 04:00:00,4.7700000000000005,14.72,9.66,1.28,3.08,3.9,9.46
2007-08-02 05:00:00,2.52,13.08,9.68,6.49,4.36,4.66,9.34
2007-08-02 06:00:00,3.66,12.02,9.24,5.29,6.41,3.88,7.11
2007-08-02 07:00:00,1.95,8.84,9.38,4.33,7.33,4.21,7.59
2007-08-02 08:00:00,5.23,3.78,8.700000000000001,3.11,6.65,3.49,5.51
2007-08-02 09:00:00,4.16,0.99,6.73,2.24,6.71,4.66,4.61
2007-08-02 10:00:00,4.11,1.13,7.67,1.98,6.37,4.46,3.47
2007-08-02 11:00:00,4.17,1.11,7.11,1.98,5.82,5.05,2.98
2007-08-02 12:00:00,3.99,1.47,8.09,1.94,3.12,3.33,2.63
2007-08-02 13:00:00,3.95,1.47,5.91,2.24,1.59,3.43,1.82
2007-08-02 14:00:00,4.58,1.44,4.94,2.19,2.33,2.93,3.21
2007-08-02 15:00:00,2.99,2.92,1.67,2.14,0.87,1.47,1.97
2007-08-02 16:00:00,1.86,2.38,1.82,2.17,1.17,2.76,2.04
2007-08-02 17:00:00,2.51,2.08,2.44,2.91,2.73,2.17,2.64
2007-08-02 18:00:00,3.99,2.31,3.22,3.56,3.8,2.21,2.79
2007-08-02 19:00:00,4.23,2.85,3.76,4.17,3.99,2.67,3.35
2007-08-02 20:00:00,3.69,3.21,4.36,5.14,3.82,3.94,5.21
2007-08-02 21:00:00,2.19,3.52,6.13,5.14,4.9,5.74,7.390000000000001
2007-08-02 22:00:00,2.69,8.07,7.84,5.75,1.85,7.25,4.2
2007-08-02 23:00:00,4.93,11.98,10.03,6.05,2.42,6.8100000000000005,2.11
2007-08-03 00:00:00,4.57,14.24,10.64,6.04,4.0,6.68,5.8500000000000005
2007-08-03 01:00:00,3.45,16.31,10.67,7.22,5.79,6.5600000000000005,9.52
2007-08-03 02:00:00,7.57,17.91,9.58,9.63,3.63,7.68,9.67
2007-08-03 03:00:00,7.8,18.9,9.09,6.86,2.73,7.99,7.73
2007-08-03 04:00:00,7.72,18.36,10.55,4.7,2.32,7.01,7.44
2007-08-03 05:00:00,7.69,17.62,11.51,4.0200000000000005,3.76,7.32,6.34
2007-08-03 06:00:00,9.44,15.11,11.76,2.4,7.49,6.82,6.0
2007-08-03 07:00:00,7.68,14.03,11.29,3.42,5.89,6.47,5.5
2007-08-03 08:00:00,7.2,13.84,11.95,2.3000000000000003,6.41,7.7,5.8500000000000005
2007-08-03 09:00:00,7.92,15.34,10.8,2.11,4.19,8.01,4.47
2007-08-03 10:00:00,6.84,14.41,9.2,3.74,4.6000000000000005,7.48,3.5700000000000003
2007-08-03 11:00:00,4.01,12.15,7.61,3.87,4.63,7.390000000000001,2.68
2007-08-03 12:00:00,4.91,7.63,6.09,4.37,4.16,6.93,2.4
2007-08-03 13:00:00,3.72,8.53,4.82,4.38,2.03,6.92,1.9
2007-08-03 14:00:00,2.45,9.96,4.9,3.88,1.14,6.8500000000000005,2.54
2007-08-03 15:00:00,0.11,8.25,3.36,1.61,2.21,6.34,2.26
2007-08-03 16:00:00,0.13,5.65,2.11,1.36,1.9,5.75,1.91
2007-08-03 17:00:00,2.13,1.04,2.04,1.59,1.67,6.23,2.48
2007-08-03 18:00:00,3.19,1.57,1.64,2.75,3.86,5.73,2.07
2007-08-03 19:00:00,4.01,2.05,2.84,3.06,3.98,4.44,0.15
2007-08-03 20:00:00,4.38,2.28,4.91,3.75,3.84,3.93,0.58
2007-08-03 21:00:00,1.62,1.24,7.37,4.16,3.82,4.3100000000000005,0.49
2007-08-03 22:00:00,5.49,8.06,9.45,5.2,4.69,5.76,5.3500000000000005
2007-08-03 23:00:00,2.22,12.17,11.39,5.86,5.1000000000000005,5.44,5.72
2007-08-04 00:00:00,4.5,14.65,11.83,5.76,5.07,6.82,4.72
2007-08-04 01:00:00,8.36,16.73,12.19,6.03,5.22,6.69,8.58
2007-08-04 02:00:00,9.26,18.49,11.93,8.28,6.5200000000000005,7.73,6.67
2007-08-04 03:00:00,9.49,19.05,12.63,7.87,7.35,7.44,3.93
2007-08-04 04:00:00,8.34,18.71,12.25,6.73,7.8,7.5,4.84
2007-08-04 05:00:00,8.01,18.26,11.88,3.47,8.34,8.26,4.63
2007-08-04 06:00:00,8.72,16.57,12.05,3.54,10.75,8.03,4.88
2007-08-04 07:00:00,8.870000000000001,15.77,12.64,3.31,11.04,7.76,3.39
2007-08-04 08:00:00,9.33,13.73,12.56,3.06,10.42,8.17,3.6
2007-08-04 09:00:00,9.27,13.32,12.25,4.37,10.98,7.95,3.37
2007-08-04 10:00:00,9.56,11.5,12.03,4.67,9.97,8.33,3.09
2007-08-04 11:00:00,9.09,13.24,11.73,5.22,9.76,8.05,2.98
2007-08-04 12:00:00,8.49,9.66,11.44,4.88,8.9,7.91,3.5700000000000003
2007-08-04 13:00:00,9.3,9.7,10.54,4.57,0.91,8.02,3.04
2007-08-04 14:00:00,8.34,10.12,9.44,4.07,3.0700000000000003,8.14,4.04
2007-08-04 15:00:00,8.51,11.62,5.51,2.57,4.3,7.08,2.6
2007-08-04 16:00:00,7.01,12.78,4.72,2.04,6.59,7.930000000000001,0.5700000000000001
2007-08-04 17:00:00,6.25,10.52,4.11,5.05,6.8,7.12,9.4
2007-08-04 18:00:00,5.0600000000000005,8.21,3.66,5.62,6.91,5.71,4.5600000000000005
2007-08-04 19:00:00,4.96,7.44,6.890000000000001,6.47,6.82,5.88,0.81
2007-08-04 20:00:00,8.64,8.24,9.3,6.8100000000000005,6.68,6.17,4.72
2007-08-04 21:00:00,10.93,9.89,10.72,7.97,6.3500000000000005,6.44,6.28
2007-08-04 22:00:00,11.44,11.64,11.48,8.27,6.94,5.51,7.27
2007-08-04 23:00:00,12.52,13.05,11.73,9.49,6.29,6.76,7.81
2007-08-05 00:00:00,12.81,14.58,11.95,10.13,5.94,8.15,8.42
2007-08-05 01:00:00,12.76,15.29,11.33,11.27,5.58,8.93,9.28
2007-08-05 02:00:00,13.66,15.55,11.52,12.36,5.34,8.45,9.61
2007-08-05 03:00:00,13.9,16.12,11.79,11.62,9.72,8.18,10.08
2007-08-05 04:00:00,14.55,16.48,12.09,10.96,9.53,9.38,11.09
2007-08-05 05:00:00,14.52,14.4,11.98,7.48,10.86,8.76,10.64
2007-08-05 06:00:00,14.06,12.69,10.82,7.13,11.18,8.55,11.55
2007-08-05 07:00:00,13.78,4.55,12.07,6.38,10.53,8.03,11.24
2007-08-05 08:00:00,13.79,2.23,12.29,5.93,10.02,7.84,12.53
2007-08-05 09:00:00,13.52,1.56,11.73,4.54,10.42,7.65,12.0
2007-08-05 10:00:00,11.72,3.23,11.17,3.6,11.06,8.13,11.67
2007-08-05 11:00:00,10.88,6.65,9.96,4.78,9.89,8.23,12.0
2007-08-05 12:00:00,11.37,6.8500000000000005,8.75,6.51,7.0600000000000005,8.03,11.26
2007-08-05 13:00:00,9.83,8.290000000000001,8.34,7.43,6.93,7.9,9.24
2007-08-05 14:00:00,8.6,5.5200000000000005,8.25,4.82,6.72,7.6,7.17
2007-08-05 15:00:00,6.93,2.5,7.8,4.3500000000000005,6.96,6.67,7.28
2007-08-05 16:00:00,4.09,1.46,8.59,5.16,6.23,6.88,7.59
2007-08-05 17:00:00,2.4,5.5600000000000005,9.14,7.72,6.34,6.79,8.81
2007-08-05 18:00:00,1.86,8.9,9.6,9.4,6.63,6.8,8.45
2007-08-05 19:00:00,0.62,9.36,9.95,10.61,6.13,7.74,9.88
2007-08-05 20:00:00,1.79,9.78,10.19,11.36,6.62,8.35,10.11
2007-08-05 21:00:00,2.33,10.31,9.79,11.95,6.9,7.44,9.96
2007-08-05 22:00:00,6.5600000000000005,10.81,9.98,12.6,7.35,6.73,8.59
2007-08-05 23:00:00,8.51,11.87,10.83,13.56,7.930000000000001,8.49,9.12
2007-08-06 00:00:00,8.86,12.9,11.65,14.44,8.14,9.26,9.84
2007-08-06 01:00:00,7.11,13.53,11.56,14.72,9.1,10.07,6.66
2007-08-06 02:00:00,6.49,15.11,11.09,13.96,11.24,9.71,9.15
2007-08-06 03:00:00,4.95,14.81,10.17,14.5,10.9,8.88,9.48
2007-08-06 04:00:00,3.9,16.19,11.17,14.15,10.43,7.24,11.7
2007-08-06 05:00:00,0.71,16.71,10.4,13.13,10.49,7.54,10.12
2007-08-06 06:00:00,2.44,15.62,10.0,11.97,11.62,8.68,10.89
2007-08-06 07:00:00,0.9,8.93,10.44,9.41,12.04,8.77,10.67
2007-08-06 08:00:00,0.64,4.94,12.42,8.67,10.79,8.65,11.29
2007-08-06 09:00:00,1.61,2.82,10.88,9.25,11.03,10.67,9.91
2007-08-06 10:00:00,2.43,2.06,10.18,8.17,11.2,10.29,8.96
2007-08-06 11:00:00,3.5700000000000003,3.39,10.19,7.79,10.17,9.58,10.03
2007-08-06 12:00:00,5.51,4.28,9.65,6.82,10.22,9.2,11.21
2007-08-06 13:00:00,6.25,2.47,10.33,7.56,9.28,8.99,10.93
2007-08-06 14:00:00,6.48,1.97,10.31,5.92,8.43,8.290000000000001,10.02
2007-08-06 15:00:00,4.2700000000000005,1.44,8.870000000000001,5.2700000000000005,9.14,8.03,7.390000000000001
2007-08-06 16:00:00,2.49,1.23,8.58,8.23,9.74,9.14,7.32
2007-08-06 17:00:00,1.25,0.23,8.63,9.0,9.5,8.290000000000001,7.77
2007-08-06 18:00:00,2.18,6.11,9.01,10.59,9.23,8.34,7.77
2007-08-06 19:00:00,2.98,7.71,9.67,11.18,8.23,8.57,8.01
2007-08-06 20:00:00,1.99,8.57,9.92,11.52,7.79,9.19,8.01
2007-08-06 21:00:00,7.16,9.49,10.07,12.02,6.73,10.3,8.47
2007-08-06 22:00:00,8.290000000000001,10.95,10.74,12.37,6.390000000000001,10.74,9.47
2007-08-06 23:00:00,12.2,11.25,11.62,13.1,5.84,11.57,10.05
2007-08-07 00:00:00,14.41,12.02,12.04,13.15,5.62,12.78,9.28
2007-08-07 01:00:00,14.97,13.02,11.33,12.82,6.34,13.49,7.87
2007-08-07 02:00:00,15.89,13.6,10.8,11.97,6.08,13.46,8.120000000000001
2007-08-07 03:00:00,15.96,7.5,10.99,10.78,5.26,13.25,9.73
2007-08-07 04:00:00,15.78,8.67,11.88,9.96,5.14,12.84,11.11
2007-08-07 05:00:00,15.99,8.370000000000001,12.35,10.66,9.38,11.06,10.8
2007-08-07 06:00:00,16.32,10.12,12.4,10.59,12.1,9.24,10.62
2007-08-07 07:00:00,16.8,10.1,12.24,9.82,11.62,7.96,10.52
2007-08-07 08:00:00,16.8,8.65,11.88,7.63,10.6,9.39,8.43
2007-08-07 09:00:00,16.76,10.13,12.24,6.04,11.39,9.32,7.390000000000001
2007-08-07 10:00:00,16.78,7.75,11.25,8.02,11.16,9.47,6.46
2007-08-07 11:00:00,16.580000000000002,6.96,10.85,8.34,10.24,9.55,5.6000000000000005
2007-08-07 12:00:00,16.21,7.62,10.35,6.82,9.08,9.23,6.390000000000001
2007-08-07 13:00:00,15.78,5.44,8.76,6.18,8.18,8.72,5.8
2007-08-07 14:00:00,14.76,3.6,8.15,4.68,6.8500000000000005,7.94,3.97
2007-08-07 15:00:00,14.26,2.41,7.77,3.49,5.54,6.4,3.01
2007-08-07 16:00:00,13.42,1.11,7.5,4.66,4.8500000000000005,5.42,4.3500000000000005
2007-08-07 17:00:00,12.44,1.29,7.8,4.98,4.97,5.37,5.89
2007-08-07 18:00:00,11.4,1.08,7.9,6.49,5.36,5.78,6.53
2007-08-07 19:00:00,10.94,3.56,8.56,7.03,5.39,5.95,7.63
2007-08-07 20:00:00,10.28,7.88,9.26,8.040000000000001,6.0200000000000005,7.62,9.2
2007-08-07 21:00:00,10.21,9.39,9.46,8.58,6.97,8.84,10.14
2007-08-07 22:00:00,10.46,10.31,10.36,9.18,6.54,7.73,10.13
2007-08-07 23:00:00,11.22,11.65,11.0,9.74,5.86,9.14,10.33
2007-08-08 00:00:00,11.07,12.56,11.75,10.17,5.37,9.82,10.71
2007-08-08 01:00:00,12.14,14.14,11.91,10.86,5.16,8.94,10.01
2007-08-08 02:00:00,12.53,16.4,10.83,10.86,4.12,7.79,9.6
2007-08-08 03:00:00,11.7,17.36,11.31,9.47,5.12,7.05,10.24
2007-08-08 04:00:00,10.8,16.93,12.41,8.540000000000001,4.92,7.76,7.5
2007-08-08 05:00:00,10.87,15.83,10.97,7.140000000000001,3.09,8.01,5.08
2007-08-08 06:00:00,10.5,15.75,9.76,5.44,3.84,7.68,3.26
2007-08-08 07:00:00,10.44,13.81,8.51,4.76,3.19,7.9,1.97
2007-08-08 08:00:00,9.04,10.68,8.69,3.25,2.63,8.57,1.52
2007-08-08 09:00:00,7.17,8.6,8.370000000000001,4.3,3.16,8.97,1.38
2007-08-08 10:00:00,5.29,6.54,6.71,3.43,3.35,7.6,1.39
2007-08-08 11:00:00,2.91,3.39,4.42,3.11,2.93,6.71,1.43
2007-08-08 12:00:00,1.15,2.94,3.08,2.64,2.0,5.67,2.04
2007-08-08 13:00:00,0.85,2.72,2.14,3.17,1.94,5.1000000000000005,2.15
2007-08-08 14:00:00,0.52,2.41,2.06,3.12,2.38,4.5600000000000005,2.15
2007-08-08 15:00:00,0.7000000000000001,3.45,0.77,1.5,3.06,3.29,1.8
2007-08-08 16:00:00,1.33,3.27,0.42,1.54,2.42,2.61,1.75
2007-08-08 17:00:00,2.29,3.01,0.65,2.21,1.84,2.89,1.66
2007-08-08 18:00:00,2.68,3.18,1.41,3.15,3.26,3.04,1.94
2007-08-08 19:00:00,3.94,3.28,4.19,3.94,4.29,2.53,3.0
2007-08-08 20:00:00,4.3100000000000005,2.48,5.96,4.86,4.72,2.21,3.95
2007-08-08 21:00:00,3.9,3.5500000000000003,6.88,5.04,4.61,3.15,7.140000000000001
2007-08-08 22:00:00,3.27,4.62,8.02,5.79,4.71,3.71,7.97
2007-08-08 23:00:00,2.34,4.03,8.870000000000001,6.04,3.99,6.62,8.22
2007-08-09 00:00:00,5.24,6.93,9.53,6.36,4.2,7.22,7.97
2007-08-09 01:00:00,3.5700000000000003,11.36,9.82,6.11,4.32,7.6,8.68
2007-08-09 02:00:00,7.44,14.03,10.62,8.15,3.85,7.24,7.44
2007-08-09 03:00:00,9.43,15.18,10.26,8.77,5.33,7.12,7.8
2007-08-09 04:00:00,10.54,14.94,10.98,7.54,6.11,7.48,5.63
2007-08-09 05:00:00,11.02,15.22,9.17,7.46,5.48,9.75,4.9
2007-08-09 06:00:00,11.56,15.18,6.3100000000000005,4.25,5.16,9.85,2.49
2007-08-09 07:00:00,11.86,14.14,5.21,4.2700000000000005,5.76,9.64,1.1
2007-08-09 08:00:00,12.02,13.38,2.86,4.05,6.97,8.58,1.19
2007-08-09 09:00:00,11.29,11.04,2.37,3.1,4.91,7.72,1.6
2007-08-09 10:00:00,10.69,8.16,3.0,2.9,4.8500000000000005,7.67,2.35
2007-08-09 11:00:00,10.13,6.3100000000000005,2.82,2.5500000000000003,5.46,7.73,2.73
2007-08-09 12:00:00,8.99,4.7700000000000005,2.04,1.47,6.7,7.08,3.53
2007-08-09 13:00:00,7.4,2.87,1.94,1.6,7.12,5.68,1.89
2007-08-09 14:00:00,6.97,2.67,1.67,2.12,7.390000000000001,4.37,3.41
2007-08-09 15:00:00,3.61,2.65,1.01,1.83,6.59,3.26,2.78
2007-08-09 16:00:00,2.65,3.09,1.88,2.21,6.86,2.9,1.41
2007-08-09 17:00:00,2.4,3.42,4.28,4.14,7.8,1.83,1.9
2007-08-09 18:00:00,2.74,2.92,4.83,5.04,9.48,1.67,2.2
2007-08-09 19:00:00,3.3200000000000003,2.54,5.38,5.38,9.6,1.21,2.6
2007-08-09 20:00:00,4.6000000000000005,2.72,5.95,5.41,9.26,3.08,5.59
2007-08-09 21:00:00,3.79,5.39,6.45,6.3100000000000005,9.59,3.68,7.31
2007-08-09 22:00:00,6.890000000000001,5.15,7.61,6.0600000000000005,9.86,1.93,8.97
2007-08-09 23:00:00,8.33,6.11,8.0,7.11,9.65,5.63,9.19
2007-08-10 00:00:00,9.03,8.96,8.58,6.96,9.56,10.0,8.370000000000001
2007-08-10 01:00:00,9.35,11.52,9.31,8.03,9.55,8.61,9.1
2007-08-10 02:00:00,9.88,13.11,9.34,8.69,9.63,6.92,7.23
2007-08-10 03:00:00,10.37,14.09,9.41,9.15,9.64,7.12,9.44
2007-08-10 04:00:00,10.46,13.85,10.47,8.34,9.69,7.32,9.11
2007-08-10 05:00:00,11.23,10.83,10.75,5.19,9.58,6.5,5.72
2007-08-10 06:00:00,11.57,11.43,9.81,5.62,9.05,7.7,4.87
2007-08-10 07:00:00,12.14,11.05,9.64,6.29,8.98,8.78,3.5700000000000003
2007-08-10 08:00:00,11.88,8.15,8.6,5.4,8.89,8.96,1.93
2007-08-10 09:00:00,10.79,6.6000000000000005,6.86,5.07,7.85,8.24,1.75
2007-08-10 10:00:00,10.44,3.19,4.68,5.5200000000000005,7.18,8.290000000000001,1.99
2007-08-10 11:00:00,9.63,2.26,4.47,6.03,6.44,8.13,2.06
2007-08-10 12:00:00,8.69,2.65,1.92,3.6,5.62,6.4,2.17
2007-08-10 13:00:00,8.46,2.42,0.92,1.57,7.07,5.11,2.07
2007-08-10 14:00:00,7.9,2.63,1.2,2.1,6.37,4.23,1.24
2007-08-10 15:00:00,6.55,2.66,0.36,2.51,6.88,1.63,0.58
2007-08-10 16:00:00,6.58,2.99,0.43,2.33,7.32,0.56,1.12
2007-08-10 17:00:00,3.3000000000000003,2.75,0.39,3.26,7.44,1.06,2.05
2007-08-10 18:00:00,4.0,2.79,1.17,4.6000000000000005,7.19,1.21,1.82
2007-08-10 19:00:00,4.76,2.88,1.45,5.15,6.97,1.44,2.43
2007-08-10 20:00:00,4.57,3.48,4.72,5.65,7.140000000000001,1.73,4.86
2007-08-10 21:00:00,4.68,4.9,6.67,6.36,6.8,1.11,5.86
2007-08-10 22:00:00,6.66,5.5600000000000005,7.88,6.5600000000000005,6.25,2.67,6.890000000000001
2007-08-10 23:00:00,7.0600000000000005,6.84,9.11,5.45,5.95,9.56,7.63
2007-08-11 00:00:00,6.79,7.43,9.78,4.79,5.3,9.12,8.370000000000001
2007-08-11 01:00:00,6.86,8.94,9.67,8.28,5.87,8.16,9.3
2007-08-11 02:00:00,6.03,11.57,6.84,10.54,4.75,9.48,8.65
2007-08-11 03:00:00,5.3500000000000005,12.37,10.17,8.6,5.29,7.32,6.93
2007-08-11 04:00:00,3.8,9.69,10.72,7.56,7.04,3.5500000000000003,6.54
2007-08-11 05:00:00,4.62,9.63,11.96,4.53,9.15,1.85,6.16
2007-08-11 06:00:00,5.55,12.05,11.73,6.83,6.88,5.24,7.28
2007-08-11 07:00:00,5.03,11.32,10.08,7.94,4.98,6.49,7.22
2007-08-11 08:00:00,5.58,9.89,8.6,4.87,4.97,5.51,7.28
2007-08-11 09:00:00,5.8100000000000005,4.33,8.4,4.29,5.19,3.4,6.07
2007-08-11 10:00:00,6.43,5.14,8.18,5.16,4.94,3.4,6.08
2007-08-11 11:00:00,6.73,2.4,8.11,5.2700000000000005,4.8100000000000005,3.96,5.5200000000000005
2007-08-11 12:00:00,6.0600000000000005,1.42,7.82,3.91,3.4,2.42,3.93
2007-08-11 13:00:00,4.79,1.45,5.86,3.97,1.17,1.89,2.8000000000000003
2007-08-11 14:00:00,3.84,1.93,0.23,3.58,3.18,0.95,1.8
2007-08-11 15:00:00,3.35,1.09,0.98,3.31,2.45,0.65,2.91
2007-08-11 16:00:00,2.69,1.34,1.21,3.66,1.67,1.37,2.56
2007-08-11 17:00:00,3.01,1.35,1.03,4.79,1.85,1.47,3.56
2007-08-11 18:00:00,4.65,2.8000000000000003,0.62,6.43,3.0,0.67,4.54
2007-08-11 19:00:00,4.65,5.49,1.77,7.8,4.29,1.77,5.26
2007-08-11 20:00:00,5.07,6.140000000000001,1.83,8.81,4.82,5.3100000000000005,6.8
2007-08-11 21:00:00,5.18,6.44,7.77,8.55,5.05,8.89,8.41
2007-08-11 22:00:00,5.67,8.32,8.43,8.93,4.64,11.02,8.44
2007-08-11 23:00:00,3.81,9.46,9.01,7.84,4.2700000000000005,11.43,9.16
2007-08-12 00:00:00,9.66,10.08,10.22,8.59,3.77,10.69,9.18
2007-08-12 01:00:00,6.13,10.63,11.06,8.51,3.76,9.58,8.36
2007-08-12 02:00:00,4.2,8.63,10.99,9.13,4.18,8.44,8.13
2007-08-12 03:00:00,6.03,7.97,10.02,9.03,4.15,4.9,9.58
2007-08-12 04:00:00,6.29,5.16,11.51,7.76,4.04,4.39,7.47
2007-08-12 05:00:00,6.69,5.12,12.4,7.54,4.97,6.21,6.66
2007-08-12 06:00:00,6.95,4.42,10.99,8.6,6.24,7.930000000000001,7.99
2007-08-12 07:00:00,7.75,7.44,11.82,10.11,4.17,8.26,7.18
2007-08-12 08:00:00,7.47,9.85,10.89,10.52,3.2,7.19,4.95
2007-08-12 09:00:00,6.93,11.55,9.49,9.01,2.4,6.44,3.87
2007-08-12 10:00:00,7.79,10.71,8.18,5.41,2.79,5.41,4.7700000000000005
2007-08-12 11:00:00,7.85,7.53,8.73,4.42,2.01,4.17,4.86
2007-08-12 12:00:00,7.13,3.63,6.05,4.21,1.81,4.18,4.84
2007-08-12 13:00:00,7.08,2.04,2.06,4.15,2.21,2.25,4.96
2007-08-12 14:00:00,6.58,1.27,1.49,3.02,1.76,0.46,3.74
2007-08-12 15:00:00,5.74,0.5,0.67,2.15,1.1,0.71,2.5
2007-08-12 16:00:00,5.05,1.46,0.9,2.91,1.51,0.8,4.14
2007-08-12 17:00:00,4.4,4.43,0.91,4.55,2.83,2.5500000000000003,4.13
2007-08-12 18:00:00,4.03,5.58,1.32,5.63,3.71,2.23,5.15
2007-08-12 19:00:00,5.5200000000000005,6.140000000000001,1.24,6.88,3.78,1.71,5.7
2007-08-12 20:00:00,6.3,6.41,1.61,8.61,4.14,2.75,7.24
2007-08-12 21:00:00,6.62,7.46,7.59,8.23,4.21,9.26,8.23
2007-08-12 22:00:00,6.68,8.25,8.88,5.92,3.78,10.39,8.120000000000001
2007-08-12 23:00:00,7.74,8.67,10.17,4.9,3.77,10.15,8.6
2007-08-13 00:00:00,9.57,8.53,10.47,8.44,3.81,10.22,9.14
2007-08-13 01:00:00,10.38,8.21,10.09,7.03,3.66,8.67,8.74
2007-08-13 02:00:00,11.33,10.75,8.16,9.74,3.29,7.390000000000001,7.7
2007-08-13 03:00:00,11.76,12.58,8.870000000000001,10.07,5.6000000000000005,6.67,6.8
2007-08-13 04:00:00,11.02,9.9,9.48,9.5,6.3100000000000005,6.3,5.08
2007-08-13 05:00:00,11.02,5.3500000000000005,9.78,6.96,7.32,7.5,2.5500000000000003
2007-08-13 06:00:00,11.23,5.23,8.91,6.24,7.35,8.82,4.19
2007-08-13 07:00:00,11.93,8.49,9.13,4.79,8.370000000000001,7.97,3.19
2007-08-13 08:00:00,12.52,10.66,9.02,4.01,8.27,7.42,1.96
2007-08-13 09:00:00,12.09,11.2,7.31,3.42,7.7,7.31,0.93
2007-08-13 10:00:00,10.77,8.43,6.0,3.76,8.25,7.6,1.02
2007-08-13 11:00:00,9.56,4.0,4.62,3.93,7.51,8.19,2.18
2007-08-13 12:00:00,7.82,2.38,3.24,4.32,7.62,7.140000000000001,1.52
2007-08-13 13:00:00,5.39,1.7,2.68,4.37,7.68,5.03,1.56
2007-08-13 14:00:00,3.88,2.27,1.57,3.94,6.640000000000001,4.23,2.4
2007-08-13 15:00:00,2.44,2.45,1.07,3.5700000000000003,4.75,2.81,2.66
2007-08-13 16:00:00,1.08,2.37,1.1,2.82,3.73,2.2,2.06
2007-08-13 17:00:00,2.66,2.26,0.42,2.11,2.09,2.86,3.0
2007-08-13 18:00:00,3.03,1.98,1.25,2.51,3.44,3.09,3.4
2007-08-13 19:00:00,3.7,3.09,2.15,4.68,3.18,2.2,2.48
2007-08-13 20:00:00,4.23,5.09,5.5600000000000005,4.69,3.17,0.81,5.48
2007-08-13 21:00:00,4.9,5.64,7.05,5.04,2.84,2.9,6.390000000000001
2007-08-13 22:00:00,3.75,6.05,7.73,5.51,3.42,7.54,6.78
2007-08-13 23:00:00,4.55,5.96,8.44,5.28,3.2,8.73,7.18
2007-08-14 00:00:00,4.66,8.98,8.92,5.19,3.95,8.8,7.61
2007-08-14 01:00:00,2.5500000000000003,11.56,8.82,4.5,3.59,9.05,7.9
2007-08-14 02:00:00,7.25,13.62,7.95,7.890000000000001,6.46,10.1,6.5600000000000005
2007-08-14 03:00:00,6.7,14.22,10.25,8.76,8.32,6.65,3.9
2007-08-14 04:00:00,0.98,13.81,9.55,10.13,9.49,7.2,2.6
2007-08-14 05:00:00,2.8000000000000003,12.61,8.75,9.52,9.52,8.46,1.58
2007-08-14 06:00:00,3.67,13.68,7.95,4.4,11.0,8.48,1.31
2007-08-14 07:00:00,3.96,13.85,7.68,3.09,12.63,7.25,0.6900000000000001
2007-08-14 08:00:00,4.54,14.61,7.49,3.49,12.02,5.76,1.22
2007-08-14 09:00:00,1.69,14.33,7.27,3.43,10.18,5.61,0.8200000000000001
2007-08-14 10:00:00,1.12,11.98,5.21,3.12,8.85,5.7700000000000005,1.5
2007-08-14 11:00:00,1.24,7.6,5.86,3.27,6.11,5.2,2.09
2007-08-14 12:00:00,1.36,4.75,3.99,2.94,4.82,4.62,2.01
2007-08-14 13:00:00,1.3,3.06,1.4,2.85,0.72,4.16,3.3000000000000003
2007-08-14 14:00:00,1.48,3.18,1.37,2.2,1.05,4.37,2.98
2007-08-14 15:00:00,0.5700000000000001,3.24,0.72,2.19,1.69,3.44,2.74
2007-08-14 16:00:00,1.65,3.06,0.64,1.93,1.25,2.95,1.36
2007-08-14 17:00:00,2.94,2.95,0.21,2.31,1.22,2.74,2.15
2007-08-14 18:00:00,3.41,3.49,0.4,3.03,1.5,2.38,1.65
2007-08-14 19:00:00,3.96,3.28,1.55,4.72,3.51,2.56,2.34
2007-08-14 20:00:00,5.49,3.58,2.29,4.47,3.42,2.99,3.09
2007-08-14 21:00:00,5.49,4.57,7.29,4.44,3.12,3.21,5.95
2007-08-14 22:00:00,4.86,4.9,8.02,4.73,3.1,6.65,7.36
2007-08-14 23:00:00,3.91,10.29,8.82,4.23,3.29,6.82,8.72
2007-08-15 00:00:00,3.78,13.45,9.2,4.4,3.33,7.97,8.41
2007-08-15 01:00:00,3.43,14.47,9.58,3.99,3.61,8.8,7.55
2007-08-15 02:00:00,1.84,16.39,10.22,4.04,4.03,8.4,4.75
2007-08-15 03:00:00,4.69,16.93,9.16,10.23,5.0200000000000005,10.97,4.1
2007-08-15 04:00:00,3.91,17.2,10.16,6.13,7.41,8.15,2.3000000000000003
2007-08-15 05:00:00,1.78,16.77,9.59,3.97,8.58,7.54,3.6
2007-08-15 06:00:00,1.63,16.38,9.31,2.1,6.87,6.8100000000000005,2.91
2007-08-15 07:00:00,0.25,15.74,7.25,2.92,5.05,6.3100000000000005,2.27
2007-08-15 08:00:00,0.89,15.52,7.54,3.35,1.35,6.01,1.6
2007-08-15 09:00:00,0.7000000000000001,15.63,7.28,3.24,2.28,6.21,1.32
2007-08-15 10:00:00,0.13,15.09,8.040000000000001,2.94,1.52,5.2,2.13
2007-08-15 11:00:00,0.81,12.18,6.01,2.12,4.49,4.01,1.79
2007-08-15 12:00:00,1.81,9.77,3.98,1.58,7.0,3.33,1.65
2007-08-15 13:00:00,1.09,4.65,2.46,1.72,4.65,1.6,2.76
2007-08-15 14:00:00,1.81,1.31,1.89,1.9,4.45,0.56,2.07
2007-08-15 15:00:00,1.55,2.58,0.78,1.69,3.89,0.19,1.81
2007-08-15 16:00:00,2.02,2.41,0.45,1.87,3.29,1.34,1.97
2007-08-15 17:00:00,3.74,2.07,0.56,2.72,2.66,1.55,2.13
2007-08-15 18:00:00,4.28,2.24,0.92,3.93,1.13,2.83,1.44
2007-08-15 19:00:00,4.8500000000000005,3.09,0.93,4.46,2.08,2.44,1.63
2007-08-15 20:00:00,5.23,3.95,2.86,5.03,2.25,2.2,2.67
2007-08-15 21:00:00,6.16,3.76,7.03,4.62,2.84,3.67,5.05
2007-08-15 22:00:00,5.76,3.06,8.77,4.58,3.58,5.98,7.94
2007-08-15 23:00:00,7.28,10.22,8.73,5.07,3.63,7.5,8.98
2007-08-16 00:00:00,1.42,12.25,9.67,5.1000000000000005,2.87,8.47,8.61
2007-08-16 01:00:00,5.04,14.69,9.6,5.57,3.52,9.65,8.040000000000001
2007-08-16 02:00:00,3.02,17.0,9.46,5.26,4.18,10.19,5.8500000000000005
2007-08-16 03:00:00,1.49,17.5,11.46,8.82,4.5600000000000005,10.56,7.34
2007-08-16 04:00:00,1.86,17.71,11.01,3.47,5.49,8.870000000000001,7.59
2007-08-16 05:00:00,1.35,16.3,7.83,4.7700000000000005,4.4,6.98,5.32
2007-08-16 06:00:00,2.65,17.86,7.9,3.12,8.76,6.59,2.99
2007-08-16 07:00:00,1.94,18.3,6.84,3.79,6.83,6.45,2.5500000000000003
2007-08-16 08:00:00,0.86,17.8,8.51,3.22,5.65,7.2,2.37
2007-08-16 09:00:00,0.56,17.150000000000002,7.3,2.23,5.39,5.22,1.81
2007-08-16 10:00:00,0.67,16.31,7.7,2.21,5.45,5.5200000000000005,1.54
2007-08-16 11:00:00,0.89,13.17,6.94,1.99,3.86,5.0200000000000005,1.86
2007-08-16 12:00:00,1.28,9.14,5.5,1.59,3.61,4.98,1.89
2007-08-16 13:00:00,1.25,4.03,3.67,2.15,3.03,3.91,2.41
2007-08-16 14:00:00,1.77,2.23,3.96,2.67,3.3000000000000003,2.9,2.4
2007-08-16 15:00:00,2.61,2.72,2.26,2.7,2.94,1.99,1.65
2007-08-16 16:00:00,3.04,3.18,1.66,2.67,2.46,1.92,1.44
2007-08-16 17:00:00,4.17,3.46,1.66,3.88,2.3000000000000003,0.84,1.16
2007-08-16 18:00:00,4.94,3.0700000000000003,1.2,6.15,1.92,1.44,1.4
2007-08-16 19:00:00,5.09,2.12,2.8000000000000003,6.5600000000000005,1.79,2.77,2.46
2007-08-16 20:00:00,5.73,2.02,6.76,5.83,3.11,3.62,5.74
2007-08-16 21:00:00,5.97,5.76,7.930000000000001,5.37,2.99,6.2,7.63
2007-08-16 22:00:00,6.16,8.02,8.64,5.32,3.59,7.81,8.620000000000001
2007-08-16 23:00:00,6.29,12.11,9.18,5.24,4.1,8.700000000000001,8.25
2007-08-17 00:00:00,5.7700000000000005,14.49,9.11,5.24,4.16,9.67,6.58
2007-08-17 01:00:00,5.41,17.14,11.12,7.27,3.45,11.0,5.7
2007-08-17 02:00:00,1.03,18.26,9.41,10.47,5.64,11.11,2.47
2007-08-17 03:00:00,3.75,18.38,8.6,10.68,6.68,6.47,5.97
2007-08-17 04:00:00,3.66,17.580000000000002,9.97,9.49,8.02,9.72,4.17
2007-08-17 05:00:00,4.17,18.31,9.5,6.38,9.41,9.65,3.44
2007-08-17 06:00:00,3.71,17.830000000000002,6.96,5.24,7.97,9.71,2.94
2007-08-17 07:00:00,2.35,16.4,7.04,4.29,6.0200000000000005,9.28,2.14
2007-08-17 08:00:00,2.19,15.91,6.3100000000000005,3.5500000000000003,4.26,9.09,2.19
2007-08-17 09:00:00,2.3000000000000003,14.94,7.84,4.84,3.29,9.23,1.95
2007-08-17 10:00:00,1.7,13.9,8.24,4.72,3.82,8.09,1.72
2007-08-17 11:00:00,2.87,11.91,6.94,2.59,1.19,6.8500000000000005,1.69
2007-08-17 12:00:00,4.76,6.3100000000000005,7.0,1.99,3.42,6.46,2.3000000000000003
2007-08-17 13:00:00,4.69,4.25,4.46,2.43,2.73,5.42,3.0700000000000003
2007-08-17 14:00:00,6.04,3.06,2.88,2.81,2.49,3.73,2.82
2007-08-17 15:00:00,4.71,3.25,1.5,2.83,1.73,2.07,0.87
2007-08-17 16:00:00,3.52,3.72,0.97,2.39,1.78,2.83,0.84
2007-08-17 17:00:00,4.28,3.34,0.45,3.56,2.65,2.85,1.02
2007-08-17 18:00:00,5.49,2.14,1.73,4.92,2.16,2.5500000000000003,3.74
2007-08-17 19:00:00,5.76,3.31,5.84,6.66,2.83,0.56,4.13
2007-08-17 20:00:00,5.78,5.53,7.98,6.99,3.31,2.5,6.78
2007-08-17 21:00:00,5.53,6.28,8.61,7.01,3.18,4.99,7.78
2007-08-17 22:00:00,5.43,6.11,9.73,7.15,4.04,8.49,8.69
2007-08-17 23:00:00,9.78,10.97,10.25,5.74,4.73,8.88,8.78
2007-08-18 00:00:00,9.38,12.96,10.53,8.66,4.82,9.95,8.44
2007-08-18 01:00:00,9.93,13.96,10.46,8.69,5.54,10.8,8.51
2007-08-18 02:00:00,9.69,15.64,7.72,9.6,6.23,10.61,6.4
2007-08-18 03:00:00,9.49,16.12,8.42,10.69,6.46,8.620000000000001,5.34
2007-08-18 04:00:00,9.5,15.63,9.15,8.540000000000001,6.640000000000001,9.12,6.5200000000000005
2007-08-18 05:00:00,9.86,15.98,8.34,6.45,8.73,7.76,5.4
2007-08-18 06:00:00,10.11,15.85,7.49,5.78,10.01,8.1,4.09
2007-08-18 07:00:00,10.3,15.01,6.3,5.25,9.53,7.41,3.3000000000000003
2007-08-18 08:00:00,10.15,12.85,6.88,4.98,8.97,6.43,3.97
2007-08-18 09:00:00,9.73,10.75,6.8500000000000005,6.0600000000000005,8.39,6.66,4.6000000000000005
2007-08-18 10:00:00,9.68,10.74,6.05,5.14,7.35,6.12,3.29
2007-08-18 11:00:00,9.16,8.11,4.51,4.54,6.15,5.76,1.44
2007-08-18 12:00:00,8.36,5.69,5.64,2.5500000000000003,4.68,5.26,1.76
2007-08-18 13:00:00,7.930000000000001,4.26,4.7700000000000005,2.96,3.78,5.2700000000000005,0.23
2007-08-18 14:00:00,7.08,2.66,2.18,3.51,2.59,4.95,1.24
2007-08-18 15:00:00,4.33,2.76,1.48,3.34,1.27,3.62,0.95
2007-08-18 16:00:00,0.87,2.69,2.3000000000000003,4.59,2.4,3.74,1.88
2007-08-18 17:00:00,2.1,2.16,1.71,5.95,3.96,4.37,4.69
2007-08-18 18:00:00,3.41,5.91,7.08,6.69,5.28,6.41,5.72
2007-08-18 19:00:00,5.99,6.62,8.120000000000001,7.07,6.0600000000000005,7.88,7.4
2007-08-18 20:00:00,7.140000000000001,7.34,9.52,7.73,6.9,9.48,8.1
2007-08-18 21:00:00,6.95,8.05,10.67,8.290000000000001,7.05,10.7,8.44
2007-08-18 22:00:00,7.86,7.390000000000001,11.17,9.33,7.58,11.34,9.22
2007-08-18 23:00:00,9.7,7.4,11.39,10.01,7.45,11.85,9.67
2007-08-19 00:00:00,11.53,10.45,11.07,10.8,7.36,12.67,9.52
2007-08-19 01:00:00,12.27,11.63,9.97,11.56,8.31,13.33,8.98
2007-08-19 02:00:00,12.83,13.0,8.700000000000001,12.35,8.540000000000001,14.2,8.09
2007-08-19 03:00:00,13.27,13.91,8.26,11.72,10.01,13.51,4.83
2007-08-19 04:00:00,13.84,14.7,9.37,10.02,9.92,10.04,7.96
2007-08-19 05:00:00,14.12,14.99,9.9,7.98,9.17,10.81,7.32
2007-08-19 06:00:00,14.94,15.25,10.73,7.88,11.66,6.91,6.38
2007-08-19 07:00:00,15.05,15.48,10.16,7.99,11.08,7.140000000000001,6.16
2007-08-19 08:00:00,15.27,14.79,10.02,8.66,9.56,6.58,7.17
2007-08-19 09:00:00,14.53,14.35,9.43,9.37,8.06,6.48,6.33
2007-08-19 10:00:00,14.46,11.27,8.64,9.6,6.72,7.46,7.140000000000001
2007-08-19 11:00:00,14.0,8.91,8.03,9.22,6.75,6.8100000000000005,7.24
2007-08-19 12:00:00,13.62,7.38,6.8500000000000005,6.86,8.08,6.68,5.09
2007-08-19 13:00:00,12.98,5.75,5.73,6.140000000000001,8.51,6.26,5.23
2007-08-19 14:00:00,11.56,2.7,5.83,6.49,7.33,4.74,4.48
2007-08-19 15:00:00,9.46,1.29,5.73,5.66,8.2,7.59,2.9
2007-08-19 16:00:00,5.2700000000000005,2.99,5.4,7.52,8.47,8.0,4.7700000000000005
2007-08-19 17:00:00,4.54,8.49,6.3500000000000005,9.64,8.59,8.17,5.09
2007-08-19 18:00:00,6.01,7.44,8.8,10.9,8.51,8.61,7.3
2007-08-19 19:00:00,6.59,8.3,9.69,11.25,8.63,9.41,8.23
2007-08-19 20:00:00,7.17,7.0600000000000005,10.04,12.18,9.07,10.49,8.96
2007-08-19 21:00:00,7.52,6.2700000000000005,10.3,12.3,9.35,11.72,9.03
2007-08-19 22:00:00,7.83,9.29,10.09,12.88,8.98,12.02,9.31
2007-08-19 23:00:00,9.67,11.47,9.96,13.0,9.28,12.0,9.74
2007-08-20 00:00:00,12.19,13.4,9.86,12.9,8.69,11.87,9.54
2007-08-20 01:00:00,11.8,13.87,9.76,13.26,7.890000000000001,11.42,8.44
2007-08-20 02:00:00,11.92,14.2,7.930000000000001,12.22,9.02,11.21,5.91
2007-08-20 03:00:00,11.87,14.33,10.12,12.37,10.33,13.07,6.98
2007-08-20 04:00:00,11.83,13.67,8.6,11.82,9.89,12.08,6.72
2007-08-20 05:00:00,11.25,7.16,9.35,10.47,9.99,7.27,5.63
2007-08-20 06:00:00,9.94,17.38,9.68,10.29,9.89,9.62,4.83
2007-08-20 07:00:00,9.08,16.67,9.73,10.46,10.32,8.82,7.13
2007-08-20 08:00:00,11.04,14.85,8.89,8.620000000000001,11.63,9.27,3.88
2007-08-20 09:00:00,10.63,3.96,9.03,6.44,10.05,8.35,1.33
2007-08-20 10:00:00,9.87,5.59,7.930000000000001,6.28,9.69,8.39,3.38
2007-08-20 11:00:00,5.3,7.65,6.87,6.55,9.65,7.59,3.66
2007-08-20 12:00:00,6.5,7.9,6.7,6.54,9.38,8.41,2.2
2007-08-20 13:00:00,6.5,5.59,6.12,6.41,8.63,6.67,3.87
2007-08-20 14:00:00,5.11,3.26,2.0,5.55,7.390000000000001,7.48,1.19
2007-08-20 15:00:00,2.82,2.35,2.04,4.79,6.49,5.87,1.04
2007-08-20 16:00:00,2.68,2.15,2.08,3.76,6.390000000000001,5.63,1.11
2007-08-20 17:00:00,2.72,2.5500000000000003,4.08,5.69,6.22,6.41,4.32
2007-08-20 18:00:00,4.88,1.08,5.67,5.36,5.53,5.48,6.29
2007-08-20 19:00:00,4.23,5.88,5.76,6.8100000000000005,5.04,5.98,7.81
2007-08-20 20:00:00,4.22,7.47,6.51,6.92,5.15,6.92,7.95
2007-08-20 21:00:00,4.47,8.26,7.01,7.23,4.55,7.5,8.08
2007-08-20 22:00:00,5.58,9.9,7.65,7.38,4.5600000000000005,8.2,7.45
2007-08-20 23:00:00,5.04,13.14,7.930000000000001,8.21,4.88,8.22,8.17
2007-08-21 00:00:00,4.04,14.66,8.5,7.57,5.07,8.26,7.81
2007-08-21 01:00:00,3.5500000000000003,16.8,9.14,9.77,4.93,9.52,7.36
2007-08-21 02:00:00,5.4,18.37,10.6,9.4,5.98,9.82,8.73
2007-08-21 03:00:00,5.94,18.04,11.18,9.13,5.95,7.52,9.11
2007-08-21 04:00:00,6.91,12.49,10.69,8.39,7.12,6.15,7.17
2007-08-21 05:00:00,6.8100000000000005,9.38,10.13,4.33,8.69,7.4,6.61
2007-08-21 06:00:00,7.43,15.83,9.47,4.58,8.81,7.61,7.43
2007-08-21 07:00:00,9.03,14.4,9.89,4.64,8.41,8.22,6.82
2007-08-21 08:00:00,8.25,12.92,7.09,4.62,9.7,8.63,5.3
2007-08-21 09:00:00,5.96,12.92,6.63,4.55,9.82,8.86,4.22
2007-08-21 10:00:00,5.15,13.29,6.36,5.12,9.14,8.58,1.76
2007-08-21 11:00:00,8.01,13.26,6.15,4.15,8.78,8.0,2.15
2007-08-21 12:00:00,7.26,9.35,5.99,4.39,8.83,8.14,1.32
2007-08-21 13:00:00,8.0,5.89,3.94,3.95,9.71,7.61,2.39
2007-08-21 14:00:00,6.13,1.67,2.83,5.18,8.63,7.86,2.63
2007-08-21 15:00:00,4.39,1.86,2.14,3.44,7.72,7.29,2.58
2007-08-21 16:00:00,3.2,1.31,0.92,1.76,5.93,6.54,1.71
2007-08-21 17:00:00,2.87,2.19,3.08,0.8200000000000001,3.34,6.51,2.05
2007-08-21 18:00:00,3.64,2.15,4.08,1.38,3.66,6.17,1.46
2007-08-21 19:00:00,4.21,2.84,4.82,1.41,3.68,6.53,1.1
2007-08-21 20:00:00,3.39,2.86,5.7700000000000005,2.48,3.99,7.1000000000000005,3.63
2007-08-21 21:00:00,3.56,0.42,6.86,2.92,5.12,6.83,6.09
2007-08-21 22:00:00,3.27,7.2,8.31,3.22,4.83,7.12,5.97
2007-08-21 23:00:00,0.78,10.31,9.31,2.99,4.45,7.17,5.99
2007-08-22 00:00:00,8.61,12.78,10.44,4.64,5.14,6.51,5.44
2007-08-22 01:00:00,9.39,15.55,10.46,5.04,5.93,8.120000000000001,2.33
2007-08-22 02:00:00,9.8,18.31,9.78,10.38,6.47,7.9,6.33
2007-08-22 03:00:00,10.89,18.78,11.55,7.96,6.66,7.71,7.640000000000001
2007-08-22 04:00:00,12.67,18.72,10.29,6.97,8.0,8.94,6.91
2007-08-22 05:00:00,12.49,17.44,9.61,3.4,8.370000000000001,7.3,4.08
2007-08-22 06:00:00,13.07,16.53,9.55,4.1,8.11,8.4,4.29
2007-08-22 07:00:00,13.37,14.98,9.94,4.49,11.08,9.04,4.41
2007-08-22 08:00:00,13.49,13.38,10.15,4.88,10.57,8.4,1.86
2007-08-22 09:00:00,13.86,12.34,7.95,4.39,9.99,8.34,2.53
2007-08-22 10:00:00,13.8,14.47,8.58,3.62,10.07,8.790000000000001,5.03
2007-08-22 11:00:00,14.14,11.07,7.19,3.47,10.35,9.44,5.3500000000000005
2007-08-22 12:00:00,13.57,5.41,8.74,3.38,9.46,8.82,4.65
2007-08-22 13:00:00,13.06,4.19,7.23,4.08,8.23,9.56,2.35
2007-08-22 14:00:00,12.63,4.28,6.23,5.72,6.61,9.12,2.9
2007-08-22 15:00:00,11.46,3.0500000000000003,6.59,2.32,5.48,8.290000000000001,2.48
2007-08-22 16:00:00,11.39,1.69,8.120000000000001,2.99,6.63,9.32,2.83
2007-08-22 17:00:00,10.38,1.62,7.76,4.47,6.17,9.59,3.97
2007-08-22 18:00:00,5.72,4.96,8.77,5.55,6.28,9.1,7.5
2007-08-22 19:00:00,10.04,8.55,9.33,5.86,6.26,9.39,9.05
2007-08-22 20:00:00,10.87,10.73,9.94,6.5600000000000005,7.23,9.6,8.57
2007-08-22 21:00:00,10.95,13.0,11.35,7.88,8.23,9.18,11.71
2007-08-22 22:00:00,11.86,13.67,11.81,9.92,8.5,10.43,12.52
2007-08-22 23:00:00,13.33,15.38,12.34,11.61,8.21,12.18,11.45
2007-08-23 00:00:00,13.53,16.63,14.14,12.08,7.75,10.54,11.51
2007-08-23 01:00:00,13.82,18.63,13.52,11.81,9.31,9.41,12.0
2007-08-23 02:00:00,14.88,20.26,14.73,10.75,8.16,11.4,13.07
2007-08-23 03:00:00,15.11,16.68,13.73,8.32,11.44,12.3,10.87
2007-08-23 04:00:00,15.33,9.19,13.89,7.81,10.94,11.73,11.5
2007-08-23 05:00:00,15.38,15.0,13.74,6.78,11.61,11.14,10.22
2007-08-23 06:00:00,15.61,15.91,14.19,7.34,11.97,11.5,10.4
2007-08-23 07:00:00,15.76,4.73,13.27,7.28,13.08,11.69,6.33
2007-08-23 08:00:00,15.65,4.33,12.61,7.65,13.83,10.85,7.48
2007-08-23 09:00:00,15.83,3.4,11.87,7.68,12.82,8.94,9.07
2007-08-23 10:00:00,15.39,6.09,12.64,6.51,11.8,9.38,9.55
2007-08-23 11:00:00,15.28,5.8,12.32,6.55,10.24,9.63,9.91
2007-08-23 12:00:00,15.26,4.8500000000000005,11.7,4.36,7.77,8.76,9.6
2007-08-23 13:00:00,13.98,3.26,10.83,4.18,7.03,8.13,8.97
2007-08-23 14:00:00,13.36,1.81,8.370000000000001,5.78,7.75,6.97,7.22
2007-08-23 15:00:00,11.36,1.13,7.44,5.3,7.32,6.69,3.99
2007-08-23 16:00:00,10.36,1.94,8.1,5.15,6.6000000000000005,6.94,5.3
2007-08-23 17:00:00,8.96,1.74,8.14,5.74,6.01,7.37,5.76
2007-08-23 18:00:00,8.9,0.3,8.88,4.71,6.93,7.38,6.6000000000000005
2007-08-23 19:00:00,6.17,0.21,8.950000000000001,5.2700000000000005,7.99,8.43,6.66
2007-08-23 20:00:00,8.89,1.54,9.91,6.61,8.370000000000001,9.63,8.81
2007-08-23 21:00:00,8.16,4.75,10.73,7.21,8.66,9.85,10.8
2007-08-23 22:00:00,9.74,7.1000000000000005,11.46,7.05,9.01,9.5,10.8
2007-08-23 23:00:00,9.85,9.7,11.88,7.42,9.02,10.46,11.29
2007-08-24 00:00:00,10.53,10.64,12.11,8.620000000000001,8.76,9.69,11.35
2007-08-24 01:00:00,10.47,10.89,11.75,9.65,8.97,8.78,10.22
2007-08-24 02:00:00,10.63,15.16,12.29,9.05,9.28,7.72,10.87
2007-08-24 03:00:00,9.96,11.73,12.06,7.67,9.5,7.08,9.87
2007-08-24 04:00:00,9.44,9.2,12.44,6.3,9.55,6.61,8.98
2007-08-24 05:00:00,9.19,4.01,11.55,5.82,9.87,7.07,8.43
2007-08-24 06:00:00,9.75,4.7,11.36,6.140000000000001,9.85,6.51,7.930000000000001
2007-08-24 07:00:00,9.63,6.01,11.03,5.36,9.42,7.09,7.08
2007-08-24 08:00:00,9.4,5.48,9.75,4.19,9.2,6.82,7.7
2007-08-24 09:00:00,9.08,1.06,7.98,4.05,7.13,6.11,9.36
2007-08-24 10:00:00,10.01,0.46,4.51,4.42,6.95,4.17,8.28
2007-08-24 11:00:00,9.45,1.87,1.5,3.16,5.45,2.79,7.81
2007-08-24 12:00:00,8.23,1.32,1.33,4.8100000000000005,3.49,3.04,5.5600000000000005
2007-08-24 13:00:00,6.69,1.65,1.69,5.11,2.83,0.49,4.26
2007-08-24 14:00:00,4.32,0.81,1.65,3.66,4.32,1.63,1.77
2007-08-24 15:00:00,2.22,0.87,1.36,1.87,4.8500000000000005,0.67,1.56
2007-08-24 16:00:00,1.75,2.02,0.58,1.54,5.89,0.76,2.91
2007-08-24 17:00:00,3.16,1.99,0.27,1.78,6.7,2.45,2.74
2007-08-24 18:00:00,4.87,1.17,0.92,2.82,7.17,3.34,2.28
2007-08-24 19:00:00,4.8100000000000005,2.23,0.76,3.71,7.07,2.77,3.1
2007-08-24 20:00:00,5.46,2.83,1.08,4.33,6.78,1.0,3.01
2007-08-24 21:00:00,3.88,4.86,2.75,5.01,6.24,2.22,6.22
2007-08-24 22:00:00,4.73,5.98,7.07,6.03,6.0,5.66,7.54
2007-08-24 23:00:00,9.44,7.140000000000001,8.88,6.3,5.93,7.22,8.32
2007-08-25 00:00:00,9.2,8.790000000000001,9.3,6.5,6.140000000000001,8.74,8.32
2007-08-25 01:00:00,6.45,8.52,8.4,5.34,6.61,7.74,8.02
2007-08-25 02:00:00,4.09,8.47,8.0,5.41,13.49,5.9,8.02
2007-08-25 03:00:00,3.49,11.58,11.07,8.33,15.08,6.2,6.73
2007-08-25 04:00:00,3.08,8.02,9.97,5.9,12.17,5.82,7.21
2007-08-25 05:00:00,2.52,5.5600000000000005,11.41,4.87,10.54,6.34,7.72
2007-08-25 06:00:00,3.5,5.19,10.69,5.05,11.27,6.91,8.51
2007-08-25 07:00:00,3.97,7.28,10.15,5.36,11.57,6.76,9.55
2007-08-25 08:00:00,3.47,5.22,8.59,5.69,12.22,5.39,9.94
2007-08-25 09:00:00,2.42,3.24,7.43,4.21,14.26,3.4,8.98
2007-08-25 10:00:00,2.15,1.26,5.8500000000000005,4.54,12.2,2.43,8.92
2007-08-25 11:00:00,2.37,0.8,6.28,5.67,10.93,0.88,8.1
2007-08-25 12:00:00,3.76,1.28,5.51,5.62,10.3,0.16,6.51
2007-08-25 13:00:00,4.87,1.11,3.51,4.55,8.42,1.86,6.96
2007-08-25 14:00:00,3.5700000000000003,1.36,3.0700000000000003,4.49,8.53,2.91,5.96
2007-08-25 15:00:00,2.02,0.97,1.98,2.81,8.77,1.81,5.05
2007-08-25 16:00:00,1.17,0.31,0.71,2.72,6.93,2.3000000000000003,3.79
2007-08-25 17:00:00,3.0,1.03,1.07,5.58,6.65,0.18,5.33
2007-08-25 18:00:00,4.28,6.03,2.09,4.44,6.93,2.66,7.05
2007-08-25 19:00:00,3.64,6.47,2.97,7.22,6.25,3.66,7.36
2007-08-25 20:00:00,5.0600000000000005,6.97,7.640000000000001,6.82,5.19,6.38,8.120000000000001
2007-08-25 21:00:00,6.0600000000000005,7.57,7.34,7.01,5.92,8.75,8.540000000000001
2007-08-25 22:00:00,6.05,7.69,8.84,5.8100000000000005,5.55,8.58,7.930000000000001
2007-08-25 23:00:00,4.17,7.11,9.87,5.0,4.8100000000000005,10.26,8.69
2007-08-26 00:00:00,4.08,6.96,10.57,4.37,3.81,9.88,9.68
2007-08-26 01:00:00,4.47,11.62,8.540000000000001,3.95,3.27,8.14,8.65
2007-08-26 02:00:00,3.62,13.15,10.47,10.07,2.9,9.63,7.48
2007-08-26 03:00:00,4.96,13.12,9.92,10.64,5.71,8.86,8.36
2007-08-26 04:00:00,2.66,11.21,10.07,8.66,6.42,6.44,8.28
2007-08-26 05:00:00,4.43,6.8100000000000005,10.17,7.61,8.67,4.8500000000000005,4.69
2007-08-26 06:00:00,1.1,7.92,9.79,3.12,7.85,6.45,5.48
2007-08-26 07:00:00,1.83,7.18,9.93,2.84,4.39,6.36,4.33
2007-08-26 08:00:00,2.87,10.5,9.21,3.0,2.59,6.66,2.28
2007-08-26 09:00:00,3.84,8.15,6.93,2.38,2.43,5.37,2.62
2007-08-26 10:00:00,2.74,3.0,5.29,2.2,2.87,4.51,1.36
2007-08-26 11:00:00,2.49,2.31,4.95,2.94,2.1,0.85,1.81
2007-08-26 12:00:00,2.46,4.82,4.63,2.99,2.39,2.22,1.0
2007-08-26 13:00:00,2.74,2.26,4.51,4.54,3.9,4.16,2.0
2007-08-26 14:00:00,1.59,1.17,1.65,5.29,3.24,2.91,3.41
2007-08-26 15:00:00,2.35,3.6,2.07,4.88,1.39,1.02,3.01
2007-08-26 16:00:00,1.7,3.84,1.82,6.47,1.06,2.58,3.75
2007-08-26 17:00:00,2.91,3.21,4.92,6.91,2.25,7.890000000000001,4.3
2007-08-26 18:00:00,3.92,5.99,7.55,7.32,4.1,5.55,3.81
2007-08-26 19:00:00,2.02,6.51,9.87,7.7,4.67,3.47,7.98
2007-08-26 20:00:00,2.53,8.15,9.34,8.66,4.3500000000000005,4.1,11.9
2007-08-26 21:00:00,2.44,9.58,8.71,7.26,4.86,1.83,10.36
2007-08-26 22:00:00,1.23,3.85,7.63,3.85,5.44,6.44,6.34
2007-08-26 23:00:00,2.69,12.21,8.91,3.74,5.36,7.62,7.37
2007-08-27 00:00:00,5.88,14.49,9.01,4.93,5.41,8.3,9.68
2007-08-27 01:00:00,7.53,15.27,9.91,5.82,5.3100000000000005,9.29,8.09
2007-08-27 02:00:00,7.83,15.4,9.25,4.39,5.2,9.18,1.86
2007-08-27 03:00:00,8.91,14.05,9.55,5.22,5.79,8.25,6.76
2007-08-27 04:00:00,8.98,13.96,8.64,4.89,5.69,9.12,5.73
2007-08-27 05:00:00,9.05,13.03,7.94,5.42,5.5,7.9,3.8
2007-08-27 06:00:00,9.88,12.31,7.34,5.01,3.53,7.27,3.0700000000000003
2007-08-27 07:00:00,10.81,11.58,7.16,4.38,3.67,7.19,1.58
2007-08-27 08:00:00,11.79,9.5,6.3100000000000005,4.39,3.86,7.25,1.97
2007-08-27 09:00:00,12.87,7.27,5.68,3.52,5.15,6.95,2.43
2007-08-27 10:00:00,11.96,7.11,5.53,2.61,4.22,6.72,0.72
2007-08-27 11:00:00,11.47,3.91,5.64,1.19,3.35,6.29,1.35
2007-08-27 12:00:00,10.28,2.41,6.83,1.0,3.17,6.0600000000000005,1.1
2007-08-27 13:00:00,10.44,2.08,7.29,0.6,4.87,6.36,0.85
2007-08-27 14:00:00,9.36,0.71,6.18,0.8300000000000001,4.45,5.82,0.6
2007-08-27 15:00:00,6.46,1.37,4.08,1.2,3.06,5.2700000000000005,1.04
2007-08-27 16:00:00,1.33,1.7,2.75,1.14,2.23,4.8,1.51
2007-08-27 17:00:00,2.52,1.54,1.8,2.81,1.58,3.5700000000000003,2.14
2007-08-27 18:00:00,3.19,1.34,2.6,3.03,1.0,2.35,2.11
2007-08-27 19:00:00,3.39,1.9,3.2,3.4,2.22,2.37,4.28
2007-08-27 20:00:00,5.97,2.34,5.44,3.61,1.52,2.35,5.48
2007-08-27 21:00:00,7.6,3.3200000000000003,6.92,4.39,3.37,4.44,6.5200000000000005
2007-08-27 22:00:00,8.64,4.48,8.4,5.29,1.39,5.33,7.49
2007-08-27 23:00:00,8.91,5.65,9.71,4.97,2.87,9.55,8.040000000000001
2007-08-28 00:00:00,8.540000000000001,9.66,10.36,4.54,4.86,10.56,7.94
2007-08-28 01:00:00,7.97,9.81,10.18,4.11,4.09,8.42,8.05
2007-08-28 02:00:00,10.03,11.23,9.5,7.33,4.88,6.59,5.3100000000000005
2007-08-28 03:00:00,10.37,11.63,8.19,4.32,4.25,5.68,8.22
2007-08-28 04:00:00,9.73,11.23,8.17,6.33,7.9,7.27,6.12
2007-08-28 05:00:00,9.67,10.23,7.48,4.5,8.69,6.34,6.04
2007-08-28 06:00:00,9.23,9.1,7.0200000000000005,4.75,8.56,5.39,6.04
2007-08-28 07:00:00,9.13,8.01,6.45,3.45,6.49,6.07,1.63
2007-08-28 08:00:00,9.09,5.44,6.67,3.4,7.16,4.91,2.93
2007-08-28 09:00:00,8.41,5.3500000000000005,6.0,2.33,7.51,4.94,1.1
2007-08-28 10:00:00,8.18,4.12,5.21,2.28,7.57,4.65,1.62
2007-08-28 11:00:00,6.9,2.11,3.84,1.32,8.18,4.41,1.54
2007-08-28 12:00:00,6.25,1.25,2.87,1.5,7.61,3.53,0.7000000000000001
2007-08-28 13:00:00,5.7,1.79,2.13,0.53,7.0600000000000005,2.53,0.88
2007-08-28 14:00:00,3.02,0.37,0.93,0.51,6.41,2.23,1.42
2007-08-28 15:00:00,0.45,0.97,0.8300000000000001,1.24,5.17,1.73,1.0
2007-08-28 16:00:00,1.89,1.08,0.74,0.81,4.82,1.55,0.85
2007-08-28 17:00:00,2.4,1.57,0.91,1.68,3.61,1.21,0.59
2007-08-28 18:00:00,2.85,1.37,0.2,2.65,3.38,1.38,1.0
2007-08-28 19:00:00,3.26,1.5,0.6,2.93,3.18,2.08,1.72
2007-08-28 20:00:00,4.0200000000000005,2.41,0.13,3.34,3.58,2.21,1.99
2007-08-28 21:00:00,4.41,2.65,0.66,3.47,3.13,1.35,2.46
2007-08-28 22:00:00,4.54,3.97,3.84,3.47,3.29,4.73,3.0700000000000003
2007-08-28 23:00:00,4.74,4.13,7.43,4.86,3.12,4.54,6.57
2007-08-29 00:00:00,4.3,7.07,7.82,4.59,2.95,6.37,6.72
2007-08-29 01:00:00,3.5500000000000003,10.76,7.49,3.73,2.97,5.67,5.59
2007-08-29 02:00:00,2.09,13.33,9.45,2.57,4.79,5.08,4.54
2007-08-29 03:00:00,3.67,13.85,8.22,4.28,5.49,5.26,7.74
2007-08-29 04:00:00,5.44,12.66,7.69,4.11,6.11,6.57,2.11
2007-08-29 05:00:00,3.96,11.84,6.34,3.77,5.64,8.47,1.1
2007-08-29 06:00:00,3.17,10.29,5.73,1.85,5.97,8.040000000000001,2.39
2007-08-29 07:00:00,2.73,7.75,2.64,2.97,5.99,5.34,2.24
2007-08-29 08:00:00,2.86,4.87,2.64,8.56,6.87,4.3,0.42
2007-08-29 09:00:00,3.11,5.01,3.09,5.66,6.9,4.13,0.74
2007-08-29 10:00:00,1.87,2.78,1.87,6.11,7.07,3.76,3.48
2007-08-29 11:00:00,1.61,2.58,3.81,5.32,7.05,3.44,7.88
2007-08-29 12:00:00,1.34,2.46,3.0700000000000003,5.51,5.53,2.98,4.17
2007-08-29 13:00:00,0.73,1.58,1.93,4.86,5.72,3.29,1.74
2007-08-29 14:00:00,0.64,0.75,2.26,4.89,4.32,3.42,0.56
2007-08-29 15:00:00,0.66,0.78,1.84,4.36,3.1,2.89,1.08
2007-08-29 16:00:00,2.33,1.04,0.56,4.03,2.88,2.42,0.17
2007-08-29 17:00:00,2.86,1.82,1.23,3.85,4.09,2.23,1.95
2007-08-29 18:00:00,4.5600000000000005,2.12,1.3,3.77,4.69,1.96,2.44
2007-08-29 19:00:00,4.72,2.11,1.87,4.19,4.18,3.16,2.22
2007-08-29 20:00:00,5.33,1.23,1.0,4.92,4.0600000000000005,2.86,2.52
2007-08-29 21:00:00,5.69,2.51,1.25,4.39,4.18,1.78,2.6
2007-08-29 22:00:00,6.1000000000000005,2.78,2.56,3.66,4.28,6.76,2.42
2007-08-29 23:00:00,5.38,3.19,5.11,3.36,3.8,3.13,4.2700000000000005
2007-08-30 00:00:00,5.19,2.7,6.87,3.63,3.44,3.82,5.84
2007-08-30 01:00:00,5.55,10.06,8.26,3.86,3.58,3.0700000000000003,8.13
2007-08-30 02:00:00,3.4,12.42,7.77,2.15,4.45,5.79,3.09
2007-08-30 03:00:00,3.04,11.23,8.11,3.02,5.54,2.91,4.19
2007-08-30 04:00:00,2.01,11.08,6.15,4.0,4.73,2.98,5.07
2007-08-30 05:00:00,3.69,11.6,4.57,1.01,6.98,6.140000000000001,3.29
2007-08-30 06:00:00,4.24,10.82,4.41,3.59,8.99,5.28,4.46
2007-08-30 07:00:00,3.51,9.28,3.9,0.44,9.6,5.15,3.36
2007-08-30 08:00:00,2.62,10.07,3.2,1.76,10.67,3.52,4.51
2007-08-30 09:00:00,1.17,8.57,2.58,0.84,8.47,2.66,4.3500000000000005
2007-08-30 10:00:00,2.18,6.03,1.35,1.58,8.69,1.73,2.45
2007-08-30 11:00:00,1.92,4.18,1.38,0.9,7.15,1.15,3.16
2007-08-30 12:00:00,2.48,4.7,2.53,1.17,7.52,0.37,0.37
2007-08-30 13:00:00,2.26,2.76,3.18,1.64,7.51,0.95,3.21
2007-08-30 14:00:00,3.3000000000000003,2.27,2.2,1.67,5.3,0.44,5.5200000000000005
2007-08-30 15:00:00,2.88,0.99,1.56,2.43,3.83,1.02,3.69
2007-08-30 16:00:00,3.82,2.32,0.63,2.95,2.84,1.77,2.82
2007-08-30 17:00:00,4.39,2.4,2.12,3.39,5.94,2.83,3.95
2007-08-30 18:00:00,4.6000000000000005,2.05,1.98,3.86,4.63,6.49,2.79
2007-08-30 19:00:00,4.26,2.28,0.58,4.44,3.73,4.87,3.63
2007-08-30 20:00:00,4.9,3.94,2.38,6.37,3.29,8.08,4.78
2007-08-30 21:00:00,5.48,12.81,3.63,8.32,2.44,10.17,4.69
2007-08-30 22:00:00,5.26,11.94,4.01,9.64,2.09,7.92,2.07
2007-08-30 23:00:00,8.07,9.51,4.69,9.04,1.94,5.93,2.81
2007-08-31 00:00:00,3.37,4.91,3.58,5.67,2.01,8.17,5.83
2007-08-31 01:00:00,5.37,8.33,6.55,12.33,1.98,4.23,1.25
2007-08-31 02:00:00,3.76,5.4,4.45,9.59,3.94,1.17,4.32
2007-08-31 03:00:00,6.2,5.59,4.48,8.47,3.76,2.41,3.01
2007-08-31 04:00:00,3.28,1.94,5.34,7.91,4.33,0.66,2.68
2007-08-31 05:00:00,3.44,0.53,1.95,5.62,8.99,1.13,4.22
2007-08-31 06:00:00,2.7,0.64,0.93,1.18,10.16,1.98,0.42
2007-08-31 07:00:00,1.8,1.41,2.5500000000000003,1.87,8.5,1.54,1.58
2007-08-31 08:00:00,1.12,2.5500000000000003,2.38,2.88,5.7700000000000005,1.18,1.35
2007-08-31 09:00:00,0.8300000000000001,3.01,3.43,0.71,5.16,1.36,2.27
2007-08-31 10:00:00,0.36,1.61,3.78,1.28,2.4,1.38,2.96
2007-08-31 11:00:00,0.8,1.48,1.92,2.19,0.56,3.0,1.44
2007-08-31 12:00:00,0.41,1.29,0.89,0.68,2.75,0.62,1.08
2007-08-31 13:00:00,1.61,0.53,1.19,2.53,2.8000000000000003,0.37,1.07
2007-08-31 14:00:00,0.96,0.58,1.17,1.71,2.93,2.23,1.66
2007-08-31 15:00:00,2.4,0.49,0.41,2.49,2.01,1.57,1.96
2007-08-31 16:00:00,1.8,1.03,0.52,0.8200000000000001,3.2,2.5,1.59
2007-08-31 17:00:00,3.69,1.76,1.36,1.33,2.8000000000000003,2.13,1.65
2007-08-31 18:00:00,4.16,1.59,1.48,2.22,3.17,2.45,0.61
2007-08-31 19:00:00,4.86,1.29,0.87,1.44,2.89,16.94,0.68
2007-08-31 20:00:00,5.15,1.07,0.52,2.73,3.6,3.61,1.91
2007-08-31 21:00:00,4.49,2.46,0.55,3.03,2.69,8.41,1.83
2007-08-31 22:00:00,5.4,2.91,10.68,7.890000000000001,2.5500000000000003,1.61,1.9
2007-08-31 23:00:00,5.34,8.75,5.11,4.48,2.03,4.3,5.3500000000000005
2007-09-01 00:00:00,5.69,8.17,6.69,3.65,1.42,2.37,2.77
2007-09-01 01:00:00,5.84,6.94,9.24,1.41,3.16,4.11,7.62
2007-09-01 02:00:00,7.76,12.06,8.14,2.82,3.47,2.62,6.03
2007-09-01 03:00:00,4.39,13.57,8.36,4.5200000000000005,3.82,2.3000000000000003,1.82
2007-09-01 04:00:00,2.44,13.18,6.74,5.64,5.25,2.14,4.28
2007-09-01 05:00:00,1.38,13.06,6.1000000000000005,3.64,3.4,6.22,3.26
2007-09-01 06:00:00,0.6900000000000001,13.33,6.07,2.94,3.92,6.46,2.39
2007-09-01 07:00:00,1.06,13.85,6.46,1.89,3.38,5.68,1.89
2007-09-01 08:00:00,1.42,13.32,6.7,1.26,2.21,4.86,1.94
2007-09-01 09:00:00,1.99,13.26,7.7,1.39,6.32,5.22,1.89
2007-09-01 10:00:00,2.28,12.58,6.82,2.06,5.07,5.48,1.86
2007-09-01 11:00:00,2.84,12.49,5.92,2.1,4.05,5.43,0.99
2007-09-01 12:00:00,2.25,11.96,5.03,2.03,2.51,5.23,1.86
2007-09-01 13:00:00,0.59,10.78,2.81,2.34,4.5600000000000005,4.82,2.45
2007-09-01 14:00:00,0.28,8.91,1.66,2.46,4.93,4.65,1.19
2007-09-01 15:00:00,1.0,5.38,1.79,2.12,3.56,4.33,2.05
2007-09-01 16:00:00,2.43,1.24,1.27,1.07,4.54,3.62,1.52
2007-09-01 17:00:00,3.16,1.73,0.4,1.7,4.69,3.69,1.36
2007-09-01 18:00:00,4.41,1.89,1.04,2.66,2.93,2.43,1.55
2007-09-01 19:00:00,5.39,2.65,0.74,2.74,2.47,14.6,1.52
2007-09-01 20:00:00,5.51,3.08,0.48,3.16,2.25,2.94,1.69
2007-09-01 21:00:00,5.95,3.71,0.77,4.2,2.77,7.6,2.17
2007-09-01 22:00:00,6.26,3.6,1.61,4.67,2.96,15.34,3.46
2007-09-01 23:00:00,4.78,8.25,12.79,4.18,3.14,9.67,3.77
2007-09-02 00:00:00,4.62,11.7,4.9,4.46,3.78,3.85,3.87
2007-09-02 01:00:00,4.28,13.32,7.75,10.16,2.62,6.11,2.79
2007-09-02 02:00:00,5.15,14.38,9.13,5.72,7.890000000000001,6.26,1.94
2007-09-02 03:00:00,3.67,14.9,7.51,8.620000000000001,7.82,5.89,4.68
2007-09-02 04:00:00,2.09,14.53,7.91,5.84,2.3000000000000003,5.48,1.3
2007-09-02 05:00:00,0.6,14.58,8.57,6.25,1.28,9.19,1.26
2007-09-02 06:00:00,1.05,15.23,8.46,3.86,3.39,6.48,0.94
2007-09-02 07:00:00,0.51,15.83,7.46,3.21,8.76,5.64,1.17
2007-09-02 08:00:00,2.84,14.82,7.3,3.33,5.32,6.12,0.73
2007-09-02 09:00:00,0.75,15.04,7.35,3.28,3.31,6.0,0.67
2007-09-02 10:00:00,0.97,14.87,6.46,2.73,4.04,6.24,0.78
2007-09-02 11:00:00,0.75,14.4,7.140000000000001,3.64,6.63,5.53,0.92
2007-09-02 12:00:00,1.35,14.45,5.53,2.87,6.93,4.18,1.33
2007-09-02 13:00:00,2.15,6.18,5.3,2.25,7.5,3.76,2.2
2007-09-02 14:00:00,2.03,10.59,1.49,1.85,5.83,3.06,1.5
2007-09-02 15:00:00,2.12,2.68,1.73,1.59,6.38,2.08,2.71
2007-09-02 16:00:00,4.37,1.96,1.35,1.36,6.42,1.76,1.1
2007-09-02 17:00:00,3.19,2.49,1.27,1.56,7.15,2.42,1.89
2007-09-02 18:00:00,3.54,2.73,1.03,2.33,7.58,2.54,1.09
2007-09-02 19:00:00,4.05,2.63,0.56,2.74,7.07,3.56,0.95
2007-09-02 20:00:00,4.7,2.53,0.19,3.5700000000000003,8.09,5.0,1.88
2007-09-02 21:00:00,4.71,2.5,0.55,3.51,8.27,5.72,1.45
2007-09-02 22:00:00,4.88,4.66,0.37,3.93,7.6,5.8,2.1
2007-09-02 23:00:00,6.2700000000000005,8.22,2.33,9.26,6.75,10.84,4.74
2007-09-03 00:00:00,5.74,10.23,8.620000000000001,5.58,7.24,13.78,5.83
2007-09-03 01:00:00,3.3200000000000003,12.74,9.53,6.49,6.7700000000000005,8.44,5.48
2007-09-03 02:00:00,3.87,14.67,9.75,8.86,7.28,9.2,1.62
2007-09-03 03:00:00,4.14,14.11,6.45,5.92,8.14,9.36,0.6900000000000001
2007-09-03 04:00:00,4.41,13.12,8.38,3.51,8.75,7.99,2.15
2007-09-03 05:00:00,0.32,13.74,8.52,10.02,9.02,10.11,3.16
2007-09-03 06:00:00,6.92,14.62,7.36,10.06,11.32,5.13,1.86
2007-09-03 07:00:00,5.07,13.76,6.49,8.99,11.15,2.49,3.16
2007-09-03 08:00:00,0.55,2.42,1.2,7.0600000000000005,9.24,0.92,3.64
2007-09-03 09:00:00,0.65,6.38,2.79,2.47,7.67,0.78,2.47
2007-09-03 10:00:00,1.3,5.97,4.01,2.76,8.17,2.74,0.38
2007-09-03 11:00:00,1.85,6.48,4.97,2.98,9.53,1.72,1.68
2007-09-03 12:00:00,2.34,3.25,3.04,2.3000000000000003,11.21,9.34,1.39
2007-09-03 13:00:00,2.62,2.08,3.45,4.6000000000000005,10.9,8.48,0.52
2007-09-03 14:00:00,2.35,0.49,3.5700000000000003,6.24,7.930000000000001,8.48,1.0
2007-09-03 15:00:00,3.91,4.72,0.13,6.78,5.5200000000000005,8.28,1.56
2007-09-03 16:00:00,4.29,1.45,2.1,4.21,7.83,12.34,3.61
2007-09-03 17:00:00,4.97,1.68,2.38,5.29,8.22,3.43,3.97
2007-09-03 18:00:00,5.29,3.5,8.870000000000001,8.69,8.620000000000001,7.04,3.12
2007-09-03 19:00:00,5.4,4.07,8.8,6.38,8.56,12.13,3.5700000000000003
2007-09-03 20:00:00,5.43,6.07,14.38,4.99,7.9,12.92,12.33
2007-09-03 21:00:00,4.38,10.86,12.82,6.15,6.67,2.79,12.42
2007-09-03 22:00:00,4.97,10.43,9.6,8.38,5.49,5.37,8.92
2007-09-03 23:00:00,2.96,7.47,9.18,10.84,5.42,4.16,5.47
2007-09-04 00:00:00,12.35,6.36,13.56,10.68,5.13,8.35,8.51
2007-09-04 01:00:00,11.99,9.01,11.02,6.2,4.46,2.8000000000000003,0.49
2007-09-04 02:00:00,2.82,7.38,7.72,6.44,5.41,4.6000000000000005,4.04
2007-09-04 03:00:00,7.51,5.18,7.890000000000001,2.98,5.88,5.41,1.69
2007-09-04 04:00:00,8.63,4.82,4.89,0.64,5.7,5.41,4.32
2007-09-04 05:00:00,3.02,5.97,11.32,4.49,3.89,1.43,6.71
2007-09-04 06:00:00,7.13,6.23,7.46,7.17,4.68,4.64,5.95
2007-09-04 07:00:00,1.68,12.1,9.8,5.59,5.99,6.78,1.8
2007-09-04 08:00:00,0.23,14.79,9.89,6.21,5.18,5.62,1.09
2007-09-04 09:00:00,1.74,16.32,9.32,5.95,3.23,4.8500000000000005,1.31
2007-09-04 10:00:00,2.65,17.04,9.37,6.08,6.01,5.28,0.79
2007-09-04 11:00:00,3.87,15.68,9.59,6.88,7.21,4.88,1.46
2007-09-04 12:00:00,2.41,15.53,7.0,3.46,7.7,4.97,0.99
2007-09-04 13:00:00,2.98,15.26,5.42,2.99,7.85,1.83,2.74
2007-09-04 14:00:00,3.54,10.56,6.5600000000000005,5.08,7.43,4.48,2.85
2007-09-04 15:00:00,2.37,8.96,6.84,3.52,7.23,2.68,2.35
2007-09-04 16:00:00,6.97,9.98,6.67,6.09,7.73,2.43,3.87
2007-09-04 17:00:00,2.14,8.6,5.18,7.86,7.51,3.23,5.49
2007-09-04 18:00:00,3.38,10.05,6.87,8.08,7.1000000000000005,4.16,6.88
2007-09-04 19:00:00,2.69,9.91,7.4,8.81,7.4,2.87,7.59
2007-09-04 20:00:00,5.2,10.74,7.81,10.41,6.3100000000000005,9.84,8.26
2007-09-04 21:00:00,5.4,12.74,8.93,11.32,6.25,11.24,7.86
2007-09-04 22:00:00,6.0,14.64,8.94,11.83,9.09,11.26,7.98
2007-09-04 23:00:00,4.5200000000000005,16.12,9.62,12.12,7.52,12.4,8.45
2007-09-05 00:00:00,10.41,16.94,10.32,12.88,8.0,12.75,7.6
2007-09-05 01:00:00,12.02,18.81,10.86,12.38,8.83,13.88,7.18
2007-09-05 02:00:00,12.57,19.61,11.15,12.85,11.42,14.02,4.78
2007-09-05 03:00:00,11.87,19.99,10.58,13.35,11.72,13.61,7.13
2007-09-05 04:00:00,12.61,19.39,10.23,12.85,13.34,8.09,8.67
2007-09-05 05:00:00,13.87,19.5,9.51,11.61,12.37,9.88,7.640000000000001
2007-09-05 06:00:00,14.02,18.78,10.07,11.84,11.67,9.88,9.45
2007-09-05 07:00:00,14.39,17.13,9.32,12.74,11.84,12.47,9.27
2007-09-05 08:00:00,15.27,15.24,10.39,10.72,11.81,10.5,9.28
2007-09-05 09:00:00,15.43,15.45,9.53,10.7,13.17,10.36,9.18
2007-09-05 10:00:00,15.19,12.52,10.0,8.73,10.63,8.14,8.09
2007-09-05 11:00:00,15.48,7.88,10.71,8.25,10.9,6.76,6.6000000000000005
2007-09-05 12:00:00,15.37,5.99,8.2,7.44,9.49,6.43,6.33
2007-09-05 13:00:00,15.26,3.79,6.26,6.57,9.67,4.3,3.58
2007-09-05 14:00:00,14.69,2.29,6.58,5.2700000000000005,10.97,2.58,1.8
2007-09-05 15:00:00,13.67,1.99,3.43,3.56,11.48,0.62,2.17
2007-09-05 16:00:00,13.61,1.49,1.13,3.0700000000000003,11.36,0.55,1.92
2007-09-05 17:00:00,12.72,1.67,1.94,4.16,11.53,1.44,2.58
2007-09-05 18:00:00,12.61,1.79,3.75,4.72,11.39,1.75,3.14
2007-09-05 19:00:00,13.99,1.12,4.98,5.01,10.65,1.4,3.5500000000000003
2007-09-05 20:00:00,13.84,0.89,6.5600000000000005,5.17,9.6,1.41,5.5600000000000005
2007-09-05 21:00:00,15.37,1.69,7.25,5.88,9.08,3.95,6.49
2007-09-05 22:00:00,14.39,4.8,7.77,6.18,8.96,10.43,6.75
2007-09-05 23:00:00,14.53,7.37,8.48,6.69,8.96,12.18,7.79
2007-09-06 00:00:00,14.41,7.51,9.01,6.67,8.47,12.89,8.49
2007-09-06 01:00:00,13.26,9.55,8.58,5.67,9.01,10.96,8.74
2007-09-06 02:00:00,14.47,12.11,9.18,7.31,10.46,6.55,9.51
2007-09-06 03:00:00,14.26,12.05,10.07,4.54,13.25,4.18,8.34
2007-09-06 04:00:00,11.68,10.2,10.14,3.12,13.19,5.47,6.72
2007-09-06 05:00:00,11.45,8.48,10.21,3.06,10.86,5.99,6.57
2007-09-06 06:00:00,9.91,8.71,9.25,3.7,10.37,5.2,6.2700000000000005
2007-09-06 07:00:00,11.76,8.35,7.78,3.14,10.55,7.9,4.71
2007-09-06 08:00:00,11.94,4.0200000000000005,3.87,2.78,10.35,4.73,4.15
2007-09-06 09:00:00,11.78,2.17,3.63,2.2,9.41,2.97,4.1
2007-09-06 10:00:00,9.81,0.76,2.63,0.81,8.92,1.07,3.38
2007-09-06 11:00:00,10.12,0.65,1.61,1.64,11.26,0.76,2.66
2007-09-06 12:00:00,10.42,0.53,0.31,2.69,9.71,0.55,1.56
2007-09-06 13:00:00,9.92,0.59,0.54,3.61,8.92,0.56,1.9
2007-09-06 14:00:00,8.98,0.86,0.38,4.92,7.92,0.23,2.03
2007-09-06 15:00:00,7.99,1.6,0.38,2.89,7.41,0.92,1.67
2007-09-06 16:00:00,7.390000000000001,1.64,0.31,2.69,7.31,1.39,1.5
2007-09-06 17:00:00,7.76,3.02,1.01,3.68,7.33,0.56,2.74
2007-09-06 18:00:00,8.48,3.23,0.21,3.45,6.87,1.82,3.3200000000000003
2007-09-06 19:00:00,10.58,4.2700000000000005,0.34,2.93,6.84,1.76,1.94
2007-09-06 20:00:00,12.8,4.14,0.44,3.02,6.8100000000000005,3.72,2.8000000000000003
2007-09-06 21:00:00,14.07,4.7700000000000005,3.45,2.98,6.63,2.09,4.17
2007-09-06 22:00:00,13.47,3.95,8.6,3.75,6.84,5.86,7.46
2007-09-06 23:00:00,13.63,4.12,9.6,4.78,8.15,7.31,8.59
2007-09-07 00:00:00,13.55,9.54,10.08,6.58,7.75,9.7,8.65
2007-09-07 01:00:00,13.77,10.68,10.53,8.25,8.31,6.74,7.67
2007-09-07 02:00:00,13.31,6.43,10.11,8.09,7.47,5.3500000000000005,6.91
2007-09-07 03:00:00,12.45,5.82,10.09,5.76,6.68,4.66,8.17
2007-09-07 04:00:00,11.41,1.08,11.04,6.0200000000000005,8.05,4.0200000000000005,7.81
2007-09-07 05:00:00,9.91,1.56,10.62,5.73,9.13,4.64,7.5
2007-09-07 06:00:00,9.35,2.36,10.71,6.0600000000000005,7.140000000000001,5.39,7.72
2007-09-07 07:00:00,9.88,2.57,10.16,8.26,7.0,4.75,7.19
2007-09-07 08:00:00,9.1,2.41,9.53,8.74,7.56,4.79,6.71
2007-09-07 09:00:00,8.88,1.19,8.77,7.72,7.66,6.11,6.25
2007-09-07 10:00:00,7.85,1.12,8.27,7.61,7.58,5.98,6.84
2007-09-07 11:00:00,5.23,1.75,7.76,6.58,7.48,6.21,6.2
2007-09-07 12:00:00,4.32,1.46,7.140000000000001,4.57,7.390000000000001,5.91,6.15
2007-09-07 13:00:00,5.22,1.15,5.42,2.62,7.43,6.28,5.71
2007-09-07 14:00:00,4.28,1.23,4.74,3.02,7.07,4.49,5.07
2007-09-07 15:00:00,5.1000000000000005,1.05,2.23,2.96,5.75,2.07,4.94
2007-09-07 16:00:00,1.01,0.7000000000000001,0.95,2.64,3.03,1.01,3.9
2007-09-07 17:00:00,1.07,0.72,0.63,2.35,0.78,0.75,3.96
2007-09-07 18:00:00,2.5500000000000003,1.69,0.35,2.34,1.22,1.06,3.91
2007-09-07 19:00:00,3.22,4.94,0.44,2.84,1.31,1.44,5.42
2007-09-07 20:00:00,3.11,5.44,1.15,3.85,1.4,1.46,6.51
2007-09-07 21:00:00,2.66,5.96,2.79,4.09,12.7,1.44,6.99
2007-09-07 22:00:00,3.37,6.74,7.27,5.73,5.07,2.23,7.47
2007-09-07 23:00:00,1.17,7.5,7.65,5.42,1.65,5.22,7.33
2007-09-08 00:00:00,3.97,7.74,7.82,5.32,6.74,7.68,7.67
2007-09-08 01:00:00,2.19,7.19,7.24,5.3500000000000005,5.3,6.34,7.45
2007-09-08 02:00:00,1.47,10.61,8.26,4.79,1.93,5.09,7.0600000000000005
2007-09-08 03:00:00,0.38,11.08,9.67,3.25,3.89,5.62,6.2700000000000005
2007-09-08 04:00:00,1.54,9.57,9.63,8.06,4.3500000000000005,7.12,4.97
2007-09-08 05:00:00,3.0500000000000003,6.15,9.88,5.79,4.45,8.040000000000001,5.48
2007-09-08 06:00:00,1.83,6.13,9.68,4.51,6.7,6.75,6.0200000000000005
2007-09-08 07:00:00,3.47,5.26,8.74,4.82,3.44,6.67,5.26
2007-09-08 08:00:00,5.5200000000000005,4.89,8.21,3.89,2.5,6.91,5.03
2007-09-08 09:00:00,6.22,4.43,7.0600000000000005,4.26,1.13,5.61,5.15
2007-09-08 10:00:00,5.98,1.93,6.640000000000001,5.11,5.54,5.79,5.66
2007-09-08 11:00:00,5.11,0.62,5.64,3.74,6.58,5.95,4.2700000000000005
2007-09-08 12:00:00,5.6000000000000005,1.62,2.33,3.94,5.72,3.52,3.11
2007-09-08 13:00:00,6.66,1.54,1.91,3.6,4.99,3.23,2.01
2007-09-08 14:00:00,5.15,2.28,1.57,3.38,5.3,3.23,1.22
2007-09-08 15:00:00,3.78,0.61,1.37,4.05,3.8,3.15,0.8300000000000001
2007-09-08 16:00:00,2.08,0.98,0.51,2.94,3.8,2.64,0.8300000000000001
2007-09-08 17:00:00,2.63,1.22,0.47,2.58,3.39,2.75,1.64
2007-09-08 18:00:00,3.01,1.39,1.05,2.56,2.01,2.84,1.8
2007-09-08 19:00:00,4.13,1.94,0.33,2.57,1.95,2.43,2.02
2007-09-08 20:00:00,4.82,2.81,0.5,3.2,1.51,2.01,1.6
2007-09-08 21:00:00,5.0,3.78,0.92,3.43,0.81,2.05,4.58
2007-09-08 22:00:00,4.07,4.23,6.19,3.48,1.76,2.91,5.92
2007-09-08 23:00:00,8.91,4.62,6.68,3.65,4.23,3.31,6.12
2007-09-09 00:00:00,6.73,4.71,7.4,3.0,3.24,6.95,7.33
2007-09-09 01:00:00,7.28,5.9,7.16,3.02,2.67,7.390000000000001,7.62
2007-09-09 02:00:00,7.3,11.91,6.76,3.9,2.52,5.37,7.98
2007-09-09 03:00:00,6.44,11.43,9.2,4.0600000000000005,4.8,4.49,2.88
2007-09-09 04:00:00,5.0200000000000005,10.36,9.07,4.8100000000000005,6.91,9.58,1.96
2007-09-09 05:00:00,5.24,9.86,8.72,7.35,8.8,8.11,3.87
2007-09-09 06:00:00,5.58,9.22,8.03,7.54,10.13,7.32,5.34
2007-09-09 07:00:00,6.94,8.0,7.43,6.12,8.88,7.26,5.53
2007-09-09 08:00:00,6.97,6.67,6.5600000000000005,4.36,6.9,6.5200000000000005,4.71
2007-09-09 09:00:00,7.28,7.0600000000000005,5.69,4.0,4.45,5.05,2.05
2007-09-09 10:00:00,7.33,4.05,3.4,4.24,4.45,4.3,1.79
2007-09-09 11:00:00,6.5200000000000005,0.91,3.06,3.36,3.98,3.33,1.48
2007-09-09 12:00:00,5.93,0.8300000000000001,3.49,2.58,3.79,2.52,1.07
2007-09-09 13:00:00,5.37,1.03,3.22,2.38,3.45,1.38,1.05
2007-09-09 14:00:00,4.17,0.9,2.92,1.93,3.19,1.51,0.6900000000000001
2007-09-09 15:00:00,3.0500000000000003,1.32,1.99,0.95,1.38,1.25,2.63
2007-09-09 16:00:00,1.69,1.27,0.73,0.87,3.19,1.28,2.86
2007-09-09 17:00:00,2.61,1.41,1.04,1.79,3.2,1.51,3.3200000000000003
2007-09-09 18:00:00,2.63,1.74,2.31,2.45,3.99,1.97,3.37
2007-09-09 19:00:00,3.19,2.38,3.99,3.34,4.49,2.9,4.76
2007-09-09 20:00:00,5.5,2.88,6.4,3.96,4.9,3.0500000000000003,6.11
2007-09-09 21:00:00,6.86,3.25,7.09,3.79,5.33,3.48,6.75
2007-09-09 22:00:00,7.82,4.49,7.76,3.76,5.93,7.24,7.74
2007-09-09 23:00:00,6.74,6.2700000000000005,8.68,3.42,5.71,7.58,8.43
2007-09-10 00:00:00,6.9,8.51,9.6,3.58,5.44,7.13,8.8
2007-09-10 01:00:00,6.7,10.35,8.43,4.08,5.73,7.03,8.26
2007-09-10 02:00:00,7.72,13.14,8.870000000000001,3.1,4.9,7.54,6.53
2007-09-10 03:00:00,8.14,13.35,10.7,9.34,4.51,6.12,6.24
2007-09-10 04:00:00,7.42,12.12,10.25,7.44,6.67,8.1,6.8500000000000005
2007-09-10 05:00:00,7.6,11.38,10.32,6.78,8.74,9.78,6.18
2007-09-10 06:00:00,7.79,11.02,9.35,4.93,8.33,9.25,3.71
2007-09-10 07:00:00,7.65,9.42,8.44,3.14,7.85,7.22,1.08
2007-09-10 08:00:00,8.26,9.31,8.09,3.51,6.54,6.26,1.3
2007-09-10 09:00:00,8.86,7.21,6.67,3.92,7.28,5.92,1.43
2007-09-10 10:00:00,7.59,3.27,2.29,3.2,5.07,4.95,1.33
2007-09-10 11:00:00,4.8500000000000005,2.46,1.54,1.35,3.51,3.69,1.56
2007-09-10 12:00:00,4.28,1.09,1.24,1.74,2.5500000000000003,2.89,0.64
2007-09-10 13:00:00,5.26,0.8300000000000001,1.43,1.83,3.77,1.73,2.07
2007-09-10 14:00:00,2.22,0.33,2.16,3.37,2.59,1.04,2.12
2007-09-10 15:00:00,1.17,1.19,2.16,2.2,1.72,0.7000000000000001,2.19
2007-09-10 16:00:00,2.48,0.5,1.06,2.64,1.19,1.11,1.75
2007-09-10 17:00:00,2.28,1.39,1.09,5.26,1.74,1.67,0.92
2007-09-10 18:00:00,2.74,2.4,0.8300000000000001,5.2700000000000005,2.22,1.21,1.12
2007-09-10 19:00:00,4.14,2.08,0.94,5.3100000000000005,1.86,1.45,2.44
2007-09-10 20:00:00,4.58,3.41,0.78,5.3500000000000005,1.8,2.1,3.43
2007-09-10 21:00:00,4.55,4.66,1.83,5.71,3.28,2.99,3.49
2007-09-10 22:00:00,4.5600000000000005,4.47,6.0200000000000005,5.38,2.48,2.37,5.68
2007-09-10 23:00:00,3.65,3.7,7.31,4.28,3.08,5.32,6.43
2007-09-11 00:00:00,3.09,3.33,8.25,3.71,2.88,6.21,7.2
2007-09-11 01:00:00,4.07,9.94,7.82,3.27,3.31,5.66,7.15
2007-09-11 02:00:00,1.96,11.76,9.52,3.29,4.0,5.18,3.69
2007-09-11 03:00:00,1.19,13.04,9.23,3.41,6.25,6.2700000000000005,3.0500000000000003
2007-09-11 04:00:00,1.76,13.82,10.28,2.44,8.07,6.2,0.72
2007-09-11 05:00:00,2.09,13.51,8.94,3.41,7.35,6.2700000000000005,0.65
2007-09-11 06:00:00,3.18,12.1,8.58,2.75,6.55,8.120000000000001,1.57
2007-09-11 07:00:00,3.75,10.75,7.86,1.13,5.89,7.07,0.4
2007-09-11 08:00:00,3.49,9.41,6.73,0.78,3.4,6.46,0.98
2007-09-11 09:00:00,4.93,6.5200000000000005,6.5200000000000005,1.37,4.49,5.88,0.51
2007-09-11 10:00:00,4.5600000000000005,6.8500000000000005,4.71,1.49,5.26,5.04,0.64
2007-09-11 11:00:00,3.11,4.67,4.19,0.64,3.7,4.48,0.98
2007-09-11 12:00:00,3.28,2.9,4.26,0.93,3.97,3.98,1.74
2007-09-11 13:00:00,2.91,1.08,2.47,2.13,3.76,3.46,0.89
2007-09-11 14:00:00,2.99,0.21,0.98,0.8200000000000001,4.9,3.31,1.11
2007-09-11 15:00:00,3.61,1.02,0.8,0.53,4.65,4.17,0.85
2007-09-11 16:00:00,0.96,1.93,0.96,0.78,3.73,3.88,1.72
2007-09-11 17:00:00,1.42,1.68,0.98,1.22,4.48,2.68,2.37
2007-09-11 18:00:00,2.1,1.84,0.96,2.41,4.3500000000000005,2.2,1.97
2007-09-11 19:00:00,3.27,2.35,1.22,3.66,3.13,2.56,2.5500000000000003
2007-09-11 20:00:00,5.7700000000000005,3.36,1.8,4.01,2.43,1.95,3.12
2007-09-11 21:00:00,5.29,4.82,5.93,4.92,2.06,1.17,5.92
2007-09-11 22:00:00,5.37,4.6000000000000005,6.83,5.36,2.41,3.5500000000000003,6.46
2007-09-11 23:00:00,5.84,5.79,7.72,4.95,2.83,8.0,6.78
2007-09-12 00:00:00,5.29,6.67,8.01,4.79,4.79,8.76,6.62
2007-09-12 01:00:00,3.65,9.58,8.52,4.83,4.76,7.83,6.57
2007-09-12 02:00:00,7.44,12.51,8.14,6.66,5.93,8.38,4.33
2007-09-12 03:00:00,8.93,13.44,9.36,8.75,6.32,5.21,2.98
2007-09-12 04:00:00,9.82,12.28,9.93,7.46,6.62,7.32,5.53
2007-09-12 05:00:00,9.18,10.87,9.63,7.390000000000001,7.95,7.18,0.68
2007-09-12 06:00:00,9.56,10.43,7.8,4.86,2.51,7.13,1.11
2007-09-12 07:00:00,10.26,7.890000000000001,7.73,3.82,7.23,7.69,1.68
2007-09-12 08:00:00,10.56,7.07,7.57,4.4,8.85,7.34,1.59
2007-09-12 09:00:00,9.7,6.69,6.5600000000000005,4.83,4.57,6.98,2.17
2007-09-12 10:00:00,10.34,4.25,6.23,4.74,5.76,7.61,1.23
2007-09-12 11:00:00,10.45,3.28,5.3,5.14,5.95,7.73,1.38
2007-09-12 12:00:00,10.26,2.06,2.82,4.39,5.39,7.29,2.11
2007-09-12 13:00:00,9.48,1.71,1.99,4.16,3.94,6.8100000000000005,1.19
2007-09-12 14:00:00,9.49,1.68,2.26,4.17,3.03,6.76,0.92
2007-09-12 15:00:00,8.24,3.24,1.71,4.44,2.26,6.8100000000000005,0.85
2007-09-12 16:00:00,7.7,1.97,1.22,3.15,2.39,6.3100000000000005,0.52
2007-09-12 17:00:00,6.53,1.7,1.35,2.92,2.66,6.2,2.89
2007-09-12 18:00:00,5.11,2.22,5.87,3.16,2.44,6.7,3.93
2007-09-12 19:00:00,6.43,3.3200000000000003,7.41,6.25,1.63,7.24,5.21
2007-09-12 20:00:00,7.68,6.8,8.58,7.74,2.02,8.58,7.66
2007-09-12 21:00:00,7.68,7.36,9.28,8.370000000000001,2.54,8.41,8.2
2007-09-12 22:00:00,7.43,5.84,9.81,8.75,1.13,9.27,8.99
2007-09-12 23:00:00,7.83,9.28,10.49,9.76,4.64,10.39,9.46
2007-09-13 00:00:00,9.62,10.11,10.53,11.1,4.83,10.74,9.52
2007-09-13 01:00:00,9.31,11.45,10.32,11.02,5.03,10.53,8.67
2007-09-13 02:00:00,9.37,11.88,9.32,11.13,5.46,10.64,8.370000000000001
2007-09-13 03:00:00,10.11,11.52,6.58,10.77,6.42,10.21,7.91
2007-09-13 04:00:00,10.59,8.18,6.58,9.55,8.83,9.14,5.08
2007-09-13 05:00:00,10.54,2.34,5.68,6.84,9.15,9.52,4.18
2007-09-13 06:00:00,10.64,1.58,5.63,5.58,8.93,10.28,2.91
2007-09-13 07:00:00,10.57,2.59,7.84,7.13,8.81,10.33,5.75
2007-09-13 08:00:00,11.66,0.56,9.01,5.84,9.55,10.07,2.94
2007-09-13 09:00:00,11.33,2.21,8.81,4.91,10.48,9.96,0.79
2007-09-13 10:00:00,12.07,1.83,9.49,4.5600000000000005,9.82,8.14,3.51
2007-09-13 11:00:00,12.65,3.18,8.5,4.23,9.09,8.03,4.3500000000000005
2007-09-13 12:00:00,13.19,2.84,8.47,5.32,8.31,7.79,4.03
2007-09-13 13:00:00,12.89,1.39,8.74,7.28,7.96,7.9,5.2700000000000005
2007-09-13 14:00:00,13.18,1.35,9.55,7.890000000000001,7.61,7.69,4.46
2007-09-13 15:00:00,12.21,2.68,8.08,8.0,3.27,7.68,5.76
2007-09-13 16:00:00,9.39,2.71,7.17,10.08,1.26,9.55,5.0200000000000005
2007-09-13 17:00:00,8.66,3.54,6.37,10.61,3.67,9.47,6.34
2007-09-13 18:00:00,8.08,6.2,6.97,10.93,3.68,9.56,6.82
2007-09-13 19:00:00,8.57,5.72,7.73,11.36,5.83,9.84,7.55
2007-09-13 20:00:00,9.9,7.49,8.65,12.09,5.62,10.96,8.4
2007-09-13 21:00:00,10.58,10.49,8.63,11.75,5.5200000000000005,12.28,8.73
2007-09-13 22:00:00,11.5,10.65,8.47,12.57,6.08,13.19,8.74
2007-09-13 23:00:00,12.61,12.8,8.43,12.54,5.64,13.06,8.63
2007-09-14 00:00:00,13.46,13.66,8.26,12.57,6.3100000000000005,12.63,8.33
2007-09-14 01:00:00,13.69,15.95,7.7,9.91,6.96,12.0,6.88
2007-09-14 02:00:00,14.76,17.22,7.91,11.17,7.66,12.07,6.5200000000000005
2007-09-14 03:00:00,15.27,18.34,10.05,11.84,8.14,11.2,5.7700000000000005
2007-09-14 04:00:00,15.86,18.62,9.27,11.1,7.18,11.38,6.68
2007-09-14 05:00:00,15.88,18.28,9.71,11.22,7.33,10.52,6.97
2007-09-14 06:00:00,16.7,18.44,9.75,12.01,7.8,9.56,7.01
2007-09-14 07:00:00,16.95,17.72,9.96,11.82,9.42,11.17,5.83
2007-09-14 08:00:00,16.98,17.27,9.94,11.68,8.83,11.21,6.04
2007-09-14 09:00:00,17.27,17.05,10.25,11.88,7.77,10.12,7.35
2007-09-14 10:00:00,16.94,16.22,9.48,11.82,7.12,9.12,6.92
2007-09-14 11:00:00,17.57,13.2,9.34,11.88,7.03,8.3,6.87
2007-09-14 12:00:00,17.21,12.31,9.31,11.19,7.61,8.38,5.4
2007-09-14 13:00:00,17.18,5.88,9.86,10.69,8.51,8.89,6.140000000000001
2007-09-14 14:00:00,17.26,5.19,10.45,10.21,8.1,8.85,4.69
2007-09-14 15:00:00,17.36,2.07,9.31,8.51,5.04,8.15,3.6
2007-09-14 16:00:00,16.240000000000002,1.19,7.58,8.290000000000001,3.45,7.0200000000000005,3.99
2007-09-14 17:00:00,16.18,3.2,6.22,9.18,4.98,6.26,4.87
2007-09-14 18:00:00,15.92,0.28,6.3500000000000005,9.89,5.18,8.19,6.32
2007-09-14 19:00:00,16.16,6.3500000000000005,6.61,11.19,5.55,9.7,7.36
2007-09-14 20:00:00,16.27,8.33,7.41,12.17,6.3,10.61,7.71
2007-09-14 21:00:00,16.53,9.33,7.95,12.08,6.99,11.18,8.18
2007-09-14 22:00:00,16.11,11.93,8.19,12.4,7.63,11.0,7.81
2007-09-14 23:00:00,16.53,13.31,8.28,12.65,7.36,11.06,7.0200000000000005
2007-09-15 00:00:00,17.22,14.87,7.9,12.56,7.26,11.15,6.82
2007-09-15 01:00:00,17.6,17.22,9.61,11.99,7.22,10.52,5.0
2007-09-15 02:00:00,17.62,18.46,11.08,11.11,7.22,9.43,4.28
2007-09-15 03:00:00,16.830000000000002,18.29,10.01,10.45,6.6000000000000005,8.620000000000001,6.98
2007-09-15 04:00:00,17.51,17.39,11.74,10.52,8.8,12.02,6.71
2007-09-15 05:00:00,18.34,15.12,10.48,9.15,8.120000000000001,11.44,5.26
2007-09-15 06:00:00,18.56,9.92,9.99,6.94,6.67,12.38,3.5
2007-09-15 07:00:00,19.23,14.75,9.4,4.3500000000000005,6.46,12.59,4.08
2007-09-15 08:00:00,19.3,16.15,9.22,5.21,6.37,11.69,3.63
2007-09-15 09:00:00,19.7,16.85,5.5200000000000005,4.95,6.44,12.26,1.76
2007-09-15 10:00:00,19.6,16.05,7.37,3.63,6.24,11.51,2.16
2007-09-15 11:00:00,18.71,13.6,6.17,4.58,6.3100000000000005,10.83,1.79
2007-09-15 12:00:00,18.27,9.21,3.49,4.39,5.67,10.65,1.99
2007-09-15 13:00:00,18.39,6.34,2.82,3.99,5.65,9.84,2.13
2007-09-15 14:00:00,17.57,6.36,3.44,4.12,6.58,9.34,2.34
2007-09-15 15:00:00,15.45,2.08,3.39,3.97,7.05,7.86,3.3000000000000003
2007-09-15 16:00:00,13.65,1.74,0.85,1.9,7.32,5.87,1.75
2007-09-15 17:00:00,11.79,3.25,1.03,2.1,7.27,6.16,1.87
2007-09-15 18:00:00,11.11,3.19,0.7000000000000001,4.92,6.71,6.23,1.25
2007-09-15 19:00:00,11.19,2.3000000000000003,1.3,6.79,6.7700000000000005,5.53,2.49
2007-09-15 20:00:00,11.47,1.97,5.41,7.52,7.37,8.46,4.03
2007-09-15 21:00:00,11.89,7.69,6.26,7.9,7.45,8.36,5.71
2007-09-15 22:00:00,12.65,9.42,7.52,8.75,7.63,9.27,6.93
2007-09-15 23:00:00,13.55,12.21,8.26,9.38,7.28,10.39,7.0200000000000005
2007-09-16 00:00:00,14.8,14.12,9.17,9.61,7.640000000000001,11.46,6.66
2007-09-16 01:00:00,14.57,16.42,10.13,9.21,7.25,9.71,6.19
2007-09-16 02:00:00,15.75,17.69,10.21,8.73,7.98,8.07,7.4
2007-09-16 03:00:00,17.38,17.82,10.74,9.57,8.72,5.91,8.5
2007-09-16 04:00:00,19.19,16.5,10.82,10.54,9.29,8.870000000000001,6.44
2007-09-16 05:00:00,19.35,11.59,10.61,10.01,8.8,10.84,6.66
2007-09-16 06:00:00,19.59,4.62,9.56,9.34,9.25,11.33,5.37
2007-09-16 07:00:00,19.6,9.03,8.32,10.09,10.07,11.14,2.8000000000000003
2007-09-16 08:00:00,20.53,14.47,9.55,9.0,9.58,10.6,4.5
2007-09-16 09:00:00,20.97,17.01,9.91,4.8100000000000005,9.58,10.05,5.65
2007-09-16 10:00:00,21.68,17.23,8.6,4.3,9.5,10.99,4.18
2007-09-16 11:00:00,21.65,17.25,6.8100000000000005,4.7,8.15,11.05,1.04
2007-09-16 12:00:00,21.38,16.39,4.68,3.92,7.28,10.35,2.64
2007-09-16 13:00:00,21.45,13.45,7.32,3.6,6.41,10.62,2.63
2007-09-16 14:00:00,20.91,13.74,10.17,4.17,5.92,9.87,2.21
2007-09-16 15:00:00,19.43,13.39,9.67,2.63,4.93,9.34,1.03
2007-09-16 16:00:00,16.5,11.09,7.74,4.21,6.24,8.15,1.85
2007-09-16 17:00:00,12.85,9.22,7.28,6.5200000000000005,6.2,7.94,1.5
2007-09-16 18:00:00,12.03,9.42,7.58,7.930000000000001,6.48,8.71,8.22
2007-09-16 19:00:00,15.53,8.88,8.71,9.56,7.44,8.84,9.62
2007-09-16 20:00:00,18.74,10.22,9.2,10.58,8.08,9.59,9.35
2007-09-16 21:00:00,19.92,11.84,9.86,11.34,9.11,10.32,9.34
2007-09-16 22:00:00,20.83,13.35,10.36,12.33,8.44,10.79,8.58
2007-09-16 23:00:00,19.18,15.15,11.06,13.14,9.04,12.3,9.07
2007-09-17 00:00:00,19.71,16.53,10.91,12.9,9.45,14.21,9.56
2007-09-17 01:00:00,20.59,17.36,10.36,12.62,8.790000000000001,14.26,9.4
2007-09-17 02:00:00,19.46,15.59,9.5,13.53,7.08,13.75,9.01
2007-09-17 03:00:00,18.98,14.28,9.52,12.28,9.17,14.08,8.620000000000001
2007-09-17 04:00:00,18.74,15.34,12.12,7.49,10.83,11.15,9.76
2007-09-17 05:00:00,18.84,2.93,9.12,8.58,11.02,10.12,10.34
2007-09-17 06:00:00,20.12,8.53,9.26,8.540000000000001,11.65,10.52,6.51
2007-09-17 07:00:00,21.29,20.46,11.26,11.12,11.57,9.08,6.23
2007-09-17 08:00:00,22.73,20.19,11.37,8.14,11.68,9.11,7.36
2007-09-17 09:00:00,21.02,20.05,12.5,7.17,12.34,12.46,8.01
2007-09-17 10:00:00,20.43,17.080000000000002,12.01,5.13,12.28,12.76,7.31
2007-09-17 11:00:00,19.54,16.92,11.82,4.24,12.92,11.26,7.13
2007-09-17 12:00:00,18.31,14.34,10.16,2.7,11.68,10.86,8.59
2007-09-17 13:00:00,17.01,12.63,8.96,2.61,9.27,10.35,6.09
2007-09-17 14:00:00,16.42,14.45,8.75,2.96,6.38,8.8,6.09
2007-09-17 15:00:00,15.22,16.78,7.65,2.69,1.9,8.32,2.73
2007-09-17 16:00:00,14.38,14.98,7.45,1.72,3.86,9.54,2.51
2007-09-17 17:00:00,14.19,13.4,8.370000000000001,2.34,1.75,8.96,3.56
2007-09-17 18:00:00,12.38,12.09,8.56,4.0600000000000005,0.98,9.03,3.41
2007-09-17 19:00:00,11.37,10.39,9.09,4.41,6.37,8.290000000000001,3.15
2007-09-17 20:00:00,9.67,11.32,11.23,4.36,5.46,8.02,1.46
2007-09-17 21:00:00,7.33,12.81,11.73,3.84,6.11,8.63,10.99
2007-09-17 22:00:00,5.8,15.13,11.24,3.24,6.87,8.45,13.79
2007-09-17 23:00:00,9.17,16.64,11.07,3.54,6.93,8.05,14.95
2007-09-18 00:00:00,9.56,16.990000000000002,10.58,4.61,7.53,7.8,14.59
2007-09-18 01:00:00,9.06,18.43,10.32,3.84,6.82,7.76,14.91
2007-09-18 02:00:00,7.9,18.97,10.84,5.21,7.17,6.41,12.1
2007-09-18 03:00:00,7.97,18.7,11.94,3.33,7.28,6.71,7.8
2007-09-18 04:00:00,8.03,17.87,11.55,1.54,8.07,7.0,2.66
2007-09-18 05:00:00,9.15,16.38,6.98,4.63,8.63,7.0,0.7000000000000001
2007-09-18 06:00:00,7.77,15.27,8.53,3.61,8.790000000000001,6.83,3.34
2007-09-18 07:00:00,2.88,13.32,7.58,2.8000000000000003,8.52,6.45,3.29
2007-09-18 08:00:00,0.59,12.79,7.32,3.28,8.31,6.78,2.95
2007-09-18 09:00:00,1.42,7.21,5.24,2.61,7.65,6.19,2.75
2007-09-18 10:00:00,1.0,3.18,3.64,2.03,6.83,5.9,2.79
2007-09-18 11:00:00,0.4,3.01,3.39,1.58,6.33,6.04,2.01
2007-09-18 12:00:00,0.35,2.16,4.37,1.72,6.21,5.24,2.1
2007-09-18 13:00:00,0.49,1.78,3.97,1.17,5.1000000000000005,5.1000000000000005,1.61
2007-09-18 14:00:00,0.95,1.46,2.8000000000000003,1.48,4.14,4.91,0.68
2007-09-18 15:00:00,0.68,3.22,2.49,1.7,3.87,4.92,1.81
2007-09-18 16:00:00,2.09,2.48,1.55,1.41,3.54,4.29,0.74
2007-09-18 17:00:00,2.15,2.05,1.23,1.75,5.22,4.12,2.03
2007-09-18 18:00:00,3.58,1.5,1.1,2.65,5.97,2.6,1.96
2007-09-18 19:00:00,3.95,2.08,1.11,3.49,5.89,2.1,2.05
2007-09-18 20:00:00,4.42,2.48,1.42,4.44,5.63,2.35,3.08
2007-09-18 21:00:00,3.6,3.6,6.09,5.24,5.37,3.09,5.47
2007-09-18 22:00:00,3.8,4.8,8.4,6.25,5.55,3.9,7.36
2007-09-18 23:00:00,4.75,5.74,9.85,6.94,5.34,5.58,9.57
2007-09-19 00:00:00,8.84,9.78,10.8,6.55,5.29,6.7700000000000005,10.55
2007-09-19 01:00:00,7.97,12.23,10.73,5.4,5.3100000000000005,6.87,10.62
2007-09-19 02:00:00,6.71,13.69,10.68,10.2,5.44,5.46,10.64
2007-09-19 03:00:00,7.0200000000000005,15.57,11.59,8.49,5.26,6.04,10.3
2007-09-19 04:00:00,7.94,12.11,12.59,7.79,4.98,4.69,9.74
2007-09-19 05:00:00,9.24,11.84,12.04,6.7700000000000005,4.93,4.22,9.97
2007-09-19 06:00:00,10.91,13.89,12.24,5.75,5.3500000000000005,4.87,9.57
2007-09-19 07:00:00,11.5,10.28,11.97,7.21,7.56,5.22,9.77
2007-09-19 08:00:00,10.9,11.89,11.45,6.71,8.25,5.9,10.35
2007-09-19 09:00:00,10.82,11.37,11.42,6.47,8.18,6.46,10.57
2007-09-19 10:00:00,11.24,6.98,11.16,6.68,7.61,6.33,9.44
2007-09-19 11:00:00,11.64,2.62,10.51,8.53,7.5,6.15,9.68
2007-09-19 12:00:00,12.01,3.92,10.58,5.82,6.34,5.58,8.3
2007-09-19 13:00:00,12.63,4.68,8.27,4.42,6.640000000000001,5.11,9.21
2007-09-19 14:00:00,12.7,5.87,6.19,7.45,6.99,4.95,9.53
2007-09-19 15:00:00,12.91,4.84,6.1000000000000005,9.11,7.08,4.94,8.15
2007-09-19 16:00:00,12.68,5.11,10.0,10.61,8.48,4.66,9.33
2007-09-19 17:00:00,13.63,9.57,11.36,11.06,9.75,6.26,11.61
2007-09-19 18:00:00,14.73,9.28,11.93,11.15,10.59,8.39,11.74
2007-09-19 19:00:00,14.72,10.72,13.2,12.35,11.32,9.1,11.66
2007-09-19 20:00:00,14.7,12.2,13.81,12.85,10.08,10.1,11.43
2007-09-19 21:00:00,14.91,12.02,14.16,13.74,10.54,11.92,11.79
2007-09-19 22:00:00,15.18,12.55,13.64,12.89,11.4,12.54,11.54
2007-09-19 23:00:00,15.31,13.56,13.54,12.72,11.4,12.65,11.16
2007-09-20 00:00:00,15.04,13.19,13.79,12.17,11.22,13.3,11.29
2007-09-20 01:00:00,15.87,12.88,14.05,12.54,10.87,14.46,10.79
2007-09-20 02:00:00,16.52,13.02,13.55,12.52,11.39,14.5,9.83
2007-09-20 03:00:00,17.23,14.41,13.16,11.51,13.4,13.53,10.81
2007-09-20 04:00:00,18.61,14.61,10.43,11.89,13.82,9.85,10.32
2007-09-20 05:00:00,19.57,15.15,7.97,12.71,12.34,7.67,9.17
2007-09-20 06:00:00,20.07,12.95,8.17,12.68,9.96,7.55,7.22
2007-09-20 07:00:00,20.34,10.96,6.0200000000000005,12.49,10.25,7.71,4.14
2007-09-20 08:00:00,21.43,10.39,5.6000000000000005,11.8,9.09,8.57,6.79
2007-09-20 09:00:00,21.93,9.53,7.71,12.8,8.2,8.88,7.42
2007-09-20 10:00:00,22.83,8.700000000000001,7.82,11.58,9.26,7.58,5.47
2007-09-20 11:00:00,23.18,8.43,5.7700000000000005,10.07,8.34,6.33,4.71
2007-09-20 12:00:00,23.05,8.82,7.55,7.71,8.47,6.63,3.5500000000000003
2007-09-20 13:00:00,22.28,6.68,7.08,6.95,9.95,5.55,3.92
2007-09-20 14:00:00,21.36,3.12,7.2,8.01,9.7,6.03,4.11
2007-09-20 15:00:00,19.57,6.8,6.8500000000000005,6.46,7.66,6.1000000000000005,4.7700000000000005
2007-09-20 16:00:00,18.7,9.18,6.0200000000000005,6.47,7.33,6.79,6.25
2007-09-20 17:00:00,17.27,7.23,6.3,5.7700000000000005,7.42,3.3000000000000003,6.2700000000000005
2007-09-20 18:00:00,15.72,5.96,6.18,4.69,7.35,3.3000000000000003,6.12
2007-09-20 19:00:00,13.46,4.8,7.15,3.74,8.05,5.03,6.25
2007-09-20 20:00:00,12.51,3.91,6.66,2.61,8.41,5.22,5.22
2007-09-20 21:00:00,11.89,3.54,5.68,2.73,8.39,7.72,4.33
2007-09-20 22:00:00,10.6,2.74,5.66,1.76,9.11,7.96,4.37
2007-09-20 23:00:00,10.3,2.02,5.29,2.91,9.61,6.9,3.93
2007-09-21 00:00:00,10.76,4.37,4.42,3.0500000000000003,8.69,5.4,3.72
2007-09-21 01:00:00,11.79,3.76,7.08,1.97,6.9,4.99,5.61
2007-09-21 02:00:00,13.66,5.49,8.76,2.23,5.21,7.1000000000000005,7.35
2007-09-21 03:00:00,16.25,4.84,9.06,3.69,3.99,6.65,5.15
2007-09-21 04:00:00,16.39,3.62,5.63,3.63,6.15,8.370000000000001,5.72
2007-09-21 05:00:00,16.75,3.02,6.0200000000000005,3.16,6.45,4.78,7.62
2007-09-21 06:00:00,17.63,2.71,4.8500000000000005,2.26,7.140000000000001,0.74,6.44
2007-09-21 07:00:00,17.97,2.86,6.12,2.33,8.25,1.01,5.32
2007-09-21 08:00:00,18.23,1.07,6.95,1.86,8.25,1.21,4.86
2007-09-21 09:00:00,17.650000000000002,1.65,4.5200000000000005,0.85,6.78,0.3,4.63
2007-09-21 10:00:00,16.13,1.23,3.87,1.38,7.67,0.92,3.25
2007-09-21 11:00:00,14.53,1.11,2.13,5.43,7.68,0.91,2.21
2007-09-21 12:00:00,12.95,1.45,1.39,7.44,6.48,0.96,0.94
2007-09-21 13:00:00,10.97,1.56,1.52,8.26,6.66,0.72,3.51
2007-09-21 14:00:00,10.06,1.56,0.59,8.82,5.69,0.52,4.59
2007-09-21 15:00:00,5.99,1.74,0.5700000000000001,9.09,4.83,0.7000000000000001,3.41
2007-09-21 16:00:00,5.49,1.94,0.89,9.35,4.05,0.79,3.25
2007-09-21 17:00:00,6.0200000000000005,2.15,0.51,10.53,3.56,1.2,4.9
2007-09-21 18:00:00,6.8100000000000005,3.09,2.0,11.73,4.08,16.55,6.03
2007-09-21 19:00:00,5.99,8.83,0.86,12.62,4.92,16.29,6.78
2007-09-21 20:00:00,7.62,7.640000000000001,2.4,12.27,5.67,16.01,6.83
2007-09-21 21:00:00,7.140000000000001,7.47,7.85,14.24,5.95,7.8,9.77
2007-09-21 22:00:00,7.0,8.72,9.12,18.17,7.16,8.43,7.24
2007-09-21 23:00:00,8.82,7.29,10.17,18.67,7.26,9.97,10.68
2007-09-22 00:00:00,11.04,11.73,13.97,18.08,7.85,9.93,10.2
2007-09-22 01:00:00,12.32,11.85,13.61,15.9,7.76,11.57,9.12
2007-09-22 02:00:00,14.73,11.72,13.21,13.79,11.3,11.65,8.46
2007-09-22 03:00:00,16.11,9.99,9.39,9.41,16.18,6.68,6.19
2007-09-22 04:00:00,17.26,11.05,8.790000000000001,6.48,15.0,8.1,9.29
2007-09-22 05:00:00,18.74,13.0,6.21,5.36,13.1,1.16,9.4
2007-09-22 06:00:00,20.4,11.15,7.640000000000001,5.26,12.85,3.49,6.83
2007-09-22 07:00:00,21.54,10.82,7.74,5.43,9.36,4.53,6.5200000000000005
2007-09-22 08:00:00,21.5,9.53,6.59,5.5,6.51,3.41,5.8500000000000005
2007-09-22 09:00:00,21.18,7.48,7.13,4.07,8.17,1.62,6.1000000000000005
2007-09-22 10:00:00,20.78,2.67,2.65,4.22,7.46,2.09,6.5600000000000005
2007-09-22 11:00:00,20.15,1.5,4.3500000000000005,4.29,6.73,5.07,5.13
2007-09-22 12:00:00,19.01,3.22,1.35,3.72,7.51,3.86,2.54
2007-09-22 13:00:00,19.56,4.73,1.43,4.1,7.44,2.18,3.04
2007-09-22 14:00:00,20.51,1.88,0.66,4.15,7.5,2.26,3.99
2007-09-22 15:00:00,19.94,0.96,1.78,3.94,8.26,1.27,3.86
2007-09-22 16:00:00,19.67,0.27,0.44,4.5,9.98,3.06,4.65
2007-09-22 17:00:00,21.18,2.44,1.23,7.28,10.41,6.03,2.95
2007-09-22 18:00:00,21.94,4.49,2.62,10.72,11.1,8.97,2.91
2007-09-22 19:00:00,22.22,5.7700000000000005,2.98,9.09,10.18,10.84,4.45
2007-09-22 20:00:00,23.26,4.0200000000000005,4.38,8.75,10.1,8.64,3.81
2007-09-22 21:00:00,21.44,5.51,9.18,12.29,9.52,8.4,8.71
2007-09-22 22:00:00,20.54,6.24,9.23,12.22,8.370000000000001,14.53,10.66
2007-09-22 23:00:00,21.35,6.93,10.86,10.9,7.09,10.01,7.930000000000001
2007-09-23 00:00:00,22.46,9.14,9.64,8.23,6.3100000000000005,10.15,7.24
2007-09-23 01:00:00,24.2,8.19,8.870000000000001,13.71,6.97,10.05,8.46
2007-09-23 02:00:00,21.97,5.94,7.390000000000001,11.29,5.87,10.17,8.870000000000001
2007-09-23 03:00:00,21.13,4.9,8.08,9.91,8.21,8.35,6.09
2007-09-23 04:00:00,18.04,6.5600000000000005,7.07,10.6,8.870000000000001,12.72,7.63
2007-09-23 05:00:00,17.97,3.16,6.7700000000000005,10.69,6.7,9.77,7.03
2007-09-23 06:00:00,17.05,6.98,8.040000000000001,11.0,7.72,7.58,8.13
2007-09-23 07:00:00,17.05,12.22,10.28,8.14,7.6,6.04,8.28
2007-09-23 08:00:00,15.16,12.73,10.29,6.890000000000001,7.54,5.68,6.68
2007-09-23 09:00:00,15.32,12.1,10.12,6.98,7.72,7.33,5.8100000000000005
2007-09-23 10:00:00,15.29,11.64,10.71,9.25,7.87,6.09,4.82
2007-09-23 11:00:00,13.08,12.81,10.45,7.23,7.27,7.61,4.74
2007-09-23 12:00:00,12.57,8.15,9.97,4.53,7.81,8.01,4.0200000000000005
2007-09-23 13:00:00,9.89,7.78,10.0,4.7700000000000005,6.73,8.23,3.88
2007-09-23 14:00:00,11.88,8.47,9.73,4.7,5.32,8.15,3.99
2007-09-23 15:00:00,9.43,9.61,8.98,4.2,3.49,7.77,1.88
2007-09-23 16:00:00,6.640000000000001,10.35,8.5,6.4,4.5200000000000005,9.11,2.42
2007-09-23 17:00:00,2.61,10.54,7.82,6.78,6.23,9.16,0.88
2007-09-23 18:00:00,4.23,9.26,8.13,5.96,5.53,8.83,1.43
2007-09-23 19:00:00,4.03,8.64,6.87,5.84,4.3,8.84,0.37
2007-09-23 20:00:00,3.99,8.8,7.72,5.7,3.54,8.22,1.23
2007-09-23 21:00:00,4.45,9.31,9.07,5.26,3.53,8.38,5.99
2007-09-23 22:00:00,5.3100000000000005,10.68,9.96,5.34,4.21,8.700000000000001,6.0
2007-09-23 23:00:00,5.41,12.85,10.18,5.34,4.94,8.27,6.11
2007-09-24 00:00:00,3.91,14.73,10.4,5.75,5.3500000000000005,8.3,4.01
2007-09-24 01:00:00,4.19,17.35,10.84,5.3100000000000005,5.5,8.21,4.0600000000000005
2007-09-24 02:00:00,4.24,19.16,9.54,7.22,6.3100000000000005,8.33,4.17
2007-09-24 03:00:00,3.2,18.67,9.44,6.3100000000000005,6.32,7.05,1.95
2007-09-24 04:00:00,4.0,16.63,7.19,4.65,6.87,5.94,1.88
2007-09-24 05:00:00,7.44,15.22,5.66,1.51,7.34,7.36,2.33
2007-09-24 06:00:00,4.15,14.92,6.87,0.31,7.84,7.94,2.28
2007-09-24 07:00:00,1.88,13.58,6.29,0.74,8.07,6.6000000000000005,2.5
2007-09-24 08:00:00,2.48,11.73,2.79,0.58,7.930000000000001,5.69,0.61
2007-09-24 09:00:00,2.29,6.65,2.08,1.53,8.27,5.55,1.35
2007-09-24 10:00:00,2.28,4.71,1.93,4.82,7.9,4.29,0.96
2007-09-24 11:00:00,2.53,2.28,0.87,8.34,7.58,3.61,0.74
2007-09-24 12:00:00,2.44,1.43,1.14,9.68,7.75,2.89,4.11
2007-09-24 13:00:00,2.42,0.73,2.12,10.9,6.09,1.68,4.54
2007-09-24 14:00:00,2.66,1.93,1.82,10.87,5.29,0.7000000000000001,3.67
2007-09-24 15:00:00,2.5,1.57,1.1,10.71,4.63,1.17,4.62
2007-09-24 16:00:00,3.14,1.58,1.34,11.24,4.21,3.0,5.58
2007-09-24 17:00:00,3.97,5.87,2.25,11.57,4.45,5.05,7.12
2007-09-24 18:00:00,4.61,5.89,4.96,9.68,3.98,7.57,6.91
2007-09-24 19:00:00,4.98,5.88,6.5,7.57,3.9,9.05,6.890000000000001
2007-09-24 20:00:00,5.05,4.7,7.01,7.0600000000000005,3.2,9.03,7.15
2007-09-24 21:00:00,4.96,4.82,6.76,7.03,3.41,9.13,7.07
2007-09-24 22:00:00,4.93,5.04,6.4,6.78,3.01,8.66,6.2
2007-09-24 23:00:00,4.14,4.3100000000000005,6.0200000000000005,6.7,2.5,8.15,5.26
2007-09-25 00:00:00,4.1,3.88,5.3,7.0200000000000005,3.26,8.06,5.37
2007-09-25 01:00:00,2.99,4.36,5.3500000000000005,7.58,4.48,7.66,6.08
2007-09-25 02:00:00,4.07,5.69,7.35,8.5,6.37,7.51,7.73
2007-09-25 03:00:00,3.4,3.5500000000000003,8.58,7.8,5.72,5.54,8.040000000000001
2007-09-25 04:00:00,2.81,5.3500000000000005,6.5200000000000005,9.39,10.11,5.32,9.36
2007-09-25 05:00:00,3.34,6.46,4.2,9.38,10.29,6.17,9.0
2007-09-25 06:00:00,4.4,6.83,0.89,9.78,8.28,6.18,8.69
2007-09-25 07:00:00,4.14,5.73,2.11,9.9,7.01,6.66,5.79
2007-09-25 08:00:00,4.82,4.9,3.39,9.74,5.59,6.36,6.69
2007-09-25 09:00:00,3.63,6.53,3.8,10.52,4.91,6.0,7.21
2007-09-25 10:00:00,3.33,5.08,2.27,9.63,4.16,6.140000000000001,7.37
2007-09-25 11:00:00,2.62,2.9,2.11,10.07,4.46,6.04,6.97
2007-09-25 12:00:00,3.23,2.56,1.61,10.75,4.22,5.97,7.04
2007-09-25 13:00:00,2.34,4.6000000000000005,0.9,10.18,4.42,6.03,6.5
2007-09-25 14:00:00,2.68,5.23,1.04,10.64,4.51,6.53,7.07
2007-09-25 15:00:00,2.82,3.89,1.01,10.42,4.58,5.9,6.55
2007-09-25 16:00:00,3.49,3.08,0.63,9.2,4.14,5.42,4.25
2007-09-25 17:00:00,3.48,2.73,1.26,9.01,4.34,5.32,5.0200000000000005
2007-09-25 18:00:00,3.88,3.06,3.31,7.54,3.86,5.46,4.99
2007-09-25 19:00:00,4.07,2.8000000000000003,4.19,6.23,2.45,5.32,4.38
2007-09-25 20:00:00,4.14,3.18,4.5200000000000005,4.88,2.32,5.25,4.0200000000000005
2007-09-25 21:00:00,4.38,3.0500000000000003,3.65,4.66,2.36,4.78,3.8
2007-09-25 22:00:00,4.68,2.94,4.11,4.59,2.25,4.96,3.27
2007-09-25 23:00:00,3.95,2.87,3.86,4.3,2.66,5.01,2.95
2007-09-26 00:00:00,4.14,2.56,3.16,4.07,3.76,5.39,2.57
2007-09-26 01:00:00,3.34,3.0500000000000003,3.56,4.14,5.8,5.32,3.14
2007-09-26 02:00:00,2.76,3.34,3.96,4.08,6.0200000000000005,5.4,4.03
2007-09-26 03:00:00,2.49,4.01,5.5,3.96,6.51,4.65,3.77
2007-09-26 04:00:00,2.43,3.76,3.91,4.0600000000000005,6.0200000000000005,3.0,5.61
2007-09-26 05:00:00,2.95,3.03,0.49,4.82,6.21,3.47,7.12
2007-09-26 06:00:00,2.73,2.69,1.33,5.36,5.91,3.41,6.41
2007-09-26 07:00:00,3.89,3.0500000000000003,2.34,4.95,6.2,3.24,5.43
2007-09-26 08:00:00,2.88,2.21,1.67,6.07,6.0,2.27,4.68
2007-09-26 09:00:00,1.81,1.45,1.24,6.75,5.43,2.21,4.07
2007-09-26 10:00:00,1.66,1.37,0.38,7.21,5.76,1.58,4.42
2007-09-26 11:00:00,1.59,2.8000000000000003,0.66,8.01,5.55,1.54,4.86
2007-09-26 12:00:00,2.46,3.89,0.77,9.4,5.42,1.69,5.24
2007-09-26 13:00:00,2.58,3.33,0.46,9.77,5.1000000000000005,1.51,6.09
2007-09-26 14:00:00,2.5,6.3500000000000005,0.34,10.18,5.15,1.46,6.12
2007-09-26 15:00:00,2.07,5.3500000000000005,0.6900000000000001,10.75,4.47,1.96,5.99
2007-09-26 16:00:00,2.48,3.0500000000000003,0.59,10.3,4.62,2.41,4.3100000000000005
2007-09-26 17:00:00,3.02,1.21,0.35,9.5,4.7,3.7,4.33
2007-09-26 18:00:00,3.42,2.53,1.25,8.9,4.36,4.48,5.04
2007-09-26 19:00:00,3.71,3.36,2.84,7.24,3.38,4.39,6.53
2007-09-26 20:00:00,3.73,4.76,5.78,6.58,2.76,3.98,4.64
2007-09-26 21:00:00,3.94,4.67,3.83,6.13,3.23,3.92,3.89
2007-09-26 22:00:00,3.29,3.78,4.95,5.64,3.47,4.29,4.08
2007-09-26 23:00:00,3.25,2.95,3.99,5.74,3.67,4.5200000000000005,3.78
2007-09-27 00:00:00,2.28,2.65,3.88,5.23,3.92,5.25,3.87
2007-09-27 01:00:00,1.09,2.54,3.46,4.9,5.38,5.96,3.0700000000000003
2007-09-27 02:00:00,0.67,1.68,3.61,4.05,6.15,3.94,3.49
2007-09-27 03:00:00,0.8300000000000001,1.99,2.72,4.37,4.83,4.84,1.75
2007-09-27 04:00:00,1.46,2.12,2.27,3.71,4.83,4.0600000000000005,2.69
2007-09-27 05:00:00,2.35,1.42,1.77,3.23,5.13,3.14,2.13
2007-09-27 06:00:00,1.28,1.07,2.66,1.96,4.76,2.83,3.8
2007-09-27 07:00:00,0.65,1.48,2.53,1.16,4.37,2.59,3.06
2007-09-27 08:00:00,0.93,1.44,2.39,1.15,4.42,1.96,3.11
2007-09-27 09:00:00,1.25,1.5,1.87,1.25,4.79,1.75,3.23
2007-09-27 10:00:00,1.65,1.75,1.45,1.05,4.86,1.66,2.46
2007-09-27 11:00:00,1.76,1.11,0.88,1.06,4.3100000000000005,1.83,2.15
2007-09-27 12:00:00,2.23,1.03,0.38,1.43,4.14,2.04,1.92
2007-09-27 13:00:00,2.38,0.76,0.32,1.72,3.74,1.96,1.69
2007-09-27 14:00:00,2.66,0.58,0.62,1.68,3.34,2.21,1.39
2007-09-27 15:00:00,2.87,0.72,1.07,1.38,2.66,1.94,1.54
2007-09-27 16:00:00,2.63,0.5700000000000001,1.0,1.76,2.04,1.97,1.38
2007-09-27 17:00:00,3.13,1.08,1.05,2.32,1.56,2.88,2.2
2007-09-27 18:00:00,4.23,1.54,1.29,2.93,1.75,3.79,1.74
2007-09-27 19:00:00,4.99,1.63,1.21,3.03,2.63,2.76,1.21
2007-09-27 20:00:00,4.96,2.82,0.58,3.38,3.31,1.44,2.4
2007-09-27 21:00:00,5.12,3.19,1.11,4.0,3.54,0.85,2.58
2007-09-27 22:00:00,4.79,3.86,5.7,6.44,3.97,2.36,6.88
2007-09-27 23:00:00,3.95,5.29,7.45,6.55,3.85,7.5,7.65
2007-09-28 00:00:00,8.33,7.96,8.35,6.26,3.78,8.36,7.0
2007-09-28 01:00:00,9.17,9.36,7.78,5.33,3.64,6.5,6.92
2007-09-28 02:00:00,8.66,9.45,8.23,7.140000000000001,4.62,3.79,7.25
2007-09-28 03:00:00,9.47,7.640000000000001,9.32,5.33,4.98,3.79,7.96
2007-09-28 04:00:00,10.7,6.67,8.91,8.82,3.89,0.81,7.55
2007-09-28 05:00:00,11.81,6.3,11.03,6.45,3.45,0.47,6.79
2007-09-28 06:00:00,12.33,1.96,10.77,6.53,4.3500000000000005,2.27,7.71
2007-09-28 07:00:00,13.11,1.7,10.5,7.51,4.51,2.96,7.87
2007-09-28 08:00:00,14.95,3.58,10.97,6.29,4.66,5.72,8.23
2007-09-28 09:00:00,16.93,2.08,10.75,7.3,5.68,5.04,8.040000000000001
2007-09-28 10:00:00,17.72,3.99,10.75,8.3,5.75,3.76,6.8100000000000005
2007-09-28 11:00:00,17.66,3.08,10.36,10.25,6.72,4.71,6.92
2007-09-28 12:00:00,16.86,1.93,9.78,11.1,7.08,3.88,8.47
2007-09-28 13:00:00,16.46,4.68,10.12,10.06,7.81,1.06,8.74
2007-09-28 14:00:00,16.02,3.85,10.94,7.67,7.5,0.75,7.9
2007-09-28 15:00:00,15.29,2.85,9.38,4.87,6.46,2.33,5.19
2007-09-28 16:00:00,14.72,2.93,8.870000000000001,7.71,7.24,2.46,5.2
2007-09-28 17:00:00,14.53,4.0,9.26,8.91,8.39,1.25,7.34
2007-09-28 18:00:00,14.27,4.61,11.5,10.1,9.81,3.27,8.82
2007-09-28 19:00:00,14.07,4.9,12.65,11.6,10.61,9.01,10.09
2007-09-28 20:00:00,13.61,6.7,12.95,12.37,12.26,9.63,10.89
2007-09-28 21:00:00,14.15,9.53,12.8,12.83,12.93,10.77,11.32
2007-09-28 22:00:00,14.05,11.56,13.05,12.99,12.35,11.56,11.15
2007-09-28 23:00:00,14.69,13.28,12.87,13.41,12.24,11.16,10.88
2007-09-29 00:00:00,14.75,15.27,12.95,14.44,11.78,11.29,11.25
2007-09-29 01:00:00,15.97,18.33,13.63,14.36,10.93,12.23,10.37
2007-09-29 02:00:00,16.14,20.76,12.93,14.92,10.79,12.1,12.16
2007-09-29 03:00:00,16.98,11.55,12.9,14.67,9.63,11.17,12.4
2007-09-29 04:00:00,17.42,11.21,12.24,14.84,9.32,11.8,13.02
2007-09-29 05:00:00,17.48,6.0,12.05,15.22,7.0200000000000005,11.48,12.6
2007-09-29 06:00:00,17.53,15.73,11.97,15.89,8.31,12.43,12.33
2007-09-29 07:00:00,17.62,12.41,12.63,13.74,8.93,10.65,11.64
2007-09-29 08:00:00,17.16,8.73,15.66,12.45,6.3100000000000005,10.6,13.46
2007-09-29 09:00:00,16.46,5.33,14.23,11.68,5.75,11.08,13.56
2007-09-29 10:00:00,16.0,13.3,15.65,9.12,5.18,11.2,11.87
2007-09-29 11:00:00,14.55,14.47,13.95,5.47,4.57,10.44,10.46
2007-09-29 12:00:00,11.6,9.02,10.01,6.3100000000000005,4.45,10.36,8.78
2007-09-29 13:00:00,11.25,10.76,8.3,5.63,3.95,9.86,8.84
2007-09-29 14:00:00,9.53,2.82,10.8,7.35,4.54,10.36,7.48
2007-09-29 15:00:00,7.62,11.53,7.88,3.12,4.28,9.37,3.75
2007-09-29 16:00:00,1.82,11.22,6.32,4.37,3.39,9.55,2.43
2007-09-29 17:00:00,3.8,8.700000000000001,3.68,7.0600000000000005,3.78,7.72,2.15
2007-09-29 18:00:00,3.4,5.04,2.28,7.6,4.24,7.94,6.65
2007-09-29 19:00:00,3.03,3.99,0.67,7.0200000000000005,4.09,5.58,4.59
2007-09-29 20:00:00,3.29,3.89,2.32,6.5200000000000005,3.84,3.64,3.6
2007-09-29 21:00:00,2.87,3.23,3.51,6.09,3.59,2.65,3.1
2007-09-29 22:00:00,2.84,2.62,3.48,5.44,3.53,2.89,4.58
2007-09-29 23:00:00,3.43,3.26,4.17,5.07,3.61,4.09,4.12
2007-09-30 00:00:00,3.51,3.08,4.36,5.4,3.68,4.91,4.51
2007-09-30 01:00:00,4.07,3.35,6.390000000000001,6.3,5.99,6.75,5.0600000000000005
2007-09-30 02:00:00,3.69,5.5200000000000005,6.75,8.540000000000001,6.22,8.23,6.2
2007-09-30 03:00:00,3.8,3.06,6.6000000000000005,10.44,5.15,7.61,6.07
2007-09-30 04:00:00,4.04,1.87,7.53,13.01,5.43,8.91,6.28
2007-09-30 05:00:00,4.17,3.77,4.3100000000000005,12.74,4.23,10.17,7.76
2007-09-30 06:00:00,4.14,4.48,3.17,11.87,3.91,10.66,8.370000000000001
2007-09-30 07:00:00,3.77,2.27,2.71,10.26,3.24,9.67,7.12
2007-09-30 08:00:00,2.73,2.48,2.32,10.2,3.58,9.79,5.69
2007-09-30 09:00:00,2.89,4.71,2.95,8.27,3.26,9.71,7.3
2007-09-30 10:00:00,2.96,4.6000000000000005,2.51,8.31,3.18,10.43,7.78
2007-09-30 11:00:00,3.0500000000000003,4.73,2.36,7.94,2.84,9.56,5.75
2007-09-30 12:00:00,3.11,4.09,2.08,7.94,1.46,9.28,7.1000000000000005
2007-09-30 13:00:00,2.87,3.1,1.32,7.66,1.54,9.09,7.67
2007-09-30 14:00:00,3.0500000000000003,4.39,1.16,8.09,1.36,9.66,7.68
2007-09-30 15:00:00,2.09,3.94,1.58,7.83,2.71,8.55,6.33
2007-09-30 16:00:00,1.94,2.16,1.15,7.04,2.87,7.08,4.96
2007-09-30 17:00:00,2.69,2.27,1.58,6.16,3.02,7.82,4.04
2007-09-30 18:00:00,2.71,2.48,2.92,5.5200000000000005,4.07,7.48,4.69
2007-09-30 19:00:00,3.34,1.44,2.45,5.58,5.37,6.91,3.71
2007-09-30 20:00:00,3.73,2.32,1.98,5.08,4.21,6.71,2.28
2007-09-30 21:00:00,2.95,2.51,1.08,6.01,4.65,6.4,1.52
2007-09-30 22:00:00,3.4,2.91,0.87,5.42,5.22,5.67,2.02
2007-09-30 23:00:00,3.49,2.97,0.81,5.48,6.05,3.99,1.92
2007-10-01 00:00:00,2.66,3.47,1.04,5.26,6.93,3.64,2.43
2007-10-01 01:00:00,1.71,3.43,2.98,5.66,5.67,4.13,3.7
2007-10-01 02:00:00,1.29,5.5600000000000005,6.34,6.72,4.42,5.84,7.0
2007-10-01 03:00:00,2.56,7.48,8.74,9.28,4.53,6.49,7.91
2007-10-01 04:00:00,3.26,6.8,9.39,6.93,4.39,8.91,7.8
2007-10-01 05:00:00,3.83,7.35,7.78,8.65,4.83,5.46,6.46
2007-10-01 06:00:00,5.3,9.57,8.14,8.33,5.21,4.14,5.3500000000000005
2007-10-01 07:00:00,8.94,11.12,8.2,8.52,5.6000000000000005,3.66,6.44
2007-10-01 08:00:00,12.43,12.39,8.11,6.45,5.22,2.86,5.91
2007-10-01 09:00:00,13.2,11.8,7.69,5.94,5.51,2.2,7.390000000000001
2007-10-01 10:00:00,14.32,11.56,7.390000000000001,7.15,5.14,2.97,7.46
2007-10-01 11:00:00,15.2,11.45,6.1000000000000005,6.4,4.87,2.85,6.9
2007-10-01 12:00:00,15.51,10.54,6.0200000000000005,6.57,8.700000000000001,1.86,5.99
2007-10-01 13:00:00,15.66,5.84,7.0600000000000005,7.01,12.84,0.81,6.82
2007-10-01 14:00:00,15.48,5.22,6.8100000000000005,6.86,11.06,1.9,6.48
2007-10-01 15:00:00,14.64,2.81,5.44,5.57,11.76,4.5600000000000005,5.74
2007-10-01 16:00:00,12.82,3.47,5.16,4.9,9.0,9.29,5.7700000000000005
2007-10-01 17:00:00,13.39,7.67,5.05,7.25,6.44,11.69,6.73
2007-10-01 18:00:00,14.95,7.57,6.63,8.02,5.48,11.71,6.72
2007-10-01 19:00:00,15.17,5.78,7.84,9.44,7.01,12.11,7.1000000000000005
2007-10-01 20:00:00,14.08,6.13,7.98,10.77,7.23,12.84,6.05
2007-10-01 21:00:00,11.28,9.13,8.65,12.14,10.34,13.26,7.01
2007-10-01 22:00:00,10.93,10.63,7.66,11.54,7.26,12.95,7.08
2007-10-01 23:00:00,13.41,11.49,7.0,11.45,7.41,12.45,6.0200000000000005
2007-10-02 00:00:00,13.39,13.56,7.07,10.4,6.59,12.13,4.68
2007-10-02 01:00:00,12.34,15.96,9.09,9.54,6.63,9.78,5.54
2007-10-02 02:00:00,12.68,16.86,8.370000000000001,11.6,5.95,8.950000000000001,5.26
2007-10-02 03:00:00,12.61,10.2,8.22,9.51,5.36,9.84,6.55
2007-10-02 04:00:00,11.76,14.53,10.3,8.25,5.72,11.47,3.43
2007-10-02 05:00:00,10.88,13.45,7.140000000000001,8.46,6.16,9.39,0.42
2007-10-02 06:00:00,8.540000000000001,11.4,7.03,7.38,6.13,8.98,1.0
2007-10-02 07:00:00,9.14,5.75,6.97,4.73,4.98,8.47,0.49
2007-10-02 08:00:00,9.11,4.74,2.78,4.93,5.5600000000000005,7.73,5.44
2007-10-02 09:00:00,9.25,3.78,4.28,8.76,3.95,5.07,6.41
2007-10-02 10:00:00,7.86,3.33,3.4,11.79,1.68,1.9,5.89
2007-10-02 11:00:00,4.67,3.81,1.62,11.68,1.42,1.37,4.21
2007-10-02 12:00:00,3.68,1.14,1.07,13.8,2.26,0.6,4.08
2007-10-02 13:00:00,1.28,1.82,0.23,15.67,1.94,0.48,6.5600000000000005
2007-10-02 14:00:00,0.14,3.68,0.52,14.78,2.67,0.81,6.63
2007-10-02 15:00:00,0.11,3.31,0.38,13.86,2.58,0.92,6.59
2007-10-02 16:00:00,1.41,2.95,0.77,11.63,2.87,0.5,3.95
2007-10-02 17:00:00,1.88,2.17,0.54,10.11,2.29,0.78,3.89
2007-10-02 18:00:00,2.97,3.44,1.59,7.74,2.19,2.48,4.28
2007-10-02 19:00:00,2.53,2.99,4.28,5.01,1.72,4.53,4.94
2007-10-02 20:00:00,3.08,2.73,4.92,4.8500000000000005,1.53,4.32,4.43
2007-10-02 21:00:00,2.82,3.06,3.79,4.3500000000000005,1.57,4.23,4.0600000000000005
2007-10-02 22:00:00,2.74,2.83,3.78,3.49,1.6,3.84,4.0
2007-10-02 23:00:00,2.79,2.54,3.45,2.66,0.95,3.81,3.82
2007-10-03 00:00:00,2.23,2.62,2.95,2.47,2.42,4.96,3.4
2007-10-03 01:00:00,1.62,1.66,2.43,1.32,2.37,5.6000000000000005,3.01
2007-10-03 02:00:00,3.44,1.19,2.54,2.2,4.1,4.45,2.26
2007-10-03 03:00:00,3.09,1.86,1.96,2.43,4.0600000000000005,4.46,1.73
2007-10-03 04:00:00,4.57,1.48,0.6900000000000001,2.07,4.45,4.5200000000000005,2.44
2007-10-03 05:00:00,5.4,0.97,1.72,2.04,4.91,3.51,3.23
2007-10-03 06:00:00,5.62,1.81,3.12,2.13,4.72,2.21,3.0500000000000003
2007-10-03 07:00:00,6.67,1.99,2.85,2.28,3.65,1.07,1.71
2007-10-03 08:00:00,6.640000000000001,1.47,3.28,2.15,2.58,0.1,1.96
2007-10-03 09:00:00,6.72,2.01,2.54,2.19,2.72,0.63,0.63
2007-10-03 10:00:00,6.72,2.07,3.62,2.51,2.9,0.88,0.29
2007-10-03 11:00:00,6.8100000000000005,1.72,3.35,2.62,3.09,1.29,0.26
2007-10-03 12:00:00,6.88,1.58,2.37,2.58,2.99,2.06,0.76
2007-10-03 13:00:00,6.84,2.84,1.52,2.6,2.88,2.99,0.79
2007-10-03 14:00:00,6.76,2.5500000000000003,1.29,2.64,2.29,3.8,1.73
2007-10-03 15:00:00,6.49,2.68,1.82,3.02,1.43,4.48,2.42
2007-10-03 16:00:00,5.99,2.05,1.0,3.31,0.91,3.5700000000000003,3.14
2007-10-03 17:00:00,5.34,1.61,1.06,3.19,2.4,4.82,3.72
2007-10-03 18:00:00,6.12,0.7000000000000001,2.71,6.21,3.35,5.32,5.44
2007-10-03 19:00:00,6.67,5.99,6.63,8.84,4.76,7.890000000000001,6.5200000000000005
2007-10-03 20:00:00,6.92,8.05,7.58,9.62,4.58,9.28,8.25
2007-10-03 21:00:00,7.46,9.63,8.14,11.05,4.64,10.2,8.73
2007-10-03 22:00:00,10.21,12.46,9.01,11.48,4.84,11.22,7.76
2007-10-03 23:00:00,11.23,14.11,9.46,12.15,4.7700000000000005,11.88,9.28
2007-10-04 00:00:00,11.78,11.26,9.67,13.1,5.53,12.1,9.15
2007-10-04 01:00:00,12.25,14.6,8.99,12.16,5.66,14.2,9.88
2007-10-04 02:00:00,12.64,17.12,10.72,12.26,5.66,14.27,9.9
2007-10-04 03:00:00,13.01,15.28,10.89,11.57,6.69,14.45,10.21
2007-10-04 04:00:00,13.43,12.2,11.41,9.11,6.3,13.99,10.64
2007-10-04 05:00:00,13.74,12.6,11.3,9.25,6.36,11.42,10.66
2007-10-04 06:00:00,13.93,13.81,10.85,10.96,7.66,7.57,10.15
2007-10-04 07:00:00,14.36,15.25,10.62,10.81,8.65,8.46,9.59
2007-10-04 08:00:00,14.52,13.13,11.21,9.65,8.6,8.870000000000001,9.83
2007-10-04 09:00:00,14.7,9.67,11.61,9.31,8.22,8.16,8.870000000000001
2007-10-04 10:00:00,14.92,5.39,11.66,9.66,8.18,8.03,8.02
2007-10-04 11:00:00,15.2,6.13,11.29,8.61,8.35,7.46,8.120000000000001
2007-10-04 12:00:00,15.51,4.76,10.43,10.71,9.0,7.35,7.390000000000001
2007-10-04 13:00:00,16.16,5.72,11.0,11.02,10.01,6.97,8.790000000000001
2007-10-04 14:00:00,16.37,9.86,8.5,9.34,9.28,6.74,10.31
2007-10-04 15:00:00,16.04,5.23,8.14,8.27,8.51,6.7700000000000005,8.91
2007-10-04 16:00:00,15.34,1.25,7.16,6.71,7.54,10.49,9.13
2007-10-04 17:00:00,15.26,1.38,9.17,11.84,7.0600000000000005,11.01,9.97
2007-10-04 18:00:00,15.14,8.33,10.97,12.49,7.46,12.03,9.31
2007-10-04 19:00:00,15.41,10.22,10.85,15.25,8.55,12.19,9.87
2007-10-04 20:00:00,15.68,8.68,12.18,15.59,9.75,13.75,10.95
2007-10-04 21:00:00,15.76,11.1,12.7,15.06,9.8,15.45,11.17
2007-10-04 22:00:00,16.36,13.32,12.3,14.73,8.91,15.14,11.48
2007-10-04 23:00:00,16.07,14.33,12.41,15.38,10.23,15.91,11.17
2007-10-05 00:00:00,16.61,15.53,12.02,15.2,8.68,17.72,9.72
2007-10-05 01:00:00,17.12,16.39,11.13,11.31,8.25,15.76,7.74
2007-10-05 02:00:00,17.19,16.42,9.88,12.79,7.12,14.55,8.63
2007-10-05 03:00:00,18.02,16.81,10.2,12.47,10.16,14.55,9.71
2007-10-05 04:00:00,19.16,14.75,12.5,12.96,6.57,9.5,10.97
2007-10-05 05:00:00,19.98,14.23,13.86,15.17,5.91,12.63,10.19
2007-10-05 06:00:00,20.59,11.23,12.56,13.87,7.07,12.49,11.21
2007-10-05 07:00:00,21.13,13.16,13.33,14.58,7.9,10.18,8.370000000000001
2007-10-05 08:00:00,21.45,16.91,12.86,14.33,9.37,9.35,6.88
2007-10-05 09:00:00,21.6,19.08,11.74,13.14,10.34,10.83,5.7
2007-10-05 10:00:00,22.51,18.33,9.51,12.37,9.04,12.28,8.96
2007-10-05 11:00:00,21.76,17.87,10.31,12.96,3.29,15.33,9.23
2007-10-05 12:00:00,21.86,17.68,10.97,13.53,3.73,14.13,10.4
2007-10-05 13:00:00,21.93,17.79,11.81,14.28,4.43,9.23,10.63
2007-10-05 14:00:00,22.67,18.26,11.64,12.21,12.4,12.66,11.95
2007-10-05 15:00:00,22.52,19.06,11.95,11.23,10.03,11.94,10.61
2007-10-05 16:00:00,23.19,20.29,12.5,13.29,9.54,12.34,9.45
2007-10-05 17:00:00,19.63,20.21,11.49,13.17,8.870000000000001,11.91,9.01
2007-10-05 18:00:00,20.44,20.87,9.69,12.67,8.4,10.97,10.84
2007-10-05 19:00:00,19.36,20.99,11.09,13.56,6.92,12.1,12.11
2007-10-05 20:00:00,18.49,20.76,11.62,13.96,6.92,12.04,11.87
2007-10-05 21:00:00,16.01,18.38,12.0,15.25,7.390000000000001,11.97,11.64
2007-10-05 22:00:00,15.03,18.96,11.69,14.98,8.120000000000001,11.94,11.6
2007-10-05 23:00:00,13.12,19.57,11.91,15.88,9.77,11.72,11.44
2007-10-06 00:00:00,11.28,19.14,11.54,15.76,11.68,11.83,11.53
2007-10-06 01:00:00,9.06,19.42,10.41,16.26,12.02,11.48,12.02
2007-10-06 02:00:00,10.64,18.58,10.46,15.85,12.67,13.28,10.78
2007-10-06 03:00:00,12.35,22.2,9.83,12.38,12.88,12.74,9.98
2007-10-06 04:00:00,14.72,23.99,8.52,12.99,13.23,11.0,5.32
2007-10-06 05:00:00,16.95,22.67,12.47,13.4,12.11,10.9,5.66
2007-10-06 06:00:00,18.09,19.67,13.5,11.15,11.29,10.67,4.54
2007-10-06 07:00:00,19.24,17.01,10.74,9.52,11.05,8.21,10.75
2007-10-06 08:00:00,19.46,17.01,5.68,8.41,12.09,11.28,17.68
2007-10-06 09:00:00,15.59,16.32,3.98,8.47,12.15,7.13,17.69
2007-10-06 10:00:00,3.0500000000000003,15.09,2.53,8.42,10.8,7.0600000000000005,13.53
2007-10-06 11:00:00,3.0700000000000003,14.71,2.73,10.29,11.02,4.93,2.66
2007-10-06 12:00:00,8.48,13.52,1.61,11.29,10.7,5.0200000000000005,2.09
2007-10-06 13:00:00,10.14,12.42,1.65,9.38,11.12,4.7,0.96
2007-10-06 14:00:00,9.96,10.64,2.34,11.86,10.97,4.62,1.21
2007-10-06 15:00:00,7.0600000000000005,5.87,1.6,10.59,9.06,4.72,0.34
2007-10-06 16:00:00,4.16,3.42,0.8300000000000001,10.44,8.34,3.5,0.6
2007-10-06 17:00:00,3.94,1.96,0.6,10.6,9.29,2.36,1.23
2007-10-06 18:00:00,4.83,4.0600000000000005,2.18,8.5,9.87,1.96,3.97
2007-10-06 19:00:00,5.3100000000000005,6.38,2.49,7.0200000000000005,10.38,0.96,6.23
2007-10-06 20:00:00,6.34,6.55,4.48,5.72,10.67,4.8100000000000005,6.46
2007-10-06 21:00:00,6.7,5.0200000000000005,5.16,5.96,10.81,5.36,7.140000000000001
2007-10-06 22:00:00,7.75,4.0,6.17,5.57,12.15,5.76,6.2700000000000005
2007-10-06 23:00:00,8.31,4.11,7.12,6.38,12.85,5.91,7.0600000000000005
2007-10-07 00:00:00,8.09,3.78,7.43,6.26,13.21,5.42,7.31
2007-10-07 01:00:00,7.33,4.21,6.44,5.96,13.46,5.89,5.12
2007-10-07 02:00:00,9.0,2.34,6.26,8.1,14.44,7.2,7.59
2007-10-07 03:00:00,9.69,5.1000000000000005,7.78,9.87,15.23,6.140000000000001,7.97
2007-10-07 04:00:00,7.61,5.7,5.8100000000000005,11.77,14.7,6.09,8.32
2007-10-07 05:00:00,7.21,4.44,7.15,11.59,13.44,5.75,9.18
2007-10-07 06:00:00,7.32,4.25,9.31,11.15,11.64,5.67,8.97
2007-10-07 07:00:00,7.58,5.6000000000000005,9.67,15.61,13.84,6.390000000000001,9.41
2007-10-07 08:00:00,7.640000000000001,6.8100000000000005,9.66,14.82,12.08,7.140000000000001,11.65
2007-10-07 09:00:00,7.54,4.48,8.99,15.32,12.48,7.34,12.41
2007-10-07 10:00:00,8.11,2.98,6.79,15.73,11.5,7.61,10.64
2007-10-07 11:00:00,8.69,1.61,8.06,16.45,11.5,7.76,10.97
2007-10-07 12:00:00,7.94,2.83,5.12,17.87,10.98,7.57,8.26
2007-10-07 13:00:00,7.98,1.07,6.0200000000000005,18.03,10.08,5.14,6.96
2007-10-07 14:00:00,8.2,0.8200000000000001,7.71,20.22,8.4,3.45,6.5600000000000005
2007-10-07 15:00:00,8.01,0.25,6.33,19.37,6.48,3.31,6.53
2007-10-07 16:00:00,8.24,0.99,4.86,18.79,5.34,3.87,5.23
2007-10-07 17:00:00,9.09,0.23,7.390000000000001,15.91,6.07,5.72,5.25
2007-10-07 18:00:00,9.46,2.05,10.25,13.75,7.63,6.88,5.91
2007-10-07 19:00:00,8.72,3.54,8.3,11.26,8.25,6.69,5.32
2007-10-07 20:00:00,8.58,3.83,8.040000000000001,9.11,9.08,6.72,6.3500000000000005
2007-10-07 21:00:00,9.05,3.02,6.54,7.65,9.15,6.5,5.99
2007-10-07 22:00:00,9.31,2.34,5.68,7.2,9.15,6.12,6.140000000000001
2007-10-07 23:00:00,8.28,1.52,5.53,6.95,8.94,6.58,6.11
2007-10-08 00:00:00,7.95,1.36,5.46,7.29,9.14,7.31,6.03
2007-10-08 01:00:00,6.2700000000000005,2.98,6.03,7.66,9.63,8.22,5.78
2007-10-08 02:00:00,7.73,4.41,7.28,7.67,10.25,8.33,6.47
2007-10-08 03:00:00,7.03,2.4,7.61,8.51,12.27,8.540000000000001,5.54
2007-10-08 04:00:00,5.86,1.88,6.07,9.94,10.51,9.26,4.9
2007-10-08 05:00:00,5.51,1.88,3.26,10.35,8.67,9.49,4.82
2007-10-08 06:00:00,5.79,2.54,3.22,10.01,7.45,9.94,5.99
2007-10-08 07:00:00,5.45,3.23,4.15,10.36,7.55,9.47,6.3500000000000005
2007-10-08 08:00:00,5.93,3.79,4.28,11.44,4.25,8.64,7.28
2007-10-08 09:00:00,6.13,3.8,3.43,10.68,3.68,9.34,7.73
2007-10-08 10:00:00,5.8500000000000005,3.91,3.0500000000000003,10.29,3.89,9.3,7.41
2007-10-08 11:00:00,5.91,3.72,2.26,10.0,3.71,9.73,6.53
2007-10-08 12:00:00,5.59,5.65,1.9,10.85,3.81,9.56,5.73
2007-10-08 13:00:00,5.3,5.49,1.01,10.85,3.12,9.16,5.58
2007-10-08 14:00:00,5.28,2.98,1.12,8.86,3.66,8.74,6.78
2007-10-08 15:00:00,4.9,1.78,0.88,10.03,3.93,8.46,6.73
2007-10-08 16:00:00,4.48,1.31,0.55,9.42,3.71,8.3,4.17
2007-10-08 17:00:00,4.2700000000000005,1.38,0.17,8.66,3.59,9.32,4.84
2007-10-08 18:00:00,4.72,2.75,1.6,7.87,4.36,10.44,5.34
2007-10-08 19:00:00,4.8,2.6,3.5,8.1,4.48,10.05,6.0200000000000005
2007-10-08 20:00:00,4.2700000000000005,4.86,5.01,7.29,4.03,9.84,5.8500000000000005
2007-10-08 21:00:00,4.5200000000000005,5.95,4.36,6.140000000000001,3.52,9.11,5.84
2007-10-08 22:00:00,4.46,5.43,5.32,6.22,5.79,9.03,5.88
2007-10-08 23:00:00,3.36,6.15,5.17,5.57,4.89,8.15,5.43
2007-10-09 00:00:00,2.74,6.23,4.7700000000000005,5.53,4.57,7.97,5.69
2007-10-09 01:00:00,2.11,7.45,4.54,5.73,5.16,7.83,6.49
2007-10-09 02:00:00,1.91,4.8500000000000005,5.57,5.72,4.62,7.81,5.36
2007-10-09 03:00:00,1.76,4.2,5.68,6.17,4.42,6.0600000000000005,4.94
2007-10-09 04:00:00,1.96,4.25,1.88,6.22,4.74,1.37,5.71
2007-10-09 05:00:00,2.32,4.39,1.33,6.09,4.92,0.31,5.96
2007-10-09 06:00:00,3.16,4.97,2.04,5.22,4.92,0.52,5.76
2007-10-09 07:00:00,4.07,5.11,1.02,4.61,4.6000000000000005,1.28,5.3
2007-10-09 08:00:00,3.98,4.23,1.23,3.94,4.36,0.99,5.7700000000000005
2007-10-09 09:00:00,4.05,4.46,1.41,2.98,4.13,0.38,5.08
2007-10-09 10:00:00,4.24,4.68,2.16,2.5500000000000003,2.58,0.49,4.92
2007-10-09 11:00:00,4.76,4.84,1.71,1.89,2.32,0.6900000000000001,4.32
2007-10-09 12:00:00,5.84,3.0500000000000003,1.75,2.54,3.0,0.37,3.65
2007-10-09 13:00:00,6.15,1.36,1.27,2.56,2.78,0.19,2.87
2007-10-09 14:00:00,5.92,0.76,1.29,2.65,3.6,0.47,2.15
2007-10-09 15:00:00,6.8500000000000005,0.23,1.06,3.03,3.58,0.59,2.35
2007-10-09 16:00:00,5.76,0.44,1.39,3.08,3.18,0.36,1.61
2007-10-09 17:00:00,3.67,0.8,1.16,2.98,3.59,0.46,0.85
2007-10-09 18:00:00,4.55,0.96,0.52,3.29,4.28,0.65,0.8300000000000001
2007-10-09 19:00:00,5.62,1.64,0.24,4.03,4.32,1.1,3.1
2007-10-09 20:00:00,4.12,1.85,2.58,4.12,4.46,1.68,2.7
2007-10-09 21:00:00,3.76,3.69,3.49,4.7,4.4,1.61,6.25
2007-10-09 22:00:00,4.7,6.3,6.15,5.0600000000000005,4.18,1.37,6.74
2007-10-09 23:00:00,5.5600000000000005,6.67,7.72,5.12,4.16,1.35,7.37
2007-10-10 00:00:00,5.67,7.72,9.41,6.57,3.6,3.27,7.86
2007-10-10 01:00:00,4.44,8.65,8.68,6.24,3.75,4.54,5.7
2007-10-10 02:00:00,10.28,8.19,5.66,10.17,3.13,3.62,8.6
2007-10-10 03:00:00,10.24,6.78,7.08,7.28,2.02,3.5,7.41
2007-10-10 04:00:00,10.82,5.44,7.82,6.68,2.19,1.83,6.57
2007-10-10 05:00:00,12.17,4.47,5.82,9.24,2.68,3.92,7.77
2007-10-10 06:00:00,12.64,4.72,7.94,10.14,3.09,2.5500000000000003,7.98
2007-10-10 07:00:00,12.27,4.78,11.44,10.64,3.38,2.26,8.14
2007-10-10 08:00:00,13.47,5.04,11.87,10.47,2.85,3.27,6.61
2007-10-10 09:00:00,13.21,1.39,7.18,8.69,2.31,4.0200000000000005,6.68
2007-10-10 10:00:00,13.72,2.62,5.95,8.39,2.42,3.95,6.1000000000000005
2007-10-10 11:00:00,13.71,6.29,4.48,4.96,2.88,5.11,8.56
2007-10-10 12:00:00,13.75,6.13,4.74,7.77,3.74,5.3500000000000005,10.46
2007-10-10 13:00:00,13.06,11.34,4.26,10.08,2.35,6.99,10.51
2007-10-10 14:00:00,10.8,14.42,3.95,9.09,2.56,7.78,6.66
2007-10-10 15:00:00,9.08,13.75,5.53,12.15,3.61,8.01,7.66
2007-10-10 16:00:00,2.95,13.95,7.1000000000000005,10.68,2.07,7.57,9.19
2007-10-10 17:00:00,1.72,14.4,8.58,11.74,1.95,8.94,9.95
2007-10-10 18:00:00,1.97,14.51,9.73,10.82,1.86,10.6,7.91
2007-10-10 19:00:00,2.68,14.11,9.31,12.31,1.61,10.3,8.21
2007-10-10 20:00:00,2.0,15.43,9.3,11.94,1.53,9.89,8.66
2007-10-10 21:00:00,2.81,16.44,8.870000000000001,13.13,1.98,10.22,9.47
2007-10-10 22:00:00,2.13,17.72,8.46,11.98,2.16,10.67,9.15
2007-10-10 23:00:00,1.74,18.79,8.43,11.56,1.29,10.25,8.4
2007-10-11 00:00:00,1.46,18.71,10.29,12.82,3.46,9.52,7.81
2007-10-11 01:00:00,0.15,9.34,9.39,7.26,3.95,9.69,5.6000000000000005
2007-10-11 02:00:00,6.5200000000000005,16.47,9.52,4.6000000000000005,3.33,8.76,8.88
2007-10-11 03:00:00,9.49,17.3,10.73,7.15,2.28,10.47,7.99
2007-10-11 04:00:00,10.11,15.97,12.01,7.91,2.44,10.21,2.6
2007-10-11 05:00:00,10.23,17.84,8.370000000000001,3.0700000000000003,2.59,9.05,3.33
2007-10-11 06:00:00,8.2,16.84,6.62,1.83,2.07,8.98,3.5
2007-10-11 07:00:00,8.91,14.65,6.71,3.59,1.81,10.86,2.36
2007-10-11 08:00:00,8.36,13.25,6.0200000000000005,2.54,0.31,11.14,1.42
2007-10-11 09:00:00,5.5600000000000005,12.62,7.58,1.62,0.94,9.85,1.33
2007-10-11 10:00:00,4.2700000000000005,11.16,5.13,1.79,0.63,9.75,1.14
2007-10-11 11:00:00,3.53,7.74,3.89,3.0,0.6,8.98,1.93
2007-10-11 12:00:00,1.35,6.21,4.0200000000000005,3.81,1.63,7.75,1.35
2007-10-11 13:00:00,0.78,2.67,3.06,5.67,2.46,6.8,1.69
2007-10-11 14:00:00,0.5700000000000001,1.28,2.59,8.790000000000001,1.28,6.5600000000000005,1.23
2007-10-11 15:00:00,0.47,1.71,0.73,9.17,0.34,6.33,2.09
2007-10-11 16:00:00,0.18,1.33,0.99,8.78,1.01,5.15,1.2
2007-10-11 17:00:00,1.28,0.9,0.13,7.49,1.49,4.47,0.52
2007-10-11 18:00:00,1.16,1.13,0.42,6.1000000000000005,1.13,3.0700000000000003,0.99
2007-10-11 19:00:00,2.87,1.39,1.12,4.59,1.74,3.33,1.75
2007-10-11 20:00:00,2.95,1.41,1.65,3.62,2.84,3.61,2.65
2007-10-11 21:00:00,2.76,1.0,1.01,3.19,3.09,3.45,1.52
2007-10-11 22:00:00,4.68,2.76,0.38,3.58,3.23,3.7,1.59
2007-10-11 23:00:00,3.41,1.54,1.34,2.65,3.41,3.0500000000000003,1.93
2007-10-12 00:00:00,4.73,3.11,4.5600000000000005,3.1,3.17,3.34,3.4
2007-10-12 01:00:00,6.26,3.82,7.82,3.2,1.26,4.48,6.49
2007-10-12 02:00:00,7.62,3.7,9.08,3.67,1.32,3.12,7.69
2007-10-12 03:00:00,9.7,4.03,8.94,3.52,1.13,3.71,8.73
2007-10-12 04:00:00,10.43,3.87,9.17,2.95,0.4,4.63,8.18
2007-10-12 05:00:00,12.27,5.15,9.06,4.9,1.09,5.67,9.92
2007-10-12 06:00:00,12.81,1.79,9.68,5.48,1.5,4.43,10.49
2007-10-12 07:00:00,13.39,2.93,9.19,3.61,3.75,4.55,9.11
2007-10-12 08:00:00,14.16,3.15,9.09,5.39,4.7700000000000005,6.2700000000000005,7.09
2007-10-12 09:00:00,14.68,4.15,10.46,7.23,5.12,6.87,7.62
2007-10-12 10:00:00,15.64,3.45,10.11,8.97,5.11,6.69,8.55
2007-10-12 11:00:00,16.84,4.45,8.99,8.86,4.57,5.84,8.22
2007-10-12 12:00:00,17.400000000000002,5.37,6.51,8.68,4.8100000000000005,4.91,8.3
2007-10-12 13:00:00,17.7,5.6000000000000005,7.29,8.4,4.97,5.34,9.75
2007-10-12 14:00:00,17.85,6.82,8.66,9.05,4.63,6.3,10.31
2007-10-12 15:00:00,16.77,6.91,10.62,8.88,5.32,7.34,10.39
2007-10-12 16:00:00,14.69,8.73,11.24,8.370000000000001,4.4,7.17,10.04
2007-10-12 17:00:00,12.48,13.5,11.28,9.63,4.84,7.65,9.56
2007-10-12 18:00:00,10.79,15.36,11.45,10.52,5.8,9.55,9.81
2007-10-12 19:00:00,10.25,16.95,11.95,10.85,5.75,10.02,9.4
2007-10-12 20:00:00,9.49,17.64,11.68,11.6,6.140000000000001,10.19,10.1
2007-10-12 21:00:00,9.73,18.14,11.59,12.56,6.890000000000001,9.57,9.32
2007-10-12 22:00:00,9.99,17.92,11.36,13.03,7.21,10.75,9.64
2007-10-12 23:00:00,10.39,17.86,12.11,13.52,8.1,10.42,10.91
2007-10-13 00:00:00,11.5,13.49,13.0,13.68,9.4,11.65,9.88
2007-10-13 01:00:00,12.37,6.26,12.28,12.77,10.87,12.77,10.93
2007-10-13 02:00:00,13.81,5.36,10.33,12.66,14.1,13.59,10.01
2007-10-13 03:00:00,14.44,5.33,10.03,13.67,13.46,13.21,9.58
2007-10-13 04:00:00,14.18,5.93,9.21,12.8,13.45,13.46,10.1
2007-10-13 05:00:00,16.12,5.25,5.76,13.08,13.64,15.65,7.84
2007-10-13 06:00:00,16.12,5.22,6.37,9.52,14.23,14.87,7.390000000000001
2007-10-13 07:00:00,17.2,6.92,5.29,9.85,13.64,13.37,5.83
2007-10-13 08:00:00,16.81,8.290000000000001,7.32,10.96,11.89,11.18,5.29
2007-10-13 09:00:00,14.37,7.52,7.79,11.61,11.09,9.15,7.04
2007-10-13 10:00:00,8.8,5.64,10.45,5.66,10.84,6.99,6.88
2007-10-13 11:00:00,6.640000000000001,8.41,10.74,6.92,11.26,7.51,10.42
2007-10-13 12:00:00,10.58,11.7,8.61,7.46,10.17,8.290000000000001,5.25
2007-10-13 13:00:00,10.94,11.98,7.47,6.890000000000001,9.35,9.35,7.25
2007-10-13 14:00:00,15.61,13.17,4.72,5.01,9.16,5.65,2.25
2007-10-13 15:00:00,18.14,10.46,4.62,5.25,5.99,6.99,2.18
2007-10-13 16:00:00,14.28,8.94,3.3200000000000003,4.22,5.12,6.49,2.33
2007-10-13 17:00:00,11.51,4.07,1.6,3.45,6.46,5.91,1.56
2007-10-13 18:00:00,8.97,2.48,1.43,3.7,6.86,5.5200000000000005,0.88
2007-10-13 19:00:00,5.19,2.14,1.17,4.34,6.6000000000000005,4.1,0.65
2007-10-13 20:00:00,0.43,2.12,1.16,4.28,6.29,3.94,0.88
2007-10-13 21:00:00,7.86,1.07,0.86,3.89,6.19,4.0,1.05
2007-10-13 22:00:00,7.3,0.74,0.9,3.37,6.01,4.18,1.54
2007-10-13 23:00:00,1.45,1.36,1.18,3.23,5.33,3.99,2.45
2007-10-14 00:00:00,1.75,5.99,6.79,2.5500000000000003,4.78,4.12,1.44
2007-10-14 01:00:00,3.69,8.84,6.99,1.66,5.08,4.61,6.54
2007-10-14 02:00:00,1.57,10.56,5.57,2.99,5.3100000000000005,3.35,4.5600000000000005
2007-10-14 03:00:00,0.6900000000000001,10.69,6.25,4.55,5.68,3.16,1.85
2007-10-14 04:00:00,2.09,11.15,4.92,4.0,6.66,5.44,3.06
2007-10-14 05:00:00,2.43,8.950000000000001,4.03,4.93,7.56,5.8,0.92
2007-10-14 06:00:00,3.13,6.96,2.19,5.0200000000000005,7.77,5.04,0.41
2007-10-14 07:00:00,3.18,4.48,1.41,4.65,7.58,5.08,1.27
2007-10-14 08:00:00,3.6,1.83,1.19,5.6000000000000005,7.11,4.68,1.93
2007-10-14 09:00:00,3.49,0.47,1.01,4.6000000000000005,6.57,4.64,0.26
2007-10-14 10:00:00,3.26,0.77,1.27,7.26,7.0,4.64,4.38
2007-10-14 11:00:00,3.0,0.53,1.93,8.59,7.87,4.08,2.97
2007-10-14 12:00:00,2.78,1.96,1.43,10.46,8.17,2.96,1.79
2007-10-14 13:00:00,3.02,5.26,2.34,11.67,7.21,1.86,3.62
2007-10-14 14:00:00,2.73,3.71,2.37,10.74,7.04,0.79,2.27
2007-10-14 15:00:00,2.51,1.03,2.76,9.55,6.51,0.74,4.57
2007-10-14 16:00:00,2.46,1.98,2.54,7.92,6.0,0.48,2.12
2007-10-14 17:00:00,3.19,1.97,1.32,7.85,5.98,0.31,0.89
2007-10-14 18:00:00,3.44,1.46,1.0,6.99,4.61,0.63,1.91
2007-10-14 19:00:00,3.54,1.77,1.76,5.18,4.2,2.38,1.46
2007-10-14 20:00:00,3.86,1.37,1.73,3.36,4.83,3.18,1.04
2007-10-14 21:00:00,3.5500000000000003,1.74,1.25,3.03,4.36,2.26,1.13
2007-10-14 22:00:00,3.58,2.12,0.63,2.8000000000000003,4.64,1.09,1.28
2007-10-14 23:00:00,3.38,1.47,0.68,1.8,5.23,1.3,0.98
2007-10-15 00:00:00,2.72,1.43,0.62,0.47,4.69,1.7,1.52
2007-10-15 01:00:00,1.7,1.75,0.86,0.74,5.37,0.77,2.01
2007-10-15 02:00:00,0.4,3.01,5.28,1.25,5.21,3.7,4.76
2007-10-15 03:00:00,1.23,3.36,6.3500000000000005,1.58,3.6,2.52,4.64
2007-10-15 04:00:00,2.37,3.63,4.82,2.93,4.3,1.72,1.54
2007-10-15 05:00:00,1.03,1.32,2.76,1.95,4.5200000000000005,1.61,0.65
2007-10-15 06:00:00,0.34,1.17,3.48,1.39,4.5,2.39,2.95
2007-10-15 07:00:00,0.86,2.17,2.29,1.46,5.73,2.51,2.42
2007-10-15 08:00:00,1.38,1.93,1.4,1.93,5.34,2.44,2.41
2007-10-15 09:00:00,1.68,2.28,1.58,1.62,4.53,2.42,2.54
2007-10-15 10:00:00,2.27,1.44,1.68,1.45,4.64,1.94,1.75
2007-10-15 11:00:00,3.75,0.32,0.73,1.75,4.2700000000000005,0.87,1.08
2007-10-15 12:00:00,4.3100000000000005,0.55,1.01,1.92,3.77,0.72,0.61
2007-10-15 13:00:00,4.2700000000000005,0.81,1.78,2.0,3.18,1.09,0.89
2007-10-15 14:00:00,4.79,0.7000000000000001,2.59,2.22,2.63,1.36,1.48
2007-10-15 15:00:00,4.86,1.09,1.95,2.4,1.27,2.38,2.5
2007-10-15 16:00:00,4.04,0.89,2.53,1.86,0.7000000000000001,2.48,2.77
2007-10-15 17:00:00,3.98,0.96,1.57,2.17,1.53,3.83,4.44
2007-10-15 18:00:00,4.37,1.85,4.28,2.71,2.98,4.73,5.16
2007-10-15 19:00:00,4.26,6.0600000000000005,7.79,4.25,3.75,6.26,8.08
2007-10-15 20:00:00,4.96,7.95,9.33,5.94,4.33,7.23,8.47
2007-10-15 21:00:00,4.0,8.14,10.07,5.96,4.73,9.02,8.66
2007-10-15 22:00:00,4.79,5.8500000000000005,10.48,7.76,4.59,10.18,8.74
2007-10-15 23:00:00,8.25,10.56,10.7,9.12,4.41,10.91,9.94
2007-10-16 00:00:00,8.66,12.07,9.94,10.45,4.25,9.51,8.07
2007-10-16 01:00:00,11.79,15.01,9.33,11.22,4.72,8.790000000000001,7.24
2007-10-16 02:00:00,12.41,17.11,11.42,10.85,5.0,10.56,4.97
2007-10-16 03:00:00,13.41,18.12,11.59,10.81,4.42,12.23,7.57
2007-10-16 04:00:00,13.88,18.76,9.37,10.72,3.82,8.120000000000001,5.66
2007-10-16 05:00:00,14.37,19.22,10.39,11.67,5.11,12.22,4.07
2007-10-16 06:00:00,14.78,19.25,12.22,11.33,6.18,10.27,7.91
2007-10-16 07:00:00,15.11,19.98,12.02,10.5,7.33,11.11,8.45
2007-10-16 08:00:00,15.31,20.75,13.39,5.76,7.52,11.14,10.36
2007-10-16 09:00:00,15.65,19.96,13.49,4.39,9.04,12.8,10.38
2007-10-16 10:00:00,15.35,18.63,13.49,5.4,9.2,12.09,10.93
2007-10-16 11:00:00,15.34,15.52,13.54,6.73,7.96,11.45,8.85
2007-10-16 12:00:00,15.2,17.81,12.24,9.84,7.640000000000001,11.41,10.53
2007-10-16 13:00:00,15.49,18.55,11.89,4.97,7.68,9.73,10.27
2007-10-16 14:00:00,17.6,12.23,14.76,6.88,8.6,10.64,10.65
2007-10-16 15:00:00,17.0,11.35,13.73,9.5,8.03,9.99,8.72
2007-10-16 16:00:00,16.98,22.4,11.21,8.86,7.61,11.38,11.01
2007-10-16 17:00:00,16.88,25.38,10.71,10.55,8.82,12.28,7.47
2007-10-16 18:00:00,16.84,25.46,12.27,10.14,7.31,14.78,6.48
2007-10-16 19:00:00,17.55,23.59,12.62,7.84,7.63,15.45,5.51
2007-10-16 20:00:00,17.6,21.9,13.31,7.5,6.53,15.6,7.07
2007-10-16 21:00:00,17.73,21.46,13.84,7.68,6.95,14.3,6.5
2007-10-16 22:00:00,17.56,21.5,14.81,12.65,7.15,15.11,5.4
2007-10-16 23:00:00,17.84,22.32,15.48,13.48,7.03,11.42,3.92
2007-10-17 00:00:00,18.27,24.14,14.89,15.82,6.78,10.91,4.98
2007-10-17 01:00:00,18.96,23.45,13.1,15.79,6.87,11.36,8.22
2007-10-17 02:00:00,19.9,21.72,11.28,17.36,7.94,13.4,10.57
2007-10-17 03:00:00,20.44,14.33,10.57,18.34,7.66,13.42,8.790000000000001
2007-10-17 04:00:00,20.87,7.77,11.04,20.0,9.35,13.64,5.89
2007-10-17 05:00:00,21.7,3.63,12.56,16.38,11.06,13.72,9.64
2007-10-17 06:00:00,22.37,5.62,12.87,5.09,9.86,14.39,10.39
2007-10-17 07:00:00,23.38,5.91,13.07,7.87,7.73,12.45,10.53
2007-10-17 08:00:00,24.37,6.38,12.02,5.08,14.4,11.08,10.98
2007-10-17 09:00:00,24.82,5.96,10.21,7.69,8.620000000000001,12.84,10.66
2007-10-17 10:00:00,26.02,4.3,10.01,14.33,14.85,14.06,10.87
2007-10-17 11:00:00,26.61,6.18,11.33,17.02,6.32,15.17,13.68
2007-10-17 12:00:00,27.22,3.59,12.07,15.96,7.25,13.61,11.77
2007-10-17 13:00:00,27.09,0.8300000000000001,12.82,11.62,9.2,12.88,11.09
2007-10-17 14:00:00,26.8,1.61,12.45,7.44,8.32,12.05,12.72
2007-10-17 15:00:00,27.16,1.84,11.54,9.34,11.08,11.04,13.4
2007-10-17 16:00:00,25.72,6.0200000000000005,13.31,10.67,11.08,12.99,14.19
2007-10-17 17:00:00,25.16,7.25,14.44,12.38,10.17,14.45,12.13
2007-10-17 18:00:00,23.74,7.95,13.55,9.97,9.55,16.47,13.23
2007-10-17 19:00:00,22.1,11.23,12.76,11.5,8.290000000000001,18.52,12.61
2007-10-17 20:00:00,21.02,10.75,13.01,11.42,8.040000000000001,18.09,11.98
2007-10-17 21:00:00,20.03,11.57,13.56,11.47,7.56,18.2,9.1
2007-10-17 22:00:00,19.28,13.87,13.43,13.16,6.75,16.84,9.15
2007-10-17 23:00:00,18.66,16.42,15.17,11.1,6.49,16.35,9.49
2007-10-18 00:00:00,17.490000000000002,21.1,15.89,11.33,6.51,14.09,9.5
2007-10-18 01:00:00,15.84,23.01,15.66,8.28,5.75,10.33,7.71
2007-10-18 02:00:00,13.57,24.8,13.48,0.99,5.75,11.11,8.2
2007-10-18 03:00:00,14.0,24.76,9.52,0.87,6.79,10.88,9.52
2007-10-18 04:00:00,13.04,22.01,10.71,1.17,7.94,11.24,7.94
2007-10-18 05:00:00,11.45,20.4,13.43,4.53,9.01,12.34,6.86
2007-10-18 06:00:00,11.39,19.25,12.36,5.57,12.91,9.14,7.29
2007-10-18 07:00:00,11.8,17.48,4.26,5.07,12.41,7.53,5.48
2007-10-18 08:00:00,10.49,16.04,9.52,3.34,9.72,9.6,2.51
2007-10-18 09:00:00,11.22,13.39,7.04,2.77,7.51,7.96,6.79
2007-10-18 10:00:00,11.96,6.74,5.22,3.73,6.3,8.18,8.700000000000001
2007-10-18 11:00:00,10.08,10.57,8.45,4.08,6.21,7.05,4.24
2007-10-18 12:00:00,5.49,9.23,7.48,4.51,6.44,5.9,3.92
2007-10-18 13:00:00,2.82,5.25,3.68,4.94,7.53,3.8,1.35
2007-10-18 14:00:00,3.23,6.23,1.87,5.54,8.53,2.93,4.62
2007-10-18 15:00:00,4.11,4.66,1.66,3.23,6.88,1.23,9.66
2007-10-18 16:00:00,5.18,1.29,2.42,2.5,7.0200000000000005,0.81,12.11
2007-10-18 17:00:00,5.12,1.69,4.01,1.64,6.99,0.99,9.52
2007-10-18 18:00:00,4.48,1.34,6.08,0.91,6.8100000000000005,5.09,6.33
2007-10-18 19:00:00,5.61,1.95,4.3100000000000005,1.16,7.79,4.88,4.7700000000000005
2007-10-18 20:00:00,4.62,1.65,3.92,1.54,8.59,4.61,5.64
2007-10-18 21:00:00,4.88,0.97,3.63,2.08,8.58,4.61,7.22
2007-10-18 22:00:00,4.96,1.72,2.94,2.6,9.88,4.55,5.33
2007-10-18 23:00:00,3.99,2.26,2.5500000000000003,2.2,10.52,4.5,5.13
2007-10-19 00:00:00,3.31,2.19,3.7,1.65,10.67,4.24,2.07
2007-10-19 01:00:00,3.85,6.16,6.7,1.56,10.84,5.04,4.49
2007-10-19 02:00:00,3.22,6.82,3.28,1.44,11.44,4.54,3.51
2007-10-19 03:00:00,2.85,4.33,4.64,0.75,12.47,4.88,10.86
2007-10-19 04:00:00,2.86,4.53,6.88,0.97,11.12,4.75,13.35
2007-10-19 05:00:00,2.23,5.51,5.29,1.06,9.4,4.93,9.71
2007-10-19 06:00:00,1.71,2.84,4.08,1.22,9.62,4.62,5.01
2007-10-19 07:00:00,1.46,2.3000000000000003,2.18,1.17,5.93,3.63,3.58
2007-10-19 08:00:00,1.56,2.75,1.32,0.93,4.83,1.34,2.47
2007-10-19 09:00:00,1.51,1.86,0.8,1.01,6.05,0.66,2.31
2007-10-19 10:00:00,1.7,2.37,0.97,1.3,5.39,0.35,1.68
2007-10-19 11:00:00,1.32,2.59,1.97,1.14,3.94,0.6900000000000001,1.8
2007-10-19 12:00:00,1.27,1.37,2.48,0.8200000000000001,3.18,1.32,3.58
2007-10-19 13:00:00,1.69,2.43,3.16,0.98,3.9,1.57,2.29
2007-10-19 14:00:00,1.36,3.16,2.83,1.47,2.65,2.44,2.66
2007-10-19 15:00:00,1.42,3.64,1.89,1.96,2.37,3.8,1.33
2007-10-19 16:00:00,1.07,2.98,2.01,2.0,1.84,3.23,2.47
2007-10-19 17:00:00,1.38,2.95,1.4,1.95,1.53,3.76,1.15
2007-10-19 18:00:00,1.55,2.24,1.54,2.28,2.14,4.3500000000000005,1.72
2007-10-19 19:00:00,1.93,3.27,1.56,2.98,2.62,5.1000000000000005,2.46
2007-10-19 20:00:00,2.08,2.54,0.98,3.71,2.4,5.95,1.53
2007-10-19 21:00:00,2.35,3.94,1.38,4.8500000000000005,2.16,5.6000000000000005,1.38
2007-10-19 22:00:00,2.5,10.83,0.87,5.51,2.22,6.04,1.43
2007-10-19 23:00:00,2.1,12.41,6.62,5.19,2.33,6.76,3.01
2007-10-20 00:00:00,0.92,15.2,8.45,4.55,2.32,6.38,4.86
2007-10-20 01:00:00,1.16,16.82,10.45,2.79,1.57,6.11,4.11
2007-10-20 02:00:00,1.71,18.02,8.47,5.73,1.18,4.88,6.73
2007-10-20 03:00:00,2.56,15.66,6.5200000000000005,11.13,0.35,8.120000000000001,8.28
2007-10-20 04:00:00,2.94,4.43,4.69,11.87,0.54,7.390000000000001,9.2
2007-10-20 05:00:00,4.51,3.5500000000000003,5.2,11.9,1.25,6.34,10.22
2007-10-20 06:00:00,4.46,4.72,6.21,11.7,1.43,6.1000000000000005,9.82
2007-10-20 07:00:00,5.3,4.54,6.99,13.69,1.83,7.03,9.64
2007-10-20 08:00:00,7.35,3.2,7.04,10.93,1.76,7.29,9.38
2007-10-20 09:00:00,7.84,8.31,8.76,9.6,2.61,8.63,8.120000000000001
2007-10-20 10:00:00,8.99,12.77,10.53,6.44,4.21,9.84,9.83
2007-10-20 11:00:00,10.43,21.87,12.97,7.52,5.03,10.14,9.47
2007-10-20 12:00:00,10.84,18.88,8.22,6.49,6.04,12.88,7.86
2007-10-20 13:00:00,10.53,17.09,6.51,8.02,7.32,12.12,6.59
2007-10-20 14:00:00,11.13,12.11,10.45,10.3,7.1000000000000005,10.81,6.21
2007-10-20 15:00:00,12.47,13.29,13.98,8.25,7.75,10.5,13.16
2007-10-20 16:00:00,13.04,8.290000000000001,13.47,6.12,6.18,13.53,10.07
2007-10-20 17:00:00,12.67,5.36,12.76,7.07,4.5600000000000005,14.34,11.86
2007-10-20 18:00:00,13.65,15.83,11.17,8.38,5.82,15.39,11.78
2007-10-20 19:00:00,13.2,20.46,10.51,13.35,6.78,16.14,10.36
2007-10-20 20:00:00,12.74,19.7,7.390000000000001,11.4,5.58,16.82,6.49
2007-10-20 21:00:00,12.78,19.79,8.59,14.06,5.65,16.22,7.29
2007-10-20 22:00:00,12.69,20.27,10.87,8.97,7.69,17.81,7.22
2007-10-20 23:00:00,12.98,20.83,13.39,6.88,9.94,18.31,8.92
2007-10-21 00:00:00,14.72,21.67,17.79,9.44,9.75,15.81,6.24
2007-10-21 01:00:00,12.91,24.24,18.37,9.79,12.7,9.06,15.74
2007-10-21 02:00:00,9.37,26.65,12.59,8.870000000000001,14.04,12.78,14.27
2007-10-21 03:00:00,11.76,22.87,4.54,19.51,12.73,11.56,22.06
2007-10-21 04:00:00,11.81,20.55,4.51,19.44,11.8,8.93,17.16
2007-10-21 05:00:00,12.33,17.86,1.44,19.2,16.62,6.9,17.490000000000002
2007-10-21 06:00:00,7.56,15.59,2.39,19.34,17.47,6.3100000000000005,13.52
2007-10-21 07:00:00,3.74,10.31,4.48,21.88,15.19,3.0700000000000003,14.23
2007-10-21 08:00:00,2.53,3.06,8.78,23.08,14.64,6.97,13.68
2007-10-21 09:00:00,7.85,5.05,5.29,21.64,13.43,11.11,11.03
2007-10-21 10:00:00,5.15,1.18,9.97,23.22,13.25,14.47,7.61
2007-10-21 11:00:00,5.55,8.78,10.21,23.89,14.53,15.39,8.42
2007-10-21 12:00:00,8.97,4.25,8.11,23.9,17.740000000000002,12.13,7.36
2007-10-21 13:00:00,10.64,10.19,8.25,24.18,17.05,11.96,8.63
2007-10-21 14:00:00,10.88,8.5,7.88,24.14,16.77,11.22,7.19
2007-10-21 15:00:00,10.86,5.66,8.26,22.39,17.07,11.47,6.58
2007-10-21 16:00:00,10.82,6.390000000000001,9.37,21.79,13.66,11.23,6.67
2007-10-21 17:00:00,10.33,5.88,10.2,22.21,13.67,12.15,11.24
2007-10-21 18:00:00,11.67,5.91,11.65,20.87,15.29,12.39,11.61
2007-10-21 19:00:00,13.2,7.95,13.06,21.48,14.44,12.82,11.48
2007-10-21 20:00:00,10.37,9.87,13.57,20.97,15.17,13.09,10.97
2007-10-21 21:00:00,13.5,9.07,15.3,20.75,15.05,13.01,12.48
2007-10-21 22:00:00,13.01,7.71,14.73,18.81,15.09,13.14,13.97
2007-10-21 23:00:00,14.77,8.01,13.33,17.76,15.21,13.09,14.78
2007-10-22 00:00:00,14.71,8.15,12.97,16.79,14.11,13.3,13.17
2007-10-22 01:00:00,16.06,10.04,10.82,17.8,14.83,12.89,11.89
2007-10-22 02:00:00,13.11,4.62,11.29,18.74,16.05,13.54,11.56
2007-10-22 03:00:00,11.94,4.28,11.21,21.07,15.19,14.47,7.05
2007-10-22 04:00:00,14.14,5.42,11.24,17.75,13.79,12.83,9.46
2007-10-22 05:00:00,14.76,7.23,12.13,14.61,9.68,15.64,9.19
2007-10-22 06:00:00,14.04,2.28,11.47,10.01,7.640000000000001,12.49,7.88
2007-10-22 07:00:00,13.65,1.89,8.81,17.22,6.43,14.64,8.49
2007-10-22 08:00:00,13.31,8.69,7.79,18.59,7.82,15.48,8.78
2007-10-22 09:00:00,13.55,6.2700000000000005,8.33,21.34,8.99,15.55,8.74
2007-10-22 10:00:00,14.0,5.37,7.6,22.89,7.76,15.03,8.58
2007-10-22 11:00:00,13.56,4.24,7.4,22.3,7.930000000000001,15.71,8.11
2007-10-22 12:00:00,14.75,3.5700000000000003,8.26,23.03,7.07,15.55,9.45
2007-10-22 13:00:00,15.48,0.43,10.18,17.76,5.86,14.55,9.3
2007-10-22 14:00:00,13.32,1.57,9.85,17.43,5.05,15.57,11.6
2007-10-22 15:00:00,13.56,2.29,5.3,16.88,6.15,15.44,10.77
2007-10-22 16:00:00,11.9,0.6900000000000001,8.88,15.03,6.08,15.54,8.39
2007-10-22 17:00:00,10.68,1.07,11.12,15.82,5.87,14.55,8.15
2007-10-22 18:00:00,11.94,2.23,12.29,15.93,5.87,15.13,9.41
2007-10-22 19:00:00,12.11,7.07,11.6,16.69,5.42,15.07,11.78
2007-10-22 20:00:00,12.35,9.41,11.15,14.09,5.26,15.46,12.39
2007-10-22 21:00:00,12.54,7.24,11.25,12.75,6.07,16.02,11.99
2007-10-22 22:00:00,12.52,7.63,11.74,12.14,5.63,15.81,11.51
2007-10-22 23:00:00,11.49,8.32,11.95,11.36,5.49,14.89,12.33
2007-10-23 00:00:00,10.19,6.82,11.62,11.15,7.22,14.44,11.86
2007-10-23 01:00:00,9.15,4.91,11.69,13.83,9.01,14.34,11.44
2007-10-23 02:00:00,9.63,4.04,12.13,15.05,10.03,14.04,10.13
2007-10-23 03:00:00,9.76,1.65,9.02,15.38,11.7,14.13,8.870000000000001
2007-10-23 04:00:00,9.57,0.93,5.76,15.47,8.68,14.66,8.0
2007-10-23 05:00:00,8.35,0.5700000000000001,7.51,15.7,7.81,14.74,6.72
2007-10-23 06:00:00,9.57,2.49,6.91,16.2,5.53,13.33,6.25
2007-10-23 07:00:00,9.28,0.89,6.65,15.38,3.93,12.31,6.38
2007-10-23 08:00:00,8.97,0.46,7.43,15.49,3.27,12.77,6.63
2007-10-23 09:00:00,8.620000000000001,1.46,7.6,16.61,4.21,13.42,7.48
2007-10-23 10:00:00,8.72,1.97,7.71,17.400000000000002,4.57,14.07,8.82
2007-10-23 11:00:00,9.08,1.17,6.93,17.03,5.67,13.97,8.39
2007-10-23 12:00:00,8.83,2.06,6.97,16.14,2.91,11.28,8.040000000000001
2007-10-23 13:00:00,7.32,2.08,7.54,16.21,4.33,13.15,8.02
2007-10-23 14:00:00,7.12,1.77,7.01,15.9,7.65,12.97,7.78
2007-10-23 15:00:00,6.79,1.49,5.86,15.9,6.86,12.51,7.83
2007-10-23 16:00:00,6.92,1.82,4.47,15.79,4.74,12.39,7.17
2007-10-23 17:00:00,7.42,0.79,3.18,14.58,3.74,10.79,6.55
2007-10-23 18:00:00,7.54,1.07,3.88,13.1,3.92,10.15,6.84
2007-10-23 19:00:00,7.29,1.75,7.92,12.69,3.4,10.06,7.95
2007-10-23 20:00:00,6.87,2.13,8.15,11.82,3.16,10.55,8.69
2007-10-23 21:00:00,6.47,6.18,8.950000000000001,9.94,4.57,10.33,9.2
2007-10-23 22:00:00,6.46,7.45,9.2,9.01,5.3100000000000005,10.45,10.33
2007-10-23 23:00:00,7.0600000000000005,6.72,9.94,9.6,5.65,10.21,9.97
2007-10-24 00:00:00,6.63,5.78,8.74,9.08,5.51,10.08,7.75
2007-10-24 01:00:00,6.36,4.26,9.66,10.12,5.97,10.59,11.17
2007-10-24 02:00:00,6.09,4.55,9.46,10.54,6.95,9.5,7.61
2007-10-24 03:00:00,5.91,0.89,6.5600000000000005,11.91,6.53,9.66,6.3
2007-10-24 04:00:00,5.95,1.99,5.54,12.68,4.15,9.49,5.86
2007-10-24 05:00:00,5.55,1.15,3.5500000000000003,12.03,4.11,8.620000000000001,5.82
2007-10-24 06:00:00,5.91,0.59,2.54,10.85,6.3100000000000005,8.870000000000001,5.2
2007-10-24 07:00:00,5.4,0.73,2.38,10.57,15.3,9.04,4.63
2007-10-24 08:00:00,5.24,1.31,2.68,9.4,9.77,9.49,5.0
2007-10-24 09:00:00,5.08,0.96,2.79,9.4,9.09,10.04,5.98
2007-10-24 10:00:00,5.5,2.61,1.41,8.86,9.15,10.88,5.68
2007-10-24 11:00:00,5.33,3.47,1.15,8.040000000000001,9.58,11.29,5.99
2007-10-24 12:00:00,5.11,4.4,1.1,8.07,10.06,11.17,8.09
2007-10-24 13:00:00,5.34,3.0500000000000003,0.36,7.45,10.65,10.86,8.49
2007-10-24 14:00:00,5.17,1.03,0.94,10.78,12.01,10.17,7.54
2007-10-24 15:00:00,4.89,0.8,0.67,9.68,11.86,8.77,6.11
2007-10-24 16:00:00,5.11,1.05,0.86,7.72,11.06,7.78,4.13
2007-10-24 17:00:00,4.98,1.1,0.51,6.33,10.42,6.78,3.24
2007-10-24 18:00:00,6.1000000000000005,3.02,0.29,5.64,11.41,9.24,4.29
2007-10-24 19:00:00,7.28,2.78,1.53,5.3100000000000005,10.96,10.94,4.3500000000000005
2007-10-24 20:00:00,6.41,2.24,2.91,4.95,10.13,11.32,5.22
2007-10-24 21:00:00,6.49,2.0,3.28,4.98,9.09,10.93,4.43
2007-10-24 22:00:00,6.1000000000000005,1.95,3.67,5.29,7.63,10.49,4.42
2007-10-24 23:00:00,5.43,1.9,3.34,4.9,6.61,10.19,4.49
2007-10-25 00:00:00,4.8100000000000005,2.2,1.84,5.03,5.97,9.63,4.48
2007-10-25 01:00:00,4.78,3.91,4.23,4.8500000000000005,5.63,11.18,5.6000000000000005
2007-10-25 02:00:00,4.25,3.56,6.25,4.5200000000000005,5.7700000000000005,10.53,7.18
2007-10-25 03:00:00,3.73,2.11,3.64,4.0,5.49,9.36,5.38
2007-10-25 04:00:00,3.28,2.6,1.3,3.91,10.43,7.63,5.12
2007-10-25 05:00:00,2.91,1.53,1.44,3.14,9.78,6.98,4.7700000000000005
2007-10-25 06:00:00,2.69,0.64,2.08,2.82,8.94,6.36,4.3500000000000005
2007-10-25 07:00:00,2.51,0.71,0.97,2.97,7.32,6.07,4.61
2007-10-25 08:00:00,2.48,0.67,0.58,2.78,6.36,6.0200000000000005,5.47
2007-10-25 09:00:00,2.49,1.21,0.61,2.79,5.4,5.76,5.04
2007-10-25 10:00:00,2.34,1.08,0.26,2.45,7.0200000000000005,5.11,3.91
2007-10-25 11:00:00,2.46,0.81,0.52,2.6,6.92,3.74,2.71
2007-10-25 12:00:00,2.21,0.5,0.81,2.39,7.36,2.51,2.15
2007-10-25 13:00:00,2.04,0.74,1.12,2.54,8.75,2.94,1.22
2007-10-25 14:00:00,2.02,0.78,0.71,2.43,8.41,3.5500000000000003,0.6
2007-10-25 15:00:00,1.57,0.84,0.56,2.77,7.04,3.84,0.62
2007-10-25 16:00:00,1.21,0.33,0.29,2.86,6.33,3.33,1.26
2007-10-25 17:00:00,1.68,0.5700000000000001,0.31,2.9,4.3100000000000005,3.09,0.67
2007-10-25 18:00:00,1.89,1.11,0.18,2.98,5.22,3.12,1.16
2007-10-25 19:00:00,1.93,1.33,0.43,3.23,5.09,2.87,1.37
2007-10-25 20:00:00,2.29,1.32,0.78,4.48,4.3100000000000005,2.74,1.28
2007-10-25 21:00:00,2.46,1.95,1.21,4.61,3.04,2.2,1.27
2007-10-25 22:00:00,2.36,2.36,0.62,3.81,2.47,1.7,1.16
2007-10-25 23:00:00,2.42,2.87,0.18,4.43,1.75,1.29,1.38
2007-10-26 00:00:00,1.88,3.71,0.48,5.11,1.76,1.47,2.06
2007-10-26 01:00:00,1.51,3.67,1.22,4.71,1.93,2.93,2.96
2007-10-26 02:00:00,2.84,4.3500000000000005,3.24,3.44,2.31,2.5,2.06
2007-10-26 03:00:00,5.86,3.74,3.38,3.0700000000000003,2.19,2.19,1.86
2007-10-26 04:00:00,7.46,4.59,2.35,2.97,2.19,1.85,3.7
2007-10-26 05:00:00,6.84,3.85,1.86,3.65,2.46,0.78,3.15
2007-10-26 06:00:00,7.16,2.41,1.23,3.71,3.04,0.18,3.62
2007-10-26 07:00:00,7.83,1.94,1.58,3.44,3.45,0.95,3.59
2007-10-26 08:00:00,8.94,0.48,1.4,4.46,2.87,0.63,3.84
2007-10-26 09:00:00,9.06,1.04,0.63,4.76,2.96,1.01,2.98
2007-10-26 10:00:00,8.91,1.03,0.28,4.3500000000000005,2.85,0.19,3.39
2007-10-26 11:00:00,8.33,0.79,0.65,3.5700000000000003,1.59,1.31,2.81
2007-10-26 12:00:00,7.35,0.6900000000000001,0.42,3.15,0.81,1.55,2.28
2007-10-26 13:00:00,6.48,0.45,0.75,3.24,0.98,1.96,2.22
2007-10-26 14:00:00,4.41,1.14,1.69,3.3200000000000003,0.76,2.44,2.48
2007-10-26 15:00:00,4.18,1.58,1.62,2.88,0.8200000000000001,2.83,2.19
2007-10-26 16:00:00,3.42,1.2,0.96,2.66,0.78,3.15,2.25
2007-10-26 17:00:00,2.66,1.1,0.89,1.47,1.78,3.04,2.35
2007-10-26 18:00:00,2.97,1.42,0.81,1.61,2.58,3.34,1.87
2007-10-26 19:00:00,3.72,0.95,0.77,2.33,3.49,3.72,1.87
2007-10-26 20:00:00,4.08,1.65,1.46,2.77,3.99,2.12,2.67
2007-10-26 21:00:00,4.14,2.47,1.44,3.16,4.05,0.88,2.73
2007-10-26 22:00:00,4.11,3.01,0.5,2.45,4.5600000000000005,1.2,3.28
2007-10-26 23:00:00,3.3000000000000003,2.91,2.9,4.12,4.44,1.22,6.04
2007-10-27 00:00:00,3.52,2.14,8.05,4.24,4.36,3.78,6.28
2007-10-27 01:00:00,4.44,7.61,7.77,4.6000000000000005,4.21,5.3500000000000005,5.42
2007-10-27 02:00:00,8.290000000000001,8.73,6.890000000000001,5.38,4.07,2.15,6.0600000000000005
2007-10-27 03:00:00,8.76,10.76,6.22,5.86,3.82,1.26,7.36
2007-10-27 04:00:00,10.82,9.66,6.63,3.11,4.19,0.79,7.16
2007-10-27 05:00:00,9.99,3.54,5.8100000000000005,2.74,4.16,0.67,6.37
2007-10-27 06:00:00,10.32,1.03,4.66,1.96,4.41,0.63,7.18
2007-10-27 07:00:00,9.68,2.38,3.39,1.19,4.4,0.32,6.78
2007-10-27 08:00:00,10.04,2.18,1.62,1.6,4.73,0.15,5.76
2007-10-27 09:00:00,9.55,1.64,1.48,1.86,4.0600000000000005,0.26,3.91
2007-10-27 10:00:00,9.25,1.17,0.45,2.2,3.67,0.74,4.04
2007-10-27 11:00:00,9.12,1.95,0.52,3.29,3.6,0.23,4.29
2007-10-27 12:00:00,8.64,2.46,0.74,2.56,3.21,1.22,4.41
2007-10-27 13:00:00,7.96,3.47,1.14,2.98,3.14,2.36,4.54
2007-10-27 14:00:00,6.6000000000000005,3.21,1.03,3.06,3.7,2.27,2.74
2007-10-27 15:00:00,5.96,2.5500000000000003,1.3,2.76,4.22,2.31,2.29
2007-10-27 16:00:00,4.0,2.11,1.1,2.31,3.9,2.54,1.69
2007-10-27 17:00:00,1.21,1.78,0.6,2.84,2.4,1.97,0.18
2007-10-27 18:00:00,2.09,2.53,1.38,4.6000000000000005,2.58,2.35,0.68
2007-10-27 19:00:00,2.97,2.29,1.0,5.48,2.64,1.81,0.52
2007-10-27 20:00:00,3.97,3.95,1.62,5.36,2.66,1.69,1.07
2007-10-27 21:00:00,4.75,2.57,1.3,5.61,2.69,1.92,2.49
2007-10-27 22:00:00,4.76,2.28,0.43,6.03,2.54,1.5,3.13
2007-10-27 23:00:00,4.07,3.86,0.44,5.8,2.06,1.01,4.62
2007-10-28 00:00:00,2.87,4.71,1.71,4.8100000000000005,1.57,5.49,3.78
2007-10-28 01:00:00,1.41,7.72,8.64,5.0200000000000005,0.71,4.9,6.8100000000000005
2007-10-28 02:00:00,1.01,7.24,8.01,3.37,5.83,3.45,5.3
2007-10-28 03:00:00,0.66,7.28,6.8500000000000005,4.09,5.41,2.24,5.6000000000000005
2007-10-28 04:00:00,0.99,6.5600000000000005,6.41,3.54,6.9,1.49,5.69
2007-10-28 05:00:00,1.7,4.37,5.14,3.26,6.51,1.24,5.12
2007-10-28 06:00:00,1.58,3.19,5.32,2.85,5.3,0.12,3.49
2007-10-28 07:00:00,1.35,4.2,3.38,2.59,4.71,1.54,4.55
2007-10-28 08:00:00,1.27,4.63,3.79,2.26,3.98,2.2,6.76
2007-10-28 09:00:00,1.4,5.47,1.5,1.72,3.76,2.2,6.65
2007-10-28 10:00:00,1.66,4.93,1.14,1.87,3.73,1.5,7.49
2007-10-28 11:00:00,1.81,3.91,1.3,2.21,3.83,0.26,7.48
2007-10-28 12:00:00,1.89,2.48,0.26,2.43,3.38,0.15,7.1000000000000005
2007-10-28 13:00:00,1.86,1.58,0.53,2.85,3.94,0.39,3.67
2007-10-28 14:00:00,2.17,1.41,0.61,3.37,3.03,0.53,4.3100000000000005
2007-10-28 15:00:00,1.93,1.98,0.55,3.5700000000000003,3.64,1.17,3.01
2007-10-28 16:00:00,1.86,2.76,0.32,4.51,4.07,2.14,3.08
2007-10-28 17:00:00,2.71,2.58,0.1,5.33,3.83,3.13,2.71
2007-10-28 18:00:00,3.04,2.91,0.19,5.7700000000000005,3.87,4.01,4.16
2007-10-28 19:00:00,3.29,3.06,1.08,5.8500000000000005,3.82,4.5,4.23
2007-10-28 20:00:00,3.12,3.29,2.37,5.63,3.6,4.42,4.6000000000000005
2007-10-28 21:00:00,2.93,3.38,3.06,4.75,3.88,5.08,4.93
2007-10-28 22:00:00,3.0500000000000003,3.62,3.2,4.17,3.6,5.55,4.37
2007-10-28 23:00:00,2.83,3.85,2.73,4.49,3.1,5.68,4.11
2007-10-29 00:00:00,1.74,4.5,1.4,4.88,3.19,6.3,4.57
2007-10-29 01:00:00,1.58,5.43,1.11,4.72,2.42,6.53,5.18
2007-10-29 02:00:00,1.61,5.7,1.32,4.7700000000000005,2.05,8.120000000000001,4.05
2007-10-29 03:00:00,1.83,3.8,0.42,4.53,2.47,3.53,7.0600000000000005
2007-10-29 04:00:00,2.29,3.84,0.8,4.59,2.07,3.75,6.63
2007-10-29 05:00:00,2.99,3.63,2.85,4.33,1.82,2.51,6.4
2007-10-29 06:00:00,3.34,4.25,1.83,4.0,2.15,2.32,6.24
2007-10-29 07:00:00,3.61,4.33,0.54,4.0200000000000005,3.8,2.45,5.91
2007-10-29 08:00:00,2.15,5.12,0.73,4.47,3.78,2.36,5.82
2007-10-29 09:00:00,2.2,6.3100000000000005,1.11,4.03,3.76,1.43,6.0200000000000005
2007-10-29 10:00:00,4.18,5.4,1.15,3.38,4.18,1.5,5.97
2007-10-29 11:00:00,3.85,4.65,1.54,3.03,7.640000000000001,2.39,6.5
2007-10-29 12:00:00,3.81,4.79,1.19,3.0,8.46,2.5500000000000003,5.84
2007-10-29 13:00:00,3.13,4.49,1.14,3.15,10.26,3.26,4.18
2007-10-29 14:00:00,2.94,4.07,1.49,4.54,11.46,2.83,4.49
2007-10-29 15:00:00,2.5500000000000003,4.8100000000000005,1.9,4.79,12.25,3.02,3.83
2007-10-29 16:00:00,2.85,2.35,1.8,5.53,7.68,4.91,2.04
2007-10-29 17:00:00,2.88,1.77,1.54,5.71,7.3,4.03,1.73
2007-10-29 18:00:00,3.99,1.52,1.2,5.92,7.52,2.1,0.99
2007-10-29 19:00:00,4.39,1.74,1.03,6.15,7.1000000000000005,0.87,1.59
2007-10-29 20:00:00,6.6000000000000005,2.47,0.56,6.1000000000000005,6.5,2.1,3.75
2007-10-29 21:00:00,7.77,5.21,8.24,6.03,6.09,9.59,7.1000000000000005
2007-10-29 22:00:00,8.67,6.63,11.36,6.63,6.0,9.29,8.22
2007-10-29 23:00:00,10.39,9.02,10.54,8.47,5.74,9.11,8.31
2007-10-30 00:00:00,10.72,9.76,10.34,11.34,5.84,7.66,8.32
2007-10-30 01:00:00,12.84,7.55,8.22,8.88,5.57,7.11,7.58
2007-10-30 02:00:00,13.81,13.78,3.95,8.6,4.89,7.8,8.49
2007-10-30 03:00:00,14.52,16.32,10.3,10.3,5.33,8.35,5.44
2007-10-30 04:00:00,14.5,12.77,9.98,11.47,6.2700000000000005,8.33,4.24
2007-10-30 05:00:00,14.13,12.47,8.870000000000001,10.46,7.24,7.92,5.78
2007-10-30 06:00:00,13.99,1.85,6.83,9.91,8.17,8.22,2.29
2007-10-30 07:00:00,14.11,2.5500000000000003,7.56,9.74,8.39,6.92,2.64
2007-10-30 08:00:00,13.4,3.08,6.74,7.57,9.32,6.42,3.76
2007-10-30 09:00:00,12.58,5.59,8.17,6.82,9.72,7.03,1.41
2007-10-30 10:00:00,11.51,11.13,6.87,5.79,10.35,7.48,1.93
2007-10-30 11:00:00,11.46,13.32,5.48,8.26,11.46,8.43,0.26
2007-10-30 12:00:00,12.53,12.34,6.390000000000001,10.03,11.08,7.890000000000001,2.52
2007-10-30 13:00:00,16.97,14.89,5.12,8.49,10.19,5.98,1.89
2007-10-30 14:00:00,20.96,16.01,4.5600000000000005,3.62,10.21,6.84,2.86
2007-10-30 15:00:00,18.96,15.08,9.52,4.28,9.26,7.35,3.59
2007-10-30 16:00:00,14.38,12.6,6.13,4.61,7.41,7.95,1.86
2007-10-30 17:00:00,10.27,11.08,4.17,1.43,6.05,8.89,0.98
2007-10-30 18:00:00,7.28,10.66,4.09,2.77,4.55,9.23,1.61
2007-10-30 19:00:00,3.0700000000000003,9.24,4.5200000000000005,3.6,3.68,7.67,1.06
2007-10-30 20:00:00,2.04,9.75,4.32,3.53,4.28,6.8500000000000005,0.75
2007-10-30 21:00:00,3.73,9.74,4.07,3.23,4.55,6.5,3.33
2007-10-30 22:00:00,2.74,8.83,3.49,3.83,4.79,5.49,5.58
2007-10-30 23:00:00,1.76,9.49,4.74,3.75,5.09,5.16,4.49
2007-10-31 00:00:00,0.88,8.34,6.22,3.25,5.14,5.21,1.48
2007-10-31 01:00:00,0.98,13.0,7.15,3.0500000000000003,5.09,5.24,1.73
2007-10-31 02:00:00,1.67,11.55,5.76,4.0200000000000005,5.26,4.46,2.11
2007-10-31 03:00:00,0.72,11.23,6.65,4.12,5.44,4.12,0.53
2007-10-31 04:00:00,1.51,9.07,5.09,2.74,5.72,6.37,0.62
2007-10-31 05:00:00,1.58,8.36,5.84,5.18,6.97,4.89,1.97
2007-10-31 06:00:00,2.93,6.04,4.21,5.24,6.73,3.6,0.85
2007-10-31 07:00:00,2.62,4.22,2.6,6.0600000000000005,6.86,3.2,1.65
2007-10-31 08:00:00,2.61,2.8000000000000003,3.15,7.01,7.84,2.88,1.36
2007-10-31 09:00:00,2.0,2.83,2.03,9.06,7.28,2.54,3.13
2007-10-31 10:00:00,2.64,1.38,3.61,10.69,6.140000000000001,0.88,4.64
2007-10-31 11:00:00,2.79,1.79,3.41,11.12,5.53,0.91,4.39
2007-10-31 12:00:00,3.26,1.72,2.93,10.99,4.12,0.52,4.78
2007-10-31 13:00:00,3.27,1.64,3.09,11.18,3.35,0.34,4.9
2007-10-31 14:00:00,3.35,2.28,1.73,11.59,3.18,0.36,5.29
2007-10-31 15:00:00,3.4,2.49,0.95,13.11,3.28,0.35,4.87
2007-10-31 16:00:00,3.19,2.71,0.36,12.6,3.14,1.44,4.21
2007-10-31 17:00:00,3.83,1.58,0.61,11.52,3.56,2.07,4.63
2007-10-31 18:00:00,4.3,3.27,0.77,10.6,3.62,3.95,5.21
2007-10-31 19:00:00,4.57,4.38,2.35,8.74,3.8,5.13,5.43
2007-10-31 20:00:00,4.57,3.98,4.19,6.69,3.17,4.97,5.12
2007-10-31 21:00:00,4.32,4.19,4.21,5.96,2.95,6.11,4.58
2007-10-31 22:00:00,3.99,3.53,2.67,5.28,2.64,6.32,4.36
2007-10-31 23:00:00,3.61,2.87,3.78,5.42,2.33,5.84,3.25
2007-11-01 00:00:00,2.65,4.34,3.69,5.98,2.19,6.18,3.5500000000000003
2007-11-01 01:00:00,2.21,4.7700000000000005,3.6,5.88,2.26,6.75,3.44
2007-11-01 02:00:00,2.89,3.5,3.0700000000000003,4.24,3.03,5.07,3.91
2007-11-01 03:00:00,2.63,3.92,1.75,3.56,3.13,5.99,7.63
2007-11-01 04:00:00,2.32,4.67,2.11,3.72,3.53,5.17,7.97
2007-11-01 05:00:00,1.86,3.14,1.53,4.01,4.19,4.38,6.08
2007-11-01 06:00:00,1.59,2.99,2.43,4.12,4.11,4.43,4.49
2007-11-01 07:00:00,1.64,3.67,1.51,4.3,4.48,3.83,4.24
2007-11-01 08:00:00,1.93,4.0600000000000005,1.3,4.03,4.32,3.6,4.8500000000000005
2007-11-01 09:00:00,1.82,3.42,1.16,3.31,4.14,3.79,4.8
2007-11-01 10:00:00,1.36,2.74,1.08,2.72,3.89,3.28,5.09
2007-11-01 11:00:00,1.43,3.1,1.65,2.5,3.76,3.06,3.7
2007-11-01 12:00:00,1.43,2.79,1.44,1.94,3.43,1.94,3.54
2007-11-01 13:00:00,1.52,1.96,1.73,2.44,3.39,0.98,2.99
2007-11-01 14:00:00,1.38,1.47,1.85,3.28,3.2,0.2,2.97
2007-11-01 15:00:00,1.66,0.95,1.42,2.74,2.31,0.51,2.85
2007-11-01 16:00:00,1.61,0.43,1.89,2.8000000000000003,1.69,0.31,3.1
2007-11-01 17:00:00,2.29,0.75,1.08,3.64,1.76,0.63,1.73
2007-11-01 18:00:00,2.73,1.05,0.61,3.49,2.73,0.78,2.91
2007-11-01 19:00:00,2.97,1.28,1.18,3.5500000000000003,2.85,0.91,2.82
2007-11-01 20:00:00,3.3200000000000003,1.53,1.37,3.45,3.21,1.33,2.53
2007-11-01 21:00:00,3.33,1.44,1.55,3.18,3.3000000000000003,1.28,1.76
2007-11-01 22:00:00,3.0500000000000003,1.34,1.97,3.58,3.79,1.11,1.69
2007-11-01 23:00:00,2.96,1.32,1.82,3.79,4.17,0.88,1.71
2007-11-02 00:00:00,2.13,1.56,1.69,3.72,4.71,2.12,1.92
2007-11-02 01:00:00,1.52,2.42,2.73,3.79,5.07,6.17,5.42
2007-11-02 02:00:00,1.31,6.140000000000001,2.48,4.14,4.84,5.24,6.73
2007-11-02 03:00:00,2.26,5.23,4.88,5.3,5.9,2.45,6.38
2007-11-02 04:00:00,2.11,4.29,3.68,5.89,6.78,3.61,7.4
2007-11-02 05:00:00,2.26,4.99,3.78,6.2700000000000005,7.63,3.43,9.29
2007-11-02 06:00:00,1.96,7.36,4.3100000000000005,7.03,8.1,2.96,8.94
2007-11-02 07:00:00,1.97,4.17,3.52,8.040000000000001,8.58,2.46,9.99
2007-11-02 08:00:00,1.99,4.66,2.57,8.81,7.99,3.1,8.3
2007-11-02 09:00:00,2.19,5.43,3.22,9.83,7.33,2.84,7.99
2007-11-02 10:00:00,2.28,5.19,2.98,10.93,6.65,2.81,5.23
2007-11-02 11:00:00,2.85,5.07,2.5,12.96,5.3100000000000005,2.84,4.0600000000000005
2007-11-02 12:00:00,3.13,5.97,2.1,12.35,7.35,3.22,4.58
2007-11-02 13:00:00,3.62,6.55,2.19,12.56,6.97,3.24,5.11
2007-11-02 14:00:00,3.88,5.37,2.76,13.17,8.09,3.34,5.64
2007-11-02 15:00:00,4.19,5.01,3.49,14.55,7.46,3.42,5.42
2007-11-02 16:00:00,4.23,4.0200000000000005,4.19,15.62,6.23,3.95,7.83
2007-11-02 17:00:00,4.1,7.95,3.52,15.2,5.43,3.0700000000000003,6.8
2007-11-02 18:00:00,4.51,6.15,2.5500000000000003,15.01,4.74,4.82,8.370000000000001
2007-11-02 19:00:00,4.73,6.5600000000000005,4.2,14.97,4.28,4.7,7.95
2007-11-02 20:00:00,4.5600000000000005,7.43,5.16,15.31,3.92,5.82,6.88
2007-11-02 21:00:00,5.21,6.96,8.6,14.71,3.2,6.94,7.67
2007-11-02 22:00:00,4.89,6.88,8.63,13.84,3.0500000000000003,7.43,7.92
2007-11-02 23:00:00,4.33,7.25,8.1,12.6,3.39,7.07,7.88
2007-11-03 00:00:00,2.96,8.120000000000001,8.34,12.68,4.15,7.63,8.040000000000001
2007-11-03 01:00:00,3.7,7.86,10.82,14.52,5.47,8.13,9.67
2007-11-03 02:00:00,4.36,7.85,10.54,12.89,5.43,8.120000000000001,8.02
2007-11-03 03:00:00,4.01,6.78,10.05,12.89,5.57,6.8500000000000005,6.08
2007-11-03 04:00:00,5.19,6.0,2.73,12.82,4.59,3.59,9.2
2007-11-03 05:00:00,4.0,5.48,2.78,14.74,4.37,3.66,9.85
2007-11-03 06:00:00,3.45,5.51,4.22,14.93,4.51,3.95,10.97
2007-11-03 07:00:00,4.78,5.43,4.36,15.03,4.45,4.12,9.75
2007-11-03 08:00:00,5.03,5.62,3.58,15.23,4.66,2.95,7.55
2007-11-03 09:00:00,5.24,6.26,2.91,15.63,3.88,2.88,7.79
2007-11-03 10:00:00,5.08,7.09,3.04,15.83,3.49,3.5500000000000003,5.01
2007-11-03 11:00:00,5.16,7.73,2.57,16.35,4.17,4.57,5.59
2007-11-03 12:00:00,5.53,8.28,2.29,17.31,4.66,3.89,5.0600000000000005
2007-11-03 13:00:00,5.86,7.41,1.68,17.44,4.21,3.4,5.22
2007-11-03 14:00:00,5.5,7.0600000000000005,1.62,17.7,3.31,3.15,3.56
2007-11-03 15:00:00,5.29,3.59,1.29,17.240000000000002,3.02,3.16,3.76
2007-11-03 16:00:00,5.44,3.04,2.07,15.86,2.35,3.31,4.32
2007-11-03 17:00:00,5.41,0.88,3.46,14.76,2.82,5.57,3.46
2007-11-03 18:00:00,5.83,7.65,2.74,14.13,3.63,6.71,5.14
2007-11-03 19:00:00,5.91,6.79,4.0600000000000005,12.36,3.91,8.92,6.49
2007-11-03 20:00:00,5.8500000000000005,8.620000000000001,6.01,12.02,3.75,7.31,7.46
2007-11-03 21:00:00,6.41,9.55,9.67,12.33,3.44,7.43,10.21
2007-11-03 22:00:00,5.57,9.05,9.95,12.53,3.02,9.15,10.13
2007-11-03 23:00:00,6.05,9.02,9.66,12.28,2.86,9.12,9.55
2007-11-04 00:00:00,5.23,8.17,8.34,11.85,3.23,9.19,8.4
2007-11-04 01:00:00,4.58,4.05,10.26,13.11,5.65,8.99,8.94
2007-11-04 02:00:00,5.03,5.3500000000000005,6.79,13.68,7.78,7.58,9.87
2007-11-04 03:00:00,5.2,6.3500000000000005,5.94,12.65,5.88,8.73,8.290000000000001
2007-11-04 04:00:00,5.32,7.140000000000001,2.83,12.99,4.44,8.76,9.91
2007-11-04 05:00:00,4.8100000000000005,7.44,2.52,12.86,3.65,8.5,10.32
2007-11-04 06:00:00,4.71,7.99,2.1,12.21,3.79,8.08,7.94
2007-11-04 07:00:00,4.5200000000000005,6.41,1.77,11.49,4.5,7.5,6.96
2007-11-04 08:00:00,4.19,5.45,1.24,11.0,3.53,6.48,5.8500000000000005
2007-11-04 09:00:00,3.81,5.1000000000000005,0.31,11.12,2.89,5.64,4.8
2007-11-04 10:00:00,3.35,6.08,0.44,11.48,2.59,4.46,4.05
2007-11-04 11:00:00,3.01,6.98,0.31,11.71,3.04,3.67,4.95
2007-11-04 12:00:00,2.66,7.09,0.43,12.31,2.94,3.23,5.38
2007-11-04 13:00:00,2.57,6.390000000000001,0.68,12.14,2.73,3.77,5.92
2007-11-04 14:00:00,2.09,6.58,0.88,12.22,2.77,3.84,5.71
2007-11-04 15:00:00,1.94,4.95,1.1,12.25,3.0500000000000003,3.72,4.72
2007-11-04 16:00:00,1.97,4.74,0.84,12.25,3.49,3.67,4.74
2007-11-04 17:00:00,2.27,2.51,0.47,11.2,2.87,2.91,3.13
2007-11-04 18:00:00,2.25,0.97,0.28,10.29,3.02,2.49,3.56
2007-11-04 19:00:00,2.45,2.29,0.44,9.34,3.2,2.92,4.65
2007-11-04 20:00:00,2.68,2.1,1.35,8.34,3.18,3.02,5.17
2007-11-04 21:00:00,2.97,3.2,1.63,7.26,2.75,3.0700000000000003,4.64
2007-11-04 22:00:00,2.69,3.93,0.88,6.08,2.54,1.99,3.88
2007-11-04 23:00:00,2.57,3.92,0.51,5.5600000000000005,2.41,1.83,3.53
2007-11-05 00:00:00,1.58,4.03,0.6900000000000001,5.39,2.63,3.48,2.76
2007-11-05 01:00:00,1.71,4.76,1.26,4.7,4.59,3.19,2.59
2007-11-05 02:00:00,2.31,4.18,1.46,4.24,4.4,3.46,2.96
2007-11-05 03:00:00,1.99,3.7,1.89,4.07,4.97,3.92,5.19
2007-11-05 04:00:00,1.93,3.7,2.06,3.82,5.19,3.5,5.64
2007-11-05 05:00:00,1.97,3.63,1.89,4.09,5.0,3.12,6.0200000000000005
2007-11-05 06:00:00,1.85,4.15,1.58,4.05,4.68,2.43,5.84
2007-11-05 07:00:00,1.92,4.79,0.98,4.32,4.21,2.03,6.09
2007-11-05 08:00:00,1.83,5.39,0.72,4.5,4.07,1.57,6.390000000000001
2007-11-05 09:00:00,1.61,3.86,0.8300000000000001,5.18,3.09,1.47,6.09
2007-11-05 10:00:00,1.35,5.16,0.98,5.48,2.02,0.23,6.36
2007-11-05 11:00:00,1.09,6.29,0.98,5.75,1.54,0.62,7.01
2007-11-05 12:00:00,1.44,5.73,0.97,6.45,1.0,1.25,6.74
2007-11-05 13:00:00,1.53,6.21,1.28,7.66,0.81,1.71,7.34
2007-11-05 14:00:00,1.53,6.98,1.29,9.02,1.33,2.04,7.47
2007-11-05 15:00:00,1.27,6.2,1.15,9.78,1.86,1.5,7.83
2007-11-05 16:00:00,1.17,5.62,1.25,9.88,2.05,1.44,6.08
2007-11-05 17:00:00,1.93,3.71,0.85,10.05,2.4,1.12,4.04
2007-11-05 18:00:00,2.38,3.28,0.12,9.71,2.68,1.74,4.44
2007-11-05 19:00:00,2.72,2.83,0.21,9.67,3.16,1.88,4.8
2007-11-05 20:00:00,3.06,4.6000000000000005,0.76,8.65,3.1,2.08,4.57
2007-11-05 21:00:00,3.18,5.08,1.68,7.68,3.01,1.53,4.79
2007-11-05 22:00:00,3.0,5.01,1.5,6.74,3.14,0.81,3.97
2007-11-05 23:00:00,2.34,5.14,0.8,5.8500000000000005,2.88,0.7000000000000001,3.35
2007-11-06 00:00:00,1.79,5.37,1.43,5.76,1.87,1.18,3.03
2007-11-06 01:00:00,2.17,4.46,2.65,5.04,1.08,1.82,0.81
2007-11-06 02:00:00,2.35,3.4,2.16,5.4,0.85,2.66,3.26
2007-11-06 03:00:00,2.46,2.87,2.61,5.6000000000000005,2.18,3.78,4.87
2007-11-06 04:00:00,2.29,4.45,1.48,6.0,2.58,1.64,5.2
2007-11-06 05:00:00,2.17,3.8,1.82,5.73,2.5500000000000003,0.93,6.16
2007-11-06 06:00:00,2.1,5.39,1.78,5.42,2.93,1.5,6.76
2007-11-06 07:00:00,2.26,6.12,1.4,5.34,3.43,0.73,7.1000000000000005
2007-11-06 08:00:00,2.26,6.61,1.55,5.19,3.21,1.2,7.33
2007-11-06 09:00:00,2.29,7.1000000000000005,1.36,5.18,3.0,2.01,7.96
2007-11-06 10:00:00,2.33,7.62,1.09,5.38,2.27,2.01,8.09
2007-11-06 11:00:00,2.17,6.97,1.22,5.59,1.49,1.9,8.09
2007-11-06 12:00:00,1.94,6.26,1.08,6.2700000000000005,1.66,2.37,7.95
2007-11-06 13:00:00,2.06,6.78,1.52,7.17,2.33,2.76,7.4
2007-11-06 14:00:00,2.16,7.07,1.46,8.36,3.11,2.78,7.57
2007-11-06 15:00:00,2.52,6.32,1.11,9.85,3.61,3.0500000000000003,7.63
2007-11-06 16:00:00,2.81,4.76,0.89,10.07,4.22,2.6,5.93
2007-11-06 17:00:00,2.93,3.19,0.62,10.13,3.89,2.28,3.71
2007-11-06 18:00:00,3.34,2.59,0.77,9.42,4.55,2.83,4.93
2007-11-06 19:00:00,3.89,2.91,0.84,8.94,4.47,3.0,5.39
2007-11-06 20:00:00,3.62,4.78,2.19,8.41,4.2700000000000005,3.5,5.78
2007-11-06 21:00:00,3.65,5.73,2.6,7.03,3.95,6.84,5.38
2007-11-06 22:00:00,3.66,6.07,2.17,6.08,3.65,8.26,4.54
2007-11-06 23:00:00,3.18,6.21,1.07,5.96,3.96,9.39,4.67
2007-11-07 00:00:00,2.58,6.96,1.83,6.45,3.85,9.15,4.73
2007-11-07 01:00:00,2.8000000000000003,6.01,0.7000000000000001,6.28,4.21,10.45,5.44
2007-11-07 02:00:00,3.02,5.9,1.54,6.53,3.25,10.26,9.4
2007-11-07 03:00:00,2.89,5.88,3.89,7.07,3.64,9.02,9.68
2007-11-07 04:00:00,3.09,9.34,4.49,7.16,4.3,9.1,8.99
2007-11-07 05:00:00,3.1,10.25,5.15,7.15,4.46,8.59,9.65
2007-11-07 06:00:00,3.1,10.63,2.92,7.36,4.32,7.88,10.43
2007-11-07 07:00:00,3.26,10.12,1.51,8.34,4.45,7.32,10.45
2007-11-07 08:00:00,3.0,10.18,1.05,9.13,4.3500000000000005,7.0200000000000005,10.15
2007-11-07 09:00:00,2.92,10.15,0.97,9.75,1.77,6.98,9.52
2007-11-07 10:00:00,3.0,9.94,0.79,10.22,2.11,6.45,9.6
2007-11-07 11:00:00,2.64,8.72,0.38,10.4,3.75,4.83,9.71
2007-11-07 12:00:00,2.65,8.21,0.55,10.76,9.65,3.34,9.09
2007-11-07 13:00:00,2.41,7.87,0.46,11.05,7.63,3.66,8.97
2007-11-07 14:00:00,3.16,8.36,0.6,10.62,3.8,4.28,9.31
2007-11-07 15:00:00,2.9,8.17,0.95,10.51,3.22,4.12,9.48
2007-11-07 16:00:00,1.67,6.97,0.63,9.88,1.79,3.75,8.03
2007-11-07 17:00:00,1.15,3.8,0.63,9.07,2.84,2.49,5.8
2007-11-07 18:00:00,2.44,3.92,0.48,8.36,3.0500000000000003,2.83,6.33
2007-11-07 19:00:00,3.02,5.75,0.27,6.92,4.12,5.97,6.140000000000001
2007-11-07 20:00:00,3.36,5.41,0.35,6.22,3.5500000000000003,5.97,5.38
2007-11-07 21:00:00,2.87,5.7700000000000005,0.62,5.5600000000000005,2.98,5.53,4.82
2007-11-07 22:00:00,2.63,5.63,1.08,5.13,2.47,5.39,4.63
2007-11-07 23:00:00,2.28,5.5200000000000005,1.84,4.97,2.15,5.84,4.49
2007-11-08 00:00:00,1.75,5.44,3.16,4.48,2.49,6.37,2.94
2007-11-08 01:00:00,1.66,5.84,4.47,4.86,2.95,6.88,3.66
2007-11-08 02:00:00,1.25,4.3100000000000005,4.71,4.0,2.43,8.24,3.06
2007-11-08 03:00:00,1.18,4.25,4.62,3.42,2.63,6.5600000000000005,2.02
2007-11-08 04:00:00,0.85,3.54,5.07,3.45,1.44,0.73,4.14
2007-11-08 05:00:00,0.89,2.84,5.17,2.4,1.01,2.49,4.4
2007-11-08 06:00:00,0.96,1.57,5.95,1.95,0.26,2.7,4.09
2007-11-08 07:00:00,1.16,1.07,5.3100000000000005,1.66,1.01,2.84,2.92
2007-11-08 08:00:00,0.98,1.43,4.26,1.63,0.67,2.53,1.89
2007-11-08 09:00:00,1.38,0.9,2.9,1.72,1.49,2.47,2.03
2007-11-08 10:00:00,0.96,1.67,1.58,1.69,1.93,2.37,1.39
2007-11-08 11:00:00,1.11,1.89,1.19,1.93,1.97,2.39,1.34
2007-11-08 12:00:00,0.91,1.14,1.5,2.16,2.2,2.33,1.94
2007-11-08 13:00:00,0.8,0.66,1.63,2.2,2.33,1.21,2.3000000000000003
2007-11-08 14:00:00,0.55,0.5,1.54,2.7,1.93,0.55,2.4
2007-11-08 15:00:00,0.91,0.22,1.27,3.02,1.18,0.46,2.36
2007-11-08 16:00:00,0.89,0.86,0.8,3.24,1.1,0.79,2.27
2007-11-08 17:00:00,1.14,0.85,0.81,3.0700000000000003,1.14,1.64,1.84
2007-11-08 18:00:00,1.48,1.37,0.79,3.65,1.72,1.99,2.33
2007-11-08 19:00:00,1.63,1.42,0.59,3.95,2.72,2.44,2.65
2007-11-08 20:00:00,2.27,1.52,0.73,4.05,3.36,2.61,2.7
2007-11-08 21:00:00,2.22,1.14,1.14,4.82,3.2,2.01,2.25
2007-11-08 22:00:00,2.24,0.8300000000000001,0.43,5.19,3.11,1.24,1.68
2007-11-08 23:00:00,1.99,0.97,0.91,5.2,3.15,1.22,2.17
2007-11-09 00:00:00,1.83,1.89,6.03,5.03,2.76,1.31,4.45
2007-11-09 01:00:00,0.52,2.25,7.1000000000000005,4.67,2.47,3.01,5.78
2007-11-09 02:00:00,1.9,2.93,5.63,5.29,0.88,2.22,3.52
2007-11-09 03:00:00,1.03,1.07,6.03,6.23,0.42,2.32,4.07
2007-11-09 04:00:00,0.79,1.29,6.46,5.2700000000000005,1.39,1.1,6.3
2007-11-09 05:00:00,1.64,0.8,6.3,4.14,0.97,0.77,5.64
2007-11-09 06:00:00,2.59,0.8,6.8100000000000005,4.3500000000000005,0.62,1.26,6.04
2007-11-09 07:00:00,4.0600000000000005,0.7000000000000001,7.0200000000000005,4.47,0.91,0.75,5.82
2007-11-09 08:00:00,5.22,0.65,7.2,3.89,1.22,0.5,5.73
2007-11-09 09:00:00,5.43,0.63,7.33,2.97,1.67,2.82,5.3100000000000005
2007-11-09 10:00:00,3.87,0.81,8.05,1.99,2.57,4.22,5.44
2007-11-09 11:00:00,4.96,0.8,6.57,2.02,3.45,3.98,2.97
2007-11-09 12:00:00,4.44,1.44,4.75,3.62,4.53,5.18,1.24
2007-11-09 13:00:00,2.43,2.23,2.27,3.8,4.98,6.46,2.56
2007-11-09 14:00:00,2.83,2.04,4.58,1.2,4.36,7.09,5.82
2007-11-09 15:00:00,0.54,1.53,6.53,1.1,3.79,4.62,6.08
2007-11-09 16:00:00,1.3,1.51,4.28,1.18,3.42,4.14,3.74
2007-11-09 17:00:00,0.97,2.7,3.95,3.08,2.99,6.95,4.97
2007-11-09 18:00:00,1.34,1.6,6.15,3.12,3.63,3.0500000000000003,5.26
2007-11-09 19:00:00,1.34,0.91,9.32,4.76,4.55,4.19,7.25
2007-11-09 20:00:00,2.79,0.97,9.83,5.29,5.03,4.18,7.62
2007-11-09 21:00:00,2.81,0.73,8.94,5.25,4.59,8.19,7.930000000000001
2007-11-09 22:00:00,3.33,7.68,8.76,6.25,4.3500000000000005,9.65,10.02
2007-11-09 23:00:00,8.39,11.74,10.64,7.08,3.73,9.12,11.01
2007-11-10 00:00:00,3.52,14.08,11.42,8.78,2.86,6.88,11.44
2007-11-10 01:00:00,6.0,16.39,11.24,8.09,2.47,6.57,8.76
2007-11-10 02:00:00,7.68,15.74,11.3,7.6,4.92,5.39,5.6000000000000005
2007-11-10 03:00:00,8.55,16.32,9.61,7.95,1.4,7.1000000000000005,2.87
2007-11-10 04:00:00,10.15,17.13,8.76,4.75,2.21,7.97,3.09
2007-11-10 05:00:00,13.68,17.88,10.12,4.5200000000000005,2.32,10.68,7.2
2007-11-10 06:00:00,14.74,17.26,9.93,5.36,4.21,11.7,4.68
2007-11-10 07:00:00,14.87,18.94,9.26,5.8,5.39,11.83,7.77
2007-11-10 08:00:00,15.54,18.55,9.21,6.0600000000000005,4.43,11.6,5.47
2007-11-10 09:00:00,14.8,18.46,8.9,5.58,4.48,10.19,6.8500000000000005
2007-11-10 10:00:00,15.52,17.25,6.87,4.3100000000000005,2.66,9.39,2.82
2007-11-10 11:00:00,16.02,15.95,8.08,3.87,2.15,8.26,2.99
2007-11-10 12:00:00,14.73,15.81,7.98,2.6,2.27,8.700000000000001,1.81
2007-11-10 13:00:00,13.68,14.65,6.46,1.92,3.42,7.42,4.53
2007-11-10 14:00:00,12.49,13.25,5.32,2.88,1.58,6.32,6.51
2007-11-10 15:00:00,7.46,13.1,4.79,2.84,1.2,5.63,5.87
2007-11-10 16:00:00,4.58,10.82,2.78,3.31,0.91,5.78,7.96
2007-11-10 17:00:00,2.33,8.18,1.72,3.36,2.09,5.71,7.82
2007-11-10 18:00:00,5.91,5.51,1.83,2.94,1.98,5.46,6.96
2007-11-10 19:00:00,7.890000000000001,3.49,1.2,2.33,1.86,4.79,6.0600000000000005
2007-11-10 20:00:00,7.12,3.08,0.93,2.01,2.59,4.12,4.87
2007-11-10 21:00:00,5.8500000000000005,1.67,2.23,2.61,2.86,3.67,0.81
2007-11-10 22:00:00,3.9,4.1,2.29,1.88,2.85,3.14,1.4
2007-11-10 23:00:00,3.2,6.9,2.36,0.96,1.84,2.75,2.34
2007-11-11 00:00:00,3.21,9.49,5.58,3.31,3.72,2.13,0.71
2007-11-11 01:00:00,4.57,10.95,7.37,2.43,6.03,1.53,3.5700000000000003
2007-11-11 02:00:00,4.69,10.87,5.49,2.37,7.16,2.15,0.63
2007-11-11 03:00:00,4.24,11.03,7.0600000000000005,4.01,5.65,2.78,1.09
2007-11-11 04:00:00,4.23,12.11,8.28,2.7,4.8100000000000005,2.8000000000000003,1.16
2007-11-11 05:00:00,4.45,12.34,5.54,2.15,4.51,3.94,2.33
2007-11-11 06:00:00,3.8,6.8,5.36,2.05,4.04,4.75,2.44
2007-11-11 07:00:00,2.15,2.76,3.67,2.45,3.33,6.07,2.37
2007-11-11 08:00:00,1.96,1.73,3.59,2.5500000000000003,3.11,6.3500000000000005,1.39
2007-11-11 09:00:00,1.47,3.08,3.37,4.17,2.66,6.3100000000000005,1.33
2007-11-11 10:00:00,1.01,3.63,3.37,4.32,2.39,5.8,1.78
2007-11-11 11:00:00,1.79,3.2,3.64,4.45,1.5,6.82,4.2700000000000005
2007-11-11 12:00:00,3.67,2.13,5.25,4.93,1.5,7.17,5.2
2007-11-11 13:00:00,5.74,3.2,9.19,3.58,1.72,7.77,7.45
2007-11-11 14:00:00,5.65,6.07,10.88,3.76,1.41,6.6000000000000005,8.08
2007-11-11 15:00:00,5.8,3.5500000000000003,12.08,5.6000000000000005,2.67,8.22,10.1
2007-11-11 16:00:00,5.38,13.52,10.73,3.3200000000000003,3.62,8.1,10.03
2007-11-11 17:00:00,2.62,13.52,9.65,2.78,2.06,6.7,9.08
2007-11-11 18:00:00,1.54,11.78,10.39,11.03,2.3000000000000003,9.66,11.06
2007-11-11 19:00:00,1.87,19.46,10.33,12.88,3.52,9.4,9.56
2007-11-11 20:00:00,1.7,19.06,11.66,10.57,3.8,9.81,10.51
2007-11-11 21:00:00,1.55,18.81,13.12,9.97,4.01,9.24,11.15
2007-11-11 22:00:00,2.4,18.07,13.99,8.3,4.63,8.5,10.92
2007-11-11 23:00:00,4.45,18.6,12.94,6.87,5.11,7.63,9.19
2007-11-12 00:00:00,7.48,18.97,10.79,3.79,5.79,7.79,8.42
2007-11-12 01:00:00,7.68,15.21,8.56,9.29,6.68,8.290000000000001,4.08
2007-11-12 02:00:00,5.46,13.59,7.55,14.55,5.43,7.88,13.15
2007-11-12 03:00:00,5.37,11.97,4.21,20.55,5.0200000000000005,7.81,10.2
2007-11-12 04:00:00,3.03,9.37,2.51,19.53,4.17,7.2,10.0
2007-11-12 05:00:00,3.65,5.08,2.01,20.44,3.44,5.09,7.86
2007-11-12 06:00:00,0.78,7.38,2.17,17.740000000000002,2.48,2.79,8.040000000000001
2007-11-12 07:00:00,1.18,8.98,3.0500000000000003,18.43,4.01,2.71,9.27
2007-11-12 08:00:00,2.04,6.25,6.3500000000000005,18.19,3.72,0.94,3.5500000000000003
2007-11-12 09:00:00,3.92,7.74,6.88,18.26,4.61,2.58,2.28
2007-11-12 10:00:00,5.63,7.33,6.74,18.34,6.62,2.17,5.62
2007-11-12 11:00:00,6.36,4.72,6.86,18.94,8.13,3.82,5.22
2007-11-12 12:00:00,4.99,9.08,6.45,19.11,8.93,5.95,3.46
2007-11-12 13:00:00,4.59,7.48,4.68,19.15,8.86,6.72,3.17
2007-11-12 14:00:00,6.3500000000000005,8.09,4.49,17.57,7.45,10.65,3.83
2007-11-12 15:00:00,7.63,6.82,4.07,16.14,6.5,7.43,3.9
2007-11-12 16:00:00,7.72,2.41,2.62,15.23,6.38,4.98,4.68
2007-11-12 17:00:00,7.84,2.78,2.86,14.4,6.29,4.3500000000000005,5.15
2007-11-12 18:00:00,8.43,3.34,3.52,13.44,6.23,3.83,7.81
2007-11-12 19:00:00,8.6,2.48,5.62,12.84,6.03,3.13,7.15
2007-11-12 20:00:00,9.15,2.96,6.33,11.01,5.82,3.39,5.62
2007-11-12 21:00:00,8.870000000000001,2.85,5.5,10.89,5.64,4.18,5.01
2007-11-12 22:00:00,8.41,2.66,6.32,11.22,5.57,4.0,5.38
2007-11-12 23:00:00,8.26,2.54,5.78,10.23,5.96,4.75,4.97
2007-11-13 00:00:00,7.37,2.8000000000000003,4.68,9.39,6.3,5.4,5.23
2007-11-13 01:00:00,7.38,2.8000000000000003,4.68,8.69,7.24,5.87,4.72
2007-11-13 02:00:00,6.66,2.44,2.85,9.17,9.23,3.68,5.96
2007-11-13 03:00:00,6.83,2.9,3.02,10.24,9.64,4.3500000000000005,6.42
2007-11-13 04:00:00,6.38,1.15,4.1,9.92,8.66,5.48,7.11
2007-11-13 05:00:00,5.91,0.24,3.94,8.72,6.0200000000000005,5.66,6.93
2007-11-13 06:00:00,5.74,1.57,3.46,8.290000000000001,4.62,4.6000000000000005,6.12
2007-11-13 07:00:00,5.49,1.65,2.5500000000000003,9.24,3.78,3.15,5.63
2007-11-13 08:00:00,5.42,1.86,0.81,9.33,2.73,0.21,4.62
2007-11-13 09:00:00,5.89,3.36,0.78,8.82,2.46,0.33,5.17
2007-11-13 10:00:00,5.41,2.41,0.4,7.59,2.39,1.39,1.7
2007-11-13 11:00:00,5.25,1.9,0.61,5.55,2.4,1.27,0.42
2007-11-13 12:00:00,5.78,1.14,1.07,3.79,1.94,0.8200000000000001,1.03
2007-11-13 13:00:00,5.14,0.74,1.19,3.64,2.1,0.2,1.17
2007-11-13 14:00:00,4.29,0.88,1.43,3.06,2.69,0.32,2.08
2007-11-13 15:00:00,4.05,0.49,1.26,3.3200000000000003,2.66,0.66,2.87
2007-11-13 16:00:00,4.14,0.46,0.88,2.87,2.83,0.94,3.27
2007-11-13 17:00:00,2.9,0.84,0.48,2.82,2.39,0.74,2.52
2007-11-13 18:00:00,3.21,0.76,0.35,2.22,1.96,1.07,1.85
2007-11-13 19:00:00,3.41,0.67,0.36,2.44,2.23,1.32,2.03
2007-11-13 20:00:00,3.54,0.85,0.7000000000000001,3.0700000000000003,2.59,1.93,2.54
2007-11-13 21:00:00,3.44,0.85,1.36,3.53,2.96,1.95,2.01
2007-11-13 22:00:00,3.18,0.55,1.23,3.25,3.22,1.0,1.24
2007-11-13 23:00:00,2.94,0.52,1.17,2.96,3.71,1.38,1.14
2007-11-14 00:00:00,2.14,0.8,0.91,2.09,4.44,2.75,1.53
2007-11-14 01:00:00,2.79,0.26,1.3,2.03,4.62,1.72,0.49
2007-11-14 02:00:00,2.5,1.33,2.97,1.8,4.59,1.22,0.88
2007-11-14 03:00:00,1.97,1.2,3.72,2.45,4.57,1.17,2.93
2007-11-14 04:00:00,1.82,2.26,3.46,3.49,4.63,0.66,5.28
2007-11-14 05:00:00,1.55,1.73,2.98,4.93,5.16,0.31,5.03
2007-11-14 06:00:00,1.15,1.32,1.94,6.41,5.42,0.42,4.29
2007-11-14 07:00:00,1.14,1.36,1.33,6.59,5.34,0.76,4.0600000000000005
2007-11-14 08:00:00,1.29,0.9,1.42,7.82,5.73,0.64,4.21
2007-11-14 09:00:00,1.22,1.11,0.85,11.55,6.3500000000000005,0.56,3.56
2007-11-14 10:00:00,1.35,1.0,0.71,11.74,6.41,0.28,2.85
2007-11-14 11:00:00,1.6,0.81,0.3,12.13,6.53,0.36,3.64
2007-11-14 12:00:00,1.79,1.35,0.45,13.17,6.61,1.47,3.5700000000000003
2007-11-14 13:00:00,2.5,0.8300000000000001,0.73,15.01,7.08,1.1,3.98
2007-11-14 14:00:00,2.82,0.78,1.04,15.66,7.0600000000000005,0.7000000000000001,4.5
2007-11-14 15:00:00,2.79,0.55,0.89,14.18,7.27,0.17,5.53
2007-11-14 16:00:00,2.75,0.55,0.52,15.03,6.09,0.71,5.22
2007-11-14 17:00:00,2.85,0.42,0.62,15.12,5.04,0.85,3.47
2007-11-14 18:00:00,3.6,1.34,0.46,13.88,5.09,2.41,3.67
2007-11-14 19:00:00,4.17,2.4,1.07,13.39,4.82,4.38,4.0600000000000005
2007-11-14 20:00:00,3.93,2.89,3.74,12.93,4.8,4.37,4.58
2007-11-14 21:00:00,4.51,3.93,5.91,12.96,4.55,4.37,5.66
2007-11-14 22:00:00,4.14,4.86,5.72,13.47,4.24,7.03,6.2
2007-11-14 23:00:00,3.88,4.84,6.63,12.62,4.08,7.01,6.66
2007-11-15 00:00:00,2.88,4.49,8.34,12.4,5.0600000000000005,7.17,7.09
2007-11-15 01:00:00,4.03,5.28,7.18,11.47,5.51,5.67,7.97
2007-11-15 02:00:00,3.73,2.46,7.46,11.38,8.33,7.17,8.74
2007-11-15 03:00:00,3.29,1.26,7.36,11.47,7.04,7.52,8.26
2007-11-15 04:00:00,3.53,3.22,4.76,11.51,6.63,7.5,7.23
2007-11-15 05:00:00,3.35,5.28,2.35,11.42,6.49,6.92,8.15
2007-11-15 06:00:00,2.82,4.68,1.38,10.86,4.3100000000000005,6.24,7.33
2007-11-15 07:00:00,2.95,2.63,2.22,10.12,4.48,6.04,7.46
2007-11-15 08:00:00,4.16,1.21,2.16,10.68,4.39,5.5200000000000005,8.14
2007-11-15 09:00:00,4.94,1.4,2.68,10.99,4.64,4.09,8.1
2007-11-15 10:00:00,4.39,2.12,0.72,10.17,3.86,1.9,5.91
2007-11-15 11:00:00,3.77,1.17,0.35,8.76,3.51,1.36,5.07
2007-11-15 12:00:00,3.74,0.65,0.61,8.08,2.84,0.73,2.2
2007-11-15 13:00:00,3.17,0.55,1.04,8.290000000000001,3.0700000000000003,0.62,1.72
2007-11-15 14:00:00,3.68,0.45,0.98,7.27,3.09,0.65,2.65
2007-11-15 15:00:00,3.0700000000000003,0.89,0.53,5.01,5.19,0.7000000000000001,3.62
2007-11-15 16:00:00,3.22,1.64,1.03,4.55,5.15,2.35,3.47
2007-11-15 17:00:00,2.22,0.44,1.13,4.54,4.64,2.81,2.08
2007-11-15 18:00:00,3.47,1.13,0.23,3.42,7.54,1.56,1.4
2007-11-15 19:00:00,3.17,1.65,0.21,2.5,9.39,1.18,2.75
2007-11-15 20:00:00,3.2,1.14,0.8300000000000001,2.0,7.890000000000001,1.28,1.9
2007-11-15 21:00:00,2.99,0.85,1.16,1.66,9.46,2.22,1.58
2007-11-15 22:00:00,3.63,0.49,0.89,1.8,8.86,0.77,0.68
2007-11-15 23:00:00,2.9,0.31,1.03,2.59,9.05,1.47,1.43
2007-11-16 00:00:00,1.99,3.18,0.56,1.66,5.58,1.96,3.5700000000000003
2007-11-16 01:00:00,2.9,3.16,1.3,1.38,7.16,2.65,1.68
2007-11-16 02:00:00,2.52,4.98,1.66,1.24,6.74,1.66,2.71
2007-11-16 03:00:00,1.93,3.88,2.86,2.29,8.44,1.4,2.95
2007-11-16 04:00:00,2.07,3.27,1.82,1.22,7.32,1.07,1.48
2007-11-16 05:00:00,2.61,2.24,3.47,1.32,5.4,1.12,1.93
2007-11-16 06:00:00,2.26,0.96,3.46,1.11,6.5200000000000005,1.21,1.84
2007-11-16 07:00:00,2.54,2.63,3.14,1.59,6.97,1.64,0.55
2007-11-16 08:00:00,2.17,1.26,4.7,0.92,8.53,0.58,2.38
2007-11-16 09:00:00,2.56,0.97,2.76,1.4,7.3,3.38,2.66
2007-11-16 10:00:00,1.74,1.19,2.4,1.59,3.2,2.91,1.2
2007-11-16 11:00:00,0.67,2.71,1.73,2.45,1.22,2.87,2.34
2007-11-16 12:00:00,1.77,1.82,3.04,1.8,1.93,4.63,1.7
2007-11-16 13:00:00,2.53,1.35,0.94,1.14,2.53,5.41,2.3000000000000003
2007-11-16 14:00:00,2.45,2.11,0.42,1.54,1.87,5.14,4.43
2007-11-16 15:00:00,3.34,2.49,0.88,0.81,2.58,5.24,3.04
2007-11-16 16:00:00,5.37,2.32,1.53,0.59,3.31,5.08,1.9
2007-11-16 17:00:00,5.0200000000000005,1.23,0.43,0.74,1.55,6.18,1.83
2007-11-16 18:00:00,4.38,0.4,1.03,0.53,0.59,5.7700000000000005,1.04
2007-11-16 19:00:00,4.2,1.61,1.11,0.89,1.15,5.53,1.71
2007-11-16 20:00:00,2.75,0.78,0.49,1.08,1.91,4.75,1.69
2007-11-16 21:00:00,1.21,1.14,1.23,1.58,2.78,4.33,1.04
2007-11-16 22:00:00,1.34,1.3,1.25,1.91,4.1,3.92,1.11
2007-11-16 23:00:00,1.0,1.77,0.61,1.84,4.83,4.15,2.5500000000000003
2007-11-17 00:00:00,1.42,1.93,3.64,1.37,4.99,4.05,3.2
2007-11-17 01:00:00,4.86,0.15,1.87,1.9,5.98,3.31,3.38
2007-11-17 02:00:00,4.6000000000000005,3.98,4.92,1.44,6.99,3.3000000000000003,2.26
2007-11-17 03:00:00,3.5700000000000003,7.32,5.83,1.7,8.09,3.99,3.66
2007-11-17 04:00:00,4.32,9.92,3.62,1.62,7.37,5.51,2.28
2007-11-17 05:00:00,5.19,9.15,2.3000000000000003,2.11,7.94,6.7,3.09
2007-11-17 06:00:00,5.34,3.71,2.13,1.33,7.78,6.7,2.51
2007-11-17 07:00:00,5.07,1.5,1.74,1.51,7.6,5.58,3.91
2007-11-17 08:00:00,4.1,1.68,1.48,1.16,7.11,6.19,4.28
2007-11-17 09:00:00,3.61,1.83,1.69,0.74,6.42,5.87,4.3100000000000005
2007-11-17 10:00:00,3.33,2.06,2.5500000000000003,0.39,5.2,6.18,3.43
2007-11-17 11:00:00,3.45,2.0,2.8000000000000003,0.74,4.94,5.96,3.81
2007-11-17 12:00:00,3.26,2.38,2.5500000000000003,0.89,4.5,5.94,4.3500000000000005
2007-11-17 13:00:00,2.74,2.48,2.26,1.72,4.04,5.5,3.2
2007-11-17 14:00:00,2.44,2.24,1.67,2.09,3.89,5.25,1.93
2007-11-17 15:00:00,1.76,1.77,1.05,1.91,4.0200000000000005,5.05,2.76
2007-11-17 16:00:00,1.26,1.66,0.6,2.45,3.67,5.28,2.89
2007-11-17 17:00:00,0.49,1.28,0.96,2.75,2.86,5.43,2.45
2007-11-17 18:00:00,1.11,1.02,0.9,2.66,2.61,5.54,2.35
2007-11-17 19:00:00,1.13,0.58,0.84,2.78,2.03,5.38,1.81
2007-11-17 20:00:00,1.42,0.9,0.94,3.16,1.94,4.75,1.63
2007-11-17 21:00:00,1.59,1.24,0.89,2.98,2.29,4.23,1.49
2007-11-17 22:00:00,1.38,0.86,1.01,2.7,2.35,3.74,0.79
2007-11-17 23:00:00,0.22,0.7000000000000001,0.8200000000000001,2.48,2.68,3.25,1.73
2007-11-18 00:00:00,1.04,1.35,0.92,2.67,3.42,2.99,2.17
2007-11-18 01:00:00,2.05,1.71,2.11,1.86,4.13,2.76,1.92
2007-11-18 02:00:00,2.26,1.39,1.93,0.73,3.35,2.22,1.58
2007-11-18 03:00:00,1.66,1.31,4.68,0.62,4.22,2.03,1.42
2007-11-18 04:00:00,0.92,0.68,4.78,0.65,5.32,0.45,2.27
2007-11-18 05:00:00,1.11,0.86,4.22,1.05,5.0200000000000005,0.09,0.93
2007-11-18 06:00:00,1.16,1.26,2.2,1.07,5.17,0.44,0.45
2007-11-18 07:00:00,1.61,1.33,1.61,0.95,5.24,0.81,1.67
2007-11-18 08:00:00,2.09,1.69,1.45,0.84,5.2,0.87,2.34
2007-11-18 09:00:00,2.17,2.1,0.85,0.8,5.2,1.19,1.72
2007-11-18 10:00:00,2.48,2.15,0.49,0.53,4.78,1.2,1.22
2007-11-18 11:00:00,2.78,2.38,0.55,0.28,4.42,1.18,1.45
2007-11-18 12:00:00,2.66,2.68,0.45,0.33,4.1,1.26,1.51
2007-11-18 13:00:00,2.39,2.18,0.78,0.31,3.33,0.8200000000000001,1.6
2007-11-18 14:00:00,2.31,1.92,0.7000000000000001,0.47,2.73,0.88,1.39
2007-11-18 15:00:00,2.28,2.06,0.9,0.5700000000000001,2.66,0.68,1.45
2007-11-18 16:00:00,2.32,2.72,1.06,0.8,2.78,0.18,0.89
2007-11-18 17:00:00,1.81,1.55,0.7000000000000001,0.99,1.93,1.03,0.94
2007-11-18 18:00:00,1.75,0.91,0.72,1.61,1.43,1.77,0.73
2007-11-18 19:00:00,1.44,1.11,0.78,1.86,1.85,1.75,0.33
2007-11-18 20:00:00,1.19,1.26,0.58,2.13,2.2,1.9,0.4
2007-11-18 21:00:00,0.9,1.7,1.1,2.3000000000000003,2.22,1.72,0.24
2007-11-18 22:00:00,0.5700000000000001,1.95,0.93,2.76,2.17,1.37,0.75
2007-11-18 23:00:00,1.1,2.19,0.34,2.74,2.19,1.22,1.44
2007-11-19 00:00:00,1.4,1.95,0.38,3.45,2.03,0.92,1.39
2007-11-19 01:00:00,1.04,1.12,0.89,3.49,1.66,0.37,1.82
2007-11-19 02:00:00,0.52,1.1,1.7,3.04,2.08,1.54,1.06
2007-11-19 03:00:00,0.59,0.13,3.3000000000000003,2.62,2.62,2.68,1.71
2007-11-19 04:00:00,1.0,1.3,4.18,2.31,2.75,3.34,6.04
2007-11-19 05:00:00,0.94,1.17,3.56,2.26,2.89,3.18,5.1000000000000005
2007-11-19 06:00:00,1.4,1.0,3.09,2.21,3.01,3.24,6.16
2007-11-19 07:00:00,2.58,1.02,2.6,3.48,2.91,2.46,5.96
2007-11-19 08:00:00,2.56,1.58,0.23,4.25,2.73,1.7,4.73
2007-11-19 09:00:00,3.01,1.27,0.5,3.81,2.51,0.4,2.87
2007-11-19 10:00:00,3.35,1.7,0.67,3.64,2.63,1.11,1.88
2007-11-19 11:00:00,3.59,1.88,1.04,4.38,2.04,2.77,1.2
2007-11-19 12:00:00,3.49,1.91,1.11,4.62,2.19,3.71,1.86
2007-11-19 13:00:00,4.36,2.49,1.53,4.3500000000000005,2.57,4.83,2.79
2007-11-19 14:00:00,5.15,2.67,1.39,4.3100000000000005,2.29,5.86,2.75
2007-11-19 15:00:00,6.98,3.5,1.32,3.81,2.71,6.24,1.55
2007-11-19 16:00:00,7.65,3.5500000000000003,1.59,3.61,2.66,5.99,1.94
2007-11-19 17:00:00,6.8100000000000005,2.84,1.3,3.79,2.17,5.54,2.09
2007-11-19 18:00:00,4.7,2.34,0.6900000000000001,3.31,2.44,5.3500000000000005,0.49
2007-11-19 19:00:00,3.33,1.83,0.07,3.19,2.63,6.86,1.07
2007-11-19 20:00:00,3.5700000000000003,4.6000000000000005,0.29,4.82,2.31,7.05,2.3000000000000003
2007-11-19 21:00:00,4.7700000000000005,12.7,3.1,7.98,2.59,6.75,5.8
2007-11-19 22:00:00,5.32,14.66,7.51,8.83,2.43,8.33,7.32
2007-11-19 23:00:00,6.09,16.71,8.82,9.98,2.81,7.22,9.15
2007-11-20 00:00:00,6.53,17.18,10.64,10.54,3.3000000000000003,6.61,9.18
2007-11-20 01:00:00,5.71,9.29,11.91,10.99,3.7,8.82,6.86
2007-11-20 02:00:00,4.78,3.3200000000000003,9.6,10.75,3.58,6.15,7.66
2007-11-20 03:00:00,5.92,2.71,8.02,10.53,3.47,9.24,7.11
2007-11-20 04:00:00,7.05,3.0700000000000003,6.95,6.46,3.65,9.72,7.84
2007-11-20 05:00:00,8.61,3.02,5.76,6.71,4.32,8.72,6.29
2007-11-20 06:00:00,10.53,3.86,6.34,7.57,5.44,9.32,4.2
2007-11-20 07:00:00,12.26,3.51,5.8,6.17,6.43,9.02,4.01
2007-11-20 08:00:00,13.28,3.47,5.11,7.36,7.33,9.6,4.45
2007-11-20 09:00:00,13.3,2.87,5.33,6.8,7.45,9.17,4.16
2007-11-20 10:00:00,13.92,4.04,6.390000000000001,7.6,8.13,9.82,7.640000000000001
2007-11-20 11:00:00,14.15,4.54,6.96,7.45,9.1,10.06,8.21
2007-11-20 12:00:00,14.57,6.57,6.07,8.23,9.8,9.68,6.13
2007-11-20 13:00:00,14.2,5.73,5.55,6.8500000000000005,9.12,9.79,5.37
2007-11-20 14:00:00,13.62,6.07,5.36,2.66,6.95,9.84,5.73
2007-11-20 15:00:00,13.06,8.17,6.03,2.01,7.2,9.43,7.49
2007-11-20 16:00:00,11.21,3.41,5.33,2.48,6.890000000000001,8.17,2.9
2007-11-20 17:00:00,10.35,14.02,3.87,2.96,4.63,7.49,4.51
2007-11-20 18:00:00,9.14,13.31,5.17,3.73,2.61,6.54,4.36
2007-11-20 19:00:00,9.07,8.6,5.2700000000000005,3.81,1.65,6.58,3.38
2007-11-20 20:00:00,8.43,3.78,5.2,3.86,1.43,6.45,1.57
2007-11-20 21:00:00,8.82,2.58,4.32,3.82,4.71,7.4,1.9
2007-11-20 22:00:00,11.19,2.34,3.45,4.3100000000000005,5.33,7.47,2.44
2007-11-20 23:00:00,12.6,2.31,4.12,4.61,4.46,6.8500000000000005,4.67
2007-11-21 00:00:00,11.37,3.78,6.13,5.7700000000000005,2.32,6.99,3.66
2007-11-21 01:00:00,9.82,3.04,5.14,4.13,2.23,5.3500000000000005,1.55
2007-11-21 02:00:00,7.46,5.15,5.24,7.82,5.19,4.49,4.47
2007-11-21 03:00:00,4.42,6.55,6.88,12.16,5.3100000000000005,2.41,4.39
2007-11-21 04:00:00,4.96,6.21,3.85,14.03,6.19,1.06,7.86
2007-11-21 05:00:00,2.82,6.13,2.95,16.85,6.2700000000000005,1.44,8.64
2007-11-21 06:00:00,3.23,4.47,1.9,17.580000000000002,6.58,4.99,10.34
2007-11-21 07:00:00,2.32,6.12,1.99,17.81,5.66,6.62,10.36
2007-11-21 08:00:00,1.19,5.07,3.08,18.39,7.05,6.93,9.37
2007-11-21 09:00:00,0.8300000000000001,4.6000000000000005,3.02,18.58,7.38,6.98,8.94
2007-11-21 10:00:00,1.6,3.47,1.59,19.31,6.88,6.43,7.07
2007-11-21 11:00:00,1.94,2.97,1.92,19.79,8.11,9.56,5.26
2007-11-21 12:00:00,2.83,1.63,3.26,19.8,9.32,10.14,5.19
2007-11-21 13:00:00,2.7,1.6,5.36,19.94,9.97,11.67,4.26
2007-11-21 14:00:00,3.59,2.66,3.38,19.69,9.42,12.05,5.6000000000000005
2007-11-21 15:00:00,3.31,3.43,5.01,19.32,9.67,11.38,5.92
2007-11-21 16:00:00,2.72,1.75,5.4,18.14,9.12,10.09,4.36
2007-11-21 17:00:00,2.21,1.95,4.5200000000000005,16.04,7.95,10.25,3.89
2007-11-21 18:00:00,3.87,2.83,6.91,15.44,7.5,10.26,5.98
2007-11-21 19:00:00,3.6,5.18,7.930000000000001,14.58,6.92,9.41,6.28
2007-11-21 20:00:00,4.03,7.1000000000000005,7.15,12.95,6.890000000000001,10.08,6.71
2007-11-21 21:00:00,4.23,6.17,6.57,13.04,7.37,8.97,7.97
2007-11-21 22:00:00,4.08,5.55,7.16,12.63,7.62,8.02,7.08
2007-11-21 23:00:00,3.39,4.91,7.29,11.72,7.7,8.71,7.1000000000000005
2007-11-22 00:00:00,3.34,5.96,6.76,11.33,7.83,7.37,6.23
2007-11-22 01:00:00,5.07,3.65,8.47,12.39,7.82,7.930000000000001,7.37
2007-11-22 02:00:00,4.4,1.64,10.31,12.01,8.34,8.05,6.86
2007-11-22 03:00:00,3.29,0.42,9.24,12.98,8.88,8.33,6.94
2007-11-22 04:00:00,2.22,0.89,4.34,12.03,9.73,7.45,6.0200000000000005
2007-11-22 05:00:00,2.44,1.15,2.88,11.63,8.97,6.05,5.75
2007-11-22 06:00:00,1.84,2.28,2.51,11.47,8.74,5.55,5.36
2007-11-22 07:00:00,1.93,0.6,1.49,11.04,8.23,4.43,5.93
2007-11-22 08:00:00,2.2,0.76,1.4,9.4,7.98,3.79,6.13
2007-11-22 09:00:00,2.11,0.67,1.65,8.19,8.31,4.05,4.43
2007-11-22 10:00:00,1.7,0.22,0.36,7.77,7.930000000000001,3.3000000000000003,4.71
2007-11-22 11:00:00,1.5,0.3,0.41,4.7,7.24,1.86,3.35
2007-11-22 12:00:00,1.56,0.79,0.52,3.66,6.3500000000000005,1.36,2.76
2007-11-22 13:00:00,1.53,0.7000000000000001,0.41,3.11,5.66,1.16,2.31
2007-11-22 14:00:00,2.15,0.66,0.58,1.8,6.12,0.79,1.62
2007-11-22 15:00:00,2.67,0.86,0.39,1.41,6.0,0.5,0.92
2007-11-22 16:00:00,2.97,0.5700000000000001,0.65,1.57,5.8500000000000005,0.52,0.93
2007-11-22 17:00:00,3.46,1.0,0.44,1.54,4.61,1.16,0.76
2007-11-22 18:00:00,3.37,1.13,0.12,0.76,3.98,2.58,1.44
2007-11-22 19:00:00,4.91,2.06,0.17,0.79,3.41,4.05,1.43
2007-11-22 20:00:00,6.74,2.03,0.6900000000000001,0.98,2.3000000000000003,4.95,1.84
2007-11-22 21:00:00,6.92,2.05,0.98,1.36,2.31,6.1000000000000005,1.67
2007-11-22 22:00:00,6.88,1.9,1.08,3.24,2.62,6.8,0.99
2007-11-22 23:00:00,8.14,3.06,1.59,6.53,3.26,6.87,1.46
2007-11-23 00:00:00,8.98,2.65,2.42,6.7700000000000005,3.14,6.69,3.04
2007-11-23 01:00:00,8.03,6.3100000000000005,4.26,6.98,1.86,5.87,7.13
2007-11-23 02:00:00,7.59,3.66,5.73,8.26,4.63,4.79,7.84
2007-11-23 03:00:00,6.390000000000001,3.58,6.16,9.75,6.78,3.44,5.54
2007-11-23 04:00:00,4.14,2.13,2.61,10.24,7.21,3.23,2.63
2007-11-23 05:00:00,2.02,1.32,2.82,9.23,7.640000000000001,2.91,2.79
2007-11-23 06:00:00,1.57,1.61,2.62,8.27,9.11,3.34,4.13
2007-11-23 07:00:00,1.08,0.79,2.62,9.12,9.08,0.3,4.28
2007-11-23 08:00:00,0.42,2.74,2.2,9.79,8.51,2.23,5.24
2007-11-23 09:00:00,1.01,5.79,2.26,13.08,7.87,4.8100000000000005,6.67
2007-11-23 10:00:00,1.23,3.81,1.48,14.22,8.2,5.26,8.66
2007-11-23 11:00:00,0.63,3.48,2.54,15.81,8.08,5.49,8.99
2007-11-23 12:00:00,1.55,3.61,2.56,15.62,8.4,4.78,9.59
2007-11-23 13:00:00,2.5500000000000003,4.3,3.28,16.1,8.14,6.15,9.19
2007-11-23 14:00:00,2.4,6.17,3.5500000000000003,15.71,8.68,4.19,8.290000000000001
2007-11-23 15:00:00,2.53,5.23,3.03,17.400000000000002,8.99,4.65,7.32
2007-11-23 16:00:00,2.54,4.41,3.93,17.42,8.05,6.140000000000001,6.68
2007-11-23 17:00:00,2.76,1.89,6.07,20.88,8.34,5.99,6.140000000000001
2007-11-23 18:00:00,3.2,2.79,7.32,21.44,9.75,5.48,5.09
2007-11-23 19:00:00,3.75,9.01,11.72,22.75,9.61,6.34,5.91
2007-11-23 20:00:00,4.93,12.82,10.04,23.56,9.89,7.54,6.76
2007-11-23 21:00:00,4.16,12.75,10.8,19.08,10.31,7.33,13.73
2007-11-23 22:00:00,5.34,14.29,10.46,18.3,11.24,7.49,13.22
2007-11-23 23:00:00,5.92,14.62,12.07,17.67,11.87,8.540000000000001,13.25
2007-11-24 00:00:00,9.52,16.64,11.18,17.86,10.81,4.43,14.99
2007-11-24 01:00:00,9.66,12.34,12.41,15.55,11.49,3.68,13.95
2007-11-24 02:00:00,11.01,13.33,7.52,16.06,13.12,2.43,14.42
2007-11-24 03:00:00,10.77,11.93,6.76,19.46,11.93,2.01,14.62
2007-11-24 04:00:00,10.52,11.4,6.78,20.01,13.13,1.15,12.56
2007-11-24 05:00:00,8.92,11.16,4.91,21.32,12.39,1.81,12.74
2007-11-24 06:00:00,10.41,11.13,6.6000000000000005,21.65,14.33,1.85,14.88
2007-11-24 07:00:00,10.95,9.81,10.03,19.66,11.8,2.7,12.68
2007-11-24 08:00:00,9.95,6.37,7.32,15.87,10.84,4.3,5.0600000000000005
2007-11-24 09:00:00,11.32,3.15,6.5200000000000005,12.95,11.19,6.74,6.79
2007-11-24 10:00:00,13.15,1.58,3.66,16.16,12.31,6.99,6.74
2007-11-24 11:00:00,13.49,1.22,3.74,18.11,13.3,6.05,7.9
2007-11-24 12:00:00,14.06,2.73,3.16,17.98,14.19,6.44,7.21
2007-11-24 13:00:00,14.49,0.85,2.51,18.07,14.08,7.04,2.29
2007-11-24 14:00:00,14.47,2.59,2.3000000000000003,17.67,13.69,8.03,1.9
2007-11-24 15:00:00,15.59,2.33,2.19,15.45,12.56,8.5,2.29
2007-11-24 16:00:00,14.52,2.67,0.99,15.67,9.86,8.78,0.58
2007-11-24 17:00:00,13.79,3.03,1.09,14.6,8.73,8.77,0.89
2007-11-24 18:00:00,16.46,3.97,2.38,10.91,8.5,7.09,0.16
2007-11-24 19:00:00,14.84,3.22,0.16,9.22,8.61,6.5200000000000005,0.22
2007-11-24 20:00:00,14.4,1.75,2.92,9.53,7.82,5.0200000000000005,0.55
2007-11-24 21:00:00,12.67,0.79,3.95,9.8,6.47,3.96,4.89
2007-11-24 22:00:00,11.7,1.42,4.65,10.73,6.78,3.01,3.25
2007-11-24 23:00:00,11.84,1.54,4.19,7.43,6.84,2.1,2.86
2007-11-25 00:00:00,8.94,1.39,3.35,8.38,6.71,2.89,2.72
2007-11-25 01:00:00,7.43,0.48,3.53,8.45,1.49,3.26,2.7
2007-11-25 02:00:00,7.49,1.41,4.07,8.620000000000001,1.36,5.91,2.47
2007-11-25 03:00:00,7.03,1.87,3.64,4.94,1.09,7.43,1.92
2007-11-25 04:00:00,7.8,0.93,2.67,5.68,5.47,7.91,2.04
2007-11-25 05:00:00,7.21,0.75,2.5500000000000003,5.48,2.81,7.8,3.28
2007-11-25 06:00:00,7.17,0.8,1.95,5.3100000000000005,2.19,7.71,3.29
2007-11-25 07:00:00,7.61,0.87,1.06,2.5500000000000003,4.21,8.13,3.04
2007-11-25 08:00:00,6.54,1.03,0.94,3.83,3.31,8.13,3.22
2007-11-25 09:00:00,5.2,0.63,1.03,2.03,4.25,5.75,2.56
2007-11-25 10:00:00,4.16,1.09,0.92,2.1,3.74,3.89,1.85
2007-11-25 11:00:00,4.03,0.43,0.67,1.84,3.84,3.28,1.84
2007-11-25 12:00:00,3.33,0.38,0.47,2.16,5.17,2.89,1.75
2007-11-25 13:00:00,3.69,1.19,0.47,2.93,5.18,2.86,1.46
2007-11-25 14:00:00,2.54,0.94,0.17,3.37,5.49,3.4,1.34
2007-11-25 15:00:00,1.48,1.25,0.51,3.0500000000000003,4.12,3.72,1.08
2007-11-25 16:00:00,1.16,0.85,0.58,2.95,3.81,4.17,0.52
2007-11-25 17:00:00,1.5,0.78,1.19,2.48,3.0,4.1,0.38
2007-11-25 18:00:00,1.97,1.03,0.79,2.27,4.09,4.38,0.08
2007-11-25 19:00:00,2.46,1.16,0.51,2.34,4.74,3.9,0.81
2007-11-25 20:00:00,2.24,1.29,0.73,2.9,4.8,3.36,0.5700000000000001
2007-11-25 21:00:00,2.2,2.26,1.03,2.98,4.44,2.52,0.96
2007-11-25 22:00:00,1.72,2.98,0.6900000000000001,3.65,4.0200000000000005,2.66,1.43
2007-11-25 23:00:00,1.1,3.02,0.6900000000000001,3.74,3.79,1.98,2.36
2007-11-26 00:00:00,0.92,3.37,0.81,4.1,3.28,1.24,2.75
2007-11-26 01:00:00,0.19,3.75,1.11,3.5700000000000003,2.84,2.13,5.65
2007-11-26 02:00:00,0.97,4.0,2.31,3.38,1.89,2.82,4.12
2007-11-26 03:00:00,2.33,2.25,2.58,2.45,0.97,2.98,2.93
2007-11-26 04:00:00,1.05,0.96,2.6,1.98,2.18,2.68,3.2
2007-11-26 05:00:00,0.45,1.98,2.46,1.42,2.19,2.06,1.93
2007-11-26 06:00:00,0.9,2.24,1.39,0.92,2.26,2.04,2.19
2007-11-26 07:00:00,0.17,1.83,0.62,1.4,2.59,1.96,2.22
2007-11-26 08:00:00,1.31,2.1,0.55,1.71,2.49,2.4,1.52
2007-11-26 09:00:00,1.51,1.92,0.49,2.48,2.85,2.75,0.81
2007-11-26 10:00:00,1.25,3.27,0.6900000000000001,1.98,2.94,2.72,1.22
2007-11-26 11:00:00,2.08,2.61,1.64,2.23,3.2,2.41,2.14
2007-11-26 12:00:00,2.46,2.7,1.93,3.76,3.23,1.98,2.57
2007-11-26 13:00:00,2.46,4.74,1.0,6.48,3.06,1.58,2.9
2007-11-26 14:00:00,3.22,4.09,2.19,7.52,3.11,1.13,4.68
2007-11-26 15:00:00,3.68,5.58,0.87,8.34,2.97,0.62,6.36
2007-11-26 16:00:00,4.44,2.6,0.28,10.02,2.51,0.86,6.29
2007-11-26 17:00:00,4.97,1.14,0.31,10.38,2.03,2.03,4.33
2007-11-26 18:00:00,5.1000000000000005,0.8,0.32,10.39,2.21,2.83,4.0
2007-11-26 19:00:00,5.45,0.81,0.81,10.58,2.27,3.34,4.08
2007-11-26 20:00:00,5.6000000000000005,1.55,1.88,9.96,2.56,4.01,4.34
2007-11-26 21:00:00,5.92,0.8200000000000001,2.75,10.16,2.98,4.71,4.86
2007-11-26 22:00:00,5.7700000000000005,0.63,4.19,8.700000000000001,2.76,5.5,3.94
2007-11-26 23:00:00,5.1000000000000005,0.8300000000000001,3.45,6.75,3.13,5.7700000000000005,3.14
2007-11-27 00:00:00,4.71,1.1,3.49,5.89,3.91,6.82,2.29
2007-11-27 01:00:00,5.26,1.51,3.71,5.51,4.7700000000000005,6.6000000000000005,2.52
2007-11-27 02:00:00,5.0600000000000005,1.84,2.98,7.48,4.72,6.3100000000000005,3.36
2007-11-27 03:00:00,4.86,2.87,1.77,6.65,3.44,5.58,3.61
2007-11-27 04:00:00,4.15,2.09,0.89,3.29,3.46,5.66,3.95
2007-11-27 05:00:00,4.16,2.98,0.53,2.2,3.31,5.25,4.42
2007-11-27 06:00:00,3.88,2.24,0.31,1.65,3.38,5.1000000000000005,3.47
2007-11-27 07:00:00,3.38,0.45,0.78,1.63,2.9,4.88,2.12
2007-11-27 08:00:00,3.01,0.8200000000000001,1.64,1.39,2.78,4.21,2.09
2007-11-27 09:00:00,2.61,1.55,1.41,1.53,3.39,4.15,1.9
2007-11-27 10:00:00,1.92,2.32,1.99,1.99,3.29,2.67,0.63
2007-11-27 11:00:00,1.36,2.54,1.54,2.21,3.38,1.2,1.37
2007-11-27 12:00:00,1.1,2.24,0.84,2.23,3.34,1.11,1.61
2007-11-27 13:00:00,0.98,2.14,0.36,2.48,3.39,2.9,1.77
2007-11-27 14:00:00,1.64,2.57,0.76,2.6,3.54,2.62,1.73
2007-11-27 15:00:00,1.69,2.37,0.97,2.24,3.64,3.48,2.04
2007-11-27 16:00:00,1.98,2.56,1.02,2.32,3.81,1.99,2.56
2007-11-27 17:00:00,1.41,3.15,1.14,2.24,3.31,1.27,1.8
2007-11-27 18:00:00,1.43,2.86,1.34,2.61,2.72,1.86,1.42
2007-11-27 19:00:00,0.6900000000000001,3.48,0.88,3.0,2.28,4.5600000000000005,1.47
2007-11-27 20:00:00,0.51,4.5600000000000005,0.63,5.66,1.73,5.43,0.78
2007-11-27 21:00:00,1.63,12.85,0.94,5.89,2.32,5.54,1.15
2007-11-27 22:00:00,1.28,16.64,8.05,5.92,3.0,5.3,3.23
2007-11-27 23:00:00,1.94,19.22,9.08,5.1000000000000005,3.35,6.61,3.5500000000000003
2007-11-28 00:00:00,4.69,19.68,10.35,3.21,3.71,7.78,7.79
2007-11-28 01:00:00,2.44,16.21,9.6,1.13,2.03,5.55,7.86
2007-11-28 02:00:00,1.09,13.6,6.19,4.5200000000000005,0.53,5.08,3.1
2007-11-28 03:00:00,0.3,9.81,2.89,7.5,6.11,5.24,2.43
2007-11-28 04:00:00,0.4,10.87,2.58,11.66,6.4,5.91,3.96
2007-11-28 05:00:00,1.22,7.65,9.11,13.26,3.46,5.65,9.15
2007-11-28 06:00:00,1.08,5.2700000000000005,6.99,14.12,0.97,5.79,11.88
2007-11-28 07:00:00,1.71,4.88,4.44,14.17,2.47,4.79,9.56
2007-11-28 08:00:00,1.64,5.4,3.35,14.05,3.82,2.98,4.66
2007-11-28 09:00:00,2.78,3.9,2.6,14.05,4.07,0.56,5.15
2007-11-28 10:00:00,4.11,6.76,2.44,15.21,5.37,3.41,4.3500000000000005
2007-11-28 11:00:00,5.19,2.64,2.65,18.59,5.84,7.97,6.59
2007-11-28 12:00:00,5.63,2.06,3.92,19.26,8.2,12.97,8.99
2007-11-28 13:00:00,5.04,0.74,4.2,19.04,9.36,11.98,6.95
2007-11-28 14:00:00,5.3,0.77,2.28,19.35,12.17,13.65,5.15
2007-11-28 15:00:00,5.15,0.38,4.9,20.15,10.63,12.24,3.86
2007-11-28 16:00:00,5.93,1.26,4.69,18.54,10.79,11.26,4.9
2007-11-28 17:00:00,5.05,1.48,2.91,16.34,9.9,11.62,4.21
2007-11-28 18:00:00,4.84,0.28,3.95,15.5,10.13,10.51,5.62
2007-11-28 19:00:00,5.23,2.34,5.75,14.56,9.45,11.58,5.84
2007-11-28 20:00:00,5.72,3.58,7.11,12.82,9.45,10.5,5.55
2007-11-28 21:00:00,4.87,4.08,7.8,11.08,9.38,10.22,6.05
2007-11-28 22:00:00,5.48,2.98,6.51,10.86,8.69,9.84,5.86
2007-11-28 23:00:00,5.6000000000000005,2.14,5.5,9.59,8.05,9.25,4.92
2007-11-29 00:00:00,5.54,1.8,5.29,8.49,8.81,9.62,4.67
2007-11-29 01:00:00,4.57,2.95,5.78,8.17,10.63,9.96,5.18
2007-11-29 02:00:00,6.8100000000000005,1.81,5.86,5.15,11.4,8.620000000000001,4.44
2007-11-29 03:00:00,3.36,1.39,4.5600000000000005,2.06,11.91,7.890000000000001,5.03
2007-11-29 04:00:00,2.02,1.35,1.76,0.91,11.29,6.62,3.88
2007-11-29 05:00:00,1.37,1.89,0.65,1.64,9.99,5.88,2.59
2007-11-29 06:00:00,1.18,1.89,1.44,1.1,9.41,5.03,1.86
2007-11-29 07:00:00,0.62,2.15,1.24,0.95,8.66,4.12,1.45
2007-11-29 08:00:00,0.5,2.26,0.52,0.48,8.4,2.94,1.28
2007-11-29 09:00:00,0.29,1.32,0.27,1.55,7.42,2.16,1.7
2007-11-29 10:00:00,0.51,0.99,0.17,1.62,6.54,0.85,1.3
2007-11-29 11:00:00,1.12,0.58,0.2,1.63,6.0600000000000005,1.78,0.71
2007-11-29 12:00:00,0.77,1.42,0.29,1.6,4.8500000000000005,1.75,0.43
2007-11-29 13:00:00,0.63,2.86,0.36,1.63,4.54,0.67,0.47
2007-11-29 14:00:00,1.19,3.52,0.71,1.52,2.72,0.37,0.45
2007-11-29 15:00:00,1.57,2.36,0.63,1.3,0.31,0.94,0.75
2007-11-29 16:00:00,1.64,1.5,0.3,1.21,1.22,0.8,0.32
2007-11-29 17:00:00,2.38,0.45,1.12,1.65,1.21,0.73,0.53
2007-11-29 18:00:00,3.0500000000000003,0.73,0.94,2.05,1.61,0.86,1.41
2007-11-29 19:00:00,4.86,1.35,1.5,1.94,2.97,0.52,1.58
2007-11-29 20:00:00,7.28,1.43,1.62,2.15,3.9,0.56,1.53
2007-11-29 21:00:00,7.67,0.97,1.54,2.31,4.38,2.03,1.63
2007-11-29 22:00:00,7.95,0.56,1.34,2.15,4.14,3.59,1.45
2007-11-29 23:00:00,6.78,0.76,0.8,2.95,4.14,4.5600000000000005,0.99
2007-11-30 00:00:00,6.78,1.35,1.38,4.25,4.5200000000000005,4.03,1.81
2007-11-30 01:00:00,7.930000000000001,2.24,3.49,3.78,3.98,0.49,5.96
2007-11-30 02:00:00,9.74,3.0700000000000003,3.98,3.68,4.72,1.03,5.37
2007-11-30 03:00:00,5.5,1.06,2.91,5.98,7.0600000000000005,0.47,5.8500000000000005
2007-11-30 04:00:00,8.700000000000001,0.65,3.82,5.51,7.2,1.21,6.140000000000001
2007-11-30 05:00:00,9.76,1.14,3.97,5.63,6.33,3.1,8.2
2007-11-30 06:00:00,11.13,2.72,5.78,4.75,5.53,3.31,5.7700000000000005
2007-11-30 07:00:00,11.85,2.75,11.01,5.39,4.84,2.71,6.140000000000001
2007-11-30 08:00:00,9.73,1.58,10.61,7.66,6.99,2.51,5.48
2007-11-30 09:00:00,9.78,0.3,6.9,11.05,4.37,3.08,4.03
2007-11-30 10:00:00,8.89,0.46,5.57,8.4,4.8100000000000005,4.0200000000000005,5.3500000000000005
2007-11-30 11:00:00,9.1,1.6,4.4,9.81,4.72,1.84,7.21
2007-11-30 12:00:00,8.38,7.140000000000001,4.98,9.97,5.7,4.66,7.87
2007-11-30 13:00:00,7.47,9.05,2.52,7.59,7.35,4.14,6.7700000000000005
2007-11-30 14:00:00,8.540000000000001,9.03,3.41,5.95,6.93,6.3,9.76
2007-11-30 15:00:00,6.47,9.4,6.140000000000001,5.34,7.43,5.41,6.23
2007-11-30 16:00:00,8.25,4.26,6.88,5.8,7.52,3.67,5.5600000000000005
2007-11-30 17:00:00,7.34,1.96,4.54,4.73,7.31,3.44,3.89
2007-11-30 18:00:00,6.65,1.54,2.47,3.46,6.68,3.0500000000000003,3.23
2007-11-30 19:00:00,11.47,1.62,1.42,4.32,7.84,2.08,3.82
2007-11-30 20:00:00,11.59,4.95,4.55,3.54,10.44,2.72,4.07
2007-11-30 21:00:00,9.78,5.14,3.66,3.4,11.26,1.69,4.08
2007-11-30 22:00:00,12.07,3.91,3.42,2.56,12.28,3.53,1.39
2007-11-30 23:00:00,13.13,4.46,2.21,2.27,11.17,5.19,2.72
2007-12-01 00:00:00,12.17,3.4,2.04,3.62,12.42,2.33,0.8
2007-12-01 01:00:00,11.2,3.02,2.65,4.38,12.12,1.46,1.65
2007-12-01 02:00:00,13.85,2.59,2.3000000000000003,2.8000000000000003,13.16,2.91,1.47
2007-12-01 03:00:00,18.21,3.63,1.32,4.73,13.84,2.25,0.9
2007-12-01 04:00:00,17.22,3.76,4.75,4.95,17.21,2.98,1.5
2007-12-01 05:00:00,17.11,12.86,7.94,4.39,17.57,2.72,2.57
2007-12-01 06:00:00,20.16,17.64,8.81,3.53,12.91,5.28,3.51
2007-12-01 07:00:00,24.54,19.06,10.82,6.45,15.69,6.96,4.12
2007-12-01 08:00:00,22.82,20.25,11.11,9.12,17.57,10.69,5.91
2007-12-01 09:00:00,18.59,19.8,10.33,10.92,16.87,11.47,9.31
2007-12-01 10:00:00,20.51,17.78,8.370000000000001,11.1,14.01,12.94,8.1
2007-12-01 11:00:00,21.0,14.73,8.18,8.58,12.01,12.29,9.18
2007-12-01 12:00:00,25.57,8.32,10.98,8.24,9.39,11.7,8.48
2007-12-01 13:00:00,28.87,5.58,12.12,5.03,11.84,12.94,7.29
2007-12-01 14:00:00,29.46,7.19,10.7,3.14,12.6,10.43,8.76
2007-12-01 15:00:00,29.91,10.08,13.47,2.4,15.23,17.26,12.14
2007-12-01 16:00:00,30.2,10.9,12.1,3.18,15.81,20.04,11.35
2007-12-01 17:00:00,30.89,13.27,10.75,6.47,17.32,20.35,9.54
2007-12-01 18:00:00,30.6,14.61,9.79,13.06,13.2,19.7,9.36
2007-12-01 19:00:00,30.67,16.01,9.36,13.86,13.91,19.13,8.32
2007-12-01 20:00:00,31.11,14.63,7.57,14.02,12.95,19.31,9.57
2007-12-01 21:00:00,31.72,13.46,10.48,16.54,12.45,16.88,10.62
2007-12-01 22:00:00,27.95,11.02,9.02,16.75,13.92,15.96,12.02
2007-12-01 23:00:00,23.98,8.65,11.56,18.56,16.86,16.740000000000002,11.34
2007-12-02 00:00:00,21.46,7.73,8.870000000000001,13.18,15.57,20.03,10.86
2007-12-02 01:00:00,20.15,10.0,8.13,13.31,12.37,19.68,9.52
2007-12-02 02:00:00,12.04,12.13,8.32,12.57,10.4,11.98,9.25
2007-12-02 03:00:00,12.41,17.3,7.9,14.34,9.26,9.63,8.17
2007-12-02 04:00:00,17.32,22.2,7.82,14.88,7.78,8.52,7.2
2007-12-02 05:00:00,17.73,21.65,8.77,11.94,7.22,8.6,8.22
2007-12-02 06:00:00,22.4,7.55,10.31,10.18,6.26,7.94,8.9
2007-12-02 07:00:00,12.52,2.22,11.45,9.17,4.86,8.97,10.41
2007-12-02 08:00:00,2.92,2.72,10.21,3.47,3.37,8.64,10.02
2007-12-02 09:00:00,9.01,1.34,8.72,2.84,2.15,8.52,10.5
2007-12-02 10:00:00,5.19,5.2700000000000005,6.05,2.9,4.0200000000000005,7.57,2.51
2007-12-02 11:00:00,1.3,3.49,7.41,4.5,4.39,6.97,3.36
2007-12-02 12:00:00,2.52,1.37,6.88,4.03,3.28,5.48,4.79
2007-12-02 13:00:00,1.34,3.04,3.47,6.45,3.61,1.56,0.49
2007-12-02 14:00:00,3.88,1.86,0.53,1.43,3.61,1.17,2.4
2007-12-02 15:00:00,3.13,0.29,1.38,1.23,2.97,3.53,2.5
2007-12-02 16:00:00,3.82,1.25,2.89,1.33,2.89,3.2,1.12
2007-12-02 17:00:00,2.32,2.16,0.84,0.93,2.52,4.5,1.25
2007-12-02 18:00:00,2.98,1.99,1.67,1.18,3.36,5.41,1.94
2007-12-02 19:00:00,2.2,1.04,2.51,1.75,3.25,6.63,2.76
2007-12-02 20:00:00,2.15,1.13,2.21,2.56,3.29,5.6000000000000005,2.58
2007-12-02 21:00:00,2.64,1.21,2.45,2.24,2.92,4.68,2.53
2007-12-02 22:00:00,3.06,1.15,2.49,2.61,3.22,5.94,1.68
2007-12-02 23:00:00,2.98,1.39,2.48,2.53,3.47,6.6000000000000005,2.96
2007-12-03 00:00:00,3.61,2.04,3.13,3.78,3.96,7.1000000000000005,2.85
2007-12-03 01:00:00,4.45,0.9,6.3,4.29,4.24,8.34,4.36
2007-12-03 02:00:00,3.64,2.26,4.86,4.65,5.45,8.46,4.93
2007-12-03 03:00:00,2.78,1.41,5.73,2.95,6.5200000000000005,8.81,5.7
2007-12-03 04:00:00,2.56,0.96,1.85,4.17,6.05,9.63,5.0600000000000005
2007-12-03 05:00:00,2.37,1.45,1.47,3.73,6.1000000000000005,9.31,4.17
2007-12-03 06:00:00,2.06,1.45,2.5500000000000003,3.46,6.2700000000000005,8.51,3.73
2007-12-03 07:00:00,2.04,1.7,2.96,2.41,5.18,8.53,6.2
2007-12-03 08:00:00,2.12,2.67,1.55,3.5500000000000003,4.67,7.79,4.92
2007-12-03 09:00:00,2.69,1.36,1.17,2.95,5.83,7.95,4.2
2007-12-03 10:00:00,2.42,0.8300000000000001,1.31,1.61,5.3500000000000005,6.37,3.68
2007-12-03 11:00:00,2.79,2.02,1.48,2.08,5.92,5.12,3.86
2007-12-03 12:00:00,2.39,1.79,1.13,1.25,5.7700000000000005,5.73,3.66
2007-12-03 13:00:00,2.77,1.91,0.75,1.32,6.17,4.3100000000000005,2.33
2007-12-03 14:00:00,3.3200000000000003,0.93,0.3,1.91,6.46,2.12,1.56
2007-12-03 15:00:00,3.44,1.05,0.37,2.94,6.8,3.49,1.58
2007-12-03 16:00:00,3.45,0.94,0.27,2.1,7.47,2.19,1.87
2007-12-03 17:00:00,3.3200000000000003,0.99,0.85,2.3000000000000003,7.49,1.1,1.48
2007-12-03 18:00:00,3.64,0.36,1.2,1.69,6.65,0.61,1.14
2007-12-03 19:00:00,3.22,1.09,0.56,0.71,6.29,0.29,1.22
2007-12-03 20:00:00,3.25,1.22,0.68,1.37,6.19,0.13,1.59
2007-12-03 21:00:00,3.36,1.03,1.41,0.98,6.43,0.23,1.49
2007-12-03 22:00:00,3.61,1.03,1.34,0.65,6.62,0.19,1.59
2007-12-03 23:00:00,3.81,1.0,0.6,1.21,8.61,2.07,0.74
2007-12-04 00:00:00,3.96,0.95,0.5,0.75,10.64,1.75,0.5700000000000001
2007-12-04 01:00:00,4.49,0.58,0.28,0.44,11.97,1.33,0.6900000000000001
2007-12-04 02:00:00,5.08,0.37,0.55,0.61,11.37,1.73,0.89
2007-12-04 03:00:00,5.22,1.21,0.51,0.81,10.86,1.6,0.62
2007-12-04 04:00:00,5.8,0.7000000000000001,0.59,1.16,10.2,2.58,0.49
2007-12-04 05:00:00,6.13,1.02,1.14,2.34,10.03,2.66,0.51
2007-12-04 06:00:00,6.23,1.33,1.22,0.89,9.54,2.61,1.05
2007-12-04 07:00:00,6.12,0.3,0.66,2.74,9.6,3.16,1.1
2007-12-04 08:00:00,6.3500000000000005,0.97,1.09,2.36,10.53,2.98,0.81
2007-12-04 09:00:00,6.28,1.2,0.78,2.69,9.96,2.73,0.47
2007-12-04 10:00:00,6.11,0.5,0.18,2.96,8.43,2.91,0.15
2007-12-04 11:00:00,6.44,0.84,0.22,4.5600000000000005,8.68,2.75,0.62
2007-12-04 12:00:00,6.54,1.18,0.44,4.9,7.96,3.03,0.16
2007-12-04 13:00:00,6.73,1.16,0.44,5.33,7.7,3.14,0.15
2007-12-04 14:00:00,6.4,1.08,0.39,6.03,8.33,3.9,0.28
2007-12-04 15:00:00,6.29,1.24,0.68,6.26,7.79,3.94,0.42
2007-12-04 16:00:00,6.66,1.13,0.64,6.76,8.02,3.56,0.47
2007-12-04 17:00:00,6.43,1.14,0.45,7.79,7.56,2.94,0.76
2007-12-04 18:00:00,5.67,1.25,0.44,9.74,6.79,3.44,1.08
2007-12-04 19:00:00,4.28,1.14,0.5,9.93,6.37,2.9,1.21
2007-12-04 20:00:00,4.48,1.11,0.1,9.18,6.09,2.26,0.91
2007-12-04 21:00:00,5.0200000000000005,1.16,0.08,8.72,6.3500000000000005,1.98,0.63
2007-12-04 22:00:00,4.61,1.14,0.3,9.42,6.640000000000001,1.96,0.8300000000000001
2007-12-04 23:00:00,5.47,1.32,0.52,8.13,7.1000000000000005,1.45,1.15
2007-12-05 00:00:00,5.38,1.81,0.8300000000000001,8.96,7.74,1.14,1.24
2007-12-05 01:00:00,5.65,1.77,1.33,8.64,6.96,1.09,1.17
2007-12-05 02:00:00,6.01,1.66,0.84,8.76,6.890000000000001,0.96,1.78
2007-12-05 03:00:00,5.26,1.89,0.63,7.65,6.7700000000000005,0.72,2.02
2007-12-05 04:00:00,4.67,1.68,0.6900000000000001,6.8100000000000005,6.2,1.14,2.14
2007-12-05 05:00:00,5.46,1.38,1.24,3.77,5.84,1.71,0.74
2007-12-05 06:00:00,4.65,1.46,1.31,5.4,5.17,1.37,0.61
2007-12-05 07:00:00,4.16,2.25,0.89,5.91,3.91,1.61,1.79
2007-12-05 08:00:00,3.81,2.51,1.52,5.46,2.39,2.0,2.96
2007-12-05 09:00:00,3.26,2.8000000000000003,1.5,4.12,0.91,3.12,2.39
2007-12-05 10:00:00,2.73,2.8000000000000003,0.37,3.3200000000000003,1.8,3.92,1.86
2007-12-05 11:00:00,2.44,2.72,0.99,3.06,3.21,4.3500000000000005,1.82
2007-12-05 12:00:00,2.06,2.81,1.53,1.93,3.5500000000000003,4.71,2.77
2007-12-05 13:00:00,1.92,2.5500000000000003,1.18,2.29,3.06,5.44,2.24
2007-12-05 14:00:00,1.65,2.56,0.59,2.05,2.15,5.19,2.32
2007-12-05 15:00:00,1.62,2.77,0.66,1.77,1.97,4.66,2.02
2007-12-05 16:00:00,1.54,3.01,1.06,2.51,1.99,4.65,1.97
2007-12-05 17:00:00,1.37,3.02,1.81,2.35,2.31,4.3500000000000005,2.5500000000000003
2007-12-05 18:00:00,1.24,2.02,0.8300000000000001,1.43,2.02,3.99,1.66
2007-12-05 19:00:00,0.72,2.37,0.3,0.37,2.63,4.19,1.91
2007-12-05 20:00:00,1.0,2.69,0.74,1.05,3.4,6.44,1.76
2007-12-05 21:00:00,2.21,2.73,1.7,1.68,3.73,6.41,1.32
2007-12-05 22:00:00,3.58,1.24,5.34,1.99,4.4,7.34,1.7
2007-12-05 23:00:00,6.37,7.76,10.43,2.44,5.04,7.92,1.69
2007-12-06 00:00:00,7.83,14.01,11.85,3.76,4.04,6.99,2.77
2007-12-06 01:00:00,8.59,16.73,14.73,3.66,2.57,8.64,2.21
2007-12-06 02:00:00,9.31,14.3,13.4,3.5500000000000003,4.48,7.83,4.29
2007-12-06 03:00:00,10.33,9.88,12.65,4.48,6.08,7.390000000000001,7.24
2007-12-06 04:00:00,11.66,4.54,12.64,4.94,6.17,7.94,8.24
2007-12-06 05:00:00,13.23,4.8100000000000005,12.99,2.8000000000000003,6.0200000000000005,7.82,7.36
2007-12-06 06:00:00,14.06,4.5200000000000005,12.09,2.62,5.99,8.75,5.33
2007-12-06 07:00:00,14.8,5.39,11.95,2.41,5.74,9.49,5.3100000000000005
2007-12-06 08:00:00,13.61,8.16,12.75,1.54,6.59,9.85,5.71
2007-12-06 09:00:00,13.83,6.890000000000001,11.07,2.14,6.65,9.97,5.65
2007-12-06 10:00:00,13.86,6.74,10.9,3.56,6.3500000000000005,8.56,5.8
2007-12-06 11:00:00,13.94,6.47,12.7,4.66,6.79,8.2,6.88
2007-12-06 12:00:00,14.14,7.45,13.65,5.08,6.96,8.9,5.5600000000000005
2007-12-06 13:00:00,13.94,15.08,13.07,4.1,6.97,9.2,5.0600000000000005
2007-12-06 14:00:00,13.8,13.68,12.18,2.18,5.63,8.73,3.75
2007-12-06 15:00:00,13.72,13.28,11.6,2.12,6.11,8.56,6.76
2007-12-06 16:00:00,13.89,13.54,10.16,4.62,7.23,8.09,9.02
2007-12-06 17:00:00,13.74,14.75,8.41,6.69,6.92,7.36,9.92
2007-12-06 18:00:00,14.18,14.57,9.65,6.3,6.9,9.03,9.71
2007-12-06 19:00:00,14.32,14.33,9.66,8.08,7.31,9.79,8.38
2007-12-06 20:00:00,14.57,12.55,10.25,9.49,7.79,10.66,9.8
2007-12-06 21:00:00,15.08,10.69,11.41,12.24,7.49,11.89,10.43
2007-12-06 22:00:00,16.18,9.11,12.54,13.11,7.82,14.11,10.45
2007-12-06 23:00:00,16.88,7.35,11.97,12.18,7.54,14.13,10.39
2007-12-07 00:00:00,17.93,8.27,12.14,9.3,8.0,15.3,10.89
2007-12-07 01:00:00,18.95,7.33,11.03,11.67,8.93,17.93,9.61
2007-12-07 02:00:00,20.01,11.41,12.3,16.86,9.75,20.16,9.51
2007-12-07 03:00:00,20.3,13.31,14.58,18.56,9.5,21.21,10.82
2007-12-07 04:00:00,20.15,13.83,13.76,17.56,9.75,20.35,8.66
2007-12-07 05:00:00,19.33,12.74,11.05,12.39,10.97,19.69,10.6
2007-12-07 06:00:00,19.15,15.96,5.39,8.39,9.99,22.89,10.68
2007-12-07 07:00:00,19.03,11.63,5.69,9.23,9.85,23.44,9.51
2007-12-07 08:00:00,19.23,12.85,23.11,17.900000000000002,9.77,27.3,9.02
2007-12-07 09:00:00,19.72,14.42,18.59,16.65,11.06,24.31,11.01
2007-12-07 10:00:00,21.06,12.84,17.580000000000002,12.28,9.89,22.89,9.88
2007-12-07 11:00:00,22.5,8.88,15.53,9.03,13.65,18.64,6.05
2007-12-07 12:00:00,23.12,8.1,13.83,9.36,15.52,16.01,9.45
2007-12-07 13:00:00,24.99,7.83,15.0,10.02,15.61,16.94,6.5
2007-12-07 14:00:00,25.5,6.61,7.62,10.36,14.4,17.35,7.38
2007-12-07 15:00:00,25.72,18.94,10.25,15.94,12.71,16.15,8.08
2007-12-07 16:00:00,27.39,9.83,10.24,16.88,12.17,17.85,12.74
2007-12-07 17:00:00,24.97,3.28,9.91,14.62,13.02,23.27,11.38
2007-12-07 18:00:00,24.38,4.08,8.48,15.22,11.47,21.97,11.27
2007-12-07 19:00:00,24.62,8.55,10.28,16.28,9.92,20.84,13.06
2007-12-07 20:00:00,21.72,12.35,10.04,16.7,9.13,19.06,11.05
2007-12-07 21:00:00,24.2,10.46,11.86,17.490000000000002,8.040000000000001,17.580000000000002,9.56
2007-12-07 22:00:00,20.23,12.57,10.92,16.95,6.25,16.52,8.61
2007-12-07 23:00:00,20.96,11.36,9.91,16.44,11.87,16.53,7.43
2007-12-08 00:00:00,18.75,4.5,10.26,11.27,12.97,18.13,9.85
2007-12-08 01:00:00,18.75,3.0,11.11,14.74,11.92,16.94,12.25
2007-12-08 02:00:00,19.48,2.43,11.37,12.63,10.04,16.55,11.42
2007-12-08 03:00:00,22.39,5.33,6.99,10.66,7.41,15.86,8.65
2007-12-08 04:00:00,21.18,7.44,8.46,13.45,9.98,14.18,9.52
2007-12-08 05:00:00,22.52,17.85,10.52,10.76,11.48,13.71,5.3500000000000005
2007-12-08 06:00:00,25.8,7.42,12.61,10.55,13.64,15.93,6.3100000000000005
2007-12-08 07:00:00,25.46,13.39,11.19,6.2700000000000005,15.14,15.08,7.15
2007-12-08 08:00:00,22.24,19.16,10.24,4.74,14.85,7.52,8.24
2007-12-08 09:00:00,21.51,19.64,9.86,4.41,14.7,11.05,5.08
2007-12-08 10:00:00,19.15,18.69,10.71,2.11,14.53,10.46,4.91
2007-12-08 11:00:00,19.23,18.06,9.76,1.63,17.18,9.97,1.73
2007-12-08 12:00:00,17.89,17.77,9.36,2.24,18.05,9.6,4.8500000000000005
2007-12-08 13:00:00,16.27,17.09,10.87,2.3000000000000003,18.85,9.6,6.66
2007-12-08 14:00:00,20.47,18.17,10.37,2.22,17.73,9.66,6.87
2007-12-08 15:00:00,20.6,17.55,6.92,3.84,12.48,7.92,8.05
2007-12-08 16:00:00,17.91,8.3,7.140000000000001,2.89,8.14,10.04,6.91
2007-12-08 17:00:00,16.31,12.75,9.58,2.38,8.39,8.82,6.97
2007-12-08 18:00:00,16.47,13.4,11.04,7.68,7.82,8.93,6.74
2007-12-08 19:00:00,15.87,13.96,11.29,5.73,11.73,9.79,9.07
2007-12-08 20:00:00,16.1,15.02,11.62,5.88,11.12,9.47,9.07
2007-12-08 21:00:00,16.65,15.48,8.92,6.8100000000000005,9.98,10.85,8.91
2007-12-08 22:00:00,15.8,13.36,9.04,5.55,9.61,11.82,7.6
2007-12-08 23:00:00,15.21,11.46,8.73,4.51,8.48,11.05,7.52
2007-12-09 00:00:00,14.97,12.85,8.32,4.1,7.4,8.59,7.390000000000001
2007-12-09 01:00:00,15.11,10.23,6.2,2.93,6.42,6.36,3.92
2007-12-09 02:00:00,14.71,7.98,6.48,2.62,5.67,5.24,2.26
2007-12-09 03:00:00,13.72,5.87,7.0,2.96,5.03,4.44,1.48
2007-12-09 04:00:00,12.67,4.59,8.4,2.97,4.18,5.09,2.44
2007-12-09 05:00:00,11.19,2.82,6.38,5.37,3.93,1.37,4.99
2007-12-09 06:00:00,10.87,5.83,3.5500000000000003,6.5200000000000005,2.36,0.43,6.18
2007-12-09 07:00:00,7.640000000000001,6.7,1.91,9.41,3.0500000000000003,0.72,9.66
2007-12-09 08:00:00,7.68,8.44,1.48,9.69,4.03,3.42,10.42
2007-12-09 09:00:00,3.72,7.03,1.9,12.2,5.89,5.3,6.66
2007-12-09 10:00:00,1.66,8.0,7.4,13.23,5.29,5.55,8.82
2007-12-09 11:00:00,1.75,5.74,9.92,13.88,3.82,5.57,12.33
2007-12-09 12:00:00,2.7,5.89,8.9,14.35,4.14,7.9,13.95
2007-12-09 13:00:00,4.0600000000000005,7.56,7.16,13.71,4.34,6.68,12.82
2007-12-09 14:00:00,4.28,11.97,9.13,14.76,4.0200000000000005,4.95,13.26
2007-12-09 15:00:00,4.7700000000000005,12.01,6.0600000000000005,14.16,3.67,4.44,12.12
2007-12-09 16:00:00,6.05,14.05,4.44,13.64,4.13,5.0200000000000005,13.41
2007-12-09 17:00:00,6.63,13.37,4.28,14.96,3.64,6.3,14.28
2007-12-09 18:00:00,5.84,14.03,5.98,14.86,2.99,6.62,13.59
2007-12-09 19:00:00,5.29,11.48,10.95,14.15,3.67,6.93,12.48
2007-12-09 20:00:00,4.88,7.97,11.04,13.75,5.79,5.5600000000000005,11.26
2007-12-09 21:00:00,7.0,6.75,10.63,13.51,5.28,7.32,9.74
2007-12-09 22:00:00,7.79,8.35,10.36,13.39,4.6000000000000005,8.790000000000001,9.63
2007-12-09 23:00:00,8.370000000000001,8.98,10.22,13.12,3.97,9.1,10.14
2007-12-10 00:00:00,7.57,9.32,9.86,13.53,3.0700000000000003,8.94,9.87
2007-12-10 01:00:00,8.67,7.1000000000000005,8.59,14.07,1.94,5.79,10.65
2007-12-10 02:00:00,6.38,8.43,6.640000000000001,14.22,6.73,4.98,7.79
2007-12-10 03:00:00,6.98,6.0600000000000005,8.1,12.67,7.01,4.2,6.8100000000000005
2007-12-10 04:00:00,7.16,5.7,8.28,12.63,5.21,2.6,5.83
2007-12-10 05:00:00,8.59,3.01,7.67,12.31,4.0,1.86,6.86
2007-12-10 06:00:00,7.97,2.1,4.04,11.96,4.01,0.33,8.700000000000001
2007-12-10 07:00:00,7.28,2.91,1.1,11.31,3.68,0.34,8.8
2007-12-10 08:00:00,6.76,3.91,0.91,12.44,3.49,0.15,6.75
2007-12-10 09:00:00,6.37,2.91,0.7000000000000001,12.36,3.16,0.59,4.32
2007-12-10 10:00:00,6.33,2.56,1.18,12.35,3.22,3.24,3.27
2007-12-10 11:00:00,6.29,3.31,2.06,10.6,2.92,2.29,3.67
2007-12-10 12:00:00,6.33,2.01,1.62,10.06,3.4,1.57,4.71
2007-12-10 13:00:00,5.96,2.82,0.4,10.19,3.67,4.37,5.62
2007-12-10 14:00:00,5.71,2.54,0.39,12.14,4.43,0.39,4.76
2007-12-10 15:00:00,5.0600000000000005,3.99,0.53,12.02,5.7700000000000005,1.07,4.26
2007-12-10 16:00:00,4.38,3.23,0.43,10.79,6.05,1.6,3.83
2007-12-10 17:00:00,4.3500000000000005,1.25,0.39,9.63,5.05,1.95,1.97
2007-12-10 18:00:00,3.95,0.49,0.17,9.18,5.04,2.53,1.55
2007-12-10 19:00:00,3.23,0.59,0.43,8.870000000000001,4.71,3.02,1.32
2007-12-10 20:00:00,2.5500000000000003,0.81,0.8,7.83,4.76,3.19,1.26
2007-12-10 21:00:00,2.12,0.48,0.99,6.82,4.67,3.16,1.34
2007-12-10 22:00:00,0.91,0.62,0.78,6.46,4.18,3.24,1.15
2007-12-10 23:00:00,1.25,0.78,1.68,5.12,5.24,2.9,1.13
2007-12-11 00:00:00,4.57,1.54,1.79,5.22,6.03,3.74,1.98
2007-12-11 01:00:00,2.61,4.13,0.8300000000000001,5.59,6.09,3.93,1.67
2007-12-11 02:00:00,1.31,2.72,1.21,6.94,6.17,3.35,1.43
2007-12-11 03:00:00,3.91,6.4,2.28,7.42,7.0600000000000005,3.09,0.78
2007-12-11 04:00:00,7.5,3.39,1.87,11.01,9.4,3.15,0.88
2007-12-11 05:00:00,8.52,5.91,2.44,9.42,8.27,3.17,0.35
2007-12-11 06:00:00,9.86,5.46,3.93,13.06,8.040000000000001,3.5500000000000003,6.55
2007-12-11 07:00:00,10.06,8.19,2.38,13.46,7.87,2.79,12.41
2007-12-11 08:00:00,10.76,5.73,0.73,16.740000000000002,10.36,2.01,6.76
2007-12-11 09:00:00,10.63,9.85,1.55,18.51,10.64,3.11,4.97
2007-12-11 10:00:00,9.86,9.71,3.99,18.43,9.25,7.18,6.71
2007-12-11 11:00:00,8.370000000000001,9.26,3.61,17.75,7.87,5.64,5.88
2007-12-11 12:00:00,6.4,7.57,2.97,17.62,6.04,2.99,4.39
2007-12-11 13:00:00,4.0200000000000005,7.1000000000000005,2.99,18.17,4.37,3.3200000000000003,7.24
2007-12-11 14:00:00,1.44,9.81,2.76,18.55,2.35,5.36,5.63
2007-12-11 15:00:00,1.27,9.04,2.19,18.24,2.45,5.34,7.2
2007-12-11 16:00:00,3.21,11.92,4.46,16.66,1.65,11.07,9.13
2007-12-11 17:00:00,3.85,12.23,3.47,13.78,1.34,9.08,7.12
2007-12-11 18:00:00,4.73,12.8,5.22,14.58,1.51,5.6000000000000005,11.85
2007-12-11 19:00:00,4.8,10.1,6.78,15.84,1.07,5.51,11.6
2007-12-11 20:00:00,5.66,7.27,8.9,15.23,1.94,5.0,8.2
2007-12-11 21:00:00,6.5600000000000005,6.57,6.8500000000000005,14.11,2.37,5.91,9.02
2007-12-11 22:00:00,6.890000000000001,5.97,8.45,14.08,1.81,6.72,7.76
2007-12-11 23:00:00,6.55,7.78,7.45,14.08,2.86,6.3500000000000005,8.19
2007-12-12 00:00:00,5.57,7.59,7.59,14.45,5.23,7.29,8.07
2007-12-12 01:00:00,4.66,4.55,9.91,13.7,6.07,7.6,9.42
2007-12-12 02:00:00,5.8500000000000005,5.0200000000000005,11.1,14.18,5.88,5.24,6.66
2007-12-12 03:00:00,5.8500000000000005,3.77,11.24,14.31,5.69,5.33,7.99
2007-12-12 04:00:00,5.6000000000000005,3.5700000000000003,4.26,13.64,4.07,5.0,7.33
2007-12-12 05:00:00,5.54,1.91,2.81,13.29,3.49,4.51,6.53
2007-12-12 06:00:00,5.53,1.88,3.38,11.16,3.73,4.07,5.95
2007-12-12 07:00:00,5.3100000000000005,3.01,0.89,8.66,3.85,4.5,6.0200000000000005
2007-12-12 08:00:00,4.64,3.98,1.08,7.38,2.87,4.44,5.2
2007-12-12 09:00:00,4.59,4.24,2.11,7.84,2.33,3.37,4.03
2007-12-12 10:00:00,3.83,1.82,1.79,7.95,1.49,0.73,3.67
2007-12-12 11:00:00,3.81,1.12,1.34,4.91,1.4,0.45,2.64
2007-12-12 12:00:00,4.28,0.45,1.02,4.93,2.03,0.38,2.62
2007-12-12 13:00:00,5.34,1.04,0.31,3.79,3.4,0.45,2.79
2007-12-12 14:00:00,3.83,1.32,0.31,2.56,4.37,0.71,2.88
2007-12-12 15:00:00,4.03,1.19,0.81,3.27,5.5,0.5700000000000001,2.78
2007-12-12 16:00:00,3.66,0.84,0.64,3.35,5.89,0.48,2.09
2007-12-12 17:00:00,3.93,1.0,0.36,3.83,5.5,1.19,1.47
2007-12-12 18:00:00,3.94,1.44,0.52,4.37,6.18,1.91,1.54
2007-12-12 19:00:00,4.0600000000000005,1.97,1.2,3.74,6.13,2.5500000000000003,2.65
2007-12-12 20:00:00,4.01,2.21,2.06,4.14,5.69,2.67,3.08
2007-12-12 21:00:00,4.14,2.08,2.7,4.93,5.49,2.76,3.42
2007-12-12 22:00:00,3.91,1.79,3.45,4.67,5.45,2.75,3.23
2007-12-12 23:00:00,3.27,1.54,3.3200000000000003,5.3100000000000005,5.33,2.63,3.18
2007-12-13 00:00:00,3.39,1.72,3.62,4.23,5.34,2.83,3.4
2007-12-13 01:00:00,3.96,5.89,3.86,4.83,5.24,2.5,3.56
2007-12-13 02:00:00,4.25,4.54,3.34,5.86,5.51,4.0600000000000005,3.98
2007-12-13 03:00:00,2.67,4.08,1.72,6.47,5.57,4.5,5.8500000000000005
2007-12-13 04:00:00,2.29,3.83,1.38,6.93,5.51,3.88,7.37
2007-12-13 05:00:00,2.2,3.45,1.22,7.0600000000000005,5.38,3.95,6.29
2007-12-13 06:00:00,2.23,3.04,1.63,6.73,5.21,3.27,6.32
2007-12-13 07:00:00,2.0,1.59,1.3,7.0,5.5,2.05,6.58
2007-12-13 08:00:00,1.71,0.8300000000000001,0.85,6.8500000000000005,5.5200000000000005,0.17,5.71
2007-12-13 09:00:00,1.49,1.0,0.64,6.91,5.7700000000000005,1.63,4.88
2007-12-13 10:00:00,1.32,0.92,0.29,7.17,5.88,2.96,3.28
2007-12-13 11:00:00,1.49,0.97,0.42,6.8100000000000005,6.11,2.64,2.33
2007-12-13 12:00:00,1.82,0.8200000000000001,0.52,6.84,6.28,2.31,2.23
2007-12-13 13:00:00,1.84,0.36,0.86,7.2,6.51,1.64,2.26
2007-12-13 14:00:00,1.69,0.4,1.25,8.14,6.05,1.98,2.3000000000000003
2007-12-13 15:00:00,1.64,0.41,1.03,8.34,5.92,2.57,2.26
2007-12-13 16:00:00,1.82,0.32,0.84,8.64,5.54,2.25,2.21
2007-12-13 17:00:00,1.76,0.39,0.44,8.55,4.75,2.34,1.76
2007-12-13 18:00:00,1.94,0.63,0.49,9.37,4.72,2.88,2.01
2007-12-13 19:00:00,2.15,1.11,1.21,11.37,4.5600000000000005,3.2,2.67
2007-12-13 20:00:00,2.29,1.24,2.28,11.27,4.5,3.42,2.83
2007-12-13 21:00:00,1.81,1.01,2.8000000000000003,11.56,4.72,3.39,2.47
2007-12-13 22:00:00,1.23,1.01,2.91,11.31,5.04,2.42,2.58
2007-12-13 23:00:00,0.23,0.68,2.62,9.95,6.48,3.35,2.34
2007-12-14 00:00:00,0.28,0.17,1.84,10.79,7.67,2.35,1.75
2007-12-14 01:00:00,0.95,0.51,1.47,9.19,8.01,1.73,0.45
2007-12-14 02:00:00,0.13,1.19,1.29,9.41,8.11,1.0,1.66
2007-12-14 03:00:00,0.74,1.04,1.24,10.91,8.46,0.94,3.51
2007-12-14 04:00:00,3.21,0.61,1.04,11.06,7.61,1.12,3.43
2007-12-14 05:00:00,4.4,0.67,1.2,10.51,8.17,1.23,3.17
2007-12-14 06:00:00,4.08,0.7000000000000001,1.13,8.120000000000001,8.84,3.1,2.77
2007-12-14 07:00:00,4.09,0.47,1.33,6.96,8.870000000000001,2.3000000000000003,2.39
2007-12-14 08:00:00,3.26,0.8300000000000001,1.14,8.700000000000001,8.47,1.63,2.34
2007-12-14 09:00:00,3.24,0.52,1.24,10.37,7.97,2.67,1.78
2007-12-14 10:00:00,3.36,0.44,0.87,11.29,10.03,4.28,2.02
2007-12-14 11:00:00,2.8000000000000003,0.91,0.79,11.52,12.25,4.93,3.79
2007-12-14 12:00:00,2.33,1.31,0.75,11.07,13.51,5.1000000000000005,3.8
2007-12-14 13:00:00,2.99,1.13,0.47,10.93,13.52,4.0200000000000005,4.28
2007-12-14 14:00:00,2.57,1.13,0.74,10.83,14.27,3.26,3.7
2007-12-14 15:00:00,2.46,0.93,1.09,11.72,14.05,2.95,3.71
2007-12-14 16:00:00,1.72,0.71,0.95,11.54,12.09,2.41,3.9
2007-12-14 17:00:00,1.7,0.63,0.72,10.19,9.2,1.41,3.0
2007-12-14 18:00:00,1.51,0.67,0.72,9.53,7.7,0.7000000000000001,3.94
2007-12-14 19:00:00,1.98,0.88,0.6900000000000001,8.76,8.47,1.71,3.89
2007-12-14 20:00:00,2.79,1.11,1.7,6.33,8.620000000000001,2.16,3.35
2007-12-14 21:00:00,3.45,1.26,2.68,5.54,9.74,2.05,2.84
2007-12-14 22:00:00,3.09,1.44,3.0,5.09,10.27,1.09,2.98
2007-12-14 23:00:00,2.78,1.35,2.89,4.95,10.32,0.85,2.76
2007-12-15 00:00:00,2.37,0.52,3.93,4.88,10.46,2.26,2.73
2007-12-15 01:00:00,2.25,1.26,5.6000000000000005,5.45,13.29,2.04,2.69
2007-12-15 02:00:00,2.26,1.62,4.12,5.08,12.63,3.94,2.91
2007-12-15 03:00:00,2.36,1.39,2.52,4.0600000000000005,12.48,5.93,3.1
2007-12-15 04:00:00,2.15,0.95,1.12,3.0500000000000003,11.33,6.0200000000000005,2.8000000000000003
2007-12-15 05:00:00,1.95,0.29,0.68,2.69,10.67,5.26,3.11
2007-12-15 06:00:00,2.22,0.31,0.49,3.68,10.95,5.09,3.02
2007-12-15 07:00:00,2.25,0.6,0.3,2.24,9.68,5.22,3.38
2007-12-15 08:00:00,2.6,0.4,0.72,1.31,8.15,4.62,3.48
2007-12-15 09:00:00,3.02,0.61,0.8,0.77,5.43,5.44,3.34
2007-12-15 10:00:00,3.31,0.46,0.38,1.01,4.94,6.01,3.0500000000000003
2007-12-15 11:00:00,3.6,0.6,0.19,2.17,4.14,5.96,2.62
2007-12-15 12:00:00,3.52,1.2,0.2,2.53,6.23,6.44,2.52
2007-12-15 13:00:00,3.54,1.56,0.77,2.04,6.45,6.5600000000000005,1.96
2007-12-15 14:00:00,3.37,1.43,0.45,1.82,3.63,6.67,2.08
2007-12-15 15:00:00,3.12,0.99,0.54,2.59,3.19,6.59,2.22
2007-12-15 16:00:00,2.98,0.85,0.58,2.73,3.08,6.44,2.78
2007-12-15 17:00:00,2.99,0.44,0.8300000000000001,2.22,4.0200000000000005,5.96,2.18
2007-12-15 18:00:00,2.7,0.84,0.68,2.3000000000000003,3.04,5.96,2.5
2007-12-15 19:00:00,2.44,0.93,1.17,2.63,2.29,5.66,2.5500000000000003
2007-12-15 20:00:00,2.45,0.79,1.77,2.9,2.07,5.8,2.47
2007-12-15 21:00:00,2.72,0.94,1.32,3.02,2.05,5.8,2.42
2007-12-15 22:00:00,2.81,1.21,0.98,2.91,2.24,5.8100000000000005,2.15
2007-12-15 23:00:00,2.46,1.22,0.96,3.08,2.29,6.12,1.86
2007-12-16 00:00:00,3.23,1.05,0.41,3.11,2.0,6.63,1.68
2007-12-16 01:00:00,3.17,0.99,0.73,3.62,2.14,7.21,0.94
2007-12-16 02:00:00,2.47,0.53,0.98,3.9,2.38,7.41,1.03
2007-12-16 03:00:00,1.62,0.76,1.44,4.0600000000000005,2.62,6.68,1.68
2007-12-16 04:00:00,1.9,1.57,1.84,4.01,2.58,6.43,2.5500000000000003
2007-12-16 05:00:00,1.71,1.46,1.13,3.45,2.3000000000000003,6.23,2.81
2007-12-16 06:00:00,1.69,1.26,1.22,2.82,2.32,5.95,3.33
2007-12-16 07:00:00,1.74,1.56,1.05,3.17,2.68,5.7,4.23
2007-12-16 08:00:00,1.75,0.54,1.69,3.86,2.91,5.44,5.0600000000000005
2007-12-16 09:00:00,1.8,1.41,1.74,3.97,3.39,5.39,5.48
2007-12-16 10:00:00,1.83,1.3,1.48,3.87,3.63,5.36,5.14
2007-12-16 11:00:00,2.01,1.02,1.13,3.84,3.99,5.62,4.5600000000000005
2007-12-16 12:00:00,1.93,0.86,0.73,3.89,4.11,5.49,3.85
2007-12-16 13:00:00,2.04,0.96,0.63,3.67,3.74,5.38,2.88
2007-12-16 14:00:00,2.15,1.09,0.95,3.64,3.18,5.47,3.82
2007-12-16 15:00:00,2.42,1.19,1.27,3.5500000000000003,3.02,6.07,3.94
2007-12-16 16:00:00,2.38,0.94,1.2,3.42,3.29,6.01,3.64
2007-12-16 17:00:00,2.03,0.8300000000000001,0.6900000000000001,3.13,3.3200000000000003,5.42,2.33
2007-12-16 18:00:00,1.59,1.19,0.34,3.18,2.57,5.37,2.35
2007-12-16 19:00:00,1.48,1.12,1.27,3.12,2.73,4.69,2.76
2007-12-16 20:00:00,1.03,0.78,1.82,3.2,2.06,4.47,2.19
2007-12-16 21:00:00,0.48,1.3,1.61,2.89,1.82,4.01,1.89
2007-12-16 22:00:00,0.3,1.77,1.0,3.14,1.77,3.3200000000000003,1.28
2007-12-16 23:00:00,1.0,1.74,0.43,3.35,1.99,2.66,1.37
2007-12-17 00:00:00,0.6900000000000001,1.59,0.45,3.0,2.0,2.29,1.68
2007-12-17 01:00:00,1.8,1.17,1.01,3.0500000000000003,2.56,2.44,1.68
2007-12-17 02:00:00,2.39,1.49,1.02,2.81,2.73,3.85,1.25
2007-12-17 03:00:00,3.29,1.43,1.3,3.0500000000000003,2.54,3.79,1.34
2007-12-17 04:00:00,4.76,1.1,1.35,3.79,2.52,3.72,1.55
2007-12-17 05:00:00,6.3500000000000005,0.14,1.23,3.6,2.75,2.34,2.0
2007-12-17 06:00:00,7.81,0.7000000000000001,1.6,2.82,3.03,2.12,3.0500000000000003
2007-12-17 07:00:00,9.64,0.6900000000000001,1.68,2.66,4.1,0.27,3.92
2007-12-17 08:00:00,10.97,0.56,1.79,2.08,3.34,1.93,4.82
2007-12-17 09:00:00,11.07,0.93,2.37,2.57,2.14,2.42,5.61
2007-12-17 10:00:00,10.83,0.74,3.27,4.64,2.73,3.6,5.32
2007-12-17 11:00:00,10.94,0.8,2.4,7.54,2.65,4.39,6.41
2007-12-17 12:00:00,11.37,0.32,2.96,9.22,2.58,4.3500000000000005,4.84
2007-12-17 13:00:00,10.17,0.89,1.78,9.16,1.85,4.43,5.3500000000000005
2007-12-17 14:00:00,9.39,2.31,1.91,9.19,0.99,2.33,7.86
2007-12-17 15:00:00,9.46,1.61,3.04,6.61,1.28,0.94,9.69
2007-12-17 16:00:00,9.81,1.24,2.62,5.11,1.85,1.75,9.74
2007-12-17 17:00:00,10.01,0.76,4.0,2.57,1.79,2.62,8.38
2007-12-17 18:00:00,7.82,1.95,5.76,2.91,1.92,2.32,7.6
2007-12-17 19:00:00,8.540000000000001,0.6900000000000001,6.47,5.98,2.23,1.13,7.97
2007-12-17 20:00:00,9.14,2.46,7.11,7.140000000000001,2.18,6.5600000000000005,8.43
2007-12-17 21:00:00,8.09,4.25,7.21,7.97,3.84,7.95,10.22
2007-12-17 22:00:00,9.08,3.2,7.31,9.49,3.81,8.370000000000001,9.43
2007-12-17 23:00:00,9.84,5.58,7.930000000000001,9.83,2.5500000000000003,8.41,9.04
2007-12-18 00:00:00,9.8,4.98,8.6,10.18,3.7,8.91,9.0
2007-12-18 01:00:00,9.42,4.3500000000000005,8.5,7.15,3.3000000000000003,9.22,7.74
2007-12-18 02:00:00,9.04,4.03,8.09,5.55,2.51,8.86,7.86
2007-12-18 03:00:00,8.540000000000001,4.54,8.57,3.97,3.84,8.16,7.17
2007-12-18 04:00:00,8.86,4.44,8.96,3.94,4.19,7.21,5.5600000000000005
2007-12-18 05:00:00,9.11,3.98,8.370000000000001,4.1,3.86,7.1000000000000005,7.3
2007-12-18 06:00:00,8.64,5.01,7.72,4.09,5.07,7.140000000000001,6.87
2007-12-18 07:00:00,8.290000000000001,5.88,6.59,4.51,5.36,6.78,8.67
2007-12-18 08:00:00,7.34,6.13,5.96,4.5600000000000005,4.86,6.93,9.17
2007-12-18 09:00:00,7.390000000000001,6.140000000000001,4.47,4.61,5.79,6.09,9.18
2007-12-18 10:00:00,6.41,7.0600000000000005,2.54,5.58,6.04,5.38,8.07
2007-12-18 11:00:00,5.83,7.26,1.78,6.74,5.0200000000000005,3.54,6.11
2007-12-18 12:00:00,4.26,7.66,2.01,5.46,3.59,3.17,6.890000000000001
2007-12-18 13:00:00,4.21,7.930000000000001,1.4,4.89,2.8000000000000003,2.75,6.33
2007-12-18 14:00:00,3.45,7.21,1.88,4.74,2.57,2.07,6.79
2007-12-18 15:00:00,3.38,6.26,1.96,4.83,2.13,1.55,6.86
2007-12-18 16:00:00,4.36,7.79,1.39,4.7700000000000005,1.88,2.73,6.16
2007-12-18 17:00:00,3.37,7.26,1.65,4.76,1.83,2.83,5.74
2007-12-18 18:00:00,2.5500000000000003,10.77,2.88,5.34,1.58,3.4,6.46
2007-12-18 19:00:00,2.93,13.27,7.31,8.58,1.96,7.7,6.62
2007-12-18 20:00:00,3.65,12.15,6.3500000000000005,11.17,1.97,8.68,7.32
2007-12-18 21:00:00,4.44,12.02,5.66,11.71,2.5500000000000003,9.66,7.24
2007-12-18 22:00:00,4.84,11.76,6.04,11.99,2.59,10.36,5.72
2007-12-18 23:00:00,5.51,11.58,7.86,11.92,2.67,10.84,4.45
2007-12-19 00:00:00,7.42,11.37,4.51,9.71,2.99,11.77,8.32
2007-12-19 01:00:00,7.82,9.83,4.5,8.07,3.34,9.97,6.4
2007-12-19 02:00:00,9.59,8.77,4.09,7.31,3.16,11.54,4.86
2007-12-19 03:00:00,9.97,8.07,3.01,8.040000000000001,3.22,8.48,5.11
2007-12-19 04:00:00,11.89,8.08,4.95,6.25,3.52,7.28,5.49
2007-12-19 05:00:00,13.57,8.26,8.26,6.59,3.96,4.72,6.71
2007-12-19 06:00:00,15.08,7.19,2.9,8.26,3.76,5.15,4.29
2007-12-19 07:00:00,15.67,7.5,4.0,9.16,4.53,6.57,5.49
2007-12-19 08:00:00,16.89,6.57,3.56,7.73,5.86,5.5600000000000005,4.49
2007-12-19 09:00:00,17.75,9.31,4.48,11.14,6.3100000000000005,5.37,4.45
2007-12-19 10:00:00,18.64,8.22,5.73,9.25,6.19,5.5200000000000005,5.95
2007-12-19 11:00:00,15.24,9.23,7.63,8.08,7.12,6.59,6.99
2007-12-19 12:00:00,12.85,10.61,10.24,6.0,7.34,4.39,8.52
2007-12-19 13:00:00,10.72,4.28,11.17,7.72,4.44,4.07,9.83
2007-12-19 14:00:00,12.56,5.96,10.17,5.55,4.38,5.25,12.21
2007-12-19 15:00:00,13.21,2.27,10.08,5.71,4.05,5.18,12.23
2007-12-19 16:00:00,9.52,3.25,9.21,5.73,4.32,4.72,9.23
2007-12-19 17:00:00,7.81,1.93,8.28,5.67,4.29,5.49,7.57
2007-12-19 18:00:00,6.46,2.81,8.040000000000001,5.57,4.04,5.07,7.04
2007-12-19 19:00:00,4.67,1.97,8.01,5.34,3.68,4.86,7.140000000000001
2007-12-19 20:00:00,3.16,1.08,7.86,5.26,3.42,5.26,7.82
2007-12-19 21:00:00,2.85,4.0200000000000005,8.05,5.54,3.01,6.03,10.03
2007-12-19 22:00:00,2.33,8.26,8.43,6.04,2.99,6.37,10.0
2007-12-19 23:00:00,2.19,9.07,8.77,6.13,2.72,7.32,9.46
2007-12-20 00:00:00,1.39,10.82,8.89,6.82,2.76,6.34,9.95
2007-12-20 01:00:00,0.5,11.55,8.64,7.47,2.61,5.48,9.89
2007-12-20 02:00:00,0.41,6.97,9.21,7.65,2.32,6.17,9.3
2007-12-20 03:00:00,0.2,12.07,10.19,4.07,3.4,5.75,7.83
2007-12-20 04:00:00,0.24,13.78,11.61,6.2700000000000005,3.5700000000000003,5.61,6.73
2007-12-20 05:00:00,0.52,11.54,11.23,6.65,3.53,5.6000000000000005,7.17
2007-12-20 06:00:00,1.25,5.74,12.5,6.13,3.46,5.15,6.4
2007-12-20 07:00:00,2.46,2.16,13.33,4.21,2.63,3.3000000000000003,7.46
2007-12-20 08:00:00,3.29,3.12,12.02,4.42,1.16,3.38,7.640000000000001
2007-12-20 09:00:00,2.94,3.46,11.23,4.54,1.28,3.26,7.46
2007-12-20 10:00:00,3.67,3.06,11.08,3.78,2.5500000000000003,3.48,8.65
2007-12-20 11:00:00,5.05,3.31,10.93,4.19,3.04,4.82,11.12
2007-12-20 12:00:00,6.41,5.58,11.21,7.07,2.9,6.5600000000000005,12.02
2007-12-20 13:00:00,5.92,12.49,11.62,8.05,2.84,7.61,12.06
2007-12-20 14:00:00,5.88,15.79,11.29,8.97,2.51,7.86,12.4
2007-12-20 15:00:00,5.57,11.08,11.58,8.99,2.24,7.930000000000001,10.78
2007-12-20 16:00:00,4.26,8.59,9.75,7.0200000000000005,2.73,7.91,8.73
2007-12-20 17:00:00,2.98,9.02,9.92,6.61,3.24,7.81,7.09
2007-12-20 18:00:00,1.36,10.8,10.24,6.19,3.23,9.39,7.67
2007-12-20 19:00:00,1.15,7.69,10.64,6.6000000000000005,3.95,9.59,7.88
2007-12-20 20:00:00,1.32,3.15,10.75,10.32,4.55,9.56,8.290000000000001
2007-12-20 21:00:00,2.47,1.62,11.34,13.67,4.76,9.95,9.29
2007-12-20 22:00:00,8.08,4.96,11.61,14.2,4.59,10.69,9.84
2007-12-20 23:00:00,10.97,8.83,10.63,16.47,4.96,11.96,8.69
2007-12-21 00:00:00,12.35,2.53,10.14,16.41,5.37,13.65,9.16
2007-12-21 01:00:00,14.2,4.76,10.45,16.54,6.38,14.69,6.91
2007-12-21 02:00:00,15.83,9.09,11.71,12.67,6.3,15.03,7.24
2007-12-21 03:00:00,17.26,6.97,9.2,13.41,8.13,13.73,7.390000000000001
2007-12-21 04:00:00,17.84,13.44,7.97,13.78,6.42,15.11,4.34
2007-12-21 05:00:00,17.59,20.78,8.2,11.57,7.69,11.92,3.46
2007-12-21 06:00:00,17.76,17.73,7.77,12.18,10.43,8.2,7.3
2007-12-21 07:00:00,15.26,16.12,7.62,12.52,11.36,8.22,6.19
2007-12-21 08:00:00,6.51,13.88,5.15,16.23,10.16,4.88,1.93
2007-12-21 09:00:00,9.05,13.35,1.54,13.83,15.51,5.11,8.92
2007-12-21 10:00:00,11.45,10.88,2.49,16.71,14.13,3.08,12.96
2007-12-21 11:00:00,9.3,9.64,8.27,14.44,14.96,1.46,12.33
2007-12-21 12:00:00,7.04,8.24,5.4,15.87,12.24,1.65,9.81
2007-12-21 13:00:00,7.44,6.99,5.57,14.7,14.88,1.98,10.56
2007-12-21 14:00:00,5.11,6.16,7.61,17.23,13.97,3.06,9.92
2007-12-21 15:00:00,1.92,4.04,6.6000000000000005,17.86,16.42,3.82,10.02
2007-12-21 16:00:00,3.12,2.38,4.4,17.86,13.07,5.78,5.44
2007-12-21 17:00:00,2.71,0.8200000000000001,4.3500000000000005,14.35,14.42,6.69,5.5
2007-12-21 18:00:00,4.03,7.66,3.0,14.86,17.7,5.66,7.78
2007-12-21 19:00:00,4.41,8.59,4.87,14.76,19.07,5.96,6.78
2007-12-21 20:00:00,4.97,5.32,5.08,13.6,18.49,5.88,6.67
2007-12-21 21:00:00,6.45,2.59,6.41,12.74,18.37,5.8,5.46
2007-12-21 22:00:00,5.24,1.55,6.94,11.58,19.07,6.1000000000000005,4.9
2007-12-21 23:00:00,4.2700000000000005,0.27,6.3100000000000005,11.0,19.87,5.97,4.78
2007-12-22 00:00:00,2.47,1.07,7.48,11.57,19.36,6.15,4.64
2007-12-22 01:00:00,2.3000000000000003,2.91,7.5,13.64,18.86,6.99,6.37
2007-12-22 02:00:00,5.68,1.99,7.72,14.87,19.8,6.36,6.3100000000000005
2007-12-22 03:00:00,9.14,2.4,10.36,15.4,19.48,9.69,6.38
2007-12-22 04:00:00,7.88,3.1,8.74,15.12,15.92,9.31,7.48
2007-12-22 05:00:00,7.51,2.5,7.390000000000001,14.62,16.85,9.63,5.07
2007-12-22 06:00:00,7.47,1.98,6.33,16.39,15.05,10.5,3.96
2007-12-22 07:00:00,8.01,4.44,5.03,15.59,14.15,10.73,4.41
2007-12-22 08:00:00,7.44,3.8,5.09,16.23,13.0,10.13,4.19
2007-12-22 09:00:00,6.28,3.96,5.4,16.35,12.81,9.28,4.76
2007-12-22 10:00:00,4.64,2.77,5.48,17.63,12.69,10.39,4.82
2007-12-22 11:00:00,5.2700000000000005,2.66,5.95,18.48,11.89,9.19,4.68
2007-12-22 12:00:00,5.42,2.76,6.5,13.96,10.1,10.7,4.0
2007-12-22 13:00:00,5.22,1.49,5.96,8.58,11.93,9.04,4.7
2007-12-22 14:00:00,6.17,0.51,5.43,9.8,12.85,9.78,6.29
2007-12-22 15:00:00,5.82,0.62,5.13,7.95,10.7,11.23,6.03
2007-12-22 16:00:00,5.26,0.64,6.23,6.95,7.66,9.09,5.22
2007-12-22 17:00:00,5.08,0.64,3.86,5.67,6.390000000000001,8.21,4.54
2007-12-22 18:00:00,5.26,0.65,4.4,7.78,6.86,7.88,4.82
2007-12-22 19:00:00,5.61,0.92,4.82,8.31,4.5200000000000005,7.43,4.4
2007-12-22 20:00:00,5.43,1.33,4.71,7.63,5.42,6.93,4.09
2007-12-22 21:00:00,4.33,1.1,4.74,7.1000000000000005,4.43,6.95,3.85
2007-12-22 22:00:00,4.61,1.38,4.59,4.69,4.55,5.51,3.85
2007-12-22 23:00:00,5.34,1.09,3.99,4.62,4.72,5.2,3.19
2007-12-23 00:00:00,4.62,1.24,4.12,6.13,5.69,5.93,3.06
2007-12-23 01:00:00,4.78,0.94,4.29,7.35,6.890000000000001,5.01,2.6
2007-12-23 02:00:00,3.58,0.78,3.9,3.87,7.59,3.42,2.62
2007-12-23 03:00:00,4.5600000000000005,0.81,2.45,5.36,7.97,2.5,2.71
2007-12-23 04:00:00,4.84,1.19,0.49,3.95,6.5200000000000005,1.95,2.62
2007-12-23 05:00:00,4.24,1.3,0.78,4.1,6.72,1.56,2.59
2007-12-23 06:00:00,3.92,1.17,1.21,4.2,6.83,0.8300000000000001,2.73
2007-12-23 07:00:00,4.74,0.75,0.86,3.63,6.88,0.47,2.73
2007-12-23 08:00:00,5.05,0.98,1.36,3.92,7.62,0.8300000000000001,2.65
2007-12-23 09:00:00,4.61,1.12,0.62,4.5,8.78,0.7000000000000001,1.98
2007-12-23 10:00:00,5.32,0.59,0.68,5.17,8.02,0.76,1.89
2007-12-23 11:00:00,5.82,0.78,0.93,5.22,6.390000000000001,1.11,2.08
2007-12-23 12:00:00,6.71,0.78,0.92,4.95,5.75,1.13,2.34
2007-12-23 13:00:00,6.49,0.67,1.2,5.55,8.040000000000001,1.1,2.35
2007-12-23 14:00:00,7.13,0.73,1.72,6.05,10.0,1.34,2.2
2007-12-23 15:00:00,7.67,0.42,1.85,9.25,9.48,1.35,1.85
2007-12-23 16:00:00,7.03,0.78,1.53,10.92,11.37,1.9,1.74
2007-12-23 17:00:00,6.890000000000001,0.75,0.71,11.88,9.6,1.8,2.27
2007-12-23 18:00:00,9.38,0.88,0.14,12.01,7.55,2.22,2.53
2007-12-23 19:00:00,7.1000000000000005,0.6900000000000001,1.1,12.29,7.47,2.65,2.98
2007-12-23 20:00:00,5.9,0.84,0.85,11.99,6.65,3.78,3.67
2007-12-23 21:00:00,5.2700000000000005,0.63,0.73,13.2,6.86,4.48,3.59
2007-12-23 22:00:00,5.08,0.58,1.91,13.05,6.76,5.15,3.04
2007-12-23 23:00:00,4.99,0.39,2.86,13.14,7.1000000000000005,6.08,2.61
2007-12-24 00:00:00,5.99,0.85,2.29,13.24,7.58,6.34,3.13
2007-12-24 01:00:00,4.96,0.66,4.16,12.17,9.92,5.6000000000000005,3.7
2007-12-24 02:00:00,6.62,1.44,4.61,14.71,10.94,6.26,4.74
2007-12-24 03:00:00,7.92,0.88,4.09,13.04,11.15,5.93,5.08
2007-12-24 04:00:00,8.31,0.28,3.09,14.36,11.35,4.94,4.61
2007-12-24 05:00:00,6.5,1.24,1.39,15.41,10.24,4.79,3.1
2007-12-24 06:00:00,5.63,1.15,1.04,6.26,9.34,3.94,1.88
2007-12-24 07:00:00,6.75,2.04,1.68,5.29,9.14,4.53,1.27
2007-12-24 08:00:00,5.71,2.03,1.93,8.59,8.0,2.58,1.7
2007-12-24 09:00:00,6.1000000000000005,0.93,0.86,7.52,5.76,0.43,1.31
2007-12-24 10:00:00,6.21,2.46,1.57,8.540000000000001,4.55,2.07,0.75
2007-12-24 11:00:00,5.88,0.71,1.48,5.53,4.48,4.21,1.07
2007-12-24 12:00:00,5.07,0.35,0.95,3.12,3.08,3.56,0.79
2007-12-24 13:00:00,4.38,1.07,0.92,2.44,3.4,2.14,1.29
2007-12-24 14:00:00,3.22,1.72,0.55,1.21,2.75,0.78,1.28
2007-12-24 15:00:00,2.9,2.83,0.8200000000000001,1.07,2.35,0.28,2.2
2007-12-24 16:00:00,2.56,3.33,1.17,1.72,0.58,2.13,2.4
2007-12-24 17:00:00,2.23,2.95,1.82,2.97,1.95,2.51,0.32
2007-12-24 18:00:00,1.78,2.8000000000000003,1.43,2.94,2.47,4.5,1.75
2007-12-24 19:00:00,1.17,10.32,2.79,3.31,3.09,5.79,1.76
2007-12-24 20:00:00,0.51,17.46,7.48,4.1,2.68,6.76,1.46
2007-12-24 21:00:00,0.5700000000000001,16.34,9.63,4.18,2.68,7.34,1.27
2007-12-24 22:00:00,0.45,11.37,9.0,4.74,1.26,7.12,5.3100000000000005
2007-12-24 23:00:00,4.15,19.53,9.68,1.86,0.5700000000000001,8.950000000000001,3.96
2007-12-25 00:00:00,6.140000000000001,24.43,12.97,4.5200000000000005,0.78,7.76,3.38
2007-12-25 01:00:00,8.63,21.6,8.84,7.26,0.75,9.67,18.27
2007-12-25 02:00:00,10.66,19.72,1.05,6.38,0.72,8.94,17.48
2007-12-25 03:00:00,13.14,17.98,2.99,9.06,3.58,8.05,20.88
2007-12-25 04:00:00,12.8,16.36,5.75,9.57,6.63,5.4,19.88
2007-12-25 05:00:00,12.31,14.09,8.64,16.96,7.16,8.31,15.45
2007-12-25 06:00:00,4.65,9.92,8.870000000000001,20.66,9.71,8.02,11.61
2007-12-25 07:00:00,4.89,5.15,4.55,23.3,11.86,6.48,6.88
2007-12-25 08:00:00,4.04,7.47,4.75,22.43,15.52,4.34,4.07
2007-12-25 09:00:00,4.5,9.96,5.19,21.18,17.95,9.39,7.3
2007-12-25 10:00:00,5.5600000000000005,10.47,6.72,23.19,19.46,9.09,9.16
2007-12-25 11:00:00,6.4,5.65,9.04,23.6,17.330000000000002,7.98,6.44
2007-12-25 12:00:00,6.53,4.79,12.8,19.75,15.56,8.01,5.28
2007-12-25 13:00:00,4.23,3.51,12.47,19.39,16.79,9.17,5.66
2007-12-25 14:00:00,3.74,1.69,13.07,20.86,17.96,7.0200000000000005,7.45
2007-12-25 15:00:00,7.46,2.27,8.73,20.31,21.84,8.43,8.08
2007-12-25 16:00:00,8.13,3.22,10.55,18.15,20.33,8.47,7.47
2007-12-25 17:00:00,8.51,2.44,8.5,15.71,18.71,9.44,5.91
2007-12-25 18:00:00,5.95,1.38,8.15,15.33,19.44,9.15,7.68
2007-12-25 19:00:00,6.44,0.93,7.83,13.16,19.51,7.95,7.35
2007-12-25 20:00:00,4.73,1.26,7.22,11.98,18.62,7.15,6.01
2007-12-25 21:00:00,4.94,1.25,6.2700000000000005,12.0,21.81,5.8100000000000005,5.6000000000000005
2007-12-25 22:00:00,5.45,1.15,5.24,11.49,18.03,6.0,4.96
2007-12-25 23:00:00,4.26,2.13,4.75,10.33,14.89,6.0200000000000005,3.51
2007-12-26 00:00:00,3.85,1.52,3.37,8.78,16.82,6.82,2.18
2007-12-26 01:00:00,3.06,1.68,4.18,5.78,14.99,6.13,1.43
2007-12-26 02:00:00,2.36,2.67,3.86,0.56,11.84,4.99,1.11
2007-12-26 03:00:00,2.46,3.47,2.7,1.32,12.62,3.69,0.27
2007-12-26 04:00:00,3.49,4.66,0.85,0.67,11.54,2.57,0.67
2007-12-26 05:00:00,2.67,4.07,1.84,0.86,10.1,1.81,1.73
2007-12-26 06:00:00,1.43,1.49,2.66,1.46,9.85,0.61,2.15
2007-12-26 07:00:00,1.61,1.75,2.01,2.02,11.73,0.84,2.39
2007-12-26 08:00:00,0.68,2.78,1.37,2.71,8.45,1.11,1.86
2007-12-26 09:00:00,0.88,3.2,1.25,3.12,6.08,0.6900000000000001,1.4
2007-12-26 10:00:00,1.39,3.5,1.37,3.99,5.87,2.81,0.96
2007-12-26 11:00:00,4.51,4.61,2.56,3.92,3.5700000000000003,6.63,0.94
2007-12-26 12:00:00,6.2,6.84,8.72,3.2,1.43,8.71,1.54
2007-12-26 13:00:00,6.62,6.84,8.42,4.44,3.71,8.63,4.37
2007-12-26 14:00:00,6.97,5.64,15.59,5.78,5.46,8.36,8.290000000000001
2007-12-26 15:00:00,6.74,7.25,16.03,6.49,4.94,10.92,9.32
2007-12-26 16:00:00,8.19,6.71,14.14,6.7700000000000005,4.69,11.55,9.55
2007-12-26 17:00:00,12.2,11.26,14.19,7.69,4.32,11.11,10.12
2007-12-26 18:00:00,13.72,15.22,11.36,6.5200000000000005,4.16,12.69,5.8100000000000005
2007-12-26 19:00:00,15.42,17.0,10.29,4.9,4.23,12.06,6.05
2007-12-26 20:00:00,14.98,19.09,11.9,5.2700000000000005,4.57,11.15,7.92
2007-12-26 21:00:00,14.55,19.98,10.39,8.35,4.62,11.6,8.77
2007-12-26 22:00:00,14.5,21.06,9.64,8.94,5.17,12.18,10.27
2007-12-26 23:00:00,15.28,19.39,8.94,9.1,5.17,12.37,10.66
2007-12-27 00:00:00,16.44,20.8,10.84,10.21,5.32,12.15,7.9
2007-12-27 01:00:00,16.41,20.8,9.19,10.79,5.83,12.62,3.52
2007-12-27 02:00:00,17.67,20.56,10.79,7.19,4.21,9.88,2.99
2007-12-27 03:00:00,20.69,19.97,6.03,15.69,3.61,7.83,1.67
2007-12-27 04:00:00,21.12,17.85,1.88,16.240000000000002,7.0,7.29,6.78
2007-12-27 05:00:00,22.41,14.31,0.8300000000000001,18.31,9.1,6.13,8.31
2007-12-27 06:00:00,15.07,10.92,2.56,16.35,10.75,4.04,12.52
2007-12-27 07:00:00,11.53,11.73,1.72,17.23,14.61,3.81,9.28
2007-12-27 08:00:00,9.1,11.35,1.81,19.67,15.08,4.53,4.3
2007-12-27 09:00:00,6.26,8.18,3.17,20.9,17.1,9.39,10.84
2007-12-27 10:00:00,8.19,8.52,3.64,21.55,17.16,10.41,11.03
2007-12-27 11:00:00,11.99,9.31,3.06,21.1,16.67,11.25,10.54
2007-12-27 12:00:00,14.19,6.3,4.58,19.29,16.93,10.35,9.56
2007-12-27 13:00:00,14.42,6.75,3.54,16.03,14.92,9.93,6.73
2007-12-27 14:00:00,11.19,6.48,3.36,14.7,15.71,7.07,6.78
2007-12-27 15:00:00,8.67,6.88,2.67,16.12,15.46,3.77,4.91
2007-12-27 16:00:00,6.92,4.48,2.82,14.97,14.78,5.49,7.04
2007-12-27 17:00:00,3.5500000000000003,7.97,1.94,11.67,14.68,6.6000000000000005,8.73
2007-12-27 18:00:00,7.59,7.15,4.96,8.52,13.31,5.98,7.61
2007-12-27 19:00:00,8.58,2.1,5.95,8.25,12.7,6.16,5.2
2007-12-27 20:00:00,6.82,0.48,6.42,7.24,12.53,5.74,4.21
2007-12-27 21:00:00,5.88,0.52,6.26,6.13,11.89,4.99,3.53
2007-12-27 22:00:00,4.64,0.7000000000000001,4.44,5.4,11.93,4.1,2.53
2007-12-27 23:00:00,3.74,2.12,3.2,4.01,11.85,2.58,2.51
2007-12-28 00:00:00,2.91,3.82,3.33,1.83,11.1,2.76,3.92
2007-12-28 01:00:00,2.83,4.71,4.5,0.67,11.77,1.23,2.92
2007-12-28 02:00:00,1.97,3.58,2.51,1.08,12.37,1.28,1.11
2007-12-28 03:00:00,2.6,1.99,1.65,1.52,12.27,1.52,0.62
2007-12-28 04:00:00,2.87,1.89,4.67,1.11,11.52,1.6,1.15
2007-12-28 05:00:00,3.23,4.55,4.53,2.19,9.6,1.84,1.66
2007-12-28 06:00:00,3.12,5.84,4.44,2.14,10.83,1.52,1.41
2007-12-28 07:00:00,3.86,1.42,3.38,2.51,8.120000000000001,1.15,2.31
2007-12-28 08:00:00,3.58,5.07,1.79,2.64,9.08,1.34,0.9
2007-12-28 09:00:00,2.12,1.17,1.93,2.65,8.17,0.51,0.87
2007-12-28 10:00:00,2.12,1.48,1.96,3.4,6.99,0.35,2.17
2007-12-28 11:00:00,0.47,1.56,5.78,3.38,6.4,1.15,0.85
2007-12-28 12:00:00,1.32,2.24,7.52,3.28,6.0,4.87,1.0
2007-12-28 13:00:00,3.44,4.08,6.73,3.09,4.72,7.04,1.28
2007-12-28 14:00:00,4.3100000000000005,5.84,6.33,2.82,4.59,6.67,2.32
2007-12-28 15:00:00,4.3500000000000005,5.26,9.38,2.39,3.99,5.24,1.21
2007-12-28 16:00:00,4.37,4.21,10.92,2.18,1.76,5.62,1.86
2007-12-28 17:00:00,2.87,1.75,10.33,1.11,1.21,5.76,2.26
2007-12-28 18:00:00,0.72,0.95,9.28,1.46,1.23,5.59,6.93
2007-12-28 19:00:00,1.84,1.34,9.51,1.86,1.74,6.83,7.640000000000001
2007-12-28 20:00:00,3.0,9.91,9.97,1.98,1.4,7.11,8.6
2007-12-28 21:00:00,2.43,13.02,9.74,1.61,1.63,7.930000000000001,8.22
2007-12-28 22:00:00,4.28,14.07,8.75,1.69,1.5,7.57,7.46
2007-12-28 23:00:00,6.18,15.05,8.45,2.27,1.3,8.89,6.08
2007-12-29 00:00:00,6.54,15.35,9.32,3.88,1.22,7.87,5.58
2007-12-29 01:00:00,4.98,15.67,9.72,5.65,0.75,7.58,6.72
2007-12-29 02:00:00,5.42,15.48,11.74,4.26,0.67,6.83,8.56
2007-12-29 03:00:00,5.41,16.29,12.31,4.16,0.35,6.63,7.61
2007-12-29 04:00:00,3.91,16.73,12.11,4.24,0.85,5.91,4.82
2007-12-29 05:00:00,2.66,15.92,11.45,3.96,0.98,5.47,2.5500000000000003
2007-12-29 06:00:00,2.47,14.97,10.83,1.42,0.89,5.73,1.72
2007-12-29 07:00:00,1.49,12.38,10.6,2.05,0.28,5.5200000000000005,1.3
2007-12-29 08:00:00,1.8,9.95,9.74,1.59,0.56,5.28,1.39
2007-12-29 09:00:00,1.53,10.74,9.46,1.46,1.73,5.82,2.45
2007-12-29 10:00:00,1.59,10.87,7.79,1.43,2.49,6.38,4.65
2007-12-29 11:00:00,1.03,9.45,3.27,1.45,2.5500000000000003,6.32,6.9
2007-12-29 12:00:00,1.45,4.72,2.04,1.73,2.19,6.09,7.24
2007-12-29 13:00:00,1.53,0.93,1.54,1.84,2.35,5.75,6.11
2007-12-29 14:00:00,1.0,2.05,1.7,1.73,2.27,5.79,5.87
2007-12-29 15:00:00,0.98,1.87,3.76,1.81,1.83,5.22,6.29
2007-12-29 16:00:00,0.46,2.31,3.7,1.76,1.5,6.94,8.02
2007-12-29 17:00:00,0.55,1.29,2.73,1.4,1.21,5.68,7.46
2007-12-29 18:00:00,0.62,1.6,1.68,1.36,1.31,5.21,6.2
2007-12-29 19:00:00,0.4,2.1,6.88,1.5,1.52,5.44,1.44
2007-12-29 20:00:00,0.78,2.49,7.930000000000001,1.53,1.88,6.01,2.84
2007-12-29 21:00:00,0.66,1.39,9.49,1.4,2.01,5.61,4.8500000000000005
2007-12-29 22:00:00,1.14,10.33,8.700000000000001,1.18,2.87,8.67,4.68
2007-12-29 23:00:00,1.53,12.43,6.3100000000000005,0.5700000000000001,2.89,9.53,8.1
2007-12-30 00:00:00,1.39,13.08,6.23,1.25,2.8000000000000003,10.04,9.73
2007-12-30 01:00:00,3.4,14.17,8.5,1.99,2.66,7.640000000000001,8.65
2007-12-30 02:00:00,5.21,13.3,10.26,1.89,3.23,6.0600000000000005,6.92
2007-12-30 03:00:00,6.11,11.84,10.17,2.38,3.16,7.44,6.7
2007-12-30 04:00:00,6.57,7.3,11.1,2.04,3.08,6.99,8.41
2007-12-30 05:00:00,6.62,2.44,10.96,1.73,2.98,6.6000000000000005,9.47
2007-12-30 06:00:00,7.33,4.14,9.18,1.7,2.56,6.74,9.63
2007-12-30 07:00:00,8.040000000000001,3.99,11.61,1.87,2.5,6.5,8.68
2007-12-30 08:00:00,7.930000000000001,3.17,11.62,1.83,2.33,6.92,7.94
2007-12-30 09:00:00,7.49,3.04,10.58,1.76,2.07,6.74,9.79
2007-12-30 10:00:00,7.43,2.79,12.93,1.87,2.08,6.41,13.81
2007-12-30 11:00:00,7.35,2.61,10.63,2.04,2.44,7.43,16.68
2007-12-30 12:00:00,6.74,3.45,7.96,1.95,2.08,8.63,15.09
2007-12-30 13:00:00,7.05,2.31,7.68,2.01,1.42,9.21,14.16
2007-12-30 14:00:00,7.66,2.22,10.64,2.17,1.27,8.86,8.44
2007-12-30 15:00:00,7.68,2.4,11.63,2.44,1.11,7.930000000000001,3.85
2007-12-30 16:00:00,9.86,2.24,7.7,1.71,0.96,9.89,9.06
2007-12-30 17:00:00,8.13,2.12,5.59,1.04,0.85,10.35,10.28
2007-12-30 18:00:00,3.0500000000000003,1.02,6.44,0.5700000000000001,0.8300000000000001,10.11,9.65
2007-12-30 19:00:00,0.71,4.62,6.8100000000000005,0.51,1.1,9.28,8.120000000000001
2007-12-30 20:00:00,0.61,9.67,6.99,0.26,0.8300000000000001,8.26,6.95
2007-12-30 21:00:00,1.94,11.68,7.51,0.53,1.72,8.91,6.75
2007-12-30 22:00:00,2.79,13.18,7.640000000000001,0.71,1.41,8.22,8.1
2007-12-30 23:00:00,3.34,4.41,7.61,1.5,1.45,7.49,8.8
2007-12-31 00:00:00,5.25,4.08,8.76,2.59,1.85,6.38,6.0200000000000005
2007-12-31 01:00:00,7.36,2.3000000000000003,7.4,1.71,2.62,5.3500000000000005,2.83
2007-12-31 02:00:00,6.63,2.73,4.32,1.79,3.03,5.78,2.44
2007-12-31 03:00:00,4.42,3.21,3.46,2.72,3.99,5.5200000000000005,2.35
2007-12-31 04:00:00,4.69,4.51,1.85,6.58,4.12,4.36,5.71
2007-12-31 05:00:00,4.2700000000000005,8.52,2.81,9.07,4.57,2.72,3.96
2007-12-31 06:00:00,4.16,5.72,3.03,8.89,6.74,1.89,8.48
2007-12-31 07:00:00,3.78,3.22,5.12,8.91,7.83,0.33,9.87
2007-12-31 08:00:00,3.0700000000000003,3.13,6.28,9.23,8.2,1.99,7.79
2007-12-31 09:00:00,2.66,2.07,6.140000000000001,9.11,7.76,3.45,8.58
2007-12-31 10:00:00,3.25,1.88,5.05,11.36,8.28,4.59,7.92
2007-12-31 11:00:00,3.97,0.99,5.97,13.49,8.98,11.02,6.6000000000000005
2007-12-31 12:00:00,5.45,0.49,6.07,14.71,9.67,9.28,7.49
2007-12-31 13:00:00,5.57,0.22,6.37,16.47,8.790000000000001,10.4,7.41
2007-12-31 14:00:00,4.54,0.5,7.17,16.76,10.16,10.76,8.5
2007-12-31 15:00:00,5.11,0.53,6.51,16.13,9.74,10.56,7.38
2007-12-31 16:00:00,5.21,0.54,5.62,16.06,8.96,10.97,5.39
2007-12-31 17:00:00,5.18,1.4,5.08,15.55,7.61,10.66,4.93
2007-12-31 18:00:00,6.0,0.65,5.08,15.24,7.54,10.58,5.79
2007-12-31 19:00:00,5.71,0.62,5.64,15.33,8.05,11.72,5.92
2007-12-31 20:00:00,6.51,2.24,7.54,15.82,8.56,11.51,6.94
2007-12-31 21:00:00,5.28,2.12,7.85,15.44,8.72,12.0,7.16
2007-12-31 22:00:00,6.61,3.62,7.77,15.25,8.370000000000001,13.2,7.44
2007-12-31 23:00:00,6.79,5.33,7.640000000000001,15.81,8.26,13.84,8.22
